		     \||||||||||||||||||/
		   --- Welcome to Maude ---
		     /||||||||||||||||||\
	     Maude 3.5 built: Sep 25 2024 12:00:00
	     Copyright 1997-2024 SRI International
		   Sun Aug 16 20:43:55 2026
Warning: "smc_cp3-refactored.maude", line 140 (mod SMC_CP3): multiple distinct
    parses for statement
eq sumDiff (F F' FL) = (F' - F) + sumDiff (F' FL) .
Warning: "smc_cp3-refactored.maude", line 145 (mod SMC_CP3): multiple distinct
    parses for statement
eq avgDiff (FL) = if (len (FL) == 1) then 0.0 else sumDiff (FL) / float (len (
    FL) - 1) fi .
Warning: "smc_cp3-refactored.maude", line 150 (mod SMC_CP3): multiple distinct
    parses for statement
eq sumSquaredDiff (F FL, F') = (F - F') * (F - F') + sumSquaredDiff (FL, F') .
Warning: "smc_cp3-refactored.maude", line 225 (mod SMC_CP3): multiple distinct
    parses for statement
eq compLatency (Tsent, Trcvd) = Trcvd - Tsent .
Warning: "smc_cp3-refactored.maude", line 291 (mod SMC_CP3): multiple distinct
    parses for statement
eq getGoodput (< ADDR : IrcMonitor | msgRcvd: ircMTL, attrs >, Tstart, Tend) =
    collectGoodput (filterWindow (ircMTL, Tstart, Tend), Tstart, Tend) * 8.0 /
    (Tend - Tstart) .
Warning: "smc_cp3-refactored.maude", line 381 (mod SMC_CP3): multiple distinct
    parses for statement
eq normMED (NL, NL') = if max (lenMsgIdList (NL), lenMsgIdList (NL')) == 0 then
    1.0 else 1.0 - (float (med (NL, NL')) / float (max (lenMsgIdList (NL),
    lenMsgIdList (NL')))) fi .
Warning: "smc_cp3-refactored.maude", line 500 (mod SMC_CP3): multiple distinct
    parses for statement
eq getMTBF (< ADDR : IrcMonitor | msgSent: ircMTL, msgRcvd: ircMTL', attrs >,
    Tn, Tstart, Tend) = getMTBFAux (filterWindow (ircMTL, Tstart - Tn, Tend +
    Tn), filterWindow (ircMTL', Tstart - Tn, Tend + Tn), Tn, Tstart, Tend) .
Warning: "smc_cp3-refactored.maude", line 560 (mod SMC_CP3): multiple distinct
    parses for statement
eq KsDistanceX (F FL, nil, I, J, invN, invN', D) = max2 (D, abs ((float (I) *
    invN) - 1.0)) .
Warning: "smc_cp3-refactored.maude", line 561 (mod SMC_CP3): multiple distinct
    parses for statement
eq KsDistanceX (nil, F' FL', I, J, invN, invN', D) = max2 (D, abs (1.0 - (float
    (J) * invN'))) .
Warning: "smc_cp3-refactored.maude", line 563 (mod SMC_CP3): multiple distinct
    parses for statement
ceq KsDistanceX (F FL, F' FL', I, J, invN, invN', D) = KsDistanceX (FL1, FL2, I
    + C1, J + C2, invN, invN', max2 (D, abs ((float (I + C1) * invN) - (float (
    J + C2) * invN')))) if F == F' /\ prefix (C1, FL1) := skipEqPrefix (F, F
    FL) /\ prefix (C2, FL2) := skipEqPrefix (F', F' FL') .
Warning: "smc_cp3-refactored.maude", line 569 (mod SMC_CP3): multiple distinct
    parses for statement
ceq KsDistanceX (F FL, F' FL', I, J, invN, invN', D) = KsDistanceX (FL, F' FL',
    I + 1, J, invN, invN', max2 (D, abs ((float (I + 1) * invN) - (float (J) *
    invN')))) if F < F' .
Warning: "smc_cp3-refactored.maude", line 573 (mod SMC_CP3): multiple distinct
    parses for statement
ceq KsDistanceX (F FL, F' FL', I, J, invN, invN', D) = KsDistanceX (F FL, FL',
    I, J + 1, invN, invN', max2 (D, abs ((float (I) * invN) - (float (J + 1) *
    invN')))) if F > F' .
Warning: "smc_cp3-refactored.maude", line 583 (mod SMC_CP3): multiple distinct
    parses for statement
eq KsStatisticZ (FL, FL', K) = KsDistance (FL, FL') - K .
Warning: "smc_cp3-refactored.maude", line 679 (mod SMC_CP3): multiple distinct
    parses for statement
eq compObsFeatureX (vp, dnsQueryRate, Fid, TOL, Tstart, Tend) = float (
    countDNSQuery (vp, Fid, TOL, Tstart, Tend)) / (Tend - Tstart) .
Warning: "smc_cp3-refactored.maude", line 693 (mod SMC_CP3): multiple distinct
    parses for statement
eq compObsFeatureX (vp, tcpUpRate, Fid, TOL, Tstart, Tend) = float (
    sizeTCPUpload (vp, Fid, TOL, Tstart, Tend)) / (Tend - Tstart) .
Warning: "smc_cp3-refactored.maude", line 695 (mod SMC_CP3): multiple distinct
    parses for statement
eq compObsFeatureX (vp, tcpDownRate, Fid, TOL, Tstart, Tend) = float (
    sizeTCPDownload (vp, Fid, TOL, Tstart, Tend)) / (Tend - Tstart) .
Warning: "smc_cp3-refactored.maude", line 703 (mod SMC_CP3): multiple distinct
    parses for statement
eq compObsFeatureX (vp, tcpOutPktRate, Fid, TOL, Tstart, Tend) = float (
    countTCPOutPkt (vp, Fid, TOL, Tstart, Tend)) / (Tend - Tstart) .
Warning: "smc_cp3-refactored.maude", line 705 (mod SMC_CP3): multiple distinct
    parses for statement
eq compObsFeatureX (vp, tcpInPktRate, Fid, TOL, Tstart, Tend) = float (
    countTCPInPkt (vp, Fid, TOL, Tstart, Tend)) / (Tend - Tstart) .
Warning: "smc_cp3-refactored.maude", line 724 (mod SMC_CP3): multiple distinct
    parses for statement
eq compObsFeatureX (vp, dnsQueryRate, TOL, Tstart, Tend) = float (countDNSQuery
    (vp, TOL, Tstart, Tend)) / (Tend - Tstart) .
Warning: "smc_cp3-refactored.maude", line 738 (mod SMC_CP3): multiple distinct
    parses for statement
eq compObsFeatureX (vp, tcpUpRate, TOL, Tstart, Tend) = float (sizeTCPUpload (
    vp, TOL, Tstart, Tend)) / (Tend - Tstart) .
Warning: "smc_cp3-refactored.maude", line 740 (mod SMC_CP3): multiple distinct
    parses for statement
eq compObsFeatureX (vp, tcpDownRate, TOL, Tstart, Tend) = float (
    sizeTCPDownload (vp, TOL, Tstart, Tend)) / (Tend - Tstart) .
Warning: "smc_cp3-refactored.maude", line 748 (mod SMC_CP3): multiple distinct
    parses for statement
eq compObsFeatureX (vp, tcpOutPktRate, TOL, Tstart, Tend) = float (
    countTCPOutPkt (vp, TOL, Tstart, Tend)) / (Tend - Tstart) .
Warning: "smc_cp3-refactored.maude", line 750 (mod SMC_CP3): multiple distinct
    parses for statement
eq compObsFeatureX (vp, tcpInPktRate, TOL, Tstart, Tend) = float (countTCPInPkt
    (vp, TOL, Tstart, Tend)) / (Tend - Tstart) .
Warning: "smc_cp3-refactored.maude", line 911 (mod SMC_CP3): multiple distinct
    parses for statement
ceq expectedKObsFeature (vp, obsF, baselineCDF, binECDFs, T, Tend, winSize,
    binSize, Ksum, N) = if KD >= 0.0 then expectedKObsFeature (vp, obsF,
    baselineCDF, binECDFs, T + binSize, Tend, winSize, binSize, Ksum + KD, N +
    1) else expectedKObsFeature (vp, obsF, baselineCDF, binECDFs, T + binSize,
    Tend, winSize, binSize, Ksum, N) fi if (T + winSize) <= (Tend + Tesp) /\
    ECDF := sort (getECDFObsFeatureRange (binECDFs, floor (rat (T / binSize)),
    (floor (rat (T / binSize)) + floor (rat (winSize / binSize))) - 1)) /\ KD
    := KsDistance (baselineCDF, ECDF) .
Warning: "smc_cp3-refactored.maude", line 1079 (mod SMC_CP3): multiple distinct
    parses for statement
eq getCUSUMZt (< ADDR : Adversary | gt: (bl (vp, obsF, K, Zt) :; blList), attrs
    >, vp, obsF, Tstart, Tend, winSize, binSize) = cusumRange (Zt, floor (rat (
    Tstart / binSize)), floor (rat ((Tend - winSize) / binSize))) .
==========================================
rewrite in HCS-TEST-BASELINE-TCPOUTPKTRATE-SRVN : run((initState(counter) [
    tgenDelay, to baseLineAddr from baseLineAddr : initBase, 0]) 
{0.0 |
nil}, slimit) .
rewrites: 74483453940 in 9033638ms cpu (9286836ms real) (8245122
    rewrites/second)
result Actor: 
< baseLineAddr : BaseLineMonitor | viewPts: srvN, features: tcpOutPktRate,
    baseLine: bl(srvN, tcpOutPktRate, 5.0664143259599237e-1,
    5.9999999999999998e-1 5.9999999999999998e-1 5.9999999999999998e-1
    5.9999999999999998e-1 5.9999999999999998e-1 5.9999999999999998e-1
    5.9999999999999998e-1 5.9999999999999998e-1 5.9999999999999998e-1
    5.9999999999999998e-1 5.9999999999999998e-1 5.9999999999999998e-1
    5.9999999999999998e-1 5.9999999999999998e-1 5.9999999999999998e-1
    5.9999999999999998e-1 5.9999999999999998e-1 5.9999999999999998e-1
    5.9999999999999998e-1 5.9999999999999998e-1 5.9999999999999998e-1
    5.9999999999999998e-1 5.9999999999999998e-1 5.9999999999999998e-1
    5.9999999999999998e-1 5.9999999999999998e-1 5.9999999999999998e-1
    5.9999999999999998e-1 5.9999999999999998e-1 5.9999999999999998e-1
    5.9999999999999998e-1 5.9999999999999998e-1 5.9999999999999998e-1
    5.9999999999999998e-1 5.9999999999999998e-1 5.9999999999999998e-1
    5.9999999999999998e-1 5.9999999999999998e-1 5.9999999999999998e-1
    5.9999999999999998e-1 5.9999999999999998e-1 5.9999999999999998e-1
    5.9999999999999998e-1 5.9999999999999998e-1 5.9999999999999998e-1
    5.9999999999999998e-1 5.9999999999999998e-1 5.9999999999999998e-1
    5.9999999999999998e-1 5.9999999999999998e-1 5.9999999999999998e-1
    5.9999999999999998e-1 5.9999999999999998e-1 5.9999999999999998e-1
    5.9999999999999998e-1 5.9999999999999998e-1 5.9999999999999998e-1
    5.9999999999999998e-1 5.9999999999999998e-1 5.9999999999999998e-1
    5.9999999999999998e-1 5.9999999999999998e-1 5.9999999999999998e-1
    5.9999999999999998e-1 5.9999999999999998e-1 5.9999999999999998e-1
    5.9999999999999998e-1 5.9999999999999998e-1 5.9999999999999998e-1
    5.9999999999999998e-1 5.9999999999999998e-1 5.9999999999999998e-1
    5.9999999999999998e-1 5.9999999999999998e-1 5.9999999999999998e-1
    5.9999999999999998e-1 5.9999999999999998e-1 5.9999999999999998e-1
    5.9999999999999998e-1 5.9999999999999998e-1 5.9999999999999998e-1
    5.9999999999999998e-1 5.9999999999999998e-1 5.9999999999999998e-1
    5.9999999999999998e-1 5.9999999999999998e-1 5.9999999999999998e-1
    5.9999999999999998e-1 5.9999999999999998e-1 5.9999999999999998e-1
    5.9999999999999998e-1 5.9999999999999998e-1 5.9999999999999998e-1
    5.9999999999999998e-1 5.9999999999999998e-1 5.9999999999999998e-1
    5.9999999999999998e-1 5.9999999999999998e-1 5.9999999999999998e-1
    5.9999999999999998e-1 5.9999999999999998e-1 5.9999999999999998e-1
    5.9999999999999998e-1 5.9999999999999998e-1 5.9999999999999998e-1
    5.9999999999999998e-1 5.9999999999999998e-1 5.9999999999999998e-1
    5.9999999999999998e-1 5.9999999999999998e-1 5.9999999999999998e-1
    5.9999999999999998e-1 5.9999999999999998e-1 5.9999999999999998e-1
    5.9999999999999998e-1 5.9999999999999998e-1 5.9999999999999998e-1
    5.9999999999999998e-1 5.9999999999999998e-1 5.9999999999999998e-1
    5.9999999999999998e-1 5.9999999999999998e-1 5.9999999999999998e-1
    5.9999999999999998e-1 5.9999999999999998e-1 5.9999999999999998e-1
    5.9999999999999998e-1 5.9999999999999998e-1 5.9999999999999998e-1
    5.9999999999999998e-1 5.9999999999999998e-1 5.9999999999999998e-1
    5.9999999999999998e-1 5.9999999999999998e-1 5.9999999999999998e-1
    5.9999999999999998e-1 5.9999999999999998e-1 5.9999999999999998e-1
    5.9999999999999998e-1 5.9999999999999998e-1 5.9999999999999998e-1
    5.9999999999999998e-1 5.9999999999999998e-1 5.9999999999999998e-1
    5.9999999999999998e-1 5.9999999999999998e-1 5.9999999999999998e-1
    5.9999999999999998e-1 5.9999999999999998e-1 5.9999999999999998e-1
    5.9999999999999998e-1 5.9999999999999998e-1 5.9999999999999998e-1
    5.9999999999999998e-1 5.9999999999999998e-1 5.9999999999999998e-1
    5.9999999999999998e-1 5.9999999999999998e-1 5.9999999999999998e-1
    5.9999999999999998e-1 5.9999999999999998e-1 5.9999999999999998e-1
    5.9999999999999998e-1 5.9999999999999998e-1 5.9999999999999998e-1
    5.9999999999999998e-1 5.9999999999999998e-1 5.9999999999999998e-1
    5.9999999999999998e-1 5.9999999999999998e-1 5.9999999999999998e-1
    5.9999999999999998e-1 5.9999999999999998e-1 5.9999999999999998e-1
    5.9999999999999998e-1 5.9999999999999998e-1 5.9999999999999998e-1
    5.9999999999999998e-1 5.9999999999999998e-1 5.9999999999999998e-1
    5.9999999999999998e-1 5.9999999999999998e-1 5.9999999999999998e-1
    5.9999999999999998e-1 5.9999999999999998e-1 5.9999999999999998e-1
    5.9999999999999998e-1 5.9999999999999998e-1 5.9999999999999998e-1
    5.9999999999999998e-1 5.9999999999999998e-1 5.9999999999999998e-1
    5.9999999999999998e-1 5.9999999999999998e-1 5.9999999999999998e-1
    5.9999999999999998e-1 5.9999999999999998e-1 5.9999999999999998e-1
    5.9999999999999998e-1 5.9999999999999998e-1 5.9999999999999998e-1
    5.9999999999999998e-1 5.9999999999999998e-1 5.9999999999999998e-1
    5.9999999999999998e-1 5.9999999999999998e-1 5.9999999999999998e-1
    5.9999999999999998e-1 5.9999999999999998e-1 5.9999999999999998e-1
    5.9999999999999998e-1 5.9999999999999998e-1 5.9999999999999998e-1
    5.9999999999999998e-1 5.9999999999999998e-1 5.9999999999999998e-1
    5.9999999999999998e-1 5.9999999999999998e-1 5.9999999999999998e-1
    5.9999999999999998e-1 5.9999999999999998e-1 5.9999999999999998e-1
    5.9999999999999998e-1 5.9999999999999998e-1 5.9999999999999998e-1
    5.9999999999999998e-1 5.9999999999999998e-1 5.9999999999999998e-1
    5.9999999999999998e-1 5.9999999999999998e-1 5.9999999999999998e-1
    5.9999999999999998e-1 5.9999999999999998e-1 5.9999999999999998e-1
    5.9999999999999998e-1 5.9999999999999998e-1 5.9999999999999998e-1
    5.9999999999999998e-1 5.9999999999999998e-1 5.9999999999999998e-1
    5.9999999999999998e-1 5.9999999999999998e-1 5.9999999999999998e-1
    5.9999999999999998e-1 5.9999999999999998e-1 5.9999999999999998e-1
    5.9999999999999998e-1 5.9999999999999998e-1 5.9999999999999998e-1
    5.9999999999999998e-1 5.9999999999999998e-1 5.9999999999999998e-1
    5.9999999999999998e-1 5.9999999999999998e-1 5.9999999999999998e-1
    5.9999999999999998e-1 5.9999999999999998e-1 5.9999999999999998e-1
    5.9999999999999998e-1 5.9999999999999998e-1 5.9999999999999998e-1
    5.9999999999999998e-1 5.9999999999999998e-1 5.9999999999999998e-1
    5.9999999999999998e-1 5.9999999999999998e-1 5.9999999999999998e-1
    5.9999999999999998e-1 5.9999999999999998e-1 5.9999999999999998e-1
    5.9999999999999998e-1 5.9999999999999998e-1 5.9999999999999998e-1
    5.9999999999999998e-1 5.9999999999999998e-1 5.9999999999999998e-1
    5.9999999999999998e-1 5.9999999999999998e-1 5.9999999999999998e-1
    5.9999999999999998e-1 5.9999999999999998e-1 5.9999999999999998e-1
    5.9999999999999998e-1 5.9999999999999998e-1 5.9999999999999998e-1
    5.9999999999999998e-1 5.9999999999999998e-1 5.9999999999999998e-1
    5.9999999999999998e-1 5.9999999999999998e-1 5.9999999999999998e-1
    5.9999999999999998e-1 5.9999999999999998e-1 5.9999999999999998e-1
    5.9999999999999998e-1 5.9999999999999998e-1 5.9999999999999998e-1
    5.9999999999999998e-1 5.9999999999999998e-1 5.9999999999999998e-1
    5.9999999999999998e-1 5.9999999999999998e-1 5.9999999999999998e-1
    5.9999999999999998e-1 5.9999999999999998e-1 5.9999999999999998e-1
    5.9999999999999998e-1 5.9999999999999998e-1 5.9999999999999998e-1
    5.9999999999999998e-1 5.9999999999999998e-1 5.9999999999999998e-1
    5.9999999999999998e-1 5.9999999999999998e-1 5.9999999999999998e-1
    5.9999999999999998e-1 5.9999999999999998e-1 5.9999999999999998e-1
    5.9999999999999998e-1 5.9999999999999998e-1 5.9999999999999998e-1
    5.9999999999999998e-1 5.9999999999999998e-1 5.9999999999999998e-1
    5.9999999999999998e-1 5.9999999999999998e-1 5.9999999999999998e-1
    5.9999999999999998e-1 5.9999999999999998e-1 5.9999999999999998e-1
    5.9999999999999998e-1 5.9999999999999998e-1 5.9999999999999998e-1
    5.9999999999999998e-1 5.9999999999999998e-1 5.9999999999999998e-1
    5.9999999999999998e-1 5.9999999999999998e-1 5.9999999999999998e-1
    5.9999999999999998e-1 5.9999999999999998e-1 5.9999999999999998e-1
    5.9999999999999998e-1 5.9999999999999998e-1 5.9999999999999998e-1
    5.9999999999999998e-1 5.9999999999999998e-1 5.9999999999999998e-1
    5.9999999999999998e-1 5.9999999999999998e-1 5.9999999999999998e-1
    5.9999999999999998e-1 5.9999999999999998e-1 5.9999999999999998e-1
    5.9999999999999998e-1 5.9999999999999998e-1 5.9999999999999998e-1
    5.9999999999999998e-1 5.9999999999999998e-1 5.9999999999999998e-1
    5.9999999999999998e-1 5.9999999999999998e-1 5.9999999999999998e-1
    5.9999999999999998e-1 5.9999999999999998e-1 5.9999999999999998e-1
    5.9999999999999998e-1 5.9999999999999998e-1 5.9999999999999998e-1
    5.9999999999999998e-1 5.9999999999999998e-1 5.9999999999999998e-1
    5.9999999999999998e-1 5.9999999999999998e-1 5.9999999999999998e-1
    5.9999999999999998e-1 5.9999999999999998e-1 5.9999999999999998e-1
    5.9999999999999998e-1 5.9999999999999998e-1 5.9999999999999998e-1
    5.9999999999999998e-1 5.9999999999999998e-1 5.9999999999999998e-1
    5.9999999999999998e-1 5.9999999999999998e-1 5.9999999999999998e-1
    5.9999999999999998e-1 5.9999999999999998e-1 5.9999999999999998e-1
    5.9999999999999998e-1 5.9999999999999998e-1 5.9999999999999998e-1
    5.9999999999999998e-1 5.9999999999999998e-1 5.9999999999999998e-1
    5.9999999999999998e-1 5.9999999999999998e-1 5.9999999999999998e-1
    5.9999999999999998e-1 5.9999999999999998e-1 5.9999999999999998e-1
    5.9999999999999998e-1 5.9999999999999998e-1 5.9999999999999998e-1
    5.9999999999999998e-1 5.9999999999999998e-1 5.9999999999999998e-1
    5.9999999999999998e-1 5.9999999999999998e-1 5.9999999999999998e-1
    5.9999999999999998e-1 5.9999999999999998e-1 5.9999999999999998e-1
    5.9999999999999998e-1 5.9999999999999998e-1 5.9999999999999998e-1
    5.9999999999999998e-1 5.9999999999999998e-1 5.9999999999999998e-1
    5.9999999999999998e-1 5.9999999999999998e-1 5.9999999999999998e-1
    5.9999999999999998e-1 5.9999999999999998e-1 5.9999999999999998e-1
    5.9999999999999998e-1 5.9999999999999998e-1 5.9999999999999998e-1
    5.9999999999999998e-1 5.9999999999999998e-1 5.9999999999999998e-1
    5.9999999999999998e-1 5.9999999999999998e-1 5.9999999999999998e-1
    5.9999999999999998e-1 5.9999999999999998e-1 5.9999999999999998e-1
    5.9999999999999998e-1 5.9999999999999998e-1 5.9999999999999998e-1
    5.9999999999999998e-1 5.9999999999999998e-1 5.9999999999999998e-1
    5.9999999999999998e-1 5.9999999999999998e-1 5.9999999999999998e-1
    5.9999999999999998e-1 5.9999999999999998e-1 5.9999999999999998e-1
    5.9999999999999998e-1 5.9999999999999998e-1 5.9999999999999998e-1
    5.9999999999999998e-1 5.9999999999999998e-1 5.9999999999999998e-1
    5.9999999999999998e-1 5.9999999999999998e-1 5.9999999999999998e-1
    5.9999999999999998e-1 5.9999999999999998e-1 5.9999999999999998e-1
    5.9999999999999998e-1 5.9999999999999998e-1 5.9999999999999998e-1
    5.9999999999999998e-1 5.9999999999999998e-1 5.9999999999999998e-1
    5.9999999999999998e-1 5.9999999999999998e-1 5.9999999999999998e-1
    5.9999999999999998e-1 5.9999999999999998e-1 5.9999999999999998e-1
    5.9999999999999998e-1 5.9999999999999998e-1 5.9999999999999998e-1
    5.9999999999999998e-1 5.9999999999999998e-1 5.9999999999999998e-1
    5.9999999999999998e-1 5.9999999999999998e-1 5.9999999999999998e-1
    5.9999999999999998e-1 5.9999999999999998e-1 5.9999999999999998e-1
    5.9999999999999998e-1 5.9999999999999998e-1 5.9999999999999998e-1
    5.9999999999999998e-1 5.9999999999999998e-1 5.9999999999999998e-1
    5.9999999999999998e-1 5.9999999999999998e-1 5.9999999999999998e-1
    5.9999999999999998e-1 5.9999999999999998e-1 5.9999999999999998e-1
    5.9999999999999998e-1 5.9999999999999998e-1 5.9999999999999998e-1
    5.9999999999999998e-1 5.9999999999999998e-1 5.9999999999999998e-1
    5.9999999999999998e-1 5.9999999999999998e-1 5.9999999999999998e-1
    5.9999999999999998e-1 5.9999999999999998e-1 5.9999999999999998e-1
    5.9999999999999998e-1 5.9999999999999998e-1 5.9999999999999998e-1
    5.9999999999999998e-1 5.9999999999999998e-1 5.9999999999999998e-1
    5.9999999999999998e-1 5.9999999999999998e-1 5.9999999999999998e-1
    5.9999999999999998e-1 5.9999999999999998e-1 5.9999999999999998e-1
    5.9999999999999998e-1 5.9999999999999998e-1 5.9999999999999998e-1
    5.9999999999999998e-1 5.9999999999999998e-1 5.9999999999999998e-1
    5.9999999999999998e-1 5.9999999999999998e-1 5.9999999999999998e-1
    5.9999999999999998e-1 5.9999999999999998e-1 5.9999999999999998e-1
    5.9999999999999998e-1 5.9999999999999998e-1 5.9999999999999998e-1
    5.9999999999999998e-1 5.9999999999999998e-1 5.9999999999999998e-1
    5.9999999999999998e-1 5.9999999999999998e-1 5.9999999999999998e-1
    5.9999999999999998e-1 5.9999999999999998e-1 5.9999999999999998e-1
    5.9999999999999998e-1 5.9999999999999998e-1 5.9999999999999998e-1
    5.9999999999999998e-1 5.9999999999999998e-1 5.9999999999999998e-1
    5.9999999999999998e-1 5.9999999999999998e-1 5.9999999999999998e-1
    5.9999999999999998e-1 5.9999999999999998e-1 5.9999999999999998e-1
    5.9999999999999998e-1 5.9999999999999998e-1 5.9999999999999998e-1
    5.9999999999999998e-1 5.9999999999999998e-1 5.9999999999999998e-1
    5.9999999999999998e-1 5.9999999999999998e-1 5.9999999999999998e-1
    5.9999999999999998e-1 5.9999999999999998e-1 5.9999999999999998e-1
    5.9999999999999998e-1 5.9999999999999998e-1 5.9999999999999998e-1
    5.9999999999999998e-1 5.9999999999999998e-1 5.9999999999999998e-1
    5.9999999999999998e-1 5.9999999999999998e-1 5.9999999999999998e-1
    5.9999999999999998e-1 5.9999999999999998e-1 5.9999999999999998e-1
    5.9999999999999998e-1 5.9999999999999998e-1 5.9999999999999998e-1
    5.9999999999999998e-1 5.9999999999999998e-1 5.9999999999999998e-1
    5.9999999999999998e-1 5.9999999999999998e-1 5.9999999999999998e-1
    5.9999999999999998e-1 5.9999999999999998e-1 5.9999999999999998e-1
    5.9999999999999998e-1 5.9999999999999998e-1 5.9999999999999998e-1
    5.9999999999999998e-1 5.9999999999999998e-1 5.9999999999999998e-1
    5.9999999999999998e-1 5.9999999999999998e-1 5.9999999999999998e-1
    5.9999999999999998e-1 5.9999999999999998e-1 5.9999999999999998e-1
    5.9999999999999998e-1 5.9999999999999998e-1 5.9999999999999998e-1
    5.9999999999999998e-1 5.9999999999999998e-1 5.9999999999999998e-1
    5.9999999999999998e-1 5.9999999999999998e-1 5.9999999999999998e-1
    5.9999999999999998e-1 5.9999999999999998e-1 5.9999999999999998e-1
    5.9999999999999998e-1 5.9999999999999998e-1 5.9999999999999998e-1
    5.9999999999999998e-1 5.9999999999999998e-1 5.9999999999999998e-1
    5.9999999999999998e-1 5.9999999999999998e-1 5.9999999999999998e-1
    5.9999999999999998e-1 5.9999999999999998e-1 5.9999999999999998e-1
    5.9999999999999998e-1 5.9999999999999998e-1 5.9999999999999998e-1
    5.9999999999999998e-1 5.9999999999999998e-1 5.9999999999999998e-1
    5.9999999999999998e-1 5.9999999999999998e-1 5.9999999999999998e-1
    5.9999999999999998e-1 5.9999999999999998e-1 5.9999999999999998e-1
    5.9999999999999998e-1 5.9999999999999998e-1 5.9999999999999998e-1
    5.9999999999999998e-1 5.9999999999999998e-1 5.9999999999999998e-1
    5.9999999999999998e-1 5.9999999999999998e-1 5.9999999999999998e-1
    5.9999999999999998e-1 5.9999999999999998e-1 5.9999999999999998e-1
    5.9999999999999998e-1 5.9999999999999998e-1 5.9999999999999998e-1
    5.9999999999999998e-1 5.9999999999999998e-1 5.9999999999999998e-1
    5.9999999999999998e-1 5.9999999999999998e-1 5.9999999999999998e-1
    5.9999999999999998e-1 5.9999999999999998e-1 5.9999999999999998e-1
    5.9999999999999998e-1 5.9999999999999998e-1 5.9999999999999998e-1
    5.9999999999999998e-1 5.9999999999999998e-1 5.9999999999999998e-1
    5.9999999999999998e-1 5.9999999999999998e-1 5.9999999999999998e-1
    5.9999999999999998e-1 5.9999999999999998e-1 5.9999999999999998e-1
    5.9999999999999998e-1 5.9999999999999998e-1 5.9999999999999998e-1
    5.9999999999999998e-1 5.9999999999999998e-1 5.9999999999999998e-1
    5.9999999999999998e-1 5.9999999999999998e-1 5.9999999999999998e-1
    5.9999999999999998e-1 5.9999999999999998e-1 5.9999999999999998e-1
    5.9999999999999998e-1 5.9999999999999998e-1 5.9999999999999998e-1
    5.9999999999999998e-1 5.9999999999999998e-1 5.9999999999999998e-1
    5.9999999999999998e-1 5.9999999999999998e-1 5.9999999999999998e-1
    5.9999999999999998e-1 5.9999999999999998e-1 5.9999999999999998e-1
    5.9999999999999998e-1 5.9999999999999998e-1 5.9999999999999998e-1
    5.9999999999999998e-1 5.9999999999999998e-1 5.9999999999999998e-1
    5.9999999999999998e-1 5.9999999999999998e-1 5.9999999999999998e-1
    5.9999999999999998e-1 5.9999999999999998e-1 5.9999999999999998e-1
    5.9999999999999998e-1 5.9999999999999998e-1 5.9999999999999998e-1
    5.9999999999999998e-1 5.9999999999999998e-1 5.9999999999999998e-1
    5.9999999999999998e-1 5.9999999999999998e-1 5.9999999999999998e-1
    5.9999999999999998e-1 5.9999999999999998e-1 5.9999999999999998e-1
    5.9999999999999998e-1 5.9999999999999998e-1 5.9999999999999998e-1
    5.9999999999999998e-1 5.9999999999999998e-1 5.9999999999999998e-1
    5.9999999999999998e-1 5.9999999999999998e-1 5.9999999999999998e-1
    5.9999999999999998e-1 5.9999999999999998e-1 5.9999999999999998e-1
    5.9999999999999998e-1 5.9999999999999998e-1 5.9999999999999998e-1
    5.9999999999999998e-1 5.9999999999999998e-1 5.9999999999999998e-1
    5.9999999999999998e-1 5.9999999999999998e-1 5.9999999999999998e-1
    5.9999999999999998e-1 5.9999999999999998e-1 5.9999999999999998e-1
    5.9999999999999998e-1 5.9999999999999998e-1 5.9999999999999998e-1
    5.9999999999999998e-1 5.9999999999999998e-1 5.9999999999999998e-1
    5.9999999999999998e-1 5.9999999999999998e-1 5.9999999999999998e-1
    5.9999999999999998e-1 5.9999999999999998e-1 5.9999999999999998e-1
    5.9999999999999998e-1 5.9999999999999998e-1 5.9999999999999998e-1
    5.9999999999999998e-1 5.9999999999999998e-1 5.9999999999999998e-1
    5.9999999999999998e-1 5.9999999999999998e-1 5.9999999999999998e-1
    5.9999999999999998e-1 5.9999999999999998e-1 5.9999999999999998e-1
    5.9999999999999998e-1 5.9999999999999998e-1 5.9999999999999998e-1
    5.9999999999999998e-1 5.9999999999999998e-1 5.9999999999999998e-1
    5.9999999999999998e-1 5.9999999999999998e-1 5.9999999999999998e-1
    5.9999999999999998e-1 5.9999999999999998e-1 5.9999999999999998e-1
    5.9999999999999998e-1 5.9999999999999998e-1 5.9999999999999998e-1
    5.9999999999999998e-1 5.9999999999999998e-1 5.9999999999999998e-1
    5.9999999999999998e-1 5.9999999999999998e-1 5.9999999999999998e-1
    5.9999999999999998e-1 5.9999999999999998e-1 5.9999999999999998e-1
    5.9999999999999998e-1 5.9999999999999998e-1 5.9999999999999998e-1
    5.9999999999999998e-1 5.9999999999999998e-1 5.9999999999999998e-1
    5.9999999999999998e-1 5.9999999999999998e-1 5.9999999999999998e-1
    5.9999999999999998e-1 5.9999999999999998e-1 5.9999999999999998e-1
    5.9999999999999998e-1 5.9999999999999998e-1 5.9999999999999998e-1
    5.9999999999999998e-1 5.9999999999999998e-1 5.9999999999999998e-1
    5.9999999999999998e-1 5.9999999999999998e-1 5.9999999999999998e-1
    5.9999999999999998e-1 5.9999999999999998e-1 5.9999999999999998e-1
    5.9999999999999998e-1 5.9999999999999998e-1 5.9999999999999998e-1
    5.9999999999999998e-1 5.9999999999999998e-1 5.9999999999999998e-1
    5.9999999999999998e-1 5.9999999999999998e-1 5.9999999999999998e-1
    5.9999999999999998e-1 5.9999999999999998e-1 5.9999999999999998e-1
    5.9999999999999998e-1 5.9999999999999998e-1 5.9999999999999998e-1
    5.9999999999999998e-1 5.9999999999999998e-1 5.9999999999999998e-1
    5.9999999999999998e-1 5.9999999999999998e-1 5.9999999999999998e-1
    5.9999999999999998e-1 5.9999999999999998e-1 5.9999999999999998e-1
    5.9999999999999998e-1 5.9999999999999998e-1 5.9999999999999998e-1
    5.9999999999999998e-1 5.9999999999999998e-1 5.9999999999999998e-1
    5.9999999999999998e-1 5.9999999999999998e-1 5.9999999999999998e-1
    5.9999999999999998e-1 5.9999999999999998e-1 5.9999999999999998e-1
    5.9999999999999998e-1 5.9999999999999998e-1 5.9999999999999998e-1
    5.9999999999999998e-1 5.9999999999999998e-1 5.9999999999999998e-1
    5.9999999999999998e-1 5.9999999999999998e-1 5.9999999999999998e-1
    5.9999999999999998e-1 5.9999999999999998e-1 5.9999999999999998e-1
    5.9999999999999998e-1 5.9999999999999998e-1 5.9999999999999998e-1
    5.9999999999999998e-1 5.9999999999999998e-1 5.9999999999999998e-1
    5.9999999999999998e-1 5.9999999999999998e-1 5.9999999999999998e-1
    5.9999999999999998e-1 5.9999999999999998e-1 5.9999999999999998e-1
    5.9999999999999998e-1 5.9999999999999998e-1 5.9999999999999998e-1
    5.9999999999999998e-1 5.9999999999999998e-1 5.9999999999999998e-1
    5.9999999999999998e-1 5.9999999999999998e-1 5.9999999999999998e-1
    5.9999999999999998e-1 5.9999999999999998e-1 5.9999999999999998e-1
    5.9999999999999998e-1 5.9999999999999998e-1 5.9999999999999998e-1
    5.9999999999999998e-1 5.9999999999999998e-1 5.9999999999999998e-1
    5.9999999999999998e-1 5.9999999999999998e-1 5.9999999999999998e-1
    5.9999999999999998e-1 5.9999999999999998e-1 5.9999999999999998e-1
    5.9999999999999998e-1 5.9999999999999998e-1 5.9999999999999998e-1
    5.9999999999999998e-1 5.9999999999999998e-1 5.9999999999999998e-1
    5.9999999999999998e-1 5.9999999999999998e-1 5.9999999999999998e-1
    5.9999999999999998e-1 5.9999999999999998e-1 5.9999999999999998e-1
    5.9999999999999998e-1 5.9999999999999998e-1 5.9999999999999998e-1
    5.9999999999999998e-1 5.9999999999999998e-1 5.9999999999999998e-1
    5.9999999999999998e-1 5.9999999999999998e-1 5.9999999999999998e-1
    5.9999999999999998e-1 5.9999999999999998e-1 5.9999999999999998e-1
    5.9999999999999998e-1 5.9999999999999998e-1 5.9999999999999998e-1
    5.9999999999999998e-1 5.9999999999999998e-1 5.9999999999999998e-1
    5.9999999999999998e-1 5.9999999999999998e-1 5.9999999999999998e-1
    5.9999999999999998e-1 5.9999999999999998e-1 5.9999999999999998e-1
    5.9999999999999998e-1 5.9999999999999998e-1 5.9999999999999998e-1
    5.9999999999999998e-1 5.9999999999999998e-1 5.9999999999999998e-1
    5.9999999999999998e-1 5.9999999999999998e-1 5.9999999999999998e-1
    5.9999999999999998e-1 5.9999999999999998e-1 5.9999999999999998e-1
    5.9999999999999998e-1 5.9999999999999998e-1 5.9999999999999998e-1
    5.9999999999999998e-1 5.9999999999999998e-1 5.9999999999999998e-1
    5.9999999999999998e-1 5.9999999999999998e-1 5.9999999999999998e-1
    5.9999999999999998e-1 5.9999999999999998e-1 5.9999999999999998e-1
    5.9999999999999998e-1 5.9999999999999998e-1 5.9999999999999998e-1
    5.9999999999999998e-1 5.9999999999999998e-1 5.9999999999999998e-1
    5.9999999999999998e-1 5.9999999999999998e-1 5.9999999999999998e-1
    5.9999999999999998e-1 5.9999999999999998e-1 5.9999999999999998e-1
    5.9999999999999998e-1 5.9999999999999998e-1 5.9999999999999998e-1
    5.9999999999999998e-1 5.9999999999999998e-1 5.9999999999999998e-1
    5.9999999999999998e-1 5.9999999999999998e-1 5.9999999999999998e-1
    5.9999999999999998e-1 5.9999999999999998e-1 5.9999999999999998e-1
    5.9999999999999998e-1 5.9999999999999998e-1 5.9999999999999998e-1
    5.9999999999999998e-1 5.9999999999999998e-1 5.9999999999999998e-1
    5.9999999999999998e-1 5.9999999999999998e-1 5.9999999999999998e-1
    5.9999999999999998e-1 5.9999999999999998e-1 5.9999999999999998e-1
    5.9999999999999998e-1 5.9999999999999998e-1 5.9999999999999998e-1
    5.9999999999999998e-1 5.9999999999999998e-1 5.9999999999999998e-1
    5.9999999999999998e-1 5.9999999999999998e-1 5.9999999999999998e-1
    5.9999999999999998e-1 5.9999999999999998e-1 5.9999999999999998e-1
    6.9999999999999996e-1 6.9999999999999996e-1 6.9999999999999996e-1
    6.9999999999999996e-1 6.9999999999999996e-1 6.9999999999999996e-1
    6.9999999999999996e-1 6.9999999999999996e-1 6.9999999999999996e-1
    6.9999999999999996e-1 6.9999999999999996e-1 6.9999999999999996e-1
    6.9999999999999996e-1 6.9999999999999996e-1 6.9999999999999996e-1
    6.9999999999999996e-1 6.9999999999999996e-1 6.9999999999999996e-1
    6.9999999999999996e-1 6.9999999999999996e-1 6.9999999999999996e-1
    6.9999999999999996e-1 6.9999999999999996e-1 6.9999999999999996e-1
    6.9999999999999996e-1 6.9999999999999996e-1 6.9999999999999996e-1
    6.9999999999999996e-1 6.9999999999999996e-1 6.9999999999999996e-1
    6.9999999999999996e-1 6.9999999999999996e-1 6.9999999999999996e-1
    6.9999999999999996e-1 6.9999999999999996e-1 6.9999999999999996e-1
    6.9999999999999996e-1 6.9999999999999996e-1 6.9999999999999996e-1
    6.9999999999999996e-1 6.9999999999999996e-1 6.9999999999999996e-1
    6.9999999999999996e-1 6.9999999999999996e-1 6.9999999999999996e-1
    6.9999999999999996e-1 6.9999999999999996e-1 6.9999999999999996e-1
    6.9999999999999996e-1 6.9999999999999996e-1 6.9999999999999996e-1
    6.9999999999999996e-1 6.9999999999999996e-1 6.9999999999999996e-1
    6.9999999999999996e-1 6.9999999999999996e-1 6.9999999999999996e-1
    6.9999999999999996e-1 6.9999999999999996e-1 6.9999999999999996e-1
    6.9999999999999996e-1 6.9999999999999996e-1 6.9999999999999996e-1
    6.9999999999999996e-1 6.9999999999999996e-1 6.9999999999999996e-1
    6.9999999999999996e-1 6.9999999999999996e-1 6.9999999999999996e-1
    6.9999999999999996e-1 6.9999999999999996e-1 6.9999999999999996e-1
    6.9999999999999996e-1 6.9999999999999996e-1 6.9999999999999996e-1
    6.9999999999999996e-1 6.9999999999999996e-1 6.9999999999999996e-1
    6.9999999999999996e-1 6.9999999999999996e-1 6.9999999999999996e-1
    6.9999999999999996e-1 6.9999999999999996e-1 6.9999999999999996e-1
    6.9999999999999996e-1 6.9999999999999996e-1 6.9999999999999996e-1
    6.9999999999999996e-1 6.9999999999999996e-1 6.9999999999999996e-1
    6.9999999999999996e-1 6.9999999999999996e-1 6.9999999999999996e-1
    6.9999999999999996e-1 6.9999999999999996e-1 6.9999999999999996e-1
    6.9999999999999996e-1 6.9999999999999996e-1 6.9999999999999996e-1
    6.9999999999999996e-1 6.9999999999999996e-1 6.9999999999999996e-1
    6.9999999999999996e-1 6.9999999999999996e-1 6.9999999999999996e-1
    6.9999999999999996e-1 6.9999999999999996e-1 6.9999999999999996e-1
    6.9999999999999996e-1 6.9999999999999996e-1 6.9999999999999996e-1
    6.9999999999999996e-1 6.9999999999999996e-1 6.9999999999999996e-1
    6.9999999999999996e-1 6.9999999999999996e-1 6.9999999999999996e-1
    6.9999999999999996e-1 6.9999999999999996e-1 6.9999999999999996e-1
    6.9999999999999996e-1 6.9999999999999996e-1 6.9999999999999996e-1
    6.9999999999999996e-1 6.9999999999999996e-1 6.9999999999999996e-1
    6.9999999999999996e-1 6.9999999999999996e-1 6.9999999999999996e-1
    6.9999999999999996e-1 6.9999999999999996e-1 6.9999999999999996e-1
    6.9999999999999996e-1 6.9999999999999996e-1 6.9999999999999996e-1
    6.9999999999999996e-1 6.9999999999999996e-1 6.9999999999999996e-1
    6.9999999999999996e-1 6.9999999999999996e-1 6.9999999999999996e-1
    6.9999999999999996e-1 6.9999999999999996e-1 6.9999999999999996e-1
    6.9999999999999996e-1 6.9999999999999996e-1 6.9999999999999996e-1
    6.9999999999999996e-1 6.9999999999999996e-1 6.9999999999999996e-1
    6.9999999999999996e-1 6.9999999999999996e-1 6.9999999999999996e-1
    6.9999999999999996e-1 6.9999999999999996e-1 6.9999999999999996e-1
    6.9999999999999996e-1 6.9999999999999996e-1 6.9999999999999996e-1
    6.9999999999999996e-1 6.9999999999999996e-1 6.9999999999999996e-1
    6.9999999999999996e-1 6.9999999999999996e-1 6.9999999999999996e-1
    6.9999999999999996e-1 6.9999999999999996e-1 6.9999999999999996e-1
    6.9999999999999996e-1 6.9999999999999996e-1 6.9999999999999996e-1
    6.9999999999999996e-1 6.9999999999999996e-1 6.9999999999999996e-1
    6.9999999999999996e-1 6.9999999999999996e-1 6.9999999999999996e-1
    6.9999999999999996e-1 6.9999999999999996e-1 6.9999999999999996e-1
    6.9999999999999996e-1 6.9999999999999996e-1 6.9999999999999996e-1
    6.9999999999999996e-1 6.9999999999999996e-1 6.9999999999999996e-1
    6.9999999999999996e-1 6.9999999999999996e-1 6.9999999999999996e-1
    6.9999999999999996e-1 6.9999999999999996e-1 6.9999999999999996e-1
    6.9999999999999996e-1 6.9999999999999996e-1 6.9999999999999996e-1
    6.9999999999999996e-1 6.9999999999999996e-1 6.9999999999999996e-1
    6.9999999999999996e-1 6.9999999999999996e-1 6.9999999999999996e-1
    6.9999999999999996e-1 6.9999999999999996e-1 6.9999999999999996e-1
    6.9999999999999996e-1 6.9999999999999996e-1 6.9999999999999996e-1
    6.9999999999999996e-1 6.9999999999999996e-1 6.9999999999999996e-1
    6.9999999999999996e-1 6.9999999999999996e-1 6.9999999999999996e-1
    6.9999999999999996e-1 6.9999999999999996e-1 6.9999999999999996e-1
    6.9999999999999996e-1 6.9999999999999996e-1 6.9999999999999996e-1
    6.9999999999999996e-1 6.9999999999999996e-1 6.9999999999999996e-1
    6.9999999999999996e-1 6.9999999999999996e-1 6.9999999999999996e-1
    6.9999999999999996e-1 6.9999999999999996e-1 6.9999999999999996e-1
    6.9999999999999996e-1 6.9999999999999996e-1 6.9999999999999996e-1
    6.9999999999999996e-1 6.9999999999999996e-1 6.9999999999999996e-1
    6.9999999999999996e-1 6.9999999999999996e-1 6.9999999999999996e-1
    6.9999999999999996e-1 6.9999999999999996e-1 6.9999999999999996e-1
    6.9999999999999996e-1 6.9999999999999996e-1 6.9999999999999996e-1
    6.9999999999999996e-1 6.9999999999999996e-1 6.9999999999999996e-1
    6.9999999999999996e-1 6.9999999999999996e-1 6.9999999999999996e-1
    6.9999999999999996e-1 6.9999999999999996e-1 6.9999999999999996e-1
    6.9999999999999996e-1 6.9999999999999996e-1 6.9999999999999996e-1
    6.9999999999999996e-1 6.9999999999999996e-1 6.9999999999999996e-1
    6.9999999999999996e-1 6.9999999999999996e-1 6.9999999999999996e-1
    6.9999999999999996e-1 6.9999999999999996e-1 6.9999999999999996e-1
    6.9999999999999996e-1 6.9999999999999996e-1 6.9999999999999996e-1
    6.9999999999999996e-1 6.9999999999999996e-1 6.9999999999999996e-1
    6.9999999999999996e-1 6.9999999999999996e-1 6.9999999999999996e-1
    6.9999999999999996e-1 6.9999999999999996e-1 6.9999999999999996e-1
    6.9999999999999996e-1 6.9999999999999996e-1 6.9999999999999996e-1
    6.9999999999999996e-1 6.9999999999999996e-1 6.9999999999999996e-1
    6.9999999999999996e-1 6.9999999999999996e-1 6.9999999999999996e-1
    6.9999999999999996e-1 6.9999999999999996e-1 6.9999999999999996e-1
    6.9999999999999996e-1 6.9999999999999996e-1 6.9999999999999996e-1
    6.9999999999999996e-1 6.9999999999999996e-1 6.9999999999999996e-1
    6.9999999999999996e-1 6.9999999999999996e-1 6.9999999999999996e-1
    6.9999999999999996e-1 6.9999999999999996e-1 6.9999999999999996e-1
    6.9999999999999996e-1 6.9999999999999996e-1 6.9999999999999996e-1
    6.9999999999999996e-1 6.9999999999999996e-1 6.9999999999999996e-1
    6.9999999999999996e-1 6.9999999999999996e-1 6.9999999999999996e-1
    6.9999999999999996e-1 6.9999999999999996e-1 6.9999999999999996e-1
    6.9999999999999996e-1 6.9999999999999996e-1 6.9999999999999996e-1
    6.9999999999999996e-1 6.9999999999999996e-1 6.9999999999999996e-1
    6.9999999999999996e-1 6.9999999999999996e-1 6.9999999999999996e-1
    6.9999999999999996e-1 6.9999999999999996e-1 6.9999999999999996e-1
    6.9999999999999996e-1 6.9999999999999996e-1 6.9999999999999996e-1
    6.9999999999999996e-1 6.9999999999999996e-1 6.9999999999999996e-1
    6.9999999999999996e-1 6.9999999999999996e-1 6.9999999999999996e-1
    6.9999999999999996e-1 6.9999999999999996e-1 6.9999999999999996e-1
    6.9999999999999996e-1 6.9999999999999996e-1 6.9999999999999996e-1
    6.9999999999999996e-1 6.9999999999999996e-1 6.9999999999999996e-1
    6.9999999999999996e-1 6.9999999999999996e-1 6.9999999999999996e-1
    6.9999999999999996e-1 6.9999999999999996e-1 6.9999999999999996e-1
    6.9999999999999996e-1 6.9999999999999996e-1 6.9999999999999996e-1
    6.9999999999999996e-1 6.9999999999999996e-1 6.9999999999999996e-1
    6.9999999999999996e-1 6.9999999999999996e-1 6.9999999999999996e-1
    6.9999999999999996e-1 6.9999999999999996e-1 6.9999999999999996e-1
    6.9999999999999996e-1 6.9999999999999996e-1 6.9999999999999996e-1
    6.9999999999999996e-1 6.9999999999999996e-1 6.9999999999999996e-1
    6.9999999999999996e-1 6.9999999999999996e-1 6.9999999999999996e-1
    6.9999999999999996e-1 6.9999999999999996e-1 6.9999999999999996e-1
    6.9999999999999996e-1 6.9999999999999996e-1 6.9999999999999996e-1
    6.9999999999999996e-1 6.9999999999999996e-1 6.9999999999999996e-1
    6.9999999999999996e-1 6.9999999999999996e-1 6.9999999999999996e-1
    6.9999999999999996e-1 6.9999999999999996e-1 6.9999999999999996e-1
    6.9999999999999996e-1 6.9999999999999996e-1 6.9999999999999996e-1
    6.9999999999999996e-1 6.9999999999999996e-1 6.9999999999999996e-1
    6.9999999999999996e-1 6.9999999999999996e-1 6.9999999999999996e-1
    6.9999999999999996e-1 6.9999999999999996e-1 6.9999999999999996e-1
    6.9999999999999996e-1 6.9999999999999996e-1 6.9999999999999996e-1
    6.9999999999999996e-1 6.9999999999999996e-1 6.9999999999999996e-1
    6.9999999999999996e-1 6.9999999999999996e-1 6.9999999999999996e-1
    6.9999999999999996e-1 6.9999999999999996e-1 6.9999999999999996e-1
    6.9999999999999996e-1 6.9999999999999996e-1 6.9999999999999996e-1
    6.9999999999999996e-1 6.9999999999999996e-1 6.9999999999999996e-1
    6.9999999999999996e-1 6.9999999999999996e-1 6.9999999999999996e-1
    6.9999999999999996e-1 6.9999999999999996e-1 6.9999999999999996e-1
    6.9999999999999996e-1 6.9999999999999996e-1 6.9999999999999996e-1
    6.9999999999999996e-1 6.9999999999999996e-1 6.9999999999999996e-1
    6.9999999999999996e-1 6.9999999999999996e-1 6.9999999999999996e-1
    6.9999999999999996e-1 6.9999999999999996e-1 6.9999999999999996e-1
    6.9999999999999996e-1 6.9999999999999996e-1 6.9999999999999996e-1
    6.9999999999999996e-1 6.9999999999999996e-1 6.9999999999999996e-1
    6.9999999999999996e-1 6.9999999999999996e-1 6.9999999999999996e-1
    6.9999999999999996e-1 6.9999999999999996e-1 6.9999999999999996e-1
    6.9999999999999996e-1 6.9999999999999996e-1 6.9999999999999996e-1
    6.9999999999999996e-1 6.9999999999999996e-1 6.9999999999999996e-1
    6.9999999999999996e-1 6.9999999999999996e-1 6.9999999999999996e-1
    6.9999999999999996e-1 6.9999999999999996e-1 6.9999999999999996e-1
    6.9999999999999996e-1 6.9999999999999996e-1 6.9999999999999996e-1
    6.9999999999999996e-1 6.9999999999999996e-1 6.9999999999999996e-1
    6.9999999999999996e-1 6.9999999999999996e-1 6.9999999999999996e-1
    6.9999999999999996e-1 6.9999999999999996e-1 6.9999999999999996e-1
    6.9999999999999996e-1 6.9999999999999996e-1 6.9999999999999996e-1
    6.9999999999999996e-1 6.9999999999999996e-1 6.9999999999999996e-1
    6.9999999999999996e-1 6.9999999999999996e-1 6.9999999999999996e-1
    6.9999999999999996e-1 6.9999999999999996e-1 6.9999999999999996e-1
    6.9999999999999996e-1 6.9999999999999996e-1 6.9999999999999996e-1
    6.9999999999999996e-1 6.9999999999999996e-1 6.9999999999999996e-1
    6.9999999999999996e-1 6.9999999999999996e-1 6.9999999999999996e-1
    6.9999999999999996e-1 6.9999999999999996e-1 6.9999999999999996e-1
    6.9999999999999996e-1 6.9999999999999996e-1 6.9999999999999996e-1
    6.9999999999999996e-1 6.9999999999999996e-1 6.9999999999999996e-1
    6.9999999999999996e-1 6.9999999999999996e-1 6.9999999999999996e-1
    6.9999999999999996e-1 6.9999999999999996e-1 6.9999999999999996e-1
    6.9999999999999996e-1 6.9999999999999996e-1 6.9999999999999996e-1
    6.9999999999999996e-1 6.9999999999999996e-1 6.9999999999999996e-1
    6.9999999999999996e-1 6.9999999999999996e-1 6.9999999999999996e-1
    6.9999999999999996e-1 6.9999999999999996e-1 6.9999999999999996e-1
    6.9999999999999996e-1 6.9999999999999996e-1 6.9999999999999996e-1
    6.9999999999999996e-1 6.9999999999999996e-1 6.9999999999999996e-1
    6.9999999999999996e-1 6.9999999999999996e-1 6.9999999999999996e-1
    6.9999999999999996e-1 6.9999999999999996e-1 6.9999999999999996e-1
    6.9999999999999996e-1 6.9999999999999996e-1 6.9999999999999996e-1
    6.9999999999999996e-1 6.9999999999999996e-1 6.9999999999999996e-1
    6.9999999999999996e-1 6.9999999999999996e-1 6.9999999999999996e-1
    6.9999999999999996e-1 6.9999999999999996e-1 6.9999999999999996e-1
    6.9999999999999996e-1 6.9999999999999996e-1 6.9999999999999996e-1
    6.9999999999999996e-1 6.9999999999999996e-1 6.9999999999999996e-1
    6.9999999999999996e-1 6.9999999999999996e-1 6.9999999999999996e-1
    6.9999999999999996e-1 6.9999999999999996e-1 6.9999999999999996e-1
    6.9999999999999996e-1 6.9999999999999996e-1 6.9999999999999996e-1
    6.9999999999999996e-1 6.9999999999999996e-1 6.9999999999999996e-1
    6.9999999999999996e-1 6.9999999999999996e-1 6.9999999999999996e-1
    6.9999999999999996e-1 6.9999999999999996e-1 6.9999999999999996e-1
    6.9999999999999996e-1 6.9999999999999996e-1 6.9999999999999996e-1
    6.9999999999999996e-1 6.9999999999999996e-1 6.9999999999999996e-1
    6.9999999999999996e-1 6.9999999999999996e-1 6.9999999999999996e-1
    6.9999999999999996e-1 6.9999999999999996e-1 6.9999999999999996e-1
    6.9999999999999996e-1 6.9999999999999996e-1 6.9999999999999996e-1
    6.9999999999999996e-1 6.9999999999999996e-1 6.9999999999999996e-1
    6.9999999999999996e-1 6.9999999999999996e-1 6.9999999999999996e-1
    6.9999999999999996e-1 6.9999999999999996e-1 6.9999999999999996e-1
    6.9999999999999996e-1 6.9999999999999996e-1 6.9999999999999996e-1
    6.9999999999999996e-1 6.9999999999999996e-1 6.9999999999999996e-1
    6.9999999999999996e-1 6.9999999999999996e-1 6.9999999999999996e-1
    6.9999999999999996e-1 6.9999999999999996e-1 6.9999999999999996e-1
    6.9999999999999996e-1 6.9999999999999996e-1 6.9999999999999996e-1
    6.9999999999999996e-1 6.9999999999999996e-1 6.9999999999999996e-1
    6.9999999999999996e-1 6.9999999999999996e-1 6.9999999999999996e-1
    6.9999999999999996e-1 6.9999999999999996e-1 6.9999999999999996e-1
    6.9999999999999996e-1 6.9999999999999996e-1 6.9999999999999996e-1
    6.9999999999999996e-1 6.9999999999999996e-1 6.9999999999999996e-1
    6.9999999999999996e-1 6.9999999999999996e-1 6.9999999999999996e-1
    6.9999999999999996e-1 6.9999999999999996e-1 6.9999999999999996e-1
    6.9999999999999996e-1 6.9999999999999996e-1 6.9999999999999996e-1
    6.9999999999999996e-1 6.9999999999999996e-1 6.9999999999999996e-1
    6.9999999999999996e-1 6.9999999999999996e-1 6.9999999999999996e-1
    6.9999999999999996e-1 6.9999999999999996e-1 6.9999999999999996e-1
    6.9999999999999996e-1 6.9999999999999996e-1 6.9999999999999996e-1
    6.9999999999999996e-1 6.9999999999999996e-1 6.9999999999999996e-1
    6.9999999999999996e-1 6.9999999999999996e-1 6.9999999999999996e-1
    6.9999999999999996e-1 6.9999999999999996e-1 6.9999999999999996e-1
    6.9999999999999996e-1 6.9999999999999996e-1 6.9999999999999996e-1
    6.9999999999999996e-1 6.9999999999999996e-1 6.9999999999999996e-1
    6.9999999999999996e-1 6.9999999999999996e-1 6.9999999999999996e-1
    6.9999999999999996e-1 6.9999999999999996e-1 6.9999999999999996e-1
    6.9999999999999996e-1 6.9999999999999996e-1 6.9999999999999996e-1
    6.9999999999999996e-1 6.9999999999999996e-1 6.9999999999999996e-1
    6.9999999999999996e-1 6.9999999999999996e-1 6.9999999999999996e-1
    6.9999999999999996e-1 6.9999999999999996e-1 6.9999999999999996e-1
    6.9999999999999996e-1 6.9999999999999996e-1 6.9999999999999996e-1
    6.9999999999999996e-1 6.9999999999999996e-1 6.9999999999999996e-1
    6.9999999999999996e-1 6.9999999999999996e-1 6.9999999999999996e-1
    6.9999999999999996e-1 6.9999999999999996e-1 6.9999999999999996e-1
    6.9999999999999996e-1 6.9999999999999996e-1 6.9999999999999996e-1
    6.9999999999999996e-1 6.9999999999999996e-1 6.9999999999999996e-1
    6.9999999999999996e-1 6.9999999999999996e-1 6.9999999999999996e-1
    6.9999999999999996e-1 6.9999999999999996e-1 6.9999999999999996e-1
    6.9999999999999996e-1 6.9999999999999996e-1 6.9999999999999996e-1
    6.9999999999999996e-1 6.9999999999999996e-1 6.9999999999999996e-1
    6.9999999999999996e-1 6.9999999999999996e-1 6.9999999999999996e-1
    6.9999999999999996e-1 6.9999999999999996e-1 6.9999999999999996e-1
    6.9999999999999996e-1 6.9999999999999996e-1 6.9999999999999996e-1
    6.9999999999999996e-1 6.9999999999999996e-1 6.9999999999999996e-1
    6.9999999999999996e-1 6.9999999999999996e-1 6.9999999999999996e-1
    6.9999999999999996e-1 6.9999999999999996e-1 6.9999999999999996e-1
    6.9999999999999996e-1 6.9999999999999996e-1 6.9999999999999996e-1
    6.9999999999999996e-1 6.9999999999999996e-1 6.9999999999999996e-1
    6.9999999999999996e-1 6.9999999999999996e-1 6.9999999999999996e-1
    6.9999999999999996e-1 6.9999999999999996e-1 6.9999999999999996e-1
    6.9999999999999996e-1 6.9999999999999996e-1 6.9999999999999996e-1
    6.9999999999999996e-1 6.9999999999999996e-1 6.9999999999999996e-1
    6.9999999999999996e-1 6.9999999999999996e-1 6.9999999999999996e-1
    6.9999999999999996e-1 6.9999999999999996e-1 6.9999999999999996e-1
    6.9999999999999996e-1 6.9999999999999996e-1 6.9999999999999996e-1
    6.9999999999999996e-1 6.9999999999999996e-1 6.9999999999999996e-1
    6.9999999999999996e-1 6.9999999999999996e-1 6.9999999999999996e-1
    6.9999999999999996e-1 6.9999999999999996e-1 6.9999999999999996e-1
    6.9999999999999996e-1 6.9999999999999996e-1 6.9999999999999996e-1
    6.9999999999999996e-1 6.9999999999999996e-1 6.9999999999999996e-1
    6.9999999999999996e-1 6.9999999999999996e-1 6.9999999999999996e-1
    6.9999999999999996e-1 6.9999999999999996e-1 6.9999999999999996e-1
    6.9999999999999996e-1 6.9999999999999996e-1 6.9999999999999996e-1
    6.9999999999999996e-1 6.9999999999999996e-1 6.9999999999999996e-1
    6.9999999999999996e-1 6.9999999999999996e-1 6.9999999999999996e-1
    6.9999999999999996e-1 6.9999999999999996e-1 6.9999999999999996e-1
    6.9999999999999996e-1 6.9999999999999996e-1 6.9999999999999996e-1
    6.9999999999999996e-1 6.9999999999999996e-1 6.9999999999999996e-1
    6.9999999999999996e-1 6.9999999999999996e-1 6.9999999999999996e-1
    6.9999999999999996e-1 6.9999999999999996e-1 6.9999999999999996e-1
    6.9999999999999996e-1 6.9999999999999996e-1 6.9999999999999996e-1
    6.9999999999999996e-1 6.9999999999999996e-1 6.9999999999999996e-1
    6.9999999999999996e-1 6.9999999999999996e-1 6.9999999999999996e-1
    6.9999999999999996e-1 6.9999999999999996e-1 6.9999999999999996e-1
    6.9999999999999996e-1 6.9999999999999996e-1 6.9999999999999996e-1
    6.9999999999999996e-1 6.9999999999999996e-1 6.9999999999999996e-1
    6.9999999999999996e-1 6.9999999999999996e-1 6.9999999999999996e-1
    6.9999999999999996e-1 6.9999999999999996e-1 6.9999999999999996e-1
    6.9999999999999996e-1 6.9999999999999996e-1 6.9999999999999996e-1
    6.9999999999999996e-1 6.9999999999999996e-1 6.9999999999999996e-1
    6.9999999999999996e-1 6.9999999999999996e-1 6.9999999999999996e-1
    6.9999999999999996e-1 6.9999999999999996e-1 6.9999999999999996e-1
    6.9999999999999996e-1 6.9999999999999996e-1 6.9999999999999996e-1
    6.9999999999999996e-1 6.9999999999999996e-1 6.9999999999999996e-1
    6.9999999999999996e-1 6.9999999999999996e-1 6.9999999999999996e-1
    6.9999999999999996e-1 6.9999999999999996e-1 6.9999999999999996e-1
    6.9999999999999996e-1 6.9999999999999996e-1 6.9999999999999996e-1
    6.9999999999999996e-1 6.9999999999999996e-1 6.9999999999999996e-1
    6.9999999999999996e-1 6.9999999999999996e-1 6.9999999999999996e-1
    6.9999999999999996e-1 6.9999999999999996e-1 6.9999999999999996e-1
    6.9999999999999996e-1 6.9999999999999996e-1 6.9999999999999996e-1
    6.9999999999999996e-1 6.9999999999999996e-1 6.9999999999999996e-1
    6.9999999999999996e-1 6.9999999999999996e-1 6.9999999999999996e-1
    6.9999999999999996e-1 6.9999999999999996e-1 6.9999999999999996e-1
    6.9999999999999996e-1 6.9999999999999996e-1 6.9999999999999996e-1
    6.9999999999999996e-1 6.9999999999999996e-1 6.9999999999999996e-1
    6.9999999999999996e-1 6.9999999999999996e-1 6.9999999999999996e-1
    6.9999999999999996e-1 6.9999999999999996e-1 6.9999999999999996e-1
    6.9999999999999996e-1 6.9999999999999996e-1 6.9999999999999996e-1
    6.9999999999999996e-1 6.9999999999999996e-1 6.9999999999999996e-1
    6.9999999999999996e-1 6.9999999999999996e-1 6.9999999999999996e-1
    6.9999999999999996e-1 6.9999999999999996e-1 6.9999999999999996e-1
    6.9999999999999996e-1 6.9999999999999996e-1 6.9999999999999996e-1
    6.9999999999999996e-1 6.9999999999999996e-1 6.9999999999999996e-1
    6.9999999999999996e-1 6.9999999999999996e-1 6.9999999999999996e-1
    6.9999999999999996e-1 6.9999999999999996e-1 6.9999999999999996e-1
    6.9999999999999996e-1 6.9999999999999996e-1 6.9999999999999996e-1
    6.9999999999999996e-1 6.9999999999999996e-1 6.9999999999999996e-1
    6.9999999999999996e-1 6.9999999999999996e-1 6.9999999999999996e-1
    6.9999999999999996e-1 6.9999999999999996e-1 6.9999999999999996e-1
    6.9999999999999996e-1 6.9999999999999996e-1 6.9999999999999996e-1
    6.9999999999999996e-1 6.9999999999999996e-1 6.9999999999999996e-1
    6.9999999999999996e-1 6.9999999999999996e-1 6.9999999999999996e-1
    6.9999999999999996e-1 6.9999999999999996e-1 6.9999999999999996e-1
    6.9999999999999996e-1 6.9999999999999996e-1 6.9999999999999996e-1
    6.9999999999999996e-1 6.9999999999999996e-1 6.9999999999999996e-1
    6.9999999999999996e-1 6.9999999999999996e-1 6.9999999999999996e-1
    6.9999999999999996e-1 6.9999999999999996e-1 6.9999999999999996e-1
    6.9999999999999996e-1 6.9999999999999996e-1 6.9999999999999996e-1
    6.9999999999999996e-1 6.9999999999999996e-1 6.9999999999999996e-1
    6.9999999999999996e-1 6.9999999999999996e-1 6.9999999999999996e-1
    6.9999999999999996e-1 6.9999999999999996e-1 6.9999999999999996e-1
    6.9999999999999996e-1 6.9999999999999996e-1 6.9999999999999996e-1
    6.9999999999999996e-1 6.9999999999999996e-1 6.9999999999999996e-1
    6.9999999999999996e-1 6.9999999999999996e-1 6.9999999999999996e-1
    6.9999999999999996e-1 6.9999999999999996e-1 6.9999999999999996e-1
    6.9999999999999996e-1 6.9999999999999996e-1 6.9999999999999996e-1
    6.9999999999999996e-1 6.9999999999999996e-1 6.9999999999999996e-1
    6.9999999999999996e-1 6.9999999999999996e-1 6.9999999999999996e-1
    6.9999999999999996e-1 6.9999999999999996e-1 6.9999999999999996e-1
    6.9999999999999996e-1 6.9999999999999996e-1 6.9999999999999996e-1
    6.9999999999999996e-1 6.9999999999999996e-1 6.9999999999999996e-1
    6.9999999999999996e-1 6.9999999999999996e-1 6.9999999999999996e-1
    6.9999999999999996e-1 6.9999999999999996e-1 6.9999999999999996e-1
    6.9999999999999996e-1 6.9999999999999996e-1 6.9999999999999996e-1
    6.9999999999999996e-1 6.9999999999999996e-1 6.9999999999999996e-1
    6.9999999999999996e-1 6.9999999999999996e-1 6.9999999999999996e-1
    6.9999999999999996e-1 6.9999999999999996e-1 6.9999999999999996e-1
    6.9999999999999996e-1 6.9999999999999996e-1 6.9999999999999996e-1
    6.9999999999999996e-1 6.9999999999999996e-1 6.9999999999999996e-1
    6.9999999999999996e-1 6.9999999999999996e-1 6.9999999999999996e-1
    6.9999999999999996e-1 6.9999999999999996e-1 6.9999999999999996e-1
    6.9999999999999996e-1 6.9999999999999996e-1 6.9999999999999996e-1
    6.9999999999999996e-1 6.9999999999999996e-1 6.9999999999999996e-1
    6.9999999999999996e-1 6.9999999999999996e-1 6.9999999999999996e-1
    6.9999999999999996e-1 6.9999999999999996e-1 6.9999999999999996e-1
    6.9999999999999996e-1 6.9999999999999996e-1 6.9999999999999996e-1
    6.9999999999999996e-1 6.9999999999999996e-1 6.9999999999999996e-1
    6.9999999999999996e-1 6.9999999999999996e-1 6.9999999999999996e-1
    6.9999999999999996e-1 6.9999999999999996e-1 6.9999999999999996e-1
    6.9999999999999996e-1 6.9999999999999996e-1 6.9999999999999996e-1
    6.9999999999999996e-1 6.9999999999999996e-1 6.9999999999999996e-1
    6.9999999999999996e-1 6.9999999999999996e-1 6.9999999999999996e-1
    6.9999999999999996e-1 6.9999999999999996e-1 6.9999999999999996e-1
    6.9999999999999996e-1 6.9999999999999996e-1 6.9999999999999996e-1
    6.9999999999999996e-1 6.9999999999999996e-1 6.9999999999999996e-1
    6.9999999999999996e-1 6.9999999999999996e-1 6.9999999999999996e-1
    6.9999999999999996e-1 6.9999999999999996e-1 6.9999999999999996e-1
    6.9999999999999996e-1 6.9999999999999996e-1 6.9999999999999996e-1
    6.9999999999999996e-1 6.9999999999999996e-1 6.9999999999999996e-1
    6.9999999999999996e-1 6.9999999999999996e-1 6.9999999999999996e-1
    6.9999999999999996e-1 6.9999999999999996e-1 6.9999999999999996e-1
    6.9999999999999996e-1 6.9999999999999996e-1 6.9999999999999996e-1
    6.9999999999999996e-1 6.9999999999999996e-1 6.9999999999999996e-1
    6.9999999999999996e-1 6.9999999999999996e-1 6.9999999999999996e-1
    6.9999999999999996e-1 6.9999999999999996e-1 6.9999999999999996e-1
    6.9999999999999996e-1 6.9999999999999996e-1 6.9999999999999996e-1
    6.9999999999999996e-1 6.9999999999999996e-1 6.9999999999999996e-1
    6.9999999999999996e-1 6.9999999999999996e-1 6.9999999999999996e-1
    6.9999999999999996e-1 6.9999999999999996e-1 6.9999999999999996e-1
    6.9999999999999996e-1 6.9999999999999996e-1 6.9999999999999996e-1
    6.9999999999999996e-1 6.9999999999999996e-1 6.9999999999999996e-1
    6.9999999999999996e-1 6.9999999999999996e-1 6.9999999999999996e-1
    6.9999999999999996e-1 6.9999999999999996e-1 6.9999999999999996e-1
    6.9999999999999996e-1 6.9999999999999996e-1 6.9999999999999996e-1
    6.9999999999999996e-1 6.9999999999999996e-1 6.9999999999999996e-1
    6.9999999999999996e-1 6.9999999999999996e-1 6.9999999999999996e-1
    6.9999999999999996e-1 6.9999999999999996e-1 6.9999999999999996e-1
    6.9999999999999996e-1 6.9999999999999996e-1 6.9999999999999996e-1
    6.9999999999999996e-1 6.9999999999999996e-1 6.9999999999999996e-1
    6.9999999999999996e-1 6.9999999999999996e-1 6.9999999999999996e-1
    6.9999999999999996e-1 6.9999999999999996e-1 6.9999999999999996e-1
    6.9999999999999996e-1 6.9999999999999996e-1 6.9999999999999996e-1
    6.9999999999999996e-1 6.9999999999999996e-1 6.9999999999999996e-1
    6.9999999999999996e-1 6.9999999999999996e-1 6.9999999999999996e-1
    6.9999999999999996e-1 6.9999999999999996e-1 6.9999999999999996e-1
    6.9999999999999996e-1 6.9999999999999996e-1 6.9999999999999996e-1
    6.9999999999999996e-1 6.9999999999999996e-1 6.9999999999999996e-1
    6.9999999999999996e-1 6.9999999999999996e-1 6.9999999999999996e-1
    6.9999999999999996e-1 6.9999999999999996e-1 6.9999999999999996e-1
    6.9999999999999996e-1 6.9999999999999996e-1 6.9999999999999996e-1
    6.9999999999999996e-1 6.9999999999999996e-1 6.9999999999999996e-1
    6.9999999999999996e-1 6.9999999999999996e-1 6.9999999999999996e-1
    6.9999999999999996e-1 6.9999999999999996e-1 6.9999999999999996e-1
    6.9999999999999996e-1 6.9999999999999996e-1 6.9999999999999996e-1
    6.9999999999999996e-1 6.9999999999999996e-1 6.9999999999999996e-1
    6.9999999999999996e-1 6.9999999999999996e-1 6.9999999999999996e-1
    6.9999999999999996e-1 6.9999999999999996e-1 6.9999999999999996e-1
    6.9999999999999996e-1 6.9999999999999996e-1 6.9999999999999996e-1
    6.9999999999999996e-1 6.9999999999999996e-1 6.9999999999999996e-1
    6.9999999999999996e-1 6.9999999999999996e-1 6.9999999999999996e-1
    6.9999999999999996e-1 6.9999999999999996e-1 6.9999999999999996e-1
    6.9999999999999996e-1 6.9999999999999996e-1 6.9999999999999996e-1
    6.9999999999999996e-1 6.9999999999999996e-1 6.9999999999999996e-1
    6.9999999999999996e-1 6.9999999999999996e-1 6.9999999999999996e-1
    6.9999999999999996e-1 6.9999999999999996e-1 6.9999999999999996e-1
    6.9999999999999996e-1 6.9999999999999996e-1 6.9999999999999996e-1
    6.9999999999999996e-1 6.9999999999999996e-1 6.9999999999999996e-1
    6.9999999999999996e-1 6.9999999999999996e-1 6.9999999999999996e-1
    6.9999999999999996e-1 6.9999999999999996e-1 6.9999999999999996e-1
    6.9999999999999996e-1 6.9999999999999996e-1 6.9999999999999996e-1
    6.9999999999999996e-1 6.9999999999999996e-1 6.9999999999999996e-1
    6.9999999999999996e-1 6.9999999999999996e-1 6.9999999999999996e-1
    6.9999999999999996e-1 6.9999999999999996e-1 6.9999999999999996e-1
    6.9999999999999996e-1 6.9999999999999996e-1 6.9999999999999996e-1
    6.9999999999999996e-1 6.9999999999999996e-1 6.9999999999999996e-1
    6.9999999999999996e-1 6.9999999999999996e-1 6.9999999999999996e-1
    6.9999999999999996e-1 6.9999999999999996e-1 6.9999999999999996e-1
    6.9999999999999996e-1 6.9999999999999996e-1 6.9999999999999996e-1
    6.9999999999999996e-1 6.9999999999999996e-1 6.9999999999999996e-1
    6.9999999999999996e-1 6.9999999999999996e-1 6.9999999999999996e-1
    6.9999999999999996e-1 6.9999999999999996e-1 6.9999999999999996e-1
    6.9999999999999996e-1 6.9999999999999996e-1 6.9999999999999996e-1
    6.9999999999999996e-1 6.9999999999999996e-1 6.9999999999999996e-1
    6.9999999999999996e-1 6.9999999999999996e-1 6.9999999999999996e-1
    6.9999999999999996e-1 6.9999999999999996e-1 6.9999999999999996e-1
    6.9999999999999996e-1 6.9999999999999996e-1 6.9999999999999996e-1
    6.9999999999999996e-1 6.9999999999999996e-1 6.9999999999999996e-1
    6.9999999999999996e-1 6.9999999999999996e-1 6.9999999999999996e-1
    6.9999999999999996e-1 6.9999999999999996e-1 6.9999999999999996e-1
    6.9999999999999996e-1 6.9999999999999996e-1 6.9999999999999996e-1
    6.9999999999999996e-1 6.9999999999999996e-1 6.9999999999999996e-1
    6.9999999999999996e-1 6.9999999999999996e-1 6.9999999999999996e-1
    6.9999999999999996e-1 6.9999999999999996e-1 6.9999999999999996e-1
    6.9999999999999996e-1 6.9999999999999996e-1 6.9999999999999996e-1
    6.9999999999999996e-1 6.9999999999999996e-1 6.9999999999999996e-1
    6.9999999999999996e-1 6.9999999999999996e-1 6.9999999999999996e-1
    6.9999999999999996e-1 6.9999999999999996e-1 6.9999999999999996e-1
    6.9999999999999996e-1 6.9999999999999996e-1 6.9999999999999996e-1
    6.9999999999999996e-1 6.9999999999999996e-1 6.9999999999999996e-1
    6.9999999999999996e-1 6.9999999999999996e-1 6.9999999999999996e-1
    6.9999999999999996e-1 6.9999999999999996e-1 6.9999999999999996e-1
    6.9999999999999996e-1 6.9999999999999996e-1 6.9999999999999996e-1
    6.9999999999999996e-1 6.9999999999999996e-1 6.9999999999999996e-1
    6.9999999999999996e-1 6.9999999999999996e-1 6.9999999999999996e-1
    6.9999999999999996e-1 6.9999999999999996e-1 6.9999999999999996e-1
    6.9999999999999996e-1 6.9999999999999996e-1 6.9999999999999996e-1
    6.9999999999999996e-1 6.9999999999999996e-1 6.9999999999999996e-1
    6.9999999999999996e-1 6.9999999999999996e-1 6.9999999999999996e-1
    6.9999999999999996e-1 6.9999999999999996e-1 6.9999999999999996e-1
    6.9999999999999996e-1 6.9999999999999996e-1 6.9999999999999996e-1
    6.9999999999999996e-1 6.9999999999999996e-1 6.9999999999999996e-1
    6.9999999999999996e-1 6.9999999999999996e-1 6.9999999999999996e-1
    6.9999999999999996e-1 6.9999999999999996e-1 6.9999999999999996e-1
    6.9999999999999996e-1 6.9999999999999996e-1 6.9999999999999996e-1
    6.9999999999999996e-1 6.9999999999999996e-1 6.9999999999999996e-1
    6.9999999999999996e-1 6.9999999999999996e-1 6.9999999999999996e-1
    6.9999999999999996e-1 6.9999999999999996e-1 6.9999999999999996e-1
    6.9999999999999996e-1 6.9999999999999996e-1 6.9999999999999996e-1
    6.9999999999999996e-1 6.9999999999999996e-1 6.9999999999999996e-1
    6.9999999999999996e-1 6.9999999999999996e-1 6.9999999999999996e-1
    6.9999999999999996e-1 6.9999999999999996e-1 6.9999999999999996e-1
    6.9999999999999996e-1 6.9999999999999996e-1 6.9999999999999996e-1
    6.9999999999999996e-1 6.9999999999999996e-1 6.9999999999999996e-1
    6.9999999999999996e-1 6.9999999999999996e-1 6.9999999999999996e-1
    6.9999999999999996e-1 6.9999999999999996e-1 6.9999999999999996e-1
    6.9999999999999996e-1 6.9999999999999996e-1 6.9999999999999996e-1
    6.9999999999999996e-1 6.9999999999999996e-1 6.9999999999999996e-1
    6.9999999999999996e-1 6.9999999999999996e-1 6.9999999999999996e-1
    6.9999999999999996e-1 6.9999999999999996e-1 6.9999999999999996e-1
    6.9999999999999996e-1 6.9999999999999996e-1 6.9999999999999996e-1
    6.9999999999999996e-1 6.9999999999999996e-1 6.9999999999999996e-1
    6.9999999999999996e-1 6.9999999999999996e-1 6.9999999999999996e-1
    6.9999999999999996e-1 6.9999999999999996e-1 6.9999999999999996e-1
    6.9999999999999996e-1 6.9999999999999996e-1 6.9999999999999996e-1
    6.9999999999999996e-1 6.9999999999999996e-1 6.9999999999999996e-1
    6.9999999999999996e-1 6.9999999999999996e-1 6.9999999999999996e-1
    6.9999999999999996e-1 6.9999999999999996e-1 6.9999999999999996e-1
    6.9999999999999996e-1 6.9999999999999996e-1 6.9999999999999996e-1
    6.9999999999999996e-1 6.9999999999999996e-1 6.9999999999999996e-1
    6.9999999999999996e-1 6.9999999999999996e-1 6.9999999999999996e-1
    6.9999999999999996e-1 6.9999999999999996e-1 6.9999999999999996e-1
    6.9999999999999996e-1 6.9999999999999996e-1 6.9999999999999996e-1
    6.9999999999999996e-1 6.9999999999999996e-1 6.9999999999999996e-1
    6.9999999999999996e-1 6.9999999999999996e-1 6.9999999999999996e-1
    6.9999999999999996e-1 6.9999999999999996e-1 6.9999999999999996e-1
    6.9999999999999996e-1 6.9999999999999996e-1 6.9999999999999996e-1
    6.9999999999999996e-1 6.9999999999999996e-1 6.9999999999999996e-1
    6.9999999999999996e-1 6.9999999999999996e-1 6.9999999999999996e-1
    6.9999999999999996e-1 6.9999999999999996e-1 6.9999999999999996e-1
    6.9999999999999996e-1 6.9999999999999996e-1 6.9999999999999996e-1
    6.9999999999999996e-1 6.9999999999999996e-1 6.9999999999999996e-1
    6.9999999999999996e-1 6.9999999999999996e-1 6.9999999999999996e-1
    6.9999999999999996e-1 6.9999999999999996e-1 6.9999999999999996e-1
    6.9999999999999996e-1 6.9999999999999996e-1 6.9999999999999996e-1
    6.9999999999999996e-1 6.9999999999999996e-1 6.9999999999999996e-1
    6.9999999999999996e-1 6.9999999999999996e-1 6.9999999999999996e-1
    6.9999999999999996e-1 6.9999999999999996e-1 6.9999999999999996e-1
    6.9999999999999996e-1 6.9999999999999996e-1 6.9999999999999996e-1
    6.9999999999999996e-1 6.9999999999999996e-1 6.9999999999999996e-1
    6.9999999999999996e-1 6.9999999999999996e-1 6.9999999999999996e-1
    6.9999999999999996e-1 6.9999999999999996e-1 6.9999999999999996e-1
    6.9999999999999996e-1 6.9999999999999996e-1 6.9999999999999996e-1
    6.9999999999999996e-1 6.9999999999999996e-1 6.9999999999999996e-1
    6.9999999999999996e-1 6.9999999999999996e-1 6.9999999999999996e-1
    6.9999999999999996e-1 6.9999999999999996e-1 6.9999999999999996e-1
    6.9999999999999996e-1 6.9999999999999996e-1 6.9999999999999996e-1
    6.9999999999999996e-1 6.9999999999999996e-1 6.9999999999999996e-1
    6.9999999999999996e-1 6.9999999999999996e-1 6.9999999999999996e-1
    6.9999999999999996e-1 6.9999999999999996e-1 6.9999999999999996e-1
    6.9999999999999996e-1 6.9999999999999996e-1 6.9999999999999996e-1
    6.9999999999999996e-1 6.9999999999999996e-1 6.9999999999999996e-1
    6.9999999999999996e-1 6.9999999999999996e-1 6.9999999999999996e-1
    6.9999999999999996e-1 6.9999999999999996e-1 6.9999999999999996e-1
    6.9999999999999996e-1 6.9999999999999996e-1 6.9999999999999996e-1
    6.9999999999999996e-1 6.9999999999999996e-1 6.9999999999999996e-1
    6.9999999999999996e-1 6.9999999999999996e-1 6.9999999999999996e-1
    6.9999999999999996e-1 6.9999999999999996e-1 6.9999999999999996e-1
    6.9999999999999996e-1 6.9999999999999996e-1 6.9999999999999996e-1
    6.9999999999999996e-1 6.9999999999999996e-1 6.9999999999999996e-1
    6.9999999999999996e-1 6.9999999999999996e-1 6.9999999999999996e-1
    6.9999999999999996e-1 6.9999999999999996e-1 6.9999999999999996e-1
    6.9999999999999996e-1 6.9999999999999996e-1 6.9999999999999996e-1
    6.9999999999999996e-1 6.9999999999999996e-1 6.9999999999999996e-1
    6.9999999999999996e-1 6.9999999999999996e-1 6.9999999999999996e-1
    6.9999999999999996e-1 6.9999999999999996e-1 6.9999999999999996e-1
    6.9999999999999996e-1 6.9999999999999996e-1 6.9999999999999996e-1
    6.9999999999999996e-1 6.9999999999999996e-1 6.9999999999999996e-1
    6.9999999999999996e-1 6.9999999999999996e-1 6.9999999999999996e-1
    6.9999999999999996e-1 6.9999999999999996e-1 6.9999999999999996e-1
    6.9999999999999996e-1 6.9999999999999996e-1 6.9999999999999996e-1
    6.9999999999999996e-1 6.9999999999999996e-1 6.9999999999999996e-1
    6.9999999999999996e-1 6.9999999999999996e-1 6.9999999999999996e-1
    6.9999999999999996e-1 6.9999999999999996e-1 6.9999999999999996e-1
    6.9999999999999996e-1 6.9999999999999996e-1 6.9999999999999996e-1
    6.9999999999999996e-1 6.9999999999999996e-1 6.9999999999999996e-1
    6.9999999999999996e-1 6.9999999999999996e-1 6.9999999999999996e-1
    6.9999999999999996e-1 6.9999999999999996e-1 6.9999999999999996e-1
    6.9999999999999996e-1 6.9999999999999996e-1 6.9999999999999996e-1
    6.9999999999999996e-1 6.9999999999999996e-1 6.9999999999999996e-1
    6.9999999999999996e-1 6.9999999999999996e-1 6.9999999999999996e-1
    6.9999999999999996e-1 6.9999999999999996e-1 6.9999999999999996e-1
    6.9999999999999996e-1 6.9999999999999996e-1 6.9999999999999996e-1
    6.9999999999999996e-1 6.9999999999999996e-1 6.9999999999999996e-1
    6.9999999999999996e-1 6.9999999999999996e-1 6.9999999999999996e-1
    6.9999999999999996e-1 6.9999999999999996e-1 6.9999999999999996e-1
    6.9999999999999996e-1 6.9999999999999996e-1 6.9999999999999996e-1
    6.9999999999999996e-1 6.9999999999999996e-1 6.9999999999999996e-1
    6.9999999999999996e-1 6.9999999999999996e-1 6.9999999999999996e-1
    6.9999999999999996e-1 6.9999999999999996e-1 6.9999999999999996e-1
    6.9999999999999996e-1 6.9999999999999996e-1 6.9999999999999996e-1
    6.9999999999999996e-1 6.9999999999999996e-1 6.9999999999999996e-1
    6.9999999999999996e-1 6.9999999999999996e-1 6.9999999999999996e-1
    6.9999999999999996e-1 6.9999999999999996e-1 6.9999999999999996e-1
    6.9999999999999996e-1 6.9999999999999996e-1 6.9999999999999996e-1
    6.9999999999999996e-1 6.9999999999999996e-1 6.9999999999999996e-1
    6.9999999999999996e-1 6.9999999999999996e-1 6.9999999999999996e-1
    6.9999999999999996e-1 6.9999999999999996e-1 6.9999999999999996e-1
    6.9999999999999996e-1 6.9999999999999996e-1 6.9999999999999996e-1
    6.9999999999999996e-1 6.9999999999999996e-1 6.9999999999999996e-1
    6.9999999999999996e-1 6.9999999999999996e-1 6.9999999999999996e-1
    6.9999999999999996e-1 6.9999999999999996e-1 6.9999999999999996e-1
    6.9999999999999996e-1 6.9999999999999996e-1 6.9999999999999996e-1
    6.9999999999999996e-1 6.9999999999999996e-1 6.9999999999999996e-1
    6.9999999999999996e-1 6.9999999999999996e-1 6.9999999999999996e-1
    6.9999999999999996e-1 6.9999999999999996e-1 6.9999999999999996e-1
    8.0000000000000004e-1 8.0000000000000004e-1 8.0000000000000004e-1
    8.0000000000000004e-1 8.0000000000000004e-1 8.0000000000000004e-1
    8.0000000000000004e-1 8.0000000000000004e-1 8.0000000000000004e-1
    8.0000000000000004e-1 8.0000000000000004e-1 8.0000000000000004e-1
    8.0000000000000004e-1 8.0000000000000004e-1 8.0000000000000004e-1
    8.0000000000000004e-1 8.0000000000000004e-1 8.0000000000000004e-1
    8.0000000000000004e-1 8.0000000000000004e-1 8.0000000000000004e-1
    8.0000000000000004e-1 8.0000000000000004e-1 8.0000000000000004e-1
    8.0000000000000004e-1 8.0000000000000004e-1 8.0000000000000004e-1
    8.0000000000000004e-1 8.0000000000000004e-1 8.0000000000000004e-1
    8.0000000000000004e-1 8.0000000000000004e-1 8.0000000000000004e-1
    8.0000000000000004e-1 8.0000000000000004e-1 8.0000000000000004e-1
    8.0000000000000004e-1 8.0000000000000004e-1 8.0000000000000004e-1
    8.0000000000000004e-1 8.0000000000000004e-1 8.0000000000000004e-1
    8.0000000000000004e-1 8.0000000000000004e-1 8.0000000000000004e-1
    8.0000000000000004e-1 8.0000000000000004e-1 8.0000000000000004e-1
    8.0000000000000004e-1 8.0000000000000004e-1 8.0000000000000004e-1
    8.0000000000000004e-1 8.0000000000000004e-1 8.0000000000000004e-1
    8.0000000000000004e-1 8.0000000000000004e-1 8.0000000000000004e-1
    8.0000000000000004e-1 8.0000000000000004e-1 8.0000000000000004e-1
    8.0000000000000004e-1 8.0000000000000004e-1 8.0000000000000004e-1
    8.0000000000000004e-1 8.0000000000000004e-1 8.0000000000000004e-1
    8.0000000000000004e-1 8.0000000000000004e-1 8.0000000000000004e-1
    8.0000000000000004e-1 8.0000000000000004e-1 8.0000000000000004e-1
    8.0000000000000004e-1 8.0000000000000004e-1 8.0000000000000004e-1
    8.0000000000000004e-1 8.0000000000000004e-1 8.0000000000000004e-1
    8.0000000000000004e-1 8.0000000000000004e-1 8.0000000000000004e-1
    8.0000000000000004e-1 8.0000000000000004e-1 8.0000000000000004e-1
    8.0000000000000004e-1 8.0000000000000004e-1 8.0000000000000004e-1
    8.0000000000000004e-1 8.0000000000000004e-1 8.0000000000000004e-1
    8.0000000000000004e-1 8.0000000000000004e-1 8.0000000000000004e-1
    8.0000000000000004e-1 8.0000000000000004e-1 8.0000000000000004e-1
    8.0000000000000004e-1 8.0000000000000004e-1 8.0000000000000004e-1
    8.0000000000000004e-1 8.0000000000000004e-1 8.0000000000000004e-1
    8.0000000000000004e-1 8.0000000000000004e-1 8.0000000000000004e-1
    8.0000000000000004e-1 8.0000000000000004e-1 8.0000000000000004e-1
    8.0000000000000004e-1 8.0000000000000004e-1 8.0000000000000004e-1
    8.0000000000000004e-1 8.0000000000000004e-1 8.0000000000000004e-1
    8.0000000000000004e-1 8.0000000000000004e-1 8.0000000000000004e-1
    8.0000000000000004e-1 8.0000000000000004e-1 8.0000000000000004e-1
    8.0000000000000004e-1 8.0000000000000004e-1 8.0000000000000004e-1
    8.0000000000000004e-1 8.0000000000000004e-1 8.0000000000000004e-1
    8.0000000000000004e-1 8.0000000000000004e-1 8.0000000000000004e-1
    8.0000000000000004e-1 8.0000000000000004e-1 8.0000000000000004e-1
    8.0000000000000004e-1 8.0000000000000004e-1 8.0000000000000004e-1
    8.0000000000000004e-1 8.0000000000000004e-1 8.0000000000000004e-1
    8.0000000000000004e-1 8.0000000000000004e-1 8.0000000000000004e-1
    8.0000000000000004e-1 8.0000000000000004e-1 8.0000000000000004e-1
    8.0000000000000004e-1 8.0000000000000004e-1 8.0000000000000004e-1
    8.0000000000000004e-1 8.0000000000000004e-1 8.0000000000000004e-1
    8.0000000000000004e-1 8.0000000000000004e-1 8.0000000000000004e-1
    8.0000000000000004e-1 8.0000000000000004e-1 8.0000000000000004e-1
    8.0000000000000004e-1 8.0000000000000004e-1 8.0000000000000004e-1
    8.0000000000000004e-1 8.0000000000000004e-1 8.0000000000000004e-1
    8.0000000000000004e-1 8.0000000000000004e-1 8.0000000000000004e-1
    8.0000000000000004e-1 8.0000000000000004e-1 8.0000000000000004e-1
    8.0000000000000004e-1 8.0000000000000004e-1 8.0000000000000004e-1
    8.0000000000000004e-1 8.0000000000000004e-1 8.0000000000000004e-1
    8.0000000000000004e-1 8.0000000000000004e-1 8.0000000000000004e-1
    8.0000000000000004e-1 8.0000000000000004e-1 8.0000000000000004e-1
    8.0000000000000004e-1 8.0000000000000004e-1 8.0000000000000004e-1
    8.0000000000000004e-1 8.0000000000000004e-1 8.0000000000000004e-1
    8.0000000000000004e-1 8.0000000000000004e-1 8.0000000000000004e-1
    8.0000000000000004e-1 8.0000000000000004e-1 8.0000000000000004e-1
    8.0000000000000004e-1 8.0000000000000004e-1 8.0000000000000004e-1
    8.0000000000000004e-1 8.0000000000000004e-1 8.0000000000000004e-1
    8.0000000000000004e-1 8.0000000000000004e-1 8.0000000000000004e-1
    8.0000000000000004e-1 8.0000000000000004e-1 8.0000000000000004e-1
    8.0000000000000004e-1 8.0000000000000004e-1 8.0000000000000004e-1
    8.0000000000000004e-1 8.0000000000000004e-1 8.0000000000000004e-1
    8.0000000000000004e-1 8.0000000000000004e-1 8.0000000000000004e-1
    8.0000000000000004e-1 8.0000000000000004e-1 8.0000000000000004e-1
    8.0000000000000004e-1 8.0000000000000004e-1 8.0000000000000004e-1
    8.0000000000000004e-1 8.0000000000000004e-1 8.0000000000000004e-1
    8.0000000000000004e-1 8.0000000000000004e-1 8.0000000000000004e-1
    8.0000000000000004e-1 8.0000000000000004e-1 8.0000000000000004e-1
    8.0000000000000004e-1 8.0000000000000004e-1 8.0000000000000004e-1
    8.0000000000000004e-1 8.0000000000000004e-1 8.0000000000000004e-1
    8.0000000000000004e-1 8.0000000000000004e-1 8.0000000000000004e-1
    8.0000000000000004e-1 8.0000000000000004e-1 8.0000000000000004e-1
    8.0000000000000004e-1 8.0000000000000004e-1 8.0000000000000004e-1
    8.0000000000000004e-1 8.0000000000000004e-1 8.0000000000000004e-1
    8.0000000000000004e-1 8.0000000000000004e-1 8.0000000000000004e-1
    8.0000000000000004e-1 8.0000000000000004e-1 8.0000000000000004e-1
    8.0000000000000004e-1 8.0000000000000004e-1 8.0000000000000004e-1
    8.0000000000000004e-1 8.0000000000000004e-1 8.0000000000000004e-1
    8.0000000000000004e-1 8.0000000000000004e-1 8.0000000000000004e-1
    8.0000000000000004e-1 8.0000000000000004e-1 8.0000000000000004e-1
    8.0000000000000004e-1 8.0000000000000004e-1 8.0000000000000004e-1
    8.0000000000000004e-1 8.0000000000000004e-1 8.0000000000000004e-1
    8.0000000000000004e-1 8.0000000000000004e-1 8.0000000000000004e-1
    8.0000000000000004e-1 8.0000000000000004e-1 8.0000000000000004e-1
    8.0000000000000004e-1 8.0000000000000004e-1 8.0000000000000004e-1
    8.0000000000000004e-1 8.0000000000000004e-1 8.0000000000000004e-1
    8.0000000000000004e-1 8.0000000000000004e-1 8.0000000000000004e-1
    8.0000000000000004e-1 8.0000000000000004e-1 8.0000000000000004e-1
    8.0000000000000004e-1 8.0000000000000004e-1 8.0000000000000004e-1
    8.0000000000000004e-1 8.0000000000000004e-1 8.0000000000000004e-1
    8.0000000000000004e-1 8.0000000000000004e-1 8.0000000000000004e-1
    8.0000000000000004e-1 8.0000000000000004e-1 8.0000000000000004e-1
    8.0000000000000004e-1 8.0000000000000004e-1 8.0000000000000004e-1
    8.0000000000000004e-1 8.0000000000000004e-1 8.0000000000000004e-1
    8.0000000000000004e-1 8.0000000000000004e-1 8.0000000000000004e-1
    8.0000000000000004e-1 8.0000000000000004e-1 8.0000000000000004e-1
    8.0000000000000004e-1 8.0000000000000004e-1 8.0000000000000004e-1
    8.0000000000000004e-1 8.0000000000000004e-1 8.0000000000000004e-1
    8.0000000000000004e-1 8.0000000000000004e-1 8.0000000000000004e-1
    8.0000000000000004e-1 8.0000000000000004e-1 8.0000000000000004e-1
    8.0000000000000004e-1 8.0000000000000004e-1 8.0000000000000004e-1
    8.0000000000000004e-1 8.0000000000000004e-1 8.0000000000000004e-1
    8.0000000000000004e-1 8.0000000000000004e-1 8.0000000000000004e-1
    8.0000000000000004e-1 8.0000000000000004e-1 8.0000000000000004e-1
    8.0000000000000004e-1 8.0000000000000004e-1 8.0000000000000004e-1
    8.0000000000000004e-1 8.0000000000000004e-1 8.0000000000000004e-1
    8.0000000000000004e-1 8.0000000000000004e-1 8.0000000000000004e-1
    8.0000000000000004e-1 8.0000000000000004e-1 8.0000000000000004e-1
    8.0000000000000004e-1 8.0000000000000004e-1 8.0000000000000004e-1
    8.0000000000000004e-1 8.0000000000000004e-1 8.0000000000000004e-1
    8.0000000000000004e-1 8.0000000000000004e-1 8.0000000000000004e-1
    8.0000000000000004e-1 8.0000000000000004e-1 8.0000000000000004e-1
    8.0000000000000004e-1 8.0000000000000004e-1 8.0000000000000004e-1
    8.0000000000000004e-1 8.0000000000000004e-1 8.0000000000000004e-1
    8.0000000000000004e-1 8.0000000000000004e-1 8.0000000000000004e-1
    8.0000000000000004e-1 8.0000000000000004e-1 8.0000000000000004e-1
    8.0000000000000004e-1 8.0000000000000004e-1 8.0000000000000004e-1
    8.0000000000000004e-1 8.0000000000000004e-1 8.0000000000000004e-1
    8.0000000000000004e-1 8.0000000000000004e-1 8.0000000000000004e-1
    8.0000000000000004e-1 8.0000000000000004e-1 8.0000000000000004e-1
    8.0000000000000004e-1 8.0000000000000004e-1 8.0000000000000004e-1
    8.0000000000000004e-1 8.0000000000000004e-1 8.0000000000000004e-1
    8.0000000000000004e-1 8.0000000000000004e-1 8.0000000000000004e-1
    8.0000000000000004e-1 8.0000000000000004e-1 8.0000000000000004e-1
    8.0000000000000004e-1 8.0000000000000004e-1 8.0000000000000004e-1
    8.0000000000000004e-1 8.0000000000000004e-1 8.0000000000000004e-1
    8.0000000000000004e-1 8.0000000000000004e-1 8.0000000000000004e-1
    8.0000000000000004e-1 8.0000000000000004e-1 8.0000000000000004e-1
    8.0000000000000004e-1 8.0000000000000004e-1 8.0000000000000004e-1
    8.0000000000000004e-1 8.0000000000000004e-1 8.0000000000000004e-1
    8.0000000000000004e-1 8.0000000000000004e-1 8.0000000000000004e-1
    8.0000000000000004e-1 8.0000000000000004e-1 8.0000000000000004e-1
    8.0000000000000004e-1 8.0000000000000004e-1 8.0000000000000004e-1
    8.0000000000000004e-1 8.0000000000000004e-1 8.0000000000000004e-1
    8.0000000000000004e-1 8.0000000000000004e-1 8.0000000000000004e-1
    8.0000000000000004e-1 8.0000000000000004e-1 8.0000000000000004e-1
    8.0000000000000004e-1 8.0000000000000004e-1 8.0000000000000004e-1
    8.0000000000000004e-1 8.0000000000000004e-1 8.0000000000000004e-1
    8.0000000000000004e-1 8.0000000000000004e-1 8.0000000000000004e-1
    8.0000000000000004e-1 8.0000000000000004e-1 8.0000000000000004e-1
    8.0000000000000004e-1 8.0000000000000004e-1 8.0000000000000004e-1
    8.0000000000000004e-1 8.0000000000000004e-1 8.0000000000000004e-1
    8.0000000000000004e-1 8.0000000000000004e-1 8.0000000000000004e-1
    8.0000000000000004e-1 8.0000000000000004e-1 8.0000000000000004e-1
    8.0000000000000004e-1 8.0000000000000004e-1 8.0000000000000004e-1
    8.0000000000000004e-1 8.0000000000000004e-1 8.0000000000000004e-1
    8.0000000000000004e-1 8.0000000000000004e-1 8.0000000000000004e-1
    8.0000000000000004e-1 8.0000000000000004e-1 8.0000000000000004e-1
    8.0000000000000004e-1 8.0000000000000004e-1 8.0000000000000004e-1
    8.0000000000000004e-1 8.0000000000000004e-1 8.0000000000000004e-1
    8.0000000000000004e-1 8.0000000000000004e-1 8.0000000000000004e-1
    8.0000000000000004e-1 8.0000000000000004e-1 8.0000000000000004e-1
    8.0000000000000004e-1 8.0000000000000004e-1 8.0000000000000004e-1
    8.0000000000000004e-1 8.0000000000000004e-1 8.0000000000000004e-1
    8.0000000000000004e-1 8.0000000000000004e-1 8.0000000000000004e-1
    8.0000000000000004e-1 8.0000000000000004e-1 8.0000000000000004e-1
    8.0000000000000004e-1 8.0000000000000004e-1 8.0000000000000004e-1
    8.0000000000000004e-1 8.0000000000000004e-1 8.0000000000000004e-1
    8.0000000000000004e-1 8.0000000000000004e-1 8.0000000000000004e-1
    8.0000000000000004e-1 8.0000000000000004e-1 8.0000000000000004e-1
    8.0000000000000004e-1 8.0000000000000004e-1 8.0000000000000004e-1
    8.0000000000000004e-1 8.0000000000000004e-1 8.0000000000000004e-1
    8.0000000000000004e-1 8.0000000000000004e-1 8.0000000000000004e-1
    8.0000000000000004e-1 8.0000000000000004e-1 8.0000000000000004e-1
    8.0000000000000004e-1 8.0000000000000004e-1 8.0000000000000004e-1
    8.0000000000000004e-1 8.0000000000000004e-1 8.0000000000000004e-1
    8.0000000000000004e-1 8.0000000000000004e-1 8.0000000000000004e-1
    8.0000000000000004e-1 8.0000000000000004e-1 8.0000000000000004e-1
    8.0000000000000004e-1 8.0000000000000004e-1 8.0000000000000004e-1
    8.0000000000000004e-1 8.0000000000000004e-1 8.0000000000000004e-1
    8.0000000000000004e-1 8.0000000000000004e-1 8.0000000000000004e-1
    8.0000000000000004e-1 8.0000000000000004e-1 8.0000000000000004e-1
    8.0000000000000004e-1 8.0000000000000004e-1 8.0000000000000004e-1
    8.0000000000000004e-1 8.0000000000000004e-1 8.0000000000000004e-1
    8.0000000000000004e-1 8.0000000000000004e-1 8.0000000000000004e-1
    8.0000000000000004e-1 8.0000000000000004e-1 8.0000000000000004e-1
    8.0000000000000004e-1 8.0000000000000004e-1 8.0000000000000004e-1
    8.0000000000000004e-1 8.0000000000000004e-1 8.0000000000000004e-1
    8.0000000000000004e-1 8.0000000000000004e-1 8.0000000000000004e-1
    8.0000000000000004e-1 8.0000000000000004e-1 8.0000000000000004e-1
    8.0000000000000004e-1 8.0000000000000004e-1 8.0000000000000004e-1
    8.0000000000000004e-1 8.0000000000000004e-1 8.0000000000000004e-1
    8.0000000000000004e-1 8.0000000000000004e-1 8.0000000000000004e-1
    8.0000000000000004e-1 8.0000000000000004e-1 8.0000000000000004e-1
    8.0000000000000004e-1 8.0000000000000004e-1 8.0000000000000004e-1
    8.0000000000000004e-1 8.0000000000000004e-1 8.0000000000000004e-1
    8.0000000000000004e-1 8.0000000000000004e-1 8.0000000000000004e-1
    8.0000000000000004e-1 8.0000000000000004e-1 8.0000000000000004e-1
    8.0000000000000004e-1 8.0000000000000004e-1 8.0000000000000004e-1
    8.0000000000000004e-1 8.0000000000000004e-1 8.0000000000000004e-1
    8.0000000000000004e-1 8.0000000000000004e-1 8.0000000000000004e-1
    8.0000000000000004e-1 8.0000000000000004e-1 8.0000000000000004e-1
    8.0000000000000004e-1 8.0000000000000004e-1 8.0000000000000004e-1
    8.0000000000000004e-1 8.0000000000000004e-1 8.0000000000000004e-1
    8.0000000000000004e-1 8.0000000000000004e-1 8.0000000000000004e-1
    8.0000000000000004e-1 8.0000000000000004e-1 8.0000000000000004e-1
    8.0000000000000004e-1 8.0000000000000004e-1 8.0000000000000004e-1
    8.0000000000000004e-1 8.0000000000000004e-1 8.0000000000000004e-1
    8.0000000000000004e-1 8.0000000000000004e-1 8.0000000000000004e-1
    8.0000000000000004e-1 8.0000000000000004e-1 8.0000000000000004e-1
    8.0000000000000004e-1 8.0000000000000004e-1 8.0000000000000004e-1
    8.0000000000000004e-1 8.0000000000000004e-1 8.0000000000000004e-1
    8.0000000000000004e-1 8.0000000000000004e-1 8.0000000000000004e-1
    8.0000000000000004e-1 8.0000000000000004e-1 8.0000000000000004e-1
    8.0000000000000004e-1 8.0000000000000004e-1 8.0000000000000004e-1
    8.0000000000000004e-1 8.0000000000000004e-1 8.0000000000000004e-1
    8.0000000000000004e-1 8.0000000000000004e-1 8.0000000000000004e-1
    8.0000000000000004e-1 8.0000000000000004e-1 8.0000000000000004e-1
    8.0000000000000004e-1 8.0000000000000004e-1 8.0000000000000004e-1
    8.0000000000000004e-1 8.0000000000000004e-1 8.0000000000000004e-1
    8.0000000000000004e-1 8.0000000000000004e-1 8.0000000000000004e-1
    8.0000000000000004e-1 8.0000000000000004e-1 8.0000000000000004e-1
    8.0000000000000004e-1 8.0000000000000004e-1 8.0000000000000004e-1
    8.0000000000000004e-1 8.0000000000000004e-1 8.0000000000000004e-1
    8.0000000000000004e-1 8.0000000000000004e-1 8.0000000000000004e-1
    8.0000000000000004e-1 8.0000000000000004e-1 8.0000000000000004e-1
    8.0000000000000004e-1 8.0000000000000004e-1 8.0000000000000004e-1
    8.0000000000000004e-1 8.0000000000000004e-1 8.0000000000000004e-1
    8.0000000000000004e-1 8.0000000000000004e-1 8.0000000000000004e-1
    8.0000000000000004e-1 8.0000000000000004e-1 8.0000000000000004e-1
    8.0000000000000004e-1 8.0000000000000004e-1 8.0000000000000004e-1
    8.0000000000000004e-1 8.0000000000000004e-1 8.0000000000000004e-1
    8.0000000000000004e-1 8.0000000000000004e-1 8.0000000000000004e-1
    8.0000000000000004e-1 8.0000000000000004e-1 8.0000000000000004e-1
    8.0000000000000004e-1 8.0000000000000004e-1 8.0000000000000004e-1
    8.0000000000000004e-1 8.0000000000000004e-1 8.0000000000000004e-1
    8.0000000000000004e-1 8.0000000000000004e-1 8.0000000000000004e-1
    8.0000000000000004e-1 8.0000000000000004e-1 8.0000000000000004e-1
    8.0000000000000004e-1 8.0000000000000004e-1 8.0000000000000004e-1
    8.0000000000000004e-1 8.0000000000000004e-1 8.0000000000000004e-1
    8.0000000000000004e-1 8.0000000000000004e-1 8.0000000000000004e-1
    8.0000000000000004e-1 8.0000000000000004e-1 8.0000000000000004e-1
    8.0000000000000004e-1 8.0000000000000004e-1 8.0000000000000004e-1
    8.0000000000000004e-1 8.0000000000000004e-1 8.0000000000000004e-1
    8.0000000000000004e-1 8.0000000000000004e-1 8.0000000000000004e-1
    8.0000000000000004e-1 8.0000000000000004e-1 8.0000000000000004e-1
    8.0000000000000004e-1 8.0000000000000004e-1 8.0000000000000004e-1
    8.0000000000000004e-1 8.0000000000000004e-1 8.0000000000000004e-1
    8.0000000000000004e-1 8.0000000000000004e-1 8.0000000000000004e-1
    8.0000000000000004e-1 8.0000000000000004e-1 8.0000000000000004e-1
    8.0000000000000004e-1 8.0000000000000004e-1 8.0000000000000004e-1
    8.0000000000000004e-1 8.0000000000000004e-1 8.0000000000000004e-1
    8.0000000000000004e-1 8.0000000000000004e-1 8.0000000000000004e-1
    8.0000000000000004e-1 8.0000000000000004e-1 8.0000000000000004e-1
    8.0000000000000004e-1 8.0000000000000004e-1 8.0000000000000004e-1
    8.0000000000000004e-1 8.0000000000000004e-1 8.0000000000000004e-1
    8.0000000000000004e-1 8.0000000000000004e-1 8.0000000000000004e-1
    8.0000000000000004e-1 8.0000000000000004e-1 8.0000000000000004e-1
    8.0000000000000004e-1 8.0000000000000004e-1 8.0000000000000004e-1
    8.0000000000000004e-1 8.0000000000000004e-1 8.0000000000000004e-1
    8.0000000000000004e-1 8.0000000000000004e-1 8.0000000000000004e-1
    8.0000000000000004e-1 8.0000000000000004e-1 8.0000000000000004e-1
    8.0000000000000004e-1 8.0000000000000004e-1 8.0000000000000004e-1
    8.0000000000000004e-1 8.0000000000000004e-1 8.0000000000000004e-1
    8.0000000000000004e-1 8.0000000000000004e-1 8.0000000000000004e-1
    8.0000000000000004e-1 8.0000000000000004e-1 8.0000000000000004e-1
    8.0000000000000004e-1 8.0000000000000004e-1 8.0000000000000004e-1
    8.0000000000000004e-1 8.0000000000000004e-1 8.0000000000000004e-1
    8.0000000000000004e-1 8.0000000000000004e-1 8.0000000000000004e-1
    8.0000000000000004e-1 8.0000000000000004e-1 8.0000000000000004e-1
    8.0000000000000004e-1 8.0000000000000004e-1 8.0000000000000004e-1
    8.0000000000000004e-1 8.0000000000000004e-1 8.0000000000000004e-1
    8.0000000000000004e-1 8.0000000000000004e-1 8.0000000000000004e-1
    8.0000000000000004e-1 8.0000000000000004e-1 8.0000000000000004e-1
    8.0000000000000004e-1 8.0000000000000004e-1 8.0000000000000004e-1
    8.0000000000000004e-1 8.0000000000000004e-1 8.0000000000000004e-1
    8.0000000000000004e-1 8.0000000000000004e-1 8.0000000000000004e-1
    8.0000000000000004e-1 8.0000000000000004e-1 8.0000000000000004e-1
    8.0000000000000004e-1 8.0000000000000004e-1 8.0000000000000004e-1
    8.0000000000000004e-1 8.0000000000000004e-1 8.0000000000000004e-1
    8.0000000000000004e-1 8.0000000000000004e-1 8.0000000000000004e-1
    8.0000000000000004e-1 8.0000000000000004e-1 8.0000000000000004e-1
    8.0000000000000004e-1 8.0000000000000004e-1 8.0000000000000004e-1
    8.0000000000000004e-1 8.0000000000000004e-1 8.0000000000000004e-1
    8.0000000000000004e-1 8.0000000000000004e-1 8.0000000000000004e-1
    8.0000000000000004e-1 8.0000000000000004e-1 8.0000000000000004e-1
    8.0000000000000004e-1 8.0000000000000004e-1 8.0000000000000004e-1
    8.0000000000000004e-1 8.0000000000000004e-1 8.0000000000000004e-1
    8.0000000000000004e-1 8.0000000000000004e-1 8.0000000000000004e-1
    8.0000000000000004e-1 8.0000000000000004e-1 8.0000000000000004e-1
    8.0000000000000004e-1 8.0000000000000004e-1 8.0000000000000004e-1
    8.0000000000000004e-1 8.0000000000000004e-1 8.0000000000000004e-1
    8.0000000000000004e-1 8.0000000000000004e-1 8.0000000000000004e-1
    8.0000000000000004e-1 8.0000000000000004e-1 8.0000000000000004e-1
    8.0000000000000004e-1 8.0000000000000004e-1 8.0000000000000004e-1
    8.0000000000000004e-1 8.0000000000000004e-1 8.0000000000000004e-1
    8.0000000000000004e-1 8.0000000000000004e-1 8.0000000000000004e-1
    8.0000000000000004e-1 8.0000000000000004e-1 8.0000000000000004e-1
    8.0000000000000004e-1 8.0000000000000004e-1 8.0000000000000004e-1
    8.0000000000000004e-1 8.0000000000000004e-1 8.0000000000000004e-1
    8.0000000000000004e-1 8.0000000000000004e-1 8.0000000000000004e-1
    8.0000000000000004e-1 8.0000000000000004e-1 8.0000000000000004e-1
    8.0000000000000004e-1 8.0000000000000004e-1 8.0000000000000004e-1
    8.0000000000000004e-1 8.0000000000000004e-1 8.0000000000000004e-1
    8.0000000000000004e-1 8.0000000000000004e-1 8.0000000000000004e-1
    8.0000000000000004e-1 8.0000000000000004e-1 8.0000000000000004e-1
    8.0000000000000004e-1 8.0000000000000004e-1 8.0000000000000004e-1
    8.0000000000000004e-1 8.0000000000000004e-1 8.0000000000000004e-1
    8.0000000000000004e-1 8.0000000000000004e-1 8.0000000000000004e-1
    8.0000000000000004e-1 8.0000000000000004e-1 8.0000000000000004e-1
    8.0000000000000004e-1 8.0000000000000004e-1 8.0000000000000004e-1
    8.0000000000000004e-1 8.0000000000000004e-1 8.0000000000000004e-1
    8.0000000000000004e-1 8.0000000000000004e-1 8.0000000000000004e-1
    8.0000000000000004e-1 8.0000000000000004e-1 8.0000000000000004e-1
    8.0000000000000004e-1 8.0000000000000004e-1 8.0000000000000004e-1
    8.0000000000000004e-1 8.0000000000000004e-1 8.0000000000000004e-1
    8.0000000000000004e-1 8.0000000000000004e-1 8.0000000000000004e-1
    8.0000000000000004e-1 8.0000000000000004e-1 8.0000000000000004e-1
    8.0000000000000004e-1 8.0000000000000004e-1 8.0000000000000004e-1
    8.0000000000000004e-1 8.0000000000000004e-1 8.0000000000000004e-1
    8.0000000000000004e-1 8.0000000000000004e-1 8.0000000000000004e-1
    8.0000000000000004e-1 8.0000000000000004e-1 8.0000000000000004e-1
    8.0000000000000004e-1 8.0000000000000004e-1 8.0000000000000004e-1
    8.0000000000000004e-1 8.0000000000000004e-1 8.0000000000000004e-1
    8.0000000000000004e-1 8.0000000000000004e-1 8.0000000000000004e-1
    8.0000000000000004e-1 8.0000000000000004e-1 8.0000000000000004e-1
    8.0000000000000004e-1 8.0000000000000004e-1 8.0000000000000004e-1
    8.0000000000000004e-1 8.0000000000000004e-1 8.0000000000000004e-1
    8.0000000000000004e-1 8.0000000000000004e-1 8.0000000000000004e-1
    8.0000000000000004e-1 8.0000000000000004e-1 8.0000000000000004e-1
    8.0000000000000004e-1 8.0000000000000004e-1 8.0000000000000004e-1
    8.0000000000000004e-1 8.0000000000000004e-1 8.0000000000000004e-1
    8.0000000000000004e-1 8.0000000000000004e-1 8.0000000000000004e-1
    8.0000000000000004e-1 8.0000000000000004e-1 8.0000000000000004e-1
    8.0000000000000004e-1 8.0000000000000004e-1 8.0000000000000004e-1
    8.0000000000000004e-1 8.0000000000000004e-1 8.0000000000000004e-1
    8.0000000000000004e-1 8.0000000000000004e-1 8.0000000000000004e-1
    8.0000000000000004e-1 8.0000000000000004e-1 8.0000000000000004e-1
    8.0000000000000004e-1 8.0000000000000004e-1 8.0000000000000004e-1
    8.0000000000000004e-1 8.0000000000000004e-1 8.0000000000000004e-1
    8.0000000000000004e-1 8.0000000000000004e-1 8.0000000000000004e-1
    8.0000000000000004e-1 8.0000000000000004e-1 8.0000000000000004e-1
    8.0000000000000004e-1 8.0000000000000004e-1 8.0000000000000004e-1
    8.0000000000000004e-1 8.0000000000000004e-1 8.0000000000000004e-1
    8.0000000000000004e-1 8.0000000000000004e-1 8.0000000000000004e-1
    8.0000000000000004e-1 8.0000000000000004e-1 8.0000000000000004e-1
    8.0000000000000004e-1 8.0000000000000004e-1 8.0000000000000004e-1
    8.0000000000000004e-1 8.0000000000000004e-1 8.0000000000000004e-1
    8.0000000000000004e-1 8.0000000000000004e-1 8.0000000000000004e-1
    8.0000000000000004e-1 8.0000000000000004e-1 8.0000000000000004e-1
    8.0000000000000004e-1 8.0000000000000004e-1 8.0000000000000004e-1
    8.0000000000000004e-1 8.0000000000000004e-1 8.0000000000000004e-1
    8.0000000000000004e-1 8.0000000000000004e-1 8.0000000000000004e-1
    8.0000000000000004e-1 8.0000000000000004e-1 8.0000000000000004e-1
    8.0000000000000004e-1 8.0000000000000004e-1 8.0000000000000004e-1
    8.0000000000000004e-1 8.0000000000000004e-1 8.0000000000000004e-1
    8.0000000000000004e-1 8.0000000000000004e-1 8.0000000000000004e-1
    8.0000000000000004e-1 8.0000000000000004e-1 8.0000000000000004e-1
    8.0000000000000004e-1 8.0000000000000004e-1 8.0000000000000004e-1
    8.0000000000000004e-1 8.0000000000000004e-1 8.0000000000000004e-1
    8.0000000000000004e-1 8.0000000000000004e-1 8.0000000000000004e-1
    8.0000000000000004e-1 8.0000000000000004e-1 8.0000000000000004e-1
    8.0000000000000004e-1 8.0000000000000004e-1 8.0000000000000004e-1
    8.0000000000000004e-1 8.0000000000000004e-1 8.0000000000000004e-1
    8.0000000000000004e-1 8.0000000000000004e-1 8.0000000000000004e-1
    8.0000000000000004e-1 8.0000000000000004e-1 8.0000000000000004e-1
    8.0000000000000004e-1 8.0000000000000004e-1 8.0000000000000004e-1
    8.0000000000000004e-1 8.0000000000000004e-1 8.0000000000000004e-1
    8.0000000000000004e-1 8.0000000000000004e-1 8.0000000000000004e-1
    8.0000000000000004e-1 8.0000000000000004e-1 8.0000000000000004e-1
    8.0000000000000004e-1 8.0000000000000004e-1 8.0000000000000004e-1
    8.0000000000000004e-1 8.0000000000000004e-1 8.0000000000000004e-1
    8.0000000000000004e-1 8.0000000000000004e-1 8.0000000000000004e-1
    8.0000000000000004e-1 8.0000000000000004e-1 8.0000000000000004e-1
    8.0000000000000004e-1 8.0000000000000004e-1 8.0000000000000004e-1
    8.0000000000000004e-1 8.0000000000000004e-1 8.0000000000000004e-1
    8.0000000000000004e-1 8.0000000000000004e-1 8.0000000000000004e-1
    8.0000000000000004e-1 8.0000000000000004e-1 8.0000000000000004e-1
    8.0000000000000004e-1 8.0000000000000004e-1 8.0000000000000004e-1
    8.0000000000000004e-1 8.0000000000000004e-1 8.0000000000000004e-1
    8.0000000000000004e-1 8.0000000000000004e-1 8.0000000000000004e-1
    8.0000000000000004e-1 8.0000000000000004e-1 8.0000000000000004e-1
    8.0000000000000004e-1 8.0000000000000004e-1 8.0000000000000004e-1
    8.0000000000000004e-1 8.0000000000000004e-1 8.0000000000000004e-1
    8.0000000000000004e-1 8.0000000000000004e-1 8.0000000000000004e-1
    8.0000000000000004e-1 8.0000000000000004e-1 8.0000000000000004e-1
    8.0000000000000004e-1 8.0000000000000004e-1 8.0000000000000004e-1
    8.0000000000000004e-1 8.0000000000000004e-1 8.0000000000000004e-1
    8.0000000000000004e-1 8.0000000000000004e-1 8.0000000000000004e-1
    8.0000000000000004e-1 8.0000000000000004e-1 8.0000000000000004e-1
    8.0000000000000004e-1 8.0000000000000004e-1 8.0000000000000004e-1
    8.0000000000000004e-1 8.0000000000000004e-1 8.0000000000000004e-1
    8.0000000000000004e-1 8.0000000000000004e-1 8.0000000000000004e-1
    8.0000000000000004e-1 8.0000000000000004e-1 8.0000000000000004e-1
    8.0000000000000004e-1 8.0000000000000004e-1 8.0000000000000004e-1
    8.0000000000000004e-1 8.0000000000000004e-1 8.0000000000000004e-1
    8.0000000000000004e-1 8.0000000000000004e-1 8.0000000000000004e-1
    8.0000000000000004e-1 8.0000000000000004e-1 8.0000000000000004e-1
    8.0000000000000004e-1 8.0000000000000004e-1 8.0000000000000004e-1
    8.0000000000000004e-1 8.0000000000000004e-1 8.0000000000000004e-1
    8.0000000000000004e-1 8.0000000000000004e-1 8.0000000000000004e-1
    8.0000000000000004e-1 8.0000000000000004e-1 8.0000000000000004e-1
    8.0000000000000004e-1 8.0000000000000004e-1 8.0000000000000004e-1
    8.0000000000000004e-1 8.0000000000000004e-1 8.0000000000000004e-1
    8.0000000000000004e-1 8.0000000000000004e-1 8.0000000000000004e-1
    8.0000000000000004e-1 8.0000000000000004e-1 8.0000000000000004e-1
    8.0000000000000004e-1 8.0000000000000004e-1 8.0000000000000004e-1
    8.0000000000000004e-1 8.0000000000000004e-1 8.0000000000000004e-1
    8.0000000000000004e-1 8.0000000000000004e-1 8.0000000000000004e-1
    8.0000000000000004e-1 8.0000000000000004e-1 8.0000000000000004e-1
    8.0000000000000004e-1 8.0000000000000004e-1 8.0000000000000004e-1
    8.0000000000000004e-1 8.0000000000000004e-1 8.0000000000000004e-1
    8.0000000000000004e-1 8.0000000000000004e-1 8.0000000000000004e-1
    8.0000000000000004e-1 8.0000000000000004e-1 8.0000000000000004e-1
    8.0000000000000004e-1 8.0000000000000004e-1 8.0000000000000004e-1
    8.0000000000000004e-1 8.0000000000000004e-1 8.0000000000000004e-1
    8.0000000000000004e-1 8.0000000000000004e-1 8.0000000000000004e-1
    8.0000000000000004e-1 8.0000000000000004e-1 8.0000000000000004e-1
    8.0000000000000004e-1 8.0000000000000004e-1 8.0000000000000004e-1
    8.0000000000000004e-1 8.0000000000000004e-1 8.0000000000000004e-1
    8.0000000000000004e-1 8.0000000000000004e-1 8.0000000000000004e-1
    8.0000000000000004e-1 8.0000000000000004e-1 8.0000000000000004e-1
    8.0000000000000004e-1 8.0000000000000004e-1 8.0000000000000004e-1
    8.0000000000000004e-1 8.0000000000000004e-1 8.0000000000000004e-1
    8.0000000000000004e-1 8.0000000000000004e-1 8.0000000000000004e-1
    8.0000000000000004e-1 8.0000000000000004e-1 8.0000000000000004e-1
    8.0000000000000004e-1 8.0000000000000004e-1 8.0000000000000004e-1
    8.0000000000000004e-1 8.0000000000000004e-1 8.0000000000000004e-1
    8.0000000000000004e-1 8.0000000000000004e-1 8.0000000000000004e-1
    8.0000000000000004e-1 8.0000000000000004e-1 8.0000000000000004e-1
    8.0000000000000004e-1 8.0000000000000004e-1 8.0000000000000004e-1
    8.0000000000000004e-1 8.0000000000000004e-1 8.0000000000000004e-1
    8.0000000000000004e-1 8.0000000000000004e-1 8.0000000000000004e-1
    8.0000000000000004e-1 8.0000000000000004e-1 8.0000000000000004e-1
    8.0000000000000004e-1 8.0000000000000004e-1 8.0000000000000004e-1
    8.0000000000000004e-1 8.0000000000000004e-1 8.0000000000000004e-1
    8.0000000000000004e-1 8.0000000000000004e-1 8.0000000000000004e-1
    8.0000000000000004e-1 8.0000000000000004e-1 8.0000000000000004e-1
    8.0000000000000004e-1 8.0000000000000004e-1 8.0000000000000004e-1
    8.0000000000000004e-1 8.0000000000000004e-1 8.0000000000000004e-1
    8.0000000000000004e-1 8.0000000000000004e-1 8.0000000000000004e-1
    8.0000000000000004e-1 8.0000000000000004e-1 8.0000000000000004e-1
    8.0000000000000004e-1 8.0000000000000004e-1 8.0000000000000004e-1
    8.0000000000000004e-1 8.0000000000000004e-1 8.0000000000000004e-1
    8.0000000000000004e-1 8.0000000000000004e-1 8.0000000000000004e-1
    8.0000000000000004e-1 8.0000000000000004e-1 8.0000000000000004e-1
    8.0000000000000004e-1 8.0000000000000004e-1 8.0000000000000004e-1
    8.0000000000000004e-1 8.0000000000000004e-1 8.0000000000000004e-1
    8.0000000000000004e-1 8.0000000000000004e-1 8.0000000000000004e-1
    8.0000000000000004e-1 8.0000000000000004e-1 8.0000000000000004e-1
    8.0000000000000004e-1 8.0000000000000004e-1 8.0000000000000004e-1
    8.0000000000000004e-1 8.0000000000000004e-1 8.0000000000000004e-1
    8.0000000000000004e-1 8.0000000000000004e-1 8.0000000000000004e-1
    8.0000000000000004e-1 8.0000000000000004e-1 8.0000000000000004e-1
    8.0000000000000004e-1 8.0000000000000004e-1 8.0000000000000004e-1
    8.0000000000000004e-1 8.0000000000000004e-1 8.0000000000000004e-1
    8.0000000000000004e-1 8.0000000000000004e-1 8.0000000000000004e-1
    8.0000000000000004e-1 8.0000000000000004e-1 8.0000000000000004e-1
    8.0000000000000004e-1 8.0000000000000004e-1 8.0000000000000004e-1
    8.0000000000000004e-1 8.0000000000000004e-1 8.0000000000000004e-1
    8.0000000000000004e-1 8.0000000000000004e-1 8.0000000000000004e-1
    8.0000000000000004e-1 8.0000000000000004e-1 8.0000000000000004e-1
    8.0000000000000004e-1 8.0000000000000004e-1 8.0000000000000004e-1
    8.0000000000000004e-1 8.0000000000000004e-1 8.0000000000000004e-1
    8.0000000000000004e-1 8.0000000000000004e-1 8.0000000000000004e-1
    8.0000000000000004e-1 8.0000000000000004e-1 8.0000000000000004e-1
    8.0000000000000004e-1 8.0000000000000004e-1 8.0000000000000004e-1
    8.0000000000000004e-1 8.0000000000000004e-1 8.0000000000000004e-1
    8.0000000000000004e-1 8.0000000000000004e-1 8.0000000000000004e-1
    8.0000000000000004e-1 8.0000000000000004e-1 8.0000000000000004e-1
    8.0000000000000004e-1 8.0000000000000004e-1 8.0000000000000004e-1
    8.0000000000000004e-1 8.0000000000000004e-1 8.0000000000000004e-1
    8.0000000000000004e-1 8.0000000000000004e-1 8.0000000000000004e-1
    8.0000000000000004e-1 8.0000000000000004e-1 8.0000000000000004e-1
    8.0000000000000004e-1 8.0000000000000004e-1 8.0000000000000004e-1
    8.0000000000000004e-1 8.0000000000000004e-1 8.0000000000000004e-1
    8.0000000000000004e-1 8.0000000000000004e-1 8.0000000000000004e-1
    8.0000000000000004e-1 8.0000000000000004e-1 8.0000000000000004e-1
    8.0000000000000004e-1 8.0000000000000004e-1 8.0000000000000004e-1
    8.0000000000000004e-1 8.0000000000000004e-1 8.0000000000000004e-1
    8.0000000000000004e-1 8.0000000000000004e-1 9.0000000000000002e-1
    9.0000000000000002e-1 9.0000000000000002e-1 9.0000000000000002e-1
    9.0000000000000002e-1 9.0000000000000002e-1 9.0000000000000002e-1
    9.0000000000000002e-1 9.0000000000000002e-1 9.0000000000000002e-1
    9.0000000000000002e-1 9.0000000000000002e-1 9.0000000000000002e-1
    9.0000000000000002e-1 9.0000000000000002e-1 9.0000000000000002e-1
    9.0000000000000002e-1 9.0000000000000002e-1 9.0000000000000002e-1
    9.0000000000000002e-1 9.0000000000000002e-1 9.0000000000000002e-1
    9.0000000000000002e-1 9.0000000000000002e-1 9.0000000000000002e-1
    9.0000000000000002e-1 9.0000000000000002e-1 9.0000000000000002e-1
    9.0000000000000002e-1 9.0000000000000002e-1 9.0000000000000002e-1
    9.0000000000000002e-1 9.0000000000000002e-1 9.0000000000000002e-1
    9.0000000000000002e-1 9.0000000000000002e-1 9.0000000000000002e-1
    9.0000000000000002e-1 9.0000000000000002e-1 9.0000000000000002e-1
    9.0000000000000002e-1 9.0000000000000002e-1 9.0000000000000002e-1
    9.0000000000000002e-1 9.0000000000000002e-1 9.0000000000000002e-1
    9.0000000000000002e-1 9.0000000000000002e-1 9.0000000000000002e-1
    9.0000000000000002e-1 9.0000000000000002e-1 9.0000000000000002e-1
    9.0000000000000002e-1 9.0000000000000002e-1 9.0000000000000002e-1
    9.0000000000000002e-1 9.0000000000000002e-1 9.0000000000000002e-1
    9.0000000000000002e-1 9.0000000000000002e-1 9.0000000000000002e-1
    9.0000000000000002e-1 9.0000000000000002e-1 9.0000000000000002e-1
    9.0000000000000002e-1 9.0000000000000002e-1 9.0000000000000002e-1
    9.0000000000000002e-1 9.0000000000000002e-1 9.0000000000000002e-1
    9.0000000000000002e-1 9.0000000000000002e-1 9.0000000000000002e-1
    9.0000000000000002e-1 9.0000000000000002e-1 9.0000000000000002e-1
    9.0000000000000002e-1 9.0000000000000002e-1 9.0000000000000002e-1
    9.0000000000000002e-1 9.0000000000000002e-1 9.0000000000000002e-1
    9.0000000000000002e-1 9.0000000000000002e-1 9.0000000000000002e-1
    9.0000000000000002e-1 9.0000000000000002e-1 9.0000000000000002e-1
    9.0000000000000002e-1 9.0000000000000002e-1 9.0000000000000002e-1
    9.0000000000000002e-1 9.0000000000000002e-1 9.0000000000000002e-1
    9.0000000000000002e-1 9.0000000000000002e-1 9.0000000000000002e-1
    9.0000000000000002e-1 9.0000000000000002e-1 9.0000000000000002e-1
    9.0000000000000002e-1 9.0000000000000002e-1 9.0000000000000002e-1
    9.0000000000000002e-1 9.0000000000000002e-1 9.0000000000000002e-1
    9.0000000000000002e-1 9.0000000000000002e-1 9.0000000000000002e-1
    9.0000000000000002e-1 9.0000000000000002e-1 9.0000000000000002e-1
    9.0000000000000002e-1 9.0000000000000002e-1 9.0000000000000002e-1
    9.0000000000000002e-1 9.0000000000000002e-1 9.0000000000000002e-1
    9.0000000000000002e-1 9.0000000000000002e-1 9.0000000000000002e-1
    9.0000000000000002e-1 9.0000000000000002e-1 9.0000000000000002e-1
    9.0000000000000002e-1 9.0000000000000002e-1 9.0000000000000002e-1
    9.0000000000000002e-1 9.0000000000000002e-1 9.0000000000000002e-1
    9.0000000000000002e-1 9.0000000000000002e-1 9.0000000000000002e-1
    9.0000000000000002e-1 9.0000000000000002e-1 9.0000000000000002e-1
    9.0000000000000002e-1 9.0000000000000002e-1 9.0000000000000002e-1
    9.0000000000000002e-1 9.0000000000000002e-1 9.0000000000000002e-1
    9.0000000000000002e-1 9.0000000000000002e-1 9.0000000000000002e-1
    9.0000000000000002e-1 9.0000000000000002e-1 9.0000000000000002e-1
    9.0000000000000002e-1 9.0000000000000002e-1 9.0000000000000002e-1
    9.0000000000000002e-1 9.0000000000000002e-1 9.0000000000000002e-1
    9.0000000000000002e-1 9.0000000000000002e-1 9.0000000000000002e-1
    9.0000000000000002e-1 9.0000000000000002e-1 9.0000000000000002e-1
    9.0000000000000002e-1 9.0000000000000002e-1 9.0000000000000002e-1
    9.0000000000000002e-1 9.0000000000000002e-1 9.0000000000000002e-1
    9.0000000000000002e-1 9.0000000000000002e-1 9.0000000000000002e-1
    9.0000000000000002e-1 9.0000000000000002e-1 9.0000000000000002e-1
    9.0000000000000002e-1 9.0000000000000002e-1 9.0000000000000002e-1
    9.0000000000000002e-1 9.0000000000000002e-1 9.0000000000000002e-1
    9.0000000000000002e-1 9.0000000000000002e-1 9.0000000000000002e-1
    9.0000000000000002e-1 9.0000000000000002e-1 9.0000000000000002e-1
    9.0000000000000002e-1 9.0000000000000002e-1 9.0000000000000002e-1
    9.0000000000000002e-1 9.0000000000000002e-1 9.0000000000000002e-1
    9.0000000000000002e-1 9.0000000000000002e-1 9.0000000000000002e-1
    9.0000000000000002e-1 9.0000000000000002e-1 9.0000000000000002e-1
    9.0000000000000002e-1 9.0000000000000002e-1 9.0000000000000002e-1
    9.0000000000000002e-1 9.0000000000000002e-1 9.0000000000000002e-1
    9.0000000000000002e-1 9.0000000000000002e-1 9.0000000000000002e-1
    9.0000000000000002e-1 9.0000000000000002e-1 9.0000000000000002e-1
    9.0000000000000002e-1 9.0000000000000002e-1 9.0000000000000002e-1
    9.0000000000000002e-1 9.0000000000000002e-1 9.0000000000000002e-1
    9.0000000000000002e-1 9.0000000000000002e-1 9.0000000000000002e-1
    9.0000000000000002e-1 9.0000000000000002e-1 9.0000000000000002e-1
    9.0000000000000002e-1 9.0000000000000002e-1 9.0000000000000002e-1
    9.0000000000000002e-1 9.0000000000000002e-1 9.0000000000000002e-1
    9.0000000000000002e-1 9.0000000000000002e-1 9.0000000000000002e-1
    9.0000000000000002e-1 9.0000000000000002e-1 9.0000000000000002e-1
    9.0000000000000002e-1 9.0000000000000002e-1 9.0000000000000002e-1
    9.0000000000000002e-1 9.0000000000000002e-1 9.0000000000000002e-1
    9.0000000000000002e-1 9.0000000000000002e-1 9.0000000000000002e-1
    9.0000000000000002e-1 9.0000000000000002e-1 9.0000000000000002e-1
    9.0000000000000002e-1 9.0000000000000002e-1 9.0000000000000002e-1
    9.0000000000000002e-1 9.0000000000000002e-1 9.0000000000000002e-1
    9.0000000000000002e-1 9.0000000000000002e-1 9.0000000000000002e-1
    9.0000000000000002e-1 9.0000000000000002e-1 9.0000000000000002e-1
    9.0000000000000002e-1 9.0000000000000002e-1 9.0000000000000002e-1
    9.0000000000000002e-1 9.0000000000000002e-1 9.0000000000000002e-1
    9.0000000000000002e-1 9.0000000000000002e-1 9.0000000000000002e-1
    9.0000000000000002e-1 9.0000000000000002e-1 9.0000000000000002e-1
    9.0000000000000002e-1 9.0000000000000002e-1 9.0000000000000002e-1
    9.0000000000000002e-1 9.0000000000000002e-1 9.0000000000000002e-1
    9.0000000000000002e-1 9.0000000000000002e-1 9.0000000000000002e-1
    9.0000000000000002e-1 9.0000000000000002e-1 9.0000000000000002e-1
    9.0000000000000002e-1 9.0000000000000002e-1 9.0000000000000002e-1
    9.0000000000000002e-1 9.0000000000000002e-1 9.0000000000000002e-1
    9.0000000000000002e-1 9.0000000000000002e-1 9.0000000000000002e-1
    9.0000000000000002e-1 9.0000000000000002e-1 9.0000000000000002e-1
    9.0000000000000002e-1 9.0000000000000002e-1 9.0000000000000002e-1
    9.0000000000000002e-1 9.0000000000000002e-1 9.0000000000000002e-1
    9.0000000000000002e-1 9.0000000000000002e-1 9.0000000000000002e-1
    9.0000000000000002e-1 9.0000000000000002e-1 9.0000000000000002e-1
    9.0000000000000002e-1 9.0000000000000002e-1 9.0000000000000002e-1
    9.0000000000000002e-1 9.0000000000000002e-1 9.0000000000000002e-1
    9.0000000000000002e-1 9.0000000000000002e-1 9.0000000000000002e-1
    9.0000000000000002e-1 9.0000000000000002e-1 9.0000000000000002e-1
    9.0000000000000002e-1 9.0000000000000002e-1 9.0000000000000002e-1
    9.0000000000000002e-1 9.0000000000000002e-1 9.0000000000000002e-1
    9.0000000000000002e-1 9.0000000000000002e-1 9.0000000000000002e-1
    9.0000000000000002e-1 9.0000000000000002e-1 9.0000000000000002e-1
    9.0000000000000002e-1 9.0000000000000002e-1 9.0000000000000002e-1
    9.0000000000000002e-1 9.0000000000000002e-1 9.0000000000000002e-1
    9.0000000000000002e-1 9.0000000000000002e-1 9.0000000000000002e-1
    9.0000000000000002e-1 9.0000000000000002e-1 9.0000000000000002e-1
    9.0000000000000002e-1 9.0000000000000002e-1 9.0000000000000002e-1
    9.0000000000000002e-1 9.0000000000000002e-1 9.0000000000000002e-1
    9.0000000000000002e-1 9.0000000000000002e-1 9.0000000000000002e-1
    9.0000000000000002e-1 9.0000000000000002e-1 9.0000000000000002e-1
    9.0000000000000002e-1 9.0000000000000002e-1 9.0000000000000002e-1
    9.0000000000000002e-1 9.0000000000000002e-1 9.0000000000000002e-1
    9.0000000000000002e-1 9.0000000000000002e-1 9.0000000000000002e-1
    9.0000000000000002e-1 9.0000000000000002e-1 9.0000000000000002e-1
    9.0000000000000002e-1 9.0000000000000002e-1 9.0000000000000002e-1
    9.0000000000000002e-1 9.0000000000000002e-1 9.0000000000000002e-1
    9.0000000000000002e-1 9.0000000000000002e-1 9.0000000000000002e-1
    9.0000000000000002e-1 9.0000000000000002e-1 9.0000000000000002e-1
    9.0000000000000002e-1 9.0000000000000002e-1 9.0000000000000002e-1
    9.0000000000000002e-1 9.0000000000000002e-1 9.0000000000000002e-1
    9.0000000000000002e-1 9.0000000000000002e-1 9.0000000000000002e-1
    9.0000000000000002e-1 9.0000000000000002e-1 9.0000000000000002e-1
    9.0000000000000002e-1 9.0000000000000002e-1 9.0000000000000002e-1
    9.0000000000000002e-1 9.0000000000000002e-1 9.0000000000000002e-1
    9.0000000000000002e-1 9.0000000000000002e-1 9.0000000000000002e-1
    9.0000000000000002e-1 9.0000000000000002e-1 9.0000000000000002e-1
    9.0000000000000002e-1 9.0000000000000002e-1 9.0000000000000002e-1
    9.0000000000000002e-1 9.0000000000000002e-1 9.0000000000000002e-1
    9.0000000000000002e-1 9.0000000000000002e-1 9.0000000000000002e-1
    9.0000000000000002e-1 9.0000000000000002e-1 9.0000000000000002e-1
    9.0000000000000002e-1 9.0000000000000002e-1 9.0000000000000002e-1
    9.0000000000000002e-1 9.0000000000000002e-1 9.0000000000000002e-1
    9.0000000000000002e-1 9.0000000000000002e-1 9.0000000000000002e-1
    9.0000000000000002e-1 9.0000000000000002e-1 9.0000000000000002e-1
    9.0000000000000002e-1 9.0000000000000002e-1 9.0000000000000002e-1
    9.0000000000000002e-1 9.0000000000000002e-1 9.0000000000000002e-1
    9.0000000000000002e-1 9.0000000000000002e-1 9.0000000000000002e-1
    9.0000000000000002e-1 9.0000000000000002e-1 9.0000000000000002e-1
    9.0000000000000002e-1 9.0000000000000002e-1 9.0000000000000002e-1
    9.0000000000000002e-1 9.0000000000000002e-1 9.0000000000000002e-1
    9.0000000000000002e-1 9.0000000000000002e-1 9.0000000000000002e-1
    9.0000000000000002e-1 9.0000000000000002e-1 9.0000000000000002e-1
    9.0000000000000002e-1 9.0000000000000002e-1 9.0000000000000002e-1
    9.0000000000000002e-1 9.0000000000000002e-1 9.0000000000000002e-1
    9.0000000000000002e-1 9.0000000000000002e-1 9.0000000000000002e-1
    9.0000000000000002e-1 9.0000000000000002e-1 9.0000000000000002e-1
    9.0000000000000002e-1 9.0000000000000002e-1 9.0000000000000002e-1
    9.0000000000000002e-1 9.0000000000000002e-1 9.0000000000000002e-1
    9.0000000000000002e-1 9.0000000000000002e-1 9.0000000000000002e-1
    9.0000000000000002e-1 9.0000000000000002e-1 9.0000000000000002e-1
    9.0000000000000002e-1 9.0000000000000002e-1 9.0000000000000002e-1
    9.0000000000000002e-1 9.0000000000000002e-1 9.0000000000000002e-1
    9.0000000000000002e-1 9.0000000000000002e-1 9.0000000000000002e-1
    9.0000000000000002e-1 9.0000000000000002e-1 9.0000000000000002e-1
    9.0000000000000002e-1 9.0000000000000002e-1 9.0000000000000002e-1
    9.0000000000000002e-1 9.0000000000000002e-1 9.0000000000000002e-1
    9.0000000000000002e-1 9.0000000000000002e-1 9.0000000000000002e-1
    9.0000000000000002e-1 9.0000000000000002e-1 9.0000000000000002e-1
    9.0000000000000002e-1 9.0000000000000002e-1 9.0000000000000002e-1
    9.0000000000000002e-1 9.0000000000000002e-1 9.0000000000000002e-1
    9.0000000000000002e-1 9.0000000000000002e-1 9.0000000000000002e-1
    9.0000000000000002e-1 9.0000000000000002e-1 9.0000000000000002e-1
    9.0000000000000002e-1 9.0000000000000002e-1 9.0000000000000002e-1
    9.0000000000000002e-1 9.0000000000000002e-1 9.0000000000000002e-1
    9.0000000000000002e-1 9.0000000000000002e-1 9.0000000000000002e-1
    9.0000000000000002e-1 9.0000000000000002e-1 9.0000000000000002e-1
    9.0000000000000002e-1 9.0000000000000002e-1 9.0000000000000002e-1
    9.0000000000000002e-1 9.0000000000000002e-1 9.0000000000000002e-1
    9.0000000000000002e-1 9.0000000000000002e-1 9.0000000000000002e-1
    9.0000000000000002e-1 9.0000000000000002e-1 9.0000000000000002e-1
    9.0000000000000002e-1 9.0000000000000002e-1 9.0000000000000002e-1
    9.0000000000000002e-1 9.0000000000000002e-1 9.0000000000000002e-1
    9.0000000000000002e-1 9.0000000000000002e-1 9.0000000000000002e-1
    9.0000000000000002e-1 9.0000000000000002e-1 9.0000000000000002e-1
    9.0000000000000002e-1 9.0000000000000002e-1 9.0000000000000002e-1
    9.0000000000000002e-1 9.0000000000000002e-1 9.0000000000000002e-1
    9.0000000000000002e-1 9.0000000000000002e-1 9.0000000000000002e-1
    9.0000000000000002e-1 9.0000000000000002e-1 9.0000000000000002e-1
    9.0000000000000002e-1 9.0000000000000002e-1 9.0000000000000002e-1
    9.0000000000000002e-1 9.0000000000000002e-1 9.0000000000000002e-1
    9.0000000000000002e-1 9.0000000000000002e-1 9.0000000000000002e-1
    9.0000000000000002e-1 9.0000000000000002e-1 9.0000000000000002e-1
    9.0000000000000002e-1 9.0000000000000002e-1 9.0000000000000002e-1
    9.0000000000000002e-1 9.0000000000000002e-1 9.0000000000000002e-1
    9.0000000000000002e-1 9.0000000000000002e-1 9.0000000000000002e-1
    9.0000000000000002e-1 9.0000000000000002e-1 9.0000000000000002e-1
    9.0000000000000002e-1 9.0000000000000002e-1 9.0000000000000002e-1
    9.0000000000000002e-1 9.0000000000000002e-1 9.0000000000000002e-1
    9.0000000000000002e-1 9.0000000000000002e-1 9.0000000000000002e-1
    9.0000000000000002e-1 9.0000000000000002e-1 9.0000000000000002e-1
    9.0000000000000002e-1 9.0000000000000002e-1 9.0000000000000002e-1
    9.0000000000000002e-1 9.0000000000000002e-1 9.0000000000000002e-1
    9.0000000000000002e-1 9.0000000000000002e-1 9.0000000000000002e-1
    9.0000000000000002e-1 9.0000000000000002e-1 9.0000000000000002e-1
    9.0000000000000002e-1 9.0000000000000002e-1 9.0000000000000002e-1
    9.0000000000000002e-1 9.0000000000000002e-1 9.0000000000000002e-1
    9.0000000000000002e-1 9.0000000000000002e-1 9.0000000000000002e-1
    9.0000000000000002e-1 9.0000000000000002e-1 9.0000000000000002e-1
    9.0000000000000002e-1 9.0000000000000002e-1 9.0000000000000002e-1
    9.0000000000000002e-1 9.0000000000000002e-1 9.0000000000000002e-1
    9.0000000000000002e-1 9.0000000000000002e-1 9.0000000000000002e-1
    9.0000000000000002e-1 9.0000000000000002e-1 9.0000000000000002e-1
    9.0000000000000002e-1 9.0000000000000002e-1 9.0000000000000002e-1
    9.0000000000000002e-1 9.0000000000000002e-1 9.0000000000000002e-1
    9.0000000000000002e-1 9.0000000000000002e-1 9.0000000000000002e-1
    9.0000000000000002e-1 9.0000000000000002e-1 9.0000000000000002e-1
    9.0000000000000002e-1 9.0000000000000002e-1 9.0000000000000002e-1
    9.0000000000000002e-1 9.0000000000000002e-1 9.0000000000000002e-1
    9.0000000000000002e-1 9.0000000000000002e-1 9.0000000000000002e-1
    9.0000000000000002e-1 9.0000000000000002e-1 9.0000000000000002e-1
    9.0000000000000002e-1 9.0000000000000002e-1 9.0000000000000002e-1
    9.0000000000000002e-1 9.0000000000000002e-1 9.0000000000000002e-1
    9.0000000000000002e-1 9.0000000000000002e-1 9.0000000000000002e-1
    9.0000000000000002e-1 9.0000000000000002e-1 9.0000000000000002e-1
    9.0000000000000002e-1 9.0000000000000002e-1 9.0000000000000002e-1
    9.0000000000000002e-1 9.0000000000000002e-1 9.0000000000000002e-1
    9.0000000000000002e-1 9.0000000000000002e-1 9.0000000000000002e-1
    9.0000000000000002e-1 9.0000000000000002e-1 9.0000000000000002e-1
    9.0000000000000002e-1 9.0000000000000002e-1 9.0000000000000002e-1
    9.0000000000000002e-1 9.0000000000000002e-1 9.0000000000000002e-1
    9.0000000000000002e-1 9.0000000000000002e-1 9.0000000000000002e-1
    9.0000000000000002e-1 9.0000000000000002e-1 9.0000000000000002e-1
    9.0000000000000002e-1 9.0000000000000002e-1 9.0000000000000002e-1
    9.0000000000000002e-1 9.0000000000000002e-1 9.0000000000000002e-1
    9.0000000000000002e-1 9.0000000000000002e-1 9.0000000000000002e-1
    9.0000000000000002e-1 9.0000000000000002e-1 9.0000000000000002e-1
    9.0000000000000002e-1 9.0000000000000002e-1 9.0000000000000002e-1
    9.0000000000000002e-1 9.0000000000000002e-1 9.0000000000000002e-1
    9.0000000000000002e-1 9.0000000000000002e-1 9.0000000000000002e-1
    9.0000000000000002e-1 9.0000000000000002e-1 9.0000000000000002e-1
    9.0000000000000002e-1 9.0000000000000002e-1 9.0000000000000002e-1
    9.0000000000000002e-1 9.0000000000000002e-1 1.0 1.0 1.0 1.0 1.0 1.0 1.0 1.0
    1.0 1.0 1.0 1.0 1.0 1.0 1.0 1.0 1.0 1.0 1.0 1.0 1.0 1.0 1.0 1.0 1.0 1.0 1.0
    1.0 1.0 1.0 1.0 1.0 1.0 1.0 1.0 1.0 1.0 1.0 1.0 1.0 1.0 1.0 1.0 1.0 1.0 1.0
    1.0 1.0 1.0 1.0 1.0 1.0 1.0 1.0 1.0 1.0 1.0 1.0 1.0 1.0 1.0 1.0 1.0 1.0 1.0
    1.0 1.0 1.0 1.0 1.0 1.0 1.0 1.0 1.0 1.0 1.0 1.0 1.0 1.0 1.0 1.0 1.0 1.0 1.0
    1.0 1.0 1.0 1.0 1.0 1.0 1.0 1.0 1.0 1.0 1.0 1.0 1.0 1.0 1.0 1.0 1.0 1.0 1.0
    1.0 1.0 1.0 1.0 1.0 1.0 1.0 1.0 1.0 1.0 1.0 1.0 1.0 1.0 1.0 1.0 1.0 1.0 1.0
    1.0 1.0 1.0 1.0 1.0 1.0 1.0 1.0 1.0 1.0 1.0 1.0 1.0 1.0 1.0 1.0 1.0 1.0 1.0
    1.0 1.0 1.0 1.0 1.0 1.0 1.0 1.0 1.0 1.0 1.0 1.0 1.0 1.0 1.0 1.0 1.0 1.0 1.0
    1.0 1.0 1.0 1.0 1.0 1.0 1.0 1.0 1.0 1.0 1.0 1.0 1.0 1.0 1.0 1.0 1.0 1.0 1.0
    1.0 1.0 1.0 1.0 1.0 1.0 1.0 1.0 1.0 1.0 1.0 1.0 1.0 1.0 1.0 1.0 1.0 1.0 1.0
    1.0 1.0 1.0 1.0 1.0 1.0 1.0 1.0 1.0 1.0 1.0 1.0 1.0 1.0 1.0 1.0 1.0 1.0 1.0
    1.0 1.0 1.0 1.0 1.0 1.0 1.0 1.0 1.0 1.0 1.0 1.0 1.0 1.0 1.0 1.0 1.0 1.0 1.0
    1.0 1.0 1.0 1.0 1.0 1.0 1.0 1.0 1.0 1.0 1.0 1.0 1.0 1.0 1.0 1.0 1.0 1.0 1.0
    1.0 1.0 1.0 1.0 1.0 1.0 1.0 1.0 1.0 1.0 1.0 1.0 1.0 1.0 1.0 1.0 1.0 1.0 1.0
    1.0 1.0 1.0 1.0 1.0 1.0 1.0 1.0 1.0 1.0 1.0 1.0 1.0 1.0 1.0 1.0 1.0 1.0 1.0
    1.0 1.0 1.0 1.0 1.0 1.0 1.0 1.0 1.0 1.0 1.0 1.0 1.0 1.0 1.0 1.0 1.0 1.0 1.0
    1.0 1.0 1.0 1.0 1.0 1.0 1.0 1.0 1.0 1.0 1.0 1.0 1.0 1.0 1.0 1.0 1.0 1.0 1.0
    1.0 1.0 1.0 1.0 1.0 1.0 1.0 1.0 1.0 1.0 1.0 1.0 1.0 1.0 1.0 1.0 1.0 1.0 1.0
    1.0 1.0 1.0 1.0 1.0 1.0 1.0 1.0 1.0 1.0 1.0 1.0 1.0 1.0 1.0 1.0 1.0 1.0 1.0
    1.0 1.0 1.0 1.0 1.0 1.0 1.0 1.0 1.0 1.0 1.0 1.0 1.0 1.0 1.0 1.0 1.0 1.0 1.0
    1.0 1.0 1.0 1.0 1.0 1.0 1.0 1.0 1.0 1.0 1.0 1.0 1.0 1.0 1.0 1.0 1.0 1.0 1.0
    1.0 1.0 1.0 1.0 1.0 1.0 1.0 1.0 1.0 1.0 1.0 1.0 1.0 1.0 1.0 1.0 1.0 1.0 1.0
    1.0 1.0 1.0 1.0 1.0 1.0 1.0 1.0 1.0 1.0 1.0 1.0 1.0 1.0 1.0 1.0 1.0 1.0 1.0
    1.0 1.0 1.0 1.0 1.0 1.0 1.0 1.0 1.0 1.0 1.0 1.0 1.0 1.0 1.0 1.0 1.0 1.0 1.0
    1.0 1.0 1.0 1.0 1.0 1.0 1.0 1.0 1.0 1.0 1.0 1.0 1.0 1.0 1.0 1.0 1.0 1.0 1.0
    1.0 1.0 1.0 1.0 1.0 1.0 1.0 1.0 1.0 1.0 1.0 1.0 1.0 1.0 1.0 1.0 1.0 1.0 1.0
    1.0 1.0 1.0 1.0 1.0 1.0 1.0 1.0 1.0 1.0 1.0 1.0 1.0 1.0 1.0 1.0 1.0 1.0 1.0
    1.0 1.0 1.0 1.0 1.0 1.0 1.0 1.0 1.0 1.0 1.0 1.0 1.0 1.0 1.0 1.0 1.0 1.0 1.0
    1.0 1.0 1.0 1.0 1.0 1.0 1.0 1.0 1.0 1.0 1.0 1.0 1.0 1.0 1.0 1.0 1.0 1.0 1.0
    1.0 1.0 1.0 1.0 1.0 1.0 1.0 1.0 1.0 1.0 1.0 1.0 1.0 1.0 1.0 1.0 1.0 1.0 1.0
    1.0 1.0 1.0 1.0 1.0 1.0 1.0 1.0 1.0 1.0 1.0 1.0 1.0 1.0 1.0 1.0 1.0 1.0 1.0
    1.0 1.0 1.0 1.0 1.0 1.0 1.0 1.0 1.0 1.0 1.0 1.0 1.0 1.0 1.0 1.0 1.0 1.0 1.0
    1.0 1.0 1.0 1.0 1.0 1.0 1.0 1.0 1.0 1.0 1.0 1.0 1.0 1.0 1.0 1.0 1.0 1.0 1.0
    1.0 1.0 1.0 1.0 1.0 1.0 1.0 1.0 1.0 1.0 1.0 1.0 1.0 1.0 1.0 1.0 1.0 1.0 1.0
    1.0 1.0 1.0 1.0 1.0 1.0 1.0 1.0 1.0 1.0 1.0 1.0 1.0 1.0 1.0 1.0 1.0 1.0 1.0
    1.0 1.0 1.0 1.0 1.0 1.0 1.0 1.0 1.0 1.0 1.0 1.0 1.0 1.0 1.0 1.0 1.0 1.0 1.0
    1.0 1.0 1.0 1.0 1.0 1.0 1.0 1.0 1.0 1.0 1.0 1.0 1.0 1.0 1.0 1.0 1.0 1.0 1.0
    1.0 1.0 1.0 1.0 1.0 1.0 1.0 1.0 1.0 1.0 1.0 1.0 1.0 1.0 1.0 1.0 1.0 1.0 1.0
    1.0 1.0 1.0 1.0 1.0 1.0 1.0 1.0 1.0 1.0 1.0 1.0 1.0 1.0 1.0 1.0 1.0 1.0 1.0
    1.0 1.0 1.0 1.0 1.0 1.0 1.0 1.0 1.0 1.0 1.0 1.0 1.0 1.0 1.0 1.0 1.0 1.0 1.0
    1.0 1.0 1.0 1.0 1.0 1.0 1.0 1.0 1.0 1.0 1.0 1.0 1.0 1.0 1.0 1.0 1.0 1.0 1.0
    1.0 1.0 1.0 1.0 1.0 1.0 1.0 1.0 1.0 1.0 1.0 1.0 1.0 1.0 1.0 1.0 1.0 1.0 1.0
    1.0 1.0 1.0 1.0 1.0 1.0 1.0 1.0 1.0 1.0 1.0 1.0 1.0 1.0 1.0 1.0 1.0 1.0 1.0
    1.0 1.0 1.0 1.0 1.0 1.0 1.0 1.0 1.0 1.0 1.0 1.0 1.0 1.0 1.0 1.0 1.0 1.0 1.0
    1.0 1.0 1.0 1.0 1.0 1.0 1.0 1.0 1.0 1.0 1.0 1.0 1.0 1.0 1.0 1.0 1.0 1.0 1.0
    1.0 1.0 1.0 1.0 1.0 1.0 1.0 1.0 1.0 1.0 1.0 1.0 1.0 1.0 1.0 1.0 1.0 1.0 1.0
    1.0 1.0 1.0 1.0 1.0 1.0 1.0 1.0 1.0 1.0 1.0 1.0 1.0 1.0 1.0 1.0 1.0 1.0 1.0
    1.0 1.0 1.0 1.0 1.0 1.0 1.0 1.0 1.0 1.0 1.0 1.0 1.0 1.0 1.0 1.0 1.0 1.0 1.0
    1.0 1.0 1.0 1.0 1.0 1.0 1.0 1.0 1.0 1.0 1.0 1.0 1.0 1.0 1.0 1.0 1.0 1.0 1.0
    1.0 1.0 1.0 1.0 1.0 1.0 1.0 1.0 1.0 1.0 1.0 1.0 1.0 1.0 1.0 1.0 1.0 1.0 1.0
    1.0 1.0 1.0 1.0 1.0 1.0 1.0 1.0 1.0 1.0 1.0 1.0 1.0 1.0 1.0 1.0 1.0 1.0 1.0
    1.0 1.0 1.0 1.0 1.0 1.0 1.0 1.0 1.0 1.0 1.0 1.0 1.0 1.0 1.0 1.0 1.0 1.0 1.0
    1.0 1.0 1.0 1.0 1.0 1.0 1.0 1.0 1.0 1.0 1.0 1.0 1.0 1.0 1.0 1.0 1.0 1.0 1.0
    1.0 1.0 1.0 1.0 1.0 1.0 1.0 1.0 1.0 1.0 1.0 1.0 1.0 1.0 1.0 1.0 1.0 1.0 1.0
    1.0 1.0 1.0 1.0 1.0 1.0 1.0 1.0 1.0 1.0 1.0 1.0 1.0 1.0 1.0 1.0 1.0 1.0 1.0
    1.0 1.0 1.0 1.0 1.0 1.0 1.0 1.0 1.0 1.0 1.0 1.0 1.0 1.0 1.0 1.0 1.0 1.0 1.0
    1.0 1.0 1.0 1.0 1.0 1.0 1.0 1.0 1.0 1.0 1.0 1.0 1.0 1.0 1.0 1.0 1.0 1.0 1.0
    1.0 1.0 1.0 1.0 1.0 1.0 1.0 1.0 1.0 1.0 1.0 1.0 1.0 1.0 1.0 1.0 1.0 1.0 1.0
    1.0 1.0 1.0 1.0 1.0 1.0 1.0 1.0 1.0 1.0 1.0 1.0 1.0 1.0 1.0 1.0 1.0 1.0 1.0
    1.0 1.0 1.0 1.0 1.0 1.0 1.0 1.0 1.0 1.0 1.0 1.0 1.0 1.0 1.0 1.0 1.0 1.0 1.0
    1.0 1.0 1.0 1.0 1.0 1.0 1.0 1.0 1.0 1.0 1.0 1.0 1.0 1.0 1.0 1.0 1.0 1.0 1.0
    1.0 1.0 1.0 1.0 1.0 1.0 1.0 1.0 1.0 1.0 1.0 1.0 1.0 1.0 1.0 1.0 1.0 1.0 1.0
    1.0 1.0 1.0 1.0 1.0 1.0 1.0 1.0 1.0 1.0 1.0 1.0 1.0 1.0 1.0 1.0 1.0 1.0 1.0
    1.0 1.0 1.0 1.0 1.0 1.0 1.0 1.0 1.0 1.0 1.0 1.0 1.0 1.0 1.0 1.0 1.0 1.0 1.0
    1.0 1.0 1.0 1.0 1.0 1.0 1.0 1.0 1.0 1.0 1.0 1.0 1.0 1.0 1.0 1.0 1.0 1.0 1.0
    1.0 1.0 1.0 1.0 1.0 1.0 1.0 1.0 1.0 1.0 1.0 1.0 1.0 1.0 1.0 1.0 1.0 1.0 1.0
    1.0 1.0 1.0 1.0 1.0 1.0 1.0 1.0 1.0 1.0 1.0 1.0 1.0 1.0 1.0 1.0 1.0 1.0 1.0
    1.0 1.0 1.0 1.0 1.0 1.0 1.0 1.0 1.0 1.0 1.0 1.0 1.0 1.0 1.0 1.0 1.0 1.0 1.0
    1.0 1.0 1.0 1.0 1.0 1.0 1.0 1.0 1.0 1.0 1.0 1.0 1.0 1.0 1.0 1.0 1.0 1.0 1.0
    1.0 1.0 1.0 1.0 1.0 1.0 1.0 1.0 1.0 1.0 1.0 1.0 1.0 1.0 1.0 1.0 1.0 1.0 1.0
    1.0 1.0 1.0 1.0 1.0 1.0 1.0 1.0 1.0 1.0 1.0 1.0 1.0 1.0 1.0 1.0 1.0 1.0 1.0
    1.0 1.0 1.0 1.0 1.0 1.0 1.0 1.0 1.0 1.0 1.0 1.0 1.0 1.0 1.0 1.0 1.0 1.0 1.0
    1.0 1.0 1.0 1.0 1.0 1.0 1.0 1.0 1.0 1.0 1.0 1.0 1.0 1.0 1.0 1.0 1.0 1.0 1.0
    1.0 1.0 1.0 1.0 1.0 1.0 1.0 1.0 1.0 1.0 1.0 1.0 1.0 1.0 1.0 1.0 1.0 1.0 1.0
    1.0 1.0 1.1000000000000001 1.1000000000000001 1.1000000000000001
    1.1000000000000001 1.1000000000000001 1.1000000000000001 1.1000000000000001
    1.1000000000000001 1.1000000000000001 1.1000000000000001 1.1000000000000001
    1.1000000000000001 1.1000000000000001 1.1000000000000001 1.1000000000000001
    1.1000000000000001 1.1000000000000001 1.1000000000000001 1.1000000000000001
    1.1000000000000001 1.1000000000000001 1.1000000000000001 1.1000000000000001
    1.1000000000000001 1.1000000000000001 1.1000000000000001 1.1000000000000001
    1.1000000000000001 1.1000000000000001 1.1000000000000001 1.1000000000000001
    1.1000000000000001 1.1000000000000001 1.1000000000000001 1.1000000000000001
    1.1000000000000001 1.1000000000000001 1.1000000000000001 1.1000000000000001
    1.1000000000000001 1.1000000000000001 1.1000000000000001 1.1000000000000001
    1.1000000000000001 1.1000000000000001 1.1000000000000001 1.1000000000000001
    1.1000000000000001 1.1000000000000001 1.1000000000000001 1.1000000000000001
    1.1000000000000001 1.1000000000000001 1.1000000000000001 1.1000000000000001
    1.1000000000000001 1.1000000000000001 1.1000000000000001 1.1000000000000001
    1.1000000000000001 1.1000000000000001 1.1000000000000001 1.1000000000000001
    1.1000000000000001 1.1000000000000001 1.1000000000000001 1.1000000000000001
    1.1000000000000001 1.1000000000000001 1.1000000000000001 1.1000000000000001
    1.1000000000000001 1.1000000000000001 1.1000000000000001 1.1000000000000001
    1.1000000000000001 1.1000000000000001 1.1000000000000001 1.1000000000000001
    1.1000000000000001 1.1000000000000001 1.1000000000000001 1.1000000000000001
    1.1000000000000001 1.1000000000000001 1.1000000000000001 1.1000000000000001
    1.1000000000000001 1.1000000000000001 1.1000000000000001 1.1000000000000001
    1.1000000000000001 1.1000000000000001 1.1000000000000001 1.1000000000000001
    1.1000000000000001 1.1000000000000001 1.1000000000000001 1.1000000000000001
    1.1000000000000001 1.1000000000000001 1.1000000000000001 1.1000000000000001
    1.1000000000000001 1.1000000000000001 1.1000000000000001 1.1000000000000001
    1.1000000000000001 1.1000000000000001 1.1000000000000001 1.1000000000000001
    1.1000000000000001 1.1000000000000001 1.1000000000000001 1.1000000000000001
    1.1000000000000001 1.1000000000000001 1.1000000000000001 1.1000000000000001
    1.1000000000000001 1.1000000000000001 1.1000000000000001 1.1000000000000001
    1.1000000000000001 1.1000000000000001 1.1000000000000001 1.1000000000000001
    1.1000000000000001 1.1000000000000001 1.1000000000000001 1.1000000000000001
    1.1000000000000001 1.1000000000000001 1.1000000000000001 1.1000000000000001
    1.1000000000000001 1.1000000000000001 1.1000000000000001 1.1000000000000001
    1.1000000000000001 1.1000000000000001 1.1000000000000001 1.1000000000000001
    1.1000000000000001 1.1000000000000001 1.1000000000000001 1.1000000000000001
    1.1000000000000001 1.1000000000000001 1.1000000000000001 1.1000000000000001
    1.1000000000000001 1.1000000000000001 1.1000000000000001 1.1000000000000001
    1.1000000000000001 1.1000000000000001 1.1000000000000001 1.1000000000000001
    1.1000000000000001 1.1000000000000001 1.1000000000000001 1.1000000000000001
    1.1000000000000001 1.1000000000000001 1.1000000000000001 1.1000000000000001
    1.1000000000000001 1.1000000000000001 1.1000000000000001 1.1000000000000001
    1.1000000000000001 1.1000000000000001 1.1000000000000001 1.1000000000000001
    1.1000000000000001 1.1000000000000001 1.1000000000000001 1.1000000000000001
    1.1000000000000001 1.1000000000000001 1.1000000000000001 1.1000000000000001
    1.1000000000000001 1.1000000000000001 1.1000000000000001 1.1000000000000001
    1.1000000000000001 1.1000000000000001 1.1000000000000001 1.1000000000000001
    1.1000000000000001 1.1000000000000001 1.1000000000000001 1.1000000000000001
    1.1000000000000001 1.1000000000000001 1.1000000000000001 1.1000000000000001
    1.1000000000000001 1.1000000000000001 1.1000000000000001 1.1000000000000001
    1.1000000000000001 1.1000000000000001 1.1000000000000001 1.1000000000000001
    1.1000000000000001 1.1000000000000001 1.1000000000000001 1.1000000000000001
    1.1000000000000001 1.1000000000000001 1.1000000000000001 1.1000000000000001
    1.1000000000000001 1.1000000000000001 1.1000000000000001 1.1000000000000001
    1.1000000000000001 1.1000000000000001 1.1000000000000001 1.1000000000000001
    1.2 1.2 1.2 1.2 1.2 1.2 1.2 1.2 1.2 1.2 1.2 1.2 1.2 1.2 1.2 1.2 1.2 1.2 1.2
    1.2 1.2 1.2 1.2 1.2 1.2 1.2 1.2 1.2 1.2 1.2 1.2 1.2 1.2 1.2 1.2 1.2 1.2 1.2
    1.2 1.2 1.2 1.2 1.2 1.2 1.2 1.2 1.2 1.2 1.2 1.2 1.2 1.2 1.2 1.2 1.2 1.2 1.2
    1.2 1.2 1.2 1.2 1.2 1.2 1.2 1.2 1.2 1.2 1.2 1.2 1.2 1.2 1.2 1.2 1.2 1.2 1.2
    1.2 1.2 1.2 1.2 1.2 1.2 1.2 1.2 1.2 1.2 1.2 1.2 1.2 1.2 1.2 1.2 1.2 1.2 1.2
    1.2 1.2 1.2 1.2 1.2 1.2 1.2 1.2 1.2 1.2 1.2 1.2 1.2 1.2 1.2 1.2 1.2 1.2 1.2
    1.2 1.2 1.2 1.2 1.2 1.2 1.2 1.2 1.2 1.2 1.2 1.2 1.2 1.2 1.2 1.2 1.2 1.2 1.2
    1.2 1.2 1.2 1.2 1.2 1.2 1.2 1.2 1.2 1.2 1.2 1.2 1.2 1.2 1.2 1.2 1.2 1.2 1.2
    1.2 1.2 1.2 1.2 1.2 1.2 1.2 1.2 1.2 1.2 1.2 1.2 1.2 1.2 1.2 1.2 1.2 1.2 1.2
    1.2 1.2 1.2 1.2 1.2 1.2 1.2 1.2 1.2 1.2 1.2 1.2 1.2 1.2 1.2 1.2 1.2 1.2 1.2
    1.2 1.2 1.2 1.2 1.2 1.2 1.2 1.2 1.2 1.2 1.2 1.2 1.2 1.2 1.2 1.2 1.2 1.2 1.2
    1.2 1.2 1.2 1.2 1.2 1.2 1.2 1.2 1.2 1.2 1.2 1.2 1.2 1.2 1.2 1.2 1.2 1.2 1.2
    1.2 1.2 1.2 1.2 1.2 1.2 1.2 1.2 1.2 1.2 1.2 1.2 1.2 1.2 1.2 1.2 1.2 1.2 1.2
    1.2 1.2 1.2 1.2 1.2 1.2 1.2 1.2 1.2 1.2 1.2 1.2 1.2 1.2 1.2 1.2 1.2 1.2 1.2
    1.2 1.2 1.2 1.2 1.2 1.2 1.2 1.2 1.2 1.2 1.2 1.2 1.2 1.2 1.2 1.2 1.2 1.2 1.2
    1.2 1.2 1.2 1.2 1.2 1.2 1.2 1.2 1.2 1.2 1.2 1.2 1.2 1.2 1.2 1.2 1.2 1.2 1.2
    1.2 1.2 1.2 1.2 1.2 1.2 1.2 1.2 1.2 1.2 1.2 1.2 1.2 1.2 1.2 1.2 1.2 1.2 1.2
    1.2 1.2 1.2 1.2 1.2 1.2 1.2 1.2 1.2 1.2 1.2 1.2 1.2 1.2 1.2 1.2 1.2 1.2 1.2
    1.2 1.2 1.2 1.2 1.2 1.2 1.2 1.2 1.2 1.2 1.2 1.2 1.2 1.2 1.2 1.2 1.2 1.2 1.2
    1.2 1.2 1.2 1.2 1.2 1.2 1.2 1.2 1.2 1.2 1.2 1.2 1.2 1.2 1.2 1.2 1.2 1.2 1.2
    1.2 1.2 1.2 1.2 1.2 1.2 1.2 1.2 1.2 1.2 1.2 1.2 1.2 1.2 1.2 1.2 1.2 1.2 1.2
    1.2 1.2 1.2 1.2 1.2 1.2 1.2 1.2 1.2 1.2 1.2 1.2 1.2 1.2 1.2 1.2 1.2 1.2 1.2
    1.2 1.2 1.2 1.2 1.2 1.2 1.2 1.2 1.2 1.2 1.2 1.2 1.2 1.2 1.2 1.2 1.2 1.2 1.2
    1.2 1.2 1.2 1.2 1.2 1.2 1.2 1.2 1.2 1.2 1.2 1.2 1.2 1.2 1.2 1.2 1.2 1.2 1.2
    1.2 1.2 1.2 1.2 1.2 1.2 1.2 1.2 1.2 1.2 1.2 1.2 1.2 1.2 1.2 1.2 1.2 1.2 1.2
    1.2 1.2 1.2 1.2 1.2 1.2 1.2 1.2 1.2 1.2 1.2 1.2 1.2 1.2 1.2 1.2 1.2 1.2 1.2
    1.2 1.2 1.2 1.2 1.2 1.2 1.2 1.2 1.2 1.2 1.2 1.2 1.2 1.2 1.2 1.2 1.2 1.2 1.2
    1.2 1.2 1.2 1.2 1.2 1.2 1.2 1.2 1.2 1.2 1.2 1.2 1.2 1.2 1.2 1.2 1.2 1.2 1.2
    1.2 1.2 1.2 1.2 1.2 1.2 1.2 1.2 1.2 1.2 1.2 1.2 1.2 1.2 1.2 1.2 1.2 1.2 1.2
    1.2 1.2 1.2 1.2 1.2 1.2 1.2 1.2 1.2 1.2 1.2 1.2 1.2 1.2 1.2 1.2 1.2 1.2 1.2
    1.2 1.2 1.2 1.2 1.2 1.2 1.2 1.2 1.2 1.2 1.2 1.2 1.2 1.2 1.2 1.2 1.2 1.2 1.2
    1.2 1.2 1.2 1.2 1.2 1.2 1.2 1.2 1.2 1.2 1.2 1.2 1.2 1.2 1.2 1.2 1.2 1.2 1.2
    1.2 1.2 1.2 1.2 1.2 1.2 1.2 1.2 1.2 1.2 1.2 1.2 1.2 1.2 1.2 1.2 1.2 1.2 1.2
    1.2 1.2 1.2 1.2 1.2 1.2 1.2 1.2 1.2 1.2 1.2 1.2 1.2 1.2 1.2 1.2 1.2 1.2 1.2
    1.2 1.2 1.2 1.2 1.2 1.2 1.2 1.2 1.2 1.2 1.2 1.2 1.2 1.2 1.2 1.2 1.2 1.2 1.2
    1.2 1.2 1.2 1.2 1.2 1.2 1.2 1.2 1.2 1.2 1.2 1.2 1.2 1.2 1.2 1.2 1.2 1.2 1.2
    1.2 1.2 1.2 1.2 1.2 1.2 1.2 1.2 1.2 1.2 1.2 1.2 1.2 1.2 1.2 1.2 1.2 1.2 1.2
    1.2 1.2 1.2 1.2 1.2 1.2 1.2 1.2 1.2 1.2 1.2 1.2 1.2 1.2 1.2 1.2 1.2 1.2 1.2
    1.2 1.2 1.2 1.2 1.2 1.2 1.2 1.2 1.2 1.2 1.2 1.2 1.2 1.2 1.2 1.2 1.2 1.2 1.2
    1.2 1.2 1.2 1.2 1.2 1.2 1.2 1.2 1.2 1.2 1.2 1.2 1.2 1.2 1.2 1.2 1.2 1.2 1.2
    1.2 1.2 1.2 1.2 1.2 1.2 1.2 1.2 1.2 1.2 1.2 1.2 1.2 1.2 1.2 1.2 1.2 1.2 1.2
    1.2 1.2 1.2 1.2 1.2 1.2 1.2 1.2 1.2 1.2 1.2 1.2 1.2 1.2 1.2 1.2 1.2 1.2 1.2
    1.2 1.2 1.2 1.2 1.2 1.2 1.2 1.2 1.2 1.2 1.2 1.2 1.2 1.2 1.2 1.2 1.2 1.2 1.2
    1.2 1.2 1.2 1.2 1.2 1.2 1.2 1.2 1.2 1.2 1.2 1.2 1.2 1.2 1.2 1.2 1.2 1.2 1.2
    1.2 1.2 1.2 1.2 1.2 1.2 1.2 1.2 1.2 1.2 1.2 1.2 1.2 1.2 1.2 1.2 1.2 1.2 1.2
    1.2 1.2 1.2 1.2 1.2 1.2 1.2 1.2 1.2 1.2 1.2 1.2 1.2 1.2 1.2 1.2 1.2 1.2 1.2
    1.2 1.2 1.2 1.2 1.2 1.2 1.2 1.2 1.2 1.2 1.2 1.2 1.2 1.2 1.2 1.2 1.2 1.2 1.2
    1.2 1.2 1.2 1.2 1.2 1.2 1.2 1.2 1.2 1.2 1.2 1.2 1.2 1.2 1.2 1.2 1.2 1.2 1.2
    1.2 1.2 1.2 1.2 1.2 1.2 1.2 1.2 1.2 1.2 1.2 1.2 1.2 1.2 1.2 1.2 1.2 1.2 1.3
    1.3 1.3 1.3 1.3 1.3 1.3 1.3 1.3 1.3 1.3 1.3 1.3 1.3 1.3 1.3 1.3 1.3 1.3 1.3
    1.3 1.3 1.3 1.3 1.3 1.3 1.3 1.3 1.3 1.3 1.3 1.3 1.3 1.3 1.3 1.3 1.3 1.3 1.3
    1.3 1.3 1.3 1.3 1.3 1.3 1.3 1.3 1.3 1.3 1.3 1.3 1.3 1.3 1.3 1.3 1.3 1.3 1.3
    1.3 1.3 1.3 1.3 1.3 1.3 1.3 1.3 1.3 1.3 1.3 1.3 1.3 1.3 1.3 1.3 1.3 1.3 1.3
    1.3 1.3 1.3 1.3 1.3 1.3 1.3 1.3 1.3999999999999999 1.3999999999999999
    1.3999999999999999 1.3999999999999999 1.3999999999999999 1.3999999999999999
    1.3999999999999999 1.3999999999999999 1.3999999999999999 1.3999999999999999
    1.3999999999999999 1.3999999999999999 1.3999999999999999 1.3999999999999999
    1.3999999999999999 1.3999999999999999 1.3999999999999999 1.3999999999999999
    1.3999999999999999 1.3999999999999999 1.3999999999999999 1.3999999999999999
    1.3999999999999999 1.3999999999999999 1.3999999999999999 1.3999999999999999
    1.3999999999999999 1.3999999999999999 1.3999999999999999 1.3999999999999999
    1.3999999999999999 1.3999999999999999 1.3999999999999999 1.3999999999999999
    1.3999999999999999 1.3999999999999999 1.3999999999999999 1.3999999999999999
    1.3999999999999999 1.3999999999999999 1.3999999999999999 1.3999999999999999
    1.3999999999999999 1.3999999999999999 1.3999999999999999 1.3999999999999999
    1.3999999999999999 1.3999999999999999 1.3999999999999999 1.3999999999999999
    1.3999999999999999 1.3999999999999999 1.3999999999999999 1.3999999999999999
    1.3999999999999999 1.3999999999999999 1.3999999999999999 1.3999999999999999
    1.3999999999999999 1.3999999999999999 1.3999999999999999 1.3999999999999999
    1.3999999999999999 1.3999999999999999 1.3999999999999999 1.3999999999999999
    1.3999999999999999 1.3999999999999999 1.3999999999999999 1.3999999999999999
    1.3999999999999999 1.3999999999999999 1.3999999999999999 1.3999999999999999
    1.3999999999999999 1.3999999999999999 1.3999999999999999 1.3999999999999999
    1.3999999999999999 1.3999999999999999 1.3999999999999999 1.3999999999999999
    1.3999999999999999 1.3999999999999999 1.3999999999999999 1.3999999999999999
    1.3999999999999999 1.3999999999999999 1.3999999999999999 1.3999999999999999
    1.3999999999999999 1.3999999999999999 1.3999999999999999 1.3999999999999999
    1.3999999999999999 1.3999999999999999 1.3999999999999999 1.3999999999999999
    1.3999999999999999 1.3999999999999999 1.3999999999999999 1.3999999999999999
    1.3999999999999999 1.3999999999999999 1.3999999999999999 1.3999999999999999
    1.3999999999999999 1.3999999999999999 1.3999999999999999 1.3999999999999999
    1.3999999999999999 1.3999999999999999 1.3999999999999999 1.3999999999999999
    1.3999999999999999 1.3999999999999999 1.3999999999999999 1.3999999999999999
    1.3999999999999999 1.3999999999999999 1.3999999999999999 1.3999999999999999
    1.3999999999999999 1.3999999999999999 1.5 1.5 1.5 1.5 1.5 1.5 1.5 1.5 1.5
    1.5 1.5 1.5 1.5 1.5 1.5 1.5 1.5 1.5 1.5 1.5 1.5 1.5 1.5 1.5 1.5 1.5 1.5 1.5
    1.5 1.5 1.5 1.5 1.5 1.5 1.5 1.5 1.5 1.5 1.5 1.5 1.5 1.5 1.5 1.5 1.5 1.5 1.5
    1.5 1.5 1.5 1.5 1.5 1.5 1.5 1.5 1.5 1.5 1.5 1.5 1.5 1.5 1.5 1.5 1.5 1.5 1.5
    1.5 1.5 1.5 1.5 1.5 1.5 1.5 1.5 1.5 1.5 1.5 1.5 1.5 1.5 1.5 1.5 1.5 1.5 1.5
    1.5 1.5 1.5 1.5 1.5 1.5 1.5 1.5 1.5 1.5 1.5 1.5 1.5 1.5 1.5 1.5 1.5 1.5 1.5
    1.5 1.5 1.5 1.5 1.5 1.5 1.5 1.5 1.5 1.5 1.5 1.5 1.5 1.5 1.5 1.5 1.5 1.5 1.5
    1.5 1.5 1.5 1.5 1.5 1.5 1.5 1.5 1.5 1.5 1.5 1.5 1.5 1.5 1.5 1.5 1.5 1.5 1.5
    1.5 1.5 1.5 1.5 1.5 1.5 1.5 1.5 1.5 1.5 1.5 1.5 1.5 1.5 1.5 1.5 1.5 1.5 1.5
    1.5 1.5 1.5 1.5 1.5 1.5 1.5 1.5 1.5 1.5 1.5 1.5 1.5 1.5 1.5 1.5 1.5 1.5 1.5
    1.5 1.5 1.5 1.5 1.5 1.5 1.5 1.5 1.5 1.5 1.5 1.5 1.5 1.5 1.5 1.5 1.5 1.5 1.5
    1.5 1.5 1.5 1.5 1.5 1.5 1.5 1.5 1.5 1.5 1.5 1.5 1.5 1.5 1.5 1.5 1.5 1.5 1.5
    1.5 1.5 1.5 1.5 1.5 1.5 1.5 1.5 1.5 1.5 1.5 1.5 1.5 1.5 1.5 1.5 1.5 1.5 1.5
    1.5 1.5 1.5 1.5 1.5 1.5 1.5 1.5 1.5 1.5 1.5 1.5 1.5 1.5 1.5 1.5 1.5 1.5 1.5
    1.5 1.5 1.5 1.5 1.5 1.5 1.5 1.5 1.5 1.5 1.5 1.5 1.5 1.5 1.5 1.5 1.5 1.5 1.5
    1.5 1.5 1.5 1.5 1.5 1.5 1.5 1.5 1.5 1.5 1.5 1.5 1.5 1.5 1.5 1.5 1.5 1.5 1.5
    1.5 1.5 1.5 1.5 1.5 1.5 1.5 1.5 1.5 1.5 1.5 1.5 1.5 1.5 1.5 1.5 1.5 1.5 1.5
    1.5 1.5 1.5 1.5 1.5 1.5 1.5 1.5 1.5 1.5 1.5 1.5 1.5 1.5 1.5 1.5 1.5 1.5 1.5
    1.5 1.5 1.5 1.5 1.5 1.5 1.5 1.5 1.5 1.5 1.5 1.5 1.5 1.5 1.5 1.5 1.5 1.5 1.5
    1.5 1.5 1.5 1.5 1.5 1.5 1.5 1.5 1.5 1.5 1.5 1.5 1.5 1.5 1.5 1.5
    1.6000000000000001 1.6000000000000001 1.6000000000000001 1.6000000000000001
    1.6000000000000001 1.6000000000000001 1.6000000000000001 1.6000000000000001
    1.6000000000000001 1.6000000000000001 1.6000000000000001 1.6000000000000001
    1.6000000000000001 1.6000000000000001 1.6000000000000001 1.6000000000000001
    1.6000000000000001 1.6000000000000001 1.6000000000000001 1.6000000000000001
    1.6000000000000001 1.6000000000000001 1.6000000000000001 1.6000000000000001
    1.6000000000000001 1.6000000000000001 1.6000000000000001 1.6000000000000001
    1.6000000000000001 1.6000000000000001 1.6000000000000001 1.6000000000000001
    1.6000000000000001 1.6000000000000001 1.6000000000000001 1.6000000000000001
    1.6000000000000001 1.6000000000000001 1.6000000000000001 1.6000000000000001
    1.6000000000000001 1.6000000000000001 1.6000000000000001 1.6000000000000001
    1.6000000000000001 1.6000000000000001 1.6000000000000001 1.6000000000000001
    1.6000000000000001 1.6000000000000001 1.6000000000000001 1.6000000000000001
    1.6000000000000001 1.6000000000000001 1.6000000000000001 1.6000000000000001
    1.6000000000000001 1.6000000000000001 1.6000000000000001 1.6000000000000001
    1.6000000000000001 1.6000000000000001 1.6000000000000001 1.6000000000000001
    1.6000000000000001 1.6000000000000001 1.6000000000000001 1.6000000000000001
    1.6000000000000001 1.6000000000000001 1.6000000000000001 1.6000000000000001
    1.6000000000000001 1.6000000000000001 1.6000000000000001 1.6000000000000001
    1.6000000000000001 1.6000000000000001 1.6000000000000001 1.6000000000000001
    1.6000000000000001 1.6000000000000001 1.6000000000000001 1.6000000000000001
    1.6000000000000001 1.6000000000000001 1.6000000000000001 1.6000000000000001
    1.6000000000000001 1.6000000000000001 1.6000000000000001 1.6000000000000001
    1.6000000000000001 1.6000000000000001 1.6000000000000001 1.6000000000000001
    1.6000000000000001 1.6000000000000001 1.7 1.7 1.7 1.7 1.7 1.7 1.7 1.7 1.7
    1.7 1.7 1.7 1.7 1.7 1.7 1.7 1.7 1.7 1.7 1.7 1.7 1.7 1.7 1.7 1.7 1.7 1.7 1.7
    1.7 1.7 1.7 1.7 1.7 1.7 1.7 1.7 1.7 1.7 1.7 1.7 1.7 1.7 1.7 1.7 1.7 1.7 1.7
    1.7 1.7 1.7 1.7 1.7 1.7 1.7 1.7 1.7 1.7 1.7 1.7 1.7 1.7 1.7 1.7 1.7 1.7 1.7
    1.7 1.7 1.7 1.7 1.7 1.7 1.7 1.7 1.7 1.7 1.7 1.7 1.7 1.7 1.7 1.7 1.7 1.7 1.7
    1.7 1.7 1.7 1.7 1.7 1.7 1.7 1.7 1.7 1.7 1.7 1.7 1.7 1.7 1.7 1.7 1.7 1.7 1.7
    1.7 1.7 1.7 1.7 1.7 1.7 1.7 1.7 1.7 1.7 1.7 1.7 1.7 1.7 1.7 1.7 1.7 1.7 1.7
    1.7 1.7 1.7 1.7 1.7 1.7 1.7 1.7 1.7 1.7 1.7 1.7 1.7 1.7 1.7 1.7 1.7 1.7 1.7
    1.7 1.7 1.7 1.7 1.7 1.7 1.7 1.7 1.7 1.7 1.7 1.7 1.7 1.7 1.7 1.7 1.7 1.7 1.7
    1.7 1.7 1.7 1.7 1.7 1.7 1.7 1.7 1.7 1.7 1.7 1.7 1.7 1.7 1.7 1.7 1.7 1.7 1.7
    1.7 1.7 1.7 1.7 1.7 1.7 1.7 1.7 1.7 1.7 1.7 1.7 1.7 1.7 1.7 1.7 1.7 1.7 1.7
    1.7 1.7 1.7 1.7 1.7 1.7 1.7 1.7 1.7 1.7 1.7 1.7 1.7 1.7 1.7 1.7 1.7 1.7 1.7
    1.7 1.7 1.7 1.7 1.7 1.7 1.7 1.7 1.7 1.7 1.7 1.7 1.7 1.7 1.7 1.7 1.7 1.7 1.7
    1.7 1.7 1.7 1.7 1.7 1.7 1.7 1.7 1.7 1.7 1.7 1.7 1.7 1.7 1.7 1.7 1.7 1.7 1.7
    1.7 1.7 1.7 1.7 1.7 1.7 1.7 1.7 1.7 1.7 1.7 1.8 1.8 1.8 1.8 1.8 1.8 1.8 1.8
    1.8 1.8 1.8 1.8 1.8 1.8999999999999999 1.8999999999999999
    1.8999999999999999 1.8999999999999999 1.8999999999999999 1.8999999999999999
    1.8999999999999999 1.8999999999999999 1.8999999999999999 1.8999999999999999
    1.8999999999999999 1.8999999999999999 1.8999999999999999 1.8999999999999999
    1.8999999999999999 1.8999999999999999 1.8999999999999999 1.8999999999999999
    1.8999999999999999 1.8999999999999999 1.8999999999999999 1.8999999999999999
    1.8999999999999999 1.8999999999999999 1.8999999999999999 1.8999999999999999
    1.8999999999999999 1.8999999999999999 1.8999999999999999 1.8999999999999999
    1.8999999999999999 1.8999999999999999 1.8999999999999999 1.8999999999999999
    1.8999999999999999 1.8999999999999999 1.8999999999999999 1.8999999999999999
    1.8999999999999999 1.8999999999999999 1.8999999999999999 1.8999999999999999
    1.8999999999999999 1.8999999999999999 1.8999999999999999 1.8999999999999999
    1.8999999999999999 1.8999999999999999 1.8999999999999999 1.8999999999999999
    1.8999999999999999 1.8999999999999999 1.8999999999999999 1.8999999999999999
    1.8999999999999999 1.8999999999999999 1.8999999999999999 1.8999999999999999
    1.8999999999999999 1.8999999999999999 1.8999999999999999 1.8999999999999999
    1.8999999999999999 1.8999999999999999 1.8999999999999999 1.8999999999999999
    1.8999999999999999 1.8999999999999999 1.8999999999999999 1.8999999999999999
    1.8999999999999999 1.8999999999999999 1.8999999999999999 1.8999999999999999
    1.8999999999999999 1.8999999999999999 2.0 2.0 2.0 2.0 2.0 2.0 2.0 2.0 2.0
    2.0 2.0 2.0 2.0 2.0 2.0 2.0 2.0 2.0 2.0 2.0 2.0 2.0 2.0 2.0 2.0 2.0 2.0 2.0
    2.0 2.0 2.0 2.0 2.0 2.0 2.0 2.1000000000000001 2.1000000000000001
    2.1000000000000001 2.1000000000000001 2.1000000000000001 2.1000000000000001
    2.1000000000000001 2.1000000000000001 2.1000000000000001 2.1000000000000001
    2.1000000000000001 2.1000000000000001 2.1000000000000001 2.1000000000000001
    2.2000000000000002 2.2000000000000002 2.2000000000000002 2.2000000000000002
    2.2000000000000002 2.2000000000000002 2.2000000000000002 2.2000000000000002
    2.2000000000000002 2.2000000000000002 2.2000000000000002 2.2000000000000002
    2.2000000000000002 2.2000000000000002 2.2000000000000002 2.2000000000000002
    2.2000000000000002 2.2000000000000002 2.2000000000000002 2.2000000000000002
    2.2999999999999998 2.2999999999999998 2.2999999999999998 2.2999999999999998
    2.2999999999999998 2.2999999999999998 2.2999999999999998 2.3999999999999999
    2.3999999999999999 2.3999999999999999 2.3999999999999999 2.3999999999999999
    2.3999999999999999 2.3999999999999999 2.3999999999999999 2.3999999999999999
    2.3999999999999999 2.3999999999999999 2.3999999999999999 2.5 2.5 2.5 2.5
    2.5 2.5 2.6000000000000001 2.6000000000000001 2.6000000000000001
    2.6000000000000001 2.7000000000000002 2.7000000000000002 2.7999999999999998
    2.7999999999999998 2.7999999999999998 2.7999999999999998 2.7999999999999998
    2.7999999999999998 2.7999999999999998 2.8999999999999999 2.8999999999999999
    2.8999999999999999 2.8999999999999999 2.8999999999999999 3.0 3.0 3.0 3.0
    3.0 3.0 3.1000000000000001 3.1000000000000001 3.1000000000000001
    3.2000000000000002 3.2000000000000002 3.2000000000000002 3.2000000000000002
    3.2000000000000002 3.2999999999999998 3.2999999999999998 3.2999999999999998
    3.2999999999999998 3.2999999999999998 3.2999999999999998 3.2999999999999998
    3.3999999999999999 3.3999999999999999 3.3999999999999999 3.5 3.5 3.5 3.5
    3.5 3.6000000000000001 3.6000000000000001 3.6000000000000001
    3.6000000000000001 3.6000000000000001 3.7000000000000002 3.7000000000000002
    3.7000000000000002 3.7000000000000002 3.7000000000000002 3.7000000000000002
    3.7999999999999998 3.7999999999999998 3.7999999999999998 3.7999999999999998
    3.7999999999999998 3.8999999999999999 3.8999999999999999 3.8999999999999999
    3.8999999999999999 3.8999999999999999 3.8999999999999999 3.8999999999999999
    4.0 4.0 4.0 4.0 4.0 4.0 4.0 4.0 4.0 4.0999999999999996 4.0999999999999996
    4.0999999999999996 4.0999999999999996 4.0999999999999996 4.2000000000000002
    4.2000000000000002 4.2000000000000002 4.2000000000000002 4.2000000000000002
    4.2999999999999998 4.2999999999999998 4.2999999999999998 4.2999999999999998
    4.2999999999999998 4.2999999999999998 4.2999999999999998 4.4000000000000004
    4.4000000000000004 4.4000000000000004 4.4000000000000004 4.4000000000000004
    4.4000000000000004 4.4000000000000004 4.4000000000000004 4.4000000000000004
    4.5 4.5 4.5 4.5 4.5 4.5 4.5 4.5 4.5999999999999996 4.5999999999999996
    4.5999999999999996 4.5999999999999996 4.5999999999999996 4.5999999999999996
    4.7000000000000002 4.7000000000000002 4.7000000000000002 4.7000000000000002
    4.7000000000000002 4.7000000000000002 4.7000000000000002 4.7999999999999998
    4.7999999999999998 4.7999999999999998 4.7999999999999998 4.7999999999999998
    4.7999999999999998 4.9000000000000004 4.9000000000000004 4.9000000000000004
    4.9000000000000004 4.9000000000000004 4.9000000000000004 4.9000000000000004
    4.9000000000000004 5.0 5.0 5.0 5.0 5.0 5.0 5.0 5.0 5.0999999999999996
    5.0999999999999996 5.0999999999999996 5.0999999999999996 5.0999999999999996
    5.0999999999999996 5.0999999999999996 5.0999999999999996 5.0999999999999996
    5.0999999999999996 5.2000000000000002 5.2000000000000002 5.2000000000000002
    5.2000000000000002 5.2000000000000002 5.2000000000000002 5.2000000000000002
    5.2000000000000002 5.2999999999999998 5.2999999999999998 5.2999999999999998
    5.2999999999999998 5.2999999999999998 5.2999999999999998 5.2999999999999998
    5.2999999999999998 5.4000000000000004 5.4000000000000004 5.4000000000000004
    5.4000000000000004 5.4000000000000004 5.4000000000000004 5.4000000000000004
    5.5 5.5 5.5 5.5 5.5 5.5 5.5 5.5 5.5999999999999996 5.5999999999999996
    5.5999999999999996 5.5999999999999996 5.5999999999999996 5.5999999999999996
    5.5999999999999996 5.5999999999999996 5.5999999999999996 5.7000000000000002
    5.7000000000000002 5.7000000000000002 5.7000000000000002 5.7000000000000002
    5.7000000000000002 5.7000000000000002 5.7000000000000002 5.7000000000000002
    5.7999999999999998 5.7999999999999998 5.7999999999999998 5.7999999999999998
    5.7999999999999998 5.7999999999999998 5.7999999999999998 5.7999999999999998
    5.7999999999999998 5.7999999999999998 5.7999999999999998 5.9000000000000004
    5.9000000000000004 5.9000000000000004 5.9000000000000004 5.9000000000000004
    5.9000000000000004 5.9000000000000004 5.9000000000000004 6.0 6.0 6.0 6.0
    6.0 6.0 6.0 6.0 6.0 6.0 6.0 6.0999999999999996 6.0999999999999996
    6.0999999999999996 6.0999999999999996 6.0999999999999996 6.0999999999999996
    6.0999999999999996 6.0999999999999996 6.0999999999999996 6.2000000000000002
    6.2000000000000002 6.2000000000000002 6.2000000000000002 6.2000000000000002
    6.2000000000000002 6.2000000000000002 6.2000000000000002 6.2000000000000002
    6.2000000000000002 6.2999999999999998 6.2999999999999998 6.2999999999999998
    6.2999999999999998 6.2999999999999998 6.2999999999999998 6.2999999999999998
    6.2999999999999998 6.2999999999999998 6.2999999999999998 6.2999999999999998
    6.4000000000000004 6.4000000000000004 6.4000000000000004 6.4000000000000004
    6.4000000000000004 6.4000000000000004 6.4000000000000004 6.4000000000000004
    6.4000000000000004 6.4000000000000004 6.5 6.5 6.5 6.5 6.5 6.5 6.5 6.5 6.5
    6.5 6.5 6.5 6.5 6.5999999999999996 6.5999999999999996 6.5999999999999996
    6.5999999999999996 6.5999999999999996 6.5999999999999996 6.5999999999999996
    6.5999999999999996 6.5999999999999996 6.5999999999999996 6.5999999999999996
    6.7000000000000002 6.7000000000000002 6.7000000000000002 6.7000000000000002
    6.7000000000000002 6.7000000000000002 6.7000000000000002 6.7000000000000002
    6.7000000000000002 6.7000000000000002 6.7000000000000002 6.7000000000000002
    6.7000000000000002 6.7000000000000002 6.7000000000000002 6.7999999999999998
    6.7999999999999998 6.7999999999999998 6.7999999999999998 6.7999999999999998
    6.7999999999999998 6.7999999999999998 6.7999999999999998 6.7999999999999998
    6.7999999999999998 6.7999999999999998 6.7999999999999998 6.9000000000000004
    6.9000000000000004 6.9000000000000004 6.9000000000000004 6.9000000000000004
    6.9000000000000004 6.9000000000000004 6.9000000000000004 6.9000000000000004
    6.9000000000000004 6.9000000000000004 7.0 7.0 7.0 7.0 7.0 7.0 7.0 7.0 7.0
    7.0 7.0 7.0999999999999996 7.0999999999999996 7.0999999999999996
    7.0999999999999996 7.0999999999999996 7.0999999999999996 7.0999999999999996
    7.0999999999999996 7.0999999999999996 7.0999999999999996 7.0999999999999996
    7.0999999999999996 7.2000000000000002 7.2000000000000002 7.2000000000000002
    7.2000000000000002 7.2000000000000002 7.2000000000000002 7.2000000000000002
    7.2000000000000002 7.2000000000000002 7.2000000000000002 7.2000000000000002
    7.2000000000000002 7.2000000000000002 7.2999999999999998 7.2999999999999998
    7.2999999999999998 7.2999999999999998 7.2999999999999998 7.2999999999999998
    7.2999999999999998 7.2999999999999998 7.2999999999999998 7.2999999999999998
    7.2999999999999998 7.2999999999999998 7.2999999999999998 7.4000000000000004
    7.4000000000000004 7.4000000000000004 7.4000000000000004 7.4000000000000004
    7.4000000000000004 7.4000000000000004 7.4000000000000004 7.4000000000000004
    7.4000000000000004 7.4000000000000004 7.4000000000000004 7.4000000000000004
    7.5 7.5 7.5 7.5 7.5 7.5 7.5 7.5 7.5 7.5 7.5 7.5 7.5999999999999996
    7.5999999999999996 7.5999999999999996 7.5999999999999996 7.5999999999999996
    7.5999999999999996 7.5999999999999996 7.5999999999999996 7.5999999999999996
    7.5999999999999996 7.5999999999999996 7.5999999999999996 7.5999999999999996
    7.7000000000000002 7.7000000000000002 7.7000000000000002 7.7000000000000002
    7.7000000000000002 7.7000000000000002 7.7000000000000002 7.7999999999999998
    7.7999999999999998 7.7999999999999998 7.7999999999999998 7.7999999999999998
    7.7999999999999998 7.7999999999999998 7.7999999999999998 7.7999999999999998
    7.7999999999999998 7.9000000000000004 7.9000000000000004 7.9000000000000004
    7.9000000000000004 7.9000000000000004 7.9000000000000004 7.9000000000000004
    7.9000000000000004 7.9000000000000004 8.0 8.0 8.0 8.0 8.0 8.0 8.0 8.0 8.0
    8.0 8.0999999999999996 8.0999999999999996 8.0999999999999996
    8.0999999999999996 8.0999999999999996 8.0999999999999996 8.0999999999999996
    8.0999999999999996 8.0999999999999996 8.0999999999999996 8.0999999999999996
    8.0999999999999996 8.0999999999999996 8.0999999999999996 8.0999999999999996
    8.0999999999999996 8.0999999999999996 8.1999999999999993 8.1999999999999993
    8.1999999999999993 8.1999999999999993 8.1999999999999993 8.1999999999999993
    8.1999999999999993 8.1999999999999993 8.1999999999999993 8.3000000000000007
    8.3000000000000007 8.3000000000000007 8.3000000000000007 8.3000000000000007
    8.3000000000000007 8.3000000000000007 8.3000000000000007 8.3000000000000007
    8.3000000000000007 8.3000000000000007 8.4000000000000004 8.4000000000000004
    8.4000000000000004 8.4000000000000004 8.4000000000000004 8.4000000000000004
    8.4000000000000004 8.4000000000000004 8.4000000000000004 8.4000000000000004
    8.4000000000000004 8.4000000000000004 8.5 8.5 8.5 8.5 8.5 8.5 8.5 8.5 8.5
    8.5 8.5 8.5999999999999996 8.5999999999999996 8.5999999999999996
    8.5999999999999996 8.5999999999999996 8.5999999999999996 8.5999999999999996
    8.5999999999999996 8.5999999999999996 8.6999999999999993 8.6999999999999993
    8.6999999999999993 8.6999999999999993 8.6999999999999993 8.6999999999999993
    8.6999999999999993 8.6999999999999993 8.6999999999999993 8.6999999999999993
    8.6999999999999993 8.6999999999999993 8.6999999999999993 8.6999999999999993
    8.6999999999999993 8.6999999999999993 8.6999999999999993 8.8000000000000007
    8.8000000000000007 8.8000000000000007 8.8000000000000007 8.8000000000000007
    8.8000000000000007 8.8000000000000007 8.8000000000000007 8.8000000000000007
    8.8000000000000007 8.8000000000000007 8.8000000000000007 8.8000000000000007
    8.9000000000000004 8.9000000000000004 8.9000000000000004 8.9000000000000004
    8.9000000000000004 8.9000000000000004 8.9000000000000004 8.9000000000000004
    8.9000000000000004 8.9000000000000004 8.9000000000000004 9.0 9.0 9.0 9.0
    9.0 9.0 9.0999999999999996 9.0999999999999996 9.0999999999999996
    9.0999999999999996 9.0999999999999996 9.0999999999999996 9.0999999999999996
    9.0999999999999996 9.0999999999999996 9.0999999999999996 9.0999999999999996
    9.0999999999999996 9.1999999999999993 9.1999999999999993 9.1999999999999993
    9.1999999999999993 9.1999999999999993 9.1999999999999993 9.1999999999999993
    9.1999999999999993 9.1999999999999993 9.1999999999999993 9.1999999999999993
    9.1999999999999993 9.1999999999999993 9.1999999999999993 9.3000000000000007
    9.3000000000000007 9.3000000000000007 9.3000000000000007 9.3000000000000007
    9.3000000000000007 9.3000000000000007 9.3000000000000007 9.3000000000000007
    9.3000000000000007 9.3000000000000007 9.3000000000000007 9.3000000000000007
    9.4000000000000004 9.4000000000000004 9.4000000000000004 9.4000000000000004
    9.4000000000000004 9.4000000000000004 9.4000000000000004 9.4000000000000004
    9.4000000000000004 9.4000000000000004 9.4000000000000004 9.4000000000000004
    9.5 9.5 9.5 9.5 9.5 9.5 9.5 9.5 9.5 9.5 9.5999999999999996
    9.5999999999999996 9.5999999999999996 9.5999999999999996 9.5999999999999996
    9.5999999999999996 9.5999999999999996 9.5999999999999996 9.5999999999999996
    9.5999999999999996 9.5999999999999996 9.5999999999999996 9.5999999999999996
    9.5999999999999996 9.6999999999999993 9.6999999999999993 9.6999999999999993
    9.6999999999999993 9.6999999999999993 9.6999999999999993 9.6999999999999993
    9.6999999999999993 9.8000000000000007 9.8000000000000007 9.8000000000000007
    9.8000000000000007 9.8000000000000007 9.8000000000000007 9.8000000000000007
    9.8000000000000007 9.8000000000000007 9.8000000000000007 9.8000000000000007
    9.8000000000000007 9.9000000000000004 9.9000000000000004 9.9000000000000004
    9.9000000000000004 9.9000000000000004 9.9000000000000004 9.9000000000000004
    9.9000000000000004 1.0e+1 1.0e+1 1.0e+1 1.0e+1 1.0e+1 1.0e+1 1.0e+1 1.0e+1
    1.0e+1 1.0e+1 1.0e+1 1.01e+1 1.01e+1 1.01e+1 1.01e+1 1.01e+1 1.01e+1
    1.01e+1 1.01e+1 1.0199999999999999e+1 1.0199999999999999e+1
    1.0199999999999999e+1 1.0199999999999999e+1 1.0199999999999999e+1
    1.0199999999999999e+1 1.0199999999999999e+1 1.0199999999999999e+1
    1.0199999999999999e+1 1.0199999999999999e+1 1.0199999999999999e+1
    1.0199999999999999e+1 1.0300000000000001e+1 1.0300000000000001e+1
    1.0300000000000001e+1 1.0300000000000001e+1 1.0300000000000001e+1
    1.0300000000000001e+1 1.0300000000000001e+1 1.0300000000000001e+1
    1.0300000000000001e+1 1.0300000000000001e+1 1.04e+1 1.04e+1 1.04e+1 1.04e+1
    1.04e+1 1.04e+1 1.04e+1 1.04e+1 1.04e+1 1.04e+1 1.04e+1 1.05e+1 1.05e+1
    1.05e+1 1.05e+1 1.05e+1 1.05e+1 1.05e+1 1.05e+1 1.05e+1 1.05e+1 1.06e+1
    1.06e+1 1.06e+1 1.06e+1 1.06e+1 1.06e+1 1.06e+1 1.06e+1 1.06e+1 1.06e+1
    1.06e+1 1.0699999999999999e+1 1.0699999999999999e+1 1.0699999999999999e+1
    1.0699999999999999e+1 1.0699999999999999e+1 1.0699999999999999e+1
    1.0699999999999999e+1 1.0699999999999999e+1 1.0699999999999999e+1
    1.0699999999999999e+1 1.0699999999999999e+1 1.0699999999999999e+1
    1.0699999999999999e+1 1.0800000000000001e+1 1.0800000000000001e+1
    1.0800000000000001e+1 1.0800000000000001e+1 1.0800000000000001e+1
    1.0800000000000001e+1 1.0800000000000001e+1 1.0800000000000001e+1
    1.0800000000000001e+1 1.0800000000000001e+1 1.0800000000000001e+1
    1.0800000000000001e+1 1.0800000000000001e+1 1.09e+1 1.09e+1 1.09e+1 1.09e+1
    1.09e+1 1.09e+1 1.09e+1 1.09e+1 1.09e+1 1.09e+1 1.09e+1 1.09e+1 1.1e+1
    1.1e+1 1.1e+1 1.1e+1 1.1e+1 1.1e+1 1.1e+1 1.11e+1 1.11e+1 1.11e+1 1.11e+1
    1.11e+1 1.11e+1 1.11e+1 1.11e+1 1.11e+1 1.1199999999999999e+1
    1.1199999999999999e+1 1.1199999999999999e+1 1.1199999999999999e+1
    1.1199999999999999e+1 1.1199999999999999e+1 1.1300000000000001e+1
    1.1300000000000001e+1 1.1300000000000001e+1 1.1300000000000001e+1
    1.1300000000000001e+1 1.1300000000000001e+1 1.1300000000000001e+1
    1.1300000000000001e+1 1.1300000000000001e+1 1.1300000000000001e+1 1.14e+1
    1.14e+1 1.14e+1 1.14e+1 1.14e+1 1.14e+1 1.14e+1 1.14e+1 1.14e+1 1.14e+1
    1.14e+1 1.14e+1 1.14e+1 1.15e+1 1.15e+1 1.15e+1 1.15e+1 1.15e+1 1.15e+1
    1.15e+1 1.15e+1 1.16e+1 1.16e+1 1.16e+1 1.16e+1 1.16e+1 1.16e+1 1.16e+1
    1.16e+1 1.16e+1 1.1699999999999999e+1 1.1699999999999999e+1
    1.1699999999999999e+1 1.1699999999999999e+1 1.1699999999999999e+1
    1.1699999999999999e+1 1.1699999999999999e+1 1.1699999999999999e+1
    1.1699999999999999e+1 1.1800000000000001e+1 1.1800000000000001e+1
    1.1800000000000001e+1 1.1800000000000001e+1 1.1800000000000001e+1
    1.1800000000000001e+1 1.1800000000000001e+1 1.1800000000000001e+1
    1.1800000000000001e+1 1.19e+1 1.19e+1 1.19e+1 1.19e+1 1.19e+1 1.19e+1
    1.19e+1 1.19e+1 1.19e+1 1.19e+1 1.19e+1 1.2e+1 1.2e+1 1.2e+1 1.2e+1 1.2e+1
    1.2e+1 1.2e+1 1.2e+1 1.2e+1 1.2e+1 1.21e+1 1.21e+1 1.21e+1 1.21e+1 1.21e+1
    1.21e+1 1.21e+1 1.2199999999999999e+1 1.2199999999999999e+1
    1.2199999999999999e+1 1.2199999999999999e+1 1.2199999999999999e+1
    1.2199999999999999e+1 1.2199999999999999e+1 1.2199999999999999e+1
    1.2199999999999999e+1 1.2199999999999999e+1 1.2199999999999999e+1
    1.2300000000000001e+1 1.2300000000000001e+1 1.2300000000000001e+1
    1.2300000000000001e+1 1.2300000000000001e+1 1.2300000000000001e+1
    1.2300000000000001e+1 1.2300000000000001e+1 1.24e+1 1.24e+1 1.24e+1 1.24e+1
    1.24e+1 1.24e+1 1.24e+1 1.25e+1 1.25e+1 1.25e+1 1.25e+1 1.25e+1 1.25e+1
    1.25e+1 1.25e+1 1.26e+1 1.26e+1 1.26e+1 1.26e+1 1.26e+1 1.26e+1 1.26e+1
    1.26e+1 1.26e+1 1.2699999999999999e+1 1.2699999999999999e+1
    1.2699999999999999e+1 1.2699999999999999e+1 1.2699999999999999e+1
    1.2699999999999999e+1 1.2699999999999999e+1 1.2800000000000001e+1
    1.2800000000000001e+1 1.2800000000000001e+1 1.2800000000000001e+1
    1.2800000000000001e+1 1.2800000000000001e+1 1.29e+1 1.29e+1 1.29e+1 1.29e+1
    1.29e+1 1.29e+1 1.3e+1 1.3e+1 1.3e+1 1.3e+1 1.3e+1 1.3e+1 1.3e+1 1.31e+1
    1.31e+1 1.31e+1 1.31e+1 1.31e+1 1.31e+1 1.31e+1 1.31e+1 1.31e+1 1.31e+1
    1.3199999999999999e+1 1.3199999999999999e+1 1.3199999999999999e+1
    1.3199999999999999e+1 1.3199999999999999e+1 1.3199999999999999e+1
    1.3199999999999999e+1 1.3199999999999999e+1 1.3199999999999999e+1
    1.3199999999999999e+1 1.3199999999999999e+1 1.3199999999999999e+1
    1.3199999999999999e+1 1.3199999999999999e+1 1.3199999999999999e+1
    1.3199999999999999e+1 1.3199999999999999e+1 1.3199999999999999e+1
    1.3199999999999999e+1 1.3199999999999999e+1 1.3199999999999999e+1
    1.3199999999999999e+1 1.3199999999999999e+1 1.3199999999999999e+1
    1.3199999999999999e+1 1.3199999999999999e+1 1.3199999999999999e+1
    1.3199999999999999e+1 1.3199999999999999e+1 1.3199999999999999e+1
    1.3199999999999999e+1 1.3199999999999999e+1 1.3199999999999999e+1
    1.3199999999999999e+1 1.3199999999999999e+1 1.3199999999999999e+1
    1.3199999999999999e+1 1.3199999999999999e+1 1.3199999999999999e+1
    1.3199999999999999e+1 1.3199999999999999e+1 1.3199999999999999e+1
    1.3199999999999999e+1 1.3199999999999999e+1 1.3199999999999999e+1
    1.3199999999999999e+1 1.3199999999999999e+1 1.3199999999999999e+1
    1.3199999999999999e+1 1.3199999999999999e+1 1.3199999999999999e+1
    1.3199999999999999e+1 1.3199999999999999e+1 1.3199999999999999e+1
    1.3199999999999999e+1 1.3199999999999999e+1 1.3199999999999999e+1
    1.3199999999999999e+1 1.3199999999999999e+1 1.3199999999999999e+1
    1.3199999999999999e+1 1.3199999999999999e+1 1.3199999999999999e+1
    1.3199999999999999e+1 1.3199999999999999e+1 1.3199999999999999e+1
    1.3199999999999999e+1 1.3199999999999999e+1 1.3199999999999999e+1
    1.3199999999999999e+1 1.3199999999999999e+1 1.3199999999999999e+1
    1.3199999999999999e+1 1.3199999999999999e+1 1.3199999999999999e+1
    1.3199999999999999e+1 1.3199999999999999e+1 1.3199999999999999e+1
    1.3199999999999999e+1 1.3199999999999999e+1 1.3199999999999999e+1
    1.3199999999999999e+1 1.3199999999999999e+1 1.3199999999999999e+1
    1.3199999999999999e+1 1.3199999999999999e+1 1.3199999999999999e+1
    1.3199999999999999e+1 1.3199999999999999e+1 1.3199999999999999e+1
    1.3199999999999999e+1 1.3199999999999999e+1 1.3199999999999999e+1
    1.3199999999999999e+1 1.3199999999999999e+1 1.3199999999999999e+1
    1.3199999999999999e+1 1.3199999999999999e+1 1.3199999999999999e+1
    1.3199999999999999e+1 1.3199999999999999e+1 1.3199999999999999e+1
    1.3199999999999999e+1 1.3199999999999999e+1 1.3199999999999999e+1
    1.3199999999999999e+1 1.3199999999999999e+1 1.3199999999999999e+1
    1.3199999999999999e+1 1.3199999999999999e+1 1.3199999999999999e+1
    1.3199999999999999e+1 1.3199999999999999e+1 1.3199999999999999e+1
    1.3199999999999999e+1 1.3199999999999999e+1 1.3199999999999999e+1
    1.3199999999999999e+1 1.3199999999999999e+1 1.3199999999999999e+1
    1.3199999999999999e+1 1.3199999999999999e+1 1.3199999999999999e+1
    1.3199999999999999e+1 1.3199999999999999e+1 1.3199999999999999e+1
    1.3199999999999999e+1 1.3199999999999999e+1 1.3199999999999999e+1
    1.3199999999999999e+1 1.3199999999999999e+1 1.3199999999999999e+1
    1.3199999999999999e+1 1.3199999999999999e+1 1.3199999999999999e+1
    1.3199999999999999e+1 1.3199999999999999e+1 1.3199999999999999e+1
    1.3199999999999999e+1 1.3199999999999999e+1 1.3199999999999999e+1
    1.3199999999999999e+1 1.3199999999999999e+1 1.3199999999999999e+1
    1.3199999999999999e+1 1.3199999999999999e+1 1.3199999999999999e+1
    1.3199999999999999e+1 1.3199999999999999e+1 1.3199999999999999e+1
    1.3199999999999999e+1 1.3300000000000001e+1 1.3300000000000001e+1
    1.3300000000000001e+1 1.3300000000000001e+1 1.3300000000000001e+1
    1.3300000000000001e+1 1.3300000000000001e+1 1.3300000000000001e+1
    1.3300000000000001e+1 1.3300000000000001e+1 1.3300000000000001e+1
    1.3300000000000001e+1 1.3300000000000001e+1 1.3300000000000001e+1
    1.3300000000000001e+1 1.3300000000000001e+1 1.3300000000000001e+1 1.34e+1
    1.34e+1 1.34e+1 1.34e+1 1.34e+1 1.34e+1 1.34e+1 1.34e+1 1.34e+1 1.34e+1
    1.35e+1 1.35e+1 1.35e+1 1.35e+1 1.35e+1 1.35e+1 1.35e+1 1.35e+1 1.36e+1
    1.36e+1 1.36e+1 1.36e+1 1.36e+1 1.36e+1 1.36e+1 1.36e+1 1.36e+1
    1.3699999999999999e+1 1.3699999999999999e+1 1.3699999999999999e+1
    1.3699999999999999e+1 1.3699999999999999e+1 1.3699999999999999e+1
    1.3699999999999999e+1 1.3699999999999999e+1 1.3699999999999999e+1
    1.3800000000000001e+1 1.3800000000000001e+1 1.3800000000000001e+1
    1.3800000000000001e+1 1.3800000000000001e+1 1.3800000000000001e+1
    1.3800000000000001e+1 1.39e+1 1.39e+1 1.39e+1 1.39e+1 1.39e+1 1.4e+1 1.4e+1
    1.4e+1 1.4e+1 1.4e+1 1.41e+1 1.41e+1 1.41e+1 1.41e+1 1.41e+1
    1.4199999999999999e+1 1.4199999999999999e+1 1.4199999999999999e+1
    1.4199999999999999e+1 1.4199999999999999e+1 1.4199999999999999e+1
    1.4300000000000001e+1 1.4300000000000001e+1 1.4300000000000001e+1
    1.4300000000000001e+1 1.4300000000000001e+1 1.4300000000000001e+1 1.44e+1
    1.44e+1 1.44e+1 1.44e+1 1.44e+1 1.44e+1 1.45e+1 1.45e+1 1.45e+1 1.45e+1
    1.45e+1 1.46e+1 1.46e+1 1.46e+1 1.46e+1 1.46e+1 1.46e+1
    1.4699999999999999e+1 1.4699999999999999e+1 1.4699999999999999e+1
    1.4699999999999999e+1 1.4699999999999999e+1 1.4699999999999999e+1
    1.4699999999999999e+1 1.4800000000000001e+1 1.4800000000000001e+1
    1.4800000000000001e+1 1.4800000000000001e+1 1.4800000000000001e+1
    1.4800000000000001e+1 1.4800000000000001e+1 1.49e+1 1.49e+1 1.49e+1 1.49e+1
    1.49e+1 1.5e+1 1.5e+1 1.5e+1 1.5e+1 1.5e+1 1.51e+1 1.51e+1 1.51e+1 1.51e+1
    1.51e+1 1.51e+1 1.51e+1 1.5199999999999999e+1 1.5199999999999999e+1
    1.5199999999999999e+1 1.5199999999999999e+1 1.5300000000000001e+1
    1.5300000000000001e+1 1.5300000000000001e+1 1.5300000000000001e+1
    1.5300000000000001e+1 1.5300000000000001e+1 1.5300000000000001e+1 1.54e+1
    1.54e+1 1.54e+1 1.54e+1 1.54e+1 1.54e+1 1.54e+1 1.55e+1 1.55e+1 1.55e+1
    1.56e+1 1.56e+1 1.56e+1 1.56e+1 1.56e+1 1.56e+1 1.5699999999999999e+1
    1.5699999999999999e+1 1.5699999999999999e+1 1.5699999999999999e+1
    1.5699999999999999e+1 1.5800000000000001e+1 1.5800000000000001e+1
    1.5800000000000001e+1 1.5800000000000001e+1 1.5800000000000001e+1 1.59e+1
    1.59e+1 1.59e+1 1.6e+1 1.6e+1 1.6e+1 1.6e+1 1.6100000000000001e+1
    1.6100000000000001e+1 1.6199999999999999e+1 1.6199999999999999e+1
    1.6300000000000001e+1 1.6300000000000001e+1 1.6300000000000001e+1
    1.6300000000000001e+1 1.6399999999999999e+1 1.6399999999999999e+1
    1.6399999999999999e+1 1.65e+1 1.65e+1 1.65e+1 1.65e+1 1.6600000000000001e+1
    1.6600000000000001e+1 1.6600000000000001e+1 1.6600000000000001e+1
    1.6600000000000001e+1 1.6699999999999999e+1 1.6699999999999999e+1
    1.6699999999999999e+1 1.6699999999999999e+1 1.6699999999999999e+1
    1.6699999999999999e+1 1.6800000000000001e+1 1.6800000000000001e+1
    1.6800000000000001e+1 1.6899999999999999e+1 1.6899999999999999e+1
    1.6899999999999999e+1 1.6899999999999999e+1 1.6899999999999999e+1 1.7e+1
    1.7e+1 1.7e+1 1.7e+1 1.7e+1 1.7100000000000001e+1 1.7199999999999999e+1
    1.7199999999999999e+1 1.7199999999999999e+1 1.7199999999999999e+1
    1.7199999999999999e+1 1.7199999999999999e+1 1.7300000000000001e+1
    1.7300000000000001e+1 1.7300000000000001e+1 1.7300000000000001e+1
    1.7399999999999999e+1 1.75e+1 1.75e+1 1.75e+1 1.75e+1 1.75e+1
    1.7600000000000001e+1 1.7600000000000001e+1 1.7600000000000001e+1
    1.7699999999999999e+1 1.7699999999999999e+1 1.7800000000000001e+1
    1.7800000000000001e+1 1.7800000000000001e+1 1.7899999999999999e+1
    1.7899999999999999e+1 1.8e+1 1.8e+1 1.8e+1 1.8e+1 1.8100000000000001e+1
    1.8199999999999999e+1 1.8199999999999999e+1 1.8199999999999999e+1
    1.8300000000000001e+1 1.8300000000000001e+1 1.8300000000000001e+1
    1.8399999999999999e+1 1.8399999999999999e+1 1.85e+1 1.85e+1
    1.8600000000000001e+1 1.8600000000000001e+1 1.8699999999999999e+1
    1.8699999999999999e+1 1.8699999999999999e+1 1.8800000000000001e+1
    1.8800000000000001e+1 1.8899999999999999e+1 1.8899999999999999e+1
    1.8899999999999999e+1 1.9e+1 1.9100000000000001e+1 1.9100000000000001e+1
    1.9300000000000001e+1 1.9300000000000001e+1 1.9399999999999999e+1 1.95e+1
    1.9600000000000001e+1 1.9600000000000001e+1 1.9600000000000001e+1
    1.9699999999999999e+1 1.9699999999999999e+1 1.9699999999999999e+1
    1.9800000000000001e+1 1.9800000000000001e+1 1.9899999999999999e+1
    1.9899999999999999e+1 1.9899999999999999e+1 2.0e+1 2.0199999999999999e+1
    2.0300000000000001e+1 2.0399999999999999e+1 2.05e+1 2.0600000000000001e+1
    2.0600000000000001e+1 2.0800000000000001e+1 2.1e+1 2.1199999999999999e+1
    2.1300000000000001e+1 2.15e+1 2.15e+1 2.1899999999999999e+1 2.2e+1
    2.2300000000000001e+1 2.2300000000000001e+1 2.2399999999999999e+1
    2.2600000000000001e+1 2.2899999999999999e+1 2.2899999999999999e+1
    2.2899999999999999e+1 2.3e+1 2.3300000000000001e+1 2.3699999999999999e+1
    2.3899999999999999e+1 2.4100000000000001e+1 2.4699999999999999e+1
    2.5100000000000001e+1 2.5699999999999999e+1 2.5800000000000001e+1
    2.6399999999999999e+1 2.6399999999999999e+1 2.6399999999999999e+1
    2.6399999999999999e+1 2.6399999999999999e+1 2.6399999999999999e+1
    2.6399999999999999e+1 2.6399999999999999e+1 2.6399999999999999e+1 2.7e+1
    2.7899999999999999e+1), winSize: 6.0e+1, binSize: 1.0e+1, tStart: 0.0,
    tEnd: 7.211e+3, binStart: 7.211e+3, maxBLsize: 1.0e+4 >
Bye.
