		     \||||||||||||||||||/
		   --- Welcome to Maude ---
		     /||||||||||||||||||\
	     Maude 3.5 built: Sep 25 2024 12:00:00
	     Copyright 1997-2024 SRI International
		   Sun Aug 16 20:43:55 2026
Warning: "smc_cp3-refactored.maude", line 140 (mod SMC_CP3): multiple distinct
    parses for statement
eq sumDiff (F F' FL) = (F' - F) + sumDiff (F' FL) .
Warning: "smc_cp3-refactored.maude", line 145 (mod SMC_CP3): multiple distinct
    parses for statement
eq avgDiff (FL) = if (len (FL) == 1) then 0.0 else sumDiff (FL) / float (len (
    FL) - 1) fi .
Warning: "smc_cp3-refactored.maude", line 150 (mod SMC_CP3): multiple distinct
    parses for statement
eq sumSquaredDiff (F FL, F') = (F - F') * (F - F') + sumSquaredDiff (FL, F') .
Warning: "smc_cp3-refactored.maude", line 225 (mod SMC_CP3): multiple distinct
    parses for statement
eq compLatency (Tsent, Trcvd) = Trcvd - Tsent .
Warning: "smc_cp3-refactored.maude", line 291 (mod SMC_CP3): multiple distinct
    parses for statement
eq getGoodput (< ADDR : IrcMonitor | msgRcvd: ircMTL, attrs >, Tstart, Tend) =
    collectGoodput (filterWindow (ircMTL, Tstart, Tend), Tstart, Tend) * 8.0 /
    (Tend - Tstart) .
Warning: "smc_cp3-refactored.maude", line 381 (mod SMC_CP3): multiple distinct
    parses for statement
eq normMED (NL, NL') = if max (lenMsgIdList (NL), lenMsgIdList (NL')) == 0 then
    1.0 else 1.0 - (float (med (NL, NL')) / float (max (lenMsgIdList (NL),
    lenMsgIdList (NL')))) fi .
Warning: "smc_cp3-refactored.maude", line 500 (mod SMC_CP3): multiple distinct
    parses for statement
eq getMTBF (< ADDR : IrcMonitor | msgSent: ircMTL, msgRcvd: ircMTL', attrs >,
    Tn, Tstart, Tend) = getMTBFAux (filterWindow (ircMTL, Tstart - Tn, Tend +
    Tn), filterWindow (ircMTL', Tstart - Tn, Tend + Tn), Tn, Tstart, Tend) .
Warning: "smc_cp3-refactored.maude", line 560 (mod SMC_CP3): multiple distinct
    parses for statement
eq KsDistanceX (F FL, nil, I, J, invN, invN', D) = max2 (D, abs ((float (I) *
    invN) - 1.0)) .
Warning: "smc_cp3-refactored.maude", line 561 (mod SMC_CP3): multiple distinct
    parses for statement
eq KsDistanceX (nil, F' FL', I, J, invN, invN', D) = max2 (D, abs (1.0 - (float
    (J) * invN'))) .
Warning: "smc_cp3-refactored.maude", line 563 (mod SMC_CP3): multiple distinct
    parses for statement
ceq KsDistanceX (F FL, F' FL', I, J, invN, invN', D) = KsDistanceX (FL1, FL2, I
    + C1, J + C2, invN, invN', max2 (D, abs ((float (I + C1) * invN) - (float (
    J + C2) * invN')))) if F == F' /\ prefix (C1, FL1) := skipEqPrefix (F, F
    FL) /\ prefix (C2, FL2) := skipEqPrefix (F', F' FL') .
Warning: "smc_cp3-refactored.maude", line 569 (mod SMC_CP3): multiple distinct
    parses for statement
ceq KsDistanceX (F FL, F' FL', I, J, invN, invN', D) = KsDistanceX (FL, F' FL',
    I + 1, J, invN, invN', max2 (D, abs ((float (I + 1) * invN) - (float (J) *
    invN')))) if F < F' .
Warning: "smc_cp3-refactored.maude", line 573 (mod SMC_CP3): multiple distinct
    parses for statement
ceq KsDistanceX (F FL, F' FL', I, J, invN, invN', D) = KsDistanceX (F FL, FL',
    I, J + 1, invN, invN', max2 (D, abs ((float (I) * invN) - (float (J + 1) *
    invN')))) if F > F' .
Warning: "smc_cp3-refactored.maude", line 583 (mod SMC_CP3): multiple distinct
    parses for statement
eq KsStatisticZ (FL, FL', K) = KsDistance (FL, FL') - K .
Warning: "smc_cp3-refactored.maude", line 679 (mod SMC_CP3): multiple distinct
    parses for statement
eq compObsFeatureX (vp, dnsQueryRate, Fid, TOL, Tstart, Tend) = float (
    countDNSQuery (vp, Fid, TOL, Tstart, Tend)) / (Tend - Tstart) .
Warning: "smc_cp3-refactored.maude", line 693 (mod SMC_CP3): multiple distinct
    parses for statement
eq compObsFeatureX (vp, tcpUpRate, Fid, TOL, Tstart, Tend) = float (
    sizeTCPUpload (vp, Fid, TOL, Tstart, Tend)) / (Tend - Tstart) .
Warning: "smc_cp3-refactored.maude", line 695 (mod SMC_CP3): multiple distinct
    parses for statement
eq compObsFeatureX (vp, tcpDownRate, Fid, TOL, Tstart, Tend) = float (
    sizeTCPDownload (vp, Fid, TOL, Tstart, Tend)) / (Tend - Tstart) .
Warning: "smc_cp3-refactored.maude", line 703 (mod SMC_CP3): multiple distinct
    parses for statement
eq compObsFeatureX (vp, tcpOutPktRate, Fid, TOL, Tstart, Tend) = float (
    countTCPOutPkt (vp, Fid, TOL, Tstart, Tend)) / (Tend - Tstart) .
Warning: "smc_cp3-refactored.maude", line 705 (mod SMC_CP3): multiple distinct
    parses for statement
eq compObsFeatureX (vp, tcpInPktRate, Fid, TOL, Tstart, Tend) = float (
    countTCPInPkt (vp, Fid, TOL, Tstart, Tend)) / (Tend - Tstart) .
Warning: "smc_cp3-refactored.maude", line 724 (mod SMC_CP3): multiple distinct
    parses for statement
eq compObsFeatureX (vp, dnsQueryRate, TOL, Tstart, Tend) = float (countDNSQuery
    (vp, TOL, Tstart, Tend)) / (Tend - Tstart) .
Warning: "smc_cp3-refactored.maude", line 738 (mod SMC_CP3): multiple distinct
    parses for statement
eq compObsFeatureX (vp, tcpUpRate, TOL, Tstart, Tend) = float (sizeTCPUpload (
    vp, TOL, Tstart, Tend)) / (Tend - Tstart) .
Warning: "smc_cp3-refactored.maude", line 740 (mod SMC_CP3): multiple distinct
    parses for statement
eq compObsFeatureX (vp, tcpDownRate, TOL, Tstart, Tend) = float (
    sizeTCPDownload (vp, TOL, Tstart, Tend)) / (Tend - Tstart) .
Warning: "smc_cp3-refactored.maude", line 748 (mod SMC_CP3): multiple distinct
    parses for statement
eq compObsFeatureX (vp, tcpOutPktRate, TOL, Tstart, Tend) = float (
    countTCPOutPkt (vp, TOL, Tstart, Tend)) / (Tend - Tstart) .
Warning: "smc_cp3-refactored.maude", line 750 (mod SMC_CP3): multiple distinct
    parses for statement
eq compObsFeatureX (vp, tcpInPktRate, TOL, Tstart, Tend) = float (countTCPInPkt
    (vp, TOL, Tstart, Tend)) / (Tend - Tstart) .
Warning: "smc_cp3-refactored.maude", line 911 (mod SMC_CP3): multiple distinct
    parses for statement
ceq expectedKObsFeature (vp, obsF, baselineCDF, binECDFs, T, Tend, winSize,
    binSize, Ksum, N) = if KD >= 0.0 then expectedKObsFeature (vp, obsF,
    baselineCDF, binECDFs, T + binSize, Tend, winSize, binSize, Ksum + KD, N +
    1) else expectedKObsFeature (vp, obsF, baselineCDF, binECDFs, T + binSize,
    Tend, winSize, binSize, Ksum, N) fi if (T + winSize) <= (Tend + Tesp) /\
    ECDF := sort (getECDFObsFeatureRange (binECDFs, floor (rat (T / binSize)),
    (floor (rat (T / binSize)) + floor (rat (winSize / binSize))) - 1)) /\ KD
    := KsDistance (baselineCDF, ECDF) .
Warning: "smc_cp3-refactored.maude", line 1079 (mod SMC_CP3): multiple distinct
    parses for statement
eq getCUSUMZt (< ADDR : Adversary | gt: (bl (vp, obsF, K, Zt) :; blList), attrs
    >, vp, obsF, Tstart, Tend, winSize, binSize) = cusumRange (Zt, floor (rat (
    Tstart / binSize)), floor (rat ((Tend - winSize) / binSize))) .
==========================================
rewrite in HCS-TEST-BASELINE-TCPPKTINTERARRIVAL-SRVN : run((initState(counter)
    [tgenDelay, to baseLineAddr from baseLineAddr : initBase, 0]) 
{0.0 |
nil}, slimit) .
rewrites: 75817242984 in 9502598ms cpu (9760163ms real) (7978580
    rewrites/second)
result Actor: 
< baseLineAddr : BaseLineMonitor | viewPts: srvN, features: tcpPktInterarrival,
    baseLine: bl(srvN, tcpPktInterarrival, 6.5416556384278335e-1,
    1.2171685472016178 1.2172013432766886 1.2172083197751167 1.217213641002066
    1.2172454975757319 1.2172775223677188 1.2173163873380872 1.2173223575273937
    1.2173508699453919 1.2173548507342578 1.2173811866917277 1.2174154110439304
    1.2174375699008806 1.2174510817966393 1.2174714423598516 1.2174930000165887
    1.217543006501387 1.2175618599479614 1.2175853995134578 1.2176469165847266
    1.217773158176169 1.2178215261455989 1.2178794358305822 1.2179473873234852
    1.2180374651943566 1.2181967581298068 1.2182369100390815 1.2182663078019687
    1.2183451725290979 1.2184006303505157 1.2184975144360579 1.2188060783455512
    1.2188321643885502 1.2194773755894404 1.2197167567990921 1.2197519063073134
    1.219775061276702 1.220159125729424 1.2202691251194058 1.2203400731761576
    1.2203795701786475 1.2204759757596548 1.2205414068492548 1.2206303968439118
    1.2207019282944722 1.2207959785530744 1.2211135616605133 1.2214815559818817
    1.2216002804768777 1.2217496764641282 1.2222162391396654 1.2222261877612774
    1.2222780617097928 1.2223349724697983 1.2223656788786943 1.2226307175373374
    1.2227425245773702 1.2228304009671167 1.222917244684216 1.2229524002093513
    1.2229637406267859 1.2230005935210784 1.2230099699490893 1.2230484335092342
    1.2230671475210784 1.2231436875365489 1.223228552913497 1.2232749584770015
    1.2234177561816977 1.223569795536475 1.22359534819437 1.2235984241160622
    1.223647022224668 1.2236763873157284 1.2237069317724101 1.2239235886390816
    1.2241208983834138 1.2241421747189634 1.2243063852865816 1.2244281926182339
    1.2244568626334902 1.2245870715843401 1.224652713830892 1.2247248032470452
    1.224816777569913 1.2248510938296022 1.2248774234980633 1.2249026816425612
    1.2249791730423283 1.2250126913504005 1.2254271350140016 1.2254784442437605
    1.2255053030381078 1.2255124247762978 1.2255686096040335 1.2255770732077735
    1.2256022107406352 1.225614174856787 1.2256261473509311 1.2256681309177762
    1.2256992975979821 1.2257244310520556 1.2259309418643625 1.2259418671174369
    1.2259902553596476 1.2261023723420814 1.2262175277384944 1.226680755322572
    1.2267374923528516 1.226844533601555 1.2269440033321644 1.2269706077660885
    1.2270410596945243 1.2273567794842231 1.2274778299825226 1.2275512249699052
    1.2275678458107191 1.2277332908949272 1.2277766773273697 1.2278304300157288
    1.2278486859281657 1.2278925052734546 1.2279343333652832 1.2279734954993273
    1.2279845887407645 1.2280625051530802 1.2281611255612981 1.2282252346988116
    1.2286333236197606 1.2287167047590628 1.228751575570459 1.2287718580899309
    1.2287814539360624 1.228819823478807 1.2288403208845922 1.2288904152454572
    1.2290744701277618 1.2290916507862675 1.2291087709517341 1.2292554450292907
    1.2295943465172361 1.2296138502614278 1.2298245930407574 1.2299964238496615
    1.2301983771262712 1.2305867719518915 1.2307280750531391 1.2309628169464955
    1.231225382109707 1.2312444880452251 1.2312809194249243 1.231329458178152
    1.2313922750988371 1.2317579281942537 1.2317922455715038 1.2317991350298598
    1.2318934132125605 1.2319108584229395 1.2319925272946162 1.232077615530405
    1.23212237176953 1.2324480860514389 1.2324970124018364 1.2325321837962899
    1.232543322299398 1.2325835689022522 1.2329426063215578 1.2329685262411658
    1.2329860254513392 1.233021971172775 1.2331013997181799 1.2331895878442083
    1.2333953007813154 1.2334204081656026 1.2334921825327911 1.2335121195575085
    1.2336635183661202 1.2337451145949672 1.2338682076724581 1.2339615398516344
    1.2340531180773593 1.2341023634147064 1.2341179780640752 1.2341642910373594
    1.2341666583819719 1.2341797342166632 1.2342116267090546 1.2342412496345219
    1.234242022063351 1.2343606912726652 1.2349959091294036 1.2350326495017856
    1.2351074544930529 1.2353052580997428 1.2353724374052035 1.2354717344527064
    1.2355233496779192 1.2355319227981454 1.2355487759041353 1.23557601881339
    1.2356601185470937 1.2357501423507529 1.2358689061153807 1.2359495844948014
    1.2360765490658197 1.2361021227893616 1.2362755319852243 1.2364151239689818
    1.2367387420526939 1.2368506200535649 1.2368869291199189 1.2369948323631823
    1.2370476615546977 1.2374671105021662 1.23752739267793 1.2375564273506825
    1.2375818103106819 1.2376062813940993 1.2376378606114713 1.237663733120371
    1.2376917885438843 1.2377310411852136 1.2378251588518197 1.2380267327631114
    1.2383323927641186 1.2388301883382553 1.2388530560989608 1.2388691390539179
    1.2388789496240236 1.2389318372569278 1.2389714555238243 1.2393016561453416
    1.2393555406520786 1.2393849320991908 1.2394914230369198 1.2395433349292944
    1.2395625758541655 1.2396171209501776 1.2396921851780331 1.2397270172401218
    1.239795232784445 1.239928050267086 1.240012959751948 1.2400212411096505
    1.2401648311332945 1.240229011318531 1.2404813816325866 1.2405377006396521
    1.2406073807461553 1.2406293455593413 1.240752980752859 1.2407662186544712
    1.2408038732057776 1.2408053635253964 1.2408172458315221 1.240858219628665
    1.241005969895923 1.2411296580528091 1.2413259617042058 1.2414558135710081
    1.241540017261124 1.2415544853037375 1.2415900907776631 1.2416147227813781
    1.2416426733064847 1.2416977882191986 1.241779657068264 1.2419933201720466
    1.2420608820609971 1.24206637095384 1.2420915151867007 1.2421515006617483
    1.2423094687776484 1.2423688715802459 1.2424084420032386 1.2426230297060101
    1.2427029951049917 1.2428777547995 1.24289162474156 1.2429759278920756
    1.243020084200225 1.2431471721188245 1.2431979912653333 1.2432474555318247
    1.243326743020134 1.2433526294823121 1.2434378513917181 1.2435380561721883
    1.2435759263736534 1.2435995558522077 1.2436373354503303 1.2437138792513451
    1.2437399325867546 1.243821742374621 1.243896771470645 1.2439121951831567
    1.2439585886843361 1.2440032266108574 1.2442472969396476 1.2444972266766854
    1.244665687296804 1.2447134578790806 1.244787225234339 1.2448651534692285
    1.2451383146768193 1.2453578700857786 1.2454696770316502 1.245500644546025
    1.2455334372410409 1.2455867247697046 1.2455955237249197 1.2457604645214815
    1.2458167467948442 1.2459354860719372 1.2459908026375843 1.2460297529221065
    1.2460997259032069 1.2461398227621885 1.2461679152322802 1.2461919800040562
    1.246213339919753 1.2465781636649678 1.2468729056372467 1.2469336232629107
    1.2470148645100683 1.2471827395290045 1.2471859238010439 1.2472184681517622
    1.2472717708139953 1.2473458895333351 1.2475229588837919 1.2479155254083405
    1.2480986015298186 1.248136786130696 1.2482949557675966 1.2488773953524741
    1.2490215864109662 1.2491102749289893 1.2492264801228106 1.2492699598132861
    1.2492897470709068 1.2494084779992818 1.2494291731799005 1.2494850434531866
    1.2495456377910159 1.2495740959789146 1.2498233628706916 1.2499945916193351
    1.2501681467178969 1.250321125028222 1.2503644639395133 1.250443391119396
    1.2506861644520768 1.250912217423263 1.2509817859926595 1.2510440472031708
    1.2510733380801564 1.251139411573907 1.2511981284062585 1.2513806022529024
    1.2514733602793058 1.2515705368645285 1.2516142758357092 1.2519102234739745
    1.2519748187725261 1.2522686327486099 1.2523101678042015 1.2523795116089786
    1.2524131138966368 1.2524275359016883 1.252436056467559 1.2525077407950296
    1.2528300292650627 1.2529301398056607 1.2529594222370406 1.2529963731375184
    1.2530401913235047 1.25312944028137 1.2531844491453132 1.2534006092752992
    1.2534536406714583 1.2535517759579307 1.2535550277767697 1.2536657420790627
    1.2539452272778437 1.2539665570900069 1.2539857989310501 1.2540692405503933
    1.2541341371730985 1.254200893253983 1.2542072359610756 1.2542258467345164
    1.2545414369597634 1.2547044065998609 1.254740457510195 1.2547630478681771
    1.2547934970314902 1.2548809361082174 1.2549493172651296 1.2553551176999918
    1.2555538374034541 1.2556786479523605 1.2558721825273551 1.2559627108471432
    1.2559937997095101 1.2560648852265028 1.2565462327968686 1.2566040815430435
    1.2566186650865347 1.2566940308852281 1.2568051746088063 1.2569235971179182
    1.2569504448984503 1.2570757720691859 1.2571374661469821 1.2571753582000695
    1.2575531016798778 1.2576836819390338 1.2578765720728977 1.2579539890152773
    1.2580099228475774 1.2580588742944852 1.2580854660914156 1.258205445618062
    1.2584636532878903 1.2586071146292201 1.258655258651288 1.2588176370525161
    1.2588943566552189 1.2589482912984142 1.2589778956530933 1.2589934473044846
    1.2590382668405644 1.2590808409261551 1.2591227964868874 1.2592557765830861
    1.2593051974416993 1.259649478402783 1.2596621376716637 1.2597243657573927
    1.2598286991797067 1.2598859570759184 1.2599729651854734 1.2600837696246951
    1.2601157912404233 1.2601599943312976 1.2601772867297769 1.260362074284967
    1.2603689432762621 1.2605735223629988 1.2606170480313683 1.2607577631296181
    1.2607937003531333 1.2608784250387544 1.2610476557505534 1.2611487354824931
    1.2612596280748352 1.2613837967364816 1.2615744720217208 1.2616242323899087
    1.2620334601537251 1.2620818115644397 1.262201891795121 1.2623317043937732
    1.2624548374474216 1.2625447289331402 1.2625823954269435 1.2626172222540846
    1.2627059106543281 1.2627866664522571 1.2630685244204869 1.2630892387026051
    1.2631309941901918 1.2631962651581943 1.2632174398059988 1.2633163108795542
    1.2634696537678944 1.2635741224059984 1.2635982022926329 1.2636386760089278
    1.2636556749458319 1.2637035061520692 1.2637610876093146 1.2637955999086574
    1.2638751424281509 1.2640766294144516 1.2641659133494159 1.2642800188191359
    1.2643214997043515 1.2644051505820764 1.264500187855057 1.2646689836590876
    1.2648550837996937 1.2650555349256365 1.2651530537034432 1.2653483042778362
    1.2654881109454437 1.2663699623972207 1.2664293308347776 1.2664700104846491
    1.2665268223352737 1.266633359287068 1.2672741137688717 1.2672944359539542
    1.2673919437127552 1.2674431358182119 1.2677405570413092 1.2679599610331707
    1.2680502198878116 1.2681202865547903 1.268179691646613 1.2681819306338298
    1.2682261611936763 1.2682668371803403 1.2682798611452881 1.2682859067111736
    1.2682988085183979 1.2683138326050538 1.2683375803496801 1.2683651055003793
    1.2683881283562641 1.2683977711327543 1.2684103426850015 1.2684384787346517
    1.2684684225794172 1.268496297612858 1.2685238463998303 1.2685509104222936
    1.268682632196942 1.2686865161012975 1.268703201590792 1.2687739452726419
    1.268805955689307 1.268809754204085 1.2690542261993869 1.2695878692762563
    1.2696538729560416 1.2696672129679882 1.2697263942695827 1.2697475792423121
    1.2698507467382227 1.2698763797175161 1.2703516724708865 1.2712239216478858
    1.2712923517266452 1.2713164437292497 1.2713663017036976 1.2714598759906948
    1.2714818079533263 1.2715219240265339 1.2715965573305377 1.2716885488809047
    1.2717305915363926 1.2718307718134383 1.2720483878974846 1.2720648616289054
    1.2720691328515084 1.2721196497604979 1.272183993320785 1.2722319254073682
    1.2722447236004275 1.2724160450768978 1.2724533855050271 1.2724930018326632
    1.2726459416109719 1.2729401337680126 1.2729601006338573 1.2730018150906897
    1.2730119861444109 1.2730533318435846 1.2731163662324434 1.2734881924468937
    1.2735475210454752 1.2736040226425758 1.2736963877183372 1.273715952663603
    1.2738028389254397 1.2738214882507237 1.2738979133675457 1.273953969633294
    1.2739595154992327 1.2740620298842866 1.2742144570446119 1.2744409337217804
    1.2745850267225478 1.2746949423396927 1.2747546542184789 1.2748846211943601
    1.2749965896535589 1.2750213455789587 1.2753057448880099 1.2760902602001807
    1.2763553321826424 1.2763969062039646 1.276483771040148 1.2766731747266022
    1.2766975425420999 1.2767030245770001 1.2767046360525001 1.2767614554696138
    1.2767883220039948 1.2768402311455378 1.2768516648749417 1.2768652938665193
    1.2768907744948592 1.2769344779326275 1.2770265200941442 1.2771152710699123
    1.2772283260857875 1.2772497385340102 1.2772807573699538 1.2773280649605891
    1.277413117780595 1.2776910303828117 1.2778021025329735 1.2778672262665698
    1.2779344431254078 1.2779538059692943 1.2781038059576499 1.2783469874927504
    1.2784682442790654 1.2787557501365623 1.2790103463750409 1.2790801725565946
    1.2791272062116452 1.2792936750131048 1.2794018415846948 1.2795086854530382
    1.279522202580847 1.2795254608349913 1.2796272778440749 1.2796989477471601
    1.2804477846864757 1.2808326632336957 1.2809235716873293 1.2809917268488487
    1.2811174130529253 1.2815147362968371 1.2815577570459027 1.2816385411008013
    1.2816629677890887 1.2816803582552438 1.2817002509846134 1.2817550593108535
    1.2817861453024761 1.2818210532386729 1.2818762570198357 1.2820209923100785
    1.282031962788486 1.2822707673485638 1.2823116999390549 1.282362410994665
    1.2823915678334743 1.2824429368334678 1.2825158148162927 1.2825237762006509
    1.2825389593957652 1.2826002105441603 1.28277764147476 1.2828112831066392
    1.282836906103382 1.2829106706089988 1.2829394155298057 1.2829585294251349
    1.283000285582375 1.2831543840434279 1.2834542454727398 1.2835554720783573
    1.2836325733464946 1.2836883226710987 1.2837406113319958 1.283774445756535
    1.2837865371463977 1.2837992676625487 1.2838599234488357 1.2838710721287498
    1.283949736929344 1.2842400395412217 1.2843135305033229 1.2843965927564227
    1.2844549688374431 1.2845267479257245 1.284570387511667 1.284632115234126
    1.2847519957384066 1.2848036164043151 1.2850019177785725 1.2850445911073318
    1.2850870516704163 1.2852331821992267 1.2855861953445735 1.2856391419744189
    1.2861695514066014 1.2862831533327608 1.2864156849627761 1.2867688121147391
    1.2867853066985238 1.2870470245718024 1.2870853466948422 1.2871071502365037
    1.2873176735377758 1.287397283707469 1.2875807073918015 1.2877559313724305
    1.2877717869969274 1.2878161484570358 1.2879258124423814 1.2880123689030825
    1.2881139821763554 1.2882983035812383 1.2883357604484142 1.2883734906555826
    1.2885290696006753 1.2885734939404756 1.2887542591592396 1.2889959769270913
    1.2890360784930894 1.2891071490239483 1.2892177821291853 1.2893978508294821
    1.2896050320481922 1.2897592700702034 1.2903750502088467 1.2907772073484531
    1.2910475886337736 1.2912223899925266 1.2912505516230794 1.2912765652981761
    1.2913061876077336 1.2913421376315455 1.2914079856773242 1.291462169557235
    1.291622143267773 1.2916761035633424 1.2916855776539553 1.2917766370274648
    1.2917819981710181 1.2920493088862106 1.2921803651688606 1.2921906415011108
    1.2922718935626107 1.2925189875741125 1.2925291867383228 1.2925576130071932
    1.2926609809609544 1.2928138205297728 1.2928583058622583 1.2930977137760351
    1.2932628357833891 1.2933101932419959 1.2933738003437156 1.2934917531946439
    1.2935897523942685 1.2936090976736523 1.2936572524777148 1.2936803767387184
    1.2937465740364131 1.2939374547573022 1.2940001891517698 1.2940019762912016
    1.2940333619725606 1.2941130438725525 1.2943101301357274 1.2943524502256878
    1.2944735609474265 1.2945089324683976 1.2945780563014524 1.2946258622039295
    1.2946721506418075 1.2947049040353704 1.2952957643710761 1.2953237913479825
    1.2955084894780764 1.2956102802556415 1.2958123043244996 1.2960713080962403
    1.2963941327627253 1.2965531970090372 1.2966281421263375 1.2966734891776166
    1.2966870103058075 1.296861626745643 1.2969299369081 1.2969661221233839
    1.2970387381118145 1.2970756655393416 1.2971387677087673 1.2971677543775968
    1.2971996059902722 1.2972290968706754 1.2972598047748696 1.2973021674828746
    1.2976820381757534 1.2977200078989881 1.2980122112864592 1.2980365403956446
    1.298146993032008 1.2982286627288886 1.2982459679024032 1.2982712759822637
    1.2983154188938897 1.2990714306642075 1.2992345920980597 1.2993463403042824
    1.2994122347555666 1.2995113026067233 1.299652772368745 1.3000870628067485
    1.3001179417944211 1.3001349201789101 1.3001892176012007 1.3002684621831879
    1.3007826850662241 1.3011100046123829 1.3012313431473947 1.301299301727886
    1.3015325861637166 1.3018948698957371 1.3020304732002841 1.3023179714453883
    1.3024829954753538 1.3025054084404473 1.3025444838657936 1.3026321105018204
    1.3026745824829828 1.3028536542602265 1.3031795579736354 1.3032236056985766
    1.3032430314381902 1.3032557253885291 1.3033234630071888 1.3033420640077793
    1.3033681751770512 1.3034139407540881 1.3034793125901463 1.3035559834615544
    1.3036194016192439 1.3036462566465161 1.3037027183957304 1.3038033804607949
    1.3039320236191543 1.3039647726018302 1.3041329228648464 1.3041937080341086
    1.3044921932223588 1.3045358883777485 1.3045672460275455 1.3046344990805534
    1.3046385743103397 1.3046557988811531 1.3047011745287105 1.3047322054208053
    1.30512463443647 1.3051946884280758 1.3052136430594925 1.3055117636695286
    1.3055782499084974 1.3057859475109883 1.3059902878991732 1.3063881945136018
    1.3066534508147356 1.3067415332210999 1.306744499771715 1.3067630299512416
    1.3068059889730346 1.3068881490342505 1.3069301622996743 1.3069593439294294
    1.3070344972130832 1.3070706190053767 1.3070864652525529 1.3071021471991702
    1.3071344207805282 1.3071859396638199 1.3072851680873327 1.3074033691097309
    1.3075515017993287 1.3075953438943544 1.3076058344772719 1.3076737448743188
    1.3078312685518843 1.3079480188842278 1.3080921468652378 1.3082128506353001
    1.3082539859728968 1.3082657953227681 1.3083013948996267 1.3083385573099804
    1.3083802394065969 1.3083824673847932 1.3084061532883879 1.3084256512138381
    1.3085626799140755 1.3087347561031493 1.308938899914756 1.3090446458340921
    1.309154200879675 1.3092238685171651 1.3092393519251952 1.3092551164116533
    1.3093086193590959 1.3093336853917208 1.3094497505473555 1.3096029228856121
    1.3100529346649117 1.3101199872933649 1.3101805912673019 1.3103900322212212
    1.3104552727246908 1.3105026726877138 1.3106604948721725 1.3107055257877229
    1.3109613567992255 1.3110076125999512 1.3111291198229083 1.3112899899277701
    1.3114141424885777 1.3114553545422041 1.311537319774678 1.3115491390837177
    1.3115562787486776 1.3115899806377911 1.3116672060079206 1.3118356250503591
    1.3119041239826099 1.3120891390311953 1.3121487182107103 1.3121913975724706
    1.3122411090985679 1.3123122753484495 1.3126661283647991 1.3127796144768582
    1.313137425866403 1.3132416205947013 1.3133808420521405 1.313470696077502
    1.3135064415789586 1.3135596373109106 1.3135847151995108 1.313601276539105
    1.3136055070881412 1.3136473476736552 1.3137181176951345 1.3138876229755851
    1.3140491503270368 1.3140638956281236 1.3141001787225832 1.3141702163475202
    1.3142044390440333 1.314231094793513 1.3142950234363784 1.3143691117979219
    1.3143791346000928 1.3144964284288108 1.3145298900918534 1.3145866750342066
    1.314625334554421 1.3146568451463736 1.3147141992210436 1.3147271579154221
    1.3148098721906536 1.3148331405016052 1.3150368934359449 1.3151755264521854
    1.3152730661432932 1.3152866852842635 1.3153183328399791 1.315364234009134
    1.3154898845050411 1.3155272380694594 1.3155718154733091 1.3157053755365193
    1.3157304894691606 1.3159438524844518 1.3160129411102 1.3160336676802606
    1.3160932844534727 1.3161005685088381 1.3161255884458893 1.3161374223700477
    1.3161484041625044 1.316244311471928 1.3162649939811673 1.3164069694746234
    1.316491604373758 1.3166452997773679 1.3170739058166874 1.3170942089114988
    1.3171147995149113 1.3172735349990035 1.3176449118936944 1.3178876685058469
    1.3181888538411175 1.3182486128520168 1.3186095799014115 1.3188165672556351
    1.3188975104465499 1.318951948420181 1.3189783686908414 1.3190218805000768
    1.3191307611543379 1.3191455626528295 1.3192855186730412 1.319601472656359
    1.319620276385649 1.3196372393863385 1.3196575710422622 1.3196926009280407
    1.3197090489327821 1.3197246667007545 1.3197358059009534 1.3197556010395601
    1.3198039782358439 1.3198159520401305 1.3198611645409073 1.319883847887013
    1.3199010191999605 1.3199610245262647 1.3200039676310098 1.320125832310477
    1.3201560872712435 1.3201945499190515 1.3202419530285625 1.3203396753952055
    1.3203502489557195 1.3203927089258287 1.3204061550097321 1.3204498557484841
    1.320563344556831 1.3205851906521577 1.3206784025805973 1.3208711612393624
    1.3209309628182382 1.3211893094144216 1.3212204134818724 1.3215285897122158
    1.3215524618200107 1.3216920151755858 1.3218471568884524 1.3218826815270859
    1.3219279742502295 1.3219513649247736 1.3220751677341209 1.3222016965298735
    1.322573676408183 1.3226338973563543 1.322656651097418 1.3227530763201685
    1.3228269969429221 1.3229828203027085 1.3230964697708412 1.3231195319294027
    1.3231884605543851 1.3232032007808812 1.323230272255127 1.3232805810093851
    1.3237290605927359 1.3238254101563598 1.3238485102501727 1.3238864377490245
    1.3239032041400216 1.3239182490440271 1.3240145431076857 1.3241785839691147
    1.3248131171098325 1.3249223809616524 1.324965716763862 1.3249892434190162
    1.3250977459371522 1.3251254842964499 1.3252344626064314 1.3252632044918755
    1.3253766824450395 1.325520996781961 1.3256356953839259 1.325776278290141
    1.3257939624950268 1.325808392404906 1.3258648246214761 1.3259274573729272
    1.3260145995641324 1.3261396166614456 1.3261895786872628 1.3261949395314332
    1.3262012487773518 1.3262258156528333 1.3262290693667562 1.3262309616147832
    1.3262470656948477 1.3262555674147214 1.3262728001304172 1.3263027251210977
    1.3263973772083848 1.3264001032966537 1.3264331266192357 1.326474209251387
    1.3264841592487453 1.3265037707554257 1.3265667505818783 1.3266196409247943
    1.3267553954433424 1.3267708168955323 1.3268076929361996 1.3268236835890548
    1.3268355094326125 1.3268739184738934 1.3269533788591161 1.3269943956612451
    1.3270512212167367 1.3271054650925482 1.3271102638186025 1.3271663293420974
    1.3272238364165503 1.3273169511708147 1.3273479624049287 1.3274010490370725
    1.3274380969167916 1.3274514678447369 1.3275138840910716 1.3276844374267966
    1.3278819337867389 1.3282471792435899 1.3282595544275562 1.3283696808486336
    1.3284457730002639 1.3284633402096613 1.3284689679209503 1.3284977704118621
    1.3285597831559894 1.3286104178400819 1.3287976362002414 1.3288057536714664
    1.3288967667596807 1.3289257746299492 1.3292578699602928 1.3293104835541141
    1.3295378212756988 1.329613703202345 1.3296408269590236 1.3296723574146654
    1.3296915921112356 1.3297520725250251 1.3297960665432973 1.3301091918539594
    1.3302168788242852 1.3302257389244687 1.3303044170763769 1.3303551480786002
    1.3303641163910243 1.3304579689317961 1.3306398221640328 1.3306533621869545
    1.3307395201166921 1.3315181872985704 1.3318458175672276 1.3322153904332292
    1.332232908160961 1.3323090537343774 1.3323514110383314 1.3325850298786464
    1.3331340820899034 1.3332443451928764 1.3333864761638323 1.3334380940879782
    1.3334719071042855 1.3335595243624994 1.3337018080377285 1.3337228085711754
    1.3337655723526041 1.3337808901724202 1.3338565240448588 1.333886927258001
    1.3340383565043037 1.3341314607426586 1.3341445619868562 1.3341858119521628
    1.3343035747128851 1.3343319808439749 1.3344245246186801 1.3344491080385523
    1.3344770219418933 1.3344801094659489 1.3345781023338563 1.3346971809348815
    1.3347682425096536 1.3348272942568786 1.3349276414407996 1.3349940736463093
    1.335049594347538 1.3351549742467341 1.3353989820440499 1.3357507275383493
    1.3357859717601361 1.3359752436864483 1.3360517448368607 1.3360770060874831
    1.3361275276800295 1.3361301172268061 1.3361376821041329 1.3362031322847467
    1.3362322438809617 1.3362687304980529 1.336361002869656 1.3364032914116706
    1.3365973200866392 1.3367164431506353 1.3367878036060195 1.3368310564854557
    1.3369322330366533 1.3369735506750355 1.3371135659128111 1.337437122449137
    1.337486669219808 1.3376297920806661 1.3380628770726919 1.3381086948149157
    1.3381470028686333 1.3381617215502501 1.3384135327318289 1.338651810517149
    1.3387217223744301 1.3389064379457067 1.3390318924675739 1.3390770150647313
    1.3390789236698766 1.3391822155197133 1.3393034901525556 1.3393203402116949
    1.3393531682826505 1.3393843671507664 1.3393958554477952 1.3394247591929473
    1.3396949760105297 1.3397448780000105 1.3399321093407448 1.3401008901765863
    1.3401336042447838 1.3402060099289201 1.3403414115082342 1.3403743439830578
    1.3403923467611396 1.3404230499845653 1.3404792295470997 1.3404994422716754
    1.3405173812320754 1.3405491783810248 1.3405842054548884 1.3406306047522776
    1.3406581749225097 1.3407217607700659 1.3409221559751738 1.3409527517810602
    1.341015500971783 1.3416346086270485 1.341901148871409 1.3419514883866897
    1.3420207967808664 1.3421068032456334 1.3421576052867294 1.3421934466663774
    1.3422204492111025 1.3422950496101944 1.3423243111399945 1.3424398290332127
    1.3428089290368916 1.3429741918182116 1.343041790837924 1.3430749485496563
    1.3433918185461153 1.3434617259153658 1.3439993338303491 1.3440944214835326
    1.3441888491550116 1.3441952145412188 1.3442255641636962 1.3442556011303624
    1.3443227232310164 1.3443980308787407 1.3444603133327746 1.3444833101202676
    1.3444881283257928 1.3445240999064936 1.344599064947791 1.3446714642024442
    1.3446791140521392 1.3447098302506977 1.3447573361384759 1.3447899333247431
    1.3449765921774695 1.3450584485993886 1.3451785050471396 1.3451939603981893
    1.3452341026675942 1.3454391164204025 1.3456066882295741 1.3456896132784095
    1.3458254333013429 1.3460405262810582 1.3461187475552379 1.3462562556894682
    1.3465745796465853 1.3469213429229967 1.3470706125340257 1.3471642089359648
    1.3472392026445352 1.3472661520927431 1.3473507933122164 1.3474492641091729
    1.3475159705305184 1.3475893828907828 1.3476180627400633 1.3476994244021323
    1.3477759505885842 1.347978944609622 1.3480182536759457 1.3482064530895361
    1.3482320894345321 1.3482426489056252 1.3482667664676229 1.3484086950186662
    1.3487696598741876 1.3490698744785081 1.3491452202619516 1.3491845230695876
    1.3492000337942045 1.3494450874590029 1.3496376235387288 1.3497146013406223
    1.349837100754095 1.3498662917110777 1.3498730203121074 1.349905489884041
    1.3499678504851544 1.3500057675489547 1.3500169722998181 1.3501243392476812
    1.3502008355340618 1.3502251730668224 1.3502578967808094 1.3503776020310028
    1.3506376808659297 1.3510900687262619 1.3513286269127831 1.3516535125818336
    1.3516817181465892 1.3517597505615413 1.3518670833541364 1.3521082954442818
    1.3522768945616916 1.3524493748235338 1.3528240793551958 1.3529595384335606
    1.353222939706211 1.3532966261467663 1.3534328493229471 1.3534808384890009
    1.3535107000867204 1.3535414538885431 1.3536511900977832 1.3537464930636816
    1.3538488907079227 1.3539247462904314 1.3539596396034994 1.353989754158647
    1.3540451268036122 1.3540659006564055 1.3540777874143259 1.3540931061164088
    1.3541249062249334 1.3541829817388589 1.3542020941551982 1.3542218589109325
    1.3542738744495182 1.3543374199723814 1.3543749507336542 1.3544851860064226
    1.354546821564145 1.3545932185752463 1.3546083938395896 1.3546553041663174
    1.3547016430245549 1.3547766859839612 1.3548452827810706 1.3549887175398907
    1.3550966768834769 1.3551653817220086 1.3552299181267569 1.3553484834007707
    1.3553829014783787 1.3554459723366563 1.3554719109512008 1.3554997719367747
    1.3555730065178069 1.355661573348516 1.3557454953675656 1.3557917225649363
    1.3558590984963044 1.3559468583346512 1.3563862332819856 1.3567708707151789
    1.3568765286374531 1.3568959610941722 1.3569576213080836 1.3572153381266097
    1.3573079819723717 1.3576917337779832 1.3578191671085733 1.3579605791276208
    1.3579983602703578 1.3582540215707013 1.3583120049934223 1.3583578286585181
    1.3585373598224577 1.3586478965726201 1.3586630212577282 1.3586942691137145
    1.3587426787521508 1.3588218044983478 1.3588379491303613 1.358912419880653
    1.3589640362209441 1.3590931013846785 1.3591193846107217 1.3593202947777929
    1.3593858153782701 1.3594388079432065 1.3595321228751573 1.3599144463278208
    1.3600726151579465 1.3601077576402645 1.3601388489785222 1.3602662045034777
    1.3602903170396985 1.3603137198451805 1.3603794941648175 1.360404248227951
    1.3604431563849175 1.3605347632172198 1.3605640779426267 1.3606903376119135
    1.3608719581921833 1.3609361462008565 1.3611655812248198 1.3612003727406357
    1.3612269819458429 1.3612826945736174 1.3613072367470902 1.3613412298891394
    1.3613649757204864 1.3613745224966465 1.3617877591943397 1.3618342933373893
    1.3619644097825585 1.3620101099080937 1.3620826471016179 1.362088984359616
    1.3621119341374393 1.362143003873977 1.3621847013223487 1.3622244021621555
    1.3622527155589523 1.3622729881862294 1.3623055246727225 1.3623327630759074
    1.3623533558215211 1.3623907601130278 1.3624079104350433 1.3625267955256277
    1.3626321390208431 1.3627024642280958 1.3627357845553889 1.3628912921128631
    1.363141053035406 1.3634377083510951 1.3635261353648882 1.3637495425213957
    1.3638598126558463 1.3639686274541418 1.364049419478397 1.3642338149131319
    1.3642793518722101 1.3644432748724284 1.3646152912976202 1.3646365788930932
    1.364678538381592 1.3647244219456904 1.3647578936699272 1.3648441506911695
    1.3650939627866592 1.3651311825738048 1.3651439900535631 1.3651742970027954
    1.3652318731926698 1.3652606083990879 1.3652926060231039 1.3654014104990893
    1.3654786207366019 1.3655295159680463 1.365546887797791 1.3656503276654348
    1.3657611084721186 1.3657811606813084 1.3659356773972224 1.3661679711166244
    1.3662296959493687 1.3662562654426438 1.3664133552768363 1.3664752591212164
    1.3665794151430362 1.366718227491333 1.3668390178102072 1.3668959339227815
    1.3669345436979938 1.3669771094445196 1.3669962675627403 1.367078166909323
    1.3671969516586615 1.3672125881848842 1.3672514904686977 1.3672674553455788
    1.3673018888745219 1.3673170843814659 1.3673543859906658 1.3674316908429773
    1.3675112609096232 1.3675966464801603 1.3677349988469358 1.3677621077997173
    1.3678059272227983 1.3678455134994691 1.3679050025621109 1.3680529172475873
    1.3681667973542819 1.3682230720900406 1.3682758576519138 1.3684614694555723
    1.3689851349666242 1.3690928169353811 1.3693219873125599 1.3694751197361181
    1.3695347658340324 1.3695867839698621 1.3696050986219461 1.3696428436105634
    1.3696633659366853 1.3697428642703169 1.3698577820253679 1.3699506662884233
    1.3701041160378671 1.3704148319217211 1.3705036810363254 1.3705177593561757
    1.3708169717849159 1.3708552786614518 1.3709045246970011 1.37094760416212
    1.3709901107557925 1.3710066638101126 1.3710468251065322 1.3712260587908531
    1.3713186434840281 1.3713444818937812 1.3713918733938044 1.3713958163150892
    1.371413948753434 1.3714857478760223 1.3714999155075323 1.3715934968943526
    1.3716692960284231 1.3716818683945651 1.3717285596715858 1.3718627186379611
    1.3720048457926168 1.3723441498713587 1.3723835546606682 1.3730033300282229
    1.3732416837436177 1.373335945466124 1.3737203276947185 1.3738272578313626
    1.3738486771142864 1.3738903411838692 1.3739071468437032 1.3739855409357915
    1.3740522272239235 1.3741309438905123 1.3741425850030282 1.3742237461277909
    1.3742464322365322 1.3743007716063858 1.3744232404363856 1.3745921655159539
    1.3747325256446856 1.3748262840228562 1.3748358434861985 1.3748740736462424
    1.3749340694059355 1.3749585681041936 1.3750907636303964 1.3751866309234433
    1.3752309332172186 1.3754139172741588 1.3755393519139942 1.375640590326725
    1.3757199219249401 1.3757649003763959 1.3758927663736056 1.3759754601505847
    1.3761950591990171 1.3763182393010236 1.3764364073575355 1.3765013519942662
    1.3765959442653184 1.3767769991072782 1.376811279758537 1.3768670066043949
    1.3769751773849066 1.3770631380618852 1.3770771779522875 1.3771376272454745
    1.3772077793619246 1.3772303562589059 1.3773395038160743 1.3774242090760709
    1.3778320151548844 1.3779126930861214 1.3779491165861752 1.378214737653525
    1.3782712619384558 1.3784128820554542 1.378473213295365 1.3785107712610625
    1.3785628975044044 1.3786061154502023 1.3786141165007091 1.3786587222914932
    1.3786898237479666 1.3787046455824263 1.3788237584952185 1.3788627227988344
    1.3788881007249074 1.378945486754219 1.3789978009472936 1.3790121697510738
    1.3791308744910566 1.379300153940676 1.3794678805280682 1.3795088643659408
    1.3796472395379169 1.3796660496038082 1.3799497063633681 1.3800305963328356
    1.3801428604609101 1.3802314890384877 1.3803771694939768 1.3804671425145898
    1.3805148413391635 1.3805620587738001 1.3805863062954131 1.3806440889447458
    1.3806764224596388 1.3806866609659589 1.3807952798725107 1.3811343321967797
    1.3812087619650355 1.3812508174728464 1.3812973657469836 1.3814171686658938
    1.3814984812756848 1.3817989986176014 1.3819154689337363 1.3819469644934412
    1.3820718813817621 1.382181012329329 1.3821991859140326 1.3822223141276482
    1.3823905458875743 1.3824076013875128 1.3825051364994221 1.3827310849042078
    1.3827960601320228 1.3828987281504852 1.3830119981389544 1.383126335824727
    1.3832155854506709 1.3832762882438145 1.3833108171334061 1.3833647546034626
    1.3833867590195343 1.3834147483172881 1.3834442450112572 1.38346791941179
    1.3834968073471525 1.3835455627640083 1.3835797439338269 1.3836350310447187
    1.3841068604725517 1.3841414196840749 1.3842342236063512 1.3843089178315495
    1.3843185807296323 1.3844771222611598 1.3845253566563769 1.3847384546645571
    1.3850538642339718 1.3851227452765518 1.3851532913815088 1.3851911646636381
    1.3851992418263763 1.3852176036455603 1.3853005798061986 1.3853556819840378
    1.3854154115402708 1.3856972492903878 1.3858060834324988 1.3858316781588655
    1.385956584123657 1.386020102873772 1.3860443544137979 1.3861415685212251
    1.386270335892732 1.3862747216202063 1.3862766995743716 1.3862965753525789
    1.3863433690650215 1.386400560232687 1.386455657703118 1.3867538006271389
    1.3870862198815304 1.3871720439741693 1.3874384433495379 1.3874938282831408
    1.3876013752608287 1.3878704350864837 1.3881773935146953 1.3885085942762696
    1.3885679874369998 1.38862403155584 1.3888685710600537 1.3889755294285351
    1.3890570680869783 1.389390651754411 1.3894020633295743 1.3894770335873166
    1.3895465517383248 1.3896024071336797 1.3899072296286856 1.3899417549531183
    1.3902534689772437 1.3903855335307527 1.3905010023896467 1.3905844780378174
    1.3907609443309183 1.3908371893614155 1.3908940068869404 1.3910825336791579
    1.3911505234736978 1.3912443074097307 1.3913001985758153 1.391392360412135
    1.3914509979042902 1.3915478545107665 1.3916167706515807 1.3916846695210552
    1.3921476766130734 1.3922076887733397 1.3922285157405365 1.3923120646153013
    1.3923391128996627 1.3923657643892209 1.3924618475893111 1.3925331066193167
    1.3927484830808226 1.392791087081332 1.3928929285141749 1.3929361973843015
    1.3929779663391173 1.3930714729234523 1.3931462035983713 1.3931921621785932
    1.3933479106974573 1.3933725415229976 1.3934314684670426 1.3934375899331524
    1.393453027254888 1.3934705520663555 1.3934940971209169 1.3935159173130161
    1.3935406717799879 1.3936001922756986 1.3937187411480636 1.394243142468137
    1.3943338656257158 1.3943857545054925 1.3945579774129631 1.3945625613757027
    1.3949034785147585 1.3950752188711704 1.3951316227226016 1.3952366758921926
    1.3953400698188716 1.3953877450365846 1.3954387041995915 1.3955413461242945
    1.3956065389602372 1.3960056158730367 1.3961001067578505 1.3962185482888951
    1.3962627004466412 1.3963660200121619 1.3963871610645584 1.3964218198436356
    1.3964759945433798 1.3965099733511579 1.3966029636878829 1.3966772542473791
    1.3967211026584665 1.396993502680516 1.3970368609958768 1.3971129635912347
    1.3971506486426732 1.3971768585255631 1.3971987523615099 1.3972458982834723
    1.3973335341338498 1.3974549008089525 1.3974979007177808 1.3975991411330142
    1.3976144298350164 1.397859560366669 1.3979446108299574 1.3982983940003189
    1.3984820216717708 1.3986825188155005 1.399014830030372 1.3990767884573481
    1.3990962948358476 1.3991483023132218 1.3991659650708357 1.3991941614482926
    1.3992398950127647 1.3998873941828454 1.4002881417206936 1.4004521566897665
    1.4006255365381246 1.4007332587618293 1.4009380299150962 1.4010603512679154
    1.4010806650989025 1.4011592838884326 1.4011728792973674 1.4012018673774946
    1.4012198541912766 1.4013005843447672 1.401362126085246 1.4013912667636153
    1.4014855635885699 1.401500132328503 1.4015571031494176 1.401572525413826
    1.4015937212913059 1.4016080372214219 1.4016311567596289 1.4016845795975617
    1.4018514636183379 1.4023389357845191 1.4024927699404846 1.4026664462524725
    1.4027249081072113 1.4027537240388939 1.4028096762767746 1.4028318031255367
    1.4029749810720962 1.4035152307757623 1.4035908250301266 1.4036290906215452
    1.4036628387436849 1.4036806456667363 1.403701033002335 1.4042666390262941
    1.404541051650267 1.4045613678566951 1.4046248053557064 1.4049542622835058
    1.4051501128048283 1.4051719649893131 1.4053022259016796 1.405361934206212
    1.4053846177518305 1.405417201919742 1.4054249798960883 1.4055456495737719
    1.4056951260912456 1.4057329183462799 1.4060812777961473 1.4061580461761878
    1.4061966318782653 1.4062632399711219 1.4065987472698112 1.4067893929790443
    1.4070711463118641 1.4072591310721692 1.4073143711021658 1.4074088868296712
    1.4074971538217085 1.4075232563161535 1.4075682521145723 1.4076934842328228
    1.407754668227426 1.4077915630502502 1.407806912106389 1.4078284065496973
    1.407878838465346 1.4079074895614667 1.4079450805162197 1.407990421942759
    1.4080736780356347 1.4080885453126939 1.4081036451313764 1.4082219810245988
    1.4083478198904231 1.4083613536239075 1.4084169684401786 1.4085088872492026
    1.4086224218541095 1.4086381116303528 1.4086780284096676 1.4087599055908413
    1.4088698946001645 1.4089317594261956 1.408976415621737 1.4090240060653134
    1.4090418881428377 1.4090691807258129 1.4090952214656423 1.40915896377046
    1.4091690869319109 1.4095041311238674 1.4096805000786616 1.4096927216157382
    1.4097539422121828 1.4098663532615774 1.4101586744196539 1.4102803954251613
    1.410312756796742 1.4103579327054052 1.4104015010734372 1.4104474303010193
    1.4104669853606018 1.41051298709246 1.4105214076702453 1.410555868313935
    1.4106337494609762 1.4106445547113253 1.4106924400020944 1.4107403929324391
    1.4107790486114027 1.4108170032987648 1.4114468910733193 1.4116090486990287
    1.4116657138525626 1.4116749704395262 1.4117352608283606 1.4121206412821266
    1.4123940387770404 1.4125457216968016 1.4126131604571128 1.4127053699897563
    1.4127460991952223 1.4128091189926029 1.4129380549899604 1.412973093804021
    1.4129943199591253 1.4130604382869023 1.4130920960486946 1.4131352895304645
    1.4132559834086351 1.4132796355101163 1.4134170327148847 1.4135243875924364
    1.4135718642288186 1.4137552261248856 1.4138312270403048 1.4138470224946218
    1.4139279413543591 1.4139495980532122 1.4141147290138634 1.4141788250022729
    1.4142407854836467 1.4142753519839517 1.4143887544594236 1.4144871606731613
    1.4145097620794331 1.4145849933106547 1.414740128680205 1.4147468804957271
    1.4148283444281333 1.4151331604564348 1.4157563205191461 1.4161864269640319
    1.4163365107001482 1.4165970386241422 1.4167284475080351 1.4168827637842696
    1.4169312948169135 1.4169971504305068 1.4171175057350411 1.4171453520610158
    1.4171869397852486 1.4172011843371366 1.4172143015609133 1.4172955295710683
    1.417324911392825 1.4174427332278963 1.4174942791144076 1.4175321820746376
    1.4175457816565238 1.4176616122328103 1.417803748067854 1.4179587809313943
    1.4180344676554797 1.4180662727712843 1.4180881007498101 1.4181527230671691
    1.418191314040693 1.4183138603945433 1.4183229323325577 1.4183747885817866
    1.4185068828046496 1.4185265167313144 1.4189877837265157 1.419062600574216
    1.4191033565388351 1.419156208342838 1.4191980851730477 1.4192549867872004
    1.4194859849512471 1.4195220591994777 1.4195689508493874 1.4195999034601907
    1.4196284804520474 1.4196317939697565 1.4197068202029186 1.4197610837390187
    1.4197778715904406 1.4199034040739207 1.4199506839771061 1.4199825337829377
    1.4199954635809036 1.4200414749942258 1.4200679551141207 1.4203099214535542
    1.4205011187503562 1.4206837250758977 1.4207266457669903 1.4207755605531021
    1.4208173778746187 1.4209797536440418 1.4211032724679171 1.4211573539175031
    1.4213128861932394 1.4213943752385148 1.4214610120890256 1.4214956066174409
    1.4215522877228344 1.4216057802310107 1.4216161738377764 1.4217020960941984
    1.4217393040878505 1.4217942976820268 1.4218302277595285 1.4219826022908819
    1.4223696425474373 1.4225569593781984 1.4226276871263508 1.4227432977289936
    1.4231300661385831 1.4234382519473456 1.4235132166164477 1.423748825538496
    1.4239783256472491 1.424075685434218 1.4243726189555066 1.4245121990387208
    1.4245678698318898 1.424670253280965 1.4252336325018859 1.4253550457765414
    1.4253725854423465 1.4254455988386781 1.4258494884616084 1.4259297875135719
    1.4259667185949638 1.4260191694741404 1.4260683313320441 1.4261220929980483
    1.4261947513959057 1.4262367198927677 1.4262660708478507 1.4265407843849971
    1.4272856592106287 1.4273787587370255 1.4274667945052357 1.4274880179321674
    1.4275332220366483 1.4275992749699071 1.4277074393842117 1.4278637072307465
    1.4279115964257472 1.4281022715852885 1.4281785355799912 1.4282312845100933
    1.4282706989207328 1.4286111684222458 1.4287345642249722 1.4289554105340965
    1.4290294260972587 1.4291916200810988 1.4294555661449522 1.4295139673828696
    1.4297170291247312 1.4297819398836207 1.4298370732567491 1.4298590791042141
    1.4298991854147971 1.4299060659956619 1.4299223478145298 1.4299462289168332
    1.4300058129456374 1.4300769043785901 1.4301534802510407 1.4302420135309906
    1.4302635675314832 1.4303176690709734 1.43041350923401 1.4304588491550778
    1.4305678449367405 1.4305777178066137 1.4306336559584452 1.4306530477429078
    1.4307231392679682 1.4308726693077916 1.4309552768402227 1.4310660258850021
    1.4311153049850418 1.4311551388384487 1.4312030902103743 1.4314993353982572
    1.4316049856609727 1.4317244647748339 1.4317622270145876 1.431819210231879
    1.4318622237481122 1.4319195212217437 1.4319328342774043 1.431966195200971
    1.4319796888751171 1.4319979759801753 1.4320207286907589 1.4320327845810727
    1.4320409330274135 1.432198641065914 1.4323092926267691 1.4327433807928098
    1.4328378655454042 1.4328670249328752 1.4328922048975226 1.4335955651557317
    1.4336555551743306 1.4337593051209296 1.4338144297436581 1.4338975337032025
    1.4340940133626645 1.4341251121264578 1.4342117090047395 1.4344751754777008
    1.4348252621460234 1.4349436372872333 1.4350901520359003 1.4351896669143116
    1.4352901065907191 1.4353218575424762 1.4353509979692376 1.4354385692475944
    1.4355558199707048 1.4355585311759569 1.4356277184637292 1.4356528084702707
    1.435717995034429 1.4357443526892895 1.4358073324887299 1.4358826409714311
    1.4359172240887346 1.4359452102213255 1.435982972132797 1.4361586715560406
    1.4362259188010285 1.4364672807134109 1.43661974057765 1.4370233925889504
    1.4370558113669176 1.4370758798692502 1.4371073729730597 1.4371806268829157
    1.4371952399930705 1.4372224572771302 1.4373667860533412 1.4375707304473508
    1.4378991047620957 1.4381389334408823 1.438229569510592 1.4382943178235337
    1.4384656396091486 1.4387495739497353 1.4389722751313456 1.4392071253125778
    1.4392751797467156 1.4394716426123977 1.4395319164265401 1.4396513447398718
    1.4397015947090068 1.4397739336495761 1.4398697709179942 1.4402757119889884
    1.4408735135392816 1.4409117262512154 1.440946566154101 1.4409641875151464
    1.4410052340620798 1.4410523926347196 1.4411147511551463 1.4411364146356391
    1.4412079202038512 1.4414148916784597 1.4415878341421073 1.4416408420303621
    1.442218423061604 1.4423258549057891 1.4424029480311826 1.4424356687125812
    1.4424469165126841 1.4425583205156727 1.442625114666771 1.4427873330771035
    1.4430751658476311 1.4430853773580263 1.4431679192496176 1.4431856266853629
    1.4431920134391021 1.44320177805821 1.443295309984137 1.4439921363684032
    1.4440816796139491 1.4442619654247817 1.444331756588402 1.4444892568084469
    1.4447851173877666 1.4450011214224407 1.4450756698342957 1.4451130926456699
    1.4451853407035742 1.4452878532617888 1.4453320339791844 1.4457650243209172
    1.4459174426473662 1.4461418104471402 1.4464038907531638 1.446465691515046
    1.4465424937240652 1.4466444251954726 1.446696928352867 1.4467767418491349
    1.4469104945534734 1.4470915615405602 1.4471426076458556 1.4472633836649038
    1.4473198390460311 1.4475509732352294 1.4475803716832161 1.4476495066951429
    1.4477152285023294 1.4478594188603893 1.4480580012779682 1.4481615306162439
    1.4482200244193109 1.4482985310721006 1.4483265628027311 1.4483754011256071
    1.4485245835723315 1.4485951443534759 1.4486244054647461 1.4486707839995081
    1.4489222825027142 1.4489720960535344 1.4491508835986679 1.4494351218398152
    1.4494612135309428 1.4494727480015779 1.4495778246791058 1.4499663350162184
    1.4500567730984812 1.4501579237271471 1.450194110931625 1.4502491147573893
    1.4502814967034208 1.4503119136763416 1.4503338430453367 1.4503820413913406
    1.4504512528354023 1.4504784888312088 1.4505860287383712 1.4512280961545609
    1.4512495990382377 1.451370127379414 1.4513754008225077 1.4515992545670087
    1.4518560526329565 1.4519498053607762 1.4520585680838849 1.452075884045712
    1.4521107876244059 1.4522166374390888 1.4522812225844366 1.4523112853011451
    1.4523566188042121 1.452378264261218 1.45240082839094 1.4524588519219226
    1.4525165443759154 1.4525960247501644 1.4527537200638108 1.4529185930521937
    1.4529956596016746 1.4530292758155763 1.4531348416908259 1.4531527022457642
    1.4531915580211414 1.4532168307458051 1.4532626981528363 1.4533064231044364
    1.4533345721656588 1.4533665566248601 1.4534419082339127 1.4534644257192895
    1.45349847045145 1.4534997221646033 1.4535782597968137 1.4536183413694441
    1.4536368370286255 1.4538095490392151 1.4542614587732789 1.4542922927973905
    1.4543343649008875 1.4543930251577422 1.4546636809236588 1.4549800989520918
    1.455136571846424 1.4552605850883538 1.4552631935474665 1.4553027235601803
    1.4553724403996284 1.4557632177771893 1.4557969312789965 1.4558173866796931
    1.4558471581871117 1.4559185923150153 1.4559551991999342 1.4559749763825494
    1.455990443979863 1.4560111096150194 1.4560794092518943 1.4560995857492571
    1.4561090435284996 1.4561255233052179 1.4562008200355194 1.4562244126458002
    1.4563407381089444 1.456834434401344 1.4568617835072171 1.4568975625391887
    1.4569197407664887 1.4569480186182773 1.4570547294143581 1.4572702998333018
    1.4573384730412802 1.4573874668461713 1.4574534225564548 1.4574679136500588
    1.4575431729722368 1.4578059471741198 1.4578812855874332 1.4579379278352007
    1.4580922208849358 1.4581997092163874 1.4583669617786654 1.4584599550928032
    1.4586535450454903 1.4587031380378335 1.4587804251418295 1.4587925750487709
    1.458849823395288 1.4588586785362925 1.4589627675152694 1.4590907476112989
    1.4591152583338043 1.4591323706838011 1.4591545943682831 1.4592321899239322
    1.4592378699777329 1.4592638274941312 1.4592931567958658 1.4593535311478643
    1.4593744717434673 1.4595410993282865 1.4595980426306028 1.4596351141896473
    1.4596749128506872 1.4597128118642406 1.4597153753116801 1.4597609454144731
    1.4597974378763563 1.4598023785172245 1.4598146170395314 1.4598684020173398
    1.4599001251098116 1.4599487933226669 1.4599921481377389 1.4600561750630732
    1.4601138777917413 1.4601189803426564 1.4602561046287519 1.4602981904758963
    1.4603081016020951 1.4603260983952471 1.460369090834168 1.4604473414074164
    1.4604875660643302 1.4606054152095567 1.4612704202412108 1.4613068894839973
    1.461333289239974 1.4613480340316527 1.4614474939036881 1.4617621959153742
    1.4618358095447093 1.4619135565089891 1.4619193488319979 1.4619456644925322
    1.4621009709908321 1.4621101325056316 1.4621806106247277 1.4622003342426524
    1.462275459743978 1.4626028090830612 1.4630489690213533 1.4631386542337925
    1.4632924632873407 1.4633451752923405 1.4635452921362231 1.4635515960642351
    1.4636243089082654 1.463701249021824 1.4639043849485158 1.4639781568757826
    1.4641694859257768 1.4641990558463931 1.4643019005527094 1.4648254689395799
    1.4649077152595056 1.4649943727354184 1.4651040382257179 1.4651373589499599
    1.4652350657185405 1.4654960763809868 1.4662290230661104 1.4662953052052217
    1.4663823658138426 1.4665319880689367 1.4666094841822239 1.4669684091510136
    1.4671074330008196 1.4671229766008764 1.4673623816808685 1.4674293427050997
    1.4674334980922594 1.4674951866729014 1.4676283111549917 1.4677371440323743
    1.4678715176243411 1.4678934486964863 1.4681517584702306 1.4682194951468166
    1.4683127276483294 1.4684100408342904 1.4684165597333656 1.4684835458947418
    1.4685399798814616 1.4686128265830121 1.4686583343306665 1.4686693039786103
    1.4686977426069461 1.4687489241863658 1.4687787716571468 1.4687855243552879
    1.4688648104838649 1.4689937488337819 1.4691525072969853 1.4691596635960196
    1.4692465625662408 1.4692918058071882 1.4698858079338304 1.4699922701738615
    1.4700213131889843 1.47006993724987 1.4701304150798933 1.470507474740316
    1.4714011517248764 1.4716644110519042 1.4720674793245319 1.4722467369019796
    1.4722823856965079 1.4723272848206761 1.4725672114209374 1.4727210667560371
    1.4727473973797487 1.4727905593115707 1.4728440930187532 1.4728700157974497
    1.4729323550390689 1.4729464239165651 1.4729787764895463 1.4731364790108803
    1.4731797435014413 1.4732822435264552 1.4734576265495889 1.4737150911897363
    1.4737797966110218 1.4739465142865811 1.4739908881517749 1.4742559079757787
    1.4742849926172994 1.4743129019577736 1.4744070171927888 1.4746584894169246
    1.4747400852032417 1.4752064886086373 1.4752828739288817 1.4752882471020712
    1.475509543937187 1.4755650600708576 1.4756342156072151 1.4757084951860027
    1.4758389331689916 1.4761690350854906 1.4761747638640372 1.4762080327220701
    1.4762675084995749 1.4766857583643827 1.4770336213520447 1.4773319882144733
    1.4774948414300677 1.4775448341833908 1.4775848604117148 1.4777619315882475
    1.4783180124562325 1.4784001439869219 1.4784435231919513 1.4785947827422206
    1.4789255329766546 1.479067657592168 1.4791791081868724 1.4797846525821114
    1.4798678030588235 1.4799311173023852 1.4800289378594242 1.4800819739803046
    1.4800971508444491 1.4801540688940804 1.4802412495343258 1.4803271927759549
    1.4809717595680922 1.4810666784820796 1.4811029726979541 1.4812761305774074
    1.4813234269940039 1.4813341388267873 1.4813551210899276 1.4813852061110993
    1.4814283902564056 1.4817859359810654 1.4819379092258487 1.4819914524348405
    1.4820523851766059 1.4821271357892936 1.4821505024814694 1.4825235480093397
    1.4826709867134014 1.482791599556549 1.4828690698936953 1.4829115961388197
    1.482928765359399 1.4829628651464191 1.4829999726503047 1.4830158503114035
    1.483036584705739 1.483086206627225 1.4831376657574158 1.4831729810077074
    1.4832553375983177 1.483275252133808 1.4832866836104586 1.4833291233441439
    1.4833758653500506 1.4834184724716881 1.4836639079579375 1.4836940310660793
    1.4838052560508004 1.4842450340352571 1.4843758536918965 1.4844229762242473
    1.4844775016642113 1.4845499128869051 1.4846133384053246 1.4852358777299741
    1.4855386848856142 1.4856628530387752 1.4857295592430091 1.4859013933461636
    1.4859966707819012 1.4860407969974478 1.4860574002905953 1.486103311488667
    1.4866386674407295 1.4872566880641898 1.4873353411804602 1.4874031348183963
    1.4879176699220806 1.4880190365089903 1.488091528607083 1.4881736922788604
    1.4882725282203257 1.4883152627142711 1.4883308018032342 1.4884819436624639
    1.4885241460774523 1.4887792606964467 1.489161557299667 1.4893144784334709
    1.4893786018261608 1.4894971414232216 1.4895966100196649 1.4896581397986666
    1.4897472401495786 1.489898767740063 1.4899482020682626 1.4899705603572027
    1.490048344177012 1.4900887845994173 1.4901721645195114 1.4902376082336559
    1.4905704200289391 1.4908304701466477 1.4909107702048914 1.4909257629190051
    1.4909895570501703 1.4911183174552889 1.4911844209848368 1.4913371644586277
    1.4915651959347542 1.491654588000165 1.4916995619857516 1.4918709204034712
    1.492078409233909 1.4921572891147661 1.4922504631801985 1.4924409894279052
    1.4924724183547369 1.4925870832365036 1.4926864482791491 1.4927483410594202
    1.4929296721855281 1.4929395714021212 1.4938049632170685 1.4939160643552896
    1.4939931361674705 1.49403115061826 1.4944100048735436 1.4945409210409708
    1.4945970158312776 1.4946540403967448 1.4947199671173621 1.4949542804379234
    1.4950099918335127 1.495159283945668 1.4955584036180578 1.495672332722582
    1.4962321481620164 1.4963609207332411 1.4964121387007254 1.4964467313258865
    1.4965086001819146 1.4965271083943663 1.4965601048879762 1.4968065654281115
    1.4969216620168784 1.4970015697805745 1.4970315497343107 1.4971699029152887
    1.4976821113788901 1.4977258919494489 1.4977557369795249 1.4977717118778553
    1.4978090237090327 1.4979013527418132 1.4979285274752741 1.4980846848698093
    1.4983071326220549 1.498487856157529 1.4985510701320663 1.4985995459392143
    1.4986637141441861 1.4987086581998785 1.4987790521283841 1.4988849128818402
    1.4989035552704082 1.4989593696170231 1.499282296452884 1.4994447811288409
    1.4999043277061901 1.4999508247092308 1.5001785312969105 1.5005885943593664
    1.5006443251921457 1.5006944998219751 1.5007304990278953 1.5008704345944579
    1.5010590489760944 1.5012755802770699 1.5013034306970439 1.5013475927438169
    1.5015219635214028 1.5016293204878821 1.5020513878536501 1.5021099233771718
    1.5021305017729294 1.5022304954864012 1.502270864784047 1.5024146112442243
    1.5024493056389474 1.5024867660166972 1.5028833267190749 1.502916825700686
    1.5033331535094021 1.503363035377409 1.503428454125924 1.5034893318430704
    1.5035464575754152 1.50362923062562 1.5037281161348801 1.5037509855404778
    1.5037694378577271 1.5038746112882109 1.50394371633829 1.5039975417314964
    1.5041013603394275 1.5041430828764533 1.5045284764890781 1.5048963736946916
    1.5051442863392595 1.5052190764957345 1.5053431264789197 1.5058363667575576
    1.5059479595343874 1.5066926987471259 1.5067836549151252 1.5069050760523623
    1.5069248566161377 1.5070293320541168 1.5073327705051582 1.507500619838325
    1.5076299297898004 1.5078160179682527 1.5078903109266928 1.5079280208981345
    1.507929965000282 1.5080525721445155 1.5080612245557556 1.5082731469112787
    1.508460417815968 1.5084778456182448 1.5088758076861382 1.5089578442514266
    1.5090337965384606 1.5090638098416775 1.5091119076192097 1.5092822337243585
    1.5093683104718365 1.5093886750473757 1.5094338371303819 1.5094675064177863
    1.5095024329650186 1.5095169505977537 1.5095366689858565 1.5095792874453764
    1.5100413419488177 1.5105526490109089 1.5106987934129279 1.5108087093820359
    1.5108466142656654 1.5108819446206325 1.5109262893105551 1.5109760781122532
    1.511069813675249 1.5110950298080752 1.5111198068200338 1.5111458569926981
    1.5111817225517825 1.5111892652517251 1.5112750855197798 1.5114078532086903
    1.5114319806079948 1.5115004479648633 1.5116010383793537 1.5116419397169238
    1.5116727286420428 1.5117173825299688 1.5117655742834586 1.5117703977626509
    1.5118157725937635 1.5118865196367324 1.511993924037597 1.5119957435441393
    1.5120237010843993 1.5120913767159436 1.5121169796046161 1.5121540381984233
    1.5121710924918261 1.5122373498043089 1.512260040554338 1.5123547962088195
    1.5124299845423592 1.5125060427406425 1.5125915114967938 1.5129449615592421
    1.5129944599663456 1.513030319561949 1.5133325780777795 1.5135187703924657
    1.5136072448590312 1.5136801511322346 1.5137092006909825 1.51380380273622
    1.5138174856327851 1.513948992749647 1.5140203800673362 1.514093210827582
    1.5141080290877653 1.5141862409149098 1.5141959941827281 1.5142794686637444
    1.5147146817294015 1.5148180243357956 1.5149720177851123 1.5150378946551655
    1.5150789637733397 1.5151140180674703 1.5151241372145705 1.5151538476006863
    1.5152676352741423 1.5156472383982873 1.515887967191702 1.5160193146653
    1.516073408718239 1.5162910380272934 1.516500659088706 1.5167646759156923
    1.5170555871550278 1.5170737356858766 1.5170802393146801 1.5171320929953538
    1.5172178469771098 1.5172608285437761 1.5173229552138765 1.5174470196188394
    1.5177009378057846 1.5177832709923678 1.5180641450161603 1.5183311418282983
    1.5187077153562314 1.5187854032024917 1.518935386019469 1.5189984164700643
    1.5190613484872302 1.519443659123499 1.5195297951906468 1.5195639951267368
    1.5196565968641154 1.5196820907260189 1.5197042269688268 1.5198295203514136
    1.5198482304253047 1.519922788436664 1.5200192783172497 1.5208211508438865
    1.5208518222942189 1.5209360483221417 1.5209544900605465 1.5209668986575706
    1.521017264391503 1.521189401288666 1.521608223859289 1.5217440388148589
    1.5218020675590083 1.5219127758423383 1.5220118168951255 1.5220214271154571
    1.522166850599812 1.5223154166111879 1.5223302876120215 1.5223878799200368
    1.5224555031982163 1.5225269884588972 1.522547071662848 1.5225754437886281
    1.5226448220957991 1.522947079892583 1.5230294418142876 1.5230953789317709
    1.5231650399196042 1.5232476460471389 1.523274246668052 1.5234326624713503
    1.5235148979761561 1.5236406360427281 1.5237701055550588 1.52402421626266
    1.5249688723051804 1.5249814218717574 1.525339334265027 1.5254383514916299
    1.525484951675935 1.5256726465204338 1.5262899953531814 1.5264219442360627
    1.5264735473209232 1.5265417446345662 1.5272178358482051 1.5272932221441806
    1.5275999820503785 1.5277151310408954 1.5279227167391884 1.5281176768169946
    1.5282881321098216 1.5283908676257738 1.5285390481342802 1.5285827411249784
    1.5286149068995958 1.5286255163516955 1.5286464897207224 1.5287140733417801
    1.5288454675416006 1.5290120085503076 1.5292626348650629 1.5296601104425462
    1.529915528115301 1.529985006154766 1.5301707769854904 1.5302122520627865
    1.5308768979507477 1.5310396620088795 1.5312851836119989 1.5316154680594991
    1.5318394858407676 1.5320005129539851 1.5320179721491058 1.5320986790476354
    1.5321350161307237 1.5321701859237464 1.5321988989738504 1.5322453378306817
    1.5322490588498567 1.5322695179294215 1.5322865291059315 1.5323217988492615
    1.5324748556993957 1.5325028197833792 1.5326696103575159 1.5327934390412945
    1.5328947114121547 1.5329583453488642 1.5330114341883625 1.5330536699217192
    1.5330799327769757 1.5331711018031153 1.5332156278642894 1.5332381806698323
    1.5332669370294145 1.5332937174116523 1.533326271181674 1.5333827617320519
    1.5335215909766096 1.533603855697341 1.5340377354840864 1.5341444469064147
    1.5341755195190672 1.5344961679388689 1.5345741034008522 1.5346042811679581
    1.5347009800834712 1.534785213054056 1.5348797592463597 1.5353504761313463
    1.5354116132070885 1.5354912371164271 1.535508464630766 1.5356278502081295
    1.535699964124736 1.5358054271000583 1.5358638669549691 1.535944761767799
    1.5359597042306632 1.5360420207241987 1.5360699430354241 1.5361094862084126
    1.5362203884521932 1.5362744501692305 1.5363299819849998 1.536413601932054
    1.5364687424603289 1.5365294930732489 1.5365699182400931 1.5366355649945036
    1.537063053285874 1.5370682967916309 1.5370771938689358 1.5371613843586602
    1.5372279429311675 1.5374114334613296 1.5376327054257974 1.537671001984745
    1.537741193508585 1.5377510441325284 1.537830435192215 1.5379768005368988
    1.5381328115767245 1.5382828698497093 1.5383059380327495 1.5384820065179383
    1.5386163594939717 1.5386679184413197 1.5388244461692011 1.5388425532864101
    1.5388479250741511 1.538861276483658 1.5388718089125177 1.5389360352856631
    1.5389400942298532 1.53895518497593 1.5389714469893079 1.5390069638618418
    1.5390539323906676 1.539077566133892 1.5390880390976236 1.5392392885431037
    1.5392511125324746 1.5392857765258061 1.5393578425325056 1.5393697018450136
    1.5394298001935265 1.5394788768746366 1.5394891403399622 1.5394909554767462
    1.5395679277646195 1.5400268529547247 1.5403659426419836 1.5405806971889433
    1.5408198640711817 1.5408697696998388 1.5412577244480872 1.5413486873560487
    1.5413671873329349 1.5414067844274997 1.5414646887575145 1.5414936311620597
    1.541565699895121 1.5416345289962312 1.5418624972033588 1.54226074095277
    1.5423732344802374 1.5424098199466698 1.5424832133506545 1.542585919387784
    1.542694409635563 1.5427444943892623 1.542762828766475 1.5427881037670885
    1.5428736385973139 1.5428871443699752 1.5429147136051711 1.5430104035429888
    1.5433504820428425 1.5434777514357847 1.5435144625444082 1.5436025967357636
    1.5437380475463214 1.5438013468667122 1.5438691625906813 1.5439483617699807
    1.5440038795939472 1.5443245247438426 1.5443734845380277 1.5444366602156758
    1.5450191905097199 1.5456010671709008 1.5456757605204985 1.5457618622932234
    1.5458919219098941 1.5461196813896094 1.5461477605720575 1.5462017353888768
    1.546230490147309 1.5463199068844915 1.5464189301928855 1.546512942748268
    1.5471384263502539 1.5472150183650097 1.5472660811454564 1.5472982594719724
    1.5473149824878418 1.5473254318100469 1.5473472890509583 1.5474179315168233
    1.5481231853473219 1.5484398160015189 1.5488562576891127 1.5489943387218925
    1.5490141925343779 1.5490335347756627 1.5491065380548719 1.5491732391030837
    1.5492063638395546 1.5492206087608338 1.5494505854738918 1.5497716439380156
    1.5498866389139796 1.5499278153126095 1.5499377689813172 1.5499841126997278
    1.5500316252655086 1.5500669751614471 1.5504181154265098 1.5505261488990527
    1.5506083561053856 1.5507800397103892 1.5512308091931573 1.5513980479552174
    1.5514374308680392 1.5519674129032865 1.5520355157152153 1.5523081009787347
    1.5523439016245295 1.5523619397263246 1.5524408618026428 1.5524642247386662
    1.5524933803979668 1.5525669005496638 1.5529357982241891 1.5531133617765818
    1.5531820281792836 1.5532389230805279 1.5535610159038697 1.5544747405668506
    1.5546127931980664 1.5546390117922784 1.5546935377612499 1.5547164323734251
    1.5547493494577793 1.5548090616409809 1.5549139858644214 1.5550653928456086
    1.5551466090164467 1.5552479578859675 1.5555571885030683 1.555752655694596
    1.5558477749052144 1.5559557927586867 1.5562426717424387 1.5563978392992794
    1.5566731226813317 1.5569640278847032 1.5570841325061338 1.5571605166231166
    1.557334159209707 1.5578362078102828 1.5579750802146464 1.5580783562967553
    1.5581177377058566 1.5583271310774762 1.5584847732201523 1.558548018286577
    1.5587131805311099 1.5587656551127413 1.558787606554688 1.5588138519879067
    1.5588702918500228 1.5591098326881649 1.5593619438915085 1.5593784825031964
    1.5594255741780216 1.5596392359379934 1.5596770328227951 1.5598487031610602
    1.5602902941292693 1.560405787294106 1.5604340195924731 1.5605128724409951
    1.5605379031627915 1.5605506073275137 1.5606198156259172 1.5611661048760652
    1.5612614883128419 1.5613833149619911 1.5621807894173496 1.5625179633652806
    1.562617693675141 1.5627115045384319 1.5629121254146412 1.5629394265647534
    1.5630065540672149 1.5630473468318087 1.5631128625732345 1.5633203573211176
    1.5635515307416199 1.563588628150228 1.5636472243706219 1.5637906516971423
    1.5638635334696573 1.5639275337607614 1.5642197518018748 1.5642601955505597
    1.564331848903862 1.5643611241205235 1.5643773510762458 1.5645519724576473
    1.5646323897520891 1.5646860391219028 1.5647440968556001 1.5647488476548315
    1.5647910526168332 1.5648341618290071 1.5649896204751599 1.5651855251203415
    1.5652147164514645 1.5653626631483348 1.5654899469636803 1.5655330405315908
    1.5655727051087069 1.5655992269313401 1.5656451714908144 1.5656802838630597
    1.5657053948183659 1.5657384979366782 1.565769453969267 1.5658115732344726
    1.5658636198348064 1.5659640977529108 1.5662683268462843 1.5664109619767714
    1.5667091336613794 1.566767602952541 1.5668323084028088 1.5669033465402815
    1.5669409191295927 1.5669953940099124 1.5670205867998448 1.5671884965351637
    1.5672422126008314 1.5672647964842326 1.567364874033198 1.5674616083811088
    1.5674861273973875 1.5675041872837028 1.5675511840412355 1.5676576760962462
    1.5676974651537421 1.5678223198076922 1.5679190529402149 1.5680302325321462
    1.5683255775285034 1.5684324900234969 1.5684894715024029 1.5685057456328195
    1.5685157685371678 1.5687131110275914 1.5690185922530873 1.5693492251612042
    1.56938163850009 1.5693886857813293 1.5695888882570823 1.5697193267725198
    1.5697385285755445 1.5697791007223714 1.5698013092895053 1.5699190174774837
    1.5699982093654399 1.5707603225749456 1.5708238791054707 1.5711481508891665
    1.5715878783289554 1.5716969729896846 1.5718024591971396 1.571818477345559
    1.5718583636615524 1.5718742219917203 1.5720495495504565 1.5722117303953382
    1.5722687583495372 1.5723343250515427 1.5724485180078318 1.5725489671806372
    1.5726085601995692 1.5727657425873076 1.5728707052571735 1.5728904225567248
    1.5729639737221077 1.5730239276022986 1.5730554457816652 1.5731468302715257
    1.5731677298223985 1.5731847248523081 1.5732018926265483 1.5733093627990455
    1.5734526670350533 1.5735611237121248 1.5736131518449838 1.5736214221244154
    1.57374114814952 1.5737908197378754 1.573844224207922 1.5738784970514719
    1.5739570847451887 1.5740223724070574 1.5740854818840262 1.5741508506123409
    1.5741784614419885 1.5742905187987162 1.5745374918499995 1.5746734702944802
    1.5748109653797353 1.5748501544565368 1.5750867040915182 1.5751507830806304
    1.5752107553020902 1.5752715702428759 1.5753201566699389 1.575600954186541
    1.5757200199469328 1.5758057352397259 1.5758536405015207 1.5759767983856818
    1.576057883403962 1.5760725784848546 1.5761139723893696 1.5761437776030409
    1.5761863959299565 1.5762527540291558 1.5764020901913796 1.5765626476142642
    1.5767620710830215 1.5769825602696528 1.5771556577950321 1.5775580281074326
    1.5777135051139339 1.5778009109349114 1.5778652917886877 1.5779744151445811
    1.5781598136816684 1.5782179848105671 1.5786694773034924 1.5788024022597711
    1.5789045403796991 1.5789123224868491 1.5789405960981184 1.5790519779415262
    1.579098829551367 1.5791077963618592 1.5791507679945198 1.5792008652884988
    1.5793187938534174 1.5796343701544326 1.5797447612427884 1.5798198821280494
    1.5799437858968304 1.5800854573912146 1.5803504430506337 1.5806889216210038
    1.580704807051734 1.5810119563441503 1.5810241948870498 1.5812404967076645
    1.5812485426483818 1.5812720899891133 1.5813659651733663 1.5814015532350822
    1.5814469138313143 1.5818117675620063 1.5819216684735693 1.5819552212590982
    1.5820826889381958 1.5827219652142048 1.5828234043740395 1.5829875590561262
    1.5830801089462057 1.583230262647612 1.583255902644396 1.5833850247529426
    1.5836010278039037 1.5837150946128986 1.583853410552956 1.5840982263389662
    1.5844566431363394 1.5846530179524052 1.584685577913054 1.5848154128807437
    1.5848501013563994 1.5848841206916404 1.5849277832861237 1.5849496487494434
    1.585119346526028 1.5852097765499213 1.5853397499738691 1.5860940570297544
    1.5861699694514755 1.5862034209310423 1.5862568222012972 1.5863105184556237
    1.5863973058168994 1.5869765439466998 1.5870463385527245 1.587180848747721
    1.5871850510391425 1.5872448057272521 1.5872585064136331 1.5873379782179655
    1.5873667605491377 1.587535930981782 1.5875864075750197 1.58766413761914
    1.5876698522984043 1.5877407677285191 1.5878412440782994 1.5878807164767987
    1.587958837183957 1.5880738814566939 1.5881603202903989 1.5882574913892238
    1.5883879438030892 1.588442149549375 1.5888113510413859 1.5888701574175077
    1.5890109608011092 1.5890319543074536 1.5891508504463066 1.5892888457318197
    1.5894110509195041 1.5895642143874891 1.589756937046938 1.589905914022711
    1.5900089930240937 1.590058328956881 1.5901456065280399 1.5902349833436347
    1.5906241101767289 1.590819854383426 1.5908608663021369 1.5909346951714269
    1.5909525893287082 1.5910537548846453 1.5913992065761704 1.591495043672694
    1.591570045647495 1.5917847085322137 1.5918628398660075 1.5919005539879436
    1.5919275007415308 1.5920057585632095 1.592413471819782 1.5926743961626926
    1.5928367889082438 1.5929449105651656 1.5930529698903229 1.593115495305786
    1.5931527107886723 1.593363106852242 1.5934680329695159 1.5935166655488804
    1.5936023662502521 1.5936457797542971 1.5938269981628157 1.5942391891589067
    1.5943286347126502 1.5943982005380348 1.5945224587934093 1.5947490894560967
    1.5948368709053586 1.5951297023198094 1.5952394810023178 1.5952853950801
    1.5954661797806693 1.5957920323723556 1.5959662473193248 1.5961045771253453
    1.5962360446095771 1.5962660590816995 1.5962792250924394 1.5963180788183309
    1.5969263697432627 1.597239335102131 1.5972660598827759 1.59732229702891
    1.5973652427592777 1.5974223095864601 1.5974527403970569 1.5976352276322434
    1.5976554322992627 1.5976802522430187 1.5977384823918328 1.5978122396320771
    1.597949667562754 1.5979944074521579 1.5982455146959182 1.5983570615658209
    1.5985785367797689 1.5986679090056897 1.5987222277094133 1.5988684454895519
    1.5990375342626066 1.5991628190661686 1.599321421206696 1.5996285487910427
    1.5996780675808622 1.5997511272398697 1.5998282625117592 1.5998560474732433
    1.600215135494788 1.6002406282234081 1.6009696782180072 1.6010293141705461
    1.6010465854511495 1.6011022403549759 1.6011758178342461 1.6013221628109022
    1.6018894238492976 1.6020497329720456 1.6024639794204631 1.6028858099091394
    1.6029300363320544 1.6029991997074831 1.6030393730572996 1.6030722273414995
    1.6031447017995408 1.6031555696067699 1.60316235879903 1.6031707086834406
    1.6032165246865588 1.6032302803201521 1.603263613446605 1.6032754908583229
    1.6032982887983962 1.6033224049880572 1.6033415468749355 1.6033650451026915
    1.6033731205512596 1.6034099965459063 1.6036000432848141 1.60367057638814
    1.6037620431108432 1.6038011811249362 1.6042945728453559 1.6043962537430161
    1.6044060330042158 1.6044668975412908 1.6055021148080413 1.6056356914589742
    1.6059259491393085 1.6068169020066307 1.6068804134367838 1.606885189147397
    1.606901041527226 1.6069187209541269 1.6069779025954176 1.6070016080933782
    1.6071976718803853 1.6073130970313287 1.6074882960516561 1.6075485372909952
    1.6076202887224098 1.6076583281068451 1.6076814732097773 1.6076954758855209
    1.6077248733806755 1.607779450652572 1.6078972277557757 1.6084039137033415
    1.6084746114571165 1.6085398117694087 1.608593578231724 1.6086063053141515
    1.6086386739776573 1.6088328361925051 1.6091192939670691 1.6096990558389734
    1.6101595096298298 1.6102378373961983 1.6102612603310262 1.6102795002401762
    1.6103566232215598 1.6104302231744441 1.6104808801112085 1.6106378560798476
    1.6107576240323396 1.6111560135764194 1.6117544629938494 1.6117839864255075
    1.6118534042770989 1.6120384482421741 1.6120995727928857 1.612207191271591
    1.6122464433284829 1.6125129652841679 1.6127531969497493 1.6128432163406312
    1.6128487645858816 1.6128871347139768 1.6128972180315675 1.6129701122564484
    1.6130808585667182 1.6130868922593133 1.6132251470962728 1.6134006612727263
    1.6135749554132417 1.6136326222624575 1.6136767232701459 1.613720014010293
    1.6138363822598574 1.6138578799222159 1.6138784084223516 1.6139181946812944
    1.614071489339949 1.6141173637449053 1.6141672492264358 1.614205063568799
    1.6142524652606578 1.6142752699915945 1.6143182895598329 1.6143630475718662
    1.6144012765950417 1.6146199567501753 1.6148560413794257 1.6151116363320397
    1.6151223941235002 1.615146136047042 1.6151986911223504 1.6152048453855059
    1.6152139142714077 1.6153045731511155 1.6155063151567446 1.6158670197210085
    1.6164092636636269 1.616476827549377 1.6164856159412011 1.6167258834379936
    1.6169619396301642 1.6170935211061988 1.6171946521388236 1.6172256877994187
    1.6172866678773516 1.6173659801210647 1.6175920047566592 1.6178381492586595
    1.6179896639763682 1.6180756584947933 1.6181396926350544 1.6182663402998969
    1.6186061432747465 1.6186693284232661 1.6187308124477795 1.6191362736550445
    1.6200598609939334 1.620333175883752 1.6204021035337064 1.6204661223111543
    1.6214346639189898 1.6217422594128834 1.6220266619086943 1.6223894110798938
    1.6224681456287726 1.6225310052248005 1.6226284923453136 1.6227304830194953
    1.6233987992579084 1.6236510580138201 1.6240731334211886 1.6241583555647594
    1.6242039765944356 1.6242303511195133 1.6242854025511406 1.6243735676954809
    1.6249399049193016 1.6253740961540946 1.6256808126379838 1.625802669032737
    1.6259558161674856 1.6260198378647601 1.6260682135252864 1.6261083016897828
    1.6261953358803112 1.6263000669599326 1.6264628006886899 1.6267313274613571
    1.6273047103604767 1.6274397428787779 1.6277040689640974 1.6278866607437219
    1.6279203592642564 1.6279915762114949 1.6280271843859282 1.6280424764363488
    1.6280806856975687 1.6280945225082633 1.6281034282908422 1.6281303386324453
    1.6281691321523795 1.628317684276908 1.6283210483412405 1.6285752795907684
    1.6286757982736162 1.6287514308387472 1.6288030053499825 1.6288419151674134
    1.6288624674562016 1.6290556999892942 1.6296506650130596 1.6298627036310336
    1.6300617712402072 1.6301773801997115 1.6303290953863325 1.6304908997513849
    1.6305961410168948 1.6306499265019738 1.630699955261484 1.6307055353244095
    1.6307681944139603 1.6308454110154951 1.6309416505297705 1.6311620742186885
    1.6312228876791626 1.6313260783736041 1.6313521597787257 1.6314108140606247
    1.631435177201638 1.6316669707792926 1.6316945655129302 1.631797222885325
    1.6320744031522281 1.6321646246499313 1.632314687152757 1.6324666460618573
    1.6325298634434755 1.6325522396820513 1.6325759799322743 1.632884168407827
    1.633240098945862 1.6340012095124621 1.6341589363184539 1.6344192295684934
    1.6344861576117182 1.6345133326822179 1.6347088675538544 1.6347773666855574
    1.6348221036405448 1.6348665094385524 1.6349724971460091 1.6351669576542918
    1.6356044811661832 1.6361096176862702 1.6364245385340155 1.6368651864196788
    1.6369289117336241 1.6370013305240718 1.6370489339891112 1.6371368779794768
    1.6371500753281605 1.6371779415940182 1.6372132393019758 1.6374393965857053
    1.637524803364522 1.6375558727538191 1.6376629362728636 1.6377541200829
    1.6378888608086868 1.6378952387696699 1.6379372975730804 1.63796942506184
    1.6381090075366842 1.6381489846074448 1.6383229081281592 1.6383554282432442
    1.6383945076777309 1.6384942001710896 1.6388584283227829 1.6389095432694376
    1.6389379999998255 1.6390230904681857 1.6391499147745587 1.6399247104698134
    1.6400770904023716 1.6401735148134322 1.6401967351371467 1.6402264469017307
    1.6402610803167288 1.6403192284423995 1.6404658345818006 1.6404809701697558
    1.64063744206256 1.6406977332341437 1.6407493593442268 1.6409105318048205
    1.6411641393418297 1.6414203396447191 1.6415484201110302 1.6416805099937846
    1.6420871115225963 1.6426044042323156 1.6429654286859658 1.6431920260129118
    1.6433512185811652 1.6434362853349285 1.6435844249008369 1.6436861352003689
    1.6437319999199644 1.643880905954499 1.6439630916638635 1.6439875257191261
    1.6440464891736155 1.6442012153413998 1.644360112619097 1.6444846834262232
    1.6445556481370811 1.6445697459798794 1.6445910691505561 1.6446040521615941
    1.6446953766298975 1.6448338477146081 1.6449285229321049 1.6450149991630496
    1.6451096197204151 1.6451680730956468 1.6452480540292527 1.6453549262396336
    1.6454059099149418 1.6454415854617157 1.6455124235223291 1.6455858146974691
    1.6456495242062676 1.6457449077456658 1.6459379853240534 1.6460990899073296
    1.6461213975306237 1.6461477694156201 1.6462056444615882 1.6462527086481713
    1.6470299213820909 1.6470840134410536 1.6473340077185792 1.6475375251317625
    1.6475735657435506 1.6476133409027169 1.6476323808325712 1.647712827115356
    1.6481486305110138 1.6482746567467301 1.6483025215763973 1.6483290338023835
    1.6483465483067448 1.648469394159046 1.6484986620379913 1.6485752788419177
    1.6486095350901906 1.6487027478822256 1.6487617320290155 1.6495920306806511
    1.6496297279093142 1.6497359131165581 1.6498194911666815 1.6498657721168115
    1.6499109208587015 1.6499440219768076 1.6500436635460574 1.6501028864740874
    1.650142312036375 1.6501719469479212 1.6502395754588406 1.6502694516295833
    1.6510329032807931 1.6510867480928937 1.6511858876489853 1.6512172254974757
    1.6514101727657362 1.6514208977486304 1.651484364845055 1.6515408665786708
    1.6516181298079953 1.6521234779913356 1.6521961423592075 1.652375889181485
    1.6526563242158772 1.6526789143931637 1.6527138480612849 1.6528123593589044
    1.652948879172436 1.6533076952878218 1.6534109738244069 1.6537074057197667
    1.6537581225782105 1.6539791195106772 1.6540409293176708 1.654139771059181
    1.6543896925222725 1.6546446527733678 1.6548778994759914 1.6549183467984676
    1.6549754621961104 1.6549840677261329 1.6550004344917966 1.6550123823934655
    1.6550354587933118 1.655064813462559 1.6551660666375767 1.655176164106706
    1.6552137785331904 1.6552554179656909 1.6552804870519442 1.6553154985510901
    1.6553716738004596 1.6554011464878993 1.6554456964638575 1.6554553405396291
    1.6554995164974571 1.6555268856079692 1.6555515840838779 1.6556008194326068
    1.6556085712371289 1.6556310178239073 1.6556575178847197 1.6557904759233679
    1.6558719342524455 1.6561245153898199 1.656153474092207 1.6563110864238599
    1.6563391484885415 1.6565487916956045 1.656734741019136 1.6567954355117762
    1.6568085463466105 1.6568389460611797 1.657308183266802 1.6576398145482472
    1.6576539794200471 1.6577592498110789 1.6578725627912718 1.6579712112494236
    1.658066533694182 1.6580948982409609 1.6581329800535514 1.6582621182649291
    1.658299658776059 1.6583556949088347 1.6584087851868503 1.6584536616278196
    1.658490000921051 1.6584998112367089 1.6585507344591075 1.6587906402098724
    1.6588706024585917 1.6590318720932373 1.6593207410103787 1.6595780067950727
    1.6597227633367766 1.6598066025628668 1.6598960123392317 1.6599365802368993
    1.6599667070486248 1.659996315868193 1.6600178996688555 1.6600545176785091
    1.6600574483805759 1.6600747592074185 1.6600995470102133 1.6601612769315277
    1.6604147191288803 1.6605086475954447 1.6605770937469515 1.6607526049934147
    1.6610504736196163 1.6612545563359618 1.6613891052886629 1.6615788299678798
    1.6619073421530572 1.6621215135221064 1.6622112564715281 1.6622568316321122
    1.6623294715367591 1.6625546928489712 1.6634873351853003 1.6637422780537463
    1.6641088699273041 1.6641837176548506 1.6642276258568245 1.664300423944951
    1.6643419282631839 1.664431851442373 1.6644942707612245 1.6645113799365845
    1.664538208682643 1.6645715005490729 1.66462435496544 1.6646770411168745
    1.6649258151963597 1.6650684726347815 1.6660380179250751 1.6661851059418495
    1.6662409890425351 1.6666620390372373 1.666816345082907 1.6668298283934746
    1.6668644872549976 1.6669267312831835 1.6670000534020801 1.6670269797114998
    1.6671571747987399 1.6671766337284679 1.6672579709245383 1.6675812632338776
    1.6676135499170726 1.6678302404154295 1.6678989469346561 1.6680755000503269
    1.66831311119563 1.6684173613309667 1.6686304460391512 1.6687317385653841
    1.6687449888519041 1.6687772975081316 1.6688578197510651 1.6688785879740862
    1.6689912134261249 1.6692975314626892 1.6696977721928004 1.6697984305289235
    1.6701112520865042 1.6701958200424467 1.6705689180006023 1.6706926947829743
    1.6707648690328825 1.6707867216991872 1.6708874005621652 1.6710425655820473
    1.6711391962704512 1.6711794849152284 1.6712113267480162 1.6713184727041153
    1.6718909731893745 1.6719313152245832 1.6719769545084091 1.6719963378056946
    1.6720484036964081 1.6721014400173089 1.6724689315678916 1.6727911280473564
    1.6736474003568218 1.6737009437511006 1.6739498207000452 1.6739743172172439
    1.6740556386840428 1.6740982393232571 1.674106885839592 1.6741628627003138
    1.674276140386155 1.6743022403809391 1.6745277261051115 1.6745531669284901
    1.6745555197830981 1.6746038626966993 1.6746212877433209 1.6747012006345812
    1.6748139504745154 1.6750811108217931 1.676500400769271 1.676531748834168
    1.6766192809907807 1.6767275597612752 1.6769346651190062 1.6777972829486316
    1.6782711050354919 1.6783359096260029 1.6786943031411283 1.6788084924749
    1.6790009030387409 1.679097085835656 1.679178516177035 1.6791846158764656
    1.6792059224287641 1.6792210971777422 1.6792587592749442 1.6792728476190859
    1.6797009376934966 1.6797187047441184 1.6797582081369 1.6798054907844744
    1.6798277087341376 1.679938410368345 1.679962957335374 1.680006902607238
    1.6800161297063596 1.6804769387806573 1.6807749215719621 1.6808279622258244
    1.6808614947325016 1.6810057416828386 1.6813201640494952 1.6815615599270473
    1.6815626242404504 1.6816409034224762 1.6820178296187804 1.6820538282202051
    1.682078736110816 1.6821267200521106 1.6823499767991961 1.6823895348951283
    1.6824414474409424 1.6827720583316175 1.6829945135480859 1.6831736901838668
    1.6832168488053867 1.6832631895789745 1.6832724385447364 1.6833108292345969
    1.683431052098058 1.6834710399281447 1.6835266116372849 1.6836352321908179
    1.6843830842369698 1.684775450914761 1.6850985608023621 1.6851715006635761
    1.6851748555682207 1.6852881163173759 1.6860373711633656 1.6860965783116626
    1.6861424725184406 1.6861527084994123 1.6862611950400606 1.6863048734442145
    1.6866996191956787 1.6868453928076026 1.6868632148542322 1.6869279168381581
    1.6869726254988866 1.6870800904280259 1.6874667514719022 1.6876221559390614
    1.6880026465444946 1.6881876818110015 1.6882742586454356 1.6883553749974396
    1.6884775197041506 1.688918866720087 1.6889623301703978 1.6889867595399664
    1.6890117668663152 1.6891178523899726 1.689242621998498 1.6897845962039355
    1.6900138620263534 1.6901506185929975 1.6902119391026644 1.6902288653775031
    1.6902643126572001 1.6903110623947213 1.69087216608159 1.6908851465314001
    1.6909925663871945 1.6912614856122445 1.6915533790688642 1.6916284481328603
    1.6917894149821677 1.6918799614771463 1.6919899053254994 1.692137353208409
    1.6924793239883003 1.6925898805629913 1.6928754068007037 1.692956282268733
    1.6931046058741686 1.6932030631237467 1.6932818820882858 1.6933155807940921
    1.6933741714485677 1.6934084362306976 1.6934941543130435 1.6935215865264581
    1.6935652315855805 1.693773604582578 1.6940049507695221 1.6940222494506543
    1.6940616267536825 1.6942705844003285 1.6944002918899059 1.6944998473782107
    1.694528343672232 1.6945318477870994 1.6945951127563603 1.6948622034199161
    1.6953375303944995 1.6955413925829816 1.6957089782596086 1.6959686551375246
    1.6961423612983708 1.6962524204550391 1.6966540933084162 1.6967386067935877
    1.6968933201469554 1.6969398305639516 1.696975909433786 1.6970226513542002
    1.697116951460157 1.6971449503616896 1.6972195502233589 1.6978830320604175
    1.6981440419285718 1.6981892384485036 1.698204302722661 1.6990758134049126
    1.6993411922690786 1.7001645658802773 1.7003656123461042 1.7003668411996955
    1.7006000566141666 1.7006435266606785 1.7006837662323959 1.7007103463711246
    1.7010122339028158 1.7011385633770715 1.7018047470406601 1.7018302861472421
    1.7020526609965145 1.7021311724272437 1.7031594778305816 1.7033304026226688
    1.7035402386401983 1.703567204541423 1.703679885387146 1.7037038138769276
    1.7037671460399224 1.7038035310769146 1.7038897814190932 1.7039829527606343
    1.7042285437373721 1.7042485072051932 1.7045656956640414 1.7049023509886752
    1.7049330277517356 1.7051219401823801 1.7052437539925449 1.7052971514067394
    1.7053626919598173 1.7053835770598198 1.7054122522371471 1.7054468504311444
    1.7054745298813032 1.7055435193347876 1.7055675157221231 1.7055849919273895
    1.705601637433483 1.7057578375952516 1.705811898345625 1.7058515794948714
    1.7058660814775521 1.7059344561327332 1.7060101959671101 1.7060376787037512
    1.7061616793853318 1.7062524800358916 1.7069659778162531 1.707586437387181
    1.7079303495809199 1.7080641331730249 1.708119333004106 1.7082450445395807
    1.7083819572799257 1.7091162243068538 1.7093605877693108 1.7094090095628189
    1.7094691371499948 1.7095805189874227 1.7097775945424019 1.7099326508205195
    1.7104845874660839 1.7105037603872915 1.7105483526584919 1.7106271639699115
    1.7106569243581362 1.7107060579019162 1.7108512145953683 1.7108967633979772
    1.7109523985557644 1.7109905896713826 1.7111492616606483 1.7112193010619194
    1.7112594675376727 1.7113056248780822 1.7113444724398961 1.7113810662398805
    1.7114627660530459 1.7114778133833852 1.7115709654941991 1.7115820970757341
    1.7117426981527994 1.7117755465457474 1.7118545389130304 1.7120604587968653
    1.7120905788001437 1.7120947524344576 1.7121966978606906 1.7127325869500054
    1.7128162968507241 1.7129047662714583 1.7129824220013687 1.713048800626384
    1.7130646723531755 1.7130902569935433 1.7131583160191439 1.713204627671439
    1.7136669968608658 1.713721943547057 1.7137811778460066 1.7139104671593184
    1.7140199583300273 1.7142762440608976 1.7143530109350649 1.7143948076947406
    1.7144919096765761 1.7145862471026931 1.714592821584688 1.7146547419341307
    1.7147311064516846 1.7147922227839747 1.7148282361777092 1.7149773404334308
    1.7156978744309526 1.7157339145120205 1.7159434699400435 1.7159971776603924
    1.7160262718930426 1.7161051010373285 1.7161489473536449 1.7161768940370621
    1.7162612149262106 1.7162681445324779 1.7162905393705234 1.7164193008231148
    1.7164500347009835 1.7165953930605611 1.7168975321164908 1.7169372349526384
    1.7171245379225486 1.7172290168173276 1.7172695163288836 1.7172847564305584
    1.7173108476044945 1.7173175369031621 1.7173858680924923 1.7173936369795229
    1.7174256905331049 1.7174587626216937 1.7183505243037871 1.7184468482695139
    1.71859548309817 1.718644958641903 1.7187517391263707 1.7187701506987878
    1.7189170783073375 1.7192163338891078 1.7200444290268706 1.7201268079386636
    1.7201402549310842 1.7203625880463733 1.7205135552731008 1.7206127716010087
    1.7206940896121523 1.7215025271489139 1.7215184497393541 1.7216253529992627
    1.7216597477744018 1.7226983885920162 1.7228259551362499 1.7231970182641816
    1.7233222232044683 1.7233621015551761 1.7244200344996443 1.7245249730985961
    1.7246268177275852 1.7246626712890247 1.7247102505561998 1.7247816279163088
    1.7248396828990735 1.7249453482269019 1.7258539796994683 1.725977467120174
    1.7260315031136997 1.7265059721347598 1.726525756310366 1.7266474491307235
    1.7266809788771753 1.7268077205523393 1.7268781923345766 1.7269219458232328
    1.7271362901131853 1.7276946099652322 1.7277342555589712 1.7277725561207262
    1.7283690815803312 1.7286883630786178 1.7290400776441857 1.7293376709872064
    1.7295499870582489 1.7296351293326779 1.7297867135936031 1.7298344926514346
    1.7298698561989567 1.7298975985425842 1.7299906345584533 1.7302324301440422
    1.7303668742259333 1.7305076345041925 1.7306818010499456 1.7308915052579323
    1.730916719682682 1.7309968763242978 1.7311209112966328 1.7312711834395031
    1.7314560447789518 1.7315452756400305 1.7315488283431932 1.7315625679766526
    1.7315913315042053 1.7316415717916698 1.7317054717372571 1.731831363776261
    1.7323895194540455 1.7328289556054415 1.7330231156395257 1.7332372960357134
    1.7333755631138956 1.7335894234606712 1.7336042896104118 1.7336508097478145
    1.7336676509326026 1.7337633733147186 1.7338253897783034 1.7338727110732179
    1.7341270027941391 1.7342784934810425 1.7346232708440159 1.7346646464328235
    1.7347245323429661 1.7348483774500589 1.7349224440498801 1.7351487999739219
    1.735159237507196 1.7352617456787509 1.7356830098888167 1.7359847171223008
    1.7360370187219814 1.7361544194498493 1.7367169004867169 1.7370856541292596
    1.7371324511464992 1.737192251538545 1.7373068901291238 1.7382705830115355
    1.738423029511432 1.73877367828959 1.7389702536369214 1.7390861032158682
    1.7391090277474532 1.7391933984625645 1.7392360049258286 1.7393483510774779
    1.7394219995795765 1.740267403257576 1.7405618021890916 1.7411643599918989
    1.7413029388573402 1.7414222831743398 1.7415042659011306 1.7416967102955823
    1.7418102052931772 1.7419357173130265 1.7423978620383878 1.7426505508243282
    1.7427050262018384 1.7428084760796991 1.7428392329979032 1.7434067161077109
    1.7434735987668319 1.7436246771245352 1.7438210480549969 1.7439276786231859
    1.7440823684403313 1.7447088874628207 1.7448393065690955 1.744966244020361
    1.7450109797668119 1.7451287557884523 1.7451362812395019 1.7451571189253627
    1.7454652452701112 1.7456941087154974 1.7458538546950422 1.7460751014228664
    1.7464273724211807 1.7464378227047064 1.746478581302199 1.7467554226777793
    1.7468876829952023 1.7470192424859305 1.7475102637331474 1.7480067912088089
    1.7486955709075573 1.7488310995508072 1.7488770346093587 1.7490140002911783
    1.7504274281227481 1.7505416255432009 1.7505605816478238 1.7506085619526401
    1.7506279737793193 1.750631664364164 1.7508485143729557 1.7509446386337004
    1.7510388171549494 1.7514815559418129 1.7518648146649483 1.7519341709050877
    1.7519739574854327 1.7520373473333706 1.7522561588493772 1.7524692249064173
    1.752773671129944 1.7528690375138467 1.7532438307283655 1.7534514330426418
    1.7537253816919929 1.7542127016567974 1.7547617185067186 1.7550202492524476
    1.7551002065232144 1.7558202896113471 1.7558668566841333 1.7560109187714943
    1.7562175678277527 1.7562967976533401 1.7563285480010109 1.7563715593412781
    1.7565058206737831 1.7567320506883561 1.7569098469727578 1.7571071985518756
    1.7571716781416398 1.7572346025257048 1.757342752941895 1.7575837179163045
    1.7578172075072303 1.7579845181644487 1.7583551881381936 1.7584946828526882
    1.7588188465415442 1.7588988418956433 1.758983421031735 1.7590231039735045
    1.7592243501343698 1.7594888060273206 1.7595283869609375 1.7597822025134064
    1.7598293930112732 1.7599856344586897 1.7602913005902336 1.7603208592408008
    1.7603873645537533 1.7604485733627371 1.7605153890350873 1.7608462549160322
    1.7619384591806011 1.7620234589030588 1.762170923699341 1.7625325683777191
    1.7626166855692644 1.7627145736948933 1.7629175609190497 1.7630887006583482
    1.7631335620665898 1.7633689869512637 1.7634136138099166 1.7634996089502692
    1.7635478045785931 1.7636977371205376 1.7651131820509061 1.7653104955276528
    1.7654287830458391 1.765448982644557 1.7654944498766174 1.76642854482825
    1.7664742176924051 1.7665874696054744 1.766604816457948 1.7666684964571686
    1.7667420866708199 1.7668724187241196 1.7670679111430942 1.767562258284973
    1.7676311738213712 1.7676933669609411 1.7677704983040257 1.7678709470247214
    1.768139968633174 1.7684105935553209 1.7690548091910387 1.7690703144277904
    1.7691215052827829 1.7691549791352372 1.7692579231837346 1.7694482433644225
    1.7694951000330548 1.7695487700899264 1.7696225934703307 1.7703099612044753
    1.7705157065253541 1.7705701866931729 1.7707044214025889 1.7709474772454996
    1.7712517263387326 1.7713425784509127 1.7713995586527744 1.7714785315986319
    1.7715244924484068 1.7724932230721606 1.7726382528189788 1.7728430363835059
    1.7733835821882167 1.7734703077324714 1.7735936374409296 1.7736496721046631
    1.7737765715701244 1.7738622989087389 1.7740011195828629 1.7741326603251082
    1.7741765268048766 1.7742091218067344 1.7742841589606542 1.7747134306730459
    1.7750580021183282 1.7751284616097109 1.7751344165309035 1.7752162866399317
    1.7752624657796332 1.7753481492428365 1.7753972338317454 1.7757620872525877
    1.7758569279788692 1.7759374374776598 1.775980094056024 1.7761241960282252
    1.7762032513091981 1.7766958977006766 1.7768446487467979 1.7769345161320302
    1.7772929954197934 1.7774068228038686 1.7774374796770189 1.7776262898764799
    1.7778599992925592 1.7780032657099127 1.7781324234936164 1.7782021044604335
    1.7782251772532618 1.7783770311091303 1.7783844755632345 1.7784987048241419
    1.7785386203836424 1.7786693457530873 1.7788222793366004 1.7788548183973945
    1.7788767274451858 1.7789044922600623 1.7789447312442461 1.7789749546655913
    1.779451602484869 1.7794907534585036 1.7795049484420815 1.7796738654860746
    1.7797459895161865 1.7803148783657434 1.7806175781979618 1.780682090024527
    1.7807418064664187 1.781114586696549 1.7823068909884796 1.782852733227287
    1.7828990272198553 1.7829948742211172 1.7830205041345835 1.7830534848563673
    1.7831344307550694 1.7831546986760713 1.7831645727219438 1.7832627756823058
    1.7839739514081885 1.7842927323419815 1.7844560038999997 1.7851305946895195
    1.7851485844804909 1.7851702143483787 1.7852252705193905 1.7852539335802362
    1.7853242011775212 1.7854280978914403 1.7855071471994961 1.7858209839032497
    1.7858366143591411 1.7859096897554991 1.7859315256397168 1.7861109306081744
    1.7875092573985967 1.7877195028954702 1.7883552923810384 1.7884530430357699
    1.7885353171328688 1.7894204209116651 1.7895936097039755 1.7896850202106975
    1.7897718765381303 1.7898149805266144 1.7898845152351253 1.7899153338288822
    1.789992629886342 1.7900691923597378 1.7900978609744698 1.790162330149883
    1.79018812031984 1.790611368428199 1.7911845006703515 1.7912474236287381
    1.7923315705635712 1.792484295734198 1.7925264351323449 1.792633503468096
    1.792655586846422 1.7927049474242267 1.792831212852434 1.7936244857384054
    1.7939401314026782 1.7942509814162122 1.7946482387154901 1.7947791827291439
    1.7948214931147959 1.7948806310041618 1.7949205294499393 1.7949682647376903
    1.7950407667431136 1.7952150762062047 1.7953949154429552 1.7954782923566768
    1.7956238847422354 1.7956589353434538 1.795689567237605 1.7957191677412538
    1.7957575576630915 1.7957692770557969 1.7957952871913676 1.7958041694635085
    1.7958267793204867 1.7959539010189474 1.7960192820301017 1.7964409955227438
    1.7965277414907632 1.7966406857223092 1.7966653369755932 1.7969629493937873
    1.7973214196639673 1.7974230907436777 1.7975340238026547 1.7977570836147607
    1.7977890760729678 1.7978861643273376 1.797905576748144 1.7981717711070815
    1.7982511953123321 1.7983174113467613 1.7985467467892704 1.7986830149291109
    1.7987663071920905 1.7988813009358182 1.7989633964889435 1.7990254571063815
    1.7993030836316848 1.8003389690447875 1.8006280445979428 1.8009457320094953
    1.8011646737720639 1.8013121888086516 1.8013875978028864 1.8014225576607714
    1.8014839695240425 1.8016120716056321 1.8019114319069558 1.8019244878489189
    1.8020248580756744 1.8021263885654453 1.8024492160539922 1.8026308460563694
    1.802701322435496 1.8027533299141396 1.8029142636064535 1.8031263228713215
    1.8032733754500441 1.8032898626252063 1.8033347673713251 1.8035234419155586
    1.8036342110017358 1.8044696224490053 1.8057380750296033 1.806003683606529
    1.8064776869299142 1.8074840252693321 1.8076963383612565 1.8077335684041387
    1.8077813341186655 1.8079562175169315 1.8087054887394818 1.8092594714525418
    1.8093944029122042 1.8094095792357621 1.8094461779139621 1.8094634175631654
    1.8094768231334228 1.8095231214081196 1.8095781326263023 1.8096348297915483
    1.8100860560005856 1.8103313540852468 1.8106459422827659 1.8107012072598536
    1.8107696137676612 1.8107971819257727 1.8108802464277232 1.8108934907234926
    1.8110441786975571 1.8111633657277708 1.8111685960782324 1.8112941156594389
    1.8114574480830925 1.8114945862229432 1.8116066602230301 1.8120138498752567
    1.8123244170595474 1.8127449357420118 1.8129262328476217 1.8132982232602444
    1.8134267769701182 1.8139840720740115 1.814106121765144 1.8141641893864744
    1.8142338468695016 1.8142506321883047 1.8143890238759468 1.8145074080330232
    1.814566555224701 1.8146459738031808 1.8148373385025707 1.8150657451692496
    1.8160283202669234 1.8163766310997289 1.8166109136805062 1.8166649242814401
    1.8166897943174263 1.8168671712694504 1.8170066048328408 1.8170703427440458
    1.8171729892910662 1.8171951694512245 1.8172713502711606 1.8172925836373299
    1.8173059386032038 1.8173996235003869 1.8174932689153138 1.8178310955483994
    1.8181378302476787 1.8182990977411464 1.819230040416187 1.8195958616845018
    1.8200620105550722 1.8201081922031033 1.8201758532216747 1.8202913803312792
    1.8203061891597088 1.8204672276727365 1.8205380877381685 1.8205861268703909
    1.8213035245007632 1.8216111580983125 1.8218059609882857 1.8218693062846871
    1.821893622764075 1.8218958552539941 1.8219069082684656 1.8220032411230023
    1.8220204021889459 1.8221190777371703 1.8221573404349936 1.8222103134988477
    1.8222262316496654 1.8222889069646044 1.822483869546583 1.8227222374700431
    1.823793493838366 1.8238718858100356 1.8239276926748971 1.8239410791912634
    1.823994841481787 1.8240078830613129 1.8240356445927319 1.8240455461835836
    1.8240892793067662 1.8241853070862817 1.8242604480543985 1.8246402602253511
    1.8250853725558045 1.8251879745792394 1.8252122868969309 1.8252443774144922
    1.8253347449224748 1.8253755769660529 1.8254710980256164 1.8254939438285418
    1.8255787536514845 1.8258334264576963 1.8260973006924057 1.8261961676642386
    1.8262011365359285 1.8262869116206275 1.8263055155760715 1.826374815017213
    1.8266424390674274 1.8268089669716574 1.8270815309473012 1.8274032431769835
    1.8275523915802598 1.8282110243514278 1.8286529830802465 1.829973102310305
    1.8300155081178673 1.8302836317764104 1.830455233615794 1.8306162407993725
    1.8307020944375836 1.8318377813453708 1.8323075562733113 1.8323721428187127
    1.8323833080582215 1.8324183396841061 1.8324772124005904 1.8325125967282172
    1.8325482403164035 1.832628503801061 1.832786333494937 1.8328114833187783
    1.8329716677419015 1.8330828941112713 1.8334010678318009 1.8337059662992772
    1.8339199170427491 1.8342838108244905 1.8344492745373486 1.8347520188710102
    1.8347946094049803 1.8350094784624769 1.8354438818474819 1.8357666727141577
    1.8357939070554039 1.83581516515153 1.8358433475227685 1.8358785816226373
    1.8358982101031871 1.8359153120596603 1.8359976481950753 1.8360328947536573
    1.8361750761412925 1.8362208375474438 1.8362863069262403 1.8363341417853007
    1.8363827391747236 1.8364327583442446 1.8364734523631796 1.8365608371752842
    1.8366231265995339 1.8367222875806988 1.8367760220539822 1.8367993813008638
    1.8368293554094635 1.8368423829670064 1.8369504434158443 1.8369957058407635
    1.8371655606265449 1.8377699169879633 1.8378202549258276 1.8378980868817507
    1.8381759802487068 1.8383257218352658 1.8383716834844108 1.8384230746006931
    1.8384720418980578 1.838503447691058 1.8385521198702766 1.8386631661556976
    1.8387168440042387 1.8389451885574091 1.8389757817361669 1.8390424225746755
    1.8390818239198778 1.8391642515214244 1.8392150974502783 1.8392296740109941
    1.8397784285386176 1.8400627096411881 1.8401174153696047 1.8402572069458074
    1.8404990168047941 1.840582570085644 1.840701910413524 1.8407689133998246
    1.8408431922260249 1.8408765075461815 1.8409234545515574 1.8409775687641741
    1.8410321826037119 1.8413699453662047 1.8414537681859655 1.841557522286712
    1.8416835682231976 1.8417233044332533 1.8418671686602466 1.8425967744256393
    1.8436195421054435 1.8436332741192019 1.8437466272771417 1.8437620283205547
    1.8438007866050157 1.8438410873473003 1.8438920322640797 1.8439221319076751
    1.8439296160624394 1.8439485637658777 1.843991072531594 1.844043599437839
    1.8440591127350672 1.8441533392813654 1.8441759903930688 1.844370558787523
    1.844523717654738 1.844948265154926 1.8453648584308666 1.8453856800912263
    1.8453884711006139 1.8453897810652051 1.8454202002585589 1.8454650281738849
    1.8454815802997586 1.8454881421462574 1.8462859296181098 1.8463073342536518
    1.846507316654576 1.8465657038370409 1.8467049000246334 1.8468171743768835
    1.8480605958835441 1.848294667634218 1.848363617932955 1.8486445422022371
    1.8486861760737157 1.848714924052365 1.8487889990946313 1.8496290885791495
    1.8497005519911909 1.8498483170066418 1.8498688159146088 1.8499665068499478
    1.8500690236847579 1.8501159845246395 1.8502310411059473 1.8504028438292153
    1.8505776162881376 1.8506354724044285 1.851101983629178 1.8515429104713803
    1.8519258346119045 1.8526799797527929 1.8528112145486375 1.8529171688123824
    1.8530076328793257 1.8533127687533124 1.8534914452352496 1.8535259382317235
    1.8535530318717974 1.8536826399002848 1.8537186336640445 1.8537315308351481
    1.853778088480226 1.8538164418287124 1.8538589204164282 1.8539115214887261
    1.8544341500333985 1.8545609415400577 1.8546170897077445 1.8547554116557876
    1.8548179131998039 1.8549468537964913 1.85505309466962 1.8553012995970448
    1.8562393540673081 1.85628455218 1.8564282032610322 1.856445420396426
    1.8565856102557632 1.8566547737089423 1.856679007632374 1.8566932594041343
    1.8567300996888663 1.8567766956595733 1.8568048642919166 1.8568286273297416
    1.8568545867447028 1.8569662716929087 1.8570443842381792 1.8574455760350854
    1.8582360222635999 1.8582691289761442 1.8583353769739914 1.8583831137479137
    1.8584011536186154 1.8584158098333774 1.8584943733838373 1.858650282540566
    1.8587732973617221 1.8589128912105934 1.8589579375723133 1.8591930352567942
    1.8592456359859284 1.8593945658547 1.8594561200880548 1.8595248465466057
    1.859743205286486 1.8598153099374941 1.8599388813709083 1.8600075628650301
    1.8605924031450438 1.8607447694685106 1.8609598514864654 1.8617879916789661
    1.8619497991981007 1.8619781424857138 1.8620059485126603 1.8620554247540895
    1.8621177060710277 1.8621407337125977 1.8621943554406244 1.8622032247918696
    1.8622821725311951 1.8626068936546289 1.8627662110945948 1.8628173015695211
    1.8628749862194429 1.8629159995806124 1.8629294708601265 1.8629571712810502
    1.8631035499359616 1.8631577634061312 1.8632401353311252 1.8632635300878064
    1.8634474579797313 1.8634961204120657 1.8636328396667068 1.8638295168725563
    1.8638958792193989 1.8642702329823806 1.8643582637339933 1.8644263628360931
    1.8644687142332259 1.8645009840701277 1.8645119674977195 1.8645946123177055
    1.8646570061860075 1.8652274752380436 1.8665190086404664 1.8666724706979494
    1.8667818080410825 1.8672158893753477 1.8676582267986306 1.8679142720977324
    1.8680421931638194 1.8680660085556156 1.8681430387725413 1.8681989762838156
    1.8682788529603158 1.8683014525510999 1.8684069104147056 1.8684419688084291
    1.8686148536721703 1.8687501183398125 1.8687806288577122 1.8703248460676605
    1.870416958795128 1.8704920879084359 1.8705808375622535 1.8706316221071877
    1.8707417953946788 1.8707879852277642 1.870940764308898 1.871145419837194
    1.8711724744982803 1.87119513482412 1.8712540474124069 1.8712698487909165
    1.8713362906912892 1.8713534566422823 1.8714308893536327 1.8714643267803694
    1.8715130761620458 1.8715668044187908 1.8716567462703704 1.8720037710610882
    1.8735057551862155 1.8735892597610473 1.8743251057769612 1.8745835865470326
    1.8746779022751525 1.8750282712991975 1.8751338920471881 1.8752042444941708
    1.8754942402238441 1.8760958004824715 1.876188008453596 1.8762395063272834
    1.8762844883496654 1.8763425174557598 1.8765279019007721 1.8769641400358523
    1.8770517429934443 1.877524904930334 1.8776105698866616 1.878201274066214
    1.878324992109583 1.8790574741506134 1.8794124676223418 1.8795369948488769
    1.8796646948831039 1.8800305258018852 1.8802790994299357 1.880316684976242
    1.8804547973297303 1.8806367113331817 1.8806751457386401 1.8807473399043602
    1.8808086579139929 1.8820185999047681 1.882158193612895 1.8822419192333655
    1.8823003980858932 1.8824721806366598 1.8826335435249804 1.8827328539966857
    1.8827527608967103 1.8830211188353587 1.883103980115493 1.8831610540151815
    1.8832668737615677 1.8833546914508286 1.8835089111152381 1.8836451373726202
    1.8839182504046903 1.8849291819431073 1.885053746486695 1.8851820698205302
    1.8858889837530721 1.8860060446422722 1.886162777383106 1.8863032051121991
    1.8863861839160261 1.8865141053975094 1.8865670033980375 1.8868619975325298
    1.8876346987247719 1.8878985533186399 1.8884300119789259 1.8884513529280109
    1.8884748583126565 1.8885950552712529 1.8886973495715211 1.888703448630622
    1.8887608367506346 1.888895201061132 1.8890396054813436 1.8892395675032958
    1.8894170448489604 1.8896853848555111 1.8899471326312778 1.8901515716185411
    1.8902165778636117 1.8903695526162967 1.8903833044615794 1.8907472783036212
    1.8910381950868782 1.8911622957808731 1.8913862859859365 1.8915806979053968
    1.8930943284955599 1.8932127224792719 1.8933407425603945 1.893835036353039
    1.8956055327644208 1.8956278239541007 1.8958811235082749 1.8964101941818967
    1.896772300779503 1.8968411605430902 1.8969086760482696 1.8969229587032714
    1.8969911795797088 1.8972290598112522 1.8974491323929783 1.897649386743069
    1.8976911235895386 1.897769419328597 1.8978511462234262 1.897979027474624
    1.8983708535255572 1.8984489965921967 1.898498788496181 1.8986068852104836
    1.8986387955359532 1.8994571999538494 1.899576220818517 1.9002849236494512
    1.9004168307237705 1.9004316055797972 1.9004471058439474 1.9005037443728725
    1.9005640120885801 1.901224372350498 1.9019078335615631 1.9021466221829542
    1.9022216760423969 1.9024396595589981 1.903336471673174 1.9035563756895499
    1.9045270616923518 1.9046209178850404 1.9046617120919109 1.9048019254109021
    1.9055409302936823 1.9061664503384843 1.9062409611595588 1.9066469030300142
    1.9066994833019635 1.9067860162997021 1.9069378704058788 1.9071314768512821
    1.9071824033251688 1.9073143606827216 1.907760069388587 1.9082978212319972
    1.9090778685526857 1.9091940688908835 1.9092675094601266 1.9092866477643231
    1.9094483865259235 1.9095576769467091 1.9102316046617489 1.9102779667882714
    1.9103671261333148 1.9103998718112507 1.9106040706526528 1.9110485375647386
    1.9115855344529336 1.9118201048377159 1.9121063445021718 1.9121433194721249
    1.9122326594308106 1.9122538132642148 1.9122678974352312 1.912313858221387
    1.9123823073239692 1.9125410705835293 1.9126712553850211 1.9132567235298552
    1.9133058764994832 1.9134361125822277 1.9134437687762329 1.9135367523648483
    1.9137234511893741 1.9138430031381783 1.9139919818253475 1.914045480332182
    1.9141530863843552 1.9141757256293204 1.9142451667078906 1.91425122226489
    1.9146901209041971 1.9147592312399411 1.9149218879326781 1.9150354077085012
    1.9151307914637528 1.9151941673383135 1.91539621057359 1.9155086677503732
    1.9160489769612923 1.9165530074378694 1.9166304574036985 1.916820444435416
    1.9179939452178587 1.918118285218793 1.9185971917721265 1.9186103506898462
    1.9186647272815947 1.9187601293562391 1.9188688425054352 1.918897794334498
    1.9189289897920692 1.9190136943287446 1.919578554376604 1.9196937281159534
    1.9197244955319548 1.9197834123068334 1.919890480703748 1.9202614404594898
    1.9203099123760694 1.9203288800483733 1.9204288587576912 1.9204572817300232
    1.9204774061244962 1.9205975375477919 1.9212768455133755 1.9215262631423684
    1.921591850448749 1.921902377360766 1.9231896191072337 1.9232604552057637
    1.9232873192518127 1.9233270339523187 1.9233738059469943 1.9237871279112824
    1.9241298042767692 1.924166412464956 1.9242538837290795 1.9243307159606502
    1.924374245688341 1.9244348997500764 1.9244827024532469 1.9245198990701282
    1.9245370096660737 1.9246325707411718 1.9250388437628771 1.9251502552385773
    1.9251747743518308 1.9252755466684448 1.925369023609619 1.9254421828215225
    1.9254447721875749 1.9255238158957582 1.9256495024394553 1.9259390750300251
    1.9259929002754461 1.9260310518326758 1.9260893946981241 1.9261019486175428
    1.9261400335374976 1.9261913026891004 1.9263457033147233 1.9273094463264897
    1.9282009193429985 1.9283780785044655 1.9287892494715873 1.929290053564273
    1.9294303621188647 1.9295874470176386 1.9296716625042336 1.929899196549286
    1.929989505125377 1.9300904043341234 1.9301372589431138 1.9301878126169867
    1.9302424358726058 1.930285745928586 1.9303027573733231 1.93059656992898
    1.931060408988742 1.931489915437093 1.9317252491141659 1.9319472501998736
    1.9320177231156777 1.9320779385172955 1.9322864775044764 1.9324069518156648
    1.9327369674685997 1.9328209455443357 1.9329462515835303 1.9330844237438214
    1.9331179795447042 1.9331659119732194 1.933260412223035 1.9335485751277399
    1.9335980633907184 1.9336461484203937 1.9337238245667929 1.9337379478902221
    1.9337844978963403 1.9338610061807533 1.933884680870354 1.9346379250107475
    1.9347018219021266 1.9350693113758552 1.9358694342422496 1.9359400122771149
    1.9364512422719145 1.9364980748191556 1.936599497015095 1.9366902393107921
    1.9370242316356325 1.9371216834028928 1.937563810512529 1.9376482988114201
    1.937814962956433 1.9378686029370631 1.9379191170240422 1.9380582792967591
    1.9381219249086523 1.9381522813808563 1.9386475747423901 1.9387257207840776
    1.93877564497393 1.9388492565353772 1.9388801649349716 1.9389709018300891
    1.9390368383976693 1.9391943068632713 1.939311948003251 1.9395835158863974
    1.9398683852855356 1.9400932918744047 1.9402267463354594 1.9405766189911446
    1.9407789826441331 1.9407865864225187 1.9408028293629513 1.9408255115706652
    1.9408990946994891 1.9412245411428255 1.9414738151737463 1.9415973336563184
    1.9418265639380934 1.941852240397111 1.9421465047048514 1.9425278870640597
    1.9427684179689635 1.9432549688790459 1.9433499709580246 1.9440322834692172
    1.9454012007278532 1.9455250169980143 1.9461483884248689 1.9463612463947964
    1.9464007358643964 1.9464822463523888 1.9471783650744328 1.9472151805332032
    1.9479626019103762 1.9480272776982019 1.9480820849294105 1.9481522814527352
    1.9483078736985817 1.9489046908832606 1.949080901107493 1.9493597019913977
    1.9497727282984367 1.9517764435772449 1.9532502441697943 1.9533375108191346
    1.9534500087602282 1.9536260321939154 1.9536952067970561 1.953749410150158
    1.9538481826069376 1.9541752542972972 1.9545376184833003 1.9546928903732048
    1.9548264574090126 1.9548625126432171 1.9549314366979615 1.955198388506119
    1.9552907829146307 1.9554259080465879 1.9554685235989382 1.9554850021274131
    1.9555318217971944 1.9571946729145502 1.9573045085064109 1.9573300011808712
    1.9573933347825232 1.9575027579349809 1.9579230381060824 1.9580475232161916
    1.9587012385187337 1.9588235566779986 1.958867059443719 1.9588721797934341
    1.9589028977755447 1.9589376612154865 1.9590948089944504 1.9596192158666479
    1.9596579576696058 1.9597135038902707 1.9597933085909365 1.9603166152397478
    1.960440381438957 1.9604785333456221 1.9606507041594341 1.9622504136082739
    1.9625655846095924 1.9626348180088371 1.9630974470646076 1.9633284935235527
    1.9636725216810191 1.9645621901685444 1.964711350653306 1.9660317924191304
    1.966590404985529 1.9667394494039172 1.9668601519790723 1.966894306758159
    1.966904992949992 1.96692719079374 1.9669856961887717 1.96708612425914
    1.9671038976016462 1.9671273048016928 1.9676191809437569 1.9678614741833371
    1.9680899760571264 1.9683431656752872 1.9685603407240819 1.9689067411008618
    1.9689516759727705 1.9689985454163736 1.9698142756590944 1.9698841459494361
    1.9710612586836191 1.9722134770197499 1.9724041874493423 1.9727305490797278
    1.9735022540750833 1.9735363704778592 1.9735782917084634 1.9737024087521604
    1.9737173223034006 1.9738033291791908 1.9738511458879202 1.9738927881073778
    1.9739233198133661 1.9739644160706575 1.9758121756192324 1.9759715136112845
    1.976040040547332 1.9760709452102674 1.9761160092957653 1.9762478368929806
    1.9762971809398096 1.976589929714919 1.9766799888834612 1.9768123411355798
    1.9768779475419553 1.9775155857309983 1.9775656135707322 1.9778134625383548
    1.9781434095684745 1.9783697914166016 1.9784699006089188 1.978681470885931
    1.9787430389087604 1.9788643304616471 1.9788907401331244 1.9790873735993653
    1.9795161134267119 1.9796915962501771 1.9800823042003686 1.980113097114554
    1.9802004893901426 1.9802516451072734 1.9810698679523284 1.9811262309458471
    1.981168488821595 1.9816267017989351 1.9827122573399265 1.9827568264345246
    1.9828273432781316 1.9828975933499653 1.9837886359750883 1.9839005664373417
    1.9839401132455237 1.9839605093241062 1.9840475906172514 1.9841268553658438
    1.9842355567859613 1.984755118647854 1.9848767234161642 1.9849902095334073
    1.9852905470429505 1.9853952590035533 1.9854409119466254 1.9854780157911591
    1.9854787720294098 1.9855253693053783 1.9856173192924871 1.9856299061307254
    1.9859889494759955 1.9872072234541065 1.9878288797675243 1.9880769689317883
    1.9896148529093505 1.9897028086946495 1.9897621025790311 1.9899702677494133
    1.9901977729953415 1.9902288942075017 1.9904311380892523 1.9909614667353708
    1.9912136128361908 1.9915009455531845 1.9916392255079245 1.9920463909418988
    1.9920742237820075 1.9926675740075552 1.9927759311231057 1.9929259643843693
    1.9929778314887301 1.9930100013801351 1.9931128811227907 1.9949029325485981
    1.9951114399275411 1.9951277355193042 1.9951475915900119 1.9952175322374615
    1.995837917324252 1.9960915565992536 1.9964300393717593 1.9965725918918054
    1.9965994470540025 1.9966431620456149 1.9967117498653195 1.9967619670981662
    1.9978448979717172 1.9978512826809691 1.9987752485249075 1.9990131610487651
    1.9995139368069204 1.9995566800306506 1.9995868459570829 1.9997243239363343
    1.9997768051287039 1.9998165755492892 1.9998724167013886 1.9998987775971955
    2.0002009842516295 2.0004523759753283 2.0004993316488253 2.0007382002204395
    2.0008584379447711 2.0015264686874161 2.0021673163141713 2.0022753535382662
    2.0023754115469501 2.0041832396956352 2.0053290989974357 2.0064480394545776
    2.0067856259624364 2.0068396386814129 2.0069789916253171 2.0070182416887974
    2.0070381988201311 2.0071615768243873 2.0073776630849807 2.007448055638406
    2.0077023690034821 2.0082924122440318 2.0083076304613314 2.0083448506134687
    2.00839519978814 2.0084214732558507 2.0085720529261266 2.0086408332210794
    2.0086751881050304 2.0087023652343987 2.0087277693729675 2.0087402003078978
    2.0088310712817474 2.0089119345670952 2.0091759430140428 2.0092965947828816
    2.0095051463382561 2.0095828060757412 2.0096754898522704 2.0097136979842389
    2.009778047433997 2.0100623239969764 2.0106886461654767 2.0108083297523081
    2.0108890501011274 2.0110203167944292 2.0119016347857723 2.0123150767756974
    2.0143494045198622 2.0155758765707787 2.0156156034230435 2.0156572509256989
    2.0157022371573134 2.0157213424563167 2.0158321650765458 2.0159783994363352
    2.0160372411625453 2.0161041484379894 2.0175105927514778 2.0176161945973945
    2.017722933865798 2.0178728141007318 2.0179453520790958 2.0180673346265317
    2.0183012579686874 2.0188694329538825 2.0189159433278596 2.0189790099484526
    2.0191082850702742 2.0191316665071781 2.0191444883571421 2.0192734079712409
    2.0195918321902204 2.0197584995281281 2.0206081628657557 2.0224792285371223
    2.0226175814899157 2.0228448105443895 2.0248328726708991 2.0249625197955652
    2.0250050335561554 2.0250788136223576 2.0251364964790071 2.0251703967318093
    2.0252840263217706 2.0254902441753679 2.0255544962516674 2.0255690067447176
    2.0257329625947023 2.0263494734299456 2.0264266777803641 2.0266138059121204
    2.0271665408536137 2.0273841318591317 2.0275090724644542 2.0286761125747339
    2.0287611982860199 2.0291951698968091 2.0309307569173143 2.0312174212795071
    2.0313985151342422 2.0336486038113435 2.0338947611172102 2.0339452991697158
    2.0339768208519331 2.0340933224506443 2.0341426055162324 2.0342077983168565
    2.0346684131077382 2.0346999085552397 2.036126777660229 2.0362865884649182
    2.0364502349375471 2.0364716317039893 2.0367634961926342 2.0372119083517646
    2.0374399006652766 2.0387036242140462 2.0389502411228477 2.038988629187088
    2.0390027770530801 2.0390609414240921 2.0401783287122726 2.0412562578567304
    2.0413562720600567 2.0414427174056491 2.0415301605813645 2.0415790510331155
    2.0415906880358818 2.0427510119058447 2.0429196073370499 2.0437751876520451
    2.0442154514724584 2.0444258108259419 2.0447974496044026 2.0449022324517614
    2.0450237791492896 2.0451180022711242 2.0452843862478289 2.0454400351446793
    2.0463898863461054 2.0468780765294241 2.0469137848655237 2.046971943564472
    2.0470511100406839 2.0471451444786908 2.0471749290145453 2.0473604809099015
    2.0473741041698759 2.0474701246293989 2.0474908609817248 2.047906517697053
    2.0482701669072108 2.0483903066994267 2.0486687937714123 2.0491544337241216
    2.0494883424889849 2.0497032322631035 2.0500113815153327 2.0501607794745951
    2.0502925153206206 2.0508938173359184 2.0510376686293816 2.0515218737091345
    2.0520170918608756 2.0528198170400933 2.0538507243000481 2.0541673343792581
    2.054898356948835 2.0551337215357535 2.0552137582237719 2.0552511900882564
    2.0552877583349982 2.0557139556199218 2.0564564613732728 2.0580384705605561
    2.0586355487669912 2.0586684626273382 2.0590392728126972 2.0590616384167029
    2.0591937426752338 2.0592893325604869 2.0602590437745789 2.0604213056057574
    2.0607274019862416 2.0621088412390236 2.0633435430040663 2.0636428545591627
    2.0638223540128422 2.0638721223106415 2.0639331014617994 2.0640685687531004
    2.064217138618119 2.0642917122047493 2.0643706303440013 2.0644580356292863
    2.0645160208491689 2.0654065138525461 2.0655173232266861 2.0656025738697585
    2.0658130997489934 2.0659636182989516 2.0661550702916429 2.0679488897355895
    2.0682543931843611 2.0691578020255861 2.0694720380056424 2.0696868588422603
    2.0697974075767434 2.070822386466034 2.0709260250782791 2.0710802991324044
    2.0720008408734429 2.0721150304941602 2.0723672689998693 2.0726465754024352
    2.0726702398910297 2.0727258459682218 2.0729355144259216 2.0731439883736584
    2.0733648104930276 2.0734111932647465 2.0735070433529472 2.0735182085197721
    2.074665307429882 2.074809580623878 2.074905780762208 2.0750439232588178
    2.0766032276824262 2.0770004860875511 2.0771545739460939 2.0772018782399755
    2.0772248107268751 2.0777628976463043 2.0777868868038545 2.0779213997757324
    2.0779616495418622 2.0783133851730327 2.078387297772565 2.0784918235265195
    2.0785646992741817 2.0788490020166535 2.0792324837738647 2.0794341078077991
    2.079945455665893 2.0801929772551375 2.0803977666159881 2.0804228949464232
    2.0805125279066488 2.0805302848807514 2.080714672003372 2.0814029192197268
    2.0815932704811835 2.0818015065924556 2.0819222675145284 2.0824393938537469
    2.0828821142981724 2.0832115702614828 2.0836854964081795 2.0837290550632588
    2.0840640962898078 2.084313709156504 2.0844520930550061 2.0844986831007963
    2.0845725648763107 2.0845826151847078 2.0846068529585864 2.0846654413098804
    2.084692569486073 2.0847345026942747 2.0847738663193454 2.0848312571183669
    2.0848743582046154 2.0849403857550897 2.0850869570049326 2.0850981490448248
    2.0855062479981825 2.0855731224228293 2.0856345620841239 2.0857517878254725
    2.085873824065402 2.0862356862760407 2.08638755900256 2.0866286430885643
    2.086866294095671 2.0868723576465222 2.0868917715818802 2.0870992438764611
    2.0873112888357355 2.087352460997522 2.0873619876549583 2.0879437284716005
    2.0879593897448387 2.0882338274450376 2.0883721692877466 2.08842620443041
    2.0884945544933089 2.0890836998194118 2.0901493411294609 2.0905765097677431
    2.0908694946682167 2.091016077099539 2.0910480040620314 2.091247908657806
    2.0913711195416909 2.0919207863765528 2.0919594704834403 2.0922200808608977
    2.0922407146676392 2.0925902645885039 2.0928714371223123 2.0929519872051969
    2.0934089854684621 2.0943880514430475 2.0945432771579817 2.09549627557548
    2.0956343258558263 2.0957264884941273 2.0958038006735173 2.0958619700213603
    2.0959282498994676 2.0959992264615721 2.0960491832656771 2.0962194920736388
    2.0963148290002209 2.0989976696141071 2.0998344574552448 2.0998819224047338
    2.0999989871079379 2.1000745046062548 2.1001634646161165 2.1004353639264082
    2.1005909472214626 2.1007581404983284 2.1008303873027216 2.1011042737618482
    2.1017359799387805 2.101796442911791 2.1018461592943822 2.1018787390838725
    2.1022844477455465 2.1023571547370921 2.1023809883264448 2.1024307754618121
    2.1024469419278753 2.1025024504086787 2.1026605424742306 2.1027690699084665
    2.1030711462740328 2.1031536667684727 2.1032518830256777 2.1039611897995201
    2.1040483310234777 2.1053800075828804 2.1054086287466212 2.1054626881851277
    2.1055924267307091 2.1057572661757149 2.1058832229750806 2.1061559727572785
    2.1064353158390077 2.1070454488158248 2.1071974512042289 2.1073269300159154
    2.107485739506501 2.1075191274583176 2.1082908961506441 2.1091044551199047
    2.1094545674304754 2.1100650582789058 2.1106476602174857 2.1111043660897244
    2.1112619053294566 2.1119579769936081 2.1120988899392614 2.1122353871922619
    2.1126225047507887 2.112757066907534 2.1127876393513816 2.1128684896166305
    2.113079588576003 2.1132358194090557 2.1135212210149348 2.1143743825544639
    2.1144531569038918 2.1145558753569276 2.1146821313624664 2.1148128618895043
    2.1155226229573145 2.1157272669518079 2.1158512379412664 2.1159420099331605
    2.1166198272180736 2.1168117873903611 2.1168267560736922 2.1168721280004092
    2.1170061569738436 2.1172370804981711 2.1174782114375201 2.1175602153808537
    2.1176289533872357 2.1184530062871545 2.1185420762249692 2.118608864496025
    2.1190576395457206 2.1195195412560679 2.1201192715466277 2.1210405443307536
    2.1211289673601641 2.1228030189063247 2.1244352107105442 2.125304395011085
    2.1254743340160758 2.1261344963999136 2.1261698150465236 2.1262219407722114
    2.1263311977572812 2.1265551052422893 2.1267686350487338 2.1269285653812631
    2.1270464440648311 2.127085858390501 2.1272064685135774 2.1275396633406367
    2.1288451269612474 2.1297514402331217 2.1298513123983867 2.1299013568129035
    2.129949073248099 2.1299604272705133 2.1299743305278298 2.1300222448355726
    2.1306729340176389 2.1309348726419253 2.1312263532872748 2.1313187042508162
    2.1314117295486881 2.1315797846796158 2.1317499352197729 2.1319068473085281
    2.1321401177551706 2.1322147944615608 2.13259854542639 2.1326369614635041
    2.1326676224316543 2.1327726527538289 2.1328098513258738 2.1328737875102584
    2.1330281785794796 2.1330662325690355 2.1343554515337928 2.1345258458381977
    2.1345619142189207 2.134792343445497 2.1355777627963874 2.1356223638004863
    2.1358361262441861 2.1361650998085224 2.1373599261790637 2.1374947276844978
    2.138356724895857 2.1385301604921096 2.1386573737981962 2.1389853842706543
    2.1390706808577611 2.1391204956432071 2.1392057756514382 2.1393151388207721
    2.1405229009166455 2.1408393304225228 2.1409016914421954 2.1410331717693225
    2.141095571177015 2.1412091823716159 2.1412559983785591 2.1413194725112894
    2.1413746987625761 2.1413843152517984 2.1413934539560069 2.1415396295553819
    2.1423597538227264 2.142519220161148 2.1426753639664184 2.1435770821562983
    2.1446379733677077 2.1447858447652379 2.144946509810552 2.1450721845121734
    2.1453018426206349 2.1453471020367942 2.1454119388881736 2.1454401099490497
    2.1454753439646765 2.1455959686187875 2.145615569633037 2.1458025032418391
    2.1464371430402025 2.1477619311144736 2.147876081987647 2.1480575184530153
    2.1489995920287583 2.1497206825364779 2.1500255391777805 2.1500872213039961
    2.150338133602645 2.1505320491326074 2.1506043817250124 2.1506715055299233
    2.1507044616275075 2.1507526378245529 2.150793184060376 2.1508646657507597
    2.1509149898507758 2.1511776028886138 2.1520573497224973 2.1527653163439027
    2.1529094552054744 2.1538482997727137 2.1541157318968089 2.1553892433256201
    2.1554717054186767 2.1556603270184951 2.1557391890316921 2.1558899423412186
    2.155956642830688 2.1563561095284363 2.1574781051876926 2.1576289249066272
    2.1582117167845354 2.1588038734216752 2.1589700994474392 2.1599028389164232
    2.1612543001473341 2.1613226540670212 2.161453794336694 2.1614969714040626
    2.1615174432185236 2.1615566720574861 2.1615945793481237 2.1618504852999649
    2.1623209303029398 2.1623560630451379 2.1630308954931934 2.163139164090353
    2.1632020849719993 2.1632568022000669 2.1632801909906902 2.1635106781738309
    2.1643111416999545 2.1647080789684878 2.1665262763077635 2.1669832527419715
    2.1670616107567753 2.167116463380836 2.1671907910875539 2.1672624403740883
    2.1675141921043632 2.1677217977342784 2.167725837861326 2.1677342984509473
    2.1677663646075871 2.1678318966958159 2.1678610461792687 2.1679069313968284
    2.1680357149342484 2.168092130254081 2.1681618022624511 2.1682158442554282
    2.1682809597662831 2.1687408955044702 2.168843872303114 2.1689329934586112
    2.1690116171939735 2.1691149754604644 2.1691503714355349 2.1693222140723569
    2.169727105912898 2.1710239087990431 2.1718869065671242 2.1719246665095397
    2.1719659173284072 2.1720904751393846 2.1727643874903606 2.1727787884132113
    2.1728150101597521 2.1729180109999788 2.1729596289520714 2.1730889573228751
    2.1732815107011447 2.1732839805781623 2.1735068627831424 2.1739041920788318
    2.1741881029400929 2.1743442125919046 2.1745916534198955 2.1749753108579171
    2.1759119042137627 2.1760791936907538 2.1768573067914758 2.1769302738850911
    2.1776115395550733 2.1776251401817603 2.1777344268093657 2.1778147265925631
    2.1780347019703186 2.1783232390656053 2.1783716892878147 2.1784808052536846
    2.1786052232143902 2.1787201891197583 2.1791086186664566 2.1796189748997676
    2.1797678855737104 2.1798363589864493 2.1800771899968368 2.1802790506562815
    2.1803582884600323 2.180474993348374 2.1805788231883221 2.1809788499043634
    2.1811138822197336 2.181171181973923 2.181219771267024 2.1813941442624127
    2.1818044171934616 2.1832374887062542 2.1837611302344158 2.1838050115969168
    2.1838083716187384 2.1838448832141921 2.1838651247562666 2.1839579058996605
    2.1840093849352797 2.1841739022190723 2.1842898984665453 2.184505811823783
    2.1846872475300643 2.1848867374642396 2.1853285380090406 2.1854462305577727
    2.1855644192099439 2.1862153274173579 2.1865347399775601 2.1866009695718653
    2.1866465555690411 2.1866709623445026 2.1866910504397006 2.1867365759937911
    2.1867699023873683 2.1868573435372127 2.1869942849625659 2.1871811807738291
    2.1872070123348144 2.1874079611955799 2.1882236508681672 2.1882319383089452
    2.1882518628106027 2.1882868442434642 2.1883152723842159 2.1886597739963918
    2.1889904862616731 2.1893123004788322 2.1893983372353887 2.1894563399989693
    2.1894744345784147 2.1897119461619923 2.189908275154238 2.1899872473461812
    2.1900439303174437 2.1901425977816587 2.1901994752365113 2.1903491800628103
    2.19061847461046 2.1906742299792086 2.190768703069125 2.1908178901539941
    2.1909188148872545 2.1910252192099051 2.1911037907438526 2.1912106874630504
    2.1912530316274115 2.1913389580267335 2.1928716236321861 2.1931285224881094
    2.1932733517023735 2.1934010269537794 2.1936776023024627 2.1944369553123884
    2.1949711491066637 2.1952117734117564 2.1956603496475395 2.1959025331517807
    2.1959888269915666 2.1961095559023818 2.1961484654848391 2.1962461637557453
    2.1965522742569497 2.1979524031664823 2.1983097320646721 2.1984720554050909
    2.1986161837446616 2.1987150343104531 2.1990532938825709 2.1991902311409226
    2.1993509856811215 2.1994037020549513 2.1994092138638734 2.1994897921316201
    2.1995169159199577 2.1997191690205113 2.1998808343038263 2.1999660021727627
    2.2003407531619814 2.2005394994612288 2.2006288873812991 2.2007821869007103
    2.2012619797494608 2.2012968167437066 2.2013235102696171 2.20180119793622
    2.2021803887525948 2.2024444639146168 2.2025178153151046 2.20261897274789
    2.2028284607449677 2.2031294311009333 2.2037262993142122 2.2042648386404835
    2.2043384136384248 2.2044084930847325 2.2044395647914521 2.204495861983863
    2.2045306282948331 2.2053556566709176 2.2054533230569859 2.2062018258319163
    2.2064532841438904 2.2064699872139122 2.2066312591837232 2.206664822155934
    2.2067722003124572 2.206959949752445 2.2071751917337679 2.2074401024416752
    2.2075082994762547 2.2076162020610659 2.2079573592181418 2.2083184094778971
    2.2083743198766399 2.2085201854367824 2.208571870755577 2.209366095111136
    2.2093988580267023 2.210267686191969 2.2104695048519716 2.210554589031176
    2.2105908074098579 2.2115574496897352 2.2120762204517632 2.212374102874719
    2.2123998276570092 2.2124998677243184 2.2126507314110313 2.2127804467845635
    2.2130451603998154 2.2132680375608893 2.2144738844343692 2.2154383195011178
    2.2163677228462575 2.2165231110120089 2.2166072821441958 2.2176329593926312
    2.217695835648859 2.2178946417488987 2.2179862184774115 2.2188172173034673
    2.2188999933410969 2.2190327739473332 2.2190726149705142 2.2190931977803388
    2.2191825553334943 2.2192063797187984 2.2193089230639202 2.2194160992523089
    2.2194958408645107 2.2195120373496877 2.2195524466473557 2.219585471307056
    2.2197040765853067 2.2199502044010537 2.2207196746345517 2.2210700670566439
    2.2220390405038493 2.2221352865581139 2.2231227521282335 2.2234690357445288
    2.2235340027863231 2.2236370780215111 2.2236957042510994 2.2242145279118026
    2.2244860549867553 2.2247271519754577 2.2257101026307282 2.2261099717671868
    2.2273371729368137 2.2276749218324312 2.2278231217824214 2.2278990665380434
    2.2284823268233112 2.2286498692721324 2.2287222682579824 2.2291374077106716
    2.2319264143820874 2.2321086700959918 2.2322320675326637 2.2322801325158252
    2.2323414467871316 2.2324222413744792 2.2326485030890431 2.2328553551201367
    2.2330153062515214 2.2341253595204762 2.2349574256459164 2.2354177856364004
    2.2354355108344635 2.2354545204966976 2.2355007983907931 2.2355311100907707
    2.2355889618329456 2.2364099591945887 2.2364540830049009 2.2364710843428384
    2.23659804756835 2.2367317626753902 2.237023233980608 2.2378625793594438
    2.2378880761348228 2.2395348173097318 2.2396372984958361 2.2399427828020939
    2.2399692640658486 2.2407503847357191 2.2408284509538041 2.2409124056412111
    2.242058089583812 2.2425187749020097 2.2428861858459754 2.2436522545435764
    2.2445742673835412 2.2447415949975493 2.2456815411877264 2.2469682306830236
    2.2474557976097458 2.2479270297571929 2.2484825396250017 2.2486593656090008
    2.2486960913311123 2.2488158962373745 2.2489030443366573 2.249400292358132
    2.2498663718615717 2.2499408264981562 2.250081317836873 2.2502686364187525
    2.2503246536898587 2.2503524501499896 2.250482545031673 2.2505693404534668
    2.2506423798429296 2.2512200818896417 2.2513275133724164 2.2514056149781254
    2.2528996888490838 2.2540902625441959 2.2542371031859147 2.2550250167296326
    2.255118585891978 2.2551887553413508 2.2552354401022967 2.2552622537436946
    2.255328155015377 2.2554285150639166 2.2554828559735447 2.255595230262164
    2.2565923291075101 2.2567918415994939 2.2570193068253275 2.2570997902341787
    2.2571489445469979 2.2572386962581277 2.2572833310955502 2.2579342037904553
    2.2582237025642358 2.2589346701197428 2.2593095158633028 2.2593985549553204
    2.2595746379586976 2.2596132603208994 2.2598377367863427 2.2600349394124351
    2.2601252253193707 2.2601936666680253 2.260392780123766 2.26046747184796
    2.2606045646987241 2.2614896586329678 2.2615250499137574 2.261620965114389
    2.2616422636534708 2.2620416672422152 2.2622586037866768 2.2622698067377769
    2.2628020516385732 2.2642321148161955 2.2643656667983123 2.2659139377424253
    2.2660522812652744 2.2666715425739312 2.2667620701452811 2.2668832799144334
    2.2670884239751863 2.2672988250392336 2.2675507701551396 2.26785194972922
    2.2682461772061893 2.2682980967589779 2.2685329527542613 2.2687864517903713
    2.2688860097058146 2.2691046043854235 2.2691732434797509 2.2694149675326116
    2.2696093454910624 2.2696929893973561 2.2699793660490286 2.2703730681350862
    2.2710406255259841 2.2712720244639968 2.2713097254807053 2.2714276305350722
    2.271499497408513 2.2715562570747352 2.271580141184586 2.2716036763104057
    2.2717016006859012 2.2717538208482893 2.2718167922052999 2.2730298751005193
    2.2739313711310842 2.2743799597151337 2.2745813979438481 2.2745945601877793
    2.2748045645812454 2.2750044723304654 2.2756683766517654 2.2756742143919837
    2.2757070674979332 2.275823675590118 2.2760570719595612 2.2761813886661457
    2.2762252240788712 2.2763031175002197 2.2770474177891629 2.2773451622111907
    2.2773721980681785 2.2774265661590221 2.2774991965256959 2.2777683614651778
    2.2784457926582036 2.2786683451992453 2.2793813122334541 2.2797564696296604
    2.2800532385729184 2.2803988252225054 2.2806089919101473 2.2807187912480913
    2.2808282030040345 2.280895421075646 2.2815365208887215 2.2818691569282521
    2.2822472472298614 2.283317162937692 2.2834657186710956 2.283626654641921
    2.2852122929893235 2.2856129872758024 2.2859334159352329 2.2868053005725719
    2.2869853128989539 2.2881253921843836 2.2881610868265625 2.2882040162827479
    2.2882185930936885 2.2882829119837425 2.2883059604441769 2.2886468718506876
    2.2896447696131568 2.2901704218905556 2.2905586252178787 2.2911142090876333
    2.2912342467340445 2.2914311986843736 2.2915596668046874 2.2937784083974293
    2.2947927222289763 2.2948278561802908 2.2949478240147982 2.2949801718718845
    2.2950865115712986 2.2951751488490117 2.2957015111237524 2.2957879760996698
    2.2958350523158515 2.2959309291818499 2.2959855592134772 2.296006415760985
    2.2960362407009143 2.2960687689067072 2.2961417085841731 2.2962784820194884
    2.2973876226576522 2.2977774767192991 2.2978717248949274 2.2979556748858463
    2.2983940586786957 2.2984703823494783 2.2989540528988073 2.3011331502694929
    2.3018876733946172 2.3020341278881538 2.3020724536044477 2.3021407536317233
    2.302208915925803 2.3022854360327378 2.3036920379981893 2.304664870031047
    2.3051745462053077 2.30532247177401 2.3053740929868809 2.3053840832698143
    2.3062889696010038 2.3068453843845873 2.3082980946173848 2.3089224790204148
    2.3092955731785878 2.3094448151859979 2.309547771110374 2.3096243186187166
    2.309640505592597 2.3097665447562576 2.3102077357439157 2.3102440690019534
    2.3104516810673204 2.3106329679094415 2.3107274719115289 2.3108709239866889
    2.311018855114829 2.3112515554839774 2.3117362295679413 2.3122331284009001
    2.3123070929091227 2.3123693975126116 2.3127786670132764 2.3128386764474271
    2.3130227288161223 2.3130602323202538 2.3131660713229394 2.3132589895130877
    2.31548950090261 2.3156088420694991 2.3156582833601838 2.3157155594230971
    2.315819852038961 2.3158668584319457 2.3160970108465335 2.3163320074888816
    2.3164874039065353 2.3167062588456702 2.3170155163139725 2.317409037096771
    2.3180918763466707 2.3184040030052984 2.3185722407876406 2.3187882163190401
    2.3189619581559007 2.3202962436204566 2.3208326110898838 2.3210775583319787
    2.3211293259117647 2.3223550100248453 2.322438603541741 2.3225299739074217
    2.3229376959766341 2.3230968501172051 2.3234193245446022 2.323698105692074
    2.324051043539157 2.324871450144542 2.3251420818351107 2.3254711212383654
    2.3255901659928213 2.3257483453132863 2.3271624008448271 2.327216658011821
    2.327283172078296 2.327328739086473 2.3273494251648117 2.3273779324857364
    2.3274069307444734 2.3274482818390729 2.3275820400965586 2.3276202792693539
    2.3281751720996908 2.3282096504381116 2.3284997287581368 2.3285537349235406
    2.3286575188976713 2.3286853373512408 2.3287672673238831 2.3287789467851781
    2.3290875200464711 2.3304507695407892 2.330538048595713 2.3310941189429286
    2.3324873590977404 2.3340521348210737 2.3341202186898045 2.3344151454765174
    2.33468063576341 2.3348085843522313 2.3352099719677426 2.3352348448050484
    2.3352825566695778 2.3354410735364581 2.3357892928570436 2.335808114242051
    2.3358359789223186 2.3358598314190906 2.3361365977085597 2.3380529542246222
    2.3388551006460148 2.3390900276109505 2.339219407051587 2.3392945001195358
    2.339563210335958 2.3396703703013677 2.3399563420689447 2.3407100097576858
    2.3408534791381044 2.3409956183463692 2.3425531965338755 2.3427740510102617
    2.3427879008236423 2.3428039247518959 2.3428185509340929 2.3428681051459157
    2.3430967136423533 2.3434591970640972 2.3435897062360787 2.3438141443074301
    2.3451366227938024 2.3452689532521731 2.3453139196920652 2.3454794506742473
    2.3457294418712991 2.3457817112471275 2.3461142797118555 2.3461499915815693
    2.3464762274302302 2.3469716928179878 2.3470797892546642 2.3473599573526371
    2.3474594433032507 2.3475543642986736 2.3478160653849045 2.3479066733661966
    2.349357138478922 2.3494883270181313 2.3498583329848088 2.3510331287521211
    2.3513740022287948 2.351427539285055 2.3514712796197728 2.3515283004808225
    2.3515487668437345 2.3518520696134146 2.3531989432559044 2.3534027857076012
    2.3539205220586155 2.3542559752095258 2.3549933604530602 2.3565033685378629
    2.356754646854796 2.356947104741721 2.3573450575369939 2.3583471048027604
    2.3585046158310661 2.3593808770134879 2.3601285568167896 2.3609832733676512
    2.3611836209884132 2.3612847445853427 2.3624745189772511 2.3632396258594781
    2.3632956450128404 2.3633217827682529 2.3635765366884698 2.3639500192369951
    2.3640068344061547 2.3640097947081813 2.3640509653752133 2.3642001664343297
    2.3646003806811677 2.3651466078244994 2.3653777370636817 2.3653890271959122
    2.3655642045857044 2.3656750968636211 2.366698016455492 2.3668487332912869
    2.3669576026261816 2.3671057209125288 2.3690248165380581 2.3691088588503439
    2.3700858945400491 2.3709458292745089 2.3712808205512679 2.3717735635347026
    2.3719357738756344 2.3728521952714345 2.3728669676155505 2.3730345862650211
    2.3731050352678267 2.3733088533920181 2.3741253516298855 2.3741483029643859
    2.3742982305836335 2.374326746865421 2.3743443007363871 2.3745367483263635
    2.3757963007660692 2.3760802950066591 2.37636611643984 2.3773476197958794
    2.3775930340055615 2.3776568406170022 2.3793074569234705 2.3795252385471031
    2.3804445413380413 2.3808039219164434 2.3814356375705223 2.3835901934939252
    2.3837064930682268 2.3837190919418845 2.3837351928571784 2.3837607098493359
    2.3839676254738911 2.3845629098500467 2.3851786689808705 2.3856014872515061
    2.3860838160744606 2.3862480303755547 2.3864635719846774 2.3865479993917234
    2.3868273832889222 2.3868760437544552 2.3869622413000493 2.3871292120784346
    2.3871908249104763 2.3876466491919928 2.3878610041504089 2.3880328486691269
    2.3898909477557027 2.3900908586375258 2.3903132410234775 2.3903542935572659
    2.3903667332310761 2.3904053198268684 2.3905392141869015 2.3915651224236476
    2.3917647157971564 2.3921535880126612 2.3921936315449179 2.3922916373245848
    2.3924979635277546 2.3928842820223508 2.3929595097621736 2.3930652393911864
    2.3931581572205687 2.3932374385525086 2.3933148259330514 2.3933959154201907
    2.3941983473229507 2.3944140503181188 2.3945712966791084 2.3947401973767533
    2.3969934249812468 2.3971034029691509 2.3973376154358448 2.398495448918311
    2.3986448044196322 2.3987085427873183 2.3987813367902788 2.3988176288640943
    2.3988474129713211 2.3991505408175726 2.3995661827942363 2.399768646080247
    2.3998420643405325 2.3999132994937704 2.4000372493446775 2.4003392579279534
    2.4005921904131355 2.4006747974012796 2.4009126863456913 2.4013240744880022
    2.4019314825077345 2.4020268301756005 2.4038496376197145 2.4045391441854918
    2.4050462463516737 2.4051310650896767 2.405225458908717 2.4068042012841033
    2.4090245926608986 2.4101084589877551 2.410975309121568 2.4125545836049653
    2.4126653292107818 2.4127157900650076 2.4127548778395749 2.4128013066337388
    2.4128233681662437 2.4128530656322482 2.4128916005082885 2.4129200681851444
    2.4129692050973972 2.4130491612897913 2.4134862277865445 2.4146466421498189
    2.4160612878915799 2.417555214326967 2.4183448288067666 2.4184149832669277
    2.4184935574400583 2.4185106369487053 2.4185179815100639 2.4186435951776843
    2.4186769825873853 2.4187462188152438 2.4195578676694822 2.4196782453204833
    2.420186113391992 2.4203672605322026 2.4205418670474046 2.4207575374130101
    2.42214252464737 2.4221913567469073 2.4222454155815285 2.4227772568651744
    2.4228437306474007 2.42297810333298 2.4231017992947272 2.4234465784531949
    2.4242091535682753 2.4264226506375053 2.4266297963940815 2.427129427547603
    2.4272390579482326 2.427462000667068 2.4286380892247621 2.4314879746672582
    2.4315922184731185 2.4316751166364461 2.4321206978311238 2.4337443817985331
    2.435326287432872 2.4355260101119711 2.4360018110555757 2.4363038828487333
    2.4366994430681643 2.4367891834616935 2.4368604850785687 2.4377528554259698
    2.4398783163358075 2.4405327697589505 2.4409837511011574 2.4421226395647864
    2.4421359605980797 2.4422629698310629 2.442591863323893 2.4435214358170469
    2.4437173857579637 2.4453086431012707 2.4470578455153977 2.447199001944758
    2.4472722471931547 2.4475212795423431 2.4480714893030986 2.4482445837438718
    2.4483482675926402 2.4483543509286392 2.448408948260294 2.4484332278437555
    2.4556528095808972 2.4557251887497387 2.4557793477606538 2.4558142581220181
    2.4559336000772873 2.456003621158743 2.456253774020297 2.4581860587891242
    2.4588225499746841 2.460002513407062 2.4601915167731931 2.4602385120329018
    2.4602499789441481 2.460305732762663 2.4610282604649001 2.4611318415707046
    2.4612411220703052 2.4614606154439116 2.4615063633948466 2.4615791256067041
    2.4616025711943621 2.4616251525032262 2.461643165201167 2.4617199900462765
    2.4617426058997958 2.4617538107961536 2.4617870582533214 2.461806616705644
    2.4620494784594484 2.4620745558726562 2.462195278665225 2.4622857617271543
    2.4632588325891143 2.4633908912082916 2.4635986806909691 2.4643474318647804
    2.4646946004819861 2.4647492488552416 2.4649131179877863 2.4649811199077099
    2.4651715661188973 2.4652000238009464 2.4674434007392847 2.467660079586949
    2.4677946406636693 2.4684386993924363 2.4688856868060989 2.468961311658139
    2.4690414304965316 2.469163580258396 2.4718621857768994 2.4722483746722901
    2.4732241778093189 2.4738057529608191 2.4739720612142264 2.4740084571502243
    2.4742519015624871 2.475033325907134 2.4751218918818267 2.4751386545266314
    2.4753129960604383 2.4754141918735968 2.4759456023911639 2.4760613302433776
    2.476110236311039 2.4762364003808366 2.4762751595988561 2.4765595075180045
    2.480047098837872 2.4802286816130845 2.4803476929935186 2.4804801331099497
    2.4815051051978116 2.4817962187130433 2.4822337099303127 2.4824765457730487
    2.4825927610980045 2.4826904870057356 2.4830013614109703 2.483548926307094
    2.4852053767692723 2.486477733352634 2.4866417407680879 2.4867422597966802
    2.4883666630607117 2.4884035236196951 2.4884306571276888 2.4888381104354571
    2.4906725342398204 2.4910552410383389 2.4922665181019283 2.4951741001699097
    2.4961533393952777 2.496247204492041 2.4975100850402328 2.4992711612634744
    2.4994075532725524 2.5011044942677927 2.5020151640334611 2.5023033710194795
    2.502318845023789 2.5025485119986115 2.5037206628713875 2.5048325060207333
    2.505342252198119 2.5055466955791488 2.5066782707193247 2.5074923178399331
    2.5084517472278094 2.5086152005533222 2.5087436040594184 2.5089591543433016
    2.5093370639583554 2.5103114419141548 2.5104263316414972 2.5115657997916969
    2.511953573080973 2.5121512192197315 2.5125530131626874 2.5132002127538726
    2.5134649130368416 2.5135793782549931 2.5136732671847617 2.5152338191085923
    2.5153505247605303 2.5155852137653105 2.5159773585819494 2.5163818981491204
    2.5166885084227033 2.5177997375489078 2.5186714828782897 2.5197275872627265
    2.5203177587844343 2.5206060943830075 2.5209709448748376 2.5211417253619097
    2.5212530842985266 2.5213895620646931 2.5216760046234108 2.5230442162433064
    2.5241906106464285 2.5244781909727863 2.5246797219272139 2.5250260141374383
    2.525048906159109 2.5251704694326045 2.5252299092039912 2.5269428792480539
    2.5270391069610318 2.5271425377404739 2.5271599688940114 2.5271994904669555
    2.5273589830117089 2.5274405658396972 2.5275590899818781 2.527592928247941
    2.5280489751471578 2.5283017404504449 2.5284088797207764 2.529346258603804
    2.5295608825804266 2.5298120118005349 2.5299672240525979 2.5311215143810841
    2.5315985748793537 2.5316450440780804 2.5317089561176545 2.5317436591420424
    2.5319040554578578 2.5320693804712846 2.5341236692913753 2.5342178358694127
    2.5351121377093477 2.5363584472379443 2.5373284701945522 2.537454729145793
    2.5396109935982167 2.5397359516355209 2.5399564789298288 2.5401766226265559
    2.5406940794625066 2.5407764590781881 2.5410071399046501 2.5431630277529016
    2.5432548236649382 2.5434377715761607 2.5448334629161309 2.5478043983888106
    2.5484266230840831 2.5485449668286719 2.5487077352624965 2.5487916696828847
    2.5489551587002097 2.5490549202700095 2.5492686458483718 2.5494781691631374
    2.5494977575746702 2.5496515706310561 2.5497141831975418 2.5498748083140867
    2.5499014285752915 2.550015493049917 2.5500753633527893 2.5501297448465152
    2.5502597044423396 2.5522934998659061 2.552368563268677 2.5524779352793607
    2.5525270014274306 2.5525850802791865 2.5528342130790711 2.5530864025367919
    2.5538958435411891 2.5544637275690243 2.5545986364730502 2.5550647744355786
    2.5551669257940191 2.5553546199832149 2.5555529195934241 2.5581445000807435
    2.5586399636131318 2.5593612003233375 2.5605118133844371 2.5623684987021988
    2.5632885681038715 2.5639313222104647 2.564010108574621 2.5641441071827558
    2.5644136880800943 2.5648189347894004 2.5655240162447321 2.5657033137789163
    2.5665048167741134 2.5667090097363903 2.5677549393858499 2.570430794387903
    2.5707613701385221 2.570935021179745 2.5711104091900174 2.5711481430489584
    2.5721262356901207 2.5723476991582479 2.5726736778654717 2.5732490644819941
    2.5733309650349838 2.573381082170878 2.5739866936031226 2.5742023285646005
    2.5742613309680564 2.575524624091031 2.5769526299797385 2.5773518992500613
    2.5774491348975062 2.5774928242641786 2.5775527699339968 2.5776726658887128
    2.5780354119036324 2.5782041185193521 2.5784072376773111 2.5789722879312649
    2.5826173442345257 2.5826609628754036 2.5830210057009331 2.5835126340137626
    2.5836070549491219 2.5840076626093378 2.5845350534131057 2.5853303595564889
    2.5877318380786769 2.5878036369507149 2.5889531216177297 2.5891758899909596
    2.59020358895854 2.5902692925761621 2.5908376920078808 2.5941732928392107
    2.5951742675570131 2.5955684858631685 2.595776030021625 2.596433788862214
    2.5973835997422916 2.5977730838327866 2.5980256011835081 2.5981355495256744
    2.5984961463576517 2.5992352942666912 2.5994310450037119 2.5995302158435152
    2.5997548107936836 2.6002021789752234 2.6022685759563728 2.6047552605068063
    2.6049433336918213 2.605283594600337 2.6054293416041219 2.6056658509687622
    2.6060173523874255 2.6061508442860153 2.6063274133154359 2.6065286751912331
    2.6066550632558574 2.6068447697579131 2.6084039369400975 2.609038516901895
    2.6090511409373298 2.6091411328446461 2.6096053564253148 2.6099306880481286
    2.6100389115082785 2.6104839431580635 2.6105692803998863 2.6107921604825606
    2.6108864903389986 2.6109539873295944 2.6110062738612214 2.6117608244306516
    2.6131690846429287 2.6137196013276025 2.6138294654953902 2.6139615117351318
    2.6167367052673094 2.6167435075324952 2.6180186841065733 2.6187765066360953
    2.6225371042231322 2.6226157447644027 2.6227704620459917 2.6228189331235399
    2.6228436876450965 2.6229102672389977 2.6229849831694687 2.6234390361996702
    2.6264984415167114 2.6266688770130409 2.6267027427987464 2.6267481029479618
    2.6268044864112503 2.6268922133951946 2.6277902292711133 2.627960657542038
    2.6290055254276012 2.6291509572341361 2.629624099973777 2.6297820553651641
    2.6301577815462451 2.6318527177778983 2.6327922913965267 2.6345254176819517
    2.6345461115949242 2.6345986065938214 2.6346410938124998 2.6346851988627122
    2.6360893530006706 2.636475296584043 2.6366380544758763 2.6375993084029687
    2.6382972008350407 2.6384174981429473 2.6386264629332459 2.6387307214922657
    2.6392036221186572 2.6395267736347705 2.6396761887308458 2.6405110862688161
    2.6405434940988926 2.6408746223860362 2.6410092200794679 2.6414206687892752
    2.6437746107928128 2.6440501665974807 2.6445139009481409 2.6453236453137379
    2.6495501850279197 2.6503056128767639 2.6504684446002407 2.653154956066222
    2.6537241022629132 2.6544343373895267 2.6545218941910207 2.6551084911170619
    2.6553675421992011 2.6554730581019612 2.6575060169541209 2.6601645640048446
    2.6602310999630085 2.6604203255519678 2.660544448569226 2.6606863001827605
    2.6608321332078049 2.6611017354343858 2.6612082315555199 2.6612787951694372
    2.6618932803326061 2.6636484538825775 2.6637022604115068 2.6638274207714026
    2.6653332223334778 2.6660508442964783 2.666100069653718 2.6661421480782033
    2.6661773454655608 2.6662447860332272 2.6663710061238817 2.6666551054156571
    2.6675637270598145 2.6697054269579894 2.6700686595995649 2.6706434568918667
    2.6711417447290842 2.6741494138132111 2.6750113975185741 2.6755990983499487
    2.6762098870520581 2.6762757746538832 2.6763780807718831 2.6764155624291561
    2.6764276850244642 2.6765506682721329 2.6771294373008154 2.6776604538475417
    2.6776898742339199 2.6777806413823932 2.6778260002399747 2.6780050711217882
    2.6782840152804965 2.6783184353413767 2.6783607008572594 2.6783754838494738
    2.6784140758092385 2.6786187256545113 2.6790426879251754 2.6791832507948734
    2.6792271208244833 2.6794465796335012 2.6798742931421202 2.6803801306700734
    2.6806559252272564 2.6808719512705466 2.6809165967116919 2.681033625443888
    2.6811320597654835 2.6816323866632956 2.6817585055969175 2.6819633140154715
    2.6821572738557129 2.6822194020057091 2.6822469949643164 2.6832838891250503
    2.6834409802493915 2.6834563535103371 2.6839027215432907 2.6844669020859633
    2.6853590620600301 2.6873414735849415 2.6874283707713573 2.6875045529034955
    2.6875960236031062 2.6876789234709975 2.6877003908942547 2.6877893367245065
    2.6879124373281229 2.6879285489818963 2.6883480061142109 2.6906011850862037
    2.6907302189653515 2.6909759715869463 2.6919486226828062 2.6921968322221042
    2.6922122850769483 2.6922542157763019 2.6922702701957255 2.6925312482035224
    2.692890872747796 2.6940333349612047 2.6944293654514695 2.6949554406983225
    2.6951197461882352 2.6960496467127086 2.6961395823424632 2.6961745969665571
    2.6980130274785856 2.6989068063533068 2.7011946992567268 2.7033059471544525
    2.7034485014974052 2.7035581919059646 2.7047021833252529 2.7048425960667259
    2.7052233064246138 2.7071145209501992 2.7074456307909713 2.7078286442933859
    2.7080612884865332 2.7080771222957387 2.7081376302223816 2.7085688127144749
    2.708892350793576 2.7114955673519034 2.7116046058496672 2.7116640802010656
    2.7117389125781606 2.7117907731644664 2.7118346382385425 2.712077626856626
    2.7131551379070515 2.7152182817681023 2.7156956275997195 2.7182069291202424
    2.7192006165319071 2.7221597579374852 2.7221927183063599 2.722206842095602
    2.7223880574097166 2.7226109161902059 2.7242946644216013 2.726362619588599
    2.7265114176114671 2.7266381911417739 2.7267090092591388 2.7268461578933056
    2.7273833920876314 2.728390103087198 2.7286820487191412 2.7291676147776038
    2.7298142702469099 2.7300606106370346 2.7306099533097949 2.730651549439699
    2.7307840660503948 2.7308649650242196 2.7310836486481094 2.7316517228678094
    2.7318604530100856 2.7324040811536179 2.7326342799819372 2.7328023125701293
    2.7329722942913577 2.7339481963947492 2.7357537211451017 2.7359393822869151
    2.7360462361648388 2.7360693623926031 2.7361080618105311 2.7362541222923937
    2.7370649186999194 2.7375980714174752 2.7378059764053737 2.7380256344646718
    2.7406328530719293 2.7418356027897062 2.741942587182848 2.7424073879099069
    2.7449602093265639 2.7453354912898553 2.7455601842993929 2.7460091415896386
    2.746212903299238 2.7462375545419491 2.7463191382266814 2.7464421452286842
    2.7465749355305888 2.7466719432795799 2.7467266923626994 2.7469101228501436
    2.7469150995205687 2.746979520357248 2.7470293618825963 2.7470444842883808
    2.7471070169148866 2.7471406977698885 2.7472616720096994 2.7473281529437372
    2.7473397481771826 2.7473809822228454 2.7484114250121365 2.7485621890878065
    2.7501638182848183 2.7510513147399251 2.7511406370160025 2.7513172305393709
    2.7515158414976213 2.7515570467452335 2.7516747675017541 2.7516999349680495
    2.7517605225892416 2.7519303781891722 2.7525407365921333 2.7526345474864988
    2.7528497376088126 2.7541766539686705 2.7542157721693883 2.7543264557556597
    2.7544286769280006 2.7544887867343277 2.7545785712070483 2.7559492558093552
    2.7565158905410194 2.7565856886079323 2.7567749650829683 2.756917093245344
    2.7570732825561208 2.7575751222169629 2.7576208803138798 2.7578090690373074
    2.7578556671127217 2.7580131968550177 2.7582164296859446 2.7594752185480806
    2.76109342950978 2.7614056714381454 2.7615372268681617 2.7627022390036777
    2.7636596025804465 2.7640294905110445 2.7645109553147904 2.7651538506822058
    2.7653373258453939 2.7659144507388191 2.7661131698960162 2.7665355555573115
    2.7677003822000188 2.7681317856636269 2.770293300883774 2.7711432804521792
    2.7713044874293096 2.7713620533421213 2.7713879073253338 2.7714578173032955
    2.7734599330059004 2.77490803441151 2.7775407384360733 2.7779549264423622
    2.7781090404832867 2.7783152074219593 2.7783463951332124 2.778525677583275
    2.7786130697098392 2.7793503357027518 2.7809603260420772 2.781008967622332
    2.7811436874544597 2.7815357419506959 2.7818141718747333 2.7837991301929037
    2.7838952166738125 2.7841076295746063 2.7841239870079164 2.7842516276907645
    2.7842778059729199 2.7843231294755242 2.7843673591887921 2.7844354371037148
    2.7846779166620763 2.7847686191425205 2.7856665104800413 2.7870445036446654
    2.7909341250460784 2.7911264788367589 2.7912091563457579 2.7914173882400064
    2.7923425459969926 2.7926988481582762 2.7937934904107351 2.7940929911189869
    2.7942295295899839 2.7946309210853997 2.7948108240798319 2.7948232659066434
    2.7951187875371488 2.7952692774028947 2.7975331112299955 2.7977004100237082
    2.7978658074854743 2.7979861443198693 2.7980218723388739 2.798143555641218
    2.7995832237796399 2.7997305068003393 2.7998757595385846 2.7999627928744908
    2.8012177164731233 2.8023877750174506 2.804415991679889 2.8058527571602099
    2.8059982568038322 2.8061726810756227 2.8062062883241197 2.8063753560188616
    2.8065343881537501 2.8066193603917782 2.8071482406464838 2.8071983743471569
    2.8073176556148005 2.8080744560312874 2.8082933262953702 2.8103234337274898
    2.8108522251941395 2.8113088982927366 2.8135881067229698 2.8166266290396984
    2.817010335017585 2.8176883775722672 2.8189960220160657 2.81920524272482
    2.8192442681185952 2.8194934265880978 2.8209035793518069 2.8224893724274502
    2.8225192140535 2.8226531843239777 2.8228198382024252 2.8228720715839395
    2.8228987268051546 2.8232230638698943 2.8232951181738222 2.8234653094971995
    2.8235387116652171 2.8235707875164544 2.8236157769827819 2.8282266805235849
    2.8284078178303389 2.8288962188044025 2.8300151150448016 2.83012849589025
    2.8304202391395088 2.8321569509784013 2.8324844908222531 2.832531492016642
    2.8339052937481028 2.8352845835379412 2.8358440629948141 2.8360766092217395
    2.8361162074896433 2.8384119186337102 2.8412441006835252 2.8428445993649802
    2.8502510478801923 2.8511522899812007 2.8513399207813563 2.8513730370949211
    2.8515864023313497 2.8522299095852759 2.8523672551321702 2.8526502793810096
    2.852664585265984 2.8528092701056948 2.8531802807519853 2.8536971904723032
    2.8538726288843463 2.8548612387540593 2.8576847566232573 2.8580248999378455
    2.8580931240312566 2.8581615139119094 2.8596449966895912 2.8608572738903604
    2.8609567627627257 2.8610483773409214 2.8616990950725572 2.8642274119091176
    2.8649373138029355 2.8649658352960614 2.8657178090337916 2.8679490206057685
    2.8681150441843783 2.8682165605696355 2.8688064925286199 2.8690344106330485
    2.8693190858120943 2.8698874320029972 2.870199771558267 2.870284602091639
    2.871182342967586 2.8715733042104148 2.8722626937462792 2.8735511382697041
    2.8737979971958225 2.8742424009690239 2.8745866472574448 2.8746348963457535
    2.8747797887819502 2.8749231555890447 2.8752152911829967 2.8764122794492173
    2.8765555656691504 2.8768148201488657 2.8782396997905075 2.8783446721278474
    2.8784359655528533 2.8795060468910378 2.8807570205631237 2.8821371767808159
    2.883144357070023 2.8832789616440095 2.8834915676495712 2.8844577545705761
    2.8860403180738103 2.8861867715974463 2.8874600219562581 2.8879998087220144
    2.8881616110911636 2.8893764175813885 2.8899357763762055 2.8900149146663048
    2.8900968688823618 2.8907686079705854 2.8908449588069138 2.8908697876462006
    2.8908834369765373 2.8909435363758953 2.8911147493269405 2.8911831557185601
    2.8912024201175277 2.8912821274325324 2.8914105849131979 2.8919862316164049
    2.8920972024119087 2.8936390366516207 2.8941149638865986 2.8942096335861911
    2.8942638356729731 2.8958096013131276 2.89593590481824 2.8960096929887791
    2.8960692819953997 2.8989609665910998 2.9001555872447682 2.900359885130456
    2.9006608581798901 2.9007610103994921 2.9008236006548032 2.9008849139067934
    2.9044131272708 2.9044675373909286 2.9046125213217238 2.9047063309664432
    2.9047504144259619 2.9048054554245937 2.906185561595521 2.9062468319996242
    2.906415022272995 2.9065980155573925 2.9068699278420809 2.9071632285508713
    2.9072070656566211 2.9079329847356803 2.9083702536751539 2.9084402726921326
    2.913385416357869 2.9146383537751412 2.9147791904561018 2.9158255246196632
    2.9164376638163958 2.9178077204733199 2.9179922614545526 2.9181527360879045
    2.9198513296639703 2.9199278433691234 2.9199835050339971 2.9201460029662485
    2.9202562832342664 2.9202893816757296 2.9203148322749257 2.9204347048125783
    2.9206900572717132 2.9211429749836193 2.9214516761285267 2.9217339207475561
    2.9218399878943728 2.9227510287173573 2.9228337593062861 2.922959316478682
    2.9235524630494183 2.9237030245291558 2.9237888957926166 2.9239122314317378
    2.9258293990947095 2.9272337278334817 2.9274688100404092 2.9276594350494634
    2.92768183599037 2.927812836490375 2.9278875800195387 2.9281091914688964
    2.9282367436939389 2.9283932491472719 2.9289073112336155 2.9294895589223415
    2.9296540405871383 2.9297586826105544 2.9300282869339753 2.9300958591445578
    2.9306632878665368 2.9307570083078645 2.9308268419026717 2.9309083699981784
    2.9309406399429463 2.9310087567496339 2.931250534719311 2.9339985963943036
    2.934046423728887 2.934151038122915 2.9360088719204214 2.938854090590818
    2.9392823124662755 2.9394341490396982 2.9403686100734681 2.9404928943925674
    2.9405362017440289 2.940679736267763 2.941831073079205 2.9419879838157308
    2.9420544177361685 2.9425044244767946 2.9425420956463881 2.9426452419293128
    2.9427933537945137 2.9428077454573818 2.9429788511027559 2.9430735245641699
    2.9437851870248628 2.9439066380735617 2.9441542214623646 2.9457745639618529
    2.9459301556307764 2.9460384738334446 2.9465957222962516 2.9468095680058468
    2.9470178707019841 2.9472735895171049 2.9474570198152228 2.9475576638201346
    2.9476320552015145 2.9483001495934027 2.9483642961892351 2.9485038366492518
    2.9485167329906594 2.9485459133626741 2.9486081862878564 2.9486240416178284
    2.9487612993939365 2.9488179849510439 2.9499911936998018 2.9500080205086001
    2.9501379790963256 2.9505217679719067 2.9549205514595087 2.9555599894164288
    2.9584169176625132 2.9585241248391867 2.9588514610322818 2.9590801146455306
    2.9592843639500188 2.9603764874629328 2.9609713493335525 2.9612004106902532
    2.9613735633838587 2.9617993061192465 2.9629403294093208 2.9661179485046887
    2.9664668136656474 2.9665675316618945 2.9666130801733743 2.9682331939568485
    2.9684026095917488 2.968492828749504 2.9687521787009246 2.9716038881303084
    2.9716979329860087 2.9717257242630049 2.9725151147989286 2.9725367338933211
    2.9731489154399853 2.974344251238108 2.9765018707040931 2.9780735569006538
    2.9781492778670327 2.978311477042098 2.9784461026815734 2.9788097440864476
    2.9816260699963095 2.9820572921692778 2.9851568602271072 2.9874182339258368
    2.987444182098443 2.9874599886343276 2.9874812128815997 2.9876500349103785
    2.9877794170797642 2.9878695229735968 2.9880806837491036 2.9882158174091273
    2.9889382426094926 2.9895641862794946 2.9942172234786995 2.9956881770081054
    2.9958588675619162 2.9959423164726409 2.9961214117446011 2.9964519437782542
    2.9965655057879985 2.9966017197860046 2.9967387867627999 2.9971538278517378
    2.9971715241281345 3.00049959160242 3.0018741013135091 3.0025225697310511
    3.0042835409403779 3.0054411711848843 3.0080161470496023 3.0089435780347173
    3.0093986483628519 3.0096095065888826 3.0097095370816334 3.0123333516899038
    3.0146122777678102 3.0147147091797706 3.0148800718761777 3.0151501489390284
    3.0152463662175251 3.0155174922641286 3.0160260137417936 3.0178042353654746
    3.0193023898392917 3.0194980738654067 3.0210196653127546 3.0226915007369826
    3.0231109731178094 3.0233392192810697 3.0235977492206985 3.0236096434864521
    3.025158321201161 3.0264988339044976 3.0266021775230456 3.0268027181168691
    3.0288921645023947 3.0340632459305681 3.0344170405496698 3.0345257195040176
    3.0346586755869538 3.0350599244684417 3.0355829411755622 3.0356191350438166
    3.0359616822088356 3.036035974135681 3.0361293824117772 3.0364663625957271
    3.0381402023584392 3.0383284572958473 3.0383962687781909 3.0391893156573437
    3.0394319404378316 3.0408678783473988 3.0415053415867987 3.0422625098724438
    3.0433825594950576 3.0441993262675169 3.0443206004201784 3.0444343013637081
    3.0444614690782146 3.0448237074988356 3.0449971425514377 3.0460513031955543
    3.046079163209015 3.0464149800523046 3.0467460492609462 3.0501700198692561
    3.0507030567550828 3.0509614969689665 3.0509755330065218 3.0512253964241154
    3.0512601350851583 3.0513578578981346 3.0514990674582805 3.0517570086731212
    3.0519659467800011 3.0542666324695347 3.0547054321891665 3.0548765853850455
    3.055516751437608 3.0563493843474134 3.0564567269102554 3.0565513267374627
    3.0583226927454916 3.0590556505758286 3.0606159814583407 3.0617551185902507
    3.0620539774211011 3.0621871839217931 3.0623057154839586 3.0624548065606234
    3.0638016712682656 3.0642681594765691 3.0643923736895431 3.0644384002192737
    3.0648607652158262 3.0663172888462213 3.0674785461055762 3.0685900826656791
    3.0690962362417245 3.0691519636727946 3.0693080925101697 3.0695102132939951
    3.0695426026443045 3.0697377092239719 3.0698778378298357 3.0700504519127207
    3.0701742024500049 3.0702739096423102 3.0741312269544778 3.075572987938282
    3.075686016538441 3.076905722041829 3.0773339926929566 3.0774691480726233
    3.0775025289666473 3.0776666844622014 3.0778257335185799 3.0790011940125055
    3.0796304453574805 3.0807019865869734 3.0809785090497144 3.0813727814788194
    3.0831576852017974 3.083444127735504 3.0836025595282877 3.0847767127540919
    3.0872037693170569 3.0879598500205248 3.0880857976686684 3.0881773921146305
    3.0892636890630456 3.0907823493889737 3.0909111589987028 3.0909835462986543
    3.091113552206783 3.0986842337436542 3.0988168432498924 3.0992130583205153
    3.0993104933657492 3.1000669265448173 3.1024812140096856 3.1027747016908811
    3.102907234025821 3.1030311939595094 3.1031163122411272 3.1032416433367871
    3.1058226358200045 3.1073512256360423 3.1082120549135652 3.1086116481890258
    3.1088087185252107 3.1089728711555722 3.1091052966262396 3.1092982626396406
    3.1132535866263424 3.113421634129736 3.1142528763619644 3.1154628900121679
    3.1156282938095501 3.1157405559188192 3.1157765689792996 3.1158555440988494
    3.1160544161521102 3.1167103994948775 3.1168366302890718 3.117023307858517
    3.1176080145452261 3.1177602342559112 3.1180396514536142 3.1185384641285054
    3.1188368477947583 3.1213168452489604 3.1219700273113631 3.1224027226771796
    3.1236813511179662 3.1240360334315938 3.1241179928001657 3.1242379817997517
    3.1244489705441083 3.1282823504154749 3.1297244425092003 3.1297961470018358
    3.1302296822918834 3.130835824301812 3.1326282514398827 3.1328091717346069
    3.1344239145400934 3.1362783820841287 3.1369500754285582 3.1373292947664595
    3.1387493682582317 3.1388577789815599 3.138974693825503 3.1390261775375166
    3.1392350601765884 3.1397014605790901 3.1415565820900611 3.1417398809672932
    3.1418684777650014 3.1432022998687899 3.1440731761299503 3.1443378372127881
    3.1496092701412031 3.1540353016262088 3.1593850514439623 3.159501609632855
    3.1598231098831775 3.1619294302527123 3.162172176435206 3.1629789216208337
    3.1642971571775433 3.1677827039335775 3.1679010012458093 3.1710955072276192
    3.1717125668192239 3.1732346535309262 3.1748159685221253 3.1751654308761013
    3.1753654220665339 3.1754424207829288 3.1756103549914769 3.1767954291808564
    3.1785223131980729 3.178836396575548 3.1789792446900265 3.1821520656530993
    3.1831136076193616 3.1832164338545681 3.183361661077015 3.1838966762934433
    3.1851006695032993 3.185741885524294 3.1860401824499909 3.1861379437086725
    3.1863041198301971 3.1869931912842731 3.1877042557593995 3.1890463363347692
    3.1922969705306059 3.1931765410829485 3.1933032558172272 3.1935859625907597
    3.1945337958422897 3.1947900370337265 3.1968045473709026 3.1975474652407314
    3.1989600706169767 3.1999608018913932 3.2032493164097673 3.2040945722696961
    3.2041496923284285 3.2053363113959676 3.2067774188687963 3.2069703807865153
    3.2074150105565877 3.2075643113926162 3.2078201698091107 3.2084363035005481
    3.2086385705599696 3.2087184539836926 3.2094296908078377 3.2097730435677931
    3.2101692529031425 3.2102150091191106 3.2104006664026201 3.21335490266938
    3.2136372527529602 3.2159713110316943 3.2164990883341034 3.2168050996625559
    3.2169667666396244 3.2171433311042392 3.2172801921833525 3.2177546647788517
    3.2179555061522365 3.2180972392178546 3.2182093786868791 3.2182663978406367
    3.2222220184517028 3.2224926942558341 3.2225441326422697 3.2246258670390184
    3.2247103685015568 3.2247450417693244 3.2248921745560515 3.2251951206676495
    3.2252913997726864 3.2264629194746703 3.2266084763618892 3.2267528429674712
    3.2271677963517504 3.2299592176859733 3.232876387422948 3.2370107348865531
    3.2377897085311815 3.2386398723306229 3.2387615892539543 3.2391574725934333
    3.2395928960995661 3.2407660790699993 3.2423439450412843 3.2429510362989049
    3.244420466848851 3.2448367762261796 3.2450617087503701 3.2462454847499771
    3.2467457464372274 3.2469385197273368 3.247148834845575 3.2482623934197363
    3.2504847950774547 3.2556717209063208 3.2560667650935406 3.2561060909292792
    3.2561380303727674 3.256458139749308 3.2632427807088029 3.2637857746861605
    3.264549262504564 3.266907850381358 3.2678110326523893 3.2701010243117707
    3.2701941217333115 3.2708166726893069 3.2712514071577061 3.272036402844833
    3.2757094783044636 3.2759240004581329 3.2772398206980142 3.2811414318184688
    3.282213166250282 3.2830394137813528 3.2871405765901045 3.2873613822948755
    3.2881082075446102 3.289886630183446 3.2901194450100775 3.2959726029039302
    3.2964243459650788 3.2971792913645004 3.2973867269643051 3.2984482661686343
    3.2989552042122341 3.2991478196718163 3.2997805922987595 3.30000833492943
    3.3002831056406876 3.3003706474264618 3.3036458231072174 3.3076125404936647
    3.308108464219913 3.3097834793115908 3.3115523197402581 3.3126198099608359
    3.3167919366724163 3.3170830500685042 3.322698290693495 3.3229935195904545
    3.3235594822508574 3.3249348250637922 3.3287096908113654 3.3287829716773558
    3.3289802215224427 3.3297402568982761 3.3299795372734025 3.3307091738415693
    3.3318732412976715 3.3321533575619924 3.3325722405661509 3.3334798919956938
    3.3375881614770151 3.3392910038980972 3.3395561774621001 3.3398049104066558
    3.3415669934802281 3.3424799752490344 3.342772723006874 3.3430425803317121
    3.3432793971001047 3.3456115397739268 3.3458853865349738 3.3460696985944196
    3.3462384061581361 3.3488677925834054 3.3490373180320603 3.3493202777171973
    3.3497248837193183 3.3501157261562184 3.3503765986042708 3.350983959648147
    3.3525408892151063 3.3527284258302643 3.3528432205725949 3.3530868780248966
    3.3534997126607777 3.3558776071440661 3.3559348732101171 3.3562382026402702
    3.3563562684125827 3.3608474832490174 3.3620283735936738 3.3644626509735645
    3.3675622567847086 3.3677731311587991 3.3686756100007642 3.368718479394829
    3.3688773289686651 3.3690479903721098 3.3716822472720196 3.3733857954098312
    3.3740651264370172 3.3746410577273309 3.3762257657061809 3.3766946704039356
    3.376750816386334 3.3781338267754109 3.3781777728327143 3.3782987214958666
    3.3827311256939083 3.3888062615587842 3.3914840844936407 3.3921099216531729
    3.3924153059033415 3.3936260626533112 3.3942284338099853 3.3945526260257424
    3.3947349382169705 3.394902228249137 3.3949799816147106 3.3951118017002955
    3.397399586438496 3.3974792740923476 3.39785202118901 3.4002142765018561
    3.4069745359265653 3.4071121013384982 3.4073273232590964 3.4096136478592598
    3.4108271948880429 3.4138317536567229 3.4165608338687434 3.4166918164761455
    3.4181897803418906 3.4185612377127654 3.4187817373859843 3.4264816121981312
    3.4266600034102339 3.4267079167930206 3.4271369331027017 3.4273667914312682
    3.4275463433368714 3.4278629429539933 3.4297923633752134 3.4303102733033484
    3.4319016565757465 3.4319542809955692 3.4326034939008423 3.4339177916799599
    3.434370570234023 3.4358751340218987 3.4436213932639816 3.4439060891072302
    3.4440246635521703 3.4440753505962789 3.4441760251009725 3.4474523163517006
    3.4476602783615817 3.4497456741673886 3.4513623368302433 3.4529506104408938
    3.4531134586641201 3.4531390816112548 3.457160345370994 3.4585184981992825
    3.4634772998899734 3.4636086446661238 3.4636716257039097 3.4637337887144213
    3.4639084350299356 3.463922922412678 3.464000428163871 3.4640695065711498
    3.4642805279851245 3.4682624341116934 3.4683290714717714 3.4684719737761043
    3.4686386591016571 3.4687024765962633 3.4688795106912949 3.4689225541155793
    3.4689519283336381 3.4702066674319951 3.4753381132118193 3.4754551715816433
    3.4773470356685721 3.4777110273298604 3.4778979227248783 3.4803576755623453
    3.4815432280020104 3.4818523889925928 3.4833421616999658 3.4835392157415299
    3.4838612678613572 3.4844424226866977 3.484790530944565 3.4848844719617773
    3.4857551926497763 3.4889339875647352 3.4890013460990303 3.4890992758864741
    3.4895859976876409 3.4924096112630423 3.4924696663993018 3.4926398383679498
    3.4930114052507406 3.4930720608301726 3.4931159485012131 3.4933468711278692
    3.4933757810921975 3.4933911936375353 3.493446374438463 3.493699506720418
    3.4941213358326877 3.4980495145289296 3.5024745011232881 3.5029183884309987
    3.5037648346893775 3.503878898626283 3.504107096954229 3.5061292350746953
    3.5094952451900099 3.5139053078105462 3.5140415148512147 3.5142680702547295
    3.5145340612780274 3.5169639222870046 3.521486489984909 3.5217512974481906
    3.5218780208551834 3.5219531966449722 3.5225477613030307 3.528603796833977
    3.5297964455355668 3.530092515397655 3.5309783588977552 3.531087665850464
    3.5314347340986387 3.5316257905265047 3.5344968538066226 3.5348647281642016
    3.5356294966622954 3.538995282602059 3.5390541124891115 3.5391416185853473
    3.5396888832747209 3.5449934234286502 3.5454122681667286 3.5457651337037532
    3.545833376918381 3.5460572021020198 3.5466586940449361 3.5515016748991002
    3.5569015266764836 3.5599250191780811 3.5627384463541603 3.5650294635711361
    3.5653451825867251 3.5657714421008677 3.5660917370018979 3.5701966621871861
    3.5705841025469454 3.5728745257692935 3.5731911295804366 3.5737220551950486
    3.5749950289136905 3.5799658529422231 3.5815231819533437 3.5817821765249391
    3.5818507870692429 3.5882039699667985 3.5901585492511003 3.5921920500468332
    3.5925944242962942 3.5928281016040273 3.5929307609890202 3.5987935260818631
    3.6006836541046141 3.6014818097019088 3.6015460926359992 3.6015841553207792
    3.6024562297930061 3.607147017856505 3.6098090359819253 3.6122680860930814
    3.6124680610673749 3.612626518439356 3.612928267974894 3.6135429632777232
    3.6170406015523895 3.6178673389595133 3.6218454609474975 3.6255358227717807
    3.6256681479385406 3.6258437646806669 3.6268836764475054 3.6275225420977222
    3.6290114259113579 3.6293140089856024 3.6294666607745967 3.6300196245629195
    3.634907099186421 3.6366946366861157 3.640961806966061 3.6413129439113163
    3.641350017046534 3.6447130997971726 3.6448189365160033 3.6454904238753443
    3.6458819414010577 3.6479298793478847 3.6480942024622891 3.6482861392271388
    3.6516949987353655 3.6590209769478861 3.663151206872044 3.6634236118725312
    3.6638255418756671 3.6647191327095925 3.6652457380199621 3.6658734635764176
    3.6687419953532299 3.6722394550915851 3.6817874323586821 3.6822168080016766
    3.6822494783403386 3.6874348297305914 3.69075329674763 3.6924138380529712
    3.6947940399103345 3.6951184725899111 3.6965740757548247 3.7066313749055553
    3.7067957485596708 3.7069661015411839 3.7071177674588398 3.707236104981348
    3.7073985354440993 3.7074784317392186 3.7137885657967615 3.7140681013214021
    3.7143252956469439 3.7144956551362611 3.7159383160456514 3.7197730956452233
    3.7199768952300474 3.7200523621796719 3.7201763740267779 3.7202100592667193
    3.7202962889505216 3.7203376664233474 3.7204944733366574 3.7206289265500914
    3.7270331489588102 3.7302881951386553 3.7329689198045344 3.7391738393162086
    3.7408983396626354 3.741466925810073 3.7417644161787393 3.7443170787505551
    3.7467735399654885 3.750159430216172 3.7538318456058732 3.7559672446491277
    3.7572304595337869 3.7576540023319467 3.7583107641752918 3.7664683161383437
    3.7703610384323838 3.7704546567970283 3.7706944226388259 3.7750625333378593
    3.7780099448655164 3.779537666026954 3.7796973090244137 3.7799282098953881
    3.7869881944998269 3.7874506856753669 3.787603666181667 3.7878710710269843
    3.7925051804231771 3.7927496767683806 3.7928734163506306 3.7939942705907583
    3.7941725463985279 3.8016216940904997 3.804284384607854 3.8044551031821356
    3.8044840918655609 3.8047811788442232 3.807736550001664 3.8083652837258342
    3.8146953279224363 3.8148341824395686 3.8151271848405486 3.8160034164620811
    3.8174036983048723 3.8259693778622932 3.8279490290969989 3.828844962002222
    3.8305123196079194 3.8310799894875345 3.8323531090436518 3.8326361408994671
    3.8327164226848254 3.8329023601063454 3.8330977146106306 3.8332661110439403
    3.8336493036508728 3.8400465017435295 3.8402619423683859 3.8406219158275121
    3.8418494260657781 3.8426317444182132 3.8431540730880442 3.8466467127072974
    3.8504963128641521 3.8505483169631134 3.8559040332675067 3.8565382045753722
    3.8568745939937799 3.8594564331021957 3.8596858485493613 3.8598546747409728
    3.8607915452157613 3.8644303722203404 3.8661521520111819 3.8665921791298388
    3.8723105993567515 3.8726964169065923 3.8737536030475894 3.8748098723926887
    3.8749947347910165 3.8755012182737119 3.8772508562644816 3.8772867917489293
    3.8774103201290018 3.8775649976691966 3.883818112204608 3.8865010933932354
    3.8866543585425006 3.8867184075363639 3.8892723133756135 3.8896322762936961
    3.8898260870746526 3.8899830773104895 3.891087444252662 3.8930607293768844
    3.8956842144031043 3.8959560963885451 3.8960770297744602 3.8961739578876404
    3.8964316075878287 3.8965844064489374 3.897163219643403 3.9095096152809674
    3.9096407359752448 3.9100693258847059 3.9145401676873917 3.9172620506101339
    3.9173124588919563 3.9175776111678715 3.9261897883116035 3.9291288559604709
    3.9292664664781114 3.9334159318215711 3.9341472386911391 3.9350827985508658
    3.935861335143727 3.9362880722774207 3.9399762885964265 3.9402230444929955
    3.9407867977556634 3.9433629818649933 3.9436805745367565 3.9446317657223062
    3.9447316610812777 3.9448361130861116 3.9453672067957086 3.95135676290829
    3.9574122802332568 3.9575229039019177 3.9584636893250718 3.9588695483289484
    3.9590475477762084 3.9593005546939821 3.9595187829509086 3.9597103227069965
    3.9644296610704259 3.9654877032899094 3.9659169353299148 3.9727404051611757
    3.9728504209535913 3.9731078873353454 3.9754986327498045 3.9784012270188214
    3.9788134980872201 3.9800366260706141 3.9830862260089361 3.9852472437337383
    3.9905042987813886 3.9907545093249155 3.9909074223180596 3.9928552402722914
    3.9989200449815598 3.999357994202569 3.9994109489757648 3.9995227694515734
    3.9999009801820193 4.0150373566875714 4.0191575419612491 4.0202393661189149
    4.0203133980325561 4.0206178336152902 4.0208291830098233 4.0210168035858942
    4.021841615266851 4.02510969193645 4.0270330583325631 4.0272511660309647
    4.027275132311388 4.0273257322860445 4.0274446473786156 4.0275558578700839
    4.0277155456342371 4.0311174089872566 4.0311665361887208 4.0312275983419568
    4.033846904983875 4.0343694956736726 4.0346389360520334 4.0348166593630594
    4.0350892467431549 4.0379013510546429 4.0380111907670653 4.0380298298805428
    4.0388754283203525 4.0392077718265682 4.0395821848956075 4.0396765210361991
    4.0425733634310745 4.0428667475121074 4.043004584758819 4.0500997959944698
    4.0504222129172831 4.0505949279564675 4.0511098533879704 4.0613838322083211
    4.0618141327123567 4.0618952824348753 4.0621125658767596 4.0677070027008995
    4.0734756285346521 4.0741948642021271 4.0745301611041214 4.0793561863679315
    4.0871912149652587 4.0872319814975242 4.087430608227578 4.087756276593808
    4.0878137715499179 4.0881683416100714 4.0935541599017142 4.0939667841680603
    4.0940320106733452 4.095797663618896 4.0960441727513626 4.0962104860932413
    4.1064332401715546 4.1068732783253381 4.1069213992759614 4.107036737882936
    4.10718493934246 4.1072480038574213 4.1117431706924776 4.1159850354686114
    4.1175305418182688 4.1181399062188575 4.1203083845975925 4.1251859324447651
    4.1263619657702293 4.1265676340824484 4.126789412914377 4.1269365850248505
    4.1275215983588396 4.1293282097790325 4.129733843127724 4.1298978560403157
    4.1304227747223194 4.131032988170773 4.1356428981998761 4.1376786511705177
    4.1386033111921279 4.1444497534212132 4.1488664166629405 4.1500017461976313
    4.1557440946030511 4.157714176373247 4.1578619167676152 4.1597625597573824
    4.1616334569039282 4.1657234863573649 4.1659375310655378 4.1679946339409071
    4.169588882579788 4.1710228731830057 4.1715030346274489 4.1720162988585798
    4.1721376028781378 4.1722789522436869 4.1740670709655205 4.1765712308433649
    4.1778288448840613 4.1784268357332621 4.180246930881367 4.1839012719965467
    4.1887869074498667 4.1957648203456301 4.1996110769368897 4.2004947228697347
    4.2006775109148293 4.2014265871848693 4.2063549252334269 4.2068320069911351
    4.2074684101326056 4.2090566347651475 4.2172200427221469 4.2295409771845698
    4.2335343031115826 4.2337968068072769 4.233833325418118 4.2338682946322024
    4.2340459948378566 4.2341303244074879 4.23521892620521 4.2401154117196711
    4.2422861297550298 4.2423338595413043 4.2424377268816897 4.2425213689630255
    4.2426570616244135 4.2428633352169527 4.2457999752441538 4.2487263355480991
    4.2517187471262332 4.2524765166572251 4.2613802069529356 4.2626891007366794
    4.263291791469328 4.2688099967099333 4.2704044538405839 4.27112097029935
    4.2736567053234467 4.2766744891673625 4.2767588063745734 4.2771072208142868
    4.2773252017682353 4.2780624131437435 4.2805164928986414 4.2808078164518975
    4.2809350634556722 4.2812702339288649 4.2825366853812561 4.2826553853553833
    4.2924005417271474 4.2924431915976129 4.29612724458093 4.2988232582506498
    4.3013352248267438 4.3067316248398129 4.3084231427810664 4.308455394423504
    4.3095351695774298 4.3231508675071382 4.32943066685948 4.3349376415392271
    4.3354490221609012 4.3356412532139075 4.3360398040431392 4.3364683215363584
    4.3365591645738277 4.3366185684290031 4.3367299146552796 4.3381144413951915
    4.3383757151568716 4.3406020534150684 4.3436816545436159 4.3439393163234854
    4.3440484606353493 4.3441160138145278 4.3489157504245668 4.3513010528995437
    4.3545094211395963 4.3549363755137165 4.3557043377713853 4.3592473489192116
    4.3624726948883108 4.3633921284374537 4.3657345590902423 4.3753124531067442
    4.3768591103444123 4.378133010719921 4.3783452945322097 4.3785940953935096
    4.3786835482592323 4.378724951277718 4.385086965510709 4.3857358640680104
    4.386000757533111 4.3861329259352715 4.3866121144710633 4.3885645249092704
    4.3892784908266549 4.3902815082565212 4.3919286245051126 4.3919862362868116
    4.3920768709335789 4.3920932087382027 4.3922300341058644 4.3942280508906606
    4.3980564128055448 4.3988253010662675 4.398855442629042 4.3992605987197066
    4.3993773197092878 4.4019224038293032 4.4020364439793411 4.4021862929084818
    4.4025573942262781 4.4088077922889397 4.4100560071938162 4.4173856533325306
    4.4176717089640078 4.4178214502740047 4.4180453047656556 4.4195606782623145
    4.4210197472466461 4.4213586350233527 4.4217753998236731 4.422246853122715
    4.4223289962362742 4.4226025274824678 4.4231979933019829 4.4272154581403811
    4.4273734284142847 4.4275956860069527 4.431726844116838 4.4384745296234769
    4.4404993683392604 4.4413067397740633 4.4440757516022131 4.4445764952297395
    4.4458328893197177 4.4520048241265613 4.4523198382566989 4.4545997397656265
    4.4575222917676456 4.4591778821654771 4.4620228334470085 4.4635294722693288
    4.4755612165999992 4.4817030876520221 4.4850757610520304 4.4854022793282411
    4.4857234356286426 4.4860854289199779 4.4862548543055709 4.486522969197722
    4.4867511127481521 4.4868522370447863 4.4938483225937489 4.4939829688687496
    4.4940495754883614 4.4942901130036716 4.4981222142323531 4.5003894419469361
    4.5010959975415972 4.5012946327706231 4.5014117469718258 4.5042121318622321
    4.5049566616216907 4.5065613735903298 4.506934467541214 4.507045239707395
    4.509691517914689 4.5103361450410375 4.5103554053110884 4.5106310269966343
    4.5107339503840649 4.5134751084506206 4.5178839569425691 4.5181777847546982
    4.5183915510206134 4.51851511939185 4.5202746540528551 4.5230116069074029
    4.5241998806047832 4.5256453894608057 4.5278885640032058 4.5279767521533358
    4.5281669525616053 4.5289657795369749 4.5384830545722252 4.5438213306483703
    4.5480859394938307 4.5517418972985979 4.554194564055166 4.5545365979884593
    4.5546600167106277 4.5571653903555216 4.5577473070327414 4.5578737202602042
    4.5594348937950144 4.5699193364571329 4.5750460379840661 4.5754111634496439
    4.5755779038800029 4.5794029705311914 4.5813603901142415 4.5855591752269902
    4.5860231463611854 4.5898642388160624 4.5899882345233891 4.5967986133318846
    4.5982848760068009 4.6007652228463485 4.603297375490456 4.6045902078094514
    4.6061957627953234 4.6123176142366447 4.6130135192452144 4.6132410032073494
    4.6133267869686279 4.6171537215759599 4.6207478572464993 4.6215381564175004
    4.6219015444607976 4.623928171404259 4.6279593525359815 4.6286604417964554
    4.6326948161949986 4.6341997265994905 4.6362125949667643 4.6364037453890887
    4.6365434132712835 4.6366448067874444 4.6443864116872646 4.6449074585070775
    4.6449348401838506 4.6452119841333115 4.6453625794019899 4.6464689759786779
    4.6576555477477086 4.660336053501851 4.6642090108207412 4.6646179303849067
    4.6661756845569471 4.6686213156772283 4.6687952384381788 4.668998773659041
    4.6697746615550386 4.6698836922038254 4.6701238635110371 4.6706264638920629
    4.6784401142913339 4.6814572145558486 4.6917905670452456 4.6922178004870148
    4.6948745718946157 4.700819316361958 4.7027141001574364 4.7030642525542135
    4.7081633419497848 4.7180875267804367 4.7204480268796942 4.7259765877629434
    4.7362137452097386 4.738391445207526 4.7388014965990806 4.7390562214704914
    4.7390907962189885 4.7394879259272784 4.7452779125896996 4.7456850615531039
    4.7465336038085297 4.751175079924451 4.752326576303858 4.7626196759447339
    4.7635628825062213 4.7642553748860337 4.7643746820588149 4.7699600998413842
    4.7707148128065029 4.7712106604746936 4.7755238954373453 4.7758987146698928
    4.7760305804222298 4.7784433842116414 4.7845954749864177 4.7888480196588716
    4.7934874587563172 4.8075750452517241 4.808655778811044 4.8165380903319601
    4.8291228104428257 4.8293521473356122 4.8296935833477619 4.8298064481982692
    4.8346204004265019 4.8368840582570556 4.8371255733490557 4.8373186032329158
    4.8381195381407451 4.8386903487753443 4.8391371437369344 4.8423736057916358
    4.8428013788911812 4.8428960074628549 4.8513059090955721 4.8587011280042134
    4.8613510162458624 4.8650590306178856 4.8682416790743446 4.8701022306763662
    4.8706515311555449 4.871184194968464 4.8716870863572694 4.8762039398970956
    4.8764580119629954 4.8769022850008241 4.8769577016623771 4.8773570575647227
    4.8774458787102049 4.8774865136908829 4.8775928010920779 4.8801343339650884
    4.8803543030717265 4.8805974503311518 4.8835372827734318 4.8861578728988206
    4.8875511606718192 4.8880871563575283 4.8882125289951546 4.8889858170964544
    4.8894449951394563 4.889938505312557 4.8967222459709774 4.8969891993419878
    4.9035680733040863 4.9065860491864441 4.9168225673383859 4.9204183201281921
    4.9207600598520003 4.9208718615295766 4.921068719480445 4.9302530988566104
    4.9425810065395126 4.9501741296576256 4.9606167886454386 4.9611614731493319
    4.9612642770021012 4.9632506870575526 4.9659158944105002 4.9667825914511923
    4.9757671371808101 4.979376267938278 4.9799561332702069 4.9807309553802952
    4.9812964704919978 4.9822538846042335 4.9828300038093403 4.9830902189323751
    4.9831421000717455 4.9840368933867012 4.984388693576193 4.9851284186408975
    5.0037236066882542 5.0083448133707407 5.0085960302815806 5.0091962349029586
    5.0137710551971395 5.0140427240603458 5.0201688653237397 5.0203150128315883
    5.0209714825261926 5.0249734236163022 5.0259729653525937 5.0324086582386371
    5.0330948923437973 5.0355603956995765 5.0357831258475017 5.0358805059565839
    5.0364878145214789 5.0390957522049575 5.0400073705200157 5.0402117822009131
    5.0406107351964238 5.0451616471609668 5.0609222385828616 5.0642709681815177
    5.088527736805645 5.0898960318863828 5.1000375008204628 5.1040110066769557
    5.1189428677680553 5.1282264902515635 5.1330186374925688 5.1515240186172377
    5.1555840024716417 5.155588955300118 5.1557734982065995 5.1559778227274364
    5.1561600056456882 5.1573900818400489 5.1665612570568555 5.1718801036204241
    5.171920640843382 5.1722659400802513 5.1728956951110376 5.1912146711788409
    5.1983009013374613 5.1984218300435714 5.1987322867425974 5.19893779341146
    5.2202442842138339 5.2224699208595666 5.227048667215513 5.2316192443513501
    5.2428726752677903 5.2447197015650318 5.2451551195840693 5.2452906607719569
    5.2488994451656481 5.2536004825219607 5.2569922297097946 5.2572328405267399
    5.2574999890139225 5.2580463252825211 5.289245687350558 5.2958617316435266
    5.2984366490481989 5.2993600171935213 5.3027424495076048 5.3123948613958873
    5.3172309313276855 5.3252813004100972 5.3259916019660523 5.333651262377316
    5.3338886009310045 5.3342020952986786 5.3348437904860475 5.3402557830149817
    5.3509435543203381 5.351335973965206 5.3517185041728226 5.3547878970930469
    5.3602135384594476 5.3724643642349292 5.372798772119495 5.373364934525398
    5.3824280536673541 5.3849783925934389 5.3949196726016453 5.3961844847872271
    5.3965827881893347 5.396897546845139 5.3975462931757647 5.4067896221274623
    5.4104852836662758 5.4108319599699826 5.4109659284613372 5.4115126844171755
    5.4246686238648181 5.425134233325025 5.4253386619861885 5.4257019170918284
    5.4260523443003876 5.4436566289809889 5.4612553750148436 5.4635805707827156
    5.4645972401691338 5.4647011539770212 5.4661457425293065 5.4770697497460787
    5.4791841544729323 5.4854136389139967 5.4923294999534846 5.4929516525653526
    5.4933441996445254 5.4934397023107522 5.5012563629215947 5.5114005980394722
    5.517516365872325 5.5178268596291673 5.5180925853819645 5.5182385750113099
    5.5183935370414474 5.5184660914928827 5.5186460157638066 5.5187283338673296
    5.5192184741708843 5.5358093036634273 5.5359264779863224 5.5365414347334081
    5.5479444201191654 5.5491543657362854 5.5523512039712841 5.5667585129831423
    5.5674852004169679 5.5680768324317569 5.580271498712591 5.5808741359069245
    5.5810528018332661 5.5892894360704304 5.5957275896284955 5.6126927863533638
    5.6185864551348459 5.6354063467579181 5.6828676533150428 5.6972068651157315
    5.705323545873398 5.7078244858194012 5.70798905090669 5.7140896484161203
    5.7278935378785718 5.7380701147640139 5.7455360623171146 5.762007664588964
    5.7847190148577283 5.7916845868539895 5.7944523713781564 5.7979373742600728
    5.7990571736695529 5.8006014149568728 5.8029490628096028 5.8031255606570085
    5.8033929035664187 5.8043728997130302 5.8051677940259196 5.8330311258814618
    5.8373562489814503 5.840219947355763 5.8477532898850768 5.8499676566225389
    5.8526553172189324 5.8528795951983739 5.8530984439273652 5.8531636386742321
    5.8532580407938894 5.8536006211616041 5.8645483879747644 5.8775062982485906
    5.9060156532823385 5.9444261818098312 5.9469505235849738 5.9555592195383724
    5.9559890663167607 5.9561969643091288 5.9563890395083945 5.9580970389133654
    5.9615557720280776 5.982262877739231 5.9878758121085411 5.9968265510942729
    6.0232515351224265 6.0240450948558646 6.0248548719669088 6.0250215863716221
    6.0335150976434306 6.0359563706483641 6.0441147061255833 6.0445028511639975
    6.0558010805776235 6.0561353627628023 6.0563681763686077 6.0603607950397418
    6.0742956722360759 6.0801121585791407 6.0858973172273636 6.0928972959436578
    6.0933734921018186 6.0939344710914156 6.0941165037565952 6.1020827772281336
    6.1070693404121812 6.1128815171339284 6.1234251710197896 6.123820786205215
    6.1288919461890146 6.1484054511439297 6.1541607962994931 6.1548450715868057
    6.1613326924670844 6.1658552969207676 6.1663470405838439 6.1670711055783158
    6.1708574377882996 6.1724260286418939 6.1858691332238323 6.1970285208133191
    6.1976388542748282 6.1978110646266487 6.1981456460896425 6.2012711994639176
    6.2053742659734326 6.2056645937730082 6.2056885523845722 6.2064427392642756
    6.2191154167203422 6.2350275509834319 6.2356208306628105 6.235751373473704
    6.2405999027992038 6.2476249297433242 6.2481927914500375 6.2483112510712999
    6.2607850849326496 6.2612894823896568 6.2619171653623198 6.2658611068304708
    6.2732456075443679 6.2733882700179038 6.2736689885537089 6.2743994190116155
    6.2796198093110434 6.3036920606909916 6.3043759052670794 6.3049708411917891
    6.3114770168904215 6.3116834954953447 6.3160198550235691 6.3357890264474008
    6.3376995654753046 6.3377558627735198 6.3377643813319082 6.3395445193602882
    6.3563849834813482 6.3711423626909891 6.3717253922141026 6.3727444007690792
    6.3727643345637262 6.3736216696324846 6.3937405988606315 6.40092702630227
    6.4043599521251053 6.4049526442418028 6.4050946349993865 6.4057900245461497
    6.4175897041569669 6.4291850918598357 6.4300126135781284 6.4306855883223761
    6.4399354139281968 6.4630366426936234 6.4810664405398484 6.4868512811181063
    6.4940788773647 6.506710946394378 6.5158797732359517 6.5188875128960717
    6.5193563851435101 6.5196651519004263 6.5259728193568662 6.5266108401328893
    6.5342098065962091 6.5412665277385713 6.5638011516321058 6.5740553694305959
    6.5852704972849097 6.5945635279422277 6.6129845505342928 6.6137433204835361
    6.6140541981476417 6.6361199843631766 6.644323862517922 6.6565986089249236
    6.6572096655145288 6.6576820533350656 6.6639796935996856 6.6958883375166351
    6.7119885389774936 6.7184967386870085 6.7282099504914186 6.7500542144698557
    6.7714657157068814 6.7933359310663946 6.7949890656791467 6.8205102153665393
    6.8274349418134079 6.828261507028401 6.8525390831432631 6.8529156608183257
    6.8776114302677342 6.8901654506384205 6.8932366378539882 6.9081737044662077
    6.9154462726373822 6.9163374292102162 6.9164340562792859 6.9165989481252836
    6.9166336464631968 6.9168772857346994 6.9171243943046647 6.9175245107344381
    6.9270128952165919 6.9279856805081295 6.9288844107059049 6.9364754115026699
    6.9438400588460354 6.9440449726093902 6.9443040260671296 6.9513705208896681
    6.9513914493550146 6.9515892313434051 6.9518459238834112 6.9604978042389121
    6.9607811729465539 6.9608555192398853 6.9615860941330538 6.9760088859366078
    6.9773574590926728 7.0101901215398357 7.0601606146428821 7.0801900054023008
    7.1118614000506568 7.1208339500940383 7.1407737727952281 7.1497914300443881
    7.1608707189034249 7.1747165169958862 7.1749086526501742 7.1750183296330761
    7.1772145139166241 7.1812973900518955 7.1873351447156892 7.2202664681108217
    7.2204905311109542 7.2212219475350139 7.2350765227447482 7.2514854656010357
    7.2543107100532325 7.265707142584688 7.2659248064060193 7.2659485486083213
    7.2662079934202666 7.2899743595417021 7.3139054408729862 7.3266156388108357
    7.3270024561234095 7.3272137137601021 7.3724687741898833 7.3795589246174131
    7.3858717841620773 7.3863635402074124 7.3871099934555104 7.4148641916071938
    7.416139873995121 7.4163594724026325 7.4167191158253445 7.4169102510714993
    7.4193838039794855 7.4373745701570897 7.4384149523257292 7.4399671944469219
    7.4405998329045815 7.440737003063191 7.4409571399211245 7.4441847180164586
    7.4444110036283746 7.4447717403331808 7.44496804098344 7.4626468804917749
    7.4656520417438514 7.4659297254011108 7.4990522524185508 7.5193026957213078
    7.5198532190879632 7.5204062669372433 7.5357638260620661 7.5525928851063497
    7.5531772758157558 7.5533147999944106 7.5534248346102402 7.5534674419090209
    7.5537032394715595 7.553864793168259 7.5541360886261657 7.5561905274585115
    7.5613865568266192 7.5723549030954018 7.581842724355738 7.6178392128995256
    7.6341653702340864 7.6348120710720195 7.6351507005578014 7.6430924919516201
    7.6604605853594876 7.6637274481199711 7.6826194356090127 7.7076012721918232
    7.7352823403962248 7.7463981590344702 7.7469002609423114 7.7470893372455976
    7.7604587650550911 7.7608826658314456 7.7610058877662595 7.7613277585519427
    7.7613832769958435 7.7615376898039585 7.7739409693331254 7.7887113654624045
    7.7891364804077057 7.7892239454854462 7.7900489493440546 7.8253837349466266
    7.8279998580424035 7.842111813531119 7.8718952288363653 7.8936802654907297
    7.8941159239757326 7.8943615422624589 7.8947662811617647 7.9150585343722923
    7.931622407654686 7.9453837371979716 7.9512241332768099 7.9864236666922181
    8.0289695864280475 8.070072561962661 8.1100145132108992 8.1564965898587616
    8.2043319995093498 8.2187054240648649 8.2189290622401359 8.2195319322057685
    8.2196208008655844 8.2315440284955912 8.2540972758940825 8.2609053115420465
    8.2882042450091831 8.2885107823522048 8.2886050480083213 8.2890168466619798
    8.3054273675670629 8.3311860569592682 8.3329694894346176 8.3955107332892567
    8.3995174065921674 8.4724585462704454 8.4765213430191579 8.4843275126431763
    8.4846139313622189 8.5014378180985659 8.5015173584124568 8.5023939031680129
    8.5245940514405447 8.6018640666543433 8.6026947805621603 8.609950928246235
    8.6698232921885392 8.6756777002974559 8.6880233027513896 8.7134118388514707
    8.7202862865979114 8.7707272325314989 8.7843424803472772 8.7936970140690391
    8.7943781791764195 8.8261441841777923 8.8262187751506644 8.8380305002037858
    8.8384031921998485 8.8387827004632982 8.8827000171399959 8.8833240700828355
    8.9148611727621301 8.9914985238319787 9.0298325221592677 9.0859477656058516
    9.0861213565776779 9.086323449882002 9.0869985900681058 9.1087955802325098
    9.183687745624411 9.2435470407090179 9.2915706769940698 9.3813114701395079
    9.4370600376290668 9.6526567731161776 9.6741808096917339
    9.7936377400264973), winSize: 6.0e+1, binSize: 1.0e+1, tStart: 0.0, tEnd:
    7.211e+3, binStart: 7.211e+3, maxBLsize: 1.0e+4 >
Bye.
