		     \||||||||||||||||||/
		   --- Welcome to Maude ---
		     /||||||||||||||||||\
	     Maude 3.5 built: Sep 25 2024 12:00:00
	     Copyright 1997-2024 SRI International
		   Sun Aug 16 20:43:55 2026
Warning: "smc_cp3-refactored.maude", line 140 (mod SMC_CP3): multiple distinct
    parses for statement
eq sumDiff (F F' FL) = (F' - F) + sumDiff (F' FL) .
Warning: "smc_cp3-refactored.maude", line 145 (mod SMC_CP3): multiple distinct
    parses for statement
eq avgDiff (FL) = if (len (FL) == 1) then 0.0 else sumDiff (FL) / float (len (
    FL) - 1) fi .
Warning: "smc_cp3-refactored.maude", line 150 (mod SMC_CP3): multiple distinct
    parses for statement
eq sumSquaredDiff (F FL, F') = (F - F') * (F - F') + sumSquaredDiff (FL, F') .
Warning: "smc_cp3-refactored.maude", line 225 (mod SMC_CP3): multiple distinct
    parses for statement
eq compLatency (Tsent, Trcvd) = Trcvd - Tsent .
Warning: "smc_cp3-refactored.maude", line 291 (mod SMC_CP3): multiple distinct
    parses for statement
eq getGoodput (< ADDR : IrcMonitor | msgRcvd: ircMTL, attrs >, Tstart, Tend) =
    collectGoodput (filterWindow (ircMTL, Tstart, Tend), Tstart, Tend) * 8.0 /
    (Tend - Tstart) .
Warning: "smc_cp3-refactored.maude", line 381 (mod SMC_CP3): multiple distinct
    parses for statement
eq normMED (NL, NL') = if max (lenMsgIdList (NL), lenMsgIdList (NL')) == 0 then
    1.0 else 1.0 - (float (med (NL, NL')) / float (max (lenMsgIdList (NL),
    lenMsgIdList (NL')))) fi .
Warning: "smc_cp3-refactored.maude", line 500 (mod SMC_CP3): multiple distinct
    parses for statement
eq getMTBF (< ADDR : IrcMonitor | msgSent: ircMTL, msgRcvd: ircMTL', attrs >,
    Tn, Tstart, Tend) = getMTBFAux (filterWindow (ircMTL, Tstart - Tn, Tend +
    Tn), filterWindow (ircMTL', Tstart - Tn, Tend + Tn), Tn, Tstart, Tend) .
Warning: "smc_cp3-refactored.maude", line 560 (mod SMC_CP3): multiple distinct
    parses for statement
eq KsDistanceX (F FL, nil, I, J, invN, invN', D) = max2 (D, abs ((float (I) *
    invN) - 1.0)) .
Warning: "smc_cp3-refactored.maude", line 561 (mod SMC_CP3): multiple distinct
    parses for statement
eq KsDistanceX (nil, F' FL', I, J, invN, invN', D) = max2 (D, abs (1.0 - (float
    (J) * invN'))) .
Warning: "smc_cp3-refactored.maude", line 563 (mod SMC_CP3): multiple distinct
    parses for statement
ceq KsDistanceX (F FL, F' FL', I, J, invN, invN', D) = KsDistanceX (FL1, FL2, I
    + C1, J + C2, invN, invN', max2 (D, abs ((float (I + C1) * invN) - (float (
    J + C2) * invN')))) if F == F' /\ prefix (C1, FL1) := skipEqPrefix (F, F
    FL) /\ prefix (C2, FL2) := skipEqPrefix (F', F' FL') .
Warning: "smc_cp3-refactored.maude", line 569 (mod SMC_CP3): multiple distinct
    parses for statement
ceq KsDistanceX (F FL, F' FL', I, J, invN, invN', D) = KsDistanceX (FL, F' FL',
    I + 1, J, invN, invN', max2 (D, abs ((float (I + 1) * invN) - (float (J) *
    invN')))) if F < F' .
Warning: "smc_cp3-refactored.maude", line 573 (mod SMC_CP3): multiple distinct
    parses for statement
ceq KsDistanceX (F FL, F' FL', I, J, invN, invN', D) = KsDistanceX (F FL, FL',
    I, J + 1, invN, invN', max2 (D, abs ((float (I) * invN) - (float (J + 1) *
    invN')))) if F > F' .
Warning: "smc_cp3-refactored.maude", line 583 (mod SMC_CP3): multiple distinct
    parses for statement
eq KsStatisticZ (FL, FL', K) = KsDistance (FL, FL') - K .
Warning: "smc_cp3-refactored.maude", line 679 (mod SMC_CP3): multiple distinct
    parses for statement
eq compObsFeatureX (vp, dnsQueryRate, Fid, TOL, Tstart, Tend) = float (
    countDNSQuery (vp, Fid, TOL, Tstart, Tend)) / (Tend - Tstart) .
Warning: "smc_cp3-refactored.maude", line 693 (mod SMC_CP3): multiple distinct
    parses for statement
eq compObsFeatureX (vp, tcpUpRate, Fid, TOL, Tstart, Tend) = float (
    sizeTCPUpload (vp, Fid, TOL, Tstart, Tend)) / (Tend - Tstart) .
Warning: "smc_cp3-refactored.maude", line 695 (mod SMC_CP3): multiple distinct
    parses for statement
eq compObsFeatureX (vp, tcpDownRate, Fid, TOL, Tstart, Tend) = float (
    sizeTCPDownload (vp, Fid, TOL, Tstart, Tend)) / (Tend - Tstart) .
Warning: "smc_cp3-refactored.maude", line 703 (mod SMC_CP3): multiple distinct
    parses for statement
eq compObsFeatureX (vp, tcpOutPktRate, Fid, TOL, Tstart, Tend) = float (
    countTCPOutPkt (vp, Fid, TOL, Tstart, Tend)) / (Tend - Tstart) .
Warning: "smc_cp3-refactored.maude", line 705 (mod SMC_CP3): multiple distinct
    parses for statement
eq compObsFeatureX (vp, tcpInPktRate, Fid, TOL, Tstart, Tend) = float (
    countTCPInPkt (vp, Fid, TOL, Tstart, Tend)) / (Tend - Tstart) .
Warning: "smc_cp3-refactored.maude", line 724 (mod SMC_CP3): multiple distinct
    parses for statement
eq compObsFeatureX (vp, dnsQueryRate, TOL, Tstart, Tend) = float (countDNSQuery
    (vp, TOL, Tstart, Tend)) / (Tend - Tstart) .
Warning: "smc_cp3-refactored.maude", line 738 (mod SMC_CP3): multiple distinct
    parses for statement
eq compObsFeatureX (vp, tcpUpRate, TOL, Tstart, Tend) = float (sizeTCPUpload (
    vp, TOL, Tstart, Tend)) / (Tend - Tstart) .
Warning: "smc_cp3-refactored.maude", line 740 (mod SMC_CP3): multiple distinct
    parses for statement
eq compObsFeatureX (vp, tcpDownRate, TOL, Tstart, Tend) = float (
    sizeTCPDownload (vp, TOL, Tstart, Tend)) / (Tend - Tstart) .
Warning: "smc_cp3-refactored.maude", line 748 (mod SMC_CP3): multiple distinct
    parses for statement
eq compObsFeatureX (vp, tcpOutPktRate, TOL, Tstart, Tend) = float (
    countTCPOutPkt (vp, TOL, Tstart, Tend)) / (Tend - Tstart) .
Warning: "smc_cp3-refactored.maude", line 750 (mod SMC_CP3): multiple distinct
    parses for statement
eq compObsFeatureX (vp, tcpInPktRate, TOL, Tstart, Tend) = float (countTCPInPkt
    (vp, TOL, Tstart, Tend)) / (Tend - Tstart) .
Warning: "smc_cp3-refactored.maude", line 911 (mod SMC_CP3): multiple distinct
    parses for statement
ceq expectedKObsFeature (vp, obsF, baselineCDF, binECDFs, T, Tend, winSize,
    binSize, Ksum, N) = if KD >= 0.0 then expectedKObsFeature (vp, obsF,
    baselineCDF, binECDFs, T + binSize, Tend, winSize, binSize, Ksum + KD, N +
    1) else expectedKObsFeature (vp, obsF, baselineCDF, binECDFs, T + binSize,
    Tend, winSize, binSize, Ksum, N) fi if (T + winSize) <= (Tend + Tesp) /\
    ECDF := sort (getECDFObsFeatureRange (binECDFs, floor (rat (T / binSize)),
    (floor (rat (T / binSize)) + floor (rat (winSize / binSize))) - 1)) /\ KD
    := KsDistance (baselineCDF, ECDF) .
Warning: "smc_cp3-refactored.maude", line 1079 (mod SMC_CP3): multiple distinct
    parses for statement
eq getCUSUMZt (< ADDR : Adversary | gt: (bl (vp, obsF, K, Zt) :; blList), attrs
    >, vp, obsF, Tstart, Tend, winSize, binSize) = cusumRange (Zt, floor (rat (
    Tstart / binSize)), floor (rat ((Tend - winSize) / binSize))) .
==========================================
rewrite in HCS-TEST-BASELINE-TCPPKTSIZE-CL1 : run((initState(counter) [
    tgenDelay, to baseLineAddr from baseLineAddr : initBase, 0]) 
{0.0 |
nil}, slimit) .
rewrites: 74534548154 in 9312096ms cpu (9548009ms real) (8004056
    rewrites/second)
result Actor: 
< baseLineAddr : BaseLineMonitor | viewPts: cl[1], features: tcpPktSize,
    baseLine: bl(cl[1], tcpPktSize, 1.9940402643238037e-1, 1.01e+2 1.01e+2
    1.01e+2 1.01e+2 1.01e+2 1.01e+2 1.01e+2 1.01e+2 1.01e+2 1.01e+2 1.01e+2
    1.01e+2 1.01e+2 1.01e+2 1.01e+2 1.01e+2 1.01e+2 1.01e+2 1.01e+2 1.01e+2
    1.01e+2 1.01e+2 1.01e+2 1.01e+2 1.01e+2 1.01e+2 1.01e+2 1.01e+2 1.01e+2
    1.01e+2 1.01e+2 1.01e+2 1.01e+2 1.01e+2 1.01e+2 1.01e+2 1.01e+2 1.01e+2
    1.01e+2 1.01e+2 1.01e+2 1.01e+2 1.01e+2 1.01e+2 1.01e+2 1.01e+2 1.01e+2
    1.01e+2 1.01e+2 1.01e+2 1.01e+2 1.01e+2 1.01e+2 1.01e+2 1.01e+2 1.01e+2
    1.01e+2 1.01e+2 1.01e+2 1.01e+2 1.01e+2 1.01e+2 1.01e+2 1.01e+2 1.01e+2
    1.01e+2 1.01e+2 1.01e+2 1.01e+2 1.01e+2 1.01e+2 1.01e+2 1.01e+2 1.01e+2
    1.01e+2 1.01e+2 1.01e+2 1.01e+2 1.01e+2 1.01e+2 1.01e+2 1.01e+2 1.01e+2
    1.01e+2 1.01e+2 1.01e+2 1.01e+2 1.01e+2 1.01e+2 1.01e+2 1.01e+2 1.01e+2
    1.01e+2 1.01e+2 1.01e+2 1.01e+2 1.01e+2 1.01e+2 1.01e+2 1.01e+2 1.01e+2
    1.01e+2 1.01e+2 1.01e+2 1.01e+2 1.01e+2 1.01e+2 1.01e+2 1.01e+2 1.01e+2
    1.01e+2 1.01e+2 1.01e+2 1.01e+2 1.01e+2 1.01e+2 1.01e+2 1.01e+2 1.01e+2
    1.01e+2 1.01e+2 1.01e+2 1.01e+2 1.01e+2 1.01e+2 1.01e+2 1.01e+2 1.01e+2
    1.01e+2 1.01e+2 1.01e+2 1.01e+2 1.01e+2 1.01e+2 1.01e+2 1.01e+2 1.01e+2
    1.01e+2 1.01e+2 1.01e+2 1.01e+2 1.01e+2 1.01e+2 1.01e+2 1.01e+2 1.01e+2
    1.01e+2 1.01e+2 1.01e+2 1.01e+2 1.01e+2 1.01e+2 1.01e+2 1.01e+2 1.01e+2
    1.01e+2 1.01e+2 1.01e+2 1.01e+2 1.01e+2 1.01e+2 1.01e+2 1.01e+2 1.01e+2
    1.01e+2 1.01e+2 1.01e+2 1.01e+2 1.01e+2 1.01e+2 1.01e+2 1.01e+2 1.01e+2
    1.01e+2 1.01e+2 1.01e+2 1.01e+2 1.01e+2 1.01e+2 1.01e+2 1.01e+2 1.01e+2
    1.01e+2 1.01e+2 1.01e+2 1.01e+2 1.01e+2 1.01e+2 1.01e+2 1.01e+2 1.01e+2
    1.01e+2 1.01e+2 1.01e+2 1.01e+2 1.01e+2 1.01e+2 1.01e+2 1.01e+2 1.01e+2
    1.01e+2 1.01e+2 1.01e+2 1.01e+2 1.01e+2 1.01e+2 1.01e+2 1.01e+2 1.01e+2
    1.01e+2 1.01e+2 1.01e+2 1.01e+2 1.01e+2 1.01e+2 1.01e+2 1.01e+2 1.01e+2
    1.01e+2 1.01e+2 1.01e+2 1.01e+2 1.01e+2 1.01e+2 1.01e+2 1.01e+2 1.01e+2
    1.01e+2 1.01e+2 1.01e+2 1.01e+2 1.01e+2 1.01e+2 1.01e+2 1.01e+2 1.01e+2
    1.01e+2 1.01e+2 1.01e+2 1.01e+2 1.01e+2 1.01e+2 1.01e+2 1.01e+2 1.01e+2
    1.01e+2 1.01e+2 1.01e+2 1.01e+2 1.01e+2 1.01e+2 1.01e+2 1.01e+2 1.01e+2
    1.01e+2 1.01e+2 1.01e+2 1.01e+2 1.01e+2 1.01e+2 1.01e+2 1.01e+2 1.01e+2
    1.01e+2 1.01e+2 1.01e+2 1.01e+2 1.01e+2 1.01e+2 1.01e+2 1.01e+2 1.01e+2
    1.01e+2 1.01e+2 1.01e+2 1.01e+2 1.01e+2 1.01e+2 1.01e+2 1.01e+2 1.01e+2
    1.01e+2 1.01e+2 1.01e+2 1.01e+2 1.01e+2 1.01e+2 1.01e+2 1.01e+2 1.01e+2
    1.01e+2 1.01e+2 1.01e+2 1.01e+2 1.01e+2 1.01e+2 1.01e+2 1.01e+2 1.01e+2
    1.01e+2 1.01e+2 1.01e+2 1.01e+2 1.01e+2 1.01e+2 1.01e+2 1.01e+2 1.01e+2
    1.01e+2 1.01e+2 1.01e+2 1.01e+2 1.01e+2 1.01e+2 1.01e+2 1.01e+2 1.01e+2
    1.01e+2 1.01e+2 1.01e+2 1.01e+2 1.01e+2 1.01e+2 1.01e+2 1.01e+2 1.01e+2
    1.01e+2 1.01e+2 1.01e+2 1.01e+2 1.01e+2 1.01e+2 1.01e+2 1.01e+2 1.01e+2
    1.01e+2 1.01e+2 1.01e+2 1.01e+2 1.01e+2 1.01e+2 1.01e+2 1.01e+2 1.01e+2
    1.01e+2 1.01e+2 1.01e+2 1.01e+2 1.01e+2 1.01e+2 1.01e+2 1.01e+2 1.01e+2
    1.01e+2 1.01e+2 1.01e+2 1.01e+2 1.01e+2 1.01e+2 1.01e+2 1.01e+2 1.01e+2
    1.01e+2 1.01e+2 1.01e+2 1.01e+2 1.01e+2 1.01e+2 1.01e+2 1.01e+2 1.01e+2
    1.01e+2 1.01e+2 1.01e+2 1.01e+2 1.01e+2 1.01e+2 1.01e+2 1.01e+2 1.01e+2
    1.01e+2 1.01e+2 1.01e+2 1.01e+2 1.01e+2 1.01e+2 1.01e+2 1.01e+2 1.01e+2
    1.01e+2 1.01e+2 1.01e+2 1.01e+2 1.01e+2 1.01e+2 1.01e+2 1.01e+2 1.01e+2
    1.01e+2 1.01e+2 1.01e+2 1.01e+2 1.01e+2 1.01e+2 1.01e+2 1.01e+2 1.01e+2
    1.01e+2 1.01e+2 1.01e+2 1.01e+2 1.01e+2 1.01e+2 1.01e+2 1.01e+2 1.01e+2
    1.01e+2 1.01e+2 1.01e+2 1.01e+2 1.01e+2 1.01e+2 1.01e+2 1.01e+2 1.01e+2
    1.01e+2 1.01e+2 1.01e+2 1.01e+2 1.01e+2 1.01e+2 1.01e+2 1.01e+2 1.01e+2
    1.01e+2 1.01e+2 1.01e+2 1.01e+2 1.01e+2 1.01e+2 1.01e+2 1.01e+2 1.01e+2
    1.01e+2 1.01e+2 1.01e+2 1.01e+2 1.01e+2 1.01e+2 1.01e+2 1.01e+2 1.01e+2
    1.01e+2 1.01e+2 1.01e+2 1.01e+2 1.01e+2 1.01e+2 1.01e+2 1.01e+2 1.01e+2
    1.01e+2 1.01e+2 1.01e+2 1.01e+2 1.01e+2 1.01e+2 1.01e+2 1.01e+2 1.01e+2
    1.01e+2 1.01e+2 1.01e+2 1.01e+2 1.01e+2 1.01e+2 1.01e+2 1.01e+2 1.01e+2
    1.01e+2 1.01e+2 1.01e+2 1.01e+2 1.01e+2 1.01e+2 1.01e+2 1.01e+2 1.01e+2
    1.01e+2 1.01e+2 1.01e+2 1.01e+2 1.01e+2 1.01e+2 1.01e+2 1.01e+2 1.01e+2
    1.01e+2 1.01e+2 1.01e+2 1.01e+2 1.01e+2 1.01e+2 1.01e+2 1.01e+2 1.01e+2
    1.01e+2 1.01e+2 1.01e+2 1.01e+2 1.01e+2 1.01e+2 1.01e+2 1.01e+2 1.01e+2
    1.01e+2 1.01e+2 1.01e+2 1.01e+2 1.01e+2 1.01e+2 1.01e+2 1.01e+2 1.01e+2
    1.01e+2 1.01e+2 1.01e+2 1.01e+2 1.01e+2 1.01e+2 1.01e+2 1.01e+2 1.01e+2
    1.01e+2 1.01e+2 1.01e+2 1.01e+2 1.01e+2 1.01e+2 1.01e+2 1.01e+2 1.01e+2
    1.01e+2 1.01e+2 1.01e+2 1.01e+2 1.01e+2 1.01e+2 1.01e+2 1.01e+2 1.01e+2
    1.01e+2 1.01e+2 1.01e+2 1.01e+2 1.01e+2 1.01e+2 1.01e+2 1.01e+2 1.01e+2
    1.01e+2 1.01e+2 1.01e+2 1.01e+2 1.01e+2 1.01e+2 1.01e+2 1.01e+2 1.01e+2
    1.01e+2 1.01e+2 1.01e+2 1.01e+2 1.01e+2 1.01e+2 1.01e+2 1.01e+2 1.01e+2
    1.01e+2 1.01e+2 1.01e+2 1.01e+2 1.01e+2 1.01e+2 1.01e+2 1.01e+2 1.01e+2
    1.01e+2 1.01e+2 1.01e+2 1.01e+2 1.01e+2 1.01e+2 1.01e+2 1.01e+2 1.01e+2
    1.01e+2 1.01e+2 1.01e+2 1.01e+2 1.01e+2 1.01e+2 1.01e+2 1.01e+2 1.01e+2
    1.01e+2 1.01e+2 1.01e+2 1.01e+2 1.01e+2 1.01e+2 1.01e+2 1.01e+2 1.01e+2
    1.01e+2 1.01e+2 1.01e+2 1.01e+2 1.01e+2 1.01e+2 1.01e+2 1.01e+2 1.01e+2
    1.01e+2 1.01e+2 1.01e+2 1.01e+2 1.01e+2 1.01e+2 1.01e+2 1.01e+2 1.01e+2
    1.01e+2 1.01e+2 1.01e+2 1.01e+2 1.01e+2 1.01e+2 1.01e+2 1.01e+2 1.01e+2
    1.01e+2 1.01e+2 1.01e+2 1.01e+2 1.01e+2 1.01e+2 1.01e+2 1.01e+2 1.01e+2
    1.01e+2 1.01e+2 1.01e+2 1.01e+2 1.01e+2 1.01e+2 1.01e+2 1.01e+2 1.01e+2
    1.01e+2 1.01e+2 1.01e+2 1.01e+2 1.01e+2 1.01e+2 1.01e+2 1.01e+2 1.01e+2
    1.01e+2 1.01e+2 1.01e+2 1.01e+2 1.01e+2 1.01e+2 1.01e+2 1.01e+2 1.01e+2
    1.01e+2 1.01e+2 1.01e+2 1.01e+2 1.01e+2 1.01e+2 1.01e+2 1.01e+2 1.01e+2
    1.01e+2 1.01e+2 1.01e+2 1.01e+2 1.01e+2 1.01e+2 1.01e+2 1.01e+2 1.01e+2
    1.01e+2 1.01e+2 1.01e+2 1.01e+2 1.01e+2 1.01e+2 1.01e+2 1.01e+2 1.01e+2
    1.01e+2 1.01e+2 1.01e+2 1.01e+2 1.01e+2 1.01e+2 1.01e+2 1.01e+2 1.01e+2
    1.01e+2 1.01e+2 1.01e+2 1.01e+2 1.01e+2 1.01e+2 1.01e+2 1.01e+2 1.01e+2
    1.01e+2 1.01e+2 1.01e+2 1.01e+2 1.01e+2 1.01e+2 1.01e+2 1.01e+2 1.01e+2
    1.01e+2 1.01e+2 1.01e+2 1.01e+2 1.01e+2 1.01e+2 1.01e+2 1.01e+2 1.01e+2
    1.01e+2 1.01e+2 1.01e+2 1.01e+2 1.01e+2 1.01e+2 1.01e+2 1.01e+2 1.01e+2
    1.01e+2 1.01e+2 1.01e+2 1.01e+2 1.01e+2 1.01e+2 1.01e+2 1.01e+2 1.01e+2
    1.01e+2 1.01e+2 1.01e+2 1.01e+2 1.01e+2 1.01e+2 1.01e+2 1.01e+2 1.01e+2
    1.01e+2 1.01e+2 1.01e+2 1.01e+2 1.01e+2 1.01e+2 1.01e+2 1.01e+2 1.01e+2
    1.01e+2 1.01e+2 1.01e+2 1.01e+2 1.01e+2 1.01e+2 1.01e+2 1.01e+2 1.01e+2
    1.01e+2 1.01e+2 1.01e+2 1.01e+2 1.01e+2 1.01e+2 1.01e+2 1.01e+2 1.01e+2
    1.01e+2 1.01e+2 1.01e+2 1.01e+2 1.01e+2 1.01e+2 1.01e+2 1.01e+2 1.01e+2
    1.01e+2 1.01e+2 1.01e+2 1.01e+2 1.01e+2 1.01e+2 1.01e+2 1.01e+2 1.01e+2
    1.01e+2 1.01e+2 1.01e+2 1.01e+2 1.01e+2 1.01e+2 1.01e+2 1.01e+2 1.01e+2
    1.01e+2 1.01e+2 1.01e+2 1.01e+2 1.01e+2 1.01e+2 1.01e+2 1.01e+2 1.01e+2
    1.01e+2 1.01e+2 1.01e+2 1.01e+2 1.01e+2 1.01e+2 1.01e+2 1.01e+2 1.01e+2
    1.01e+2 1.01e+2 1.01e+2 1.01e+2 1.01e+2 1.01e+2 1.01e+2 1.01e+2 1.01e+2
    1.01e+2 1.01e+2 1.01e+2 1.01e+2 1.01e+2 1.01e+2 1.01e+2 1.01e+2 1.01e+2
    1.01e+2 1.01e+2 1.01e+2 1.01e+2 1.01e+2 1.01e+2 1.01e+2 1.01e+2 1.01e+2
    1.01e+2 1.01e+2 1.01e+2 1.01e+2 1.01e+2 1.01e+2 1.01e+2 1.01e+2 1.01e+2
    1.01e+2 1.01e+2 1.01e+2 1.01e+2 1.01e+2 1.01e+2 1.01e+2 1.01e+2 1.01e+2
    1.01e+2 1.01e+2 1.01e+2 1.01e+2 1.01e+2 1.01e+2 1.01e+2 1.01e+2 1.01e+2
    1.01e+2 1.01e+2 1.01e+2 1.01e+2 1.01e+2 1.01e+2 1.01e+2 1.01e+2 1.01e+2
    1.01e+2 1.01e+2 1.01e+2 1.01e+2 1.01e+2 1.01e+2 1.01e+2 1.01e+2 1.01e+2
    1.01e+2 1.01e+2 1.01e+2 1.01e+2 1.01e+2 1.01e+2 1.01e+2 1.01e+2 1.01e+2
    1.01e+2 1.01e+2 1.01e+2 1.01e+2 1.01e+2 1.01e+2 1.01e+2 1.01e+2 1.01e+2
    1.01e+2 1.01e+2 1.01e+2 1.01e+2 1.01e+2 1.01e+2 1.01e+2 1.01e+2 1.01e+2
    1.01e+2 1.01e+2 1.01e+2 1.01e+2 1.01e+2 1.01e+2 1.01e+2 1.01e+2 1.01e+2
    1.01e+2 1.01e+2 1.01e+2 1.01e+2 1.01e+2 1.01e+2 1.01e+2 1.01e+2 1.01e+2
    1.01e+2 1.01e+2 1.01e+2 1.01e+2 1.01e+2 1.01e+2 1.01e+2 1.01e+2 1.01e+2
    1.01e+2 1.01e+2 1.01e+2 1.01e+2 1.01e+2 1.01e+2 1.01e+2 1.01e+2 1.01e+2
    1.01e+2 1.01e+2 1.01e+2 1.01e+2 1.01e+2 1.01e+2 1.01e+2 1.01e+2 1.01e+2
    1.01e+2 1.01e+2 1.01e+2 1.01e+2 1.01e+2 1.01e+2 1.01e+2 1.01e+2 1.01e+2
    1.01e+2 1.01e+2 1.01e+2 1.01e+2 1.01e+2 1.01e+2 1.01e+2 1.01e+2 1.01e+2
    1.01e+2 1.01e+2 1.01e+2 1.01e+2 1.01e+2 1.01e+2 1.01e+2 1.01e+2 1.01e+2
    1.01e+2 1.01e+2 1.01e+2 1.01e+2 1.01e+2 1.01e+2 1.01e+2 1.01e+2 1.01e+2
    1.01e+2 1.01e+2 1.01e+2 1.01e+2 1.01e+2 1.01e+2 1.01e+2 1.01e+2 1.01e+2
    1.01e+2 1.01e+2 1.01e+2 1.01e+2 1.01e+2 1.01e+2 1.01e+2 1.01e+2 1.01e+2
    1.01e+2 1.01e+2 1.01e+2 1.01e+2 1.01e+2 1.01e+2 1.01e+2 1.01e+2 1.01e+2
    1.01e+2 1.01e+2 1.01e+2 1.01e+2 1.01e+2 1.01e+2 1.01e+2 1.01e+2 1.01e+2
    1.01e+2 1.01e+2 1.01e+2 1.01e+2 1.01e+2 1.01e+2 1.01e+2 1.01e+2 1.01e+2
    1.01e+2 1.01e+2 1.01e+2 1.01e+2 1.01e+2 1.01e+2 1.01e+2 1.01e+2 1.01e+2
    1.01e+2 1.01e+2 1.01e+2 1.01e+2 1.01e+2 1.01e+2 1.01e+2 1.01e+2 1.01e+2
    1.01e+2 1.01e+2 1.01e+2 1.01e+2 1.01e+2 1.01e+2 1.01e+2 1.01e+2 1.01e+2
    1.01e+2 1.01e+2 1.01e+2 1.01e+2 1.01e+2 1.01e+2 1.01e+2 1.01e+2 1.01e+2
    1.01e+2 1.01e+2 1.01e+2 1.01e+2 1.01e+2 1.01e+2 1.01e+2 1.01e+2 1.01e+2
    1.01e+2 1.01e+2 1.01e+2 1.01e+2 1.01e+2 1.01e+2 1.01e+2 1.01e+2 1.01e+2
    1.01e+2 1.01e+2 1.01e+2 1.01e+2 1.01e+2 1.01e+2 1.01e+2 1.01e+2 1.01e+2
    1.01e+2 1.01e+2 1.01e+2 1.01e+2 1.01e+2 1.01e+2 1.01e+2 1.01e+2 1.01e+2
    1.01e+2 1.01e+2 1.01e+2 1.01e+2 1.01e+2 1.01e+2 1.01e+2 1.01e+2 1.01e+2
    1.01e+2 1.01e+2 1.01e+2 1.01e+2 1.01e+2 1.01e+2 1.01e+2 1.01e+2 1.01e+2
    1.01e+2 1.01e+2 1.01e+2 1.01e+2 1.01e+2 1.01e+2 1.01e+2 1.01e+2 1.01e+2
    1.01e+2 1.01e+2 1.01e+2 1.01e+2 1.01e+2 1.01e+2 1.01e+2 1.01e+2 1.01e+2
    1.01e+2 1.01e+2 1.01e+2 1.01e+2 1.01e+2 1.01e+2 1.01e+2 1.01e+2 1.01e+2
    1.01e+2 1.01e+2 1.01e+2 1.01e+2 1.01e+2 1.01e+2 1.01e+2 1.01e+2 1.01e+2
    1.01e+2 1.01e+2 1.01e+2 1.01e+2 1.01e+2 1.01e+2 1.01e+2 1.01e+2 1.01e+2
    1.01e+2 1.01e+2 1.01e+2 1.01e+2 1.01e+2 1.01e+2 1.01e+2 1.01e+2 1.01e+2
    1.01e+2 1.01e+2 1.01e+2 1.01e+2 1.01e+2 1.01e+2 1.01e+2 1.01e+2 1.01e+2
    1.01e+2 1.01e+2 1.01e+2 1.01e+2 1.01e+2 1.01e+2 1.01e+2 1.01e+2 1.01e+2
    1.01e+2 1.01e+2 1.01e+2 1.01e+2 1.01e+2 1.01e+2 1.01e+2 1.01e+2 1.01e+2
    1.01e+2 1.01e+2 1.01e+2 1.01e+2 1.01e+2 1.01e+2 1.01e+2 1.01e+2 1.01e+2
    1.01e+2 1.01e+2 1.01e+2 1.01e+2 1.01e+2 1.01e+2 1.01e+2 1.01e+2 1.01e+2
    1.01e+2 1.01e+2 1.01e+2 1.01e+2 1.01e+2 1.01e+2 1.01e+2 1.01e+2 1.01e+2
    1.01e+2 1.01e+2 1.01e+2 1.01e+2 1.01e+2 1.01e+2 1.01e+2 1.01e+2 1.01e+2
    1.01e+2 1.01e+2 1.01e+2 1.01e+2 1.01e+2 1.01e+2 1.01e+2 1.01e+2 1.01e+2
    1.01e+2 1.01e+2 1.01e+2 1.01e+2 1.01e+2 1.01e+2 1.01e+2 1.01e+2 1.01e+2
    1.01e+2 1.01e+2 1.01e+2 1.01e+2 1.01e+2 1.01e+2 1.01e+2 1.01e+2 1.01e+2
    1.01e+2 1.01e+2 1.01e+2 1.01e+2 1.01e+2 1.01e+2 1.01e+2 1.01e+2 1.01e+2
    1.01e+2 1.01e+2 1.01e+2 1.01e+2 1.01e+2 1.01e+2 1.01e+2 1.01e+2 1.01e+2
    1.01e+2 1.01e+2 1.01e+2 1.01e+2 1.01e+2 1.01e+2 1.01e+2 1.01e+2 1.01e+2
    1.01e+2 1.01e+2 1.01e+2 1.01e+2 1.01e+2 1.01e+2 1.01e+2 1.01e+2 1.01e+2
    1.01e+2 1.01e+2 1.01e+2 1.01e+2 1.01e+2 1.01e+2 1.01e+2 1.01e+2 1.01e+2
    1.01e+2 1.01e+2 1.01e+2 1.01e+2 1.01e+2 1.01e+2 1.01e+2 1.01e+2 1.01e+2
    1.01e+2 1.01e+2 1.01e+2 1.01e+2 1.01e+2 1.01e+2 1.01e+2 1.01e+2 1.01e+2
    1.01e+2 1.01e+2 1.01e+2 1.01e+2 1.01e+2 1.01e+2 1.01e+2 1.01e+2 1.01e+2
    1.01e+2 1.01e+2 1.01e+2 1.01e+2 1.01e+2 1.01e+2 1.01e+2 1.01e+2 1.01e+2
    1.01e+2 1.01e+2 1.01e+2 1.01e+2 1.01e+2 1.01e+2 1.01e+2 1.01e+2 1.01e+2
    1.01e+2 1.01e+2 1.01e+2 1.01e+2 1.01e+2 1.01e+2 1.01e+2 1.01e+2 1.01e+2
    1.01e+2 1.01e+2 1.01e+2 1.01e+2 1.01e+2 1.0114285714285714e+2 1.012e+2
    1.0133333333333333e+2 1.0140000000000001e+2 1.015e+2 1.0166666666666667e+2
    1.0166666666666667e+2 1.0166666666666667e+2 1.0175e+2 1.018e+2 1.02e+2
    1.02e+2 1.02e+2 1.02e+2 1.02e+2 1.02e+2 1.02e+2 1.02e+2 1.02e+2 1.02e+2
    1.02e+2 1.02e+2 1.02e+2 1.02e+2 1.02e+2 1.02e+2 1.02e+2 1.02e+2 1.02e+2
    1.02e+2 1.02e+2 1.02e+2 1.02e+2 1.02e+2 1.02e+2 1.02e+2 1.02e+2 1.02e+2
    1.02e+2 1.02e+2 1.02e+2 1.02e+2 1.02e+2 1.02e+2 1.02e+2 1.02e+2 1.02e+2
    1.02e+2 1.02e+2 1.02e+2 1.02e+2 1.02e+2 1.02e+2 1.02e+2 1.02e+2 1.02e+2
    1.02e+2 1.02e+2 1.02e+2 1.02e+2 1.02e+2 1.02e+2 1.02e+2 1.02e+2 1.02e+2
    1.02e+2 1.02e+2 1.02e+2 1.02e+2 1.02e+2 1.02e+2 1.02e+2 1.02e+2 1.02e+2
    1.02e+2 1.02e+2 1.02e+2 1.02e+2 1.02e+2 1.02e+2 1.02e+2 1.02e+2 1.02e+2
    1.02e+2 1.02e+2 1.02e+2 1.02e+2 1.02e+2 1.02e+2 1.02e+2 1.02e+2 1.02e+2
    1.02e+2 1.02e+2 1.02e+2 1.02e+2 1.02e+2 1.02e+2 1.02e+2 1.02e+2 1.02e+2
    1.02e+2 1.02e+2 1.02e+2 1.02e+2 1.02e+2 1.02e+2 1.02e+2 1.02e+2 1.02e+2
    1.02e+2 1.02e+2 1.02e+2 1.02e+2 1.02e+2 1.02e+2 1.02e+2 1.02e+2 1.02e+2
    1.02e+2 1.02e+2 1.02e+2 1.02e+2 1.02e+2 1.02e+2 1.02e+2 1.02e+2 1.02e+2
    1.02e+2 1.02e+2 1.02e+2 1.02e+2 1.02e+2 1.02e+2 1.02e+2 1.02e+2 1.02e+2
    1.02e+2 1.02e+2 1.02e+2 1.02e+2 1.02e+2 1.02e+2 1.02e+2 1.02e+2 1.02e+2
    1.02e+2 1.02e+2 1.02e+2 1.02e+2 1.02e+2 1.02e+2 1.02e+2 1.02e+2 1.02e+2
    1.02e+2 1.02e+2 1.02e+2 1.02e+2 1.02e+2 1.02e+2 1.02e+2 1.02e+2 1.02e+2
    1.02e+2 1.02e+2 1.02e+2 1.02e+2 1.02e+2 1.02e+2 1.02e+2 1.02e+2 1.02e+2
    1.02e+2 1.02e+2 1.02e+2 1.02e+2 1.02e+2 1.02e+2 1.02e+2 1.02e+2 1.02e+2
    1.02e+2 1.02e+2 1.02e+2 1.02e+2 1.02e+2 1.02e+2 1.02e+2 1.02e+2 1.02e+2
    1.02e+2 1.02e+2 1.02e+2 1.02e+2 1.02e+2 1.02e+2 1.02e+2 1.02e+2 1.02e+2
    1.02e+2 1.02e+2 1.02e+2 1.02e+2 1.02e+2 1.02e+2 1.02e+2 1.02e+2 1.02e+2
    1.02e+2 1.02e+2 1.02e+2 1.02e+2 1.02e+2 1.02e+2 1.02e+2 1.02e+2 1.02e+2
    1.02e+2 1.02e+2 1.02e+2 1.02e+2 1.02e+2 1.02e+2 1.02e+2 1.02e+2 1.02e+2
    1.02e+2 1.02e+2 1.02e+2 1.02e+2 1.02e+2 1.02e+2 1.02e+2 1.02e+2 1.02e+2
    1.02e+2 1.02e+2 1.02e+2 1.02e+2 1.02e+2 1.02e+2 1.02e+2 1.02e+2 1.02e+2
    1.02e+2 1.02e+2 1.02e+2 1.02e+2 1.02e+2 1.02e+2 1.02e+2 1.02e+2 1.02e+2
    1.02e+2 1.02e+2 1.02e+2 1.02e+2 1.02e+2 1.02e+2 1.02e+2 1.02e+2 1.02e+2
    1.02e+2 1.02e+2 1.02e+2 1.02e+2 1.02e+2 1.02e+2 1.02e+2 1.02e+2 1.02e+2
    1.02e+2 1.02e+2 1.02e+2 1.02e+2 1.02e+2 1.02e+2 1.02e+2 1.02e+2 1.02e+2
    1.02e+2 1.02e+2 1.02e+2 1.02e+2 1.02e+2 1.02e+2 1.02e+2 1.02e+2 1.02e+2
    1.02e+2 1.02e+2 1.02e+2 1.02e+2 1.02e+2 1.02e+2 1.02e+2 1.02e+2 1.02e+2
    1.02e+2 1.02e+2 1.02e+2 1.02e+2 1.02e+2 1.02e+2 1.02e+2 1.02e+2 1.02e+2
    1.02e+2 1.02e+2 1.02e+2 1.02e+2 1.02e+2 1.02e+2 1.02e+2 1.02e+2 1.02e+2
    1.02e+2 1.02e+2 1.02e+2 1.02e+2 1.02e+2 1.02e+2 1.02e+2 1.02e+2 1.02e+2
    1.02e+2 1.02e+2 1.02e+2 1.02e+2 1.02e+2 1.02e+2 1.02e+2 1.02e+2 1.02e+2
    1.02e+2 1.02e+2 1.02e+2 1.02e+2 1.02e+2 1.02e+2 1.02e+2 1.02e+2 1.02e+2
    1.02e+2 1.02e+2 1.02e+2 1.02e+2 1.02e+2 1.02e+2 1.02e+2 1.02e+2 1.02e+2
    1.02e+2 1.02e+2 1.02e+2 1.02e+2 1.02e+2 1.02e+2 1.02e+2 1.02e+2 1.02e+2
    1.02e+2 1.02e+2 1.02e+2 1.02e+2 1.02e+2 1.02e+2 1.02e+2 1.02e+2 1.02e+2
    1.02e+2 1.02e+2 1.02e+2 1.02e+2 1.02e+2 1.02e+2 1.02e+2 1.02e+2 1.02e+2
    1.02e+2 1.02e+2 1.02e+2 1.02e+2 1.02e+2 1.02e+2 1.02e+2 1.02e+2 1.02e+2
    1.02e+2 1.02e+2 1.02e+2 1.02e+2 1.02e+2 1.02e+2 1.02e+2 1.02e+2 1.02e+2
    1.02e+2 1.02e+2 1.02e+2 1.02e+2 1.02e+2 1.02e+2 1.02e+2 1.02e+2 1.02e+2
    1.02e+2 1.02e+2 1.02e+2 1.02e+2 1.02e+2 1.02e+2 1.02e+2 1.02e+2 1.02e+2
    1.02e+2 1.02e+2 1.02e+2 1.02e+2 1.02e+2 1.02e+2 1.02e+2 1.02e+2 1.02e+2
    1.02e+2 1.02e+2 1.02e+2 1.02e+2 1.02e+2 1.02e+2 1.02e+2 1.02e+2 1.02e+2
    1.02e+2 1.02e+2 1.02e+2 1.02e+2 1.02e+2 1.02e+2 1.02e+2 1.02e+2 1.02e+2
    1.02e+2 1.02e+2 1.02e+2 1.02e+2 1.02e+2 1.02e+2 1.02e+2 1.02e+2 1.02e+2
    1.02e+2 1.02e+2 1.02e+2 1.02e+2 1.02e+2 1.02e+2 1.02e+2 1.02e+2 1.02e+2
    1.02e+2 1.02e+2 1.02e+2 1.02e+2 1.02e+2 1.02e+2 1.02e+2 1.02e+2 1.02e+2
    1.02e+2 1.02e+2 1.02e+2 1.02e+2 1.02e+2 1.02e+2 1.02e+2
    1.0216666666666667e+2 1.022e+2 1.0228571428571429e+2 1.0233333333333333e+2
    1.0240000000000001e+2 1.025e+2 1.025e+2 1.025e+2 1.0266666666666667e+2
    1.0266666666666667e+2 1.028e+2 1.0285714285714286e+2 1.0285714285714286e+2
    1.03e+2 1.03e+2 1.03e+2 1.03e+2 1.03e+2 1.03e+2 1.03e+2
    1.0314285714285714e+2 1.0314285714285714e+2 1.0325e+2 1.0325e+2
    1.0333333333333333e+2 1.0333333333333333e+2 1.0340000000000001e+2
    1.0342857142857143e+2 1.0342857142857143e+2 1.0342857142857143e+2
    1.0357142857142857e+2 1.0357142857142857e+2 1.0359999999999999e+2
    1.0366666666666667e+2 1.0371428571428571e+2 1.0375e+2 1.0375e+2 1.038e+2
    1.0383333333333333e+2 1.04e+2 1.04e+2 1.04e+2 1.04e+2 1.04e+2 1.04e+2
    1.04e+2 1.0416666666666667e+2 1.0416666666666667e+2 1.042e+2
    1.0428571428571429e+2 1.0433333333333333e+2 1.0433333333333333e+2
    1.0433333333333333e+2 1.0441666666666667e+2 1.045e+2 1.045e+2 1.045e+2
    1.045e+2 1.0457142857142857e+2 1.0459999999999999e+2 1.04625e+2
    1.0466666666666667e+2 1.0466666666666667e+2 1.048e+2 1.0485714285714286e+2
    1.0490000000000001e+2 1.05e+2 1.05e+2 1.05e+2 1.05e+2 1.05e+2 1.05e+2
    1.0514285714285714e+2 1.052e+2 1.052e+2 1.0528571428571429e+2
    1.0533333333333333e+2 1.0533333333333333e+2 1.0540000000000001e+2 1.055e+2
    1.055e+2 1.055e+2 1.055e+2 1.0557142857142857e+2 1.0566666666666667e+2
    1.0571428571428571e+2 1.0572727272727273e+2 1.0575e+2 1.0575e+2 1.0575e+2
    1.0575e+2 1.058e+2 1.0583333333333333e+2 1.05875e+2 1.06e+2 1.06e+2 1.06e+2
    1.06e+2 1.06e+2 1.06e+2 1.06e+2 1.06e+2 1.06e+2 1.06e+2 1.06125e+2 1.062e+2
    1.062e+2 1.0633333333333333e+2 1.0633333333333333e+2 1.0640000000000001e+2
    1.0666666666666667e+2 1.0675e+2 1.0676923076923077e+2 1.06875e+2 1.07e+2
    1.07e+2 1.07e+2 1.07e+2 1.07e+2 1.07e+2 1.07e+2 1.07e+2 1.07e+2 1.07e+2
    1.07e+2 1.0718181818181819e+2 1.0725e+2 1.0728571428571429e+2
    1.0733333333333333e+2 1.0733333333333333e+2 1.0744444444444444e+2 1.075e+2
    1.075e+2 1.075e+2 1.0758333333333333e+2 1.0766666666666667e+2 1.0775e+2
    1.0775e+2 1.0775e+2 1.078e+2 1.078e+2 1.0783333333333333e+2 1.08e+2 1.08e+2
    1.08e+2 1.08e+2 1.08e+2 1.08e+2 1.08e+2 1.08e+2 1.082e+2
    1.0828571428571429e+2 1.0833333333333333e+2 1.0840000000000001e+2
    1.0842857142857143e+2 1.085e+2 1.085e+2 1.085e+2 1.0857142857142857e+2
    1.0859999999999999e+2 1.0866666666666667e+2 1.0866666666666667e+2
    1.0866666666666667e+2 1.0871428571428571e+2 1.0871428571428571e+2 1.0875e+2
    1.088e+2 1.0883333333333333e+2 1.08875e+2 1.09e+2 1.09e+2 1.09e+2 1.09e+2
    1.09e+2 1.09e+2 1.0914285714285714e+2 1.0916666666666667e+2 1.092e+2
    1.0925e+2 1.0925e+2 1.0928571428571429e+2 1.0933333333333333e+2
    1.0933333333333333e+2 1.0940000000000001e+2 1.0940000000000001e+2 1.095e+2
    1.095e+2 1.095e+2 1.095e+2 1.095e+2 1.0957142857142857e+2
    1.0959999999999999e+2 1.0959999999999999e+2 1.0959999999999999e+2
    1.0966666666666667e+2 1.0966666666666667e+2 1.098e+2 1.098e+2
    1.0983333333333333e+2 1.0985714285714286e+2 1.0988888888888889e+2 1.1e+2
    1.1e+2 1.1e+2 1.1e+2 1.1e+2 1.1e+2 1.1e+2 1.102e+2 1.1025e+2
    1.1033333333333333e+2 1.1033333333333333e+2 1.1033333333333333e+2
    1.10375e+2 1.1040000000000001e+2 1.1042857142857143e+2 1.105e+2
    1.1059999999999999e+2 1.1066666666666667e+2 1.1066666666666667e+2
    1.1066666666666667e+2 1.1075e+2 1.1075e+2 1.1075e+2 1.1075e+2 1.108e+2
    1.1085714285714286e+2 1.11e+2 1.11e+2 1.11e+2 1.11e+2 1.11e+2 1.11e+2
    1.11e+2 1.11e+2 1.1108333333333333e+2 1.1114285714285714e+2 1.112e+2
    1.1125e+2 1.1125e+2 1.1128571428571429e+2 1.1133333333333333e+2
    1.1133333333333333e+2 1.1133333333333333e+2 1.1133333333333333e+2
    1.1140000000000001e+2 1.1140000000000001e+2 1.1140000000000001e+2 1.115e+2
    1.115e+2 1.115e+2 1.1157142857142857e+2 1.1157142857142857e+2
    1.1166666666666667e+2 1.1166666666666667e+2 1.1171428571428571e+2 1.1175e+2
    1.1183333333333333e+2 1.1190000000000001e+2 1.12e+2 1.12e+2 1.12e+2 1.12e+2
    1.12e+2 1.12e+2 1.12e+2 1.1214285714285714e+2 1.1216666666666667e+2
    1.122e+2 1.122e+2 1.1225e+2 1.1225e+2 1.1225e+2 1.1233333333333333e+2
    1.1240000000000001e+2 1.1240000000000001e+2 1.1244444444444444e+2 1.125e+2
    1.125e+2 1.125e+2 1.1257142857142857e+2 1.1259999999999999e+2
    1.1266666666666667e+2 1.1275e+2 1.128e+2 1.13e+2 1.13e+2 1.13e+2 1.13e+2
    1.13e+2 1.13e+2 1.13e+2 1.13e+2 1.13e+2 1.13e+2 1.13e+2 1.13e+2
    1.1314285714285714e+2 1.1316666666666667e+2 1.132e+2 1.1322222222222223e+2
    1.1328571428571429e+2 1.1335714285714286e+2 1.1340000000000001e+2
    1.1340000000000001e+2 1.1340000000000001e+2 1.1344444444444444e+2 1.135e+2
    1.135e+2 1.13625e+2 1.13625e+2 1.1366666666666667e+2 1.1366666666666667e+2
    1.1366666666666667e+2 1.1375e+2 1.1375e+2 1.1375e+2 1.1375e+2 1.138e+2
    1.138e+2 1.1385714285714286e+2 1.1391666666666667e+2 1.14e+2 1.14e+2
    1.14e+2 1.14e+2 1.14e+2 1.14e+2 1.14e+2 1.14e+2 1.14e+2 1.14e+2
    1.1411111111111111e+2 1.1414285714285714e+2 1.1416666666666667e+2
    1.1422222222222223e+2 1.1425e+2 1.1428571428571429e+2 1.1433333333333333e+2
    1.1433333333333333e+2 1.1442857142857143e+2 1.145e+2 1.1459999999999999e+2
    1.14625e+2 1.1466666666666667e+2 1.1466666666666667e+2 1.1475e+2 1.148e+2
    1.15e+2 1.15e+2 1.15e+2 1.15e+2 1.15e+2 1.15e+2 1.15e+2 1.15e+2 1.15e+2
    1.15e+2 1.1509999999999999e+2 1.1516666666666667e+2 1.151875e+2
    1.1528571428571429e+2 1.1533333333333333e+2 1.155e+2 1.155e+2 1.155e+2
    1.155e+2 1.1559999999999999e+2 1.1559999999999999e+2 1.15625e+2
    1.1566666666666667e+2 1.1566666666666667e+2 1.1566666666666667e+2 1.1575e+2
    1.1583333333333333e+2 1.15875e+2 1.16e+2 1.16e+2 1.16e+2 1.16e+2 1.16e+2
    1.16e+2 1.16e+2 1.16e+2 1.16e+2 1.16e+2 1.16e+2 1.1609999999999999e+2
    1.1616666666666667e+2 1.162e+2 1.1625e+2 1.1628571428571429e+2
    1.1628571428571429e+2 1.163e+2 1.1633333333333333e+2 1.16375e+2
    1.1640000000000001e+2 1.1640000000000001e+2 1.1642857142857143e+2 1.165e+2
    1.165e+2 1.165e+2 1.165e+2 1.165e+2 1.16625e+2 1.1666666666666667e+2
    1.1666666666666667e+2 1.1666666666666667e+2 1.1666666666666667e+2 1.1675e+2
    1.168e+2 1.168e+2 1.1683333333333333e+2 1.1683333333333333e+2
    1.1685714285714286e+2 1.17e+2 1.17e+2 1.17e+2 1.17e+2 1.17e+2 1.17e+2
    1.17e+2 1.1714285714285714e+2 1.1716666666666667e+2 1.172e+2
    1.1728571428571429e+2 1.1733333333333333e+2 1.1733333333333333e+2
    1.17375e+2 1.1740000000000001e+2 1.1742857142857143e+2 1.175e+2 1.175e+2
    1.175e+2 1.175e+2 1.1757142857142857e+2 1.1759999999999999e+2
    1.1766666666666667e+2 1.1766666666666667e+2 1.1775e+2 1.178e+2 1.178e+2
    1.1783333333333333e+2 1.1785714285714286e+2 1.1785714285714286e+2
    1.1790000000000001e+2 1.18e+2 1.18e+2 1.18e+2 1.18e+2 1.18e+2 1.18e+2
    1.1816666666666667e+2 1.182e+2 1.183e+2 1.1833333333333333e+2
    1.1833333333333333e+2 1.1833333333333333e+2 1.18375e+2
    1.1840000000000001e+2 1.185e+2 1.185e+2 1.185e+2 1.1859999999999999e+2
    1.18625e+2 1.18625e+2 1.1866666666666667e+2 1.187e+2 1.1875e+2 1.1875e+2
    1.188e+2 1.188e+2 1.1883333333333333e+2 1.1885714285714286e+2 1.19e+2
    1.19e+2 1.19e+2 1.19e+2 1.19e+2 1.19e+2 1.19e+2 1.1914285714285714e+2
    1.1916666666666667e+2 1.192e+2 1.192e+2 1.1925e+2 1.1925e+2 1.1925e+2
    1.1933333333333333e+2 1.1933333333333333e+2 1.1933333333333333e+2
    1.1940000000000001e+2 1.1940000000000001e+2 1.1940000000000001e+2
    1.1942857142857143e+2 1.195e+2 1.195e+2 1.1959999999999999e+2
    1.1966666666666667e+2 1.1966666666666667e+2 1.1966666666666667e+2
    1.1966666666666667e+2 1.1966666666666667e+2 1.1971428571428571e+2
    1.1971428571428571e+2 1.1975e+2 1.198e+2 1.198e+2 1.1983333333333333e+2
    1.1983333333333333e+2 1.2e+2 1.2e+2 1.2e+2 1.2e+2 1.2e+2 1.2e+2 1.202e+2
    1.202e+2 1.2022222222222223e+2 1.2025e+2 1.2025e+2 1.2033333333333333e+2
    1.2040000000000001e+2 1.2040000000000001e+2 1.205e+2 1.205e+2
    1.2058333333333333e+2 1.2066666666666667e+2 1.2066666666666667e+2
    1.2071428571428571e+2 1.2075e+2 1.2077777777777777e+2 1.208e+2 1.208e+2
    1.2083333333333333e+2 1.2083333333333333e+2 1.21e+2 1.21e+2 1.21e+2 1.21e+2
    1.2108333333333333e+2 1.2114285714285714e+2 1.2114285714285714e+2
    1.2116666666666667e+2 1.2122222222222223e+2 1.2125e+2 1.2133333333333333e+2
    1.2133333333333333e+2 1.2133333333333333e+2 1.2144444444444444e+2
    1.2144444444444444e+2 1.215e+2 1.215e+2 1.215e+2 1.2159999999999999e+2
    1.2166666666666667e+2 1.2166666666666667e+2 1.2166666666666667e+2 1.2175e+2
    1.2175e+2 1.2175e+2 1.218e+2 1.218e+2 1.21875e+2 1.21875e+2 1.22e+2 1.22e+2
    1.22e+2 1.2209999999999999e+2 1.22125e+2 1.2216666666666667e+2 1.222e+2
    1.222e+2 1.222e+2 1.2225e+2 1.2233333333333333e+2 1.2233333333333333e+2
    1.2233333333333333e+2 1.2240000000000001e+2 1.225e+2 1.225e+2 1.225e+2
    1.225e+2 1.2257142857142857e+2 1.2259999999999999e+2 1.2259999999999999e+2
    1.22625e+2 1.2266666666666667e+2 1.2275e+2 1.2275e+2 1.2275e+2 1.228e+2
    1.2283333333333333e+2 1.23e+2 1.23e+2 1.23e+2 1.23e+2 1.23e+2 1.23e+2
    1.23e+2 1.23e+2 1.23e+2 1.23e+2 1.23e+2 1.23e+2 1.23e+2 1.23e+2 1.23e+2
    1.23e+2 1.2314285714285714e+2 1.2316666666666667e+2 1.2325e+2 1.2325e+2
    1.2333333333333333e+2 1.2333333333333333e+2 1.2340000000000001e+2
    1.2340000000000001e+2 1.235e+2 1.235e+2 1.2359999999999999e+2 1.23625e+2
    1.2366666666666667e+2 1.2366666666666667e+2 1.2366666666666667e+2
    1.2366666666666667e+2 1.2366666666666667e+2 1.2375e+2 1.2377777777777777e+2
    1.238e+2 1.23875e+2 1.24e+2 1.24e+2 1.24e+2 1.24e+2 1.24e+2 1.24e+2 1.24e+2
    1.24e+2 1.24e+2 1.24e+2 1.24e+2 1.24e+2 1.24e+2 1.24125e+2 1.242e+2
    1.242e+2 1.2433333333333333e+2 1.2440000000000001e+2 1.245e+2 1.245e+2
    1.245e+2 1.245e+2 1.2457142857142857e+2 1.24625e+2 1.2466666666666667e+2
    1.2466666666666667e+2 1.2471428571428571e+2 1.2485714285714286e+2 1.25e+2
    1.25e+2 1.25e+2 1.25e+2 1.25e+2 1.25e+2 1.25e+2 1.25e+2 1.25e+2 1.25e+2
    1.25e+2 1.25e+2 1.25e+2 1.25e+2 1.25e+2 1.25e+2 1.25e+2 1.25e+2 1.25e+2
    1.25e+2 1.25e+2 1.25e+2 1.25e+2 1.25e+2 1.25e+2 1.25e+2 1.25e+2 1.25e+2
    1.25e+2 1.2514285714285714e+2 1.2516666666666667e+2 1.2516666666666667e+2
    1.252e+2 1.252e+2 1.2525e+2 1.2525e+2 1.2528571428571429e+2
    1.2533333333333333e+2 1.2533333333333333e+2 1.2533333333333333e+2
    1.2533333333333333e+2 1.2542857142857143e+2 1.255e+2 1.255e+2 1.255e+2
    1.2555555555555556e+2 1.2557142857142857e+2 1.2559999999999999e+2
    1.2571428571428571e+2 1.258e+2 1.26e+2 1.26e+2 1.26e+2 1.26e+2 1.26e+2
    1.26e+2 1.26e+2 1.26e+2 1.26e+2 1.26e+2 1.26e+2 1.26e+2 1.26e+2 1.26e+2
    1.26e+2 1.26e+2 1.26e+2 1.26e+2 1.26e+2 1.26e+2 1.26e+2 1.26e+2
    1.2609999999999999e+2 1.2611111111111111e+2 1.2625e+2 1.263e+2
    1.2633333333333333e+2 1.2633333333333333e+2 1.2633333333333333e+2
    1.2633333333333333e+2 1.2641176470588235e+2 1.265e+2 1.265e+2 1.265e+2
    1.265e+2 1.2659999999999999e+2 1.2659999999999999e+2 1.2659999999999999e+2
    1.2659999999999999e+2 1.2666666666666667e+2 1.2671428571428571e+2 1.2675e+2
    1.268e+2 1.27e+2 1.27e+2 1.27e+2 1.27e+2 1.27e+2 1.27e+2 1.27e+2 1.27e+2
    1.27e+2 1.27e+2 1.27e+2 1.27e+2 1.27e+2 1.27e+2 1.27e+2
    1.2716666666666667e+2 1.2722222222222223e+2 1.2725e+2 1.2725e+2 1.2725e+2
    1.2733333333333333e+2 1.2733333333333333e+2 1.2733333333333333e+2
    1.2740000000000001e+2 1.2742857142857143e+2 1.275e+2 1.2759999999999999e+2
    1.2766666666666667e+2 1.2775e+2 1.2775e+2 1.278e+2 1.27875e+2 1.28e+2
    1.28e+2 1.28e+2 1.28e+2 1.28e+2 1.28e+2 1.28e+2 1.28e+2 1.28e+2 1.28e+2
    1.281764705882353e+2 1.2825e+2 1.2833333333333334e+2 1.2833333333333334e+2
    1.2840000000000001e+2 1.2840000000000001e+2 1.2840000000000001e+2
    1.2841666666666666e+2 1.285e+2 1.285e+2 1.285e+2 1.285e+2 1.285e+2
    1.2859999999999999e+2 1.2866666666666666e+2 1.2866666666666666e+2
    1.2866666666666666e+2 1.2877777777777777e+2 1.28875e+2 1.29e+2 1.29e+2
    1.29e+2 1.29e+2 1.29e+2 1.29e+2 1.29e+2 1.29e+2 1.29e+2 1.29e+2 1.29e+2
    1.29e+2 1.29e+2 1.29e+2 1.29e+2 1.29e+2 1.29e+2 1.2914285714285714e+2
    1.2919999999999999e+2 1.2925e+2 1.2928571428571428e+2 1.2933333333333334e+2
    1.2933333333333334e+2 1.2933333333333334e+2 1.295e+2 1.295e+2 1.295e+2
    1.295e+2 1.2957142857142858e+2 1.2966666666666666e+2 1.2971428571428572e+2
    1.2971428571428572e+2 1.2975e+2 1.2980000000000001e+2 1.2983333333333334e+2
    1.2983333333333334e+2 1.3e+2 1.3e+2 1.3e+2 1.3e+2 1.3e+2 1.3e+2 1.3e+2
    1.3e+2 1.3e+2 1.3e+2 1.3e+2 1.3e+2 1.3e+2 1.3e+2 1.30125e+2
    1.3019999999999999e+2 1.3019999999999999e+2 1.3025e+2 1.3030000000000001e+2
    1.3033333333333334e+2 1.3033333333333334e+2 1.3033333333333334e+2
    1.3033333333333334e+2 1.3040000000000001e+2 1.3042857142857142e+2
    1.3046666666666667e+2 1.305e+2 1.305e+2 1.305e+2 1.305e+2
    1.3059999999999999e+2 1.3066666666666666e+2 1.3075e+2 1.3075e+2
    1.3080000000000001e+2 1.3080000000000001e+2 1.3085714285714286e+2 1.31e+2
    1.31e+2 1.31e+2 1.31e+2 1.31e+2 1.31e+2 1.31e+2 1.31e+2 1.31e+2 1.31e+2
    1.31e+2 1.31e+2 1.31e+2 1.31e+2 1.31e+2 1.3108333333333334e+2
    1.3119999999999999e+2 1.3121052631578948e+2 1.3128571428571428e+2
    1.3133333333333334e+2 1.3140000000000001e+2 1.3140000000000001e+2 1.315e+2
    1.315e+2 1.315e+2 1.3166666666666666e+2 1.3166666666666666e+2 1.3175e+2
    1.3175e+2 1.3180000000000001e+2 1.3180000000000001e+2 1.318235294117647e+2
    1.3190000000000001e+2 1.32e+2 1.32e+2 1.32e+2 1.32e+2 1.32e+2 1.32e+2
    1.32e+2 1.32e+2 1.32e+2 1.32e+2 1.32e+2 1.32e+2 1.3205263157894737e+2
    1.3214285714285714e+2 1.3219999999999999e+2 1.3219999999999999e+2
    1.3219999999999999e+2 1.3219999999999999e+2 1.3219999999999999e+2
    1.3230000000000001e+2 1.3233333333333334e+2 1.3233333333333334e+2
    1.32375e+2 1.3242857142857142e+2 1.325e+2 1.325e+2 1.3255555555555554e+2
    1.3266666666666666e+2 1.3266666666666666e+2 1.3269999999999999e+2 1.3275e+2
    1.3275e+2 1.3280000000000001e+2 1.3280000000000001e+2 1.3283333333333334e+2
    1.33e+2 1.33e+2 1.33e+2 1.33e+2 1.33e+2 1.33e+2 1.33e+2 1.33e+2 1.33e+2
    1.33e+2 1.33e+2 1.33e+2 1.33e+2 1.3309090909090909e+2 1.3314285714285714e+2
    1.3319999999999999e+2 1.3319999999999999e+2 1.3325e+2 1.3328571428571428e+2
    1.3330000000000001e+2 1.3333333333333334e+2 1.3333333333333334e+2
    1.3333333333333334e+2 1.3333333333333334e+2 1.3333333333333334e+2
    1.3340000000000001e+2 1.335e+2 1.335e+2 1.3357142857142858e+2
    1.3359999999999999e+2 1.3366666666666666e+2 1.3366666666666666e+2
    1.3366666666666666e+2 1.3366666666666666e+2 1.3375e+2 1.3380000000000001e+2
    1.3383333333333334e+2 1.3390000000000001e+2 1.34e+2 1.34e+2 1.34e+2 1.34e+2
    1.34e+2 1.34e+2 1.34e+2 1.34e+2 1.34e+2 1.34e+2 1.34e+2 1.34e+2 1.34e+2
    1.3414285714285714e+2 1.3419999999999999e+2 1.3425e+2 1.3425e+2
    1.3433333333333334e+2 1.3433333333333334e+2 1.3440000000000001e+2
    1.3442857142857142e+2 1.345e+2 1.345e+2 1.345e+2 1.345e+2
    1.3454545454545453e+2 1.3459999999999999e+2 1.3459999999999999e+2
    1.3466666666666666e+2 1.3466666666666666e+2 1.3466666666666666e+2
    1.3471428571428572e+2 1.3480000000000001e+2 1.3483333333333334e+2
    1.3485714285714286e+2 1.3490909090909091e+2 1.35e+2 1.35e+2 1.35e+2 1.35e+2
    1.35e+2 1.35e+2 1.35e+2 1.35e+2 1.35e+2 1.35e+2 1.35e+2 1.35e+2 1.35e+2
    1.35e+2 1.35e+2 1.3508333333333334e+2 1.3516666666666666e+2
    1.3519999999999999e+2 1.3519999999999999e+2 1.3525e+2 1.3525e+2
    1.3528571428571428e+2 1.3533333333333334e+2 1.3542857142857142e+2 1.355e+2
    1.355e+2 1.3559999999999999e+2 1.3575e+2 1.3575e+2 1.3585714285714286e+2
    1.36e+2 1.36e+2 1.36e+2 1.36e+2 1.36e+2 1.36e+2 1.36e+2 1.36e+2 1.36e+2
    1.36e+2 1.3609090909090909e+2 1.3616666666666666e+2 1.3619999999999999e+2
    1.3619999999999999e+2 1.3619999999999999e+2 1.3625e+2 1.3628571428571428e+2
    1.3633333333333334e+2 1.3640000000000001e+2 1.3640000000000001e+2 1.365e+2
    1.365e+2 1.365e+2 1.3657142857142858e+2 1.3657142857142858e+2
    1.3666666666666666e+2 1.3666666666666666e+2 1.3671428571428572e+2 1.3675e+2
    1.3675e+2 1.3690000000000001e+2 1.37e+2 1.37e+2 1.37e+2 1.37e+2 1.37e+2
    1.37e+2 1.37e+2 1.37e+2 1.37e+2 1.37e+2 1.37e+2 1.3710526315789474e+2
    1.3714285714285714e+2 1.3716666666666666e+2 1.3719999999999999e+2
    1.3719999999999999e+2 1.3719999999999999e+2 1.3725e+2 1.3725e+2
    1.3733333333333334e+2 1.3733333333333334e+2 1.37375e+2
    1.3740000000000001e+2 1.375e+2 1.375e+2 1.375e+2 1.375e+2 1.375e+2
    1.3759999999999999e+2 1.3766666666666666e+2 1.3766666666666666e+2
    1.3766666666666666e+2 1.3766666666666666e+2 1.3766666666666666e+2
    1.3766666666666666e+2 1.3766666666666666e+2 1.3771428571428572e+2 1.3775e+2
    1.3775e+2 1.3775e+2 1.3780000000000001e+2 1.3780000000000001e+2
    1.3783333333333334e+2 1.37875e+2 1.38e+2 1.38e+2 1.38e+2 1.38e+2 1.38e+2
    1.38e+2 1.38e+2 1.38e+2 1.38e+2 1.38e+2 1.38e+2 1.38e+2 1.38e+2 1.38e+2
    1.38e+2 1.38e+2 1.3814285714285714e+2 1.3815384615384616e+2
    1.3819999999999999e+2 1.3819999999999999e+2 1.3825e+2 1.3825e+2 1.3825e+2
    1.3825e+2 1.3828571428571428e+2 1.3833333333333334e+2 1.3833333333333334e+2
    1.3833333333333334e+2 1.3833333333333334e+2 1.3833333333333334e+2
    1.3840000000000001e+2 1.385e+2 1.385e+2 1.385e+2 1.385e+2
    1.3854545454545453e+2 1.3855555555555554e+2 1.3859999999999999e+2
    1.3859999999999999e+2 1.38625e+2 1.3866666666666666e+2
    1.3866666666666666e+2 1.3866666666666666e+2 1.3866666666666666e+2
    1.3866666666666666e+2 1.3875e+2 1.3875e+2 1.3880000000000001e+2
    1.3883333333333334e+2 1.3885714285714286e+2 1.39e+2 1.39e+2 1.39e+2 1.39e+2
    1.39e+2 1.39e+2 1.39e+2 1.39e+2 1.39e+2 1.39e+2 1.39e+2
    1.3911764705882354e+2 1.39125e+2 1.3919999999999999e+2
    1.3919999999999999e+2 1.3919999999999999e+2 1.3925e+2 1.3925e+2
    1.3940000000000001e+2 1.3940000000000001e+2 1.3942857142857142e+2
    1.3944444444444446e+2 1.395e+2 1.395e+2 1.395e+2 1.395e+2 1.395e+2 1.395e+2
    1.3953846153846155e+2 1.3958333333333334e+2 1.3959999999999999e+2
    1.3966666666666666e+2 1.3966666666666666e+2 1.3975e+2 1.39875e+2
    1.3988888888888889e+2 1.4e+2 1.4e+2 1.4e+2 1.4e+2 1.4e+2 1.4e+2 1.4e+2
    1.4e+2 1.4e+2 1.4e+2 1.4e+2 1.4e+2 1.4014285714285714e+2
    1.4019999999999999e+2 1.4025e+2 1.4028571428571428e+2 1.4033333333333334e+2
    1.4033333333333334e+2 1.4033333333333334e+2 1.4035714285714286e+2
    1.4040000000000001e+2 1.4040000000000001e+2 1.4040000000000001e+2
    1.4040000000000001e+2 1.4044444444444446e+2 1.405e+2 1.405e+2
    1.4059999999999999e+2 1.4059999999999999e+2 1.4066666666666666e+2
    1.4066666666666666e+2 1.4071428571428572e+2 1.4075e+2 1.4075e+2 1.4075e+2
    1.40875e+2 1.4088888888888889e+2 1.41e+2 1.41e+2 1.41e+2 1.41e+2 1.41e+2
    1.41e+2 1.41e+2 1.41e+2 1.41e+2 1.41e+2 1.41e+2 1.41e+2 1.41e+2 1.41e+2
    1.41e+2 1.4116666666666666e+2 1.4125e+2 1.4125e+2 1.4127272727272728e+2
    1.4130000000000001e+2 1.4133333333333334e+2 1.4133333333333334e+2
    1.4140000000000001e+2 1.4142857142857142e+2 1.4142857142857142e+2 1.415e+2
    1.415e+2 1.415e+2 1.415e+2 1.415e+2 1.4159999999999999e+2
    1.4166666666666666e+2 1.4166666666666666e+2 1.4166666666666666e+2
    1.4166666666666666e+2 1.4166666666666666e+2 1.4171428571428572e+2 1.4175e+2
    1.4177777777777777e+2 1.4180000000000001e+2 1.4180000000000001e+2
    1.41875e+2 1.4188888888888889e+2 1.42e+2 1.42e+2 1.42e+2 1.42e+2 1.42e+2
    1.42e+2 1.42e+2 1.42e+2 1.42e+2 1.42e+2 1.42e+2 1.42e+2 1.42e+2 1.42e+2
    1.42e+2 1.42e+2 1.4207692307692307e+2 1.4211111111111111e+2
    1.4216666666666666e+2 1.4219999999999999e+2 1.4225e+2 1.4228571428571428e+2
    1.4233333333333334e+2 1.4233333333333334e+2 1.42375e+2
    1.4242857142857142e+2 1.425e+2 1.425e+2 1.425e+2 1.425e+2 1.425e+2 1.425e+2
    1.4259999999999999e+2 1.4259999999999999e+2 1.4259999999999999e+2
    1.4259999999999999e+2 1.4266666666666666e+2 1.4266666666666666e+2
    1.4266666666666666e+2 1.4275e+2 1.4280000000000001e+2 1.4285714285714286e+2
    1.42875e+2 1.4288888888888889e+2 1.4290000000000001e+2 1.43e+2 1.43e+2
    1.43e+2 1.43e+2 1.43e+2 1.43e+2 1.43e+2 1.43e+2 1.43e+2 1.43e+2 1.43e+2
    1.43e+2 1.43e+2 1.4309999999999999e+2 1.43125e+2 1.4319999999999999e+2
    1.4326666666666668e+2 1.4333333333333334e+2 1.4335294117647058e+2
    1.4340000000000001e+2 1.4340000000000001e+2 1.4340000000000001e+2
    1.4342857142857142e+2 1.435e+2 1.435e+2 1.435e+2 1.435e+2 1.435e+2 1.435e+2
    1.4357142857142858e+2 1.4359999999999999e+2 1.4359999999999999e+2
    1.4366666666666666e+2 1.4366666666666666e+2 1.4369999999999999e+2 1.4375e+2
    1.4380000000000001e+2 1.4383333333333334e+2 1.4383333333333334e+2
    1.4383333333333334e+2 1.43875e+2 1.4391666666666666e+2
    1.4391666666666666e+2 1.44e+2 1.44e+2 1.44e+2 1.44e+2 1.44e+2 1.44e+2
    1.44e+2 1.44e+2 1.44e+2 1.44e+2 1.4416666666666666e+2 1.4419999999999999e+2
    1.4419999999999999e+2 1.4425e+2 1.4433333333333334e+2 1.4433333333333334e+2
    1.4433333333333334e+2 1.4440000000000001e+2 1.4440000000000001e+2
    1.4440000000000001e+2 1.4442857142857142e+2 1.445e+2 1.445e+2 1.445e+2
    1.4457142857142858e+2 1.4459999999999999e+2 1.44625e+2
    1.4466666666666666e+2 1.4466666666666666e+2 1.4466666666666666e+2
    1.4471428571428572e+2 1.4480000000000001e+2 1.4483333333333334e+2
    1.4485714285714286e+2 1.4485714285714286e+2 1.44875e+2 1.45e+2 1.45e+2
    1.45e+2 1.45e+2 1.45e+2 1.45e+2 1.45e+2 1.45e+2 1.45e+2 1.45e+2 1.45e+2
    1.4508333333333334e+2 1.4511111111111111e+2 1.451764705882353e+2 1.4525e+2
    1.4525e+2 1.4533333333333334e+2 1.4540000000000001e+2 1.4540000000000001e+2
    1.455e+2 1.455e+2 1.455e+2 1.455e+2 1.455e+2 1.4555555555555554e+2
    1.4558333333333334e+2 1.4559999999999999e+2 1.4559999999999999e+2
    1.4566666666666666e+2 1.4583333333333334e+2 1.46e+2 1.46e+2 1.46e+2 1.46e+2
    1.46e+2 1.46e+2 1.46e+2 1.46e+2 1.46e+2 1.46e+2 1.46125e+2
    1.4616666666666666e+2 1.4626666666666668e+2 1.4633333333333334e+2
    1.4633333333333334e+2 1.46375e+2 1.4640000000000001e+2 1.465e+2 1.465e+2
    1.465e+2 1.4659999999999999e+2 1.4666666666666666e+2 1.4666666666666666e+2
    1.4666666666666666e+2 1.4669999999999999e+2 1.4675e+2 1.4680000000000001e+2
    1.4683333333333334e+2 1.4694117647058823e+2 1.47e+2 1.47e+2 1.47e+2 1.47e+2
    1.47e+2 1.47e+2 1.47e+2 1.47e+2 1.47e+2 1.47e+2 1.47e+2
    1.4714285714285714e+2 1.471764705882353e+2 1.4725e+2 1.4728571428571428e+2
    1.4733333333333334e+2 1.4733333333333334e+2 1.4733333333333334e+2
    1.47375e+2 1.4740000000000001e+2 1.4740000000000001e+2
    1.4740000000000001e+2 1.4742857142857142e+2 1.475e+2 1.475e+2 1.475e+2
    1.475e+2 1.4755555555555554e+2 1.4763636363636363e+2 1.4766666666666666e+2
    1.4771428571428572e+2 1.4775e+2 1.4775e+2 1.4775e+2 1.4780000000000001e+2
    1.4780000000000001e+2 1.4781818181818181e+2 1.4785714285714286e+2
    1.4790909090909091e+2 1.48e+2 1.48e+2 1.48e+2 1.48e+2 1.48e+2 1.48e+2
    1.48e+2 1.48e+2 1.48e+2 1.48e+2 1.48e+2 1.48e+2 1.48e+2 1.48e+2 1.48e+2
    1.48e+2 1.48e+2 1.4814285714285714e+2 1.4816666666666666e+2
    1.4816666666666666e+2 1.4819999999999999e+2 1.4819999999999999e+2 1.4825e+2
    1.4833333333333334e+2 1.4840000000000001e+2 1.485e+2 1.485e+2 1.485e+2
    1.4857142857142858e+2 1.4866666666666666e+2 1.4866666666666666e+2
    1.4871428571428572e+2 1.4875e+2 1.4877777777777777e+2 1.4883333333333334e+2
    1.4884615384615384e+2 1.49e+2 1.49e+2 1.49e+2 1.49e+2 1.49e+2 1.49e+2
    1.49e+2 1.49e+2 1.49e+2 1.49e+2 1.49e+2 1.4909999999999999e+2
    1.4914285714285714e+2 1.4916666666666666e+2 1.4919999999999999e+2 1.4925e+2
    1.4925e+2 1.4933333333333334e+2 1.4933333333333334e+2 1.4940000000000001e+2
    1.4940000000000001e+2 1.4944444444444446e+2 1.495e+2 1.495e+2 1.495e+2
    1.4957142857142858e+2 1.4959999999999999e+2 1.4959999999999999e+2
    1.4966666666666666e+2 1.4975e+2 1.4975e+2 1.4975e+2 1.4980000000000001e+2
    1.4980000000000001e+2 1.49875e+2 1.5e+2 1.5e+2 1.5e+2 1.5e+2 1.5e+2 1.5e+2
    1.5e+2 1.5e+2 1.5e+2 1.5e+2 1.5e+2 1.5014285714285714e+2
    1.5014285714285714e+2 1.5014285714285714e+2 1.5016666666666666e+2
    1.5019999999999999e+2 1.5025e+2 1.5025e+2 1.5025e+2 1.5028571428571428e+2
    1.5028571428571428e+2 1.5033333333333334e+2 1.5033333333333334e+2
    1.5035294117647058e+2 1.5040000000000001e+2 1.5041666666666666e+2 1.505e+2
    1.505e+2 1.5057142857142858e+2 1.5059999999999999e+2 1.5059999999999999e+2
    1.50625e+2 1.5066666666666666e+2 1.5066666666666666e+2
    1.5069999999999999e+2 1.5071428571428572e+2 1.5071428571428572e+2
    1.5071428571428572e+2 1.5072727272727272e+2 1.5075e+2 1.5077777777777777e+2
    1.5080000000000001e+2 1.5083333333333334e+2 1.51e+2 1.51e+2 1.51e+2 1.51e+2
    1.51e+2 1.51e+2 1.51e+2 1.51e+2 1.51e+2 1.51e+2 1.51e+2 1.51e+2 1.51e+2
    1.51e+2 1.51e+2 1.51e+2 1.51125e+2 1.5114285714285714e+2
    1.5114285714285714e+2 1.5114285714285714e+2 1.5116666666666666e+2
    1.511764705882353e+2 1.5119999999999999e+2 1.5119999999999999e+2 1.5125e+2
    1.5130000000000001e+2 1.5133333333333334e+2 1.5133333333333334e+2
    1.5133333333333334e+2 1.5133333333333334e+2 1.5133333333333334e+2
    1.5140000000000001e+2 1.5140000000000001e+2 1.5142857142857142e+2
    1.5142857142857142e+2 1.515e+2 1.515e+2 1.515e+2 1.515e+2 1.515e+2 1.515e+2
    1.5157142857142858e+2 1.5159999999999999e+2 1.5159999999999999e+2
    1.5166666666666666e+2 1.5166666666666666e+2 1.5166666666666666e+2
    1.5169999999999999e+2 1.5175e+2 1.5177777777777777e+2 1.5180000000000001e+2
    1.5180000000000001e+2 1.5180000000000001e+2 1.5180000000000001e+2
    1.518235294117647e+2 1.5185714285714286e+2 1.5185714285714286e+2 1.52e+2
    1.52e+2 1.52e+2 1.52e+2 1.52e+2 1.52e+2 1.52e+2 1.52e+2 1.52e+2 1.52e+2
    1.52e+2 1.52e+2 1.52e+2 1.5216666666666666e+2 1.5216666666666666e+2
    1.5219999999999999e+2 1.5219999999999999e+2 1.5219999999999999e+2 1.5225e+2
    1.5225e+2 1.5225e+2 1.5228571428571428e+2 1.5228571428571428e+2
    1.5229411764705881e+2 1.5233333333333334e+2 1.5241666666666666e+2
    1.5242857142857142e+2 1.525e+2 1.525e+2 1.525e+2 1.5259999999999999e+2
    1.5259999999999999e+2 1.5263157894736841e+2 1.5266666666666666e+2
    1.5266666666666666e+2 1.5266666666666666e+2 1.5266666666666666e+2
    1.5271428571428572e+2 1.5275e+2 1.5275e+2 1.5275e+2 1.5275e+2 1.5275e+2
    1.5275e+2 1.5275e+2 1.5280000000000001e+2 1.5280000000000001e+2
    1.5285714285714286e+2 1.53e+2 1.53e+2 1.53e+2 1.53e+2 1.53e+2 1.53e+2
    1.53e+2 1.53e+2 1.53e+2 1.53e+2 1.53e+2 1.53e+2 1.53e+2 1.53e+2 1.53e+2
    1.53e+2 1.53e+2 1.53e+2 1.53e+2 1.5311111111111111e+2 1.5319999999999999e+2
    1.5325e+2 1.5333333333333334e+2 1.5333333333333334e+2 1.53375e+2
    1.5340000000000001e+2 1.5340000000000001e+2 1.5340000000000001e+2
    1.5346153846153845e+2 1.535e+2 1.535e+2 1.5357142857142858e+2
    1.5358333333333334e+2 1.53625e+2 1.5366666666666666e+2
    1.5366666666666666e+2 1.5366666666666666e+2 1.5369999999999999e+2
    1.5373333333333332e+2 1.5375e+2 1.5375e+2 1.5377777777777777e+2
    1.5380000000000001e+2 1.5380000000000001e+2 1.5380000000000001e+2
    1.5380000000000001e+2 1.5380000000000001e+2 1.5385714285714286e+2
    1.53875e+2 1.54e+2 1.54e+2 1.54e+2 1.54e+2 1.54e+2 1.54e+2 1.54e+2 1.54e+2
    1.54e+2 1.54e+2 1.5409999999999999e+2 1.5414285714285714e+2
    1.5415384615384616e+2 1.5416666666666666e+2 1.5419999999999999e+2
    1.5419999999999999e+2 1.5419999999999999e+2 1.5425e+2 1.5429411764705881e+2
    1.5433333333333334e+2 1.5433333333333334e+2 1.5433333333333334e+2
    1.5433333333333334e+2 1.5433333333333334e+2 1.5440000000000001e+2
    1.5440000000000001e+2 1.545e+2 1.545e+2 1.545e+2 1.545e+2 1.545e+2 1.545e+2
    1.545e+2 1.5459999999999999e+2 1.5466666666666666e+2 1.5466666666666666e+2
    1.5466666666666666e+2 1.5466666666666666e+2 1.5466666666666666e+2
    1.5466666666666666e+2 1.5471428571428572e+2 1.5475e+2 1.5480000000000001e+2
    1.5480000000000001e+2 1.5483333333333334e+2 1.5483333333333334e+2 1.55e+2
    1.55e+2 1.55e+2 1.55e+2 1.55e+2 1.55e+2 1.55125e+2 1.5514285714285714e+2
    1.5516666666666666e+2 1.5516666666666666e+2 1.5525e+2 1.5525e+2
    1.5533333333333334e+2 1.5533333333333334e+2 1.5533333333333334e+2
    1.55375e+2 1.5542857142857142e+2 1.5542857142857142e+2 1.555e+2 1.555e+2
    1.5557142857142858e+2 1.5557142857142858e+2 1.5559999999999999e+2
    1.5559999999999999e+2 1.55625e+2 1.5566666666666666e+2
    1.5566666666666666e+2 1.5571428571428572e+2 1.5575e+2 1.5575e+2
    1.5580000000000001e+2 1.5580000000000001e+2 1.5590000000000001e+2 1.56e+2
    1.56e+2 1.56e+2 1.56e+2 1.56e+2 1.56e+2 1.56e+2 1.56e+2 1.56e+2 1.56e+2
    1.56e+2 1.56e+2 1.56e+2 1.56e+2 1.56e+2 1.56e+2 1.5611111111111111e+2
    1.5614285714285714e+2 1.5614285714285714e+2 1.5616666666666666e+2
    1.5619999999999999e+2 1.5619999999999999e+2 1.5625e+2 1.5625e+2
    1.5628571428571428e+2 1.5628571428571428e+2 1.5633333333333334e+2
    1.5633333333333334e+2 1.56375e+2 1.5640000000000001e+2 1.565e+2 1.565e+2
    1.565e+2 1.565e+2 1.5654545454545453e+2 1.5658823529411765e+2
    1.5659999999999999e+2 1.5666666666666666e+2 1.5675e+2 1.5675e+2 1.5675e+2
    1.5675e+2 1.5680000000000001e+2 1.5684210526315789e+2 1.5685714285714286e+2
    1.57e+2 1.57e+2 1.57e+2 1.57e+2 1.57e+2 1.57e+2 1.57e+2 1.57e+2 1.57e+2
    1.57e+2 1.57e+2 1.57e+2 1.5714285714285714e+2 1.5716666666666666e+2
    1.5716666666666666e+2 1.5719999999999999e+2 1.5725e+2 1.5728571428571428e+2
    1.5730000000000001e+2 1.5733333333333334e+2 1.5740000000000001e+2
    1.5740000000000001e+2 1.5740000000000001e+2 1.5742857142857142e+2
    1.5742857142857142e+2 1.5747368421052633e+2 1.575e+2 1.575e+2 1.575e+2
    1.5759999999999999e+2 1.57625e+2 1.5766666666666666e+2
    1.5769230769230768e+2 1.5775e+2 1.5775e+2 1.5780000000000001e+2
    1.5780000000000001e+2 1.5783333333333334e+2 1.5785714285714286e+2
    1.5788888888888889e+2 1.58e+2 1.58e+2 1.58e+2 1.58e+2 1.58e+2 1.58e+2
    1.58e+2 1.58e+2 1.58e+2 1.58e+2 1.58e+2 1.5806666666666666e+2
    1.5808333333333334e+2 1.5814285714285714e+2 1.5814285714285714e+2 1.5825e+2
    1.5825e+2 1.5828571428571428e+2 1.5833333333333334e+2 1.5840000000000001e+2
    1.5842857142857142e+2 1.585e+2 1.585e+2 1.585e+2 1.585e+2 1.585e+2 1.585e+2
    1.5858333333333334e+2 1.5859999999999999e+2 1.5863636363636363e+2
    1.5866666666666666e+2 1.5866666666666666e+2 1.5866666666666666e+2
    1.5866666666666666e+2 1.5866666666666666e+2 1.5866666666666666e+2
    1.5871428571428572e+2 1.5875e+2 1.5875e+2 1.5875e+2 1.5875e+2
    1.5876470588235293e+2 1.5880000000000001e+2 1.5880000000000001e+2
    1.5883333333333334e+2 1.5883333333333334e+2 1.5885714285714286e+2
    1.5885714285714286e+2 1.59e+2 1.59e+2 1.59e+2 1.59e+2 1.59e+2 1.59e+2
    1.59e+2 1.59e+2 1.59e+2 1.59e+2 1.59e+2 1.59e+2 1.5911111111111111e+2
    1.59125e+2 1.5914285714285714e+2 1.5916666666666666e+2
    1.5922222222222223e+2 1.5925e+2 1.5933333333333334e+2 1.5933333333333334e+2
    1.59375e+2 1.5942857142857142e+2 1.595e+2 1.595e+2 1.595e+2 1.595e+2
    1.595e+2 1.595e+2 1.59625e+2 1.5966666666666666e+2 1.596875e+2
    1.5971428571428572e+2 1.5975e+2 1.5975e+2 1.5980000000000001e+2
    1.5983333333333334e+2 1.5984615384615384e+2 1.59875e+2 1.6e+2 1.6e+2 1.6e+2
    1.6e+2 1.6e+2 1.6e+2 1.6e+2 1.6e+2 1.6e+2 1.6e+2 1.6e+2 1.6e+2 1.6e+2
    1.60125e+2 1.6014285714285714e+2 1.6014285714285714e+2
    1.6016666666666666e+2 1.6016666666666666e+2 1.601764705882353e+2
    1.6021428571428572e+2 1.6028571428571428e+2 1.6030000000000001e+2
    1.6033333333333334e+2 1.6033333333333334e+2 1.6033333333333334e+2
    1.6033333333333334e+2 1.6041176470588235e+2 1.6041666666666666e+2 1.605e+2
    1.605e+2 1.605e+2 1.605e+2 1.6059999999999999e+2 1.6066666666666666e+2
    1.6066666666666666e+2 1.6071428571428572e+2 1.6075e+2 1.6077777777777777e+2
    1.6080000000000001e+2 1.6080000000000001e+2 1.6080000000000001e+2
    1.6080000000000001e+2 1.6083333333333334e+2 1.60875e+2 1.61e+2 1.61e+2
    1.61e+2 1.61e+2 1.61e+2 1.61e+2 1.61e+2 1.61e+2 1.61e+2 1.61e+2 1.61e+2
    1.6116666666666666e+2 1.6119999999999999e+2 1.6122222222222223e+2 1.6125e+2
    1.6125e+2 1.6128571428571428e+2 1.6128571428571428e+2 1.6128571428571428e+2
    1.6133333333333334e+2 1.6133333333333334e+2 1.6140000000000001e+2 1.615e+2
    1.615e+2 1.615e+2 1.615e+2 1.6157142857142858e+2 1.6157142857142858e+2
    1.6159999999999999e+2 1.6159999999999999e+2 1.6159999999999999e+2
    1.6159999999999999e+2 1.6163636363636363e+2 1.6171428571428572e+2 1.6175e+2
    1.6175e+2 1.6183333333333334e+2 1.6185714285714286e+2 1.6190000000000001e+2
    1.62e+2 1.62e+2 1.62e+2 1.62e+2 1.62e+2 1.62e+2 1.62e+2 1.62e+2 1.62e+2
    1.62e+2 1.62e+2 1.62e+2 1.62e+2 1.62125e+2 1.6214285714285714e+2
    1.6214285714285714e+2 1.6216666666666666e+2 1.6216666666666666e+2
    1.6219999999999999e+2 1.6219999999999999e+2 1.6225e+2 1.6225e+2 1.6225e+2
    1.6228571428571428e+2 1.6233333333333334e+2 1.62375e+2
    1.6240000000000001e+2 1.6240000000000001e+2 1.6242105263157896e+2
    1.6242857142857142e+2 1.625e+2 1.625e+2 1.625e+2 1.625e+2 1.625e+2
    1.6257142857142858e+2 1.6259999999999999e+2 1.6259999999999999e+2
    1.6259999999999999e+2 1.6266666666666666e+2 1.6266666666666666e+2
    1.6271428571428572e+2 1.6280000000000001e+2 1.6280000000000001e+2
    1.628235294117647e+2 1.62875e+2 1.6288888888888889e+2 1.6290000000000001e+2
    1.63e+2 1.63e+2 1.63e+2 1.63e+2 1.63e+2 1.63e+2 1.63e+2 1.63e+2 1.63e+2
    1.63e+2 1.63e+2 1.63e+2 1.6316666666666666e+2 1.6316666666666666e+2
    1.6316666666666666e+2 1.631764705882353e+2 1.6319999999999999e+2
    1.6322222222222223e+2 1.6325e+2 1.6325e+2 1.6325e+2 1.6333333333333334e+2
    1.6333333333333334e+2 1.6333333333333334e+2 1.6333333333333334e+2
    1.6340000000000001e+2 1.6340000000000001e+2 1.6340000000000001e+2
    1.6340000000000001e+2 1.6342857142857142e+2 1.635e+2 1.635e+2 1.635e+2
    1.635e+2 1.6357142857142858e+2 1.6359999999999999e+2 1.6366666666666666e+2
    1.6366666666666666e+2 1.6375e+2 1.6375e+2 1.6380000000000001e+2
    1.6380000000000001e+2 1.6383333333333334e+2 1.6383333333333334e+2
    1.63875e+2 1.6390000000000001e+2 1.64e+2 1.64e+2 1.64e+2 1.64e+2 1.64e+2
    1.64e+2 1.64e+2 1.64e+2 1.6407142857142858e+2 1.6414285714285714e+2
    1.6419999999999999e+2 1.6422222222222223e+2 1.6425e+2 1.6433333333333334e+2
    1.6433333333333334e+2 1.6435294117647058e+2 1.64375e+2
    1.6440000000000001e+2 1.6442857142857142e+2 1.645e+2 1.645e+2 1.645e+2
    1.6454545454545453e+2 1.6457142857142858e+2 1.6457142857142858e+2
    1.6459999999999999e+2 1.6466666666666666e+2 1.6466666666666666e+2
    1.6466666666666666e+2 1.6466666666666666e+2 1.6466666666666666e+2
    1.6469999999999999e+2 1.6471428571428572e+2 1.6475e+2 1.6475e+2 1.6475e+2
    1.6477777777777777e+2 1.648235294117647e+2 1.64875e+2 1.64875e+2 1.65e+2
    1.65e+2 1.65e+2 1.65e+2 1.65e+2 1.65e+2 1.65e+2 1.65e+2 1.65e+2
    1.6511111111111111e+2 1.6514285714285714e+2 1.6519999999999999e+2
    1.6533333333333334e+2 1.6533333333333334e+2 1.65375e+2
    1.6540000000000001e+2 1.655e+2 1.655e+2 1.655e+2 1.6558333333333334e+2
    1.6566666666666666e+2 1.6575e+2 1.6580000000000001e+2 1.6583333333333334e+2
    1.6585714285714286e+2 1.65875e+2 1.65875e+2 1.66e+2 1.66e+2 1.66e+2 1.66e+2
    1.66e+2 1.66e+2 1.66e+2 1.66e+2 1.66e+2 1.66e+2 1.6611111111111111e+2
    1.6614285714285714e+2 1.6614285714285714e+2 1.6616666666666666e+2
    1.6619999999999999e+2 1.6625e+2 1.6625e+2 1.6625e+2 1.6630000000000001e+2
    1.6633333333333334e+2 1.6633333333333334e+2 1.6633333333333334e+2
    1.6640000000000001e+2 1.6640000000000001e+2 1.665e+2 1.665e+2 1.665e+2
    1.665e+2 1.665e+2 1.6658333333333334e+2 1.6659999999999999e+2
    1.6666666666666666e+2 1.6666666666666666e+2 1.6666666666666666e+2
    1.6671428571428572e+2 1.6671428571428572e+2 1.6675e+2 1.6680000000000001e+2
    1.6681818181818181e+2 1.6683333333333334e+2 1.6686666666666667e+2
    1.6690000000000001e+2 1.67e+2 1.67e+2 1.67e+2 1.67e+2 1.67e+2 1.67e+2
    1.67e+2 1.6711111111111111e+2 1.6719999999999999e+2 1.6725e+2 1.6725e+2
    1.6728571428571428e+2 1.67375e+2 1.6740000000000001e+2
    1.6740000000000001e+2 1.6742105263157896e+2 1.6744444444444446e+2 1.675e+2
    1.675e+2 1.6757142857142858e+2 1.6759999999999999e+2 1.6766666666666666e+2
    1.6771428571428572e+2 1.6775e+2 1.6780000000000001e+2 1.6780000000000001e+2
    1.6780000000000001e+2 1.6783333333333334e+2 1.6783333333333334e+2
    1.6791666666666666e+2 1.68e+2 1.68e+2 1.68e+2 1.68e+2 1.68e+2 1.68e+2
    1.68e+2 1.68e+2 1.68e+2 1.68e+2 1.68e+2 1.6808333333333334e+2
    1.6809090909090909e+2 1.68125e+2 1.6816666666666666e+2 1.6825e+2
    1.6828571428571428e+2 1.6829411764705881e+2 1.68375e+2
    1.6840000000000001e+2 1.6842857142857142e+2 1.6844444444444446e+2 1.685e+2
    1.685e+2 1.685e+2 1.685e+2 1.685e+2 1.685e+2 1.6857142857142858e+2
    1.6859999999999999e+2 1.6871428571428572e+2 1.6875e+2 1.6877777777777777e+2
    1.6880000000000001e+2 1.68875e+2 1.6890000000000001e+2 1.69e+2 1.69e+2
    1.69e+2 1.69e+2 1.69e+2 1.69e+2 1.69e+2 1.69e+2 1.69e+2 1.69e+2 1.69e+2
    1.69e+2 1.69e+2 1.69e+2 1.6916666666666666e+2 1.6916666666666666e+2
    1.691875e+2 1.6919999999999999e+2 1.6925e+2 1.6925e+2 1.6928571428571428e+2
    1.6933333333333334e+2 1.6933333333333334e+2 1.6933333333333334e+2
    1.6933333333333334e+2 1.6940000000000001e+2 1.6940000000000001e+2
    1.6940000000000001e+2 1.6944444444444446e+2 1.695e+2 1.695e+2 1.695e+2
    1.695e+2 1.695e+2 1.695e+2 1.6959999999999999e+2 1.6966666666666666e+2
    1.6975e+2 1.6977777777777777e+2 1.6980000000000001e+2 1.6983333333333334e+2
    1.69875e+2 1.69875e+2 1.7e+2 1.7e+2 1.7e+2 1.7e+2 1.7e+2 1.7e+2 1.7e+2
    1.7e+2 1.7e+2 1.7e+2 1.7e+2 1.7e+2 1.7e+2 1.7005882352941177e+2
    1.7009999999999999e+2 1.7013636363636363e+2 1.7016666666666666e+2
    1.7018181818181819e+2 1.7019999999999999e+2 1.7019999999999999e+2 1.7025e+2
    1.7028571428571428e+2 1.7033333333333334e+2 1.7040000000000001e+2
    1.7040000000000001e+2 1.705e+2 1.705e+2 1.705e+2 1.705e+2 1.705e+2 1.705e+2
    1.705e+2 1.7057142857142858e+2 1.70625e+2 1.7066666666666666e+2
    1.7066666666666666e+2 1.7066666666666666e+2 1.7071428571428572e+2 1.7075e+2
    1.7080000000000001e+2 1.7080000000000001e+2 1.7080000000000001e+2
    1.7080000000000001e+2 1.7080000000000001e+2 1.7083333333333334e+2
    1.7085714285714286e+2 1.7090000000000001e+2 1.71e+2 1.71e+2 1.71e+2 1.71e+2
    1.71e+2 1.71e+2 1.71e+2 1.71e+2 1.71e+2 1.7108333333333334e+2 1.71125e+2
    1.7114285714285714e+2 1.7119999999999999e+2 1.7122222222222223e+2 1.7125e+2
    1.7125e+2 1.7125e+2 1.7130000000000001e+2 1.7133333333333334e+2 1.71375e+2
    1.7141666666666666e+2 1.7142857142857142e+2 1.7142857142857142e+2 1.715e+2
    1.715e+2 1.715e+2 1.7155555555555554e+2 1.7157142857142858e+2
    1.7159999999999999e+2 1.7159999999999999e+2 1.7159999999999999e+2
    1.71625e+2 1.7166666666666666e+2 1.7168421052631578e+2
    1.7169999999999999e+2 1.7171428571428572e+2 1.7171428571428572e+2 1.7175e+2
    1.7180000000000001e+2 1.7180000000000001e+2 1.7183333333333334e+2
    1.7190000000000001e+2 1.72e+2 1.72e+2 1.72e+2 1.72e+2 1.72e+2 1.72e+2
    1.72e+2 1.72e+2 1.7207692307692307e+2 1.7208333333333334e+2 1.72125e+2
    1.7214285714285714e+2 1.7214285714285714e+2 1.7222222222222223e+2 1.7225e+2
    1.7225e+2 1.7233333333333334e+2 1.7233333333333334e+2 1.72375e+2
    1.7240000000000001e+2 1.7240000000000001e+2 1.725e+2 1.725e+2 1.725e+2
    1.725e+2 1.7257142857142858e+2 1.7259999999999999e+2 1.72625e+2
    1.7266666666666666e+2 1.7271428571428572e+2 1.7275e+2 1.7275e+2
    1.7280000000000001e+2 1.7280000000000001e+2 1.7283333333333334e+2
    1.7285714285714286e+2 1.72875e+2 1.73e+2 1.73e+2 1.73e+2 1.73e+2 1.73e+2
    1.73e+2 1.73e+2 1.73e+2 1.73125e+2 1.7316666666666666e+2
    1.7319999999999999e+2 1.7321428571428572e+2 1.7325e+2 1.7325e+2 1.7325e+2
    1.7328571428571428e+2 1.7333333333333334e+2 1.7333333333333334e+2
    1.73375e+2 1.7340000000000001e+2 1.7340000000000001e+2
    1.7342857142857142e+2 1.735e+2 1.735e+2 1.735e+2 1.735e+2 1.735e+2 1.735e+2
    1.735e+2 1.735e+2 1.7359999999999999e+2 1.7359999999999999e+2
    1.7366666666666666e+2 1.7371428571428572e+2 1.7371428571428572e+2 1.7375e+2
    1.7375e+2 1.7380000000000001e+2 1.7393333333333334e+2 1.74e+2 1.74e+2
    1.74e+2 1.74e+2 1.74e+2 1.74e+2 1.74e+2 1.74e+2 1.74e+2 1.74e+2 1.74e+2
    1.7405882352941177e+2 1.74125e+2 1.74125e+2 1.7416666666666666e+2
    1.7419999999999999e+2 1.7419999999999999e+2 1.7425e+2 1.7428571428571428e+2
    1.7430000000000001e+2 1.7433333333333334e+2 1.7433333333333334e+2
    1.7440000000000001e+2 1.7442857142857142e+2 1.745e+2 1.745e+2
    1.7455555555555554e+2 1.7455555555555554e+2 1.7457142857142858e+2
    1.7459999999999999e+2 1.7459999999999999e+2 1.7466666666666666e+2
    1.7466666666666666e+2 1.7471428571428572e+2 1.7475e+2 1.7475e+2
    1.7477777777777777e+2 1.7480000000000001e+2 1.7483333333333334e+2
    1.7483333333333334e+2 1.74875e+2 1.75e+2 1.75e+2 1.75e+2 1.75e+2 1.75e+2
    1.75e+2 1.75e+2 1.75e+2 1.7511111111111111e+2 1.7516666666666666e+2
    1.7516666666666666e+2 1.7519999999999999e+2 1.7519999999999999e+2
    1.7528571428571428e+2 1.7533333333333334e+2 1.7533333333333334e+2
    1.7533333333333334e+2 1.75375e+2 1.7540000000000001e+2
    1.7541666666666666e+2 1.755e+2 1.755e+2 1.755e+2 1.755e+2
    1.7557142857142858e+2 1.7559999999999999e+2 1.75625e+2 1.75625e+2
    1.7566666666666666e+2 1.7566666666666666e+2 1.7572727272727272e+2 1.7575e+2
    1.7575e+2 1.7575e+2 1.7577777777777777e+2 1.7583333333333334e+2
    1.7588888888888889e+2 1.76e+2 1.76e+2 1.76e+2 1.76e+2 1.76e+2 1.76e+2
    1.76e+2 1.7606666666666666e+2 1.76125e+2 1.7619999999999999e+2 1.7625e+2
    1.7625e+2 1.7630000000000001e+2 1.7633333333333334e+2 1.7640000000000001e+2
    1.7642857142857142e+2 1.765e+2 1.765e+2 1.765e+2 1.7657142857142858e+2
    1.7659999999999999e+2 1.7659999999999999e+2 1.7666666666666666e+2
    1.7666666666666666e+2 1.7680000000000001e+2 1.7680000000000001e+2
    1.7680000000000001e+2 1.7683333333333334e+2 1.7685714285714286e+2
    1.7688888888888889e+2 1.77e+2 1.77e+2 1.77e+2 1.77e+2 1.77e+2 1.77e+2
    1.77e+2 1.77e+2 1.77e+2 1.7709999999999999e+2 1.77125e+2
    1.7716666666666666e+2 1.7719999999999999e+2 1.7725e+2 1.7725e+2
    1.7728571428571428e+2 1.7728571428571428e+2 1.7740000000000001e+2
    1.7740000000000001e+2 1.7744999999999999e+2 1.775e+2 1.775e+2 1.775e+2
    1.7758333333333334e+2 1.7759999999999999e+2 1.7766666666666666e+2
    1.7766666666666666e+2 1.7780000000000001e+2 1.7790000000000001e+2 1.78e+2
    1.78e+2 1.78e+2 1.78e+2 1.78e+2 1.78e+2 1.78e+2 1.78e+2 1.78e+2 1.78e+2
    1.78e+2 1.78e+2 1.78e+2 1.7809999999999999e+2 1.7814285714285714e+2
    1.7819999999999999e+2 1.7819999999999999e+2 1.7819999999999999e+2 1.7825e+2
    1.7830000000000001e+2 1.7833333333333334e+2 1.7840000000000001e+2
    1.7845454545454547e+2 1.785e+2 1.785e+2 1.785e+2 1.7857142857142858e+2
    1.7859999999999999e+2 1.7866666666666666e+2 1.7869999999999999e+2
    1.7871428571428572e+2 1.7875e+2 1.7875e+2 1.7883333333333334e+2
    1.7885714285714286e+2 1.7890000000000001e+2 1.7890909090909091e+2
    1.7891666666666666e+2 1.79e+2 1.79e+2 1.79e+2 1.79e+2 1.79e+2 1.79e+2
    1.79e+2 1.79e+2 1.79e+2 1.79e+2 1.79e+2 1.7908333333333334e+2
    1.7909999999999999e+2 1.7909999999999999e+2 1.79125e+2
    1.7916666666666666e+2 1.7920833333333334e+2 1.7928571428571428e+2
    1.7933333333333334e+2 1.7933333333333334e+2 1.7933333333333334e+2
    1.7940000000000001e+2 1.795e+2 1.795e+2 1.7964285714285714e+2
    1.7966666666666666e+2 1.7969999999999999e+2 1.7975e+2 1.7975e+2 1.7975e+2
    1.7980000000000001e+2 1.7988888888888889e+2 1.8e+2 1.8e+2 1.8e+2 1.8e+2
    1.8e+2 1.8e+2 1.8e+2 1.8e+2 1.8014285714285714e+2 1.8014285714285714e+2
    1.8016666666666666e+2 1.8025e+2 1.8025e+2 1.8025e+2 1.8028571428571428e+2
    1.8030000000000001e+2 1.80375e+2 1.8041666666666666e+2
    1.8044444444444446e+2 1.805e+2 1.805e+2 1.8052941176470588e+2
    1.8057142857142858e+2 1.8059999999999999e+2 1.8059999999999999e+2
    1.8066666666666666e+2 1.8066666666666666e+2 1.8066666666666666e+2
    1.8069999999999999e+2 1.8075e+2 1.8083333333333334e+2 1.8084210526315789e+2
    1.80875e+2 1.81e+2 1.81e+2 1.81e+2 1.81e+2 1.81e+2 1.81e+2 1.81e+2
    1.8108333333333334e+2 1.8118181818181819e+2 1.8119999999999999e+2
    1.8119999999999999e+2 1.8130000000000001e+2 1.8133333333333334e+2
    1.8140000000000001e+2 1.8140000000000001e+2 1.8142857142857142e+2
    1.8146666666666667e+2 1.815e+2 1.815e+2 1.8159999999999999e+2
    1.8159999999999999e+2 1.8166666666666666e+2 1.8166666666666666e+2
    1.8171428571428572e+2 1.8171428571428572e+2 1.8175e+2 1.8175e+2
    1.8180000000000001e+2 1.8183333333333334e+2 1.8191666666666666e+2 1.82e+2
    1.82e+2 1.82e+2 1.82e+2 1.82e+2 1.82e+2 1.82e+2 1.82e+2
    1.8213333333333333e+2 1.8216666666666666e+2 1.8219999999999999e+2 1.8225e+2
    1.8228571428571428e+2 1.8233333333333334e+2 1.8233333333333334e+2 1.825e+2
    1.825e+2 1.8259999999999999e+2 1.8271428571428572e+2 1.8275e+2
    1.8280000000000001e+2 1.8283333333333334e+2 1.8285714285714286e+2
    1.8292307692307693e+2 1.83e+2 1.83e+2 1.83e+2 1.83e+2 1.83e+2
    1.8306666666666666e+2 1.8311111111111111e+2 1.8311764705882354e+2
    1.8314285714285714e+2 1.8314285714285714e+2 1.8319999999999999e+2
    1.8323076923076923e+2 1.8325e+2 1.8333333333333334e+2 1.8333333333333334e+2
    1.8333333333333334e+2 1.8333333333333334e+2 1.8344444444444446e+2 1.835e+2
    1.835e+2 1.835e+2 1.835e+2 1.835e+2 1.835e+2 1.8359999999999999e+2
    1.8359999999999999e+2 1.8366666666666666e+2 1.8370588235294119e+2 1.8375e+2
    1.8375e+2 1.8385714285714286e+2 1.8388888888888889e+2 1.84e+2 1.84e+2
    1.84e+2 1.84e+2 1.84e+2 1.84e+2 1.84e+2 1.84e+2 1.84e+2
    1.8416666666666666e+2 1.8419999999999999e+2 1.8425e+2 1.8430769230769232e+2
    1.8433333333333334e+2 1.8433333333333334e+2 1.845e+2 1.845e+2
    1.8457142857142858e+2 1.84625e+2 1.8480000000000001e+2
    1.8480000000000001e+2 1.84875e+2 1.8488235294117646e+2
    1.8490000000000001e+2 1.85e+2 1.85e+2 1.85e+2 1.85e+2 1.85e+2 1.85e+2
    1.85e+2 1.85e+2 1.85e+2 1.85125e+2 1.8519999999999999e+2
    1.8519999999999999e+2 1.8528571428571428e+2 1.8533333333333334e+2
    1.8533333333333334e+2 1.855e+2 1.855e+2 1.8557142857142858e+2
    1.8559999999999999e+2 1.8559999999999999e+2 1.8578571428571428e+2
    1.8583333333333334e+2 1.8585714285714286e+2 1.8585714285714286e+2 1.86e+2
    1.86e+2 1.86e+2 1.86e+2 1.86e+2 1.86e+2 1.86e+2 1.86e+2 1.86e+2 1.86e+2
    1.8611764705882354e+2 1.8613333333333333e+2 1.861764705882353e+2
    1.8619999999999999e+2 1.8619999999999999e+2 1.8628571428571428e+2
    1.8633333333333334e+2 1.8633333333333334e+2 1.8633333333333334e+2
    1.8640000000000001e+2 1.865e+2 1.8657142857142858e+2 1.86625e+2
    1.8666666666666666e+2 1.8680000000000001e+2 1.8685714285714286e+2
    1.8688235294117646e+2 1.87e+2 1.87e+2 1.87e+2 1.87e+2 1.87e+2 1.87e+2
    1.87e+2 1.87e+2 1.87e+2 1.87e+2 1.87e+2 1.8714285714285714e+2
    1.8719999999999999e+2 1.8733333333333334e+2 1.87375e+2
    1.8744444444444446e+2 1.8747058823529412e+2 1.875e+2 1.8759999999999999e+2
    1.8759999999999999e+2 1.8764705882352942e+2 1.8771428571428572e+2 1.8775e+2
    1.8780000000000001e+2 1.8780000000000001e+2 1.8780000000000001e+2
    1.8785714285714286e+2 1.8785714285714286e+2 1.87875e+2
    1.8790000000000001e+2 1.88e+2 1.88e+2 1.88e+2 1.88e+2 1.88e+2 1.88e+2
    1.88e+2 1.88e+2 1.88e+2 1.8809999999999999e+2 1.8811111111111111e+2
    1.8811111111111111e+2 1.8813333333333333e+2 1.8826666666666668e+2
    1.8829411764705881e+2 1.8833333333333334e+2 1.8833333333333334e+2
    1.8846666666666667e+2 1.885e+2 1.8855555555555554e+2 1.8857142857142858e+2
    1.8859999999999999e+2 1.8866666666666666e+2 1.8871428571428572e+2 1.8875e+2
    1.8884210526315789e+2 1.8886666666666667e+2 1.8891666666666666e+2 1.89e+2
    1.89e+2 1.89e+2 1.89e+2 1.89e+2 1.89e+2 1.8919999999999999e+2
    1.8919999999999999e+2 1.8930000000000001e+2 1.8933333333333334e+2
    1.8933333333333334e+2 1.8940000000000001e+2 1.8940000000000001e+2
    1.8944444444444446e+2 1.895e+2 1.895e+2 1.895e+2 1.8959999999999999e+2
    1.8969999999999999e+2 1.8980000000000001e+2 1.8983333333333334e+2
    1.8988888888888889e+2 1.8991666666666666e+2 1.9e+2 1.9e+2 1.9e+2 1.9e+2
    1.9e+2 1.9e+2 1.9016666666666666e+2 1.9016666666666666e+2
    1.9019999999999999e+2 1.9030000000000001e+2 1.9030000000000001e+2
    1.9033333333333334e+2 1.9033333333333334e+2 1.9033333333333334e+2
    1.9035294117647058e+2 1.90375e+2 1.90375e+2 1.9041176470588235e+2 1.905e+2
    1.90625e+2 1.9066666666666666e+2 1.9071428571428572e+2 1.9075e+2 1.9075e+2
    1.9077777777777777e+2 1.9080000000000001e+2 1.9080000000000001e+2
    1.9080000000000001e+2 1.908235294117647e+2 1.9085714285714286e+2
    1.9090000000000001e+2 1.91e+2 1.91e+2 1.91e+2 1.91e+2 1.9114285714285714e+2
    1.9130000000000001e+2 1.9133333333333334e+2 1.915e+2 1.915e+2 1.915e+2
    1.9159999999999999e+2 1.9166666666666666e+2 1.9166666666666666e+2 1.9175e+2
    1.9175e+2 1.9177777777777777e+2 1.918235294117647e+2 1.9190000000000001e+2
    1.92e+2 1.92e+2 1.92e+2 1.92e+2 1.92e+2 1.92e+2 1.92e+2 1.92e+2 1.92e+2
    1.9205882352941177e+2 1.92125e+2 1.9219999999999999e+2
    1.9223529411764707e+2 1.9225e+2 1.9230000000000001e+2 1.9240000000000001e+2
    1.9242857142857142e+2 1.925e+2 1.925e+2 1.925e+2 1.925e+2
    1.9259999999999999e+2 1.92625e+2 1.9266666666666666e+2
    1.9285714285714286e+2 1.92875e+2 1.9294117647058823e+2 1.93e+2 1.93e+2
    1.93e+2 1.93e+2 1.93e+2 1.93e+2 1.93e+2 1.93e+2 1.93e+2 1.93e+2 1.93e+2
    1.93e+2 1.93e+2 1.93e+2 1.93e+2 1.9316666666666666e+2 1.9319999999999999e+2
    1.9330000000000001e+2 1.9333333333333334e+2 1.9333333333333334e+2
    1.9333333333333334e+2 1.9340000000000001e+2 1.9340000000000001e+2
    1.9359999999999999e+2 1.9366666666666666e+2 1.9366666666666666e+2
    1.9377777777777777e+2 1.9380000000000001e+2 1.9383333333333334e+2
    1.9385714285714286e+2 1.9391666666666666e+2 1.94e+2 1.94e+2 1.94e+2 1.94e+2
    1.94e+2 1.94e+2 1.94e+2 1.94e+2 1.94e+2 1.94e+2 1.94e+2 1.94e+2 1.94e+2
    1.94e+2 1.94e+2 1.94e+2 1.94e+2 1.94e+2 1.94e+2 1.94e+2 1.94e+2
    1.9419999999999999e+2 1.9433333333333334e+2 1.9440000000000001e+2 1.945e+2
    1.945e+2 1.9459999999999999e+2 1.9463157894736841e+2 1.9475e+2
    1.9480000000000001e+2 1.9490000000000001e+2 1.95e+2 1.95e+2 1.95e+2
    1.9516666666666666e+2 1.9519999999999999e+2 1.9519999999999999e+2
    1.9533333333333334e+2 1.9533333333333334e+2 1.9540000000000001e+2
    1.9540000000000001e+2 1.9542857142857142e+2 1.9552941176470588e+2
    1.9558333333333334e+2 1.9559999999999999e+2 1.9580000000000001e+2
    1.9580000000000001e+2 1.9583333333333334e+2 1.96e+2 1.96e+2 1.96e+2 1.96e+2
    1.96e+2 1.96e+2 1.9616666666666666e+2 1.9619999999999999e+2
    1.9619999999999999e+2 1.9619999999999999e+2 1.9625e+2 1.9630000000000001e+2
    1.9640000000000001e+2 1.965e+2 1.9659999999999999e+2 1.9666666666666666e+2
    1.9666666666666666e+2 1.9675e+2 1.9680000000000001e+2 1.9688888888888889e+2
    1.97e+2 1.97e+2 1.97e+2 1.97e+2 1.97e+2 1.97e+2 1.9706666666666666e+2
    1.9716666666666666e+2 1.9728571428571428e+2 1.9735294117647058e+2
    1.9740000000000001e+2 1.975e+2 1.975e+2 1.975e+2 1.9764705882352942e+2
    1.9776923076923077e+2 1.9790000000000001e+2 1.98e+2 1.98e+2 1.98e+2 1.98e+2
    1.98e+2 1.98e+2 1.9825e+2 1.9829411764705881e+2 1.9847058823529412e+2
    1.985e+2 1.985e+2 1.9859999999999999e+2 1.9866666666666666e+2
    1.9866666666666666e+2 1.9869999999999999e+2 1.9875e+2 1.9880000000000001e+2
    1.9883333333333334e+2 1.9883333333333334e+2 1.9890000000000001e+2 1.99e+2
    1.99e+2 1.99e+2 1.99e+2 1.99e+2 1.9911764705882354e+2 1.9916666666666666e+2
    1.9922222222222223e+2 1.9941176470588235e+2 1.995e+2 1.9959999999999999e+2
    1.9971428571428572e+2 1.9983333333333334e+2 1.99875e+2
    1.9990000000000001e+2 2.0e+2 2.0e+2 2.0e+2 2.0e+2 2.0e+2 2.0e+2 2.0e+2
    2.0019999999999999e+2 2.0019999999999999e+2 2.0047058823529412e+2 2.005e+2
    2.0053846153846155e+2 2.00625e+2 2.0064705882352942e+2
    2.0080000000000001e+2 2.0083333333333334e+2 2.0085714285714286e+2 2.01e+2
    2.01e+2 2.01e+2 2.01e+2 2.01e+2 2.0119999999999999e+2 2.0128571428571428e+2
    2.0130000000000001e+2 2.0135714285714286e+2 2.0140000000000001e+2 2.015e+2
    2.0159999999999999e+2 2.0166666666666666e+2 2.0175e+2 2.0183333333333334e+2
    2.02e+2 2.02e+2 2.02e+2 2.02e+2 2.02e+2 2.0214285714285714e+2
    2.0216666666666666e+2 2.0219999999999999e+2 2.0228571428571428e+2
    2.0233333333333334e+2 2.0240000000000001e+2 2.0240000000000001e+2
    2.0240000000000001e+2 2.0259999999999999e+2 2.0266666666666666e+2
    2.0280000000000001e+2 2.03e+2 2.03e+2 2.03e+2 2.03375e+2
    2.0340000000000001e+2 2.03625e+2 2.0366666666666666e+2
    2.0371428571428572e+2 2.0375e+2 2.038125e+2 2.04e+2 2.04e+2 2.04e+2 2.04e+2
    2.0414285714285714e+2 2.0419999999999999e+2 2.0425e+2 2.0428571428571428e+2
    2.0440000000000001e+2 2.045e+2 2.045e+2 2.0475e+2 2.05e+2 2.05e+2 2.05e+2
    2.05e+2 2.0525e+2 2.0533333333333334e+2 2.055e+2 2.055e+2
    2.0566666666666666e+2 2.0569230769230768e+2 2.0585714285714286e+2
    2.0588235294117646e+2 2.06e+2 2.06125e+2 2.0619999999999999e+2 2.065e+2
    2.0657142857142858e+2 2.0659999999999999e+2 2.0676470588235293e+2
    2.06875e+2 2.07e+2 2.07e+2 2.0719999999999999e+2 2.0725e+2
    2.0733333333333334e+2 2.0736363636363637e+2 2.0740000000000001e+2 2.075e+2
    2.0755555555555554e+2 2.0766666666666666e+2 2.0769999999999999e+2 2.0775e+2
    2.0780000000000001e+2 2.0794117647058823e+2 2.08e+2 2.08e+2 2.08e+2
    2.0819999999999999e+2 2.0840000000000001e+2 2.0840000000000001e+2 2.085e+2
    2.0859999999999999e+2 2.0883333333333334e+2 2.0883333333333334e+2 2.09e+2
    2.09e+2 2.09e+2 2.09e+2 2.0909999999999999e+2 2.09125e+2
    2.0919999999999999e+2 2.0933333333333334e+2 2.0933333333333334e+2 2.095e+2
    2.095e+2 2.095e+2 2.0957142857142858e+2 2.0966666666666666e+2
    2.0980000000000001e+2 2.09875e+2 2.1e+2 2.1e+2 2.1025e+2 2.105e+2
    2.1066666666666666e+2 2.108125e+2 2.1090000000000001e+2 2.11e+2 2.11e+2
    2.11e+2 2.11e+2 2.11125e+2 2.1116666666666666e+2 2.1125e+2 2.1125e+2
    2.1127272727272728e+2 2.1140000000000001e+2 2.1159999999999999e+2
    2.1169999999999999e+2 2.1175e+2 2.12e+2 2.12e+2 2.12e+2 2.12e+2 2.12e+2
    2.1216666666666666e+2 2.1219999999999999e+2 2.1225e+2 2.1240000000000001e+2
    2.125e+2 2.125e+2 2.125e+2 2.1259999999999999e+2 2.1269999999999999e+2
    2.1285714285714286e+2 2.13e+2 2.13e+2 2.1325e+2 2.1340000000000001e+2
    2.135e+2 2.1359999999999999e+2 2.1359999999999999e+2 2.1359999999999999e+2
    2.1375e+2 2.14e+2 2.14e+2 2.14e+2 2.14e+2 2.1409999999999999e+2
    2.1411111111111111e+2 2.1440000000000001e+2 2.1452941176470588e+2
    2.1459999999999999e+2 2.1475e+2 2.15e+2 2.15e+2 2.1519999999999999e+2
    2.1525e+2 2.1525e+2 2.1540000000000001e+2 2.155e+2 2.1559999999999999e+2
    2.1566666666666666e+2 2.1571428571428572e+2 2.1580000000000001e+2
    2.1580000000000001e+2 2.15875e+2 2.16e+2 2.16e+2 2.1606666666666666e+2
    2.1621428571428572e+2 2.1625e+2 2.1633333333333334e+2 2.1633333333333334e+2
    2.165e+2 2.165e+2 2.1666666666666666e+2 2.1692307692307693e+2 2.17e+2
    2.17e+2 2.1719999999999999e+2 2.1730000000000001e+2 2.1740000000000001e+2
    2.175e+2 2.1766666666666666e+2 2.1766666666666666e+2 2.1790000000000001e+2
    2.18e+2 2.18e+2 2.1815384615384616e+2 2.1833333333333334e+2 2.185e+2
    2.185e+2 2.1859999999999999e+2 2.1859999999999999e+2 2.1880000000000001e+2
    2.1888235294117646e+2 2.19e+2 2.1916666666666666e+2 2.195e+2
    2.1980000000000001e+2 2.1980000000000001e+2 2.1992857142857142e+2 2.2e+2
    2.2e+2 2.2e+2 2.2e+2 2.2005882352941177e+2 2.2009999999999999e+2
    2.2014285714285714e+2 2.2019999999999999e+2 2.2030769230769232e+2 2.205e+2
    2.2053846153846155e+2 2.2080000000000001e+2 2.2090000000000001e+2 2.21e+2
    2.21e+2 2.2108333333333334e+2 2.2113333333333333e+2 2.2133333333333334e+2
    2.2140000000000001e+2 2.2142857142857142e+2 2.2159999999999999e+2 2.2175e+2
    2.2180000000000001e+2 2.22e+2 2.22e+2 2.22e+2 2.2214285714285714e+2
    2.2219999999999999e+2 2.2229411764705881e+2 2.225e+2 2.2259999999999999e+2
    2.22625e+2 2.2280000000000001e+2 2.2280000000000001e+2
    2.2293333333333334e+2 2.23e+2 2.23e+2 2.23e+2 2.2319999999999999e+2
    2.2328571428571428e+2 2.2357142857142858e+2 2.23875e+2 2.24e+2 2.24e+2
    2.24e+2 2.24e+2 2.2413333333333333e+2 2.2419999999999999e+2
    2.2477777777777777e+2 2.2490000000000001e+2 2.25e+2 2.2509999999999999e+2
    2.255e+2 2.25625e+2 2.26e+2 2.26e+2 2.2619999999999999e+2
    2.2633333333333334e+2 2.2666666666666666e+2 2.2669999999999999e+2
    2.2683333333333334e+2 2.2686666666666667e+2 2.27e+2 2.27e+2 2.27e+2 2.27e+2
    2.27e+2 2.2733333333333334e+2 2.2741666666666666e+2 2.2769999999999999e+2
    2.2791666666666666e+2 2.28e+2 2.28e+2 2.2819999999999999e+2 2.2825e+2
    2.2830000000000001e+2 2.2840000000000001e+2 2.2840000000000001e+2
    2.2877777777777777e+2 2.29e+2 2.2930000000000001e+2 2.295e+2
    2.2990000000000001e+2 2.3e+2 2.3e+2 2.305e+2 2.305e+2 2.305e+2 2.305e+2
    2.3058333333333334e+2 2.3059999999999999e+2 2.3076923076923077e+2 2.31e+2
    2.3119999999999999e+2 2.3147058823529412e+2 2.3180000000000001e+2 2.32e+2
    2.3209999999999999e+2 2.3219999999999999e+2 2.3259999999999999e+2 2.3275e+2
    2.3281818181818181e+2 2.33e+2 2.33e+2 2.3326666666666668e+2
    2.3359999999999999e+2 2.3369999999999999e+2 2.3383333333333334e+2 2.34e+2
    2.3409999999999999e+2 2.3425e+2 2.3433333333333334e+2 2.3440000000000001e+2
    2.345e+2 2.3480000000000001e+2 2.35e+2 2.35e+2 2.35e+2
    2.3546666666666667e+2 2.3569999999999999e+2 2.3588888888888889e+2 2.36e+2
    2.36e+2 2.36e+2 2.3625e+2 2.3633333333333334e+2 2.36375e+2
    2.3640000000000001e+2 2.3680000000000001e+2 2.3685714285714286e+2 2.37e+2
    2.3740000000000001e+2 2.375e+2 2.3769999999999999e+2 2.38e+2 2.38e+2
    2.3819999999999999e+2 2.3830000000000001e+2 2.385e+2 2.3866666666666666e+2
    2.39e+2 2.39e+2 2.3909999999999999e+2 2.3930000000000001e+2
    2.3966666666666666e+2 2.3966666666666666e+2 2.3980000000000001e+2 2.4e+2
    2.4019999999999999e+2 2.405e+2 2.41e+2 2.41e+2 2.4106666666666666e+2
    2.4109999999999999e+2 2.4119999999999999e+2 2.4166666666666666e+2 2.42e+2
    2.4246666666666667e+2 2.425e+2 2.4259999999999999e+2 2.4275e+2 2.43e+2
    2.43e+2 2.4313333333333333e+2 2.4366666666666666e+2 2.4375e+2 2.44125e+2
    2.4433333333333334e+2 2.4480000000000001e+2 2.4480000000000001e+2 2.45e+2
    2.4523529411764707e+2 2.455e+2 2.46e+2 2.46e+2 2.4638461538461539e+2
    2.4659999999999999e+2 2.4675e+2 2.47e+2 2.4707692307692307e+2
    2.4740000000000001e+2 2.4791666666666666e+2 2.48e+2 2.4880000000000001e+2
    2.4919999999999999e+2 2.4933333333333334e+2 2.5e+2 2.5040000000000001e+2
    2.5080000000000001e+2 2.51e+2 2.5125e+2 2.5140000000000001e+2 2.51625e+2
    2.5169999999999999e+2 2.52e+2 2.52e+2 2.525e+2 2.5259999999999999e+2
    2.5275e+2 2.53e+2 2.53e+2 2.5319999999999999e+2 2.5330000000000001e+2
    2.535e+2 2.5353846153846155e+2 2.5369999999999999e+2 2.54e+2
    2.5419999999999999e+2 2.5425e+2 2.5446666666666667e+2 2.545e+2
    2.5459999999999999e+2 2.55e+2 2.5533333333333334e+2 2.5540000000000001e+2
    2.5593333333333334e+2 2.56e+2 2.5607692307692309e+2 2.5619999999999999e+2
    2.5623529411764707e+2 2.565e+2 2.568235294117647e+2 2.57e+2 2.57375e+2
    2.58e+2 2.59e+2 2.5933333333333331e+2 2.5939999999999998e+2
    2.5969999999999999e+2 2.6e+2 2.6e+2 2.6e+2 2.6e+2 2.6025e+2
    2.6039999999999998e+2 2.6080000000000001e+2 2.61e+2 2.6191666666666669e+2
    2.62e+2 2.6219999999999999e+2 2.625e+2 2.6280000000000001e+2 2.63e+2
    2.63e+2 2.6325e+2 2.6360000000000002e+2 2.64e+2 2.64e+2
    2.6460000000000002e+2 2.65e+2 2.6541666666666669e+2 2.66e+2 2.66e+2
    2.6606666666666666e+2 2.6619999999999999e+2 2.6708333333333331e+2
    2.6780000000000001e+2 2.6785714285714283e+2 2.68e+2 2.68e+2
    2.6819999999999999e+2 2.69e+2 2.69e+2 2.6923076923076923e+2
    2.7022222222222223e+2 2.7160000000000002e+2 2.7160000000000002e+2 2.72e+2
    2.7241666666666669e+2 2.73e+2 2.74e+2 2.75e+2 2.7539999999999998e+2
    2.7646153846153845e+2 2.7680000000000001e+2 2.7689999999999998e+2
    2.7728571428571428e+2 2.78e+2 2.78375e+2 2.795e+2 2.8e+2 2.81e+2 2.81625e+2
    2.84e+2 2.84e+2 2.8544444444444446e+2 2.8666666666666669e+2 2.87e+2
    2.8807692307692309e+2 2.89e+2 2.9058333333333331e+2 2.92e+2 2.93e+2 2.95e+2
    2.96e+2 2.97e+2 2.98e+2 2.99e+2 3.01e+2 3.0133333333333331e+2 3.03e+2
    3.0530769230769232e+2 3.0766666666666669e+2 3.08e+2 3.1158333333333331e+2
    3.1360000000000002e+2 3.1639999999999998e+2 3.17e+2 3.18e+2
    3.1890909090909093e+2 3.21e+2 3.22e+2 3.23e+2 3.2384615384615387e+2
    3.2539999999999998e+2 3.2705882352941177e+2 3.2944444444444446e+2 3.3e+2
    3.30375e+2 3.32e+2 3.35e+2 3.3761538461538464e+2 3.4066666666666669e+2
    3.4169230769230768e+2 3.425e+2 3.4577777777777777e+2 3.4853846153846155e+2
    3.5130769230769232e+2 3.52e+2 3.5355555555555554e+2 3.5661538461538464e+2
    3.6031578947368422e+2 3.6592307692307691e+2 3.67e+2 3.69e+2
    3.7133333333333331e+2 3.715e+2 3.7284615384615387e+2 3.8142857142857144e+2
    3.83e+2 3.85e+2 3.87e+2 3.9466666666666669e+2 4.06e+2 4.11e+2
    4.1519999999999999e+2 4.2061111111111109e+2 4.25e+2 4.39e+2 4.46e+2 4.49e+2
    4.58125e+2 4.88e+2 5.0e+2 5.0e+2 5.0e+2 5.0e+2 5.0e+2 5.0e+2 5.0e+2 5.0e+2
    5.0e+2 5.0e+2 5.0e+2 5.0e+2 5.0e+2 5.0e+2 5.0e+2 5.0e+2 5.0e+2 5.0e+2
    5.0e+2 5.0e+2 5.0e+2 5.0e+2 5.0e+2 5.0e+2 5.0e+2 5.0e+2 5.0e+2 5.0e+2
    5.0e+2 5.0e+2 5.0e+2 5.0e+2 5.0e+2 5.0e+2 5.0e+2 5.0e+2 5.0e+2 5.0e+2
    5.0e+2 5.0e+2 5.0e+2 5.0e+2 5.0e+2 5.0e+2 5.0e+2 5.0e+2 5.0e+2 5.0e+2
    5.0e+2 5.0e+2 5.0e+2 5.0e+2 5.0e+2 5.0e+2 5.0e+2 5.0e+2 5.0e+2 5.0e+2
    5.0e+2 5.0e+2 5.0e+2 5.0e+2 5.0e+2 5.0e+2 5.0e+2 5.0e+2 5.0e+2 5.0e+2
    5.0e+2 5.0e+2 5.0e+2 5.0e+2 5.0e+2 5.0e+2 5.0e+2 5.0e+2 5.0e+2 5.0e+2
    5.0e+2 5.0e+2 5.0e+2 5.0e+2 5.0e+2 5.0e+2 5.0e+2 5.0e+2 5.0e+2 5.0e+2
    5.0e+2 5.0e+2 5.0e+2 5.0e+2 5.0e+2 5.0e+2 5.0e+2 5.0e+2 5.0e+2 5.0e+2
    5.0e+2 5.0e+2 5.0e+2 5.0e+2 5.0e+2 5.0e+2 5.0e+2 5.0e+2 5.0e+2 5.0e+2
    5.0e+2 5.0e+2 5.0e+2 5.0e+2 5.0e+2 5.0e+2 5.0e+2 5.0e+2 5.0e+2 5.0e+2
    5.0e+2 5.0e+2 5.0e+2 5.0e+2 5.0e+2 5.0e+2 5.0e+2 5.0e+2 5.0e+2 5.0e+2
    5.0e+2 5.0e+2 5.0e+2 5.0e+2 5.0e+2 5.0e+2 5.0e+2 5.0e+2 5.0e+2 5.0e+2
    5.0e+2 5.0e+2 5.0e+2 5.0e+2 5.0e+2 5.0e+2 5.0e+2 5.0e+2 5.0e+2 5.0e+2
    5.0e+2 5.0e+2 5.0e+2 5.0e+2 5.0e+2 5.0e+2 5.0e+2 5.0e+2 5.0e+2 5.0e+2
    5.0e+2 5.0e+2 5.0e+2 5.0e+2 5.0e+2 5.0e+2 5.0e+2 5.03e+2 5.03e+2 5.03e+2
    5.03e+2 5.03e+2 5.03e+2 5.03e+2 5.03e+2 5.03e+2 5.03e+2 5.03e+2 5.03e+2
    5.03e+2 5.03e+2 5.03e+2 5.03e+2 5.03e+2 5.03e+2 5.03e+2 5.03e+2 5.03e+2
    5.03e+2 5.03e+2 5.03e+2 5.03e+2 5.03e+2 5.03e+2 5.03e+2 5.03e+2 5.03e+2
    5.03e+2 5.03e+2 5.03e+2 5.03e+2 5.03e+2 5.03e+2 5.03e+2 5.03e+2 5.03e+2
    5.03e+2 5.03e+2 5.03e+2 5.03e+2 5.03e+2 5.03e+2 5.03e+2 5.03e+2 5.03e+2
    5.03e+2 5.03e+2 5.03e+2 5.03e+2 5.03e+2 5.03e+2 5.03e+2 5.03e+2 5.03e+2
    5.03e+2 5.03e+2 5.03e+2 5.03e+2 5.03e+2 5.03e+2 5.03e+2 5.03e+2 5.03e+2
    5.03e+2 5.03e+2 5.03e+2 5.03e+2 5.03e+2 5.03e+2 5.03e+2 5.03e+2 5.03e+2
    5.03e+2 5.03e+2 5.04e+2 5.04e+2 5.04e+2 5.04e+2 5.04e+2 5.04e+2 5.04e+2
    5.04e+2 5.04e+2 5.04e+2 5.04e+2 5.04e+2 5.04e+2 5.04e+2 5.04e+2 5.04e+2
    5.04e+2 5.04e+2 5.04e+2 5.04e+2 5.04e+2 5.04e+2 5.04e+2 5.04e+2 5.04e+2
    5.04e+2 5.04e+2 5.04e+2 5.04e+2 5.04e+2 5.04e+2 5.04e+2 5.04e+2 5.04e+2
    5.04e+2 5.04e+2 5.04e+2 5.04e+2 5.04e+2 5.04e+2 5.04e+2 5.04e+2 5.04e+2
    5.04e+2 5.04e+2 5.04e+2 5.06e+2 5.06e+2 5.06e+2 5.06e+2 5.06e+2 5.06e+2
    5.06e+2 5.06e+2 5.06e+2 5.06e+2 5.06e+2 5.06e+2 5.06e+2 5.06e+2 5.06e+2
    5.06e+2 5.06e+2 5.06e+2 5.06e+2 5.06e+2 5.06e+2 5.06e+2 5.06e+2 5.06e+2
    5.06e+2 5.06e+2 5.06e+2 5.06e+2 5.06e+2 5.06e+2 5.06e+2 5.06e+2 5.06e+2
    5.06e+2 5.06e+2 5.06e+2 5.06e+2 5.06e+2 5.06e+2 5.06e+2 5.06e+2 5.06e+2
    5.06e+2 5.06e+2 5.06e+2 5.06e+2 5.06e+2 5.06e+2 5.06e+2 5.06e+2 5.06e+2
    5.06e+2 5.06e+2 5.06e+2 5.06e+2 5.06e+2 5.06e+2 5.06e+2 5.06e+2 5.06e+2
    5.06e+2 5.06e+2 5.06e+2 5.06e+2 5.06e+2 5.06e+2 5.06e+2 5.06e+2 5.09e+2
    5.3466666666666663e+2 5.3466666666666663e+2 5.3466666666666663e+2
    5.3466666666666663e+2 5.3466666666666663e+2 5.3466666666666663e+2
    5.3466666666666663e+2 5.3466666666666663e+2 5.3466666666666663e+2
    5.3466666666666663e+2 5.3466666666666663e+2 5.3466666666666663e+2
    5.3466666666666663e+2 5.4233333333333337e+2 5.4783333333333337e+2
    5.4783333333333337e+2 5.4783333333333337e+2 5.4783333333333337e+2
    5.4783333333333337e+2 5.4783333333333337e+2 5.4783333333333337e+2
    5.4783333333333337e+2 5.4783333333333337e+2 5.4783333333333337e+2
    5.4783333333333337e+2 5.4783333333333337e+2 5.4783333333333337e+2
    5.4783333333333337e+2 5.4783333333333337e+2 5.4783333333333337e+2
    5.4783333333333337e+2 5.4783333333333337e+2 5.4783333333333337e+2
    5.4783333333333337e+2 5.4783333333333337e+2 5.4783333333333337e+2
    5.4783333333333337e+2 5.4783333333333337e+2 5.4783333333333337e+2
    5.4783333333333337e+2 5.4783333333333337e+2 5.4783333333333337e+2
    5.4783333333333337e+2 5.4783333333333337e+2 5.4783333333333337e+2
    5.4783333333333337e+2 5.4783333333333337e+2 5.48e+2 5.48e+2 5.48e+2
    5.4816666666666663e+2 5.4816666666666663e+2 5.4816666666666663e+2
    5.4816666666666663e+2 5.4816666666666663e+2 5.4816666666666663e+2
    5.4816666666666663e+2 5.4816666666666663e+2 5.4816666666666663e+2
    5.4816666666666663e+2 5.4816666666666663e+2 5.4816666666666663e+2
    5.4816666666666663e+2 5.4816666666666663e+2 5.4816666666666663e+2
    5.4816666666666663e+2 5.4816666666666663e+2 5.4816666666666663e+2
    5.4816666666666663e+2 5.4816666666666663e+2 5.4816666666666663e+2
    5.4816666666666663e+2 5.4816666666666663e+2 5.4816666666666663e+2
    5.4816666666666663e+2 5.4816666666666663e+2 5.4816666666666663e+2
    5.4816666666666663e+2 5.4816666666666663e+2 5.4816666666666663e+2
    5.4816666666666663e+2 5.4816666666666663e+2 5.4816666666666663e+2
    5.4816666666666663e+2 5.4816666666666663e+2 5.4816666666666663e+2
    5.4816666666666663e+2 5.4816666666666663e+2 5.4816666666666663e+2
    5.4816666666666663e+2 5.4816666666666663e+2 5.4816666666666663e+2
    5.4816666666666663e+2 5.4816666666666663e+2 5.4816666666666663e+2
    5.4816666666666663e+2 5.4816666666666663e+2 5.4816666666666663e+2
    5.4816666666666663e+2 5.4816666666666663e+2 5.4816666666666663e+2
    5.4816666666666663e+2 5.4816666666666663e+2 5.4816666666666663e+2
    5.4816666666666663e+2 5.4816666666666663e+2 5.4816666666666663e+2
    5.4816666666666663e+2 5.4816666666666663e+2 5.4816666666666663e+2
    5.4816666666666663e+2 5.4816666666666663e+2 5.4816666666666663e+2
    5.4816666666666663e+2 5.4816666666666663e+2 5.4816666666666663e+2
    5.4816666666666663e+2 5.4816666666666663e+2 5.4816666666666663e+2
    5.4816666666666663e+2 5.4816666666666663e+2 5.4816666666666663e+2
    5.4816666666666663e+2 5.4816666666666663e+2 5.4816666666666663e+2
    5.4816666666666663e+2 5.4816666666666663e+2 5.4816666666666663e+2
    5.4816666666666663e+2 5.4816666666666663e+2 5.4816666666666663e+2
    5.4816666666666663e+2 5.4816666666666663e+2 5.4816666666666663e+2
    5.4816666666666663e+2 5.4816666666666663e+2 5.4816666666666663e+2
    5.4816666666666663e+2 5.4816666666666663e+2 5.4816666666666663e+2
    5.4816666666666663e+2 5.4816666666666663e+2 5.4816666666666663e+2
    5.4816666666666663e+2 5.4816666666666663e+2 5.4816666666666663e+2
    5.4816666666666663e+2 5.4816666666666663e+2 5.4816666666666663e+2
    5.4816666666666663e+2 5.4816666666666663e+2 5.4816666666666663e+2
    5.4816666666666663e+2 5.4816666666666663e+2 5.4816666666666663e+2
    5.4816666666666663e+2 5.4816666666666663e+2 5.4816666666666663e+2
    5.4816666666666663e+2 5.4816666666666663e+2 5.4816666666666663e+2
    5.4816666666666663e+2 5.4816666666666663e+2 5.4816666666666663e+2
    5.4816666666666663e+2 5.4816666666666663e+2 5.4816666666666663e+2
    5.4816666666666663e+2 5.4816666666666663e+2 5.4816666666666663e+2
    5.4816666666666663e+2 5.4816666666666663e+2 5.4816666666666663e+2
    5.4816666666666663e+2 5.4816666666666663e+2 5.4816666666666663e+2
    5.4816666666666663e+2 5.4816666666666663e+2 5.4816666666666663e+2
    5.4816666666666663e+2 5.4816666666666663e+2 5.4816666666666663e+2
    5.4816666666666663e+2 5.4816666666666663e+2 5.4816666666666663e+2
    5.4816666666666663e+2 5.4816666666666663e+2 5.4816666666666663e+2
    5.4816666666666663e+2 5.4816666666666663e+2 5.4816666666666663e+2
    5.4816666666666663e+2 5.4816666666666663e+2 5.4816666666666663e+2
    5.4816666666666663e+2 5.4816666666666663e+2 5.4816666666666663e+2
    5.4816666666666663e+2 5.4816666666666663e+2 5.4816666666666663e+2
    5.4816666666666663e+2 5.4816666666666663e+2 5.4816666666666663e+2
    5.4816666666666663e+2 5.4816666666666663e+2 5.4816666666666663e+2
    5.4816666666666663e+2 5.4816666666666663e+2 5.4816666666666663e+2
    5.4816666666666663e+2 5.4816666666666663e+2 5.4816666666666663e+2
    5.4816666666666663e+2 5.4816666666666663e+2 5.4816666666666663e+2
    5.4816666666666663e+2 5.4816666666666663e+2 5.4816666666666663e+2
    5.4816666666666663e+2 5.4816666666666663e+2 5.4816666666666663e+2
    5.4816666666666663e+2 5.4816666666666663e+2 5.4816666666666663e+2
    5.4816666666666663e+2 5.4816666666666663e+2 5.4816666666666663e+2
    5.4816666666666663e+2 5.4816666666666663e+2 5.4816666666666663e+2
    5.4816666666666663e+2 5.4816666666666663e+2 5.4816666666666663e+2
    5.4816666666666663e+2 5.4816666666666663e+2 5.4816666666666663e+2
    5.4816666666666663e+2 5.4816666666666663e+2 5.4816666666666663e+2
    5.4816666666666663e+2 5.4816666666666663e+2 5.4816666666666663e+2
    5.4816666666666663e+2 5.4816666666666663e+2 5.4816666666666663e+2
    5.4816666666666663e+2 5.4816666666666663e+2 5.4816666666666663e+2
    5.4816666666666663e+2 5.4816666666666663e+2 5.4816666666666663e+2
    5.4816666666666663e+2 5.4816666666666663e+2 5.4816666666666663e+2
    5.4816666666666663e+2 5.4816666666666663e+2 5.4816666666666663e+2
    5.4816666666666663e+2 5.4816666666666663e+2 5.4816666666666663e+2
    5.4816666666666663e+2 5.4816666666666663e+2 5.4816666666666663e+2
    5.4816666666666663e+2 5.4816666666666663e+2 5.4816666666666663e+2
    5.4816666666666663e+2 5.4816666666666663e+2 5.4816666666666663e+2
    5.4816666666666663e+2 5.4816666666666663e+2 5.4816666666666663e+2
    5.4816666666666663e+2 5.4816666666666663e+2 5.4816666666666663e+2
    5.4816666666666663e+2 5.4816666666666663e+2 5.4816666666666663e+2
    5.4816666666666663e+2 5.4816666666666663e+2 5.4816666666666663e+2
    5.4816666666666663e+2 5.4816666666666663e+2 5.4816666666666663e+2
    5.4816666666666663e+2 5.4816666666666663e+2 5.4816666666666663e+2
    5.4816666666666663e+2 5.4816666666666663e+2 5.4816666666666663e+2
    5.4816666666666663e+2 5.4816666666666663e+2 5.4816666666666663e+2
    5.4816666666666663e+2 5.4816666666666663e+2 5.4816666666666663e+2
    5.4816666666666663e+2 5.4816666666666663e+2 5.4816666666666663e+2
    5.4816666666666663e+2 5.4816666666666663e+2 5.4816666666666663e+2
    5.4816666666666663e+2 5.4816666666666663e+2 5.4816666666666663e+2
    5.4816666666666663e+2 5.4816666666666663e+2 5.4816666666666663e+2
    5.4816666666666663e+2 5.4816666666666663e+2 5.4816666666666663e+2
    5.4816666666666663e+2 5.4816666666666663e+2 5.4816666666666663e+2
    5.4816666666666663e+2 5.4816666666666663e+2 5.4816666666666663e+2
    5.4816666666666663e+2 5.4816666666666663e+2 5.4816666666666663e+2
    5.4816666666666663e+2 5.4816666666666663e+2 5.4816666666666663e+2
    5.4816666666666663e+2 5.4816666666666663e+2 5.4816666666666663e+2
    5.4816666666666663e+2 5.4816666666666663e+2 5.4816666666666663e+2
    5.4816666666666663e+2 5.4816666666666663e+2 5.4816666666666663e+2
    5.4816666666666663e+2 5.4816666666666663e+2 5.4816666666666663e+2
    5.4816666666666663e+2 5.4816666666666663e+2 5.4816666666666663e+2
    5.4816666666666663e+2 5.4816666666666663e+2 5.4816666666666663e+2
    5.4816666666666663e+2 5.4816666666666663e+2 5.4816666666666663e+2
    5.4816666666666663e+2 5.4816666666666663e+2 5.4816666666666663e+2
    5.4816666666666663e+2 5.4816666666666663e+2 5.4816666666666663e+2
    5.4816666666666663e+2 5.4816666666666663e+2 5.4816666666666663e+2
    5.4816666666666663e+2 5.4816666666666663e+2 5.4816666666666663e+2
    5.4816666666666663e+2 5.4816666666666663e+2 5.4816666666666663e+2
    5.4816666666666663e+2 5.4816666666666663e+2 5.4816666666666663e+2
    5.4816666666666663e+2 5.4816666666666663e+2 5.4816666666666663e+2
    5.4816666666666663e+2 5.4816666666666663e+2 5.4816666666666663e+2
    5.4816666666666663e+2 5.4816666666666663e+2 5.4816666666666663e+2
    5.4816666666666663e+2 5.4816666666666663e+2 5.4816666666666663e+2
    5.4816666666666663e+2 5.4816666666666663e+2 5.4833333333333337e+2
    5.4833333333333337e+2 5.4833333333333337e+2 5.4833333333333337e+2
    5.4833333333333337e+2 5.4833333333333337e+2 5.4833333333333337e+2
    5.4833333333333337e+2 5.4833333333333337e+2 5.4833333333333337e+2
    5.4833333333333337e+2 5.4833333333333337e+2 5.4833333333333337e+2
    5.4833333333333337e+2 5.4833333333333337e+2 5.4833333333333337e+2
    5.4833333333333337e+2 5.4833333333333337e+2 5.485e+2 5.485e+2 5.485e+2
    5.485e+2 5.485e+2 5.485e+2 5.485e+2 5.485e+2 5.485e+2 5.485e+2 5.485e+2
    5.485e+2 5.485e+2 5.485e+2 5.485e+2 5.485e+2 5.485e+2 5.485e+2 5.485e+2
    5.485e+2 5.485e+2 5.485e+2 5.485e+2 5.485e+2 5.485e+2 5.485e+2 5.485e+2
    5.485e+2 5.485e+2 5.485e+2 5.485e+2 5.485e+2 5.485e+2 5.485e+2 5.485e+2
    5.485e+2 5.485e+2 5.485e+2 5.485e+2 5.485e+2 5.485e+2 5.485e+2 5.485e+2
    5.485e+2 5.485e+2 5.485e+2 5.485e+2 5.485e+2 5.485e+2 5.485e+2 5.485e+2
    5.485e+2 5.485e+2 5.485e+2 5.485e+2 5.485e+2 5.485e+2 5.485e+2 5.485e+2
    5.485e+2 5.485e+2 5.485e+2 5.485e+2 5.485e+2 5.485e+2 5.485e+2 5.485e+2
    5.485e+2 5.485e+2 5.485e+2 5.485e+2 5.485e+2 5.485e+2 5.485e+2 5.485e+2
    5.485e+2 5.485e+2 5.485e+2 5.485e+2 5.485e+2 5.485e+2 5.485e+2 5.485e+2
    5.485e+2 5.485e+2 5.485e+2 5.485e+2 5.485e+2 5.485e+2 5.485e+2 5.485e+2
    5.485e+2 5.485e+2 5.485e+2 5.485e+2 5.485e+2 5.485e+2 5.485e+2 5.485e+2
    5.485e+2 5.485e+2 5.485e+2 5.485e+2 5.485e+2 5.485e+2 5.485e+2 5.485e+2
    5.485e+2 5.485e+2 5.485e+2 5.485e+2 5.485e+2 5.485e+2 5.485e+2 5.485e+2
    5.485e+2 5.485e+2 5.485e+2 5.485e+2 5.485e+2 5.485e+2 5.485e+2 5.485e+2
    5.485e+2 5.485e+2 5.485e+2 5.485e+2 5.485e+2 5.485e+2 5.485e+2 5.485e+2
    5.485e+2 5.485e+2 5.485e+2 5.485e+2 5.485e+2 5.485e+2 5.485e+2 5.485e+2
    5.485e+2 5.485e+2 5.485e+2 5.485e+2 5.485e+2 5.485e+2 5.485e+2 5.485e+2
    5.485e+2 5.485e+2 5.485e+2 5.485e+2 5.485e+2 5.485e+2 5.485e+2 5.485e+2
    5.485e+2 5.485e+2 5.485e+2 5.485e+2 5.485e+2 5.485e+2 5.485e+2 5.485e+2
    5.485e+2 5.485e+2 5.485e+2 5.485e+2 5.485e+2 5.485e+2 5.485e+2 5.485e+2
    5.485e+2 5.485e+2 5.485e+2 5.485e+2 5.485e+2 5.485e+2 5.485e+2 5.485e+2
    5.485e+2 5.485e+2 5.485e+2 5.485e+2 5.485e+2 5.485e+2 5.485e+2 5.485e+2
    5.485e+2 5.485e+2 5.485e+2 5.485e+2 5.485e+2 5.485e+2 5.485e+2 5.485e+2
    5.485e+2 5.485e+2 5.485e+2 5.485e+2 5.485e+2 5.485e+2 5.485e+2 5.485e+2
    5.485e+2 5.485e+2 5.485e+2 5.485e+2 5.485e+2 5.485e+2 5.485e+2 5.485e+2
    5.485e+2 5.485e+2 5.485e+2 5.485e+2 5.485e+2 5.485e+2 5.485e+2 5.485e+2
    5.485e+2 5.485e+2 5.485e+2 5.485e+2 5.485e+2 5.485e+2 5.485e+2 5.485e+2
    5.485e+2 5.485e+2 5.485e+2 5.485e+2 5.485e+2 5.485e+2 5.485e+2 5.485e+2
    5.485e+2 5.485e+2 5.485e+2 5.485e+2 5.485e+2 5.485e+2 5.485e+2 5.485e+2
    5.485e+2 5.485e+2 5.485e+2 5.485e+2 5.485e+2 5.485e+2 5.485e+2 5.485e+2
    5.485e+2 5.485e+2 5.485e+2 5.485e+2 5.485e+2 5.485e+2 5.485e+2 5.485e+2
    5.485e+2 5.485e+2 5.485e+2 5.485e+2 5.485e+2 5.485e+2 5.485e+2 5.485e+2
    5.485e+2 5.485e+2 5.485e+2 5.485e+2 5.485e+2 5.485e+2 5.485e+2 5.485e+2
    5.485e+2 5.485e+2 5.485e+2 5.485e+2 5.485e+2 5.485e+2 5.485e+2 5.485e+2
    5.485e+2 5.485e+2 5.485e+2 5.485e+2 5.485e+2 5.485e+2 5.485e+2 5.485e+2
    5.485e+2 5.485e+2 5.485e+2 5.485e+2 5.485e+2 5.485e+2 5.485e+2 5.485e+2
    5.485e+2 5.485e+2 5.485e+2 5.485e+2 5.485e+2 5.485e+2 5.485e+2 5.485e+2
    5.485e+2 5.485e+2 5.485e+2 5.485e+2 5.485e+2 5.485e+2 5.485e+2 5.485e+2
    5.485e+2 5.485e+2 5.485e+2 5.485e+2 5.485e+2 5.485e+2 5.485e+2 5.485e+2
    5.485e+2 5.485e+2 5.485e+2 5.485e+2 5.485e+2 5.485e+2 5.485e+2 5.485e+2
    5.485e+2 5.485e+2 5.485e+2 5.485e+2 5.485e+2 5.485e+2 5.485e+2 5.485e+2
    5.485e+2 5.485e+2 5.485e+2 5.485e+2 5.485e+2 5.485e+2 5.485e+2 5.485e+2
    5.485e+2 5.485e+2 5.485e+2 5.485e+2 5.485e+2 5.485e+2 5.485e+2 5.485e+2
    5.485e+2 5.485e+2 5.485e+2 5.485e+2 5.485e+2 5.485e+2 5.485e+2 5.485e+2
    5.485e+2 5.485e+2 5.485e+2 5.485e+2 5.485e+2 5.485e+2 5.485e+2 5.485e+2
    5.485e+2 5.485e+2 5.485e+2 5.485e+2 5.485e+2 5.485e+2 5.485e+2 5.485e+2
    5.485e+2 5.485e+2 5.485e+2 5.485e+2 5.485e+2 5.485e+2 5.485e+2 5.485e+2
    5.485e+2 5.485e+2 5.485e+2 5.485e+2 5.485e+2 5.485e+2 5.485e+2 5.485e+2
    5.485e+2 5.485e+2 5.485e+2 5.485e+2 5.485e+2 5.485e+2 5.485e+2 5.485e+2
    5.485e+2 5.485e+2 5.485e+2 5.485e+2 5.485e+2 5.485e+2 5.485e+2 5.485e+2
    5.485e+2 5.485e+2 5.485e+2 5.485e+2 5.485e+2 5.485e+2 5.485e+2 5.485e+2
    5.485e+2 5.485e+2 5.485e+2 5.485e+2 5.485e+2 5.485e+2 5.485e+2 5.485e+2
    5.485e+2 5.485e+2 5.485e+2 5.485e+2 5.485e+2 5.485e+2 5.485e+2 5.485e+2
    5.485e+2 5.485e+2 5.485e+2 5.485e+2 5.485e+2 5.485e+2 5.485e+2 5.485e+2
    5.485e+2 5.485e+2 5.485e+2 5.485e+2 5.485e+2 5.485e+2 5.485e+2 5.485e+2
    5.485e+2 5.485e+2 5.485e+2 5.485e+2 5.485e+2 5.485e+2 5.485e+2 5.485e+2
    5.485e+2 5.485e+2 5.485e+2 5.485e+2 5.485e+2 5.485e+2 5.485e+2 5.485e+2
    5.485e+2 5.485e+2 5.485e+2 5.485e+2 5.485e+2 5.485e+2 5.485e+2 5.485e+2
    5.485e+2 5.485e+2 5.485e+2 5.485e+2 5.485e+2 5.485e+2 5.485e+2 5.485e+2
    5.485e+2 5.485e+2 5.485e+2 5.485e+2 5.485e+2 5.485e+2 5.485e+2 5.485e+2
    5.485e+2 5.485e+2 5.485e+2 5.485e+2 5.485e+2 5.485e+2 5.485e+2 5.485e+2
    5.485e+2 5.485e+2 5.485e+2 5.485e+2 5.485e+2 5.485e+2 5.485e+2 5.485e+2
    5.485e+2 5.485e+2 5.485e+2 5.485e+2 5.485e+2 5.485e+2 5.485e+2 5.485e+2
    5.485e+2 5.485e+2 5.485e+2 5.485e+2 5.485e+2 5.485e+2 5.485e+2 5.485e+2
    5.485e+2 5.485e+2 5.485e+2 5.485e+2 5.485e+2 5.485e+2 5.485e+2 5.485e+2
    5.485e+2 5.485e+2 5.485e+2 5.485e+2 5.485e+2 5.485e+2 5.485e+2 5.485e+2
    5.485e+2 5.485e+2 5.485e+2 5.485e+2 5.485e+2 5.485e+2 5.485e+2 5.485e+2
    5.485e+2 5.485e+2 5.485e+2 5.485e+2 5.485e+2 5.485e+2 5.485e+2 5.485e+2
    5.485e+2 5.485e+2 5.485e+2 5.485e+2 5.485e+2 5.485e+2 5.485e+2 5.485e+2
    5.485e+2 5.485e+2 5.485e+2 5.485e+2 5.485e+2 5.485e+2 5.485e+2 5.485e+2
    5.485e+2 5.485e+2 5.485e+2 5.485e+2 5.485e+2 5.485e+2 5.485e+2 5.485e+2
    5.485e+2 5.485e+2 5.485e+2 5.485e+2 5.485e+2 5.485e+2 5.485e+2 5.485e+2
    5.485e+2 5.485e+2 5.485e+2 5.485e+2 5.485e+2 5.485e+2 5.485e+2 5.485e+2
    5.485e+2 5.485e+2 5.485e+2 5.485e+2 5.485e+2 5.485e+2 5.485e+2 5.485e+2
    5.485e+2 5.485e+2 5.485e+2 5.485e+2 5.485e+2 5.485e+2 5.485e+2 5.485e+2
    5.485e+2 5.485e+2 5.485e+2 5.485e+2 5.485e+2 5.485e+2 5.485e+2 5.485e+2
    5.485e+2 5.485e+2 5.485e+2 5.485e+2 5.485e+2 5.485e+2 5.485e+2 5.485e+2
    5.485e+2 5.485e+2 5.485e+2 5.485e+2 5.485e+2 5.485e+2 5.485e+2 5.485e+2
    5.485e+2 5.485e+2 5.485e+2 5.485e+2 5.485e+2 5.485e+2 5.485e+2 5.485e+2
    5.485e+2 5.485e+2 5.485e+2 5.485e+2 5.485e+2 5.485e+2 5.485e+2 5.485e+2
    5.485e+2 5.485e+2 5.485e+2 5.485e+2 5.485e+2 5.485e+2 5.485e+2 5.485e+2
    5.485e+2 5.485e+2 5.485e+2 5.485e+2 5.485e+2 5.485e+2 5.485e+2 5.485e+2
    5.485e+2 5.485e+2 5.485e+2 5.485e+2 5.485e+2 5.485e+2 5.485e+2 5.485e+2
    5.485e+2 5.485e+2 5.485e+2 5.485e+2 5.485e+2 5.485e+2 5.485e+2 5.485e+2
    5.485e+2 5.485e+2 5.485e+2 5.485e+2 5.485e+2 5.485e+2 5.485e+2 5.485e+2
    5.485e+2 5.485e+2 5.485e+2 5.485e+2 5.485e+2 5.485e+2 5.485e+2 5.485e+2
    5.485e+2 5.485e+2 5.485e+2 5.485e+2 5.485e+2 5.485e+2 5.485e+2 5.485e+2
    5.485e+2 5.485e+2 5.485e+2 5.485e+2 5.485e+2 5.485e+2 5.485e+2 5.485e+2
    5.485e+2 5.485e+2 5.485e+2 5.485e+2 5.485e+2 5.485e+2 5.485e+2 5.485e+2
    5.485e+2 5.485e+2 5.485e+2 5.485e+2 5.485e+2 5.485e+2 5.485e+2 5.485e+2
    5.485e+2 5.485e+2 5.485e+2 5.485e+2 5.485e+2 5.485e+2 5.485e+2 5.485e+2
    5.485e+2 5.485e+2 5.485e+2 5.485e+2 5.485e+2 5.485e+2 5.485e+2 5.485e+2
    5.485e+2 5.485e+2 5.485e+2 5.485e+2 5.485e+2 5.485e+2 5.485e+2 5.485e+2
    5.485e+2 5.485e+2 5.485e+2 5.485e+2 5.485e+2 5.485e+2 5.485e+2 5.485e+2
    5.485e+2 5.485e+2 5.485e+2 5.485e+2 5.485e+2 5.485e+2 5.485e+2 5.485e+2
    5.485e+2 5.485e+2 5.485e+2 5.485e+2 5.485e+2 5.485e+2 5.485e+2 5.485e+2
    5.485e+2 5.485e+2 5.485e+2 5.485e+2 5.485e+2 5.485e+2 5.485e+2 5.485e+2
    5.485e+2 5.485e+2 5.485e+2 5.485e+2 5.485e+2 5.485e+2 5.485e+2 5.485e+2
    5.485e+2 5.485e+2 5.485e+2 5.485e+2 5.485e+2 5.485e+2 5.485e+2 5.485e+2
    5.485e+2 5.485e+2 5.485e+2 5.485e+2 5.485e+2 5.485e+2 5.485e+2 5.485e+2
    5.485e+2 5.485e+2 5.485e+2 5.485e+2 5.485e+2 5.485e+2 5.485e+2 5.485e+2
    5.485e+2 5.485e+2 5.485e+2 5.485e+2 5.485e+2 5.485e+2 5.485e+2 5.485e+2
    5.485e+2 5.485e+2 5.485e+2 5.485e+2 5.485e+2 5.485e+2 5.485e+2 5.485e+2
    5.485e+2 5.485e+2 5.485e+2 5.485e+2 5.485e+2 5.485e+2 5.485e+2 5.485e+2
    5.485e+2 5.485e+2 5.485e+2 5.485e+2 5.485e+2 5.485e+2 5.485e+2 5.485e+2
    5.485e+2 5.485e+2 5.485e+2 5.485e+2 5.485e+2 5.485e+2 5.485e+2 5.485e+2
    5.485e+2 5.485e+2 5.485e+2 5.485e+2 5.485e+2 5.485e+2 5.485e+2 5.485e+2
    5.485e+2 5.485e+2 5.485e+2 5.485e+2 5.485e+2 5.485e+2 5.485e+2 5.485e+2
    5.485e+2 5.485e+2 5.485e+2 5.485e+2 5.485e+2 5.485e+2 5.485e+2 5.485e+2
    5.485e+2 5.485e+2 5.485e+2 5.485e+2 5.485e+2 5.485e+2 5.485e+2 5.485e+2
    5.485e+2 5.485e+2 5.485e+2 5.485e+2 5.485e+2 5.485e+2 5.485e+2 5.485e+2
    5.485e+2 5.485e+2 5.485e+2 5.485e+2 5.485e+2 5.485e+2 5.485e+2 5.485e+2
    5.485e+2 5.485e+2 5.485e+2 5.485e+2 5.485e+2 5.485e+2 5.485e+2 5.485e+2
    5.485e+2 5.485e+2 5.485e+2 5.485e+2 5.485e+2 5.485e+2 5.485e+2 5.485e+2
    5.485e+2 5.485e+2 5.485e+2 5.485e+2 5.485e+2 5.485e+2 5.485e+2 5.485e+2
    5.485e+2 5.485e+2 5.485e+2 5.485e+2 5.485e+2 5.485e+2 5.485e+2 5.485e+2
    5.485e+2 5.485e+2 5.485e+2 5.485e+2 5.485e+2 5.485e+2 5.485e+2 5.485e+2
    5.485e+2 5.485e+2 5.485e+2 5.485e+2 5.485e+2 5.485e+2 5.485e+2 5.485e+2
    5.485e+2 5.485e+2 5.485e+2 5.485e+2 5.485e+2 5.485e+2 5.485e+2 5.485e+2
    5.485e+2 5.485e+2 5.485e+2 5.485e+2 5.485e+2 5.485e+2 5.485e+2 5.485e+2
    5.485e+2 5.485e+2 5.485e+2 5.485e+2 5.485e+2 5.485e+2 5.485e+2 5.485e+2
    5.485e+2 5.485e+2 5.485e+2 5.485e+2 5.485e+2 5.485e+2 5.485e+2 5.485e+2
    5.485e+2 5.485e+2 5.485e+2 5.485e+2 5.485e+2 5.485e+2 5.485e+2 5.485e+2
    5.485e+2 5.485e+2 5.485e+2 5.485e+2 5.485e+2 5.485e+2 5.485e+2 5.485e+2
    5.485e+2 5.485e+2 5.485e+2 5.485e+2 5.485e+2 5.485e+2 5.485e+2 5.485e+2
    5.485e+2 5.485e+2 5.485e+2 5.485e+2 5.485e+2 5.485e+2 5.485e+2 5.485e+2
    5.485e+2 5.485e+2 5.485e+2 5.485e+2 5.485e+2 5.485e+2 5.485e+2 5.485e+2
    5.485e+2 5.485e+2 5.485e+2 5.485e+2 5.485e+2 5.485e+2 5.485e+2 5.485e+2
    5.485e+2 5.485e+2 5.485e+2 5.485e+2 5.485e+2 5.485e+2 5.485e+2 5.485e+2
    5.485e+2 5.485e+2 5.485e+2 5.485e+2 5.485e+2 5.485e+2 5.485e+2 5.485e+2
    5.485e+2 5.485e+2 5.485e+2 5.485e+2 5.485e+2 5.485e+2 5.485e+2 5.485e+2
    5.485e+2 5.485e+2 5.485e+2 5.485e+2 5.485e+2 5.485e+2 5.485e+2 5.485e+2
    5.485e+2 5.485e+2 5.485e+2 5.485e+2 5.485e+2 5.485e+2 5.485e+2 5.485e+2
    5.485e+2 5.485e+2 5.485e+2 5.485e+2 5.485e+2 5.485e+2 5.485e+2 5.485e+2
    5.485e+2 5.485e+2 5.485e+2 5.485e+2 5.485e+2 5.485e+2 5.485e+2 5.485e+2
    5.485e+2 5.485e+2 5.485e+2 5.485e+2 5.485e+2 5.485e+2 5.485e+2 5.485e+2
    5.485e+2 5.485e+2 5.485e+2 5.485e+2 5.485e+2 5.485e+2 5.485e+2 5.485e+2
    5.485e+2 5.485e+2 5.485e+2 5.485e+2 5.485e+2 5.485e+2 5.485e+2 5.485e+2
    5.485e+2 5.485e+2 5.485e+2 5.485e+2 5.485e+2 5.485e+2 5.485e+2 5.485e+2
    5.485e+2 5.485e+2 5.485e+2 5.485e+2 5.485e+2 5.485e+2 5.485e+2 5.485e+2
    5.485e+2 5.485e+2 5.485e+2 5.485e+2 5.485e+2 5.485e+2 5.485e+2 5.485e+2
    5.485e+2 5.485e+2 5.485e+2 5.485e+2 5.485e+2 5.485e+2 5.485e+2 5.485e+2
    5.485e+2 5.485e+2 5.485e+2 5.485e+2 5.485e+2 5.485e+2 5.485e+2 5.485e+2
    5.485e+2 5.485e+2 5.485e+2 5.485e+2 5.485e+2 5.485e+2 5.485e+2 5.485e+2
    5.485e+2 5.485e+2 5.485e+2 5.485e+2 5.485e+2 5.485e+2 5.485e+2 5.485e+2
    5.485e+2 5.485e+2 5.485e+2 5.485e+2 5.485e+2 5.485e+2 5.485e+2 5.485e+2
    5.485e+2 5.485e+2 5.485e+2 5.485e+2 5.485e+2 5.485e+2 5.485e+2 5.485e+2
    5.485e+2 5.485e+2 5.485e+2 5.485e+2 5.485e+2 5.485e+2 5.485e+2 5.485e+2
    5.485e+2 5.485e+2 5.485e+2 5.485e+2 5.485e+2 5.485e+2 5.485e+2 5.485e+2
    5.485e+2 5.485e+2 5.485e+2 5.485e+2 5.485e+2 5.485e+2 5.485e+2 5.485e+2
    5.485e+2 5.485e+2 5.485e+2 5.485e+2 5.485e+2 5.485e+2 5.485e+2 5.485e+2
    5.485e+2 5.485e+2 5.485e+2 5.485e+2 5.485e+2 5.485e+2 5.485e+2 5.485e+2
    5.485e+2 5.485e+2 5.485e+2 5.485e+2 5.485e+2 5.485e+2 5.485e+2 5.485e+2
    5.485e+2 5.485e+2 5.485e+2 5.485e+2 5.485e+2 5.485e+2 5.485e+2 5.485e+2
    5.485e+2 5.485e+2 5.485e+2 5.485e+2 5.485e+2 5.485e+2 5.485e+2 5.485e+2
    5.485e+2 5.485e+2 5.485e+2 5.485e+2 5.485e+2 5.485e+2 5.485e+2 5.485e+2
    5.485e+2 5.485e+2 5.485e+2 5.485e+2 5.485e+2 5.485e+2 5.485e+2 5.485e+2
    5.485e+2 5.485e+2 5.485e+2 5.485e+2 5.485e+2 5.485e+2 5.485e+2 5.485e+2
    5.485e+2 5.485e+2 5.485e+2 5.485e+2 5.485e+2 5.485e+2 5.485e+2 5.485e+2
    5.485e+2 5.485e+2 5.485e+2 5.485e+2 5.485e+2 5.485e+2 5.485e+2 5.485e+2
    5.485e+2 5.485e+2 5.485e+2 5.485e+2 5.485e+2 5.485e+2 5.485e+2 5.485e+2
    5.485e+2 5.485e+2 5.4866666666666663e+2 5.4866666666666663e+2
    5.4866666666666663e+2 5.4866666666666663e+2 5.4866666666666663e+2
    5.4866666666666663e+2 5.4866666666666663e+2 5.4866666666666663e+2
    5.4866666666666663e+2 5.4866666666666663e+2 5.4866666666666663e+2
    5.4866666666666663e+2 5.4866666666666663e+2 5.4866666666666663e+2
    5.4866666666666663e+2 5.4866666666666663e+2 5.4866666666666663e+2
    5.4866666666666663e+2 5.4866666666666663e+2 5.4866666666666663e+2
    5.4866666666666663e+2 5.4866666666666663e+2 5.4866666666666663e+2
    5.4866666666666663e+2 5.4866666666666663e+2 5.4866666666666663e+2
    5.4883333333333337e+2 5.4883333333333337e+2 5.4883333333333337e+2
    5.4883333333333337e+2 5.4883333333333337e+2 5.4883333333333337e+2
    5.4883333333333337e+2 5.4883333333333337e+2 5.4883333333333337e+2
    5.4883333333333337e+2 5.4883333333333337e+2 5.4883333333333337e+2
    5.4883333333333337e+2 5.4883333333333337e+2 5.4883333333333337e+2
    5.4883333333333337e+2 5.4883333333333337e+2 5.4883333333333337e+2
    5.4883333333333337e+2 5.4883333333333337e+2 5.4883333333333337e+2
    5.4883333333333337e+2 5.4883333333333337e+2 5.4883333333333337e+2
    5.4883333333333337e+2 5.4883333333333337e+2 5.4883333333333337e+2
    5.4883333333333337e+2 5.4883333333333337e+2 5.4883333333333337e+2
    5.4883333333333337e+2 5.4883333333333337e+2 5.4883333333333337e+2
    5.4883333333333337e+2 5.4883333333333337e+2 5.4883333333333337e+2
    5.4883333333333337e+2 5.4883333333333337e+2 5.4883333333333337e+2
    5.4883333333333337e+2 5.4883333333333337e+2 5.4883333333333337e+2
    5.4883333333333337e+2 5.4883333333333337e+2 5.4883333333333337e+2
    5.4883333333333337e+2 5.4883333333333337e+2 5.4883333333333337e+2
    5.4883333333333337e+2 5.4883333333333337e+2 5.4883333333333337e+2
    5.4883333333333337e+2 5.4883333333333337e+2 5.4883333333333337e+2
    5.4883333333333337e+2 5.4883333333333337e+2 5.4883333333333337e+2
    5.4883333333333337e+2 5.4883333333333337e+2 5.4883333333333337e+2
    5.4883333333333337e+2 5.4883333333333337e+2 5.4883333333333337e+2
    5.4883333333333337e+2 5.4883333333333337e+2 5.4883333333333337e+2
    5.4883333333333337e+2 5.4883333333333337e+2 5.4883333333333337e+2
    5.4883333333333337e+2 5.4883333333333337e+2 5.4883333333333337e+2
    5.4883333333333337e+2 5.4883333333333337e+2 5.4883333333333337e+2
    5.4883333333333337e+2 5.4883333333333337e+2 5.4883333333333337e+2
    5.4883333333333337e+2 5.4883333333333337e+2 5.4883333333333337e+2
    5.4883333333333337e+2 5.4883333333333337e+2 5.4883333333333337e+2
    5.4883333333333337e+2 5.4883333333333337e+2 5.4883333333333337e+2
    5.4883333333333337e+2 5.4883333333333337e+2 5.4883333333333337e+2
    5.4883333333333337e+2 5.4883333333333337e+2 5.4883333333333337e+2
    5.4883333333333337e+2 5.4883333333333337e+2 5.4883333333333337e+2
    5.4883333333333337e+2 5.4883333333333337e+2 5.4883333333333337e+2
    5.4883333333333337e+2 5.4883333333333337e+2 5.4883333333333337e+2
    5.4883333333333337e+2 5.4883333333333337e+2 5.4883333333333337e+2
    5.4883333333333337e+2 5.4883333333333337e+2 5.4883333333333337e+2
    5.4883333333333337e+2 5.4883333333333337e+2 5.4883333333333337e+2
    5.4883333333333337e+2 5.4883333333333337e+2 5.4883333333333337e+2
    5.4883333333333337e+2 5.4883333333333337e+2 5.4883333333333337e+2
    5.4883333333333337e+2 5.4883333333333337e+2 5.4883333333333337e+2
    5.4883333333333337e+2 5.4883333333333337e+2 5.4883333333333337e+2
    5.4883333333333337e+2 5.4883333333333337e+2 5.4883333333333337e+2
    5.4883333333333337e+2 5.4883333333333337e+2 5.4883333333333337e+2
    5.4883333333333337e+2 5.4883333333333337e+2 5.4883333333333337e+2
    5.4883333333333337e+2 5.4883333333333337e+2 5.4883333333333337e+2
    5.4883333333333337e+2 5.4883333333333337e+2 5.4883333333333337e+2
    5.4883333333333337e+2 5.4883333333333337e+2 5.4883333333333337e+2
    5.4883333333333337e+2 5.4883333333333337e+2 5.4883333333333337e+2
    5.4883333333333337e+2 5.4883333333333337e+2 5.4883333333333337e+2
    5.4883333333333337e+2 5.4883333333333337e+2 5.4883333333333337e+2
    5.4883333333333337e+2 5.4883333333333337e+2 5.4883333333333337e+2
    5.4883333333333337e+2 5.4883333333333337e+2 5.4883333333333337e+2
    5.4883333333333337e+2 5.4883333333333337e+2 5.4883333333333337e+2
    5.4883333333333337e+2 5.4883333333333337e+2 5.4883333333333337e+2
    5.4883333333333337e+2 5.4883333333333337e+2 5.4883333333333337e+2
    5.4883333333333337e+2 5.4883333333333337e+2 5.4883333333333337e+2
    5.4883333333333337e+2 5.4883333333333337e+2 5.4883333333333337e+2
    5.4883333333333337e+2 5.4883333333333337e+2 5.4883333333333337e+2
    5.4883333333333337e+2 5.4883333333333337e+2 5.4883333333333337e+2
    5.4883333333333337e+2 5.4883333333333337e+2 5.4883333333333337e+2
    5.4883333333333337e+2 5.4883333333333337e+2 5.4883333333333337e+2
    5.4883333333333337e+2 5.4883333333333337e+2 5.4883333333333337e+2
    5.4883333333333337e+2 5.4883333333333337e+2 5.4883333333333337e+2
    5.4883333333333337e+2 5.4883333333333337e+2 5.4883333333333337e+2
    5.4883333333333337e+2 5.4883333333333337e+2 5.4883333333333337e+2
    5.4883333333333337e+2 5.4883333333333337e+2 5.4883333333333337e+2
    5.4883333333333337e+2 5.4883333333333337e+2 5.4883333333333337e+2
    5.4883333333333337e+2 5.4883333333333337e+2 5.4883333333333337e+2
    5.4883333333333337e+2 5.4883333333333337e+2 5.4883333333333337e+2
    5.4883333333333337e+2 5.4883333333333337e+2 5.4883333333333337e+2
    5.4883333333333337e+2 5.4883333333333337e+2 5.4883333333333337e+2
    5.4883333333333337e+2 5.4883333333333337e+2 5.4883333333333337e+2
    5.4883333333333337e+2 5.4883333333333337e+2 5.4883333333333337e+2
    5.4883333333333337e+2 5.4883333333333337e+2 5.4883333333333337e+2
    5.4883333333333337e+2 5.4883333333333337e+2 5.4883333333333337e+2
    5.4883333333333337e+2 5.4883333333333337e+2 5.4883333333333337e+2
    5.4883333333333337e+2 5.4883333333333337e+2 5.4883333333333337e+2
    5.4883333333333337e+2 5.4883333333333337e+2 5.4883333333333337e+2
    5.4883333333333337e+2 5.4883333333333337e+2 5.4883333333333337e+2
    5.4883333333333337e+2 5.4883333333333337e+2 5.4883333333333337e+2
    5.4883333333333337e+2 5.4883333333333337e+2 5.4883333333333337e+2
    5.4883333333333337e+2 5.4883333333333337e+2 5.4883333333333337e+2
    5.4883333333333337e+2 5.4883333333333337e+2 5.4883333333333337e+2
    5.4883333333333337e+2 5.4883333333333337e+2 5.4883333333333337e+2
    5.4883333333333337e+2 5.4883333333333337e+2 5.4883333333333337e+2
    5.4883333333333337e+2 5.4883333333333337e+2 5.4883333333333337e+2
    5.4883333333333337e+2 5.4883333333333337e+2 5.4883333333333337e+2
    5.4883333333333337e+2 5.4883333333333337e+2 5.4883333333333337e+2
    5.4883333333333337e+2 5.4883333333333337e+2 5.4883333333333337e+2
    5.4883333333333337e+2 5.4883333333333337e+2 5.4883333333333337e+2
    5.4883333333333337e+2 5.4883333333333337e+2 5.4883333333333337e+2
    5.4883333333333337e+2 5.4883333333333337e+2 5.4883333333333337e+2
    5.4883333333333337e+2 5.4883333333333337e+2 5.4883333333333337e+2
    5.4883333333333337e+2 5.4883333333333337e+2 5.4883333333333337e+2
    5.4883333333333337e+2 5.4883333333333337e+2 5.4883333333333337e+2
    5.4883333333333337e+2 5.4883333333333337e+2 5.4883333333333337e+2
    5.4883333333333337e+2 5.4883333333333337e+2 5.4883333333333337e+2
    5.4883333333333337e+2 5.4883333333333337e+2 5.4883333333333337e+2
    5.4883333333333337e+2 5.4883333333333337e+2 5.4883333333333337e+2
    5.4883333333333337e+2 5.4883333333333337e+2 5.4883333333333337e+2
    5.4883333333333337e+2 5.4883333333333337e+2 5.4883333333333337e+2
    5.4883333333333337e+2 5.4883333333333337e+2 5.4883333333333337e+2
    5.4883333333333337e+2 5.4883333333333337e+2 5.4883333333333337e+2
    5.4883333333333337e+2 5.4883333333333337e+2 5.4883333333333337e+2
    5.4883333333333337e+2 5.4883333333333337e+2 5.4883333333333337e+2
    5.4883333333333337e+2 5.4883333333333337e+2 5.4883333333333337e+2
    5.4883333333333337e+2 5.4883333333333337e+2 5.4883333333333337e+2
    5.4883333333333337e+2 5.4883333333333337e+2 5.4883333333333337e+2
    5.4883333333333337e+2 5.4883333333333337e+2 5.4883333333333337e+2
    5.4883333333333337e+2 5.4883333333333337e+2 5.4883333333333337e+2
    5.4883333333333337e+2 5.4883333333333337e+2 5.4883333333333337e+2
    5.4883333333333337e+2 5.4883333333333337e+2 5.4883333333333337e+2
    5.4883333333333337e+2 5.4883333333333337e+2 5.4883333333333337e+2
    5.4883333333333337e+2 5.4883333333333337e+2 5.4883333333333337e+2
    5.4883333333333337e+2 5.4883333333333337e+2 5.4883333333333337e+2
    5.4883333333333337e+2 5.4883333333333337e+2 5.4883333333333337e+2
    5.4883333333333337e+2 5.4883333333333337e+2 5.4883333333333337e+2
    5.4883333333333337e+2 5.4883333333333337e+2 5.4883333333333337e+2
    5.4883333333333337e+2 5.4883333333333337e+2 5.4883333333333337e+2
    5.4883333333333337e+2 5.4883333333333337e+2 5.4883333333333337e+2
    5.4883333333333337e+2 5.4883333333333337e+2 5.4883333333333337e+2
    5.4883333333333337e+2 5.4883333333333337e+2 5.4883333333333337e+2
    5.4883333333333337e+2 5.4883333333333337e+2 5.4883333333333337e+2
    5.4883333333333337e+2 5.4883333333333337e+2 5.4883333333333337e+2
    5.4883333333333337e+2 5.4883333333333337e+2 5.4883333333333337e+2
    5.4883333333333337e+2 5.4883333333333337e+2 5.4883333333333337e+2
    5.4883333333333337e+2 5.4883333333333337e+2 5.4883333333333337e+2
    5.4883333333333337e+2 5.4883333333333337e+2 5.4883333333333337e+2
    5.4883333333333337e+2 5.4883333333333337e+2 5.4883333333333337e+2
    5.4883333333333337e+2 5.4883333333333337e+2 5.4883333333333337e+2
    5.4883333333333337e+2 5.4883333333333337e+2 5.4883333333333337e+2
    5.4883333333333337e+2 5.4883333333333337e+2 5.4883333333333337e+2
    5.4883333333333337e+2 5.4883333333333337e+2 5.4883333333333337e+2
    5.4883333333333337e+2 5.4883333333333337e+2 5.4883333333333337e+2
    5.4883333333333337e+2 5.4883333333333337e+2 5.4883333333333337e+2
    5.4883333333333337e+2 5.4883333333333337e+2 5.4883333333333337e+2
    5.4883333333333337e+2 5.4883333333333337e+2 5.4883333333333337e+2
    5.4883333333333337e+2 5.4883333333333337e+2 5.4883333333333337e+2
    5.4883333333333337e+2 5.4883333333333337e+2 5.4883333333333337e+2
    5.4883333333333337e+2 5.4883333333333337e+2 5.4883333333333337e+2
    5.4883333333333337e+2 5.4883333333333337e+2 5.4883333333333337e+2
    5.4883333333333337e+2 5.4883333333333337e+2 5.5e+2 5.5133333333333337e+2
    5.5133333333333337e+2 5.5133333333333337e+2 5.5133333333333337e+2
    5.5133333333333337e+2 5.5133333333333337e+2 5.5133333333333337e+2
    5.5133333333333337e+2 5.5133333333333337e+2 5.5133333333333337e+2
    5.5133333333333337e+2 5.5133333333333337e+2 5.5133333333333337e+2
    5.5133333333333337e+2 5.5133333333333337e+2 5.5133333333333337e+2
    5.5133333333333337e+2 5.5133333333333337e+2 5.5133333333333337e+2
    5.5133333333333337e+2 5.5133333333333337e+2 5.5133333333333337e+2
    5.5133333333333337e+2 5.5133333333333337e+2 5.5133333333333337e+2
    5.5133333333333337e+2 5.5133333333333337e+2 5.5133333333333337e+2
    5.5133333333333337e+2 5.5133333333333337e+2 5.5133333333333337e+2
    5.5133333333333337e+2 5.5133333333333337e+2 5.5133333333333337e+2
    5.5133333333333337e+2 5.5133333333333337e+2 5.5133333333333337e+2
    5.5133333333333337e+2 5.5133333333333337e+2 5.5133333333333337e+2
    5.5133333333333337e+2 5.5133333333333337e+2 5.5133333333333337e+2
    5.5133333333333337e+2 5.5133333333333337e+2 5.5133333333333337e+2
    5.5133333333333337e+2 5.5133333333333337e+2 5.5133333333333337e+2
    5.5133333333333337e+2 5.5133333333333337e+2 5.5133333333333337e+2
    5.5133333333333337e+2 5.5133333333333337e+2 5.5133333333333337e+2
    5.5133333333333337e+2 5.5133333333333337e+2 5.5133333333333337e+2
    5.5133333333333337e+2 5.5133333333333337e+2 5.5133333333333337e+2
    5.5133333333333337e+2 5.5133333333333337e+2 5.5133333333333337e+2
    5.5133333333333337e+2 5.5133333333333337e+2 5.5133333333333337e+2
    5.5133333333333337e+2 5.5133333333333337e+2 5.5133333333333337e+2
    5.5133333333333337e+2 5.5133333333333337e+2 5.5133333333333337e+2
    5.5133333333333337e+2 5.5133333333333337e+2 5.5133333333333337e+2
    5.5133333333333337e+2 5.5133333333333337e+2 5.5133333333333337e+2
    5.5133333333333337e+2 5.5133333333333337e+2 5.5133333333333337e+2
    5.5133333333333337e+2 5.5133333333333337e+2 5.5133333333333337e+2
    5.5133333333333337e+2 5.5133333333333337e+2 5.5133333333333337e+2
    5.5133333333333337e+2 5.5133333333333337e+2 5.5133333333333337e+2
    5.5133333333333337e+2 5.5133333333333337e+2 5.5133333333333337e+2
    5.5133333333333337e+2 5.5133333333333337e+2 5.5133333333333337e+2
    5.5133333333333337e+2 5.5133333333333337e+2 5.5133333333333337e+2
    5.5133333333333337e+2 5.5133333333333337e+2 5.5133333333333337e+2
    5.5133333333333337e+2 5.5133333333333337e+2 5.5133333333333337e+2
    5.5133333333333337e+2 5.5133333333333337e+2 5.5133333333333337e+2
    5.5133333333333337e+2 5.5133333333333337e+2 5.5133333333333337e+2
    5.5133333333333337e+2 5.5133333333333337e+2 5.5133333333333337e+2
    5.5133333333333337e+2 5.5133333333333337e+2 5.5133333333333337e+2
    5.5133333333333337e+2 5.5133333333333337e+2 5.5133333333333337e+2
    5.5133333333333337e+2 5.5133333333333337e+2 5.5133333333333337e+2
    5.5133333333333337e+2 5.5133333333333337e+2 5.5133333333333337e+2
    5.5133333333333337e+2 5.5133333333333337e+2 5.5133333333333337e+2
    5.5133333333333337e+2 5.5133333333333337e+2 5.5133333333333337e+2
    5.5133333333333337e+2 5.5133333333333337e+2 5.5133333333333337e+2
    5.5133333333333337e+2 5.5133333333333337e+2 5.5133333333333337e+2
    5.5133333333333337e+2 5.5133333333333337e+2 5.5133333333333337e+2
    5.5133333333333337e+2 5.5133333333333337e+2 5.5133333333333337e+2
    5.5133333333333337e+2 5.5133333333333337e+2 5.5133333333333337e+2
    5.5133333333333337e+2 5.5133333333333337e+2 5.5133333333333337e+2
    5.5133333333333337e+2 5.5133333333333337e+2 5.5133333333333337e+2
    5.5133333333333337e+2 5.5133333333333337e+2 5.5133333333333337e+2
    5.5133333333333337e+2 5.5133333333333337e+2 5.5133333333333337e+2
    5.5133333333333337e+2 5.5133333333333337e+2 5.5133333333333337e+2
    5.5133333333333337e+2 5.5133333333333337e+2 5.5133333333333337e+2
    5.5133333333333337e+2 5.5133333333333337e+2 5.5133333333333337e+2
    5.5133333333333337e+2 5.5133333333333337e+2 5.5133333333333337e+2
    5.5133333333333337e+2 5.5133333333333337e+2 5.5133333333333337e+2
    5.5133333333333337e+2 5.5133333333333337e+2 5.5133333333333337e+2
    5.5133333333333337e+2 5.5133333333333337e+2 5.5133333333333337e+2
    5.5133333333333337e+2 5.5133333333333337e+2 5.5133333333333337e+2
    5.5133333333333337e+2 5.5133333333333337e+2 5.5133333333333337e+2
    5.5133333333333337e+2 5.5133333333333337e+2 5.5133333333333337e+2
    5.5133333333333337e+2 5.5133333333333337e+2 5.5133333333333337e+2
    5.5133333333333337e+2 5.5133333333333337e+2 5.5133333333333337e+2
    5.5133333333333337e+2 5.5133333333333337e+2 5.5133333333333337e+2
    5.5133333333333337e+2 5.5133333333333337e+2 5.5133333333333337e+2
    5.5133333333333337e+2 5.5133333333333337e+2 5.5133333333333337e+2
    5.5133333333333337e+2 5.5133333333333337e+2 5.5133333333333337e+2
    5.5133333333333337e+2 5.525e+2 5.5533333333333337e+2 5.5533333333333337e+2
    5.5533333333333337e+2 5.5533333333333337e+2 5.5533333333333337e+2
    5.5533333333333337e+2 5.5533333333333337e+2 5.5533333333333337e+2
    5.5533333333333337e+2 5.555e+2 5.555e+2 5.555e+2 5.555e+2
    5.5566666666666663e+2 5.5566666666666663e+2 5.5566666666666663e+2
    5.5566666666666663e+2 5.5566666666666663e+2 5.5566666666666663e+2
    5.5566666666666663e+2 5.5566666666666663e+2 5.5566666666666663e+2
    5.5566666666666663e+2 5.5566666666666663e+2 5.5566666666666663e+2
    5.5566666666666663e+2 5.5566666666666663e+2 5.5566666666666663e+2
    5.5566666666666663e+2 5.5566666666666663e+2 5.5566666666666663e+2
    5.5566666666666663e+2 5.5566666666666663e+2 5.5566666666666663e+2
    5.5566666666666663e+2 5.5566666666666663e+2 5.5566666666666663e+2
    5.5566666666666663e+2 5.5566666666666663e+2 5.5566666666666663e+2
    5.5566666666666663e+2 5.5566666666666663e+2 5.5566666666666663e+2
    5.5566666666666663e+2 5.5566666666666663e+2 5.56e+2 5.56e+2 5.56e+2 5.56e+2
    5.56e+2 5.56e+2 5.56e+2 5.56e+2 5.56e+2 5.56e+2 5.56e+2 5.56e+2 5.56e+2
    5.56e+2 5.56e+2 5.56e+2 5.56e+2 5.56e+2 5.56e+2 5.56e+2 5.56e+2 5.56e+2
    5.56e+2 5.56e+2 5.56e+2 5.56e+2 5.56e+2 5.56e+2 5.56e+2 5.56e+2 5.56e+2
    5.56e+2 5.56e+2 5.56e+2 5.56e+2 5.56e+2 5.56e+2 5.56e+2 5.56e+2 5.56e+2
    5.56e+2 5.56e+2 5.56e+2 5.56e+2 5.56e+2 5.56e+2 5.56e+2 5.56e+2 5.56e+2
    5.56e+2 5.56e+2 5.56e+2 5.56e+2 5.56e+2 5.56e+2 5.56e+2 5.56e+2 5.56e+2
    5.56e+2 5.56e+2 5.56e+2 5.56e+2 5.56e+2 5.56e+2 5.56e+2 5.56e+2 5.56e+2
    5.56e+2 5.56e+2 5.56e+2 5.56e+2 5.56e+2 5.56e+2 5.56e+2 5.56e+2 5.56e+2
    5.56e+2 5.56e+2 5.56e+2 5.56e+2 5.56e+2 5.56e+2 5.56e+2 5.56e+2 5.56e+2
    5.56e+2 5.56e+2 5.56e+2 5.56e+2 5.56e+2 5.56e+2 5.56e+2 5.56e+2 5.56e+2
    5.56e+2 5.56e+2 5.56e+2 5.56e+2 5.56e+2 5.56e+2 5.56e+2 5.56e+2 5.56e+2
    5.56e+2 5.56e+2 5.56e+2 5.56e+2 5.56e+2 5.56e+2 5.56e+2 5.56e+2 5.56e+2
    5.56e+2 5.56e+2 5.56e+2 5.56e+2 5.56e+2 5.56e+2 5.56e+2 5.56e+2 5.56e+2
    5.56e+2 5.56e+2 5.56e+2 5.56e+2 5.56e+2 5.56e+2 5.56e+2 5.56e+2 5.56e+2
    5.56e+2 5.56e+2 5.56e+2 5.56e+2 5.56e+2 5.56e+2 5.56e+2 5.56e+2 5.56e+2
    5.56e+2 5.56e+2 5.56e+2 5.56e+2 5.56e+2 5.56e+2 5.56e+2 5.56e+2 5.56e+2
    5.56e+2 5.56e+2 5.56e+2 5.56e+2 5.56e+2 5.56e+2 5.56e+2 5.56e+2 5.56e+2
    5.56e+2 5.56e+2 5.56e+2 5.56e+2 5.56e+2 5.56e+2 5.56e+2 5.56e+2 5.56e+2
    5.56e+2 5.61e+2 5.6233333333333337e+2 5.6233333333333337e+2
    5.6233333333333337e+2 5.6233333333333337e+2 5.6233333333333337e+2
    5.6233333333333337e+2 5.6233333333333337e+2 5.6233333333333337e+2
    5.6233333333333337e+2 5.6233333333333337e+2 5.6233333333333337e+2
    5.6233333333333337e+2 5.6233333333333337e+2 5.6233333333333337e+2
    5.6233333333333337e+2 5.6233333333333337e+2 5.6266666666666663e+2 5.63e+2
    5.63e+2 5.63e+2 5.63e+2 5.63e+2 5.63e+2 5.68e+2 5.68e+2
    6.0716666666666663e+2 6.1e+2 6.4739999999999998e+2 6.4779999999999995e+2
    6.4779999999999995e+2 6.4779999999999995e+2 6.4779999999999995e+2
    6.4779999999999995e+2 6.4779999999999995e+2 6.4779999999999995e+2
    6.4779999999999995e+2 6.4779999999999995e+2 6.4779999999999995e+2
    6.4779999999999995e+2 6.4779999999999995e+2 6.4779999999999995e+2
    6.4779999999999995e+2 6.4820000000000005e+2 6.4820000000000005e+2
    6.4820000000000005e+2 6.4820000000000005e+2 6.4820000000000005e+2
    6.5120000000000005e+2 6.5120000000000005e+2 6.5120000000000005e+2
    6.5120000000000005e+2 6.5679999999999995e+2 6.7825e+2 6.919545454545455e+2
    7.2611111111111109e+2 7.92e+2 8.6810714285714289e+2 9.1875e+2
    9.2595652173913038e+2 9.496521739130435e+2 9.9967499999999995e+2
    1.016475e+3 1.0206744186046511e+3 1.0258461538461538e+3 1.035875e+3
    1.062125e+3 1.070875e+3 1.0831702127659576e+3 1.089695652173913e+3
    1.0995208333333333e+3 1.111878787878788e+3 1.1173333333333333e+3
    1.1251071428571429e+3 1.1294411764705883e+3 1.1426486486486488e+3
    1.150037037037037e+3 1.1555263157894738e+3 1.16e+3 1.1626493506493507e+3
    1.1698888888888889e+3 1.1711369863013699e+3 1.1815999999999999e+3
    1.1856486486486488e+3 1.1895862068965516e+3 1.1935892857142858e+3
    1.1969024390243903e+3 1.2007111111111112e+3 1.2029047619047619e+3
    1.204219512195122e+3 1.2075416666666667e+3 1.2141666666666667e+3
    1.2204285714285713e+3 1.2212941176470588e+3 1.2221600000000001e+3
    1.2247692307692307e+3 1.2249591836734694e+3 1.2257571428571428e+3 1.2275e+3
    1.2278571428571429e+3 1.2323125e+3 1.2334492753623188e+3
    1.2347692307692307e+3 1.236090909090909e+3 1.2383648648648648e+3 1.24328e+3
    1.2437777777777778e+3 1.2449072164948454e+3 1.2451447368421052e+3
    1.2463513513513512e+3 1.2482452830188679e+3 1.2487222222222222e+3
    1.2489318181818182e+3 1.2504100000000001e+3 1.2524128440366972e+3
    1.2540192307692307e+3 1.2548181818181818e+3 1.2567619047619048e+3
    1.2572337662337663e+3 1.2586415094339623e+3 1.2589607843137255e+3
    1.259746835443038e+3 1.2602181818181818e+3 1.2612051282051282e+3
    1.2615193798449613e+3 1.263952380952381e+3 1.2642727272727273e+3
    1.2651923076923076e+3 1.2676385542168675e+3 1.2694457831325301e+3
    1.2697758620689656e+3 1.2704545454545455e+3 1.2712626262626263e+3
    1.2723474576271187e+3 1.2747321428571429e+3 1.2758148148148148e+3
    1.2770169491525423e+3 1.2794494382022472e+3 1.2807857142857142e+3
    1.2812542372881355e+3 1.2821452991452991e+3 1.283063829787234e+3
    1.284439024390244e+3 1.2854782608695652e+3 1.2864482758620691e+3
    1.2873220338983051e+3 1.2887377049180327e+3 1.2888505747126437e+3
    1.2904318181818182e+3 1.2909333333333334e+3 1.2912258064516129e+3
    1.2926947368421052e+3 1.2937833333333333e+3 1.2938842975206612e+3
    1.29546875e+3 1.296372340425532e+3 1.2971492537313434e+3
    1.2978235294117646e+3 1.2982089552238806e+3 1.298968253968254e+3
    1.2997450980392157e+3 1.3015434782608695e+3 1.3016796116504854e+3
    1.3031340206185566e+3 1.303590909090909e+3 1.3041632653061224e+3
    1.304824427480916e+3 1.3052990654205607e+3 1.3058584905660377e+3
    1.3065306122448981e+3 1.3068991596638655e+3 1.3075520833333333e+3
    1.3084174757281553e+3 1.3085e+3 1.30909900990099e+3 1.3094085365853659e+3
    1.3096666666666667e+3 1.3098970588235295e+3 1.3102056074766356e+3
    1.3103039215686274e+3 1.3107391304347825e+3 1.3111851851851852e+3
    1.3113538461538462e+3 1.3119104477611941e+3 1.3132395833333333e+3
    1.3139200000000001e+3 1.3142238805970148e+3 1.3149603960396039e+3
    1.3152543352601156e+3 1.3160808823529412e+3 1.317060606060606e+3
    1.3177314814814815e+3 1.3185897435897436e+3 1.3186571428571428e+3
    1.319340579710145e+3 1.3197986111111111e+3 1.3203695652173913e+3
    1.320859375e+3 1.3218076923076924e+3 1.3230211267605634e+3 1.32423e+3
    1.3249130434782608e+3 1.3253571428571429e+3 1.3256388888888889e+3
    1.3259586206896552e+3 1.3267662337662337e+3 1.3268499999999999e+3
    1.3270277777777778e+3 1.3273698630136987e+3 1.3277123287671234e+3
    1.3279014084507041e+3 1.3279729729729729e+3 1.3282100840336134e+3
    1.3285125e+3 1.3287460317460318e+3 1.3290192307692307e+3 1.3298e+3
    1.3301724137931035e+3 1.3306126126126126e+3 1.3312051282051282e+3
    1.3313287671232877e+3 1.3315448275862068e+3 1.331958904109589e+3
    1.3319743589743589e+3 1.3320603448275863e+3 1.3322631578947369e+3
    1.3326646706586826e+3 1.3326759259259259e+3 1.3331592920353983e+3
    1.3332312925170068e+3 1.3338888888888889e+3 1.3343648648648648e+3
    1.3344482758620691e+3 1.3355241379310344e+3 1.335672268907563e+3
    1.3361666666666667e+3 1.336605633802817e+3 1.3378805031446541e+3
    1.3380714285714287e+3 1.3382264150943397e+3 1.3387741935483871e+3
    1.33934375e+3 1.3401500000000001e+3 1.3404074074074074e+3
    1.3412142857142858e+3 1.3414000000000001e+3 1.341546218487395e+3
    1.3421025641025642e+3 1.3421686746987953e+3 1.3423584905660377e+3
    1.3424273504273503e+3 1.3430526315789473e+3 1.3440250000000001e+3
    1.344625e+3 1.3449864864864865e+3 1.3452619047619048e+3
    1.3454873949579833e+3 1.3456666666666667e+3 1.34605e+3 1.3464375e+3
    1.3468686131386862e+3 1.3468923076923077e+3 1.347528735632184e+3
    1.3477555555555555e+3 1.3479195402298851e+3 1.348219512195122e+3
    1.3489000000000001e+3 1.3497317073170732e+3 1.350037037037037e+3
    1.3503095238095239e+3 1.3504015151515152e+3 1.3506705882352942e+3 1.3508e+3
    1.351457627118644e+3 1.3515092024539877e+3 1.3518978102189781e+3
    1.352367469879518e+3 1.352401098901099e+3 1.3527058823529412e+3
    1.3529924812030076e+3 1.3530687022900763e+3 1.3532666666666667e+3
    1.3535755813953488e+3 1.3537906976744187e+3 1.3543658536585365e+3
    1.3547727272727273e+3 1.3548939393939395e+3 1.3553571428571429e+3
    1.3557142857142858e+3 1.3563387978142077e+3 1.356375e+3
    1.3570309278350514e+3 1.3576717557251909e+3 1.3581176470588234e+3
    1.3582727272727273e+3 1.3587078651685392e+3 1.3593893129770993e+3
    1.3601525423728813e+3 1.3604880952380952e+3 1.3608382352941176e+3
    1.3614929577464789e+3 1.3616204379562043e+3 1.3618372093023256e+3
    1.3624000000000001e+3 1.3627752808988764e+3 1.363e+3 1.3631386861313867e+3
    1.364056338028169e+3 1.3645168539325844e+3 1.3646994219653179e+3
    1.3648499999999999e+3 1.3653076923076924e+3 1.3655869565217392e+3
    1.3666129032258063e+3 1.3667884615384614e+3 1.3674010695187167e+3
    1.3677058823529412e+3 1.368655172413793e+3 1.3689509803921569e+3
    1.3689673202614379e+3 1.3695390070921985e+3 1.370006329113924e+3
    1.3700736842105264e+3 1.3704782608695652e+3 1.371088888888889e+3
    1.3723711340206185e+3 1.3725723684210527e+3 1.3729126213592233e+3
    1.3734569536423842e+3 1.37351e+3 1.3738282828282829e+3
    1.3744294871794871e+3 1.3747549668874171e+3 1.3749346405228757e+3
    1.375041958041958e+3 1.3755454545454545e+3 1.3757623318385649e+3
    1.3761980198019803e+3 1.3764000000000001e+3 1.37675e+3
    1.3772289156626507e+3 1.3777307692307693e+3 1.3779937500000001e+3
    1.3782597402597403e+3 1.3790594059405942e+3 1.3791538461538462e+3
    1.379421052631579e+3 1.3795283018867924e+3 1.38e+3 1.3808867924528302e+3
    1.3815337423312883e+3 1.3820442477876106e+3 1.3826635514018692e+3
    1.383148148148148e+3 1.383406779661017e+3 1.3837238095238095e+3
    1.3839161290322581e+3 1.3839818181818182e+3 1.3841279069767443e+3
    1.3842711864406779e+3 1.3844000000000001e+3 1.3850473372781064e+3
    1.3864220183486239e+3 1.3868035714285713e+3 1.3872156862745098e+3
    1.3878690476190477e+3 1.3879135802469136e+3 1.3881475409836066e+3
    1.3885607476635514e+3 1.3888031496062993e+3 1.3899360465116279e+3
    1.3902241379310344e+3 1.3906607142857142e+3 1.3909000000000001e+3
    1.3919346405228757e+3 1.3925869565217392e+3 1.394e+3 1.3944887640449438e+3
    1.3948125e+3 1.3949593023255813e+3 1.3952727272727273e+3
    1.396234309623431e+3 1.3968716577540106e+3 1.3977230769230769e+3
    1.3978709677419354e+3 1.3993e+3 1.400030303030303e+3 1.4005492957746478e+3
    1.40104e+3 1.4019183673469388e+3 1.403031746031746e+3 1.4037014925373135e+3
    1.404463054187192e+3 1.4046612903225807e+3 1.4050289855072465e+3
    1.4070930232558139e+3 1.4075597014925372e+3 1.4079647887323943e+3
    1.409090909090909e+3 1.409090909090909e+3 1.4113357664233577e+3
    1.4159428571428571e+3 1.4227234042553191e+3 1.4333333333333333e+3
    1.4459459459459461e+3 1.4632700729927008e+3 1.4674262295081967e+3
    1.4678461538461538e+3 1.469575e+3 1.4726814814814816e+3
    1.4733015873015872e+3 1.4788148148148148e+3 1.4811111111111111e+3
    1.4834901960784314e+3 1.4854133333333334e+3 1.4859154929577464e+3
    1.4863089430894308e+3 1.4873082706766918e+3 1.4873308270676691e+3
    1.4873308270676691e+3 1.4873308270676691e+3 1.4873308270676691e+3
    1.4873308270676691e+3 1.4873308270676691e+3 1.4873308270676691e+3
    1.4873383458646617e+3 1.4873533834586467e+3 1.4873533834586467e+3
    1.4873533834586467e+3 1.4873533834586467e+3 1.4878561151079136e+3
    1.4881958041958042e+3 1.488331797235023e+3 1.4889032258064517e+3
    1.4889032258064517e+3 1.4889032258064517e+3 1.4889032258064517e+3
    1.4889032258064517e+3 1.4889032258064517e+3 1.4889032258064517e+3
    1.4889032258064517e+3 1.4889032258064517e+3 1.4889032258064517e+3
    1.4889032258064517e+3 1.4889032258064517e+3 1.4889032258064517e+3
    1.4889032258064517e+3 1.4889032258064517e+3 1.4889032258064517e+3
    1.4889032258064517e+3 1.4889032258064517e+3 1.4889032258064517e+3
    1.4889032258064517e+3 1.4889032258064517e+3 1.4889032258064517e+3
    1.4889032258064517e+3 1.4889032258064517e+3 1.4889032258064517e+3
    1.4889032258064517e+3 1.4889032258064517e+3 1.4889032258064517e+3
    1.4889032258064517e+3 1.4889032258064517e+3 1.4889032258064517e+3
    1.4889032258064517e+3 1.4889032258064517e+3 1.4889032258064517e+3
    1.4889032258064517e+3 1.4889032258064517e+3 1.4889032258064517e+3
    1.4889032258064517e+3 1.4889032258064517e+3 1.4889032258064517e+3
    1.4889032258064517e+3 1.4889032258064517e+3 1.4889032258064517e+3
    1.4889032258064517e+3 1.4889032258064517e+3 1.4889032258064517e+3
    1.4889032258064517e+3 1.4889032258064517e+3 1.4889032258064517e+3
    1.4889032258064517e+3 1.4889032258064517e+3 1.4889032258064517e+3
    1.4889032258064517e+3 1.4889032258064517e+3 1.4889032258064517e+3
    1.4889032258064517e+3 1.4889032258064517e+3 1.4889032258064517e+3
    1.4889032258064517e+3 1.4889032258064517e+3 1.4889032258064517e+3
    1.4889032258064517e+3 1.4889032258064517e+3 1.4889032258064517e+3
    1.4889032258064517e+3 1.4889032258064517e+3 1.4889032258064517e+3
    1.4889032258064517e+3 1.4889032258064517e+3 1.4889032258064517e+3
    1.4889032258064517e+3 1.4889032258064517e+3 1.488952380952381e+3
    1.4893678373382625e+3 1.4896441717791411e+3 1.4899156327543424e+3
    1.4901923436041084e+3 1.4906012793176972e+3 1.4911385589865399e+3
    1.4912141882673943e+3 1.49165848452508e+3 1.4916847290640394e+3
    1.4919445407279029e+3 1.4922821158690176e+3 1.4924193971166449e+3
    1.4924717444717444e+3 1.4924717444717444e+3 1.4926286836935167e+3
    1.4927578947368422e+3 1.4928243559718969e+3 1.4928243559718969e+3
    1.4929072164948454e+3 1.4929074626865672e+3 1.4929074626865672e+3
    1.4929795918367347e+3 1.4930389610389611e+3 1.4932549019607843e+3
    1.4932549019607843e+3 1.4932549019607843e+3 1.4932549019607843e+3
    1.4932549019607843e+3 1.4932549019607843e+3 1.4932549019607843e+3
    1.4932549019607843e+3 1.4932549019607843e+3 1.4932549019607843e+3
    1.4932549019607843e+3 1.4932549019607843e+3 1.4932549019607843e+3
    1.4932549019607843e+3 1.4932549019607843e+3 1.4932549019607843e+3
    1.4932549019607843e+3 1.4932549019607843e+3 1.4932549019607843e+3
    1.4932549019607843e+3 1.4932549019607843e+3 1.4932549019607843e+3
    1.4932549019607843e+3 1.4932549019607843e+3 1.4932549019607843e+3
    1.4932549019607843e+3 1.4932549019607843e+3 1.4932549019607843e+3
    1.4932549019607843e+3 1.4932549019607843e+3 1.4932549019607843e+3
    1.4932549019607843e+3 1.4932549019607843e+3 1.4932549019607843e+3
    1.4932549019607843e+3 1.4932549019607843e+3 1.4932549019607843e+3
    1.4932549019607843e+3 1.4932549019607843e+3 1.4932549019607843e+3
    1.4932549019607843e+3 1.4932549019607843e+3 1.4932549019607843e+3
    1.4932549019607843e+3 1.4932549019607843e+3 1.4932549019607843e+3
    1.4932549019607843e+3 1.4932549019607843e+3 1.4932549019607843e+3
    1.4932549019607843e+3 1.4932549019607843e+3 1.4932549019607843e+3
    1.4932549019607843e+3 1.4932549019607843e+3 1.4932549019607843e+3
    1.4932549019607843e+3 1.4932549019607843e+3 1.4932549019607843e+3
    1.4932549019607843e+3 1.4932549019607843e+3 1.4932549019607843e+3
    1.4932549019607843e+3 1.4932549019607843e+3 1.4932549019607843e+3
    1.4932549019607843e+3 1.4932549019607843e+3 1.4932549019607843e+3
    1.4932549019607843e+3 1.4932549019607843e+3 1.4932549019607843e+3
    1.4932549019607843e+3 1.4932549019607843e+3 1.4932549019607843e+3
    1.4932549019607843e+3 1.4932549019607843e+3 1.4932880143112702e+3
    1.4934389721627408e+3 1.4935338345864661e+3 1.4935745296671491e+3
    1.4935745296671491e+3 1.4936139476961396e+3 1.4936139476961396e+3
    1.4936687116564417e+3 1.4937362270450751e+3 1.4937691373025516e+3
    1.4937691373025516e+3 1.493779679144385e+3 1.493779679144385e+3
    1.4938467360454115e+3 1.4938467360454115e+3 1.493909947643979e+3
    1.4939261285909713e+3 1.4939261285909713e+3 1.4939781181619255e+3
    1.4939912663755458e+3 1.4940165593376264e+3 1.4940348221044662e+3
    1.4940579374275783e+3 1.4940579374275783e+3 1.4940711030082041e+3
    1.4940944206008583e+3 1.4941196581196582e+3 1.4941435406698565e+3
    1.4941435406698565e+3 1.4941547738693466e+3 1.4941602523659305e+3
    1.4941602523659305e+3 1.4941672834937083e+3 1.4941694915254238e+3
    1.4941968652037617e+3 1.4941968652037617e+3 1.4941968652037617e+3
    1.4942085032032614e+3 1.49422892635315e+3 1.4942380632145259e+3
    1.4942420382165606e+3 1.4942420382165606e+3 1.4942498647917794e+3
    1.4942498647917794e+3 1.4942687306501548e+3 1.4942687306501548e+3
    1.4942687306501548e+3 1.49428079612695e+3 1.49428079612695e+3
    1.4942825484764544e+3 1.4942825484764544e+3 1.4942857142857142e+3
    1.4942857142857142e+3 1.4942857142857142e+3 1.4942875297855442e+3
    1.4942875297855442e+3 1.4942875297855442e+3 1.4942875297855442e+3
    1.4943079564968518e+3 1.494314414866901e+3 1.4943350107836088e+3
    1.4943416711016498e+3 1.4943438530381536e+3 1.494345205479452e+3
    1.494360655737705e+3 1.494360655737705e+3 1.494360655737705e+3
    1.494360655737705e+3 1.494360655737705e+3 1.494360655737705e+3
    1.494360655737705e+3 1.494360655737705e+3 1.494360655737705e+3
    1.494360655737705e+3 1.494360655737705e+3 1.494360655737705e+3
    1.494360655737705e+3 1.494360655737705e+3 1.494360655737705e+3
    1.494360655737705e+3 1.494360655737705e+3 1.494360655737705e+3
    1.494360655737705e+3 1.494360655737705e+3 1.494360655737705e+3
    1.494360655737705e+3 1.494360655737705e+3 1.494360655737705e+3
    1.494360655737705e+3 1.494360655737705e+3 1.494360655737705e+3
    1.494360655737705e+3 1.494360655737705e+3 1.494360655737705e+3
    1.494360655737705e+3 1.494360655737705e+3 1.494360655737705e+3
    1.494360655737705e+3 1.494360655737705e+3 1.494360655737705e+3
    1.494360655737705e+3 1.494360655737705e+3 1.494360655737705e+3
    1.494360655737705e+3 1.494360655737705e+3 1.494360655737705e+3
    1.494360655737705e+3 1.494360655737705e+3 1.494360655737705e+3
    1.494360655737705e+3 1.494360655737705e+3 1.494360655737705e+3
    1.494360655737705e+3 1.494360655737705e+3 1.494360655737705e+3
    1.494360655737705e+3 1.494360655737705e+3 1.494360655737705e+3
    1.494360655737705e+3 1.494360655737705e+3 1.494360655737705e+3
    1.494360655737705e+3 1.494360655737705e+3 1.494360655737705e+3
    1.494360655737705e+3 1.494360655737705e+3 1.494360655737705e+3
    1.494360655737705e+3 1.494360655737705e+3 1.494360655737705e+3
    1.494360655737705e+3 1.494360655737705e+3 1.494360655737705e+3
    1.494360655737705e+3 1.494360655737705e+3 1.494360655737705e+3
    1.494360655737705e+3 1.494360655737705e+3 1.494360655737705e+3
    1.494360655737705e+3 1.494360655737705e+3 1.494360655737705e+3
    1.4943698447893569e+3 1.4943698447893569e+3 1.4943709597215316e+3
    1.4943709597215316e+3 1.4943742613263296e+3 1.4943742613263296e+3
    1.4943764705882354e+3 1.4943913909924272e+3 1.4943929618768329e+3
    1.4943929618768329e+3 1.4943966402239851e+3 1.4943966402239851e+3
    1.4944072507552869e+3 1.4944112078758046e+3 1.4944136562127828e+3
    1.49441784989858e+3 1.4944193406593406e+3 1.4944193406593406e+3
    1.4944291381175622e+3 1.4944322897019993e+3 1.4944322897019993e+3
    1.4944395513086831e+3 1.4944395513086831e+3 1.4944395513086831e+3
    1.4944395513086831e+3 1.4944454388984509e+3 1.4944454388984509e+3
    1.4944576604962583e+3 1.4944738955823293e+3 1.4944739665509624e+3
    1.4944739665509624e+3 1.4944739797828529e+3 1.4944739797828529e+3
    1.4944807411019015e+3 1.4944807411019015e+3 1.4944865192365949e+3
    1.4944887620406707e+3 1.4944913494809689e+3 1.4944915932746196e+3
    1.4944993128721942e+3 1.4945022146507665e+3 1.4945022146507665e+3
    1.4945031712473574e+3 1.4945031712473574e+3 1.4945031712473574e+3
    1.4945088359046283e+3 1.4945140865524252e+3 1.4945157667386609e+3
    1.4945157667386609e+3 1.4945157667386609e+3 1.4945199131064446e+3
    1.4945238784370479e+3 1.4945241958041959e+3 1.4945241958041959e+3
    1.4945257893091591e+3 1.4945257893091591e+3 1.4945280752154611e+3
    1.4945304454434001e+3 1.4945335851092527e+3 1.494536175322726e+3
    1.4945367331481948e+3 1.4945367331481948e+3 1.4945396825396826e+3
    1.4945423287314404e+3 1.4945423287314404e+3 1.4945432914738929e+3
    1.4945448326410944e+3 1.4945457695639618e+3 1.4945457695639618e+3
    1.4945468956406869e+3 1.4945468956406869e+3 1.4945468956406869e+3
    1.4945504910601865e+3 1.494552426035503e+3 1.494552426035503e+3
    1.4945555145702692e+3 1.4945555145702692e+3 1.4945581281988789e+3
    1.4945612648221345e+3 1.4945652892561984e+3 1.4945652892561984e+3
    1.4945662211421629e+3 1.4945663032008442e+3 1.4945663032008442e+3
    1.4945706141487433e+3 1.4945706141487433e+3 1.4945720174032517e+3
    1.4945761344537816e+3 1.4945761344537816e+3 1.4945783507446099e+3
    1.4945826771653544e+3 1.4945826771653544e+3 1.4945826771653544e+3
    1.4945826771653544e+3 1.49458432304038e+3 1.49458432304038e+3
    1.4945845258307058e+3 1.4945845258307058e+3 1.4945845258307058e+3
    1.4945851303508207e+3 1.4945895953757226e+3 1.4945899643082091e+3
    1.4945899643082091e+3 1.4945899643082091e+3 1.4945908343125734e+3
    1.4945940282870613e+3 1.4945953013278856e+3 1.4945967631638932e+3
    1.4946023456516928e+3 1.4946069428891378e+3 1.4946076112663943e+3
    1.4946076112663943e+3 1.4946080502426491e+3 1.4946080502426491e+3
    1.494609206660137e+3 1.494609206660137e+3 1.4946125862429437e+3
    1.4946129753914988e+3 1.4946129753914988e+3 1.4946145804676753e+3
    1.4946172939979654e+3 1.494620055197792e+3 1.4946204592901879e+3
    1.4946206530395541e+3 1.4946263144395998e+3 1.4946296617519515e+3
    1.4946316050607791e+3 1.4946354775828461e+3 1.4946360279031596e+3
    1.4946365601729522e+3 1.4946365601729522e+3 1.4946382280557834e+3
    1.494641210710128e+3 1.494641210710128e+3 1.494641210710128e+3
    1.4946455839168736e+3 1.4946455839168736e+3 1.4946455839168736e+3
    1.4946459143968871e+3 1.4946497038824305e+3 1.4946497038824305e+3
    1.4946497038824305e+3 1.4946508700481304e+3 1.4946528497409327e+3
    1.4946528497409327e+3 1.4946528497409327e+3 1.4946528497409327e+3
    1.4946528497409327e+3 1.4946528497409327e+3 1.4946572672610409e+3
    1.4946591390261115e+3 1.4946607467204844e+3 1.4946607467204844e+3
    1.4946648685097775e+3 1.4946666666666667e+3 1.4946698450536353e+3
    1.4946749226006191e+3 1.4946779184247539e+3 1.4946793575252825e+3
    1.4946819352991697e+3 1.4946834573554665e+3 1.4946857931034483e+3
    1.4946872586872587e+3 1.4946872586872587e+3 1.4946872586872587e+3
    1.4946872586872587e+3 1.4946872586872587e+3 1.4946893798243279e+3
    1.4946919881305637e+3 1.494694087403599e+3 1.4946951364175563e+3
    1.4946958468042776e+3 1.4946987719720685e+3 1.4946989543203083e+3
    1.4946989543203083e+3 1.4947018701870188e+3 1.4947027531497899e+3
    1.4947052965142598e+3 1.4947076923076922e+3 1.4947076923076922e+3
    1.4947099530115336e+3 1.4947120897382633e+3 1.4947120897382633e+3
    1.4947127761767531e+3 1.4947127761767531e+3 1.4947127761767531e+3
    1.4947160299330444e+3 1.4947160299330444e+3 1.4947160299330444e+3
    1.4947160299330444e+3 1.4947160299330444e+3 1.4947160299330444e+3
    1.4947160299330444e+3 1.4947160299330444e+3 1.4947160299330444e+3
    1.4947160299330444e+3 1.4947172538392051e+3 1.4947189765458422e+3
    1.4947212276214834e+3 1.4947212276214834e+3 1.4947247780468119e+3
    1.494725082146769e+3 1.4947253784155691e+3 1.4947253784155691e+3
    1.4947264150943397e+3 1.4947264150943397e+3 1.4947264150943397e+3
    1.4947264150943397e+3 1.4947264150943397e+3 1.4947264150943397e+3
    1.4947264150943397e+3 1.4947264150943397e+3 1.4947279693486589e+3
    1.4947279693486589e+3 1.4947308533916848e+3 1.4947334725121782e+3
    1.494735861610113e+3 1.494738049713193e+3 1.494738049713193e+3
    1.4947400611620794e+3 1.4947403704792707e+3 1.4947419165196943e+3
    1.4947419165196943e+3 1.4947436332767402e+3 1.4947436332767402e+3
    1.4947440794499619e+3 1.4947452264048009e+3 1.4947467548994655e+3
    1.4947480916030534e+3 1.4947480916030534e+3 1.4947480916030534e+3
    1.4947493845396357e+3 1.4947505960896519e+3 1.4947505960896519e+3
    1.4947505960896519e+3 1.49475173370319e+3 1.49475173370319e+3
    1.4947528039479587e+3 1.4947528039479587e+3 1.4947528039479587e+3
    1.4947536538868883e+3 1.4947538126361655e+3 1.4947538126361655e+3
    1.4947542521994135e+3 1.4947545847929116e+3 1.4947547649301143e+3
    1.4947547649301143e+3 1.4947556654305727e+3 1.4947563025210084e+3
    1.4947563025210084e+3 1.494756518251103e+3 1.494756518251103e+3
    1.4947573270808909e+3 1.4947595212187159e+3 1.4947614213197969e+3
    1.4947614213197969e+3 1.4947630827783064e+3 1.4947645478961504e+3
    1.4947649179014818e+3 1.4947670136108886e+3 1.4947680608365019e+3
    1.4947680608365019e+3 1.4947690079652425e+3 1.4947697180867913e+3
    1.4947698686938493e+3 1.4947698686938493e+3 1.4947706543291474e+3
    1.4947706543291474e+3 1.4947706543291474e+3 1.4947713742875237e+3
    1.4947713742875237e+3 1.4947720364741642e+3 1.4947720364741642e+3
    1.4947726475745178e+3 1.4947738299436412e+3 1.4947742273441593e+3
    1.4947742273441593e+3 1.4947746835443038e+3 1.4947751102400784e+3
    1.4947755102040817e+3 1.4947755102040817e+3 1.4947757856992196e+3
    1.4947758858720663e+3 1.4947762393925859e+3 1.4947765726681127e+3
    1.4947765726681127e+3 1.4947765726681127e+3 1.4947768873892871e+3
    1.4947768873892871e+3 1.4947771850636027e+3 1.4947774670395524e+3
    1.4947774670395524e+3 1.4947812895069533e+3 1.4947822318526544e+3
    1.4947839272175891e+3 1.4947850568489441e+3 1.4947855550601873e+3
    1.4947857997606702e+3 1.494786298878448e+3 1.4947864682002707e+3
    1.4947865622631978e+3 1.4947867817301621e+3 1.4947878787878788e+3
    1.4947878787878788e+3 1.4947878787878788e+3 1.4947878787878788e+3
    1.4947878787878788e+3 1.4947878787878788e+3 1.4947878787878788e+3
    1.4947878787878788e+3 1.4947878787878788e+3 1.4947878787878788e+3
    1.4947878787878788e+3 1.4947878787878788e+3 1.4947878787878788e+3
    1.4947878787878788e+3 1.4947878787878788e+3 1.4947878787878788e+3
    1.4947878787878788e+3 1.4947878787878788e+3 1.4947878787878788e+3
    1.4947878787878788e+3 1.4947878787878788e+3 1.4947878787878788e+3
    1.4947878787878788e+3 1.4947878787878788e+3 1.4947878787878788e+3
    1.4947878787878788e+3 1.4947878787878788e+3 1.4947878787878788e+3
    1.4947878787878788e+3 1.4947878787878788e+3 1.4947878787878788e+3
    1.4947878787878788e+3 1.4947878787878788e+3 1.4947878787878788e+3
    1.4947878787878788e+3 1.4947878787878788e+3 1.4947878787878788e+3
    1.4947878787878788e+3 1.4947878787878788e+3 1.4947878787878788e+3
    1.4947878787878788e+3 1.4947878787878788e+3 1.4947878787878788e+3
    1.4947878787878788e+3 1.4947878787878788e+3 1.4947878787878788e+3
    1.4947878787878788e+3 1.4947878787878788e+3 1.4947878787878788e+3
    1.4947878787878788e+3 1.4947878787878788e+3 1.4947878787878788e+3
    1.4947878787878788e+3 1.4947878787878788e+3 1.4947878787878788e+3
    1.4947878787878788e+3 1.4947878787878788e+3 1.4947878787878788e+3
    1.4947878787878788e+3 1.4947878787878788e+3 1.4947878787878788e+3
    1.4947878787878788e+3 1.4947878787878788e+3 1.4947878787878788e+3
    1.4947878787878788e+3 1.4947878787878788e+3 1.4947878787878788e+3
    1.4947878787878788e+3 1.4947878787878788e+3 1.4947878787878788e+3
    1.4947878787878788e+3 1.4947878787878788e+3 1.4947878787878788e+3
    1.4947878787878788e+3 1.4947878787878788e+3 1.4947878787878788e+3
    1.4947878787878788e+3 1.4947878787878788e+3 1.4947878787878788e+3
    1.4947878787878788e+3 1.4947878787878788e+3 1.4947878787878788e+3
    1.4947878787878788e+3 1.4947878787878788e+3 1.4947878787878788e+3
    1.4947878787878788e+3 1.4947878787878788e+3 1.4947878787878788e+3
    1.4947878787878788e+3 1.4947878787878788e+3 1.4947878787878788e+3
    1.4947878787878788e+3 1.4947878787878788e+3 1.4947878787878788e+3
    1.4947878787878788e+3 1.4947878787878788e+3 1.4947878787878788e+3
    1.4947878787878788e+3 1.4947878787878788e+3 1.4947878787878788e+3
    1.4947878787878788e+3 1.4947878787878788e+3 1.4947878787878788e+3
    1.4947878787878788e+3 1.4947878787878788e+3 1.4947878787878788e+3
    1.4947878787878788e+3 1.4947878787878788e+3 1.4947878787878788e+3
    1.4947878787878788e+3 1.4947878787878788e+3 1.4947878787878788e+3
    1.4947878787878788e+3 1.4947878787878788e+3 1.4947878787878788e+3
    1.4947878787878788e+3 1.4947878787878788e+3 1.4947878787878788e+3
    1.4947878787878788e+3 1.4947878787878788e+3 1.4947878787878788e+3
    1.4947878787878788e+3 1.4947878787878788e+3 1.4947878787878788e+3
    1.4947878787878788e+3 1.4947878787878788e+3 1.4947878787878788e+3
    1.4947878787878788e+3 1.4947878787878788e+3 1.4947878787878788e+3
    1.4947878787878788e+3 1.4947878787878788e+3 1.4947878787878788e+3
    1.4947878787878788e+3 1.4947878787878788e+3 1.4947878787878788e+3
    1.4947878787878788e+3 1.4947878787878788e+3 1.4947878787878788e+3
    1.4947878787878788e+3 1.4947878787878788e+3 1.4947878787878788e+3
    1.4947878787878788e+3 1.4947878787878788e+3 1.4947878787878788e+3
    1.4947878787878788e+3 1.4947878787878788e+3 1.4947878787878788e+3
    1.4947878787878788e+3 1.4947878787878788e+3 1.4947878787878788e+3
    1.4947878787878788e+3 1.4947878787878788e+3 1.4947878787878788e+3
    1.4947878787878788e+3 1.4947878787878788e+3 1.4947878787878788e+3
    1.4947878787878788e+3 1.4947878787878788e+3 1.4947878787878788e+3
    1.4947878787878788e+3 1.4947878787878788e+3 1.4947878787878788e+3
    1.4947878787878788e+3 1.4947878787878788e+3 1.4947878787878788e+3
    1.4947878787878788e+3 1.4947878787878788e+3 1.4947878787878788e+3
    1.4947878787878788e+3 1.4947878787878788e+3 1.4947878787878788e+3
    1.4947878787878788e+3 1.4947878787878788e+3 1.4947878787878788e+3
    1.4947878787878788e+3 1.4947878787878788e+3 1.4947878787878788e+3
    1.4947878787878788e+3 1.4947878787878788e+3 1.4947878787878788e+3
    1.4947878787878788e+3 1.4947878787878788e+3 1.4947878787878788e+3
    1.4947878787878788e+3 1.4947878787878788e+3 1.4947878787878788e+3
    1.4947878787878788e+3 1.4947878787878788e+3 1.4947878787878788e+3
    1.4947878787878788e+3 1.4947878787878788e+3 1.4947878787878788e+3
    1.4947878787878788e+3 1.4947878787878788e+3 1.4947878787878788e+3
    1.4947878787878788e+3 1.4947878787878788e+3 1.4947878787878788e+3
    1.4947878787878788e+3 1.4947878787878788e+3 1.4947878787878788e+3
    1.4947878787878788e+3 1.4947878787878788e+3 1.4947878787878788e+3
    1.4947878787878788e+3 1.4947878787878788e+3 1.4947878787878788e+3
    1.4947878787878788e+3 1.4947878787878788e+3 1.4947878787878788e+3
    1.4947878787878788e+3 1.4947878787878788e+3 1.4947878787878788e+3
    1.4947878787878788e+3 1.4947878787878788e+3 1.4947878787878788e+3
    1.4947878787878788e+3 1.4947972139303483e+3 1.4947982491046557e+3
    1.4947982491046557e+3 1.4947982491046557e+3 1.4947982491046557e+3
    1.4948075471698114e+3 1.4948085782366959e+3 1.4948085782366959e+3
    1.4948085782366959e+3 1.4948085782366959e+3 1.4948085782366959e+3
    1.4948085782366959e+3 1.4948085782366959e+3 1.4948085782366959e+3
    1.4948085782366959e+3 1.4948085782366959e+3 1.4948085782366959e+3
    1.4948085782366959e+3 1.4948085782366959e+3 1.4948085782366959e+3
    1.4948178394449951e+3 1.4948280909990108e+3 1.4948291139240507e+3
    1.4948291139240507e+3 1.4948291139240507e+3 1.4948291139240507e+3
    1.4948291139240507e+3 1.4948291139240507e+3 1.4948291139240507e+3
    1.4948484729064039e+3 1.49488675924115e+3 1.4957530864197531e+3
    1.4965940594059407e+3 1.5e+3 1.5e+3 1.5e+3), winSize: 6.0e+1, binSize:
    1.0e+1, tStart: 0.0, tEnd: 7.211e+3, binStart: 7.211e+3, maxBLsize: 1.0e+4
    >
Bye.
