		     \||||||||||||||||||/
		   --- Welcome to Maude ---
		     /||||||||||||||||||\
	     Maude 3.5 built: Sep 25 2024 12:00:00
	     Copyright 1997-2024 SRI International
		   Sun Aug 16 20:43:55 2026
Warning: "smc_cp3-refactored.maude", line 140 (mod SMC_CP3): multiple distinct
    parses for statement
eq sumDiff (F F' FL) = (F' - F) + sumDiff (F' FL) .
Warning: "smc_cp3-refactored.maude", line 145 (mod SMC_CP3): multiple distinct
    parses for statement
eq avgDiff (FL) = if (len (FL) == 1) then 0.0 else sumDiff (FL) / float (len (
    FL) - 1) fi .
Warning: "smc_cp3-refactored.maude", line 150 (mod SMC_CP3): multiple distinct
    parses for statement
eq sumSquaredDiff (F FL, F') = (F - F') * (F - F') + sumSquaredDiff (FL, F') .
Warning: "smc_cp3-refactored.maude", line 225 (mod SMC_CP3): multiple distinct
    parses for statement
eq compLatency (Tsent, Trcvd) = Trcvd - Tsent .
Warning: "smc_cp3-refactored.maude", line 291 (mod SMC_CP3): multiple distinct
    parses for statement
eq getGoodput (< ADDR : IrcMonitor | msgRcvd: ircMTL, attrs >, Tstart, Tend) =
    collectGoodput (filterWindow (ircMTL, Tstart, Tend), Tstart, Tend) * 8.0 /
    (Tend - Tstart) .
Warning: "smc_cp3-refactored.maude", line 381 (mod SMC_CP3): multiple distinct
    parses for statement
eq normMED (NL, NL') = if max (lenMsgIdList (NL), lenMsgIdList (NL')) == 0 then
    1.0 else 1.0 - (float (med (NL, NL')) / float (max (lenMsgIdList (NL),
    lenMsgIdList (NL')))) fi .
Warning: "smc_cp3-refactored.maude", line 500 (mod SMC_CP3): multiple distinct
    parses for statement
eq getMTBF (< ADDR : IrcMonitor | msgSent: ircMTL, msgRcvd: ircMTL', attrs >,
    Tn, Tstart, Tend) = getMTBFAux (filterWindow (ircMTL, Tstart - Tn, Tend +
    Tn), filterWindow (ircMTL', Tstart - Tn, Tend + Tn), Tn, Tstart, Tend) .
Warning: "smc_cp3-refactored.maude", line 560 (mod SMC_CP3): multiple distinct
    parses for statement
eq KsDistanceX (F FL, nil, I, J, invN, invN', D) = max2 (D, abs ((float (I) *
    invN) - 1.0)) .
Warning: "smc_cp3-refactored.maude", line 561 (mod SMC_CP3): multiple distinct
    parses for statement
eq KsDistanceX (nil, F' FL', I, J, invN, invN', D) = max2 (D, abs (1.0 - (float
    (J) * invN'))) .
Warning: "smc_cp3-refactored.maude", line 563 (mod SMC_CP3): multiple distinct
    parses for statement
ceq KsDistanceX (F FL, F' FL', I, J, invN, invN', D) = KsDistanceX (FL1, FL2, I
    + C1, J + C2, invN, invN', max2 (D, abs ((float (I + C1) * invN) - (float (
    J + C2) * invN')))) if F == F' /\ prefix (C1, FL1) := skipEqPrefix (F, F
    FL) /\ prefix (C2, FL2) := skipEqPrefix (F', F' FL') .
Warning: "smc_cp3-refactored.maude", line 569 (mod SMC_CP3): multiple distinct
    parses for statement
ceq KsDistanceX (F FL, F' FL', I, J, invN, invN', D) = KsDistanceX (FL, F' FL',
    I + 1, J, invN, invN', max2 (D, abs ((float (I + 1) * invN) - (float (J) *
    invN')))) if F < F' .
Warning: "smc_cp3-refactored.maude", line 573 (mod SMC_CP3): multiple distinct
    parses for statement
ceq KsDistanceX (F FL, F' FL', I, J, invN, invN', D) = KsDistanceX (F FL, FL',
    I, J + 1, invN, invN', max2 (D, abs ((float (I) * invN) - (float (J + 1) *
    invN')))) if F > F' .
Warning: "smc_cp3-refactored.maude", line 583 (mod SMC_CP3): multiple distinct
    parses for statement
eq KsStatisticZ (FL, FL', K) = KsDistance (FL, FL') - K .
Warning: "smc_cp3-refactored.maude", line 679 (mod SMC_CP3): multiple distinct
    parses for statement
eq compObsFeatureX (vp, dnsQueryRate, Fid, TOL, Tstart, Tend) = float (
    countDNSQuery (vp, Fid, TOL, Tstart, Tend)) / (Tend - Tstart) .
Warning: "smc_cp3-refactored.maude", line 693 (mod SMC_CP3): multiple distinct
    parses for statement
eq compObsFeatureX (vp, tcpUpRate, Fid, TOL, Tstart, Tend) = float (
    sizeTCPUpload (vp, Fid, TOL, Tstart, Tend)) / (Tend - Tstart) .
Warning: "smc_cp3-refactored.maude", line 695 (mod SMC_CP3): multiple distinct
    parses for statement
eq compObsFeatureX (vp, tcpDownRate, Fid, TOL, Tstart, Tend) = float (
    sizeTCPDownload (vp, Fid, TOL, Tstart, Tend)) / (Tend - Tstart) .
Warning: "smc_cp3-refactored.maude", line 703 (mod SMC_CP3): multiple distinct
    parses for statement
eq compObsFeatureX (vp, tcpOutPktRate, Fid, TOL, Tstart, Tend) = float (
    countTCPOutPkt (vp, Fid, TOL, Tstart, Tend)) / (Tend - Tstart) .
Warning: "smc_cp3-refactored.maude", line 705 (mod SMC_CP3): multiple distinct
    parses for statement
eq compObsFeatureX (vp, tcpInPktRate, Fid, TOL, Tstart, Tend) = float (
    countTCPInPkt (vp, Fid, TOL, Tstart, Tend)) / (Tend - Tstart) .
Warning: "smc_cp3-refactored.maude", line 724 (mod SMC_CP3): multiple distinct
    parses for statement
eq compObsFeatureX (vp, dnsQueryRate, TOL, Tstart, Tend) = float (countDNSQuery
    (vp, TOL, Tstart, Tend)) / (Tend - Tstart) .
Warning: "smc_cp3-refactored.maude", line 738 (mod SMC_CP3): multiple distinct
    parses for statement
eq compObsFeatureX (vp, tcpUpRate, TOL, Tstart, Tend) = float (sizeTCPUpload (
    vp, TOL, Tstart, Tend)) / (Tend - Tstart) .
Warning: "smc_cp3-refactored.maude", line 740 (mod SMC_CP3): multiple distinct
    parses for statement
eq compObsFeatureX (vp, tcpDownRate, TOL, Tstart, Tend) = float (
    sizeTCPDownload (vp, TOL, Tstart, Tend)) / (Tend - Tstart) .
Warning: "smc_cp3-refactored.maude", line 748 (mod SMC_CP3): multiple distinct
    parses for statement
eq compObsFeatureX (vp, tcpOutPktRate, TOL, Tstart, Tend) = float (
    countTCPOutPkt (vp, TOL, Tstart, Tend)) / (Tend - Tstart) .
Warning: "smc_cp3-refactored.maude", line 750 (mod SMC_CP3): multiple distinct
    parses for statement
eq compObsFeatureX (vp, tcpInPktRate, TOL, Tstart, Tend) = float (countTCPInPkt
    (vp, TOL, Tstart, Tend)) / (Tend - Tstart) .
Warning: "smc_cp3-refactored.maude", line 911 (mod SMC_CP3): multiple distinct
    parses for statement
ceq expectedKObsFeature (vp, obsF, baselineCDF, binECDFs, T, Tend, winSize,
    binSize, Ksum, N) = if KD >= 0.0 then expectedKObsFeature (vp, obsF,
    baselineCDF, binECDFs, T + binSize, Tend, winSize, binSize, Ksum + KD, N +
    1) else expectedKObsFeature (vp, obsF, baselineCDF, binECDFs, T + binSize,
    Tend, winSize, binSize, Ksum, N) fi if (T + winSize) <= (Tend + Tesp) /\
    ECDF := sort (getECDFObsFeatureRange (binECDFs, floor (rat (T / binSize)),
    (floor (rat (T / binSize)) + floor (rat (winSize / binSize))) - 1)) /\ KD
    := KsDistance (baselineCDF, ECDF) .
Warning: "smc_cp3-refactored.maude", line 1079 (mod SMC_CP3): multiple distinct
    parses for statement
eq getCUSUMZt (< ADDR : Adversary | gt: (bl (vp, obsF, K, Zt) :; blList), attrs
    >, vp, obsF, Tstart, Tend, winSize, binSize) = cusumRange (Zt, floor (rat (
    Tstart / binSize)), floor (rat ((Tend - winSize) / binSize))) .
==========================================
rewrite in HCS-TEST-BASELINE-TCPINPKTRATE-CL1 : run((initState(counter) [
    tgenDelay, to baseLineAddr from baseLineAddr : initBase, 0]) 
{0.0 |
nil}, slimit) .
rewrites: 72120620025 in 8729936ms cpu (8976345ms real) (8261299
    rewrites/second)
result Actor: 
< baseLineAddr : BaseLineMonitor | viewPts: cl[1], features: tcpInPktRate,
    baseLine: bl(cl[1], tcpInPktRate, 9.3312783304377395e-2,
    1.0000000000000001e-1 1.0000000000000001e-1 1.0000000000000001e-1
    1.0000000000000001e-1 1.0000000000000001e-1 1.0000000000000001e-1
    1.0000000000000001e-1 1.0000000000000001e-1 1.0000000000000001e-1
    1.0000000000000001e-1 1.0000000000000001e-1 1.0000000000000001e-1
    1.0000000000000001e-1 1.0000000000000001e-1 1.0000000000000001e-1
    1.0000000000000001e-1 1.0000000000000001e-1 1.0000000000000001e-1
    1.0000000000000001e-1 1.0000000000000001e-1 1.0000000000000001e-1
    1.0000000000000001e-1 1.0000000000000001e-1 1.0000000000000001e-1
    1.0000000000000001e-1 1.0000000000000001e-1 1.0000000000000001e-1
    1.0000000000000001e-1 1.0000000000000001e-1 1.0000000000000001e-1
    1.0000000000000001e-1 1.0000000000000001e-1 1.0000000000000001e-1
    1.0000000000000001e-1 1.0000000000000001e-1 1.0000000000000001e-1
    1.0000000000000001e-1 1.0000000000000001e-1 1.0000000000000001e-1
    1.0000000000000001e-1 1.0000000000000001e-1 1.0000000000000001e-1
    1.0000000000000001e-1 1.0000000000000001e-1 1.0000000000000001e-1
    1.0000000000000001e-1 1.0000000000000001e-1 1.0000000000000001e-1
    1.0000000000000001e-1 1.0000000000000001e-1 1.0000000000000001e-1
    1.0000000000000001e-1 1.0000000000000001e-1 1.0000000000000001e-1
    1.0000000000000001e-1 1.0000000000000001e-1 1.0000000000000001e-1
    1.0000000000000001e-1 1.0000000000000001e-1 1.0000000000000001e-1
    1.0000000000000001e-1 1.0000000000000001e-1 1.0000000000000001e-1
    1.0000000000000001e-1 1.0000000000000001e-1 1.0000000000000001e-1
    1.0000000000000001e-1 1.0000000000000001e-1 1.0000000000000001e-1
    1.0000000000000001e-1 1.0000000000000001e-1 1.0000000000000001e-1
    1.0000000000000001e-1 1.0000000000000001e-1 1.0000000000000001e-1
    1.0000000000000001e-1 1.0000000000000001e-1 1.0000000000000001e-1
    1.0000000000000001e-1 1.0000000000000001e-1 1.0000000000000001e-1
    1.0000000000000001e-1 1.0000000000000001e-1 1.0000000000000001e-1
    1.0000000000000001e-1 1.0000000000000001e-1 1.0000000000000001e-1
    1.0000000000000001e-1 1.0000000000000001e-1 1.0000000000000001e-1
    1.0000000000000001e-1 1.0000000000000001e-1 1.0000000000000001e-1
    1.0000000000000001e-1 1.0000000000000001e-1 1.0000000000000001e-1
    1.0000000000000001e-1 1.0000000000000001e-1 1.0000000000000001e-1
    1.0000000000000001e-1 1.0000000000000001e-1 1.0000000000000001e-1
    1.0000000000000001e-1 1.0000000000000001e-1 1.0000000000000001e-1
    1.0000000000000001e-1 1.0000000000000001e-1 1.0000000000000001e-1
    1.0000000000000001e-1 1.0000000000000001e-1 1.0000000000000001e-1
    1.0000000000000001e-1 1.0000000000000001e-1 1.0000000000000001e-1
    1.0000000000000001e-1 1.0000000000000001e-1 1.0000000000000001e-1
    1.0000000000000001e-1 1.0000000000000001e-1 1.0000000000000001e-1
    1.0000000000000001e-1 1.0000000000000001e-1 1.0000000000000001e-1
    1.0000000000000001e-1 1.0000000000000001e-1 1.0000000000000001e-1
    1.0000000000000001e-1 1.0000000000000001e-1 1.0000000000000001e-1
    1.0000000000000001e-1 1.0000000000000001e-1 1.0000000000000001e-1
    1.0000000000000001e-1 1.0000000000000001e-1 1.0000000000000001e-1
    1.0000000000000001e-1 1.0000000000000001e-1 1.0000000000000001e-1
    1.0000000000000001e-1 1.0000000000000001e-1 1.0000000000000001e-1
    1.0000000000000001e-1 1.0000000000000001e-1 1.0000000000000001e-1
    1.0000000000000001e-1 1.0000000000000001e-1 1.0000000000000001e-1
    1.0000000000000001e-1 1.0000000000000001e-1 1.0000000000000001e-1
    1.0000000000000001e-1 1.0000000000000001e-1 1.0000000000000001e-1
    1.0000000000000001e-1 1.0000000000000001e-1 1.0000000000000001e-1
    1.0000000000000001e-1 1.0000000000000001e-1 1.0000000000000001e-1
    1.0000000000000001e-1 1.0000000000000001e-1 1.0000000000000001e-1
    1.0000000000000001e-1 1.0000000000000001e-1 1.0000000000000001e-1
    1.0000000000000001e-1 1.0000000000000001e-1 1.0000000000000001e-1
    1.0000000000000001e-1 1.0000000000000001e-1 1.0000000000000001e-1
    1.0000000000000001e-1 1.0000000000000001e-1 1.0000000000000001e-1
    1.0000000000000001e-1 1.0000000000000001e-1 1.0000000000000001e-1
    1.0000000000000001e-1 1.0000000000000001e-1 1.0000000000000001e-1
    1.0000000000000001e-1 1.0000000000000001e-1 1.0000000000000001e-1
    1.0000000000000001e-1 1.0000000000000001e-1 1.0000000000000001e-1
    1.0000000000000001e-1 1.0000000000000001e-1 1.0000000000000001e-1
    1.0000000000000001e-1 1.0000000000000001e-1 1.0000000000000001e-1
    1.0000000000000001e-1 1.0000000000000001e-1 1.0000000000000001e-1
    1.0000000000000001e-1 1.0000000000000001e-1 1.0000000000000001e-1
    1.0000000000000001e-1 1.0000000000000001e-1 1.0000000000000001e-1
    1.0000000000000001e-1 1.0000000000000001e-1 1.0000000000000001e-1
    1.0000000000000001e-1 1.0000000000000001e-1 1.0000000000000001e-1
    1.0000000000000001e-1 1.0000000000000001e-1 1.0000000000000001e-1
    1.0000000000000001e-1 1.0000000000000001e-1 1.0000000000000001e-1
    1.0000000000000001e-1 1.0000000000000001e-1 1.0000000000000001e-1
    1.0000000000000001e-1 1.0000000000000001e-1 1.0000000000000001e-1
    1.0000000000000001e-1 1.0000000000000001e-1 1.0000000000000001e-1
    1.0000000000000001e-1 1.0000000000000001e-1 1.0000000000000001e-1
    1.0000000000000001e-1 1.0000000000000001e-1 1.0000000000000001e-1
    1.0000000000000001e-1 1.0000000000000001e-1 1.0000000000000001e-1
    1.0000000000000001e-1 1.0000000000000001e-1 1.0000000000000001e-1
    1.0000000000000001e-1 1.0000000000000001e-1 1.0000000000000001e-1
    1.0000000000000001e-1 1.0000000000000001e-1 1.0000000000000001e-1
    1.0000000000000001e-1 1.0000000000000001e-1 1.0000000000000001e-1
    1.0000000000000001e-1 1.0000000000000001e-1 1.0000000000000001e-1
    1.0000000000000001e-1 1.0000000000000001e-1 1.0000000000000001e-1
    1.0000000000000001e-1 1.0000000000000001e-1 1.0000000000000001e-1
    1.0000000000000001e-1 1.0000000000000001e-1 1.0000000000000001e-1
    1.0000000000000001e-1 1.0000000000000001e-1 1.0000000000000001e-1
    1.0000000000000001e-1 1.0000000000000001e-1 1.0000000000000001e-1
    1.0000000000000001e-1 1.0000000000000001e-1 1.0000000000000001e-1
    1.0000000000000001e-1 1.0000000000000001e-1 1.0000000000000001e-1
    1.0000000000000001e-1 1.0000000000000001e-1 1.0000000000000001e-1
    1.0000000000000001e-1 1.0000000000000001e-1 1.0000000000000001e-1
    1.0000000000000001e-1 1.0000000000000001e-1 1.0000000000000001e-1
    1.0000000000000001e-1 1.0000000000000001e-1 1.0000000000000001e-1
    1.0000000000000001e-1 1.0000000000000001e-1 1.0000000000000001e-1
    1.0000000000000001e-1 1.0000000000000001e-1 1.0000000000000001e-1
    1.0000000000000001e-1 1.0000000000000001e-1 1.0000000000000001e-1
    1.0000000000000001e-1 1.0000000000000001e-1 1.0000000000000001e-1
    1.0000000000000001e-1 1.0000000000000001e-1 1.0000000000000001e-1
    1.0000000000000001e-1 1.0000000000000001e-1 1.0000000000000001e-1
    1.0000000000000001e-1 1.0000000000000001e-1 1.0000000000000001e-1
    1.0000000000000001e-1 1.0000000000000001e-1 1.0000000000000001e-1
    1.0000000000000001e-1 1.0000000000000001e-1 1.0000000000000001e-1
    1.0000000000000001e-1 1.0000000000000001e-1 1.0000000000000001e-1
    1.0000000000000001e-1 1.0000000000000001e-1 1.0000000000000001e-1
    1.0000000000000001e-1 1.0000000000000001e-1 1.0000000000000001e-1
    1.0000000000000001e-1 1.0000000000000001e-1 1.0000000000000001e-1
    1.0000000000000001e-1 1.0000000000000001e-1 1.0000000000000001e-1
    1.0000000000000001e-1 1.0000000000000001e-1 1.0000000000000001e-1
    1.0000000000000001e-1 1.0000000000000001e-1 1.0000000000000001e-1
    1.0000000000000001e-1 1.0000000000000001e-1 1.0000000000000001e-1
    1.0000000000000001e-1 1.0000000000000001e-1 1.0000000000000001e-1
    1.0000000000000001e-1 1.0000000000000001e-1 1.0000000000000001e-1
    1.0000000000000001e-1 1.0000000000000001e-1 1.0000000000000001e-1
    1.0000000000000001e-1 1.0000000000000001e-1 1.0000000000000001e-1
    1.0000000000000001e-1 1.0000000000000001e-1 1.0000000000000001e-1
    1.0000000000000001e-1 1.0000000000000001e-1 1.0000000000000001e-1
    1.0000000000000001e-1 1.0000000000000001e-1 1.0000000000000001e-1
    1.0000000000000001e-1 1.0000000000000001e-1 1.0000000000000001e-1
    1.0000000000000001e-1 1.0000000000000001e-1 1.0000000000000001e-1
    1.0000000000000001e-1 1.0000000000000001e-1 1.0000000000000001e-1
    1.0000000000000001e-1 1.0000000000000001e-1 1.0000000000000001e-1
    1.0000000000000001e-1 1.0000000000000001e-1 1.0000000000000001e-1
    1.0000000000000001e-1 1.0000000000000001e-1 1.0000000000000001e-1
    1.0000000000000001e-1 1.0000000000000001e-1 1.0000000000000001e-1
    1.0000000000000001e-1 1.0000000000000001e-1 1.0000000000000001e-1
    1.0000000000000001e-1 1.0000000000000001e-1 1.0000000000000001e-1
    1.0000000000000001e-1 1.0000000000000001e-1 1.0000000000000001e-1
    1.0000000000000001e-1 1.0000000000000001e-1 1.0000000000000001e-1
    1.0000000000000001e-1 1.0000000000000001e-1 1.0000000000000001e-1
    1.0000000000000001e-1 1.0000000000000001e-1 1.0000000000000001e-1
    1.0000000000000001e-1 1.0000000000000001e-1 1.0000000000000001e-1
    1.0000000000000001e-1 1.0000000000000001e-1 1.0000000000000001e-1
    1.0000000000000001e-1 1.0000000000000001e-1 1.0000000000000001e-1
    1.0000000000000001e-1 1.0000000000000001e-1 1.0000000000000001e-1
    1.0000000000000001e-1 1.0000000000000001e-1 1.0000000000000001e-1
    1.0000000000000001e-1 1.0000000000000001e-1 1.0000000000000001e-1
    1.0000000000000001e-1 1.0000000000000001e-1 1.0000000000000001e-1
    1.0000000000000001e-1 1.0000000000000001e-1 1.0000000000000001e-1
    1.0000000000000001e-1 1.0000000000000001e-1 1.0000000000000001e-1
    1.0000000000000001e-1 1.0000000000000001e-1 1.0000000000000001e-1
    1.0000000000000001e-1 1.0000000000000001e-1 1.0000000000000001e-1
    1.0000000000000001e-1 1.0000000000000001e-1 1.0000000000000001e-1
    1.0000000000000001e-1 1.0000000000000001e-1 1.0000000000000001e-1
    1.0000000000000001e-1 1.0000000000000001e-1 1.0000000000000001e-1
    1.0000000000000001e-1 1.0000000000000001e-1 1.0000000000000001e-1
    1.0000000000000001e-1 1.0000000000000001e-1 1.0000000000000001e-1
    1.0000000000000001e-1 1.0000000000000001e-1 1.0000000000000001e-1
    1.0000000000000001e-1 1.0000000000000001e-1 1.0000000000000001e-1
    1.0000000000000001e-1 1.0000000000000001e-1 1.0000000000000001e-1
    1.0000000000000001e-1 1.0000000000000001e-1 1.0000000000000001e-1
    1.0000000000000001e-1 1.0000000000000001e-1 1.0000000000000001e-1
    1.0000000000000001e-1 1.0000000000000001e-1 1.0000000000000001e-1
    1.0000000000000001e-1 1.0000000000000001e-1 1.0000000000000001e-1
    1.0000000000000001e-1 1.0000000000000001e-1 1.0000000000000001e-1
    1.0000000000000001e-1 1.0000000000000001e-1 1.0000000000000001e-1
    1.0000000000000001e-1 1.0000000000000001e-1 1.0000000000000001e-1
    1.0000000000000001e-1 1.0000000000000001e-1 1.0000000000000001e-1
    1.0000000000000001e-1 1.0000000000000001e-1 1.0000000000000001e-1
    1.0000000000000001e-1 1.0000000000000001e-1 1.0000000000000001e-1
    1.0000000000000001e-1 1.0000000000000001e-1 1.0000000000000001e-1
    1.0000000000000001e-1 1.0000000000000001e-1 1.0000000000000001e-1
    1.0000000000000001e-1 1.0000000000000001e-1 1.0000000000000001e-1
    1.0000000000000001e-1 1.0000000000000001e-1 1.0000000000000001e-1
    1.0000000000000001e-1 1.0000000000000001e-1 1.0000000000000001e-1
    1.0000000000000001e-1 1.0000000000000001e-1 1.0000000000000001e-1
    1.0000000000000001e-1 1.0000000000000001e-1 1.0000000000000001e-1
    1.0000000000000001e-1 1.0000000000000001e-1 1.0000000000000001e-1
    1.0000000000000001e-1 1.0000000000000001e-1 1.0000000000000001e-1
    1.0000000000000001e-1 1.0000000000000001e-1 1.0000000000000001e-1
    1.0000000000000001e-1 1.0000000000000001e-1 1.0000000000000001e-1
    1.0000000000000001e-1 1.0000000000000001e-1 1.0000000000000001e-1
    1.0000000000000001e-1 1.0000000000000001e-1 1.0000000000000001e-1
    1.0000000000000001e-1 1.0000000000000001e-1 1.0000000000000001e-1
    1.0000000000000001e-1 1.0000000000000001e-1 1.0000000000000001e-1
    1.0000000000000001e-1 1.0000000000000001e-1 1.0000000000000001e-1
    1.0000000000000001e-1 1.0000000000000001e-1 1.0000000000000001e-1
    1.0000000000000001e-1 1.0000000000000001e-1 1.0000000000000001e-1
    1.0000000000000001e-1 1.0000000000000001e-1 1.0000000000000001e-1
    1.0000000000000001e-1 1.0000000000000001e-1 1.0000000000000001e-1
    1.0000000000000001e-1 1.0000000000000001e-1 1.0000000000000001e-1
    1.0000000000000001e-1 1.0000000000000001e-1 1.0000000000000001e-1
    1.0000000000000001e-1 1.0000000000000001e-1 1.0000000000000001e-1
    1.0000000000000001e-1 1.0000000000000001e-1 1.0000000000000001e-1
    1.0000000000000001e-1 1.0000000000000001e-1 1.0000000000000001e-1
    1.0000000000000001e-1 1.0000000000000001e-1 1.0000000000000001e-1
    1.0000000000000001e-1 1.0000000000000001e-1 1.0000000000000001e-1
    1.0000000000000001e-1 1.0000000000000001e-1 1.0000000000000001e-1
    1.0000000000000001e-1 1.0000000000000001e-1 1.0000000000000001e-1
    1.0000000000000001e-1 1.0000000000000001e-1 1.0000000000000001e-1
    1.0000000000000001e-1 1.0000000000000001e-1 1.0000000000000001e-1
    1.0000000000000001e-1 1.0000000000000001e-1 1.0000000000000001e-1
    1.0000000000000001e-1 1.0000000000000001e-1 1.0000000000000001e-1
    1.0000000000000001e-1 1.0000000000000001e-1 1.0000000000000001e-1
    1.0000000000000001e-1 1.0000000000000001e-1 1.0000000000000001e-1
    1.0000000000000001e-1 1.0000000000000001e-1 1.0000000000000001e-1
    1.0000000000000001e-1 1.0000000000000001e-1 1.0000000000000001e-1
    1.0000000000000001e-1 1.0000000000000001e-1 1.0000000000000001e-1
    1.0000000000000001e-1 1.0000000000000001e-1 1.0000000000000001e-1
    1.0000000000000001e-1 1.0000000000000001e-1 1.0000000000000001e-1
    1.0000000000000001e-1 1.0000000000000001e-1 1.0000000000000001e-1
    1.0000000000000001e-1 1.0000000000000001e-1 1.0000000000000001e-1
    1.0000000000000001e-1 1.0000000000000001e-1 1.0000000000000001e-1
    1.0000000000000001e-1 1.0000000000000001e-1 1.0000000000000001e-1
    1.0000000000000001e-1 1.0000000000000001e-1 1.0000000000000001e-1
    1.0000000000000001e-1 1.0000000000000001e-1 1.0000000000000001e-1
    1.0000000000000001e-1 1.0000000000000001e-1 1.0000000000000001e-1
    1.0000000000000001e-1 1.0000000000000001e-1 1.0000000000000001e-1
    1.0000000000000001e-1 1.0000000000000001e-1 1.0000000000000001e-1
    1.0000000000000001e-1 1.0000000000000001e-1 1.0000000000000001e-1
    1.0000000000000001e-1 1.0000000000000001e-1 1.0000000000000001e-1
    1.0000000000000001e-1 1.0000000000000001e-1 1.0000000000000001e-1
    1.0000000000000001e-1 1.0000000000000001e-1 1.0000000000000001e-1
    1.0000000000000001e-1 1.0000000000000001e-1 1.0000000000000001e-1
    1.0000000000000001e-1 1.0000000000000001e-1 1.0000000000000001e-1
    1.0000000000000001e-1 1.0000000000000001e-1 1.0000000000000001e-1
    1.0000000000000001e-1 1.0000000000000001e-1 1.0000000000000001e-1
    1.0000000000000001e-1 1.0000000000000001e-1 1.0000000000000001e-1
    1.0000000000000001e-1 1.0000000000000001e-1 1.0000000000000001e-1
    1.0000000000000001e-1 1.0000000000000001e-1 1.0000000000000001e-1
    1.0000000000000001e-1 1.0000000000000001e-1 1.0000000000000001e-1
    1.0000000000000001e-1 1.0000000000000001e-1 1.0000000000000001e-1
    1.0000000000000001e-1 1.0000000000000001e-1 1.0000000000000001e-1
    1.0000000000000001e-1 1.0000000000000001e-1 1.0000000000000001e-1
    1.0000000000000001e-1 1.0000000000000001e-1 1.0000000000000001e-1
    1.0000000000000001e-1 1.0000000000000001e-1 1.0000000000000001e-1
    1.0000000000000001e-1 1.0000000000000001e-1 1.0000000000000001e-1
    1.0000000000000001e-1 1.0000000000000001e-1 1.0000000000000001e-1
    1.0000000000000001e-1 1.0000000000000001e-1 1.0000000000000001e-1
    1.0000000000000001e-1 1.0000000000000001e-1 1.0000000000000001e-1
    1.0000000000000001e-1 1.0000000000000001e-1 1.0000000000000001e-1
    1.0000000000000001e-1 1.0000000000000001e-1 1.0000000000000001e-1
    1.0000000000000001e-1 1.0000000000000001e-1 1.0000000000000001e-1
    1.0000000000000001e-1 1.0000000000000001e-1 1.0000000000000001e-1
    1.0000000000000001e-1 1.0000000000000001e-1 1.0000000000000001e-1
    1.0000000000000001e-1 1.0000000000000001e-1 1.0000000000000001e-1
    1.0000000000000001e-1 1.0000000000000001e-1 1.0000000000000001e-1
    1.0000000000000001e-1 1.0000000000000001e-1 1.0000000000000001e-1
    1.0000000000000001e-1 1.0000000000000001e-1 1.0000000000000001e-1
    1.0000000000000001e-1 1.0000000000000001e-1 1.0000000000000001e-1
    1.0000000000000001e-1 1.0000000000000001e-1 1.0000000000000001e-1
    1.0000000000000001e-1 1.0000000000000001e-1 1.0000000000000001e-1
    1.0000000000000001e-1 1.0000000000000001e-1 1.0000000000000001e-1
    1.0000000000000001e-1 1.0000000000000001e-1 1.0000000000000001e-1
    1.0000000000000001e-1 1.0000000000000001e-1 1.0000000000000001e-1
    1.0000000000000001e-1 1.0000000000000001e-1 1.0000000000000001e-1
    1.0000000000000001e-1 1.0000000000000001e-1 1.0000000000000001e-1
    1.0000000000000001e-1 1.0000000000000001e-1 1.0000000000000001e-1
    1.0000000000000001e-1 1.0000000000000001e-1 1.0000000000000001e-1
    1.0000000000000001e-1 1.0000000000000001e-1 1.0000000000000001e-1
    1.0000000000000001e-1 1.0000000000000001e-1 1.0000000000000001e-1
    1.0000000000000001e-1 1.0000000000000001e-1 1.0000000000000001e-1
    1.0000000000000001e-1 1.0000000000000001e-1 1.0000000000000001e-1
    1.0000000000000001e-1 1.0000000000000001e-1 1.0000000000000001e-1
    1.0000000000000001e-1 1.0000000000000001e-1 1.0000000000000001e-1
    1.0000000000000001e-1 1.0000000000000001e-1 1.0000000000000001e-1
    1.0000000000000001e-1 1.0000000000000001e-1 1.0000000000000001e-1
    1.0000000000000001e-1 1.0000000000000001e-1 1.0000000000000001e-1
    1.0000000000000001e-1 1.0000000000000001e-1 1.0000000000000001e-1
    1.0000000000000001e-1 1.0000000000000001e-1 1.0000000000000001e-1
    1.0000000000000001e-1 1.0000000000000001e-1 1.0000000000000001e-1
    1.0000000000000001e-1 1.0000000000000001e-1 1.0000000000000001e-1
    1.0000000000000001e-1 1.0000000000000001e-1 1.0000000000000001e-1
    1.0000000000000001e-1 1.0000000000000001e-1 1.0000000000000001e-1
    1.0000000000000001e-1 1.0000000000000001e-1 1.0000000000000001e-1
    1.0000000000000001e-1 1.0000000000000001e-1 1.0000000000000001e-1
    1.0000000000000001e-1 1.0000000000000001e-1 1.0000000000000001e-1
    1.0000000000000001e-1 1.0000000000000001e-1 1.0000000000000001e-1
    1.0000000000000001e-1 1.0000000000000001e-1 1.0000000000000001e-1
    1.0000000000000001e-1 1.0000000000000001e-1 1.0000000000000001e-1
    1.0000000000000001e-1 1.0000000000000001e-1 1.0000000000000001e-1
    1.0000000000000001e-1 1.0000000000000001e-1 1.0000000000000001e-1
    1.0000000000000001e-1 1.0000000000000001e-1 1.0000000000000001e-1
    1.0000000000000001e-1 1.0000000000000001e-1 1.0000000000000001e-1
    1.0000000000000001e-1 1.0000000000000001e-1 1.0000000000000001e-1
    1.0000000000000001e-1 1.0000000000000001e-1 1.0000000000000001e-1
    1.0000000000000001e-1 1.0000000000000001e-1 1.0000000000000001e-1
    1.0000000000000001e-1 1.0000000000000001e-1 1.0000000000000001e-1
    1.0000000000000001e-1 1.0000000000000001e-1 1.0000000000000001e-1
    1.0000000000000001e-1 1.0000000000000001e-1 1.0000000000000001e-1
    1.0000000000000001e-1 1.0000000000000001e-1 1.0000000000000001e-1
    1.0000000000000001e-1 1.0000000000000001e-1 1.0000000000000001e-1
    1.0000000000000001e-1 1.0000000000000001e-1 1.0000000000000001e-1
    1.0000000000000001e-1 1.0000000000000001e-1 1.0000000000000001e-1
    1.0000000000000001e-1 1.0000000000000001e-1 1.0000000000000001e-1
    1.0000000000000001e-1 1.0000000000000001e-1 1.0000000000000001e-1
    1.0000000000000001e-1 1.0000000000000001e-1 1.0000000000000001e-1
    1.0000000000000001e-1 1.0000000000000001e-1 1.0000000000000001e-1
    1.0000000000000001e-1 1.0000000000000001e-1 1.0000000000000001e-1
    1.0000000000000001e-1 1.0000000000000001e-1 1.0000000000000001e-1
    1.0000000000000001e-1 1.0000000000000001e-1 1.0000000000000001e-1
    1.0000000000000001e-1 1.0000000000000001e-1 1.0000000000000001e-1
    1.0000000000000001e-1 1.0000000000000001e-1 1.0000000000000001e-1
    1.0000000000000001e-1 1.0000000000000001e-1 1.0000000000000001e-1
    1.0000000000000001e-1 1.0000000000000001e-1 1.0000000000000001e-1
    1.0000000000000001e-1 1.0000000000000001e-1 1.0000000000000001e-1
    1.0000000000000001e-1 1.0000000000000001e-1 1.0000000000000001e-1
    1.0000000000000001e-1 1.0000000000000001e-1 1.0000000000000001e-1
    1.0000000000000001e-1 1.0000000000000001e-1 1.0000000000000001e-1
    1.0000000000000001e-1 1.0000000000000001e-1 1.0000000000000001e-1
    1.0000000000000001e-1 1.0000000000000001e-1 1.0000000000000001e-1
    1.0000000000000001e-1 1.0000000000000001e-1 1.0000000000000001e-1
    1.0000000000000001e-1 1.0000000000000001e-1 1.0000000000000001e-1
    1.0000000000000001e-1 1.0000000000000001e-1 1.0000000000000001e-1
    1.0000000000000001e-1 1.0000000000000001e-1 1.0000000000000001e-1
    1.0000000000000001e-1 1.0000000000000001e-1 1.0000000000000001e-1
    1.0000000000000001e-1 1.0000000000000001e-1 1.0000000000000001e-1
    1.0000000000000001e-1 1.0000000000000001e-1 1.0000000000000001e-1
    1.0000000000000001e-1 1.0000000000000001e-1 1.0000000000000001e-1
    1.0000000000000001e-1 1.0000000000000001e-1 1.0000000000000001e-1
    1.0000000000000001e-1 1.0000000000000001e-1 1.0000000000000001e-1
    1.0000000000000001e-1 1.0000000000000001e-1 1.0000000000000001e-1
    1.0000000000000001e-1 1.0000000000000001e-1 1.0000000000000001e-1
    1.0000000000000001e-1 1.0000000000000001e-1 1.0000000000000001e-1
    1.0000000000000001e-1 1.0000000000000001e-1 1.0000000000000001e-1
    1.0000000000000001e-1 1.0000000000000001e-1 1.0000000000000001e-1
    1.0000000000000001e-1 1.0000000000000001e-1 1.0000000000000001e-1
    1.0000000000000001e-1 1.0000000000000001e-1 1.0000000000000001e-1
    1.0000000000000001e-1 1.0000000000000001e-1 1.0000000000000001e-1
    1.0000000000000001e-1 1.0000000000000001e-1 1.0000000000000001e-1
    1.0000000000000001e-1 1.0000000000000001e-1 1.0000000000000001e-1
    1.0000000000000001e-1 1.0000000000000001e-1 1.0000000000000001e-1
    1.0000000000000001e-1 1.0000000000000001e-1 1.0000000000000001e-1
    1.0000000000000001e-1 1.0000000000000001e-1 1.0000000000000001e-1
    1.0000000000000001e-1 1.0000000000000001e-1 1.0000000000000001e-1
    1.0000000000000001e-1 1.0000000000000001e-1 1.0000000000000001e-1
    1.0000000000000001e-1 1.0000000000000001e-1 1.0000000000000001e-1
    1.0000000000000001e-1 1.0000000000000001e-1 1.0000000000000001e-1
    1.0000000000000001e-1 1.0000000000000001e-1 1.0000000000000001e-1
    1.0000000000000001e-1 1.0000000000000001e-1 1.0000000000000001e-1
    1.0000000000000001e-1 1.0000000000000001e-1 1.0000000000000001e-1
    1.0000000000000001e-1 1.0000000000000001e-1 1.0000000000000001e-1
    1.0000000000000001e-1 1.0000000000000001e-1 1.0000000000000001e-1
    1.0000000000000001e-1 1.0000000000000001e-1 1.0000000000000001e-1
    1.0000000000000001e-1 1.0000000000000001e-1 1.0000000000000001e-1
    1.0000000000000001e-1 1.0000000000000001e-1 1.0000000000000001e-1
    1.0000000000000001e-1 1.0000000000000001e-1 1.0000000000000001e-1
    1.0000000000000001e-1 1.0000000000000001e-1 1.0000000000000001e-1
    1.0000000000000001e-1 1.0000000000000001e-1 1.0000000000000001e-1
    1.0000000000000001e-1 1.0000000000000001e-1 1.0000000000000001e-1
    1.0000000000000001e-1 1.0000000000000001e-1 1.0000000000000001e-1
    1.0000000000000001e-1 1.0000000000000001e-1 1.0000000000000001e-1
    1.0000000000000001e-1 1.0000000000000001e-1 1.0000000000000001e-1
    1.0000000000000001e-1 1.0000000000000001e-1 1.0000000000000001e-1
    1.0000000000000001e-1 1.0000000000000001e-1 1.0000000000000001e-1
    1.0000000000000001e-1 1.0000000000000001e-1 1.0000000000000001e-1
    1.0000000000000001e-1 1.0000000000000001e-1 1.0000000000000001e-1
    1.0000000000000001e-1 1.0000000000000001e-1 1.0000000000000001e-1
    1.0000000000000001e-1 1.0000000000000001e-1 1.0000000000000001e-1
    1.0000000000000001e-1 1.0000000000000001e-1 1.0000000000000001e-1
    1.0000000000000001e-1 1.0000000000000001e-1 1.0000000000000001e-1
    1.0000000000000001e-1 1.0000000000000001e-1 1.0000000000000001e-1
    1.0000000000000001e-1 1.0000000000000001e-1 1.0000000000000001e-1
    1.0000000000000001e-1 1.0000000000000001e-1 1.0000000000000001e-1
    1.0000000000000001e-1 1.0000000000000001e-1 1.0000000000000001e-1
    1.0000000000000001e-1 1.0000000000000001e-1 1.0000000000000001e-1
    1.0000000000000001e-1 1.0000000000000001e-1 1.0000000000000001e-1
    1.0000000000000001e-1 1.0000000000000001e-1 1.0000000000000001e-1
    1.0000000000000001e-1 1.0000000000000001e-1 1.0000000000000001e-1
    1.0000000000000001e-1 1.0000000000000001e-1 1.0000000000000001e-1
    1.0000000000000001e-1 1.0000000000000001e-1 1.0000000000000001e-1
    1.0000000000000001e-1 1.0000000000000001e-1 1.0000000000000001e-1
    1.0000000000000001e-1 1.0000000000000001e-1 1.0000000000000001e-1
    1.0000000000000001e-1 1.0000000000000001e-1 1.0000000000000001e-1
    1.0000000000000001e-1 1.0000000000000001e-1 1.0000000000000001e-1
    1.0000000000000001e-1 1.0000000000000001e-1 1.0000000000000001e-1
    1.0000000000000001e-1 1.0000000000000001e-1 1.0000000000000001e-1
    1.0000000000000001e-1 1.0000000000000001e-1 1.0000000000000001e-1
    1.0000000000000001e-1 1.0000000000000001e-1 1.0000000000000001e-1
    1.0000000000000001e-1 1.0000000000000001e-1 1.0000000000000001e-1
    1.0000000000000001e-1 1.0000000000000001e-1 1.0000000000000001e-1
    1.0000000000000001e-1 1.0000000000000001e-1 1.0000000000000001e-1
    1.0000000000000001e-1 1.0000000000000001e-1 1.0000000000000001e-1
    1.0000000000000001e-1 1.0000000000000001e-1 1.0000000000000001e-1
    1.0000000000000001e-1 1.0000000000000001e-1 1.0000000000000001e-1
    1.0000000000000001e-1 1.0000000000000001e-1 1.0000000000000001e-1
    1.0000000000000001e-1 1.0000000000000001e-1 1.0000000000000001e-1
    1.0000000000000001e-1 1.0000000000000001e-1 1.0000000000000001e-1
    1.0000000000000001e-1 1.0000000000000001e-1 1.0000000000000001e-1
    1.0000000000000001e-1 1.0000000000000001e-1 1.0000000000000001e-1
    1.0000000000000001e-1 1.0000000000000001e-1 1.0000000000000001e-1
    1.0000000000000001e-1 1.0000000000000001e-1 1.0000000000000001e-1
    1.0000000000000001e-1 1.0000000000000001e-1 1.0000000000000001e-1
    1.0000000000000001e-1 1.0000000000000001e-1 1.0000000000000001e-1
    1.0000000000000001e-1 1.0000000000000001e-1 1.0000000000000001e-1
    1.0000000000000001e-1 1.0000000000000001e-1 1.0000000000000001e-1
    1.0000000000000001e-1 1.0000000000000001e-1 1.0000000000000001e-1
    1.0000000000000001e-1 1.0000000000000001e-1 1.0000000000000001e-1
    1.0000000000000001e-1 1.0000000000000001e-1 1.0000000000000001e-1
    1.0000000000000001e-1 1.0000000000000001e-1 1.0000000000000001e-1
    1.0000000000000001e-1 1.0000000000000001e-1 1.0000000000000001e-1
    1.0000000000000001e-1 1.0000000000000001e-1 1.0000000000000001e-1
    1.0000000000000001e-1 1.0000000000000001e-1 1.0000000000000001e-1
    1.0000000000000001e-1 1.0000000000000001e-1 1.0000000000000001e-1
    1.0000000000000001e-1 1.0000000000000001e-1 1.0000000000000001e-1
    1.0000000000000001e-1 1.0000000000000001e-1 1.0000000000000001e-1
    1.0000000000000001e-1 1.0000000000000001e-1 1.0000000000000001e-1
    1.0000000000000001e-1 1.0000000000000001e-1 1.0000000000000001e-1
    1.0000000000000001e-1 1.0000000000000001e-1 1.0000000000000001e-1
    1.0000000000000001e-1 1.0000000000000001e-1 1.0000000000000001e-1
    1.0000000000000001e-1 1.0000000000000001e-1 1.0000000000000001e-1
    1.0000000000000001e-1 1.0000000000000001e-1 1.0000000000000001e-1
    1.0000000000000001e-1 1.0000000000000001e-1 1.0000000000000001e-1
    1.0000000000000001e-1 1.0000000000000001e-1 1.0000000000000001e-1
    1.0000000000000001e-1 1.0000000000000001e-1 1.0000000000000001e-1
    1.0000000000000001e-1 1.0000000000000001e-1 1.0000000000000001e-1
    1.0000000000000001e-1 1.0000000000000001e-1 1.0000000000000001e-1
    1.0000000000000001e-1 1.0000000000000001e-1 1.0000000000000001e-1
    1.0000000000000001e-1 1.0000000000000001e-1 1.0000000000000001e-1
    1.0000000000000001e-1 1.0000000000000001e-1 1.0000000000000001e-1
    1.0000000000000001e-1 1.0000000000000001e-1 1.0000000000000001e-1
    1.0000000000000001e-1 1.0000000000000001e-1 1.0000000000000001e-1
    1.0000000000000001e-1 1.0000000000000001e-1 1.0000000000000001e-1
    1.0000000000000001e-1 1.0000000000000001e-1 1.0000000000000001e-1
    1.0000000000000001e-1 1.0000000000000001e-1 1.0000000000000001e-1
    1.0000000000000001e-1 1.0000000000000001e-1 1.0000000000000001e-1
    1.0000000000000001e-1 1.0000000000000001e-1 1.0000000000000001e-1
    1.0000000000000001e-1 1.0000000000000001e-1 1.0000000000000001e-1
    1.0000000000000001e-1 1.0000000000000001e-1 1.0000000000000001e-1
    1.0000000000000001e-1 1.0000000000000001e-1 1.0000000000000001e-1
    1.0000000000000001e-1 1.0000000000000001e-1 1.0000000000000001e-1
    1.0000000000000001e-1 1.0000000000000001e-1 1.0000000000000001e-1
    1.0000000000000001e-1 1.0000000000000001e-1 1.0000000000000001e-1
    1.0000000000000001e-1 1.0000000000000001e-1 1.0000000000000001e-1
    1.0000000000000001e-1 1.0000000000000001e-1 1.0000000000000001e-1
    1.0000000000000001e-1 1.0000000000000001e-1 1.0000000000000001e-1
    1.0000000000000001e-1 1.0000000000000001e-1 1.0000000000000001e-1
    1.0000000000000001e-1 1.0000000000000001e-1 1.0000000000000001e-1
    1.0000000000000001e-1 1.0000000000000001e-1 1.0000000000000001e-1
    1.0000000000000001e-1 1.0000000000000001e-1 1.0000000000000001e-1
    1.0000000000000001e-1 1.0000000000000001e-1 1.0000000000000001e-1
    1.0000000000000001e-1 1.0000000000000001e-1 1.0000000000000001e-1
    1.0000000000000001e-1 1.0000000000000001e-1 1.0000000000000001e-1
    1.0000000000000001e-1 1.0000000000000001e-1 1.0000000000000001e-1
    1.0000000000000001e-1 1.0000000000000001e-1 1.0000000000000001e-1
    1.0000000000000001e-1 1.0000000000000001e-1 1.0000000000000001e-1
    1.0000000000000001e-1 1.0000000000000001e-1 1.0000000000000001e-1
    1.0000000000000001e-1 1.0000000000000001e-1 1.0000000000000001e-1
    1.0000000000000001e-1 1.0000000000000001e-1 1.0000000000000001e-1
    1.0000000000000001e-1 1.0000000000000001e-1 1.0000000000000001e-1
    1.0000000000000001e-1 1.0000000000000001e-1 1.0000000000000001e-1
    1.0000000000000001e-1 1.0000000000000001e-1 1.0000000000000001e-1
    1.0000000000000001e-1 1.0000000000000001e-1 1.0000000000000001e-1
    1.0000000000000001e-1 1.0000000000000001e-1 1.0000000000000001e-1
    1.0000000000000001e-1 1.0000000000000001e-1 1.0000000000000001e-1
    1.0000000000000001e-1 1.0000000000000001e-1 1.0000000000000001e-1
    1.0000000000000001e-1 1.0000000000000001e-1 1.0000000000000001e-1
    1.0000000000000001e-1 1.0000000000000001e-1 1.0000000000000001e-1
    1.0000000000000001e-1 1.0000000000000001e-1 1.0000000000000001e-1
    1.0000000000000001e-1 1.0000000000000001e-1 1.0000000000000001e-1
    1.0000000000000001e-1 1.0000000000000001e-1 1.0000000000000001e-1
    1.0000000000000001e-1 1.0000000000000001e-1 1.0000000000000001e-1
    1.0000000000000001e-1 1.0000000000000001e-1 1.0000000000000001e-1
    1.0000000000000001e-1 1.0000000000000001e-1 1.0000000000000001e-1
    1.0000000000000001e-1 1.0000000000000001e-1 1.0000000000000001e-1
    1.0000000000000001e-1 1.0000000000000001e-1 1.0000000000000001e-1
    1.0000000000000001e-1 1.0000000000000001e-1 1.0000000000000001e-1
    1.0000000000000001e-1 1.0000000000000001e-1 1.0000000000000001e-1
    1.0000000000000001e-1 1.0000000000000001e-1 1.0000000000000001e-1
    1.0000000000000001e-1 1.0000000000000001e-1 1.0000000000000001e-1
    1.0000000000000001e-1 1.0000000000000001e-1 1.0000000000000001e-1
    1.0000000000000001e-1 1.0000000000000001e-1 1.0000000000000001e-1
    1.0000000000000001e-1 1.0000000000000001e-1 1.0000000000000001e-1
    1.0000000000000001e-1 1.0000000000000001e-1 1.0000000000000001e-1
    1.0000000000000001e-1 1.0000000000000001e-1 1.0000000000000001e-1
    1.0000000000000001e-1 1.0000000000000001e-1 1.0000000000000001e-1
    1.0000000000000001e-1 1.0000000000000001e-1 1.0000000000000001e-1
    1.0000000000000001e-1 1.0000000000000001e-1 1.0000000000000001e-1
    1.0000000000000001e-1 1.0000000000000001e-1 1.0000000000000001e-1
    1.0000000000000001e-1 1.0000000000000001e-1 1.0000000000000001e-1
    1.0000000000000001e-1 1.0000000000000001e-1 1.0000000000000001e-1
    1.0000000000000001e-1 1.0000000000000001e-1 1.0000000000000001e-1
    1.0000000000000001e-1 1.0000000000000001e-1 1.0000000000000001e-1
    1.0000000000000001e-1 1.0000000000000001e-1 1.0000000000000001e-1
    1.0000000000000001e-1 1.0000000000000001e-1 1.0000000000000001e-1
    1.0000000000000001e-1 1.0000000000000001e-1 1.0000000000000001e-1
    1.0000000000000001e-1 1.0000000000000001e-1 1.0000000000000001e-1
    1.0000000000000001e-1 1.0000000000000001e-1 1.0000000000000001e-1
    1.0000000000000001e-1 1.0000000000000001e-1 1.0000000000000001e-1
    1.0000000000000001e-1 1.0000000000000001e-1 1.0000000000000001e-1
    1.0000000000000001e-1 1.0000000000000001e-1 1.0000000000000001e-1
    1.0000000000000001e-1 1.0000000000000001e-1 1.0000000000000001e-1
    1.0000000000000001e-1 1.0000000000000001e-1 1.0000000000000001e-1
    1.0000000000000001e-1 1.0000000000000001e-1 1.0000000000000001e-1
    1.0000000000000001e-1 1.0000000000000001e-1 1.0000000000000001e-1
    1.0000000000000001e-1 1.0000000000000001e-1 1.0000000000000001e-1
    1.0000000000000001e-1 1.0000000000000001e-1 1.0000000000000001e-1
    1.0000000000000001e-1 1.0000000000000001e-1 1.0000000000000001e-1
    1.0000000000000001e-1 1.0000000000000001e-1 1.0000000000000001e-1
    1.0000000000000001e-1 1.0000000000000001e-1 1.0000000000000001e-1
    1.0000000000000001e-1 1.0000000000000001e-1 1.0000000000000001e-1
    1.0000000000000001e-1 1.0000000000000001e-1 1.0000000000000001e-1
    1.0000000000000001e-1 1.0000000000000001e-1 1.0000000000000001e-1
    1.0000000000000001e-1 1.0000000000000001e-1 1.0000000000000001e-1
    1.0000000000000001e-1 1.0000000000000001e-1 1.0000000000000001e-1
    1.0000000000000001e-1 1.0000000000000001e-1 1.0000000000000001e-1
    1.0000000000000001e-1 1.0000000000000001e-1 1.0000000000000001e-1
    1.0000000000000001e-1 1.0000000000000001e-1 1.0000000000000001e-1
    1.0000000000000001e-1 1.0000000000000001e-1 1.0000000000000001e-1
    1.0000000000000001e-1 1.0000000000000001e-1 1.0000000000000001e-1
    1.0000000000000001e-1 1.0000000000000001e-1 1.0000000000000001e-1
    1.0000000000000001e-1 1.0000000000000001e-1 1.0000000000000001e-1
    1.0000000000000001e-1 1.0000000000000001e-1 1.0000000000000001e-1
    1.0000000000000001e-1 1.0000000000000001e-1 1.0000000000000001e-1
    1.0000000000000001e-1 1.0000000000000001e-1 1.0000000000000001e-1
    1.0000000000000001e-1 1.0000000000000001e-1 1.0000000000000001e-1
    1.0000000000000001e-1 1.0000000000000001e-1 1.0000000000000001e-1
    1.0000000000000001e-1 1.0000000000000001e-1 1.0000000000000001e-1
    1.0000000000000001e-1 1.0000000000000001e-1 1.0000000000000001e-1
    1.0000000000000001e-1 1.0000000000000001e-1 1.0000000000000001e-1
    1.0000000000000001e-1 1.0000000000000001e-1 1.0000000000000001e-1
    1.0000000000000001e-1 1.0000000000000001e-1 1.0000000000000001e-1
    1.0000000000000001e-1 1.0000000000000001e-1 1.0000000000000001e-1
    1.0000000000000001e-1 1.0000000000000001e-1 1.0000000000000001e-1
    1.0000000000000001e-1 1.0000000000000001e-1 1.0000000000000001e-1
    1.0000000000000001e-1 1.0000000000000001e-1 1.0000000000000001e-1
    1.0000000000000001e-1 1.0000000000000001e-1 1.0000000000000001e-1
    1.0000000000000001e-1 1.0000000000000001e-1 1.0000000000000001e-1
    1.0000000000000001e-1 1.0000000000000001e-1 1.0000000000000001e-1
    1.0000000000000001e-1 1.0000000000000001e-1 1.0000000000000001e-1
    1.0000000000000001e-1 1.0000000000000001e-1 1.0000000000000001e-1
    1.0000000000000001e-1 1.0000000000000001e-1 1.0000000000000001e-1
    1.0000000000000001e-1 1.0000000000000001e-1 1.0000000000000001e-1
    1.0000000000000001e-1 1.0000000000000001e-1 1.0000000000000001e-1
    1.0000000000000001e-1 1.0000000000000001e-1 1.0000000000000001e-1
    1.0000000000000001e-1 1.0000000000000001e-1 1.0000000000000001e-1
    1.0000000000000001e-1 1.0000000000000001e-1 1.0000000000000001e-1
    1.0000000000000001e-1 1.0000000000000001e-1 1.0000000000000001e-1
    1.0000000000000001e-1 1.0000000000000001e-1 1.0000000000000001e-1
    1.0000000000000001e-1 1.0000000000000001e-1 1.0000000000000001e-1
    1.0000000000000001e-1 1.0000000000000001e-1 1.0000000000000001e-1
    1.0000000000000001e-1 1.0000000000000001e-1 1.0000000000000001e-1
    1.0000000000000001e-1 1.0000000000000001e-1 1.0000000000000001e-1
    1.0000000000000001e-1 1.0000000000000001e-1 1.0000000000000001e-1
    1.0000000000000001e-1 1.0000000000000001e-1 1.0000000000000001e-1
    1.0000000000000001e-1 1.0000000000000001e-1 1.0000000000000001e-1
    1.0000000000000001e-1 1.0000000000000001e-1 1.0000000000000001e-1
    1.0000000000000001e-1 1.0000000000000001e-1 1.0000000000000001e-1
    1.0000000000000001e-1 1.0000000000000001e-1 1.0000000000000001e-1
    1.0000000000000001e-1 1.0000000000000001e-1 1.0000000000000001e-1
    1.0000000000000001e-1 1.0000000000000001e-1 1.0000000000000001e-1
    1.0000000000000001e-1 1.0000000000000001e-1 1.0000000000000001e-1
    1.0000000000000001e-1 1.0000000000000001e-1 1.0000000000000001e-1
    1.0000000000000001e-1 1.0000000000000001e-1 1.0000000000000001e-1
    1.0000000000000001e-1 1.0000000000000001e-1 1.0000000000000001e-1
    1.0000000000000001e-1 1.0000000000000001e-1 1.0000000000000001e-1
    1.0000000000000001e-1 1.0000000000000001e-1 1.0000000000000001e-1
    1.0000000000000001e-1 1.0000000000000001e-1 1.0000000000000001e-1
    1.0000000000000001e-1 1.0000000000000001e-1 1.0000000000000001e-1
    1.0000000000000001e-1 1.0000000000000001e-1 1.0000000000000001e-1
    1.0000000000000001e-1 1.0000000000000001e-1 1.0000000000000001e-1
    1.0000000000000001e-1 1.0000000000000001e-1 1.0000000000000001e-1
    1.0000000000000001e-1 1.0000000000000001e-1 1.0000000000000001e-1
    1.0000000000000001e-1 1.0000000000000001e-1 1.0000000000000001e-1
    1.0000000000000001e-1 1.0000000000000001e-1 1.0000000000000001e-1
    1.0000000000000001e-1 1.0000000000000001e-1 1.0000000000000001e-1
    1.0000000000000001e-1 1.0000000000000001e-1 1.0000000000000001e-1
    1.0000000000000001e-1 1.0000000000000001e-1 1.0000000000000001e-1
    1.0000000000000001e-1 1.0000000000000001e-1 1.0000000000000001e-1
    1.0000000000000001e-1 1.0000000000000001e-1 1.0000000000000001e-1
    1.0000000000000001e-1 1.0000000000000001e-1 1.0000000000000001e-1
    1.0000000000000001e-1 1.0000000000000001e-1 1.0000000000000001e-1
    1.0000000000000001e-1 1.0000000000000001e-1 1.0000000000000001e-1
    1.0000000000000001e-1 1.0000000000000001e-1 1.0000000000000001e-1
    1.0000000000000001e-1 1.0000000000000001e-1 1.0000000000000001e-1
    1.0000000000000001e-1 1.0000000000000001e-1 1.0000000000000001e-1
    1.0000000000000001e-1 1.0000000000000001e-1 1.0000000000000001e-1
    1.0000000000000001e-1 1.0000000000000001e-1 1.0000000000000001e-1
    1.0000000000000001e-1 1.0000000000000001e-1 1.0000000000000001e-1
    1.0000000000000001e-1 1.0000000000000001e-1 1.0000000000000001e-1
    1.0000000000000001e-1 1.0000000000000001e-1 1.0000000000000001e-1
    1.0000000000000001e-1 1.0000000000000001e-1 1.0000000000000001e-1
    1.0000000000000001e-1 1.0000000000000001e-1 1.0000000000000001e-1
    1.0000000000000001e-1 1.0000000000000001e-1 1.0000000000000001e-1
    1.0000000000000001e-1 1.0000000000000001e-1 1.0000000000000001e-1
    1.0000000000000001e-1 1.0000000000000001e-1 1.0000000000000001e-1
    1.0000000000000001e-1 1.0000000000000001e-1 1.0000000000000001e-1
    1.0000000000000001e-1 1.0000000000000001e-1 1.0000000000000001e-1
    1.0000000000000001e-1 1.0000000000000001e-1 1.0000000000000001e-1
    1.0000000000000001e-1 1.0000000000000001e-1 1.0000000000000001e-1
    1.0000000000000001e-1 1.0000000000000001e-1 1.0000000000000001e-1
    1.0000000000000001e-1 1.0000000000000001e-1 1.0000000000000001e-1
    1.0000000000000001e-1 1.0000000000000001e-1 1.0000000000000001e-1
    1.0000000000000001e-1 1.0000000000000001e-1 1.0000000000000001e-1
    1.0000000000000001e-1 1.0000000000000001e-1 1.0000000000000001e-1
    1.0000000000000001e-1 1.0000000000000001e-1 1.0000000000000001e-1
    1.0000000000000001e-1 1.0000000000000001e-1 1.0000000000000001e-1
    1.0000000000000001e-1 1.0000000000000001e-1 1.0000000000000001e-1
    1.0000000000000001e-1 1.0000000000000001e-1 1.0000000000000001e-1
    1.0000000000000001e-1 1.0000000000000001e-1 1.0000000000000001e-1
    1.0000000000000001e-1 1.0000000000000001e-1 1.0000000000000001e-1
    1.0000000000000001e-1 1.0000000000000001e-1 1.0000000000000001e-1
    1.0000000000000001e-1 1.0000000000000001e-1 1.0000000000000001e-1
    1.0000000000000001e-1 1.0000000000000001e-1 1.0000000000000001e-1
    1.0000000000000001e-1 1.0000000000000001e-1 1.0000000000000001e-1
    1.0000000000000001e-1 1.0000000000000001e-1 1.0000000000000001e-1
    1.0000000000000001e-1 1.0000000000000001e-1 1.0000000000000001e-1
    1.0000000000000001e-1 1.0000000000000001e-1 1.0000000000000001e-1
    1.0000000000000001e-1 1.0000000000000001e-1 1.0000000000000001e-1
    1.0000000000000001e-1 1.0000000000000001e-1 1.0000000000000001e-1
    1.0000000000000001e-1 1.0000000000000001e-1 1.0000000000000001e-1
    1.0000000000000001e-1 1.0000000000000001e-1 1.0000000000000001e-1
    1.0000000000000001e-1 1.0000000000000001e-1 1.0000000000000001e-1
    1.0000000000000001e-1 1.0000000000000001e-1 1.0000000000000001e-1
    1.0000000000000001e-1 1.0000000000000001e-1 1.0000000000000001e-1
    1.0000000000000001e-1 1.0000000000000001e-1 1.0000000000000001e-1
    1.0000000000000001e-1 1.0000000000000001e-1 1.0000000000000001e-1
    1.0000000000000001e-1 1.0000000000000001e-1 1.0000000000000001e-1
    1.0000000000000001e-1 1.0000000000000001e-1 1.0000000000000001e-1
    1.0000000000000001e-1 1.0000000000000001e-1 1.0000000000000001e-1
    1.0000000000000001e-1 1.0000000000000001e-1 1.0000000000000001e-1
    1.0000000000000001e-1 1.0000000000000001e-1 1.0000000000000001e-1
    1.0000000000000001e-1 1.0000000000000001e-1 1.0000000000000001e-1
    1.0000000000000001e-1 1.0000000000000001e-1 1.0000000000000001e-1
    1.0000000000000001e-1 1.0000000000000001e-1 1.0000000000000001e-1
    1.0000000000000001e-1 1.0000000000000001e-1 1.0000000000000001e-1
    1.0000000000000001e-1 1.0000000000000001e-1 1.0000000000000001e-1
    1.0000000000000001e-1 1.0000000000000001e-1 1.0000000000000001e-1
    1.0000000000000001e-1 1.0000000000000001e-1 1.0000000000000001e-1
    1.0000000000000001e-1 1.0000000000000001e-1 1.0000000000000001e-1
    1.0000000000000001e-1 1.0000000000000001e-1 1.0000000000000001e-1
    1.0000000000000001e-1 1.0000000000000001e-1 1.0000000000000001e-1
    1.0000000000000001e-1 1.0000000000000001e-1 1.0000000000000001e-1
    1.0000000000000001e-1 1.0000000000000001e-1 1.0000000000000001e-1
    1.0000000000000001e-1 1.0000000000000001e-1 1.0000000000000001e-1
    1.0000000000000001e-1 1.0000000000000001e-1 1.0000000000000001e-1
    1.0000000000000001e-1 1.0000000000000001e-1 1.0000000000000001e-1
    1.0000000000000001e-1 1.0000000000000001e-1 1.0000000000000001e-1
    1.0000000000000001e-1 1.0000000000000001e-1 1.0000000000000001e-1
    1.0000000000000001e-1 1.0000000000000001e-1 1.0000000000000001e-1
    1.0000000000000001e-1 1.0000000000000001e-1 1.0000000000000001e-1
    1.0000000000000001e-1 1.0000000000000001e-1 1.0000000000000001e-1
    1.0000000000000001e-1 1.0000000000000001e-1 1.0000000000000001e-1
    1.0000000000000001e-1 1.0000000000000001e-1 1.0000000000000001e-1
    1.0000000000000001e-1 1.0000000000000001e-1 1.0000000000000001e-1
    1.0000000000000001e-1 1.0000000000000001e-1 1.0000000000000001e-1
    1.0000000000000001e-1 1.0000000000000001e-1 1.0000000000000001e-1
    1.0000000000000001e-1 1.0000000000000001e-1 1.0000000000000001e-1
    1.0000000000000001e-1 1.0000000000000001e-1 1.0000000000000001e-1
    1.0000000000000001e-1 1.0000000000000001e-1 1.0000000000000001e-1
    1.0000000000000001e-1 1.0000000000000001e-1 1.0000000000000001e-1
    1.0000000000000001e-1 1.0000000000000001e-1 1.0000000000000001e-1
    1.0000000000000001e-1 1.0000000000000001e-1 1.0000000000000001e-1
    1.0000000000000001e-1 1.0000000000000001e-1 1.0000000000000001e-1
    1.0000000000000001e-1 1.0000000000000001e-1 1.0000000000000001e-1
    1.0000000000000001e-1 1.0000000000000001e-1 1.0000000000000001e-1
    1.0000000000000001e-1 1.0000000000000001e-1 1.0000000000000001e-1
    1.0000000000000001e-1 1.0000000000000001e-1 1.0000000000000001e-1
    1.0000000000000001e-1 1.0000000000000001e-1 1.0000000000000001e-1
    1.0000000000000001e-1 1.0000000000000001e-1 1.0000000000000001e-1
    1.0000000000000001e-1 1.0000000000000001e-1 1.0000000000000001e-1
    1.0000000000000001e-1 1.0000000000000001e-1 1.0000000000000001e-1
    1.0000000000000001e-1 1.0000000000000001e-1 1.0000000000000001e-1
    1.0000000000000001e-1 1.0000000000000001e-1 1.0000000000000001e-1
    1.0000000000000001e-1 1.0000000000000001e-1 1.0000000000000001e-1
    1.0000000000000001e-1 1.0000000000000001e-1 1.0000000000000001e-1
    1.0000000000000001e-1 1.0000000000000001e-1 1.0000000000000001e-1
    1.0000000000000001e-1 1.0000000000000001e-1 1.0000000000000001e-1
    1.0000000000000001e-1 1.0000000000000001e-1 1.0000000000000001e-1
    1.0000000000000001e-1 1.0000000000000001e-1 1.0000000000000001e-1
    1.0000000000000001e-1 1.0000000000000001e-1 1.0000000000000001e-1
    1.0000000000000001e-1 1.0000000000000001e-1 1.0000000000000001e-1
    1.0000000000000001e-1 1.0000000000000001e-1 1.0000000000000001e-1
    1.0000000000000001e-1 1.0000000000000001e-1 1.0000000000000001e-1
    1.0000000000000001e-1 1.0000000000000001e-1 1.0000000000000001e-1
    1.0000000000000001e-1 1.0000000000000001e-1 1.0000000000000001e-1
    1.0000000000000001e-1 1.0000000000000001e-1 1.0000000000000001e-1
    1.0000000000000001e-1 1.0000000000000001e-1 1.0000000000000001e-1
    1.0000000000000001e-1 1.0000000000000001e-1 1.0000000000000001e-1
    1.0000000000000001e-1 1.0000000000000001e-1 1.0000000000000001e-1
    1.0000000000000001e-1 1.0000000000000001e-1 1.0000000000000001e-1
    1.0000000000000001e-1 1.0000000000000001e-1 1.0000000000000001e-1
    1.0000000000000001e-1 1.0000000000000001e-1 1.0000000000000001e-1
    1.0000000000000001e-1 1.0000000000000001e-1 1.0000000000000001e-1
    1.0000000000000001e-1 1.0000000000000001e-1 1.0000000000000001e-1
    1.0000000000000001e-1 1.0000000000000001e-1 1.0000000000000001e-1
    1.0000000000000001e-1 1.0000000000000001e-1 1.0000000000000001e-1
    1.0000000000000001e-1 1.0000000000000001e-1 1.0000000000000001e-1
    1.0000000000000001e-1 1.0000000000000001e-1 1.0000000000000001e-1
    1.0000000000000001e-1 1.0000000000000001e-1 1.0000000000000001e-1
    1.0000000000000001e-1 1.0000000000000001e-1 1.0000000000000001e-1
    1.0000000000000001e-1 1.0000000000000001e-1 1.0000000000000001e-1
    1.0000000000000001e-1 1.0000000000000001e-1 1.0000000000000001e-1
    1.0000000000000001e-1 1.0000000000000001e-1 1.0000000000000001e-1
    1.0000000000000001e-1 1.0000000000000001e-1 1.0000000000000001e-1
    1.0000000000000001e-1 1.0000000000000001e-1 1.0000000000000001e-1
    1.0000000000000001e-1 1.0000000000000001e-1 1.0000000000000001e-1
    1.0000000000000001e-1 1.0000000000000001e-1 1.0000000000000001e-1
    1.0000000000000001e-1 1.0000000000000001e-1 1.0000000000000001e-1
    1.0000000000000001e-1 1.0000000000000001e-1 1.0000000000000001e-1
    1.0000000000000001e-1 1.0000000000000001e-1 1.0000000000000001e-1
    1.0000000000000001e-1 1.0000000000000001e-1 1.0000000000000001e-1
    1.0000000000000001e-1 1.0000000000000001e-1 1.0000000000000001e-1
    1.0000000000000001e-1 1.0000000000000001e-1 1.0000000000000001e-1
    1.0000000000000001e-1 1.0000000000000001e-1 1.0000000000000001e-1
    1.0000000000000001e-1 1.0000000000000001e-1 1.0000000000000001e-1
    1.0000000000000001e-1 1.0000000000000001e-1 1.0000000000000001e-1
    1.0000000000000001e-1 1.0000000000000001e-1 1.0000000000000001e-1
    1.0000000000000001e-1 1.0000000000000001e-1 1.0000000000000001e-1
    1.0000000000000001e-1 1.0000000000000001e-1 1.0000000000000001e-1
    1.0000000000000001e-1 1.0000000000000001e-1 1.0000000000000001e-1
    1.0000000000000001e-1 1.0000000000000001e-1 1.0000000000000001e-1
    1.0000000000000001e-1 1.0000000000000001e-1 1.0000000000000001e-1
    1.0000000000000001e-1 1.0000000000000001e-1 1.0000000000000001e-1
    1.0000000000000001e-1 1.0000000000000001e-1 1.0000000000000001e-1
    1.0000000000000001e-1 1.0000000000000001e-1 1.0000000000000001e-1
    1.0000000000000001e-1 1.0000000000000001e-1 1.0000000000000001e-1
    1.0000000000000001e-1 1.0000000000000001e-1 1.0000000000000001e-1
    1.0000000000000001e-1 1.0000000000000001e-1 1.0000000000000001e-1
    1.0000000000000001e-1 1.0000000000000001e-1 1.0000000000000001e-1
    1.0000000000000001e-1 1.0000000000000001e-1 1.0000000000000001e-1
    1.0000000000000001e-1 1.0000000000000001e-1 1.0000000000000001e-1
    1.0000000000000001e-1 1.0000000000000001e-1 1.0000000000000001e-1
    1.0000000000000001e-1 1.0000000000000001e-1 1.0000000000000001e-1
    1.0000000000000001e-1 1.0000000000000001e-1 1.0000000000000001e-1
    1.0000000000000001e-1 1.0000000000000001e-1 1.0000000000000001e-1
    1.0000000000000001e-1 1.0000000000000001e-1 1.0000000000000001e-1
    1.0000000000000001e-1 1.0000000000000001e-1 1.0000000000000001e-1
    1.0000000000000001e-1 1.0000000000000001e-1 1.0000000000000001e-1
    1.0000000000000001e-1 1.0000000000000001e-1 1.0000000000000001e-1
    1.0000000000000001e-1 1.0000000000000001e-1 1.0000000000000001e-1
    1.0000000000000001e-1 1.0000000000000001e-1 1.0000000000000001e-1
    1.0000000000000001e-1 1.0000000000000001e-1 1.0000000000000001e-1
    1.0000000000000001e-1 1.0000000000000001e-1 1.0000000000000001e-1
    1.0000000000000001e-1 1.0000000000000001e-1 1.0000000000000001e-1
    1.0000000000000001e-1 1.0000000000000001e-1 1.0000000000000001e-1
    1.0000000000000001e-1 1.0000000000000001e-1 1.0000000000000001e-1
    1.0000000000000001e-1 1.0000000000000001e-1 1.0000000000000001e-1
    1.0000000000000001e-1 1.0000000000000001e-1 1.0000000000000001e-1
    1.0000000000000001e-1 1.0000000000000001e-1 1.0000000000000001e-1
    1.0000000000000001e-1 1.0000000000000001e-1 1.0000000000000001e-1
    1.0000000000000001e-1 1.0000000000000001e-1 1.0000000000000001e-1
    1.0000000000000001e-1 1.0000000000000001e-1 1.0000000000000001e-1
    1.0000000000000001e-1 1.0000000000000001e-1 1.0000000000000001e-1
    1.0000000000000001e-1 1.0000000000000001e-1 1.0000000000000001e-1
    1.0000000000000001e-1 1.0000000000000001e-1 1.0000000000000001e-1
    1.0000000000000001e-1 1.0000000000000001e-1 1.0000000000000001e-1
    1.0000000000000001e-1 1.0000000000000001e-1 1.0000000000000001e-1
    1.0000000000000001e-1 1.0000000000000001e-1 1.0000000000000001e-1
    1.0000000000000001e-1 1.0000000000000001e-1 1.0000000000000001e-1
    1.0000000000000001e-1 1.0000000000000001e-1 1.0000000000000001e-1
    1.0000000000000001e-1 1.0000000000000001e-1 1.0000000000000001e-1
    1.0000000000000001e-1 1.0000000000000001e-1 1.0000000000000001e-1
    1.0000000000000001e-1 1.0000000000000001e-1 1.0000000000000001e-1
    1.0000000000000001e-1 1.0000000000000001e-1 1.0000000000000001e-1
    1.0000000000000001e-1 1.0000000000000001e-1 1.0000000000000001e-1
    1.0000000000000001e-1 1.0000000000000001e-1 1.0000000000000001e-1
    1.0000000000000001e-1 1.0000000000000001e-1 1.0000000000000001e-1
    1.0000000000000001e-1 1.0000000000000001e-1 1.0000000000000001e-1
    1.0000000000000001e-1 1.0000000000000001e-1 1.0000000000000001e-1
    1.0000000000000001e-1 1.0000000000000001e-1 1.0000000000000001e-1
    1.0000000000000001e-1 1.0000000000000001e-1 1.0000000000000001e-1
    1.0000000000000001e-1 1.0000000000000001e-1 1.0000000000000001e-1
    1.0000000000000001e-1 1.0000000000000001e-1 1.0000000000000001e-1
    1.0000000000000001e-1 1.0000000000000001e-1 1.0000000000000001e-1
    1.0000000000000001e-1 1.0000000000000001e-1 1.0000000000000001e-1
    1.0000000000000001e-1 1.0000000000000001e-1 1.0000000000000001e-1
    1.0000000000000001e-1 1.0000000000000001e-1 1.0000000000000001e-1
    1.0000000000000001e-1 1.0000000000000001e-1 1.0000000000000001e-1
    1.0000000000000001e-1 1.0000000000000001e-1 1.0000000000000001e-1
    1.0000000000000001e-1 1.0000000000000001e-1 1.0000000000000001e-1
    1.0000000000000001e-1 1.0000000000000001e-1 1.0000000000000001e-1
    1.0000000000000001e-1 1.0000000000000001e-1 1.0000000000000001e-1
    1.0000000000000001e-1 1.0000000000000001e-1 1.0000000000000001e-1
    1.0000000000000001e-1 1.0000000000000001e-1 1.0000000000000001e-1
    1.0000000000000001e-1 1.0000000000000001e-1 1.0000000000000001e-1
    1.0000000000000001e-1 1.0000000000000001e-1 1.0000000000000001e-1
    1.0000000000000001e-1 1.0000000000000001e-1 1.0000000000000001e-1
    1.0000000000000001e-1 1.0000000000000001e-1 1.0000000000000001e-1
    1.0000000000000001e-1 1.0000000000000001e-1 1.0000000000000001e-1
    1.0000000000000001e-1 1.0000000000000001e-1 1.0000000000000001e-1
    1.0000000000000001e-1 1.0000000000000001e-1 1.0000000000000001e-1
    1.0000000000000001e-1 1.0000000000000001e-1 1.0000000000000001e-1
    1.0000000000000001e-1 1.0000000000000001e-1 1.0000000000000001e-1
    1.0000000000000001e-1 1.0000000000000001e-1 1.0000000000000001e-1
    1.0000000000000001e-1 1.0000000000000001e-1 1.0000000000000001e-1
    1.0000000000000001e-1 1.0000000000000001e-1 1.0000000000000001e-1
    1.0000000000000001e-1 1.0000000000000001e-1 1.0000000000000001e-1
    1.0000000000000001e-1 1.0000000000000001e-1 1.0000000000000001e-1
    1.0000000000000001e-1 1.0000000000000001e-1 1.0000000000000001e-1
    1.0000000000000001e-1 1.0000000000000001e-1 1.0000000000000001e-1
    1.0000000000000001e-1 1.0000000000000001e-1 1.0000000000000001e-1
    1.0000000000000001e-1 1.0000000000000001e-1 1.0000000000000001e-1
    1.0000000000000001e-1 1.0000000000000001e-1 1.0000000000000001e-1
    1.0000000000000001e-1 1.0000000000000001e-1 1.0000000000000001e-1
    1.0000000000000001e-1 1.0000000000000001e-1 1.0000000000000001e-1
    1.0000000000000001e-1 1.0000000000000001e-1 1.0000000000000001e-1
    1.0000000000000001e-1 1.0000000000000001e-1 1.0000000000000001e-1
    1.0000000000000001e-1 1.0000000000000001e-1 1.0000000000000001e-1
    1.0000000000000001e-1 1.0000000000000001e-1 1.0000000000000001e-1
    1.0000000000000001e-1 1.0000000000000001e-1 1.0000000000000001e-1
    1.0000000000000001e-1 1.0000000000000001e-1 1.0000000000000001e-1
    1.0000000000000001e-1 1.0000000000000001e-1 1.0000000000000001e-1
    1.0000000000000001e-1 1.0000000000000001e-1 1.0000000000000001e-1
    1.0000000000000001e-1 1.0000000000000001e-1 1.0000000000000001e-1
    1.0000000000000001e-1 1.0000000000000001e-1 1.0000000000000001e-1
    1.0000000000000001e-1 1.0000000000000001e-1 1.0000000000000001e-1
    1.0000000000000001e-1 1.0000000000000001e-1 1.0000000000000001e-1
    1.0000000000000001e-1 1.0000000000000001e-1 1.0000000000000001e-1
    1.0000000000000001e-1 1.0000000000000001e-1 1.0000000000000001e-1
    1.0000000000000001e-1 1.0000000000000001e-1 1.0000000000000001e-1
    1.0000000000000001e-1 1.0000000000000001e-1 1.0000000000000001e-1
    1.0000000000000001e-1 1.0000000000000001e-1 1.0000000000000001e-1
    1.0000000000000001e-1 1.0000000000000001e-1 1.0000000000000001e-1
    1.0000000000000001e-1 1.0000000000000001e-1 1.0000000000000001e-1
    1.0000000000000001e-1 1.0000000000000001e-1 1.0000000000000001e-1
    1.0000000000000001e-1 1.0000000000000001e-1 1.0000000000000001e-1
    1.0000000000000001e-1 1.0000000000000001e-1 1.0000000000000001e-1
    1.0000000000000001e-1 1.0000000000000001e-1 1.0000000000000001e-1
    1.0000000000000001e-1 1.0000000000000001e-1 1.0000000000000001e-1
    1.0000000000000001e-1 1.0000000000000001e-1 1.0000000000000001e-1
    1.0000000000000001e-1 1.0000000000000001e-1 1.0000000000000001e-1
    1.0000000000000001e-1 1.0000000000000001e-1 1.0000000000000001e-1
    1.0000000000000001e-1 1.0000000000000001e-1 1.0000000000000001e-1
    1.0000000000000001e-1 1.0000000000000001e-1 1.0000000000000001e-1
    1.0000000000000001e-1 1.0000000000000001e-1 1.0000000000000001e-1
    1.0000000000000001e-1 1.0000000000000001e-1 1.0000000000000001e-1
    1.0000000000000001e-1 1.0000000000000001e-1 1.0000000000000001e-1
    1.0000000000000001e-1 1.0000000000000001e-1 1.0000000000000001e-1
    1.0000000000000001e-1 1.0000000000000001e-1 1.0000000000000001e-1
    1.0000000000000001e-1 1.0000000000000001e-1 1.0000000000000001e-1
    1.0000000000000001e-1 1.0000000000000001e-1 1.0000000000000001e-1
    1.0000000000000001e-1 1.0000000000000001e-1 1.0000000000000001e-1
    1.0000000000000001e-1 1.0000000000000001e-1 1.0000000000000001e-1
    1.0000000000000001e-1 1.0000000000000001e-1 1.0000000000000001e-1
    1.0000000000000001e-1 1.0000000000000001e-1 1.0000000000000001e-1
    1.0000000000000001e-1 1.0000000000000001e-1 1.0000000000000001e-1
    1.0000000000000001e-1 1.0000000000000001e-1 1.0000000000000001e-1
    1.0000000000000001e-1 1.0000000000000001e-1 1.0000000000000001e-1
    1.0000000000000001e-1 1.0000000000000001e-1 1.0000000000000001e-1
    1.0000000000000001e-1 1.0000000000000001e-1 1.0000000000000001e-1
    1.0000000000000001e-1 1.0000000000000001e-1 1.0000000000000001e-1
    1.0000000000000001e-1 1.0000000000000001e-1 1.0000000000000001e-1
    1.0000000000000001e-1 1.0000000000000001e-1 1.0000000000000001e-1
    1.0000000000000001e-1 1.0000000000000001e-1 1.0000000000000001e-1
    1.0000000000000001e-1 1.0000000000000001e-1 1.0000000000000001e-1
    1.0000000000000001e-1 1.0000000000000001e-1 1.0000000000000001e-1
    1.0000000000000001e-1 1.0000000000000001e-1 1.0000000000000001e-1
    1.0000000000000001e-1 1.0000000000000001e-1 1.0000000000000001e-1
    1.0000000000000001e-1 1.0000000000000001e-1 1.0000000000000001e-1
    1.0000000000000001e-1 1.0000000000000001e-1 1.0000000000000001e-1
    1.0000000000000001e-1 1.0000000000000001e-1 1.0000000000000001e-1
    1.0000000000000001e-1 1.0000000000000001e-1 1.0000000000000001e-1
    1.0000000000000001e-1 1.0000000000000001e-1 1.0000000000000001e-1
    1.0000000000000001e-1 1.0000000000000001e-1 1.0000000000000001e-1
    1.0000000000000001e-1 1.0000000000000001e-1 1.0000000000000001e-1
    1.0000000000000001e-1 1.0000000000000001e-1 1.0000000000000001e-1
    1.0000000000000001e-1 1.0000000000000001e-1 1.0000000000000001e-1
    1.0000000000000001e-1 1.0000000000000001e-1 1.0000000000000001e-1
    1.0000000000000001e-1 1.0000000000000001e-1 1.0000000000000001e-1
    1.0000000000000001e-1 1.0000000000000001e-1 1.0000000000000001e-1
    1.0000000000000001e-1 1.0000000000000001e-1 1.0000000000000001e-1
    1.0000000000000001e-1 1.0000000000000001e-1 1.0000000000000001e-1
    1.0000000000000001e-1 1.0000000000000001e-1 1.0000000000000001e-1
    1.0000000000000001e-1 1.0000000000000001e-1 1.0000000000000001e-1
    1.0000000000000001e-1 1.0000000000000001e-1 1.0000000000000001e-1
    1.0000000000000001e-1 1.0000000000000001e-1 1.0000000000000001e-1
    1.0000000000000001e-1 1.0000000000000001e-1 1.0000000000000001e-1
    1.0000000000000001e-1 1.0000000000000001e-1 1.0000000000000001e-1
    1.0000000000000001e-1 1.0000000000000001e-1 1.0000000000000001e-1
    1.0000000000000001e-1 1.0000000000000001e-1 1.0000000000000001e-1
    1.0000000000000001e-1 1.0000000000000001e-1 1.0000000000000001e-1
    1.0000000000000001e-1 1.0000000000000001e-1 1.0000000000000001e-1
    1.0000000000000001e-1 1.0000000000000001e-1 1.0000000000000001e-1
    1.0000000000000001e-1 1.0000000000000001e-1 1.0000000000000001e-1
    1.0000000000000001e-1 1.0000000000000001e-1 1.0000000000000001e-1
    1.0000000000000001e-1 1.0000000000000001e-1 1.0000000000000001e-1
    1.0000000000000001e-1 1.0000000000000001e-1 1.0000000000000001e-1
    1.0000000000000001e-1 1.0000000000000001e-1 1.0000000000000001e-1
    1.0000000000000001e-1 1.0000000000000001e-1 1.0000000000000001e-1
    1.0000000000000001e-1 1.0000000000000001e-1 1.0000000000000001e-1
    1.0000000000000001e-1 1.0000000000000001e-1 1.0000000000000001e-1
    1.0000000000000001e-1 1.0000000000000001e-1 1.0000000000000001e-1
    1.0000000000000001e-1 1.0000000000000001e-1 1.0000000000000001e-1
    1.0000000000000001e-1 1.0000000000000001e-1 1.0000000000000001e-1
    1.0000000000000001e-1 1.0000000000000001e-1 1.0000000000000001e-1
    1.0000000000000001e-1 1.0000000000000001e-1 1.0000000000000001e-1
    1.0000000000000001e-1 1.0000000000000001e-1 1.0000000000000001e-1
    1.0000000000000001e-1 1.0000000000000001e-1 1.0000000000000001e-1
    1.0000000000000001e-1 1.0000000000000001e-1 1.0000000000000001e-1
    1.0000000000000001e-1 1.0000000000000001e-1 1.0000000000000001e-1
    1.0000000000000001e-1 1.0000000000000001e-1 1.0000000000000001e-1
    1.0000000000000001e-1 1.0000000000000001e-1 1.0000000000000001e-1
    1.0000000000000001e-1 1.0000000000000001e-1 1.0000000000000001e-1
    1.0000000000000001e-1 1.0000000000000001e-1 1.0000000000000001e-1
    1.0000000000000001e-1 1.0000000000000001e-1 1.0000000000000001e-1
    1.0000000000000001e-1 1.0000000000000001e-1 1.0000000000000001e-1
    1.0000000000000001e-1 1.0000000000000001e-1 1.0000000000000001e-1
    1.0000000000000001e-1 1.0000000000000001e-1 1.0000000000000001e-1
    1.0000000000000001e-1 1.0000000000000001e-1 1.0000000000000001e-1
    1.0000000000000001e-1 1.0000000000000001e-1 1.0000000000000001e-1
    1.0000000000000001e-1 1.0000000000000001e-1 1.0000000000000001e-1
    1.0000000000000001e-1 1.0000000000000001e-1 1.0000000000000001e-1
    1.0000000000000001e-1 1.0000000000000001e-1 1.0000000000000001e-1
    1.0000000000000001e-1 1.0000000000000001e-1 1.0000000000000001e-1
    1.0000000000000001e-1 1.0000000000000001e-1 1.0000000000000001e-1
    1.0000000000000001e-1 1.0000000000000001e-1 1.0000000000000001e-1
    1.0000000000000001e-1 1.0000000000000001e-1 1.0000000000000001e-1
    1.0000000000000001e-1 1.0000000000000001e-1 1.0000000000000001e-1
    1.0000000000000001e-1 1.0000000000000001e-1 1.0000000000000001e-1
    1.0000000000000001e-1 1.0000000000000001e-1 1.0000000000000001e-1
    1.0000000000000001e-1 1.0000000000000001e-1 1.0000000000000001e-1
    1.0000000000000001e-1 1.0000000000000001e-1 1.0000000000000001e-1
    1.0000000000000001e-1 1.0000000000000001e-1 1.0000000000000001e-1
    1.0000000000000001e-1 1.0000000000000001e-1 1.0000000000000001e-1
    1.0000000000000001e-1 1.0000000000000001e-1 1.0000000000000001e-1
    1.0000000000000001e-1 1.0000000000000001e-1 1.0000000000000001e-1
    1.0000000000000001e-1 1.0000000000000001e-1 1.0000000000000001e-1
    1.0000000000000001e-1 1.0000000000000001e-1 1.0000000000000001e-1
    1.0000000000000001e-1 1.0000000000000001e-1 1.0000000000000001e-1
    1.0000000000000001e-1 1.0000000000000001e-1 1.0000000000000001e-1
    1.0000000000000001e-1 1.0000000000000001e-1 1.0000000000000001e-1
    1.0000000000000001e-1 1.0000000000000001e-1 1.0000000000000001e-1
    1.0000000000000001e-1 1.0000000000000001e-1 1.0000000000000001e-1
    1.0000000000000001e-1 1.0000000000000001e-1 1.0000000000000001e-1
    1.0000000000000001e-1 1.0000000000000001e-1 1.0000000000000001e-1
    1.0000000000000001e-1 1.0000000000000001e-1 1.0000000000000001e-1
    1.0000000000000001e-1 1.0000000000000001e-1 1.0000000000000001e-1
    1.0000000000000001e-1 1.0000000000000001e-1 1.0000000000000001e-1
    1.0000000000000001e-1 1.0000000000000001e-1 1.0000000000000001e-1
    1.0000000000000001e-1 1.0000000000000001e-1 1.0000000000000001e-1
    1.0000000000000001e-1 1.0000000000000001e-1 1.0000000000000001e-1
    1.0000000000000001e-1 1.0000000000000001e-1 1.0000000000000001e-1
    1.0000000000000001e-1 1.0000000000000001e-1 1.0000000000000001e-1
    1.0000000000000001e-1 1.0000000000000001e-1 1.0000000000000001e-1
    1.0000000000000001e-1 1.0000000000000001e-1 1.0000000000000001e-1
    1.0000000000000001e-1 1.0000000000000001e-1 1.0000000000000001e-1
    1.0000000000000001e-1 1.0000000000000001e-1 1.0000000000000001e-1
    1.0000000000000001e-1 1.0000000000000001e-1 1.0000000000000001e-1
    1.0000000000000001e-1 1.0000000000000001e-1 1.0000000000000001e-1
    1.0000000000000001e-1 1.0000000000000001e-1 1.0000000000000001e-1
    1.0000000000000001e-1 1.0000000000000001e-1 1.0000000000000001e-1
    1.0000000000000001e-1 1.0000000000000001e-1 1.0000000000000001e-1
    1.0000000000000001e-1 1.0000000000000001e-1 1.0000000000000001e-1
    1.0000000000000001e-1 1.0000000000000001e-1 1.0000000000000001e-1
    1.0000000000000001e-1 1.0000000000000001e-1 1.0000000000000001e-1
    1.0000000000000001e-1 1.0000000000000001e-1 1.0000000000000001e-1
    1.0000000000000001e-1 1.0000000000000001e-1 1.0000000000000001e-1
    1.0000000000000001e-1 1.0000000000000001e-1 1.0000000000000001e-1
    1.0000000000000001e-1 1.0000000000000001e-1 1.0000000000000001e-1
    1.0000000000000001e-1 1.0000000000000001e-1 1.0000000000000001e-1
    1.0000000000000001e-1 1.0000000000000001e-1 1.0000000000000001e-1
    1.0000000000000001e-1 1.0000000000000001e-1 1.0000000000000001e-1
    1.0000000000000001e-1 1.0000000000000001e-1 1.0000000000000001e-1
    1.0000000000000001e-1 1.0000000000000001e-1 1.0000000000000001e-1
    1.0000000000000001e-1 1.0000000000000001e-1 1.0000000000000001e-1
    1.0000000000000001e-1 1.0000000000000001e-1 1.0000000000000001e-1
    1.0000000000000001e-1 1.0000000000000001e-1 1.0000000000000001e-1
    1.0000000000000001e-1 1.0000000000000001e-1 1.0000000000000001e-1
    1.0000000000000001e-1 1.0000000000000001e-1 1.0000000000000001e-1
    1.0000000000000001e-1 1.0000000000000001e-1 1.0000000000000001e-1
    1.0000000000000001e-1 1.0000000000000001e-1 1.0000000000000001e-1
    1.0000000000000001e-1 1.0000000000000001e-1 1.0000000000000001e-1
    1.0000000000000001e-1 1.0000000000000001e-1 1.0000000000000001e-1
    1.0000000000000001e-1 1.0000000000000001e-1 1.0000000000000001e-1
    1.0000000000000001e-1 1.0000000000000001e-1 1.0000000000000001e-1
    1.0000000000000001e-1 1.0000000000000001e-1 1.0000000000000001e-1
    1.0000000000000001e-1 1.0000000000000001e-1 1.0000000000000001e-1
    1.0000000000000001e-1 1.0000000000000001e-1 1.0000000000000001e-1
    1.0000000000000001e-1 1.0000000000000001e-1 1.0000000000000001e-1
    1.0000000000000001e-1 1.0000000000000001e-1 1.0000000000000001e-1
    1.0000000000000001e-1 1.0000000000000001e-1 1.0000000000000001e-1
    1.0000000000000001e-1 1.0000000000000001e-1 1.0000000000000001e-1
    1.0000000000000001e-1 1.0000000000000001e-1 1.0000000000000001e-1
    1.0000000000000001e-1 1.0000000000000001e-1 1.0000000000000001e-1
    1.0000000000000001e-1 1.0000000000000001e-1 1.0000000000000001e-1
    1.0000000000000001e-1 1.0000000000000001e-1 1.0000000000000001e-1
    1.0000000000000001e-1 1.0000000000000001e-1 1.0000000000000001e-1
    1.0000000000000001e-1 1.0000000000000001e-1 1.0000000000000001e-1
    1.0000000000000001e-1 1.0000000000000001e-1 1.0000000000000001e-1
    1.0000000000000001e-1 1.0000000000000001e-1 1.0000000000000001e-1
    1.0000000000000001e-1 1.0000000000000001e-1 1.0000000000000001e-1
    1.0000000000000001e-1 1.0000000000000001e-1 1.0000000000000001e-1
    1.0000000000000001e-1 1.0000000000000001e-1 1.0000000000000001e-1
    1.0000000000000001e-1 1.0000000000000001e-1 1.0000000000000001e-1
    1.0000000000000001e-1 1.0000000000000001e-1 1.0000000000000001e-1
    1.0000000000000001e-1 1.0000000000000001e-1 1.0000000000000001e-1
    1.0000000000000001e-1 1.0000000000000001e-1 1.0000000000000001e-1
    1.0000000000000001e-1 1.0000000000000001e-1 1.0000000000000001e-1
    1.0000000000000001e-1 1.0000000000000001e-1 1.0000000000000001e-1
    1.0000000000000001e-1 1.0000000000000001e-1 1.0000000000000001e-1
    1.0000000000000001e-1 1.0000000000000001e-1 1.0000000000000001e-1
    1.0000000000000001e-1 1.0000000000000001e-1 1.0000000000000001e-1
    1.0000000000000001e-1 1.0000000000000001e-1 1.0000000000000001e-1
    1.0000000000000001e-1 1.0000000000000001e-1 1.0000000000000001e-1
    1.0000000000000001e-1 1.0000000000000001e-1 1.0000000000000001e-1
    1.0000000000000001e-1 1.0000000000000001e-1 1.0000000000000001e-1
    1.0000000000000001e-1 1.0000000000000001e-1 1.0000000000000001e-1
    1.0000000000000001e-1 1.0000000000000001e-1 1.0000000000000001e-1
    1.0000000000000001e-1 1.0000000000000001e-1 1.0000000000000001e-1
    1.0000000000000001e-1 1.0000000000000001e-1 1.0000000000000001e-1
    1.0000000000000001e-1 1.0000000000000001e-1 1.0000000000000001e-1
    1.0000000000000001e-1 1.0000000000000001e-1 1.0000000000000001e-1
    1.0000000000000001e-1 1.0000000000000001e-1 1.0000000000000001e-1
    1.0000000000000001e-1 1.0000000000000001e-1 1.0000000000000001e-1
    1.0000000000000001e-1 1.0000000000000001e-1 1.0000000000000001e-1
    1.0000000000000001e-1 1.0000000000000001e-1 1.0000000000000001e-1
    1.0000000000000001e-1 1.0000000000000001e-1 1.0000000000000001e-1
    1.0000000000000001e-1 1.0000000000000001e-1 1.0000000000000001e-1
    1.0000000000000001e-1 1.0000000000000001e-1 1.0000000000000001e-1
    1.0000000000000001e-1 1.0000000000000001e-1 1.0000000000000001e-1
    1.0000000000000001e-1 1.0000000000000001e-1 1.0000000000000001e-1
    1.0000000000000001e-1 1.0000000000000001e-1 1.0000000000000001e-1
    1.0000000000000001e-1 1.0000000000000001e-1 1.0000000000000001e-1
    1.0000000000000001e-1 1.0000000000000001e-1 1.0000000000000001e-1
    1.0000000000000001e-1 1.0000000000000001e-1 1.0000000000000001e-1
    1.0000000000000001e-1 1.0000000000000001e-1 1.0000000000000001e-1
    1.0000000000000001e-1 1.0000000000000001e-1 1.0000000000000001e-1
    1.0000000000000001e-1 1.0000000000000001e-1 1.0000000000000001e-1
    1.0000000000000001e-1 1.0000000000000001e-1 1.0000000000000001e-1
    1.0000000000000001e-1 1.0000000000000001e-1 1.0000000000000001e-1
    1.0000000000000001e-1 1.0000000000000001e-1 1.0000000000000001e-1
    1.0000000000000001e-1 1.0000000000000001e-1 1.0000000000000001e-1
    1.0000000000000001e-1 1.0000000000000001e-1 1.0000000000000001e-1
    1.0000000000000001e-1 1.0000000000000001e-1 1.0000000000000001e-1
    1.0000000000000001e-1 1.0000000000000001e-1 1.0000000000000001e-1
    1.0000000000000001e-1 1.0000000000000001e-1 1.0000000000000001e-1
    1.0000000000000001e-1 1.0000000000000001e-1 1.0000000000000001e-1
    1.0000000000000001e-1 1.0000000000000001e-1 1.0000000000000001e-1
    1.0000000000000001e-1 1.0000000000000001e-1 1.0000000000000001e-1
    1.0000000000000001e-1 1.0000000000000001e-1 1.0000000000000001e-1
    1.0000000000000001e-1 1.0000000000000001e-1 1.0000000000000001e-1
    1.0000000000000001e-1 1.0000000000000001e-1 1.0000000000000001e-1
    1.0000000000000001e-1 1.0000000000000001e-1 1.0000000000000001e-1
    1.0000000000000001e-1 1.0000000000000001e-1 1.0000000000000001e-1
    1.0000000000000001e-1 1.0000000000000001e-1 1.0000000000000001e-1
    1.0000000000000001e-1 1.0000000000000001e-1 1.0000000000000001e-1
    1.0000000000000001e-1 1.0000000000000001e-1 1.0000000000000001e-1
    1.0000000000000001e-1 1.0000000000000001e-1 1.0000000000000001e-1
    1.0000000000000001e-1 1.0000000000000001e-1 1.0000000000000001e-1
    1.0000000000000001e-1 1.0000000000000001e-1 1.0000000000000001e-1
    1.0000000000000001e-1 1.0000000000000001e-1 1.0000000000000001e-1
    1.0000000000000001e-1 1.0000000000000001e-1 1.0000000000000001e-1
    1.0000000000000001e-1 1.0000000000000001e-1 1.0000000000000001e-1
    1.0000000000000001e-1 1.0000000000000001e-1 1.0000000000000001e-1
    1.0000000000000001e-1 1.0000000000000001e-1 1.0000000000000001e-1
    1.0000000000000001e-1 1.0000000000000001e-1 1.0000000000000001e-1
    1.0000000000000001e-1 1.0000000000000001e-1 1.0000000000000001e-1
    1.0000000000000001e-1 1.0000000000000001e-1 1.0000000000000001e-1
    1.0000000000000001e-1 1.0000000000000001e-1 1.0000000000000001e-1
    1.0000000000000001e-1 1.0000000000000001e-1 1.0000000000000001e-1
    1.0000000000000001e-1 1.0000000000000001e-1 1.0000000000000001e-1
    1.0000000000000001e-1 1.0000000000000001e-1 1.0000000000000001e-1
    1.0000000000000001e-1 1.0000000000000001e-1 1.0000000000000001e-1
    1.0000000000000001e-1 1.0000000000000001e-1 1.0000000000000001e-1
    1.0000000000000001e-1 1.0000000000000001e-1 1.0000000000000001e-1
    1.0000000000000001e-1 1.0000000000000001e-1 1.0000000000000001e-1
    1.0000000000000001e-1 1.0000000000000001e-1 1.0000000000000001e-1
    1.0000000000000001e-1 1.0000000000000001e-1 1.0000000000000001e-1
    1.0000000000000001e-1 1.0000000000000001e-1 1.0000000000000001e-1
    1.0000000000000001e-1 1.0000000000000001e-1 1.0000000000000001e-1
    1.0000000000000001e-1 1.0000000000000001e-1 1.0000000000000001e-1
    1.0000000000000001e-1 1.0000000000000001e-1 1.0000000000000001e-1
    1.0000000000000001e-1 1.0000000000000001e-1 1.0000000000000001e-1
    1.0000000000000001e-1 1.0000000000000001e-1 1.0000000000000001e-1
    1.0000000000000001e-1 1.0000000000000001e-1 1.0000000000000001e-1
    1.0000000000000001e-1 1.0000000000000001e-1 1.0000000000000001e-1
    1.0000000000000001e-1 1.0000000000000001e-1 1.0000000000000001e-1
    1.0000000000000001e-1 1.0000000000000001e-1 1.0000000000000001e-1
    1.0000000000000001e-1 1.0000000000000001e-1 1.0000000000000001e-1
    1.0000000000000001e-1 1.0000000000000001e-1 1.0000000000000001e-1
    1.0000000000000001e-1 1.0000000000000001e-1 1.0000000000000001e-1
    1.0000000000000001e-1 1.0000000000000001e-1 1.0000000000000001e-1
    1.0000000000000001e-1 1.0000000000000001e-1 1.0000000000000001e-1
    1.0000000000000001e-1 1.0000000000000001e-1 1.0000000000000001e-1
    1.0000000000000001e-1 1.0000000000000001e-1 1.0000000000000001e-1
    1.0000000000000001e-1 1.0000000000000001e-1 1.0000000000000001e-1
    1.0000000000000001e-1 1.0000000000000001e-1 1.0000000000000001e-1
    1.0000000000000001e-1 1.0000000000000001e-1 1.0000000000000001e-1
    1.0000000000000001e-1 1.0000000000000001e-1 1.0000000000000001e-1
    1.0000000000000001e-1 1.0000000000000001e-1 1.0000000000000001e-1
    1.0000000000000001e-1 1.0000000000000001e-1 1.0000000000000001e-1
    1.0000000000000001e-1 1.0000000000000001e-1 1.0000000000000001e-1
    1.0000000000000001e-1 1.0000000000000001e-1 1.0000000000000001e-1
    1.0000000000000001e-1 1.0000000000000001e-1 1.0000000000000001e-1
    1.0000000000000001e-1 1.0000000000000001e-1 1.0000000000000001e-1
    1.0000000000000001e-1 1.0000000000000001e-1 1.0000000000000001e-1
    1.0000000000000001e-1 1.0000000000000001e-1 1.0000000000000001e-1
    1.0000000000000001e-1 1.0000000000000001e-1 1.0000000000000001e-1
    1.0000000000000001e-1 1.0000000000000001e-1 1.0000000000000001e-1
    1.0000000000000001e-1 1.0000000000000001e-1 1.0000000000000001e-1
    1.0000000000000001e-1 1.0000000000000001e-1 1.0000000000000001e-1
    1.0000000000000001e-1 1.0000000000000001e-1 1.0000000000000001e-1
    1.0000000000000001e-1 1.0000000000000001e-1 1.0000000000000001e-1
    1.0000000000000001e-1 1.0000000000000001e-1 1.0000000000000001e-1
    1.0000000000000001e-1 1.0000000000000001e-1 1.0000000000000001e-1
    1.0000000000000001e-1 1.0000000000000001e-1 1.0000000000000001e-1
    1.0000000000000001e-1 1.0000000000000001e-1 1.0000000000000001e-1
    1.0000000000000001e-1 1.0000000000000001e-1 1.0000000000000001e-1
    1.0000000000000001e-1 1.0000000000000001e-1 1.0000000000000001e-1
    1.0000000000000001e-1 1.0000000000000001e-1 1.0000000000000001e-1
    1.0000000000000001e-1 1.0000000000000001e-1 1.0000000000000001e-1
    1.0000000000000001e-1 1.0000000000000001e-1 1.0000000000000001e-1
    1.0000000000000001e-1 1.0000000000000001e-1 1.0000000000000001e-1
    1.0000000000000001e-1 1.0000000000000001e-1 1.0000000000000001e-1
    1.0000000000000001e-1 1.0000000000000001e-1 1.0000000000000001e-1
    1.0000000000000001e-1 1.0000000000000001e-1 1.0000000000000001e-1
    1.0000000000000001e-1 1.0000000000000001e-1 1.0000000000000001e-1
    1.0000000000000001e-1 1.0000000000000001e-1 1.0000000000000001e-1
    1.0000000000000001e-1 1.0000000000000001e-1 1.0000000000000001e-1
    1.0000000000000001e-1 1.0000000000000001e-1 1.0000000000000001e-1
    1.0000000000000001e-1 1.0000000000000001e-1 1.0000000000000001e-1
    1.0000000000000001e-1 1.0000000000000001e-1 1.0000000000000001e-1
    1.0000000000000001e-1 1.0000000000000001e-1 1.0000000000000001e-1
    1.0000000000000001e-1 1.0000000000000001e-1 1.0000000000000001e-1
    1.0000000000000001e-1 1.0000000000000001e-1 1.0000000000000001e-1
    1.0000000000000001e-1 1.0000000000000001e-1 1.0000000000000001e-1
    1.0000000000000001e-1 1.0000000000000001e-1 1.0000000000000001e-1
    1.0000000000000001e-1 1.0000000000000001e-1 1.0000000000000001e-1
    1.0000000000000001e-1 1.0000000000000001e-1 1.0000000000000001e-1
    1.0000000000000001e-1 1.0000000000000001e-1 1.0000000000000001e-1
    1.0000000000000001e-1 1.0000000000000001e-1 1.0000000000000001e-1
    1.0000000000000001e-1 1.0000000000000001e-1 1.0000000000000001e-1
    1.0000000000000001e-1 1.0000000000000001e-1 1.0000000000000001e-1
    1.0000000000000001e-1 1.0000000000000001e-1 1.0000000000000001e-1
    1.0000000000000001e-1 1.0000000000000001e-1 1.0000000000000001e-1
    1.0000000000000001e-1 1.0000000000000001e-1 1.0000000000000001e-1
    1.0000000000000001e-1 1.0000000000000001e-1 1.0000000000000001e-1
    1.0000000000000001e-1 1.0000000000000001e-1 1.0000000000000001e-1
    1.0000000000000001e-1 1.0000000000000001e-1 1.0000000000000001e-1
    1.0000000000000001e-1 1.0000000000000001e-1 1.0000000000000001e-1
    1.0000000000000001e-1 1.0000000000000001e-1 1.0000000000000001e-1
    1.0000000000000001e-1 1.0000000000000001e-1 1.0000000000000001e-1
    1.0000000000000001e-1 1.0000000000000001e-1 1.0000000000000001e-1
    1.0000000000000001e-1 1.0000000000000001e-1 1.0000000000000001e-1
    1.0000000000000001e-1 1.0000000000000001e-1 1.0000000000000001e-1
    1.0000000000000001e-1 1.0000000000000001e-1 1.0000000000000001e-1
    1.0000000000000001e-1 1.0000000000000001e-1 1.0000000000000001e-1
    1.0000000000000001e-1 1.0000000000000001e-1 1.0000000000000001e-1
    1.0000000000000001e-1 1.0000000000000001e-1 1.0000000000000001e-1
    1.0000000000000001e-1 1.0000000000000001e-1 1.0000000000000001e-1
    1.0000000000000001e-1 1.0000000000000001e-1 1.0000000000000001e-1
    1.0000000000000001e-1 1.0000000000000001e-1 1.0000000000000001e-1
    1.0000000000000001e-1 1.0000000000000001e-1 1.0000000000000001e-1
    1.0000000000000001e-1 1.0000000000000001e-1 1.0000000000000001e-1
    1.0000000000000001e-1 1.0000000000000001e-1 1.0000000000000001e-1
    1.0000000000000001e-1 1.0000000000000001e-1 1.0000000000000001e-1
    1.0000000000000001e-1 1.0000000000000001e-1 1.0000000000000001e-1
    1.0000000000000001e-1 1.0000000000000001e-1 1.0000000000000001e-1
    1.0000000000000001e-1 1.0000000000000001e-1 1.0000000000000001e-1
    1.0000000000000001e-1 1.0000000000000001e-1 1.0000000000000001e-1
    1.0000000000000001e-1 1.0000000000000001e-1 1.0000000000000001e-1
    1.0000000000000001e-1 1.0000000000000001e-1 1.0000000000000001e-1
    1.0000000000000001e-1 1.0000000000000001e-1 1.0000000000000001e-1
    1.0000000000000001e-1 1.0000000000000001e-1 1.0000000000000001e-1
    1.0000000000000001e-1 1.0000000000000001e-1 1.0000000000000001e-1
    1.0000000000000001e-1 1.0000000000000001e-1 1.0000000000000001e-1
    1.0000000000000001e-1 1.0000000000000001e-1 1.0000000000000001e-1
    1.0000000000000001e-1 1.0000000000000001e-1 1.0000000000000001e-1
    1.0000000000000001e-1 1.0000000000000001e-1 1.0000000000000001e-1
    1.0000000000000001e-1 1.0000000000000001e-1 1.0000000000000001e-1
    1.0000000000000001e-1 1.0000000000000001e-1 1.0000000000000001e-1
    1.0000000000000001e-1 1.0000000000000001e-1 1.0000000000000001e-1
    1.0000000000000001e-1 1.0000000000000001e-1 1.0000000000000001e-1
    1.0000000000000001e-1 1.0000000000000001e-1 1.0000000000000001e-1
    1.0000000000000001e-1 1.0000000000000001e-1 1.0000000000000001e-1
    1.0000000000000001e-1 1.0000000000000001e-1 1.0000000000000001e-1
    1.0000000000000001e-1 1.0000000000000001e-1 1.0000000000000001e-1
    1.0000000000000001e-1 1.0000000000000001e-1 1.0000000000000001e-1
    1.0000000000000001e-1 1.0000000000000001e-1 1.0000000000000001e-1
    1.0000000000000001e-1 1.0000000000000001e-1 1.0000000000000001e-1
    1.0000000000000001e-1 1.0000000000000001e-1 1.0000000000000001e-1
    1.0000000000000001e-1 1.0000000000000001e-1 1.0000000000000001e-1
    1.0000000000000001e-1 1.0000000000000001e-1 1.0000000000000001e-1
    1.0000000000000001e-1 1.0000000000000001e-1 1.0000000000000001e-1
    1.0000000000000001e-1 1.0000000000000001e-1 1.0000000000000001e-1
    1.0000000000000001e-1 1.0000000000000001e-1 1.0000000000000001e-1
    1.0000000000000001e-1 1.0000000000000001e-1 1.0000000000000001e-1
    1.0000000000000001e-1 1.0000000000000001e-1 1.0000000000000001e-1
    1.0000000000000001e-1 1.0000000000000001e-1 1.0000000000000001e-1
    1.0000000000000001e-1 1.0000000000000001e-1 1.0000000000000001e-1
    1.0000000000000001e-1 1.0000000000000001e-1 1.0000000000000001e-1
    1.0000000000000001e-1 1.0000000000000001e-1 1.0000000000000001e-1
    1.0000000000000001e-1 1.0000000000000001e-1 1.0000000000000001e-1
    1.0000000000000001e-1 1.0000000000000001e-1 1.0000000000000001e-1
    1.0000000000000001e-1 1.0000000000000001e-1 1.0000000000000001e-1
    1.0000000000000001e-1 1.0000000000000001e-1 1.0000000000000001e-1
    1.0000000000000001e-1 1.0000000000000001e-1 1.0000000000000001e-1
    1.0000000000000001e-1 1.0000000000000001e-1 1.0000000000000001e-1
    1.0000000000000001e-1 1.0000000000000001e-1 1.0000000000000001e-1
    1.0000000000000001e-1 1.0000000000000001e-1 1.0000000000000001e-1
    1.0000000000000001e-1 1.0000000000000001e-1 1.0000000000000001e-1
    1.0000000000000001e-1 1.0000000000000001e-1 1.0000000000000001e-1
    1.0000000000000001e-1 1.0000000000000001e-1 1.0000000000000001e-1
    1.0000000000000001e-1 1.0000000000000001e-1 1.0000000000000001e-1
    1.0000000000000001e-1 1.0000000000000001e-1 1.0000000000000001e-1
    1.0000000000000001e-1 1.0000000000000001e-1 1.0000000000000001e-1
    1.0000000000000001e-1 1.0000000000000001e-1 1.0000000000000001e-1
    1.0000000000000001e-1 1.0000000000000001e-1 1.0000000000000001e-1
    1.0000000000000001e-1 1.0000000000000001e-1 1.0000000000000001e-1
    1.0000000000000001e-1 1.0000000000000001e-1 1.0000000000000001e-1
    1.0000000000000001e-1 1.0000000000000001e-1 1.0000000000000001e-1
    1.0000000000000001e-1 1.0000000000000001e-1 1.0000000000000001e-1
    1.0000000000000001e-1 1.0000000000000001e-1 1.0000000000000001e-1
    1.0000000000000001e-1 1.0000000000000001e-1 1.0000000000000001e-1
    1.0000000000000001e-1 1.0000000000000001e-1 1.0000000000000001e-1
    1.0000000000000001e-1 1.0000000000000001e-1 1.0000000000000001e-1
    1.0000000000000001e-1 1.0000000000000001e-1 1.0000000000000001e-1
    1.0000000000000001e-1 1.0000000000000001e-1 1.0000000000000001e-1
    1.0000000000000001e-1 1.0000000000000001e-1 1.0000000000000001e-1
    1.0000000000000001e-1 1.0000000000000001e-1 1.0000000000000001e-1
    1.0000000000000001e-1 1.0000000000000001e-1 1.0000000000000001e-1
    1.0000000000000001e-1 1.0000000000000001e-1 1.0000000000000001e-1
    1.0000000000000001e-1 1.0000000000000001e-1 1.0000000000000001e-1
    1.0000000000000001e-1 1.0000000000000001e-1 1.0000000000000001e-1
    1.0000000000000001e-1 1.0000000000000001e-1 1.0000000000000001e-1
    1.0000000000000001e-1 1.0000000000000001e-1 1.0000000000000001e-1
    1.0000000000000001e-1 1.0000000000000001e-1 1.0000000000000001e-1
    1.0000000000000001e-1 1.0000000000000001e-1 1.0000000000000001e-1
    1.0000000000000001e-1 1.0000000000000001e-1 1.0000000000000001e-1
    1.0000000000000001e-1 1.0000000000000001e-1 1.0000000000000001e-1
    1.0000000000000001e-1 1.0000000000000001e-1 1.0000000000000001e-1
    1.0000000000000001e-1 1.0000000000000001e-1 1.0000000000000001e-1
    1.0000000000000001e-1 1.0000000000000001e-1 1.0000000000000001e-1
    1.0000000000000001e-1 1.0000000000000001e-1 1.0000000000000001e-1
    1.0000000000000001e-1 1.0000000000000001e-1 1.0000000000000001e-1
    1.0000000000000001e-1 1.0000000000000001e-1 1.0000000000000001e-1
    1.0000000000000001e-1 1.0000000000000001e-1 1.0000000000000001e-1
    1.0000000000000001e-1 1.0000000000000001e-1 1.0000000000000001e-1
    1.0000000000000001e-1 1.0000000000000001e-1 1.0000000000000001e-1
    1.0000000000000001e-1 1.0000000000000001e-1 1.0000000000000001e-1
    1.0000000000000001e-1 1.0000000000000001e-1 1.0000000000000001e-1
    1.0000000000000001e-1 1.0000000000000001e-1 1.0000000000000001e-1
    1.0000000000000001e-1 1.0000000000000001e-1 1.0000000000000001e-1
    1.0000000000000001e-1 1.0000000000000001e-1 1.0000000000000001e-1
    1.0000000000000001e-1 1.0000000000000001e-1 1.0000000000000001e-1
    1.0000000000000001e-1 1.0000000000000001e-1 1.0000000000000001e-1
    1.0000000000000001e-1 1.0000000000000001e-1 1.0000000000000001e-1
    1.0000000000000001e-1 1.0000000000000001e-1 1.0000000000000001e-1
    1.0000000000000001e-1 1.0000000000000001e-1 1.0000000000000001e-1
    1.0000000000000001e-1 1.0000000000000001e-1 1.0000000000000001e-1
    1.0000000000000001e-1 1.0000000000000001e-1 1.0000000000000001e-1
    1.0000000000000001e-1 1.0000000000000001e-1 1.0000000000000001e-1
    1.0000000000000001e-1 1.0000000000000001e-1 1.0000000000000001e-1
    1.0000000000000001e-1 1.0000000000000001e-1 1.0000000000000001e-1
    1.0000000000000001e-1 2.0000000000000001e-1 2.0000000000000001e-1
    2.0000000000000001e-1 2.0000000000000001e-1 2.0000000000000001e-1
    2.0000000000000001e-1 2.0000000000000001e-1 2.0000000000000001e-1
    2.0000000000000001e-1 2.0000000000000001e-1 2.0000000000000001e-1
    2.0000000000000001e-1 2.0000000000000001e-1 2.0000000000000001e-1
    2.0000000000000001e-1 2.0000000000000001e-1 2.0000000000000001e-1
    2.0000000000000001e-1 2.0000000000000001e-1 2.0000000000000001e-1
    2.0000000000000001e-1 2.0000000000000001e-1 2.0000000000000001e-1
    2.0000000000000001e-1 2.0000000000000001e-1 2.0000000000000001e-1
    2.0000000000000001e-1 2.0000000000000001e-1 2.0000000000000001e-1
    2.0000000000000001e-1 2.0000000000000001e-1 2.0000000000000001e-1
    2.0000000000000001e-1 2.0000000000000001e-1 2.0000000000000001e-1
    2.0000000000000001e-1 2.0000000000000001e-1 2.0000000000000001e-1
    2.0000000000000001e-1 2.0000000000000001e-1 2.0000000000000001e-1
    2.0000000000000001e-1 2.0000000000000001e-1 2.0000000000000001e-1
    2.0000000000000001e-1 2.0000000000000001e-1 2.0000000000000001e-1
    2.0000000000000001e-1 2.0000000000000001e-1 2.0000000000000001e-1
    2.0000000000000001e-1 2.0000000000000001e-1 2.0000000000000001e-1
    2.0000000000000001e-1 2.0000000000000001e-1 2.0000000000000001e-1
    2.0000000000000001e-1 2.0000000000000001e-1 2.0000000000000001e-1
    2.0000000000000001e-1 2.0000000000000001e-1 2.0000000000000001e-1
    2.0000000000000001e-1 2.0000000000000001e-1 2.0000000000000001e-1
    2.0000000000000001e-1 2.0000000000000001e-1 2.0000000000000001e-1
    2.0000000000000001e-1 2.0000000000000001e-1 2.0000000000000001e-1
    2.0000000000000001e-1 2.0000000000000001e-1 2.0000000000000001e-1
    2.0000000000000001e-1 2.0000000000000001e-1 2.0000000000000001e-1
    2.0000000000000001e-1 2.0000000000000001e-1 2.0000000000000001e-1
    2.0000000000000001e-1 2.0000000000000001e-1 2.0000000000000001e-1
    2.0000000000000001e-1 2.0000000000000001e-1 2.0000000000000001e-1
    2.0000000000000001e-1 2.0000000000000001e-1 2.0000000000000001e-1
    2.0000000000000001e-1 2.0000000000000001e-1 2.0000000000000001e-1
    2.0000000000000001e-1 2.0000000000000001e-1 2.0000000000000001e-1
    2.0000000000000001e-1 2.0000000000000001e-1 2.0000000000000001e-1
    2.0000000000000001e-1 2.0000000000000001e-1 2.0000000000000001e-1
    2.0000000000000001e-1 2.0000000000000001e-1 2.0000000000000001e-1
    2.0000000000000001e-1 2.0000000000000001e-1 2.0000000000000001e-1
    2.0000000000000001e-1 2.0000000000000001e-1 2.0000000000000001e-1
    2.0000000000000001e-1 2.0000000000000001e-1 2.0000000000000001e-1
    2.0000000000000001e-1 2.0000000000000001e-1 2.0000000000000001e-1
    2.0000000000000001e-1 2.0000000000000001e-1 2.0000000000000001e-1
    2.0000000000000001e-1 2.0000000000000001e-1 2.0000000000000001e-1
    2.0000000000000001e-1 2.0000000000000001e-1 2.0000000000000001e-1
    2.0000000000000001e-1 2.0000000000000001e-1 2.0000000000000001e-1
    2.0000000000000001e-1 2.0000000000000001e-1 2.0000000000000001e-1
    2.0000000000000001e-1 2.0000000000000001e-1 2.0000000000000001e-1
    2.0000000000000001e-1 2.0000000000000001e-1 2.0000000000000001e-1
    2.0000000000000001e-1 2.0000000000000001e-1 2.0000000000000001e-1
    2.0000000000000001e-1 2.0000000000000001e-1 2.0000000000000001e-1
    2.0000000000000001e-1 2.0000000000000001e-1 2.0000000000000001e-1
    2.0000000000000001e-1 2.0000000000000001e-1 2.0000000000000001e-1
    2.0000000000000001e-1 2.0000000000000001e-1 2.0000000000000001e-1
    2.0000000000000001e-1 2.0000000000000001e-1 2.0000000000000001e-1
    2.0000000000000001e-1 2.0000000000000001e-1 2.0000000000000001e-1
    2.0000000000000001e-1 2.0000000000000001e-1 2.0000000000000001e-1
    2.0000000000000001e-1 2.0000000000000001e-1 2.0000000000000001e-1
    2.0000000000000001e-1 2.0000000000000001e-1 2.0000000000000001e-1
    2.0000000000000001e-1 2.0000000000000001e-1 2.0000000000000001e-1
    2.0000000000000001e-1 2.0000000000000001e-1 2.0000000000000001e-1
    2.0000000000000001e-1 2.0000000000000001e-1 2.0000000000000001e-1
    2.0000000000000001e-1 2.0000000000000001e-1 2.0000000000000001e-1
    2.0000000000000001e-1 2.0000000000000001e-1 2.0000000000000001e-1
    2.0000000000000001e-1 2.0000000000000001e-1 2.0000000000000001e-1
    2.0000000000000001e-1 2.0000000000000001e-1 2.0000000000000001e-1
    2.0000000000000001e-1 2.0000000000000001e-1 2.0000000000000001e-1
    2.0000000000000001e-1 2.0000000000000001e-1 2.0000000000000001e-1
    2.0000000000000001e-1 2.0000000000000001e-1 2.0000000000000001e-1
    2.0000000000000001e-1 2.0000000000000001e-1 2.0000000000000001e-1
    2.0000000000000001e-1 2.0000000000000001e-1 2.0000000000000001e-1
    2.0000000000000001e-1 2.0000000000000001e-1 2.0000000000000001e-1
    2.0000000000000001e-1 2.0000000000000001e-1 2.0000000000000001e-1
    2.0000000000000001e-1 2.0000000000000001e-1 2.0000000000000001e-1
    2.0000000000000001e-1 2.0000000000000001e-1 2.0000000000000001e-1
    2.0000000000000001e-1 2.0000000000000001e-1 2.0000000000000001e-1
    2.0000000000000001e-1 2.0000000000000001e-1 2.0000000000000001e-1
    2.0000000000000001e-1 2.0000000000000001e-1 2.0000000000000001e-1
    2.0000000000000001e-1 2.0000000000000001e-1 2.0000000000000001e-1
    2.0000000000000001e-1 2.0000000000000001e-1 2.0000000000000001e-1
    2.0000000000000001e-1 2.0000000000000001e-1 2.0000000000000001e-1
    2.0000000000000001e-1 2.0000000000000001e-1 2.0000000000000001e-1
    2.0000000000000001e-1 2.0000000000000001e-1 2.0000000000000001e-1
    2.0000000000000001e-1 2.0000000000000001e-1 2.0000000000000001e-1
    2.0000000000000001e-1 2.0000000000000001e-1 2.0000000000000001e-1
    2.0000000000000001e-1 2.0000000000000001e-1 2.0000000000000001e-1
    2.0000000000000001e-1 2.0000000000000001e-1 2.0000000000000001e-1
    2.0000000000000001e-1 2.0000000000000001e-1 2.0000000000000001e-1
    2.0000000000000001e-1 2.0000000000000001e-1 2.0000000000000001e-1
    2.0000000000000001e-1 2.0000000000000001e-1 2.0000000000000001e-1
    2.0000000000000001e-1 2.0000000000000001e-1 2.0000000000000001e-1
    2.0000000000000001e-1 2.0000000000000001e-1 2.0000000000000001e-1
    2.0000000000000001e-1 2.0000000000000001e-1 2.0000000000000001e-1
    2.0000000000000001e-1 2.0000000000000001e-1 2.0000000000000001e-1
    2.0000000000000001e-1 2.0000000000000001e-1 2.0000000000000001e-1
    2.0000000000000001e-1 2.0000000000000001e-1 2.0000000000000001e-1
    2.0000000000000001e-1 2.0000000000000001e-1 2.0000000000000001e-1
    2.0000000000000001e-1 2.0000000000000001e-1 2.0000000000000001e-1
    2.0000000000000001e-1 2.0000000000000001e-1 2.0000000000000001e-1
    2.0000000000000001e-1 2.0000000000000001e-1 2.0000000000000001e-1
    2.0000000000000001e-1 2.0000000000000001e-1 2.0000000000000001e-1
    2.0000000000000001e-1 2.0000000000000001e-1 2.0000000000000001e-1
    2.0000000000000001e-1 2.0000000000000001e-1 2.0000000000000001e-1
    2.0000000000000001e-1 2.0000000000000001e-1 2.0000000000000001e-1
    2.0000000000000001e-1 2.0000000000000001e-1 2.0000000000000001e-1
    2.0000000000000001e-1 2.0000000000000001e-1 2.0000000000000001e-1
    2.0000000000000001e-1 2.0000000000000001e-1 2.0000000000000001e-1
    2.0000000000000001e-1 2.0000000000000001e-1 2.0000000000000001e-1
    2.0000000000000001e-1 2.0000000000000001e-1 2.0000000000000001e-1
    2.0000000000000001e-1 2.0000000000000001e-1 2.0000000000000001e-1
    2.0000000000000001e-1 2.0000000000000001e-1 2.0000000000000001e-1
    2.0000000000000001e-1 2.0000000000000001e-1 2.0000000000000001e-1
    2.0000000000000001e-1 2.0000000000000001e-1 2.0000000000000001e-1
    2.0000000000000001e-1 2.0000000000000001e-1 2.0000000000000001e-1
    2.0000000000000001e-1 2.0000000000000001e-1 2.0000000000000001e-1
    2.0000000000000001e-1 2.0000000000000001e-1 2.0000000000000001e-1
    2.0000000000000001e-1 2.0000000000000001e-1 2.0000000000000001e-1
    2.0000000000000001e-1 2.0000000000000001e-1 2.0000000000000001e-1
    2.0000000000000001e-1 2.0000000000000001e-1 2.0000000000000001e-1
    2.0000000000000001e-1 2.0000000000000001e-1 2.0000000000000001e-1
    2.0000000000000001e-1 2.0000000000000001e-1 2.0000000000000001e-1
    2.0000000000000001e-1 2.0000000000000001e-1 2.0000000000000001e-1
    2.0000000000000001e-1 2.0000000000000001e-1 2.0000000000000001e-1
    2.0000000000000001e-1 2.0000000000000001e-1 2.0000000000000001e-1
    2.0000000000000001e-1 2.0000000000000001e-1 2.0000000000000001e-1
    2.0000000000000001e-1 2.0000000000000001e-1 2.0000000000000001e-1
    2.0000000000000001e-1 2.0000000000000001e-1 2.0000000000000001e-1
    2.0000000000000001e-1 2.0000000000000001e-1 2.0000000000000001e-1
    2.0000000000000001e-1 2.0000000000000001e-1 2.0000000000000001e-1
    2.0000000000000001e-1 2.0000000000000001e-1 2.0000000000000001e-1
    2.0000000000000001e-1 2.0000000000000001e-1 2.0000000000000001e-1
    2.0000000000000001e-1 2.0000000000000001e-1 2.0000000000000001e-1
    2.0000000000000001e-1 2.0000000000000001e-1 2.0000000000000001e-1
    2.0000000000000001e-1 2.0000000000000001e-1 2.0000000000000001e-1
    2.0000000000000001e-1 2.0000000000000001e-1 2.0000000000000001e-1
    2.0000000000000001e-1 2.0000000000000001e-1 2.0000000000000001e-1
    2.9999999999999999e-1 2.9999999999999999e-1 2.9999999999999999e-1
    2.9999999999999999e-1 2.9999999999999999e-1 2.9999999999999999e-1
    2.9999999999999999e-1 2.9999999999999999e-1 2.9999999999999999e-1
    2.9999999999999999e-1 2.9999999999999999e-1 2.9999999999999999e-1
    2.9999999999999999e-1 2.9999999999999999e-1 2.9999999999999999e-1
    2.9999999999999999e-1 2.9999999999999999e-1 2.9999999999999999e-1
    2.9999999999999999e-1 2.9999999999999999e-1 2.9999999999999999e-1
    2.9999999999999999e-1 2.9999999999999999e-1 2.9999999999999999e-1
    2.9999999999999999e-1 2.9999999999999999e-1 2.9999999999999999e-1
    2.9999999999999999e-1 2.9999999999999999e-1 2.9999999999999999e-1
    2.9999999999999999e-1 2.9999999999999999e-1 2.9999999999999999e-1
    2.9999999999999999e-1 2.9999999999999999e-1 2.9999999999999999e-1
    2.9999999999999999e-1 2.9999999999999999e-1 2.9999999999999999e-1
    2.9999999999999999e-1 2.9999999999999999e-1 2.9999999999999999e-1
    2.9999999999999999e-1 2.9999999999999999e-1 2.9999999999999999e-1
    2.9999999999999999e-1 2.9999999999999999e-1 2.9999999999999999e-1
    2.9999999999999999e-1 2.9999999999999999e-1 2.9999999999999999e-1
    2.9999999999999999e-1 2.9999999999999999e-1 2.9999999999999999e-1
    2.9999999999999999e-1 2.9999999999999999e-1 2.9999999999999999e-1
    2.9999999999999999e-1 2.9999999999999999e-1 2.9999999999999999e-1
    2.9999999999999999e-1 2.9999999999999999e-1 2.9999999999999999e-1
    2.9999999999999999e-1 2.9999999999999999e-1 2.9999999999999999e-1
    2.9999999999999999e-1 2.9999999999999999e-1 2.9999999999999999e-1
    2.9999999999999999e-1 2.9999999999999999e-1 2.9999999999999999e-1
    2.9999999999999999e-1 2.9999999999999999e-1 2.9999999999999999e-1
    2.9999999999999999e-1 2.9999999999999999e-1 2.9999999999999999e-1
    2.9999999999999999e-1 2.9999999999999999e-1 2.9999999999999999e-1
    2.9999999999999999e-1 2.9999999999999999e-1 2.9999999999999999e-1
    2.9999999999999999e-1 2.9999999999999999e-1 2.9999999999999999e-1
    2.9999999999999999e-1 2.9999999999999999e-1 2.9999999999999999e-1
    2.9999999999999999e-1 2.9999999999999999e-1 2.9999999999999999e-1
    2.9999999999999999e-1 2.9999999999999999e-1 2.9999999999999999e-1
    2.9999999999999999e-1 2.9999999999999999e-1 2.9999999999999999e-1
    2.9999999999999999e-1 2.9999999999999999e-1 2.9999999999999999e-1
    2.9999999999999999e-1 2.9999999999999999e-1 2.9999999999999999e-1
    2.9999999999999999e-1 2.9999999999999999e-1 2.9999999999999999e-1
    2.9999999999999999e-1 2.9999999999999999e-1 2.9999999999999999e-1
    2.9999999999999999e-1 2.9999999999999999e-1 2.9999999999999999e-1
    2.9999999999999999e-1 2.9999999999999999e-1 2.9999999999999999e-1
    2.9999999999999999e-1 2.9999999999999999e-1 2.9999999999999999e-1
    2.9999999999999999e-1 2.9999999999999999e-1 2.9999999999999999e-1
    2.9999999999999999e-1 2.9999999999999999e-1 2.9999999999999999e-1
    2.9999999999999999e-1 2.9999999999999999e-1 2.9999999999999999e-1
    2.9999999999999999e-1 2.9999999999999999e-1 2.9999999999999999e-1
    2.9999999999999999e-1 2.9999999999999999e-1 2.9999999999999999e-1
    2.9999999999999999e-1 2.9999999999999999e-1 2.9999999999999999e-1
    2.9999999999999999e-1 2.9999999999999999e-1 2.9999999999999999e-1
    2.9999999999999999e-1 2.9999999999999999e-1 2.9999999999999999e-1
    2.9999999999999999e-1 2.9999999999999999e-1 2.9999999999999999e-1
    2.9999999999999999e-1 2.9999999999999999e-1 2.9999999999999999e-1
    2.9999999999999999e-1 2.9999999999999999e-1 2.9999999999999999e-1
    2.9999999999999999e-1 2.9999999999999999e-1 2.9999999999999999e-1
    2.9999999999999999e-1 2.9999999999999999e-1 2.9999999999999999e-1
    2.9999999999999999e-1 2.9999999999999999e-1 2.9999999999999999e-1
    2.9999999999999999e-1 2.9999999999999999e-1 2.9999999999999999e-1
    2.9999999999999999e-1 2.9999999999999999e-1 2.9999999999999999e-1
    2.9999999999999999e-1 2.9999999999999999e-1 2.9999999999999999e-1
    2.9999999999999999e-1 2.9999999999999999e-1 2.9999999999999999e-1
    2.9999999999999999e-1 2.9999999999999999e-1 2.9999999999999999e-1
    2.9999999999999999e-1 2.9999999999999999e-1 2.9999999999999999e-1
    2.9999999999999999e-1 2.9999999999999999e-1 2.9999999999999999e-1
    2.9999999999999999e-1 2.9999999999999999e-1 2.9999999999999999e-1
    2.9999999999999999e-1 2.9999999999999999e-1 2.9999999999999999e-1
    2.9999999999999999e-1 2.9999999999999999e-1 2.9999999999999999e-1
    2.9999999999999999e-1 2.9999999999999999e-1 2.9999999999999999e-1
    2.9999999999999999e-1 2.9999999999999999e-1 2.9999999999999999e-1
    2.9999999999999999e-1 2.9999999999999999e-1 2.9999999999999999e-1
    2.9999999999999999e-1 2.9999999999999999e-1 2.9999999999999999e-1
    2.9999999999999999e-1 2.9999999999999999e-1 2.9999999999999999e-1
    2.9999999999999999e-1 2.9999999999999999e-1 2.9999999999999999e-1
    2.9999999999999999e-1 2.9999999999999999e-1 2.9999999999999999e-1
    2.9999999999999999e-1 2.9999999999999999e-1 2.9999999999999999e-1
    2.9999999999999999e-1 2.9999999999999999e-1 2.9999999999999999e-1
    2.9999999999999999e-1 2.9999999999999999e-1 2.9999999999999999e-1
    2.9999999999999999e-1 2.9999999999999999e-1 2.9999999999999999e-1
    2.9999999999999999e-1 2.9999999999999999e-1 2.9999999999999999e-1
    2.9999999999999999e-1 2.9999999999999999e-1 2.9999999999999999e-1
    2.9999999999999999e-1 2.9999999999999999e-1 2.9999999999999999e-1
    2.9999999999999999e-1 2.9999999999999999e-1 2.9999999999999999e-1
    2.9999999999999999e-1 2.9999999999999999e-1 2.9999999999999999e-1
    2.9999999999999999e-1 2.9999999999999999e-1 2.9999999999999999e-1
    2.9999999999999999e-1 2.9999999999999999e-1 2.9999999999999999e-1
    2.9999999999999999e-1 2.9999999999999999e-1 2.9999999999999999e-1
    2.9999999999999999e-1 2.9999999999999999e-1 2.9999999999999999e-1
    2.9999999999999999e-1 2.9999999999999999e-1 2.9999999999999999e-1
    2.9999999999999999e-1 2.9999999999999999e-1 2.9999999999999999e-1
    2.9999999999999999e-1 2.9999999999999999e-1 2.9999999999999999e-1
    2.9999999999999999e-1 2.9999999999999999e-1 2.9999999999999999e-1
    2.9999999999999999e-1 2.9999999999999999e-1 2.9999999999999999e-1
    2.9999999999999999e-1 2.9999999999999999e-1 2.9999999999999999e-1
    2.9999999999999999e-1 2.9999999999999999e-1 2.9999999999999999e-1
    2.9999999999999999e-1 2.9999999999999999e-1 2.9999999999999999e-1
    2.9999999999999999e-1 2.9999999999999999e-1 2.9999999999999999e-1
    2.9999999999999999e-1 2.9999999999999999e-1 2.9999999999999999e-1
    2.9999999999999999e-1 2.9999999999999999e-1 2.9999999999999999e-1
    2.9999999999999999e-1 2.9999999999999999e-1 2.9999999999999999e-1
    2.9999999999999999e-1 2.9999999999999999e-1 2.9999999999999999e-1
    2.9999999999999999e-1 2.9999999999999999e-1 2.9999999999999999e-1
    2.9999999999999999e-1 2.9999999999999999e-1 2.9999999999999999e-1
    2.9999999999999999e-1 2.9999999999999999e-1 2.9999999999999999e-1
    2.9999999999999999e-1 2.9999999999999999e-1 2.9999999999999999e-1
    2.9999999999999999e-1 2.9999999999999999e-1 2.9999999999999999e-1
    2.9999999999999999e-1 2.9999999999999999e-1 2.9999999999999999e-1
    2.9999999999999999e-1 2.9999999999999999e-1 2.9999999999999999e-1
    2.9999999999999999e-1 2.9999999999999999e-1 2.9999999999999999e-1
    2.9999999999999999e-1 2.9999999999999999e-1 2.9999999999999999e-1
    2.9999999999999999e-1 2.9999999999999999e-1 2.9999999999999999e-1
    2.9999999999999999e-1 2.9999999999999999e-1 2.9999999999999999e-1
    2.9999999999999999e-1 2.9999999999999999e-1 2.9999999999999999e-1
    2.9999999999999999e-1 2.9999999999999999e-1 2.9999999999999999e-1
    2.9999999999999999e-1 2.9999999999999999e-1 2.9999999999999999e-1
    2.9999999999999999e-1 2.9999999999999999e-1 2.9999999999999999e-1
    2.9999999999999999e-1 2.9999999999999999e-1 2.9999999999999999e-1
    2.9999999999999999e-1 2.9999999999999999e-1 2.9999999999999999e-1
    2.9999999999999999e-1 2.9999999999999999e-1 2.9999999999999999e-1
    2.9999999999999999e-1 2.9999999999999999e-1 2.9999999999999999e-1
    2.9999999999999999e-1 2.9999999999999999e-1 2.9999999999999999e-1
    2.9999999999999999e-1 2.9999999999999999e-1 2.9999999999999999e-1
    2.9999999999999999e-1 2.9999999999999999e-1 2.9999999999999999e-1
    2.9999999999999999e-1 2.9999999999999999e-1 2.9999999999999999e-1
    2.9999999999999999e-1 2.9999999999999999e-1 2.9999999999999999e-1
    2.9999999999999999e-1 2.9999999999999999e-1 2.9999999999999999e-1
    2.9999999999999999e-1 2.9999999999999999e-1 2.9999999999999999e-1
    2.9999999999999999e-1 2.9999999999999999e-1 2.9999999999999999e-1
    2.9999999999999999e-1 2.9999999999999999e-1 2.9999999999999999e-1
    2.9999999999999999e-1 2.9999999999999999e-1 2.9999999999999999e-1
    2.9999999999999999e-1 2.9999999999999999e-1 2.9999999999999999e-1
    2.9999999999999999e-1 2.9999999999999999e-1 2.9999999999999999e-1
    2.9999999999999999e-1 2.9999999999999999e-1 2.9999999999999999e-1
    2.9999999999999999e-1 2.9999999999999999e-1 2.9999999999999999e-1
    2.9999999999999999e-1 2.9999999999999999e-1 2.9999999999999999e-1
    2.9999999999999999e-1 2.9999999999999999e-1 2.9999999999999999e-1
    2.9999999999999999e-1 2.9999999999999999e-1 2.9999999999999999e-1
    2.9999999999999999e-1 2.9999999999999999e-1 2.9999999999999999e-1
    2.9999999999999999e-1 2.9999999999999999e-1 2.9999999999999999e-1
    2.9999999999999999e-1 2.9999999999999999e-1 2.9999999999999999e-1
    2.9999999999999999e-1 2.9999999999999999e-1 2.9999999999999999e-1
    2.9999999999999999e-1 2.9999999999999999e-1 2.9999999999999999e-1
    2.9999999999999999e-1 2.9999999999999999e-1 2.9999999999999999e-1
    2.9999999999999999e-1 2.9999999999999999e-1 2.9999999999999999e-1
    2.9999999999999999e-1 2.9999999999999999e-1 2.9999999999999999e-1
    2.9999999999999999e-1 2.9999999999999999e-1 2.9999999999999999e-1
    2.9999999999999999e-1 2.9999999999999999e-1 2.9999999999999999e-1
    2.9999999999999999e-1 2.9999999999999999e-1 2.9999999999999999e-1
    2.9999999999999999e-1 2.9999999999999999e-1 2.9999999999999999e-1
    2.9999999999999999e-1 2.9999999999999999e-1 2.9999999999999999e-1
    2.9999999999999999e-1 2.9999999999999999e-1 2.9999999999999999e-1
    2.9999999999999999e-1 2.9999999999999999e-1 2.9999999999999999e-1
    2.9999999999999999e-1 2.9999999999999999e-1 2.9999999999999999e-1
    2.9999999999999999e-1 2.9999999999999999e-1 2.9999999999999999e-1
    2.9999999999999999e-1 2.9999999999999999e-1 2.9999999999999999e-1
    2.9999999999999999e-1 2.9999999999999999e-1 2.9999999999999999e-1
    2.9999999999999999e-1 2.9999999999999999e-1 2.9999999999999999e-1
    2.9999999999999999e-1 2.9999999999999999e-1 2.9999999999999999e-1
    2.9999999999999999e-1 2.9999999999999999e-1 2.9999999999999999e-1
    2.9999999999999999e-1 2.9999999999999999e-1 2.9999999999999999e-1
    2.9999999999999999e-1 2.9999999999999999e-1 2.9999999999999999e-1
    2.9999999999999999e-1 2.9999999999999999e-1 2.9999999999999999e-1
    2.9999999999999999e-1 2.9999999999999999e-1 2.9999999999999999e-1
    2.9999999999999999e-1 2.9999999999999999e-1 2.9999999999999999e-1
    2.9999999999999999e-1 2.9999999999999999e-1 2.9999999999999999e-1
    2.9999999999999999e-1 2.9999999999999999e-1 2.9999999999999999e-1
    2.9999999999999999e-1 2.9999999999999999e-1 2.9999999999999999e-1
    2.9999999999999999e-1 2.9999999999999999e-1 2.9999999999999999e-1
    2.9999999999999999e-1 2.9999999999999999e-1 2.9999999999999999e-1
    2.9999999999999999e-1 2.9999999999999999e-1 2.9999999999999999e-1
    2.9999999999999999e-1 2.9999999999999999e-1 2.9999999999999999e-1
    2.9999999999999999e-1 2.9999999999999999e-1 2.9999999999999999e-1
    2.9999999999999999e-1 2.9999999999999999e-1 2.9999999999999999e-1
    2.9999999999999999e-1 2.9999999999999999e-1 2.9999999999999999e-1
    2.9999999999999999e-1 2.9999999999999999e-1 2.9999999999999999e-1
    2.9999999999999999e-1 2.9999999999999999e-1 2.9999999999999999e-1
    2.9999999999999999e-1 2.9999999999999999e-1 2.9999999999999999e-1
    2.9999999999999999e-1 2.9999999999999999e-1 2.9999999999999999e-1
    2.9999999999999999e-1 2.9999999999999999e-1 2.9999999999999999e-1
    2.9999999999999999e-1 2.9999999999999999e-1 2.9999999999999999e-1
    2.9999999999999999e-1 2.9999999999999999e-1 2.9999999999999999e-1
    2.9999999999999999e-1 2.9999999999999999e-1 2.9999999999999999e-1
    2.9999999999999999e-1 2.9999999999999999e-1 2.9999999999999999e-1
    2.9999999999999999e-1 2.9999999999999999e-1 2.9999999999999999e-1
    2.9999999999999999e-1 2.9999999999999999e-1 4.0000000000000002e-1
    4.0000000000000002e-1 4.0000000000000002e-1 4.0000000000000002e-1
    4.0000000000000002e-1 4.0000000000000002e-1 4.0000000000000002e-1
    4.0000000000000002e-1 4.0000000000000002e-1 4.0000000000000002e-1
    4.0000000000000002e-1 4.0000000000000002e-1 4.0000000000000002e-1
    4.0000000000000002e-1 4.0000000000000002e-1 4.0000000000000002e-1
    4.0000000000000002e-1 4.0000000000000002e-1 4.0000000000000002e-1
    4.0000000000000002e-1 4.0000000000000002e-1 4.0000000000000002e-1
    4.0000000000000002e-1 4.0000000000000002e-1 4.0000000000000002e-1
    4.0000000000000002e-1 4.0000000000000002e-1 4.0000000000000002e-1
    4.0000000000000002e-1 4.0000000000000002e-1 4.0000000000000002e-1
    4.0000000000000002e-1 4.0000000000000002e-1 4.0000000000000002e-1
    4.0000000000000002e-1 4.0000000000000002e-1 4.0000000000000002e-1
    4.0000000000000002e-1 4.0000000000000002e-1 4.0000000000000002e-1
    4.0000000000000002e-1 4.0000000000000002e-1 4.0000000000000002e-1
    4.0000000000000002e-1 4.0000000000000002e-1 4.0000000000000002e-1
    4.0000000000000002e-1 4.0000000000000002e-1 4.0000000000000002e-1
    4.0000000000000002e-1 4.0000000000000002e-1 4.0000000000000002e-1
    4.0000000000000002e-1 4.0000000000000002e-1 4.0000000000000002e-1
    4.0000000000000002e-1 4.0000000000000002e-1 4.0000000000000002e-1
    4.0000000000000002e-1 4.0000000000000002e-1 4.0000000000000002e-1
    4.0000000000000002e-1 4.0000000000000002e-1 4.0000000000000002e-1
    4.0000000000000002e-1 4.0000000000000002e-1 4.0000000000000002e-1
    4.0000000000000002e-1 4.0000000000000002e-1 4.0000000000000002e-1
    4.0000000000000002e-1 4.0000000000000002e-1 4.0000000000000002e-1
    4.0000000000000002e-1 4.0000000000000002e-1 4.0000000000000002e-1
    4.0000000000000002e-1 4.0000000000000002e-1 4.0000000000000002e-1
    4.0000000000000002e-1 4.0000000000000002e-1 4.0000000000000002e-1
    4.0000000000000002e-1 4.0000000000000002e-1 4.0000000000000002e-1
    4.0000000000000002e-1 4.0000000000000002e-1 4.0000000000000002e-1
    4.0000000000000002e-1 4.0000000000000002e-1 4.0000000000000002e-1
    4.0000000000000002e-1 4.0000000000000002e-1 4.0000000000000002e-1
    4.0000000000000002e-1 4.0000000000000002e-1 4.0000000000000002e-1
    4.0000000000000002e-1 4.0000000000000002e-1 4.0000000000000002e-1
    4.0000000000000002e-1 4.0000000000000002e-1 4.0000000000000002e-1
    4.0000000000000002e-1 4.0000000000000002e-1 4.0000000000000002e-1
    4.0000000000000002e-1 4.0000000000000002e-1 4.0000000000000002e-1
    4.0000000000000002e-1 4.0000000000000002e-1 4.0000000000000002e-1
    4.0000000000000002e-1 4.0000000000000002e-1 4.0000000000000002e-1
    4.0000000000000002e-1 4.0000000000000002e-1 4.0000000000000002e-1
    4.0000000000000002e-1 4.0000000000000002e-1 4.0000000000000002e-1
    4.0000000000000002e-1 4.0000000000000002e-1 4.0000000000000002e-1
    4.0000000000000002e-1 4.0000000000000002e-1 4.0000000000000002e-1
    4.0000000000000002e-1 4.0000000000000002e-1 4.0000000000000002e-1
    4.0000000000000002e-1 4.0000000000000002e-1 4.0000000000000002e-1
    4.0000000000000002e-1 4.0000000000000002e-1 4.0000000000000002e-1
    4.0000000000000002e-1 4.0000000000000002e-1 4.0000000000000002e-1
    4.0000000000000002e-1 4.0000000000000002e-1 4.0000000000000002e-1
    4.0000000000000002e-1 4.0000000000000002e-1 4.0000000000000002e-1
    4.0000000000000002e-1 4.0000000000000002e-1 4.0000000000000002e-1
    4.0000000000000002e-1 4.0000000000000002e-1 4.0000000000000002e-1
    4.0000000000000002e-1 4.0000000000000002e-1 4.0000000000000002e-1
    4.0000000000000002e-1 4.0000000000000002e-1 4.0000000000000002e-1
    4.0000000000000002e-1 4.0000000000000002e-1 4.0000000000000002e-1
    4.0000000000000002e-1 4.0000000000000002e-1 4.0000000000000002e-1
    4.0000000000000002e-1 4.0000000000000002e-1 4.0000000000000002e-1
    4.0000000000000002e-1 4.0000000000000002e-1 4.0000000000000002e-1
    4.0000000000000002e-1 4.0000000000000002e-1 4.0000000000000002e-1
    4.0000000000000002e-1 4.0000000000000002e-1 4.0000000000000002e-1
    4.0000000000000002e-1 4.0000000000000002e-1 4.0000000000000002e-1
    4.0000000000000002e-1 4.0000000000000002e-1 4.0000000000000002e-1
    4.0000000000000002e-1 4.0000000000000002e-1 4.0000000000000002e-1
    4.0000000000000002e-1 4.0000000000000002e-1 4.0000000000000002e-1
    4.0000000000000002e-1 4.0000000000000002e-1 4.0000000000000002e-1
    4.0000000000000002e-1 4.0000000000000002e-1 4.0000000000000002e-1
    4.0000000000000002e-1 4.0000000000000002e-1 4.0000000000000002e-1
    4.0000000000000002e-1 4.0000000000000002e-1 4.0000000000000002e-1
    4.0000000000000002e-1 4.0000000000000002e-1 4.0000000000000002e-1
    4.0000000000000002e-1 4.0000000000000002e-1 4.0000000000000002e-1
    4.0000000000000002e-1 4.0000000000000002e-1 4.0000000000000002e-1
    4.0000000000000002e-1 4.0000000000000002e-1 4.0000000000000002e-1
    4.0000000000000002e-1 4.0000000000000002e-1 4.0000000000000002e-1
    4.0000000000000002e-1 4.0000000000000002e-1 4.0000000000000002e-1
    4.0000000000000002e-1 4.0000000000000002e-1 4.0000000000000002e-1
    4.0000000000000002e-1 4.0000000000000002e-1 4.0000000000000002e-1
    4.0000000000000002e-1 4.0000000000000002e-1 4.0000000000000002e-1
    4.0000000000000002e-1 4.0000000000000002e-1 4.0000000000000002e-1
    4.0000000000000002e-1 4.0000000000000002e-1 4.0000000000000002e-1
    4.0000000000000002e-1 4.0000000000000002e-1 4.0000000000000002e-1
    4.0000000000000002e-1 4.0000000000000002e-1 4.0000000000000002e-1
    4.0000000000000002e-1 4.0000000000000002e-1 4.0000000000000002e-1
    4.0000000000000002e-1 4.0000000000000002e-1 4.0000000000000002e-1
    4.0000000000000002e-1 4.0000000000000002e-1 4.0000000000000002e-1
    4.0000000000000002e-1 4.0000000000000002e-1 4.0000000000000002e-1
    4.0000000000000002e-1 4.0000000000000002e-1 4.0000000000000002e-1
    4.0000000000000002e-1 4.0000000000000002e-1 4.0000000000000002e-1
    4.0000000000000002e-1 4.0000000000000002e-1 4.0000000000000002e-1
    4.0000000000000002e-1 4.0000000000000002e-1 4.0000000000000002e-1
    4.0000000000000002e-1 4.0000000000000002e-1 4.0000000000000002e-1
    4.0000000000000002e-1 4.0000000000000002e-1 4.0000000000000002e-1
    4.0000000000000002e-1 4.0000000000000002e-1 4.0000000000000002e-1
    4.0000000000000002e-1 4.0000000000000002e-1 4.0000000000000002e-1
    4.0000000000000002e-1 4.0000000000000002e-1 4.0000000000000002e-1
    4.0000000000000002e-1 4.0000000000000002e-1 4.0000000000000002e-1
    4.0000000000000002e-1 4.0000000000000002e-1 4.0000000000000002e-1
    4.0000000000000002e-1 4.0000000000000002e-1 4.0000000000000002e-1
    4.0000000000000002e-1 4.0000000000000002e-1 4.0000000000000002e-1
    4.0000000000000002e-1 4.0000000000000002e-1 4.0000000000000002e-1
    4.0000000000000002e-1 4.0000000000000002e-1 4.0000000000000002e-1
    4.0000000000000002e-1 4.0000000000000002e-1 4.0000000000000002e-1
    4.0000000000000002e-1 4.0000000000000002e-1 4.0000000000000002e-1
    4.0000000000000002e-1 4.0000000000000002e-1 4.0000000000000002e-1
    4.0000000000000002e-1 4.0000000000000002e-1 4.0000000000000002e-1
    4.0000000000000002e-1 4.0000000000000002e-1 4.0000000000000002e-1
    4.0000000000000002e-1 4.0000000000000002e-1 4.0000000000000002e-1
    4.0000000000000002e-1 4.0000000000000002e-1 4.0000000000000002e-1
    4.0000000000000002e-1 4.0000000000000002e-1 4.0000000000000002e-1
    4.0000000000000002e-1 4.0000000000000002e-1 4.0000000000000002e-1
    4.0000000000000002e-1 4.0000000000000002e-1 4.0000000000000002e-1
    4.0000000000000002e-1 4.0000000000000002e-1 4.0000000000000002e-1
    4.0000000000000002e-1 4.0000000000000002e-1 4.0000000000000002e-1
    4.0000000000000002e-1 4.0000000000000002e-1 4.0000000000000002e-1
    4.0000000000000002e-1 4.0000000000000002e-1 4.0000000000000002e-1
    4.0000000000000002e-1 4.0000000000000002e-1 4.0000000000000002e-1
    4.0000000000000002e-1 4.0000000000000002e-1 4.0000000000000002e-1
    4.0000000000000002e-1 4.0000000000000002e-1 4.0000000000000002e-1
    4.0000000000000002e-1 4.0000000000000002e-1 4.0000000000000002e-1
    4.0000000000000002e-1 4.0000000000000002e-1 4.0000000000000002e-1
    4.0000000000000002e-1 4.0000000000000002e-1 4.0000000000000002e-1
    4.0000000000000002e-1 4.0000000000000002e-1 4.0000000000000002e-1
    4.0000000000000002e-1 4.0000000000000002e-1 4.0000000000000002e-1
    4.0000000000000002e-1 4.0000000000000002e-1 4.0000000000000002e-1
    4.0000000000000002e-1 4.0000000000000002e-1 4.0000000000000002e-1
    4.0000000000000002e-1 4.0000000000000002e-1 4.0000000000000002e-1
    4.0000000000000002e-1 4.0000000000000002e-1 4.0000000000000002e-1
    4.0000000000000002e-1 4.0000000000000002e-1 4.0000000000000002e-1
    4.0000000000000002e-1 4.0000000000000002e-1 4.0000000000000002e-1
    4.0000000000000002e-1 4.0000000000000002e-1 4.0000000000000002e-1
    4.0000000000000002e-1 4.0000000000000002e-1 4.0000000000000002e-1
    4.0000000000000002e-1 4.0000000000000002e-1 4.0000000000000002e-1
    4.0000000000000002e-1 4.0000000000000002e-1 4.0000000000000002e-1
    4.0000000000000002e-1 4.0000000000000002e-1 4.0000000000000002e-1
    4.0000000000000002e-1 4.0000000000000002e-1 4.0000000000000002e-1
    4.0000000000000002e-1 4.0000000000000002e-1 4.0000000000000002e-1
    4.0000000000000002e-1 4.0000000000000002e-1 4.0000000000000002e-1
    4.0000000000000002e-1 4.0000000000000002e-1 4.0000000000000002e-1
    4.0000000000000002e-1 4.0000000000000002e-1 4.0000000000000002e-1
    4.0000000000000002e-1 4.0000000000000002e-1 4.0000000000000002e-1
    4.0000000000000002e-1 4.0000000000000002e-1 4.0000000000000002e-1
    4.0000000000000002e-1 4.0000000000000002e-1 4.0000000000000002e-1
    4.0000000000000002e-1 4.0000000000000002e-1 4.0000000000000002e-1
    4.0000000000000002e-1 4.0000000000000002e-1 4.0000000000000002e-1
    4.0000000000000002e-1 4.0000000000000002e-1 4.0000000000000002e-1
    4.0000000000000002e-1 4.0000000000000002e-1 4.0000000000000002e-1
    4.0000000000000002e-1 4.0000000000000002e-1 4.0000000000000002e-1
    4.0000000000000002e-1 4.0000000000000002e-1 4.0000000000000002e-1
    4.0000000000000002e-1 4.0000000000000002e-1 4.0000000000000002e-1
    4.0000000000000002e-1 4.0000000000000002e-1 4.0000000000000002e-1
    4.0000000000000002e-1 4.0000000000000002e-1 4.0000000000000002e-1
    4.0000000000000002e-1 4.0000000000000002e-1 4.0000000000000002e-1
    4.0000000000000002e-1 4.0000000000000002e-1 4.0000000000000002e-1
    4.0000000000000002e-1 4.0000000000000002e-1 4.0000000000000002e-1
    4.0000000000000002e-1 4.0000000000000002e-1 4.0000000000000002e-1
    4.0000000000000002e-1 4.0000000000000002e-1 4.0000000000000002e-1
    4.0000000000000002e-1 4.0000000000000002e-1 4.0000000000000002e-1
    4.0000000000000002e-1 4.0000000000000002e-1 4.0000000000000002e-1
    4.0000000000000002e-1 4.0000000000000002e-1 4.0000000000000002e-1
    4.0000000000000002e-1 4.0000000000000002e-1 4.0000000000000002e-1
    4.0000000000000002e-1 4.0000000000000002e-1 4.0000000000000002e-1
    4.0000000000000002e-1 4.0000000000000002e-1 4.0000000000000002e-1
    4.0000000000000002e-1 4.0000000000000002e-1 4.0000000000000002e-1
    4.0000000000000002e-1 4.0000000000000002e-1 4.0000000000000002e-1
    4.0000000000000002e-1 4.0000000000000002e-1 4.0000000000000002e-1
    4.0000000000000002e-1 4.0000000000000002e-1 4.0000000000000002e-1
    4.0000000000000002e-1 4.0000000000000002e-1 4.0000000000000002e-1
    4.0000000000000002e-1 4.0000000000000002e-1 4.0000000000000002e-1
    4.0000000000000002e-1 4.0000000000000002e-1 4.0000000000000002e-1
    4.0000000000000002e-1 4.0000000000000002e-1 4.0000000000000002e-1
    4.0000000000000002e-1 4.0000000000000002e-1 4.0000000000000002e-1
    4.0000000000000002e-1 4.0000000000000002e-1 4.0000000000000002e-1
    4.0000000000000002e-1 4.0000000000000002e-1 4.0000000000000002e-1
    4.0000000000000002e-1 4.0000000000000002e-1 4.0000000000000002e-1
    4.0000000000000002e-1 4.0000000000000002e-1 4.0000000000000002e-1
    4.0000000000000002e-1 4.0000000000000002e-1 4.0000000000000002e-1
    4.0000000000000002e-1 4.0000000000000002e-1 4.0000000000000002e-1
    4.0000000000000002e-1 4.0000000000000002e-1 4.0000000000000002e-1
    4.0000000000000002e-1 4.0000000000000002e-1 4.0000000000000002e-1
    4.0000000000000002e-1 4.0000000000000002e-1 4.0000000000000002e-1
    4.0000000000000002e-1 4.0000000000000002e-1 4.0000000000000002e-1
    4.0000000000000002e-1 4.0000000000000002e-1 4.0000000000000002e-1
    4.0000000000000002e-1 4.0000000000000002e-1 4.0000000000000002e-1
    4.0000000000000002e-1 4.0000000000000002e-1 4.0000000000000002e-1
    4.0000000000000002e-1 4.0000000000000002e-1 4.0000000000000002e-1
    4.0000000000000002e-1 4.0000000000000002e-1 4.0000000000000002e-1
    4.0000000000000002e-1 4.0000000000000002e-1 4.0000000000000002e-1
    4.0000000000000002e-1 4.0000000000000002e-1 4.0000000000000002e-1
    4.0000000000000002e-1 4.0000000000000002e-1 4.0000000000000002e-1
    4.0000000000000002e-1 4.0000000000000002e-1 4.0000000000000002e-1
    4.0000000000000002e-1 4.0000000000000002e-1 4.0000000000000002e-1
    4.0000000000000002e-1 4.0000000000000002e-1 4.0000000000000002e-1
    4.0000000000000002e-1 4.0000000000000002e-1 4.0000000000000002e-1
    4.0000000000000002e-1 4.0000000000000002e-1 4.0000000000000002e-1
    4.0000000000000002e-1 4.0000000000000002e-1 4.0000000000000002e-1
    4.0000000000000002e-1 4.0000000000000002e-1 4.0000000000000002e-1
    4.0000000000000002e-1 4.0000000000000002e-1 4.0000000000000002e-1
    4.0000000000000002e-1 4.0000000000000002e-1 4.0000000000000002e-1
    4.0000000000000002e-1 4.0000000000000002e-1 4.0000000000000002e-1
    4.0000000000000002e-1 4.0000000000000002e-1 4.0000000000000002e-1
    4.0000000000000002e-1 4.0000000000000002e-1 4.0000000000000002e-1
    4.0000000000000002e-1 4.0000000000000002e-1 4.0000000000000002e-1
    4.0000000000000002e-1 4.0000000000000002e-1 4.0000000000000002e-1
    4.0000000000000002e-1 4.0000000000000002e-1 4.0000000000000002e-1
    4.0000000000000002e-1 4.0000000000000002e-1 4.0000000000000002e-1
    4.0000000000000002e-1 4.0000000000000002e-1 4.0000000000000002e-1
    4.0000000000000002e-1 4.0000000000000002e-1 4.0000000000000002e-1
    4.0000000000000002e-1 4.0000000000000002e-1 4.0000000000000002e-1
    4.0000000000000002e-1 4.0000000000000002e-1 4.0000000000000002e-1
    4.0000000000000002e-1 4.0000000000000002e-1 4.0000000000000002e-1
    4.0000000000000002e-1 4.0000000000000002e-1 4.0000000000000002e-1
    4.0000000000000002e-1 4.0000000000000002e-1 4.0000000000000002e-1
    4.0000000000000002e-1 4.0000000000000002e-1 4.0000000000000002e-1
    4.0000000000000002e-1 4.0000000000000002e-1 4.0000000000000002e-1
    4.0000000000000002e-1 4.0000000000000002e-1 4.0000000000000002e-1
    4.0000000000000002e-1 4.0000000000000002e-1 4.0000000000000002e-1
    4.0000000000000002e-1 4.0000000000000002e-1 4.0000000000000002e-1
    4.0000000000000002e-1 4.0000000000000002e-1 4.0000000000000002e-1
    4.0000000000000002e-1 4.0000000000000002e-1 4.0000000000000002e-1
    4.0000000000000002e-1 4.0000000000000002e-1 4.0000000000000002e-1
    4.0000000000000002e-1 4.0000000000000002e-1 4.0000000000000002e-1
    4.0000000000000002e-1 4.0000000000000002e-1 4.0000000000000002e-1
    4.0000000000000002e-1 4.0000000000000002e-1 4.0000000000000002e-1
    4.0000000000000002e-1 4.0000000000000002e-1 4.0000000000000002e-1
    4.0000000000000002e-1 4.0000000000000002e-1 4.0000000000000002e-1
    4.0000000000000002e-1 4.0000000000000002e-1 4.0000000000000002e-1
    4.0000000000000002e-1 4.0000000000000002e-1 4.0000000000000002e-1
    4.0000000000000002e-1 4.0000000000000002e-1 4.0000000000000002e-1
    4.0000000000000002e-1 4.0000000000000002e-1 4.0000000000000002e-1
    4.0000000000000002e-1 4.0000000000000002e-1 4.0000000000000002e-1
    4.0000000000000002e-1 4.0000000000000002e-1 4.0000000000000002e-1
    4.0000000000000002e-1 4.0000000000000002e-1 4.0000000000000002e-1
    4.0000000000000002e-1 4.0000000000000002e-1 4.0000000000000002e-1
    4.0000000000000002e-1 4.0000000000000002e-1 4.0000000000000002e-1
    4.0000000000000002e-1 4.0000000000000002e-1 4.0000000000000002e-1
    4.0000000000000002e-1 4.0000000000000002e-1 4.0000000000000002e-1
    4.0000000000000002e-1 4.0000000000000002e-1 4.0000000000000002e-1
    4.0000000000000002e-1 5.0e-1 5.0e-1 5.0e-1 5.0e-1 5.0e-1 5.0e-1 5.0e-1
    5.0e-1 5.0e-1 5.0e-1 5.0e-1 5.0e-1 5.0e-1 5.0e-1 5.0e-1 5.0e-1 5.0e-1
    5.0e-1 5.0e-1 5.0e-1 5.0e-1 5.0e-1 5.0e-1 5.0e-1 5.0e-1 5.0e-1 5.0e-1
    5.0e-1 5.0e-1 5.0e-1 5.0e-1 5.0e-1 5.0e-1 5.0e-1 5.0e-1 5.0e-1 5.0e-1
    5.0e-1 5.0e-1 5.0e-1 5.0e-1 5.0e-1 5.0e-1 5.0e-1 5.0e-1 5.0e-1 5.0e-1
    5.0e-1 5.0e-1 5.0e-1 5.0e-1 5.0e-1 5.0e-1 5.0e-1 5.0e-1 5.0e-1 5.0e-1
    5.0e-1 5.0e-1 5.0e-1 5.0e-1 5.0e-1 5.0e-1 5.0e-1 5.0e-1 5.0e-1 5.0e-1
    5.0e-1 5.0e-1 5.0e-1 5.0e-1 5.0e-1 5.0e-1 5.0e-1 5.0e-1 5.0e-1 5.0e-1
    5.0e-1 5.0e-1 5.0e-1 5.0e-1 5.0e-1 5.0e-1 5.0e-1 5.0e-1 5.0e-1 5.0e-1
    5.0e-1 5.0e-1 5.0e-1 5.0e-1 5.0e-1 5.0e-1 5.0e-1 5.0e-1 5.0e-1 5.0e-1
    5.0e-1 5.0e-1 5.0e-1 5.0e-1 5.0e-1 5.0e-1 5.0e-1 5.0e-1 5.0e-1 5.0e-1
    5.0e-1 5.0e-1 5.0e-1 5.0e-1 5.0e-1 5.0e-1 5.0e-1 5.0e-1 5.0e-1 5.0e-1
    5.0e-1 5.0e-1 5.0e-1 5.0e-1 5.0e-1 5.0e-1 5.0e-1 5.0e-1 5.0e-1 5.0e-1
    5.0e-1 5.0e-1 5.0e-1 5.0e-1 5.0e-1 5.0e-1 5.0e-1 5.0e-1 5.0e-1 5.0e-1
    5.0e-1 5.0e-1 5.0e-1 5.0e-1 5.0e-1 5.0e-1 5.0e-1 5.0e-1 5.0e-1 5.0e-1
    5.0e-1 5.0e-1 5.0e-1 5.0e-1 5.0e-1 5.0e-1 5.0e-1 5.0e-1 5.0e-1 5.0e-1
    5.0e-1 5.0e-1 5.0e-1 5.0e-1 5.0e-1 5.0e-1 5.0e-1 5.0e-1 5.0e-1 5.0e-1
    5.0e-1 5.0e-1 5.0e-1 5.0e-1 5.0e-1 5.0e-1 5.0e-1 5.0e-1 5.0e-1 5.0e-1
    5.0e-1 5.0e-1 5.0e-1 5.0e-1 5.0e-1 5.0e-1 5.0e-1 5.0e-1 5.0e-1 5.0e-1
    5.0e-1 5.0e-1 5.0e-1 5.0e-1 5.0e-1 5.0e-1 5.0e-1 5.0e-1 5.0e-1 5.0e-1
    5.0e-1 5.0e-1 5.0e-1 5.0e-1 5.0e-1 5.0e-1 5.0e-1 5.0e-1 5.0e-1 5.0e-1
    5.0e-1 5.0e-1 5.0e-1 5.0e-1 5.0e-1 5.0e-1 5.0e-1 5.0e-1 5.0e-1 5.0e-1
    5.0e-1 5.0e-1 5.0e-1 5.0e-1 5.0e-1 5.0e-1 5.0e-1 5.0e-1 5.0e-1 5.0e-1
    5.0e-1 5.0e-1 5.0e-1 5.0e-1 5.0e-1 5.0e-1 5.0e-1 5.0e-1 5.0e-1 5.0e-1
    5.0e-1 5.0e-1 5.0e-1 5.0e-1 5.0e-1 5.0e-1 5.0e-1 5.0e-1 5.0e-1 5.0e-1
    5.0e-1 5.0e-1 5.0e-1 5.0e-1 5.0e-1 5.0e-1 5.0e-1 5.0e-1 5.0e-1 5.0e-1
    5.0e-1 5.0e-1 5.0e-1 5.0e-1 5.0e-1 5.0e-1 5.0e-1 5.0e-1 5.0e-1 5.0e-1
    5.0e-1 5.0e-1 5.0e-1 5.0e-1 5.0e-1 5.0e-1 5.0e-1 5.0e-1 5.0e-1 5.0e-1
    5.0e-1 5.0e-1 5.0e-1 5.0e-1 5.0e-1 5.0e-1 5.0e-1 5.0e-1 5.0e-1 5.0e-1
    5.0e-1 5.0e-1 5.0e-1 5.0e-1 5.0e-1 5.0e-1 5.0e-1 5.0e-1 5.0e-1 5.0e-1
    5.0e-1 5.0e-1 5.0e-1 5.0e-1 5.0e-1 5.0e-1 5.0e-1 5.0e-1 5.0e-1 5.0e-1
    5.0e-1 5.0e-1 5.0e-1 5.0e-1 5.0e-1 5.0e-1 5.0e-1 5.0e-1 5.0e-1 5.0e-1
    5.0e-1 5.0e-1 5.0e-1 5.0e-1 5.0e-1 5.0e-1 5.0e-1 5.0e-1 5.0e-1 5.0e-1
    5.0e-1 5.0e-1 5.0e-1 5.0e-1 5.0e-1 5.0e-1 5.0e-1 5.0e-1 5.0e-1 5.0e-1
    5.0e-1 5.0e-1 5.0e-1 5.0e-1 5.0e-1 5.0e-1 5.0e-1 5.0e-1 5.0e-1 5.0e-1
    5.0e-1 5.0e-1 5.0e-1 5.0e-1 5.0e-1 5.0e-1 5.0e-1 5.0e-1 5.0e-1 5.0e-1
    5.0e-1 5.0e-1 5.0e-1 5.0e-1 5.0e-1 5.0e-1 5.0e-1 5.0e-1 5.0e-1 5.0e-1
    5.0e-1 5.0e-1 5.0e-1 5.0e-1 5.0e-1 5.0e-1 5.0e-1 5.0e-1 5.0e-1 5.0e-1
    5.0e-1 5.0e-1 5.0e-1 5.0e-1 5.0e-1 5.0e-1 5.0e-1 5.0e-1 5.0e-1 5.0e-1
    5.0e-1 5.0e-1 5.0e-1 5.0e-1 5.0e-1 5.0e-1 5.0e-1 5.0e-1 5.0e-1 5.0e-1
    5.0e-1 5.0e-1 5.0e-1 5.0e-1 5.0e-1 5.0e-1 5.0e-1 5.0e-1 5.0e-1 5.0e-1
    5.0e-1 5.0e-1 5.0e-1 5.0e-1 5.0e-1 5.0e-1 5.0e-1 5.0e-1 5.0e-1 5.0e-1
    5.0e-1 5.0e-1 5.0e-1 5.0e-1 5.0e-1 5.0e-1 5.0e-1 5.0e-1 5.0e-1 5.0e-1
    5.0e-1 5.0e-1 5.0e-1 5.0e-1 5.0e-1 5.0e-1 5.0e-1 5.0e-1 5.0e-1 5.0e-1
    5.0e-1 5.0e-1 5.0e-1 5.0e-1 5.0e-1 5.0e-1 5.0e-1 5.0e-1 5.0e-1 5.0e-1
    5.0e-1 5.0e-1 5.0e-1 5.0e-1 5.0e-1 5.0e-1 5.0e-1 5.0e-1 5.0e-1 5.0e-1
    5.0e-1 5.0e-1 5.0e-1 5.0e-1 5.0e-1 5.0e-1 5.0e-1 5.0e-1 5.0e-1 5.0e-1
    5.0e-1 5.0e-1 5.0e-1 5.0e-1 5.0e-1 5.0e-1 5.0e-1 5.0e-1 5.0e-1 5.0e-1
    5.0e-1 5.0e-1 5.0e-1 5.0e-1 5.0e-1 5.0e-1 5.0e-1 5.0e-1 5.0e-1 5.0e-1
    5.0e-1 5.0e-1 5.0e-1 5.0e-1 5.0e-1 5.0e-1 5.0e-1 5.0e-1 5.0e-1 5.0e-1
    5.0e-1 5.0e-1 5.0e-1 5.0e-1 5.0e-1 5.0e-1 5.0e-1 5.0e-1 5.0e-1 5.0e-1
    5.0e-1 5.0e-1 5.0e-1 5.0e-1 5.0e-1 5.0e-1 5.0e-1 5.0e-1 5.0e-1 5.0e-1
    5.0e-1 5.0e-1 5.0e-1 5.0e-1 5.0e-1 5.0e-1 5.0e-1 5.0e-1 5.0e-1 5.0e-1
    5.0e-1 5.0e-1 5.0e-1 5.0e-1 5.0e-1 5.0e-1 5.0e-1 5.0e-1 5.0e-1 5.0e-1
    5.0e-1 5.0e-1 5.0e-1 5.0e-1 5.0e-1 5.0e-1 5.0e-1 5.0e-1 5.0e-1 5.0e-1
    5.0e-1 5.0e-1 5.0e-1 5.0e-1 5.0e-1 5.0e-1 5.0e-1 5.0e-1 5.0e-1 5.0e-1
    5.0e-1 5.0e-1 5.0e-1 5.0e-1 5.0e-1 5.0e-1 5.0e-1 5.0e-1 5.0e-1 5.0e-1
    5.0e-1 5.0e-1 5.0e-1 5.0e-1 5.0e-1 5.0e-1 5.0e-1 5.0e-1 5.0e-1 5.0e-1
    5.0e-1 5.0e-1 5.0e-1 5.0e-1 5.0e-1 5.0e-1 5.0e-1 5.0e-1 5.0e-1 5.0e-1
    5.0e-1 5.0e-1 5.0e-1 5.0e-1 5.0e-1 5.0e-1 5.0e-1 5.0e-1 5.0e-1 5.0e-1
    5.0e-1 5.0e-1 5.0e-1 5.0e-1 5.0e-1 5.0e-1 5.0e-1 5.0e-1 5.0e-1 5.0e-1
    5.0e-1 5.0e-1 5.0e-1 5.0e-1 5.0e-1 5.0e-1 5.0e-1 5.0e-1 5.0e-1 5.0e-1
    5.0e-1 5.0e-1 5.0e-1 5.0e-1 5.0e-1 5.0e-1 5.0e-1 5.0e-1 5.0e-1 5.0e-1
    5.0e-1 5.0e-1 5.0e-1 5.0e-1 5.0e-1 5.0e-1 5.0e-1 5.0e-1 5.0e-1 5.0e-1
    5.0e-1 5.0e-1 5.0e-1 5.0e-1 5.0e-1 5.0e-1 5.0e-1 5.0e-1 5.0e-1 5.0e-1
    5.0e-1 5.0e-1 5.0e-1 5.0e-1 5.0e-1 5.0e-1 5.0e-1 5.0e-1 5.0e-1 5.0e-1
    5.0e-1 5.0e-1 5.0e-1 5.0e-1 5.0e-1 5.0e-1 5.0e-1 5.0e-1 5.0e-1 5.0e-1
    5.0e-1 5.0e-1 5.0e-1 5.0e-1 5.0e-1 5.0e-1 5.0e-1 5.0e-1 5.0e-1 5.0e-1
    5.0e-1 5.0e-1 5.0e-1 5.0e-1 5.0e-1 5.0e-1 5.0e-1 5.0e-1 5.0e-1 5.0e-1
    5.0e-1 5.0e-1 5.0e-1 5.0e-1 5.0e-1 5.0e-1 5.0e-1 5.0e-1 5.0e-1 5.0e-1
    5.0e-1 5.0e-1 5.0e-1 5.0e-1 5.0e-1 5.0e-1 5.0e-1 5.0e-1 5.0e-1 5.0e-1
    5.0e-1 5.0e-1 5.0e-1 5.0e-1 5.0e-1 5.0e-1 5.0e-1 5.0e-1 5.0e-1 5.0e-1
    5.0e-1 5.0e-1 5.0e-1 5.0e-1 5.0e-1 5.0e-1 5.0e-1 5.0e-1 5.0e-1 5.0e-1
    5.0e-1 5.0e-1 5.0e-1 5.0e-1 5.0e-1 5.0e-1 5.0e-1 5.0e-1 5.0e-1 5.0e-1
    5.0e-1 5.0e-1 5.0e-1 5.0e-1 5.0e-1 5.0e-1 5.0e-1 5.0e-1 5.0e-1 5.0e-1
    5.0e-1 5.0e-1 5.0e-1 5.0e-1 5.0e-1 5.0e-1 5.0e-1 5.0e-1 5.0e-1 5.0e-1
    5.0e-1 5.0e-1 5.0e-1 5.0e-1 5.0e-1 5.0e-1 5.0e-1 5.0e-1 5.0e-1 5.0e-1
    5.0e-1 5.0e-1 5.0e-1 5.0e-1 5.0e-1 5.0e-1 5.0e-1 5.0e-1 5.0e-1 5.0e-1
    5.0e-1 5.0e-1 5.0e-1 5.0e-1 5.0e-1 5.0e-1 5.0e-1 5.0e-1 5.0e-1 5.0e-1
    5.0e-1 5.0e-1 5.0e-1 5.0e-1 5.0e-1 5.0e-1 5.0e-1 5.0e-1 5.0e-1 5.0e-1
    5.0e-1 5.0e-1 5.0e-1 5.0e-1 5.0e-1 5.0e-1 5.0e-1 5.0e-1 5.0e-1 5.0e-1
    5.0e-1 5.0e-1 5.0e-1 5.0e-1 5.0e-1 5.0e-1 5.0e-1 5.0e-1 5.0e-1 5.0e-1
    5.0e-1 5.0e-1 5.0e-1 5.0e-1 5.0e-1 5.0e-1 5.0e-1 5.0e-1 5.0e-1 5.0e-1
    5.0e-1 5.0e-1 5.0e-1 5.0e-1 5.0e-1 5.0e-1 5.0e-1 5.0e-1 5.0e-1 5.0e-1
    5.0e-1 5.0e-1 5.0e-1 5.0e-1 5.0e-1 5.0e-1 5.0e-1 5.0e-1 5.0e-1 5.0e-1
    5.0e-1 5.0e-1 5.0e-1 5.0e-1 5.0e-1 5.0e-1 5.0e-1 5.0e-1 5.0e-1 5.0e-1
    5.0e-1 5.0e-1 5.0e-1 5.0e-1 5.0e-1 5.0e-1 5.9999999999999998e-1
    5.9999999999999998e-1 5.9999999999999998e-1 5.9999999999999998e-1
    5.9999999999999998e-1 5.9999999999999998e-1 5.9999999999999998e-1
    5.9999999999999998e-1 5.9999999999999998e-1 5.9999999999999998e-1
    5.9999999999999998e-1 5.9999999999999998e-1 5.9999999999999998e-1
    5.9999999999999998e-1 5.9999999999999998e-1 5.9999999999999998e-1
    5.9999999999999998e-1 5.9999999999999998e-1 5.9999999999999998e-1
    5.9999999999999998e-1 5.9999999999999998e-1 5.9999999999999998e-1
    5.9999999999999998e-1 5.9999999999999998e-1 5.9999999999999998e-1
    5.9999999999999998e-1 5.9999999999999998e-1 5.9999999999999998e-1
    5.9999999999999998e-1 5.9999999999999998e-1 5.9999999999999998e-1
    5.9999999999999998e-1 5.9999999999999998e-1 5.9999999999999998e-1
    5.9999999999999998e-1 5.9999999999999998e-1 5.9999999999999998e-1
    5.9999999999999998e-1 5.9999999999999998e-1 5.9999999999999998e-1
    5.9999999999999998e-1 5.9999999999999998e-1 5.9999999999999998e-1
    5.9999999999999998e-1 5.9999999999999998e-1 5.9999999999999998e-1
    5.9999999999999998e-1 5.9999999999999998e-1 5.9999999999999998e-1
    5.9999999999999998e-1 5.9999999999999998e-1 5.9999999999999998e-1
    5.9999999999999998e-1 5.9999999999999998e-1 5.9999999999999998e-1
    5.9999999999999998e-1 5.9999999999999998e-1 5.9999999999999998e-1
    5.9999999999999998e-1 5.9999999999999998e-1 5.9999999999999998e-1
    5.9999999999999998e-1 5.9999999999999998e-1 5.9999999999999998e-1
    5.9999999999999998e-1 5.9999999999999998e-1 5.9999999999999998e-1
    5.9999999999999998e-1 5.9999999999999998e-1 5.9999999999999998e-1
    5.9999999999999998e-1 5.9999999999999998e-1 5.9999999999999998e-1
    5.9999999999999998e-1 5.9999999999999998e-1 5.9999999999999998e-1
    5.9999999999999998e-1 5.9999999999999998e-1 5.9999999999999998e-1
    5.9999999999999998e-1 5.9999999999999998e-1 5.9999999999999998e-1
    5.9999999999999998e-1 5.9999999999999998e-1 5.9999999999999998e-1
    5.9999999999999998e-1 5.9999999999999998e-1 5.9999999999999998e-1
    5.9999999999999998e-1 5.9999999999999998e-1 5.9999999999999998e-1
    5.9999999999999998e-1 5.9999999999999998e-1 5.9999999999999998e-1
    5.9999999999999998e-1 5.9999999999999998e-1 5.9999999999999998e-1
    5.9999999999999998e-1 5.9999999999999998e-1 5.9999999999999998e-1
    5.9999999999999998e-1 5.9999999999999998e-1 5.9999999999999998e-1
    5.9999999999999998e-1 5.9999999999999998e-1 5.9999999999999998e-1
    5.9999999999999998e-1 5.9999999999999998e-1 5.9999999999999998e-1
    5.9999999999999998e-1 5.9999999999999998e-1 5.9999999999999998e-1
    5.9999999999999998e-1 5.9999999999999998e-1 5.9999999999999998e-1
    5.9999999999999998e-1 5.9999999999999998e-1 5.9999999999999998e-1
    5.9999999999999998e-1 5.9999999999999998e-1 5.9999999999999998e-1
    5.9999999999999998e-1 5.9999999999999998e-1 5.9999999999999998e-1
    5.9999999999999998e-1 5.9999999999999998e-1 5.9999999999999998e-1
    5.9999999999999998e-1 5.9999999999999998e-1 5.9999999999999998e-1
    5.9999999999999998e-1 5.9999999999999998e-1 5.9999999999999998e-1
    5.9999999999999998e-1 5.9999999999999998e-1 5.9999999999999998e-1
    5.9999999999999998e-1 5.9999999999999998e-1 5.9999999999999998e-1
    5.9999999999999998e-1 5.9999999999999998e-1 5.9999999999999998e-1
    5.9999999999999998e-1 5.9999999999999998e-1 5.9999999999999998e-1
    5.9999999999999998e-1 5.9999999999999998e-1 5.9999999999999998e-1
    5.9999999999999998e-1 5.9999999999999998e-1 5.9999999999999998e-1
    5.9999999999999998e-1 5.9999999999999998e-1 5.9999999999999998e-1
    5.9999999999999998e-1 5.9999999999999998e-1 5.9999999999999998e-1
    5.9999999999999998e-1 5.9999999999999998e-1 5.9999999999999998e-1
    5.9999999999999998e-1 5.9999999999999998e-1 5.9999999999999998e-1
    5.9999999999999998e-1 5.9999999999999998e-1 5.9999999999999998e-1
    5.9999999999999998e-1 5.9999999999999998e-1 5.9999999999999998e-1
    5.9999999999999998e-1 5.9999999999999998e-1 5.9999999999999998e-1
    5.9999999999999998e-1 5.9999999999999998e-1 5.9999999999999998e-1
    5.9999999999999998e-1 5.9999999999999998e-1 5.9999999999999998e-1
    5.9999999999999998e-1 5.9999999999999998e-1 5.9999999999999998e-1
    5.9999999999999998e-1 5.9999999999999998e-1 5.9999999999999998e-1
    5.9999999999999998e-1 5.9999999999999998e-1 5.9999999999999998e-1
    5.9999999999999998e-1 5.9999999999999998e-1 5.9999999999999998e-1
    5.9999999999999998e-1 5.9999999999999998e-1 5.9999999999999998e-1
    5.9999999999999998e-1 5.9999999999999998e-1 5.9999999999999998e-1
    5.9999999999999998e-1 5.9999999999999998e-1 5.9999999999999998e-1
    5.9999999999999998e-1 5.9999999999999998e-1 5.9999999999999998e-1
    5.9999999999999998e-1 5.9999999999999998e-1 5.9999999999999998e-1
    5.9999999999999998e-1 5.9999999999999998e-1 5.9999999999999998e-1
    5.9999999999999998e-1 5.9999999999999998e-1 5.9999999999999998e-1
    5.9999999999999998e-1 5.9999999999999998e-1 5.9999999999999998e-1
    5.9999999999999998e-1 5.9999999999999998e-1 5.9999999999999998e-1
    5.9999999999999998e-1 5.9999999999999998e-1 5.9999999999999998e-1
    5.9999999999999998e-1 5.9999999999999998e-1 5.9999999999999998e-1
    5.9999999999999998e-1 5.9999999999999998e-1 5.9999999999999998e-1
    5.9999999999999998e-1 5.9999999999999998e-1 5.9999999999999998e-1
    5.9999999999999998e-1 5.9999999999999998e-1 5.9999999999999998e-1
    5.9999999999999998e-1 5.9999999999999998e-1 5.9999999999999998e-1
    5.9999999999999998e-1 5.9999999999999998e-1 5.9999999999999998e-1
    5.9999999999999998e-1 5.9999999999999998e-1 5.9999999999999998e-1
    5.9999999999999998e-1 5.9999999999999998e-1 5.9999999999999998e-1
    5.9999999999999998e-1 5.9999999999999998e-1 5.9999999999999998e-1
    5.9999999999999998e-1 5.9999999999999998e-1 5.9999999999999998e-1
    5.9999999999999998e-1 5.9999999999999998e-1 5.9999999999999998e-1
    5.9999999999999998e-1 5.9999999999999998e-1 5.9999999999999998e-1
    5.9999999999999998e-1 5.9999999999999998e-1 5.9999999999999998e-1
    5.9999999999999998e-1 5.9999999999999998e-1 5.9999999999999998e-1
    5.9999999999999998e-1 5.9999999999999998e-1 5.9999999999999998e-1
    5.9999999999999998e-1 5.9999999999999998e-1 5.9999999999999998e-1
    5.9999999999999998e-1 5.9999999999999998e-1 5.9999999999999998e-1
    5.9999999999999998e-1 5.9999999999999998e-1 5.9999999999999998e-1
    5.9999999999999998e-1 5.9999999999999998e-1 5.9999999999999998e-1
    5.9999999999999998e-1 5.9999999999999998e-1 5.9999999999999998e-1
    5.9999999999999998e-1 5.9999999999999998e-1 5.9999999999999998e-1
    5.9999999999999998e-1 5.9999999999999998e-1 5.9999999999999998e-1
    5.9999999999999998e-1 5.9999999999999998e-1 5.9999999999999998e-1
    5.9999999999999998e-1 5.9999999999999998e-1 5.9999999999999998e-1
    5.9999999999999998e-1 5.9999999999999998e-1 5.9999999999999998e-1
    5.9999999999999998e-1 5.9999999999999998e-1 5.9999999999999998e-1
    5.9999999999999998e-1 5.9999999999999998e-1 5.9999999999999998e-1
    5.9999999999999998e-1 5.9999999999999998e-1 5.9999999999999998e-1
    5.9999999999999998e-1 5.9999999999999998e-1 5.9999999999999998e-1
    5.9999999999999998e-1 5.9999999999999998e-1 5.9999999999999998e-1
    5.9999999999999998e-1 5.9999999999999998e-1 5.9999999999999998e-1
    5.9999999999999998e-1 5.9999999999999998e-1 5.9999999999999998e-1
    5.9999999999999998e-1 5.9999999999999998e-1 5.9999999999999998e-1
    5.9999999999999998e-1 5.9999999999999998e-1 5.9999999999999998e-1
    5.9999999999999998e-1 5.9999999999999998e-1 5.9999999999999998e-1
    5.9999999999999998e-1 5.9999999999999998e-1 5.9999999999999998e-1
    5.9999999999999998e-1 5.9999999999999998e-1 5.9999999999999998e-1
    5.9999999999999998e-1 5.9999999999999998e-1 5.9999999999999998e-1
    5.9999999999999998e-1 5.9999999999999998e-1 5.9999999999999998e-1
    5.9999999999999998e-1 5.9999999999999998e-1 5.9999999999999998e-1
    5.9999999999999998e-1 5.9999999999999998e-1 5.9999999999999998e-1
    5.9999999999999998e-1 5.9999999999999998e-1 5.9999999999999998e-1
    5.9999999999999998e-1 5.9999999999999998e-1 5.9999999999999998e-1
    5.9999999999999998e-1 5.9999999999999998e-1 5.9999999999999998e-1
    5.9999999999999998e-1 5.9999999999999998e-1 5.9999999999999998e-1
    5.9999999999999998e-1 5.9999999999999998e-1 5.9999999999999998e-1
    5.9999999999999998e-1 5.9999999999999998e-1 5.9999999999999998e-1
    5.9999999999999998e-1 5.9999999999999998e-1 5.9999999999999998e-1
    5.9999999999999998e-1 5.9999999999999998e-1 5.9999999999999998e-1
    5.9999999999999998e-1 5.9999999999999998e-1 5.9999999999999998e-1
    5.9999999999999998e-1 5.9999999999999998e-1 5.9999999999999998e-1
    5.9999999999999998e-1 5.9999999999999998e-1 5.9999999999999998e-1
    5.9999999999999998e-1 5.9999999999999998e-1 5.9999999999999998e-1
    5.9999999999999998e-1 5.9999999999999998e-1 5.9999999999999998e-1
    5.9999999999999998e-1 5.9999999999999998e-1 5.9999999999999998e-1
    5.9999999999999998e-1 5.9999999999999998e-1 5.9999999999999998e-1
    5.9999999999999998e-1 5.9999999999999998e-1 5.9999999999999998e-1
    5.9999999999999998e-1 5.9999999999999998e-1 5.9999999999999998e-1
    5.9999999999999998e-1 5.9999999999999998e-1 5.9999999999999998e-1
    5.9999999999999998e-1 5.9999999999999998e-1 5.9999999999999998e-1
    5.9999999999999998e-1 5.9999999999999998e-1 5.9999999999999998e-1
    5.9999999999999998e-1 5.9999999999999998e-1 5.9999999999999998e-1
    5.9999999999999998e-1 5.9999999999999998e-1 5.9999999999999998e-1
    5.9999999999999998e-1 5.9999999999999998e-1 5.9999999999999998e-1
    5.9999999999999998e-1 5.9999999999999998e-1 5.9999999999999998e-1
    5.9999999999999998e-1 5.9999999999999998e-1 5.9999999999999998e-1
    5.9999999999999998e-1 5.9999999999999998e-1 5.9999999999999998e-1
    5.9999999999999998e-1 5.9999999999999998e-1 5.9999999999999998e-1
    5.9999999999999998e-1 5.9999999999999998e-1 5.9999999999999998e-1
    5.9999999999999998e-1 5.9999999999999998e-1 5.9999999999999998e-1
    5.9999999999999998e-1 5.9999999999999998e-1 5.9999999999999998e-1
    5.9999999999999998e-1 5.9999999999999998e-1 5.9999999999999998e-1
    5.9999999999999998e-1 5.9999999999999998e-1 5.9999999999999998e-1
    5.9999999999999998e-1 5.9999999999999998e-1 5.9999999999999998e-1
    5.9999999999999998e-1 5.9999999999999998e-1 5.9999999999999998e-1
    5.9999999999999998e-1 5.9999999999999998e-1 5.9999999999999998e-1
    5.9999999999999998e-1 5.9999999999999998e-1 5.9999999999999998e-1
    5.9999999999999998e-1 5.9999999999999998e-1 5.9999999999999998e-1
    5.9999999999999998e-1 5.9999999999999998e-1 5.9999999999999998e-1
    5.9999999999999998e-1 5.9999999999999998e-1 5.9999999999999998e-1
    5.9999999999999998e-1 5.9999999999999998e-1 5.9999999999999998e-1
    5.9999999999999998e-1 5.9999999999999998e-1 5.9999999999999998e-1
    5.9999999999999998e-1 5.9999999999999998e-1 5.9999999999999998e-1
    5.9999999999999998e-1 5.9999999999999998e-1 5.9999999999999998e-1
    5.9999999999999998e-1 5.9999999999999998e-1 5.9999999999999998e-1
    5.9999999999999998e-1 5.9999999999999998e-1 5.9999999999999998e-1
    5.9999999999999998e-1 5.9999999999999998e-1 5.9999999999999998e-1
    5.9999999999999998e-1 5.9999999999999998e-1 5.9999999999999998e-1
    5.9999999999999998e-1 5.9999999999999998e-1 5.9999999999999998e-1
    5.9999999999999998e-1 5.9999999999999998e-1 5.9999999999999998e-1
    5.9999999999999998e-1 5.9999999999999998e-1 5.9999999999999998e-1
    5.9999999999999998e-1 5.9999999999999998e-1 5.9999999999999998e-1
    5.9999999999999998e-1 5.9999999999999998e-1 5.9999999999999998e-1
    5.9999999999999998e-1 5.9999999999999998e-1 5.9999999999999998e-1
    5.9999999999999998e-1 5.9999999999999998e-1 5.9999999999999998e-1
    5.9999999999999998e-1 5.9999999999999998e-1 5.9999999999999998e-1
    5.9999999999999998e-1 5.9999999999999998e-1 5.9999999999999998e-1
    5.9999999999999998e-1 5.9999999999999998e-1 5.9999999999999998e-1
    5.9999999999999998e-1 5.9999999999999998e-1 5.9999999999999998e-1
    5.9999999999999998e-1 5.9999999999999998e-1 5.9999999999999998e-1
    5.9999999999999998e-1 5.9999999999999998e-1 5.9999999999999998e-1
    5.9999999999999998e-1 5.9999999999999998e-1 5.9999999999999998e-1
    5.9999999999999998e-1 6.9999999999999996e-1 6.9999999999999996e-1
    6.9999999999999996e-1 6.9999999999999996e-1 6.9999999999999996e-1
    6.9999999999999996e-1 6.9999999999999996e-1 6.9999999999999996e-1
    6.9999999999999996e-1 6.9999999999999996e-1 6.9999999999999996e-1
    6.9999999999999996e-1 6.9999999999999996e-1 6.9999999999999996e-1
    6.9999999999999996e-1 6.9999999999999996e-1 6.9999999999999996e-1
    6.9999999999999996e-1 6.9999999999999996e-1 6.9999999999999996e-1
    6.9999999999999996e-1 6.9999999999999996e-1 6.9999999999999996e-1
    6.9999999999999996e-1 6.9999999999999996e-1 6.9999999999999996e-1
    6.9999999999999996e-1 6.9999999999999996e-1 6.9999999999999996e-1
    6.9999999999999996e-1 6.9999999999999996e-1 6.9999999999999996e-1
    6.9999999999999996e-1 6.9999999999999996e-1 6.9999999999999996e-1
    6.9999999999999996e-1 6.9999999999999996e-1 6.9999999999999996e-1
    6.9999999999999996e-1 6.9999999999999996e-1 6.9999999999999996e-1
    6.9999999999999996e-1 6.9999999999999996e-1 6.9999999999999996e-1
    6.9999999999999996e-1 6.9999999999999996e-1 6.9999999999999996e-1
    6.9999999999999996e-1 6.9999999999999996e-1 6.9999999999999996e-1
    6.9999999999999996e-1 6.9999999999999996e-1 6.9999999999999996e-1
    6.9999999999999996e-1 6.9999999999999996e-1 6.9999999999999996e-1
    6.9999999999999996e-1 6.9999999999999996e-1 6.9999999999999996e-1
    6.9999999999999996e-1 6.9999999999999996e-1 6.9999999999999996e-1
    6.9999999999999996e-1 6.9999999999999996e-1 6.9999999999999996e-1
    6.9999999999999996e-1 6.9999999999999996e-1 6.9999999999999996e-1
    6.9999999999999996e-1 6.9999999999999996e-1 6.9999999999999996e-1
    6.9999999999999996e-1 6.9999999999999996e-1 6.9999999999999996e-1
    6.9999999999999996e-1 6.9999999999999996e-1 6.9999999999999996e-1
    6.9999999999999996e-1 6.9999999999999996e-1 6.9999999999999996e-1
    6.9999999999999996e-1 6.9999999999999996e-1 6.9999999999999996e-1
    6.9999999999999996e-1 6.9999999999999996e-1 6.9999999999999996e-1
    6.9999999999999996e-1 6.9999999999999996e-1 6.9999999999999996e-1
    6.9999999999999996e-1 6.9999999999999996e-1 6.9999999999999996e-1
    6.9999999999999996e-1 6.9999999999999996e-1 6.9999999999999996e-1
    6.9999999999999996e-1 6.9999999999999996e-1 6.9999999999999996e-1
    6.9999999999999996e-1 6.9999999999999996e-1 6.9999999999999996e-1
    6.9999999999999996e-1 6.9999999999999996e-1 6.9999999999999996e-1
    6.9999999999999996e-1 6.9999999999999996e-1 6.9999999999999996e-1
    6.9999999999999996e-1 6.9999999999999996e-1 6.9999999999999996e-1
    6.9999999999999996e-1 6.9999999999999996e-1 6.9999999999999996e-1
    6.9999999999999996e-1 6.9999999999999996e-1 6.9999999999999996e-1
    6.9999999999999996e-1 6.9999999999999996e-1 6.9999999999999996e-1
    6.9999999999999996e-1 6.9999999999999996e-1 6.9999999999999996e-1
    6.9999999999999996e-1 6.9999999999999996e-1 6.9999999999999996e-1
    6.9999999999999996e-1 6.9999999999999996e-1 6.9999999999999996e-1
    6.9999999999999996e-1 6.9999999999999996e-1 6.9999999999999996e-1
    6.9999999999999996e-1 6.9999999999999996e-1 6.9999999999999996e-1
    6.9999999999999996e-1 6.9999999999999996e-1 6.9999999999999996e-1
    6.9999999999999996e-1 6.9999999999999996e-1 6.9999999999999996e-1
    6.9999999999999996e-1 6.9999999999999996e-1 6.9999999999999996e-1
    6.9999999999999996e-1 6.9999999999999996e-1 6.9999999999999996e-1
    6.9999999999999996e-1 6.9999999999999996e-1 6.9999999999999996e-1
    6.9999999999999996e-1 6.9999999999999996e-1 6.9999999999999996e-1
    6.9999999999999996e-1 6.9999999999999996e-1 6.9999999999999996e-1
    6.9999999999999996e-1 6.9999999999999996e-1 6.9999999999999996e-1
    6.9999999999999996e-1 6.9999999999999996e-1 6.9999999999999996e-1
    6.9999999999999996e-1 6.9999999999999996e-1 6.9999999999999996e-1
    6.9999999999999996e-1 6.9999999999999996e-1 6.9999999999999996e-1
    6.9999999999999996e-1 6.9999999999999996e-1 6.9999999999999996e-1
    6.9999999999999996e-1 6.9999999999999996e-1 6.9999999999999996e-1
    6.9999999999999996e-1 6.9999999999999996e-1 6.9999999999999996e-1
    6.9999999999999996e-1 6.9999999999999996e-1 6.9999999999999996e-1
    6.9999999999999996e-1 6.9999999999999996e-1 6.9999999999999996e-1
    6.9999999999999996e-1 6.9999999999999996e-1 6.9999999999999996e-1
    6.9999999999999996e-1 6.9999999999999996e-1 6.9999999999999996e-1
    6.9999999999999996e-1 6.9999999999999996e-1 6.9999999999999996e-1
    6.9999999999999996e-1 6.9999999999999996e-1 6.9999999999999996e-1
    6.9999999999999996e-1 6.9999999999999996e-1 6.9999999999999996e-1
    6.9999999999999996e-1 6.9999999999999996e-1 6.9999999999999996e-1
    6.9999999999999996e-1 6.9999999999999996e-1 6.9999999999999996e-1
    6.9999999999999996e-1 6.9999999999999996e-1 6.9999999999999996e-1
    6.9999999999999996e-1 6.9999999999999996e-1 6.9999999999999996e-1
    6.9999999999999996e-1 6.9999999999999996e-1 6.9999999999999996e-1
    6.9999999999999996e-1 6.9999999999999996e-1 6.9999999999999996e-1
    6.9999999999999996e-1 6.9999999999999996e-1 6.9999999999999996e-1
    6.9999999999999996e-1 6.9999999999999996e-1 6.9999999999999996e-1
    6.9999999999999996e-1 6.9999999999999996e-1 6.9999999999999996e-1
    6.9999999999999996e-1 6.9999999999999996e-1 6.9999999999999996e-1
    6.9999999999999996e-1 6.9999999999999996e-1 6.9999999999999996e-1
    6.9999999999999996e-1 6.9999999999999996e-1 6.9999999999999996e-1
    6.9999999999999996e-1 6.9999999999999996e-1 6.9999999999999996e-1
    6.9999999999999996e-1 6.9999999999999996e-1 6.9999999999999996e-1
    6.9999999999999996e-1 6.9999999999999996e-1 6.9999999999999996e-1
    6.9999999999999996e-1 6.9999999999999996e-1 6.9999999999999996e-1
    6.9999999999999996e-1 6.9999999999999996e-1 6.9999999999999996e-1
    6.9999999999999996e-1 6.9999999999999996e-1 6.9999999999999996e-1
    6.9999999999999996e-1 6.9999999999999996e-1 6.9999999999999996e-1
    6.9999999999999996e-1 6.9999999999999996e-1 6.9999999999999996e-1
    6.9999999999999996e-1 6.9999999999999996e-1 6.9999999999999996e-1
    6.9999999999999996e-1 6.9999999999999996e-1 6.9999999999999996e-1
    6.9999999999999996e-1 6.9999999999999996e-1 6.9999999999999996e-1
    6.9999999999999996e-1 6.9999999999999996e-1 6.9999999999999996e-1
    6.9999999999999996e-1 6.9999999999999996e-1 6.9999999999999996e-1
    6.9999999999999996e-1 6.9999999999999996e-1 6.9999999999999996e-1
    6.9999999999999996e-1 6.9999999999999996e-1 6.9999999999999996e-1
    6.9999999999999996e-1 6.9999999999999996e-1 6.9999999999999996e-1
    6.9999999999999996e-1 6.9999999999999996e-1 6.9999999999999996e-1
    6.9999999999999996e-1 6.9999999999999996e-1 6.9999999999999996e-1
    6.9999999999999996e-1 6.9999999999999996e-1 6.9999999999999996e-1
    6.9999999999999996e-1 6.9999999999999996e-1 6.9999999999999996e-1
    6.9999999999999996e-1 6.9999999999999996e-1 6.9999999999999996e-1
    6.9999999999999996e-1 6.9999999999999996e-1 6.9999999999999996e-1
    6.9999999999999996e-1 6.9999999999999996e-1 6.9999999999999996e-1
    6.9999999999999996e-1 6.9999999999999996e-1 6.9999999999999996e-1
    6.9999999999999996e-1 6.9999999999999996e-1 6.9999999999999996e-1
    6.9999999999999996e-1 6.9999999999999996e-1 6.9999999999999996e-1
    6.9999999999999996e-1 6.9999999999999996e-1 6.9999999999999996e-1
    6.9999999999999996e-1 6.9999999999999996e-1 6.9999999999999996e-1
    6.9999999999999996e-1 6.9999999999999996e-1 6.9999999999999996e-1
    6.9999999999999996e-1 6.9999999999999996e-1 6.9999999999999996e-1
    6.9999999999999996e-1 6.9999999999999996e-1 6.9999999999999996e-1
    6.9999999999999996e-1 6.9999999999999996e-1 6.9999999999999996e-1
    6.9999999999999996e-1 6.9999999999999996e-1 6.9999999999999996e-1
    6.9999999999999996e-1 6.9999999999999996e-1 6.9999999999999996e-1
    6.9999999999999996e-1 6.9999999999999996e-1 6.9999999999999996e-1
    6.9999999999999996e-1 6.9999999999999996e-1 6.9999999999999996e-1
    6.9999999999999996e-1 6.9999999999999996e-1 6.9999999999999996e-1
    6.9999999999999996e-1 6.9999999999999996e-1 6.9999999999999996e-1
    6.9999999999999996e-1 6.9999999999999996e-1 6.9999999999999996e-1
    6.9999999999999996e-1 6.9999999999999996e-1 6.9999999999999996e-1
    6.9999999999999996e-1 6.9999999999999996e-1 6.9999999999999996e-1
    6.9999999999999996e-1 6.9999999999999996e-1 6.9999999999999996e-1
    6.9999999999999996e-1 6.9999999999999996e-1 6.9999999999999996e-1
    6.9999999999999996e-1 6.9999999999999996e-1 6.9999999999999996e-1
    6.9999999999999996e-1 6.9999999999999996e-1 6.9999999999999996e-1
    6.9999999999999996e-1 6.9999999999999996e-1 6.9999999999999996e-1
    6.9999999999999996e-1 6.9999999999999996e-1 6.9999999999999996e-1
    6.9999999999999996e-1 6.9999999999999996e-1 6.9999999999999996e-1
    6.9999999999999996e-1 6.9999999999999996e-1 6.9999999999999996e-1
    6.9999999999999996e-1 6.9999999999999996e-1 6.9999999999999996e-1
    6.9999999999999996e-1 6.9999999999999996e-1 6.9999999999999996e-1
    6.9999999999999996e-1 6.9999999999999996e-1 6.9999999999999996e-1
    6.9999999999999996e-1 6.9999999999999996e-1 6.9999999999999996e-1
    6.9999999999999996e-1 6.9999999999999996e-1 6.9999999999999996e-1
    6.9999999999999996e-1 6.9999999999999996e-1 6.9999999999999996e-1
    6.9999999999999996e-1 6.9999999999999996e-1 6.9999999999999996e-1
    6.9999999999999996e-1 6.9999999999999996e-1 6.9999999999999996e-1
    6.9999999999999996e-1 6.9999999999999996e-1 6.9999999999999996e-1
    6.9999999999999996e-1 6.9999999999999996e-1 6.9999999999999996e-1
    6.9999999999999996e-1 6.9999999999999996e-1 6.9999999999999996e-1
    6.9999999999999996e-1 6.9999999999999996e-1 6.9999999999999996e-1
    6.9999999999999996e-1 6.9999999999999996e-1 6.9999999999999996e-1
    6.9999999999999996e-1 6.9999999999999996e-1 6.9999999999999996e-1
    6.9999999999999996e-1 6.9999999999999996e-1 6.9999999999999996e-1
    6.9999999999999996e-1 6.9999999999999996e-1 6.9999999999999996e-1
    6.9999999999999996e-1 6.9999999999999996e-1 6.9999999999999996e-1
    6.9999999999999996e-1 6.9999999999999996e-1 6.9999999999999996e-1
    6.9999999999999996e-1 6.9999999999999996e-1 6.9999999999999996e-1
    6.9999999999999996e-1 6.9999999999999996e-1 6.9999999999999996e-1
    6.9999999999999996e-1 6.9999999999999996e-1 6.9999999999999996e-1
    6.9999999999999996e-1 6.9999999999999996e-1 6.9999999999999996e-1
    6.9999999999999996e-1 6.9999999999999996e-1 6.9999999999999996e-1
    6.9999999999999996e-1 6.9999999999999996e-1 6.9999999999999996e-1
    6.9999999999999996e-1 6.9999999999999996e-1 6.9999999999999996e-1
    6.9999999999999996e-1 6.9999999999999996e-1 6.9999999999999996e-1
    6.9999999999999996e-1 6.9999999999999996e-1 6.9999999999999996e-1
    6.9999999999999996e-1 6.9999999999999996e-1 6.9999999999999996e-1
    6.9999999999999996e-1 6.9999999999999996e-1 6.9999999999999996e-1
    6.9999999999999996e-1 6.9999999999999996e-1 6.9999999999999996e-1
    6.9999999999999996e-1 6.9999999999999996e-1 6.9999999999999996e-1
    6.9999999999999996e-1 6.9999999999999996e-1 6.9999999999999996e-1
    8.0000000000000004e-1 8.0000000000000004e-1 8.0000000000000004e-1
    8.0000000000000004e-1 8.0000000000000004e-1 8.0000000000000004e-1
    8.0000000000000004e-1 8.0000000000000004e-1 8.0000000000000004e-1
    8.0000000000000004e-1 8.0000000000000004e-1 8.0000000000000004e-1
    8.0000000000000004e-1 8.0000000000000004e-1 8.0000000000000004e-1
    8.0000000000000004e-1 8.0000000000000004e-1 8.0000000000000004e-1
    8.0000000000000004e-1 8.0000000000000004e-1 8.0000000000000004e-1
    8.0000000000000004e-1 8.0000000000000004e-1 8.0000000000000004e-1
    8.0000000000000004e-1 8.0000000000000004e-1 8.0000000000000004e-1
    8.0000000000000004e-1 8.0000000000000004e-1 8.0000000000000004e-1
    8.0000000000000004e-1 8.0000000000000004e-1 8.0000000000000004e-1
    8.0000000000000004e-1 8.0000000000000004e-1 8.0000000000000004e-1
    8.0000000000000004e-1 8.0000000000000004e-1 8.0000000000000004e-1
    8.0000000000000004e-1 8.0000000000000004e-1 8.0000000000000004e-1
    8.0000000000000004e-1 8.0000000000000004e-1 8.0000000000000004e-1
    8.0000000000000004e-1 8.0000000000000004e-1 8.0000000000000004e-1
    8.0000000000000004e-1 8.0000000000000004e-1 8.0000000000000004e-1
    8.0000000000000004e-1 8.0000000000000004e-1 8.0000000000000004e-1
    8.0000000000000004e-1 8.0000000000000004e-1 8.0000000000000004e-1
    8.0000000000000004e-1 8.0000000000000004e-1 8.0000000000000004e-1
    8.0000000000000004e-1 8.0000000000000004e-1 8.0000000000000004e-1
    8.0000000000000004e-1 8.0000000000000004e-1 8.0000000000000004e-1
    8.0000000000000004e-1 8.0000000000000004e-1 8.0000000000000004e-1
    8.0000000000000004e-1 8.0000000000000004e-1 8.0000000000000004e-1
    8.0000000000000004e-1 8.0000000000000004e-1 8.0000000000000004e-1
    8.0000000000000004e-1 8.0000000000000004e-1 8.0000000000000004e-1
    8.0000000000000004e-1 8.0000000000000004e-1 8.0000000000000004e-1
    8.0000000000000004e-1 8.0000000000000004e-1 8.0000000000000004e-1
    8.0000000000000004e-1 8.0000000000000004e-1 8.0000000000000004e-1
    8.0000000000000004e-1 8.0000000000000004e-1 8.0000000000000004e-1
    8.0000000000000004e-1 8.0000000000000004e-1 8.0000000000000004e-1
    8.0000000000000004e-1 8.0000000000000004e-1 8.0000000000000004e-1
    8.0000000000000004e-1 8.0000000000000004e-1 8.0000000000000004e-1
    8.0000000000000004e-1 8.0000000000000004e-1 8.0000000000000004e-1
    8.0000000000000004e-1 8.0000000000000004e-1 8.0000000000000004e-1
    8.0000000000000004e-1 8.0000000000000004e-1 8.0000000000000004e-1
    8.0000000000000004e-1 8.0000000000000004e-1 8.0000000000000004e-1
    8.0000000000000004e-1 8.0000000000000004e-1 8.0000000000000004e-1
    8.0000000000000004e-1 8.0000000000000004e-1 8.0000000000000004e-1
    8.0000000000000004e-1 8.0000000000000004e-1 8.0000000000000004e-1
    8.0000000000000004e-1 8.0000000000000004e-1 8.0000000000000004e-1
    8.0000000000000004e-1 8.0000000000000004e-1 8.0000000000000004e-1
    8.0000000000000004e-1 8.0000000000000004e-1 8.0000000000000004e-1
    8.0000000000000004e-1 8.0000000000000004e-1 8.0000000000000004e-1
    8.0000000000000004e-1 8.0000000000000004e-1 8.0000000000000004e-1
    8.0000000000000004e-1 8.0000000000000004e-1 8.0000000000000004e-1
    8.0000000000000004e-1 8.0000000000000004e-1 8.0000000000000004e-1
    8.0000000000000004e-1 8.0000000000000004e-1 8.0000000000000004e-1
    8.0000000000000004e-1 8.0000000000000004e-1 8.0000000000000004e-1
    8.0000000000000004e-1 8.0000000000000004e-1 8.0000000000000004e-1
    8.0000000000000004e-1 8.0000000000000004e-1 8.0000000000000004e-1
    8.0000000000000004e-1 8.0000000000000004e-1 8.0000000000000004e-1
    8.0000000000000004e-1 8.0000000000000004e-1 8.0000000000000004e-1
    8.0000000000000004e-1 8.0000000000000004e-1 8.0000000000000004e-1
    8.0000000000000004e-1 8.0000000000000004e-1 8.0000000000000004e-1
    8.0000000000000004e-1 8.0000000000000004e-1 8.0000000000000004e-1
    8.0000000000000004e-1 8.0000000000000004e-1 8.0000000000000004e-1
    8.0000000000000004e-1 8.0000000000000004e-1 8.0000000000000004e-1
    8.0000000000000004e-1 8.0000000000000004e-1 8.0000000000000004e-1
    8.0000000000000004e-1 8.0000000000000004e-1 8.0000000000000004e-1
    8.0000000000000004e-1 8.0000000000000004e-1 8.0000000000000004e-1
    8.0000000000000004e-1 8.0000000000000004e-1 8.0000000000000004e-1
    8.0000000000000004e-1 8.0000000000000004e-1 8.0000000000000004e-1
    8.0000000000000004e-1 8.0000000000000004e-1 8.0000000000000004e-1
    8.0000000000000004e-1 8.0000000000000004e-1 8.0000000000000004e-1
    8.0000000000000004e-1 8.0000000000000004e-1 8.0000000000000004e-1
    8.0000000000000004e-1 8.0000000000000004e-1 8.0000000000000004e-1
    8.0000000000000004e-1 8.0000000000000004e-1 8.0000000000000004e-1
    8.0000000000000004e-1 8.0000000000000004e-1 8.0000000000000004e-1
    8.0000000000000004e-1 8.0000000000000004e-1 8.0000000000000004e-1
    8.0000000000000004e-1 8.0000000000000004e-1 8.0000000000000004e-1
    8.0000000000000004e-1 8.0000000000000004e-1 8.0000000000000004e-1
    8.0000000000000004e-1 8.0000000000000004e-1 8.0000000000000004e-1
    8.0000000000000004e-1 8.0000000000000004e-1 8.0000000000000004e-1
    8.0000000000000004e-1 8.0000000000000004e-1 8.0000000000000004e-1
    8.0000000000000004e-1 8.0000000000000004e-1 8.0000000000000004e-1
    8.0000000000000004e-1 8.0000000000000004e-1 8.0000000000000004e-1
    8.0000000000000004e-1 8.0000000000000004e-1 8.0000000000000004e-1
    8.0000000000000004e-1 8.0000000000000004e-1 8.0000000000000004e-1
    8.0000000000000004e-1 8.0000000000000004e-1 8.0000000000000004e-1
    8.0000000000000004e-1 8.0000000000000004e-1 8.0000000000000004e-1
    8.0000000000000004e-1 8.0000000000000004e-1 8.0000000000000004e-1
    8.0000000000000004e-1 8.0000000000000004e-1 8.0000000000000004e-1
    8.0000000000000004e-1 8.0000000000000004e-1 8.0000000000000004e-1
    8.0000000000000004e-1 8.0000000000000004e-1 8.0000000000000004e-1
    8.0000000000000004e-1 8.0000000000000004e-1 8.0000000000000004e-1
    8.0000000000000004e-1 8.0000000000000004e-1 8.0000000000000004e-1
    8.0000000000000004e-1 8.0000000000000004e-1 8.0000000000000004e-1
    8.0000000000000004e-1 8.0000000000000004e-1 8.0000000000000004e-1
    8.0000000000000004e-1 8.0000000000000004e-1 8.0000000000000004e-1
    8.0000000000000004e-1 8.0000000000000004e-1 8.0000000000000004e-1
    8.0000000000000004e-1 8.0000000000000004e-1 8.0000000000000004e-1
    8.0000000000000004e-1 8.0000000000000004e-1 8.0000000000000004e-1
    8.0000000000000004e-1 8.0000000000000004e-1 8.0000000000000004e-1
    8.0000000000000004e-1 8.0000000000000004e-1 8.0000000000000004e-1
    8.0000000000000004e-1 8.0000000000000004e-1 8.0000000000000004e-1
    8.0000000000000004e-1 8.0000000000000004e-1 8.0000000000000004e-1
    8.0000000000000004e-1 8.0000000000000004e-1 8.0000000000000004e-1
    8.0000000000000004e-1 8.0000000000000004e-1 8.0000000000000004e-1
    8.0000000000000004e-1 8.0000000000000004e-1 8.0000000000000004e-1
    8.0000000000000004e-1 8.0000000000000004e-1 8.0000000000000004e-1
    8.0000000000000004e-1 8.0000000000000004e-1 8.0000000000000004e-1
    8.0000000000000004e-1 8.0000000000000004e-1 8.0000000000000004e-1
    8.0000000000000004e-1 8.0000000000000004e-1 8.0000000000000004e-1
    8.0000000000000004e-1 8.0000000000000004e-1 8.0000000000000004e-1
    8.0000000000000004e-1 8.0000000000000004e-1 8.0000000000000004e-1
    8.0000000000000004e-1 8.0000000000000004e-1 8.0000000000000004e-1
    8.0000000000000004e-1 8.0000000000000004e-1 8.0000000000000004e-1
    8.0000000000000004e-1 8.0000000000000004e-1 8.0000000000000004e-1
    8.0000000000000004e-1 8.0000000000000004e-1 8.0000000000000004e-1
    8.0000000000000004e-1 8.0000000000000004e-1 8.0000000000000004e-1
    8.0000000000000004e-1 8.0000000000000004e-1 8.0000000000000004e-1
    8.0000000000000004e-1 8.0000000000000004e-1 8.0000000000000004e-1
    8.0000000000000004e-1 8.0000000000000004e-1 8.0000000000000004e-1
    8.0000000000000004e-1 8.0000000000000004e-1 8.0000000000000004e-1
    8.0000000000000004e-1 8.0000000000000004e-1 8.0000000000000004e-1
    8.0000000000000004e-1 8.0000000000000004e-1 8.0000000000000004e-1
    8.0000000000000004e-1 8.0000000000000004e-1 8.0000000000000004e-1
    8.0000000000000004e-1 8.0000000000000004e-1 8.0000000000000004e-1
    8.0000000000000004e-1 8.0000000000000004e-1 8.0000000000000004e-1
    8.0000000000000004e-1 8.0000000000000004e-1 8.0000000000000004e-1
    8.0000000000000004e-1 8.0000000000000004e-1 8.0000000000000004e-1
    8.0000000000000004e-1 8.0000000000000004e-1 8.0000000000000004e-1
    8.0000000000000004e-1 8.0000000000000004e-1 9.0000000000000002e-1
    9.0000000000000002e-1 9.0000000000000002e-1 9.0000000000000002e-1
    9.0000000000000002e-1 9.0000000000000002e-1 9.0000000000000002e-1
    9.0000000000000002e-1 9.0000000000000002e-1 9.0000000000000002e-1
    9.0000000000000002e-1 9.0000000000000002e-1 9.0000000000000002e-1
    9.0000000000000002e-1 9.0000000000000002e-1 9.0000000000000002e-1
    9.0000000000000002e-1 9.0000000000000002e-1 9.0000000000000002e-1
    9.0000000000000002e-1 9.0000000000000002e-1 9.0000000000000002e-1
    9.0000000000000002e-1 9.0000000000000002e-1 9.0000000000000002e-1
    9.0000000000000002e-1 9.0000000000000002e-1 9.0000000000000002e-1
    9.0000000000000002e-1 9.0000000000000002e-1 9.0000000000000002e-1
    9.0000000000000002e-1 9.0000000000000002e-1 9.0000000000000002e-1
    9.0000000000000002e-1 9.0000000000000002e-1 9.0000000000000002e-1
    9.0000000000000002e-1 9.0000000000000002e-1 9.0000000000000002e-1
    9.0000000000000002e-1 9.0000000000000002e-1 9.0000000000000002e-1
    9.0000000000000002e-1 9.0000000000000002e-1 9.0000000000000002e-1
    9.0000000000000002e-1 9.0000000000000002e-1 9.0000000000000002e-1
    9.0000000000000002e-1 9.0000000000000002e-1 9.0000000000000002e-1
    9.0000000000000002e-1 9.0000000000000002e-1 9.0000000000000002e-1
    9.0000000000000002e-1 9.0000000000000002e-1 9.0000000000000002e-1
    9.0000000000000002e-1 9.0000000000000002e-1 9.0000000000000002e-1
    9.0000000000000002e-1 9.0000000000000002e-1 9.0000000000000002e-1
    9.0000000000000002e-1 9.0000000000000002e-1 9.0000000000000002e-1
    9.0000000000000002e-1 9.0000000000000002e-1 9.0000000000000002e-1
    9.0000000000000002e-1 9.0000000000000002e-1 9.0000000000000002e-1
    9.0000000000000002e-1 9.0000000000000002e-1 9.0000000000000002e-1
    9.0000000000000002e-1 9.0000000000000002e-1 9.0000000000000002e-1
    9.0000000000000002e-1 9.0000000000000002e-1 9.0000000000000002e-1
    9.0000000000000002e-1 9.0000000000000002e-1 9.0000000000000002e-1
    9.0000000000000002e-1 9.0000000000000002e-1 9.0000000000000002e-1
    9.0000000000000002e-1 9.0000000000000002e-1 9.0000000000000002e-1
    9.0000000000000002e-1 9.0000000000000002e-1 9.0000000000000002e-1
    9.0000000000000002e-1 9.0000000000000002e-1 9.0000000000000002e-1
    9.0000000000000002e-1 9.0000000000000002e-1 9.0000000000000002e-1
    9.0000000000000002e-1 9.0000000000000002e-1 9.0000000000000002e-1
    9.0000000000000002e-1 9.0000000000000002e-1 9.0000000000000002e-1
    9.0000000000000002e-1 9.0000000000000002e-1 9.0000000000000002e-1
    9.0000000000000002e-1 9.0000000000000002e-1 9.0000000000000002e-1
    9.0000000000000002e-1 9.0000000000000002e-1 9.0000000000000002e-1
    9.0000000000000002e-1 9.0000000000000002e-1 9.0000000000000002e-1
    9.0000000000000002e-1 9.0000000000000002e-1 9.0000000000000002e-1
    9.0000000000000002e-1 9.0000000000000002e-1 9.0000000000000002e-1
    9.0000000000000002e-1 9.0000000000000002e-1 9.0000000000000002e-1
    9.0000000000000002e-1 9.0000000000000002e-1 9.0000000000000002e-1
    9.0000000000000002e-1 9.0000000000000002e-1 9.0000000000000002e-1
    9.0000000000000002e-1 9.0000000000000002e-1 9.0000000000000002e-1
    9.0000000000000002e-1 9.0000000000000002e-1 9.0000000000000002e-1
    9.0000000000000002e-1 9.0000000000000002e-1 9.0000000000000002e-1
    9.0000000000000002e-1 9.0000000000000002e-1 9.0000000000000002e-1
    9.0000000000000002e-1 9.0000000000000002e-1 9.0000000000000002e-1
    9.0000000000000002e-1 9.0000000000000002e-1 9.0000000000000002e-1
    9.0000000000000002e-1 9.0000000000000002e-1 9.0000000000000002e-1
    9.0000000000000002e-1 9.0000000000000002e-1 9.0000000000000002e-1
    9.0000000000000002e-1 9.0000000000000002e-1 9.0000000000000002e-1
    9.0000000000000002e-1 9.0000000000000002e-1 1.0 1.0 1.0 1.0 1.0 1.0 1.0 1.0
    1.0 1.0 1.0 1.0 1.0 1.0 1.0 1.0 1.0 1.0 1.0 1.0 1.0 1.0 1.0 1.0 1.0 1.0 1.0
    1.0 1.0 1.0 1.0 1.0 1.0 1.0 1.0 1.0 1.0 1.0 1.0 1.0 1.0 1.0 1.0 1.0 1.0 1.0
    1.0 1.0 1.0 1.0 1.0 1.0 1.0 1.0 1.0 1.0 1.0 1.0 1.0 1.0 1.0 1.0 1.0 1.0 1.0
    1.0 1.0 1.0 1.0 1.0 1.0 1.0 1.0 1.0 1.0 1.0 1.0 1.0 1.0 1.0 1.0 1.0 1.0 1.0
    1.0 1.0 1.0 1.0 1.0 1.0 1.0 1.0 1.0 1.0 1.0 1.0 1.0 1.0 1.0 1.0 1.0 1.0 1.0
    1.0 1.0 1.0 1.0 1.0 1.0 1.0 1.0 1.0 1.0 1.0 1.0 1.0 1.0 1.0 1.0 1.0 1.0 1.0
    1.0 1.0 1.0 1.0 1.0 1.0 1.0 1.0 1.0 1.0 1.0 1.0 1.0 1.0 1.0 1.0 1.0 1.0 1.0
    1.0 1.0 1.0 1.0 1.0 1.0 1.0 1.0 1.0 1.0 1.0 1.0 1.0 1.0 1.0 1.0 1.0 1.0 1.0
    1.0 1.0 1.0 1.0 1.0 1.0 1.0 1.0 1.0 1.0 1.0 1.0 1.0 1.0 1.0 1.0 1.0 1.0 1.0
    1.0 1.0 1.0 1.0 1.0 1.0 1.0 1.0 1.0 1.0 1.0 1.0 1.0 1.0 1.0 1.0 1.0 1.0 1.0
    1.0 1.0 1.0 1.0 1.0 1.0 1.0 1.0 1.0 1.0 1.0 1.0 1.0 1.0 1.0 1.0 1.0 1.0 1.0
    1.0 1.0 1.0 1.0 1.0 1.0 1.0 1.0 1.0 1.0 1.0 1.0 1.0 1.0 1.0 1.0 1.0 1.0 1.0
    1.0 1.0 1.0 1.0 1.0 1.0 1.0 1.0 1.0 1.0 1.0 1.0 1.0 1.0 1.0 1.0 1.0 1.0 1.0
    1.0 1.0 1.0 1.0 1.0 1.0 1.0 1.0 1.0 1.0 1.0 1.0 1.0 1.0 1.0 1.0 1.0 1.0 1.0
    1.0 1.0 1.0 1.0 1.0 1.0 1.0 1.0 1.0 1.0 1.0 1.0 1.0 1.0 1.0 1.0 1.0 1.0 1.0
    1.0 1.0 1.0 1.0 1.0 1.0 1.0 1.0 1.0 1.0 1.0 1.0 1.0 1.0 1.0 1.0 1.0 1.0 1.0
    1.0 1.0 1.0 1.0 1.0 1.0 1.0 1.0 1.0 1.0 1.0 1.0 1.0 1.0 1.0
    1.1000000000000001 1.1000000000000001 1.1000000000000001 1.1000000000000001
    1.1000000000000001 1.1000000000000001 1.1000000000000001 1.1000000000000001
    1.1000000000000001 1.1000000000000001 1.1000000000000001 1.1000000000000001
    1.1000000000000001 1.1000000000000001 1.1000000000000001 1.1000000000000001
    1.1000000000000001 1.1000000000000001 1.1000000000000001 1.1000000000000001
    1.1000000000000001 1.1000000000000001 1.1000000000000001 1.1000000000000001
    1.1000000000000001 1.1000000000000001 1.1000000000000001 1.1000000000000001
    1.1000000000000001 1.1000000000000001 1.1000000000000001 1.1000000000000001
    1.1000000000000001 1.1000000000000001 1.1000000000000001 1.1000000000000001
    1.1000000000000001 1.1000000000000001 1.1000000000000001 1.1000000000000001
    1.1000000000000001 1.1000000000000001 1.1000000000000001 1.1000000000000001
    1.1000000000000001 1.2 1.2 1.2 1.2 1.2 1.2 1.2 1.2 1.2 1.2 1.2 1.2 1.2 1.2
    1.2 1.2 1.2 1.2 1.2 1.2 1.2 1.2 1.2 1.2 1.2 1.2 1.2 1.2 1.2 1.2 1.2 1.2 1.2
    1.2 1.2 1.2 1.2 1.2 1.2 1.2 1.2 1.2 1.2 1.2 1.2 1.2 1.2 1.2 1.2 1.2 1.2 1.2
    1.2 1.2 1.2 1.2 1.2 1.2 1.2 1.2 1.2 1.2 1.2 1.2 1.2 1.2 1.2 1.2 1.2 1.2 1.2
    1.2 1.2 1.2 1.2 1.2 1.2 1.2 1.2 1.2 1.2 1.2 1.2 1.2 1.2 1.2 1.2 1.2 1.2 1.2
    1.2 1.2 1.2 1.2 1.2 1.2 1.2 1.2 1.2 1.2 1.2 1.2 1.2 1.2 1.2 1.2 1.2 1.2 1.2
    1.2 1.2 1.2 1.2 1.2 1.2 1.2 1.2 1.2 1.2 1.2 1.2 1.2 1.2 1.2 1.2 1.2 1.2 1.2
    1.2 1.2 1.2 1.2 1.2 1.2 1.2 1.2 1.2 1.2 1.2 1.2 1.2 1.2 1.2 1.2 1.2 1.2 1.2
    1.2 1.2 1.2 1.2 1.2 1.2 1.2 1.2 1.2 1.2 1.2 1.2 1.2 1.2 1.2 1.2 1.2 1.2 1.2
    1.2 1.2 1.2 1.2 1.2 1.2 1.2 1.2 1.2 1.2 1.2 1.2 1.2 1.2 1.2 1.2 1.2 1.2 1.2
    1.2 1.2 1.2 1.2 1.2 1.2 1.2 1.2 1.2 1.2 1.2 1.2 1.2 1.2 1.2 1.2 1.2 1.2 1.2
    1.2 1.2 1.2 1.2 1.2 1.2 1.2 1.2 1.2 1.2 1.2 1.2 1.2 1.2 1.2 1.2 1.2 1.2 1.2
    1.2 1.2 1.2 1.2 1.2 1.2 1.2 1.2 1.2 1.2 1.3 1.3 1.3 1.3 1.3 1.3 1.3 1.3 1.3
    1.3 1.3 1.3 1.3 1.3 1.3 1.3 1.3 1.3 1.3 1.3999999999999999
    1.3999999999999999 1.3999999999999999 1.3999999999999999 1.3999999999999999
    1.3999999999999999 1.3999999999999999 1.3999999999999999 1.3999999999999999
    1.3999999999999999 1.3999999999999999 1.3999999999999999 1.3999999999999999
    1.3999999999999999 1.3999999999999999 1.3999999999999999 1.3999999999999999
    1.3999999999999999 1.3999999999999999 1.3999999999999999 1.3999999999999999
    1.3999999999999999 1.3999999999999999 1.3999999999999999 1.3999999999999999
    1.3999999999999999 1.3999999999999999 1.3999999999999999 1.3999999999999999
    1.5 1.5 1.5 1.5 1.5 1.5 1.5 1.5 1.5 1.5 1.5 1.5 1.5 1.5 1.5 1.5 1.5 1.5 1.5
    1.5 1.5 1.5 1.5 1.5 1.5 1.5 1.5 1.5 1.5 1.5 1.5 1.5 1.5 1.5 1.5 1.5 1.5 1.5
    1.5 1.5 1.5 1.5 1.5 1.5 1.5 1.5 1.5 1.5 1.5 1.5 1.5 1.5 1.5 1.5 1.5 1.5 1.5
    1.5 1.5 1.5 1.5 1.5 1.5 1.5 1.5 1.5 1.5 1.5 1.5 1.5 1.5 1.5 1.5 1.5 1.5 1.5
    1.5 1.5 1.5 1.5 1.5 1.5 1.5 1.5 1.5 1.5 1.5 1.5 1.6000000000000001
    1.6000000000000001 1.6000000000000001 1.6000000000000001 1.6000000000000001
    1.6000000000000001 1.6000000000000001 1.6000000000000001 1.6000000000000001
    1.6000000000000001 1.6000000000000001 1.6000000000000001 1.6000000000000001
    1.6000000000000001 1.6000000000000001 1.6000000000000001 1.6000000000000001
    1.6000000000000001 1.6000000000000001 1.6000000000000001 1.6000000000000001
    1.7 1.7 1.7 1.7 1.7 1.7 1.7 1.7 1.7 1.7 1.7 1.7 1.7 1.7 1.7 1.7 1.7 1.7 1.7
    1.7 1.7 1.7 1.7 1.7 1.7 1.7 1.7 1.7 1.7 1.7 1.7 1.7 1.7 1.7 1.7 1.7 1.7 1.7
    1.7 1.7 1.7 1.7 1.7 1.7 1.7 1.7 1.7 1.7 1.7 1.7 1.7 1.7 1.7 1.7 1.7 1.7 1.7
    1.7 1.7 1.7 1.7 1.7 1.7 1.7 1.7 1.7 1.7 1.7 1.7 1.8 1.8 1.8 1.8 1.8
    1.8999999999999999 1.8999999999999999 1.8999999999999999 1.8999999999999999
    1.8999999999999999 1.8999999999999999 1.8999999999999999 1.8999999999999999
    1.8999999999999999 1.8999999999999999 1.8999999999999999 1.8999999999999999
    1.8999999999999999 1.8999999999999999 1.8999999999999999 2.0 2.0 2.0 2.0
    2.0 2.0 2.0 2.0 2.0 2.1000000000000001 2.1000000000000001
    2.1000000000000001 2.1000000000000001 2.1000000000000001 2.2000000000000002
    2.2000000000000002 2.2000000000000002 2.2000000000000002 2.2000000000000002
    2.2000000000000002 2.2999999999999998 2.2999999999999998 2.3999999999999999
    2.3999999999999999 2.3999999999999999 2.3999999999999999 2.5 2.5
    2.6000000000000001 2.7000000000000002 2.7999999999999998 2.7999999999999998
    2.8999999999999999 2.8999999999999999 3.1000000000000001 3.1000000000000001
    3.2000000000000002 3.2000000000000002 3.2999999999999998 3.2999999999999998
    3.3999999999999999 3.3999999999999999 3.6000000000000001 3.6000000000000001
    3.6000000000000001 3.7000000000000002 3.7999999999999998 3.7999999999999998
    3.8999999999999999 3.8999999999999999 3.8999999999999999 4.0 4.0 4.0 4.0
    4.0 4.0999999999999996 4.0999999999999996 4.2000000000000002
    4.2000000000000002 4.2999999999999998 4.2999999999999998 4.2999999999999998
    4.4000000000000004 4.4000000000000004 4.5 4.5 4.5999999999999996
    4.5999999999999996 4.7000000000000002 4.7000000000000002 4.7000000000000002
    4.7999999999999998 4.7999999999999998 4.9000000000000004 4.9000000000000004
    5.0 5.0 5.0 5.0999999999999996 5.0999999999999996 5.0999999999999996
    5.2000000000000002 5.2999999999999998 5.2999999999999998 5.2999999999999998
    5.4000000000000004 5.4000000000000004 5.5 5.5 5.5 5.5 5.5999999999999996
    5.5999999999999996 5.5999999999999996 5.5999999999999996 5.7000000000000002
    5.7000000000000002 5.7000000000000002 5.7999999999999998 5.7999999999999998
    5.7999999999999998 5.9000000000000004 5.9000000000000004 5.9000000000000004
    5.9000000000000004 6.0 6.0 6.0999999999999996 6.0999999999999996
    6.2000000000000002 6.2000000000000002 6.2000000000000002 6.2000000000000002
    6.2000000000000002 6.2000000000000002 6.2000000000000002 6.2000000000000002
    6.2000000000000002 6.2000000000000002 6.2000000000000002 6.2000000000000002
    6.2000000000000002 6.2000000000000002 6.2000000000000002 6.2000000000000002
    6.2000000000000002 6.2000000000000002 6.2000000000000002 6.2000000000000002
    6.2000000000000002 6.2000000000000002 6.2000000000000002 6.2000000000000002
    6.2000000000000002 6.2000000000000002 6.2000000000000002 6.2000000000000002
    6.2000000000000002 6.2000000000000002 6.2000000000000002 6.2000000000000002
    6.2000000000000002 6.2000000000000002 6.2000000000000002 6.2000000000000002
    6.2000000000000002 6.2000000000000002 6.2000000000000002 6.2000000000000002
    6.2000000000000002 6.2000000000000002 6.2000000000000002 6.2000000000000002
    6.2000000000000002 6.2000000000000002 6.2000000000000002 6.2000000000000002
    6.2000000000000002 6.2000000000000002 6.2000000000000002 6.2000000000000002
    6.2000000000000002 6.2000000000000002 6.2000000000000002 6.2000000000000002
    6.2000000000000002 6.2000000000000002 6.2000000000000002 6.2000000000000002
    6.2000000000000002 6.2000000000000002 6.2000000000000002 6.2000000000000002
    6.2000000000000002 6.2000000000000002 6.2000000000000002 6.2000000000000002
    6.2000000000000002 6.2000000000000002 6.2000000000000002 6.2000000000000002
    6.2000000000000002 6.2000000000000002 6.2000000000000002 6.2000000000000002
    6.2000000000000002 6.2000000000000002 6.2000000000000002 6.2000000000000002
    6.2000000000000002 6.2000000000000002 6.2000000000000002 6.2000000000000002
    6.2000000000000002 6.2000000000000002 6.2000000000000002 6.2000000000000002
    6.2000000000000002 6.2000000000000002 6.2000000000000002 6.2000000000000002
    6.2000000000000002 6.2000000000000002 6.2000000000000002 6.2000000000000002
    6.2999999999999998 6.2999999999999998 6.2999999999999998 6.4000000000000004
    6.4000000000000004 6.4000000000000004 6.5 6.5 6.5 6.5 6.5999999999999996
    6.5999999999999996 6.5999999999999996 6.5999999999999996 6.5999999999999996
    6.7000000000000002 6.7000000000000002 6.7000000000000002 6.7000000000000002
    6.7000000000000002 6.7000000000000002 6.7000000000000002 6.7999999999999998
    6.7999999999999998 6.7999999999999998 6.7999999999999998 6.9000000000000004
    6.9000000000000004 6.9000000000000004 6.9000000000000004 6.9000000000000004
    6.9000000000000004 7.0 7.0 7.0 7.0 7.0 7.0 7.0999999999999996
    7.0999999999999996 7.0999999999999996 7.0999999999999996 7.0999999999999996
    7.0999999999999996 7.2000000000000002 7.2000000000000002 7.2000000000000002
    7.2999999999999998 7.2999999999999998 7.2999999999999998 7.2999999999999998
    7.4000000000000004 7.4000000000000004 7.4000000000000004 7.4000000000000004
    7.4000000000000004 7.4000000000000004 7.4000000000000004 7.5 7.5 7.5
    7.5999999999999996 7.5999999999999996 7.5999999999999996 7.7000000000000002
    7.7000000000000002 7.7000000000000002 7.7000000000000002 7.7999999999999998
    7.7999999999999998 7.7999999999999998 7.7999999999999998 7.7999999999999998
    7.9000000000000004 7.9000000000000004 8.0 8.0 8.0 8.0 8.0
    8.0999999999999996 8.0999999999999996 8.0999999999999996 8.0999999999999996
    8.0999999999999996 8.0999999999999996 8.0999999999999996 8.1999999999999993
    8.1999999999999993 8.1999999999999993 8.3000000000000007 8.3000000000000007
    8.3000000000000007 8.3000000000000007 8.4000000000000004 8.4000000000000004
    8.4000000000000004 8.4000000000000004 8.5 8.5 8.5 8.5 8.5999999999999996
    8.5999999999999996 8.6999999999999993 8.6999999999999993 8.6999999999999993
    8.6999999999999993 8.6999999999999993 8.6999999999999993 8.8000000000000007
    8.8000000000000007 8.8000000000000007 8.8000000000000007 8.8000000000000007
    8.9000000000000004 8.9000000000000004 8.9000000000000004 8.9000000000000004
    8.9000000000000004 9.0 9.0 9.0 9.0 9.0999999999999996 9.0999999999999996
    9.1999999999999993 9.1999999999999993 9.3000000000000007 9.3000000000000007
    9.3000000000000007 9.4000000000000004 9.4000000000000004 9.4000000000000004
    9.5 9.5 9.5 9.5 9.5999999999999996 9.5999999999999996 9.5999999999999996
    9.5999999999999996 9.5999999999999996 9.5999999999999996 9.6999999999999993
    9.6999999999999993 9.6999999999999993 9.6999999999999993 9.8000000000000007
    9.8000000000000007 9.8000000000000007 9.8000000000000007 9.8000000000000007
    9.8000000000000007 9.9000000000000004 9.9000000000000004 1.0e+1 1.0e+1
    1.0e+1 1.0e+1 1.0e+1 1.0e+1 1.01e+1 1.01e+1 1.01e+1 1.0199999999999999e+1
    1.0199999999999999e+1 1.0199999999999999e+1 1.0199999999999999e+1
    1.0199999999999999e+1 1.0199999999999999e+1 1.0199999999999999e+1
    1.0199999999999999e+1 1.0199999999999999e+1 1.0199999999999999e+1
    1.0199999999999999e+1 1.0199999999999999e+1 1.0199999999999999e+1
    1.0199999999999999e+1 1.0199999999999999e+1 1.0199999999999999e+1
    1.0199999999999999e+1 1.0199999999999999e+1 1.0199999999999999e+1
    1.0199999999999999e+1 1.0199999999999999e+1 1.0199999999999999e+1
    1.0199999999999999e+1 1.0199999999999999e+1 1.0199999999999999e+1
    1.0199999999999999e+1 1.0199999999999999e+1 1.0199999999999999e+1
    1.0199999999999999e+1 1.0199999999999999e+1 1.0199999999999999e+1
    1.0199999999999999e+1 1.0199999999999999e+1 1.0199999999999999e+1
    1.0199999999999999e+1 1.0199999999999999e+1 1.0199999999999999e+1
    1.0199999999999999e+1 1.0199999999999999e+1 1.0199999999999999e+1
    1.0199999999999999e+1 1.0199999999999999e+1 1.0199999999999999e+1
    1.0199999999999999e+1 1.0199999999999999e+1 1.0199999999999999e+1
    1.0199999999999999e+1 1.0199999999999999e+1 1.0199999999999999e+1
    1.0199999999999999e+1 1.0199999999999999e+1 1.0199999999999999e+1
    1.0199999999999999e+1 1.0199999999999999e+1 1.0199999999999999e+1
    1.0199999999999999e+1 1.0199999999999999e+1 1.0199999999999999e+1
    1.0199999999999999e+1 1.0199999999999999e+1 1.0199999999999999e+1
    1.0199999999999999e+1 1.0199999999999999e+1 1.0199999999999999e+1
    1.0199999999999999e+1 1.0199999999999999e+1 1.0199999999999999e+1
    1.0199999999999999e+1 1.0199999999999999e+1 1.0199999999999999e+1
    1.0199999999999999e+1 1.0199999999999999e+1 1.0199999999999999e+1
    1.0199999999999999e+1 1.0199999999999999e+1 1.0199999999999999e+1
    1.0199999999999999e+1 1.0199999999999999e+1 1.0199999999999999e+1
    1.0199999999999999e+1 1.0199999999999999e+1 1.0199999999999999e+1
    1.0199999999999999e+1 1.0199999999999999e+1 1.0199999999999999e+1
    1.0199999999999999e+1 1.0199999999999999e+1 1.0199999999999999e+1
    1.0199999999999999e+1 1.0199999999999999e+1 1.0199999999999999e+1
    1.0199999999999999e+1 1.0199999999999999e+1 1.0199999999999999e+1
    1.0199999999999999e+1 1.0199999999999999e+1 1.0199999999999999e+1
    1.0199999999999999e+1 1.0300000000000001e+1 1.0300000000000001e+1
    1.0300000000000001e+1 1.04e+1 1.04e+1 1.04e+1 1.04e+1 1.04e+1 1.04e+1
    1.05e+1 1.05e+1 1.05e+1 1.05e+1 1.06e+1 1.06e+1 1.06e+1 1.06e+1
    1.0699999999999999e+1 1.0699999999999999e+1 1.0699999999999999e+1
    1.0699999999999999e+1 1.0699999999999999e+1 1.0699999999999999e+1
    1.0699999999999999e+1 1.0800000000000001e+1 1.0800000000000001e+1
    1.0800000000000001e+1 1.0800000000000001e+1 1.0800000000000001e+1
    1.0800000000000001e+1 1.09e+1 1.09e+1 1.09e+1 1.09e+1 1.09e+1 1.1e+1 1.1e+1
    1.1e+1 1.11e+1 1.11e+1 1.11e+1 1.1199999999999999e+1 1.1199999999999999e+1
    1.1199999999999999e+1 1.1300000000000001e+1 1.1300000000000001e+1
    1.1300000000000001e+1 1.14e+1 1.14e+1 1.14e+1 1.15e+1 1.15e+1 1.15e+1
    1.16e+1 1.16e+1 1.16e+1 1.1699999999999999e+1 1.1699999999999999e+1
    1.1800000000000001e+1 1.1800000000000001e+1 1.1800000000000001e+1
    1.1800000000000001e+1 1.19e+1 1.19e+1 1.19e+1 1.19e+1 1.19e+1 1.19e+1
    1.2e+1 1.2e+1 1.2e+1 1.21e+1 1.21e+1 1.2199999999999999e+1
    1.2199999999999999e+1 1.2199999999999999e+1 1.2199999999999999e+1
    1.2199999999999999e+1 1.2199999999999999e+1 1.2199999999999999e+1
    1.2199999999999999e+1 1.2199999999999999e+1 1.2199999999999999e+1
    1.2199999999999999e+1 1.2199999999999999e+1 1.2199999999999999e+1
    1.2199999999999999e+1 1.2199999999999999e+1 1.2199999999999999e+1
    1.2199999999999999e+1 1.2199999999999999e+1 1.2199999999999999e+1
    1.2199999999999999e+1 1.2199999999999999e+1 1.2199999999999999e+1
    1.2199999999999999e+1 1.2199999999999999e+1 1.2199999999999999e+1
    1.2199999999999999e+1 1.2199999999999999e+1 1.2199999999999999e+1
    1.2199999999999999e+1 1.2199999999999999e+1 1.2199999999999999e+1
    1.2199999999999999e+1 1.2199999999999999e+1 1.2199999999999999e+1
    1.2199999999999999e+1 1.2199999999999999e+1 1.2199999999999999e+1
    1.2199999999999999e+1 1.2199999999999999e+1 1.2199999999999999e+1
    1.2199999999999999e+1 1.2199999999999999e+1 1.2199999999999999e+1
    1.2199999999999999e+1 1.2199999999999999e+1 1.2199999999999999e+1
    1.2199999999999999e+1 1.2199999999999999e+1 1.2199999999999999e+1
    1.2199999999999999e+1 1.2199999999999999e+1 1.2199999999999999e+1
    1.2199999999999999e+1 1.2199999999999999e+1 1.2199999999999999e+1
    1.2199999999999999e+1 1.2199999999999999e+1 1.2199999999999999e+1
    1.2199999999999999e+1 1.2199999999999999e+1 1.2199999999999999e+1
    1.2199999999999999e+1 1.2199999999999999e+1 1.2199999999999999e+1
    1.2199999999999999e+1 1.2199999999999999e+1 1.2199999999999999e+1
    1.2199999999999999e+1 1.2199999999999999e+1 1.2199999999999999e+1
    1.2199999999999999e+1 1.2199999999999999e+1 1.2199999999999999e+1
    1.2199999999999999e+1 1.2199999999999999e+1 1.2199999999999999e+1
    1.2199999999999999e+1 1.2199999999999999e+1 1.2199999999999999e+1
    1.2199999999999999e+1 1.2199999999999999e+1 1.2199999999999999e+1
    1.2199999999999999e+1 1.2199999999999999e+1 1.2199999999999999e+1
    1.2199999999999999e+1 1.2199999999999999e+1 1.2199999999999999e+1
    1.2199999999999999e+1 1.2199999999999999e+1 1.2199999999999999e+1
    1.2199999999999999e+1 1.2199999999999999e+1 1.2199999999999999e+1
    1.2199999999999999e+1 1.2199999999999999e+1 1.2199999999999999e+1
    1.2199999999999999e+1 1.2199999999999999e+1 1.2199999999999999e+1
    1.2300000000000001e+1 1.24e+1 1.25e+1 1.25e+1 1.26e+1 1.26e+1
    1.2699999999999999e+1 1.2800000000000001e+1 1.29e+1 1.29e+1 1.29e+1 1.3e+1
    1.3e+1 1.3e+1 1.31e+1 1.31e+1 1.3199999999999999e+1 1.3199999999999999e+1
    1.3199999999999999e+1 1.3199999999999999e+1 1.3199999999999999e+1
    1.3199999999999999e+1 1.3199999999999999e+1 1.3199999999999999e+1
    1.3199999999999999e+1 1.3199999999999999e+1 1.3199999999999999e+1
    1.3199999999999999e+1 1.3199999999999999e+1 1.3199999999999999e+1
    1.3199999999999999e+1 1.3199999999999999e+1 1.3199999999999999e+1
    1.3199999999999999e+1 1.3199999999999999e+1 1.3199999999999999e+1
    1.3199999999999999e+1 1.3199999999999999e+1 1.3199999999999999e+1
    1.3199999999999999e+1 1.3199999999999999e+1 1.3199999999999999e+1
    1.3199999999999999e+1 1.3199999999999999e+1 1.3199999999999999e+1
    1.3199999999999999e+1 1.3199999999999999e+1 1.3199999999999999e+1
    1.3199999999999999e+1 1.3199999999999999e+1 1.3199999999999999e+1
    1.3199999999999999e+1 1.3199999999999999e+1 1.3199999999999999e+1
    1.3199999999999999e+1 1.3199999999999999e+1 1.3199999999999999e+1
    1.3199999999999999e+1 1.3199999999999999e+1 1.3199999999999999e+1
    1.3199999999999999e+1 1.3199999999999999e+1 1.3199999999999999e+1
    1.3199999999999999e+1 1.3199999999999999e+1 1.3199999999999999e+1
    1.3199999999999999e+1 1.3199999999999999e+1 1.3199999999999999e+1
    1.3199999999999999e+1 1.3199999999999999e+1 1.3199999999999999e+1
    1.3199999999999999e+1 1.3300000000000001e+1 1.3300000000000001e+1
    1.3300000000000001e+1 1.3300000000000001e+1 1.34e+1 1.34e+1 1.34e+1 1.34e+1
    1.35e+1 1.35e+1 1.36e+1 1.36e+1 1.36e+1 1.36e+1 1.36e+1 1.36e+1
    1.3699999999999999e+1 1.3699999999999999e+1 1.3699999999999999e+1
    1.3699999999999999e+1 1.3800000000000001e+1 1.3800000000000001e+1
    1.3800000000000001e+1 1.39e+1 1.39e+1 1.41e+1 1.4199999999999999e+1
    1.4199999999999999e+1 1.4199999999999999e+1 1.4300000000000001e+1
    1.4300000000000001e+1 1.44e+1 1.44e+1 1.45e+1 1.45e+1 1.45e+1 1.45e+1
    1.46e+1 1.46e+1 1.46e+1 1.4699999999999999e+1 1.4800000000000001e+1
    1.4800000000000001e+1 1.49e+1 1.5e+1 1.51e+1 1.51e+1 1.5199999999999999e+1
    1.5199999999999999e+1 1.5199999999999999e+1 1.5300000000000001e+1
    1.5300000000000001e+1 1.5300000000000001e+1 1.54e+1 1.54e+1 1.55e+1 1.56e+1
    1.56e+1 1.5800000000000001e+1 1.5800000000000001e+1 1.5800000000000001e+1
    1.59e+1 1.59e+1 1.6e+1 1.6e+1 1.6e+1 1.6300000000000001e+1
    1.6300000000000001e+1 1.6300000000000001e+1 1.6399999999999999e+1
    1.6399999999999999e+1 1.6600000000000001e+1 1.6600000000000001e+1
    1.6699999999999999e+1 1.6699999999999999e+1 1.6800000000000001e+1
    1.6899999999999999e+1 1.7e+1 1.7e+1 1.7199999999999999e+1
    1.7199999999999999e+1 1.7199999999999999e+1 1.7199999999999999e+1
    1.7300000000000001e+1 1.7300000000000001e+1 1.7300000000000001e+1 1.75e+1
    1.75e+1 1.7600000000000001e+1 1.7800000000000001e+1 1.7800000000000001e+1
    1.8300000000000001e+1 1.8300000000000001e+1 1.8600000000000001e+1
    1.8699999999999999e+1 1.8899999999999999e+1 1.9199999999999999e+1
    1.9399999999999999e+1 1.9600000000000001e+1 1.9800000000000001e+1
    1.9899999999999999e+1 2.0e+1 2.0199999999999999e+1 2.0300000000000001e+1
    2.0300000000000001e+1 2.0600000000000001e+1 2.0800000000000001e+1
    2.2300000000000001e+1 2.2399999999999999e+1 2.3300000000000001e+1
    2.3399999999999999e+1 2.3899999999999999e+1 2.5300000000000001e+1
    2.5399999999999999e+1 2.5800000000000001e+1 2.75e+1 2.7899999999999999e+1
    2.9699999999999999e+1 3.2600000000000001e+1 3.35e+1 3.35e+1 3.65e+1
    3.6600000000000001e+1 3.6600000000000001e+1 3.85e+1 3.8600000000000001e+1
    3.8600000000000001e+1 3.9700000000000003e+1 4.0700000000000003e+1
    4.0700000000000003e+1 4.0700000000000003e+1 4.2700000000000003e+1
    4.2700000000000003e+1 4.2700000000000003e+1 4.5700000000000003e+1
    4.5799999999999997e+1 4.6700000000000003e+1 4.9799999999999997e+1
    5.0899999999999999e+1 5.1799999999999997e+1 5.1799999999999997e+1
    5.1799999999999997e+1 5.2200000000000003e+1 5.3899999999999999e+1
    5.3899999999999999e+1 5.4100000000000001e+1 5.5899999999999999e+1 5.9e+1
    5.9e+1 5.9899999999999999e+1 6.0e+1 6.3e+1 6.3e+1 6.5900000000000006e+1
    6.6e+1 6.6099999999999994e+1 6.7099999999999994e+1 6.9099999999999994e+1
    6.9099999999999994e+1 6.95e+1 7.2200000000000003e+1 7.2200000000000003e+1
    7.2200000000000003e+1 7.3099999999999994e+1 7.3099999999999994e+1
    7.3299999999999997e+1 7.6200000000000003e+1 7.6200000000000003e+1
    7.8200000000000003e+1 7.9099999999999994e+1 7.9200000000000003e+1
    7.9299999999999997e+1 8.0299999999999997e+1 8.0299999999999997e+1
    8.0299999999999997e+1 8.2299999999999997e+1 8.2299999999999997e+1
    8.2299999999999997e+1 8.5400000000000006e+1 8.6299999999999997e+1
    8.6299999999999997e+1 8.6299999999999997e+1 8.6799999999999997e+1
    8.9400000000000006e+1 8.9400000000000006e+1 8.9900000000000006e+1
    9.1299999999999997e+1 9.2400000000000006e+1 9.25e+1 9.35e+1 9.35e+1
    9.3700000000000003e+1 9.3799999999999997e+1 9.55e+1 9.5900000000000006e+1
    9.8799999999999997e+1 9.95e+1 9.95e+1 1.0259999999999999e+2
    1.0459999999999999e+2 1.0459999999999999e+2 1.0559999999999999e+2
    1.0559999999999999e+2 1.057e+2 1.057e+2 1.0709999999999999e+2 1.087e+2
    1.097e+2 1.127e+2 1.158e+2 1.158e+2 1.178e+2 1.178e+2 1.178e+2
    1.1890000000000001e+2 1.2190000000000001e+2 1.2240000000000001e+2
    1.2590000000000001e+2 1.2590000000000001e+2 1.2590000000000001e+2
    1.2590000000000001e+2 1.2590000000000001e+2 1.2609999999999999e+2 1.29e+2
    1.29e+2 1.31e+2 1.31e+2 1.3190000000000001e+2 1.3209999999999999e+2
    1.3309999999999999e+2 1.3509999999999999e+2 1.3509999999999999e+2
    1.3809999999999999e+2 1.3819999999999999e+2 1.3909999999999999e+2
    1.4219999999999999e+2 1.4409999999999999e+2 1.4519999999999999e+2
    1.4519999999999999e+2 1.4630000000000001e+2 1.4630000000000001e+2
    1.4869999999999999e+2 1.5130000000000001e+2 1.5140000000000001e+2
    1.5140000000000001e+2 1.5140000000000001e+2 1.5140000000000001e+2
    1.5230000000000001e+2 1.5230000000000001e+2 1.5230000000000001e+2
    1.5259999999999999e+2 1.5540000000000001e+2 1.5540000000000001e+2
    1.5830000000000001e+2 1.5840000000000001e+2 1.585e+2 1.585e+2 1.595e+2
    1.595e+2 1.595e+2 1.595e+2 1.615e+2 1.615e+2 1.615e+2 1.615e+2
    1.6459999999999999e+2 1.6459999999999999e+2 1.655e+2 1.655e+2
    1.6780000000000001e+2 1.685e+2 1.6859999999999999e+2 1.705e+2
    1.7059999999999999e+2 1.7159999999999999e+2 1.7169999999999999e+2
    1.7269999999999999e+2 1.7269999999999999e+2 1.7269999999999999e+2
    1.7309999999999999e+2 1.7469999999999999e+2 1.7469999999999999e+2
    1.7769999999999999e+2 1.7780000000000001e+2 1.7869999999999999e+2
    1.8169999999999999e+2 1.8169999999999999e+2 1.8380000000000001e+2
    1.8380000000000001e+2 1.8480000000000001e+2 1.8480000000000001e+2
    1.8490000000000001e+2 1.8490000000000001e+2 1.8590000000000001e+2
    1.8590000000000001e+2 1.8590000000000001e+2 1.8790000000000001e+2
    1.8890000000000001e+2 1.9090000000000001e+2 1.95e+2 1.97e+2 1.97e+2 1.97e+2
    1.9809999999999999e+2 1.9809999999999999e+2 1.9809999999999999e+2
    1.9809999999999999e+2 1.9909999999999999e+2 1.9909999999999999e+2
    2.0109999999999999e+2 2.0109999999999999e+2 2.0109999999999999e+2
    2.0419999999999999e+2 2.0419999999999999e+2 2.0419999999999999e+2
    2.0509999999999999e+2 2.0509999999999999e+2 2.0819999999999999e+2
    2.0819999999999999e+2 2.0819999999999999e+2 2.0819999999999999e+2
    2.1019999999999999e+2 2.1019999999999999e+2 2.1119999999999999e+2
    2.1119999999999999e+2 2.1230000000000001e+2 2.1230000000000001e+2
    2.1430000000000001e+2 2.1430000000000001e+2 2.1730000000000001e+2
    2.1740000000000001e+2 2.1830000000000001e+2 2.1830000000000001e+2
    2.2140000000000001e+2 2.2340000000000001e+2 2.2440000000000001e+2 2.255e+2
    2.255e+2 2.255e+2 2.275e+2 2.275e+2 2.275e+2 2.3059999999999999e+2 2.315e+2
    2.315e+2 2.315e+2 2.315e+2 2.345e+2 2.3459999999999999e+2 2.375e+2 2.38e+2
    2.3869999999999999e+2 2.3869999999999999e+2 2.4069999999999999e+2
    2.4069999999999999e+2 2.4069999999999999e+2 2.4069999999999999e+2
    2.4369999999999999e+2 2.4380000000000001e+2 2.4469999999999999e+2
    2.4769999999999999e+2 2.4780000000000001e+2 2.4969999999999999e+2
    2.4980000000000001e+2 2.4980000000000001e+2 2.5090000000000001e+2
    2.5090000000000001e+2 2.5190000000000001e+2 2.5190000000000001e+2
    2.5390000000000001e+2 2.5390000000000001e+2 2.57e+2 2.57e+2
    2.5789999999999998e+2 2.6089999999999998e+2 2.61e+2 2.61e+2 2.63e+2 2.63e+2
    2.64e+2 2.64e+2 2.6510000000000002e+2 2.6510000000000002e+2
    2.6510000000000002e+2 2.6710000000000002e+2 2.6710000000000002e+2
    2.6710000000000002e+2 2.7010000000000002e+2 2.7019999999999999e+2
    2.7019999999999999e+2 2.7019999999999999e+2 2.7110000000000002e+2
    2.7110000000000002e+2 2.7419999999999999e+2 2.7419999999999999e+2
    2.7619999999999999e+2 2.7619999999999999e+2 2.7719999999999999e+2
    2.7719999999999999e+2 2.8030000000000001e+2 2.8030000000000001e+2
    2.8339999999999998e+2 2.8339999999999998e+2 2.8430000000000001e+2
    2.8430000000000001e+2 2.8739999999999998e+2 2.8939999999999998e+2
    2.8939999999999998e+2 2.8939999999999998e+2 2.9039999999999998e+2 2.905e+2
    2.905e+2 2.905e+2 2.935e+2 2.935e+2 2.9660000000000002e+2 2.975e+2 2.975e+2
    3.0060000000000002e+2 3.0260000000000002e+2 3.0260000000000002e+2
    3.0260000000000002e+2 3.0260000000000002e+2 3.0360000000000002e+2
    3.0360000000000002e+2 3.1069999999999999e+2 3.1069999999999999e+2
    3.1380000000000001e+2 3.1569999999999999e+2 3.1580000000000001e+2
    3.1580000000000001e+2 3.1689999999999998e+2 3.1689999999999998e+2
    3.1689999999999998e+2 3.1789999999999998e+2 3.1789999999999998e+2
    3.1989999999999998e+2 3.1989999999999998e+2 3.1989999999999998e+2
    3.2389999999999998e+2 3.27e+2 3.27e+2 3.29e+2 3.29e+2 3.29e+2
    3.3010000000000002e+2 3.3110000000000002e+2 3.3110000000000002e+2
    3.3110000000000002e+2 3.3110000000000002e+2 3.3310000000000002e+2
    3.3619999999999999e+2 3.3619999999999999e+2 3.4010000000000002e+2
    3.4019999999999999e+2 3.4019999999999999e+2 3.4019999999999999e+2
    3.4219999999999999e+2 3.4319999999999999e+2 3.4330000000000001e+2
    3.4430000000000001e+2 3.4630000000000001e+2 3.4630000000000001e+2
    3.4930000000000001e+2 3.4939999999999998e+2 3.5030000000000001e+2
    3.5030000000000001e+2 3.5030000000000001e+2 3.5630000000000001e+2 3.565e+2
    3.565e+2 3.575e+2 3.575e+2 3.575e+2 3.595e+2 3.625e+2 3.6260000000000002e+2
    3.6260000000000002e+2 3.6260000000000002e+2 3.635e+2 3.635e+2
    3.6660000000000002e+2 3.6660000000000002e+2 3.695e+2 3.6960000000000002e+2
    3.6969999999999999e+2 3.7069999999999999e+2 3.7069999999999999e+2
    3.7269999999999999e+2 3.7569999999999999e+2 3.7580000000000001e+2
    3.7669999999999999e+2 3.7669999999999999e+2 3.8180000000000001e+2
    3.8180000000000001e+2 3.8269999999999999e+2 3.8280000000000001e+2
    3.8289999999999998e+2 3.8289999999999998e+2 3.8389999999999998e+2
    3.8389999999999998e+2 3.8589999999999998e+2 3.8589999999999998e+2 3.89e+2
    3.89e+2 3.9289999999999998e+2 3.9289999999999998e+2 3.95e+2 3.95e+2
    3.9589999999999998e+2 3.9610000000000002e+2 3.9610000000000002e+2
    3.9710000000000002e+2 3.9910000000000002e+2 4.0210000000000002e+2
    4.0219999999999999e+2 4.0310000000000002e+2 4.0310000000000002e+2
    4.0619999999999999e+2 4.0810000000000002e+2 4.0819999999999999e+2
    4.0919999999999999e+2 4.0930000000000001e+2 4.1030000000000001e+2
    4.1030000000000001e+2 4.1230000000000001e+2 4.1230000000000001e+2
    4.1230000000000001e+2 4.1230000000000001e+2 4.1530000000000001e+2
    4.1539999999999998e+2 4.1630000000000001e+2 4.1630000000000001e+2
    4.1939999999999998e+2 4.1939999999999998e+2 4.1939999999999998e+2
    4.1939999999999998e+2 4.2139999999999998e+2 4.2139999999999998e+2 4.225e+2
    4.225e+2 4.225e+2 4.235e+2 4.235e+2 4.255e+2 4.2860000000000002e+2
    4.2860000000000002e+2 4.295e+2 4.295e+2 4.295e+2 4.295e+2
    4.3260000000000002e+2 4.3460000000000002e+2 4.3560000000000002e+2
    4.3560000000000002e+2 4.3669999999999999e+2 4.3669999999999999e+2
    4.3869999999999999e+2 4.4180000000000001e+2 4.4269999999999999e+2
    4.4269999999999999e+2 4.4269999999999999e+2 4.4269999999999999e+2
    4.4580000000000001e+2 4.4580000000000001e+2 4.4580000000000001e+2
    4.4580000000000001e+2 4.4780000000000001e+2 4.4839999999999998e+2
    4.4880000000000001e+2 4.4989999999999998e+2 4.5189999999999998e+2
    4.5189999999999998e+2 4.5589999999999998e+2 4.5589999999999998e+2
    4.5589999999999998e+2 4.5589999999999998e+2 4.59e+2 4.59e+2 4.59e+2 4.61e+2
    4.61e+2 4.61e+2 4.62e+2 4.6310000000000002e+2 4.6310000000000002e+2
    4.6310000000000002e+2 4.6510000000000002e+2 4.6510000000000002e+2
    4.6510000000000002e+2 4.6810000000000002e+2 4.6819999999999999e+2
    4.6910000000000002e+2 4.7210000000000002e+2 4.7219999999999999e+2
    4.7219999999999999e+2 4.7219999999999999e+2 4.7419999999999999e+2
    4.7419999999999999e+2 4.7419999999999999e+2 4.7510000000000002e+2
    4.7630000000000001e+2 4.7630000000000001e+2 4.7630000000000001e+2
    4.7830000000000001e+2 4.79e+2 4.8139999999999998e+2 4.8139999999999998e+2
    4.8139999999999998e+2 4.8489999999999998e+2 4.8530000000000001e+2
    4.8539999999999998e+2 4.8539999999999998e+2 4.8730000000000001e+2
    4.8739999999999998e+2 4.8739999999999998e+2 4.8839999999999998e+2
    4.8839999999999998e+2 4.8839999999999998e+2 4.895e+2 4.915e+2 4.955e+2
    4.955e+2 4.9860000000000002e+2 4.9860000000000002e+2 5.005e+2
    5.0060000000000002e+2 5.0060000000000002e+2 5.0160000000000002e+2
    5.0169999999999999e+2 5.025e+2 5.0260000000000002e+2 5.0260000000000002e+2
    5.0260000000000002e+2 5.0260000000000002e+2 5.0260000000000002e+2 5.035e+2
    5.0360000000000002e+2 5.0360000000000002e+2 5.0360000000000002e+2
    5.0360000000000002e+2 5.0360000000000002e+2 5.0360000000000002e+2
    5.0360000000000002e+2 5.0360000000000002e+2 5.0360000000000002e+2
    5.0360000000000002e+2 5.0360000000000002e+2 5.0360000000000002e+2
    5.0360000000000002e+2 5.0360000000000002e+2 5.0360000000000002e+2
    5.0360000000000002e+2 5.0360000000000002e+2 5.0360000000000002e+2
    5.0360000000000002e+2 5.045e+2 5.045e+2 5.055e+2 5.0560000000000002e+2
    5.0560000000000002e+2 5.0560000000000002e+2 5.0560000000000002e+2
    5.0560000000000002e+2 5.0560000000000002e+2 5.0560000000000002e+2
    5.0560000000000002e+2 5.0560000000000002e+2 5.0560000000000002e+2 5.075e+2
    5.0780000000000001e+2 5.0780000000000001e+2 5.0780000000000001e+2
    5.0780000000000001e+2 5.0780000000000001e+2 5.0780000000000001e+2
    5.0780000000000001e+2 5.0780000000000001e+2 5.0780000000000001e+2
    5.0780000000000001e+2 5.0780000000000001e+2 5.0780000000000001e+2
    5.0780000000000001e+2 5.0810000000000002e+2 5.0869999999999999e+2
    5.0869999999999999e+2 5.0869999999999999e+2 5.0880000000000001e+2
    5.0880000000000001e+2 5.0880000000000001e+2 5.0880000000000001e+2
    5.0880000000000001e+2 5.0880000000000001e+2 5.0880000000000001e+2
    5.0880000000000001e+2 5.0880000000000001e+2 5.0880000000000001e+2
    5.1169999999999999e+2 5.1169999999999999e+2 5.1169999999999999e+2),
    winSize: 6.0e+1, binSize: 1.0e+1, tStart: 0.0, tEnd: 7.211e+3, binStart:
    7.211e+3, maxBLsize: 1.0e+4 >
Bye.
