		     \||||||||||||||||||/
		   --- Welcome to Maude ---
		     /||||||||||||||||||\
	     Maude 3.5 built: Sep 25 2024 12:00:00
	     Copyright 1997-2024 SRI International
		   Sun Aug 16 20:43:55 2026
Warning: "smc_cp3-refactored.maude", line 140 (mod SMC_CP3): multiple distinct
    parses for statement
eq sumDiff (F F' FL) = (F' - F) + sumDiff (F' FL) .
Warning: "smc_cp3-refactored.maude", line 145 (mod SMC_CP3): multiple distinct
    parses for statement
eq avgDiff (FL) = if (len (FL) == 1) then 0.0 else sumDiff (FL) / float (len (
    FL) - 1) fi .
Warning: "smc_cp3-refactored.maude", line 150 (mod SMC_CP3): multiple distinct
    parses for statement
eq sumSquaredDiff (F FL, F') = (F - F') * (F - F') + sumSquaredDiff (FL, F') .
Warning: "smc_cp3-refactored.maude", line 225 (mod SMC_CP3): multiple distinct
    parses for statement
eq compLatency (Tsent, Trcvd) = Trcvd - Tsent .
Warning: "smc_cp3-refactored.maude", line 291 (mod SMC_CP3): multiple distinct
    parses for statement
eq getGoodput (< ADDR : IrcMonitor | msgRcvd: ircMTL, attrs >, Tstart, Tend) =
    collectGoodput (filterWindow (ircMTL, Tstart, Tend), Tstart, Tend) * 8.0 /
    (Tend - Tstart) .
Warning: "smc_cp3-refactored.maude", line 381 (mod SMC_CP3): multiple distinct
    parses for statement
eq normMED (NL, NL') = if max (lenMsgIdList (NL), lenMsgIdList (NL')) == 0 then
    1.0 else 1.0 - (float (med (NL, NL')) / float (max (lenMsgIdList (NL),
    lenMsgIdList (NL')))) fi .
Warning: "smc_cp3-refactored.maude", line 500 (mod SMC_CP3): multiple distinct
    parses for statement
eq getMTBF (< ADDR : IrcMonitor | msgSent: ircMTL, msgRcvd: ircMTL', attrs >,
    Tn, Tstart, Tend) = getMTBFAux (filterWindow (ircMTL, Tstart - Tn, Tend +
    Tn), filterWindow (ircMTL', Tstart - Tn, Tend + Tn), Tn, Tstart, Tend) .
Warning: "smc_cp3-refactored.maude", line 560 (mod SMC_CP3): multiple distinct
    parses for statement
eq KsDistanceX (F FL, nil, I, J, invN, invN', D) = max2 (D, abs ((float (I) *
    invN) - 1.0)) .
Warning: "smc_cp3-refactored.maude", line 561 (mod SMC_CP3): multiple distinct
    parses for statement
eq KsDistanceX (nil, F' FL', I, J, invN, invN', D) = max2 (D, abs (1.0 - (float
    (J) * invN'))) .
Warning: "smc_cp3-refactored.maude", line 563 (mod SMC_CP3): multiple distinct
    parses for statement
ceq KsDistanceX (F FL, F' FL', I, J, invN, invN', D) = KsDistanceX (FL1, FL2, I
    + C1, J + C2, invN, invN', max2 (D, abs ((float (I + C1) * invN) - (float (
    J + C2) * invN')))) if F == F' /\ prefix (C1, FL1) := skipEqPrefix (F, F
    FL) /\ prefix (C2, FL2) := skipEqPrefix (F', F' FL') .
Warning: "smc_cp3-refactored.maude", line 569 (mod SMC_CP3): multiple distinct
    parses for statement
ceq KsDistanceX (F FL, F' FL', I, J, invN, invN', D) = KsDistanceX (FL, F' FL',
    I + 1, J, invN, invN', max2 (D, abs ((float (I + 1) * invN) - (float (J) *
    invN')))) if F < F' .
Warning: "smc_cp3-refactored.maude", line 573 (mod SMC_CP3): multiple distinct
    parses for statement
ceq KsDistanceX (F FL, F' FL', I, J, invN, invN', D) = KsDistanceX (F FL, FL',
    I, J + 1, invN, invN', max2 (D, abs ((float (I) * invN) - (float (J + 1) *
    invN')))) if F > F' .
Warning: "smc_cp3-refactored.maude", line 583 (mod SMC_CP3): multiple distinct
    parses for statement
eq KsStatisticZ (FL, FL', K) = KsDistance (FL, FL') - K .
Warning: "smc_cp3-refactored.maude", line 679 (mod SMC_CP3): multiple distinct
    parses for statement
eq compObsFeatureX (vp, dnsQueryRate, Fid, TOL, Tstart, Tend) = float (
    countDNSQuery (vp, Fid, TOL, Tstart, Tend)) / (Tend - Tstart) .
Warning: "smc_cp3-refactored.maude", line 693 (mod SMC_CP3): multiple distinct
    parses for statement
eq compObsFeatureX (vp, tcpUpRate, Fid, TOL, Tstart, Tend) = float (
    sizeTCPUpload (vp, Fid, TOL, Tstart, Tend)) / (Tend - Tstart) .
Warning: "smc_cp3-refactored.maude", line 695 (mod SMC_CP3): multiple distinct
    parses for statement
eq compObsFeatureX (vp, tcpDownRate, Fid, TOL, Tstart, Tend) = float (
    sizeTCPDownload (vp, Fid, TOL, Tstart, Tend)) / (Tend - Tstart) .
Warning: "smc_cp3-refactored.maude", line 703 (mod SMC_CP3): multiple distinct
    parses for statement
eq compObsFeatureX (vp, tcpOutPktRate, Fid, TOL, Tstart, Tend) = float (
    countTCPOutPkt (vp, Fid, TOL, Tstart, Tend)) / (Tend - Tstart) .
Warning: "smc_cp3-refactored.maude", line 705 (mod SMC_CP3): multiple distinct
    parses for statement
eq compObsFeatureX (vp, tcpInPktRate, Fid, TOL, Tstart, Tend) = float (
    countTCPInPkt (vp, Fid, TOL, Tstart, Tend)) / (Tend - Tstart) .
Warning: "smc_cp3-refactored.maude", line 724 (mod SMC_CP3): multiple distinct
    parses for statement
eq compObsFeatureX (vp, dnsQueryRate, TOL, Tstart, Tend) = float (countDNSQuery
    (vp, TOL, Tstart, Tend)) / (Tend - Tstart) .
Warning: "smc_cp3-refactored.maude", line 738 (mod SMC_CP3): multiple distinct
    parses for statement
eq compObsFeatureX (vp, tcpUpRate, TOL, Tstart, Tend) = float (sizeTCPUpload (
    vp, TOL, Tstart, Tend)) / (Tend - Tstart) .
Warning: "smc_cp3-refactored.maude", line 740 (mod SMC_CP3): multiple distinct
    parses for statement
eq compObsFeatureX (vp, tcpDownRate, TOL, Tstart, Tend) = float (
    sizeTCPDownload (vp, TOL, Tstart, Tend)) / (Tend - Tstart) .
Warning: "smc_cp3-refactored.maude", line 748 (mod SMC_CP3): multiple distinct
    parses for statement
eq compObsFeatureX (vp, tcpOutPktRate, TOL, Tstart, Tend) = float (
    countTCPOutPkt (vp, TOL, Tstart, Tend)) / (Tend - Tstart) .
Warning: "smc_cp3-refactored.maude", line 750 (mod SMC_CP3): multiple distinct
    parses for statement
eq compObsFeatureX (vp, tcpInPktRate, TOL, Tstart, Tend) = float (countTCPInPkt
    (vp, TOL, Tstart, Tend)) / (Tend - Tstart) .
Warning: "smc_cp3-refactored.maude", line 911 (mod SMC_CP3): multiple distinct
    parses for statement
ceq expectedKObsFeature (vp, obsF, baselineCDF, binECDFs, T, Tend, winSize,
    binSize, Ksum, N) = if KD >= 0.0 then expectedKObsFeature (vp, obsF,
    baselineCDF, binECDFs, T + binSize, Tend, winSize, binSize, Ksum + KD, N +
    1) else expectedKObsFeature (vp, obsF, baselineCDF, binECDFs, T + binSize,
    Tend, winSize, binSize, Ksum, N) fi if (T + winSize) <= (Tend + Tesp) /\
    ECDF := sort (getECDFObsFeatureRange (binECDFs, floor (rat (T / binSize)),
    (floor (rat (T / binSize)) + floor (rat (winSize / binSize))) - 1)) /\ KD
    := KsDistance (baselineCDF, ECDF) .
Warning: "smc_cp3-refactored.maude", line 1079 (mod SMC_CP3): multiple distinct
    parses for statement
eq getCUSUMZt (< ADDR : Adversary | gt: (bl (vp, obsF, K, Zt) :; blList), attrs
    >, vp, obsF, Tstart, Tend, winSize, binSize) = cusumRange (Zt, floor (rat (
    Tstart / binSize)), floor (rat ((Tend - winSize) / binSize))) .
==========================================
rewrite in HCS-TEST-BASELINE-TCPINPKTRATE-SRVN : run((initState(counter) [
    tgenDelay, to baseLineAddr from baseLineAddr : initBase, 0]) 
{0.0 |
nil}, slimit) .
rewrites: 72519337649 in 8559853ms cpu (8773197ms real) (8472029
    rewrites/second)
result Actor: 
< baseLineAddr : BaseLineMonitor | viewPts: srvN, features: tcpInPktRate,
    baseLine: bl(srvN, tcpInPktRate, 1.8011695343191225e-1,
    1.0000000000000001e-1 1.0000000000000001e-1 1.0000000000000001e-1
    1.0000000000000001e-1 1.0000000000000001e-1 1.0000000000000001e-1
    1.0000000000000001e-1 1.0000000000000001e-1 1.0000000000000001e-1
    1.0000000000000001e-1 1.0000000000000001e-1 1.0000000000000001e-1
    1.0000000000000001e-1 1.0000000000000001e-1 1.0000000000000001e-1
    1.0000000000000001e-1 1.0000000000000001e-1 1.0000000000000001e-1
    1.0000000000000001e-1 1.0000000000000001e-1 1.0000000000000001e-1
    1.0000000000000001e-1 1.0000000000000001e-1 1.0000000000000001e-1
    1.0000000000000001e-1 1.0000000000000001e-1 1.0000000000000001e-1
    1.0000000000000001e-1 1.0000000000000001e-1 1.0000000000000001e-1
    1.0000000000000001e-1 1.0000000000000001e-1 1.0000000000000001e-1
    1.0000000000000001e-1 1.0000000000000001e-1 1.0000000000000001e-1
    1.0000000000000001e-1 1.0000000000000001e-1 1.0000000000000001e-1
    1.0000000000000001e-1 1.0000000000000001e-1 1.0000000000000001e-1
    1.0000000000000001e-1 1.0000000000000001e-1 1.0000000000000001e-1
    1.0000000000000001e-1 1.0000000000000001e-1 1.0000000000000001e-1
    1.0000000000000001e-1 1.0000000000000001e-1 1.0000000000000001e-1
    1.0000000000000001e-1 1.0000000000000001e-1 1.0000000000000001e-1
    1.0000000000000001e-1 1.0000000000000001e-1 1.0000000000000001e-1
    1.0000000000000001e-1 1.0000000000000001e-1 1.0000000000000001e-1
    1.0000000000000001e-1 1.0000000000000001e-1 1.0000000000000001e-1
    1.0000000000000001e-1 1.0000000000000001e-1 1.0000000000000001e-1
    1.0000000000000001e-1 1.0000000000000001e-1 1.0000000000000001e-1
    1.0000000000000001e-1 1.0000000000000001e-1 1.0000000000000001e-1
    1.0000000000000001e-1 1.0000000000000001e-1 1.0000000000000001e-1
    1.0000000000000001e-1 1.0000000000000001e-1 1.0000000000000001e-1
    1.0000000000000001e-1 1.0000000000000001e-1 1.0000000000000001e-1
    1.0000000000000001e-1 1.0000000000000001e-1 1.0000000000000001e-1
    1.0000000000000001e-1 1.0000000000000001e-1 1.0000000000000001e-1
    1.0000000000000001e-1 1.0000000000000001e-1 1.0000000000000001e-1
    1.0000000000000001e-1 1.0000000000000001e-1 1.0000000000000001e-1
    1.0000000000000001e-1 1.0000000000000001e-1 1.0000000000000001e-1
    1.0000000000000001e-1 1.0000000000000001e-1 1.0000000000000001e-1
    1.0000000000000001e-1 1.0000000000000001e-1 1.0000000000000001e-1
    1.0000000000000001e-1 1.0000000000000001e-1 1.0000000000000001e-1
    1.0000000000000001e-1 1.0000000000000001e-1 1.0000000000000001e-1
    1.0000000000000001e-1 1.0000000000000001e-1 1.0000000000000001e-1
    1.0000000000000001e-1 1.0000000000000001e-1 1.0000000000000001e-1
    1.0000000000000001e-1 1.0000000000000001e-1 1.0000000000000001e-1
    1.0000000000000001e-1 1.0000000000000001e-1 1.0000000000000001e-1
    1.0000000000000001e-1 1.0000000000000001e-1 1.0000000000000001e-1
    1.0000000000000001e-1 1.0000000000000001e-1 1.0000000000000001e-1
    1.0000000000000001e-1 1.0000000000000001e-1 1.0000000000000001e-1
    1.0000000000000001e-1 1.0000000000000001e-1 1.0000000000000001e-1
    1.0000000000000001e-1 1.0000000000000001e-1 1.0000000000000001e-1
    1.0000000000000001e-1 1.0000000000000001e-1 1.0000000000000001e-1
    1.0000000000000001e-1 1.0000000000000001e-1 1.0000000000000001e-1
    1.0000000000000001e-1 1.0000000000000001e-1 1.0000000000000001e-1
    1.0000000000000001e-1 1.0000000000000001e-1 1.0000000000000001e-1
    1.0000000000000001e-1 1.0000000000000001e-1 1.0000000000000001e-1
    1.0000000000000001e-1 1.0000000000000001e-1 1.0000000000000001e-1
    1.0000000000000001e-1 1.0000000000000001e-1 1.0000000000000001e-1
    1.0000000000000001e-1 1.0000000000000001e-1 1.0000000000000001e-1
    1.0000000000000001e-1 1.0000000000000001e-1 1.0000000000000001e-1
    1.0000000000000001e-1 1.0000000000000001e-1 1.0000000000000001e-1
    1.0000000000000001e-1 1.0000000000000001e-1 1.0000000000000001e-1
    1.0000000000000001e-1 1.0000000000000001e-1 1.0000000000000001e-1
    1.0000000000000001e-1 1.0000000000000001e-1 1.0000000000000001e-1
    1.0000000000000001e-1 1.0000000000000001e-1 1.0000000000000001e-1
    1.0000000000000001e-1 1.0000000000000001e-1 1.0000000000000001e-1
    1.0000000000000001e-1 1.0000000000000001e-1 1.0000000000000001e-1
    1.0000000000000001e-1 1.0000000000000001e-1 1.0000000000000001e-1
    1.0000000000000001e-1 1.0000000000000001e-1 1.0000000000000001e-1
    1.0000000000000001e-1 1.0000000000000001e-1 1.0000000000000001e-1
    1.0000000000000001e-1 1.0000000000000001e-1 1.0000000000000001e-1
    1.0000000000000001e-1 1.0000000000000001e-1 1.0000000000000001e-1
    1.0000000000000001e-1 1.0000000000000001e-1 1.0000000000000001e-1
    1.0000000000000001e-1 1.0000000000000001e-1 1.0000000000000001e-1
    1.0000000000000001e-1 1.0000000000000001e-1 1.0000000000000001e-1
    1.0000000000000001e-1 1.0000000000000001e-1 1.0000000000000001e-1
    1.0000000000000001e-1 1.0000000000000001e-1 1.0000000000000001e-1
    1.0000000000000001e-1 1.0000000000000001e-1 1.0000000000000001e-1
    1.0000000000000001e-1 1.0000000000000001e-1 1.0000000000000001e-1
    1.0000000000000001e-1 1.0000000000000001e-1 1.0000000000000001e-1
    1.0000000000000001e-1 1.0000000000000001e-1 1.0000000000000001e-1
    1.0000000000000001e-1 1.0000000000000001e-1 1.0000000000000001e-1
    1.0000000000000001e-1 1.0000000000000001e-1 1.0000000000000001e-1
    1.0000000000000001e-1 1.0000000000000001e-1 1.0000000000000001e-1
    1.0000000000000001e-1 1.0000000000000001e-1 1.0000000000000001e-1
    1.0000000000000001e-1 1.0000000000000001e-1 1.0000000000000001e-1
    1.0000000000000001e-1 1.0000000000000001e-1 1.0000000000000001e-1
    1.0000000000000001e-1 1.0000000000000001e-1 1.0000000000000001e-1
    1.0000000000000001e-1 1.0000000000000001e-1 1.0000000000000001e-1
    1.0000000000000001e-1 1.0000000000000001e-1 1.0000000000000001e-1
    1.0000000000000001e-1 1.0000000000000001e-1 1.0000000000000001e-1
    1.0000000000000001e-1 1.0000000000000001e-1 1.0000000000000001e-1
    1.0000000000000001e-1 1.0000000000000001e-1 1.0000000000000001e-1
    1.0000000000000001e-1 1.0000000000000001e-1 1.0000000000000001e-1
    1.0000000000000001e-1 1.0000000000000001e-1 1.0000000000000001e-1
    1.0000000000000001e-1 1.0000000000000001e-1 1.0000000000000001e-1
    1.0000000000000001e-1 1.0000000000000001e-1 1.0000000000000001e-1
    1.0000000000000001e-1 1.0000000000000001e-1 1.0000000000000001e-1
    1.0000000000000001e-1 1.0000000000000001e-1 1.0000000000000001e-1
    1.0000000000000001e-1 1.0000000000000001e-1 1.0000000000000001e-1
    1.0000000000000001e-1 1.0000000000000001e-1 1.0000000000000001e-1
    1.0000000000000001e-1 1.0000000000000001e-1 1.0000000000000001e-1
    1.0000000000000001e-1 1.0000000000000001e-1 1.0000000000000001e-1
    1.0000000000000001e-1 1.0000000000000001e-1 1.0000000000000001e-1
    1.0000000000000001e-1 1.0000000000000001e-1 1.0000000000000001e-1
    1.0000000000000001e-1 1.0000000000000001e-1 1.0000000000000001e-1
    1.0000000000000001e-1 1.0000000000000001e-1 1.0000000000000001e-1
    1.0000000000000001e-1 1.0000000000000001e-1 1.0000000000000001e-1
    1.0000000000000001e-1 1.0000000000000001e-1 1.0000000000000001e-1
    1.0000000000000001e-1 1.0000000000000001e-1 1.0000000000000001e-1
    1.0000000000000001e-1 1.0000000000000001e-1 1.0000000000000001e-1
    1.0000000000000001e-1 1.0000000000000001e-1 1.0000000000000001e-1
    1.0000000000000001e-1 1.0000000000000001e-1 1.0000000000000001e-1
    1.0000000000000001e-1 1.0000000000000001e-1 1.0000000000000001e-1
    1.0000000000000001e-1 1.0000000000000001e-1 1.0000000000000001e-1
    1.0000000000000001e-1 1.0000000000000001e-1 1.0000000000000001e-1
    1.0000000000000001e-1 1.0000000000000001e-1 1.0000000000000001e-1
    1.0000000000000001e-1 1.0000000000000001e-1 1.0000000000000001e-1
    1.0000000000000001e-1 1.0000000000000001e-1 1.0000000000000001e-1
    1.0000000000000001e-1 1.0000000000000001e-1 1.0000000000000001e-1
    1.0000000000000001e-1 1.0000000000000001e-1 1.0000000000000001e-1
    1.0000000000000001e-1 1.0000000000000001e-1 1.0000000000000001e-1
    1.0000000000000001e-1 1.0000000000000001e-1 1.0000000000000001e-1
    1.0000000000000001e-1 1.0000000000000001e-1 1.0000000000000001e-1
    1.0000000000000001e-1 1.0000000000000001e-1 1.0000000000000001e-1
    1.0000000000000001e-1 1.0000000000000001e-1 1.0000000000000001e-1
    1.0000000000000001e-1 1.0000000000000001e-1 1.0000000000000001e-1
    1.0000000000000001e-1 1.0000000000000001e-1 1.0000000000000001e-1
    1.0000000000000001e-1 1.0000000000000001e-1 1.0000000000000001e-1
    1.0000000000000001e-1 1.0000000000000001e-1 1.0000000000000001e-1
    1.0000000000000001e-1 1.0000000000000001e-1 1.0000000000000001e-1
    1.0000000000000001e-1 1.0000000000000001e-1 1.0000000000000001e-1
    1.0000000000000001e-1 1.0000000000000001e-1 1.0000000000000001e-1
    1.0000000000000001e-1 1.0000000000000001e-1 1.0000000000000001e-1
    1.0000000000000001e-1 1.0000000000000001e-1 1.0000000000000001e-1
    1.0000000000000001e-1 1.0000000000000001e-1 1.0000000000000001e-1
    1.0000000000000001e-1 1.0000000000000001e-1 1.0000000000000001e-1
    1.0000000000000001e-1 1.0000000000000001e-1 1.0000000000000001e-1
    1.0000000000000001e-1 1.0000000000000001e-1 1.0000000000000001e-1
    1.0000000000000001e-1 1.0000000000000001e-1 1.0000000000000001e-1
    1.0000000000000001e-1 1.0000000000000001e-1 1.0000000000000001e-1
    1.0000000000000001e-1 1.0000000000000001e-1 1.0000000000000001e-1
    1.0000000000000001e-1 1.0000000000000001e-1 1.0000000000000001e-1
    1.0000000000000001e-1 1.0000000000000001e-1 1.0000000000000001e-1
    1.0000000000000001e-1 1.0000000000000001e-1 1.0000000000000001e-1
    1.0000000000000001e-1 1.0000000000000001e-1 1.0000000000000001e-1
    1.0000000000000001e-1 1.0000000000000001e-1 1.0000000000000001e-1
    1.0000000000000001e-1 1.0000000000000001e-1 1.0000000000000001e-1
    1.0000000000000001e-1 1.0000000000000001e-1 1.0000000000000001e-1
    1.0000000000000001e-1 1.0000000000000001e-1 1.0000000000000001e-1
    1.0000000000000001e-1 1.0000000000000001e-1 1.0000000000000001e-1
    1.0000000000000001e-1 1.0000000000000001e-1 1.0000000000000001e-1
    1.0000000000000001e-1 1.0000000000000001e-1 1.0000000000000001e-1
    1.0000000000000001e-1 1.0000000000000001e-1 1.0000000000000001e-1
    1.0000000000000001e-1 1.0000000000000001e-1 1.0000000000000001e-1
    1.0000000000000001e-1 1.0000000000000001e-1 1.0000000000000001e-1
    1.0000000000000001e-1 1.0000000000000001e-1 1.0000000000000001e-1
    1.0000000000000001e-1 1.0000000000000001e-1 1.0000000000000001e-1
    1.0000000000000001e-1 1.0000000000000001e-1 1.0000000000000001e-1
    1.0000000000000001e-1 1.0000000000000001e-1 1.0000000000000001e-1
    1.0000000000000001e-1 1.0000000000000001e-1 1.0000000000000001e-1
    1.0000000000000001e-1 1.0000000000000001e-1 1.0000000000000001e-1
    1.0000000000000001e-1 1.0000000000000001e-1 1.0000000000000001e-1
    1.0000000000000001e-1 1.0000000000000001e-1 1.0000000000000001e-1
    1.0000000000000001e-1 1.0000000000000001e-1 1.0000000000000001e-1
    1.0000000000000001e-1 1.0000000000000001e-1 1.0000000000000001e-1
    1.0000000000000001e-1 1.0000000000000001e-1 1.0000000000000001e-1
    1.0000000000000001e-1 1.0000000000000001e-1 1.0000000000000001e-1
    1.0000000000000001e-1 1.0000000000000001e-1 1.0000000000000001e-1
    1.0000000000000001e-1 1.0000000000000001e-1 1.0000000000000001e-1
    1.0000000000000001e-1 1.0000000000000001e-1 1.0000000000000001e-1
    1.0000000000000001e-1 1.0000000000000001e-1 1.0000000000000001e-1
    1.0000000000000001e-1 1.0000000000000001e-1 1.0000000000000001e-1
    1.0000000000000001e-1 1.0000000000000001e-1 1.0000000000000001e-1
    1.0000000000000001e-1 1.0000000000000001e-1 1.0000000000000001e-1
    1.0000000000000001e-1 1.0000000000000001e-1 1.0000000000000001e-1
    1.0000000000000001e-1 1.0000000000000001e-1 1.0000000000000001e-1
    1.0000000000000001e-1 1.0000000000000001e-1 1.0000000000000001e-1
    1.0000000000000001e-1 1.0000000000000001e-1 1.0000000000000001e-1
    1.0000000000000001e-1 1.0000000000000001e-1 1.0000000000000001e-1
    1.0000000000000001e-1 1.0000000000000001e-1 1.0000000000000001e-1
    1.0000000000000001e-1 1.0000000000000001e-1 1.0000000000000001e-1
    1.0000000000000001e-1 1.0000000000000001e-1 1.0000000000000001e-1
    1.0000000000000001e-1 1.0000000000000001e-1 1.0000000000000001e-1
    1.0000000000000001e-1 1.0000000000000001e-1 1.0000000000000001e-1
    1.0000000000000001e-1 1.0000000000000001e-1 1.0000000000000001e-1
    1.0000000000000001e-1 1.0000000000000001e-1 1.0000000000000001e-1
    1.0000000000000001e-1 1.0000000000000001e-1 1.0000000000000001e-1
    1.0000000000000001e-1 1.0000000000000001e-1 1.0000000000000001e-1
    1.0000000000000001e-1 1.0000000000000001e-1 1.0000000000000001e-1
    1.0000000000000001e-1 1.0000000000000001e-1 1.0000000000000001e-1
    1.0000000000000001e-1 1.0000000000000001e-1 1.0000000000000001e-1
    1.0000000000000001e-1 1.0000000000000001e-1 1.0000000000000001e-1
    1.0000000000000001e-1 1.0000000000000001e-1 1.0000000000000001e-1
    1.0000000000000001e-1 1.0000000000000001e-1 1.0000000000000001e-1
    1.0000000000000001e-1 1.0000000000000001e-1 1.0000000000000001e-1
    1.0000000000000001e-1 1.0000000000000001e-1 1.0000000000000001e-1
    1.0000000000000001e-1 1.0000000000000001e-1 1.0000000000000001e-1
    1.0000000000000001e-1 1.0000000000000001e-1 1.0000000000000001e-1
    1.0000000000000001e-1 1.0000000000000001e-1 1.0000000000000001e-1
    1.0000000000000001e-1 1.0000000000000001e-1 1.0000000000000001e-1
    1.0000000000000001e-1 1.0000000000000001e-1 1.0000000000000001e-1
    1.0000000000000001e-1 1.0000000000000001e-1 1.0000000000000001e-1
    1.0000000000000001e-1 1.0000000000000001e-1 1.0000000000000001e-1
    1.0000000000000001e-1 1.0000000000000001e-1 1.0000000000000001e-1
    1.0000000000000001e-1 1.0000000000000001e-1 1.0000000000000001e-1
    1.0000000000000001e-1 1.0000000000000001e-1 1.0000000000000001e-1
    1.0000000000000001e-1 1.0000000000000001e-1 1.0000000000000001e-1
    1.0000000000000001e-1 1.0000000000000001e-1 1.0000000000000001e-1
    1.0000000000000001e-1 1.0000000000000001e-1 1.0000000000000001e-1
    1.0000000000000001e-1 1.0000000000000001e-1 1.0000000000000001e-1
    1.0000000000000001e-1 1.0000000000000001e-1 1.0000000000000001e-1
    1.0000000000000001e-1 1.0000000000000001e-1 1.0000000000000001e-1
    1.0000000000000001e-1 1.0000000000000001e-1 1.0000000000000001e-1
    1.0000000000000001e-1 1.0000000000000001e-1 1.0000000000000001e-1
    1.0000000000000001e-1 1.0000000000000001e-1 1.0000000000000001e-1
    1.0000000000000001e-1 1.0000000000000001e-1 1.0000000000000001e-1
    1.0000000000000001e-1 1.0000000000000001e-1 1.0000000000000001e-1
    1.0000000000000001e-1 1.0000000000000001e-1 1.0000000000000001e-1
    1.0000000000000001e-1 1.0000000000000001e-1 1.0000000000000001e-1
    1.0000000000000001e-1 1.0000000000000001e-1 1.0000000000000001e-1
    1.0000000000000001e-1 1.0000000000000001e-1 1.0000000000000001e-1
    1.0000000000000001e-1 1.0000000000000001e-1 1.0000000000000001e-1
    1.0000000000000001e-1 1.0000000000000001e-1 1.0000000000000001e-1
    1.0000000000000001e-1 1.0000000000000001e-1 1.0000000000000001e-1
    1.0000000000000001e-1 1.0000000000000001e-1 1.0000000000000001e-1
    1.0000000000000001e-1 1.0000000000000001e-1 1.0000000000000001e-1
    1.0000000000000001e-1 1.0000000000000001e-1 1.0000000000000001e-1
    1.0000000000000001e-1 1.0000000000000001e-1 1.0000000000000001e-1
    1.0000000000000001e-1 1.0000000000000001e-1 1.0000000000000001e-1
    1.0000000000000001e-1 1.0000000000000001e-1 1.0000000000000001e-1
    1.0000000000000001e-1 1.0000000000000001e-1 1.0000000000000001e-1
    1.0000000000000001e-1 1.0000000000000001e-1 1.0000000000000001e-1
    1.0000000000000001e-1 1.0000000000000001e-1 1.0000000000000001e-1
    1.0000000000000001e-1 1.0000000000000001e-1 1.0000000000000001e-1
    1.0000000000000001e-1 1.0000000000000001e-1 1.0000000000000001e-1
    1.0000000000000001e-1 1.0000000000000001e-1 1.0000000000000001e-1
    1.0000000000000001e-1 1.0000000000000001e-1 1.0000000000000001e-1
    1.0000000000000001e-1 1.0000000000000001e-1 1.0000000000000001e-1
    1.0000000000000001e-1 1.0000000000000001e-1 1.0000000000000001e-1
    1.0000000000000001e-1 1.0000000000000001e-1 1.0000000000000001e-1
    1.0000000000000001e-1 1.0000000000000001e-1 1.0000000000000001e-1
    1.0000000000000001e-1 1.0000000000000001e-1 1.0000000000000001e-1
    1.0000000000000001e-1 1.0000000000000001e-1 1.0000000000000001e-1
    1.0000000000000001e-1 1.0000000000000001e-1 1.0000000000000001e-1
    1.0000000000000001e-1 1.0000000000000001e-1 1.0000000000000001e-1
    1.0000000000000001e-1 1.0000000000000001e-1 1.0000000000000001e-1
    1.0000000000000001e-1 1.0000000000000001e-1 1.0000000000000001e-1
    1.0000000000000001e-1 1.0000000000000001e-1 1.0000000000000001e-1
    1.0000000000000001e-1 1.0000000000000001e-1 1.0000000000000001e-1
    1.0000000000000001e-1 1.0000000000000001e-1 1.0000000000000001e-1
    1.0000000000000001e-1 1.0000000000000001e-1 1.0000000000000001e-1
    1.0000000000000001e-1 1.0000000000000001e-1 1.0000000000000001e-1
    1.0000000000000001e-1 1.0000000000000001e-1 1.0000000000000001e-1
    1.0000000000000001e-1 1.0000000000000001e-1 1.0000000000000001e-1
    1.0000000000000001e-1 1.0000000000000001e-1 1.0000000000000001e-1
    1.0000000000000001e-1 1.0000000000000001e-1 1.0000000000000001e-1
    1.0000000000000001e-1 1.0000000000000001e-1 1.0000000000000001e-1
    1.0000000000000001e-1 1.0000000000000001e-1 1.0000000000000001e-1
    1.0000000000000001e-1 1.0000000000000001e-1 1.0000000000000001e-1
    1.0000000000000001e-1 1.0000000000000001e-1 1.0000000000000001e-1
    1.0000000000000001e-1 1.0000000000000001e-1 1.0000000000000001e-1
    1.0000000000000001e-1 1.0000000000000001e-1 1.0000000000000001e-1
    1.0000000000000001e-1 1.0000000000000001e-1 1.0000000000000001e-1
    1.0000000000000001e-1 1.0000000000000001e-1 1.0000000000000001e-1
    1.0000000000000001e-1 1.0000000000000001e-1 1.0000000000000001e-1
    1.0000000000000001e-1 1.0000000000000001e-1 1.0000000000000001e-1
    1.0000000000000001e-1 1.0000000000000001e-1 1.0000000000000001e-1
    1.0000000000000001e-1 1.0000000000000001e-1 1.0000000000000001e-1
    1.0000000000000001e-1 1.0000000000000001e-1 1.0000000000000001e-1
    1.0000000000000001e-1 1.0000000000000001e-1 1.0000000000000001e-1
    1.0000000000000001e-1 1.0000000000000001e-1 1.0000000000000001e-1
    1.0000000000000001e-1 1.0000000000000001e-1 1.0000000000000001e-1
    1.0000000000000001e-1 1.0000000000000001e-1 1.0000000000000001e-1
    1.0000000000000001e-1 1.0000000000000001e-1 1.0000000000000001e-1
    1.0000000000000001e-1 1.0000000000000001e-1 1.0000000000000001e-1
    1.0000000000000001e-1 1.0000000000000001e-1 1.0000000000000001e-1
    1.0000000000000001e-1 1.0000000000000001e-1 1.0000000000000001e-1
    1.0000000000000001e-1 1.0000000000000001e-1 1.0000000000000001e-1
    1.0000000000000001e-1 1.0000000000000001e-1 1.0000000000000001e-1
    1.0000000000000001e-1 1.0000000000000001e-1 1.0000000000000001e-1
    1.0000000000000001e-1 1.0000000000000001e-1 1.0000000000000001e-1
    1.0000000000000001e-1 1.0000000000000001e-1 1.0000000000000001e-1
    1.0000000000000001e-1 1.0000000000000001e-1 1.0000000000000001e-1
    1.0000000000000001e-1 1.0000000000000001e-1 1.0000000000000001e-1
    1.0000000000000001e-1 1.0000000000000001e-1 1.0000000000000001e-1
    1.0000000000000001e-1 1.0000000000000001e-1 1.0000000000000001e-1
    1.0000000000000001e-1 1.0000000000000001e-1 1.0000000000000001e-1
    1.0000000000000001e-1 1.0000000000000001e-1 1.0000000000000001e-1
    1.0000000000000001e-1 1.0000000000000001e-1 1.0000000000000001e-1
    1.0000000000000001e-1 1.0000000000000001e-1 1.0000000000000001e-1
    1.0000000000000001e-1 1.0000000000000001e-1 1.0000000000000001e-1
    1.0000000000000001e-1 1.0000000000000001e-1 1.0000000000000001e-1
    1.0000000000000001e-1 1.0000000000000001e-1 1.0000000000000001e-1
    1.0000000000000001e-1 1.0000000000000001e-1 1.0000000000000001e-1
    1.0000000000000001e-1 1.0000000000000001e-1 1.0000000000000001e-1
    1.0000000000000001e-1 1.0000000000000001e-1 1.0000000000000001e-1
    1.0000000000000001e-1 1.0000000000000001e-1 1.0000000000000001e-1
    1.0000000000000001e-1 1.0000000000000001e-1 1.0000000000000001e-1
    1.0000000000000001e-1 1.0000000000000001e-1 1.0000000000000001e-1
    1.0000000000000001e-1 1.0000000000000001e-1 1.0000000000000001e-1
    1.0000000000000001e-1 1.0000000000000001e-1 1.0000000000000001e-1
    1.0000000000000001e-1 1.0000000000000001e-1 1.0000000000000001e-1
    1.0000000000000001e-1 1.0000000000000001e-1 1.0000000000000001e-1
    1.0000000000000001e-1 1.0000000000000001e-1 1.0000000000000001e-1
    1.0000000000000001e-1 1.0000000000000001e-1 1.0000000000000001e-1
    1.0000000000000001e-1 1.0000000000000001e-1 1.0000000000000001e-1
    1.0000000000000001e-1 1.0000000000000001e-1 1.0000000000000001e-1
    1.0000000000000001e-1 1.0000000000000001e-1 1.0000000000000001e-1
    1.0000000000000001e-1 1.0000000000000001e-1 1.0000000000000001e-1
    1.0000000000000001e-1 1.0000000000000001e-1 1.0000000000000001e-1
    1.0000000000000001e-1 1.0000000000000001e-1 1.0000000000000001e-1
    1.0000000000000001e-1 1.0000000000000001e-1 1.0000000000000001e-1
    1.0000000000000001e-1 1.0000000000000001e-1 1.0000000000000001e-1
    1.0000000000000001e-1 1.0000000000000001e-1 1.0000000000000001e-1
    1.0000000000000001e-1 1.0000000000000001e-1 1.0000000000000001e-1
    1.0000000000000001e-1 1.0000000000000001e-1 1.0000000000000001e-1
    1.0000000000000001e-1 1.0000000000000001e-1 1.0000000000000001e-1
    1.0000000000000001e-1 1.0000000000000001e-1 1.0000000000000001e-1
    1.0000000000000001e-1 1.0000000000000001e-1 1.0000000000000001e-1
    1.0000000000000001e-1 1.0000000000000001e-1 1.0000000000000001e-1
    1.0000000000000001e-1 1.0000000000000001e-1 1.0000000000000001e-1
    1.0000000000000001e-1 1.0000000000000001e-1 1.0000000000000001e-1
    1.0000000000000001e-1 1.0000000000000001e-1 1.0000000000000001e-1
    1.0000000000000001e-1 1.0000000000000001e-1 1.0000000000000001e-1
    1.0000000000000001e-1 1.0000000000000001e-1 1.0000000000000001e-1
    1.0000000000000001e-1 1.0000000000000001e-1 1.0000000000000001e-1
    1.0000000000000001e-1 1.0000000000000001e-1 1.0000000000000001e-1
    1.0000000000000001e-1 1.0000000000000001e-1 1.0000000000000001e-1
    1.0000000000000001e-1 1.0000000000000001e-1 1.0000000000000001e-1
    1.0000000000000001e-1 1.0000000000000001e-1 1.0000000000000001e-1
    1.0000000000000001e-1 1.0000000000000001e-1 1.0000000000000001e-1
    1.0000000000000001e-1 1.0000000000000001e-1 1.0000000000000001e-1
    1.0000000000000001e-1 1.0000000000000001e-1 1.0000000000000001e-1
    1.0000000000000001e-1 1.0000000000000001e-1 1.0000000000000001e-1
    1.0000000000000001e-1 1.0000000000000001e-1 1.0000000000000001e-1
    1.0000000000000001e-1 1.0000000000000001e-1 1.0000000000000001e-1
    1.0000000000000001e-1 1.0000000000000001e-1 1.0000000000000001e-1
    1.0000000000000001e-1 1.0000000000000001e-1 1.0000000000000001e-1
    1.0000000000000001e-1 1.0000000000000001e-1 1.0000000000000001e-1
    1.0000000000000001e-1 1.0000000000000001e-1 1.0000000000000001e-1
    1.0000000000000001e-1 1.0000000000000001e-1 1.0000000000000001e-1
    1.0000000000000001e-1 1.0000000000000001e-1 1.0000000000000001e-1
    1.0000000000000001e-1 1.0000000000000001e-1 1.0000000000000001e-1
    1.0000000000000001e-1 1.0000000000000001e-1 1.0000000000000001e-1
    1.0000000000000001e-1 1.0000000000000001e-1 1.0000000000000001e-1
    1.0000000000000001e-1 1.0000000000000001e-1 1.0000000000000001e-1
    1.0000000000000001e-1 1.0000000000000001e-1 1.0000000000000001e-1
    1.0000000000000001e-1 1.0000000000000001e-1 1.0000000000000001e-1
    1.0000000000000001e-1 1.0000000000000001e-1 1.0000000000000001e-1
    1.0000000000000001e-1 1.0000000000000001e-1 1.0000000000000001e-1
    1.0000000000000001e-1 1.0000000000000001e-1 1.0000000000000001e-1
    1.0000000000000001e-1 1.0000000000000001e-1 1.0000000000000001e-1
    1.0000000000000001e-1 1.0000000000000001e-1 1.0000000000000001e-1
    1.0000000000000001e-1 1.0000000000000001e-1 1.0000000000000001e-1
    1.0000000000000001e-1 1.0000000000000001e-1 1.0000000000000001e-1
    1.0000000000000001e-1 1.0000000000000001e-1 1.0000000000000001e-1
    1.0000000000000001e-1 1.0000000000000001e-1 1.0000000000000001e-1
    1.0000000000000001e-1 1.0000000000000001e-1 1.0000000000000001e-1
    1.0000000000000001e-1 1.0000000000000001e-1 1.0000000000000001e-1
    1.0000000000000001e-1 1.0000000000000001e-1 1.0000000000000001e-1
    1.0000000000000001e-1 1.0000000000000001e-1 1.0000000000000001e-1
    1.0000000000000001e-1 1.0000000000000001e-1 1.0000000000000001e-1
    1.0000000000000001e-1 1.0000000000000001e-1 1.0000000000000001e-1
    1.0000000000000001e-1 1.0000000000000001e-1 1.0000000000000001e-1
    1.0000000000000001e-1 1.0000000000000001e-1 1.0000000000000001e-1
    1.0000000000000001e-1 1.0000000000000001e-1 1.0000000000000001e-1
    1.0000000000000001e-1 1.0000000000000001e-1 1.0000000000000001e-1
    1.0000000000000001e-1 1.0000000000000001e-1 1.0000000000000001e-1
    1.0000000000000001e-1 1.0000000000000001e-1 1.0000000000000001e-1
    1.0000000000000001e-1 1.0000000000000001e-1 1.0000000000000001e-1
    1.0000000000000001e-1 1.0000000000000001e-1 1.0000000000000001e-1
    1.0000000000000001e-1 1.0000000000000001e-1 1.0000000000000001e-1
    1.0000000000000001e-1 1.0000000000000001e-1 1.0000000000000001e-1
    1.0000000000000001e-1 1.0000000000000001e-1 1.0000000000000001e-1
    1.0000000000000001e-1 1.0000000000000001e-1 1.0000000000000001e-1
    1.0000000000000001e-1 1.0000000000000001e-1 1.0000000000000001e-1
    1.0000000000000001e-1 1.0000000000000001e-1 1.0000000000000001e-1
    1.0000000000000001e-1 1.0000000000000001e-1 1.0000000000000001e-1
    1.0000000000000001e-1 1.0000000000000001e-1 1.0000000000000001e-1
    1.0000000000000001e-1 1.0000000000000001e-1 1.0000000000000001e-1
    1.0000000000000001e-1 1.0000000000000001e-1 1.0000000000000001e-1
    1.0000000000000001e-1 1.0000000000000001e-1 1.0000000000000001e-1
    1.0000000000000001e-1 1.0000000000000001e-1 1.0000000000000001e-1
    1.0000000000000001e-1 1.0000000000000001e-1 1.0000000000000001e-1
    1.0000000000000001e-1 1.0000000000000001e-1 1.0000000000000001e-1
    1.0000000000000001e-1 1.0000000000000001e-1 1.0000000000000001e-1
    1.0000000000000001e-1 1.0000000000000001e-1 1.0000000000000001e-1
    1.0000000000000001e-1 1.0000000000000001e-1 1.0000000000000001e-1
    1.0000000000000001e-1 1.0000000000000001e-1 1.0000000000000001e-1
    1.0000000000000001e-1 1.0000000000000001e-1 1.0000000000000001e-1
    1.0000000000000001e-1 1.0000000000000001e-1 1.0000000000000001e-1
    1.0000000000000001e-1 1.0000000000000001e-1 1.0000000000000001e-1
    1.0000000000000001e-1 1.0000000000000001e-1 1.0000000000000001e-1
    1.0000000000000001e-1 1.0000000000000001e-1 1.0000000000000001e-1
    1.0000000000000001e-1 1.0000000000000001e-1 1.0000000000000001e-1
    1.0000000000000001e-1 1.0000000000000001e-1 1.0000000000000001e-1
    1.0000000000000001e-1 1.0000000000000001e-1 1.0000000000000001e-1
    1.0000000000000001e-1 1.0000000000000001e-1 1.0000000000000001e-1
    1.0000000000000001e-1 1.0000000000000001e-1 1.0000000000000001e-1
    1.0000000000000001e-1 1.0000000000000001e-1 1.0000000000000001e-1
    1.0000000000000001e-1 1.0000000000000001e-1 1.0000000000000001e-1
    1.0000000000000001e-1 1.0000000000000001e-1 1.0000000000000001e-1
    1.0000000000000001e-1 1.0000000000000001e-1 1.0000000000000001e-1
    1.0000000000000001e-1 1.0000000000000001e-1 1.0000000000000001e-1
    1.0000000000000001e-1 1.0000000000000001e-1 1.0000000000000001e-1
    1.0000000000000001e-1 1.0000000000000001e-1 1.0000000000000001e-1
    1.0000000000000001e-1 1.0000000000000001e-1 1.0000000000000001e-1
    1.0000000000000001e-1 1.0000000000000001e-1 1.0000000000000001e-1
    1.0000000000000001e-1 1.0000000000000001e-1 1.0000000000000001e-1
    1.0000000000000001e-1 1.0000000000000001e-1 1.0000000000000001e-1
    1.0000000000000001e-1 1.0000000000000001e-1 1.0000000000000001e-1
    1.0000000000000001e-1 1.0000000000000001e-1 1.0000000000000001e-1
    1.0000000000000001e-1 1.0000000000000001e-1 1.0000000000000001e-1
    1.0000000000000001e-1 1.0000000000000001e-1 1.0000000000000001e-1
    1.0000000000000001e-1 1.0000000000000001e-1 1.0000000000000001e-1
    1.0000000000000001e-1 1.0000000000000001e-1 1.0000000000000001e-1
    1.0000000000000001e-1 1.0000000000000001e-1 1.0000000000000001e-1
    1.0000000000000001e-1 1.0000000000000001e-1 1.0000000000000001e-1
    1.0000000000000001e-1 1.0000000000000001e-1 1.0000000000000001e-1
    1.0000000000000001e-1 1.0000000000000001e-1 1.0000000000000001e-1
    1.0000000000000001e-1 1.0000000000000001e-1 1.0000000000000001e-1
    1.0000000000000001e-1 1.0000000000000001e-1 1.0000000000000001e-1
    1.0000000000000001e-1 1.0000000000000001e-1 1.0000000000000001e-1
    1.0000000000000001e-1 1.0000000000000001e-1 1.0000000000000001e-1
    1.0000000000000001e-1 1.0000000000000001e-1 1.0000000000000001e-1
    1.0000000000000001e-1 1.0000000000000001e-1 1.0000000000000001e-1
    1.0000000000000001e-1 1.0000000000000001e-1 1.0000000000000001e-1
    1.0000000000000001e-1 1.0000000000000001e-1 1.0000000000000001e-1
    1.0000000000000001e-1 1.0000000000000001e-1 1.0000000000000001e-1
    1.0000000000000001e-1 1.0000000000000001e-1 1.0000000000000001e-1
    1.0000000000000001e-1 1.0000000000000001e-1 1.0000000000000001e-1
    1.0000000000000001e-1 1.0000000000000001e-1 1.0000000000000001e-1
    1.0000000000000001e-1 1.0000000000000001e-1 1.0000000000000001e-1
    1.0000000000000001e-1 1.0000000000000001e-1 1.0000000000000001e-1
    1.0000000000000001e-1 1.0000000000000001e-1 1.0000000000000001e-1
    1.0000000000000001e-1 1.0000000000000001e-1 1.0000000000000001e-1
    1.0000000000000001e-1 1.0000000000000001e-1 1.0000000000000001e-1
    1.0000000000000001e-1 1.0000000000000001e-1 1.0000000000000001e-1
    1.0000000000000001e-1 1.0000000000000001e-1 1.0000000000000001e-1
    1.0000000000000001e-1 1.0000000000000001e-1 1.0000000000000001e-1
    1.0000000000000001e-1 1.0000000000000001e-1 1.0000000000000001e-1
    1.0000000000000001e-1 1.0000000000000001e-1 1.0000000000000001e-1
    1.0000000000000001e-1 1.0000000000000001e-1 1.0000000000000001e-1
    1.0000000000000001e-1 1.0000000000000001e-1 1.0000000000000001e-1
    1.0000000000000001e-1 1.0000000000000001e-1 1.0000000000000001e-1
    1.0000000000000001e-1 1.0000000000000001e-1 1.0000000000000001e-1
    1.0000000000000001e-1 1.0000000000000001e-1 1.0000000000000001e-1
    1.0000000000000001e-1 1.0000000000000001e-1 1.0000000000000001e-1
    1.0000000000000001e-1 1.0000000000000001e-1 1.0000000000000001e-1
    1.0000000000000001e-1 1.0000000000000001e-1 1.0000000000000001e-1
    1.0000000000000001e-1 1.0000000000000001e-1 1.0000000000000001e-1
    1.0000000000000001e-1 1.0000000000000001e-1 1.0000000000000001e-1
    1.0000000000000001e-1 1.0000000000000001e-1 1.0000000000000001e-1
    1.0000000000000001e-1 1.0000000000000001e-1 1.0000000000000001e-1
    1.0000000000000001e-1 1.0000000000000001e-1 1.0000000000000001e-1
    1.0000000000000001e-1 1.0000000000000001e-1 1.0000000000000001e-1
    1.0000000000000001e-1 1.0000000000000001e-1 1.0000000000000001e-1
    1.0000000000000001e-1 1.0000000000000001e-1 1.0000000000000001e-1
    1.0000000000000001e-1 1.0000000000000001e-1 1.0000000000000001e-1
    1.0000000000000001e-1 1.0000000000000001e-1 1.0000000000000001e-1
    1.0000000000000001e-1 1.0000000000000001e-1 1.0000000000000001e-1
    1.0000000000000001e-1 1.0000000000000001e-1 1.0000000000000001e-1
    1.0000000000000001e-1 1.0000000000000001e-1 1.0000000000000001e-1
    1.0000000000000001e-1 1.0000000000000001e-1 1.0000000000000001e-1
    1.0000000000000001e-1 1.0000000000000001e-1 1.0000000000000001e-1
    1.0000000000000001e-1 1.0000000000000001e-1 1.0000000000000001e-1
    1.0000000000000001e-1 1.0000000000000001e-1 1.0000000000000001e-1
    1.0000000000000001e-1 1.0000000000000001e-1 1.0000000000000001e-1
    1.0000000000000001e-1 1.0000000000000001e-1 1.0000000000000001e-1
    1.0000000000000001e-1 1.0000000000000001e-1 1.0000000000000001e-1
    1.0000000000000001e-1 1.0000000000000001e-1 1.0000000000000001e-1
    1.0000000000000001e-1 1.0000000000000001e-1 1.0000000000000001e-1
    1.0000000000000001e-1 1.0000000000000001e-1 1.0000000000000001e-1
    1.0000000000000001e-1 1.0000000000000001e-1 1.0000000000000001e-1
    1.0000000000000001e-1 1.0000000000000001e-1 1.0000000000000001e-1
    1.0000000000000001e-1 1.0000000000000001e-1 1.0000000000000001e-1
    1.0000000000000001e-1 1.0000000000000001e-1 1.0000000000000001e-1
    1.0000000000000001e-1 1.0000000000000001e-1 1.0000000000000001e-1
    1.0000000000000001e-1 1.0000000000000001e-1 1.0000000000000001e-1
    1.0000000000000001e-1 1.0000000000000001e-1 1.0000000000000001e-1
    1.0000000000000001e-1 1.0000000000000001e-1 1.0000000000000001e-1
    1.0000000000000001e-1 1.0000000000000001e-1 1.0000000000000001e-1
    1.0000000000000001e-1 1.0000000000000001e-1 1.0000000000000001e-1
    1.0000000000000001e-1 1.0000000000000001e-1 1.0000000000000001e-1
    1.0000000000000001e-1 1.0000000000000001e-1 1.0000000000000001e-1
    1.0000000000000001e-1 1.0000000000000001e-1 1.0000000000000001e-1
    1.0000000000000001e-1 1.0000000000000001e-1 1.0000000000000001e-1
    1.0000000000000001e-1 1.0000000000000001e-1 1.0000000000000001e-1
    1.0000000000000001e-1 1.0000000000000001e-1 1.0000000000000001e-1
    1.0000000000000001e-1 1.0000000000000001e-1 1.0000000000000001e-1
    1.0000000000000001e-1 1.0000000000000001e-1 1.0000000000000001e-1
    1.0000000000000001e-1 1.0000000000000001e-1 1.0000000000000001e-1
    1.0000000000000001e-1 1.0000000000000001e-1 1.0000000000000001e-1
    1.0000000000000001e-1 1.0000000000000001e-1 1.0000000000000001e-1
    1.0000000000000001e-1 1.0000000000000001e-1 1.0000000000000001e-1
    1.0000000000000001e-1 1.0000000000000001e-1 1.0000000000000001e-1
    1.0000000000000001e-1 1.0000000000000001e-1 1.0000000000000001e-1
    1.0000000000000001e-1 1.0000000000000001e-1 1.0000000000000001e-1
    1.0000000000000001e-1 1.0000000000000001e-1 1.0000000000000001e-1
    1.0000000000000001e-1 1.0000000000000001e-1 1.0000000000000001e-1
    1.0000000000000001e-1 1.0000000000000001e-1 1.0000000000000001e-1
    1.0000000000000001e-1 1.0000000000000001e-1 1.0000000000000001e-1
    1.0000000000000001e-1 1.0000000000000001e-1 1.0000000000000001e-1
    1.0000000000000001e-1 1.0000000000000001e-1 1.0000000000000001e-1
    1.0000000000000001e-1 1.0000000000000001e-1 1.0000000000000001e-1
    1.0000000000000001e-1 1.0000000000000001e-1 1.0000000000000001e-1
    1.0000000000000001e-1 1.0000000000000001e-1 1.0000000000000001e-1
    1.0000000000000001e-1 1.0000000000000001e-1 1.0000000000000001e-1
    1.0000000000000001e-1 1.0000000000000001e-1 1.0000000000000001e-1
    1.0000000000000001e-1 1.0000000000000001e-1 1.0000000000000001e-1
    1.0000000000000001e-1 1.0000000000000001e-1 1.0000000000000001e-1
    1.0000000000000001e-1 1.0000000000000001e-1 1.0000000000000001e-1
    1.0000000000000001e-1 1.0000000000000001e-1 1.0000000000000001e-1
    1.0000000000000001e-1 1.0000000000000001e-1 1.0000000000000001e-1
    1.0000000000000001e-1 1.0000000000000001e-1 1.0000000000000001e-1
    1.0000000000000001e-1 1.0000000000000001e-1 1.0000000000000001e-1
    1.0000000000000001e-1 1.0000000000000001e-1 1.0000000000000001e-1
    1.0000000000000001e-1 1.0000000000000001e-1 1.0000000000000001e-1
    1.0000000000000001e-1 1.0000000000000001e-1 1.0000000000000001e-1
    1.0000000000000001e-1 1.0000000000000001e-1 1.0000000000000001e-1
    1.0000000000000001e-1 1.0000000000000001e-1 1.0000000000000001e-1
    1.0000000000000001e-1 1.0000000000000001e-1 1.0000000000000001e-1
    1.0000000000000001e-1 1.0000000000000001e-1 1.0000000000000001e-1
    1.0000000000000001e-1 1.0000000000000001e-1 1.0000000000000001e-1
    1.0000000000000001e-1 1.0000000000000001e-1 1.0000000000000001e-1
    1.0000000000000001e-1 1.0000000000000001e-1 1.0000000000000001e-1
    1.0000000000000001e-1 1.0000000000000001e-1 1.0000000000000001e-1
    1.0000000000000001e-1 1.0000000000000001e-1 1.0000000000000001e-1
    1.0000000000000001e-1 1.0000000000000001e-1 1.0000000000000001e-1
    1.0000000000000001e-1 1.0000000000000001e-1 1.0000000000000001e-1
    1.0000000000000001e-1 1.0000000000000001e-1 1.0000000000000001e-1
    1.0000000000000001e-1 1.0000000000000001e-1 1.0000000000000001e-1
    1.0000000000000001e-1 1.0000000000000001e-1 1.0000000000000001e-1
    1.0000000000000001e-1 1.0000000000000001e-1 1.0000000000000001e-1
    1.0000000000000001e-1 1.0000000000000001e-1 1.0000000000000001e-1
    1.0000000000000001e-1 1.0000000000000001e-1 1.0000000000000001e-1
    1.0000000000000001e-1 1.0000000000000001e-1 1.0000000000000001e-1
    1.0000000000000001e-1 1.0000000000000001e-1 1.0000000000000001e-1
    1.0000000000000001e-1 1.0000000000000001e-1 1.0000000000000001e-1
    1.0000000000000001e-1 1.0000000000000001e-1 1.0000000000000001e-1
    1.0000000000000001e-1 1.0000000000000001e-1 1.0000000000000001e-1
    1.0000000000000001e-1 1.0000000000000001e-1 1.0000000000000001e-1
    1.0000000000000001e-1 1.0000000000000001e-1 1.0000000000000001e-1
    1.0000000000000001e-1 1.0000000000000001e-1 1.0000000000000001e-1
    1.0000000000000001e-1 1.0000000000000001e-1 1.0000000000000001e-1
    1.0000000000000001e-1 1.0000000000000001e-1 1.0000000000000001e-1
    1.0000000000000001e-1 1.0000000000000001e-1 1.0000000000000001e-1
    1.0000000000000001e-1 1.0000000000000001e-1 1.0000000000000001e-1
    1.0000000000000001e-1 1.0000000000000001e-1 1.0000000000000001e-1
    1.0000000000000001e-1 1.0000000000000001e-1 1.0000000000000001e-1
    1.0000000000000001e-1 1.0000000000000001e-1 1.0000000000000001e-1
    1.0000000000000001e-1 1.0000000000000001e-1 1.0000000000000001e-1
    1.0000000000000001e-1 1.0000000000000001e-1 1.0000000000000001e-1
    1.0000000000000001e-1 1.0000000000000001e-1 1.0000000000000001e-1
    1.0000000000000001e-1 1.0000000000000001e-1 1.0000000000000001e-1
    1.0000000000000001e-1 1.0000000000000001e-1 1.0000000000000001e-1
    1.0000000000000001e-1 1.0000000000000001e-1 1.0000000000000001e-1
    1.0000000000000001e-1 1.0000000000000001e-1 1.0000000000000001e-1
    1.0000000000000001e-1 1.0000000000000001e-1 1.0000000000000001e-1
    1.0000000000000001e-1 1.0000000000000001e-1 1.0000000000000001e-1
    1.0000000000000001e-1 1.0000000000000001e-1 1.0000000000000001e-1
    1.0000000000000001e-1 1.0000000000000001e-1 1.0000000000000001e-1
    1.0000000000000001e-1 1.0000000000000001e-1 1.0000000000000001e-1
    1.0000000000000001e-1 1.0000000000000001e-1 1.0000000000000001e-1
    1.0000000000000001e-1 1.0000000000000001e-1 1.0000000000000001e-1
    1.0000000000000001e-1 1.0000000000000001e-1 1.0000000000000001e-1
    1.0000000000000001e-1 1.0000000000000001e-1 1.0000000000000001e-1
    1.0000000000000001e-1 1.0000000000000001e-1 1.0000000000000001e-1
    1.0000000000000001e-1 1.0000000000000001e-1 1.0000000000000001e-1
    1.0000000000000001e-1 1.0000000000000001e-1 1.0000000000000001e-1
    1.0000000000000001e-1 1.0000000000000001e-1 1.0000000000000001e-1
    1.0000000000000001e-1 1.0000000000000001e-1 1.0000000000000001e-1
    1.0000000000000001e-1 1.0000000000000001e-1 1.0000000000000001e-1
    1.0000000000000001e-1 1.0000000000000001e-1 1.0000000000000001e-1
    1.0000000000000001e-1 1.0000000000000001e-1 1.0000000000000001e-1
    1.0000000000000001e-1 1.0000000000000001e-1 1.0000000000000001e-1
    1.0000000000000001e-1 1.0000000000000001e-1 1.0000000000000001e-1
    1.0000000000000001e-1 1.0000000000000001e-1 1.0000000000000001e-1
    1.0000000000000001e-1 1.0000000000000001e-1 1.0000000000000001e-1
    1.0000000000000001e-1 1.0000000000000001e-1 1.0000000000000001e-1
    1.0000000000000001e-1 1.0000000000000001e-1 1.0000000000000001e-1
    1.0000000000000001e-1 1.0000000000000001e-1 1.0000000000000001e-1
    1.0000000000000001e-1 1.0000000000000001e-1 1.0000000000000001e-1
    1.0000000000000001e-1 1.0000000000000001e-1 1.0000000000000001e-1
    1.0000000000000001e-1 1.0000000000000001e-1 1.0000000000000001e-1
    1.0000000000000001e-1 1.0000000000000001e-1 1.0000000000000001e-1
    1.0000000000000001e-1 1.0000000000000001e-1 1.0000000000000001e-1
    1.0000000000000001e-1 1.0000000000000001e-1 1.0000000000000001e-1
    1.0000000000000001e-1 1.0000000000000001e-1 1.0000000000000001e-1
    1.0000000000000001e-1 1.0000000000000001e-1 1.0000000000000001e-1
    1.0000000000000001e-1 1.0000000000000001e-1 1.0000000000000001e-1
    1.0000000000000001e-1 1.0000000000000001e-1 1.0000000000000001e-1
    1.0000000000000001e-1 1.0000000000000001e-1 1.0000000000000001e-1
    1.0000000000000001e-1 1.0000000000000001e-1 1.0000000000000001e-1
    1.0000000000000001e-1 1.0000000000000001e-1 1.0000000000000001e-1
    1.0000000000000001e-1 1.0000000000000001e-1 1.0000000000000001e-1
    1.0000000000000001e-1 1.0000000000000001e-1 1.0000000000000001e-1
    1.0000000000000001e-1 1.0000000000000001e-1 1.0000000000000001e-1
    1.0000000000000001e-1 1.0000000000000001e-1 1.0000000000000001e-1
    1.0000000000000001e-1 1.0000000000000001e-1 1.0000000000000001e-1
    1.0000000000000001e-1 1.0000000000000001e-1 1.0000000000000001e-1
    1.0000000000000001e-1 1.0000000000000001e-1 1.0000000000000001e-1
    1.0000000000000001e-1 1.0000000000000001e-1 1.0000000000000001e-1
    1.0000000000000001e-1 1.0000000000000001e-1 1.0000000000000001e-1
    1.0000000000000001e-1 1.0000000000000001e-1 1.0000000000000001e-1
    1.0000000000000001e-1 1.0000000000000001e-1 1.0000000000000001e-1
    1.0000000000000001e-1 1.0000000000000001e-1 1.0000000000000001e-1
    1.0000000000000001e-1 1.0000000000000001e-1 1.0000000000000001e-1
    1.0000000000000001e-1 1.0000000000000001e-1 1.0000000000000001e-1
    1.0000000000000001e-1 1.0000000000000001e-1 1.0000000000000001e-1
    1.0000000000000001e-1 1.0000000000000001e-1 1.0000000000000001e-1
    1.0000000000000001e-1 1.0000000000000001e-1 1.0000000000000001e-1
    1.0000000000000001e-1 1.0000000000000001e-1 1.0000000000000001e-1
    1.0000000000000001e-1 1.0000000000000001e-1 1.0000000000000001e-1
    1.0000000000000001e-1 1.0000000000000001e-1 1.0000000000000001e-1
    1.0000000000000001e-1 1.0000000000000001e-1 1.0000000000000001e-1
    1.0000000000000001e-1 1.0000000000000001e-1 1.0000000000000001e-1
    1.0000000000000001e-1 1.0000000000000001e-1 1.0000000000000001e-1
    1.0000000000000001e-1 1.0000000000000001e-1 1.0000000000000001e-1
    1.0000000000000001e-1 1.0000000000000001e-1 1.0000000000000001e-1
    1.0000000000000001e-1 1.0000000000000001e-1 1.0000000000000001e-1
    1.0000000000000001e-1 1.0000000000000001e-1 1.0000000000000001e-1
    1.0000000000000001e-1 1.0000000000000001e-1 1.0000000000000001e-1
    1.0000000000000001e-1 1.0000000000000001e-1 1.0000000000000001e-1
    1.0000000000000001e-1 1.0000000000000001e-1 1.0000000000000001e-1
    1.0000000000000001e-1 1.0000000000000001e-1 1.0000000000000001e-1
    1.0000000000000001e-1 1.0000000000000001e-1 1.0000000000000001e-1
    1.0000000000000001e-1 1.0000000000000001e-1 1.0000000000000001e-1
    1.0000000000000001e-1 1.0000000000000001e-1 1.0000000000000001e-1
    1.0000000000000001e-1 1.0000000000000001e-1 1.0000000000000001e-1
    1.0000000000000001e-1 1.0000000000000001e-1 1.0000000000000001e-1
    1.0000000000000001e-1 1.0000000000000001e-1 1.0000000000000001e-1
    1.0000000000000001e-1 1.0000000000000001e-1 1.0000000000000001e-1
    1.0000000000000001e-1 1.0000000000000001e-1 1.0000000000000001e-1
    1.0000000000000001e-1 1.0000000000000001e-1 1.0000000000000001e-1
    1.0000000000000001e-1 1.0000000000000001e-1 1.0000000000000001e-1
    1.0000000000000001e-1 1.0000000000000001e-1 1.0000000000000001e-1
    1.0000000000000001e-1 1.0000000000000001e-1 1.0000000000000001e-1
    1.0000000000000001e-1 1.0000000000000001e-1 1.0000000000000001e-1
    1.0000000000000001e-1 1.0000000000000001e-1 1.0000000000000001e-1
    1.0000000000000001e-1 1.0000000000000001e-1 1.0000000000000001e-1
    1.0000000000000001e-1 1.0000000000000001e-1 1.0000000000000001e-1
    1.0000000000000001e-1 1.0000000000000001e-1 1.0000000000000001e-1
    1.0000000000000001e-1 1.0000000000000001e-1 1.0000000000000001e-1
    1.0000000000000001e-1 1.0000000000000001e-1 1.0000000000000001e-1
    1.0000000000000001e-1 1.0000000000000001e-1 1.0000000000000001e-1
    1.0000000000000001e-1 1.0000000000000001e-1 1.0000000000000001e-1
    1.0000000000000001e-1 1.0000000000000001e-1 1.0000000000000001e-1
    1.0000000000000001e-1 1.0000000000000001e-1 1.0000000000000001e-1
    1.0000000000000001e-1 1.0000000000000001e-1 1.0000000000000001e-1
    1.0000000000000001e-1 1.0000000000000001e-1 1.0000000000000001e-1
    1.0000000000000001e-1 1.0000000000000001e-1 1.0000000000000001e-1
    1.0000000000000001e-1 1.0000000000000001e-1 1.0000000000000001e-1
    1.0000000000000001e-1 1.0000000000000001e-1 1.0000000000000001e-1
    1.0000000000000001e-1 1.0000000000000001e-1 1.0000000000000001e-1
    1.0000000000000001e-1 1.0000000000000001e-1 1.0000000000000001e-1
    1.0000000000000001e-1 1.0000000000000001e-1 1.0000000000000001e-1
    1.0000000000000001e-1 1.0000000000000001e-1 1.0000000000000001e-1
    1.0000000000000001e-1 1.0000000000000001e-1 1.0000000000000001e-1
    1.0000000000000001e-1 1.0000000000000001e-1 1.0000000000000001e-1
    1.0000000000000001e-1 1.0000000000000001e-1 1.0000000000000001e-1
    1.0000000000000001e-1 1.0000000000000001e-1 1.0000000000000001e-1
    1.0000000000000001e-1 1.0000000000000001e-1 1.0000000000000001e-1
    1.0000000000000001e-1 1.0000000000000001e-1 1.0000000000000001e-1
    1.0000000000000001e-1 1.0000000000000001e-1 1.0000000000000001e-1
    1.0000000000000001e-1 1.0000000000000001e-1 1.0000000000000001e-1
    1.0000000000000001e-1 1.0000000000000001e-1 1.0000000000000001e-1
    1.0000000000000001e-1 1.0000000000000001e-1 1.0000000000000001e-1
    1.0000000000000001e-1 1.0000000000000001e-1 1.0000000000000001e-1
    1.0000000000000001e-1 1.0000000000000001e-1 1.0000000000000001e-1
    1.0000000000000001e-1 1.0000000000000001e-1 1.0000000000000001e-1
    1.0000000000000001e-1 1.0000000000000001e-1 1.0000000000000001e-1
    1.0000000000000001e-1 1.0000000000000001e-1 1.0000000000000001e-1
    1.0000000000000001e-1 1.0000000000000001e-1 1.0000000000000001e-1
    1.0000000000000001e-1 1.0000000000000001e-1 1.0000000000000001e-1
    1.0000000000000001e-1 1.0000000000000001e-1 1.0000000000000001e-1
    1.0000000000000001e-1 1.0000000000000001e-1 1.0000000000000001e-1
    1.0000000000000001e-1 1.0000000000000001e-1 1.0000000000000001e-1
    1.0000000000000001e-1 1.0000000000000001e-1 1.0000000000000001e-1
    1.0000000000000001e-1 1.0000000000000001e-1 1.0000000000000001e-1
    1.0000000000000001e-1 1.0000000000000001e-1 1.0000000000000001e-1
    1.0000000000000001e-1 1.0000000000000001e-1 1.0000000000000001e-1
    1.0000000000000001e-1 1.0000000000000001e-1 1.0000000000000001e-1
    1.0000000000000001e-1 1.0000000000000001e-1 1.0000000000000001e-1
    1.0000000000000001e-1 1.0000000000000001e-1 1.0000000000000001e-1
    1.0000000000000001e-1 1.0000000000000001e-1 1.0000000000000001e-1
    1.0000000000000001e-1 1.0000000000000001e-1 1.0000000000000001e-1
    1.0000000000000001e-1 1.0000000000000001e-1 1.0000000000000001e-1
    1.0000000000000001e-1 1.0000000000000001e-1 1.0000000000000001e-1
    1.0000000000000001e-1 1.0000000000000001e-1 1.0000000000000001e-1
    1.0000000000000001e-1 1.0000000000000001e-1 1.0000000000000001e-1
    1.0000000000000001e-1 1.0000000000000001e-1 1.0000000000000001e-1
    1.0000000000000001e-1 1.0000000000000001e-1 1.0000000000000001e-1
    1.0000000000000001e-1 1.0000000000000001e-1 1.0000000000000001e-1
    1.0000000000000001e-1 1.0000000000000001e-1 1.0000000000000001e-1
    1.0000000000000001e-1 1.0000000000000001e-1 1.0000000000000001e-1
    1.0000000000000001e-1 1.0000000000000001e-1 1.0000000000000001e-1
    1.0000000000000001e-1 1.0000000000000001e-1 1.0000000000000001e-1
    1.0000000000000001e-1 1.0000000000000001e-1 1.0000000000000001e-1
    1.0000000000000001e-1 1.0000000000000001e-1 1.0000000000000001e-1
    1.0000000000000001e-1 1.0000000000000001e-1 1.0000000000000001e-1
    1.0000000000000001e-1 1.0000000000000001e-1 1.0000000000000001e-1
    1.0000000000000001e-1 1.0000000000000001e-1 1.0000000000000001e-1
    1.0000000000000001e-1 1.0000000000000001e-1 1.0000000000000001e-1
    1.0000000000000001e-1 1.0000000000000001e-1 1.0000000000000001e-1
    1.0000000000000001e-1 1.0000000000000001e-1 1.0000000000000001e-1
    1.0000000000000001e-1 1.0000000000000001e-1 1.0000000000000001e-1
    1.0000000000000001e-1 1.0000000000000001e-1 1.0000000000000001e-1
    1.0000000000000001e-1 1.0000000000000001e-1 1.0000000000000001e-1
    1.0000000000000001e-1 1.0000000000000001e-1 1.0000000000000001e-1
    1.0000000000000001e-1 1.0000000000000001e-1 1.0000000000000001e-1
    1.0000000000000001e-1 1.0000000000000001e-1 1.0000000000000001e-1
    1.0000000000000001e-1 1.0000000000000001e-1 1.0000000000000001e-1
    1.0000000000000001e-1 1.0000000000000001e-1 1.0000000000000001e-1
    1.0000000000000001e-1 1.0000000000000001e-1 1.0000000000000001e-1
    1.0000000000000001e-1 1.0000000000000001e-1 1.0000000000000001e-1
    1.0000000000000001e-1 1.0000000000000001e-1 1.0000000000000001e-1
    1.0000000000000001e-1 1.0000000000000001e-1 1.0000000000000001e-1
    1.0000000000000001e-1 1.0000000000000001e-1 1.0000000000000001e-1
    1.0000000000000001e-1 1.0000000000000001e-1 1.0000000000000001e-1
    1.0000000000000001e-1 1.0000000000000001e-1 1.0000000000000001e-1
    1.0000000000000001e-1 1.0000000000000001e-1 1.0000000000000001e-1
    1.0000000000000001e-1 1.0000000000000001e-1 1.0000000000000001e-1
    1.0000000000000001e-1 1.0000000000000001e-1 1.0000000000000001e-1
    1.0000000000000001e-1 1.0000000000000001e-1 1.0000000000000001e-1
    1.0000000000000001e-1 1.0000000000000001e-1 1.0000000000000001e-1
    1.0000000000000001e-1 1.0000000000000001e-1 1.0000000000000001e-1
    1.0000000000000001e-1 1.0000000000000001e-1 1.0000000000000001e-1
    1.0000000000000001e-1 1.0000000000000001e-1 1.0000000000000001e-1
    1.0000000000000001e-1 1.0000000000000001e-1 1.0000000000000001e-1
    1.0000000000000001e-1 1.0000000000000001e-1 1.0000000000000001e-1
    1.0000000000000001e-1 1.0000000000000001e-1 1.0000000000000001e-1
    1.0000000000000001e-1 1.0000000000000001e-1 1.0000000000000001e-1
    1.0000000000000001e-1 1.0000000000000001e-1 1.0000000000000001e-1
    1.0000000000000001e-1 1.0000000000000001e-1 1.0000000000000001e-1
    1.0000000000000001e-1 1.0000000000000001e-1 1.0000000000000001e-1
    1.0000000000000001e-1 1.0000000000000001e-1 1.0000000000000001e-1
    1.0000000000000001e-1 1.0000000000000001e-1 1.0000000000000001e-1
    1.0000000000000001e-1 1.0000000000000001e-1 1.0000000000000001e-1
    1.0000000000000001e-1 1.0000000000000001e-1 1.0000000000000001e-1
    1.0000000000000001e-1 1.0000000000000001e-1 1.0000000000000001e-1
    1.0000000000000001e-1 1.0000000000000001e-1 1.0000000000000001e-1
    1.0000000000000001e-1 1.0000000000000001e-1 1.0000000000000001e-1
    1.0000000000000001e-1 1.0000000000000001e-1 1.0000000000000001e-1
    1.0000000000000001e-1 1.0000000000000001e-1 1.0000000000000001e-1
    1.0000000000000001e-1 1.0000000000000001e-1 1.0000000000000001e-1
    1.0000000000000001e-1 1.0000000000000001e-1 1.0000000000000001e-1
    1.0000000000000001e-1 1.0000000000000001e-1 1.0000000000000001e-1
    1.0000000000000001e-1 1.0000000000000001e-1 1.0000000000000001e-1
    1.0000000000000001e-1 1.0000000000000001e-1 1.0000000000000001e-1
    1.0000000000000001e-1 1.0000000000000001e-1 1.0000000000000001e-1
    1.0000000000000001e-1 1.0000000000000001e-1 1.0000000000000001e-1
    1.0000000000000001e-1 1.0000000000000001e-1 1.0000000000000001e-1
    1.0000000000000001e-1 1.0000000000000001e-1 1.0000000000000001e-1
    1.0000000000000001e-1 1.0000000000000001e-1 1.0000000000000001e-1
    1.0000000000000001e-1 1.0000000000000001e-1 1.0000000000000001e-1
    1.0000000000000001e-1 1.0000000000000001e-1 1.0000000000000001e-1
    1.0000000000000001e-1 1.0000000000000001e-1 1.0000000000000001e-1
    1.0000000000000001e-1 1.0000000000000001e-1 1.0000000000000001e-1
    1.0000000000000001e-1 1.0000000000000001e-1 1.0000000000000001e-1
    1.0000000000000001e-1 1.0000000000000001e-1 1.0000000000000001e-1
    1.0000000000000001e-1 1.0000000000000001e-1 1.0000000000000001e-1
    1.0000000000000001e-1 1.0000000000000001e-1 1.0000000000000001e-1
    1.0000000000000001e-1 1.0000000000000001e-1 1.0000000000000001e-1
    1.0000000000000001e-1 1.0000000000000001e-1 1.0000000000000001e-1
    1.0000000000000001e-1 1.0000000000000001e-1 1.0000000000000001e-1
    1.0000000000000001e-1 1.0000000000000001e-1 1.0000000000000001e-1
    1.0000000000000001e-1 1.0000000000000001e-1 1.0000000000000001e-1
    1.0000000000000001e-1 1.0000000000000001e-1 1.0000000000000001e-1
    1.0000000000000001e-1 1.0000000000000001e-1 1.0000000000000001e-1
    1.0000000000000001e-1 1.0000000000000001e-1 1.0000000000000001e-1
    1.0000000000000001e-1 1.0000000000000001e-1 1.0000000000000001e-1
    1.0000000000000001e-1 1.0000000000000001e-1 1.0000000000000001e-1
    1.0000000000000001e-1 1.0000000000000001e-1 1.0000000000000001e-1
    1.0000000000000001e-1 1.0000000000000001e-1 1.0000000000000001e-1
    1.0000000000000001e-1 1.0000000000000001e-1 1.0000000000000001e-1
    1.0000000000000001e-1 1.0000000000000001e-1 1.0000000000000001e-1
    1.0000000000000001e-1 1.0000000000000001e-1 1.0000000000000001e-1
    1.0000000000000001e-1 1.0000000000000001e-1 1.0000000000000001e-1
    1.0000000000000001e-1 1.0000000000000001e-1 1.0000000000000001e-1
    1.0000000000000001e-1 1.0000000000000001e-1 1.0000000000000001e-1
    1.0000000000000001e-1 1.0000000000000001e-1 1.0000000000000001e-1
    1.0000000000000001e-1 1.0000000000000001e-1 1.0000000000000001e-1
    1.0000000000000001e-1 1.0000000000000001e-1 1.0000000000000001e-1
    1.0000000000000001e-1 1.0000000000000001e-1 1.0000000000000001e-1
    1.0000000000000001e-1 1.0000000000000001e-1 1.0000000000000001e-1
    1.0000000000000001e-1 1.0000000000000001e-1 1.0000000000000001e-1
    1.0000000000000001e-1 1.0000000000000001e-1 1.0000000000000001e-1
    1.0000000000000001e-1 1.0000000000000001e-1 1.0000000000000001e-1
    1.0000000000000001e-1 1.0000000000000001e-1 1.0000000000000001e-1
    1.0000000000000001e-1 1.0000000000000001e-1 1.0000000000000001e-1
    1.0000000000000001e-1 1.0000000000000001e-1 1.0000000000000001e-1
    1.0000000000000001e-1 1.0000000000000001e-1 1.0000000000000001e-1
    1.0000000000000001e-1 1.0000000000000001e-1 1.0000000000000001e-1
    1.0000000000000001e-1 1.0000000000000001e-1 1.0000000000000001e-1
    1.0000000000000001e-1 1.0000000000000001e-1 1.0000000000000001e-1
    1.0000000000000001e-1 1.0000000000000001e-1 1.0000000000000001e-1
    1.0000000000000001e-1 1.0000000000000001e-1 1.0000000000000001e-1
    1.0000000000000001e-1 1.0000000000000001e-1 1.0000000000000001e-1
    1.0000000000000001e-1 1.0000000000000001e-1 1.0000000000000001e-1
    1.0000000000000001e-1 1.0000000000000001e-1 1.0000000000000001e-1
    1.0000000000000001e-1 1.0000000000000001e-1 1.0000000000000001e-1
    1.0000000000000001e-1 1.0000000000000001e-1 1.0000000000000001e-1
    1.0000000000000001e-1 1.0000000000000001e-1 1.0000000000000001e-1
    1.0000000000000001e-1 1.0000000000000001e-1 1.0000000000000001e-1
    1.0000000000000001e-1 1.0000000000000001e-1 1.0000000000000001e-1
    1.0000000000000001e-1 1.0000000000000001e-1 1.0000000000000001e-1
    1.0000000000000001e-1 1.0000000000000001e-1 1.0000000000000001e-1
    1.0000000000000001e-1 1.0000000000000001e-1 1.0000000000000001e-1
    1.0000000000000001e-1 1.0000000000000001e-1 1.0000000000000001e-1
    1.0000000000000001e-1 1.0000000000000001e-1 1.0000000000000001e-1
    1.0000000000000001e-1 1.0000000000000001e-1 1.0000000000000001e-1
    1.0000000000000001e-1 1.0000000000000001e-1 1.0000000000000001e-1
    1.0000000000000001e-1 1.0000000000000001e-1 1.0000000000000001e-1
    1.0000000000000001e-1 1.0000000000000001e-1 1.0000000000000001e-1
    1.0000000000000001e-1 1.0000000000000001e-1 1.0000000000000001e-1
    1.0000000000000001e-1 1.0000000000000001e-1 1.0000000000000001e-1
    1.0000000000000001e-1 1.0000000000000001e-1 1.0000000000000001e-1
    1.0000000000000001e-1 1.0000000000000001e-1 1.0000000000000001e-1
    1.0000000000000001e-1 1.0000000000000001e-1 1.0000000000000001e-1
    1.0000000000000001e-1 1.0000000000000001e-1 1.0000000000000001e-1
    1.0000000000000001e-1 1.0000000000000001e-1 1.0000000000000001e-1
    1.0000000000000001e-1 1.0000000000000001e-1 1.0000000000000001e-1
    1.0000000000000001e-1 1.0000000000000001e-1 1.0000000000000001e-1
    1.0000000000000001e-1 1.0000000000000001e-1 1.0000000000000001e-1
    1.0000000000000001e-1 1.0000000000000001e-1 1.0000000000000001e-1
    1.0000000000000001e-1 1.0000000000000001e-1 1.0000000000000001e-1
    1.0000000000000001e-1 1.0000000000000001e-1 1.0000000000000001e-1
    1.0000000000000001e-1 1.0000000000000001e-1 1.0000000000000001e-1
    1.0000000000000001e-1 1.0000000000000001e-1 1.0000000000000001e-1
    1.0000000000000001e-1 1.0000000000000001e-1 1.0000000000000001e-1
    1.0000000000000001e-1 1.0000000000000001e-1 1.0000000000000001e-1
    1.0000000000000001e-1 1.0000000000000001e-1 1.0000000000000001e-1
    1.0000000000000001e-1 1.0000000000000001e-1 1.0000000000000001e-1
    1.0000000000000001e-1 1.0000000000000001e-1 1.0000000000000001e-1
    1.0000000000000001e-1 1.0000000000000001e-1 1.0000000000000001e-1
    1.0000000000000001e-1 1.0000000000000001e-1 1.0000000000000001e-1
    1.0000000000000001e-1 1.0000000000000001e-1 1.0000000000000001e-1
    1.0000000000000001e-1 1.0000000000000001e-1 1.0000000000000001e-1
    1.0000000000000001e-1 1.0000000000000001e-1 1.0000000000000001e-1
    1.0000000000000001e-1 1.0000000000000001e-1 1.0000000000000001e-1
    1.0000000000000001e-1 1.0000000000000001e-1 1.0000000000000001e-1
    1.0000000000000001e-1 1.0000000000000001e-1 1.0000000000000001e-1
    1.0000000000000001e-1 1.0000000000000001e-1 1.0000000000000001e-1
    1.0000000000000001e-1 1.0000000000000001e-1 1.0000000000000001e-1
    1.0000000000000001e-1 1.0000000000000001e-1 1.0000000000000001e-1
    1.0000000000000001e-1 1.0000000000000001e-1 1.0000000000000001e-1
    1.0000000000000001e-1 1.0000000000000001e-1 1.0000000000000001e-1
    1.0000000000000001e-1 1.0000000000000001e-1 1.0000000000000001e-1
    1.0000000000000001e-1 1.0000000000000001e-1 1.0000000000000001e-1
    1.0000000000000001e-1 1.0000000000000001e-1 1.0000000000000001e-1
    1.0000000000000001e-1 1.0000000000000001e-1 1.0000000000000001e-1
    1.0000000000000001e-1 1.0000000000000001e-1 1.0000000000000001e-1
    1.0000000000000001e-1 1.0000000000000001e-1 1.0000000000000001e-1
    1.0000000000000001e-1 1.0000000000000001e-1 1.0000000000000001e-1
    1.0000000000000001e-1 1.0000000000000001e-1 1.0000000000000001e-1
    1.0000000000000001e-1 1.0000000000000001e-1 1.0000000000000001e-1
    1.0000000000000001e-1 1.0000000000000001e-1 1.0000000000000001e-1
    1.0000000000000001e-1 1.0000000000000001e-1 1.0000000000000001e-1
    1.0000000000000001e-1 1.0000000000000001e-1 1.0000000000000001e-1
    1.0000000000000001e-1 1.0000000000000001e-1 1.0000000000000001e-1
    1.0000000000000001e-1 1.0000000000000001e-1 1.0000000000000001e-1
    1.0000000000000001e-1 1.0000000000000001e-1 1.0000000000000001e-1
    1.0000000000000001e-1 1.0000000000000001e-1 1.0000000000000001e-1
    1.0000000000000001e-1 1.0000000000000001e-1 1.0000000000000001e-1
    1.0000000000000001e-1 1.0000000000000001e-1 1.0000000000000001e-1
    1.0000000000000001e-1 1.0000000000000001e-1 1.0000000000000001e-1
    1.0000000000000001e-1 1.0000000000000001e-1 1.0000000000000001e-1
    1.0000000000000001e-1 1.0000000000000001e-1 1.0000000000000001e-1
    1.0000000000000001e-1 1.0000000000000001e-1 1.0000000000000001e-1
    1.0000000000000001e-1 1.0000000000000001e-1 1.0000000000000001e-1
    1.0000000000000001e-1 1.0000000000000001e-1 1.0000000000000001e-1
    1.0000000000000001e-1 1.0000000000000001e-1 1.0000000000000001e-1
    1.0000000000000001e-1 1.0000000000000001e-1 1.0000000000000001e-1
    1.0000000000000001e-1 1.0000000000000001e-1 1.0000000000000001e-1
    1.0000000000000001e-1 1.0000000000000001e-1 1.0000000000000001e-1
    1.0000000000000001e-1 1.0000000000000001e-1 1.0000000000000001e-1
    1.0000000000000001e-1 1.0000000000000001e-1 1.0000000000000001e-1
    1.0000000000000001e-1 1.0000000000000001e-1 1.0000000000000001e-1
    1.0000000000000001e-1 1.0000000000000001e-1 1.0000000000000001e-1
    1.0000000000000001e-1 1.0000000000000001e-1 1.0000000000000001e-1
    1.0000000000000001e-1 1.0000000000000001e-1 1.0000000000000001e-1
    1.0000000000000001e-1 1.0000000000000001e-1 1.0000000000000001e-1
    1.0000000000000001e-1 1.0000000000000001e-1 1.0000000000000001e-1
    1.0000000000000001e-1 1.0000000000000001e-1 1.0000000000000001e-1
    1.0000000000000001e-1 1.0000000000000001e-1 1.0000000000000001e-1
    1.0000000000000001e-1 1.0000000000000001e-1 1.0000000000000001e-1
    1.0000000000000001e-1 1.0000000000000001e-1 1.0000000000000001e-1
    1.0000000000000001e-1 1.0000000000000001e-1 1.0000000000000001e-1
    1.0000000000000001e-1 1.0000000000000001e-1 1.0000000000000001e-1
    1.0000000000000001e-1 1.0000000000000001e-1 1.0000000000000001e-1
    1.0000000000000001e-1 1.0000000000000001e-1 1.0000000000000001e-1
    1.0000000000000001e-1 1.0000000000000001e-1 1.0000000000000001e-1
    1.0000000000000001e-1 1.0000000000000001e-1 1.0000000000000001e-1
    1.0000000000000001e-1 1.0000000000000001e-1 1.0000000000000001e-1
    1.0000000000000001e-1 1.0000000000000001e-1 1.0000000000000001e-1
    1.0000000000000001e-1 1.0000000000000001e-1 1.0000000000000001e-1
    1.0000000000000001e-1 1.0000000000000001e-1 1.0000000000000001e-1
    1.0000000000000001e-1 1.0000000000000001e-1 1.0000000000000001e-1
    1.0000000000000001e-1 1.0000000000000001e-1 1.0000000000000001e-1
    1.0000000000000001e-1 1.0000000000000001e-1 1.0000000000000001e-1
    1.0000000000000001e-1 1.0000000000000001e-1 1.0000000000000001e-1
    1.0000000000000001e-1 1.0000000000000001e-1 1.0000000000000001e-1
    1.0000000000000001e-1 1.0000000000000001e-1 1.0000000000000001e-1
    1.0000000000000001e-1 1.0000000000000001e-1 1.0000000000000001e-1
    1.0000000000000001e-1 1.0000000000000001e-1 1.0000000000000001e-1
    1.0000000000000001e-1 1.0000000000000001e-1 1.0000000000000001e-1
    1.0000000000000001e-1 1.0000000000000001e-1 1.0000000000000001e-1
    1.0000000000000001e-1 1.0000000000000001e-1 1.0000000000000001e-1
    1.0000000000000001e-1 1.0000000000000001e-1 1.0000000000000001e-1
    1.0000000000000001e-1 1.0000000000000001e-1 1.0000000000000001e-1
    1.0000000000000001e-1 1.0000000000000001e-1 1.0000000000000001e-1
    1.0000000000000001e-1 1.0000000000000001e-1 1.0000000000000001e-1
    1.0000000000000001e-1 1.0000000000000001e-1 1.0000000000000001e-1
    1.0000000000000001e-1 1.0000000000000001e-1 1.0000000000000001e-1
    1.0000000000000001e-1 1.0000000000000001e-1 1.0000000000000001e-1
    1.0000000000000001e-1 1.0000000000000001e-1 1.0000000000000001e-1
    1.0000000000000001e-1 1.0000000000000001e-1 1.0000000000000001e-1
    1.0000000000000001e-1 1.0000000000000001e-1 1.0000000000000001e-1
    1.0000000000000001e-1 1.0000000000000001e-1 1.0000000000000001e-1
    1.0000000000000001e-1 1.0000000000000001e-1 1.0000000000000001e-1
    1.0000000000000001e-1 1.0000000000000001e-1 1.0000000000000001e-1
    1.0000000000000001e-1 1.0000000000000001e-1 1.0000000000000001e-1
    1.0000000000000001e-1 1.0000000000000001e-1 1.0000000000000001e-1
    1.0000000000000001e-1 1.0000000000000001e-1 1.0000000000000001e-1
    1.0000000000000001e-1 1.0000000000000001e-1 1.0000000000000001e-1
    1.0000000000000001e-1 1.0000000000000001e-1 1.0000000000000001e-1
    1.0000000000000001e-1 2.0000000000000001e-1 2.0000000000000001e-1
    2.0000000000000001e-1 2.0000000000000001e-1 2.0000000000000001e-1
    2.0000000000000001e-1 2.0000000000000001e-1 2.0000000000000001e-1
    2.0000000000000001e-1 2.0000000000000001e-1 2.0000000000000001e-1
    2.0000000000000001e-1 2.0000000000000001e-1 2.0000000000000001e-1
    2.0000000000000001e-1 2.0000000000000001e-1 2.0000000000000001e-1
    2.0000000000000001e-1 2.0000000000000001e-1 2.0000000000000001e-1
    2.0000000000000001e-1 2.0000000000000001e-1 2.0000000000000001e-1
    2.0000000000000001e-1 2.0000000000000001e-1 2.0000000000000001e-1
    2.0000000000000001e-1 2.0000000000000001e-1 2.0000000000000001e-1
    2.0000000000000001e-1 2.0000000000000001e-1 2.0000000000000001e-1
    2.0000000000000001e-1 2.0000000000000001e-1 2.0000000000000001e-1
    2.0000000000000001e-1 2.0000000000000001e-1 2.0000000000000001e-1
    2.0000000000000001e-1 2.0000000000000001e-1 2.0000000000000001e-1
    2.0000000000000001e-1 2.0000000000000001e-1 2.0000000000000001e-1
    2.0000000000000001e-1 2.0000000000000001e-1 2.0000000000000001e-1
    2.0000000000000001e-1 2.0000000000000001e-1 2.0000000000000001e-1
    2.0000000000000001e-1 2.0000000000000001e-1 2.0000000000000001e-1
    2.0000000000000001e-1 2.0000000000000001e-1 2.0000000000000001e-1
    2.0000000000000001e-1 2.0000000000000001e-1 2.0000000000000001e-1
    2.0000000000000001e-1 2.0000000000000001e-1 2.0000000000000001e-1
    2.0000000000000001e-1 2.0000000000000001e-1 2.0000000000000001e-1
    2.0000000000000001e-1 2.0000000000000001e-1 2.0000000000000001e-1
    2.0000000000000001e-1 2.0000000000000001e-1 2.0000000000000001e-1
    2.0000000000000001e-1 2.0000000000000001e-1 2.0000000000000001e-1
    2.0000000000000001e-1 2.0000000000000001e-1 2.0000000000000001e-1
    2.0000000000000001e-1 2.0000000000000001e-1 2.0000000000000001e-1
    2.0000000000000001e-1 2.0000000000000001e-1 2.0000000000000001e-1
    2.0000000000000001e-1 2.0000000000000001e-1 2.0000000000000001e-1
    2.0000000000000001e-1 2.0000000000000001e-1 2.0000000000000001e-1
    2.0000000000000001e-1 2.0000000000000001e-1 2.0000000000000001e-1
    2.0000000000000001e-1 2.0000000000000001e-1 2.0000000000000001e-1
    2.0000000000000001e-1 2.0000000000000001e-1 2.0000000000000001e-1
    2.0000000000000001e-1 2.0000000000000001e-1 2.0000000000000001e-1
    2.0000000000000001e-1 2.0000000000000001e-1 2.0000000000000001e-1
    2.0000000000000001e-1 2.0000000000000001e-1 2.0000000000000001e-1
    2.0000000000000001e-1 2.0000000000000001e-1 2.0000000000000001e-1
    2.0000000000000001e-1 2.0000000000000001e-1 2.0000000000000001e-1
    2.0000000000000001e-1 2.0000000000000001e-1 2.0000000000000001e-1
    2.0000000000000001e-1 2.0000000000000001e-1 2.0000000000000001e-1
    2.0000000000000001e-1 2.0000000000000001e-1 2.0000000000000001e-1
    2.0000000000000001e-1 2.0000000000000001e-1 2.0000000000000001e-1
    2.0000000000000001e-1 2.0000000000000001e-1 2.0000000000000001e-1
    2.0000000000000001e-1 2.0000000000000001e-1 2.0000000000000001e-1
    2.0000000000000001e-1 2.0000000000000001e-1 2.0000000000000001e-1
    2.0000000000000001e-1 2.0000000000000001e-1 2.0000000000000001e-1
    2.0000000000000001e-1 2.0000000000000001e-1 2.0000000000000001e-1
    2.0000000000000001e-1 2.0000000000000001e-1 2.0000000000000001e-1
    2.0000000000000001e-1 2.0000000000000001e-1 2.0000000000000001e-1
    2.0000000000000001e-1 2.0000000000000001e-1 2.0000000000000001e-1
    2.0000000000000001e-1 2.0000000000000001e-1 2.0000000000000001e-1
    2.0000000000000001e-1 2.0000000000000001e-1 2.0000000000000001e-1
    2.0000000000000001e-1 2.0000000000000001e-1 2.0000000000000001e-1
    2.0000000000000001e-1 2.0000000000000001e-1 2.0000000000000001e-1
    2.0000000000000001e-1 2.0000000000000001e-1 2.0000000000000001e-1
    2.0000000000000001e-1 2.0000000000000001e-1 2.0000000000000001e-1
    2.0000000000000001e-1 2.0000000000000001e-1 2.0000000000000001e-1
    2.0000000000000001e-1 2.0000000000000001e-1 2.0000000000000001e-1
    2.0000000000000001e-1 2.0000000000000001e-1 2.0000000000000001e-1
    2.0000000000000001e-1 2.0000000000000001e-1 2.0000000000000001e-1
    2.0000000000000001e-1 2.0000000000000001e-1 2.0000000000000001e-1
    2.0000000000000001e-1 2.0000000000000001e-1 2.0000000000000001e-1
    2.0000000000000001e-1 2.0000000000000001e-1 2.0000000000000001e-1
    2.0000000000000001e-1 2.0000000000000001e-1 2.0000000000000001e-1
    2.0000000000000001e-1 2.0000000000000001e-1 2.0000000000000001e-1
    2.0000000000000001e-1 2.0000000000000001e-1 2.0000000000000001e-1
    2.0000000000000001e-1 2.0000000000000001e-1 2.0000000000000001e-1
    2.0000000000000001e-1 2.0000000000000001e-1 2.0000000000000001e-1
    2.0000000000000001e-1 2.0000000000000001e-1 2.0000000000000001e-1
    2.0000000000000001e-1 2.0000000000000001e-1 2.0000000000000001e-1
    2.0000000000000001e-1 2.0000000000000001e-1 2.0000000000000001e-1
    2.0000000000000001e-1 2.0000000000000001e-1 2.0000000000000001e-1
    2.0000000000000001e-1 2.0000000000000001e-1 2.0000000000000001e-1
    2.0000000000000001e-1 2.0000000000000001e-1 2.0000000000000001e-1
    2.0000000000000001e-1 2.0000000000000001e-1 2.0000000000000001e-1
    2.0000000000000001e-1 2.0000000000000001e-1 2.0000000000000001e-1
    2.0000000000000001e-1 2.0000000000000001e-1 2.0000000000000001e-1
    2.0000000000000001e-1 2.0000000000000001e-1 2.0000000000000001e-1
    2.0000000000000001e-1 2.0000000000000001e-1 2.0000000000000001e-1
    2.0000000000000001e-1 2.0000000000000001e-1 2.0000000000000001e-1
    2.0000000000000001e-1 2.0000000000000001e-1 2.0000000000000001e-1
    2.0000000000000001e-1 2.0000000000000001e-1 2.0000000000000001e-1
    2.0000000000000001e-1 2.0000000000000001e-1 2.0000000000000001e-1
    2.0000000000000001e-1 2.0000000000000001e-1 2.0000000000000001e-1
    2.0000000000000001e-1 2.0000000000000001e-1 2.0000000000000001e-1
    2.0000000000000001e-1 2.0000000000000001e-1 2.0000000000000001e-1
    2.0000000000000001e-1 2.0000000000000001e-1 2.0000000000000001e-1
    2.0000000000000001e-1 2.0000000000000001e-1 2.0000000000000001e-1
    2.0000000000000001e-1 2.0000000000000001e-1 2.0000000000000001e-1
    2.0000000000000001e-1 2.0000000000000001e-1 2.0000000000000001e-1
    2.0000000000000001e-1 2.0000000000000001e-1 2.0000000000000001e-1
    2.0000000000000001e-1 2.0000000000000001e-1 2.0000000000000001e-1
    2.0000000000000001e-1 2.0000000000000001e-1 2.0000000000000001e-1
    2.0000000000000001e-1 2.0000000000000001e-1 2.0000000000000001e-1
    2.0000000000000001e-1 2.0000000000000001e-1 2.0000000000000001e-1
    2.0000000000000001e-1 2.0000000000000001e-1 2.0000000000000001e-1
    2.0000000000000001e-1 2.0000000000000001e-1 2.0000000000000001e-1
    2.0000000000000001e-1 2.0000000000000001e-1 2.0000000000000001e-1
    2.0000000000000001e-1 2.0000000000000001e-1 2.0000000000000001e-1
    2.0000000000000001e-1 2.0000000000000001e-1 2.0000000000000001e-1
    2.0000000000000001e-1 2.0000000000000001e-1 2.0000000000000001e-1
    2.0000000000000001e-1 2.0000000000000001e-1 2.0000000000000001e-1
    2.0000000000000001e-1 2.0000000000000001e-1 2.0000000000000001e-1
    2.0000000000000001e-1 2.0000000000000001e-1 2.0000000000000001e-1
    2.0000000000000001e-1 2.0000000000000001e-1 2.0000000000000001e-1
    2.0000000000000001e-1 2.0000000000000001e-1 2.0000000000000001e-1
    2.0000000000000001e-1 2.0000000000000001e-1 2.0000000000000001e-1
    2.0000000000000001e-1 2.0000000000000001e-1 2.0000000000000001e-1
    2.0000000000000001e-1 2.0000000000000001e-1 2.0000000000000001e-1
    2.0000000000000001e-1 2.0000000000000001e-1 2.0000000000000001e-1
    2.0000000000000001e-1 2.0000000000000001e-1 2.0000000000000001e-1
    2.0000000000000001e-1 2.0000000000000001e-1 2.0000000000000001e-1
    2.0000000000000001e-1 2.0000000000000001e-1 2.0000000000000001e-1
    2.0000000000000001e-1 2.0000000000000001e-1 2.0000000000000001e-1
    2.0000000000000001e-1 2.0000000000000001e-1 2.0000000000000001e-1
    2.0000000000000001e-1 2.0000000000000001e-1 2.0000000000000001e-1
    2.0000000000000001e-1 2.0000000000000001e-1 2.0000000000000001e-1
    2.0000000000000001e-1 2.0000000000000001e-1 2.0000000000000001e-1
    2.0000000000000001e-1 2.0000000000000001e-1 2.0000000000000001e-1
    2.0000000000000001e-1 2.0000000000000001e-1 2.0000000000000001e-1
    2.0000000000000001e-1 2.0000000000000001e-1 2.0000000000000001e-1
    2.0000000000000001e-1 2.0000000000000001e-1 2.0000000000000001e-1
    2.0000000000000001e-1 2.0000000000000001e-1 2.0000000000000001e-1
    2.0000000000000001e-1 2.0000000000000001e-1 2.0000000000000001e-1
    2.0000000000000001e-1 2.0000000000000001e-1 2.0000000000000001e-1
    2.0000000000000001e-1 2.0000000000000001e-1 2.0000000000000001e-1
    2.0000000000000001e-1 2.0000000000000001e-1 2.0000000000000001e-1
    2.0000000000000001e-1 2.0000000000000001e-1 2.0000000000000001e-1
    2.0000000000000001e-1 2.0000000000000001e-1 2.0000000000000001e-1
    2.0000000000000001e-1 2.0000000000000001e-1 2.0000000000000001e-1
    2.0000000000000001e-1 2.0000000000000001e-1 2.0000000000000001e-1
    2.0000000000000001e-1 2.0000000000000001e-1 2.0000000000000001e-1
    2.0000000000000001e-1 2.0000000000000001e-1 2.0000000000000001e-1
    2.0000000000000001e-1 2.0000000000000001e-1 2.0000000000000001e-1
    2.0000000000000001e-1 2.0000000000000001e-1 2.0000000000000001e-1
    2.0000000000000001e-1 2.0000000000000001e-1 2.0000000000000001e-1
    2.0000000000000001e-1 2.0000000000000001e-1 2.0000000000000001e-1
    2.0000000000000001e-1 2.0000000000000001e-1 2.0000000000000001e-1
    2.0000000000000001e-1 2.0000000000000001e-1 2.0000000000000001e-1
    2.0000000000000001e-1 2.0000000000000001e-1 2.0000000000000001e-1
    2.0000000000000001e-1 2.0000000000000001e-1 2.0000000000000001e-1
    2.0000000000000001e-1 2.0000000000000001e-1 2.0000000000000001e-1
    2.0000000000000001e-1 2.0000000000000001e-1 2.0000000000000001e-1
    2.0000000000000001e-1 2.0000000000000001e-1 2.0000000000000001e-1
    2.0000000000000001e-1 2.0000000000000001e-1 2.0000000000000001e-1
    2.0000000000000001e-1 2.0000000000000001e-1 2.0000000000000001e-1
    2.0000000000000001e-1 2.0000000000000001e-1 2.0000000000000001e-1
    2.0000000000000001e-1 2.0000000000000001e-1 2.0000000000000001e-1
    2.0000000000000001e-1 2.0000000000000001e-1 2.0000000000000001e-1
    2.0000000000000001e-1 2.0000000000000001e-1 2.0000000000000001e-1
    2.0000000000000001e-1 2.0000000000000001e-1 2.0000000000000001e-1
    2.0000000000000001e-1 2.0000000000000001e-1 2.0000000000000001e-1
    2.0000000000000001e-1 2.0000000000000001e-1 2.0000000000000001e-1
    2.0000000000000001e-1 2.0000000000000001e-1 2.0000000000000001e-1
    2.0000000000000001e-1 2.0000000000000001e-1 2.0000000000000001e-1
    2.0000000000000001e-1 2.0000000000000001e-1 2.0000000000000001e-1
    2.0000000000000001e-1 2.0000000000000001e-1 2.0000000000000001e-1
    2.0000000000000001e-1 2.0000000000000001e-1 2.0000000000000001e-1
    2.0000000000000001e-1 2.0000000000000001e-1 2.0000000000000001e-1
    2.0000000000000001e-1 2.0000000000000001e-1 2.0000000000000001e-1
    2.0000000000000001e-1 2.0000000000000001e-1 2.0000000000000001e-1
    2.0000000000000001e-1 2.0000000000000001e-1 2.0000000000000001e-1
    2.0000000000000001e-1 2.0000000000000001e-1 2.0000000000000001e-1
    2.0000000000000001e-1 2.0000000000000001e-1 2.0000000000000001e-1
    2.0000000000000001e-1 2.0000000000000001e-1 2.0000000000000001e-1
    2.0000000000000001e-1 2.0000000000000001e-1 2.0000000000000001e-1
    2.0000000000000001e-1 2.0000000000000001e-1 2.0000000000000001e-1
    2.0000000000000001e-1 2.0000000000000001e-1 2.0000000000000001e-1
    2.0000000000000001e-1 2.0000000000000001e-1 2.0000000000000001e-1
    2.0000000000000001e-1 2.0000000000000001e-1 2.0000000000000001e-1
    2.0000000000000001e-1 2.0000000000000001e-1 2.0000000000000001e-1
    2.0000000000000001e-1 2.0000000000000001e-1 2.0000000000000001e-1
    2.0000000000000001e-1 2.0000000000000001e-1 2.0000000000000001e-1
    2.0000000000000001e-1 2.0000000000000001e-1 2.0000000000000001e-1
    2.0000000000000001e-1 2.0000000000000001e-1 2.0000000000000001e-1
    2.0000000000000001e-1 2.0000000000000001e-1 2.0000000000000001e-1
    2.0000000000000001e-1 2.0000000000000001e-1 2.0000000000000001e-1
    2.0000000000000001e-1 2.0000000000000001e-1 2.0000000000000001e-1
    2.0000000000000001e-1 2.0000000000000001e-1 2.0000000000000001e-1
    2.0000000000000001e-1 2.0000000000000001e-1 2.0000000000000001e-1
    2.0000000000000001e-1 2.0000000000000001e-1 2.0000000000000001e-1
    2.0000000000000001e-1 2.0000000000000001e-1 2.0000000000000001e-1
    2.0000000000000001e-1 2.0000000000000001e-1 2.0000000000000001e-1
    2.0000000000000001e-1 2.0000000000000001e-1 2.0000000000000001e-1
    2.0000000000000001e-1 2.0000000000000001e-1 2.0000000000000001e-1
    2.0000000000000001e-1 2.0000000000000001e-1 2.0000000000000001e-1
    2.0000000000000001e-1 2.0000000000000001e-1 2.0000000000000001e-1
    2.0000000000000001e-1 2.0000000000000001e-1 2.0000000000000001e-1
    2.0000000000000001e-1 2.0000000000000001e-1 2.0000000000000001e-1
    2.0000000000000001e-1 2.0000000000000001e-1 2.0000000000000001e-1
    2.0000000000000001e-1 2.0000000000000001e-1 2.0000000000000001e-1
    2.0000000000000001e-1 2.0000000000000001e-1 2.0000000000000001e-1
    2.0000000000000001e-1 2.0000000000000001e-1 2.0000000000000001e-1
    2.0000000000000001e-1 2.0000000000000001e-1 2.0000000000000001e-1
    2.0000000000000001e-1 2.0000000000000001e-1 2.0000000000000001e-1
    2.0000000000000001e-1 2.0000000000000001e-1 2.0000000000000001e-1
    2.0000000000000001e-1 2.0000000000000001e-1 2.0000000000000001e-1
    2.0000000000000001e-1 2.0000000000000001e-1 2.0000000000000001e-1
    2.0000000000000001e-1 2.0000000000000001e-1 2.0000000000000001e-1
    2.0000000000000001e-1 2.0000000000000001e-1 2.0000000000000001e-1
    2.0000000000000001e-1 2.0000000000000001e-1 2.0000000000000001e-1
    2.0000000000000001e-1 2.0000000000000001e-1 2.0000000000000001e-1
    2.0000000000000001e-1 2.0000000000000001e-1 2.0000000000000001e-1
    2.0000000000000001e-1 2.0000000000000001e-1 2.0000000000000001e-1
    2.0000000000000001e-1 2.0000000000000001e-1 2.0000000000000001e-1
    2.0000000000000001e-1 2.0000000000000001e-1 2.0000000000000001e-1
    2.0000000000000001e-1 2.0000000000000001e-1 2.0000000000000001e-1
    2.0000000000000001e-1 2.0000000000000001e-1 2.0000000000000001e-1
    2.0000000000000001e-1 2.0000000000000001e-1 2.0000000000000001e-1
    2.0000000000000001e-1 2.0000000000000001e-1 2.0000000000000001e-1
    2.0000000000000001e-1 2.0000000000000001e-1 2.0000000000000001e-1
    2.0000000000000001e-1 2.0000000000000001e-1 2.0000000000000001e-1
    2.0000000000000001e-1 2.0000000000000001e-1 2.0000000000000001e-1
    2.0000000000000001e-1 2.0000000000000001e-1 2.0000000000000001e-1
    2.0000000000000001e-1 2.0000000000000001e-1 2.0000000000000001e-1
    2.0000000000000001e-1 2.0000000000000001e-1 2.0000000000000001e-1
    2.0000000000000001e-1 2.0000000000000001e-1 2.0000000000000001e-1
    2.9999999999999999e-1 2.9999999999999999e-1 2.9999999999999999e-1
    2.9999999999999999e-1 2.9999999999999999e-1 2.9999999999999999e-1
    2.9999999999999999e-1 2.9999999999999999e-1 2.9999999999999999e-1
    2.9999999999999999e-1 2.9999999999999999e-1 2.9999999999999999e-1
    2.9999999999999999e-1 2.9999999999999999e-1 2.9999999999999999e-1
    2.9999999999999999e-1 2.9999999999999999e-1 2.9999999999999999e-1
    2.9999999999999999e-1 2.9999999999999999e-1 2.9999999999999999e-1
    2.9999999999999999e-1 2.9999999999999999e-1 2.9999999999999999e-1
    2.9999999999999999e-1 2.9999999999999999e-1 2.9999999999999999e-1
    2.9999999999999999e-1 2.9999999999999999e-1 2.9999999999999999e-1
    2.9999999999999999e-1 2.9999999999999999e-1 2.9999999999999999e-1
    2.9999999999999999e-1 2.9999999999999999e-1 2.9999999999999999e-1
    2.9999999999999999e-1 2.9999999999999999e-1 2.9999999999999999e-1
    2.9999999999999999e-1 2.9999999999999999e-1 2.9999999999999999e-1
    2.9999999999999999e-1 2.9999999999999999e-1 2.9999999999999999e-1
    2.9999999999999999e-1 2.9999999999999999e-1 2.9999999999999999e-1
    2.9999999999999999e-1 2.9999999999999999e-1 2.9999999999999999e-1
    2.9999999999999999e-1 2.9999999999999999e-1 2.9999999999999999e-1
    2.9999999999999999e-1 2.9999999999999999e-1 2.9999999999999999e-1
    2.9999999999999999e-1 2.9999999999999999e-1 2.9999999999999999e-1
    2.9999999999999999e-1 2.9999999999999999e-1 2.9999999999999999e-1
    2.9999999999999999e-1 2.9999999999999999e-1 2.9999999999999999e-1
    2.9999999999999999e-1 2.9999999999999999e-1 2.9999999999999999e-1
    2.9999999999999999e-1 2.9999999999999999e-1 2.9999999999999999e-1
    2.9999999999999999e-1 2.9999999999999999e-1 2.9999999999999999e-1
    2.9999999999999999e-1 2.9999999999999999e-1 2.9999999999999999e-1
    2.9999999999999999e-1 2.9999999999999999e-1 2.9999999999999999e-1
    2.9999999999999999e-1 2.9999999999999999e-1 2.9999999999999999e-1
    2.9999999999999999e-1 2.9999999999999999e-1 2.9999999999999999e-1
    2.9999999999999999e-1 2.9999999999999999e-1 2.9999999999999999e-1
    2.9999999999999999e-1 2.9999999999999999e-1 2.9999999999999999e-1
    2.9999999999999999e-1 2.9999999999999999e-1 2.9999999999999999e-1
    2.9999999999999999e-1 2.9999999999999999e-1 2.9999999999999999e-1
    2.9999999999999999e-1 2.9999999999999999e-1 2.9999999999999999e-1
    2.9999999999999999e-1 2.9999999999999999e-1 2.9999999999999999e-1
    2.9999999999999999e-1 2.9999999999999999e-1 2.9999999999999999e-1
    2.9999999999999999e-1 2.9999999999999999e-1 2.9999999999999999e-1
    2.9999999999999999e-1 2.9999999999999999e-1 2.9999999999999999e-1
    2.9999999999999999e-1 2.9999999999999999e-1 2.9999999999999999e-1
    2.9999999999999999e-1 2.9999999999999999e-1 2.9999999999999999e-1
    2.9999999999999999e-1 2.9999999999999999e-1 2.9999999999999999e-1
    2.9999999999999999e-1 2.9999999999999999e-1 2.9999999999999999e-1
    2.9999999999999999e-1 2.9999999999999999e-1 2.9999999999999999e-1
    2.9999999999999999e-1 2.9999999999999999e-1 2.9999999999999999e-1
    2.9999999999999999e-1 2.9999999999999999e-1 2.9999999999999999e-1
    2.9999999999999999e-1 2.9999999999999999e-1 2.9999999999999999e-1
    2.9999999999999999e-1 2.9999999999999999e-1 2.9999999999999999e-1
    2.9999999999999999e-1 2.9999999999999999e-1 2.9999999999999999e-1
    2.9999999999999999e-1 2.9999999999999999e-1 2.9999999999999999e-1
    2.9999999999999999e-1 2.9999999999999999e-1 2.9999999999999999e-1
    2.9999999999999999e-1 2.9999999999999999e-1 2.9999999999999999e-1
    2.9999999999999999e-1 2.9999999999999999e-1 2.9999999999999999e-1
    2.9999999999999999e-1 2.9999999999999999e-1 2.9999999999999999e-1
    2.9999999999999999e-1 2.9999999999999999e-1 2.9999999999999999e-1
    2.9999999999999999e-1 2.9999999999999999e-1 2.9999999999999999e-1
    2.9999999999999999e-1 2.9999999999999999e-1 2.9999999999999999e-1
    2.9999999999999999e-1 2.9999999999999999e-1 2.9999999999999999e-1
    2.9999999999999999e-1 2.9999999999999999e-1 2.9999999999999999e-1
    2.9999999999999999e-1 2.9999999999999999e-1 2.9999999999999999e-1
    2.9999999999999999e-1 2.9999999999999999e-1 2.9999999999999999e-1
    2.9999999999999999e-1 2.9999999999999999e-1 2.9999999999999999e-1
    2.9999999999999999e-1 2.9999999999999999e-1 2.9999999999999999e-1
    2.9999999999999999e-1 2.9999999999999999e-1 2.9999999999999999e-1
    2.9999999999999999e-1 2.9999999999999999e-1 2.9999999999999999e-1
    2.9999999999999999e-1 2.9999999999999999e-1 2.9999999999999999e-1
    2.9999999999999999e-1 2.9999999999999999e-1 2.9999999999999999e-1
    2.9999999999999999e-1 2.9999999999999999e-1 2.9999999999999999e-1
    2.9999999999999999e-1 2.9999999999999999e-1 2.9999999999999999e-1
    2.9999999999999999e-1 2.9999999999999999e-1 2.9999999999999999e-1
    2.9999999999999999e-1 2.9999999999999999e-1 2.9999999999999999e-1
    2.9999999999999999e-1 2.9999999999999999e-1 2.9999999999999999e-1
    2.9999999999999999e-1 2.9999999999999999e-1 2.9999999999999999e-1
    2.9999999999999999e-1 2.9999999999999999e-1 2.9999999999999999e-1
    2.9999999999999999e-1 2.9999999999999999e-1 2.9999999999999999e-1
    2.9999999999999999e-1 2.9999999999999999e-1 2.9999999999999999e-1
    2.9999999999999999e-1 2.9999999999999999e-1 2.9999999999999999e-1
    2.9999999999999999e-1 2.9999999999999999e-1 2.9999999999999999e-1
    2.9999999999999999e-1 2.9999999999999999e-1 2.9999999999999999e-1
    2.9999999999999999e-1 2.9999999999999999e-1 2.9999999999999999e-1
    2.9999999999999999e-1 2.9999999999999999e-1 2.9999999999999999e-1
    2.9999999999999999e-1 2.9999999999999999e-1 2.9999999999999999e-1
    2.9999999999999999e-1 2.9999999999999999e-1 2.9999999999999999e-1
    2.9999999999999999e-1 2.9999999999999999e-1 2.9999999999999999e-1
    2.9999999999999999e-1 2.9999999999999999e-1 2.9999999999999999e-1
    2.9999999999999999e-1 2.9999999999999999e-1 2.9999999999999999e-1
    2.9999999999999999e-1 2.9999999999999999e-1 2.9999999999999999e-1
    2.9999999999999999e-1 2.9999999999999999e-1 2.9999999999999999e-1
    2.9999999999999999e-1 2.9999999999999999e-1 2.9999999999999999e-1
    2.9999999999999999e-1 2.9999999999999999e-1 2.9999999999999999e-1
    2.9999999999999999e-1 2.9999999999999999e-1 2.9999999999999999e-1
    2.9999999999999999e-1 2.9999999999999999e-1 2.9999999999999999e-1
    2.9999999999999999e-1 2.9999999999999999e-1 2.9999999999999999e-1
    2.9999999999999999e-1 2.9999999999999999e-1 2.9999999999999999e-1
    2.9999999999999999e-1 2.9999999999999999e-1 2.9999999999999999e-1
    2.9999999999999999e-1 2.9999999999999999e-1 2.9999999999999999e-1
    2.9999999999999999e-1 2.9999999999999999e-1 2.9999999999999999e-1
    2.9999999999999999e-1 2.9999999999999999e-1 2.9999999999999999e-1
    2.9999999999999999e-1 2.9999999999999999e-1 2.9999999999999999e-1
    2.9999999999999999e-1 2.9999999999999999e-1 2.9999999999999999e-1
    2.9999999999999999e-1 2.9999999999999999e-1 2.9999999999999999e-1
    2.9999999999999999e-1 2.9999999999999999e-1 2.9999999999999999e-1
    2.9999999999999999e-1 2.9999999999999999e-1 2.9999999999999999e-1
    2.9999999999999999e-1 2.9999999999999999e-1 2.9999999999999999e-1
    2.9999999999999999e-1 2.9999999999999999e-1 2.9999999999999999e-1
    2.9999999999999999e-1 2.9999999999999999e-1 2.9999999999999999e-1
    2.9999999999999999e-1 2.9999999999999999e-1 2.9999999999999999e-1
    2.9999999999999999e-1 2.9999999999999999e-1 2.9999999999999999e-1
    2.9999999999999999e-1 2.9999999999999999e-1 2.9999999999999999e-1
    2.9999999999999999e-1 2.9999999999999999e-1 2.9999999999999999e-1
    2.9999999999999999e-1 2.9999999999999999e-1 2.9999999999999999e-1
    2.9999999999999999e-1 2.9999999999999999e-1 2.9999999999999999e-1
    2.9999999999999999e-1 2.9999999999999999e-1 2.9999999999999999e-1
    2.9999999999999999e-1 2.9999999999999999e-1 2.9999999999999999e-1
    2.9999999999999999e-1 2.9999999999999999e-1 2.9999999999999999e-1
    2.9999999999999999e-1 2.9999999999999999e-1 2.9999999999999999e-1
    2.9999999999999999e-1 2.9999999999999999e-1 2.9999999999999999e-1
    2.9999999999999999e-1 2.9999999999999999e-1 2.9999999999999999e-1
    2.9999999999999999e-1 2.9999999999999999e-1 2.9999999999999999e-1
    2.9999999999999999e-1 2.9999999999999999e-1 2.9999999999999999e-1
    2.9999999999999999e-1 2.9999999999999999e-1 2.9999999999999999e-1
    2.9999999999999999e-1 2.9999999999999999e-1 2.9999999999999999e-1
    2.9999999999999999e-1 2.9999999999999999e-1 2.9999999999999999e-1
    2.9999999999999999e-1 2.9999999999999999e-1 2.9999999999999999e-1
    2.9999999999999999e-1 2.9999999999999999e-1 2.9999999999999999e-1
    2.9999999999999999e-1 2.9999999999999999e-1 2.9999999999999999e-1
    2.9999999999999999e-1 2.9999999999999999e-1 2.9999999999999999e-1
    2.9999999999999999e-1 2.9999999999999999e-1 2.9999999999999999e-1
    2.9999999999999999e-1 2.9999999999999999e-1 2.9999999999999999e-1
    2.9999999999999999e-1 2.9999999999999999e-1 2.9999999999999999e-1
    2.9999999999999999e-1 2.9999999999999999e-1 2.9999999999999999e-1
    2.9999999999999999e-1 2.9999999999999999e-1 2.9999999999999999e-1
    2.9999999999999999e-1 2.9999999999999999e-1 2.9999999999999999e-1
    2.9999999999999999e-1 2.9999999999999999e-1 2.9999999999999999e-1
    2.9999999999999999e-1 2.9999999999999999e-1 2.9999999999999999e-1
    2.9999999999999999e-1 2.9999999999999999e-1 2.9999999999999999e-1
    2.9999999999999999e-1 2.9999999999999999e-1 2.9999999999999999e-1
    2.9999999999999999e-1 2.9999999999999999e-1 2.9999999999999999e-1
    2.9999999999999999e-1 2.9999999999999999e-1 2.9999999999999999e-1
    2.9999999999999999e-1 2.9999999999999999e-1 2.9999999999999999e-1
    2.9999999999999999e-1 2.9999999999999999e-1 2.9999999999999999e-1
    2.9999999999999999e-1 2.9999999999999999e-1 2.9999999999999999e-1
    2.9999999999999999e-1 2.9999999999999999e-1 2.9999999999999999e-1
    2.9999999999999999e-1 2.9999999999999999e-1 2.9999999999999999e-1
    2.9999999999999999e-1 2.9999999999999999e-1 2.9999999999999999e-1
    2.9999999999999999e-1 2.9999999999999999e-1 2.9999999999999999e-1
    2.9999999999999999e-1 2.9999999999999999e-1 2.9999999999999999e-1
    2.9999999999999999e-1 2.9999999999999999e-1 2.9999999999999999e-1
    2.9999999999999999e-1 2.9999999999999999e-1 2.9999999999999999e-1
    2.9999999999999999e-1 2.9999999999999999e-1 2.9999999999999999e-1
    2.9999999999999999e-1 2.9999999999999999e-1 2.9999999999999999e-1
    2.9999999999999999e-1 2.9999999999999999e-1 2.9999999999999999e-1
    2.9999999999999999e-1 2.9999999999999999e-1 2.9999999999999999e-1
    2.9999999999999999e-1 2.9999999999999999e-1 2.9999999999999999e-1
    2.9999999999999999e-1 2.9999999999999999e-1 2.9999999999999999e-1
    2.9999999999999999e-1 2.9999999999999999e-1 2.9999999999999999e-1
    2.9999999999999999e-1 2.9999999999999999e-1 2.9999999999999999e-1
    2.9999999999999999e-1 2.9999999999999999e-1 2.9999999999999999e-1
    2.9999999999999999e-1 2.9999999999999999e-1 2.9999999999999999e-1
    2.9999999999999999e-1 2.9999999999999999e-1 2.9999999999999999e-1
    2.9999999999999999e-1 2.9999999999999999e-1 2.9999999999999999e-1
    2.9999999999999999e-1 2.9999999999999999e-1 2.9999999999999999e-1
    2.9999999999999999e-1 2.9999999999999999e-1 2.9999999999999999e-1
    2.9999999999999999e-1 2.9999999999999999e-1 2.9999999999999999e-1
    2.9999999999999999e-1 2.9999999999999999e-1 2.9999999999999999e-1
    2.9999999999999999e-1 2.9999999999999999e-1 2.9999999999999999e-1
    2.9999999999999999e-1 2.9999999999999999e-1 2.9999999999999999e-1
    2.9999999999999999e-1 2.9999999999999999e-1 2.9999999999999999e-1
    2.9999999999999999e-1 2.9999999999999999e-1 2.9999999999999999e-1
    2.9999999999999999e-1 2.9999999999999999e-1 2.9999999999999999e-1
    2.9999999999999999e-1 2.9999999999999999e-1 2.9999999999999999e-1
    2.9999999999999999e-1 2.9999999999999999e-1 2.9999999999999999e-1
    2.9999999999999999e-1 2.9999999999999999e-1 2.9999999999999999e-1
    2.9999999999999999e-1 2.9999999999999999e-1 2.9999999999999999e-1
    2.9999999999999999e-1 2.9999999999999999e-1 2.9999999999999999e-1
    2.9999999999999999e-1 2.9999999999999999e-1 2.9999999999999999e-1
    2.9999999999999999e-1 2.9999999999999999e-1 2.9999999999999999e-1
    2.9999999999999999e-1 2.9999999999999999e-1 2.9999999999999999e-1
    2.9999999999999999e-1 2.9999999999999999e-1 2.9999999999999999e-1
    2.9999999999999999e-1 2.9999999999999999e-1 2.9999999999999999e-1
    2.9999999999999999e-1 2.9999999999999999e-1 2.9999999999999999e-1
    2.9999999999999999e-1 2.9999999999999999e-1 2.9999999999999999e-1
    2.9999999999999999e-1 2.9999999999999999e-1 2.9999999999999999e-1
    2.9999999999999999e-1 2.9999999999999999e-1 2.9999999999999999e-1
    2.9999999999999999e-1 2.9999999999999999e-1 2.9999999999999999e-1
    2.9999999999999999e-1 2.9999999999999999e-1 2.9999999999999999e-1
    2.9999999999999999e-1 2.9999999999999999e-1 2.9999999999999999e-1
    2.9999999999999999e-1 2.9999999999999999e-1 2.9999999999999999e-1
    2.9999999999999999e-1 2.9999999999999999e-1 2.9999999999999999e-1
    2.9999999999999999e-1 2.9999999999999999e-1 2.9999999999999999e-1
    2.9999999999999999e-1 2.9999999999999999e-1 2.9999999999999999e-1
    2.9999999999999999e-1 2.9999999999999999e-1 2.9999999999999999e-1
    2.9999999999999999e-1 2.9999999999999999e-1 2.9999999999999999e-1
    2.9999999999999999e-1 2.9999999999999999e-1 2.9999999999999999e-1
    2.9999999999999999e-1 2.9999999999999999e-1 2.9999999999999999e-1
    2.9999999999999999e-1 2.9999999999999999e-1 2.9999999999999999e-1
    2.9999999999999999e-1 2.9999999999999999e-1 2.9999999999999999e-1
    2.9999999999999999e-1 2.9999999999999999e-1 2.9999999999999999e-1
    2.9999999999999999e-1 2.9999999999999999e-1 2.9999999999999999e-1
    2.9999999999999999e-1 2.9999999999999999e-1 2.9999999999999999e-1
    2.9999999999999999e-1 2.9999999999999999e-1 2.9999999999999999e-1
    2.9999999999999999e-1 2.9999999999999999e-1 2.9999999999999999e-1
    2.9999999999999999e-1 2.9999999999999999e-1 2.9999999999999999e-1
    2.9999999999999999e-1 2.9999999999999999e-1 2.9999999999999999e-1
    2.9999999999999999e-1 2.9999999999999999e-1 2.9999999999999999e-1
    2.9999999999999999e-1 2.9999999999999999e-1 2.9999999999999999e-1
    2.9999999999999999e-1 2.9999999999999999e-1 2.9999999999999999e-1
    2.9999999999999999e-1 2.9999999999999999e-1 2.9999999999999999e-1
    2.9999999999999999e-1 2.9999999999999999e-1 2.9999999999999999e-1
    2.9999999999999999e-1 2.9999999999999999e-1 2.9999999999999999e-1
    2.9999999999999999e-1 2.9999999999999999e-1 2.9999999999999999e-1
    2.9999999999999999e-1 2.9999999999999999e-1 2.9999999999999999e-1
    2.9999999999999999e-1 2.9999999999999999e-1 2.9999999999999999e-1
    2.9999999999999999e-1 2.9999999999999999e-1 2.9999999999999999e-1
    2.9999999999999999e-1 2.9999999999999999e-1 2.9999999999999999e-1
    2.9999999999999999e-1 2.9999999999999999e-1 2.9999999999999999e-1
    2.9999999999999999e-1 2.9999999999999999e-1 2.9999999999999999e-1
    2.9999999999999999e-1 2.9999999999999999e-1 2.9999999999999999e-1
    2.9999999999999999e-1 2.9999999999999999e-1 2.9999999999999999e-1
    2.9999999999999999e-1 2.9999999999999999e-1 2.9999999999999999e-1
    2.9999999999999999e-1 2.9999999999999999e-1 2.9999999999999999e-1
    2.9999999999999999e-1 2.9999999999999999e-1 2.9999999999999999e-1
    2.9999999999999999e-1 2.9999999999999999e-1 2.9999999999999999e-1
    2.9999999999999999e-1 2.9999999999999999e-1 2.9999999999999999e-1
    2.9999999999999999e-1 2.9999999999999999e-1 2.9999999999999999e-1
    2.9999999999999999e-1 2.9999999999999999e-1 2.9999999999999999e-1
    2.9999999999999999e-1 2.9999999999999999e-1 2.9999999999999999e-1
    2.9999999999999999e-1 2.9999999999999999e-1 2.9999999999999999e-1
    2.9999999999999999e-1 2.9999999999999999e-1 2.9999999999999999e-1
    2.9999999999999999e-1 2.9999999999999999e-1 2.9999999999999999e-1
    2.9999999999999999e-1 2.9999999999999999e-1 2.9999999999999999e-1
    2.9999999999999999e-1 2.9999999999999999e-1 2.9999999999999999e-1
    2.9999999999999999e-1 2.9999999999999999e-1 2.9999999999999999e-1
    2.9999999999999999e-1 2.9999999999999999e-1 2.9999999999999999e-1
    2.9999999999999999e-1 2.9999999999999999e-1 2.9999999999999999e-1
    2.9999999999999999e-1 2.9999999999999999e-1 2.9999999999999999e-1
    2.9999999999999999e-1 2.9999999999999999e-1 2.9999999999999999e-1
    2.9999999999999999e-1 2.9999999999999999e-1 2.9999999999999999e-1
    2.9999999999999999e-1 2.9999999999999999e-1 2.9999999999999999e-1
    2.9999999999999999e-1 2.9999999999999999e-1 2.9999999999999999e-1
    2.9999999999999999e-1 2.9999999999999999e-1 2.9999999999999999e-1
    2.9999999999999999e-1 2.9999999999999999e-1 2.9999999999999999e-1
    2.9999999999999999e-1 2.9999999999999999e-1 2.9999999999999999e-1
    2.9999999999999999e-1 2.9999999999999999e-1 2.9999999999999999e-1
    2.9999999999999999e-1 2.9999999999999999e-1 2.9999999999999999e-1
    2.9999999999999999e-1 2.9999999999999999e-1 2.9999999999999999e-1
    2.9999999999999999e-1 2.9999999999999999e-1 2.9999999999999999e-1
    2.9999999999999999e-1 2.9999999999999999e-1 2.9999999999999999e-1
    2.9999999999999999e-1 2.9999999999999999e-1 2.9999999999999999e-1
    2.9999999999999999e-1 2.9999999999999999e-1 2.9999999999999999e-1
    2.9999999999999999e-1 2.9999999999999999e-1 2.9999999999999999e-1
    2.9999999999999999e-1 2.9999999999999999e-1 2.9999999999999999e-1
    2.9999999999999999e-1 2.9999999999999999e-1 2.9999999999999999e-1
    2.9999999999999999e-1 2.9999999999999999e-1 2.9999999999999999e-1
    2.9999999999999999e-1 2.9999999999999999e-1 2.9999999999999999e-1
    2.9999999999999999e-1 2.9999999999999999e-1 2.9999999999999999e-1
    2.9999999999999999e-1 2.9999999999999999e-1 2.9999999999999999e-1
    2.9999999999999999e-1 2.9999999999999999e-1 2.9999999999999999e-1
    2.9999999999999999e-1 2.9999999999999999e-1 2.9999999999999999e-1
    2.9999999999999999e-1 2.9999999999999999e-1 2.9999999999999999e-1
    2.9999999999999999e-1 2.9999999999999999e-1 2.9999999999999999e-1
    2.9999999999999999e-1 2.9999999999999999e-1 2.9999999999999999e-1
    2.9999999999999999e-1 2.9999999999999999e-1 2.9999999999999999e-1
    2.9999999999999999e-1 2.9999999999999999e-1 2.9999999999999999e-1
    2.9999999999999999e-1 2.9999999999999999e-1 2.9999999999999999e-1
    2.9999999999999999e-1 2.9999999999999999e-1 2.9999999999999999e-1
    2.9999999999999999e-1 2.9999999999999999e-1 2.9999999999999999e-1
    2.9999999999999999e-1 2.9999999999999999e-1 2.9999999999999999e-1
    2.9999999999999999e-1 2.9999999999999999e-1 2.9999999999999999e-1
    2.9999999999999999e-1 2.9999999999999999e-1 2.9999999999999999e-1
    2.9999999999999999e-1 2.9999999999999999e-1 2.9999999999999999e-1
    2.9999999999999999e-1 2.9999999999999999e-1 2.9999999999999999e-1
    2.9999999999999999e-1 2.9999999999999999e-1 2.9999999999999999e-1
    2.9999999999999999e-1 2.9999999999999999e-1 2.9999999999999999e-1
    2.9999999999999999e-1 2.9999999999999999e-1 2.9999999999999999e-1
    2.9999999999999999e-1 2.9999999999999999e-1 2.9999999999999999e-1
    2.9999999999999999e-1 2.9999999999999999e-1 2.9999999999999999e-1
    2.9999999999999999e-1 2.9999999999999999e-1 2.9999999999999999e-1
    2.9999999999999999e-1 2.9999999999999999e-1 2.9999999999999999e-1
    2.9999999999999999e-1 2.9999999999999999e-1 2.9999999999999999e-1
    2.9999999999999999e-1 2.9999999999999999e-1 2.9999999999999999e-1
    2.9999999999999999e-1 2.9999999999999999e-1 2.9999999999999999e-1
    2.9999999999999999e-1 2.9999999999999999e-1 2.9999999999999999e-1
    2.9999999999999999e-1 2.9999999999999999e-1 2.9999999999999999e-1
    2.9999999999999999e-1 2.9999999999999999e-1 2.9999999999999999e-1
    2.9999999999999999e-1 2.9999999999999999e-1 2.9999999999999999e-1
    2.9999999999999999e-1 2.9999999999999999e-1 2.9999999999999999e-1
    2.9999999999999999e-1 2.9999999999999999e-1 2.9999999999999999e-1
    2.9999999999999999e-1 2.9999999999999999e-1 2.9999999999999999e-1
    2.9999999999999999e-1 2.9999999999999999e-1 2.9999999999999999e-1
    2.9999999999999999e-1 2.9999999999999999e-1 2.9999999999999999e-1
    2.9999999999999999e-1 2.9999999999999999e-1 2.9999999999999999e-1
    2.9999999999999999e-1 2.9999999999999999e-1 2.9999999999999999e-1
    2.9999999999999999e-1 2.9999999999999999e-1 2.9999999999999999e-1
    2.9999999999999999e-1 2.9999999999999999e-1 2.9999999999999999e-1
    2.9999999999999999e-1 2.9999999999999999e-1 2.9999999999999999e-1
    2.9999999999999999e-1 2.9999999999999999e-1 2.9999999999999999e-1
    2.9999999999999999e-1 2.9999999999999999e-1 2.9999999999999999e-1
    2.9999999999999999e-1 2.9999999999999999e-1 2.9999999999999999e-1
    2.9999999999999999e-1 2.9999999999999999e-1 2.9999999999999999e-1
    2.9999999999999999e-1 2.9999999999999999e-1 2.9999999999999999e-1
    2.9999999999999999e-1 2.9999999999999999e-1 2.9999999999999999e-1
    2.9999999999999999e-1 2.9999999999999999e-1 2.9999999999999999e-1
    2.9999999999999999e-1 2.9999999999999999e-1 2.9999999999999999e-1
    2.9999999999999999e-1 2.9999999999999999e-1 2.9999999999999999e-1
    2.9999999999999999e-1 2.9999999999999999e-1 2.9999999999999999e-1
    2.9999999999999999e-1 2.9999999999999999e-1 2.9999999999999999e-1
    2.9999999999999999e-1 2.9999999999999999e-1 2.9999999999999999e-1
    2.9999999999999999e-1 2.9999999999999999e-1 2.9999999999999999e-1
    2.9999999999999999e-1 2.9999999999999999e-1 2.9999999999999999e-1
    2.9999999999999999e-1 2.9999999999999999e-1 2.9999999999999999e-1
    2.9999999999999999e-1 2.9999999999999999e-1 2.9999999999999999e-1
    2.9999999999999999e-1 2.9999999999999999e-1 2.9999999999999999e-1
    2.9999999999999999e-1 2.9999999999999999e-1 2.9999999999999999e-1
    2.9999999999999999e-1 2.9999999999999999e-1 2.9999999999999999e-1
    2.9999999999999999e-1 2.9999999999999999e-1 2.9999999999999999e-1
    2.9999999999999999e-1 2.9999999999999999e-1 2.9999999999999999e-1
    2.9999999999999999e-1 2.9999999999999999e-1 2.9999999999999999e-1
    2.9999999999999999e-1 2.9999999999999999e-1 2.9999999999999999e-1
    2.9999999999999999e-1 2.9999999999999999e-1 2.9999999999999999e-1
    2.9999999999999999e-1 2.9999999999999999e-1 4.0000000000000002e-1
    4.0000000000000002e-1 4.0000000000000002e-1 4.0000000000000002e-1
    4.0000000000000002e-1 4.0000000000000002e-1 4.0000000000000002e-1
    4.0000000000000002e-1 4.0000000000000002e-1 4.0000000000000002e-1
    4.0000000000000002e-1 4.0000000000000002e-1 4.0000000000000002e-1
    4.0000000000000002e-1 4.0000000000000002e-1 4.0000000000000002e-1
    4.0000000000000002e-1 4.0000000000000002e-1 4.0000000000000002e-1
    4.0000000000000002e-1 4.0000000000000002e-1 4.0000000000000002e-1
    4.0000000000000002e-1 4.0000000000000002e-1 4.0000000000000002e-1
    4.0000000000000002e-1 4.0000000000000002e-1 4.0000000000000002e-1
    4.0000000000000002e-1 4.0000000000000002e-1 4.0000000000000002e-1
    4.0000000000000002e-1 4.0000000000000002e-1 4.0000000000000002e-1
    4.0000000000000002e-1 4.0000000000000002e-1 4.0000000000000002e-1
    4.0000000000000002e-1 4.0000000000000002e-1 4.0000000000000002e-1
    4.0000000000000002e-1 4.0000000000000002e-1 4.0000000000000002e-1
    4.0000000000000002e-1 4.0000000000000002e-1 4.0000000000000002e-1
    4.0000000000000002e-1 4.0000000000000002e-1 4.0000000000000002e-1
    4.0000000000000002e-1 4.0000000000000002e-1 4.0000000000000002e-1
    4.0000000000000002e-1 4.0000000000000002e-1 4.0000000000000002e-1
    4.0000000000000002e-1 4.0000000000000002e-1 4.0000000000000002e-1
    4.0000000000000002e-1 4.0000000000000002e-1 4.0000000000000002e-1
    4.0000000000000002e-1 4.0000000000000002e-1 4.0000000000000002e-1
    4.0000000000000002e-1 4.0000000000000002e-1 4.0000000000000002e-1
    4.0000000000000002e-1 4.0000000000000002e-1 4.0000000000000002e-1
    4.0000000000000002e-1 4.0000000000000002e-1 4.0000000000000002e-1
    4.0000000000000002e-1 4.0000000000000002e-1 4.0000000000000002e-1
    4.0000000000000002e-1 4.0000000000000002e-1 4.0000000000000002e-1
    4.0000000000000002e-1 4.0000000000000002e-1 4.0000000000000002e-1
    4.0000000000000002e-1 4.0000000000000002e-1 4.0000000000000002e-1
    4.0000000000000002e-1 4.0000000000000002e-1 4.0000000000000002e-1
    4.0000000000000002e-1 4.0000000000000002e-1 4.0000000000000002e-1
    4.0000000000000002e-1 4.0000000000000002e-1 4.0000000000000002e-1
    4.0000000000000002e-1 4.0000000000000002e-1 4.0000000000000002e-1
    4.0000000000000002e-1 4.0000000000000002e-1 4.0000000000000002e-1
    4.0000000000000002e-1 4.0000000000000002e-1 4.0000000000000002e-1
    4.0000000000000002e-1 4.0000000000000002e-1 4.0000000000000002e-1
    4.0000000000000002e-1 4.0000000000000002e-1 4.0000000000000002e-1
    4.0000000000000002e-1 4.0000000000000002e-1 4.0000000000000002e-1
    4.0000000000000002e-1 4.0000000000000002e-1 4.0000000000000002e-1
    4.0000000000000002e-1 4.0000000000000002e-1 4.0000000000000002e-1
    4.0000000000000002e-1 4.0000000000000002e-1 4.0000000000000002e-1
    4.0000000000000002e-1 4.0000000000000002e-1 4.0000000000000002e-1
    4.0000000000000002e-1 4.0000000000000002e-1 4.0000000000000002e-1
    4.0000000000000002e-1 4.0000000000000002e-1 4.0000000000000002e-1
    4.0000000000000002e-1 4.0000000000000002e-1 4.0000000000000002e-1
    4.0000000000000002e-1 4.0000000000000002e-1 4.0000000000000002e-1
    4.0000000000000002e-1 4.0000000000000002e-1 4.0000000000000002e-1
    4.0000000000000002e-1 4.0000000000000002e-1 4.0000000000000002e-1
    4.0000000000000002e-1 4.0000000000000002e-1 4.0000000000000002e-1
    4.0000000000000002e-1 4.0000000000000002e-1 4.0000000000000002e-1
    4.0000000000000002e-1 4.0000000000000002e-1 4.0000000000000002e-1
    4.0000000000000002e-1 4.0000000000000002e-1 4.0000000000000002e-1
    4.0000000000000002e-1 4.0000000000000002e-1 4.0000000000000002e-1
    4.0000000000000002e-1 4.0000000000000002e-1 4.0000000000000002e-1
    4.0000000000000002e-1 5.0e-1 5.0e-1 5.0e-1 5.0e-1 5.0e-1 5.0e-1 5.0e-1
    5.0e-1 5.0e-1 5.0e-1 5.0e-1 5.0e-1 5.0e-1 5.0e-1 5.0e-1 5.0e-1 5.0e-1
    5.0e-1 5.0e-1 5.0e-1 5.0e-1 5.0e-1 5.0e-1 5.0e-1 5.0e-1 5.0e-1 5.0e-1
    5.0e-1 5.0e-1 5.0e-1 5.0e-1 5.0e-1 5.0e-1 5.0e-1 5.0e-1 5.0e-1 5.0e-1
    5.0e-1 5.0e-1 5.0e-1 5.0e-1 5.0e-1 5.0e-1 5.0e-1 5.0e-1 5.0e-1 5.0e-1
    5.0e-1 5.0e-1 5.0e-1 5.0e-1 5.0e-1 5.0e-1 5.0e-1 5.0e-1 5.0e-1 5.0e-1
    5.0e-1 5.0e-1 5.0e-1 5.0e-1 5.0e-1 5.0e-1 5.0e-1 5.0e-1 5.0e-1 5.0e-1
    5.0e-1 5.0e-1 5.0e-1 5.0e-1 5.0e-1 5.0e-1 5.0e-1 5.0e-1 5.0e-1 5.0e-1
    5.0e-1 5.0e-1 5.0e-1 5.0e-1 5.0e-1 5.0e-1 5.0e-1 5.0e-1 5.0e-1 5.0e-1
    5.0e-1 5.0e-1 5.0e-1 5.0e-1 5.0e-1 5.0e-1 5.0e-1 5.0e-1 5.0e-1 5.0e-1
    5.0e-1 5.0e-1 5.0e-1 5.0e-1 5.0e-1 5.0e-1 5.0e-1 5.0e-1 5.0e-1 5.0e-1
    5.0e-1 5.0e-1 5.0e-1 5.0e-1 5.0e-1 5.0e-1 5.0e-1 5.0e-1 5.0e-1 5.0e-1
    5.0e-1 5.0e-1 5.0e-1 5.0e-1 5.0e-1 5.0e-1 5.0e-1 5.0e-1 5.0e-1 5.0e-1
    5.0e-1 5.0e-1 5.0e-1 5.0e-1 5.0e-1 5.0e-1 5.0e-1 5.0e-1 5.0e-1 5.0e-1
    5.0e-1 5.0e-1 5.0e-1 5.0e-1 5.0e-1 5.0e-1 5.0e-1 5.0e-1 5.0e-1 5.0e-1
    5.0e-1 5.0e-1 5.0e-1 5.0e-1 5.0e-1 5.0e-1 5.0e-1 5.0e-1 5.0e-1 5.0e-1
    5.0e-1 5.0e-1 5.0e-1 5.0e-1 5.0e-1 5.0e-1 5.0e-1 5.0e-1 5.0e-1 5.0e-1
    5.0e-1 5.0e-1 5.0e-1 5.0e-1 5.0e-1 5.0e-1 5.0e-1 5.0e-1 5.0e-1 5.0e-1
    5.0e-1 5.0e-1 5.0e-1 5.0e-1 5.0e-1 5.0e-1 5.0e-1 5.0e-1 5.0e-1 5.0e-1
    5.0e-1 5.0e-1 5.0e-1 5.0e-1 5.0e-1 5.0e-1 5.0e-1 5.0e-1 5.0e-1 5.0e-1
    5.0e-1 5.0e-1 5.0e-1 5.0e-1 5.0e-1 5.0e-1 5.0e-1 5.0e-1 5.0e-1 5.0e-1
    5.0e-1 5.0e-1 5.0e-1 5.0e-1 5.0e-1 5.0e-1 5.0e-1 5.0e-1 5.0e-1 5.0e-1
    5.0e-1 5.0e-1 5.0e-1 5.0e-1 5.0e-1 5.0e-1 5.0e-1 5.0e-1 5.0e-1 5.0e-1
    5.0e-1 5.0e-1 5.0e-1 5.0e-1 5.0e-1 5.0e-1 5.0e-1 5.0e-1 5.0e-1 5.0e-1
    5.0e-1 5.0e-1 5.0e-1 5.0e-1 5.0e-1 5.0e-1 5.0e-1 5.0e-1 5.0e-1 5.0e-1
    5.0e-1 5.0e-1 5.0e-1 5.0e-1 5.0e-1 5.0e-1 5.0e-1 5.0e-1 5.0e-1 5.0e-1
    5.0e-1 5.0e-1 5.0e-1 5.0e-1 5.9999999999999998e-1 5.9999999999999998e-1
    5.9999999999999998e-1 5.9999999999999998e-1 5.9999999999999998e-1
    5.9999999999999998e-1 5.9999999999999998e-1 5.9999999999999998e-1
    5.9999999999999998e-1 5.9999999999999998e-1 5.9999999999999998e-1
    5.9999999999999998e-1 5.9999999999999998e-1 5.9999999999999998e-1
    5.9999999999999998e-1 5.9999999999999998e-1 5.9999999999999998e-1
    5.9999999999999998e-1 5.9999999999999998e-1 5.9999999999999998e-1
    5.9999999999999998e-1 5.9999999999999998e-1 5.9999999999999998e-1
    5.9999999999999998e-1 5.9999999999999998e-1 5.9999999999999998e-1
    5.9999999999999998e-1 5.9999999999999998e-1 5.9999999999999998e-1
    5.9999999999999998e-1 5.9999999999999998e-1 5.9999999999999998e-1
    5.9999999999999998e-1 5.9999999999999998e-1 5.9999999999999998e-1
    5.9999999999999998e-1 5.9999999999999998e-1 5.9999999999999998e-1
    5.9999999999999998e-1 5.9999999999999998e-1 5.9999999999999998e-1
    5.9999999999999998e-1 5.9999999999999998e-1 5.9999999999999998e-1
    5.9999999999999998e-1 5.9999999999999998e-1 5.9999999999999998e-1
    5.9999999999999998e-1 5.9999999999999998e-1 5.9999999999999998e-1
    5.9999999999999998e-1 5.9999999999999998e-1 5.9999999999999998e-1
    5.9999999999999998e-1 5.9999999999999998e-1 5.9999999999999998e-1
    5.9999999999999998e-1 5.9999999999999998e-1 5.9999999999999998e-1
    5.9999999999999998e-1 5.9999999999999998e-1 5.9999999999999998e-1
    5.9999999999999998e-1 5.9999999999999998e-1 5.9999999999999998e-1
    5.9999999999999998e-1 5.9999999999999998e-1 5.9999999999999998e-1
    5.9999999999999998e-1 5.9999999999999998e-1 5.9999999999999998e-1
    5.9999999999999998e-1 5.9999999999999998e-1 5.9999999999999998e-1
    5.9999999999999998e-1 5.9999999999999998e-1 5.9999999999999998e-1
    5.9999999999999998e-1 5.9999999999999998e-1 5.9999999999999998e-1
    5.9999999999999998e-1 5.9999999999999998e-1 5.9999999999999998e-1
    5.9999999999999998e-1 5.9999999999999998e-1 5.9999999999999998e-1
    5.9999999999999998e-1 5.9999999999999998e-1 5.9999999999999998e-1
    5.9999999999999998e-1 5.9999999999999998e-1 5.9999999999999998e-1
    5.9999999999999998e-1 5.9999999999999998e-1 5.9999999999999998e-1
    5.9999999999999998e-1 5.9999999999999998e-1 5.9999999999999998e-1
    5.9999999999999998e-1 5.9999999999999998e-1 5.9999999999999998e-1
    5.9999999999999998e-1 5.9999999999999998e-1 5.9999999999999998e-1
    5.9999999999999998e-1 5.9999999999999998e-1 5.9999999999999998e-1
    5.9999999999999998e-1 5.9999999999999998e-1 5.9999999999999998e-1
    5.9999999999999998e-1 5.9999999999999998e-1 5.9999999999999998e-1
    5.9999999999999998e-1 5.9999999999999998e-1 5.9999999999999998e-1
    5.9999999999999998e-1 5.9999999999999998e-1 5.9999999999999998e-1
    5.9999999999999998e-1 5.9999999999999998e-1 5.9999999999999998e-1
    5.9999999999999998e-1 5.9999999999999998e-1 5.9999999999999998e-1
    5.9999999999999998e-1 5.9999999999999998e-1 5.9999999999999998e-1
    5.9999999999999998e-1 5.9999999999999998e-1 5.9999999999999998e-1
    5.9999999999999998e-1 5.9999999999999998e-1 5.9999999999999998e-1
    5.9999999999999998e-1 5.9999999999999998e-1 5.9999999999999998e-1
    5.9999999999999998e-1 5.9999999999999998e-1 5.9999999999999998e-1
    5.9999999999999998e-1 5.9999999999999998e-1 5.9999999999999998e-1
    5.9999999999999998e-1 5.9999999999999998e-1 5.9999999999999998e-1
    5.9999999999999998e-1 5.9999999999999998e-1 5.9999999999999998e-1
    5.9999999999999998e-1 5.9999999999999998e-1 5.9999999999999998e-1
    5.9999999999999998e-1 5.9999999999999998e-1 5.9999999999999998e-1
    5.9999999999999998e-1 5.9999999999999998e-1 5.9999999999999998e-1
    5.9999999999999998e-1 5.9999999999999998e-1 5.9999999999999998e-1
    5.9999999999999998e-1 5.9999999999999998e-1 5.9999999999999998e-1
    5.9999999999999998e-1 5.9999999999999998e-1 5.9999999999999998e-1
    5.9999999999999998e-1 5.9999999999999998e-1 5.9999999999999998e-1
    5.9999999999999998e-1 5.9999999999999998e-1 5.9999999999999998e-1
    5.9999999999999998e-1 5.9999999999999998e-1 5.9999999999999998e-1
    5.9999999999999998e-1 5.9999999999999998e-1 5.9999999999999998e-1
    5.9999999999999998e-1 5.9999999999999998e-1 5.9999999999999998e-1
    5.9999999999999998e-1 5.9999999999999998e-1 5.9999999999999998e-1
    5.9999999999999998e-1 5.9999999999999998e-1 5.9999999999999998e-1
    5.9999999999999998e-1 5.9999999999999998e-1 5.9999999999999998e-1
    5.9999999999999998e-1 5.9999999999999998e-1 5.9999999999999998e-1
    5.9999999999999998e-1 5.9999999999999998e-1 5.9999999999999998e-1
    5.9999999999999998e-1 5.9999999999999998e-1 5.9999999999999998e-1
    5.9999999999999998e-1 5.9999999999999998e-1 5.9999999999999998e-1
    5.9999999999999998e-1 5.9999999999999998e-1 5.9999999999999998e-1
    5.9999999999999998e-1 5.9999999999999998e-1 5.9999999999999998e-1
    5.9999999999999998e-1 5.9999999999999998e-1 5.9999999999999998e-1
    5.9999999999999998e-1 5.9999999999999998e-1 5.9999999999999998e-1
    5.9999999999999998e-1 5.9999999999999998e-1 5.9999999999999998e-1
    5.9999999999999998e-1 5.9999999999999998e-1 5.9999999999999998e-1
    5.9999999999999998e-1 5.9999999999999998e-1 5.9999999999999998e-1
    5.9999999999999998e-1 5.9999999999999998e-1 5.9999999999999998e-1
    5.9999999999999998e-1 5.9999999999999998e-1 5.9999999999999998e-1
    5.9999999999999998e-1 5.9999999999999998e-1 5.9999999999999998e-1
    5.9999999999999998e-1 5.9999999999999998e-1 5.9999999999999998e-1
    5.9999999999999998e-1 5.9999999999999998e-1 5.9999999999999998e-1
    5.9999999999999998e-1 5.9999999999999998e-1 5.9999999999999998e-1
    5.9999999999999998e-1 5.9999999999999998e-1 5.9999999999999998e-1
    5.9999999999999998e-1 5.9999999999999998e-1 5.9999999999999998e-1
    5.9999999999999998e-1 5.9999999999999998e-1 5.9999999999999998e-1
    5.9999999999999998e-1 5.9999999999999998e-1 5.9999999999999998e-1
    5.9999999999999998e-1 5.9999999999999998e-1 5.9999999999999998e-1
    5.9999999999999998e-1 5.9999999999999998e-1 5.9999999999999998e-1
    5.9999999999999998e-1 5.9999999999999998e-1 5.9999999999999998e-1
    5.9999999999999998e-1 5.9999999999999998e-1 5.9999999999999998e-1
    5.9999999999999998e-1 5.9999999999999998e-1 5.9999999999999998e-1
    5.9999999999999998e-1 5.9999999999999998e-1 5.9999999999999998e-1
    5.9999999999999998e-1 5.9999999999999998e-1 5.9999999999999998e-1
    5.9999999999999998e-1 5.9999999999999998e-1 5.9999999999999998e-1
    5.9999999999999998e-1 5.9999999999999998e-1 5.9999999999999998e-1
    5.9999999999999998e-1 5.9999999999999998e-1 5.9999999999999998e-1
    5.9999999999999998e-1 5.9999999999999998e-1 5.9999999999999998e-1
    5.9999999999999998e-1 5.9999999999999998e-1 5.9999999999999998e-1
    5.9999999999999998e-1 5.9999999999999998e-1 5.9999999999999998e-1
    5.9999999999999998e-1 5.9999999999999998e-1 5.9999999999999998e-1
    5.9999999999999998e-1 5.9999999999999998e-1 5.9999999999999998e-1
    5.9999999999999998e-1 5.9999999999999998e-1 5.9999999999999998e-1
    5.9999999999999998e-1 5.9999999999999998e-1 5.9999999999999998e-1
    5.9999999999999998e-1 5.9999999999999998e-1 5.9999999999999998e-1
    5.9999999999999998e-1 5.9999999999999998e-1 5.9999999999999998e-1
    5.9999999999999998e-1 5.9999999999999998e-1 5.9999999999999998e-1
    5.9999999999999998e-1 5.9999999999999998e-1 5.9999999999999998e-1
    5.9999999999999998e-1 5.9999999999999998e-1 5.9999999999999998e-1
    5.9999999999999998e-1 5.9999999999999998e-1 5.9999999999999998e-1
    5.9999999999999998e-1 5.9999999999999998e-1 5.9999999999999998e-1
    5.9999999999999998e-1 5.9999999999999998e-1 5.9999999999999998e-1
    5.9999999999999998e-1 5.9999999999999998e-1 5.9999999999999998e-1
    5.9999999999999998e-1 5.9999999999999998e-1 5.9999999999999998e-1
    5.9999999999999998e-1 5.9999999999999998e-1 5.9999999999999998e-1
    5.9999999999999998e-1 5.9999999999999998e-1 5.9999999999999998e-1
    5.9999999999999998e-1 5.9999999999999998e-1 5.9999999999999998e-1
    5.9999999999999998e-1 5.9999999999999998e-1 5.9999999999999998e-1
    5.9999999999999998e-1 5.9999999999999998e-1 5.9999999999999998e-1
    5.9999999999999998e-1 5.9999999999999998e-1 5.9999999999999998e-1
    5.9999999999999998e-1 5.9999999999999998e-1 5.9999999999999998e-1
    5.9999999999999998e-1 5.9999999999999998e-1 5.9999999999999998e-1
    5.9999999999999998e-1 5.9999999999999998e-1 5.9999999999999998e-1
    5.9999999999999998e-1 5.9999999999999998e-1 5.9999999999999998e-1
    5.9999999999999998e-1 5.9999999999999998e-1 5.9999999999999998e-1
    5.9999999999999998e-1 5.9999999999999998e-1 5.9999999999999998e-1
    5.9999999999999998e-1 5.9999999999999998e-1 5.9999999999999998e-1
    5.9999999999999998e-1 5.9999999999999998e-1 5.9999999999999998e-1
    5.9999999999999998e-1 5.9999999999999998e-1 5.9999999999999998e-1
    5.9999999999999998e-1 5.9999999999999998e-1 5.9999999999999998e-1
    5.9999999999999998e-1 5.9999999999999998e-1 5.9999999999999998e-1
    5.9999999999999998e-1 5.9999999999999998e-1 5.9999999999999998e-1
    5.9999999999999998e-1 5.9999999999999998e-1 5.9999999999999998e-1
    5.9999999999999998e-1 5.9999999999999998e-1 5.9999999999999998e-1
    5.9999999999999998e-1 5.9999999999999998e-1 5.9999999999999998e-1
    5.9999999999999998e-1 5.9999999999999998e-1 5.9999999999999998e-1
    5.9999999999999998e-1 5.9999999999999998e-1 5.9999999999999998e-1
    5.9999999999999998e-1 5.9999999999999998e-1 5.9999999999999998e-1
    5.9999999999999998e-1 5.9999999999999998e-1 5.9999999999999998e-1
    5.9999999999999998e-1 5.9999999999999998e-1 5.9999999999999998e-1
    5.9999999999999998e-1 5.9999999999999998e-1 5.9999999999999998e-1
    5.9999999999999998e-1 5.9999999999999998e-1 5.9999999999999998e-1
    5.9999999999999998e-1 5.9999999999999998e-1 5.9999999999999998e-1
    5.9999999999999998e-1 5.9999999999999998e-1 5.9999999999999998e-1
    5.9999999999999998e-1 5.9999999999999998e-1 5.9999999999999998e-1
    5.9999999999999998e-1 5.9999999999999998e-1 5.9999999999999998e-1
    5.9999999999999998e-1 5.9999999999999998e-1 5.9999999999999998e-1
    5.9999999999999998e-1 5.9999999999999998e-1 5.9999999999999998e-1
    5.9999999999999998e-1 5.9999999999999998e-1 5.9999999999999998e-1
    5.9999999999999998e-1 5.9999999999999998e-1 5.9999999999999998e-1
    5.9999999999999998e-1 5.9999999999999998e-1 5.9999999999999998e-1
    5.9999999999999998e-1 5.9999999999999998e-1 5.9999999999999998e-1
    5.9999999999999998e-1 5.9999999999999998e-1 5.9999999999999998e-1
    5.9999999999999998e-1 5.9999999999999998e-1 5.9999999999999998e-1
    5.9999999999999998e-1 5.9999999999999998e-1 5.9999999999999998e-1
    5.9999999999999998e-1 5.9999999999999998e-1 5.9999999999999998e-1
    5.9999999999999998e-1 5.9999999999999998e-1 5.9999999999999998e-1
    5.9999999999999998e-1 5.9999999999999998e-1 5.9999999999999998e-1
    5.9999999999999998e-1 5.9999999999999998e-1 5.9999999999999998e-1
    5.9999999999999998e-1 5.9999999999999998e-1 5.9999999999999998e-1
    5.9999999999999998e-1 5.9999999999999998e-1 5.9999999999999998e-1
    5.9999999999999998e-1 5.9999999999999998e-1 5.9999999999999998e-1
    5.9999999999999998e-1 5.9999999999999998e-1 5.9999999999999998e-1
    5.9999999999999998e-1 5.9999999999999998e-1 5.9999999999999998e-1
    5.9999999999999998e-1 5.9999999999999998e-1 5.9999999999999998e-1
    5.9999999999999998e-1 5.9999999999999998e-1 5.9999999999999998e-1
    5.9999999999999998e-1 5.9999999999999998e-1 5.9999999999999998e-1
    5.9999999999999998e-1 5.9999999999999998e-1 5.9999999999999998e-1
    5.9999999999999998e-1 5.9999999999999998e-1 5.9999999999999998e-1
    5.9999999999999998e-1 5.9999999999999998e-1 5.9999999999999998e-1
    5.9999999999999998e-1 5.9999999999999998e-1 5.9999999999999998e-1
    5.9999999999999998e-1 5.9999999999999998e-1 5.9999999999999998e-1
    5.9999999999999998e-1 5.9999999999999998e-1 5.9999999999999998e-1
    5.9999999999999998e-1 5.9999999999999998e-1 5.9999999999999998e-1
    5.9999999999999998e-1 5.9999999999999998e-1 5.9999999999999998e-1
    5.9999999999999998e-1 5.9999999999999998e-1 5.9999999999999998e-1
    5.9999999999999998e-1 5.9999999999999998e-1 5.9999999999999998e-1
    5.9999999999999998e-1 5.9999999999999998e-1 5.9999999999999998e-1
    5.9999999999999998e-1 5.9999999999999998e-1 5.9999999999999998e-1
    5.9999999999999998e-1 5.9999999999999998e-1 5.9999999999999998e-1
    5.9999999999999998e-1 5.9999999999999998e-1 5.9999999999999998e-1
    5.9999999999999998e-1 5.9999999999999998e-1 5.9999999999999998e-1
    5.9999999999999998e-1 5.9999999999999998e-1 5.9999999999999998e-1
    5.9999999999999998e-1 5.9999999999999998e-1 5.9999999999999998e-1
    5.9999999999999998e-1 5.9999999999999998e-1 5.9999999999999998e-1
    5.9999999999999998e-1 5.9999999999999998e-1 5.9999999999999998e-1
    5.9999999999999998e-1 5.9999999999999998e-1 5.9999999999999998e-1
    5.9999999999999998e-1 5.9999999999999998e-1 5.9999999999999998e-1
    5.9999999999999998e-1 5.9999999999999998e-1 5.9999999999999998e-1
    5.9999999999999998e-1 5.9999999999999998e-1 5.9999999999999998e-1
    5.9999999999999998e-1 5.9999999999999998e-1 5.9999999999999998e-1
    5.9999999999999998e-1 5.9999999999999998e-1 5.9999999999999998e-1
    5.9999999999999998e-1 5.9999999999999998e-1 5.9999999999999998e-1
    5.9999999999999998e-1 5.9999999999999998e-1 5.9999999999999998e-1
    5.9999999999999998e-1 5.9999999999999998e-1 5.9999999999999998e-1
    5.9999999999999998e-1 5.9999999999999998e-1 5.9999999999999998e-1
    5.9999999999999998e-1 5.9999999999999998e-1 5.9999999999999998e-1
    5.9999999999999998e-1 5.9999999999999998e-1 5.9999999999999998e-1
    5.9999999999999998e-1 5.9999999999999998e-1 5.9999999999999998e-1
    5.9999999999999998e-1 5.9999999999999998e-1 5.9999999999999998e-1
    5.9999999999999998e-1 5.9999999999999998e-1 5.9999999999999998e-1
    5.9999999999999998e-1 5.9999999999999998e-1 5.9999999999999998e-1
    5.9999999999999998e-1 5.9999999999999998e-1 5.9999999999999998e-1
    5.9999999999999998e-1 5.9999999999999998e-1 5.9999999999999998e-1
    5.9999999999999998e-1 5.9999999999999998e-1 5.9999999999999998e-1
    5.9999999999999998e-1 5.9999999999999998e-1 5.9999999999999998e-1
    5.9999999999999998e-1 5.9999999999999998e-1 5.9999999999999998e-1
    5.9999999999999998e-1 5.9999999999999998e-1 5.9999999999999998e-1
    5.9999999999999998e-1 5.9999999999999998e-1 5.9999999999999998e-1
    5.9999999999999998e-1 5.9999999999999998e-1 5.9999999999999998e-1
    5.9999999999999998e-1 5.9999999999999998e-1 5.9999999999999998e-1
    5.9999999999999998e-1 5.9999999999999998e-1 5.9999999999999998e-1
    5.9999999999999998e-1 5.9999999999999998e-1 5.9999999999999998e-1
    5.9999999999999998e-1 5.9999999999999998e-1 5.9999999999999998e-1
    5.9999999999999998e-1 5.9999999999999998e-1 5.9999999999999998e-1
    5.9999999999999998e-1 5.9999999999999998e-1 5.9999999999999998e-1
    5.9999999999999998e-1 5.9999999999999998e-1 5.9999999999999998e-1
    5.9999999999999998e-1 5.9999999999999998e-1 5.9999999999999998e-1
    5.9999999999999998e-1 5.9999999999999998e-1 5.9999999999999998e-1
    5.9999999999999998e-1 5.9999999999999998e-1 5.9999999999999998e-1
    5.9999999999999998e-1 5.9999999999999998e-1 5.9999999999999998e-1
    5.9999999999999998e-1 5.9999999999999998e-1 5.9999999999999998e-1
    5.9999999999999998e-1 5.9999999999999998e-1 5.9999999999999998e-1
    5.9999999999999998e-1 5.9999999999999998e-1 5.9999999999999998e-1
    5.9999999999999998e-1 5.9999999999999998e-1 5.9999999999999998e-1
    5.9999999999999998e-1 5.9999999999999998e-1 5.9999999999999998e-1
    5.9999999999999998e-1 5.9999999999999998e-1 5.9999999999999998e-1
    5.9999999999999998e-1 5.9999999999999998e-1 5.9999999999999998e-1
    5.9999999999999998e-1 5.9999999999999998e-1 5.9999999999999998e-1
    5.9999999999999998e-1 5.9999999999999998e-1 5.9999999999999998e-1
    5.9999999999999998e-1 5.9999999999999998e-1 5.9999999999999998e-1
    5.9999999999999998e-1 5.9999999999999998e-1 5.9999999999999998e-1
    5.9999999999999998e-1 5.9999999999999998e-1 5.9999999999999998e-1
    5.9999999999999998e-1 5.9999999999999998e-1 5.9999999999999998e-1
    5.9999999999999998e-1 5.9999999999999998e-1 5.9999999999999998e-1
    5.9999999999999998e-1 5.9999999999999998e-1 5.9999999999999998e-1
    5.9999999999999998e-1 5.9999999999999998e-1 5.9999999999999998e-1
    5.9999999999999998e-1 5.9999999999999998e-1 5.9999999999999998e-1
    5.9999999999999998e-1 5.9999999999999998e-1 5.9999999999999998e-1
    5.9999999999999998e-1 5.9999999999999998e-1 5.9999999999999998e-1
    5.9999999999999998e-1 5.9999999999999998e-1 5.9999999999999998e-1
    5.9999999999999998e-1 5.9999999999999998e-1 5.9999999999999998e-1
    5.9999999999999998e-1 5.9999999999999998e-1 5.9999999999999998e-1
    5.9999999999999998e-1 5.9999999999999998e-1 5.9999999999999998e-1
    5.9999999999999998e-1 5.9999999999999998e-1 5.9999999999999998e-1
    5.9999999999999998e-1 5.9999999999999998e-1 5.9999999999999998e-1
    5.9999999999999998e-1 5.9999999999999998e-1 5.9999999999999998e-1
    5.9999999999999998e-1 5.9999999999999998e-1 5.9999999999999998e-1
    5.9999999999999998e-1 5.9999999999999998e-1 5.9999999999999998e-1
    5.9999999999999998e-1 5.9999999999999998e-1 5.9999999999999998e-1
    5.9999999999999998e-1 5.9999999999999998e-1 5.9999999999999998e-1
    5.9999999999999998e-1 5.9999999999999998e-1 5.9999999999999998e-1
    5.9999999999999998e-1 5.9999999999999998e-1 5.9999999999999998e-1
    5.9999999999999998e-1 5.9999999999999998e-1 5.9999999999999998e-1
    5.9999999999999998e-1 5.9999999999999998e-1 5.9999999999999998e-1
    5.9999999999999998e-1 5.9999999999999998e-1 5.9999999999999998e-1
    5.9999999999999998e-1 5.9999999999999998e-1 5.9999999999999998e-1
    5.9999999999999998e-1 5.9999999999999998e-1 5.9999999999999998e-1
    5.9999999999999998e-1 5.9999999999999998e-1 5.9999999999999998e-1
    5.9999999999999998e-1 5.9999999999999998e-1 5.9999999999999998e-1
    5.9999999999999998e-1 5.9999999999999998e-1 5.9999999999999998e-1
    5.9999999999999998e-1 5.9999999999999998e-1 5.9999999999999998e-1
    5.9999999999999998e-1 5.9999999999999998e-1 5.9999999999999998e-1
    5.9999999999999998e-1 5.9999999999999998e-1 5.9999999999999998e-1
    5.9999999999999998e-1 5.9999999999999998e-1 5.9999999999999998e-1
    5.9999999999999998e-1 5.9999999999999998e-1 5.9999999999999998e-1
    5.9999999999999998e-1 5.9999999999999998e-1 5.9999999999999998e-1
    5.9999999999999998e-1 5.9999999999999998e-1 5.9999999999999998e-1
    5.9999999999999998e-1 5.9999999999999998e-1 5.9999999999999998e-1
    5.9999999999999998e-1 5.9999999999999998e-1 5.9999999999999998e-1
    5.9999999999999998e-1 5.9999999999999998e-1 5.9999999999999998e-1
    5.9999999999999998e-1 5.9999999999999998e-1 5.9999999999999998e-1
    5.9999999999999998e-1 5.9999999999999998e-1 5.9999999999999998e-1
    5.9999999999999998e-1 5.9999999999999998e-1 5.9999999999999998e-1
    5.9999999999999998e-1 5.9999999999999998e-1 5.9999999999999998e-1
    5.9999999999999998e-1 5.9999999999999998e-1 5.9999999999999998e-1
    5.9999999999999998e-1 5.9999999999999998e-1 5.9999999999999998e-1
    5.9999999999999998e-1 5.9999999999999998e-1 5.9999999999999998e-1
    5.9999999999999998e-1 5.9999999999999998e-1 5.9999999999999998e-1
    5.9999999999999998e-1 5.9999999999999998e-1 5.9999999999999998e-1
    5.9999999999999998e-1 5.9999999999999998e-1 5.9999999999999998e-1
    5.9999999999999998e-1 5.9999999999999998e-1 5.9999999999999998e-1
    5.9999999999999998e-1 5.9999999999999998e-1 5.9999999999999998e-1
    5.9999999999999998e-1 5.9999999999999998e-1 5.9999999999999998e-1
    5.9999999999999998e-1 5.9999999999999998e-1 5.9999999999999998e-1
    5.9999999999999998e-1 5.9999999999999998e-1 5.9999999999999998e-1
    5.9999999999999998e-1 5.9999999999999998e-1 5.9999999999999998e-1
    5.9999999999999998e-1 5.9999999999999998e-1 5.9999999999999998e-1
    5.9999999999999998e-1 5.9999999999999998e-1 5.9999999999999998e-1
    5.9999999999999998e-1 5.9999999999999998e-1 5.9999999999999998e-1
    5.9999999999999998e-1 5.9999999999999998e-1 5.9999999999999998e-1
    5.9999999999999998e-1 5.9999999999999998e-1 5.9999999999999998e-1
    5.9999999999999998e-1 5.9999999999999998e-1 5.9999999999999998e-1
    5.9999999999999998e-1 5.9999999999999998e-1 5.9999999999999998e-1
    5.9999999999999998e-1 5.9999999999999998e-1 5.9999999999999998e-1
    5.9999999999999998e-1 5.9999999999999998e-1 5.9999999999999998e-1
    5.9999999999999998e-1 5.9999999999999998e-1 5.9999999999999998e-1
    5.9999999999999998e-1 5.9999999999999998e-1 5.9999999999999998e-1
    5.9999999999999998e-1 5.9999999999999998e-1 5.9999999999999998e-1
    5.9999999999999998e-1 5.9999999999999998e-1 5.9999999999999998e-1
    5.9999999999999998e-1 5.9999999999999998e-1 5.9999999999999998e-1
    5.9999999999999998e-1 5.9999999999999998e-1 5.9999999999999998e-1
    5.9999999999999998e-1 5.9999999999999998e-1 5.9999999999999998e-1
    5.9999999999999998e-1 5.9999999999999998e-1 5.9999999999999998e-1
    5.9999999999999998e-1 5.9999999999999998e-1 5.9999999999999998e-1
    5.9999999999999998e-1 5.9999999999999998e-1 5.9999999999999998e-1
    5.9999999999999998e-1 5.9999999999999998e-1 5.9999999999999998e-1
    5.9999999999999998e-1 5.9999999999999998e-1 5.9999999999999998e-1
    5.9999999999999998e-1 5.9999999999999998e-1 5.9999999999999998e-1
    5.9999999999999998e-1 5.9999999999999998e-1 5.9999999999999998e-1
    5.9999999999999998e-1 5.9999999999999998e-1 5.9999999999999998e-1
    5.9999999999999998e-1 5.9999999999999998e-1 5.9999999999999998e-1
    5.9999999999999998e-1 5.9999999999999998e-1 5.9999999999999998e-1
    5.9999999999999998e-1 5.9999999999999998e-1 5.9999999999999998e-1
    5.9999999999999998e-1 5.9999999999999998e-1 5.9999999999999998e-1
    5.9999999999999998e-1 5.9999999999999998e-1 5.9999999999999998e-1
    5.9999999999999998e-1 5.9999999999999998e-1 5.9999999999999998e-1
    5.9999999999999998e-1 5.9999999999999998e-1 5.9999999999999998e-1
    5.9999999999999998e-1 5.9999999999999998e-1 5.9999999999999998e-1
    5.9999999999999998e-1 5.9999999999999998e-1 5.9999999999999998e-1
    5.9999999999999998e-1 5.9999999999999998e-1 5.9999999999999998e-1
    5.9999999999999998e-1 5.9999999999999998e-1 5.9999999999999998e-1
    5.9999999999999998e-1 5.9999999999999998e-1 5.9999999999999998e-1
    5.9999999999999998e-1 5.9999999999999998e-1 5.9999999999999998e-1
    5.9999999999999998e-1 5.9999999999999998e-1 5.9999999999999998e-1
    5.9999999999999998e-1 5.9999999999999998e-1 5.9999999999999998e-1
    5.9999999999999998e-1 5.9999999999999998e-1 5.9999999999999998e-1
    5.9999999999999998e-1 5.9999999999999998e-1 5.9999999999999998e-1
    5.9999999999999998e-1 5.9999999999999998e-1 5.9999999999999998e-1
    5.9999999999999998e-1 5.9999999999999998e-1 5.9999999999999998e-1
    5.9999999999999998e-1 5.9999999999999998e-1 5.9999999999999998e-1
    5.9999999999999998e-1 5.9999999999999998e-1 5.9999999999999998e-1
    5.9999999999999998e-1 5.9999999999999998e-1 5.9999999999999998e-1
    5.9999999999999998e-1 5.9999999999999998e-1 5.9999999999999998e-1
    5.9999999999999998e-1 5.9999999999999998e-1 5.9999999999999998e-1
    5.9999999999999998e-1 5.9999999999999998e-1 5.9999999999999998e-1
    5.9999999999999998e-1 5.9999999999999998e-1 5.9999999999999998e-1
    5.9999999999999998e-1 5.9999999999999998e-1 5.9999999999999998e-1
    5.9999999999999998e-1 5.9999999999999998e-1 5.9999999999999998e-1
    5.9999999999999998e-1 5.9999999999999998e-1 5.9999999999999998e-1
    5.9999999999999998e-1 5.9999999999999998e-1 5.9999999999999998e-1
    5.9999999999999998e-1 5.9999999999999998e-1 5.9999999999999998e-1
    5.9999999999999998e-1 5.9999999999999998e-1 5.9999999999999998e-1
    5.9999999999999998e-1 5.9999999999999998e-1 5.9999999999999998e-1
    5.9999999999999998e-1 5.9999999999999998e-1 5.9999999999999998e-1
    5.9999999999999998e-1 5.9999999999999998e-1 5.9999999999999998e-1
    5.9999999999999998e-1 5.9999999999999998e-1 5.9999999999999998e-1
    5.9999999999999998e-1 5.9999999999999998e-1 5.9999999999999998e-1
    5.9999999999999998e-1 5.9999999999999998e-1 5.9999999999999998e-1
    5.9999999999999998e-1 5.9999999999999998e-1 5.9999999999999998e-1
    5.9999999999999998e-1 5.9999999999999998e-1 5.9999999999999998e-1
    5.9999999999999998e-1 5.9999999999999998e-1 5.9999999999999998e-1
    5.9999999999999998e-1 5.9999999999999998e-1 5.9999999999999998e-1
    5.9999999999999998e-1 5.9999999999999998e-1 5.9999999999999998e-1
    5.9999999999999998e-1 5.9999999999999998e-1 5.9999999999999998e-1
    5.9999999999999998e-1 5.9999999999999998e-1 5.9999999999999998e-1
    5.9999999999999998e-1 5.9999999999999998e-1 5.9999999999999998e-1
    5.9999999999999998e-1 5.9999999999999998e-1 5.9999999999999998e-1
    5.9999999999999998e-1 5.9999999999999998e-1 5.9999999999999998e-1
    5.9999999999999998e-1 5.9999999999999998e-1 5.9999999999999998e-1
    5.9999999999999998e-1 5.9999999999999998e-1 5.9999999999999998e-1
    5.9999999999999998e-1 5.9999999999999998e-1 5.9999999999999998e-1
    5.9999999999999998e-1 5.9999999999999998e-1 5.9999999999999998e-1
    5.9999999999999998e-1 5.9999999999999998e-1 5.9999999999999998e-1
    5.9999999999999998e-1 5.9999999999999998e-1 5.9999999999999998e-1
    5.9999999999999998e-1 5.9999999999999998e-1 5.9999999999999998e-1
    5.9999999999999998e-1 5.9999999999999998e-1 5.9999999999999998e-1
    5.9999999999999998e-1 5.9999999999999998e-1 5.9999999999999998e-1
    5.9999999999999998e-1 5.9999999999999998e-1 5.9999999999999998e-1
    5.9999999999999998e-1 5.9999999999999998e-1 5.9999999999999998e-1
    5.9999999999999998e-1 5.9999999999999998e-1 5.9999999999999998e-1
    5.9999999999999998e-1 5.9999999999999998e-1 5.9999999999999998e-1
    5.9999999999999998e-1 5.9999999999999998e-1 5.9999999999999998e-1
    5.9999999999999998e-1 5.9999999999999998e-1 5.9999999999999998e-1
    5.9999999999999998e-1 5.9999999999999998e-1 5.9999999999999998e-1
    5.9999999999999998e-1 5.9999999999999998e-1 5.9999999999999998e-1
    5.9999999999999998e-1 5.9999999999999998e-1 5.9999999999999998e-1
    5.9999999999999998e-1 5.9999999999999998e-1 5.9999999999999998e-1
    5.9999999999999998e-1 5.9999999999999998e-1 5.9999999999999998e-1
    5.9999999999999998e-1 5.9999999999999998e-1 5.9999999999999998e-1
    5.9999999999999998e-1 5.9999999999999998e-1 5.9999999999999998e-1
    5.9999999999999998e-1 5.9999999999999998e-1 5.9999999999999998e-1
    5.9999999999999998e-1 5.9999999999999998e-1 5.9999999999999998e-1
    5.9999999999999998e-1 5.9999999999999998e-1 5.9999999999999998e-1
    5.9999999999999998e-1 5.9999999999999998e-1 5.9999999999999998e-1
    5.9999999999999998e-1 5.9999999999999998e-1 5.9999999999999998e-1
    5.9999999999999998e-1 5.9999999999999998e-1 5.9999999999999998e-1
    5.9999999999999998e-1 5.9999999999999998e-1 5.9999999999999998e-1
    5.9999999999999998e-1 5.9999999999999998e-1 5.9999999999999998e-1
    5.9999999999999998e-1 5.9999999999999998e-1 5.9999999999999998e-1
    5.9999999999999998e-1 5.9999999999999998e-1 5.9999999999999998e-1
    5.9999999999999998e-1 5.9999999999999998e-1 5.9999999999999998e-1
    5.9999999999999998e-1 5.9999999999999998e-1 5.9999999999999998e-1
    5.9999999999999998e-1 5.9999999999999998e-1 5.9999999999999998e-1
    5.9999999999999998e-1 5.9999999999999998e-1 5.9999999999999998e-1
    5.9999999999999998e-1 5.9999999999999998e-1 5.9999999999999998e-1
    5.9999999999999998e-1 5.9999999999999998e-1 5.9999999999999998e-1
    5.9999999999999998e-1 5.9999999999999998e-1 5.9999999999999998e-1
    5.9999999999999998e-1 5.9999999999999998e-1 5.9999999999999998e-1
    5.9999999999999998e-1 5.9999999999999998e-1 5.9999999999999998e-1
    5.9999999999999998e-1 5.9999999999999998e-1 5.9999999999999998e-1
    5.9999999999999998e-1 5.9999999999999998e-1 5.9999999999999998e-1
    5.9999999999999998e-1 5.9999999999999998e-1 5.9999999999999998e-1
    5.9999999999999998e-1 5.9999999999999998e-1 5.9999999999999998e-1
    5.9999999999999998e-1 5.9999999999999998e-1 5.9999999999999998e-1
    5.9999999999999998e-1 5.9999999999999998e-1 5.9999999999999998e-1
    5.9999999999999998e-1 5.9999999999999998e-1 5.9999999999999998e-1
    5.9999999999999998e-1 5.9999999999999998e-1 5.9999999999999998e-1
    5.9999999999999998e-1 5.9999999999999998e-1 5.9999999999999998e-1
    5.9999999999999998e-1 5.9999999999999998e-1 5.9999999999999998e-1
    5.9999999999999998e-1 5.9999999999999998e-1 5.9999999999999998e-1
    5.9999999999999998e-1 5.9999999999999998e-1 5.9999999999999998e-1
    5.9999999999999998e-1 5.9999999999999998e-1 5.9999999999999998e-1
    5.9999999999999998e-1 5.9999999999999998e-1 5.9999999999999998e-1
    5.9999999999999998e-1 5.9999999999999998e-1 5.9999999999999998e-1
    5.9999999999999998e-1 5.9999999999999998e-1 5.9999999999999998e-1
    5.9999999999999998e-1 5.9999999999999998e-1 5.9999999999999998e-1
    5.9999999999999998e-1 5.9999999999999998e-1 5.9999999999999998e-1
    5.9999999999999998e-1 5.9999999999999998e-1 5.9999999999999998e-1
    5.9999999999999998e-1 5.9999999999999998e-1 5.9999999999999998e-1
    5.9999999999999998e-1 5.9999999999999998e-1 5.9999999999999998e-1
    5.9999999999999998e-1 5.9999999999999998e-1 5.9999999999999998e-1
    5.9999999999999998e-1 5.9999999999999998e-1 5.9999999999999998e-1
    5.9999999999999998e-1 5.9999999999999998e-1 5.9999999999999998e-1
    5.9999999999999998e-1 5.9999999999999998e-1 5.9999999999999998e-1
    5.9999999999999998e-1 5.9999999999999998e-1 5.9999999999999998e-1
    5.9999999999999998e-1 5.9999999999999998e-1 5.9999999999999998e-1
    5.9999999999999998e-1 5.9999999999999998e-1 5.9999999999999998e-1
    5.9999999999999998e-1 5.9999999999999998e-1 5.9999999999999998e-1
    5.9999999999999998e-1 5.9999999999999998e-1 5.9999999999999998e-1
    5.9999999999999998e-1 5.9999999999999998e-1 5.9999999999999998e-1
    5.9999999999999998e-1 5.9999999999999998e-1 5.9999999999999998e-1
    5.9999999999999998e-1 5.9999999999999998e-1 5.9999999999999998e-1
    5.9999999999999998e-1 5.9999999999999998e-1 5.9999999999999998e-1
    5.9999999999999998e-1 5.9999999999999998e-1 5.9999999999999998e-1
    5.9999999999999998e-1 5.9999999999999998e-1 5.9999999999999998e-1
    5.9999999999999998e-1 5.9999999999999998e-1 5.9999999999999998e-1
    5.9999999999999998e-1 5.9999999999999998e-1 5.9999999999999998e-1
    5.9999999999999998e-1 5.9999999999999998e-1 5.9999999999999998e-1
    5.9999999999999998e-1 5.9999999999999998e-1 5.9999999999999998e-1
    5.9999999999999998e-1 5.9999999999999998e-1 5.9999999999999998e-1
    5.9999999999999998e-1 5.9999999999999998e-1 5.9999999999999998e-1
    5.9999999999999998e-1 5.9999999999999998e-1 5.9999999999999998e-1
    5.9999999999999998e-1 5.9999999999999998e-1 5.9999999999999998e-1
    5.9999999999999998e-1 5.9999999999999998e-1 5.9999999999999998e-1
    5.9999999999999998e-1 5.9999999999999998e-1 5.9999999999999998e-1
    5.9999999999999998e-1 5.9999999999999998e-1 5.9999999999999998e-1
    5.9999999999999998e-1 5.9999999999999998e-1 5.9999999999999998e-1
    5.9999999999999998e-1 5.9999999999999998e-1 5.9999999999999998e-1
    5.9999999999999998e-1 5.9999999999999998e-1 5.9999999999999998e-1
    5.9999999999999998e-1 5.9999999999999998e-1 5.9999999999999998e-1
    5.9999999999999998e-1 5.9999999999999998e-1 5.9999999999999998e-1
    5.9999999999999998e-1 5.9999999999999998e-1 5.9999999999999998e-1
    5.9999999999999998e-1 5.9999999999999998e-1 5.9999999999999998e-1
    5.9999999999999998e-1 5.9999999999999998e-1 5.9999999999999998e-1
    5.9999999999999998e-1 5.9999999999999998e-1 5.9999999999999998e-1
    5.9999999999999998e-1 5.9999999999999998e-1 5.9999999999999998e-1
    5.9999999999999998e-1 5.9999999999999998e-1 5.9999999999999998e-1
    5.9999999999999998e-1 5.9999999999999998e-1 5.9999999999999998e-1
    5.9999999999999998e-1 5.9999999999999998e-1 5.9999999999999998e-1
    5.9999999999999998e-1 5.9999999999999998e-1 5.9999999999999998e-1
    5.9999999999999998e-1 5.9999999999999998e-1 5.9999999999999998e-1
    5.9999999999999998e-1 5.9999999999999998e-1 5.9999999999999998e-1
    5.9999999999999998e-1 5.9999999999999998e-1 5.9999999999999998e-1
    5.9999999999999998e-1 5.9999999999999998e-1 5.9999999999999998e-1
    5.9999999999999998e-1 5.9999999999999998e-1 5.9999999999999998e-1
    5.9999999999999998e-1 5.9999999999999998e-1 5.9999999999999998e-1
    5.9999999999999998e-1 5.9999999999999998e-1 5.9999999999999998e-1
    5.9999999999999998e-1 5.9999999999999998e-1 5.9999999999999998e-1
    5.9999999999999998e-1 5.9999999999999998e-1 5.9999999999999998e-1
    5.9999999999999998e-1 5.9999999999999998e-1 5.9999999999999998e-1
    5.9999999999999998e-1 5.9999999999999998e-1 5.9999999999999998e-1
    5.9999999999999998e-1 5.9999999999999998e-1 5.9999999999999998e-1
    5.9999999999999998e-1 5.9999999999999998e-1 5.9999999999999998e-1
    5.9999999999999998e-1 5.9999999999999998e-1 5.9999999999999998e-1
    5.9999999999999998e-1 5.9999999999999998e-1 5.9999999999999998e-1
    5.9999999999999998e-1 5.9999999999999998e-1 5.9999999999999998e-1
    5.9999999999999998e-1 5.9999999999999998e-1 5.9999999999999998e-1
    5.9999999999999998e-1 5.9999999999999998e-1 5.9999999999999998e-1
    5.9999999999999998e-1 5.9999999999999998e-1 5.9999999999999998e-1
    5.9999999999999998e-1 5.9999999999999998e-1 5.9999999999999998e-1
    5.9999999999999998e-1 5.9999999999999998e-1 5.9999999999999998e-1
    5.9999999999999998e-1 5.9999999999999998e-1 5.9999999999999998e-1
    5.9999999999999998e-1 5.9999999999999998e-1 5.9999999999999998e-1
    5.9999999999999998e-1 5.9999999999999998e-1 5.9999999999999998e-1
    5.9999999999999998e-1 5.9999999999999998e-1 5.9999999999999998e-1
    5.9999999999999998e-1 5.9999999999999998e-1 5.9999999999999998e-1
    5.9999999999999998e-1 5.9999999999999998e-1 5.9999999999999998e-1
    5.9999999999999998e-1 5.9999999999999998e-1 5.9999999999999998e-1
    5.9999999999999998e-1 5.9999999999999998e-1 5.9999999999999998e-1
    5.9999999999999998e-1 5.9999999999999998e-1 5.9999999999999998e-1
    5.9999999999999998e-1 5.9999999999999998e-1 5.9999999999999998e-1
    5.9999999999999998e-1 5.9999999999999998e-1 5.9999999999999998e-1
    5.9999999999999998e-1 5.9999999999999998e-1 5.9999999999999998e-1
    5.9999999999999998e-1 5.9999999999999998e-1 5.9999999999999998e-1
    5.9999999999999998e-1 5.9999999999999998e-1 5.9999999999999998e-1
    5.9999999999999998e-1 5.9999999999999998e-1 5.9999999999999998e-1
    5.9999999999999998e-1 5.9999999999999998e-1 5.9999999999999998e-1
    5.9999999999999998e-1 5.9999999999999998e-1 5.9999999999999998e-1
    5.9999999999999998e-1 5.9999999999999998e-1 5.9999999999999998e-1
    5.9999999999999998e-1 5.9999999999999998e-1 5.9999999999999998e-1
    5.9999999999999998e-1 5.9999999999999998e-1 5.9999999999999998e-1
    5.9999999999999998e-1 5.9999999999999998e-1 5.9999999999999998e-1
    5.9999999999999998e-1 5.9999999999999998e-1 5.9999999999999998e-1
    5.9999999999999998e-1 5.9999999999999998e-1 5.9999999999999998e-1
    5.9999999999999998e-1 5.9999999999999998e-1 5.9999999999999998e-1
    5.9999999999999998e-1 6.9999999999999996e-1 6.9999999999999996e-1
    6.9999999999999996e-1 6.9999999999999996e-1 6.9999999999999996e-1
    6.9999999999999996e-1 6.9999999999999996e-1 6.9999999999999996e-1
    6.9999999999999996e-1 6.9999999999999996e-1 6.9999999999999996e-1
    6.9999999999999996e-1 6.9999999999999996e-1 6.9999999999999996e-1
    6.9999999999999996e-1 6.9999999999999996e-1 6.9999999999999996e-1
    6.9999999999999996e-1 6.9999999999999996e-1 6.9999999999999996e-1
    6.9999999999999996e-1 6.9999999999999996e-1 6.9999999999999996e-1
    6.9999999999999996e-1 6.9999999999999996e-1 6.9999999999999996e-1
    6.9999999999999996e-1 6.9999999999999996e-1 6.9999999999999996e-1
    6.9999999999999996e-1 6.9999999999999996e-1 6.9999999999999996e-1
    6.9999999999999996e-1 6.9999999999999996e-1 6.9999999999999996e-1
    6.9999999999999996e-1 6.9999999999999996e-1 6.9999999999999996e-1
    6.9999999999999996e-1 6.9999999999999996e-1 6.9999999999999996e-1
    6.9999999999999996e-1 6.9999999999999996e-1 6.9999999999999996e-1
    6.9999999999999996e-1 6.9999999999999996e-1 6.9999999999999996e-1
    6.9999999999999996e-1 6.9999999999999996e-1 6.9999999999999996e-1
    6.9999999999999996e-1 6.9999999999999996e-1 6.9999999999999996e-1
    6.9999999999999996e-1 6.9999999999999996e-1 6.9999999999999996e-1
    6.9999999999999996e-1 6.9999999999999996e-1 6.9999999999999996e-1
    8.0000000000000004e-1 8.0000000000000004e-1 8.0000000000000004e-1
    8.0000000000000004e-1 8.0000000000000004e-1 8.0000000000000004e-1
    8.0000000000000004e-1 8.0000000000000004e-1 8.0000000000000004e-1
    8.0000000000000004e-1 8.0000000000000004e-1 8.0000000000000004e-1
    8.0000000000000004e-1 8.0000000000000004e-1 8.0000000000000004e-1
    8.0000000000000004e-1 8.0000000000000004e-1 8.0000000000000004e-1
    8.0000000000000004e-1 8.0000000000000004e-1 8.0000000000000004e-1
    8.0000000000000004e-1 8.0000000000000004e-1 8.0000000000000004e-1
    8.0000000000000004e-1 8.0000000000000004e-1 8.0000000000000004e-1
    8.0000000000000004e-1 8.0000000000000004e-1 8.0000000000000004e-1
    8.0000000000000004e-1 8.0000000000000004e-1 8.0000000000000004e-1
    8.0000000000000004e-1 8.0000000000000004e-1 8.0000000000000004e-1
    8.0000000000000004e-1 8.0000000000000004e-1 8.0000000000000004e-1
    8.0000000000000004e-1 8.0000000000000004e-1 8.0000000000000004e-1
    8.0000000000000004e-1 8.0000000000000004e-1 8.0000000000000004e-1
    8.0000000000000004e-1 8.0000000000000004e-1 8.0000000000000004e-1
    8.0000000000000004e-1 8.0000000000000004e-1 8.0000000000000004e-1
    8.0000000000000004e-1 8.0000000000000004e-1 8.0000000000000004e-1
    8.0000000000000004e-1 8.0000000000000004e-1 8.0000000000000004e-1
    8.0000000000000004e-1 8.0000000000000004e-1 8.0000000000000004e-1
    8.0000000000000004e-1 8.0000000000000004e-1 8.0000000000000004e-1
    8.0000000000000004e-1 8.0000000000000004e-1 8.0000000000000004e-1
    8.0000000000000004e-1 8.0000000000000004e-1 8.0000000000000004e-1
    8.0000000000000004e-1 8.0000000000000004e-1 8.0000000000000004e-1
    8.0000000000000004e-1 8.0000000000000004e-1 8.0000000000000004e-1
    8.0000000000000004e-1 8.0000000000000004e-1 8.0000000000000004e-1
    8.0000000000000004e-1 8.0000000000000004e-1 8.0000000000000004e-1
    8.0000000000000004e-1 8.0000000000000004e-1 8.0000000000000004e-1
    8.0000000000000004e-1 8.0000000000000004e-1 8.0000000000000004e-1
    8.0000000000000004e-1 8.0000000000000004e-1 8.0000000000000004e-1
    8.0000000000000004e-1 8.0000000000000004e-1 8.0000000000000004e-1
    8.0000000000000004e-1 8.0000000000000004e-1 8.0000000000000004e-1
    8.0000000000000004e-1 8.0000000000000004e-1 8.0000000000000004e-1
    8.0000000000000004e-1 8.0000000000000004e-1 8.0000000000000004e-1
    8.0000000000000004e-1 8.0000000000000004e-1 8.0000000000000004e-1
    8.0000000000000004e-1 8.0000000000000004e-1 8.0000000000000004e-1
    8.0000000000000004e-1 8.0000000000000004e-1 8.0000000000000004e-1
    8.0000000000000004e-1 8.0000000000000004e-1 8.0000000000000004e-1
    8.0000000000000004e-1 8.0000000000000004e-1 8.0000000000000004e-1
    8.0000000000000004e-1 8.0000000000000004e-1 8.0000000000000004e-1
    8.0000000000000004e-1 8.0000000000000004e-1 8.0000000000000004e-1
    8.0000000000000004e-1 8.0000000000000004e-1 8.0000000000000004e-1
    8.0000000000000004e-1 8.0000000000000004e-1 8.0000000000000004e-1
    8.0000000000000004e-1 8.0000000000000004e-1 8.0000000000000004e-1
    8.0000000000000004e-1 8.0000000000000004e-1 8.0000000000000004e-1
    8.0000000000000004e-1 8.0000000000000004e-1 8.0000000000000004e-1
    8.0000000000000004e-1 8.0000000000000004e-1 8.0000000000000004e-1
    8.0000000000000004e-1 8.0000000000000004e-1 8.0000000000000004e-1
    8.0000000000000004e-1 8.0000000000000004e-1 8.0000000000000004e-1
    8.0000000000000004e-1 8.0000000000000004e-1 8.0000000000000004e-1
    8.0000000000000004e-1 8.0000000000000004e-1 8.0000000000000004e-1
    8.0000000000000004e-1 8.0000000000000004e-1 8.0000000000000004e-1
    8.0000000000000004e-1 8.0000000000000004e-1 8.0000000000000004e-1
    8.0000000000000004e-1 8.0000000000000004e-1 8.0000000000000004e-1
    8.0000000000000004e-1 8.0000000000000004e-1 8.0000000000000004e-1
    8.0000000000000004e-1 8.0000000000000004e-1 8.0000000000000004e-1
    8.0000000000000004e-1 8.0000000000000004e-1 8.0000000000000004e-1
    8.0000000000000004e-1 8.0000000000000004e-1 8.0000000000000004e-1
    8.0000000000000004e-1 8.0000000000000004e-1 8.0000000000000004e-1
    8.0000000000000004e-1 8.0000000000000004e-1 8.0000000000000004e-1
    8.0000000000000004e-1 8.0000000000000004e-1 8.0000000000000004e-1
    8.0000000000000004e-1 8.0000000000000004e-1 8.0000000000000004e-1
    8.0000000000000004e-1 8.0000000000000004e-1 8.0000000000000004e-1
    8.0000000000000004e-1 8.0000000000000004e-1 8.0000000000000004e-1
    8.0000000000000004e-1 8.0000000000000004e-1 8.0000000000000004e-1
    8.0000000000000004e-1 8.0000000000000004e-1 8.0000000000000004e-1
    8.0000000000000004e-1 8.0000000000000004e-1 8.0000000000000004e-1
    8.0000000000000004e-1 8.0000000000000004e-1 8.0000000000000004e-1
    8.0000000000000004e-1 8.0000000000000004e-1 8.0000000000000004e-1
    8.0000000000000004e-1 8.0000000000000004e-1 8.0000000000000004e-1
    8.0000000000000004e-1 8.0000000000000004e-1 8.0000000000000004e-1
    8.0000000000000004e-1 8.0000000000000004e-1 8.0000000000000004e-1
    8.0000000000000004e-1 8.0000000000000004e-1 8.0000000000000004e-1
    8.0000000000000004e-1 8.0000000000000004e-1 8.0000000000000004e-1
    8.0000000000000004e-1 8.0000000000000004e-1 8.0000000000000004e-1
    8.0000000000000004e-1 8.0000000000000004e-1 8.0000000000000004e-1
    8.0000000000000004e-1 8.0000000000000004e-1 8.0000000000000004e-1
    8.0000000000000004e-1 8.0000000000000004e-1 8.0000000000000004e-1
    8.0000000000000004e-1 8.0000000000000004e-1 8.0000000000000004e-1
    8.0000000000000004e-1 8.0000000000000004e-1 8.0000000000000004e-1
    8.0000000000000004e-1 8.0000000000000004e-1 8.0000000000000004e-1
    8.0000000000000004e-1 8.0000000000000004e-1 8.0000000000000004e-1
    8.0000000000000004e-1 8.0000000000000004e-1 8.0000000000000004e-1
    8.0000000000000004e-1 8.0000000000000004e-1 8.0000000000000004e-1
    8.0000000000000004e-1 8.0000000000000004e-1 8.0000000000000004e-1
    8.0000000000000004e-1 8.0000000000000004e-1 8.0000000000000004e-1
    8.0000000000000004e-1 8.0000000000000004e-1 8.0000000000000004e-1
    8.0000000000000004e-1 8.0000000000000004e-1 8.0000000000000004e-1
    8.0000000000000004e-1 8.0000000000000004e-1 8.0000000000000004e-1
    8.0000000000000004e-1 8.0000000000000004e-1 8.0000000000000004e-1
    8.0000000000000004e-1 8.0000000000000004e-1 8.0000000000000004e-1
    8.0000000000000004e-1 8.0000000000000004e-1 8.0000000000000004e-1
    8.0000000000000004e-1 8.0000000000000004e-1 8.0000000000000004e-1
    8.0000000000000004e-1 8.0000000000000004e-1 8.0000000000000004e-1
    8.0000000000000004e-1 8.0000000000000004e-1 8.0000000000000004e-1
    8.0000000000000004e-1 8.0000000000000004e-1 8.0000000000000004e-1
    8.0000000000000004e-1 8.0000000000000004e-1 8.0000000000000004e-1
    8.0000000000000004e-1 8.0000000000000004e-1 8.0000000000000004e-1
    8.0000000000000004e-1 8.0000000000000004e-1 8.0000000000000004e-1
    8.0000000000000004e-1 8.0000000000000004e-1 8.0000000000000004e-1
    8.0000000000000004e-1 8.0000000000000004e-1 8.0000000000000004e-1
    8.0000000000000004e-1 8.0000000000000004e-1 8.0000000000000004e-1
    8.0000000000000004e-1 8.0000000000000004e-1 8.0000000000000004e-1
    8.0000000000000004e-1 8.0000000000000004e-1 8.0000000000000004e-1
    8.0000000000000004e-1 8.0000000000000004e-1 8.0000000000000004e-1
    8.0000000000000004e-1 8.0000000000000004e-1 8.0000000000000004e-1
    8.0000000000000004e-1 8.0000000000000004e-1 8.0000000000000004e-1
    8.0000000000000004e-1 8.0000000000000004e-1 8.0000000000000004e-1
    8.0000000000000004e-1 8.0000000000000004e-1 8.0000000000000004e-1
    8.0000000000000004e-1 8.0000000000000004e-1 8.0000000000000004e-1
    8.0000000000000004e-1 8.0000000000000004e-1 8.0000000000000004e-1
    8.0000000000000004e-1 8.0000000000000004e-1 8.0000000000000004e-1
    8.0000000000000004e-1 8.0000000000000004e-1 8.0000000000000004e-1
    8.0000000000000004e-1 8.0000000000000004e-1 8.0000000000000004e-1
    8.0000000000000004e-1 8.0000000000000004e-1 8.0000000000000004e-1
    8.0000000000000004e-1 8.0000000000000004e-1 8.0000000000000004e-1
    8.0000000000000004e-1 8.0000000000000004e-1 8.0000000000000004e-1
    8.0000000000000004e-1 8.0000000000000004e-1 8.0000000000000004e-1
    8.0000000000000004e-1 8.0000000000000004e-1 8.0000000000000004e-1
    8.0000000000000004e-1 8.0000000000000004e-1 8.0000000000000004e-1
    8.0000000000000004e-1 8.0000000000000004e-1 8.0000000000000004e-1
    8.0000000000000004e-1 8.0000000000000004e-1 8.0000000000000004e-1
    8.0000000000000004e-1 8.0000000000000004e-1 8.0000000000000004e-1
    8.0000000000000004e-1 8.0000000000000004e-1 8.0000000000000004e-1
    8.0000000000000004e-1 8.0000000000000004e-1 8.0000000000000004e-1
    8.0000000000000004e-1 8.0000000000000004e-1 8.0000000000000004e-1
    8.0000000000000004e-1 8.0000000000000004e-1 8.0000000000000004e-1
    8.0000000000000004e-1 8.0000000000000004e-1 8.0000000000000004e-1
    8.0000000000000004e-1 8.0000000000000004e-1 8.0000000000000004e-1
    8.0000000000000004e-1 8.0000000000000004e-1 8.0000000000000004e-1
    8.0000000000000004e-1 8.0000000000000004e-1 8.0000000000000004e-1
    8.0000000000000004e-1 8.0000000000000004e-1 8.0000000000000004e-1
    8.0000000000000004e-1 8.0000000000000004e-1 8.0000000000000004e-1
    8.0000000000000004e-1 8.0000000000000004e-1 8.0000000000000004e-1
    8.0000000000000004e-1 8.0000000000000004e-1 8.0000000000000004e-1
    8.0000000000000004e-1 8.0000000000000004e-1 8.0000000000000004e-1
    8.0000000000000004e-1 8.0000000000000004e-1 8.0000000000000004e-1
    8.0000000000000004e-1 8.0000000000000004e-1 8.0000000000000004e-1
    8.0000000000000004e-1 8.0000000000000004e-1 8.0000000000000004e-1
    8.0000000000000004e-1 8.0000000000000004e-1 8.0000000000000004e-1
    8.0000000000000004e-1 8.0000000000000004e-1 8.0000000000000004e-1
    8.0000000000000004e-1 8.0000000000000004e-1 8.0000000000000004e-1
    8.0000000000000004e-1 8.0000000000000004e-1 8.0000000000000004e-1
    8.0000000000000004e-1 8.0000000000000004e-1 8.0000000000000004e-1
    8.0000000000000004e-1 8.0000000000000004e-1 8.0000000000000004e-1
    8.0000000000000004e-1 8.0000000000000004e-1 8.0000000000000004e-1
    8.0000000000000004e-1 8.0000000000000004e-1 8.0000000000000004e-1
    8.0000000000000004e-1 8.0000000000000004e-1 8.0000000000000004e-1
    8.0000000000000004e-1 8.0000000000000004e-1 8.0000000000000004e-1
    8.0000000000000004e-1 8.0000000000000004e-1 8.0000000000000004e-1
    8.0000000000000004e-1 8.0000000000000004e-1 8.0000000000000004e-1
    8.0000000000000004e-1 8.0000000000000004e-1 8.0000000000000004e-1
    8.0000000000000004e-1 8.0000000000000004e-1 8.0000000000000004e-1
    8.0000000000000004e-1 8.0000000000000004e-1 8.0000000000000004e-1
    8.0000000000000004e-1 8.0000000000000004e-1 8.0000000000000004e-1
    8.0000000000000004e-1 8.0000000000000004e-1 8.0000000000000004e-1
    8.0000000000000004e-1 8.0000000000000004e-1 8.0000000000000004e-1
    8.0000000000000004e-1 8.0000000000000004e-1 8.0000000000000004e-1
    8.0000000000000004e-1 8.0000000000000004e-1 8.0000000000000004e-1
    8.0000000000000004e-1 8.0000000000000004e-1 8.0000000000000004e-1
    8.0000000000000004e-1 8.0000000000000004e-1 8.0000000000000004e-1
    8.0000000000000004e-1 8.0000000000000004e-1 8.0000000000000004e-1
    8.0000000000000004e-1 8.0000000000000004e-1 8.0000000000000004e-1
    8.0000000000000004e-1 8.0000000000000004e-1 8.0000000000000004e-1
    8.0000000000000004e-1 8.0000000000000004e-1 8.0000000000000004e-1
    8.0000000000000004e-1 8.0000000000000004e-1 8.0000000000000004e-1
    8.0000000000000004e-1 8.0000000000000004e-1 8.0000000000000004e-1
    8.0000000000000004e-1 8.0000000000000004e-1 8.0000000000000004e-1
    8.0000000000000004e-1 8.0000000000000004e-1 8.0000000000000004e-1
    8.0000000000000004e-1 8.0000000000000004e-1 8.0000000000000004e-1
    8.0000000000000004e-1 8.0000000000000004e-1 8.0000000000000004e-1
    8.0000000000000004e-1 8.0000000000000004e-1 8.0000000000000004e-1
    8.0000000000000004e-1 8.0000000000000004e-1 8.0000000000000004e-1
    8.0000000000000004e-1 8.0000000000000004e-1 8.0000000000000004e-1
    8.0000000000000004e-1 8.0000000000000004e-1 8.0000000000000004e-1
    8.0000000000000004e-1 8.0000000000000004e-1 8.0000000000000004e-1
    8.0000000000000004e-1 8.0000000000000004e-1 8.0000000000000004e-1
    8.0000000000000004e-1 8.0000000000000004e-1 8.0000000000000004e-1
    8.0000000000000004e-1 8.0000000000000004e-1 8.0000000000000004e-1
    8.0000000000000004e-1 8.0000000000000004e-1 8.0000000000000004e-1
    8.0000000000000004e-1 8.0000000000000004e-1 8.0000000000000004e-1
    8.0000000000000004e-1 8.0000000000000004e-1 8.0000000000000004e-1
    8.0000000000000004e-1 8.0000000000000004e-1 8.0000000000000004e-1
    8.0000000000000004e-1 8.0000000000000004e-1 8.0000000000000004e-1
    8.0000000000000004e-1 8.0000000000000004e-1 8.0000000000000004e-1
    8.0000000000000004e-1 8.0000000000000004e-1 8.0000000000000004e-1
    8.0000000000000004e-1 8.0000000000000004e-1 8.0000000000000004e-1
    8.0000000000000004e-1 8.0000000000000004e-1 8.0000000000000004e-1
    8.0000000000000004e-1 8.0000000000000004e-1 8.0000000000000004e-1
    8.0000000000000004e-1 8.0000000000000004e-1 8.0000000000000004e-1
    8.0000000000000004e-1 8.0000000000000004e-1 8.0000000000000004e-1
    8.0000000000000004e-1 8.0000000000000004e-1 8.0000000000000004e-1
    8.0000000000000004e-1 8.0000000000000004e-1 8.0000000000000004e-1
    8.0000000000000004e-1 8.0000000000000004e-1 8.0000000000000004e-1
    8.0000000000000004e-1 8.0000000000000004e-1 8.0000000000000004e-1
    8.0000000000000004e-1 8.0000000000000004e-1 8.0000000000000004e-1
    8.0000000000000004e-1 8.0000000000000004e-1 8.0000000000000004e-1
    8.0000000000000004e-1 8.0000000000000004e-1 8.0000000000000004e-1
    8.0000000000000004e-1 8.0000000000000004e-1 8.0000000000000004e-1
    8.0000000000000004e-1 8.0000000000000004e-1 8.0000000000000004e-1
    8.0000000000000004e-1 8.0000000000000004e-1 8.0000000000000004e-1
    8.0000000000000004e-1 8.0000000000000004e-1 8.0000000000000004e-1
    8.0000000000000004e-1 8.0000000000000004e-1 8.0000000000000004e-1
    8.0000000000000004e-1 8.0000000000000004e-1 8.0000000000000004e-1
    8.0000000000000004e-1 8.0000000000000004e-1 8.0000000000000004e-1
    8.0000000000000004e-1 8.0000000000000004e-1 8.0000000000000004e-1
    8.0000000000000004e-1 8.0000000000000004e-1 8.0000000000000004e-1
    8.0000000000000004e-1 8.0000000000000004e-1 8.0000000000000004e-1
    8.0000000000000004e-1 8.0000000000000004e-1 8.0000000000000004e-1
    8.0000000000000004e-1 8.0000000000000004e-1 8.0000000000000004e-1
    8.0000000000000004e-1 8.0000000000000004e-1 8.0000000000000004e-1
    8.0000000000000004e-1 8.0000000000000004e-1 8.0000000000000004e-1
    8.0000000000000004e-1 8.0000000000000004e-1 8.0000000000000004e-1
    8.0000000000000004e-1 8.0000000000000004e-1 8.0000000000000004e-1
    8.0000000000000004e-1 8.0000000000000004e-1 8.0000000000000004e-1
    8.0000000000000004e-1 8.0000000000000004e-1 8.0000000000000004e-1
    8.0000000000000004e-1 8.0000000000000004e-1 8.0000000000000004e-1
    8.0000000000000004e-1 8.0000000000000004e-1 8.0000000000000004e-1
    8.0000000000000004e-1 8.0000000000000004e-1 8.0000000000000004e-1
    8.0000000000000004e-1 8.0000000000000004e-1 8.0000000000000004e-1
    8.0000000000000004e-1 8.0000000000000004e-1 8.0000000000000004e-1
    8.0000000000000004e-1 8.0000000000000004e-1 8.0000000000000004e-1
    8.0000000000000004e-1 8.0000000000000004e-1 8.0000000000000004e-1
    8.0000000000000004e-1 8.0000000000000004e-1 8.0000000000000004e-1
    8.0000000000000004e-1 8.0000000000000004e-1 8.0000000000000004e-1
    8.0000000000000004e-1 8.0000000000000004e-1 8.0000000000000004e-1
    8.0000000000000004e-1 8.0000000000000004e-1 8.0000000000000004e-1
    8.0000000000000004e-1 8.0000000000000004e-1 8.0000000000000004e-1
    8.0000000000000004e-1 8.0000000000000004e-1 8.0000000000000004e-1
    8.0000000000000004e-1 8.0000000000000004e-1 8.0000000000000004e-1
    8.0000000000000004e-1 8.0000000000000004e-1 8.0000000000000004e-1
    8.0000000000000004e-1 8.0000000000000004e-1 8.0000000000000004e-1
    8.0000000000000004e-1 8.0000000000000004e-1 8.0000000000000004e-1
    8.0000000000000004e-1 8.0000000000000004e-1 8.0000000000000004e-1
    8.0000000000000004e-1 8.0000000000000004e-1 8.0000000000000004e-1
    8.0000000000000004e-1 8.0000000000000004e-1 8.0000000000000004e-1
    8.0000000000000004e-1 8.0000000000000004e-1 8.0000000000000004e-1
    8.0000000000000004e-1 8.0000000000000004e-1 8.0000000000000004e-1
    8.0000000000000004e-1 8.0000000000000004e-1 8.0000000000000004e-1
    8.0000000000000004e-1 8.0000000000000004e-1 8.0000000000000004e-1
    8.0000000000000004e-1 8.0000000000000004e-1 8.0000000000000004e-1
    8.0000000000000004e-1 8.0000000000000004e-1 8.0000000000000004e-1
    8.0000000000000004e-1 8.0000000000000004e-1 8.0000000000000004e-1
    8.0000000000000004e-1 8.0000000000000004e-1 8.0000000000000004e-1
    8.0000000000000004e-1 8.0000000000000004e-1 8.0000000000000004e-1
    8.0000000000000004e-1 8.0000000000000004e-1 8.0000000000000004e-1
    8.0000000000000004e-1 8.0000000000000004e-1 8.0000000000000004e-1
    8.0000000000000004e-1 8.0000000000000004e-1 8.0000000000000004e-1
    8.0000000000000004e-1 8.0000000000000004e-1 8.0000000000000004e-1
    8.0000000000000004e-1 8.0000000000000004e-1 8.0000000000000004e-1
    8.0000000000000004e-1 8.0000000000000004e-1 8.0000000000000004e-1
    8.0000000000000004e-1 8.0000000000000004e-1 8.0000000000000004e-1
    8.0000000000000004e-1 8.0000000000000004e-1 8.0000000000000004e-1
    8.0000000000000004e-1 8.0000000000000004e-1 8.0000000000000004e-1
    8.0000000000000004e-1 8.0000000000000004e-1 8.0000000000000004e-1
    8.0000000000000004e-1 8.0000000000000004e-1 8.0000000000000004e-1
    8.0000000000000004e-1 8.0000000000000004e-1 8.0000000000000004e-1
    8.0000000000000004e-1 8.0000000000000004e-1 8.0000000000000004e-1
    8.0000000000000004e-1 8.0000000000000004e-1 8.0000000000000004e-1
    8.0000000000000004e-1 8.0000000000000004e-1 8.0000000000000004e-1
    8.0000000000000004e-1 8.0000000000000004e-1 8.0000000000000004e-1
    8.0000000000000004e-1 8.0000000000000004e-1 8.0000000000000004e-1
    8.0000000000000004e-1 8.0000000000000004e-1 8.0000000000000004e-1
    8.0000000000000004e-1 8.0000000000000004e-1 8.0000000000000004e-1
    8.0000000000000004e-1 8.0000000000000004e-1 8.0000000000000004e-1
    8.0000000000000004e-1 8.0000000000000004e-1 8.0000000000000004e-1
    8.0000000000000004e-1 8.0000000000000004e-1 8.0000000000000004e-1
    8.0000000000000004e-1 8.0000000000000004e-1 8.0000000000000004e-1
    8.0000000000000004e-1 8.0000000000000004e-1 8.0000000000000004e-1
    8.0000000000000004e-1 8.0000000000000004e-1 8.0000000000000004e-1
    8.0000000000000004e-1 8.0000000000000004e-1 8.0000000000000004e-1
    8.0000000000000004e-1 8.0000000000000004e-1 8.0000000000000004e-1
    8.0000000000000004e-1 8.0000000000000004e-1 8.0000000000000004e-1
    8.0000000000000004e-1 8.0000000000000004e-1 8.0000000000000004e-1
    8.0000000000000004e-1 8.0000000000000004e-1 9.0000000000000002e-1
    9.0000000000000002e-1 9.0000000000000002e-1 9.0000000000000002e-1
    9.0000000000000002e-1 9.0000000000000002e-1 9.0000000000000002e-1
    9.0000000000000002e-1 9.0000000000000002e-1 9.0000000000000002e-1
    9.0000000000000002e-1 9.0000000000000002e-1 9.0000000000000002e-1
    9.0000000000000002e-1 9.0000000000000002e-1 9.0000000000000002e-1
    9.0000000000000002e-1 9.0000000000000002e-1 9.0000000000000002e-1
    9.0000000000000002e-1 9.0000000000000002e-1 9.0000000000000002e-1
    9.0000000000000002e-1 9.0000000000000002e-1 9.0000000000000002e-1
    9.0000000000000002e-1 9.0000000000000002e-1 9.0000000000000002e-1
    9.0000000000000002e-1 9.0000000000000002e-1 9.0000000000000002e-1
    9.0000000000000002e-1 9.0000000000000002e-1 9.0000000000000002e-1
    9.0000000000000002e-1 9.0000000000000002e-1 9.0000000000000002e-1
    9.0000000000000002e-1 9.0000000000000002e-1 9.0000000000000002e-1
    9.0000000000000002e-1 9.0000000000000002e-1 9.0000000000000002e-1
    9.0000000000000002e-1 9.0000000000000002e-1 9.0000000000000002e-1
    9.0000000000000002e-1 9.0000000000000002e-1 9.0000000000000002e-1
    9.0000000000000002e-1 9.0000000000000002e-1 9.0000000000000002e-1
    9.0000000000000002e-1 9.0000000000000002e-1 9.0000000000000002e-1
    9.0000000000000002e-1 9.0000000000000002e-1 9.0000000000000002e-1
    9.0000000000000002e-1 9.0000000000000002e-1 9.0000000000000002e-1
    9.0000000000000002e-1 9.0000000000000002e-1 9.0000000000000002e-1
    9.0000000000000002e-1 9.0000000000000002e-1 9.0000000000000002e-1
    9.0000000000000002e-1 9.0000000000000002e-1 9.0000000000000002e-1
    9.0000000000000002e-1 9.0000000000000002e-1 9.0000000000000002e-1
    9.0000000000000002e-1 9.0000000000000002e-1 9.0000000000000002e-1
    9.0000000000000002e-1 9.0000000000000002e-1 9.0000000000000002e-1
    9.0000000000000002e-1 9.0000000000000002e-1 9.0000000000000002e-1
    9.0000000000000002e-1 9.0000000000000002e-1 9.0000000000000002e-1
    9.0000000000000002e-1 9.0000000000000002e-1 9.0000000000000002e-1
    9.0000000000000002e-1 9.0000000000000002e-1 9.0000000000000002e-1
    9.0000000000000002e-1 9.0000000000000002e-1 9.0000000000000002e-1
    9.0000000000000002e-1 9.0000000000000002e-1 9.0000000000000002e-1
    9.0000000000000002e-1 9.0000000000000002e-1 9.0000000000000002e-1
    9.0000000000000002e-1 9.0000000000000002e-1 9.0000000000000002e-1
    9.0000000000000002e-1 9.0000000000000002e-1 9.0000000000000002e-1
    9.0000000000000002e-1 9.0000000000000002e-1 9.0000000000000002e-1
    9.0000000000000002e-1 9.0000000000000002e-1 9.0000000000000002e-1
    9.0000000000000002e-1 9.0000000000000002e-1 9.0000000000000002e-1
    9.0000000000000002e-1 9.0000000000000002e-1 9.0000000000000002e-1
    9.0000000000000002e-1 9.0000000000000002e-1 9.0000000000000002e-1
    9.0000000000000002e-1 9.0000000000000002e-1 9.0000000000000002e-1
    9.0000000000000002e-1 9.0000000000000002e-1 9.0000000000000002e-1
    9.0000000000000002e-1 9.0000000000000002e-1 9.0000000000000002e-1
    9.0000000000000002e-1 9.0000000000000002e-1 9.0000000000000002e-1
    9.0000000000000002e-1 9.0000000000000002e-1 9.0000000000000002e-1
    9.0000000000000002e-1 9.0000000000000002e-1 9.0000000000000002e-1
    9.0000000000000002e-1 9.0000000000000002e-1 9.0000000000000002e-1
    9.0000000000000002e-1 9.0000000000000002e-1 9.0000000000000002e-1
    9.0000000000000002e-1 9.0000000000000002e-1 9.0000000000000002e-1
    9.0000000000000002e-1 9.0000000000000002e-1 9.0000000000000002e-1
    9.0000000000000002e-1 9.0000000000000002e-1 9.0000000000000002e-1
    9.0000000000000002e-1 9.0000000000000002e-1 9.0000000000000002e-1
    9.0000000000000002e-1 9.0000000000000002e-1 9.0000000000000002e-1
    9.0000000000000002e-1 9.0000000000000002e-1 9.0000000000000002e-1
    9.0000000000000002e-1 9.0000000000000002e-1 9.0000000000000002e-1
    9.0000000000000002e-1 9.0000000000000002e-1 9.0000000000000002e-1
    9.0000000000000002e-1 9.0000000000000002e-1 9.0000000000000002e-1
    9.0000000000000002e-1 9.0000000000000002e-1 9.0000000000000002e-1
    9.0000000000000002e-1 9.0000000000000002e-1 9.0000000000000002e-1
    9.0000000000000002e-1 9.0000000000000002e-1 9.0000000000000002e-1
    9.0000000000000002e-1 9.0000000000000002e-1 9.0000000000000002e-1
    9.0000000000000002e-1 9.0000000000000002e-1 9.0000000000000002e-1
    9.0000000000000002e-1 9.0000000000000002e-1 9.0000000000000002e-1
    9.0000000000000002e-1 9.0000000000000002e-1 9.0000000000000002e-1
    9.0000000000000002e-1 9.0000000000000002e-1 9.0000000000000002e-1
    9.0000000000000002e-1 9.0000000000000002e-1 9.0000000000000002e-1
    9.0000000000000002e-1 9.0000000000000002e-1 9.0000000000000002e-1
    9.0000000000000002e-1 9.0000000000000002e-1 9.0000000000000002e-1
    9.0000000000000002e-1 9.0000000000000002e-1 9.0000000000000002e-1
    9.0000000000000002e-1 9.0000000000000002e-1 9.0000000000000002e-1
    9.0000000000000002e-1 9.0000000000000002e-1 9.0000000000000002e-1
    9.0000000000000002e-1 9.0000000000000002e-1 9.0000000000000002e-1
    9.0000000000000002e-1 9.0000000000000002e-1 9.0000000000000002e-1
    9.0000000000000002e-1 9.0000000000000002e-1 9.0000000000000002e-1
    9.0000000000000002e-1 9.0000000000000002e-1 9.0000000000000002e-1
    9.0000000000000002e-1 9.0000000000000002e-1 9.0000000000000002e-1
    9.0000000000000002e-1 9.0000000000000002e-1 9.0000000000000002e-1
    9.0000000000000002e-1 9.0000000000000002e-1 9.0000000000000002e-1
    9.0000000000000002e-1 9.0000000000000002e-1 9.0000000000000002e-1
    9.0000000000000002e-1 9.0000000000000002e-1 9.0000000000000002e-1
    9.0000000000000002e-1 9.0000000000000002e-1 9.0000000000000002e-1
    9.0000000000000002e-1 9.0000000000000002e-1 9.0000000000000002e-1
    9.0000000000000002e-1 9.0000000000000002e-1 9.0000000000000002e-1
    9.0000000000000002e-1 9.0000000000000002e-1 9.0000000000000002e-1
    9.0000000000000002e-1 9.0000000000000002e-1 9.0000000000000002e-1
    9.0000000000000002e-1 9.0000000000000002e-1 9.0000000000000002e-1
    9.0000000000000002e-1 9.0000000000000002e-1 9.0000000000000002e-1
    9.0000000000000002e-1 9.0000000000000002e-1 9.0000000000000002e-1
    9.0000000000000002e-1 9.0000000000000002e-1 9.0000000000000002e-1
    9.0000000000000002e-1 9.0000000000000002e-1 9.0000000000000002e-1
    9.0000000000000002e-1 9.0000000000000002e-1 9.0000000000000002e-1
    9.0000000000000002e-1 9.0000000000000002e-1 9.0000000000000002e-1
    9.0000000000000002e-1 9.0000000000000002e-1 9.0000000000000002e-1
    9.0000000000000002e-1 9.0000000000000002e-1 9.0000000000000002e-1
    9.0000000000000002e-1 9.0000000000000002e-1 9.0000000000000002e-1
    9.0000000000000002e-1 9.0000000000000002e-1 9.0000000000000002e-1
    9.0000000000000002e-1 9.0000000000000002e-1 9.0000000000000002e-1
    9.0000000000000002e-1 9.0000000000000002e-1 9.0000000000000002e-1
    9.0000000000000002e-1 9.0000000000000002e-1 9.0000000000000002e-1
    9.0000000000000002e-1 9.0000000000000002e-1 9.0000000000000002e-1
    9.0000000000000002e-1 9.0000000000000002e-1 9.0000000000000002e-1
    9.0000000000000002e-1 9.0000000000000002e-1 9.0000000000000002e-1
    9.0000000000000002e-1 9.0000000000000002e-1 9.0000000000000002e-1
    9.0000000000000002e-1 9.0000000000000002e-1 9.0000000000000002e-1
    9.0000000000000002e-1 9.0000000000000002e-1 9.0000000000000002e-1
    9.0000000000000002e-1 9.0000000000000002e-1 9.0000000000000002e-1
    9.0000000000000002e-1 9.0000000000000002e-1 9.0000000000000002e-1
    9.0000000000000002e-1 9.0000000000000002e-1 9.0000000000000002e-1
    9.0000000000000002e-1 9.0000000000000002e-1 9.0000000000000002e-1
    9.0000000000000002e-1 9.0000000000000002e-1 9.0000000000000002e-1
    9.0000000000000002e-1 9.0000000000000002e-1 9.0000000000000002e-1
    9.0000000000000002e-1 9.0000000000000002e-1 9.0000000000000002e-1
    9.0000000000000002e-1 9.0000000000000002e-1 9.0000000000000002e-1
    9.0000000000000002e-1 9.0000000000000002e-1 9.0000000000000002e-1
    9.0000000000000002e-1 9.0000000000000002e-1 9.0000000000000002e-1
    9.0000000000000002e-1 9.0000000000000002e-1 9.0000000000000002e-1
    9.0000000000000002e-1 9.0000000000000002e-1 9.0000000000000002e-1
    9.0000000000000002e-1 9.0000000000000002e-1 9.0000000000000002e-1
    9.0000000000000002e-1 9.0000000000000002e-1 9.0000000000000002e-1
    9.0000000000000002e-1 9.0000000000000002e-1 9.0000000000000002e-1
    9.0000000000000002e-1 9.0000000000000002e-1 9.0000000000000002e-1
    9.0000000000000002e-1 9.0000000000000002e-1 9.0000000000000002e-1
    9.0000000000000002e-1 9.0000000000000002e-1 9.0000000000000002e-1
    9.0000000000000002e-1 9.0000000000000002e-1 9.0000000000000002e-1
    9.0000000000000002e-1 9.0000000000000002e-1 9.0000000000000002e-1
    9.0000000000000002e-1 9.0000000000000002e-1 9.0000000000000002e-1
    9.0000000000000002e-1 9.0000000000000002e-1 9.0000000000000002e-1
    9.0000000000000002e-1 9.0000000000000002e-1 9.0000000000000002e-1
    9.0000000000000002e-1 9.0000000000000002e-1 9.0000000000000002e-1
    9.0000000000000002e-1 9.0000000000000002e-1 9.0000000000000002e-1
    9.0000000000000002e-1 9.0000000000000002e-1 9.0000000000000002e-1
    9.0000000000000002e-1 9.0000000000000002e-1 9.0000000000000002e-1
    9.0000000000000002e-1 9.0000000000000002e-1 9.0000000000000002e-1
    9.0000000000000002e-1 9.0000000000000002e-1 9.0000000000000002e-1
    9.0000000000000002e-1 9.0000000000000002e-1 9.0000000000000002e-1
    9.0000000000000002e-1 9.0000000000000002e-1 9.0000000000000002e-1
    9.0000000000000002e-1 9.0000000000000002e-1 9.0000000000000002e-1
    9.0000000000000002e-1 9.0000000000000002e-1 9.0000000000000002e-1
    9.0000000000000002e-1 9.0000000000000002e-1 9.0000000000000002e-1
    9.0000000000000002e-1 9.0000000000000002e-1 9.0000000000000002e-1
    9.0000000000000002e-1 9.0000000000000002e-1 9.0000000000000002e-1
    9.0000000000000002e-1 9.0000000000000002e-1 9.0000000000000002e-1
    9.0000000000000002e-1 9.0000000000000002e-1 9.0000000000000002e-1
    9.0000000000000002e-1 9.0000000000000002e-1 9.0000000000000002e-1
    9.0000000000000002e-1 9.0000000000000002e-1 9.0000000000000002e-1
    9.0000000000000002e-1 9.0000000000000002e-1 9.0000000000000002e-1
    9.0000000000000002e-1 9.0000000000000002e-1 9.0000000000000002e-1
    9.0000000000000002e-1 9.0000000000000002e-1 9.0000000000000002e-1
    9.0000000000000002e-1 9.0000000000000002e-1 9.0000000000000002e-1
    9.0000000000000002e-1 9.0000000000000002e-1 9.0000000000000002e-1
    9.0000000000000002e-1 9.0000000000000002e-1 9.0000000000000002e-1
    9.0000000000000002e-1 9.0000000000000002e-1 9.0000000000000002e-1
    9.0000000000000002e-1 9.0000000000000002e-1 9.0000000000000002e-1
    9.0000000000000002e-1 9.0000000000000002e-1 9.0000000000000002e-1
    9.0000000000000002e-1 9.0000000000000002e-1 9.0000000000000002e-1
    9.0000000000000002e-1 9.0000000000000002e-1 9.0000000000000002e-1
    9.0000000000000002e-1 9.0000000000000002e-1 9.0000000000000002e-1
    9.0000000000000002e-1 9.0000000000000002e-1 9.0000000000000002e-1
    9.0000000000000002e-1 9.0000000000000002e-1 9.0000000000000002e-1
    9.0000000000000002e-1 9.0000000000000002e-1 9.0000000000000002e-1
    9.0000000000000002e-1 9.0000000000000002e-1 9.0000000000000002e-1
    9.0000000000000002e-1 9.0000000000000002e-1 9.0000000000000002e-1
    9.0000000000000002e-1 9.0000000000000002e-1 9.0000000000000002e-1
    9.0000000000000002e-1 9.0000000000000002e-1 9.0000000000000002e-1
    9.0000000000000002e-1 9.0000000000000002e-1 9.0000000000000002e-1
    9.0000000000000002e-1 9.0000000000000002e-1 9.0000000000000002e-1
    9.0000000000000002e-1 9.0000000000000002e-1 9.0000000000000002e-1
    9.0000000000000002e-1 9.0000000000000002e-1 9.0000000000000002e-1
    9.0000000000000002e-1 9.0000000000000002e-1 9.0000000000000002e-1
    9.0000000000000002e-1 9.0000000000000002e-1 9.0000000000000002e-1
    9.0000000000000002e-1 9.0000000000000002e-1 9.0000000000000002e-1
    9.0000000000000002e-1 9.0000000000000002e-1 9.0000000000000002e-1
    9.0000000000000002e-1 9.0000000000000002e-1 9.0000000000000002e-1
    9.0000000000000002e-1 9.0000000000000002e-1 9.0000000000000002e-1
    9.0000000000000002e-1 9.0000000000000002e-1 9.0000000000000002e-1
    9.0000000000000002e-1 9.0000000000000002e-1 9.0000000000000002e-1
    9.0000000000000002e-1 9.0000000000000002e-1 9.0000000000000002e-1
    9.0000000000000002e-1 9.0000000000000002e-1 9.0000000000000002e-1
    9.0000000000000002e-1 9.0000000000000002e-1 9.0000000000000002e-1
    9.0000000000000002e-1 9.0000000000000002e-1 9.0000000000000002e-1
    9.0000000000000002e-1 9.0000000000000002e-1 9.0000000000000002e-1
    9.0000000000000002e-1 9.0000000000000002e-1 9.0000000000000002e-1
    9.0000000000000002e-1 9.0000000000000002e-1 9.0000000000000002e-1
    9.0000000000000002e-1 9.0000000000000002e-1 9.0000000000000002e-1
    9.0000000000000002e-1 9.0000000000000002e-1 9.0000000000000002e-1
    9.0000000000000002e-1 9.0000000000000002e-1 9.0000000000000002e-1
    9.0000000000000002e-1 9.0000000000000002e-1 9.0000000000000002e-1
    9.0000000000000002e-1 9.0000000000000002e-1 9.0000000000000002e-1
    9.0000000000000002e-1 9.0000000000000002e-1 9.0000000000000002e-1
    9.0000000000000002e-1 9.0000000000000002e-1 9.0000000000000002e-1
    9.0000000000000002e-1 9.0000000000000002e-1 9.0000000000000002e-1
    9.0000000000000002e-1 9.0000000000000002e-1 9.0000000000000002e-1
    9.0000000000000002e-1 9.0000000000000002e-1 9.0000000000000002e-1
    9.0000000000000002e-1 9.0000000000000002e-1 9.0000000000000002e-1
    9.0000000000000002e-1 9.0000000000000002e-1 9.0000000000000002e-1
    9.0000000000000002e-1 9.0000000000000002e-1 9.0000000000000002e-1
    9.0000000000000002e-1 9.0000000000000002e-1 9.0000000000000002e-1
    9.0000000000000002e-1 9.0000000000000002e-1 9.0000000000000002e-1
    9.0000000000000002e-1 9.0000000000000002e-1 9.0000000000000002e-1
    9.0000000000000002e-1 9.0000000000000002e-1 9.0000000000000002e-1
    9.0000000000000002e-1 9.0000000000000002e-1 9.0000000000000002e-1
    9.0000000000000002e-1 9.0000000000000002e-1 9.0000000000000002e-1
    9.0000000000000002e-1 9.0000000000000002e-1 9.0000000000000002e-1
    9.0000000000000002e-1 9.0000000000000002e-1 9.0000000000000002e-1
    9.0000000000000002e-1 9.0000000000000002e-1 9.0000000000000002e-1
    9.0000000000000002e-1 9.0000000000000002e-1 9.0000000000000002e-1
    9.0000000000000002e-1 9.0000000000000002e-1 9.0000000000000002e-1
    9.0000000000000002e-1 9.0000000000000002e-1 9.0000000000000002e-1
    9.0000000000000002e-1 9.0000000000000002e-1 9.0000000000000002e-1
    9.0000000000000002e-1 9.0000000000000002e-1 9.0000000000000002e-1
    9.0000000000000002e-1 9.0000000000000002e-1 9.0000000000000002e-1
    9.0000000000000002e-1 9.0000000000000002e-1 9.0000000000000002e-1
    9.0000000000000002e-1 9.0000000000000002e-1 9.0000000000000002e-1
    9.0000000000000002e-1 9.0000000000000002e-1 9.0000000000000002e-1
    9.0000000000000002e-1 9.0000000000000002e-1 9.0000000000000002e-1
    9.0000000000000002e-1 9.0000000000000002e-1 9.0000000000000002e-1
    9.0000000000000002e-1 9.0000000000000002e-1 9.0000000000000002e-1
    9.0000000000000002e-1 9.0000000000000002e-1 9.0000000000000002e-1
    9.0000000000000002e-1 9.0000000000000002e-1 9.0000000000000002e-1
    9.0000000000000002e-1 9.0000000000000002e-1 9.0000000000000002e-1
    9.0000000000000002e-1 9.0000000000000002e-1 9.0000000000000002e-1
    9.0000000000000002e-1 9.0000000000000002e-1 9.0000000000000002e-1
    9.0000000000000002e-1 9.0000000000000002e-1 9.0000000000000002e-1
    9.0000000000000002e-1 9.0000000000000002e-1 9.0000000000000002e-1
    9.0000000000000002e-1 9.0000000000000002e-1 9.0000000000000002e-1
    9.0000000000000002e-1 9.0000000000000002e-1 9.0000000000000002e-1
    9.0000000000000002e-1 9.0000000000000002e-1 9.0000000000000002e-1
    9.0000000000000002e-1 9.0000000000000002e-1 9.0000000000000002e-1
    9.0000000000000002e-1 9.0000000000000002e-1 9.0000000000000002e-1
    9.0000000000000002e-1 9.0000000000000002e-1 9.0000000000000002e-1
    9.0000000000000002e-1 9.0000000000000002e-1 9.0000000000000002e-1
    9.0000000000000002e-1 9.0000000000000002e-1 9.0000000000000002e-1
    9.0000000000000002e-1 9.0000000000000002e-1 9.0000000000000002e-1
    9.0000000000000002e-1 9.0000000000000002e-1 9.0000000000000002e-1
    9.0000000000000002e-1 9.0000000000000002e-1 9.0000000000000002e-1
    9.0000000000000002e-1 9.0000000000000002e-1 9.0000000000000002e-1
    9.0000000000000002e-1 9.0000000000000002e-1 9.0000000000000002e-1
    9.0000000000000002e-1 9.0000000000000002e-1 9.0000000000000002e-1
    9.0000000000000002e-1 9.0000000000000002e-1 9.0000000000000002e-1
    9.0000000000000002e-1 9.0000000000000002e-1 9.0000000000000002e-1
    9.0000000000000002e-1 9.0000000000000002e-1 9.0000000000000002e-1
    9.0000000000000002e-1 9.0000000000000002e-1 9.0000000000000002e-1
    9.0000000000000002e-1 9.0000000000000002e-1 9.0000000000000002e-1
    9.0000000000000002e-1 9.0000000000000002e-1 9.0000000000000002e-1
    9.0000000000000002e-1 9.0000000000000002e-1 9.0000000000000002e-1
    9.0000000000000002e-1 9.0000000000000002e-1 9.0000000000000002e-1
    9.0000000000000002e-1 9.0000000000000002e-1 9.0000000000000002e-1
    9.0000000000000002e-1 9.0000000000000002e-1 9.0000000000000002e-1
    9.0000000000000002e-1 9.0000000000000002e-1 9.0000000000000002e-1
    9.0000000000000002e-1 9.0000000000000002e-1 9.0000000000000002e-1
    9.0000000000000002e-1 9.0000000000000002e-1 9.0000000000000002e-1
    9.0000000000000002e-1 9.0000000000000002e-1 9.0000000000000002e-1
    9.0000000000000002e-1 9.0000000000000002e-1 9.0000000000000002e-1
    9.0000000000000002e-1 9.0000000000000002e-1 9.0000000000000002e-1
    9.0000000000000002e-1 9.0000000000000002e-1 9.0000000000000002e-1
    9.0000000000000002e-1 9.0000000000000002e-1 9.0000000000000002e-1
    9.0000000000000002e-1 9.0000000000000002e-1 9.0000000000000002e-1
    9.0000000000000002e-1 9.0000000000000002e-1 9.0000000000000002e-1
    9.0000000000000002e-1 9.0000000000000002e-1 9.0000000000000002e-1
    9.0000000000000002e-1 9.0000000000000002e-1 9.0000000000000002e-1
    9.0000000000000002e-1 9.0000000000000002e-1 9.0000000000000002e-1
    9.0000000000000002e-1 9.0000000000000002e-1 9.0000000000000002e-1
    9.0000000000000002e-1 9.0000000000000002e-1 9.0000000000000002e-1
    9.0000000000000002e-1 9.0000000000000002e-1 9.0000000000000002e-1
    9.0000000000000002e-1 9.0000000000000002e-1 9.0000000000000002e-1
    9.0000000000000002e-1 9.0000000000000002e-1 9.0000000000000002e-1
    9.0000000000000002e-1 9.0000000000000002e-1 9.0000000000000002e-1
    9.0000000000000002e-1 9.0000000000000002e-1 9.0000000000000002e-1
    9.0000000000000002e-1 9.0000000000000002e-1 9.0000000000000002e-1
    9.0000000000000002e-1 9.0000000000000002e-1 9.0000000000000002e-1
    9.0000000000000002e-1 9.0000000000000002e-1 9.0000000000000002e-1
    9.0000000000000002e-1 9.0000000000000002e-1 9.0000000000000002e-1
    9.0000000000000002e-1 9.0000000000000002e-1 9.0000000000000002e-1
    9.0000000000000002e-1 9.0000000000000002e-1 9.0000000000000002e-1
    9.0000000000000002e-1 9.0000000000000002e-1 9.0000000000000002e-1
    9.0000000000000002e-1 9.0000000000000002e-1 9.0000000000000002e-1
    9.0000000000000002e-1 9.0000000000000002e-1 9.0000000000000002e-1
    9.0000000000000002e-1 9.0000000000000002e-1 9.0000000000000002e-1
    9.0000000000000002e-1 9.0000000000000002e-1 9.0000000000000002e-1
    9.0000000000000002e-1 9.0000000000000002e-1 9.0000000000000002e-1
    9.0000000000000002e-1 9.0000000000000002e-1 9.0000000000000002e-1
    9.0000000000000002e-1 9.0000000000000002e-1 9.0000000000000002e-1
    9.0000000000000002e-1 9.0000000000000002e-1 9.0000000000000002e-1
    9.0000000000000002e-1 9.0000000000000002e-1 9.0000000000000002e-1
    9.0000000000000002e-1 9.0000000000000002e-1 9.0000000000000002e-1
    9.0000000000000002e-1 9.0000000000000002e-1 9.0000000000000002e-1
    9.0000000000000002e-1 9.0000000000000002e-1 9.0000000000000002e-1
    9.0000000000000002e-1 9.0000000000000002e-1 9.0000000000000002e-1
    9.0000000000000002e-1 9.0000000000000002e-1 9.0000000000000002e-1
    9.0000000000000002e-1 9.0000000000000002e-1 9.0000000000000002e-1
    9.0000000000000002e-1 9.0000000000000002e-1 9.0000000000000002e-1
    9.0000000000000002e-1 9.0000000000000002e-1 9.0000000000000002e-1
    9.0000000000000002e-1 9.0000000000000002e-1 9.0000000000000002e-1
    9.0000000000000002e-1 9.0000000000000002e-1 9.0000000000000002e-1
    9.0000000000000002e-1 9.0000000000000002e-1 9.0000000000000002e-1
    9.0000000000000002e-1 9.0000000000000002e-1 9.0000000000000002e-1
    9.0000000000000002e-1 9.0000000000000002e-1 9.0000000000000002e-1
    9.0000000000000002e-1 9.0000000000000002e-1 9.0000000000000002e-1
    9.0000000000000002e-1 9.0000000000000002e-1 9.0000000000000002e-1
    9.0000000000000002e-1 9.0000000000000002e-1 9.0000000000000002e-1
    9.0000000000000002e-1 9.0000000000000002e-1 9.0000000000000002e-1
    9.0000000000000002e-1 9.0000000000000002e-1 9.0000000000000002e-1
    9.0000000000000002e-1 9.0000000000000002e-1 9.0000000000000002e-1
    9.0000000000000002e-1 9.0000000000000002e-1 9.0000000000000002e-1 1.0 1.0
    1.0 1.0 1.0 1.0 1.0 1.0 1.0 1.0 1.0 1.0 1.0 1.0 1.0 1.0 1.0 1.0 1.0 1.0 1.0
    1.0 1.0 1.0 1.0 1.0 1.0 1.0 1.0 1.0 1.0 1.0 1.0 1.0 1.0 1.0 1.0 1.0 1.0 1.0
    1.0 1.0 1.0 1.0 1.0 1.0 1.0 1.0 1.0 1.0 1.0 1.0 1.0 1.0 1.0 1.0 1.0 1.0 1.0
    1.0 1.0 1.0 1.0 1.0 1.0 1.0 1.0 1.0 1.0 1.0 1.0 1.0 1.0 1.0 1.0 1.0 1.0 1.0
    1.0 1.0 1.0 1.0 1.0 1.0 1.0 1.0 1.0 1.0 1.0 1.0 1.0 1.0 1.0 1.0 1.0 1.0 1.0
    1.0 1.0 1.0 1.0 1.0 1.0 1.0 1.0 1.0 1.0 1.0 1.0 1.0 1.0 1.0 1.0 1.0 1.0 1.0
    1.0 1.0 1.0 1.0 1.0 1.0 1.0 1.0 1.0 1.0 1.1000000000000001
    1.1000000000000001 1.1000000000000001 1.1000000000000001 1.1000000000000001
    1.1000000000000001 1.1000000000000001 1.1000000000000001 1.1000000000000001
    1.1000000000000001 1.1000000000000001 1.1000000000000001 1.1000000000000001
    1.1000000000000001 1.1000000000000001 1.1000000000000001 1.1000000000000001
    1.1000000000000001 1.1000000000000001 1.1000000000000001 1.1000000000000001
    1.1000000000000001 1.1000000000000001 1.1000000000000001 1.1000000000000001
    1.1000000000000001 1.1000000000000001 1.1000000000000001 1.1000000000000001
    1.1000000000000001 1.1000000000000001 1.1000000000000001 1.1000000000000001
    1.1000000000000001 1.1000000000000001 1.1000000000000001 1.1000000000000001
    1.1000000000000001 1.1000000000000001 1.1000000000000001 1.1000000000000001
    1.1000000000000001 1.1000000000000001 1.1000000000000001 1.1000000000000001
    1.1000000000000001 1.1000000000000001 1.1000000000000001 1.1000000000000001
    1.1000000000000001 1.1000000000000001 1.1000000000000001 1.1000000000000001
    1.1000000000000001 1.1000000000000001 1.1000000000000001 1.1000000000000001
    1.1000000000000001 1.1000000000000001 1.1000000000000001 1.1000000000000001
    1.1000000000000001 1.1000000000000001 1.1000000000000001 1.1000000000000001
    1.1000000000000001 1.1000000000000001 1.1000000000000001 1.1000000000000001
    1.1000000000000001 1.1000000000000001 1.1000000000000001 1.1000000000000001
    1.1000000000000001 1.1000000000000001 1.1000000000000001 1.1000000000000001
    1.1000000000000001 1.1000000000000001 1.1000000000000001 1.1000000000000001
    1.1000000000000001 1.1000000000000001 1.1000000000000001 1.1000000000000001
    1.1000000000000001 1.1000000000000001 1.1000000000000001 1.1000000000000001
    1.1000000000000001 1.1000000000000001 1.1000000000000001 1.1000000000000001
    1.1000000000000001 1.1000000000000001 1.1000000000000001 1.1000000000000001
    1.1000000000000001 1.1000000000000001 1.1000000000000001 1.1000000000000001
    1.1000000000000001 1.1000000000000001 1.1000000000000001 1.1000000000000001
    1.1000000000000001 1.1000000000000001 1.1000000000000001 1.1000000000000001
    1.1000000000000001 1.1000000000000001 1.1000000000000001 1.1000000000000001
    1.1000000000000001 1.1000000000000001 1.1000000000000001 1.1000000000000001
    1.1000000000000001 1.1000000000000001 1.1000000000000001 1.1000000000000001
    1.1000000000000001 1.1000000000000001 1.1000000000000001 1.1000000000000001
    1.1000000000000001 1.1000000000000001 1.1000000000000001 1.1000000000000001
    1.1000000000000001 1.1000000000000001 1.1000000000000001 1.1000000000000001
    1.1000000000000001 1.1000000000000001 1.1000000000000001 1.1000000000000001
    1.1000000000000001 1.1000000000000001 1.1000000000000001 1.1000000000000001
    1.1000000000000001 1.1000000000000001 1.1000000000000001 1.1000000000000001
    1.1000000000000001 1.1000000000000001 1.1000000000000001 1.1000000000000001
    1.1000000000000001 1.1000000000000001 1.1000000000000001 1.1000000000000001
    1.1000000000000001 1.1000000000000001 1.1000000000000001 1.1000000000000001
    1.1000000000000001 1.1000000000000001 1.1000000000000001 1.1000000000000001
    1.1000000000000001 1.1000000000000001 1.1000000000000001 1.1000000000000001
    1.1000000000000001 1.1000000000000001 1.1000000000000001 1.1000000000000001
    1.1000000000000001 1.1000000000000001 1.1000000000000001 1.1000000000000001
    1.1000000000000001 1.1000000000000001 1.1000000000000001 1.1000000000000001
    1.1000000000000001 1.1000000000000001 1.1000000000000001 1.1000000000000001
    1.1000000000000001 1.1000000000000001 1.1000000000000001 1.1000000000000001
    1.1000000000000001 1.1000000000000001 1.1000000000000001 1.1000000000000001
    1.1000000000000001 1.1000000000000001 1.1000000000000001 1.1000000000000001
    1.1000000000000001 1.1000000000000001 1.1000000000000001 1.1000000000000001
    1.1000000000000001 1.1000000000000001 1.1000000000000001 1.1000000000000001
    1.1000000000000001 1.1000000000000001 1.1000000000000001 1.1000000000000001
    1.1000000000000001 1.1000000000000001 1.1000000000000001 1.1000000000000001
    1.1000000000000001 1.1000000000000001 1.1000000000000001 1.1000000000000001
    1.1000000000000001 1.1000000000000001 1.1000000000000001 1.1000000000000001
    1.1000000000000001 1.1000000000000001 1.1000000000000001 1.1000000000000001
    1.1000000000000001 1.1000000000000001 1.1000000000000001 1.1000000000000001
    1.1000000000000001 1.1000000000000001 1.1000000000000001 1.1000000000000001
    1.1000000000000001 1.1000000000000001 1.1000000000000001 1.1000000000000001
    1.1000000000000001 1.1000000000000001 1.1000000000000001 1.1000000000000001
    1.1000000000000001 1.1000000000000001 1.1000000000000001 1.1000000000000001
    1.1000000000000001 1.1000000000000001 1.1000000000000001 1.1000000000000001
    1.1000000000000001 1.1000000000000001 1.1000000000000001 1.1000000000000001
    1.1000000000000001 1.1000000000000001 1.1000000000000001 1.1000000000000001
    1.1000000000000001 1.1000000000000001 1.1000000000000001 1.1000000000000001
    1.1000000000000001 1.1000000000000001 1.1000000000000001 1.1000000000000001
    1.1000000000000001 1.1000000000000001 1.1000000000000001 1.1000000000000001
    1.1000000000000001 1.1000000000000001 1.1000000000000001 1.1000000000000001
    1.1000000000000001 1.1000000000000001 1.1000000000000001 1.1000000000000001
    1.1000000000000001 1.1000000000000001 1.1000000000000001 1.1000000000000001
    1.1000000000000001 1.1000000000000001 1.1000000000000001 1.1000000000000001
    1.1000000000000001 1.1000000000000001 1.1000000000000001 1.1000000000000001
    1.1000000000000001 1.1000000000000001 1.1000000000000001 1.1000000000000001
    1.1000000000000001 1.1000000000000001 1.1000000000000001 1.1000000000000001
    1.1000000000000001 1.1000000000000001 1.1000000000000001 1.1000000000000001
    1.2 1.2 1.2 1.2 1.2 1.2 1.2 1.2 1.2 1.2 1.2 1.2 1.2 1.2 1.2 1.2 1.2 1.2 1.2
    1.2 1.2 1.2 1.2 1.2 1.2 1.2 1.2 1.2 1.2 1.2 1.2 1.2 1.2 1.2 1.2 1.2 1.2 1.2
    1.2 1.2 1.2 1.2 1.2 1.2 1.2 1.2 1.2 1.2 1.2 1.2 1.2 1.2 1.2 1.2 1.2 1.2 1.2
    1.2 1.2 1.2 1.2 1.2 1.2 1.2 1.2 1.2 1.2 1.2 1.2 1.2 1.2 1.2 1.2 1.2 1.2 1.2
    1.2 1.2 1.2 1.2 1.2 1.2 1.2 1.2 1.2 1.2 1.2 1.2 1.2 1.2 1.2 1.2 1.2 1.2 1.2
    1.2 1.2 1.2 1.2 1.2 1.2 1.2 1.2 1.2 1.2 1.2 1.2 1.2 1.2 1.2 1.2 1.2 1.2 1.2
    1.2 1.2 1.2 1.2 1.2 1.2 1.2 1.2 1.2 1.2 1.2 1.2 1.2 1.2 1.2 1.2 1.2 1.2 1.2
    1.2 1.2 1.2 1.2 1.2 1.2 1.2 1.2 1.2 1.2 1.2 1.2 1.2 1.2 1.2 1.2 1.2 1.2 1.2
    1.2 1.2 1.2 1.2 1.2 1.2 1.2 1.2 1.2 1.2 1.2 1.2 1.2 1.2 1.2 1.2 1.2 1.2 1.2
    1.2 1.2 1.2 1.2 1.2 1.2 1.2 1.2 1.2 1.2 1.2 1.2 1.2 1.2 1.2 1.2 1.2 1.2 1.2
    1.2 1.2 1.2 1.2 1.2 1.2 1.2 1.2 1.2 1.2 1.2 1.2 1.2 1.2 1.2 1.2 1.2 1.2 1.2
    1.2 1.2 1.2 1.2 1.2 1.2 1.2 1.2 1.2 1.2 1.2 1.2 1.2 1.2 1.2 1.2 1.2 1.2 1.2
    1.2 1.2 1.2 1.2 1.2 1.2 1.2 1.2 1.2 1.2 1.2 1.2 1.2 1.2 1.2 1.2 1.2 1.2 1.2
    1.2 1.2 1.2 1.2 1.2 1.2 1.2 1.2 1.2 1.2 1.2 1.2 1.2 1.2 1.2 1.2 1.2 1.2 1.2
    1.2 1.2 1.2 1.2 1.2 1.2 1.2 1.2 1.2 1.2 1.2 1.2 1.2 1.2 1.2 1.2 1.2 1.2 1.2
    1.2 1.2 1.2 1.2 1.2 1.2 1.2 1.2 1.2 1.2 1.2 1.2 1.2 1.2 1.2 1.2 1.2 1.2 1.2
    1.2 1.2 1.2 1.2 1.2 1.2 1.2 1.2 1.2 1.2 1.2 1.2 1.2 1.2 1.2 1.2 1.2 1.2 1.2
    1.2 1.2 1.2 1.2 1.2 1.2 1.2 1.2 1.2 1.2 1.2 1.2 1.2 1.2 1.2 1.2 1.2 1.2 1.2
    1.2 1.2 1.2 1.2 1.2 1.2 1.2 1.2 1.2 1.2 1.2 1.2 1.2 1.2 1.2 1.2 1.2 1.2 1.2
    1.2 1.2 1.2 1.2 1.2 1.2 1.2 1.2 1.2 1.2 1.2 1.2 1.2 1.2 1.2 1.2 1.2 1.2 1.2
    1.2 1.2 1.2 1.2 1.2 1.2 1.2 1.2 1.2 1.2 1.2 1.2 1.2 1.2 1.2 1.2 1.2 1.2 1.2
    1.2 1.2 1.3 1.3 1.3 1.3 1.3 1.3 1.3 1.3 1.3 1.3 1.3 1.3 1.3 1.3 1.3 1.3 1.3
    1.3 1.3 1.3 1.3 1.3 1.3 1.3 1.3 1.3 1.3 1.3 1.3 1.3 1.3 1.3 1.3 1.3 1.3 1.3
    1.3 1.3 1.3 1.3 1.3 1.3 1.3 1.3 1.3 1.3 1.3 1.3 1.3 1.3 1.3 1.3 1.3 1.3 1.3
    1.3 1.3 1.3 1.3 1.3 1.3 1.3 1.3 1.3 1.3 1.3 1.3 1.3 1.3 1.3 1.3 1.3 1.3 1.3
    1.3 1.3 1.3 1.3 1.3 1.3 1.3 1.3 1.3 1.3 1.3 1.3 1.3 1.3 1.3 1.3 1.3 1.3 1.3
    1.3 1.3 1.3 1.3 1.3 1.3 1.3 1.3 1.3 1.3 1.3 1.3 1.3 1.3 1.3 1.3 1.3 1.3 1.3
    1.3 1.3 1.3 1.3 1.3 1.3 1.3 1.3 1.3 1.3 1.3 1.3 1.3 1.3 1.3 1.3 1.3 1.3 1.3
    1.3 1.3 1.3 1.3 1.3 1.3 1.3 1.3 1.3 1.3 1.3 1.3 1.3 1.3 1.3 1.3 1.3 1.3 1.3
    1.3 1.3 1.3 1.3 1.3 1.3 1.3 1.3 1.3 1.3 1.3 1.3 1.3999999999999999
    1.3999999999999999 1.3999999999999999 1.3999999999999999 1.3999999999999999
    1.3999999999999999 1.3999999999999999 1.3999999999999999 1.3999999999999999
    1.3999999999999999 1.3999999999999999 1.3999999999999999 1.3999999999999999
    1.3999999999999999 1.3999999999999999 1.3999999999999999 1.3999999999999999
    1.3999999999999999 1.3999999999999999 1.3999999999999999 1.3999999999999999
    1.3999999999999999 1.3999999999999999 1.3999999999999999 1.3999999999999999
    1.3999999999999999 1.3999999999999999 1.3999999999999999 1.3999999999999999
    1.3999999999999999 1.3999999999999999 1.3999999999999999 1.3999999999999999
    1.3999999999999999 1.3999999999999999 1.3999999999999999 1.3999999999999999
    1.3999999999999999 1.3999999999999999 1.3999999999999999 1.3999999999999999
    1.3999999999999999 1.5 1.5 1.5 1.5 1.5 1.5 1.5 1.5 1.5 1.5 1.5 1.5 1.5 1.5
    1.5 1.5 1.5 1.5 1.5 1.5 1.5 1.5 1.5 1.5 1.5 1.5 1.5 1.5 1.5 1.5
    1.6000000000000001 1.6000000000000001 1.6000000000000001 1.6000000000000001
    1.6000000000000001 1.6000000000000001 1.6000000000000001 1.6000000000000001
    1.6000000000000001 1.6000000000000001 1.6000000000000001 1.6000000000000001
    1.6000000000000001 1.6000000000000001 1.6000000000000001 1.6000000000000001
    1.6000000000000001 1.6000000000000001 1.6000000000000001 1.6000000000000001
    1.6000000000000001 1.6000000000000001 1.6000000000000001 1.6000000000000001
    1.6000000000000001 1.6000000000000001 1.6000000000000001 1.6000000000000001
    1.6000000000000001 1.6000000000000001 1.6000000000000001 1.6000000000000001
    1.6000000000000001 1.6000000000000001 1.6000000000000001 1.6000000000000001
    1.6000000000000001 1.6000000000000001 1.6000000000000001 1.6000000000000001
    1.6000000000000001 1.6000000000000001 1.6000000000000001 1.6000000000000001
    1.6000000000000001 1.6000000000000001 1.6000000000000001 1.6000000000000001
    1.7 1.7 1.7 1.7 1.7 1.7 1.7 1.7 1.7 1.7 1.7 1.7 1.7 1.7 1.7 1.7 1.7 1.7 1.7
    1.7 1.7 1.7 1.7 1.7 1.8 1.8 1.8 1.8 1.8 1.8 1.8 1.8 1.8999999999999999
    1.8999999999999999 2.0 2.0 2.0 2.0 2.1000000000000001 3.1000000000000001
    4.2000000000000002 6.2000000000000002 6.2000000000000002 6.2000000000000002
    6.2000000000000002 6.2000000000000002 6.2000000000000002 6.2000000000000002
    6.2000000000000002 6.2000000000000002 6.2000000000000002 6.2000000000000002
    6.2000000000000002 6.2000000000000002 6.2000000000000002 6.2000000000000002
    6.2000000000000002 6.2000000000000002 6.2000000000000002 6.2000000000000002
    6.2000000000000002 6.2000000000000002 6.2000000000000002 6.2000000000000002
    6.2000000000000002 6.2000000000000002 6.2000000000000002 6.2000000000000002
    6.2000000000000002 6.2000000000000002 6.2000000000000002 6.2000000000000002
    6.2000000000000002 6.2000000000000002 6.2000000000000002 6.2000000000000002
    6.2000000000000002 6.2000000000000002 6.2000000000000002 6.2000000000000002
    6.2000000000000002 6.2000000000000002 6.2000000000000002 6.2000000000000002
    6.2000000000000002 6.2000000000000002 6.2000000000000002 6.2000000000000002
    6.2000000000000002 6.2000000000000002 6.2000000000000002 6.2000000000000002
    6.2000000000000002 6.2000000000000002 6.2000000000000002 6.5999999999999996
    7.0999999999999996 7.0999999999999996 7.2000000000000002 7.5999999999999996
    9.0 1.0199999999999999e+1 1.0199999999999999e+1 1.0199999999999999e+1
    1.0199999999999999e+1 1.0199999999999999e+1 1.0199999999999999e+1
    1.0199999999999999e+1 1.0199999999999999e+1 1.0199999999999999e+1
    1.0199999999999999e+1 1.0199999999999999e+1 1.0199999999999999e+1
    1.0199999999999999e+1 1.0199999999999999e+1 1.0199999999999999e+1
    1.0199999999999999e+1 1.0199999999999999e+1 1.0199999999999999e+1
    1.0199999999999999e+1 1.0199999999999999e+1 1.0199999999999999e+1
    1.0199999999999999e+1 1.0199999999999999e+1 1.0199999999999999e+1
    1.0199999999999999e+1 1.0199999999999999e+1 1.0199999999999999e+1
    1.0199999999999999e+1 1.0199999999999999e+1 1.0199999999999999e+1
    1.0199999999999999e+1 1.0199999999999999e+1 1.0199999999999999e+1
    1.0199999999999999e+1 1.0199999999999999e+1 1.0199999999999999e+1
    1.0199999999999999e+1 1.0199999999999999e+1 1.0199999999999999e+1
    1.0199999999999999e+1 1.0199999999999999e+1 1.0199999999999999e+1
    1.0199999999999999e+1 1.0199999999999999e+1 1.0199999999999999e+1
    1.0199999999999999e+1 1.0199999999999999e+1 1.0199999999999999e+1
    1.0199999999999999e+1 1.0199999999999999e+1 1.0199999999999999e+1
    1.0199999999999999e+1 1.0199999999999999e+1 1.0199999999999999e+1
    1.0199999999999999e+1 1.0199999999999999e+1 1.0199999999999999e+1
    1.0199999999999999e+1 1.0199999999999999e+1 1.0199999999999999e+1 1.05e+1
    1.21e+1 1.2199999999999999e+1 1.2199999999999999e+1 1.2199999999999999e+1
    1.2199999999999999e+1 1.2199999999999999e+1 1.2199999999999999e+1
    1.2199999999999999e+1 1.2199999999999999e+1 1.2199999999999999e+1
    1.2199999999999999e+1 1.2199999999999999e+1 1.2199999999999999e+1
    1.2199999999999999e+1 1.2199999999999999e+1 1.2199999999999999e+1
    1.2199999999999999e+1 1.2199999999999999e+1 1.2199999999999999e+1
    1.2199999999999999e+1 1.2199999999999999e+1 1.2199999999999999e+1
    1.2199999999999999e+1 1.2199999999999999e+1 1.2199999999999999e+1
    1.2199999999999999e+1 1.2199999999999999e+1 1.2199999999999999e+1
    1.2199999999999999e+1 1.2199999999999999e+1 1.2199999999999999e+1
    1.2199999999999999e+1 1.2199999999999999e+1 1.2199999999999999e+1
    1.2199999999999999e+1 1.2199999999999999e+1 1.2199999999999999e+1
    1.2199999999999999e+1 1.2199999999999999e+1 1.2199999999999999e+1
    1.2199999999999999e+1 1.2199999999999999e+1 1.2199999999999999e+1
    1.2199999999999999e+1 1.2199999999999999e+1 1.2199999999999999e+1
    1.2199999999999999e+1 1.2199999999999999e+1 1.2199999999999999e+1
    1.3199999999999999e+1 1.3199999999999999e+1 1.3199999999999999e+1
    1.3199999999999999e+1 1.3199999999999999e+1 1.3199999999999999e+1
    1.3199999999999999e+1 1.3199999999999999e+1 1.3199999999999999e+1
    1.3199999999999999e+1 1.3199999999999999e+1 1.3199999999999999e+1
    1.3199999999999999e+1 1.3199999999999999e+1 1.3199999999999999e+1
    1.3199999999999999e+1 1.3199999999999999e+1 1.3199999999999999e+1
    1.3199999999999999e+1 1.3199999999999999e+1 1.3199999999999999e+1
    1.3199999999999999e+1 1.3199999999999999e+1 1.3199999999999999e+1
    1.3300000000000001e+1 1.6300000000000001e+1 1.9300000000000001e+1
    1.9399999999999999e+1 1.9699999999999999e+1 2.3399999999999999e+1
    2.3399999999999999e+1 2.5399999999999999e+1 2.65e+1 2.65e+1 2.75e+1 2.8e+1
    3.2600000000000001e+1 3.35e+1 3.6600000000000001e+1 3.7100000000000001e+1
    3.8600000000000001e+1 3.9600000000000001e+1 3.9700000000000003e+1
    4.5700000000000003e+1 4.6700000000000003e+1 4.6700000000000003e+1
    4.9799999999999997e+1 5.1799999999999997e+1 5.2799999999999997e+1
    5.2899999999999999e+1 5.3899999999999999e+1 5.5899999999999999e+1
    5.5899999999999999e+1 5.9e+1 5.9899999999999999e+1 5.9899999999999999e+1
    6.3e+1 6.5e+1 6.6e+1 6.7099999999999994e+1 6.9099999999999994e+1
    7.2200000000000003e+1 7.6200000000000003e+1 7.6200000000000003e+1
    7.8200000000000003e+1 7.8200000000000003e+1 7.9299999999999997e+1
    8.0299999999999997e+1 8.2299999999999997e+1 8.5400000000000006e+1
    8.6299999999999997e+1 8.6299999999999997e+1 8.6299999999999997e+1
    8.6799999999999997e+1 9.1400000000000006e+1 9.2400000000000006e+1 9.35e+1
    9.55e+1 9.9700000000000003e+1 1.05e+2 1.0559999999999999e+2 1.057e+2
    1.087e+2 1.118e+2 1.158e+2 1.188e+2 1.1990000000000001e+2 1.25e+2 1.29e+2
    1.31e+2 1.3209999999999999e+2 1.3619999999999999e+2 1.3819999999999999e+2
    1.3909999999999999e+2 1.4630000000000001e+2 1.4830000000000001e+2
    1.5159999999999999e+2 1.5230000000000001e+2 1.5540000000000001e+2
    1.5540000000000001e+2 1.5740000000000001e+2 1.585e+2 1.585e+2 1.585e+2
    1.615e+2 1.615e+2 1.615e+2 1.6509999999999999e+2 1.655e+2
    1.6859999999999999e+2 1.7159999999999999e+2 1.7159999999999999e+2
    1.7269999999999999e+2 1.7290000000000001e+2 1.7869999999999999e+2
    1.8180000000000001e+2 1.8380000000000001e+2 1.8509999999999999e+2
    1.8590000000000001e+2 1.8590000000000001e+2 1.8790000000000001e+2
    1.8909999999999999e+2 1.95e+2 1.97e+2 1.98e+2 1.9809999999999999e+2
    1.9909999999999999e+2 1.9909999999999999e+2 2.0109999999999999e+2
    2.0109999999999999e+2 2.0419999999999999e+2 2.0419999999999999e+2
    2.0840000000000001e+2 2.1019999999999999e+2 2.1040000000000001e+2
    2.1130000000000001e+2 2.1230000000000001e+2 2.1230000000000001e+2
    2.1230000000000001e+2 2.145e+2 2.1740000000000001e+2 2.2140000000000001e+2
    2.255e+2 2.2569999999999999e+2 2.3009999999999999e+2 2.315e+2
    2.3459999999999999e+2 2.3459999999999999e+2 2.3759999999999999e+2
    2.3769999999999999e+2 2.3769999999999999e+2 2.4069999999999999e+2
    2.4380000000000001e+2 2.4380000000000001e+2 2.4469999999999999e+2
    2.4469999999999999e+2 2.4469999999999999e+2 2.4780000000000001e+2
    2.4780000000000001e+2 2.5090000000000001e+2 2.5190000000000001e+2
    2.5190000000000001e+2 2.57e+2 2.57e+2 2.5789999999999998e+2
    2.5789999999999998e+2 2.61e+2 2.61e+2 2.63e+2 2.64e+2 2.64e+2
    2.6510000000000002e+2 2.6710000000000002e+2 2.7019999999999999e+2
    2.7110000000000002e+2 2.7619999999999999e+2 2.7719999999999999e+2
    2.7730000000000001e+2 2.7830000000000001e+2 2.7969999999999999e+2
    2.8030000000000001e+2 2.8030000000000001e+2 2.8339999999999998e+2
    2.8339999999999998e+2 2.8739999999999998e+2 2.9039999999999998e+2 2.905e+2
    2.915e+2 2.935e+2 2.935e+2 2.9660000000000002e+2 3.0060000000000002e+2
    3.0060000000000002e+2 3.0260000000000002e+2 3.0260000000000002e+2
    3.0269999999999999e+2 3.0360000000000002e+2 3.0369999999999999e+2
    3.0369999999999999e+2 3.0630000000000001e+2 3.0669999999999999e+2
    3.0669999999999999e+2 3.0969999999999999e+2 3.125e+2 3.1380000000000001e+2
    3.1380000000000001e+2 3.1680000000000001e+2 3.1689999999999998e+2
    3.1789999999999998e+2 3.1989999999999998e+2 3.1989999999999998e+2
    3.2410000000000002e+2 3.27e+2 3.3e+2 3.3010000000000002e+2
    3.3110000000000002e+2 3.3310000000000002e+2 3.3619999999999999e+2
    3.3710000000000002e+2 3.3989999999999998e+2 3.4019999999999999e+2
    3.4019999999999999e+2 3.4219999999999999e+2 3.4430000000000001e+2
    3.4630000000000001e+2 3.4630000000000001e+2 3.4939999999999998e+2
    3.4939999999999998e+2 3.5339999999999998e+2 3.565e+2 3.595e+2 3.605e+2
    3.6260000000000002e+2 3.6260000000000002e+2 3.6660000000000002e+2
    3.6669999999999999e+2 3.6860000000000002e+2 3.6860000000000002e+2
    3.7069999999999999e+2 3.7069999999999999e+2 3.7269999999999999e+2
    3.7569999999999999e+2 3.7669999999999999e+2 3.8180000000000001e+2
    3.8280000000000001e+2 3.8289999999999998e+2 3.8389999999999998e+2
    3.8589999999999998e+2 3.8589999999999998e+2 3.8589999999999998e+2 3.89e+2
    3.89e+2 3.8989999999999998e+2 3.93e+2 3.95e+2 3.9610000000000002e+2
    3.9610000000000002e+2 4.0219999999999999e+2 4.0310000000000002e+2
    4.0619999999999999e+2 4.0619999999999999e+2 4.0619999999999999e+2
    4.0819999999999999e+2 4.0919999999999999e+2 4.1230000000000001e+2
    4.1530000000000001e+2 4.1539999999999998e+2 4.1539999999999998e+2
    4.1630000000000001e+2 4.1630000000000001e+2 4.1939999999999998e+2
    4.2139999999999998e+2 4.2239999999999998e+2 4.235e+2 4.2369999999999999e+2
    4.255e+2 4.2860000000000002e+2 4.295e+2 4.295e+2 4.3260000000000002e+2
    4.3260000000000002e+2 4.3460000000000002e+2 4.3460000000000002e+2
    4.3460000000000002e+2 4.3569999999999999e+2 4.3669999999999999e+2
    4.3869999999999999e+2 4.3869999999999999e+2 4.4180000000000001e+2
    4.4269999999999999e+2 4.4269999999999999e+2 4.4269999999999999e+2
    4.4580000000000001e+2 4.4769999999999999e+2 4.4880000000000001e+2
    4.4889999999999998e+2 4.4889999999999998e+2 4.5189999999999998e+2
    4.5589999999999998e+2 4.5619999999999999e+2 4.61e+2 4.6210000000000002e+2
    4.6310000000000002e+2 4.6510000000000002e+2 4.6510000000000002e+2
    4.6819999999999999e+2 4.6910000000000002e+2 4.7419999999999999e+2
    4.7419999999999999e+2 4.7419999999999999e+2 4.7519999999999999e+2
    4.7530000000000001e+2 4.7630000000000001e+2 4.7630000000000001e+2
    4.7830000000000001e+2 4.7830000000000001e+2 4.8139999999999998e+2
    4.8139999999999998e+2 4.8230000000000001e+2 4.8230000000000001e+2
    4.8539999999999998e+2 4.8539999999999998e+2 4.8539999999999998e+2 4.885e+2
    4.895e+2 4.915e+2 4.9460000000000002e+2 4.9460000000000002e+2
    4.9460000000000002e+2 5.0060000000000002e+2 5.0169999999999999e+2
    5.0169999999999999e+2 5.0169999999999999e+2 5.0169999999999999e+2
    5.0169999999999999e+2 5.0169999999999999e+2 5.0169999999999999e+2
    5.0169999999999999e+2 5.0169999999999999e+2 5.0169999999999999e+2
    5.0169999999999999e+2 5.0169999999999999e+2 5.0169999999999999e+2
    5.0169999999999999e+2 5.0169999999999999e+2 5.0169999999999999e+2
    5.0169999999999999e+2 5.0169999999999999e+2 5.0169999999999999e+2
    5.0169999999999999e+2 5.0169999999999999e+2 5.0169999999999999e+2
    5.0169999999999999e+2 5.0169999999999999e+2 5.0169999999999999e+2
    5.0169999999999999e+2 5.0169999999999999e+2 5.0169999999999999e+2
    5.0169999999999999e+2 5.0169999999999999e+2 5.0169999999999999e+2
    5.0169999999999999e+2 5.0169999999999999e+2 5.0169999999999999e+2
    5.0169999999999999e+2 5.0169999999999999e+2 5.0169999999999999e+2
    5.0169999999999999e+2 5.0169999999999999e+2 5.0169999999999999e+2
    5.0869999999999999e+2 5.0960000000000002e+2 5.1379999999999995e+2
    5.1489999999999998e+2 5.1789999999999998e+2 5.1789999999999998e+2
    5.2189999999999998e+2 5.2189999999999998e+2 5.25e+2 5.2810000000000002e+2
    5.3420000000000005e+2 5.3510000000000002e+2 5.4010000000000002e+2
    5.4129999999999995e+2 5.4129999999999995e+2 5.4429999999999995e+2
    5.4729999999999995e+2 5.4739999999999998e+2 5.5029999999999995e+2
    5.5339999999999998e+2 5.5339999999999998e+2 5.545e+2 5.555e+2 5.555e+2
    5.575e+2 5.6060000000000002e+2 5.6460000000000002e+2 5.6660000000000002e+2
    5.6870000000000005e+2 5.6870000000000005e+2 5.7070000000000005e+2
    5.7379999999999995e+2 5.7779999999999995e+2 5.7979999999999995e+2
    5.8079999999999995e+2 5.8189999999999998e+2 5.8389999999999998e+2 5.87e+2
    5.91e+2 5.94e+2 5.9510000000000002e+2 5.9510000000000002e+2
    5.9710000000000002e+2 6.0010000000000002e+2 6.0020000000000005e+2
    6.0020000000000005e+2 6.0020000000000005e+2 6.0420000000000005e+2
    6.0620000000000005e+2 6.0729999999999995e+2 6.1029999999999995e+2
    6.1339999999999998e+2 6.1429999999999995e+2 6.1429999999999995e+2
    6.2039999999999998e+2 6.235e+2 6.2660000000000002e+2 6.275e+2
    6.3060000000000002e+2 6.3060000000000002e+2 6.3260000000000002e+2
    6.3360000000000002e+2 6.3370000000000005e+2 6.3370000000000005e+2
    6.3370000000000005e+2 6.3370000000000005e+2 6.3370000000000005e+2
    6.3370000000000005e+2 6.3370000000000005e+2 6.3370000000000005e+2
    6.3370000000000005e+2 6.3370000000000005e+2 6.3370000000000005e+2
    6.3370000000000005e+2 6.3370000000000005e+2 6.3370000000000005e+2
    6.3370000000000005e+2 6.3370000000000005e+2 6.3370000000000005e+2
    6.3370000000000005e+2 6.3370000000000005e+2 6.3370000000000005e+2
    6.3370000000000005e+2 6.3370000000000005e+2 6.3370000000000005e+2
    6.3370000000000005e+2 6.3370000000000005e+2 6.3370000000000005e+2
    6.3370000000000005e+2 6.3370000000000005e+2 6.3370000000000005e+2
    6.3370000000000005e+2 6.3370000000000005e+2 6.3370000000000005e+2
    6.3370000000000005e+2 6.3370000000000005e+2 6.3370000000000005e+2
    6.3370000000000005e+2 6.3370000000000005e+2 6.3370000000000005e+2
    6.3979999999999995e+2 6.4379999999999995e+2 6.4679999999999995e+2
    6.4689999999999998e+2 6.4689999999999998e+2 6.4689999999999998e+2
    6.4689999999999998e+2 6.4689999999999998e+2 6.4689999999999998e+2
    6.4689999999999998e+2 6.4689999999999998e+2 6.4689999999999998e+2
    6.4689999999999998e+2 6.4689999999999998e+2 6.4689999999999998e+2
    6.4689999999999998e+2 6.4689999999999998e+2 6.4689999999999998e+2
    6.4689999999999998e+2 6.4689999999999998e+2 6.4689999999999998e+2
    6.4689999999999998e+2 6.4689999999999998e+2 6.4689999999999998e+2
    6.4689999999999998e+2 6.4689999999999998e+2 6.4689999999999998e+2
    6.4689999999999998e+2 6.4689999999999998e+2 6.4689999999999998e+2
    6.4689999999999998e+2 6.4689999999999998e+2 6.4689999999999998e+2
    6.4689999999999998e+2 6.4789999999999998e+2 6.59e+2 6.6310000000000002e+2
    6.6710000000000002e+2 6.7020000000000005e+2 6.7429999999999995e+2 6.865e+2
    6.865e+2 6.865e+2 6.865e+2 6.865e+2 6.865e+2 6.865e+2 6.865e+2 6.865e+2
    6.865e+2 6.865e+2 6.865e+2 6.865e+2 6.865e+2 6.865e+2 6.865e+2 6.865e+2
    6.865e+2 6.865e+2 6.865e+2 6.865e+2 6.865e+2 6.865e+2 6.865e+2 6.865e+2
    6.865e+2 6.865e+2 6.865e+2 6.865e+2 6.865e+2 6.865e+2 6.865e+2 6.865e+2
    6.865e+2 6.895e+2 7.0270000000000005e+2 7.0270000000000005e+2
    7.1989999999999998e+2 7.2610000000000002e+2 7.2610000000000002e+2
    7.2610000000000002e+2 7.2610000000000002e+2 7.2610000000000002e+2
    7.2610000000000002e+2 7.2610000000000002e+2 7.2610000000000002e+2
    7.2610000000000002e+2 7.2610000000000002e+2 7.2610000000000002e+2
    7.2610000000000002e+2 7.2610000000000002e+2 7.2610000000000002e+2
    7.2610000000000002e+2 7.2610000000000002e+2 7.2610000000000002e+2
    7.2610000000000002e+2 7.2610000000000002e+2 7.2610000000000002e+2
    7.2610000000000002e+2 7.2610000000000002e+2 7.2610000000000002e+2
    7.2610000000000002e+2 7.2610000000000002e+2 7.2610000000000002e+2
    7.2610000000000002e+2 7.2610000000000002e+2 7.2610000000000002e+2),
    winSize: 6.0e+1, binSize: 1.0e+1, tStart: 0.0, tEnd: 7.211e+3, binStart:
    7.211e+3, maxBLsize: 1.0e+4 >
Bye.
