		     \||||||||||||||||||/
		   --- Welcome to Maude ---
		     /||||||||||||||||||\
	     Maude 3.5 built: Sep 25 2024 12:00:00
	     Copyright 1997-2024 SRI International
		   Sun Aug 16 20:43:55 2026
Warning: "smc_cp3-refactored.maude", line 140 (mod SMC_CP3): multiple distinct
    parses for statement
eq sumDiff (F F' FL) = (F' - F) + sumDiff (F' FL) .
Warning: "smc_cp3-refactored.maude", line 145 (mod SMC_CP3): multiple distinct
    parses for statement
eq avgDiff (FL) = if (len (FL) == 1) then 0.0 else sumDiff (FL) / float (len (
    FL) - 1) fi .
Warning: "smc_cp3-refactored.maude", line 150 (mod SMC_CP3): multiple distinct
    parses for statement
eq sumSquaredDiff (F FL, F') = (F - F') * (F - F') + sumSquaredDiff (FL, F') .
Warning: "smc_cp3-refactored.maude", line 225 (mod SMC_CP3): multiple distinct
    parses for statement
eq compLatency (Tsent, Trcvd) = Trcvd - Tsent .
Warning: "smc_cp3-refactored.maude", line 291 (mod SMC_CP3): multiple distinct
    parses for statement
eq getGoodput (< ADDR : IrcMonitor | msgRcvd: ircMTL, attrs >, Tstart, Tend) =
    collectGoodput (filterWindow (ircMTL, Tstart, Tend), Tstart, Tend) * 8.0 /
    (Tend - Tstart) .
Warning: "smc_cp3-refactored.maude", line 381 (mod SMC_CP3): multiple distinct
    parses for statement
eq normMED (NL, NL') = if max (lenMsgIdList (NL), lenMsgIdList (NL')) == 0 then
    1.0 else 1.0 - (float (med (NL, NL')) / float (max (lenMsgIdList (NL),
    lenMsgIdList (NL')))) fi .
Warning: "smc_cp3-refactored.maude", line 500 (mod SMC_CP3): multiple distinct
    parses for statement
eq getMTBF (< ADDR : IrcMonitor | msgSent: ircMTL, msgRcvd: ircMTL', attrs >,
    Tn, Tstart, Tend) = getMTBFAux (filterWindow (ircMTL, Tstart - Tn, Tend +
    Tn), filterWindow (ircMTL', Tstart - Tn, Tend + Tn), Tn, Tstart, Tend) .
Warning: "smc_cp3-refactored.maude", line 560 (mod SMC_CP3): multiple distinct
    parses for statement
eq KsDistanceX (F FL, nil, I, J, invN, invN', D) = max2 (D, abs ((float (I) *
    invN) - 1.0)) .
Warning: "smc_cp3-refactored.maude", line 561 (mod SMC_CP3): multiple distinct
    parses for statement
eq KsDistanceX (nil, F' FL', I, J, invN, invN', D) = max2 (D, abs (1.0 - (float
    (J) * invN'))) .
Warning: "smc_cp3-refactored.maude", line 563 (mod SMC_CP3): multiple distinct
    parses for statement
ceq KsDistanceX (F FL, F' FL', I, J, invN, invN', D) = KsDistanceX (FL1, FL2, I
    + C1, J + C2, invN, invN', max2 (D, abs ((float (I + C1) * invN) - (float (
    J + C2) * invN')))) if F == F' /\ prefix (C1, FL1) := skipEqPrefix (F, F
    FL) /\ prefix (C2, FL2) := skipEqPrefix (F', F' FL') .
Warning: "smc_cp3-refactored.maude", line 569 (mod SMC_CP3): multiple distinct
    parses for statement
ceq KsDistanceX (F FL, F' FL', I, J, invN, invN', D) = KsDistanceX (FL, F' FL',
    I + 1, J, invN, invN', max2 (D, abs ((float (I + 1) * invN) - (float (J) *
    invN')))) if F < F' .
Warning: "smc_cp3-refactored.maude", line 573 (mod SMC_CP3): multiple distinct
    parses for statement
ceq KsDistanceX (F FL, F' FL', I, J, invN, invN', D) = KsDistanceX (F FL, FL',
    I, J + 1, invN, invN', max2 (D, abs ((float (I) * invN) - (float (J + 1) *
    invN')))) if F > F' .
Warning: "smc_cp3-refactored.maude", line 583 (mod SMC_CP3): multiple distinct
    parses for statement
eq KsStatisticZ (FL, FL', K) = KsDistance (FL, FL') - K .
Warning: "smc_cp3-refactored.maude", line 679 (mod SMC_CP3): multiple distinct
    parses for statement
eq compObsFeatureX (vp, dnsQueryRate, Fid, TOL, Tstart, Tend) = float (
    countDNSQuery (vp, Fid, TOL, Tstart, Tend)) / (Tend - Tstart) .
Warning: "smc_cp3-refactored.maude", line 693 (mod SMC_CP3): multiple distinct
    parses for statement
eq compObsFeatureX (vp, tcpUpRate, Fid, TOL, Tstart, Tend) = float (
    sizeTCPUpload (vp, Fid, TOL, Tstart, Tend)) / (Tend - Tstart) .
Warning: "smc_cp3-refactored.maude", line 695 (mod SMC_CP3): multiple distinct
    parses for statement
eq compObsFeatureX (vp, tcpDownRate, Fid, TOL, Tstart, Tend) = float (
    sizeTCPDownload (vp, Fid, TOL, Tstart, Tend)) / (Tend - Tstart) .
Warning: "smc_cp3-refactored.maude", line 703 (mod SMC_CP3): multiple distinct
    parses for statement
eq compObsFeatureX (vp, tcpOutPktRate, Fid, TOL, Tstart, Tend) = float (
    countTCPOutPkt (vp, Fid, TOL, Tstart, Tend)) / (Tend - Tstart) .
Warning: "smc_cp3-refactored.maude", line 705 (mod SMC_CP3): multiple distinct
    parses for statement
eq compObsFeatureX (vp, tcpInPktRate, Fid, TOL, Tstart, Tend) = float (
    countTCPInPkt (vp, Fid, TOL, Tstart, Tend)) / (Tend - Tstart) .
Warning: "smc_cp3-refactored.maude", line 724 (mod SMC_CP3): multiple distinct
    parses for statement
eq compObsFeatureX (vp, dnsQueryRate, TOL, Tstart, Tend) = float (countDNSQuery
    (vp, TOL, Tstart, Tend)) / (Tend - Tstart) .
Warning: "smc_cp3-refactored.maude", line 738 (mod SMC_CP3): multiple distinct
    parses for statement
eq compObsFeatureX (vp, tcpUpRate, TOL, Tstart, Tend) = float (sizeTCPUpload (
    vp, TOL, Tstart, Tend)) / (Tend - Tstart) .
Warning: "smc_cp3-refactored.maude", line 740 (mod SMC_CP3): multiple distinct
    parses for statement
eq compObsFeatureX (vp, tcpDownRate, TOL, Tstart, Tend) = float (
    sizeTCPDownload (vp, TOL, Tstart, Tend)) / (Tend - Tstart) .
Warning: "smc_cp3-refactored.maude", line 748 (mod SMC_CP3): multiple distinct
    parses for statement
eq compObsFeatureX (vp, tcpOutPktRate, TOL, Tstart, Tend) = float (
    countTCPOutPkt (vp, TOL, Tstart, Tend)) / (Tend - Tstart) .
Warning: "smc_cp3-refactored.maude", line 750 (mod SMC_CP3): multiple distinct
    parses for statement
eq compObsFeatureX (vp, tcpInPktRate, TOL, Tstart, Tend) = float (countTCPInPkt
    (vp, TOL, Tstart, Tend)) / (Tend - Tstart) .
Warning: "smc_cp3-refactored.maude", line 911 (mod SMC_CP3): multiple distinct
    parses for statement
ceq expectedKObsFeature (vp, obsF, baselineCDF, binECDFs, T, Tend, winSize,
    binSize, Ksum, N) = if KD >= 0.0 then expectedKObsFeature (vp, obsF,
    baselineCDF, binECDFs, T + binSize, Tend, winSize, binSize, Ksum + KD, N +
    1) else expectedKObsFeature (vp, obsF, baselineCDF, binECDFs, T + binSize,
    Tend, winSize, binSize, Ksum, N) fi if (T + winSize) <= (Tend + Tesp) /\
    ECDF := sort (getECDFObsFeatureRange (binECDFs, floor (rat (T / binSize)),
    (floor (rat (T / binSize)) + floor (rat (winSize / binSize))) - 1)) /\ KD
    := KsDistance (baselineCDF, ECDF) .
Warning: "smc_cp3-refactored.maude", line 1079 (mod SMC_CP3): multiple distinct
    parses for statement
eq getCUSUMZt (< ADDR : Adversary | gt: (bl (vp, obsF, K, Zt) :; blList), attrs
    >, vp, obsF, Tstart, Tend, winSize, binSize) = cusumRange (Zt, floor (rat (
    Tstart / binSize)), floor (rat ((Tend - winSize) / binSize))) .
==========================================
rewrite in HCS-TEST-BASELINE-TCPPKTINTERARRIVAL-CL1 : run((initState(counter) [
    tgenDelay, to baseLineAddr from baseLineAddr : initBase, 0]) 
{0.0 |
nil}, slimit) .
rewrites: 73538975971 in 9087799ms cpu (9344710ms real) (8092055
    rewrites/second)
result Actor: 
< baseLineAddr : BaseLineMonitor | viewPts: cl[1], features:
    tcpPktInterarrival, baseLine: bl(cl[1], tcpPktInterarrival,
    1.735910740896652e-1, 1.2111999846335189e-5 1.2111999989001025e-5
    1.2111999997917641e-5 1.2111999997917641e-5 1.2111999999470738e-5
    1.2111999999470738e-5 1.2111999999470738e-5 1.2111999999470738e-5
    1.2111999999936669e-5 1.2112000000402598e-5 1.2112000000402598e-5
    1.2112000000402598e-5 1.2112000000402598e-5 1.2112000000402598e-5
    1.2112000000402598e-5 1.2112000000402598e-5 1.2112000000402598e-5
    1.2112000000402598e-5 1.2112000000402598e-5 1.2112000000402598e-5
    1.2112000000402598e-5 1.2112000000402598e-5 1.2112000000402598e-5
    1.2112000000402598e-5 1.2112000000402598e-5 1.2112000000402598e-5
    1.2112000000402598e-5 1.2112000000402598e-5 1.2112000000402598e-5
    1.2112000000402598e-5 1.2112000000402598e-5 1.2112000000402598e-5
    1.2112000000402598e-5 1.2112000000402598e-5 1.2112000000402598e-5
    1.2112000000402598e-5 1.2112000000402598e-5 1.2112000000402598e-5
    1.2112000000402598e-5 1.2112000000402598e-5 1.2112000000402598e-5
    1.2112000000402598e-5 1.2112000000402598e-5 1.2112000000402598e-5
    1.2112000000402598e-5 1.2112000000402598e-5 1.2112000000402598e-5
    1.2112000000402598e-5 1.2112000000402598e-5 1.2112000000402598e-5
    1.2112000000402598e-5 1.2112000000402598e-5 1.2112000000402598e-5
    1.2112000000402598e-5 1.2112000000402598e-5 1.2112000000402598e-5
    1.2112000000402598e-5 1.2112000000402598e-5 1.2112000000402598e-5
    1.2112000000402598e-5 1.2112000000402598e-5 1.2112000000402598e-5
    1.2112000000402598e-5 1.2112000000402598e-5 1.2112000000402598e-5
    1.2112000000402598e-5 1.2112000000402598e-5 1.2112000000402598e-5
    1.2112000000402598e-5 1.2112000000402598e-5 1.2112000000402598e-5
    1.2112000000402598e-5 1.2112000000402598e-5 1.2112000000402598e-5
    1.2112000000402598e-5 1.2112000000402598e-5 1.2112000002807396e-5
    1.2112000035813253e-5 2.3481794869439909e-5 1.1003000321352374e-4
    1.4926607972094125e-4 2.2293778596349512e-4 3.8428609741458786e-4
    4.1347944693370664e-4 6.0566651563931373e-4 7.7466683263866236e-4
    7.7466683263866236e-4 7.7466683263866236e-4 7.7466683263866236e-4
    7.7466683264316484e-4 7.7466683264316484e-4 7.7466683264316484e-4
    7.7466683264316484e-4 7.7466683264316484e-4 7.7466683264316484e-4
    7.7466683264316484e-4 7.7466683264316484e-4 7.7466683264316484e-4
    7.7466683264316484e-4 7.7466683264316484e-4 7.7466683264316484e-4
    7.7466683264316484e-4 7.7466683264316484e-4 7.7466683264316484e-4
    7.7466683264372765e-4 7.7466683264372765e-4 7.7466683264372765e-4
    7.7466683264372765e-4 7.7466683264372765e-4 7.7466683264386838e-4
    7.7466683264766731e-4 7.7466683264766731e-4 7.7466683264766731e-4
    7.7466683264766731e-4 7.7466683264766731e-4 7.7466683264766731e-4
    7.7466683264766731e-4 7.7466683264766731e-4 7.7466683264766731e-4
    7.7466683264766731e-4 7.7466683264766731e-4 7.7466683264766731e-4
    7.7466683264766731e-4 7.7466683264766731e-4 7.7466683264766731e-4
    7.7466683264766731e-4 7.7466683264766731e-4 7.7466683264766731e-4
    7.7466683264766731e-4 7.7466683264766731e-4 7.7466683264766731e-4
    7.7466683264766731e-4 7.7466683264766731e-4 7.7466683264766731e-4
    7.7466683264766731e-4 7.7466683264766731e-4 7.7466683264766731e-4
    7.7466683264766731e-4 7.7466683264766731e-4 7.7466683264766731e-4
    7.7466683264766731e-4 7.7466683264766731e-4 7.7466683264766731e-4
    7.7466683264766731e-4 7.7466683264766731e-4 7.7466683264766731e-4
    7.7466683264766731e-4 7.7466683264766731e-4 7.7466683264766731e-4
    7.7466683264766731e-4 7.7466683264766731e-4 7.7466683264766731e-4
    7.7466683264766731e-4 7.7466683264766731e-4 7.7466683264766731e-4
    7.7466683264766731e-4 7.7466683264766731e-4 7.7466683264766731e-4
    7.7466683264766731e-4 7.7466683264766731e-4 8.3145283082209991e-4
    8.6169883275033499e-4 9.9999999997635314e-4 1.1970048938075286e-3
    1.2573915790918657e-3 1.2573915790918657e-3 1.2573915790918657e-3
    1.2573915790918657e-3 1.2573915790918657e-3 1.2573915790918657e-3
    1.2573915790918657e-3 1.2573915790918657e-3 1.2573915790928052e-3
    1.2573915790928052e-3 1.2573915790928052e-3 1.2573915790928052e-3
    1.2573915790928052e-3 1.2573915790928052e-3 1.2573915790928052e-3
    1.2573915790928052e-3 1.2573915790928052e-3 1.2573915790928052e-3
    1.2573915790928052e-3 1.2573915790928052e-3 1.2573915790928052e-3
    1.2573915790928052e-3 1.2573915790928052e-3 1.2573915790928052e-3
    1.2573915790928052e-3 1.2573915790928052e-3 1.2573915790928052e-3
    1.2573915790928052e-3 1.2573915790928052e-3 1.2573915790928052e-3
    1.2573915790928052e-3 1.2573915790928052e-3 1.2573915790928052e-3
    1.2573915790928052e-3 1.2573915790928052e-3 1.2573915790928052e-3
    1.2573915790928052e-3 1.2573915790928052e-3 1.2573915790928052e-3
    1.2573915790928052e-3 1.2573915790928052e-3 1.2573915790928052e-3
    1.2573915790928052e-3 1.2573915790928052e-3 1.2573915790965635e-3
    1.2573915790965635e-3 1.2573915790965635e-3 1.2573915790965635e-3
    1.2573915790965635e-3 1.2573915790965635e-3 1.2573915790965635e-3
    1.2573915790965635e-3 1.2573915790965635e-3 1.2573915790965635e-3
    1.2573915790965635e-3 1.2573915790965635e-3 1.2573915790965635e-3
    1.2573915790965635e-3 1.2573915790965635e-3 1.2573915790965635e-3
    1.2573915790965635e-3 1.2573915790965635e-3 1.2573915790965635e-3
    1.2573915790965635e-3 1.2573915790965635e-3 1.2573915790965635e-3
    1.2573915790965635e-3 1.2573915790965635e-3 1.2573915790965635e-3
    1.2573915790965635e-3 1.2573915790965635e-3 1.2573915790965635e-3
    1.2573915790965635e-3 1.2573915790965635e-3 1.2573915790965635e-3
    1.356254388092613e-3 1.4560438411391444e-3 1.4641086009360466e-3
    1.6076810091898062e-3 1.6340197221271148e-3 1.6415050380157396e-3
    1.643845525072658e-3 1.6489743144460251e-3 1.7113531507987783e-3
    1.7113531507987783e-3 1.7113531507987783e-3 1.7113531507987783e-3
    1.7113531507987783e-3 1.7113531507987783e-3 1.7113531507987783e-3
    1.7113531507987783e-3 1.7113531507987783e-3 1.7113531507987783e-3
    1.7113531507987783e-3 1.7113531507987783e-3 1.7113531507987783e-3
    1.7113531507987783e-3 1.7113531507987783e-3 1.7113531507987783e-3
    1.7113531507987783e-3 1.7113531507987783e-3 1.7113531507987783e-3
    1.7113531507987783e-3 1.7113531507987783e-3 1.7113531507987783e-3
    1.7113531507987783e-3 1.7113531507987783e-3 1.7113531507987783e-3
    1.7113531507987783e-3 1.7113531507987783e-3 1.7113531507987783e-3
    1.7113531507987783e-3 1.7113531507987783e-3 1.7113531507987783e-3
    1.7113531507987783e-3 1.7113531507987783e-3 1.7113531507987783e-3
    1.7113531507987783e-3 1.7113531507987783e-3 1.7113531507987783e-3
    1.7113531507987783e-3 1.7113531507987783e-3 1.7113531507987783e-3
    1.7113531507987783e-3 1.7113531507987783e-3 1.7113531507987783e-3
    1.7113531507987783e-3 1.7113531507987783e-3 1.7113531507987783e-3
    1.7113531507987783e-3 1.7113531507987783e-3 1.7113531507987783e-3
    1.7113531507987783e-3 1.7113531507987783e-3 1.7113531507987783e-3
    1.7113531507987783e-3 1.7113531507987783e-3 1.7113531507987783e-3
    1.7113531507987783e-3 1.7113531507987783e-3 1.7113531507987783e-3
    1.7113531507987783e-3 1.7113531507987783e-3 1.7113531507987783e-3
    1.7113531507987783e-3 1.7113531507987783e-3 1.7113531507987783e-3
    1.7113531507987783e-3 1.7113531507987783e-3 1.7113531507987783e-3
    1.7113531507987783e-3 1.7113531507987783e-3 1.7113531507987783e-3
    1.7113531507987783e-3 1.7113531507987783e-3 1.7113531507987783e-3
    1.7113531507987783e-3 1.7113531507987783e-3 1.7113531507987783e-3
    1.7113531507987783e-3 1.7113531507987783e-3 1.7113531507987783e-3
    1.7113531507987783e-3 1.7113531507987783e-3 1.7113531507987783e-3
    1.7113531507987783e-3 1.7113531507987783e-3 1.7113531507987783e-3
    1.7113531507987783e-3 1.7113531507987783e-3 1.7113531507987783e-3
    1.7113531507987783e-3 1.7113531507987783e-3 1.7113531507987783e-3
    1.7113531507987783e-3 1.7113531507987783e-3 1.7113531507987783e-3
    1.7113531507987783e-3 1.7113531507987783e-3 1.7113531507987783e-3
    1.7113531507987783e-3 1.7113531507987783e-3 1.7113531507987783e-3
    1.7113531507987783e-3 1.7113531507987783e-3 1.7113531507987783e-3
    1.7113531507987783e-3 1.7113531507987783e-3 1.7113531507987783e-3
    1.7113531507987783e-3 1.7113531507987783e-3 1.7113531507987783e-3
    1.7113531507987783e-3 1.7113531507987783e-3 1.7113531507987783e-3
    1.7113531507987783e-3 1.7113531507987783e-3 1.7113531507987783e-3
    1.7113531507987783e-3 1.7113531507987783e-3 1.7113531507987783e-3
    1.7113531507987783e-3 1.7113531507987783e-3 1.7113531507987783e-3
    1.7113531507987783e-3 1.7113531507987783e-3 1.7113531507987783e-3
    1.7113531507987783e-3 1.7113531507987783e-3 1.7113531507987783e-3
    1.7113531507987783e-3 1.7113531507987783e-3 1.7113531507987783e-3
    1.7113531507987783e-3 1.7113531507987783e-3 1.7113531507987783e-3
    1.7113531507987783e-3 1.7113531507987783e-3 1.7113531507987783e-3
    1.7113531507987783e-3 1.7113531507987783e-3 1.7113531507987783e-3
    1.7113531507987783e-3 1.7113531507987783e-3 1.7113531507987783e-3
    1.7113531507987783e-3 1.7113531507987783e-3 1.7113531507987783e-3
    1.7113531507987783e-3 1.7113531507987783e-3 1.7113531507987783e-3
    1.7113531507987783e-3 1.7113531507987783e-3 1.7113531507987783e-3
    1.7113531507987783e-3 1.7113531507987783e-3 1.7113531507987783e-3
    1.7113531507987783e-3 1.7113531507987783e-3 1.7113531507987783e-3
    1.7113531507987783e-3 1.7113531507987783e-3 1.7113531507987783e-3
    1.7113531507987783e-3 1.7113531507987783e-3 1.7113531507987783e-3
    1.7113531507987783e-3 1.7113531507987783e-3 1.7113531507987783e-3
    1.7113531507987783e-3 1.7113531507987783e-3 1.7113531507987783e-3
    1.7113531507987783e-3 1.7113531507987783e-3 1.7113531507987783e-3
    1.7113531507987783e-3 1.7113531507987783e-3 1.7113531507987783e-3
    1.7113531507987783e-3 1.7113531507987783e-3 1.7113531507987783e-3
    1.7113531507987783e-3 1.7113531507987783e-3 1.7113531507987783e-3
    1.7113531507987783e-3 1.7113531507987783e-3 1.7113531507987783e-3
    1.7113531507987783e-3 1.7113531507987783e-3 1.7113531507987783e-3
    1.7113531507987783e-3 1.7113531507987783e-3 1.7113531507987783e-3
    1.7113531507987783e-3 1.7113531507987783e-3 1.713049463466813e-3
    1.7167500485624132e-3 1.7326013339057475e-3 1.7515742875245934e-3
    1.753390084630084e-3 1.7715009202265025e-3 1.782999081209108e-3
    1.785862393332633e-3 1.8085702708562892e-3 1.8093114463977366e-3
    1.8102518729890881e-3 1.8116556577824441e-3 1.8163649298724592e-3
    1.8175977219615563e-3 1.8355497658667488e-3 1.8402467300160509e-3
    1.8411778905472259e-3 1.8495653180271145e-3 1.8562521437369712e-3
    1.8607724788821274e-3 1.870780937807949e-3 1.8725917786626928e-3
    1.8818114219629641e-3 1.8848254448401572e-3 1.8901106022687739e-3
    1.8903897783458861e-3 1.8912964517925339e-3 1.8940958005546954e-3
    1.897395618078378e-3 1.8982156420109533e-3 1.8986373156059946e-3
    1.8987815366883333e-3 1.8997328094262054e-3 1.9028217418209144e-3
    1.9037102624817031e-3 1.9041183488235902e-3 1.9046111669422201e-3
    1.9064321083615378e-3 1.9089078796571696e-3 1.9092599791603669e-3
    1.9096923081038599e-3 1.910150077457232e-3 1.9104358071193935e-3
    1.9115928632042294e-3 1.9141491330984042e-3 1.9165150930920483e-3
    1.9174599441144926e-3 1.9177052108175236e-3 1.918151851868404e-3
    1.9183048015020533e-3 1.9188650382708165e-3 1.9221111226563441e-3
    1.9224013700631717e-3 1.9231334553981103e-3 1.9247124074843634e-3
    1.9250707276539244e-3 1.9252377239177508e-3 1.9255362487471809e-3
    1.926813210578912e-3 1.9275616930749921e-3 1.9279601818240966e-3
    1.9287049724204185e-3 1.9290140264505869e-3 1.9296877226230851e-3
    1.9299360767563753e-3 1.9303283546519305e-3 1.9307819462461727e-3
    1.931684144300478e-3 1.9322262795322062e-3 1.9324186686437499e-3
    1.9325336379804985e-3 1.9329227178213598e-3 1.933072241725967e-3
    1.9335694227496519e-3 1.9341543411406929e-3 1.9345490918297316e-3
    1.9348444918086557e-3 1.9350666445887212e-3 1.9356392018165863e-3
    1.9362491333309321e-3 1.9363748695442841e-3 1.9368649137192951e-3
    1.9374923739820312e-3 1.9383890993901283e-3 1.9393580462155426e-3
    1.939775488508973e-3 1.9403861802127593e-3 1.9412781083937101e-3
    1.9413325659096811e-3 1.9416526701897475e-3 1.9417531902434046e-3
    1.9418043046947686e-3 1.9422526985646844e-3 1.9425341790046046e-3
    1.9426965779107319e-3 1.942849310036038e-3 1.9434021296141949e-3
    1.9437480036421596e-3 1.943818330742089e-3 1.9446188365762028e-3
    1.9447071099426027e-3 1.9449810022783812e-3 1.9450288221068532e-3
    1.945105216445707e-3 1.9456127427452765e-3 1.9457710896478976e-3
    1.9460935566244808e-3 1.9464286998995607e-3 1.9464549097636126e-3
    1.9465910437111533e-3 1.9468142934336153e-3 1.9470171476292444e-3
    1.9473493827450506e-3 1.9474649142400069e-3 1.9475919431637568e-3
    1.9478163826511376e-3 1.9480865815825535e-3 1.9482564735387054e-3
    1.9489245152846497e-3 1.9489660897604431e-3 1.9490955401517903e-3
    1.9491725070358743e-3 1.9492757348817643e-3 1.9493793135396649e-3
    1.9494507866443433e-3 1.9495111603176371e-3 1.949660000343511e-3
    1.9500789139552976e-3 1.9501303298365955e-3 1.9502111324448004e-3
    1.9504297510025245e-3 1.9505896211312588e-3 1.9506704125463081e-3
    1.9508084222708906e-3 1.9509174493080226e-3 1.950934513842818e-3
    1.951121840043006e-3 1.9514967764540602e-3 1.9518047543124256e-3
    1.9518359196871481e-3 1.9519845823352637e-3 1.9522223757843984e-3
    1.9523802503469507e-3 1.9524947153700383e-3 1.952556491551875e-3
    1.9526588760261949e-3 1.95280191354651e-3 1.9528400005137296e-3
    1.9529339240381084e-3 1.9529856677963696e-3 1.9530099353430924e-3
    1.9530686044922578e-3 1.9531940345440739e-3 1.9532544963571969e-3
    1.9534775434530091e-3 1.9535025204464951e-3 1.953762019618372e-3
    1.953811953136016e-3 1.954014572757617e-3 1.9542442288507686e-3
    1.9545983803533002e-3 1.9547439526651886e-3 1.9552085271900741e-3
    1.9553232630095717e-3 1.9556815948880194e-3 1.9558497575993513e-3
    1.9559273390318604e-3 1.9561314952579556e-3 1.9561436767266275e-3
    1.9561980214157261e-3 1.9562692400414044e-3 1.9563513193469996e-3
    1.9565096244482491e-3 1.9566076125853956e-3 1.9568315205768716e-3
    1.9568581721005869e-3 1.9568841580650275e-3 1.9569605614220753e-3
    1.9572696995271747e-3 1.9575731808625461e-3 1.9577073321049372e-3
    1.9580070758228314e-3 1.9583231489695889e-3 1.9585251928699973e-3
    1.9585963048120007e-3 1.958781782024039e-3 1.9591648156002911e-3
    1.9595417808305356e-3 1.9596188181696685e-3 1.9597521507531638e-3
    1.9603250382339453e-3 1.9608017782766461e-3 1.9609009450547829e-3
    1.9613183259328554e-3 1.9614105414367503e-3 1.9615487499844843e-3
    1.9616007357561478e-3 1.9617509967145659e-3 1.9619100138468883e-3
    1.9621161970958386e-3 1.9628406386172363e-3 1.9630968693268983e-3
    1.9631052487258734e-3 1.9643888710097453e-3 1.9646802554068141e-3
    1.9649384471578054e-3 1.96614436218872e-3 1.9665389301944444e-3
    1.9671199174271536e-3 1.967365767957053e-3 1.9676403760964379e-3
    1.9682731063701449e-3 1.9684949922776883e-3 1.9686289656427138e-3
    1.9686508933981169e-3 1.9688383764098131e-3 1.9690034230201584e-3
    1.9691117993757578e-3 1.9691387890844415e-3 1.9691908441755303e-3
    1.9692299197126709e-3 1.9693160162597436e-3 1.9693248786100395e-3
    1.9695246678070938e-3 1.9695898264888304e-3 1.9695980345364756e-3
    1.9696399823968449e-3 1.9696712714697509e-3 1.9697089953944168e-3
    1.9697803041665188e-3 1.9699346496944731e-3 1.9700208612249328e-3
    1.9702616008704142e-3 1.9704787187459945e-3 1.9706466347968158e-3
    1.9731084529490519e-3 1.9734328812250515e-3 1.9735725071800356e-3
    1.9739298045093083e-3 1.9745876165242694e-3 1.9749516016669276e-3
    1.9756558354017901e-3 1.9757775094562517e-3 1.9759602248660005e-3
    1.9760411275064065e-3 1.9761863630258108e-3 1.9763093487766511e-3
    1.9763386433947227e-3 1.9764842766280158e-3 1.9765370500133004e-3
    1.9765634881323342e-3 1.9766095244284601e-3 1.9767228950572924e-3
    1.9767639316979292e-3 1.976803908616502e-3 1.976823836681507e-3
    1.9768803540531434e-3 1.9769651990538314e-3 1.9769723615593159e-3
    1.9770110678396799e-3 1.9770601441364316e-3 1.977131959605965e-3
    1.9772205393176804e-3 1.9772706464765278e-3 1.977302366843564e-3
    1.9774581341805634e-3 1.9775548234706136e-3 1.9777325922487681e-3
    1.9784581283634321e-3 1.9795397386275153e-3 1.9796727681742048e-3
    1.9797293448528932e-3 1.9801099223316033e-3 1.980173097980108e-3
    1.9802364668582424e-3 1.9803816723026335e-3 1.9804193122565593e-3
    1.9804919438348107e-3 1.9805509620784115e-3 1.9807253509942545e-3
    1.9808732669093776e-3 1.9810771077824938e-3 1.9811542619135179e-3
    1.9812112438720615e-3 1.9813661097636023e-3 1.9814697627404182e-3
    1.9815288708932466e-3 1.9816637751976988e-3 1.9818661959740236e-3
    1.9818888423868771e-3 1.9822122190042168e-3 1.9825345594794656e-3
    1.9831172713760427e-3 1.9831766215579675e-3 1.9832558341455696e-3
    1.9834354402172225e-3 1.9836583691361532e-3 1.9838987728030121e-3
    1.9842885338050816e-3 1.9846176032044852e-3 1.984842589346079e-3
    1.985017791659644e-3 1.9851445984784633e-3 1.9855199777839322e-3
    1.9856140593501681e-3 1.9856588240341378e-3 1.9858123860135557e-3
    1.9859572918022564e-3 1.986058253505318e-3 1.9861109697144183e-3
    1.9861327089915073e-3 1.9861968471465434e-3 1.9863211093900917e-3
    1.9866952060684975e-3 1.9867221048888968e-3 1.9867576277450877e-3
    1.9868416420084642e-3 1.9869802837339215e-3 1.9870342563282507e-3
    1.9871341663541429e-3 1.9872661135645424e-3 1.9873919412897781e-3
    1.9874123348444534e-3 1.9874859282614341e-3 1.987554842184804e-3
    1.9876607486281634e-3 1.9878432893573636e-3 1.9878909341907117e-3
    1.9879169037439188e-3 1.9879422579308493e-3 1.988044375721277e-3
    1.9883050924245417e-3 1.9883968939172075e-3 1.988516669532247e-3
    1.9885741558020296e-3 1.988752982446365e-3 1.9888546579090402e-3
    1.988932404519942e-3 1.9890201088860462e-3 1.9893349106684774e-3
    1.9895272638144603e-3 1.9898133367745987e-3 1.9899390756423869e-3
    1.9901734099803101e-3 1.9905135081162658e-3 1.9908885286552148e-3
    1.9913852613733865e-3 1.9914196946110062e-3 1.991489058036441e-3
    1.9915186298947465e-3 1.9916468416084411e-3 1.9917537096794682e-3
    1.9918649627123485e-3 1.9921721040258872e-3 1.9929301351714721e-3
    1.9930563669992751e-3 1.9932771161523576e-3 1.993394170381507e-3
    1.9935320643434677e-3 1.9938715452577165e-3 1.9941455028767924e-3
    1.9947262310827168e-3 1.9950191299791349e-3 1.9951708853304571e-3
    1.9956437536006867e-3 1.9958716801948659e-3 1.9963295013658471e-3
    1.9963796974860888e-3 1.9966210526984468e-3 1.9968165235645882e-3
    1.9969252156880513e-3 1.99702465019786e-3 1.9972736240397083e-3
    1.9975845034943341e-3 1.9976228310091405e-3 1.9978480314116029e-3
    1.9981548107017902e-3 1.998486413941129e-3 1.9986921405210074e-3
    1.9990743156627091e-3 1.9993677047968322e-3 2.0000871005930012e-3
    2.0004761247557454e-3 2.0010458675141312e-3 2.0016171180026517e-3
    2.0027944817105603e-3 2.003240541328995e-3 2.0042289015896322e-3
    2.0053388871183291e-3 2.0059355828706007e-3 2.0064782240208031e-3
    2.0069187526074979e-3 2.0069764975355927e-3 2.0076835904834847e-3
    2.0080018263466345e-3 2.01015678720206e-3 2.0106169155444846e-3
    2.0115637186808341e-3 2.0119080599129129e-3 2.0130399552567833e-3
    2.0141686298683014e-3 2.0160423759414529e-3 2.0169072780052448e-3
    2.0188611762906052e-3 2.02108537153516e-3 2.022181658367666e-3
    2.0267915273604309e-3 2.0271010689831281e-3 2.0283526865092099e-3
    2.0330316712125172e-3 2.0355640916110032e-3 2.0371551480137147e-3
    2.0372706341483986e-3 2.0456805555192619e-3 2.0470902297416694e-3
    2.0502847088186243e-3 2.0536831126120145e-3 2.0704259765549739e-3
    2.0910140354321533e-3 2.0926027376025188e-3 2.0928993605931184e-3
    2.0945309683297574e-3 2.1064386254649524e-3 2.1081839742915242e-3
    2.1220040675014361e-3 2.1912067853342102e-3 2.2756370272903905e-3
    2.4921727477578378e-3 2.6049900645018298e-3 2.6778475202547097e-3
    3.16727275599078e-3 3.5341109759136607e-3 3.5561380110721076e-3
    3.5920478401327482e-3 3.6034030811454916e-3 3.6670035551183257e-3
    3.7641025665889724e-3 3.8115527622442011e-3 3.8847097640726247e-3
    3.99002780876535e-3 4.0654322021778247e-3 4.2315814141563922e-3
    4.4073321125048482e-3 4.4162131068787858e-3 4.6042011860360317e-3
    4.6271387809611042e-3 4.768084681660849e-3 4.8807995788628629e-3
    4.9319562831442454e-3 4.962927536453208e-3 5.1597878904345862e-3
    5.3729787176883329e-3 5.4998273929514757e-3 5.6430207750136933e-3
    5.7739630529837554e-3 5.896040557109657e-3 5.9574299936334101e-3
    6.0576162402357133e-3 6.1478677334586484e-3 6.1896115978930443e-3
    6.3554627776435764e-3 6.5229828542095148e-3 6.6955438936487114e-3
    6.8407696562139287e-3 6.8649977992655056e-3 7.1079852712110942e-3
    7.38196178113766e-3 7.5032176515587847e-3 7.6842583474482735e-3
    7.9950315351237332e-3 8.7178064239716545e-3 8.7988416062575996e-3
    8.931611574828642e-3 9.1567699191500655e-3 9.2284841396121919e-3
    9.5397529123290997e-3 9.6786529369704954e-3 9.7854491879411521e-3
    1.0171171970427002e-2 1.0309403215690812e-2 1.0502786780079987e-2
    1.117303021154102e-2 1.1241951065129464e-2 1.1561561797023501e-2
    1.2047272881186252e-2 1.2266776651570884e-2 1.3733611262927702e-2
    1.4904342605210433e-2 1.4999999999986358e-2 1.4999999999986358e-2
    1.4999999999986358e-2 1.4999999999986358e-2 1.4999999999986358e-2
    1.4999999999986358e-2 1.4999999999986358e-2 1.4999999999986358e-2
    1.4999999999986358e-2 1.4999999999986358e-2 1.5000000000000568e-2
    1.5000000000000568e-2 1.5000000000100044e-2 1.5000000000100044e-2
    1.5000000000100044e-2 1.5000000000100044e-2 1.5000000000100044e-2
    1.5000000000100044e-2 1.5000000000100044e-2 1.5000000000100044e-2
    1.5000000000100044e-2 1.5000000000100044e-2 1.5000000000100044e-2
    1.5000000000100044e-2 1.5000000000100044e-2 1.5693932148299911e-2
    1.7308571532079702e-2 1.8442099758627789e-2 1.968475871199963e-2
    2.0727028316893364e-2 2.1394848970858756e-2 2.2083149374168443e-2
    2.2287465126597267e-2 2.255555608058861e-2 2.3096102596088918e-2
    2.359521295976005e-2 2.3999999999978171e-2 2.3999999999978171e-2
    2.3999999999978171e-2 2.3999999999978171e-2 2.3999999999978171e-2
    2.3999999999978171e-2 2.3999999999978171e-2 2.3999999999978171e-2
    2.3999999999978171e-2 2.3999999999978171e-2 2.3999999999978171e-2
    2.3999999999978171e-2 2.3999999999978171e-2 2.3999999999978171e-2
    2.3999999999978171e-2 2.3999999999978171e-2 2.3999999999978171e-2
    2.3999999999978171e-2 2.3999999999978171e-2 2.3999999999978171e-2
    2.3999999999978171e-2 2.3999999999978171e-2 2.3999999999978171e-2
    2.3999999999978171e-2 2.3999999999978171e-2 2.3999999999978171e-2
    2.3999999999978171e-2 2.3999999999978171e-2 2.3999999999978171e-2
    2.3999999999978171e-2 2.3999999999978171e-2 2.3999999999978171e-2
    2.3999999999978171e-2 2.3999999999978171e-2 2.3999999999978171e-2
    2.3999999999978171e-2 2.3999999999978171e-2 2.3999999999978171e-2
    2.3999999999978171e-2 2.3999999999978171e-2 2.3999999999978171e-2
    2.3999999999978171e-2 2.3999999999978171e-2 2.3999999999978171e-2
    2.3999999999978171e-2 2.3999999999978171e-2 2.3999999999978171e-2
    2.3999999999978171e-2 2.3999999999978171e-2 2.3999999999978171e-2
    2.3999999999978171e-2 2.3999999999978171e-2 2.3999999999978171e-2
    2.3999999999978171e-2 2.3999999999978171e-2 2.3999999999978171e-2
    2.3999999999978171e-2 2.3999999999978171e-2 2.3999999999978171e-2
    2.3999999999978171e-2 2.3999999999978171e-2 2.3999999999978171e-2
    2.3999999999978171e-2 2.3999999999978171e-2 2.3999999999978171e-2
    2.3999999999978171e-2 2.3999999999978171e-2 2.3999999999978171e-2
    2.3999999999978171e-2 2.3999999999978171e-2 2.3999999999978171e-2
    2.3999999999978171e-2 2.3999999999978171e-2 2.3999999999978171e-2
    2.3999999999978171e-2 2.3999999999978171e-2 2.3999999999978171e-2
    2.3999999999978171e-2 2.3999999999978171e-2 2.3999999999978171e-2
    2.3999999999978171e-2 2.3999999999978171e-2 2.3999999999978171e-2
    2.3999999999978171e-2 2.3999999999978171e-2 2.3999999999978171e-2
    2.3999999999978171e-2 2.3999999999978171e-2 2.3999999999978171e-2
    2.3999999999978171e-2 2.3999999999978171e-2 2.3999999999978171e-2
    2.3999999999978171e-2 2.3999999999978171e-2 2.3999999999978171e-2
    2.3999999999978171e-2 2.3999999999978171e-2 2.3999999999978171e-2
    2.3999999999978171e-2 2.3999999999978171e-2 2.3999999999978171e-2
    2.3999999999978171e-2 2.3999999999978171e-2 2.3999999999978171e-2
    2.3999999999978171e-2 2.3999999999978171e-2 2.3999999999978171e-2
    2.3999999999978171e-2 2.3999999999978171e-2 2.3999999999978171e-2
    2.3999999999978171e-2 2.3999999999978171e-2 2.3999999999978171e-2
    2.3999999999978171e-2 2.3999999999978171e-2 2.3999999999978171e-2
    2.3999999999978171e-2 2.3999999999978171e-2 2.3999999999978171e-2
    2.3999999999978171e-2 2.3999999999978171e-2 2.3999999999978171e-2
    2.3999999999978171e-2 2.3999999999978171e-2 2.3999999999978171e-2
    2.3999999999978171e-2 2.3999999999978171e-2 2.3999999999978171e-2
    2.3999999999978171e-2 2.3999999999978171e-2 2.3999999999978171e-2
    2.3999999999978171e-2 2.3999999999978171e-2 2.3999999999978171e-2
    2.3999999999978171e-2 2.3999999999978171e-2 2.3999999999978171e-2
    2.3999999999978171e-2 2.3999999999978171e-2 2.3999999999978171e-2
    2.3999999999978171e-2 2.3999999999978171e-2 2.3999999999978171e-2
    2.3999999999978171e-2 2.3999999999978171e-2 2.3999999999978171e-2
    2.3999999999978171e-2 2.3999999999978171e-2 2.3999999999978171e-2
    2.3999999999978171e-2 2.3999999999978171e-2 2.3999999999978171e-2
    2.3999999999978171e-2 2.3999999999978171e-2 2.3999999999978171e-2
    2.3999999999978171e-2 2.3999999999978171e-2 2.3999999999978171e-2
    2.3999999999978171e-2 2.3999999999978171e-2 2.3999999999978171e-2
    2.3999999999978171e-2 2.3999999999978171e-2 2.3999999999978171e-2
    2.3999999999978171e-2 2.3999999999978171e-2 2.3999999999978171e-2
    2.3999999999978171e-2 2.3999999999978171e-2 2.3999999999978171e-2
    2.3999999999978171e-2 2.3999999999978171e-2 2.3999999999978171e-2
    2.3999999999978171e-2 2.3999999999978171e-2 2.3999999999978171e-2
    2.3999999999978171e-2 2.3999999999978171e-2 2.3999999999978171e-2
    2.3999999999978171e-2 2.3999999999978171e-2 2.3999999999978171e-2
    2.3999999999978171e-2 2.3999999999978171e-2 2.3999999999978171e-2
    2.3999999999978171e-2 2.3999999999978171e-2 2.3999999999978171e-2
    2.3999999999978171e-2 2.3999999999978171e-2 2.3999999999978171e-2
    2.3999999999978171e-2 2.3999999999978171e-2 2.3999999999978171e-2
    2.3999999999978171e-2 2.3999999999978171e-2 2.3999999999978171e-2
    2.3999999999978171e-2 2.3999999999978171e-2 2.3999999999978171e-2
    2.3999999999978171e-2 2.3999999999978171e-2 2.3999999999978171e-2
    2.3999999999978171e-2 2.3999999999978171e-2 2.3999999999978171e-2
    2.3999999999978171e-2 2.3999999999978171e-2 2.3999999999978171e-2
    2.3999999999978171e-2 2.3999999999978171e-2 2.3999999999978171e-2
    2.3999999999978171e-2 2.3999999999978171e-2 2.3999999999978171e-2
    2.3999999999978171e-2 2.3999999999978171e-2 2.3999999999978171e-2
    2.3999999999978171e-2 2.3999999999978171e-2 2.3999999999978171e-2
    2.3999999999978171e-2 2.3999999999978171e-2 2.3999999999978171e-2
    2.3999999999978171e-2 2.3999999999978171e-2 2.3999999999978171e-2
    2.3999999999978171e-2 2.3999999999978171e-2 2.3999999999978171e-2
    2.3999999999978171e-2 2.3999999999978171e-2 2.3999999999978171e-2
    2.3999999999978171e-2 2.3999999999978171e-2 2.3999999999978171e-2
    2.3999999999978171e-2 2.3999999999978171e-2 2.3999999999978171e-2
    2.3999999999978171e-2 2.3999999999978171e-2 2.3999999999978171e-2
    2.3999999999978171e-2 2.3999999999978171e-2 2.3999999999978171e-2
    2.3999999999978171e-2 2.3999999999978171e-2 2.3999999999978171e-2
    2.3999999999978171e-2 2.3999999999978171e-2 2.3999999999978171e-2
    2.3999999999978171e-2 2.3999999999978171e-2 2.3999999999978171e-2
    2.3999999999978171e-2 2.3999999999978171e-2 2.3999999999978171e-2
    2.3999999999978171e-2 2.3999999999978171e-2 2.3999999999978171e-2
    2.3999999999978171e-2 2.3999999999978171e-2 2.3999999999978171e-2
    2.3999999999978171e-2 2.3999999999978171e-2 2.3999999999978171e-2
    2.3999999999978171e-2 2.3999999999978171e-2 2.3999999999978171e-2
    2.3999999999978171e-2 2.3999999999978171e-2 2.3999999999978171e-2
    2.3999999999978171e-2 2.3999999999978171e-2 2.3999999999978171e-2
    2.3999999999978171e-2 2.3999999999978171e-2 2.3999999999978171e-2
    2.3999999999978171e-2 2.3999999999978171e-2 2.3999999999978171e-2
    2.3999999999978171e-2 2.3999999999978171e-2 2.3999999999978171e-2
    2.3999999999978171e-2 2.3999999999978171e-2 2.3999999999978171e-2
    2.3999999999978171e-2 2.3999999999978171e-2 2.3999999999978171e-2
    2.3999999999978171e-2 2.3999999999978171e-2 2.3999999999978171e-2
    2.3999999999978171e-2 2.3999999999978171e-2 2.3999999999978171e-2
    2.3999999999978171e-2 2.3999999999978171e-2 2.3999999999978171e-2
    2.3999999999978171e-2 2.3999999999978171e-2 2.3999999999978171e-2
    2.3999999999978171e-2 2.3999999999978171e-2 2.3999999999978171e-2
    2.3999999999978171e-2 2.3999999999978171e-2 2.3999999999978171e-2
    2.3999999999978171e-2 2.3999999999978171e-2 2.3999999999978171e-2
    2.3999999999978171e-2 2.3999999999978171e-2 2.3999999999978171e-2
    2.3999999999978171e-2 2.3999999999978171e-2 2.3999999999978171e-2
    2.3999999999978171e-2 2.3999999999978171e-2 2.3999999999978171e-2
    2.3999999999978171e-2 2.3999999999978171e-2 2.3999999999978171e-2
    2.3999999999978171e-2 2.3999999999978171e-2 2.3999999999978171e-2
    2.3999999999978171e-2 2.3999999999978171e-2 2.3999999999978171e-2
    2.3999999999978171e-2 2.3999999999978171e-2 2.3999999999978171e-2
    2.3999999999978171e-2 2.3999999999978171e-2 2.3999999999978171e-2
    2.3999999999978171e-2 2.3999999999978171e-2 2.3999999999978171e-2
    2.3999999999978171e-2 2.3999999999978171e-2 2.3999999999978171e-2
    2.3999999999978171e-2 2.3999999999978171e-2 2.3999999999978171e-2
    2.3999999999978171e-2 2.3999999999978171e-2 2.3999999999978171e-2
    2.3999999999978171e-2 2.3999999999978171e-2 2.3999999999978171e-2
    2.3999999999978171e-2 2.3999999999978171e-2 2.3999999999978171e-2
    2.3999999999978171e-2 2.3999999999978171e-2 2.3999999999978171e-2
    2.3999999999978171e-2 2.3999999999978171e-2 2.3999999999978171e-2
    2.3999999999978171e-2 2.3999999999978171e-2 2.3999999999978171e-2
    2.3999999999978171e-2 2.3999999999978171e-2 2.3999999999978171e-2
    2.3999999999978171e-2 2.3999999999978171e-2 2.3999999999978171e-2
    2.3999999999978171e-2 2.3999999999978171e-2 2.3999999999978171e-2
    2.3999999999978171e-2 2.3999999999978171e-2 2.3999999999978171e-2
    2.3999999999978171e-2 2.3999999999978171e-2 2.3999999999978171e-2
    2.3999999999978171e-2 2.3999999999978171e-2 2.3999999999978171e-2
    2.3999999999978171e-2 2.3999999999978171e-2 2.3999999999978171e-2
    2.3999999999978171e-2 2.3999999999978171e-2 2.3999999999978171e-2
    2.3999999999978171e-2 2.3999999999978171e-2 2.3999999999978171e-2
    2.3999999999978171e-2 2.3999999999978171e-2 2.3999999999978171e-2
    2.3999999999978171e-2 2.3999999999978171e-2 2.3999999999978171e-2
    2.3999999999978171e-2 2.3999999999978171e-2 2.3999999999978171e-2
    2.3999999999978171e-2 2.3999999999978171e-2 2.3999999999978171e-2
    2.3999999999978171e-2 2.3999999999978171e-2 2.3999999999978171e-2
    2.3999999999978171e-2 2.3999999999978171e-2 2.3999999999978171e-2
    2.3999999999978171e-2 2.3999999999978171e-2 2.3999999999978171e-2
    2.3999999999978171e-2 2.3999999999978171e-2 2.3999999999978171e-2
    2.3999999999978171e-2 2.3999999999978171e-2 2.3999999999978171e-2
    2.3999999999978171e-2 2.3999999999978171e-2 2.3999999999978171e-2
    2.3999999999978171e-2 2.3999999999978171e-2 2.3999999999978171e-2
    2.3999999999978171e-2 2.3999999999978171e-2 2.3999999999978171e-2
    2.3999999999978171e-2 2.3999999999978171e-2 2.3999999999978171e-2
    2.3999999999978171e-2 2.3999999999978171e-2 2.3999999999978171e-2
    2.3999999999978171e-2 2.3999999999978171e-2 2.3999999999978171e-2
    2.3999999999978171e-2 2.3999999999978171e-2 2.3999999999978171e-2
    2.3999999999978171e-2 2.3999999999978171e-2 2.3999999999978171e-2
    2.3999999999978171e-2 2.3999999999978171e-2 2.3999999999978171e-2
    2.3999999999978171e-2 2.3999999999978171e-2 2.3999999999978171e-2
    2.3999999999978171e-2 2.3999999999978171e-2 2.3999999999978171e-2
    2.3999999999978171e-2 2.3999999999978171e-2 2.3999999999978171e-2
    2.3999999999978171e-2 2.3999999999978171e-2 2.3999999999978171e-2
    2.3999999999978171e-2 2.3999999999978171e-2 2.3999999999978171e-2
    2.3999999999978171e-2 2.3999999999978171e-2 2.3999999999978171e-2
    2.3999999999978171e-2 2.3999999999978171e-2 2.3999999999978171e-2
    2.3999999999978171e-2 2.3999999999978171e-2 2.3999999999978171e-2
    2.3999999999978171e-2 2.3999999999978171e-2 2.3999999999978171e-2
    2.3999999999978171e-2 2.3999999999978171e-2 2.3999999999978171e-2
    2.3999999999978171e-2 2.3999999999978171e-2 2.3999999999978171e-2
    2.3999999999978171e-2 2.3999999999978171e-2 2.3999999999978171e-2
    2.3999999999978171e-2 2.3999999999978171e-2 2.3999999999978171e-2
    2.3999999999978171e-2 2.3999999999978171e-2 2.3999999999978171e-2
    2.3999999999978171e-2 2.3999999999978171e-2 2.3999999999978171e-2
    2.3999999999978171e-2 2.3999999999978171e-2 2.3999999999978171e-2
    2.3999999999978171e-2 2.3999999999978171e-2 2.3999999999978171e-2
    2.3999999999978171e-2 2.3999999999978171e-2 2.3999999999978171e-2
    2.3999999999978171e-2 2.3999999999978171e-2 2.3999999999978171e-2
    2.3999999999978171e-2 2.3999999999978171e-2 2.3999999999978171e-2
    2.3999999999978171e-2 2.3999999999978171e-2 2.3999999999978171e-2
    2.3999999999978171e-2 2.3999999999978171e-2 2.3999999999978171e-2
    2.3999999999978171e-2 2.3999999999978171e-2 2.3999999999978171e-2
    2.3999999999978171e-2 2.3999999999978171e-2 2.3999999999978171e-2
    2.3999999999978171e-2 2.3999999999978171e-2 2.3999999999978171e-2
    2.3999999999978171e-2 2.3999999999978171e-2 2.3999999999978171e-2
    2.3999999999978171e-2 2.3999999999978171e-2 2.3999999999978171e-2
    2.3999999999978171e-2 2.3999999999978171e-2 2.3999999999978171e-2
    2.3999999999978171e-2 2.3999999999978171e-2 2.3999999999978171e-2
    2.3999999999978171e-2 2.3999999999978171e-2 2.3999999999978171e-2
    2.3999999999978171e-2 2.3999999999978171e-2 2.3999999999978171e-2
    2.3999999999978171e-2 2.3999999999978171e-2 2.3999999999978171e-2
    2.3999999999978171e-2 2.3999999999978171e-2 2.3999999999978171e-2
    2.3999999999978171e-2 2.3999999999978171e-2 2.3999999999978171e-2
    2.3999999999978171e-2 2.3999999999978171e-2 2.3999999999978171e-2
    2.3999999999978171e-2 2.3999999999978171e-2 2.3999999999978171e-2
    2.3999999999978171e-2 2.3999999999978171e-2 2.3999999999978171e-2
    2.3999999999978171e-2 2.3999999999978171e-2 2.3999999999978171e-2
    2.3999999999978171e-2 2.3999999999978171e-2 2.3999999999978171e-2
    2.3999999999978171e-2 2.3999999999978171e-2 2.3999999999978171e-2
    2.3999999999978171e-2 2.3999999999978171e-2 2.3999999999978171e-2
    2.3999999999978171e-2 2.3999999999978171e-2 2.3999999999978171e-2
    2.3999999999978171e-2 2.3999999999978171e-2 2.3999999999978171e-2
    2.3999999999978171e-2 2.3999999999978171e-2 2.3999999999978171e-2
    2.3999999999978171e-2 2.3999999999978171e-2 2.3999999999978171e-2
    2.3999999999978171e-2 2.3999999999978171e-2 2.3999999999978171e-2
    2.3999999999978171e-2 2.3999999999978171e-2 2.3999999999978171e-2
    2.3999999999978171e-2 2.3999999999978171e-2 2.3999999999978171e-2
    2.3999999999978171e-2 2.3999999999978171e-2 2.3999999999978171e-2
    2.3999999999978171e-2 2.3999999999978171e-2 2.3999999999978171e-2
    2.3999999999978171e-2 2.3999999999978171e-2 2.3999999999978171e-2
    2.3999999999978171e-2 2.3999999999978171e-2 2.3999999999978171e-2
    2.3999999999978171e-2 2.3999999999978171e-2 2.3999999999978171e-2
    2.3999999999978171e-2 2.3999999999978171e-2 2.3999999999978171e-2
    2.3999999999978171e-2 2.3999999999978171e-2 2.3999999999978171e-2
    2.3999999999978171e-2 2.3999999999978171e-2 2.3999999999978171e-2
    2.3999999999978171e-2 2.3999999999978171e-2 2.3999999999978171e-2
    2.3999999999978171e-2 2.3999999999978171e-2 2.3999999999978171e-2
    2.3999999999978171e-2 2.3999999999978171e-2 2.3999999999978171e-2
    2.3999999999978171e-2 2.3999999999978171e-2 2.3999999999978171e-2
    2.3999999999978171e-2 2.3999999999978171e-2 2.3999999999978171e-2
    2.3999999999978171e-2 2.3999999999978171e-2 2.3999999999978171e-2
    2.3999999999978171e-2 2.3999999999978171e-2 2.3999999999978171e-2
    2.3999999999978171e-2 2.3999999999978171e-2 2.3999999999978171e-2
    2.3999999999978171e-2 2.3999999999978171e-2 2.3999999999978171e-2
    2.3999999999978171e-2 2.3999999999978171e-2 2.3999999999978171e-2
    2.3999999999978171e-2 2.3999999999978171e-2 2.3999999999978171e-2
    2.3999999999978171e-2 2.3999999999978171e-2 2.3999999999978171e-2
    2.3999999999978171e-2 2.3999999999978171e-2 2.3999999999978171e-2
    2.3999999999978171e-2 2.3999999999978171e-2 2.3999999999978171e-2
    2.3999999999978171e-2 2.3999999999978171e-2 2.3999999999978171e-2
    2.3999999999978171e-2 2.3999999999978171e-2 2.3999999999978171e-2
    2.3999999999978171e-2 2.3999999999978171e-2 2.3999999999978171e-2
    2.3999999999978171e-2 2.3999999999978171e-2 2.3999999999978171e-2
    2.3999999999978171e-2 2.3999999999978171e-2 2.3999999999978171e-2
    2.3999999999978171e-2 2.3999999999978171e-2 2.3999999999978171e-2
    2.3999999999978171e-2 2.3999999999978171e-2 2.3999999999978171e-2
    2.3999999999978171e-2 2.3999999999978171e-2 2.3999999999978171e-2
    2.3999999999978171e-2 2.3999999999978171e-2 2.3999999999978171e-2
    2.3999999999978171e-2 2.3999999999978171e-2 2.3999999999978171e-2
    2.3999999999978171e-2 2.3999999999978171e-2 2.3999999999978171e-2
    2.3999999999978171e-2 2.3999999999978171e-2 2.3999999999978171e-2
    2.3999999999978171e-2 2.3999999999978171e-2 2.3999999999978171e-2
    2.3999999999978171e-2 2.3999999999978171e-2 2.3999999999978171e-2
    2.3999999999978171e-2 2.3999999999978171e-2 2.3999999999978171e-2
    2.3999999999978171e-2 2.3999999999978171e-2 2.3999999999978171e-2
    2.3999999999978171e-2 2.3999999999978171e-2 2.3999999999978171e-2
    2.3999999999978171e-2 2.3999999999978171e-2 2.3999999999978171e-2
    2.3999999999978171e-2 2.3999999999978171e-2 2.3999999999978171e-2
    2.3999999999978171e-2 2.3999999999978171e-2 2.3999999999978171e-2
    2.3999999999978171e-2 2.3999999999978171e-2 2.3999999999978171e-2
    2.3999999999978171e-2 2.3999999999978171e-2 2.3999999999978171e-2
    2.3999999999978171e-2 2.3999999999978171e-2 2.3999999999978171e-2
    2.3999999999978171e-2 2.3999999999978171e-2 2.3999999999978171e-2
    2.3999999999978171e-2 2.3999999999978171e-2 2.3999999999978171e-2
    2.3999999999978171e-2 2.3999999999978171e-2 2.3999999999978171e-2
    2.3999999999978171e-2 2.3999999999978171e-2 2.3999999999978171e-2
    2.3999999999978171e-2 2.3999999999978171e-2 2.3999999999978171e-2
    2.3999999999978171e-2 2.3999999999978171e-2 2.3999999999978171e-2
    2.3999999999978171e-2 2.3999999999978171e-2 2.3999999999978171e-2
    2.3999999999978171e-2 2.3999999999978171e-2 2.3999999999978171e-2
    2.3999999999978171e-2 2.3999999999978171e-2 2.3999999999978171e-2
    2.3999999999978171e-2 2.3999999999978171e-2 2.3999999999978171e-2
    2.3999999999978171e-2 2.3999999999978171e-2 2.3999999999978171e-2
    2.3999999999978171e-2 2.3999999999978171e-2 2.3999999999978171e-2
    2.3999999999978171e-2 2.3999999999978171e-2 2.3999999999978171e-2
    2.3999999999978171e-2 2.3999999999978171e-2 2.3999999999978171e-2
    2.3999999999978171e-2 2.3999999999978171e-2 2.3999999999978171e-2
    2.3999999999978171e-2 2.3999999999978171e-2 2.3999999999978171e-2
    2.3999999999978171e-2 2.3999999999978171e-2 2.3999999999978171e-2
    2.3999999999978171e-2 2.3999999999978171e-2 2.3999999999978171e-2
    2.3999999999978171e-2 2.3999999999978171e-2 2.3999999999978171e-2
    2.3999999999978171e-2 2.3999999999978171e-2 2.3999999999978171e-2
    2.3999999999978171e-2 2.3999999999978171e-2 2.3999999999978171e-2
    2.3999999999978171e-2 2.3999999999978171e-2 2.3999999999978171e-2
    2.3999999999978171e-2 2.3999999999978171e-2 2.3999999999978171e-2
    2.3999999999978171e-2 2.3999999999978171e-2 2.3999999999978171e-2
    2.3999999999978171e-2 2.3999999999978171e-2 2.3999999999978171e-2
    2.3999999999978171e-2 2.3999999999978171e-2 2.3999999999978171e-2
    2.3999999999978171e-2 2.3999999999978171e-2 2.3999999999978171e-2
    2.3999999999978171e-2 2.3999999999978171e-2 2.3999999999978171e-2
    2.3999999999978171e-2 2.3999999999978171e-2 2.3999999999978171e-2
    2.3999999999978171e-2 2.3999999999978171e-2 2.3999999999978171e-2
    2.3999999999978171e-2 2.3999999999978171e-2 2.3999999999978171e-2
    2.3999999999978171e-2 2.3999999999978171e-2 2.3999999999978171e-2
    2.3999999999978171e-2 2.3999999999978171e-2 2.3999999999978171e-2
    2.3999999999978171e-2 2.3999999999978171e-2 2.3999999999978171e-2
    2.3999999999978171e-2 2.3999999999978171e-2 2.3999999999978171e-2
    2.3999999999978171e-2 2.3999999999978171e-2 2.3999999999978171e-2
    2.3999999999978171e-2 2.3999999999978171e-2 2.3999999999978171e-2
    2.3999999999978171e-2 2.3999999999978171e-2 2.3999999999978171e-2
    2.3999999999978171e-2 2.3999999999978171e-2 2.3999999999978171e-2
    2.3999999999978171e-2 2.3999999999978171e-2 2.3999999999978171e-2
    2.3999999999978171e-2 2.3999999999978171e-2 2.3999999999978171e-2
    2.3999999999978171e-2 2.3999999999978171e-2 2.3999999999978171e-2
    2.3999999999978171e-2 2.3999999999978171e-2 2.3999999999978171e-2
    2.3999999999978171e-2 2.3999999999978171e-2 2.3999999999978171e-2
    2.3999999999978171e-2 2.3999999999978171e-2 2.3999999999978171e-2
    2.3999999999978171e-2 2.3999999999978171e-2 2.3999999999978171e-2
    2.3999999999978171e-2 2.3999999999978171e-2 2.3999999999978171e-2
    2.3999999999978171e-2 2.3999999999978171e-2 2.3999999999978171e-2
    2.3999999999978171e-2 2.3999999999978171e-2 2.3999999999978171e-2
    2.3999999999978171e-2 2.3999999999978171e-2 2.3999999999978171e-2
    2.3999999999978171e-2 2.3999999999978171e-2 2.3999999999978171e-2
    2.3999999999978171e-2 2.3999999999978171e-2 2.3999999999978171e-2
    2.3999999999978171e-2 2.3999999999978171e-2 2.3999999999978171e-2
    2.3999999999978171e-2 2.3999999999978171e-2 2.3999999999978171e-2
    2.3999999999978171e-2 2.3999999999978171e-2 2.3999999999978171e-2
    2.3999999999978171e-2 2.3999999999978171e-2 2.3999999999978171e-2
    2.3999999999978171e-2 2.3999999999978171e-2 2.3999999999978171e-2
    2.3999999999978171e-2 2.3999999999978171e-2 2.3999999999978171e-2
    2.3999999999978171e-2 2.3999999999978171e-2 2.3999999999978171e-2
    2.3999999999978171e-2 2.3999999999978171e-2 2.3999999999978171e-2
    2.3999999999978171e-2 2.3999999999978171e-2 2.3999999999978171e-2
    2.3999999999978171e-2 2.3999999999978171e-2 2.3999999999978171e-2
    2.3999999999978171e-2 2.3999999999978171e-2 2.3999999999978171e-2
    2.3999999999978171e-2 2.3999999999978171e-2 2.3999999999978171e-2
    2.3999999999978171e-2 2.3999999999978171e-2 2.3999999999978171e-2
    2.3999999999978171e-2 2.3999999999978171e-2 2.3999999999978171e-2
    2.3999999999978171e-2 2.3999999999978171e-2 2.3999999999978171e-2
    2.3999999999978171e-2 2.3999999999978171e-2 2.3999999999978171e-2
    2.3999999999978171e-2 2.3999999999978171e-2 2.3999999999978171e-2
    2.3999999999978171e-2 2.3999999999978171e-2 2.3999999999978171e-2
    2.3999999999978171e-2 2.3999999999978171e-2 2.3999999999978171e-2
    2.3999999999978171e-2 2.3999999999978171e-2 2.3999999999978171e-2
    2.3999999999978171e-2 2.3999999999978171e-2 2.3999999999978171e-2
    2.3999999999978171e-2 2.3999999999978171e-2 2.3999999999978171e-2
    2.3999999999978171e-2 2.3999999999978171e-2 2.3999999999978171e-2
    2.3999999999978171e-2 2.3999999999978171e-2 2.3999999999978171e-2
    2.3999999999978171e-2 2.3999999999978171e-2 2.3999999999978171e-2
    2.3999999999978171e-2 2.3999999999978171e-2 2.3999999999978171e-2
    2.3999999999978171e-2 2.3999999999978171e-2 2.3999999999978171e-2
    2.3999999999978171e-2 2.3999999999978171e-2 2.3999999999978171e-2
    2.3999999999978171e-2 2.3999999999978171e-2 2.3999999999978171e-2
    2.3999999999978171e-2 2.3999999999978171e-2 2.3999999999978171e-2
    2.3999999999978171e-2 2.3999999999978171e-2 2.3999999999978171e-2
    2.3999999999978171e-2 2.3999999999978171e-2 2.3999999999978171e-2
    2.3999999999978171e-2 2.3999999999978171e-2 2.3999999999978171e-2
    2.3999999999978171e-2 2.3999999999978171e-2 2.3999999999978171e-2
    2.3999999999978171e-2 2.3999999999978171e-2 2.3999999999978171e-2
    2.3999999999978171e-2 2.3999999999978171e-2 2.3999999999978171e-2
    2.3999999999978171e-2 2.3999999999978171e-2 2.3999999999978171e-2
    2.3999999999978171e-2 2.3999999999978171e-2 2.3999999999978171e-2
    2.3999999999978171e-2 2.3999999999978171e-2 2.3999999999978171e-2
    2.3999999999978171e-2 2.3999999999978171e-2 2.3999999999978171e-2
    2.3999999999978171e-2 2.3999999999978171e-2 2.3999999999978171e-2
    2.3999999999978171e-2 2.3999999999978171e-2 2.3999999999978171e-2
    2.3999999999978171e-2 2.3999999999978171e-2 2.3999999999978171e-2
    2.3999999999978171e-2 2.3999999999978171e-2 2.3999999999978171e-2
    2.3999999999978171e-2 2.3999999999978171e-2 2.3999999999978171e-2
    2.3999999999978171e-2 2.3999999999978171e-2 2.3999999999978171e-2
    2.3999999999978171e-2 2.3999999999978171e-2 2.3999999999978171e-2
    2.3999999999978171e-2 2.3999999999978171e-2 2.3999999999978171e-2
    2.3999999999978171e-2 2.3999999999978171e-2 2.3999999999978171e-2
    2.3999999999978171e-2 2.3999999999978171e-2 2.3999999999978171e-2
    2.3999999999978171e-2 2.3999999999978171e-2 2.3999999999978171e-2
    2.3999999999978171e-2 2.3999999999978171e-2 2.3999999999978171e-2
    2.3999999999978171e-2 2.3999999999978171e-2 2.3999999999978171e-2
    2.3999999999978171e-2 2.3999999999978171e-2 2.3999999999978171e-2
    2.3999999999978171e-2 2.3999999999978171e-2 2.3999999999978171e-2
    2.3999999999978171e-2 2.3999999999978171e-2 2.3999999999978171e-2
    2.3999999999978171e-2 2.3999999999978171e-2 2.3999999999978171e-2
    2.3999999999978171e-2 2.3999999999978171e-2 2.3999999999978171e-2
    2.3999999999978171e-2 2.3999999999978171e-2 2.3999999999978171e-2
    2.3999999999978171e-2 2.3999999999978171e-2 2.3999999999978171e-2
    2.3999999999978171e-2 2.3999999999978171e-2 2.3999999999978171e-2
    2.3999999999978171e-2 2.3999999999978171e-2 2.3999999999978171e-2
    2.3999999999978171e-2 2.3999999999978171e-2 2.3999999999978171e-2
    2.3999999999978171e-2 2.3999999999978171e-2 2.3999999999978171e-2
    2.3999999999978171e-2 2.3999999999978171e-2 2.3999999999978171e-2
    2.3999999999978171e-2 2.3999999999978171e-2 2.3999999999978171e-2
    2.3999999999978171e-2 2.3999999999978171e-2 2.3999999999978171e-2
    2.3999999999978171e-2 2.3999999999978171e-2 2.3999999999978171e-2
    2.3999999999978171e-2 2.3999999999978171e-2 2.3999999999978171e-2
    2.3999999999978171e-2 2.3999999999978171e-2 2.3999999999978171e-2
    2.3999999999978171e-2 2.3999999999978171e-2 2.3999999999978171e-2
    2.3999999999978171e-2 2.3999999999978171e-2 2.3999999999978171e-2
    2.3999999999978171e-2 2.3999999999978171e-2 2.3999999999978171e-2
    2.3999999999978171e-2 2.3999999999978171e-2 2.3999999999978171e-2
    2.3999999999978171e-2 2.3999999999978171e-2 2.3999999999978171e-2
    2.3999999999978171e-2 2.3999999999978171e-2 2.3999999999978171e-2
    2.3999999999978171e-2 2.3999999999978171e-2 2.3999999999978171e-2
    2.3999999999978171e-2 2.3999999999978171e-2 2.3999999999978171e-2
    2.3999999999978171e-2 2.3999999999978171e-2 2.3999999999978171e-2
    2.3999999999978171e-2 2.3999999999978171e-2 2.3999999999978171e-2
    2.3999999999978171e-2 2.3999999999978171e-2 2.3999999999978171e-2
    2.3999999999978171e-2 2.3999999999978171e-2 2.3999999999978171e-2
    2.3999999999978171e-2 2.3999999999978171e-2 2.3999999999978171e-2
    2.3999999999978171e-2 2.3999999999978171e-2 2.3999999999978171e-2
    2.3999999999978171e-2 2.3999999999978171e-2 2.3999999999978171e-2
    2.3999999999978171e-2 2.3999999999978171e-2 2.3999999999978171e-2
    2.3999999999978171e-2 2.3999999999978171e-2 2.3999999999978171e-2
    2.3999999999978171e-2 2.3999999999978171e-2 2.3999999999978171e-2
    2.3999999999978171e-2 2.3999999999978171e-2 2.3999999999978171e-2
    2.3999999999978171e-2 2.3999999999978171e-2 2.3999999999978171e-2
    2.3999999999978171e-2 2.3999999999978171e-2 2.3999999999978171e-2
    2.3999999999978171e-2 2.3999999999978171e-2 2.3999999999978171e-2
    2.3999999999978171e-2 2.3999999999978171e-2 2.3999999999978171e-2
    2.3999999999978171e-2 2.3999999999978171e-2 2.3999999999978171e-2
    2.3999999999978171e-2 2.3999999999978171e-2 2.3999999999978171e-2
    2.3999999999978171e-2 2.3999999999978171e-2 2.3999999999978171e-2
    2.3999999999978171e-2 2.3999999999978171e-2 2.3999999999978171e-2
    2.3999999999978171e-2 2.3999999999978171e-2 2.3999999999978171e-2
    2.3999999999978171e-2 2.3999999999978171e-2 2.3999999999978171e-2
    2.3999999999978171e-2 2.3999999999978171e-2 2.3999999999978171e-2
    2.3999999999978171e-2 2.3999999999978171e-2 2.3999999999978171e-2
    2.3999999999978171e-2 2.3999999999998068e-2 2.3999999999998068e-2
    2.3999999999998068e-2 2.3999999999998068e-2 2.3999999999998068e-2
    2.3999999999998068e-2 2.4000000000000021e-2 2.4000000000000021e-2
    2.4000000000000021e-2 2.4000000000000909e-2 2.4000000000000909e-2
    2.4000000000000909e-2 2.4000000000000909e-2 2.4000000000000909e-2
    2.4000000000000909e-2 2.4000000000000909e-2 2.4000000000000909e-2
    2.4000000000000909e-2 2.4000000000000909e-2 2.4000000000000909e-2
    2.4000000000000909e-2 2.4000000000000909e-2 2.4000000000000909e-2
    2.4000000000000909e-2 2.4000000000000909e-2 2.4000000000000909e-2
    2.4000000000000909e-2 2.4000000000000909e-2 2.4000000000000909e-2
    2.4000000000000909e-2 2.4000000000000909e-2 2.4000000000000909e-2
    2.4000000000000909e-2 2.4000000000000909e-2 2.4000000000000909e-2
    2.4000000000000909e-2 2.4000000000000909e-2 2.4000000000000909e-2
    2.4000000000000909e-2 2.4000000000000909e-2 2.4000000000000909e-2
    2.4000000000000909e-2 2.4000000000000909e-2 2.4000000000000909e-2
    2.4000000000000909e-2 2.4000000000000909e-2 2.4000000000000909e-2
    2.4000000000000909e-2 2.4000000000000909e-2 2.4000000000000909e-2
    2.4000000000000909e-2 2.4000000000000909e-2 2.4000000000000909e-2
    2.4000000000000909e-2 2.4000000000000909e-2 2.4000000000000909e-2
    2.4000000000000909e-2 2.4000000000000909e-2 2.4000000000000909e-2
    2.4000000000000909e-2 2.4000000000000909e-2 2.4000000000000909e-2
    2.4000000000000909e-2 2.4000000000000909e-2 2.4000000000000909e-2
    2.4000000000000909e-2 2.4000000000000909e-2 2.4000000000000909e-2
    2.4000000000000909e-2 2.4000000000000909e-2 2.4000000000000909e-2
    2.4000000000000909e-2 2.4000000000000909e-2 2.4000000000000909e-2
    2.4000000000000909e-2 2.4000000000000909e-2 2.4000000000000909e-2
    2.4000000000000909e-2 2.4000000000000909e-2 2.4000000000000909e-2
    2.4000000000000909e-2 2.4000000000000909e-2 2.4000000000000909e-2
    2.4000000000000909e-2 2.4000000000000909e-2 2.4000000000000909e-2
    2.4000000000000909e-2 2.4000000000000909e-2 2.4000000000000909e-2
    2.4000000000000909e-2 2.4000000000000909e-2 2.4000000000000909e-2
    2.4000000000000909e-2 2.4000000000000909e-2 2.4000000000000909e-2
    2.4000000000000909e-2 2.4000000000000909e-2 2.4000000000000909e-2
    2.4000000000000909e-2 2.4000000000000909e-2 2.4000000000000909e-2
    2.4000000000000909e-2 2.4000000000000909e-2 2.4000000000000909e-2
    2.4000000000000909e-2 2.4000000000000909e-2 2.4000000000000909e-2
    2.4000000000000909e-2 2.4000000000000909e-2 2.4000000000000909e-2
    2.4000000000000909e-2 2.4000000000000909e-2 2.4000000000000909e-2
    2.4000000000000909e-2 2.4000000000000909e-2 2.4000000000000909e-2
    2.4000000000000909e-2 2.4000000000000909e-2 2.4000000000000909e-2
    2.4000000000000909e-2 2.4000000000000909e-2 2.4000000000000909e-2
    2.4000000000000909e-2 2.4000000000000909e-2 2.4000000000000909e-2
    2.4000000000000909e-2 2.4000000000000909e-2 2.4000000000000909e-2
    2.4000000000000909e-2 2.4000000000000909e-2 2.4000000000000909e-2
    2.4000000000000909e-2 2.4000000000000909e-2 2.4000000000000909e-2
    2.4000000000000909e-2 2.4000000000000909e-2 2.4000000000000909e-2
    2.4000000000000909e-2 2.4000000000000909e-2 2.4000000000000909e-2
    2.4000000000000909e-2 2.4000000000000909e-2 2.4000000000000909e-2
    2.4000000000000909e-2 2.4000000000000909e-2 2.4000000000000909e-2
    2.4000000000000909e-2 2.4000000000000909e-2 2.4000000000000909e-2
    2.4000000000000909e-2 2.4000000000000909e-2 2.4000000000000909e-2
    2.4000000000000909e-2 2.4000000000000909e-2 2.4000000000000909e-2
    2.4000000000000909e-2 2.4000000000000909e-2 2.4000000000000909e-2
    2.4000000000000909e-2 2.4000000000000909e-2 2.4000000000000909e-2
    2.4000000000000909e-2 2.4000000000000909e-2 2.4000000000000909e-2
    2.4000000000000909e-2 2.4000000000000909e-2 2.4000000000000909e-2
    2.4000000000000909e-2 2.4000000000000909e-2 2.4000000000000909e-2
    2.4000000000000909e-2 2.4000000000000909e-2 2.4000000000000909e-2
    2.4000000000000909e-2 2.4000000000000909e-2 2.4000000000000909e-2
    2.4000000000000909e-2 2.4000000000000909e-2 2.4000000000000909e-2
    2.4000000000000909e-2 2.4000000000000909e-2 2.4000000000000909e-2
    2.4000000000000909e-2 2.4000000000000909e-2 2.4000000000000909e-2
    2.4000000000000909e-2 2.4000000000000909e-2 2.4000000000000909e-2
    2.4000000000000909e-2 2.4000000000000909e-2 2.4000000000000909e-2
    2.4000000000000909e-2 2.4000000000000909e-2 2.4000000000000909e-2
    2.4000000000000909e-2 2.4000000000000909e-2 2.4000000000000909e-2
    2.4000000000000909e-2 2.4000000000000909e-2 2.4000000000000909e-2
    2.4000000000000909e-2 2.4000000000000909e-2 2.4000000000000909e-2
    2.4000000000000909e-2 2.4000000000000909e-2 2.4000000000000909e-2
    2.4000000000000909e-2 2.4000000000000909e-2 2.4000000000000909e-2
    2.4000000000000909e-2 2.4000000000000909e-2 2.4000000000000909e-2
    2.4000000000000909e-2 2.4000000000000909e-2 2.4000000000000909e-2
    2.4000000000000909e-2 2.4000000000000909e-2 2.4000000000000909e-2
    2.4000000000000909e-2 2.4000000000000909e-2 2.4000000000000909e-2
    2.4000000000000909e-2 2.4000000000000909e-2 2.4000000000000909e-2
    2.4000000000000909e-2 2.4000000000000909e-2 2.4000000000000909e-2
    2.4000000000000909e-2 2.4000000000000909e-2 2.4000000000000909e-2
    2.4000000000000909e-2 2.4000000000000909e-2 2.4000000000000909e-2
    2.4000000000000909e-2 2.4000000000000909e-2 2.4000000000000909e-2
    2.4000000000000909e-2 2.4000000000000909e-2 2.4000000000000909e-2
    2.4000000000000909e-2 2.4000000000000909e-2 2.4000000000000909e-2
    2.4000000000000909e-2 2.4000000000000909e-2 2.4000000000000909e-2
    2.4000000000000909e-2 2.4000000000000909e-2 2.4000000000000909e-2
    2.4000000000000909e-2 2.4000000000000909e-2 2.4000000000000909e-2
    2.4000000000000909e-2 2.4000000000000909e-2 2.4000000000000909e-2
    2.4000000000000909e-2 2.4000000000000909e-2 2.4000000000000909e-2
    2.4000000000000909e-2 2.4000000000000909e-2 2.4000000000000909e-2
    2.4000000000000909e-2 2.4000000000000909e-2 2.4000000000000909e-2
    2.4000000000000909e-2 2.4000000000000909e-2 2.4000000000000909e-2
    2.4000000000000909e-2 2.4000000000000909e-2 2.4000000000000909e-2
    2.4000000000000909e-2 2.4000000000000909e-2 2.4000000000000909e-2
    2.4000000000000909e-2 2.4000000000000909e-2 2.4000000000000909e-2
    2.4000000000000909e-2 2.4000000000000909e-2 2.4000000000000909e-2
    2.4000000000000909e-2 2.4000000000000909e-2 2.4000000000000909e-2
    2.4000000000000909e-2 2.4000000000000909e-2 2.4000000000000909e-2
    2.4000000000000909e-2 2.4000000000000909e-2 2.4000000000000909e-2
    2.4000000000000909e-2 2.4000000000000909e-2 2.4000000000000909e-2
    2.4000000000000909e-2 2.4000000000000909e-2 2.4000000000000909e-2
    2.4000000000000909e-2 2.4000000000000909e-2 2.4000000000000909e-2
    2.4000000000000909e-2 2.4000000000000909e-2 2.4000000000000909e-2
    2.4000000000000909e-2 2.4000000000000909e-2 2.4000000000000909e-2
    2.4000000000000909e-2 2.4000000000000909e-2 2.4000000000000909e-2
    2.4000000000000909e-2 2.4000000000000909e-2 2.4000000000000909e-2
    2.4000000000000909e-2 2.4000000000000909e-2 2.4000000000000909e-2
    2.4000000000000909e-2 2.4000000000000909e-2 2.4000000000000909e-2
    2.4000000000000909e-2 2.4000000000000909e-2 2.4000000000000909e-2
    2.4000000000000909e-2 2.4000000000000909e-2 2.4000000000000909e-2
    2.4000000000000909e-2 2.4000000000000909e-2 2.4000000000000909e-2
    2.4000000000000909e-2 2.4000000000000909e-2 2.4000000000000909e-2
    2.4000000000000909e-2 2.4000000000000909e-2 2.4000000000000909e-2
    2.4000000000000909e-2 2.4000000000000909e-2 2.4000000000000909e-2
    2.4000000000000909e-2 2.4000000000000909e-2 2.4000000000000909e-2
    2.4000000000000909e-2 2.4000000000000909e-2 2.4000000000000909e-2
    2.4000000000000909e-2 2.4000000000000909e-2 2.4000000000000909e-2
    2.4000000000000909e-2 2.4000000000000909e-2 2.4000000000000909e-2
    2.4000000000000909e-2 2.4000000000000909e-2 2.4000000000000909e-2
    2.4000000000000909e-2 2.4000000000000909e-2 2.4000000000000909e-2
    2.4000000000000909e-2 2.4000000000000909e-2 2.4000000000000909e-2
    2.4000000000000909e-2 2.4000000000000909e-2 2.4000000000000909e-2
    2.4000000000000909e-2 2.4000000000000909e-2 2.4000000000000909e-2
    2.4000000000000909e-2 2.400000000016007e-2 2.400000000016007e-2
    2.400000000016007e-2 2.400000000016007e-2 2.400000000016007e-2
    2.400000000016007e-2 2.400000000016007e-2 2.400000000016007e-2
    2.400000000016007e-2 2.400000000016007e-2 2.400000000016007e-2
    2.400000000016007e-2 2.400000000016007e-2 2.400000000016007e-2
    2.400000000016007e-2 2.400000000016007e-2 2.400000000016007e-2
    2.400000000016007e-2 2.400000000016007e-2 2.400000000016007e-2
    2.400000000016007e-2 2.400000000016007e-2 2.400000000016007e-2
    2.400000000016007e-2 2.400000000016007e-2 2.400000000016007e-2
    2.400000000016007e-2 2.400000000016007e-2 2.400000000016007e-2
    2.400000000016007e-2 2.400000000016007e-2 2.400000000016007e-2
    2.400000000016007e-2 2.400000000016007e-2 2.400000000016007e-2
    2.400000000016007e-2 2.400000000016007e-2 2.400000000016007e-2
    2.400000000016007e-2 2.400000000016007e-2 2.400000000016007e-2
    2.400000000016007e-2 2.400000000016007e-2 2.400000000016007e-2
    2.400000000016007e-2 2.400000000016007e-2 2.400000000016007e-2
    2.400000000016007e-2 2.400000000016007e-2 2.400000000016007e-2
    2.400000000016007e-2 2.400000000016007e-2 2.400000000016007e-2
    2.400000000016007e-2 2.400000000016007e-2 2.400000000016007e-2
    2.400000000016007e-2 2.400000000016007e-2 2.400000000016007e-2
    2.400000000016007e-2 2.400000000016007e-2 2.400000000016007e-2
    2.400000000016007e-2 2.400000000016007e-2 2.400000000016007e-2
    2.400000000016007e-2 2.400000000016007e-2 2.400000000016007e-2
    2.400000000016007e-2 2.400000000016007e-2 2.400000000016007e-2
    2.400000000016007e-2 2.400000000016007e-2 2.400000000016007e-2
    2.400000000016007e-2 2.400000000016007e-2 2.400000000016007e-2
    2.400000000016007e-2 2.400000000016007e-2 2.400000000016007e-2
    2.400000000016007e-2 2.400000000016007e-2 2.400000000016007e-2
    2.400000000016007e-2 2.400000000016007e-2 2.400000000016007e-2
    2.400000000016007e-2 2.400000000016007e-2 2.400000000016007e-2
    2.400000000016007e-2 2.400000000016007e-2 2.400000000016007e-2
    2.400000000016007e-2 2.400000000016007e-2 2.400000000016007e-2
    2.400000000016007e-2 2.400000000016007e-2 2.400000000016007e-2
    2.400000000016007e-2 2.400000000016007e-2 2.400000000016007e-2
    2.400000000016007e-2 2.400000000016007e-2 2.400000000016007e-2
    2.400000000016007e-2 2.400000000016007e-2 2.400000000016007e-2
    2.400000000016007e-2 2.400000000016007e-2 2.400000000016007e-2
    2.400000000016007e-2 2.400000000016007e-2 2.400000000016007e-2
    2.400000000016007e-2 2.400000000016007e-2 2.400000000016007e-2
    2.400000000016007e-2 2.400000000016007e-2 2.400000000016007e-2
    2.400000000016007e-2 2.400000000016007e-2 2.400000000016007e-2
    2.400000000016007e-2 2.400000000016007e-2 2.400000000016007e-2
    2.400000000016007e-2 2.400000000016007e-2 2.400000000016007e-2
    2.400000000016007e-2 2.400000000016007e-2 2.400000000016007e-2
    2.400000000016007e-2 2.400000000016007e-2 2.400000000016007e-2
    2.400000000016007e-2 2.400000000016007e-2 2.400000000016007e-2
    2.400000000016007e-2 2.400000000016007e-2 2.400000000016007e-2
    2.400000000016007e-2 2.400000000016007e-2 2.400000000016007e-2
    2.400000000016007e-2 2.400000000016007e-2 2.400000000016007e-2
    2.400000000016007e-2 2.400000000016007e-2 2.400000000016007e-2
    2.400000000016007e-2 2.400000000016007e-2 2.400000000016007e-2
    2.400000000016007e-2 2.400000000016007e-2 2.400000000016007e-2
    2.400000000016007e-2 2.400000000016007e-2 2.400000000016007e-2
    2.400000000016007e-2 2.400000000016007e-2 2.400000000016007e-2
    2.400000000016007e-2 2.400000000016007e-2 2.400000000016007e-2
    2.400000000016007e-2 2.400000000016007e-2 2.400000000016007e-2
    2.400000000016007e-2 2.400000000016007e-2 2.400000000016007e-2
    2.400000000016007e-2 2.400000000016007e-2 2.400000000016007e-2
    2.400000000016007e-2 2.400000000016007e-2 2.400000000016007e-2
    2.400000000016007e-2 2.400000000016007e-2 2.400000000016007e-2
    2.400000000016007e-2 2.400000000016007e-2 2.400000000016007e-2
    2.400000000016007e-2 2.400000000016007e-2 2.400000000016007e-2
    2.400000000016007e-2 2.400000000016007e-2 2.400000000016007e-2
    2.400000000016007e-2 2.400000000016007e-2 2.400000000016007e-2
    2.400000000016007e-2 2.400000000016007e-2 2.400000000016007e-2
    2.400000000016007e-2 2.400000000016007e-2 2.400000000016007e-2
    2.400000000016007e-2 2.400000000016007e-2 2.400000000016007e-2
    2.400000000016007e-2 2.400000000016007e-2 2.400000000016007e-2
    2.400000000016007e-2 2.400000000016007e-2 2.400000000016007e-2
    2.400000000016007e-2 2.400000000016007e-2 2.400000000016007e-2
    2.400000000016007e-2 2.400000000016007e-2 2.400000000016007e-2
    2.400000000016007e-2 2.400000000016007e-2 2.400000000016007e-2
    2.400000000016007e-2 2.400000000016007e-2 2.400000000016007e-2
    2.400000000016007e-2 2.400000000016007e-2 2.400000000016007e-2
    2.400000000016007e-2 2.400000000016007e-2 2.400000000016007e-2
    2.400000000016007e-2 2.400000000016007e-2 2.400000000016007e-2
    2.400000000016007e-2 2.400000000016007e-2 2.400000000016007e-2
    2.400000000016007e-2 2.400000000016007e-2 2.400000000016007e-2
    2.400000000016007e-2 2.400000000016007e-2 2.400000000016007e-2
    2.400000000016007e-2 2.400000000016007e-2 2.400000000016007e-2
    2.400000000016007e-2 2.400000000016007e-2 2.400000000016007e-2
    2.400000000016007e-2 2.400000000016007e-2 2.400000000016007e-2
    2.400000000016007e-2 2.400000000016007e-2 2.400000000016007e-2
    2.400000000016007e-2 2.400000000016007e-2 2.400000000016007e-2
    2.400000000016007e-2 2.400000000016007e-2 2.400000000016007e-2
    2.400000000016007e-2 2.400000000016007e-2 2.400000000016007e-2
    2.400000000016007e-2 2.400000000016007e-2 2.400000000016007e-2
    2.400000000016007e-2 2.400000000016007e-2 2.400000000016007e-2
    2.400000000016007e-2 2.400000000016007e-2 2.400000000016007e-2
    2.400000000016007e-2 2.400000000016007e-2 2.400000000016007e-2
    2.400000000016007e-2 2.400000000016007e-2 2.400000000016007e-2
    2.400000000016007e-2 2.400000000016007e-2 2.400000000016007e-2
    2.400000000016007e-2 2.400000000016007e-2 2.400000000016007e-2
    2.400000000016007e-2 2.400000000016007e-2 2.400000000016007e-2
    2.400000000016007e-2 2.400000000016007e-2 2.400000000016007e-2
    2.400000000016007e-2 2.400000000016007e-2 2.400000000016007e-2
    2.400000000016007e-2 2.400000000016007e-2 2.400000000016007e-2
    2.400000000016007e-2 2.400000000016007e-2 2.400000000016007e-2
    2.400000000016007e-2 2.400000000016007e-2 2.400000000016007e-2
    2.400000000016007e-2 2.400000000016007e-2 2.400000000016007e-2
    2.400000000016007e-2 2.400000000016007e-2 2.400000000016007e-2
    2.400000000016007e-2 2.400000000016007e-2 2.400000000016007e-2
    2.400000000016007e-2 2.400000000016007e-2 2.400000000016007e-2
    2.400000000016007e-2 2.400000000016007e-2 2.400000000016007e-2
    2.400000000016007e-2 2.400000000016007e-2 2.400000000016007e-2
    2.400000000016007e-2 2.400000000016007e-2 2.400000000016007e-2
    2.400000000016007e-2 2.400000000016007e-2 2.400000000016007e-2
    2.400000000016007e-2 2.400000000016007e-2 2.400000000016007e-2
    2.400000000016007e-2 2.400000000016007e-2 2.400000000016007e-2
    2.400000000016007e-2 2.400000000016007e-2 2.400000000016007e-2
    2.400000000016007e-2 2.400000000016007e-2 2.400000000016007e-2
    2.400000000016007e-2 2.400000000016007e-2 2.400000000016007e-2
    2.400000000016007e-2 2.400000000016007e-2 2.400000000016007e-2
    2.400000000016007e-2 2.400000000016007e-2 2.400000000016007e-2
    2.400000000016007e-2 2.400000000016007e-2 2.400000000016007e-2
    2.400000000016007e-2 2.400000000016007e-2 2.400000000016007e-2
    2.400000000016007e-2 2.400000000016007e-2 2.400000000016007e-2
    2.400000000016007e-2 2.400000000016007e-2 2.400000000016007e-2
    2.400000000016007e-2 2.400000000016007e-2 2.400000000016007e-2
    2.400000000016007e-2 2.400000000016007e-2 2.400000000016007e-2
    2.400000000016007e-2 2.400000000016007e-2 2.400000000016007e-2
    2.400000000016007e-2 2.400000000016007e-2 2.400000000016007e-2
    2.400000000016007e-2 2.400000000016007e-2 2.400000000016007e-2
    2.400000000016007e-2 2.400000000016007e-2 2.400000000016007e-2
    2.400000000016007e-2 2.400000000016007e-2 2.400000000016007e-2
    2.400000000016007e-2 2.400000000016007e-2 2.400000000016007e-2
    2.400000000016007e-2 2.400000000016007e-2 2.400000000016007e-2
    2.400000000016007e-2 2.400000000016007e-2 2.400000000016007e-2
    2.400000000016007e-2 2.400000000016007e-2 2.400000000016007e-2
    2.400000000016007e-2 2.400000000016007e-2 2.400000000016007e-2
    2.400000000016007e-2 2.400000000016007e-2 2.400000000016007e-2
    2.400000000016007e-2 2.400000000016007e-2 2.400000000016007e-2
    2.400000000016007e-2 2.400000000016007e-2 2.400000000016007e-2
    2.400000000016007e-2 2.400000000016007e-2 2.400000000016007e-2
    2.400000000016007e-2 2.400000000016007e-2 2.400000000016007e-2
    2.400000000016007e-2 2.400000000016007e-2 2.400000000016007e-2
    2.400000000016007e-2 2.400000000016007e-2 2.400000000016007e-2
    2.400000000016007e-2 2.400000000016007e-2 2.400000000016007e-2
    2.400000000016007e-2 2.400000000016007e-2 2.400000000016007e-2
    2.400000000016007e-2 2.400000000016007e-2 2.400000000016007e-2
    2.400000000016007e-2 2.400000000016007e-2 2.400000000016007e-2
    2.400000000016007e-2 2.400000000016007e-2 2.400000000016007e-2
    2.400000000016007e-2 2.400000000016007e-2 2.400000000016007e-2
    2.400000000016007e-2 2.400000000016007e-2 2.400000000016007e-2
    2.400000000016007e-2 2.400000000016007e-2 2.400000000016007e-2
    2.400000000016007e-2 2.400000000016007e-2 2.400000000016007e-2
    2.400000000016007e-2 2.400000000016007e-2 2.400000000016007e-2
    2.400000000016007e-2 2.400000000016007e-2 2.400000000016007e-2
    2.400000000016007e-2 2.400000000016007e-2 2.400000000016007e-2
    2.400000000016007e-2 2.400000000016007e-2 2.400000000016007e-2
    2.400000000016007e-2 2.400000000016007e-2 2.400000000016007e-2
    2.400000000016007e-2 2.400000000016007e-2 2.400000000016007e-2
    2.400000000016007e-2 2.400000000016007e-2 2.400000000016007e-2
    2.400000000016007e-2 2.400000000016007e-2 2.400000000016007e-2
    2.400000000016007e-2 2.400000000016007e-2 2.400000000016007e-2
    2.400000000016007e-2 2.400000000016007e-2 2.400000000016007e-2
    2.400000000016007e-2 2.400000000016007e-2 2.400000000016007e-2
    2.400000000016007e-2 2.400000000016007e-2 2.400000000016007e-2
    2.400000000016007e-2 2.400000000016007e-2 2.400000000016007e-2
    2.400000000016007e-2 2.400000000016007e-2 2.400000000016007e-2
    2.400000000016007e-2 2.400000000016007e-2 2.400000000016007e-2
    2.400000000016007e-2 2.400000000016007e-2 2.400000000016007e-2
    2.400000000016007e-2 2.400000000016007e-2 2.400000000016007e-2
    2.400000000016007e-2 2.400000000016007e-2 2.400000000016007e-2
    2.400000000016007e-2 2.400000000016007e-2 2.400000000016007e-2
    2.400000000016007e-2 2.400000000016007e-2 2.400000000016007e-2
    2.400000000016007e-2 2.400000000016007e-2 2.400000000016007e-2
    2.400000000016007e-2 2.400000000016007e-2 2.400000000016007e-2
    2.400000000016007e-2 2.400000000016007e-2 2.400000000016007e-2
    2.400000000016007e-2 2.400000000016007e-2 2.400000000016007e-2
    2.400000000016007e-2 2.400000000016007e-2 2.400000000016007e-2
    2.400000000016007e-2 2.400000000016007e-2 2.400000000016007e-2
    2.400000000016007e-2 2.400000000016007e-2 2.400000000016007e-2
    2.400000000016007e-2 2.400000000016007e-2 2.400000000016007e-2
    2.400000000016007e-2 2.400000000016007e-2 2.400000000016007e-2
    2.400000000016007e-2 2.400000000016007e-2 2.400000000016007e-2
    2.400000000016007e-2 2.400000000016007e-2 2.400000000016007e-2
    2.400000000016007e-2 2.400000000016007e-2 2.400000000016007e-2
    2.400000000016007e-2 2.400000000016007e-2 2.400000000016007e-2
    2.400000000016007e-2 2.400000000016007e-2 2.400000000016007e-2
    2.400000000016007e-2 2.400000000016007e-2 2.400000000016007e-2
    2.400000000016007e-2 2.400000000016007e-2 2.400000000016007e-2
    2.400000000016007e-2 2.400000000016007e-2 2.400000000016007e-2
    2.400000000016007e-2 2.400000000016007e-2 2.400000000016007e-2
    2.400000000016007e-2 2.400000000016007e-2 2.400000000016007e-2
    2.400000000016007e-2 2.400000000016007e-2 2.400000000016007e-2
    2.400000000016007e-2 2.400000000016007e-2 2.400000000016007e-2
    2.400000000016007e-2 2.400000000016007e-2 2.400000000016007e-2
    2.400000000016007e-2 2.400000000016007e-2 2.400000000016007e-2
    2.400000000016007e-2 2.400000000016007e-2 2.400000000016007e-2
    2.400000000016007e-2 2.400000000016007e-2 2.400000000016007e-2
    2.400000000016007e-2 2.400000000016007e-2 2.400000000016007e-2
    2.400000000016007e-2 2.400000000016007e-2 2.400000000016007e-2
    2.400000000016007e-2 2.400000000016007e-2 2.400000000016007e-2
    2.400000000016007e-2 2.400000000016007e-2 2.400000000016007e-2
    2.400000000016007e-2 2.400000000016007e-2 2.400000000016007e-2
    2.400000000016007e-2 2.400000000016007e-2 2.400000000016007e-2
    2.400000000016007e-2 2.400000000016007e-2 2.400000000016007e-2
    2.400000000016007e-2 2.400000000016007e-2 2.400000000016007e-2
    2.400000000016007e-2 2.400000000016007e-2 2.400000000016007e-2
    2.400000000016007e-2 2.400000000016007e-2 2.400000000016007e-2
    2.400000000016007e-2 2.400000000016007e-2 2.400000000016007e-2
    2.400000000016007e-2 2.400000000016007e-2 2.400000000016007e-2
    2.400000000016007e-2 2.400000000016007e-2 2.400000000016007e-2
    2.400000000016007e-2 2.400000000016007e-2 2.400000000016007e-2
    2.400000000016007e-2 2.400000000016007e-2 2.400000000016007e-2
    2.400000000016007e-2 2.400000000016007e-2 2.400000000016007e-2
    2.400000000016007e-2 2.400000000016007e-2 2.400000000016007e-2
    2.400000000016007e-2 2.400000000016007e-2 2.400000000016007e-2
    2.400000000016007e-2 2.400000000016007e-2 2.400000000016007e-2
    2.400000000016007e-2 2.400000000016007e-2 2.400000000016007e-2
    2.400000000016007e-2 2.400000000016007e-2 2.400000000016007e-2
    2.400000000016007e-2 2.400000000016007e-2 2.400000000016007e-2
    2.400000000016007e-2 2.400000000016007e-2 2.400000000016007e-2
    2.400000000016007e-2 2.400000000016007e-2 2.400000000016007e-2
    2.400000000016007e-2 2.400000000016007e-2 2.400000000016007e-2
    2.400000000016007e-2 2.400000000016007e-2 2.400000000016007e-2
    2.400000000016007e-2 2.400000000016007e-2 2.400000000016007e-2
    2.400000000016007e-2 2.400000000016007e-2 2.400000000016007e-2
    2.400000000016007e-2 2.400000000016007e-2 2.400000000016007e-2
    2.400000000016007e-2 2.400000000016007e-2 2.400000000016007e-2
    2.400000000016007e-2 2.400000000016007e-2 2.400000000016007e-2
    2.400000000016007e-2 2.400000000016007e-2 2.400000000016007e-2
    2.400000000016007e-2 2.400000000016007e-2 2.400000000016007e-2
    2.400000000016007e-2 2.400000000016007e-2 2.400000000016007e-2
    2.400000000016007e-2 2.400000000016007e-2 2.400000000016007e-2
    2.400000000016007e-2 2.400000000016007e-2 2.400000000016007e-2
    2.400000000016007e-2 2.400000000016007e-2 2.400000000016007e-2
    2.400000000016007e-2 2.400000000016007e-2 2.400000000016007e-2
    2.400000000016007e-2 2.400000000016007e-2 2.400000000016007e-2
    2.400000000016007e-2 2.400000000016007e-2 2.400000000016007e-2
    2.400000000016007e-2 2.400000000016007e-2 2.400000000016007e-2
    2.400000000016007e-2 2.400000000016007e-2 2.400000000016007e-2
    2.400000000016007e-2 2.400000000016007e-2 2.400000000016007e-2
    2.400000000016007e-2 2.400000000016007e-2 2.400000000016007e-2
    2.400000000016007e-2 2.400000000016007e-2 2.400000000016007e-2
    2.400000000016007e-2 2.400000000016007e-2 2.400000000016007e-2
    2.400000000016007e-2 2.400000000016007e-2 2.400000000016007e-2
    2.400000000016007e-2 2.400000000016007e-2 2.400000000016007e-2
    2.400000000016007e-2 2.400000000016007e-2 2.400000000016007e-2
    2.400000000016007e-2 2.400000000016007e-2 2.400000000016007e-2
    2.400000000016007e-2 2.400000000016007e-2 2.400000000016007e-2
    2.400000000016007e-2 2.400000000016007e-2 2.400000000016007e-2
    2.400000000016007e-2 2.400000000016007e-2 2.400000000016007e-2
    2.400000000016007e-2 2.400000000016007e-2 2.400000000016007e-2
    2.400000000016007e-2 2.400000000016007e-2 2.400000000016007e-2
    2.400000000016007e-2 2.400000000016007e-2 2.400000000016007e-2
    2.400000000016007e-2 2.400000000016007e-2 2.400000000016007e-2
    2.400000000016007e-2 2.400000000016007e-2 2.400000000016007e-2
    2.400000000016007e-2 2.400000000016007e-2 2.400000000016007e-2
    2.400000000016007e-2 2.400000000016007e-2 2.400000000016007e-2
    2.400000000016007e-2 2.400000000016007e-2 2.400000000016007e-2
    2.400000000016007e-2 2.400000000016007e-2 2.400000000016007e-2
    2.400000000016007e-2 2.400000000016007e-2 2.400000000016007e-2
    2.400000000016007e-2 2.400000000016007e-2 2.400000000016007e-2
    2.400000000016007e-2 2.400000000016007e-2 2.400000000016007e-2
    2.400000000016007e-2 2.400000000016007e-2 2.400000000016007e-2
    2.400000000016007e-2 2.400000000016007e-2 2.400000000016007e-2
    2.400000000016007e-2 2.400000000016007e-2 2.400000000016007e-2
    2.400000000016007e-2 2.400000000016007e-2 2.400000000016007e-2
    2.400000000016007e-2 2.400000000016007e-2 2.400000000016007e-2
    2.400000000016007e-2 2.400000000016007e-2 2.400000000016007e-2
    2.400000000016007e-2 2.400000000016007e-2 2.400000000016007e-2
    2.400000000016007e-2 2.400000000016007e-2 2.400000000016007e-2
    2.400000000016007e-2 2.400000000016007e-2 2.400000000016007e-2
    2.400000000016007e-2 2.400000000016007e-2 2.400000000016007e-2
    2.400000000016007e-2 2.400000000016007e-2 2.400000000016007e-2
    2.400000000016007e-2 2.400000000016007e-2 2.400000000016007e-2
    2.400000000016007e-2 2.400000000016007e-2 2.400000000016007e-2
    2.400000000016007e-2 2.400000000016007e-2 2.400000000016007e-2
    2.400000000016007e-2 2.400000000016007e-2 2.400000000016007e-2
    2.400000000016007e-2 2.400000000016007e-2 2.400000000016007e-2
    2.400000000016007e-2 2.400000000016007e-2 2.400000000016007e-2
    2.400000000016007e-2 2.400000000016007e-2 2.400000000016007e-2
    2.400000000016007e-2 2.400000000016007e-2 2.400000000016007e-2
    2.400000000016007e-2 2.400000000016007e-2 2.400000000016007e-2
    2.400000000016007e-2 2.400000000016007e-2 2.400000000016007e-2
    2.400000000016007e-2 2.400000000016007e-2 2.400000000016007e-2
    2.400000000016007e-2 2.400000000016007e-2 2.400000000016007e-2
    2.400000000016007e-2 2.400000000016007e-2 2.400000000016007e-2
    2.400000000016007e-2 2.400000000016007e-2 2.400000000016007e-2
    2.400000000016007e-2 2.400000000016007e-2 2.400000000016007e-2
    2.400000000016007e-2 2.400000000016007e-2 2.400000000016007e-2
    2.400000000016007e-2 2.400000000016007e-2 2.400000000016007e-2
    2.400000000016007e-2 2.400000000016007e-2 2.400000000016007e-2
    2.400000000016007e-2 2.400000000016007e-2 2.400000000016007e-2
    2.400000000016007e-2 2.400000000016007e-2 2.400000000016007e-2
    2.400000000016007e-2 2.400000000016007e-2 2.400000000016007e-2
    2.400000000016007e-2 2.400000000016007e-2 2.400000000016007e-2
    2.400000000016007e-2 2.400000000016007e-2 2.400000000016007e-2
    2.400000000016007e-2 2.400000000016007e-2 2.400000000016007e-2
    2.400000000016007e-2 2.400000000016007e-2 2.400000000016007e-2
    2.400000000016007e-2 2.400000000016007e-2 2.400000000016007e-2
    2.400000000016007e-2 2.400000000016007e-2 2.400000000016007e-2
    2.400000000016007e-2 2.400000000016007e-2 2.400000000016007e-2
    2.400000000016007e-2 2.400000000016007e-2 2.400000000016007e-2
    2.400000000016007e-2 2.400000000016007e-2 2.400000000016007e-2
    2.400000000016007e-2 2.400000000016007e-2 2.400000000016007e-2
    2.400000000016007e-2 2.400000000016007e-2 2.400000000016007e-2
    2.400000000016007e-2 2.400000000016007e-2 2.400000000016007e-2
    2.400000000016007e-2 2.400000000016007e-2 2.400000000016007e-2
    2.400000000016007e-2 2.400000000016007e-2 2.400000000016007e-2
    2.400000000016007e-2 2.400000000016007e-2 2.400000000016007e-2
    2.400000000016007e-2 2.400000000016007e-2 2.400000000016007e-2
    2.400000000016007e-2 2.400000000016007e-2 2.400000000016007e-2
    2.400000000016007e-2 2.400000000016007e-2 2.400000000016007e-2
    2.400000000016007e-2 2.400000000016007e-2 2.400000000016007e-2
    2.400000000016007e-2 2.400000000016007e-2 2.400000000016007e-2
    2.400000000016007e-2 2.400000000016007e-2 2.400000000016007e-2
    2.400000000016007e-2 2.400000000016007e-2 2.400000000016007e-2
    2.400000000016007e-2 2.400000000016007e-2 2.400000000016007e-2
    2.400000000016007e-2 2.400000000016007e-2 2.400000000016007e-2
    2.400000000016007e-2 2.400000000016007e-2 2.400000000016007e-2
    2.400000000016007e-2 2.400000000016007e-2 2.400000000016007e-2
    2.400000000016007e-2 2.400000000016007e-2 2.400000000016007e-2
    2.400000000016007e-2 2.400000000016007e-2 2.400000000016007e-2
    2.400000000016007e-2 2.400000000016007e-2 2.400000000016007e-2
    2.400000000016007e-2 2.400000000016007e-2 2.400000000016007e-2
    2.400000000016007e-2 2.400000000016007e-2 2.400000000016007e-2
    2.400000000016007e-2 2.400000000016007e-2 2.400000000016007e-2
    2.400000000016007e-2 2.400000000016007e-2 2.400000000016007e-2
    2.400000000016007e-2 2.400000000016007e-2 2.400000000016007e-2
    2.400000000016007e-2 2.400000000016007e-2 2.400000000016007e-2
    2.400000000016007e-2 2.400000000016007e-2 2.400000000016007e-2
    2.400000000016007e-2 2.400000000016007e-2 2.400000000016007e-2
    2.400000000016007e-2 2.400000000016007e-2 2.400000000016007e-2
    2.400000000016007e-2 2.400000000016007e-2 2.400000000016007e-2
    2.400000000016007e-2 2.400000000016007e-2 2.400000000016007e-2
    2.400000000016007e-2 2.400000000016007e-2 2.400000000016007e-2
    2.400000000016007e-2 2.400000000016007e-2 2.400000000016007e-2
    2.400000000016007e-2 2.400000000016007e-2 2.400000000016007e-2
    2.400000000016007e-2 2.400000000016007e-2 2.400000000016007e-2
    2.400000000016007e-2 2.400000000016007e-2 2.400000000016007e-2
    2.400000000016007e-2 2.400000000016007e-2 2.400000000016007e-2
    2.400000000016007e-2 2.400000000016007e-2 2.400000000016007e-2
    2.400000000016007e-2 2.400000000016007e-2 2.400000000016007e-2
    2.400000000016007e-2 2.400000000016007e-2 2.400000000016007e-2
    2.400000000016007e-2 2.400000000016007e-2 2.400000000016007e-2
    2.400000000016007e-2 2.400000000016007e-2 2.400000000016007e-2
    2.400000000016007e-2 2.400000000016007e-2 2.400000000016007e-2
    2.400000000016007e-2 2.400000000016007e-2 2.400000000016007e-2
    2.400000000016007e-2 2.400000000016007e-2 2.400000000016007e-2
    2.400000000016007e-2 2.400000000016007e-2 2.400000000016007e-2
    2.400000000016007e-2 2.400000000016007e-2 2.400000000016007e-2
    2.400000000016007e-2 2.400000000016007e-2 2.400000000016007e-2
    2.400000000016007e-2 2.400000000016007e-2 2.400000000016007e-2
    2.400000000016007e-2 2.400000000016007e-2 2.400000000016007e-2
    2.400000000016007e-2 2.400000000016007e-2 2.400000000016007e-2
    2.400000000016007e-2 2.400000000016007e-2 2.400000000016007e-2
    2.400000000016007e-2 2.400000000016007e-2 2.400000000016007e-2
    2.400000000016007e-2 2.400000000016007e-2 2.400000000016007e-2
    2.400000000016007e-2 2.400000000016007e-2 2.400000000016007e-2
    2.400000000016007e-2 2.400000000016007e-2 2.400000000016007e-2
    2.400000000016007e-2 2.400000000016007e-2 2.400000000016007e-2
    2.400000000016007e-2 2.400000000016007e-2 2.400000000016007e-2
    2.400000000016007e-2 2.400000000016007e-2 2.400000000016007e-2
    2.400000000016007e-2 2.400000000016007e-2 2.400000000016007e-2
    2.400000000016007e-2 2.400000000016007e-2 2.400000000016007e-2
    2.400000000016007e-2 2.400000000016007e-2 2.400000000016007e-2
    2.400000000016007e-2 2.400000000016007e-2 2.400000000016007e-2
    2.400000000016007e-2 2.400000000016007e-2 2.400000000016007e-2
    2.400000000016007e-2 2.400000000016007e-2 2.400000000016007e-2
    2.400000000016007e-2 2.400000000016007e-2 2.400000000016007e-2
    2.400000000016007e-2 2.400000000016007e-2 2.400000000016007e-2
    2.400000000016007e-2 2.400000000016007e-2 2.400000000016007e-2
    2.400000000016007e-2 2.400000000016007e-2 2.400000000016007e-2
    2.400000000016007e-2 2.400000000016007e-2 2.400000000016007e-2
    2.400000000016007e-2 2.400000000016007e-2 2.400000000016007e-2
    2.400000000016007e-2 2.400000000016007e-2 2.400000000016007e-2
    2.400000000016007e-2 2.400000000016007e-2 2.400000000016007e-2
    2.400000000016007e-2 2.400000000016007e-2 2.400000000016007e-2
    2.400000000016007e-2 2.400000000016007e-2 2.400000000016007e-2
    2.400000000016007e-2 2.400000000016007e-2 2.400000000016007e-2
    2.400000000016007e-2 2.400000000016007e-2 2.400000000016007e-2
    2.400000000016007e-2 2.400000000016007e-2 2.400000000016007e-2
    2.400000000016007e-2 2.400000000016007e-2 2.400000000016007e-2
    2.400000000016007e-2 2.400000000016007e-2 2.400000000016007e-2
    2.400000000016007e-2 2.400000000016007e-2 2.400000000016007e-2
    2.400000000016007e-2 2.400000000016007e-2 2.400000000016007e-2
    2.400000000016007e-2 2.400000000016007e-2 2.400000000016007e-2
    2.400000000016007e-2 2.400000000016007e-2 2.400000000016007e-2
    2.400000000016007e-2 2.400000000016007e-2 2.400000000016007e-2
    2.400000000016007e-2 2.400000000016007e-2 2.400000000016007e-2
    2.400000000016007e-2 2.400000000016007e-2 2.400000000016007e-2
    2.400000000016007e-2 2.400000000016007e-2 2.400000000016007e-2
    2.400000000016007e-2 2.400000000016007e-2 2.400000000016007e-2
    2.400000000016007e-2 2.400000000016007e-2 2.400000000016007e-2
    2.400000000016007e-2 2.400000000016007e-2 2.400000000016007e-2
    2.400000000016007e-2 2.400000000016007e-2 2.400000000016007e-2
    2.400000000016007e-2 2.400000000016007e-2 2.400000000016007e-2
    2.400000000016007e-2 2.400000000016007e-2 2.400000000016007e-2
    2.400000000016007e-2 2.400000000016007e-2 2.400000000016007e-2
    2.400000000016007e-2 2.400000000016007e-2 2.400000000016007e-2
    2.400000000016007e-2 2.400000000016007e-2 2.400000000016007e-2
    2.400000000016007e-2 2.400000000016007e-2 2.400000000016007e-2
    2.400000000016007e-2 2.400000000016007e-2 2.400000000016007e-2
    2.400000000016007e-2 2.400000000016007e-2 2.400000000016007e-2
    2.400000000016007e-2 2.400000000016007e-2 2.400000000016007e-2
    2.400000000016007e-2 2.400000000016007e-2 2.400000000016007e-2
    2.400000000016007e-2 2.400000000016007e-2 2.400000000016007e-2
    2.400000000016007e-2 2.400000000016007e-2 2.400000000016007e-2
    2.400000000016007e-2 2.400000000016007e-2 2.400000000016007e-2
    2.400000000016007e-2 2.400000000016007e-2 2.400000000016007e-2
    2.400000000016007e-2 2.400000000016007e-2 2.400000000016007e-2
    2.400000000016007e-2 2.400000000016007e-2 2.400000000016007e-2
    2.400000000016007e-2 2.400000000016007e-2 2.400000000016007e-2
    2.400000000016007e-2 2.400000000016007e-2 2.400000000016007e-2
    2.400000000016007e-2 2.400000000016007e-2 2.400000000016007e-2
    2.400000000016007e-2 2.400000000016007e-2 2.400000000016007e-2
    2.400000000016007e-2 2.400000000016007e-2 2.400000000016007e-2
    2.400000000016007e-2 2.400000000016007e-2 2.400000000016007e-2
    2.400000000016007e-2 2.400000000016007e-2 2.400000000016007e-2
    2.400000000016007e-2 2.400000000016007e-2 2.400000000016007e-2
    2.400000000016007e-2 2.400000000016007e-2 2.400000000016007e-2
    2.400000000016007e-2 2.400000000016007e-2 2.400000000016007e-2
    2.400000000016007e-2 2.400000000016007e-2 2.400000000016007e-2
    2.400000000016007e-2 2.400000000016007e-2 2.400000000016007e-2
    2.400000000016007e-2 2.400000000016007e-2 2.400000000016007e-2
    2.400000000016007e-2 2.400000000016007e-2 2.400000000016007e-2
    2.400000000016007e-2 2.400000000016007e-2 2.400000000016007e-2
    2.400000000016007e-2 2.400000000016007e-2 2.400000000016007e-2
    2.400000000016007e-2 2.400000000016007e-2 2.400000000016007e-2
    2.400000000016007e-2 2.400000000016007e-2 2.400000000016007e-2
    2.400000000016007e-2 2.400000000016007e-2 2.400000000016007e-2
    2.400000000016007e-2 2.400000000016007e-2 2.400000000016007e-2
    2.400000000016007e-2 2.400000000016007e-2 2.400000000016007e-2
    2.400000000016007e-2 2.400000000016007e-2 2.400000000016007e-2
    2.400000000016007e-2 2.400000000016007e-2 2.400000000016007e-2
    2.400000000016007e-2 2.400000000016007e-2 2.400000000016007e-2
    2.400000000016007e-2 2.400000000016007e-2 2.400000000016007e-2
    2.400000000016007e-2 2.400000000016007e-2 2.400000000016007e-2
    2.400000000016007e-2 2.400000000016007e-2 2.400000000016007e-2
    2.400000000016007e-2 2.400000000016007e-2 2.400000000016007e-2
    2.400000000016007e-2 2.400000000016007e-2 2.400000000016007e-2
    2.400000000016007e-2 2.400000000016007e-2 2.400000000016007e-2
    2.400000000016007e-2 2.400000000016007e-2 2.400000000016007e-2
    2.400000000016007e-2 2.400000000016007e-2 2.400000000016007e-2
    2.400000000016007e-2 2.400000000016007e-2 2.400000000016007e-2
    2.400000000016007e-2 2.400000000016007e-2 2.400000000016007e-2
    2.400000000016007e-2 2.400000000016007e-2 2.400000000016007e-2
    2.400000000016007e-2 2.400000000016007e-2 2.400000000016007e-2
    2.400000000016007e-2 2.400000000016007e-2 2.400000000016007e-2
    2.400000000016007e-2 2.400000000016007e-2 2.400000000016007e-2
    2.400000000016007e-2 2.400000000016007e-2 2.400000000016007e-2
    2.400000000016007e-2 2.400000000016007e-2 2.400000000016007e-2
    2.400000000016007e-2 2.400000000016007e-2 2.400000000016007e-2
    2.400000000016007e-2 2.400000000016007e-2 2.400000000016007e-2
    2.400000000016007e-2 2.400000000016007e-2 2.400000000016007e-2
    2.400000000016007e-2 2.400000000016007e-2 2.400000000016007e-2
    2.400000000016007e-2 2.400000000016007e-2 2.400000000016007e-2
    2.400000000016007e-2 2.400000000016007e-2 2.400000000016007e-2
    2.400000000016007e-2 2.400000000016007e-2 2.400000000016007e-2
    2.400000000016007e-2 2.400000000016007e-2 2.400000000016007e-2
    2.400000000016007e-2 2.400000000016007e-2 2.400000000016007e-2
    2.400000000016007e-2 2.400000000016007e-2 2.400000000016007e-2
    2.400000000016007e-2 2.400000000016007e-2 2.400000000016007e-2
    2.400000000016007e-2 2.400000000016007e-2 2.400000000016007e-2
    2.400000000016007e-2 2.400000000016007e-2 2.400000000016007e-2
    2.400000000016007e-2 2.400000000016007e-2 2.4118009455877457e-2
    2.4373414946620511e-2 2.5009165941054744e-2 2.5211905141935886e-2
    2.563225359432127e-2 2.5708986334410849e-2 2.6169381572988228e-2
    2.6223504154348699e-2 2.6462897782802013e-2 2.6551122785832861e-2
    2.6786100023011607e-2 2.7258544346012343e-2 2.8000000000000115e-2
    2.8000000000000115e-2 2.8206590078536417e-2 2.8351610852617091e-2
    2.8629216932948908e-2 2.8826432373930986e-2 2.9089226818859421e-2
    2.973379302805541e-2 2.9999999999972715e-2 2.9999999999972715e-2
    2.9999999999972715e-2 2.9999999999972715e-2 2.9999999999972715e-2
    2.9999999999972715e-2 3.0000000000001137e-2 3.0000000000029559e-2
    3.0000000000200089e-2 3.0000000000200089e-2 3.0000000000200089e-2
    3.0000000000200089e-2 3.0000000000200089e-2 3.0000000000200089e-2
    3.0000000000200089e-2 3.0000000000200089e-2 3.0000000000200089e-2
    3.0000000000200089e-2 3.0376303261445081e-2 3.0378057934058234e-2
    3.0427727255073478e-2 3.0429307827489538e-2 3.043396501784227e-2
    3.0440014266105209e-2 3.0446290349516403e-2 3.0467827402418379e-2
    3.0494930594187508e-2 3.0503214268378542e-2 3.051230245705483e-2
    3.0527150782745593e-2 3.0535932785141995e-2 3.0550295545822337e-2
    3.0560977032791925e-2 3.0564681797613957e-2 3.0578925186773631e-2
    3.0594176941576734e-2 3.0598990540624982e-2 3.0609884510795382e-2
    3.0618021847743648e-2 3.0621167705817243e-2 3.0622375028656279e-2
    3.0631182599449858e-2 3.0640348629731307e-2 3.0647319637182591e-2
    3.0654258501412047e-2 3.0654275822996624e-2 3.0664069906606528e-2
    3.0668346552658932e-2 3.0674629647819529e-2 3.06779455548849e-2
    3.0689385100458821e-2 3.0697307568289034e-2 3.0709766152369866e-2
    3.0713040088812704e-2 3.0714692740758665e-2 3.0715504811545342e-2
    3.0716775442783728e-2 3.0726641889486928e-2 3.0728875095746844e-2
    3.0730757756487037e-2 3.0733576275849828e-2 3.0734074063133221e-2
    3.0736249474799058e-2 3.0737087413740483e-2 3.0751932416080763e-2
    3.0753521702479247e-2 3.0773806741308363e-2 3.0774456975620978e-2
    3.0778138723007942e-2 3.077869251114862e-2 3.0782367823690038e-2
    3.0782604502746835e-2 3.0789933628909694e-2 3.0790289721835506e-2
    3.0796105405443086e-2 3.0799262426057794e-2 3.0811526398508704e-2
    3.0813530989235005e-2 3.0817947930131595e-2 3.0819720223689728e-2
    3.0826196175667064e-2 3.082901140840022e-2 3.083891786360482e-2
    3.0838954571891009e-2 3.0843122029523329e-2 3.0843904787388965e-2
    3.0845132517697493e-2 3.084575270941059e-2 3.0855510630090066e-2
    3.0856068050525209e-2 3.0860910032174615e-2 3.086258661460306e-2
    3.0863893723108049e-2 3.086473967891834e-2 3.0874108668967892e-2
    3.0879563567623336e-2 3.0886402294072468e-2 3.0886466151571312e-2
    3.0889215934905678e-2 3.0890088387621972e-2 3.0890537787627181e-2
    3.0894124779706544e-2 3.0896941638275166e-2 3.089818591911353e-2
    3.0899521355422621e-2 3.0899683780944542e-2 3.0903070845567981e-2
    3.0908778402590542e-2 3.0910606251438821e-2 3.0911542145531712e-2
    3.0914303208135152e-2 3.0916037150063858e-2 3.0921919658339903e-2
    3.0928520627753642e-2 3.0933787087974451e-2 3.0934533813990583e-2
    3.0940658039014579e-2 3.0943669436055643e-2 3.0946484189826151e-2
    3.0946848203598165e-2 3.0955782362298123e-2 3.0957501239981866e-2
    3.0960554444050103e-2 3.0962694512481903e-2 3.0964437721650029e-2
    3.0965712186116434e-2 3.0968379678427027e-2 3.0968729755898039e-2
    3.0974111908449231e-2 3.0974850640859586e-2 3.0975735028732743e-2
    3.097888347542721e-2 3.0981616172653048e-2 3.0982592962573108e-2
    3.0989407925289925e-2 3.0992114231139567e-2 3.0994643557164636e-2
    3.0998624729818403e-2 3.1003166866639731e-2 3.1004612931837983e-2
    3.1006136968585452e-2 3.100877433757887e-2 3.1009379402803461e-2
    3.101038111822163e-2 3.1010556255068877e-2 3.1013438383411085e-2
    3.1014041874641407e-2 3.1021847336319297e-2 3.1029686358124309e-2
    3.1032443139565657e-2 3.1037512057537242e-2 3.1038874396244864e-2
    3.1041274179301581e-2 3.1045782149021761e-2 3.1050004827875455e-2
    3.1050895427313208e-2 3.1058311817133699e-2 3.1058596688467333e-2
    3.1058840295543177e-2 3.1061514144084867e-2 3.1070279653931721e-2
    3.10762405190084e-2 3.1094642140033102e-2 3.1094666027001949e-2
    3.1097418177949976e-2 3.1098296015443339e-2 3.1105149754239392e-2
    3.1107512946164206e-2 3.111216396951022e-2 3.1114785581394244e-2
    3.1131128145815978e-2 3.1131160334552987e-2 3.1134461091824051e-2
    3.1140956801664288e-2 3.1151433587183419e-2 3.1153344144058792e-2
    3.1157394915908299e-2 3.1159365330495348e-2 3.1166686334699989e-2
    3.1173337921472921e-2 3.1188186888755354e-2 3.1191595560414953e-2
    3.1195641985618749e-2 3.1197497610264691e-2 3.1213034798497574e-2
    3.1213123545057897e-2 3.1220516303164914e-2 3.1233899372864471e-2
    3.1235970886882569e-2 3.1238555787695077e-2 3.1258920934192247e-2
    3.1267432209233448e-2 3.1271482486829427e-2 3.1296141899645136e-2
    3.130316389251675e-2 3.1320978414214551e-2 3.1483501594793781e-2
    3.1488384382811874e-2 3.178236405991406e-2 3.1833426825872382e-2
    3.2074347314565703e-2 3.2132963417405298e-2 3.250703522369857e-2
    3.2668099404965185e-2 3.3259045145110688e-2 3.3282067109816703e-2
    3.335828928741371e-2 3.3495844811866467e-2 3.3724796104767175e-2
    3.3804088848979598e-2 3.3862019063140313e-2 3.3866141960198749e-2
    3.4096590771535339e-2 3.4147145747423079e-2 3.4416424046372136e-2
    3.457811746639753e-2 3.5150888892076182e-2 3.519837673229631e-2
    3.5301181242121442e-2 3.5341901159159111e-2 3.5408046487172024e-2
    3.5446331835601086e-2 3.5482062872309449e-2 3.5543112059713167e-2
    3.5566442188307214e-2 3.5573720533648157e-2 3.5596333242817003e-2
    3.5598215578829695e-2 3.5599591895067562e-2 3.5600157788394426e-2
    3.5604376237188262e-2 3.5607856864771747e-2 3.5646826420816069e-2
    3.5654304791819413e-2 3.5676946009971289e-2 3.5681294561982213e-2
    3.5686405625597217e-2 3.5686997972561585e-2 3.5692683211891563e-2
    3.5692989066546943e-2 3.5700675144350193e-2 3.5701634709747999e-2
    3.5703474380776846e-2 3.5709620635998363e-2 3.5712577979666094e-2
    3.5713838922674768e-2 3.5721500037501151e-2 3.5725156425542082e-2
    3.5734512261721342e-2 3.5741802261024226e-2 3.5744578295028383e-2
    3.574883193649233e-2 3.5752248611667405e-2 3.5763287711233716e-2
    3.5767340016112335e-2 3.5770734969446494e-2 3.5773307192357606e-2
    3.5775893650175306e-2 3.5781142057506564e-2 3.5794595850347832e-2
    3.5806006613483987e-2 3.5809557707883265e-2 3.5812293694410378e-2
    3.5813047353087768e-2 3.5832083531204262e-2 3.5833736753374978e-2
    3.5837229497246881e-2 3.5837948440985201e-2 3.5841852139810726e-2
    3.5842638592839648e-2 3.5847834075184437e-2 3.5848284516532658e-2
    3.5850230877599643e-2 3.586291281894205e-2 3.5867089387636497e-2
    3.586999357366949e-2 3.5871347130068898e-2 3.5872182491630156e-2
    3.588078528537153e-2 3.5881145142411697e-2 3.5888141206612545e-2
    3.589094522931191e-2 3.589803341769008e-2 3.5898765052574312e-2
    3.5902230071618156e-2 3.5905205333923128e-2 3.5908177376768435e-2
    3.590838718082523e-2 3.5912769697688418e-2 3.591286635924007e-2
    3.5917604724318153e-2 3.5920705216994975e-2 3.5924785353017796e-2
    3.5925310416700995e-2 3.5928570368165914e-2 3.5929531692090677e-2
    3.5938552372499544e-2 3.5939514789788518e-2 3.5940124702583967e-2
    3.5943738580196317e-2 3.5946907570860276e-2 3.5947503928279424e-2
    3.5954485975139505e-2 3.5957172709004226e-2 3.59596368612074e-2
    3.5963127660352256e-2 3.5969363426374912e-2 3.5971389077531057e-2
    3.5975166419859761e-2 3.5976327330217828e-2 3.5980058264309868e-2
    3.5980169843242038e-2 3.5989848362760313e-2 3.5991560397860667e-2
    3.5997203099668695e-2 3.599806079910195e-2 3.6001989579858673e-2
    3.6007186554115833e-2 3.6011363643713899e-2 3.6013312113027496e-2
    3.6015006932643701e-2 3.6015259715441061e-2 3.601696436498969e-2
    3.6018000459838127e-2 3.6023166904215032e-2 3.6023176523940492e-2
    3.6026097603780727e-2 3.6029325581353078e-2 3.6030103124479261e-2
    3.6031874138416242e-2 3.6035518580168478e-2 3.6036237654570868e-2
    3.6040241492173664e-2 3.6045732139086795e-2 3.6055019354762408e-2
    3.6060757384651275e-2 3.6062906447114074e-2 3.6066990294045809e-2
    3.6073011309781577e-2 3.6074045226996532e-2 3.6075220109864858e-2
    3.6083774541566527e-2 3.6084889090943761e-2 3.6085454221847613e-2
    3.6089605040388051e-2 3.6095422185402036e-2 3.6099269777878362e-2
    3.6099779834330548e-2 3.6102208761889187e-2 3.6102389706002214e-2
    3.6109751260482881e-2 3.6116835587023388e-2 3.6118303991543144e-2
    3.6122198609518819e-2 3.6126936248365382e-2 3.6130359024241443e-2
    3.613656476181859e-2 3.6138429973036068e-2 3.614139405408423e-2
    3.6142304529221292e-2 3.614506668463946e-2 3.6145158096587693e-2
    3.6145724524582569e-2 3.6146721265443681e-2 3.6152130532173032e-2
    3.6152858042441949e-2 3.6159185600164769e-2 3.6160622455327029e-2
    3.6164488719350629e-2 3.6168232254112809e-2 3.6174413672824812e-2
    3.618026316007672e-2 3.6185264245887083e-2 3.6186223951517604e-2
    3.6190919471891903e-2 3.6192025365835434e-2 3.6193673166053486e-2
    3.6194417252545463e-2 3.6196446500980528e-2 3.6197164719737884e-2
    3.619846699439222e-2 3.620196713416135e-2 3.6210589325946785e-2
    3.6211944328054337e-2 3.6229335988082312e-2 3.623157343827188e-2
    3.6235794067124516e-2 3.624055113726854e-2 3.6251914678189223e-2
    3.6255198722907757e-2 3.6264241611812999e-2 3.62717014691043e-2
    3.629140721557178e-2 3.629369975692498e-2 3.629595831671395e-2
    3.6297734054642206e-2 3.6307512735978285e-2 3.6311410869454143e-2
    3.6314666037696952e-2 3.6316410468543836e-2 3.6325139635986638e-2
    3.6325373273257355e-2 3.6351753120773843e-2 3.635224376921542e-2
    3.6357819682734771e-2 3.6360717863923732e-2 3.636642021501757e-2
    3.6368029015344895e-2 3.6383136169206409e-2 3.6383932783337514e-2
    3.6407121035949785e-2 3.6411600835863818e-2 3.643302173804841e-2
    3.643589637522382e-2 3.6450683432917685e-2 3.6458907609357993e-2
    3.6504759573858792e-2 3.6511388363427009e-2 3.6533624886146754e-2
    3.6539596231250471e-2 3.6551293336287927e-2 3.6581122485358719e-2
    3.6615341951716118e-2 3.6622441860345134e-2 3.6632096220273525e-2
    3.6658159419857839e-2 3.6673515928669076e-2 3.6703167620442456e-2
    3.6756331070137094e-2 3.6818352015870914e-2 3.6880786052335524e-2
    3.6896568399242824e-2 3.7063550311471509e-2 3.7322433863267931e-2
    3.7372718976301997e-2 3.7485125538242139e-2 3.7626648338929321e-2
    3.7654372112820494e-2 3.7904093294806394e-2 3.8073703085167519e-2
    3.8221893228080991e-2 3.8281867777990572e-2 3.8377233246844583e-2
    3.8496443095372451e-2 3.8649029212430311e-2 3.8654146463304923e-2
    3.8852075119103442e-2 3.909709459576334e-2 3.9294582526983708e-2
    3.9678821472719839e-2 4.0019599065532291e-2 4.0234061760403637e-2
    4.0374034944210956e-2 4.0408410660650894e-2 4.0453435556022065e-2
    4.0454419499491495e-2 4.0564325159540796e-2 4.0565130856729241e-2
    4.0625431884109275e-2 4.0625721268459834e-2 4.0677390718125629e-2
    4.0708810367111901e-2 4.0725469744624355e-2 4.0726006028118412e-2
    4.0748389787874352e-2 4.0762560137409309e-2 4.0785675284951139e-2
    4.0786460651967595e-2 4.0814184686648027e-2 4.0814367186650692e-2
    4.0820168412930492e-2 4.0831431653141979e-2 4.0838510278263129e-2
    4.0851276917085975e-2 4.0855062199625536e-2 4.0855618329411904e-2
    4.0864482039675444e-2 4.0866928898140031e-2 4.0896135246195321e-2
    4.0901335702225573e-2 4.0934313070238204e-2 4.0934958937668853e-2
    4.0969490760289773e-2 4.0970099227706669e-2 4.0977812798170511e-2
    4.0986948294630565e-2 4.0992055506800774e-2 4.1012596651550361e-2
    4.1013278980093069e-2 4.1029389331773324e-2 4.1085341588844436e-2
    4.1089076196233996e-2 4.1092585748022735e-2 4.1097299191733327e-2
    4.1112276351517117e-2 4.1121805210552378e-2 4.1137689150803326e-2
    4.1158916464450385e-2 4.118505003695342e-2 4.1185568285527552e-2
    4.121292983306072e-2 4.1220790888473857e-2 4.1245477141035089e-2
    4.1256667619866981e-2 4.1282294750517527e-2 4.1330922598484747e-2
    4.1357144997846262e-2 4.1468962645096509e-2 4.1632036913472767e-2
    4.1642847244539941e-2 4.1744630001085171e-2 4.2085287449978553e-2
    4.2186411112021642e-2 4.2376648092476231e-2 4.2393711952750185e-2
    4.2447686761914454e-2 4.2511439072954585e-2 4.2541729189630319e-2
    4.2675263928778621e-2 4.2943139851705371e-2 4.3376353488712188e-2
    4.3396517438423238e-2 4.3425991498476389e-2 4.3482344044244753e-2
    4.3711290815446606e-2 4.4083425800912845e-2 4.4161388572519847e-2
    4.4220198707473006e-2 4.4280396416099072e-2 4.4287936529241657e-2
    4.4692141791232425e-2 4.494192090534687e-2 4.5244548699006265e-2
    4.529889246342228e-2 4.5399249892296357e-2 4.5443600084722834e-2
    4.555830292557167e-2 4.5660294795538903e-2 4.5750966768808889e-2
    4.5772183347935425e-2 4.5848002392169976e-2 4.5878128974406629e-2
    4.5988940279798926e-2 4.6032049905320935e-2 4.6049155123256302e-2
    4.6089953749856249e-2 4.6150321149473185e-2 4.6153192448472082e-2
    4.6251667382291216e-2 4.63989795295029e-2 4.660776694056086e-2
    4.6609598074216288e-2 4.7008226271221552e-2 4.7079758251556719e-2
    4.7151284794105908e-2 4.7175025773986849e-2 4.7399542199457301e-2
    4.7430430761847074e-2 4.7534711149163404e-2 4.7540583272503108e-2
    4.7680345510729395e-2 4.7828269465434781e-2 4.7992894804961918e-2
    4.80279666615092e-2 4.8312230569729643e-2 4.8507204689999833e-2
    4.8737690018170077e-2 4.8974306691604005e-2 4.8996092826043121e-2
    4.9038701508903132e-2 4.9117948676864892e-2 4.9215675497929691e-2
    4.9434580203051512e-2 4.9501997752515306e-2 4.9656163073179826e-2
    4.9680757250575726e-2 4.9730742266363717e-2 4.9908681624755341e-2
    5.0173132259877122e-2 5.0228366619549547e-2 5.0621420647448158e-2
    5.0621859135848081e-2 5.06975416360416e-2 5.0893367581128293e-2
    5.0983852500576174e-2 5.1033135054572437e-2 5.1251427324428514e-2
    5.1295152040701675e-2 5.1420492269813482e-2 5.14270657737457e-2
    5.1529482567628231e-2 5.1550559831629074e-2 5.1814684359650781e-2
    5.1960262313617604e-2 5.2164792362637408e-2 5.2215417406432131e-2
    5.2372910556386758e-2 5.2516508306369995e-2 5.2550436345377323e-2
    5.2641980327189232e-2 5.334245769196138e-2 5.3794678176773601e-2
    5.4032777930622028e-2 5.408107695882336e-2 5.4122230516494549e-2
    5.412438272927915e-2 5.4213476956551397e-2 5.436027090446547e-2
    5.4494038817011009e-2 5.456826903712389e-2 5.4888654765663833e-2
    5.4989557822726187e-2 5.5407368479161875e-2 5.5430623191270144e-2
    5.5540580493016023e-2 5.5780318617058809e-2 5.5960539908498592e-2
    5.6088407354110359e-2 5.6390822134937409e-2 5.6513505157206302e-2
    5.6520334337734505e-2 5.6737789701479434e-2 5.6813345853882126e-2
    5.6880735899077287e-2 5.7300453830536363e-2 5.7350936186084611e-2
    5.7533060152113819e-2 5.771411076443804e-2 5.7833600073523589e-2
    5.7908370568754412e-2 5.8001147587011179e-2 5.800486559666862e-2
    5.8056506076500231e-2 5.8179709321039053e-2 5.8341537158276648e-2
    5.8483163501190601e-2 5.8888875829445846e-2 5.8956022994393745e-2
    5.8990255492353753e-2 5.9370880965696968e-2 5.9399854442328127e-2
    5.9638569831988321e-2 5.9709297703983269e-2 5.9761044716771669e-2
    5.9826900097469465e-2 5.9922764745156371e-2 5.9996733548903843e-2
    6.019103559858769e-2 6.0250453288958714e-2 6.0263843424309016e-2
    6.035496082716918e-2 6.0378737646942682e-2 6.0408822238514404e-2
    6.043170933401143e-2 6.0447997310651168e-2 6.0451253165865637e-2
    6.0492409210898594e-2 6.0502688663808098e-2 6.051735566154548e-2
    6.0526284935804142e-2 6.0527801264925074e-2 6.0539826019407883e-2
    6.0547586613665771e-2 6.054932760025622e-2 6.0562594315797469e-2
    6.0577953768155827e-2 6.0582457760631314e-2 6.0597057817858513e-2
    6.0601958702136471e-2 6.0602538662351435e-2 6.0605448274600349e-2
    6.0606775435758209e-2 6.0614541193672267e-2 6.0614742832932771e-2
    6.0616031464178377e-2 6.062417373846074e-2 6.0640034113930597e-2
    6.0642838147032307e-2 6.0650592102319933e-2 6.0661289344324132e-2
    6.0663878051173015e-2 6.0664911608341754e-2 6.0668858389817615e-2
    6.0670286539902918e-2 6.0686145880936238e-2 6.0687583916205767e-2
    6.0690338338190486e-2 6.069055033310633e-2 6.0694206767152536e-2
    6.0703755984263807e-2 6.0713211711572512e-2 6.0715430694926908e-2
    6.0716478426002141e-2 6.071739931007869e-2 6.0725601581680166e-2
    6.0731478990722586e-2 6.0736909171396292e-2 6.0738053340628539e-2
    6.0744068448343569e-2 6.0744638012105646e-2 6.0754865765375143e-2
    6.0754947565631788e-2 6.0765578344671667e-2 6.0766761390368629e-2
    6.0768798841763783e-2 6.077093737121686e-2 6.0773953021149886e-2
    6.0775754688165762e-2 6.0777315149948663e-2 6.0780215829254303e-2
    6.07863043121597e-2 6.0790857983192836e-2 6.0797296491728048e-2
    6.0800256333322977e-2 6.0804742156202941e-2 6.0805693789916404e-2
    6.0807812737948552e-2 6.0808365459100365e-2 6.0813507670900435e-2
    6.0813956702503447e-2 6.081672475556843e-2 6.0818609967782322e-2
    6.0821147978761779e-2 6.0823978315966087e-2 6.0826108170203952e-2
    6.082945894331715e-2 6.0831453473838337e-2 6.083496065578705e-2
    6.0840062856669874e-2 6.0842402136358942e-2 6.0846943322019342e-2
    6.0851719663901349e-2 6.086024190290118e-2 6.0861086356756765e-2
    6.0865256712986593e-2 6.0865726779695706e-2 6.0866807683396473e-2
    6.0868167067155809e-2 6.0869526077794944e-2 6.0873648706774475e-2
    6.0881568536387931e-2 6.0884239207666724e-2 6.0893987678127814e-2
    6.0894993265549147e-2 6.0899823351064697e-2 6.0900271945001805e-2
    6.0907841600965185e-2 6.0910100468845485e-2 6.091667521832278e-2
    6.0917471268112422e-2 6.0918552365554511e-2 6.0918654916046457e-2
    6.0924749150672142e-2 6.092505836500095e-2 6.0925901944074212e-2
    6.0926046301119641e-2 6.0927167509817082e-2 6.0928159807644988e-2
    6.0930803686005675e-2 6.093440802411957e-2 6.0938468964195636e-2
    6.0938964766592107e-2 6.0940586412243647e-2 6.0945555902208071e-2
    6.0947741233349007e-2 6.0951557523405121e-2 6.0956213554163696e-2
    6.0960700039231597e-2 6.0963961828747415e-2 6.0964861342654331e-2
    6.0968732888795785e-2 6.0970527673362085e-2 6.0971481312208198e-2
    6.0972408675496581e-2 6.0974926909466376e-2 6.0975952886337836e-2
    6.09764164223634e-2 6.0979570674627469e-2 6.0982758629677392e-2
    6.0983603045466829e-2 6.0985449547388271e-2 6.0985479843111534e-2
    6.0989142387370521e-2 6.0991056924422082e-2 6.0991585656893221e-2
    6.0992450149797151e-2 6.0999073217146815e-2 6.0999096318482771e-2
    6.1000553386747924e-2 6.1000571664862946e-2 6.1007350143881922e-2
    6.1011745503947168e-2 6.1016173758844161e-2 6.1017488799620878e-2
    6.1020148496481852e-2 6.1023470451132766e-2 6.1029552090985817e-2
    6.1029598864934087e-2 6.103103076793559e-2 6.1034262082102941e-2
    6.1035696089675184e-2 6.1036533373605074e-2 6.1039082714501092e-2
    6.1043615292419418e-2 6.1047526111224215e-2 6.1047837932922754e-2
    6.1050436288496712e-2 6.1050608895887613e-2 6.1059091161837387e-2
    6.1069456682483668e-2 6.107369133053453e-2 6.1073764522006968e-2
    6.1076542438286197e-2 6.1076816978584247e-2 6.1078654410493982e-2
    6.1080797197831771e-2 6.1082899075017849e-2 6.1083246711405081e-2
    6.1084430925802735e-2 6.1085641194381424e-2 6.1090522313179463e-2
    6.1091575978707624e-2 6.1092902380399515e-2 6.1097511833850149e-2
    6.109869671308843e-2 6.1099210122165459e-2 6.1101836335183179e-2
    6.110387350736346e-2 6.1104616584771065e-2 6.110688696450476e-2
    6.1114273520767405e-2 6.1115631154146068e-2 6.1119585057724635e-2
    6.1122438629013232e-2 6.1124510148365514e-2 6.1124953844860386e-2
    6.1126822175462316e-2 6.1127538007895055e-2 6.1129483109198191e-2
    6.1131231084573301e-2 6.1131944610451683e-2 6.1139103752907431e-2
    6.1139498254571358e-2 6.1140730138959043e-2 6.1142826117759341e-2
    6.114283294255074e-2 6.1145080487278847e-2 6.1149022580934798e-2
    6.1150234813112547e-2 6.1150272682880313e-2 6.1151471180210137e-2
    6.1156557292179059e-2 6.1159346293408134e-2 6.1161843585637143e-2
    6.1167451367055037e-2 6.1168735545379604e-2 6.1169069778214985e-2
    6.117559455378796e-2 6.1177004732712703e-2 6.1179077634278656e-2
    6.1183300564152887e-2 6.1183406757550074e-2 6.1187721480564505e-2
    6.1188062149085454e-2 6.1194992343189369e-2 6.1195330322675545e-2
    6.1197529514402049e-2 6.1200055344207818e-2 6.1201345409017449e-2
    6.1202201718003835e-2 6.1205746105770231e-2 6.1209319675981533e-2
    6.1210113980450842e-2 6.1211399582589365e-2 6.1216789807758687e-2
    6.121804882241122e-2 6.12196574020345e-2 6.1221460716751608e-2
    6.1224529985793197e-2 6.122620500332232e-2 6.1230652249378181e-2
    6.1231234225942899e-2 6.1233254899586122e-2 6.1233386899999687e-2
    6.123436475257904e-2 6.1234625698716627e-2 6.124301415093214e-2
    6.1245669242907752e-2 6.1252589524428913e-2 6.1253979207342032e-2
    6.1255550742544074e-2 6.1256002184904901e-2 6.1256866463736515e-2
    6.1257230255250761e-2 6.1260195653176197e-2 6.1265759083198645e-2
    6.12752367272833e-2 6.127692631116588e-2 6.1280726675477126e-2
    6.1286468325761234e-2 6.1291612784543759e-2 6.1299628764118097e-2
    6.1301587229081633e-2 6.1302923057837688e-2 6.1311290610708495e-2
    6.1315683676411936e-2 6.1322473767461361e-2 6.1323675963194546e-2
    6.1329248942797676e-2 6.132981054861375e-2 6.133117042190861e-2
    6.1331428615176264e-2 6.1334132198074563e-2 6.1334530704016288e-2
    6.1336487084417968e-2 6.133798961593584e-2 6.1347505878529773e-2
    6.1349885171239293e-2 6.13567028565285e-2 6.1357783684798051e-2
    6.1368762950223754e-2 6.1369737158884163e-2 6.1371445399345248e-2
    6.1371982168338945e-2 6.1372217379016547e-2 6.1378825826977845e-2
    6.1381179763202454e-2 6.138483959102814e-2 6.138668259836777e-2
    6.1388792129491776e-2 6.1395115783398069e-2 6.1399978807761123e-2
    6.1405917118463549e-2 6.1409663396716496e-2 6.1412143456436752e-2
    6.1415731212520086e-2 6.1419505618900416e-2 6.142107582962808e-2
    6.1428038928625028e-2 6.1432532498372439e-2 6.1439282432161235e-2
    6.1442151058599848e-2 6.1451690733747455e-2 6.1451973131624982e-2
    6.145766334475411e-2 6.1467976501035082e-2 6.1481743637614272e-2
    6.1486545683928341e-2 6.1493792814265667e-2 6.1494377062672356e-2
    6.1496346512740274e-2 6.1497912787217501e-2 6.1511657694154565e-2
    6.1519223367213272e-2 6.1525739719996864e-2 6.1527275865046249e-2
    6.1541164769778334e-2 6.154229676462819e-2 6.1549033978963053e-2
    6.1549841982468934e-2 6.1558833124763623e-2 6.1559336607942328e-2
    6.1584502151163178e-2 6.1587286269968899e-2 6.1605477575994882e-2
    6.1630086013808288e-2 6.1652859854802955e-2 6.1660630805818073e-2
    6.1673765172372441e-2 6.1677699022311572e-2 6.169059873536753e-2
    6.1692381010971076e-2 6.1697448951690603e-2 6.1700525977016696e-2
    6.1725751164885878e-2 6.1780983165022008e-2 6.1805445425306971e-2
    6.1842509416464964e-2 6.1864657996295591e-2 6.1867091772228378e-2
    6.1898478855535358e-2 6.190063352825366e-2 6.1939104095927178e-2
    6.1967284044417932e-2 6.203505449785484e-2 6.2086902152656609e-2
    6.2359925438938868e-2 6.2463727749535507e-2 6.2497856354782833e-2
    6.2602324711410501e-2 6.2767430417037612e-2 6.3056430851084061e-2
    6.3421092593088868e-2 6.3743569825725044e-2 6.3982346485253014e-2
    6.4056970793619536e-2 6.4183405195462909e-2 6.4257793643766839e-2
    6.4419024176236531e-2 6.4553294642311729e-2 6.4654055294745424e-2
    6.4710466196595567e-2 6.4861632615263759e-2 6.493957454422343e-2
    6.5273727810656573e-2 6.5499542773949315e-2 6.5807823507316454e-2
    6.5878243590817315e-2 6.6318184758810947e-2 6.6328299549218539e-2
    6.6528009364094851e-2 6.6647381555293789e-2 6.685112502489593e-2
    6.7237402202520072e-2 6.7346764073805826e-2 6.744557351696516e-2
    6.7587846600047685e-2 6.7628962528715419e-2 6.7925493187404373e-2
    6.7976025999367501e-2 6.8059112058272017e-2 6.8356091108936118e-2
    6.8736932180696667e-2 6.8772346233206827e-2 6.8808255474569868e-2
    6.885367232092604e-2 6.8906502679961554e-2 6.9039630550630837e-2
    6.930729884249992e-2 6.9321498155606884e-2 6.9516603961506301e-2
    6.9520494983013964e-2 6.9751333771100765e-2 6.98303127757577e-2
    7.0046875821202295e-2 7.0417803162260831e-2 7.0474271851345333e-2
    7.0524287631334281e-2 7.0662855438015718e-2 7.0694543864526754e-2
    7.1354481567729972e-2 7.1402534712591462e-2 7.1555923273285513e-2
    7.1603968258284079e-2 7.1780228205377425e-2 7.1794928621298507e-2
    7.2044607862243759e-2 7.2531312941664511e-2 7.2684927818976064e-2
    7.2952800019185096e-2 7.3411680444605734e-2 7.387670579733506e-2
    7.4366475952643896e-2 7.4558219518394253e-2 7.4663065815929297e-2
    7.4909205484172417e-2 7.5180316666186311e-2 7.5294977302658939e-2
    7.5517198800400656e-2 7.5589836086372944e-2 7.5996911424721342e-2
    7.6075995718623876e-2 7.6369105488851119e-2 7.638035258919966e-2
    7.6434409053876537e-2 7.648130294562365e-2 7.7268564014749325e-2
    7.7582722690959824e-2 7.8560466836380433e-2 7.9114446517145151e-2
    7.923098314099182e-2 7.9276484137687592e-2 7.9355225807639249e-2
    7.9461774128226276e-2 8.0369847372717934e-2 8.0417733731565022e-2
    8.0606018375891403e-2 8.0906346669386106e-2 8.140408887027506e-2
    8.155946554120419e-2 8.2052456524441181e-2 8.2076918213538699e-2
    8.2458089603803617e-2 8.2975751085058974e-2 8.3930767691999975e-2
    8.4099784894543617e-2 8.469628665020916e-2 8.4996038192113085e-2
    8.5368750380658609e-2 8.5854123234656757e-2 8.5990454804184616e-2
    8.6410924344547238e-2 8.6564864542185552e-2 8.659587702089766e-2
    8.6959441589171474e-2 8.7157533517904201e-2 8.7388665804873852e-2
    8.7809718755001875e-2 8.8062462818913903e-2 8.853745012458264e-2
    8.9123404049804789e-2 8.9644263755201153e-2 8.9877665144021152e-2
    9.054819618709127e-2 9.0646316356929449e-2 9.0981826244162789e-2
    9.1521117470899138e-2 9.1580147218722305e-2 9.1717452388902526e-2
    9.1774091892889639e-2 9.1889361097560435e-2 9.3252681166900817e-2
    9.3524290933594739e-2 9.3650643710970635e-2 9.5652390792725903e-2
    9.5772935901610859e-2 9.5837392132828603e-2 9.6174728549831584e-2
    9.7612624036951784e-2 9.7671350754269678e-2 9.8036302919549123e-2
    9.8307624760687204e-2 9.8732499301338789e-2 9.8884830943864507e-2
    9.9262188572643878e-2 9.9913370512870803e-2 1.0078473420756409e-1
    1.0097517630413066e-1 1.028323257810288e-1 1.036772633515127e-1
    1.0491474819098816e-1 1.0568994869374918e-1 1.0582708748116687e-1
    1.063557242375783e-1 1.0746138363178408e-1 1.0774175094243219e-1
    1.0837055572172997e-1 1.0984073918980544e-1 1.107372635148773e-1
    1.1094788143156477e-1 1.1247897735435096e-1 1.1287295112986663e-1
    1.1315633774067635e-1 1.1330457970302049e-1 1.1413098157668174e-1
    1.1705042453313376e-1 1.1793615874347035e-1 1.1872328840879411e-1
    1.2314834961376397e-1 1.2316164487224604e-1 1.2337856228896271e-1
    1.2383982837165085e-1 1.2428428818748216e-1 1.2443391254087652e-1
    1.3130157088340427e-1 1.3258398565989438e-1 1.35132214275513e-1
    1.3666237157576688e-1 1.368599621073372e-1 1.3722339987589294e-1
    1.4098235745901289e-1 1.419704503896036e-1 1.427489923532903e-1
    1.4286293517176565e-1 1.4681596245033565e-1 1.4804470011498075e-1
    1.5167515861094216e-1 1.5539051205593316e-1 1.5751536730869536e-1
    1.6013106703201407e-1 1.6584547349884815e-1 1.6646115393175023e-1
    1.6894702079303278e-1 1.7865573107443394e-1 1.823157368903594e-1
    1.8476176832064084e-1 1.873336117395967e-1 1.8847506278732334e-1
    2.0793459966519853e-1 2.111771083491476e-1 2.1319757554865995e-1
    2.1380493991637195e-1 2.2060641119648494e-1 2.2528954851379474e-1
    2.2952532531263176e-1 2.307900385317575e-1 2.3612063931996374e-1
    2.3618088548857941e-1 2.4168185532793854e-1 2.4185981584270683e-1
    2.4492655771598493e-1 2.4493619467454086e-1 2.4536649806032074e-1
    2.459821938657776e-1 2.4693416891535558e-1 2.4740661701741828e-1
    2.4848371765644764e-1 2.5248281377151638e-1 2.5535374150635665e-1
    2.5646393348877328e-1 2.5797128168820066e-1 2.58125935448623e-1
    2.6187863669633771e-1 2.6239703925853064e-1 2.6264644066850451e-1
    2.6408329303452854e-1 2.6487702931217427e-1 2.6558531314023121e-1
    2.6685846661905543e-1 2.6721243979993176e-1 2.7529969527824083e-1
    2.7761283702142869e-1 2.7830469174124217e-1 2.7860836784606768e-1
    2.8066759404565444e-1 2.8144261544113963e-1 2.8283231420657884e-1
    2.8286065659805898e-1 2.834227228425204e-1 2.8344673155931688e-1
    2.8370427731376613e-1 2.8390302864232175e-1 2.8424933348772657e-1
    2.8501067237566119e-1 2.861369480567646e-1 2.8614126791111022e-1
    2.864950836937068e-1 2.8687360162873826e-1 2.885569635644869e-1
    2.8881828111005031e-1 2.9031998684270849e-1 2.903782713059273e-1
    2.9175746838295297e-1 2.9227344593055526e-1 2.9319553805415427e-1
    2.9469283806060453e-1 2.9513919694747731e-1 2.954114144187972e-1
    2.9700991538948074e-1 2.9717867571975554e-1 2.9906190028608154e-1
    3.0011433207376587e-1 3.009408619887684e-1 3.0138790096157209e-1
    3.0190886005099554e-1 3.0273168427091995e-1 3.0303006279883959e-1
    3.0484561295582224e-1 3.0635753109744557e-1 3.0731772753152753e-1
    3.0836080217222844e-1 3.0890168655314482e-1 3.0949280255279316e-1
    3.0978546216197678e-1 3.1049089657143569e-1 3.1051639879246473e-1
    3.1147146062109887e-1 3.1245047043288382e-1 3.1501174093813233e-1
    3.15143212564023e-1 3.1767848914176156e-1 3.1778633295873859e-1
    3.1853485677493154e-1 3.1875849176991655e-1 3.1927281830610355e-1
    3.2011386340991521e-1 3.2135101418018369e-1 3.2208801904317497e-1
    3.2270382291239408e-1 3.2422263474969581e-1 3.2531018290258845e-1
    3.256776202796472e-1 3.2605026868036258e-1 3.261986857401098e-1
    3.2908912696225912e-1 3.2997838726434264e-1 3.3207007063953142e-1
    3.3219269807685642e-1 3.3235450639969599e-1 3.3336101987515576e-1
    3.3459702398018137e-1 3.3483623797011125e-1 3.3618448475606949e-1
    3.3637909244655223e-1 3.3815625655408721e-1 3.3832926305731237e-1
    3.384326595173156e-1 3.3943749461352329e-1 3.4038076158503827e-1
    3.4047295274922362e-1 3.4109232865489503e-1 3.4127332680412792e-1
    3.4252898846650415e-1 3.4287269512439406e-1 3.4364734487197973e-1
    3.4382167704151811e-1 3.4590007104006043e-1 3.4639017079072282e-1
    3.4747992157436286e-1 3.4780340777742824e-1 3.4793156855019852e-1
    3.4818211068861937e-1 3.4862818021240727e-1 3.4866649979397024e-1
    3.5042730284846713e-1 3.5259873079153942e-1 3.5342621637735444e-1
    3.5395969828300622e-1 3.5406651288992308e-1 3.5407021637109082e-1
    3.5420486686588348e-1 3.542490805108563e-1 3.547024975044743e-1
    3.5497539181064247e-1 3.5525929183040716e-1 3.5589974755762344e-1
    3.565985687146167e-1 3.5714202867240435e-1 3.5786724731082764e-1
    3.5790130497369116e-1 3.5818375585880019e-1 3.5829497303703567e-1
    3.5921188567527906e-1 3.6003284200482583e-1 3.6103090772103313e-1
    3.6119213739488842e-1 3.6247458071280064e-1 3.6307118262417742e-1
    3.6432814202978786e-1 3.6437671979464648e-1 3.6512609657897471e-1
    3.6513972472427914e-1 3.6541274384977773e-1 3.6546180136325679e-1
    3.6633152652085632e-1 3.6687595998879324e-1 3.6715913603438821e-1
    3.6719018055270103e-1 3.6727278153888882e-1 3.673544499859937e-1
    3.6767857196228859e-1 3.6785188509037425e-1 3.6839590048260684e-1
    3.6854492355424945e-1 3.6861705061547312e-1 3.6868672985292505e-1
    3.6905973230243816e-1 3.6928390476928996e-1 3.7017883019298098e-1
    3.7043860595005956e-1 3.7214853465380099e-1 3.7282272899243585e-1
    3.7392607027488795e-1 3.7424896623357995e-1 3.7453453196709374e-1
    3.747841880410111e-1 3.755892302947359e-1 3.7564652102628315e-1
    3.7585901084730722e-1 3.7662163291659972e-1 3.7702557111111268e-1
    3.7809549803287157e-1 3.7954212606460452e-1 3.7980964711063542e-1
    3.7993287266949161e-1 3.7997604556604919e-1 3.8039507321354904e-1
    3.8059307418357741e-1 3.8104800574737135e-1 3.8118436260992894e-1
    3.813176939218465e-1 3.8132550856082364e-1 3.8162157232489757e-1
    3.816432599496693e-1 3.8175576416919782e-1 3.821836733061193e-1
    3.8315082274717638e-1 3.8341181141011305e-1 3.8367619261037667e-1
    3.8419172272842844e-1 3.8453787283304208e-1 3.8510245113144492e-1
    3.8524069552395951e-1 3.8533016642320816e-1 3.8561546350345971e-1
    3.8585132011205914e-1 3.8633001144705759e-1 3.8650739070537665e-1
    3.8673873488545496e-1 3.8681019947515388e-1 3.8764129898845567e-1
    3.8792644167386925e-1 3.8831315854382742e-1 3.8902631029220303e-1
    3.8922039707082945e-1 3.8945658952355766e-1 3.9004400381821824e-1
    3.9028866089792508e-1 3.9084003053916866e-1 3.9094335076895897e-1
    3.9103214642482664e-1 3.9113402386408325e-1 3.9217454263363238e-1
    3.9316080556807265e-1 3.9334152895292263e-1 3.9342684186365456e-1
    3.9363864537568588e-1 3.9373430500589685e-1 3.9379938538499054e-1
    3.9396194613050284e-1 3.963939303463121e-1 3.9680674768943514e-1
    3.9762123379973169e-1 3.9776616747837001e-1 3.9818141292436038e-1
    3.9860767568117289e-1 3.9944286449864114e-1 4.0012866272763858e-1
    4.004807575058496e-1 4.0054638167475787e-1 4.0102425095490335e-1
    4.01078049668947e-1 4.0163701928142098e-1 4.0183413504174886e-1
    4.0246698883273974e-1 4.0264364992694585e-1 4.0387861209672427e-1
    4.0406400552209171e-1 4.0499394737655947e-1 4.0506571124478796e-1
    4.0561663843215812e-1 4.0577998695570727e-1 4.078984903262608e-1
    4.0831717246697063e-1 4.0896565203209839e-1 4.0935404802962694e-1
    4.0975079897125966e-1 4.1013599663653044e-1 4.1061563390788552e-1
    4.1118482311979032e-1 4.1154746208950299e-1 4.1186763315494723e-1
    4.130377211987169e-1 4.1315707933956169e-1 4.1447097456826515e-1
    4.149111103131165e-1 4.1499340868131185e-1 4.1512506808107397e-1
    4.1540115980094722e-1 4.1540618190265377e-1 4.1579714160400272e-1
    4.1641322901455169e-1 4.1724577464538015e-1 4.1742181236548442e-1
    4.1815818576456615e-1 4.1839358490095435e-1 4.1885519485506645e-1
    4.1893754201607536e-1 4.1939699484196857e-1 4.1983402318530555e-1
    4.2067948443173009e-1 4.2082967325323906e-1 4.2119330435607e-1
    4.2119568314606831e-1 4.2161116353205824e-1 4.2277191278094506e-1
    4.2299395842286458e-1 4.2322263083606232e-1 4.2398530975641635e-1
    4.2422498489880428e-1 4.2494638495937082e-1 4.2507286651479342e-1
    4.2550487819212485e-1 4.2555351030512967e-1 4.2607070102462785e-1
    4.2613290239842172e-1 4.2754530926242751e-1 4.277818097845219e-1
    4.2796287912394537e-1 4.2823652021839237e-1 4.2919636045751924e-1
    4.2956774510166723e-1 4.3016665497774892e-1 4.3027900283559006e-1
    4.3040770478065887e-1 4.3057386160674987e-1 4.3130768510146872e-1
    4.3238144949220275e-1 4.3273668299553947e-1 4.3282288351739834e-1
    4.3344566430358911e-1 4.3366236179847167e-1 4.3390358988634553e-1
    4.3431197217250883e-1 4.3520039262613053e-1 4.3547904952827465e-1
    4.3589062913869725e-1 4.3596512005602894e-1 4.3606492167961619e-1
    4.3656759840686732e-1 4.3688032325049292e-1 4.3696128557952429e-1
    4.3732310996700918e-1 4.3738235251009883e-1 4.3871968338640321e-1
    4.3887668256957113e-1 4.3934280059964848e-1 4.3934832730954959e-1
    4.3982060318438182e-1 4.3986475564933741e-1 4.3999066294784622e-1
    4.3999635541937704e-1 4.4026275302791451e-1 4.4048617462602935e-1
    4.4063314868179759e-1 4.4101783319613541e-1 4.4123046558644319e-1
    4.4176639923966121e-1 4.4222599348149122e-1 4.4232806511768979e-1
    4.4279494756119675e-1 4.4320658185494144e-1 4.437493397041895e-1
    4.4375741809587699e-1 4.4423009161048621e-1 4.4451498532993128e-1
    4.448435423751107e-1 4.449948731983438e-1 4.454064071367409e-1
    4.4544391910881131e-1 4.4573494923666396e-1 4.4575328285109855e-1
    4.4579542942278749e-1 4.4592653845475899e-1 4.4604801630657676e-1
    4.4605206774435324e-1 4.4617026403794724e-1 4.4642543089321407e-1
    4.4687448689199272e-1 4.4687778355091723e-1 4.4730153806829714e-1
    4.4730209655261888e-1 4.4741849058073058e-1 4.4773577047904339e-1
    4.4810709261467063e-1 4.4815355543704011e-1 4.4896975360403635e-1
    4.4904543897391702e-1 4.497782535823221e-1 4.4980602138285314e-1
    4.5004613759757767e-1 4.5027191885029344e-1 4.5046002993017786e-1
    4.5053834000290488e-1 4.5140145061583326e-1 4.5151680076676826e-1
    4.5184455399174794e-1 4.519297591794384e-1 4.5266981032264914e-1
    4.5272584217815393e-1 4.5312278092124969e-1 4.5318280117825532e-1
    4.5346841152612877e-1 4.5347073208869104e-1 4.5368434524834811e-1
    4.5371079927752528e-1 4.5411135731285412e-1 4.5414697087289824e-1
    4.5453680352045467e-1 4.5518290063313949e-1 4.5589246122765165e-1
    4.5600460116673958e-1 4.5651000092266258e-1 4.5721768100574423e-1
    4.5760782891933821e-1 4.5774086792526858e-1 4.583867207039215e-1
    4.5844443508914473e-1 4.5867281077410854e-1 4.5881608681702346e-1
    4.5937330872831289e-1 4.5974736189817023e-1 4.6026749114265508e-1
    4.6035912424923708e-1 4.6067966545199041e-1 4.6097058247307193e-1
    4.6107634293043198e-1 4.6135232817818583e-1 4.6185575985555261e-1
    4.6214101360055793e-1 4.6280213592649488e-1 4.6297185251862377e-1
    4.6372991506586914e-1 4.6384307915237016e-1 4.6390049059004923e-1
    4.6405017560716388e-1 4.6418049778938958e-1 4.6421881925471098e-1
    4.6432495939916407e-1 4.6434232174692625e-1 4.6492859914678775e-1
    4.6557998132690653e-1 4.6607697797372355e-1 4.6799494182492446e-1
    4.6850189394112363e-1 4.6859677556142287e-1 4.6918794076009362e-1
    4.6937419423541843e-1 4.6967421274558774e-1 4.6974196557744108e-1
    4.7072816582175392e-1 4.7074311916321676e-1 4.7108307204572547e-1
    4.7124357887903751e-1 4.7202323350327124e-1 4.726510067520735e-1
    4.7272784292755948e-1 4.7302513465548862e-1 4.7353502263968039e-1
    4.7361507850485651e-1 4.7441552990411845e-1 4.7471650298049489e-1
    4.7549091718682185e-1 4.7580542104320295e-1 4.7605845394874841e-1
    4.7618575914426792e-1 4.7670451720921392e-1 4.7674532551886839e-1
    4.767959401956432e-1 4.7727163583199683e-1 4.7744103509934838e-1
    4.7746823405084016e-1 4.7854503328773035e-1 4.7855979560847572e-1
    4.7956834520863367e-1 4.7979829837216431e-1 4.8051599153899993e-1
    4.8055514459787851e-1 4.8060446860896872e-1 4.8061313867116373e-1
    4.8094001922073304e-1 4.8096117358998719e-1 4.8160451968309037e-1
    4.8284509988595592e-1 4.8340213008092786e-1 4.83853722321198e-1
    4.8395484476311268e-1 4.8405473185749137e-1 4.8417099520641688e-1
    4.8418461970841237e-1 4.842383929392533e-1 4.8433584928534401e-1
    4.8492727152651321e-1 4.8559514702240203e-1 4.8618145250091199e-1
    4.8747687332888745e-1 4.8756906422295287e-1 4.8774476922773147e-1
    4.8809412323573104e-1 4.8811201589650077e-1 4.8931839473529443e-1
    4.8941911423445261e-1 4.9030006278408939e-1 4.9030619945431553e-1
    4.9137023802695978e-1 4.9151278106309348e-1 4.9226658994722228e-1
    4.925965447060468e-1 4.932007148161372e-1 4.9359278169452281e-1
    4.9391544927594722e-1 4.9401678689961653e-1 4.9418939984091348e-1
    4.9423893549340969e-1 4.9458492600132031e-1 4.9517739203374084e-1
    4.9530604774435005e-1 4.9573024419606782e-1 4.963509928300785e-1
    4.9638327465817156e-1 4.9668350209084466e-1 4.9708976231249835e-1
    4.981568605897207e-1 4.9852701365593283e-1 4.9865759110329577e-1
    4.9887084906750762e-1 4.9928918427376628e-1 4.9938686596522075e-1
    4.9981137276790832e-1 5.0019324646998742e-1 5.0037788628942503e-1
    5.0052462349244053e-1 5.0081141274111884e-1 5.0109696555928585e-1
    5.0129055711153747e-1 5.0132829473966467e-1 5.0149638844926714e-1
    5.0155728109125031e-1 5.0173896118172301e-1 5.0174274737528324e-1
    5.018997153195609e-1 5.0202192893504038e-1 5.0207023095126146e-1
    5.0236012497371119e-1 5.0266281188869466e-1 5.0286194123964378e-1
    5.0289054205468342e-1 5.0292310556524167e-1 5.0313237303116276e-1
    5.0316344894756848e-1 5.0343295727566328e-1 5.0367512885077304e-1
    5.0380292382144232e-1 5.0394261296384812e-1 5.0414209083773187e-1
    5.0451992097926757e-1 5.0475532466880391e-1 5.0501882771335327e-1
    5.0513581792940632e-1 5.051395196064008e-1 5.0549330211487764e-1
    5.0552667296799636e-1 5.0610002330881798e-1 5.062036174526513e-1
    5.0624005295901497e-1 5.0626812856166403e-1 5.0643655107323871e-1
    5.0644034615286015e-1 5.0678496247889726e-1 5.0681112711929799e-1
    5.0715633778372649e-1 5.0729033242643906e-1 5.0768116202905067e-1
    5.0769867047847583e-1 5.0808681008990264e-1 5.0812992121771983e-1
    5.0837566799171852e-1 5.0838326947613111e-1 5.0850718471143153e-1
    5.0856596248294339e-1 5.0921175465595703e-1 5.092433056359752e-1
    5.0979008407021964e-1 5.1007402634259047e-1 5.1043432208206241e-1
    5.1067664336270957e-1 5.1087186724746358e-1 5.1089830401324432e-1
    5.1119723483092316e-1 5.1167828439301954e-1 5.1180936968168156e-1
    5.1205372272438077e-1 5.1263169943001685e-1 5.1278238457034608e-1
    5.1306216004968519e-1 5.1326256211748178e-1 5.1346200007830178e-1
    5.1350343933141374e-1 5.140580869861382e-1 5.1408764543752605e-1
    5.1463884300210339e-1 5.1482106544699491e-1 5.1515263855505022e-1
    5.1523187787825009e-1 5.1530920155283866e-1 5.1531145928936439e-1
    5.1533138837269443e-1 5.1534699955354879e-1 5.1541643824675698e-1
    5.1543716226467495e-1 5.1559254802685928e-1 5.1564034615542675e-1
    5.1637794854679797e-1 5.1639915759606081e-1 5.1697531432463706e-1
    5.1701468191764766e-1 5.1716102403279363e-1 5.173167201501353e-1
    5.1732513092873789e-1 5.1736189192800863e-1 5.1747300512202599e-1
    5.1753295676183242e-1 5.1857627741962153e-1 5.1871655340510192e-1
    5.1914320085721299e-1 5.1950089711181135e-1 5.1956153171577169e-1
    5.1997005163915289e-1 5.2007454985515877e-1 5.2041920958727128e-1
    5.2057472142678307e-1 5.2080307459800679e-1 5.212274737242214e-1
    5.2133428099205048e-1 5.2143987344470588e-1 5.2149991051850009e-1
    5.2175599497374492e-1 5.2182429535886599e-1 5.2226726080598385e-1
    5.2240733539420381e-1 5.2258015988887307e-1 5.2260979013044562e-1
    5.2265095208651602e-1 5.2291634649118346e-1 5.2411343108803976e-1
    5.2457426635364102e-1 5.2481558441730458e-1 5.2486499432805733e-1
    5.25605355960301e-1 5.2560573417910439e-1 5.2594388342754428e-1
    5.260397269212912e-1 5.2629865692959554e-1 5.2644365782946356e-1
    5.2720530266681942e-1 5.2726919571057351e-1 5.2733049498471829e-1
    5.2741421079574335e-1 5.2785624411464072e-1 5.2804434491160157e-1
    5.2821689125741089e-1 5.2827539516965771e-1 5.2840989517749726e-1
    5.285510289338049e-1 5.2897846627872369e-1 5.2909310497341266e-1
    5.2940682791659133e-1 5.2956757492797302e-1 5.296891061852117e-1
    5.2971207523034236e-1 5.3003128414547973e-1 5.3012191911370288e-1
    5.3023500623980913e-1 5.3038728439360061e-1 5.3061681553400475e-1
    5.3069627573057687e-1 5.3103282869551549e-1 5.3111843651340673e-1
    5.3136673883924834e-1 5.3156794815723429e-1 5.3166075087003462e-1
    5.317060856799799e-1 5.3184500153026115e-1 5.3220100696332584e-1
    5.3306935816151835e-1 5.3311474916295587e-1 5.3315342884198713e-1
    5.3321127093464715e-1 5.3346298790307223e-1 5.3373001491552585e-1
    5.3388491795269344e-1 5.3405914950700306e-1 5.3426301055578729e-1
    5.3426926727709845e-1 5.3443458629577767e-1 5.3446231049528337e-1
    5.3464335075488212e-1 5.3482434312718397e-1 5.3510826826451263e-1
    5.3556426308036209e-1 5.3576189017865705e-1 5.358981045856126e-1
    5.3624904503719029e-1 5.3634466276088866e-1 5.3692272230576543e-1
    5.3715699961028607e-1 5.3742254000417233e-1 5.3752685352962237e-1
    5.3786477228513829e-1 5.3820593489945168e-1 5.3824204294232914e-1
    5.3837478890121326e-1 5.3877655359454169e-1 5.38895132263153e-1
    5.3912438824223585e-1 5.3929562884251125e-1 5.3948602036180093e-1
    5.3956763878079528e-1 5.3974737177799803e-1 5.3980660813370684e-1
    5.4004016179052472e-1 5.4004289765311519e-1 5.40225449485076e-1
    5.4027571917740713e-1 5.4035889026373396e-1 5.4037409004015702e-1
    5.4044701123878747e-1 5.4053049121087804e-1 5.4063837688803085e-1
    5.4065660694221962e-1 5.4067303970890002e-1 5.406751735864519e-1
    5.4073314505109871e-1 5.4086290763431555e-1 5.4095881174569316e-1
    5.4122373093650822e-1 5.4175290306652646e-1 5.4178033829677064e-1
    5.4215897613721609e-1 5.4254627581506365e-1 5.4314508084741775e-1
    5.4320836120197258e-1 5.4331592483322311e-1 5.4334906205203881e-1
    5.4358167593894302e-1 5.436147321628596e-1 5.4494042797981435e-1
    5.4520709888275964e-1 5.4563505128004763e-1 5.4571030763410511e-1
    5.4588037058316075e-1 5.4589306294084439e-1 5.4597223413624563e-1
    5.4667180626930545e-1 5.4674198008537389e-1 5.4677707882897919e-1
    5.4718078600870446e-1 5.4757536198114087e-1 5.4786829090331979e-1
    5.4918472424674292e-1 5.5010687833732841e-1 5.5062781568934349e-1
    5.508899770126473e-1 5.5116976324302414e-1 5.512361067843482e-1
    5.5123971312332287e-1 5.513718216684218e-1 5.5200533760255766e-1
    5.5221321788621935e-1 5.5276955067051858e-1 5.5290757268394375e-1
    5.5298512386606391e-1 5.5335870231338047e-1 5.5341500634494878e-1
    5.536251289286156e-1 5.5369528167375393e-1 5.5388337312517533e-1
    5.5389065514597224e-1 5.5419289263136307e-1 5.5426763121241407e-1
    5.5479200888489033e-1 5.5523699782629066e-1 5.5621841233431724e-1
    5.5639217848889599e-1 5.5646661046593826e-1 5.5696666748809776e-1
    5.5709414170529603e-1 5.5716459382190142e-1 5.5768538637767051e-1
    5.576910049996513e-1 5.5822209489153918e-1 5.5824050723952368e-1
    5.5854507860258307e-1 5.5866026085950204e-1 5.5876101744752305e-1
    5.5892626163759729e-1 5.5894859444569278e-1 5.5902114171185535e-1
    5.5996954043682001e-1 5.6006218380441297e-1 5.6055475090240892e-1
    5.6092243855147739e-1 5.6126171610272158e-1 5.6128667914675712e-1
    5.6182962273414883e-1 5.6193585195335671e-1 5.6243736594524307e-1
    5.6263387268557252e-1 5.6289639635533606e-1 5.6298337248076025e-1
    5.6304221489760187e-1 5.6341032045349948e-1 5.6364296796943691e-1
    5.6372437893171745e-1 5.6402386040787988e-1 5.6438766574119659e-1
    5.6492699809315772e-1 5.652441874633749e-1 5.6544734948478104e-1
    5.6548953464308782e-1 5.6599874664022665e-1 5.6607200704196914e-1
    5.6614227402446382e-1 5.6640205805685029e-1 5.6655863698847497e-1
    5.6688358351755141e-1 5.6707464937429519e-1 5.6785580719188145e-1
    5.6815702826009906e-1 5.6818234426129333e-1 5.6877269661814955e-1
    5.6898366582898541e-1 5.6930126154305749e-1 5.6937660057201356e-1
    5.6948369064912185e-1 5.6949816920398288e-1 5.6984564129771798e-1
    5.7061337365381148e-1 5.7076712919401218e-1 5.7155531837233864e-1
    5.7203387727473787e-1 5.721433180727995e-1 5.72580831916639e-1
    5.7259998112304955e-1 5.7299766811073438e-1 5.7300408410206827e-1
    5.7357737576707479e-1 5.737220176961273e-1 5.7409521736255031e-1
    5.7427680423182892e-1 5.7447906051620523e-1 5.7453828559637254e-1
    5.7479857290573733e-1 5.7483771654669147e-1 5.7513514062500493e-1
    5.7520282425311964e-1 5.757058208623026e-1 5.7584794393113725e-1
    5.7620588750077417e-1 5.76962626485924e-1 5.7702452510342739e-1
    5.773517743293074e-1 5.7759353585002571e-1 5.7768201377989081e-1
    5.7779338495073229e-1 5.7840459532517341e-1 5.7841445672770531e-1
    5.7848337682025885e-1 5.7865493229412479e-1 5.7875672204224482e-1
    5.8037354683931752e-1 5.8039668201599848e-1 5.8057107444983558e-1
    5.8114161167151746e-1 5.8164392151404953e-1 5.8167403910309601e-1
    5.8209454013604045e-1 5.8263371779605677e-1 5.8269348306938895e-1
    5.8376120686098143e-1 5.8427428031649575e-1 5.843739865969837e-1
    5.8533254429937642e-1 5.8537831088708314e-1 5.8565523540255526e-1
    5.8566312588684677e-1 5.8573518178549377e-1 5.857655456507852e-1
    5.8596278252855427e-1 5.8634551210532382e-1 5.8673234452176559e-1
    5.8675295880534994e-1 5.8686807356955084e-1 5.8729802854695667e-1
    5.8773129236461885e-1 5.8774721342232239e-1 5.8850135874681653e-1
    5.8856191757053011e-1 5.892705661229749e-1 5.8930643177427555e-1
    5.8973673903356028e-1 5.899630315728116e-1 5.9063103862013122e-1
    5.9230728139300481e-1 5.927247175564242e-1 5.9279532607044005e-1
    5.930330053682269e-1 5.9310925608811393e-1 5.9318212210791899e-1
    5.934376108553352e-1 5.9349037520719738e-1 5.9351484019339296e-1
    5.9380883257181272e-1 5.9386554991433516e-1 5.9439242941759096e-1
    5.9465974959684897e-1 5.9526654217373409e-1 5.9527851853728564e-1
    5.95339217281321e-1 5.9536799350579328e-1 5.9543412492757852e-1
    5.9543539604643614e-1 5.9548567804552022e-1 5.9551812622335509e-1
    5.9561409533518728e-1 5.9566074283311532e-1 5.9638969572678335e-1
    5.9645571151910792e-1 5.9686728119212218e-1 5.9715175772520401e-1
    5.972537471644831e-1 5.9727895673458165e-1 5.973799409844105e-1
    5.9741659191654017e-1 5.9789270208966627e-1 5.9795134376091397e-1
    5.9803714976669653e-1 5.9807079641295025e-1 5.9859037030105355e-1
    5.9860435398773659e-1 5.9898923142983607e-1 5.9900539151129806e-1
    5.9941481985693335e-1 5.9942958043029648e-1 5.9989648593662948e-1
    6.0034403678665171e-1 6.0060739659966855e-1 6.0067726851287839e-1
    6.0101751893368294e-1 6.0118439113274946e-1 6.0144572654244466e-1
    6.0192286082799129e-1 6.0249392885953057e-1 6.0264407655836294e-1
    6.0290845155027872e-1 6.0295067822698911e-1 6.0340078448317314e-1
    6.0352706372220077e-1 6.0399953125255479e-1 6.0408903660168611e-1
    6.0452859614134502e-1 6.0508634032576081e-1 6.0546135019512803e-1
    6.0552432324171113e-1 6.0571038012039935e-1 6.0611436261238794e-1
    6.0658662133710095e-1 6.0746303066025575e-1 6.0756325721558824e-1
    6.0776629408812566e-1 6.0860345743083144e-1 6.0879568543000806e-1
    6.0904041780425666e-1 6.0907511231062017e-1 6.0947400782262973e-1
    6.0958275691328623e-1 6.1001524692687781e-1 6.1001734719695833e-1
    6.1004579670067471e-1 6.1010207654175652e-1 6.1028781369313945e-1
    6.1029438253888202e-1 6.1049186196760274e-1 6.1053053532512791e-1
    6.1065099537964584e-1 6.1065545352594197e-1 6.109106011597305e-1
    6.1102395867475356e-1 6.1126890674965551e-1 6.1189859341785835e-1
    6.1240044287698459e-1 6.1248686977596667e-1 6.1330410426978688e-1
    6.1414717596174262e-1 6.144801739135346e-1 6.1462339706710623e-1
    6.1477484396326076e-1 6.1521343361577385e-1 6.1551120529507641e-1
    6.1551576761621618e-1 6.1568697833341246e-1 6.1601758351167113e-1
    6.1641244226559588e-1 6.1672460316749489e-1 6.1682696382005509e-1
    6.1708555552509092e-1 6.1727798803940459e-1 6.1743370797375974e-1
    6.1812853356414055e-1 6.1819030720016599e-1 6.1879484647124627e-1
    6.1888007403649681e-1 6.1902138958726027e-1 6.1916273371156827e-1
    6.1969533637427177e-1 6.1978566296884152e-1 6.1996410897195764e-1
    6.1997458636820246e-1 6.2041241578875395e-1 6.2041993112261484e-1
    6.2053020517782898e-1 6.2061336981776094e-1 6.2078568584382243e-1
    6.2082687515976431e-1 6.2111867355643979e-1 6.2136122762157442e-1
    6.2164970802662844e-1 6.2192746855488523e-1 6.2232304345036482e-1
    6.224562847363424e-1 6.2271666059906616e-1 6.229906926178046e-1
    6.2331331755412323e-1 6.2375683711839391e-1 6.2392742477012775e-1
    6.2417397164993205e-1 6.2473041420134179e-1 6.2481092641657399e-1
    6.2497449873743405e-1 6.2498634796156693e-1 6.2547237821664481e-1
    6.256902019507834e-1 6.258350624061596e-1 6.2590718421246749e-1
    6.2642743355980102e-1 6.2653309077756025e-1 6.2676052512870228e-1
    6.2680931203895951e-1 6.2744308463752529e-1 6.2810752730154651e-1
    6.2818783977590187e-1 6.2882634827434458e-1 6.289513075744253e-1
    6.2907125412320963e-1 6.291225472593851e-1 6.3009389392851745e-1
    6.301977946766949e-1 6.3026903387097788e-1 6.3032713373003291e-1
    6.3053832262983178e-1 6.3074630681849153e-1 6.3087749496826617e-1
    6.3180046831158421e-1 6.3186611920870439e-1 6.3238963225395695e-1
    6.3285408644506858e-1 6.3357075424262022e-1 6.3357293304034101e-1
    6.3420073766519636e-1 6.3434978749614856e-1 6.345577850090649e-1
    6.3456876418179797e-1 6.3508458748616581e-1 6.3555969909622134e-1
    6.3570494803843758e-1 6.3571259820469095e-1 6.3577318721131215e-1
    6.3610546750987851e-1 6.3633896646774701e-1 6.3659859690408538e-1
    6.3721338257855675e-1 6.3738508839132924e-1 6.3876824051865033e-1
    6.3896588212865024e-1 6.4001643180953194e-1 6.4125090281587205e-1
    6.4234117104193245e-1 6.4254736578418992e-1 6.4324604444443267e-1
    6.4326625230076695e-1 6.4353801809595879e-1 6.4361748149428877e-1
    6.4385263407980342e-1 6.4389584344485229e-1 6.4410909728956089e-1
    6.4415209664990214e-1 6.4440756776275521e-1 6.4461273106928729e-1
    6.451675546125557e-1 6.4522555448174901e-1 6.4542918754098844e-1
    6.4546317752581217e-1 6.4558011888857436e-1 6.4578701033194363e-1
    6.4598836626256728e-1 6.4600857284167224e-1 6.4629670476361667e-1
    6.4639674474616038e-1 6.4648339482610029e-1 6.4652395923340267e-1
    6.4707874084722949e-1 6.4716820980265766e-1 6.4718358373267459e-1
    6.4735751014814014e-1 6.4787642923242861e-1 6.4798695263289119e-1
    6.4833746275871817e-1 6.4849860888807598e-1 6.4868167958125666e-1
    6.4870072262915945e-1 6.4871105912789062e-1 6.487305435809958e-1
    6.4921343569876622e-1 6.4926785393938646e-1 6.500843046192889e-1
    6.5018285589050917e-1 6.5042383435816609e-1 6.5065486492606595e-1
    6.5074165724374988e-1 6.5077696292750753e-1 6.5132430724183488e-1
    6.517249557048217e-1 6.5178756890416234e-1 6.5179220200238064e-1
    6.5216885633344646e-1 6.5229822813652005e-1 6.5232991536952167e-1
    6.5236533069285296e-1 6.5294933321565618e-1 6.5314839325613627e-1
    6.5352731098021521e-1 6.5359592765504237e-1 6.5385900002547714e-1
    6.5406817662348971e-1 6.5431854625810293e-1 6.5433617254728393e-1
    6.5450427472839834e-1 6.547962220938871e-1 6.5548724514220724e-1
    6.5559914704538513e-1 6.557052767032272e-1 6.5588980366773186e-1
    6.5590151237891159e-1 6.5593996069295912e-1 6.5622467614521152e-1
    6.5646141026036275e-1 6.5714568879084256e-1 6.5737621535126889e-1
    6.5745245363896176e-1 6.5748032479828089e-1 6.5801578455368925e-1
    6.5847841903561488e-1 6.5850392363890109e-1 6.5850582500024757e-1
    6.5903059405462727e-1 6.5948128494652669e-1 6.5966287390091338e-1
    6.5966950928859658e-1 6.5983414390193507e-1 6.6015237214885147e-1
    6.6075123068667385e-1 6.6109848180632169e-1 6.6132087678797691e-1
    6.6148652371000272e-1 6.6274120329067698e-1 6.6275694903718185e-1
    6.6309133639278373e-1 6.6312800148791051e-1 6.6338146074981519e-1
    6.6357110491753701e-1 6.637843315424603e-1 6.6426464434202137e-1
    6.6454882559883122e-1 6.6469946974484628e-1 6.6499144566235613e-1
    6.6514926840338573e-1 6.6542408141766729e-1 6.6552246099267487e-1
    6.6624080083342307e-1 6.6693394901565739e-1 6.671093697714241e-1
    6.6740145411804408e-1 6.6788656977713701e-1 6.6793385434803809e-1
    6.6800564140472629e-1 6.6801606778253131e-1 6.6807903073427044e-1
    6.6812863986478987e-1 6.6853545086569988e-1 6.6861746600315541e-1
    6.6894106742521131e-1 6.6899897811916686e-1 6.6926501119733073e-1
    6.6943473620865135e-1 6.6947857296486291e-1 6.6952818576113382e-1
    6.6983793890755228e-1 6.6992508188313393e-1 6.6999823974038009e-1
    6.7050669287464193e-1 6.7076791520280998e-1 6.7096252350171426e-1
    6.7190408968212978e-1 6.7196353242946893e-1 6.7245051336418071e-1
    6.7248601013728726e-1 6.727464298310224e-1 6.7282974261393569e-1
    6.7302886709702847e-1 6.7312934361356724e-1 6.7339458105598171e-1
    6.7394832281831896e-1 6.7439964733687574e-1 6.7440700452386537e-1
    6.7448788087040157e-1 6.7450279108718614e-1 6.7525396119606285e-1
    6.7527425040307976e-1 6.7561793999481201e-1 6.7605370428718747e-1
    6.7634709646017654e-1 6.7642706562269272e-1 6.7682183873121171e-1
    6.7686050551254662e-1 6.7764070857550807e-1 6.7836058178108938e-1
    6.785263101856458e-1 6.7853951633252441e-1 6.7913661076249809e-1
    6.7921526525469744e-1 6.7960806289886477e-1 6.8061769029069252e-1
    6.8081134340599903e-1 6.8112100459463609e-1 6.8123527899522496e-1
    6.8214907697262916e-1 6.8281280507711595e-1 6.8323193945765781e-1
    6.8346440074239778e-1 6.8347915705041373e-1 6.8370081129978644e-1
    6.8375966602654725e-1 6.840501218628674e-1 6.8405388019465363e-1
    6.8431382982609124e-1 6.8485955028193402e-1 6.8494614223371697e-1
    6.8509527537230497e-1 6.8652100604647004e-1 6.8656753447027896e-1
    6.8677574417441589e-1 6.8681398761587586e-1 6.8721016930354983e-1
    6.8750574107198192e-1 6.8806076343753375e-1 6.8827316691495066e-1
    6.8866143943614588e-1 6.8883720313760932e-1 6.8897412530183522e-1
    6.8900232418172891e-1 6.9128150059136062e-1 6.9154140699293976e-1
    6.9168760632513882e-1 6.9170787385041876e-1 6.9177309627207251e-1
    6.9191703924980175e-1 6.9237330647792983e-1 6.9240693263691355e-1
    6.9267898220087687e-1 6.9271414825217492e-1 6.928730879794216e-1
    6.9287739583675523e-1 6.9371423277566968e-1 6.937212698741746e-1
    6.942150986786686e-1 6.9422550113366555e-1 6.9486977551277584e-1
    6.9495624148623847e-1 6.950920301993051e-1 6.951943945684268e-1
    6.9552124883076816e-1 6.9584909114603632e-1 6.961470423711944e-1
    6.9647678397684232e-1 6.9696079377273334e-1 6.9732341530886643e-1
    6.9740176835675816e-1 6.9756999288026122e-1 6.9772958237840044e-1
    6.9777227887516347e-1 6.9826046831808108e-1 6.984744861418416e-1
    6.9853469260793388e-1 6.9892511409809688e-1 6.9913823747425852e-1
    6.9922431356803827e-1 6.9936195596387229e-1 6.9972652424026327e-1
    6.9977413486512063e-1 6.9980133613689754e-1 7.0009514509174553e-1
    7.006371767461782e-1 7.0070809599084372e-1 7.0070928260713572e-1
    7.008976792744761e-1 7.0128056925796045e-1 7.0161583959129026e-1
    7.0163903474503964e-1 7.0174416201118883e-1 7.0180048994898248e-1
    7.0208971669819675e-1 7.0214269249832539e-1 7.0222519609746492e-1
    7.0226000327909333e-1 7.0241786124027139e-1 7.0254235805051779e-1
    7.029319913335712e-1 7.0297528694031064e-1 7.0357077147861802e-1
    7.0377791055011585e-1 7.0419392085815546e-1 7.047830247277943e-1
    7.0507800532608855e-1 7.0519059733105682e-1 7.0522402975852438e-1
    7.0523237310490827e-1 7.0533648584133901e-1 7.0554836990023817e-1
    7.0582978790257167e-1 7.0600043606696594e-1 7.0656186692204981e-1
    7.0666001677175572e-1 7.0703072243804854e-1 7.078615873457238e-1
    7.084090180227437e-1 7.0878704966526129e-1 7.09020263480728e-1
    7.0907055980387668e-1 7.1065923614738002e-1 7.1075176732335876e-1
    7.1098252160967002e-1 7.1098300792975633e-1 7.109865803117178e-1
    7.1123736011522853e-1 7.1184874185684066e-1 7.1215224693312962e-1
    7.122275269707643e-1 7.1234594003551266e-1 7.1251163113844418e-1
    7.1259500448520285e-1 7.1266296214344038e-1 7.1278518070476615e-1
    7.1395593656120582e-1 7.1431227837128974e-1 7.1456298010815544e-1
    7.1480462362486608e-1 7.154789058876645e-1 7.1632014937995336e-1
    7.1649413654602701e-1 7.1723416681012186e-1 7.1798103269247804e-1
    7.1836805044185892e-1 7.1861528091854632e-1 7.186353217802548e-1
    7.1968583054852142e-1 7.2027847978802129e-1 7.2059904464604185e-1
    7.2135515943523387e-1 7.222308263810191e-1 7.227069885299594e-1
    7.2311342310295001e-1 7.2313650557018927e-1 7.2386041437683468e-1
    7.238720513795821e-1 7.2507767334809614e-1 7.2514983781301068e-1
    7.2527447373323639e-1 7.2611557809873373e-1 7.2732210461608704e-1
    7.2737485691012205e-1 7.2745597841958443e-1 7.2765277403857453e-1
    7.278889392914607e-1 7.2790645236570772e-1 7.2833235008737451e-1
    7.2854135155648692e-1 7.2888525781422686e-1 7.2896556775629051e-1
    7.2920846887893731e-1 7.2936134818260145e-1 7.2964268928106846e-1
    7.2979128967181173e-1 7.3008836580538627e-1 7.3016734796556193e-1
    7.3100269770971371e-1 7.3112228396275891e-1 7.3128114629421359e-1
    7.3134449801333778e-1 7.3165071460476838e-1 7.3176515492850736e-1
    7.3206408445003035e-1 7.3292396726310471e-1 7.334900271450806e-1
    7.3363357256531003e-1 7.3378231451852116e-1 7.3413592627427227e-1
    7.3543826423500447e-1 7.3558678314748249e-1 7.3565641187481867e-1
    7.3647393749234247e-1 7.3700532274811947e-1 7.3710453190229108e-1
    7.3753454724289569e-1 7.3756109801953629e-1 7.3786760568832088e-1
    7.383932874772654e-1 7.3859098787129873e-1 7.3860433016199589e-1
    7.3879944135535425e-1 7.3881739598188934e-1 7.3883128501884132e-1
    7.3915407202588945e-1 7.3960861825071333e-1 7.3966606588683392e-1
    7.3989826550541693e-1 7.4028212471279808e-1 7.40486694748688e-1
    7.4058906351160658e-1 7.4130320055360244e-1 7.4133784046830442e-1
    7.4164688583026028e-1 7.4198862047288372e-1 7.4227606250352351e-1
    7.4231960766097804e-1 7.4294340589708552e-1 7.4316707490268075e-1
    7.4402460581040941e-1 7.4403139911953531e-1 7.4438733726317596e-1
    7.4452608474546811e-1 7.4502345037302575e-1 7.4549809121750021e-1
    7.4577333508659649e-1 7.4598502771323183e-1 7.4649792578050156e-1
    7.4682319520408258e-1 7.4713876529385748e-1 7.4724685660214618e-1
    7.475156099525212e-1 7.4754651591604215e-1 7.4882713176422533e-1
    7.4902784136439648e-1 7.4903941075734271e-1 7.4907993122054572e-1
    7.4964753124004346e-1 7.4964929460130791e-1 7.501014950820718e-1
    7.5047360005928565e-1 7.5090219938174418e-1 7.5104822980223873e-1
    7.5112070261145292e-1 7.5121088998700236e-1 7.5135231724100648e-1
    7.5238886210910194e-1 7.5261430555895004e-1 7.52881482227167e-1
    7.5316222868682414e-1 7.5330796364460184e-1 7.5356557805412194e-1
    7.5376384471524038e-1 7.5390335850374868e-1 7.5394768044816374e-1
    7.5413901584670384e-1 7.5433312058305546e-1 7.5467060721621237e-1
    7.5480741704200227e-1 7.5508278714369226e-1 7.5518547356996346e-1
    7.5527101426223453e-1 7.5535463953061865e-1 7.5537860294525672e-1
    7.55427414146847e-1 7.5621108867790099e-1 7.562229576049504e-1
    7.5626904969116859e-1 7.5628678782582681e-1 7.5673396515521041e-1
    7.5710067895686894e-1 7.5727232277157397e-1 7.5729808437640711e-1
    7.5755440658828854e-1 7.5757932106398584e-1 7.5761850342744308e-1
    7.5767035456374288e-1 7.5800538394534867e-1 7.582483818455743e-1
    7.5854773992994684e-1 7.5866905830914932e-1 7.5868862276911386e-1
    7.5879513528980169e-1 7.5898639251295208e-1 7.5956872055635871e-1
    7.6077432075440754e-1 7.6079408903605228e-1 7.6141199071431631e-1
    7.6152938282243099e-1 7.6221654852234777e-1 7.6230153230860442e-1
    7.6262056703828052e-1 7.6264725019892798e-1 7.6324614212536412e-1
    7.6343132573824735e-1 7.6374931300272564e-1 7.6374987135620487e-1
    7.6404773371591128e-1 7.6435515292277245e-1 7.6450420375640538e-1
    7.6452233569489181e-1 7.6491374160132186e-1 7.6492630326665678e-1
    7.656308791127231e-1 7.6564914556920483e-1 7.6626482707676047e-1
    7.6627507132606199e-1 7.6638453676309837e-1 7.6647115299681445e-1
    7.671927182224284e-1 7.6721403056062631e-1 7.6755642999827012e-1
    7.6850670405121946e-1 7.6895941731652329e-1 7.6909884275703788e-1
    7.6946295753787131e-1 7.6948815337238397e-1 7.6983979240344524e-1
    7.6992397074457131e-1 7.6995896749326675e-1 7.7017253587594803e-1
    7.7027882638292955e-1 7.7028616383176995e-1 7.7034796112327186e-1
    7.7036573165465105e-1 7.7073580469732406e-1 7.7079143299415587e-1
    7.7143061399638102e-1 7.7198224759830225e-1 7.7206838721139093e-1
    7.7214773433461237e-1 7.7286891226089616e-1 7.7332296443893256e-1
    7.738826832112734e-1 7.7409952918431679e-1 7.7450150257064621e-1
    7.7498932853293145e-1 7.7503177983908245e-1 7.750702372526348e-1
    7.7579079463976086e-1 7.7593912823698474e-1 7.7636239719566902e-1
    7.7655007564145406e-1 7.7666513751046296e-1 7.7703231578129817e-1
    7.7754092437070155e-1 7.7824322267002166e-1 7.7840346117673109e-1
    7.7840616321304879e-1 7.7917909905479776e-1 7.7924007530944239e-1
    7.7968473226367985e-1 7.7970567729025786e-1 7.7972093133699416e-1
    7.80193858480277e-1 7.8026432361912157e-1 7.802945316414025e-1
    7.8081015824351141e-1 7.8090023053181878e-1 7.8186796912349465e-1
    7.8193770474863411e-1 7.822445786073331e-1 7.8246233627269246e-1
    7.8277660069234112e-1 7.8312546714587372e-1 7.8334540623743321e-1
    7.83876273370677e-1 7.8505083002329978e-1 7.8526834944360802e-1
    7.8584532127036111e-1 7.8600541575668914e-1 7.8601632829277146e-1
    7.8611311754290603e-1 7.8623400972394719e-1 7.8656634479912102e-1
    7.8691582457788012e-1 7.8693606435117547e-1 7.8725481086708404e-1
    7.8778286281796128e-1 7.8782664402832681e-1 7.880809394591779e-1
    7.8888907212720893e-1 7.8890553361577531e-1 7.8976411046346584e-1
    7.8980752330996684e-1 7.8983014365735471e-1 7.8984097777167028e-1
    7.8994676041672085e-1 7.9022676039203366e-1 7.907507271214248e-1
    7.9081160091234581e-1 7.9101853267120537e-1 7.9107594336517195e-1
    7.9148320946378592e-1 7.9153294162606469e-1 7.9190842663920191e-1
    7.9227827917175087e-1 7.9238060499574203e-1 7.928895140068396e-1
    7.9332532002899825e-1 7.9360935321255965e-1 7.9397077002249716e-1
    7.9433405107056387e-1 7.9441033043292464e-1 7.9456838402744068e-1
    7.9487385605042549e-1 7.9488698436906347e-1 7.9522435060466989e-1
    7.9530846271827615e-1 7.9585497791931625e-1 7.9589538360369261e-1
    7.9602121882170551e-1 7.9616684313246622e-1 7.9699670307970583e-1
    7.9741105551722413e-1 7.9804957281357924e-1 7.9809777382070024e-1
    7.9864489425335705e-1 7.9868118891738504e-1 7.9892693940637405e-1
    7.9922880940193863e-1 7.9938612010287868e-1 8.0000729601029397e-1
    8.0016482012696444e-1 8.0057656662472709e-1 8.0124872037006867e-1
    8.0149366426176127e-1 8.0195282517961464e-1 8.0202206344495153e-1
    8.0209712905473551e-1 8.0212413172881725e-1 8.0254061830692081e-1
    8.02550243335025e-1 8.0267635390682701e-1 8.0320141944084755e-1
    8.0356711981285112e-1 8.0359302243331854e-1 8.0389393427772116e-1
    8.0404134608374989e-1 8.0416825193799468e-1 8.0475809927598418e-1
    8.0540493994813001e-1 8.0559545067416771e-1 8.0562562057441156e-1
    8.0564556288884759e-1 8.0637448406964718e-1 8.0716154409162755e-1
    8.0764287547699498e-1 8.0847693207385873e-1 8.0851232996760702e-1
    8.0859871963962682e-1 8.0874546552043591e-1 8.08838161690278e-1
    8.0892577132035515e-1 8.0903782199529817e-1 8.0985822311033029e-1
    8.0986676919924994e-1 8.101592473643987e-1 8.1016846095171791e-1
    8.1061857965136142e-1 8.1099528528932296e-1 8.1168989918478474e-1
    8.1173985858996878e-1 8.1178006811933301e-1 8.1229055868345768e-1
    8.1232896172861047e-1 8.1243164169700322e-1 8.1339766775779154e-1
    8.1389429306682359e-1 8.1434015577842733e-1 8.1443870487291858e-1
    8.1505003543479693e-1 8.1507930285972308e-1 8.1519667797274453e-1
    8.1533303550604619e-1 8.155600501888991e-1 8.1594410452794364e-1
    8.1608907144137832e-1 8.1610177916348092e-1 8.1656060251839335e-1
    8.1693563860119411e-1 8.1708074437424982e-1 8.1724311633284485e-1
    8.1736761582325401e-1 8.1746766383328884e-1 8.1794416422690119e-1
    8.1812783158813385e-1 8.1878087955049395e-1 8.1895601946565544e-1
    8.1938399135942741e-1 8.2029284771342648e-1 8.2039346373103816e-1
    8.2066143222846222e-1 8.2120059296391901e-1 8.2132941480912536e-1
    8.2159047030245347e-1 8.2238573433482998e-1 8.2262084630177212e-1
    8.2267830493037764e-1 8.2277241193423833e-1 8.2288520787469677e-1
    8.2397119029556054e-1 8.2399744154177568e-1 8.244212253531259e-1
    8.2513532604589268e-1 8.2606109004791506e-1 8.2688755334288544e-1
    8.2782560425403062e-1 8.2792347006254174e-1 8.2846485911193213e-1
    8.2855934222889116e-1 8.2928412376562244e-1 8.2932395173475015e-1
    8.2948450701314869e-1 8.2948682982930677e-1 8.3009867116032343e-1
    8.3019316814434208e-1 8.3034483413499061e-1 8.3058204722692608e-1
    8.3082272823039605e-1 8.308920915062572e-1 8.3124835659987184e-1
    8.3125726562957425e-1 8.3161814971256354e-1 8.3165333314616419e-1
    8.3178374002703293e-1 8.3179261705675922e-1 8.3186135710529929e-1
    8.3191099042060812e-1 8.321153027515038e-1 8.3245168874651021e-1
    8.3295557859764813e-1 8.3295851441585e-1 8.330053527746486e-1
    8.3302613422137028e-1 8.3311481403588916e-1 8.3344755983004382e-1
    8.3347013827642513e-1 8.3407317182496221e-1 8.3479726273333199e-1
    8.3519062354667994e-1 8.3564144509603011e-1 8.3564401859921422e-1
    8.3569300575585914e-1 8.3570053025682678e-1 8.3576928027787289e-1
    8.3613198849175208e-1 8.3620657608310012e-1 8.3625378974401043e-1
    8.3780989865499578e-1 8.380261413435619e-1 8.3812018582418657e-1
    8.3855795928059251e-1 8.3861044129224116e-1 8.386172528548741e-1
    8.3941951139104276e-1 8.4009829847406892e-1 8.4112574526297978e-1
    8.4112745230353625e-1 8.4159569034625292e-1 8.4163886734995685e-1
    8.4188076507257392e-1 8.4210376111968799e-1 8.423663040853171e-1
    8.4289763212481461e-1 8.4327384161275631e-1 8.4338199203226139e-1
    8.4387100992989872e-1 8.4424351214537252e-1 8.4474546563005792e-1
    8.4493997240819718e-1 8.4542251771108567e-1 8.4567866520783352e-1
    8.4589099658569467e-1 8.4601686942096421e-1 8.4657764682071956e-1
    8.4659803986187399e-1 8.4666661993878733e-1 8.4680313990856115e-1
    8.4694611074604609e-1 8.4699546927461145e-1 8.4730692615198677e-1
    8.473555178536778e-1 8.4758861879745384e-1 8.4768375476378421e-1
    8.4852614141558058e-1 8.4952708437726365e-1 8.4969291633307065e-1
    8.4983016752266849e-1 8.5028399075076777e-1 8.5036522859991237e-1
    8.5107303287566083e-1 8.5126693737629466e-1 8.5185999366772847e-1
    8.5203793051490118e-1 8.5252248951292131e-1 8.5262367195803435e-1
    8.5267430628737206e-1 8.530692902603505e-1 8.5337965743855193e-1
    8.5346886511115372e-1 8.5391147862546291e-1 8.5406468471873354e-1
    8.5434354841509053e-1 8.5489572323622265e-1 8.5507374488848986e-1
    8.5510382819920783e-1 8.5565118414097341e-1 8.5576223191947065e-1
    8.5591696581570886e-1 8.5597882093240207e-1 8.5703412307861981e-1
    8.57059671364785e-1 8.575597343311756e-1 8.5763392890549994e-1
    8.5793833053031676e-1 8.5806490605655195e-1 8.5870251201608228e-1
    8.5881767341951287e-1 8.5889761752775939e-1 8.5896031840929932e-1
    8.5947860683927502e-1 8.5950063700405133e-1 8.6071923274776052e-1
    8.6092625029474823e-1 8.6102283409590286e-1 8.6156503898779524e-1
    8.6244311767177351e-1 8.6259317510584876e-1 8.6314910153893309e-1
    8.634467739700995e-1 8.6357261065900692e-1 8.6375369299321392e-1
    8.642892022299975e-1 8.6489665987337505e-1 8.6496885093811215e-1
    8.6511338402136873e-1 8.6518105841431947e-1 8.6537917392683994e-1
    8.656122098065514e-1 8.6585213638085956e-1 8.6624609421011201e-1
    8.6628426731514685e-1 8.6650201536540405e-1 8.6650480072927394e-1
    8.671994326190543e-1 8.6752467769656505e-1 8.6797449386681691e-1
    8.6808536365437505e-1 8.6850802048465992e-1 8.6897518378725636e-1
    8.6930257006003686e-1 8.6960551347247017e-1 8.7024509198172384e-1
    8.707719952216848e-1 8.7122669907112138e-1 8.7126842276047678e-1
    8.7145849696427524e-1 8.7146345280268633e-1 8.7167589066234541e-1
    8.7169447674104961e-1 8.720807666589584e-1 8.7221861577436355e-1
    8.7231677811942065e-1 8.7235293106203926e-1 8.7284163606687393e-1
    8.7375741833643084e-1 8.7391515027729838e-1 8.739845232379998e-1
    8.7440903603226161e-1 8.7454916279756389e-1 8.7613224375127174e-1
    8.762786419342774e-1 8.7643968034481079e-1 8.7663372395624684e-1
    8.7701183571043662e-1 8.7704034164039513e-1 8.7781592316162005e-1
    8.7796681905701912e-1 8.7837796289391512e-1 8.7840483043068418e-1
    8.7876651278497775e-1 8.7994890725576624e-1 8.8031872444040415e-1
    8.8042106594584768e-1 8.8049609474813095e-1 8.8101146936469377e-1
    8.8127580658287608e-1 8.8130491554665014e-1 8.8267743004454202e-1
    8.8268940796100048e-1 8.8310242355560653e-1 8.8319421247032637e-1
    8.8356459926808384e-1 8.8359459093213188e-1 8.8374419584442876e-1
    8.8391534357822366e-1 8.841472277836715e-1 8.8447816162995097e-1
    8.8456390361365522e-1 8.8548262760359653e-1 8.8567711323948972e-1
    8.8580071978594788e-1 8.8620357894365043e-1 8.863526617176376e-1
    8.8666162256788539e-1 8.8677325597518575e-1 8.871618230978584e-1
    8.8720253000815319e-1 8.8757735307860586e-1 8.8763141319209349e-1
    8.8795045746337564e-1 8.8828079765439072e-1 8.8889176037328066e-1
    8.8892913580712052e-1 8.8940210424948418e-1 8.8967135989577173e-1
    8.8991000757027905e-1 8.8998599014129809e-1 8.9011387875302717e-1
    8.9013679679055713e-1 8.9088878872041732e-1 8.9131443646813713e-1
    8.9161464055496253e-1 8.9176817815144782e-1 8.9241005255882599e-1
    8.9246903040040182e-1 8.9297685241399449e-1 8.9318782120507323e-1
    8.9357272878362437e-1 8.9363889795861595e-1 8.9367984669428324e-1
    8.9384044227696791e-1 8.9410876481997548e-1 8.94132986700788e-1
    8.9415919499770102e-1 8.9419629000154344e-1 8.9517682029249301e-1
    8.9528635461030193e-1 8.9714517556088447e-1 8.9730488205350412e-1
    8.9784934045746922e-1 8.9786369897766305e-1 8.9793480959536154e-1
    8.9795345014376182e-1 8.9847722670037911e-1 8.9855122468043191e-1
    8.9876866688195733e-1 8.9905492182447233e-1 8.9964270900327392e-1
    8.9996200159985162e-1 9.0032445879787704e-1 9.0036117385079706e-1
    9.0039712637135383e-1 9.0042901782304141e-1 9.0057835633494199e-1
    9.0135716200609295e-1 9.0240333001711404e-1 9.0249567631963146e-1
    9.0252994200773173e-1 9.0279796138284496e-1 9.0306890642165982e-1
    9.0312138051858715e-1 9.0354731865424276e-1 9.0373245198622953e-1
    9.0398465641067105e-1 9.0416444818977904e-1 9.0434801722362868e-1
    9.0438686939105295e-1 9.0503851731242924e-1 9.0514666655720555e-1
    9.0529654934903192e-1 9.0534890833311821e-1 9.0536922173578205e-1
    9.0539739507676131e-1 9.0555542869356032e-1 9.0555616629377478e-1
    9.0582078452071069e-1 9.0582864516500194e-1 9.0663859915557621e-1
    9.0670618942294823e-1 9.0758576176485806e-1 9.0759203572473623e-1
    9.0824693418267088e-1 9.0886393803800725e-1 9.0903625476423455e-1
    9.0955179027309896e-1 9.09741832179634e-1 9.0992561437724362e-1
    9.1066813221954135e-1 9.1108361895112466e-1 9.1127776621897283e-1
    9.1130662146275021e-1 9.1184109728583285e-1 9.1187799248530155e-1
    9.1215134549406685e-1 9.123860892459561e-1 9.1286773690015055e-1
    9.128710246925168e-1 9.1302052833149594e-1 9.1318737723770482e-1
    9.1340279901860411e-1 9.1341214614221822e-1 9.1424849146596898e-1
    9.1437195425942264e-1 9.1569940780791514e-1 9.1606901607826785e-1
    9.1613219380342348e-1 9.162812518821738e-1 9.1665104881914361e-1
    9.1670435564340857e-1 9.1679758822445889e-1 9.1707857756033007e-1
    9.1760291834671082e-1 9.1775849563504153e-1 9.1812205734656038e-1
    9.1830259350697618e-1 9.1853479176268138e-1 9.1888401605165204e-1
    9.1916674116760078e-1 9.1917288866642366e-1 9.2007367851656452e-1
    9.2016329235429295e-1 9.2034495081907153e-1 9.2036972455127852e-1
    9.2048702041847719e-1 9.2059001913099159e-1 9.2102017283086757e-1
    9.2104582880585895e-1 9.2116130178737876e-1 9.2116343290672376e-1
    9.2142216901703478e-1 9.2152384367000195e-1 9.2160620752507127e-1
    9.2176117120086731e-1 9.2220485665056917e-1 9.2223296965742063e-1
    9.2279284134951922e-1 9.2352493176372263e-1 9.2360309179696287e-1
    9.2377379864756226e-1 9.2417111504922411e-1 9.2417357544589629e-1
    9.2438848632850745e-1 9.2440450789115403e-1 9.2506678435051981e-1
    9.2513653943778995e-1 9.2558013608977485e-1 9.258103679569103e-1
    9.2598019674191789e-1 9.2639012331733284e-1 9.2647155165523143e-1
    9.2648496180186157e-1 9.2693431308134677e-1 9.2727958196987859e-1
    9.2765535680046018e-1 9.2804383175171101e-1 9.2822251810957823e-1
    9.2853068526892457e-1 9.2879033642839204e-1 9.2896426707466162e-1
    9.2917292092380421e-1 9.2949382249033385e-1 9.3034073012040608e-1
    9.3051613214929607e-1 9.3158679781445242e-1 9.3165897488571703e-1
    9.3193078188776068e-1 9.3210146073527411e-1 9.3241960196596663e-1
    9.3251946471841618e-1 9.329308466853945e-1 9.3307602064560347e-1
    9.3349560756826122e-1 9.3376094799759812e-1 9.3412000570540643e-1
    9.3414150943681307e-1 9.3425522839106634e-1 9.3447276230692755e-1
    9.3463433697615983e-1 9.3477260375364035e-1 9.3497184752068274e-1
    9.3524431278526921e-1 9.3542943504439791e-1 9.3564644251673601e-1
    9.3594126411044276e-1 9.3598674261633619e-1 9.3634491904907691e-1
    9.3715900340688074e-1 9.3768763372173047e-1 9.3781992896654431e-1
    9.3828587554035037e-1 9.3838480294841375e-1 9.3879726859449875e-1
    9.3898859769319643e-1 9.3972110656859509e-1 9.3973076990732807e-1
    9.4000989716041661e-1 9.4038382482412997e-1 9.4046808509483526e-1
    9.4047486809631664e-1 9.4128887688438878e-1 9.4136252362141026e-1
    9.4176923723037476e-1 9.4211548835064607e-1 9.4262626458411047e-1
    9.4279175142815397e-1 9.4323963003989775e-1 9.4328457266324217e-1
    9.4486969397530629e-1 9.4501344550462818e-1 9.4530399502436924e-1
    9.45323152402338e-1 9.4591936553414213e-1 9.459476152117986e-1
    9.4600560462835603e-1 9.4629067305936587e-1 9.4688876137730915e-1
    9.4804641997425276e-1 9.4849451099007642e-1 9.4881501557920278e-1
    9.4922574306092433e-1 9.494047169153419e-1 9.4958531755637521e-1
    9.4969514194131732e-1 9.5024157563111655e-1 9.5037890319090368e-1
    9.5070426669190056e-1 9.5086448444708371e-1 9.5127681434917122e-1
    9.5127876470905903e-1 9.5158638459554368e-1 9.5170337736799415e-1
    9.5226095357663454e-1 9.522616541945419e-1 9.5277049932948488e-1
    9.5284332426529417e-1 9.5310609883972575e-1 9.5324539452212775e-1
    9.535385153674838e-1 9.5360168812021584e-1 9.5397524332438477e-1
    9.541576620751584e-1 9.5483705370406824e-1 9.549765261192078e-1
    9.5549837833723361e-1 9.5574542987625521e-1 9.5611871737037291e-1
    9.5622063943847024e-1 9.5668843590883623e-1 9.5691190641832691e-1
    9.5745332882648881e-1 9.575510739137485e-1 9.5852350777613538e-1
    9.5857157229820589e-1 9.5884450966441359e-1 9.5922034937957501e-1
    9.5959324918112543e-1 9.5963679502176547e-1 9.5980362270570363e-1
    9.6001934299617153e-1 9.602072483301527e-1 9.6030708193379721e-1
    9.6067418399275084e-1 9.6094389676838021e-1 9.611109250573564e-1
    9.6117330578435944e-1 9.6119278408539266e-1 9.6136661778200505e-1
    9.6149981505586768e-1 9.6176174816446292e-1 9.6243108651274922e-1
    9.6263423649400337e-1 9.6287246164695262e-1 9.6352960004724086e-1
    9.6380848574355171e-1 9.6421090071744397e-1 9.6435843178863123e-1
    9.6457755698804704e-1 9.6483767682520916e-1 9.6500211051561569e-1
    9.6546661423677249e-1 9.6552607845712501e-1 9.662115809302122e-1
    9.6642772458369564e-1 9.6674619666259787e-1 9.6690708160622307e-1
    9.6734023349511389e-1 9.6761599819384558e-1 9.6806948858466058e-1
    9.6819869686441962e-1 9.683814695757974e-1 9.684772272103146e-1
    9.6858206761726251e-1 9.6858690814860893e-1 9.6880719836153728e-1
    9.6883910654571537e-1 9.6937714758456017e-1 9.6953704483089498e-1
    9.698751849120526e-1 9.6988329276746299e-1 9.699342745694659e-1
    9.6994651315526426e-1 9.7059396353179184e-1 9.7104970680929914e-1
    9.7127518191324014e-1 9.7129183736196867e-1 9.7145348053629732e-1
    9.7160446967172898e-1 9.7175723125196778e-1 9.7176576769737721e-1
    9.7188895425243316e-1 9.7197643853651239e-1 9.7207541649595441e-1
    9.7208546959732678e-1 9.7214774854895347e-1 9.7219670934434055e-1
    9.7227493984860303e-1 9.7233541089299247e-1 9.7245845797801844e-1
    9.7253519812693412e-1 9.7258924554114401e-1 9.7268694398226219e-1
    9.7273904260819111e-1 9.7280047201854813e-1 9.7288838376211972e-1
    9.7297637680258053e-1 9.7316715669257969e-1 9.7322522304511949e-1
    9.734283197836362e-1 9.7366128791873052e-1 9.7396295413977896e-1
    9.740862737501933e-1 9.7429263669149202e-1 9.743629258506189e-1
    9.7514934592456681e-1 9.7535215557536503e-1 9.7647336746977087e-1
    9.7666833316216073e-1 9.7685410686897611e-1 9.7746352196211062e-1
    9.775711450708513e-1 9.7776725322374758e-1 9.7834906117831066e-1
    9.7846491450418394e-1 9.7921588142233829e-1 9.7929566771915688e-1
    9.7987151254947091e-1 9.7998785579524594e-1 9.8038070674301703e-1
    9.8053858428538665e-1 9.8084139796368874e-1 9.8090150796455033e-1
    9.8094487085235671e-1 9.8138116577892254e-1 9.8194853619783573e-1
    9.8215943602021327e-1 9.8252534985177442e-1 9.8279849752759674e-1
    9.8316586006274065e-1 9.8323347005665107e-1 9.8368958628520886e-1
    9.8371637595700379e-1 9.8442210090479421e-1 9.8510163383346594e-1
    9.8576836375400489e-1 9.8651949816212436e-1 9.868582966341819e-1
    9.8750926711244347e-1 9.8823436519523966e-1 9.8847705701750788e-1
    9.8875339250059824e-1 9.8877474472980487e-1 9.8902646144058182e-1
    9.8915073289794642e-1 9.8974570021175623e-1 9.8987762744959584e-1
    9.9059359031816707e-1 9.9075448702751601e-1 9.9094190310211161e-1
    9.9097100988819875e-1 9.9162275314756698e-1 9.9174143899717815e-1
    9.9218509411309697e-1 9.922851865848088e-1 9.927274535315519e-1
    9.9303620052300567e-1 9.9417933789777635e-1 9.9437857177036904e-1
    9.9473530857309811e-1 9.9485215943103356e-1 9.950291122067938e-1
    9.9507408190165736e-1 9.9518509378285669e-1 9.9520433494544702e-1
    9.9581656916447825e-1 9.9596967819154869e-1 9.9659478787052647e-1
    9.9673135874179153e-1 9.9696062307196243e-1 9.9748482445373077e-1
    9.9778868654834696e-1 9.9799601855071762e-1 9.9862385124066577e-1
    9.9873146608924146e-1 9.996947633092077e-1 9.9986768827810535e-1
    1.000230292855008 1.0007228040386735 1.0015475734948041 1.0017173154893158
    1.0024219613017777 1.0026623229007328 1.0032756878512372 1.0036250437793797
    1.0037494794203465 1.0038247320904443 1.0047871988905561 1.0048148199204792
    1.0049957419720386 1.0050002539049956 1.0051391225283623 1.0052750455022306
    1.0062495160946128 1.006476460020167 1.0073402521880521 1.0076886309453974
    1.0086579973912193 1.0086773249478256 1.009191912377446 1.0092891588863364
    1.0094816693029618 1.0096304460654211 1.009806357150475 1.0098506836291432
    1.0101996021132891 1.0104603263771423 1.0106748297896502 1.0111575936821282
    1.0132278154896994 1.0133041184521061 1.0134776302767123 1.0137278689506073
    1.0142627638003432 1.0147461947151157 1.0148754015458508 1.0152604530779041
    1.0153340967357118 1.01557200794295 1.0156357808024041 1.0159151304802436
    1.0169084310904168 1.0170007858074315 1.0180460006049543 1.018290855441478
    1.0185599567112149 1.0187448062823024 1.019391278657622 1.0194911661283186
    1.0205553732038324 1.0210032112668159 1.021818144574224 1.0218432218313183
    1.0227054913179927 1.0228659609807438 1.0234605416195077 1.0238023790849184
    1.0241266423813613 1.0248119658586543 1.0250027455848405 1.0250411460075546
    1.0254969144142316 1.0255090322016258 1.0260406019640869 1.0262474151501237
    1.0268836444172393 1.0272716174386005 1.0276421280642742 1.0278490498584318
    1.0280142037802813 1.0284913194414571 1.0292165902751549 1.0293307225376338
    1.0296628102501524 1.0301173380665205 1.030408501001653 1.0304689412456356
    1.0314118869863316 1.0314466540592662 1.0316377458904233 1.0316913870571105
    1.0324444798285413 1.0325027329297103 1.0326542500919231 1.0327030575543859
    1.0329172671334683 1.0332692451820549 1.0338264234040051 1.0339427917342618
    1.0341618498805929 1.0342079950936143 1.0343728658730729 1.0347409735200928
    1.0349846004919527 1.0349967653882888 1.0355361920843886 1.0356676901203374
    1.0361710444533117 1.0365438002828 1.0373301792497438 1.0374298534368012
    1.0380225639471519 1.038024073063045 1.0387453491686074 1.0387876830639773
    1.0392123935403756 1.0392789523814696 1.0397322779706883 1.0398472189421226
    1.0403487127634434 1.0409858976297983 1.0410951936439687 1.0420167178672273
    1.0426102374432631 1.042928194430514 1.0434313627054508 1.0435040425767284
    1.0438179968341501 1.043853118169084 1.0441639621287209 1.0447953685707603
    1.0449481452213831 1.0454722228031414 1.0456493863503056 1.0461241148809026
    1.047698820710707 1.0483657047610109 1.0485518554020625 1.0486804075418377
    1.0498307592457019 1.0498366310762322 1.0498891189262798 1.0499070199296057
    1.0500692572525925 1.0500834330762245 1.0503326543660023 1.0503684971064711
    1.0504899822091527 1.0507305538534979 1.0508608135544364 1.0508798367141481
    1.0509789381890187 1.0511888924070913 1.0512483352936215 1.0514999572949364
    1.0519426947568604 1.0519701672734907 1.0520529197207225 1.0524468485074456
    1.0530593325059574 1.0532766674965388 1.0542542166201332 1.054513803076083
    1.0546212788401843 1.0547025836065587 1.0554306925523633 1.0558322927601391
    1.0560685956391873 1.0563697634771805 1.0565128438797078 1.0565259020948159
    1.0570765027130911 1.0572487974950491 1.0578882702116097 1.0580560993364088
    1.0586185104241395 1.0591980550007065 1.0594043309964845 1.059490092690794
    1.0597165480191961 1.0602844262269173 1.0605488342753233 1.0612662377081961
    1.0619124511392026 1.0619841232734568 1.0621491130282266 1.0629017047183587
    1.0633088490115672 1.063894612491822 1.0653793554687581 1.0654898739974972
    1.0659405649988458 1.0659479147900583 1.0664421297027122 1.0671170358623385
    1.0675298512333029 1.0675533940381814 1.0679447347712692 1.0681957897854122
    1.0683434208745894 1.0684059451808328 1.0689159848616328 1.0689807010219283
    1.069228088426371 1.0694146420256629 1.0694915257362538 1.0695633323864968
    1.069648582190504 1.0696702320239118 1.0702869436196731 1.0704651256933175
    1.0707797564255088 1.0709410063010409 1.0711233431801475 1.0712926719183997
    1.0719447918473635 1.0720050056563195 1.0721185663872379 1.0723932998823027
    1.0733616959714709 1.073418777693405 1.0743559615830236 1.0751738252040468
    1.0759320705479638 1.076425543851006 1.0775931391784372 1.0778765559364842
    1.0779173215011855 1.0784330949726382 1.0785421434018645 1.0788513004426932
    1.0788898769873412 1.0790942430088155 1.079345859195276 1.0796881557276485
    1.0797892493815766 1.0802762847852136 1.0811249026853602 1.0811619827192089
    1.0814513603741944 1.0819641350492475 1.0821272974299974 1.0821627416424917
    1.0822056829370201 1.0822777309214757 1.0830170146391538 1.0832545638836564
    1.0835736654698849 1.0838302573108649 1.0844605628855106 1.0846414667221325
    1.085065196181566 1.0852488841574086 1.085293795260327 1.0852940474037496
    1.0854856877178161 1.0854864078997934 1.0857924747774632 1.086110649109352
    1.0861941548643699 1.086235040272004 1.0865131607937655 1.0869203377391385
    1.088188280712552 1.0882044356816161 1.0883371942357891 1.0883732274773397
    1.088403478930104 1.0891338167307367 1.0904840779212464 1.0908464171729975
    1.0910278574765471 1.0912901261121482 1.0921628814168798 1.0922195352833115
    1.0931308692189758 1.093544932640907 1.0939710068459134 1.0942378215605848
    1.0945996251413135 1.0952113659588036 1.0959318307776205 1.0959557639728246
    1.0960720695114106 1.0963168076593017 1.0963571264992424 1.0967421189733007
    1.0968645653850218 1.0969375477948233 1.0971201863123496 1.0971381164668856
    1.0977319782296036 1.0980015341969345 1.0990031362692509 1.099197999639955
    1.0993605701205524 1.0994473399186973 1.0999948889839288 1.1000285223651645
    1.100196136633637 1.1002986038073079 1.1008137028073699 1.1008383439128466
    1.1015662899693552 1.1015762307685388 1.1016146097506976 1.1016615318954792
    1.1020678143379428 1.1024462046043482 1.1026818737376136 1.1027841392158533
    1.1031257239387091 1.1032247977825591 1.1033831363769033 1.1034734549539931
    1.103665327953081 1.1037561440267989 1.1039940252793947 1.1040442240615675
    1.1046112041874949 1.1049301363623019 1.1060440280948569 1.1060509492185702
    1.1063174734488257 1.1064445413393125 1.106624072257091 1.1066785917973252
    1.1067237600024262 1.1067836485429194 1.1071112470138229 1.1074168907666149
    1.1076460177360634 1.1076708144316854 1.1080379050215925 1.1083142728489292
    1.1086021272767539 1.1087422567758836 1.1087720403897947 1.1087899793965335
    1.1092096384099932 1.109369671593754 1.1098431738462295 1.1101290929469769
    1.1108808025154151 1.1111161856359406 1.1112136746326844 1.111452268472801
    1.1116128679762671 1.1116408014848578 1.1124408420324698 1.1124524030711314
    1.1151307910636206 1.1151581174181047 1.1158331849358547 1.1158792122617645
    1.1166834693720376 1.1171287043401077 1.1173559895736616 1.1173672325194275
    1.1175744902313454 1.1177752308353774 1.1190664653240106 1.1195209710505576
    1.1195704476479023 1.1195966413532119 1.1197990132968698 1.1200607944071765
    1.1203788895839222 1.1204550051078124 1.1208977590607105 1.1209815376107599
    1.1217941513817777 1.1221925273782745 1.1224915931939645 1.1225035248938053
    1.1226374497431948 1.1228491018305817 1.1236615933037986 1.1238473738051198
    1.1241671474608665 1.1241998125157504 1.1248064719567084 1.1250028053844592
    1.125733120368815 1.125909504319452 1.1265563998365451 1.1266801897907368
    1.1274004718567994 1.1275946399223358 1.1278782384112276 1.1279613482757043
    1.1283044866205216 1.1283591208350192 1.1283906156514993 1.1284408181141512
    1.1285821138647709 1.1288516423611934 1.1296572001557099 1.1298317017671025
    1.1306728427790858 1.1307196101908517 1.1309638865931706 1.1309887873484854
    1.1311009087828228 1.1311196093682676 1.131713167984022 1.1317887270168778
    1.1320554174941055 1.1322439393483517 1.1325444863340028 1.1326635520740638
    1.1333901573216281 1.1336834933003956 1.1337958791833291 1.1339253066678339
    1.1340447988263804 1.134101016605958 1.1342387091299315 1.1343550500719175
    1.1346113297564671 1.1348353850570068 1.1349493510136068 1.1351884136917079
    1.1361185947071135 1.1361515017435002 1.1366285131178226 1.137816588583259
    1.1383493929913868 1.1387442936186289 1.1393364682491665 1.139525662392354
    1.1398201018263145 1.140029425381196 1.1403610537811726 1.140793444101746
    1.1409745644930354 1.1410903387386497 1.1411546113947679 1.1412526509236158
    1.1416375515385369 1.1417204848077744 1.1427623332102874 1.142779979850123
    1.1429597142946477 1.1433943818250385 1.1437977263145513 1.1438422232221455
    1.1447422996743626 1.144839773921376 1.1449583300517929 1.1449866173947498
    1.1456418379745326 1.1456691177635701 1.1456962572225773 1.1457576317992724
    1.1458816570528501 1.145908320945247 1.1460063284941953 1.1461184984329218
    1.1464380438188755 1.1466556670496857 1.1470903738323615 1.1471918592666044
    1.1474664722719581 1.147646386722992 1.1481326604526885 1.1484493204869588
    1.1485144173513315 1.1487215307500946 1.1487493102770259 1.1488581363776877
    1.1490482713382204 1.1491249745826799 1.149283143246862 1.1493175248445482
    1.1494384950409378 1.1495496052049816 1.1510612345597337 1.151202205825939
    1.1512846390352252 1.1513417508183141 1.1517193445779412 1.1517380738697511
    1.1520961704563888 1.1525596301822589 1.1527626669307209 1.1527915746753763
    1.1532913676321965 1.1532936691980271 1.1536779014509193 1.1537316024022402
    1.1538111830670459 1.1540908768613007 1.154630501621432 1.1548984269608507
    1.1559311288081819 1.1560721096510254 1.1567376581076263 1.1575041699051809
    1.1580597356924045 1.1580669056183979 1.1590028092308273 1.1590811967409991
    1.1596737263492807 1.1597395502919123 1.1603406413432253 1.1603522813717064
    1.1612006861786313 1.1613703703987084 1.1620432258112032 1.1620475730613482
    1.1623560979438221 1.162468372739454 1.1625427799166346 1.1625436235129882
    1.1630488959119702 1.1630499311778684 1.1635338190648845 1.1638567487676483
    1.1641426389373919 1.1643624505326784 1.164814903481681 1.1652585670058866
    1.1666111130491896 1.1670051562009576 1.1670520840534664 1.1670538358780504
    1.167354345127998 1.1675000263509219 1.1677611200345512 1.1678675453065808
    1.1682984351164158 1.1683894576351253 1.1686078230128867 1.1686109365540946
    1.1689427855428676 1.1691815477211094 1.1703666557475572 1.1704257901404032
    1.1704839064543193 1.170527523450255 1.1709282735848205 1.1712355404679329
    1.1715460584097985 1.1716057796120367 1.1717685634909383 1.1718504831694645
    1.1725016393154095 1.1727579064449856 1.1731971960505234 1.1734631826208783
    1.1739233315738602 1.173988274699127 1.1741045015579792 1.1741576168426491
    1.1743878705090538 1.1744037194427317 1.1753904492341982 1.1755010596524957
    1.1764456678306487 1.1765384064903326 1.1768132590094476 1.1769160823931391
    1.1777685584114417 1.1777694637789213 1.1786169931143378 1.1786823615433604
    1.1790032911158808 1.1790644953084666 1.1798923537427981 1.1799361131410477
    1.1803478887477468 1.1803967476545429 1.1804823634053849 1.1805671261899078
    1.1810650797127284 1.1819295265601493 1.1825827069450108 1.1825947085219088
    1.1833470126111933 1.1833938292609674 1.1839963523877561 1.184240000825022
    1.1847266935277341 1.1850018939251943 1.1853193609310892 1.1855009166547461
    1.1857276246451616 1.1858471979756879 1.1859704223747289 1.1860315195781936
    1.186411979156089 1.1866248868853404 1.1868368890249517 1.1868650851283746
    1.187341648077745 1.187851891511335 1.1881995786502557 1.1885397129015776
    1.1885653533895113 1.1887486786469406 1.189365763761695 1.1896539346025747
    1.1903302505943429 1.1904970012495011 1.1907961255087685 1.1913880102985785
    1.1916881435508913 1.1920211305466313 1.1930337047322912 1.1930772409912151
    1.193359429129097 1.1934397633719658 1.1948307699986269 1.1950688226312423
    1.1955115215747809 1.1963925816306074 1.1965359012587213 1.1965759977929338
    1.1972545790187421 1.1973062894885516 1.1978069756194145 1.1980459158947099
    1.1982506439460849 1.1983876010238721 1.1988090241983238 1.199195791085458
    1.1993061889357706 1.1998809233461998 1.1999542800213021 1.2001088888700906
    1.2014159991890014 1.2014999560524302 1.2016841587699219 1.2018600943383717
    1.2019838183243792 1.2020513821757959 1.2025234367933504 1.2026236965124553
    1.2029985498667883 1.2030976158746853 1.2035654285216424 1.2035926917769919
    1.2047282133372239 1.2048182810826151 1.2049210730372448 1.2053254356002487
    1.205611682581418 1.2057113651294458 1.2057691878642021 1.205923210201945
    1.2059625615658121 1.2060088440534205 1.2061156265941204 1.2062057765324947
    1.2062861755978247 1.2064124181856641 1.2068942907811031 1.206902285588356
    1.2071516710288051 1.2074942812881122 1.2076127898091207 1.207890637247244
    1.2089934772498705 1.209053483481199 1.2092201250561629 1.2094182698718516
    1.2097937973362605 1.2097941436935191 1.2107056561990248 1.2107271300710636
    1.2107593189375621 1.2108671320794429 1.2110305369739893 1.2112791471902711
    1.2115278666398126 1.2117360132522663 1.2122134276988277 1.2128557877452295
    1.213071797493626 1.2132889817276766 1.2145851505124767 1.214771500735272
    1.2152202827604923 1.2152673466750099 1.2153971081740695 1.2160896614973808
    1.216270903116083 1.2164340198050922 1.2167181038585113 1.2168310852616742
    1.2169485666685016 1.2169925167340996 1.217127285921985 1.217129256070469
    1.2172775223677188 1.2173163873380872 1.2174042666243849 1.2174457216046335
    1.2175853995134578 1.2178794358305822 1.2182663078019687 1.2187166083363992
    1.2205414068492548 1.2207959785530744 1.2216002804768777 1.2221554536677484
    1.2223656788786943 1.2223805341198499 1.2225227518073325 1.222917244684216
    1.2230671475210784 1.2234177561816977 1.223647022224668 1.2237069317724101
    1.2248510938296022 1.2255124247762978 1.2256261473509311 1.225700758721749
    1.226680755322572 1.2269137249335245 1.2275678458107191 1.2278486859281657
    1.2279343333652832 1.2281084405143701 1.2287814539360624 1.228819823478807
    1.2292523419662302 1.2299964238496615 1.2303442277702743 1.2305867719518915
    1.2311632894384275 1.2317579281942537 1.2318934132125605 1.2319472483086429
    1.2324747786716064 1.2325045363456109 1.2325416797273647 1.2330109224842545
    1.2331385849722665 1.2333973491492241 1.2335121195575085 1.2335650715540396
    1.2341323769636574 1.2342238819946942 1.2349999434407957 1.2354165283889718
    1.2355296393881872 1.2355978566908259 1.2361021227893616 1.2361140168160545
    1.236783127981198 1.2368860099059671 1.2373313045973191 1.2374671105021662
    1.237548608607824 1.2375564273506825 1.237663733120371 1.2388437355618862
    1.2393062878744396 1.2396980355422784 1.2400212411096505 1.2406293455593413
    1.2407573690179561 1.2416147227813781 1.2424211733626049 1.2426544866802942
    1.2430030368913474 1.2433474979902712 1.2435120257177914 1.2435380561721883
    1.2438988067002583 1.2439585886843361 1.2443011084142199 1.2446365407902704
    1.2448651534692285 1.2459665461086995 1.2461005243602423 1.2461307948472098
    1.246213339919753 1.2471844743526315 1.2473132770630855 1.2482949557675966
    1.2495456377910159 1.2503896079093206 1.2513806022529024 1.2514835164835989
    1.2529301398056607 1.2531844491453132 1.2542048415585669 1.2542072359610756
    1.2545414369597634 1.2547044065998609 1.2553551176999918 1.2559942577572656
    1.2570757720691859 1.2572200362906756 1.2584328973894117 1.2584636532878903
    1.2586415380512335 1.25905225855487 1.2596599355795963 1.2596621376716637
    1.2601599943312976 1.2606118037447231 1.2608113535807206 1.261211798428381
    1.2621301463019337 1.2625823954269435 1.2627371328916677 1.2630685244204869
    1.2630892387026051 1.2631609423799546 1.2632489105991833 1.2633163108795542
    1.2637311583778985 1.2638751424281509 1.2657299573164891 1.2660083644690465
    1.2664826644389298 1.2672741137688717 1.2681371210630157 1.2681819306338298
    1.2683461437914729 1.2683900553505509 1.2685002545890711 1.2685249119541595
    1.2688088917257119 1.2696538729560416 1.2696672129679882 1.2698763797175161
    1.2715518989128516 1.2717305915363926 1.2720648616289054 1.2721117084078286
    1.2724930018326632 1.2729416798400355 1.2737825522674864 1.2738166858682234
    1.274261860223578 1.2744409337217804 1.2749108688335582 1.2750161702494194
    1.2751082951057893 1.2763330397162918 1.2767046360525001 1.2767614554696138
    1.2772081802586399 1.2772497385340102 1.277413117780595 1.2777717018051742
    1.2780914283542708 1.2783469874927504 1.2794018415846948 1.2794189113552161
    1.280319447322654 1.2804477846864757 1.281016565142939 1.2813643261063892
    1.2823341089719178 1.2825627521071208 1.2829298460504408 1.2829562612003731
    1.2831543840434279 1.2834445900798073 1.2839032140580002 1.2842400395412217
    1.2844643144527101 1.2848830639321023 1.2850445911073318 1.2860889425775375
    1.2867688121147391 1.2870432112645933 1.2885587411566728 1.2885734939404756
    1.2892177821291853 1.2909219006628518 1.2913674996928723 1.291622143267773
    1.2925189875741125 1.2925269295285944 1.2927990618488365 1.2932416088655372
    1.2933433897896975 1.2934917531946439 1.2940297985333473 1.2960713080962403
    1.2965531970090372 1.2969209506774557 1.2969661221233839 1.2969823629863033
    1.2971996059902722 1.2972081327268046 1.2976820381757534 1.2977200078989881
    1.2980199873346854 1.2980820976727045 1.29823908419894 1.2982839474066925
    1.3000870628067485 1.3002684621831879 1.3011100046123829 1.3012215020680742
    1.3025444838657936 1.3032354795661452 1.3033338991162964 1.3033420640077793
    1.3035559834615544 1.3036683460839933 1.3039558828471247 1.3041329228648464
    1.304568143679067 1.3046913065159385 1.3047322054208053 1.30512463443647
    1.3053700454288446 1.3055117636695286 1.3058299151677299 1.3058728853805708
    1.3066534508147356 1.3069156770887578 1.3070344972130832 1.3070864652525529
    1.3071859396638199 1.3072851680873327 1.3076575364552052 1.3080921468652378
    1.3082639466100165 1.3084061532883879 1.3092551164116533 1.3092957471323341
    1.3094497505473555 1.3099709863872704 1.3102225641053207 1.3103900322212212
    1.3115431082667004 1.3115899806377911 1.3122048791665293 1.312716842219197
    1.3134527379710619 1.3135847151995108 1.3136055070881412 1.3136327868935951
    1.3140491503270368 1.3140878543562924 1.3142044390440333 1.3147141992210436
    1.3150368934359449 1.3152730661432932 1.3153309622083336 1.3155226612651469
    1.3160270237655953 1.316491604373758 1.3170980983898062 1.3186658474338402
    1.3190488673088632 1.3191307611543379 1.3196703432973405 1.319718547053905
    1.3198753892145305 1.3199052891993688 1.3201803945532447 1.3204456827033937
    1.3208711612393624 1.3209289321815352 1.3215524618200107 1.3218471568884524
    1.3219855983933095 1.3219939242271721 1.3231095801071813 1.3231711600136957
    1.3237570860194734 1.323862592028263 1.3241785839691147 1.3248875758988237
    1.325520996781961 1.3256356953839259 1.3258001643927855 1.325808392404906
    1.3261895786872628 1.3262309616147832 1.3262581178087582 1.3263973772083848
    1.3265037707554257 1.3266196409247943 1.3268739184738934 1.3271016572328205
    1.3274380969167916 1.3275138840910716 1.3282471792435899 1.3282595544275562
    1.3289257746299492 1.3293104835541141 1.3295378212756988 1.3295503727786127
    1.3297666015383325 1.3297960665432973 1.3303356230779855 1.3306496580235945
    1.3331340820899034 1.3337217614905836 1.333886927258001 1.3341314607426586
    1.3344676450933548 1.3344801094659489 1.3348058664832934 1.3349276414407996
    1.3353989820440499 1.3357859717601361 1.3360770060874831 1.3361318462134097
    1.3378043755422888 1.3381086948149157 1.3387217223744301 1.3390770150647313
    1.3392426526704639 1.3393482009253472 1.3400296286416571 1.3403414115082342
    1.3404437676569094 1.3404907186499411 1.3406726992022868 1.3409221559751738
    1.341901148871409 1.3419541698452424 1.3421576052867294 1.3430421734836793
    1.3441952145412188 1.3442263981518408 1.3443694565617021 1.3444873859627176
    1.3444992678307244 1.344599064947791 1.3446768396074731 1.3447573361384759
    1.3452341026675942 1.3461365034308983 1.3472661520927431 1.3474492641091729
    1.3476296327014552 1.3476994244021323 1.3477759505885842 1.3480122300626525
    1.3482583108622446 1.3482667664676229 1.3491845230695876 1.34963262108587
    1.3498730203121074 1.3499285115854947 1.3501243392476812 1.3502008355340618
    1.3513286269127831 1.3516535125818336 1.3518329418923258 1.3518670833541364
    1.3526959108401873 1.3529375601155151 1.3534808384890009 1.3535107000867204
    1.3537464930636816 1.3538064415840079 1.354227051766884 1.3543096590767618
    1.3546553041663174 1.3549537730916654 1.3552299181267569 1.3553514270548217
    1.3554459723366563 1.3554951540455542 1.3558347471229613 1.3558973630136149
    1.3570570972712328 1.3585373598224577 1.3591013010267488 1.3591352841322077
    1.3594388079432065 1.3594936129302368 1.3601127587019164 1.3603794941648175
    1.3605640779426267 1.3612003727406357 1.3613745224966465 1.3618324134286013
    1.3622729881862294 1.3623327630759074 1.3624079104350433 1.3626321390208431
    1.363141053035406 1.3631864828056288 1.364049419478397 1.3642338149131319
    1.3651108711419511 1.3651439900535631 1.3652606083990879 1.3652926060231039
    1.3661679711166244 1.3664133552768363 1.367078166909323 1.3671856623773238
    1.3672562504257257 1.367430881875066 1.3675437395832888 1.3677312279132821
    1.3680529172475873 1.3681316338055693 1.3682228535450123 1.3682758576519138
    1.3696050986219461 1.3696428436105634 1.3699506662884233 1.3710468251065322
    1.3713444818937812 1.371505528911257 1.3716794335268787 1.3717545920405558
    1.3741309438905123 1.3747346119204849 1.375640590326725 1.3764777327428714
    1.3769751773849066 1.3770771779522875 1.3778320151548844 1.3787046455824263
    1.3789326005257863 1.378958768519351 1.3805620587738001 1.3806223125848192
    1.3812087619650355 1.3812973657469836 1.3827524855096271 1.383028856610963
    1.3833250625261826 1.3833867590195343 1.3834442450112572 1.38346791941179
    1.3840507684067234 1.3845436886238531 1.3851532913815088 1.3852176036455603
    1.385364868127158 1.385956584123657 1.3861415685212251 1.3862719725957504
    1.3862915212124183 1.3871271055057151 1.3874384433495379 1.3874938282831408
    1.38862403155584 1.3890474346000181 1.389390651754411 1.38949467535402
    1.3899417549531183 1.3901917495573077 1.3906170793753365 1.3908371893614155
    1.3912443074097307 1.3913001985758153 1.3914509979042902 1.3915478545107665
    1.3922349724318412 1.3925135936463449 1.3929779663391173 1.3930714729234523
    1.3934337503280101 1.3934940971209169 1.3935406717799879 1.3935553517544577
    1.3951298199670721 1.3951316227226016 1.3955764927451517 1.3956065389602372
    1.3963042641483601 1.3963745860605741 1.3965099733511579 1.3971129635912347
    1.3974857069457585 1.397859560366669 1.3981830918239342 1.3989443571061504
    1.3991483023132218 1.4001770891983749 1.4006648135077739 1.4008183359856048
    1.4013029568430966 1.4014855635885699 1.401572525413826 1.401572654962024
    1.4021593702915198 1.4023654572903979 1.4027537240388939 1.4028318031255367
    1.403524776342427 1.4036982390827006 1.404541051650267 1.4051204515184661
    1.4055456495737719 1.4057295127071143 1.4061966318782653 1.4067893929790443
    1.407395098781808 1.407428038136868 1.4075232563161535 1.407782693507579
    1.4078284065496973 1.407878838465346 1.4080736780356347 1.4080885453126939
    1.4081388021638759 1.4082219810245988 1.4088974102357952 1.40915896377046
    1.4091690869319109 1.4093704434825061 1.4099312655386256 1.4104015010734372
    1.410555868313935 1.4106337494609762 1.4107847623264813 1.4116090486990287
    1.411740904418707 1.4122898334557248 1.4129943199591253 1.413094859922603
    1.413343052603371 1.4135718642288186 1.4137963135062819 1.4142167623484359
    1.414740128680205 1.4163365107001482 1.4167284475080351 1.4167684279962487
    1.4172955295710683 1.4174885291085957 1.4175457816565238 1.418191314040693
    1.4185265167313144 1.4189877837265157 1.419062600574216 1.4190941425463279
    1.4194859849512471 1.4195160948963803 1.419567819594769 1.419591544260129
    1.4197778715904406 1.4199825337829377 1.4200416379677336 1.4205011187503562
    1.4225569593781984 1.4227001865715465 1.4234382519473456 1.4234558935472705
    1.4239783256472491 1.424075685434218 1.4254455988386781 1.425880169952825
    1.4259795223669396 1.4262544459390483 1.4274607996045841 1.4274938741667995
    1.4286111684222458 1.4289554105340965 1.4293632098720082 1.4297170291247312
    1.4298370732567491 1.4298414468547282 1.4299462289168332 1.4300058129456374
    1.4301534802510407 1.430265805969005 1.4304856080123045 1.4305716238812352
    1.4307231392679682 1.4309552768402227 1.4316566226058665 1.4319796888751171
    1.4320318779564332 1.4320382805160154 1.4328378655454042 1.4329403136526555
    1.4336629969886114 1.4338144297436581 1.4348252621460234 1.4357715867807201
    1.4359452102213255 1.4361586715560406 1.4369952272222917 1.437104618645056
    1.4371970225238329 1.438229569510592 1.4390463361467027 1.4395319164265401
    1.4399705989417271 1.4409931892694658 1.4415878341421073 1.4416144503361465
    1.4427365927280333 1.4427873330771035 1.4432047719531056 1.443295309984137
    1.4439947189368165 1.4443597365162379 1.4450629311382728 1.4450895474831214
    1.4464038907531638 1.4469104945534734 1.4472194436631072 1.4475713488056197
    1.4481615306162439 1.4481619091528501 1.4485951443534759 1.4486081936451001
    1.4499395164370223 1.4499663350162184 1.4502491147573893 1.4505860287383712
    1.4513102750743201 1.451370127379414 1.4514488015161835 1.451623834903027
    1.4521953550280766 1.4523566188042121 1.4531527022457642 1.4531915580211414
    1.4534997221646033 1.4536368370286255 1.4542377261708073 1.4542614587732789
    1.4553027235601803 1.4559185923150153 1.4559684141966045 1.4559749763825494
    1.4560995857492571 1.4563407381089444 1.4568799361739821 1.4570632906373551
    1.4573874668461713 1.4575431729722368 1.457824953056388 1.4580922208849358
    1.4587099984676684 1.4587822066963174 1.4590908322130418 1.4592390241048634
    1.4593744717434673 1.4594960523476175 1.4596131669663919 1.4596749128506872
    1.4597140743044292 1.4598023785172245 1.4601166042253682 1.4601596375919144
    1.4604471222057025 1.4608464169850606 1.4613068894839973 1.4613480340316527
    1.4619289242599507 1.4620097524551738 1.4621242785052799 1.4622003342426524
    1.4635474138533482 1.4636596485622704 1.4639043849485158 1.4649522166864699
    1.4652280246846203 1.4662953052052217 1.4666053049937393 1.4666384187894437
    1.4677371440323743 1.4678743237518574 1.4684108758745726 1.468568631645212
    1.4686368194483292 1.4686589726215971 1.4686827372468088 1.4686977426069461
    1.4688227406704755 1.4691589811903214 1.4696209187857978 1.4700122236660416
    1.4714789771505821 1.4722467369019796 1.4722823856965079 1.4727869636756736
    1.4728700157974497 1.4731426121397817 1.4734727931499947 1.4737150911897363
    1.4742379663581839 1.4742849926172994 1.4761747638640372 1.4762080327220701
    1.4780424610455156 1.4784001439869219 1.4800971508444491 1.4802984332057652
    1.4811029726979541 1.4811880456250037 1.4817859359810654 1.4818087997877001
    1.4820743136527501 1.4827844169290074 1.482928765359399 1.4829628651464191
    1.4831729810077074 1.4832735612113386 1.4833737342767865 1.4834184724716881
    1.4837996679696062 1.4843699435545357 1.4846133384053246 1.4852358777299741
    1.4857265626862499 1.4860282469564179 1.488091528607083 1.4881736922788604
    1.4885241460774523 1.4891836550911037 1.4893362696413988 1.4894966052334091
    1.4896949952953946 1.4899805943244548 1.4911215370585751 1.4911876395256058
    1.4916995619857516 1.4921952635884281 1.4925870832365036 1.4926286668463944
    1.4932351503354766 1.4935003627682817 1.4949848357780411 1.4961864664058795
    1.4965237533251639 1.4965271083943663 1.4976821113788901 1.4977698907841841
    1.4983071326220549 1.4985995459392143 1.4987809234535234 1.4992669522764799
    1.4994447811288409 1.4999043277061901 1.5001344118484212 1.5006957144055377
    1.5010590489760944 1.5011021904498647 1.5017108325178925 1.5022416264691856
    1.5023215564757872 1.5024146112442243 1.5024867660166972 1.502536154426328
    1.5033014668385174 1.5034572806889628 1.5037172874815952 1.5037509855404778
    1.5039736507707933 1.5051527300233829 1.5053431264789197 1.5068398807552512
    1.5078382051435255 1.507929965000282 1.5084955983684267 1.5089578442514266
    1.5093886750473757 1.5094327823911953 1.5108938756295629 1.5109760781122532
    1.5111458569926981 1.5111548509466957 1.5112750855197798 1.5114163148700754
    1.5116419397169238 1.5117092323013519 1.5119360135311883 1.511993924037597
    1.5120913767159436 1.51221388554859 1.5124916875914096 1.5125915114967938
    1.5135187703924657 1.5136089534605617 1.5138174856327851 1.5140203800673362
    1.5150378946551655 1.5151700514479671 1.5156559297851118 1.5159690937422663
    1.516049629367141 1.517070767734064 1.5171448248704991 1.5174470196188394
    1.5187077153562314 1.5187854032024917 1.5196381638061212 1.5197517036473074
    1.5198705211062133 1.5199903161774273 1.5210756454913281 1.521608223859289
    1.5218302251504003 1.5220973064597274 1.5230294418142876 1.5232476460471389
    1.5234326624713503 1.5235811888062472 1.525484951675935 1.5279227167391884
    1.5281176768169946 1.5283437801744526 1.5286187956783124 1.5286286690817406
    1.5296443751584321 1.529915528115301 1.5309441316394441 1.5316154680594991
    1.5321350161307237 1.5321381119639834 1.5324748556993957 1.5327934390412945
    1.532927265238565 1.5330101584131626 1.5330799327769757 1.5331467569231791
    1.533326271181674 1.5345741034008522 1.5353691422174052 1.535508464630766
    1.5359512808478637 1.5359597042306632 1.5361729604910579 1.5362744501692305
    1.5365294930732489 1.5370753118478813 1.5372279429311675 1.537671001984745
    1.5384740455187966 1.5388543310486966 1.5389400942298532 1.5389868847469188
    1.5392511125324746 1.5394298001935265 1.5413584223998442 1.5413671873329349
    1.541565699895121 1.542762828766475 1.5428784029966967 1.5434777514357847
    1.5456491753680894 1.5456757605204985 1.546230490147309 1.5471689709262744
    1.5472660811454564 1.5489936435446907 1.549035166109282 1.5491732391030837
    1.5523081009787347 1.5523439016245295 1.5524933803979668 1.5531133617765818
    1.5543709350480033 1.554565580716553 1.5547017061302313 1.5547676758593525
    1.5557958169707491 1.5558495467682103 1.5559557927586867 1.5559676050253983
    1.5563978392992794 1.55683719572894 1.5574173033698269 1.5579384422984504
    1.5602902941292693 1.5604261286842604 1.5630065540672149 1.5631673860216324
    1.5637906516971423 1.5639275337607614 1.5643611241205235 1.5643773510762458
    1.5648318028456742 1.5649896204751599 1.565579885500199 1.5657952702854345
    1.5667091336613794 1.566767602952541 1.5672647964842326 1.567488948559685
    1.5680323722437606 1.5684894715024029 1.5689200568591939 1.5693610306413273
    1.5698950110740952 1.5700165100585461 1.5718024591971396 1.572004491251846
    1.5725150022888101 1.5726085601995692 1.5728353899068377 1.5728893717297978
    1.5737759501804249 1.5738784970514719 1.5740412682911482 1.5741514046538896
    1.5748022911545074 1.5748501544565368 1.5751722052482673 1.5757254345817842
    1.5760246340096273 1.5762527540291558 1.5771556577950321 1.577606721221855
    1.5781402278706309 1.578715472334943 1.5791248404440239 1.579125016083367
    1.5793187938534174 1.5796703207739331 1.5812485426483818 1.5812693966771576
    1.5820826889381958 1.5828928866333172 1.5832588818332625 1.5835443447588962
    1.5844635751915728 1.5846530179524052 1.5848748462027895 1.5848967907306057
    1.5860940570297544 1.5861699694514755 1.5869765439466998 1.5870267344908058
    1.5871850510391425 1.5875864075750197 1.5876677068532445 1.5876698522984043
    1.5879112103341413 1.5880240586513537 1.5890319543074536 1.589756937046938
    1.5900152969887433 1.590832667645979 1.5909525893287082 1.5913992065761704
    1.5919225955396541 1.5919634012551795 1.592413471819782 1.5926743961626926
    1.5930334079766908 1.593115495305786 1.593363106852242 1.5942698077027671
    1.5948368709053586 1.5950122724828664 1.5959463816820971 1.5961695532264457
    1.5974223095864601 1.5974385323289653 1.5977573380921133 1.5978584477718982
    1.5983570615658209 1.5987395191797986 1.5992659233143058 1.5997439456237772
    1.5999232266016405 1.6009001896518384 1.6011298769307132 1.6011758178342461
    1.60288256431636 1.602904471331082 1.6030637805338301 1.6031306798681726
    1.60316235879903 1.6032578724382347 1.6033850146510304 1.6037716927521615
    1.6044060330042158 1.6044221902864895 1.6056050640496324 1.6068589070511432
    1.6069766236816274 1.6070135234966074 1.6078972277557757 1.6089949512737196
    1.6102420555833306 1.6104808801112085 1.6117839864255075 1.6118534042770989
    1.6122060390048318 1.6125129652841679 1.6125932272183263 1.6125967814421831
    1.6128487645858816 1.6128871347139768 1.6135749554132417 1.6136248425211306
    1.613856004751824 1.6138763762208328 1.6141210489864761 1.6141672492264358
    1.6151058334822666 1.6151351832490946 1.6152048453855059 1.6156807400162734
    1.6169039719625289 1.6169619396301642 1.6172866678773516 1.6173659801210647
    1.6181808231829109 1.6182663402998969 1.6188138594850443 1.6196536843175029
    1.6203858080260034 1.6204343850471559 1.6219076883321577 1.6220266619086943
    1.6226661053959408 1.6231607961844929 1.6242185123992385 1.6256808126379838
    1.6260561051840341 1.6260682135252864 1.6261083016897828 1.6273047103604767
    1.6280317797036332 1.6280424764363488 1.6286467781039391 1.6286757982736162
    1.6294190905991854 1.6300617712402072 1.6303290953863325 1.6304908997513849
    1.6306499265019738 1.6306928442189701 1.6307055353244095 1.630863769259425
    1.6313456480193811 1.6322001284458565 1.632521953577907 1.6325298634434755
    1.6342764668390828 1.6347773666855574 1.6349724971460091 1.6351669576542918
    1.6378137206778773 1.6379282871585019 1.6388584283227829 1.6391499147745587
    1.640128292784675 1.6403643282285429 1.6406977332341437 1.6411893901595249
    1.6433512185811652 1.6433983276634763 1.6438525603327132 1.643880905954499
    1.6441722748191752 1.6442822378633082 1.6445910691505561 1.6446128959372193
    1.6453549262396336 1.6454314357210507 1.6455858146974691 1.6461213975306237
    1.6462056444615882 1.6475735657435506 1.6476323808325712 1.647712827115356
    1.6483025215763973 1.6484851265582166 1.6487153521320579 1.6487617320290155
    1.6495920306806511 1.6496075393735623 1.6501028864740874 1.6512172254974757
    1.6521234779913356 1.6523435744446033 1.6533076952878218 1.6537581225782105
    1.6539791195106772 1.6549103172174 1.6550123823934655 1.6552137785331904
    1.6555515840838779 1.6556020526659267 1.6558450729371543 1.6568389460611797
    1.6576539794200471 1.6580365264422654 1.6580705280931056 1.6581329800535514
    1.6584750726710809 1.6584922186835367 1.6588706024585917 1.6590111843372597
    1.65975873321986 1.6598997206825516 1.6600178996688555 1.6600439571129755
    1.6612308607138857 1.6612545563359618 1.6621215135221064 1.6621888601266619
    1.6623644863564551 1.6625546928489712 1.6643419282631839 1.66435234959431
    1.664940171877485 1.6650684726347815 1.666816345082907 1.6668210117700255
    1.6669328753191621 1.6670000534020801 1.6675812632338776 1.6675966441782066
    1.6687772975081316 1.6688785879740862 1.6697588259363936 1.669956172324055
    1.6707602241181074 1.6707648690328825 1.6711391962704512 1.6711910023662047
    1.6718909731893745 1.6718974021951454 1.6739516305326561 1.6740982393232571
    1.6741628627003138 1.6744777652606899 1.6782711050354919 1.6786398145868588
    1.6787687032201801 1.6788102207144675 1.6790665986575277 1.6792393249073938
    1.6799543775787242 1.6800973233390324 1.680815649030895 1.6808933124621035
    1.6811781410558979 1.6815616026254645 1.6816409034224762 1.6821221896008864
    1.6824414474409424 1.6829945135480859 1.683271662574225 1.6832767184658224
    1.6836352321908179 1.6851401743700383 1.6851746549912907 1.6863048734442145
    1.6868632148542322 1.6869279168381581 1.6877354409935681 1.6882742586454356
    1.6889623301703978 1.6890632700295101 1.6896261677226601 1.6897899551510516
    1.6902643126572001 1.69087216608159 1.6919899053254994 1.6924262508895822
    1.6928754068007037 1.6932615575407908 1.6933248934072025 1.6933741714485677
    1.6939331330165941 1.6940295396660077 1.6959665427317911 1.6961423612983708
    1.6968933201469554 1.6969398305639516 1.7005900794749322 1.7006000566141666
    1.7006837662323959 1.7010122339028158 1.7018302861472421 1.7021311724272437
    1.7032777914790813 1.703567204541423 1.7038432745512182 1.7038897814190932
    1.7051219401823801 1.7053626919598173 1.7056009444725533 1.7056659987481453
    1.7058381798827515 1.7058660814775521 1.7060376787037512 1.7061401731990373
    1.707586437387181 1.708119333004106 1.7094416387194542 1.7104845874660839
    1.7109098424849436 1.7109860022773318 1.7113535757119736 1.7117426981527994
    1.7118545389130304 1.7120246385929552 1.7127325869500054 1.7129047662714583
    1.7130646723531755 1.7131148768130515 1.7140199583300273 1.7145862471026931
    1.7147922227839747 1.7151710469756836 1.7159434699400435 1.7159885308521552
    1.7161721814480491 1.7164500347009835 1.7169372349526384 1.7171245379225486
    1.7173197836081271 1.7173858680924923 1.7173936369795229 1.7174383026810272
    1.7175100939481733 1.7183505243037871 1.7203167708425098 1.7206940896121523
    1.7216253529992627 1.7230956675603011 1.7245249730985961 1.7246626712890247
    1.7247816279163088 1.7258506366313895 1.7265142887136449 1.7268110023387635
    1.727721071751148 1.7277342555589712 1.7287122078962511 1.7297055435432185
    1.7300374950586956 1.7306818010499456 1.7309153911384783 1.7310741046447522
    1.7315506306597399 1.7316639205406319 1.7323895194540455 1.7329590879950274
    1.7335895158992116 1.7336042896104118 1.7347245323429661 1.7351054023403378
    1.735159237507196 1.7353891436906395 1.738423029511432 1.7389662456913015
    1.7413029388573402 1.7414934708111105 1.7425952256264736 1.7426184675384775
    1.7434437634759887 1.7442390562144283 1.744966244020361 1.7454652452701112
    1.7458538546950422 1.7460751014228664 1.7465350724438622 1.7470192424859305
    1.7488913010933174 1.7505416255432009 1.7514815559418129 1.7518916198436969
    1.7524049032679614 1.7524692249064173 1.7528228338436747 1.7536629023888963
    1.7560430756854657 1.756308568363238 1.7565058206737831 1.7571618767231256
    1.7571810798772731 1.7584946828526882 1.7589607243614864 1.758983421031735
    1.7596479907066396 1.7603727234294031 1.7619384591806011 1.762170923699341
    1.7626760163701647 1.7630887006583482 1.7633689869512637 1.7634136138099166
    1.7652543776976017 1.7653104955276528 1.766032057835264 1.76642854482825
    1.7667612172073859 1.767562258284973 1.7677605226014446 1.7678709470247214
    1.7684446977594537 1.7690703144277904 1.7694951000330548 1.7696225934703307
    1.7711337467742396 1.7714787149150197 1.7727121767798053 1.7729537345555855
    1.7742841589606542 1.7751306853432993 1.7759756649202245 1.775980094056024
    1.7766958977006766 1.7777915048400246 1.7782021044604335 1.7783508587740471
    1.7785240263711786 1.7788222793366004 1.7793917788512772 1.7794836991854026
    1.7804937397729077 1.781114586696549 1.7829591311381137 1.7829948742211172
    1.7831645727219438 1.783845259248801 1.7842927323419815 1.7844560038999997
    1.7851485844804909 1.7852042677379056 1.7852539335802362 1.7852838024859921
    1.7859315256397168 1.7865463473214429 1.7884562466358147 1.7894983856629552
    1.7896850202106975 1.7898845152351253 1.789992629886342 1.7900763834127247
    1.792484295734198 1.792655586846422 1.7942509814162122 1.7948992465301217
    1.7957043679434719 1.795753881204655 1.795796229321013 1.7958041694635085
    1.7964409955227438 1.7965277414907632 1.7977761522705804 1.7978861643273376
    1.7982511953123321 1.7986679030047981 1.7990254571063815 1.7998720701898492
    1.8013579413502612 1.8014839695240425 1.8020937812828588 1.8027431494187112
    1.8032898626252063 1.8033539302100507 1.8064682286291525 1.8064776869299142
    1.8071818508105935 1.807244426595086 1.8079562175169315 1.8090618902422193
    1.8094222203333175 1.8106459422827659 1.8107696137676612 1.8107971819257727
    1.8111940732178482 1.8112941156594389 1.8122067850157084 1.8123244170595474
    1.8137818984599079 1.8142158131227006 1.8163766310997289 1.8166897943174263
    1.8170703427440458 1.817279314247753 1.8180824889625455 1.8182990977411464
    1.8201415045086833 1.8202913803312792 1.8205248908343492 1.8218242163842813
    1.8218958552539941 1.8220132235353048 1.822483869546583 1.8239103697592327
    1.8241341327996754 1.8242722163974274 1.8250853725558045 1.8262011365359285
    1.8275523915802598 1.828013486107011 1.8302836317764104 1.8304737394244057
    1.8323721428187127 1.8324741520988634 1.8325955334830724 1.8327788893657271
    1.8342948476316452 1.8350094784624769 1.83581516515153 1.8358697018804833
    1.8360079422581066 1.836293182961299 1.8363827391747236 1.8365881648879281
    1.8367222875806988 1.8368180929551272 1.8378202549258276 1.8381091241249881
    1.8387003394860244 1.8387168440042387 1.8389757817361669 1.8392150974502783
    1.8400627096411881 1.8401174153696047 1.8408765075461815 1.8409011845743408
    1.8410321826037119 1.8414537681859655 1.8436210754980493 1.8438007866050157
    1.844043599437839 1.8441759903930688 1.8448483725674123 1.8454202002585589
    1.8463377854506386 1.846507316654576 1.8468171743768835 1.8482154846155026
    1.8486996666626965 1.8487445496213695 1.8500746585539976 1.8502310411059473
    1.8530076328793257 1.853778088480226 1.8545026468557317 1.8545609415400577
    1.8549468537964913 1.85505309466962 1.8566932594041343 1.8567869401889765
    1.8585289987929172 1.8587732973617221 1.8590993944556733 1.8591283253459778
    1.859443433355068 1.8599388813709083 1.860011129693703 1.8609598514864654
    1.8621177060710277 1.8621407337125977 1.8629294708601265 1.8629760320738113
    1.8634518688332662 1.8638958792193989 1.8645820348290265 1.8648101648462518
    1.8679142720977324 1.8681018830495304 1.8683382964832389 1.8684419688084291
    1.8688679540230624 1.8704920879084359 1.8707879852277642 1.870940764308898
    1.8714308893536327 1.8714643267803694 1.8715668044187908 1.8735892597610473
    1.8742553935948081 1.8743251057769612 1.8752042444941708 1.8760958004824715
    1.8762098148475843 1.8770517429934443 1.8799440576459574 1.880316684976242
    1.8806751457386401 1.8806918087984361 1.8824721806366598 1.8827245088961262
    1.8832668737615677 1.883524442755667 1.8878509400507635 1.8885950552712529
    1.8895262408723283 1.8896853848555111 1.893835036353039 1.8954511087533774
    1.8968996916901233 1.8969229587032714 1.8976870517803945 1.8977318631891649
    1.8985861264466166 1.8986068852104836 1.8995820242071659 1.9004316055797972
    1.9004653154106563 1.9005640120885801 1.9020626985231199 1.9040413154042426
    1.9055409302936823 1.9061926744327593 1.9066534876696095 1.9069378704058788
    1.9073143606827216 1.9093888974318058 1.9095576769467091 1.9109989510970991
    1.9122538132642148 1.9125778293528128 1.9133388708144896 1.9134361125822277
    1.9139926334225947 1.9141704716300108 1.9146901209041971 1.9148422565194778
    1.9152018236663935 1.9155086677503732 1.9179894642958062 1.918118285218793
    1.9190136943287446 1.9197235407223161 1.9202614404594898 1.9203242568419228
    1.9206167082002139 1.9231896191072337 1.9233738059469943 1.9236974909276796
    1.9242156533670141 1.9243692396388117 1.9244348997500764 1.9245837509338799
    1.925378165612301 1.9254421828215225 1.9255238158957582 1.9260050994150031
    1.9287892494715873 1.9294298543004516 1.9302939601375328 1.9303257336065145
    1.9319062978631791 1.9320625281764403 1.9330844237438214 1.9331179795447042
    1.9337323816316712 1.9337379478902221 1.9338610061807533 1.9346379250107475
    1.9359400122771149 1.9359972573329287 1.9378686029370631 1.9378956751374592
    1.9388801649349716 1.9391485257433487 1.9400932918744047 1.9400960240026279
    1.9421465047048514 1.9432549688790459 1.9464822463523888 1.9480820849294105
    1.9483078736985817 1.9497727282984367 1.953749410150158 1.9541752542972972
    1.9545717098053501 1.9548625126432171 1.955198388506119 1.9552834269937496
    1.9575027579349809 1.958867059443719 1.9597933085909365 1.9603166152397478
    1.9606321745918649 1.9625898224735465 1.963447934422599 1.9643305663796127
    1.9660085552534383 1.9660317924191304 1.9669147972472938 1.9671178247443777
    1.9678614741833371 1.9682091986938759 1.968911589873424 1.9689968602915446
    1.9735761968147472 1.9737027670768157 1.9738927881073778 1.9739644160706575
    1.9762394520123507 1.9762767571583026 1.9768779475419553 1.9776241597814987
    1.9787430389087604 1.9789353756227683 1.9801007813985052 1.980113097114554
    1.9810665545067725 1.9811262309458471 1.9827122573399265 1.9827568264345246
    1.9828273432781316 1.9828975933499653 1.9838471286950607 1.9839605093241062
    1.9848767234161642 1.9853952590035533 1.9855253693053783 1.9856719981676179
    1.9880769689317883 1.9897028086946495 1.9909614667353708 1.9912928883456971
    1.9920528777658244 1.9926675740075552 1.9951277355193042 1.9952175322374615
    1.9966246547667268 1.9966431620456149 1.9968768995749144 1.9988254577802991
    1.9995814699060475 1.9997534108532591 1.999982159505862 2.0004993316488253
    2.0021328346123255 2.0021673163141713 2.0053290989974357 2.0068436416306668
    2.0071208005522863 2.0075068990097407 2.0085650770390657 2.0086139843231194
    2.0094977826670402 2.0095051463382561 2.0095828060757412 2.0100623239969764
    2.0119016347857723 2.0123150767756974 2.0156156034230435 2.0158321650765458
    2.0160000660471269 2.0175594932736658 2.0178871168818282 2.0188694329538825
    2.018963571602626 2.0189790099484526 2.0192734079712409 2.0197584995281281
    2.0228321851175983 2.0250938005753483 2.025565446524221 2.0273939987655467
    2.0311708190890081 2.0312174212795071 2.033963140139349 2.0342077983168565
    2.0346999085552397 2.0364502349375471 2.0374611488446135 2.0388324371574527
    2.0413994405039375 2.041522225543313 2.0442154514724584 2.044370300451495
    2.0450237791492896 2.0451009901556176 2.0452095810514379 2.0463389504850511
    2.0473604809099015 2.0473741041698759 2.0483266794032411 2.0500113815153327
    2.0515218737091345 2.054033425951161 2.0542609291287968 2.0552719028364663
    2.0557139556199218 2.0586462509836565 2.0638223540128422 2.064217138618119
    2.0644926361098896 2.065597852171777 2.0658130997489934 2.0679488897355895
    2.0683415217047241 2.070822386466034 2.0710132265195398 2.0710802991324044
    2.0735070433529472 2.0740796094403322 2.074809580623878 2.0758395423688398
    2.0770004860875511 2.0772248107268751 2.0779213997757324 2.0779293957754135
    2.0792324837738647 2.0803797439834852 2.080714672003372 2.0819222675145284
    2.0844986831007963 2.0845903846212437 2.0848057633384087 2.0848931752134661
    2.0856491719522032 2.0858510010334612 2.0873112888357355 2.0879437284716005
    2.0883830539603423 2.0884836579245225 2.0906614322722512 2.091016077099539
    2.0922407146676392 2.0928456672879747 2.09549627557548 2.095695631957748
    2.0958127691143695 2.0958619700213603 2.1001761896486641 2.100542634077101
    2.1024364181779069 2.1024469419278753 2.1025781166413253 2.1030711462740328
    2.1041792034434366 2.1053880530794231 2.1054825588098538 2.1057071587988503
    2.1064353158390077 2.107485739506501 2.1119579769936081 2.1127595043813017
    2.1143743825544639 2.1146821313624664 2.1149607584613932 2.1166528269673108
    2.1170061569738436 2.1172370804981711 2.1185420762249692 2.119901670636736
    2.1199749090953901 2.1260540317980485 2.1269285653812631 2.1270906126251248
    2.1297887334169445 2.1298513123983867 2.1317553061803665 2.1322147944615608
    2.1327783479029372 2.1328098513258738 2.1345258458381977 2.1345619142189207
    2.1356122883777076 2.1359803194876577 2.1385301604921096 2.1385711850001599
    2.1410689559561433 2.141095571177015 2.1413761005545306 2.1415396295553819
    2.1453018426206349 2.1454565502510263 2.1455959686187875 2.1479857125929698
    2.1500426566668693 2.1503970221519921 2.1507526378245529 2.1508072093888586
    2.1559384608001437 2.155956642830688 2.1588038734216752 2.1588238934723449
    2.1615657317900059 2.1623209303029398 2.1631608792556563 2.1632648166620734
    2.1635106781738309 2.1670616107567753 2.1672624403740883 2.1678610461792687
    2.1682164337044014 2.1682809597662831 2.1693222140723569 2.1727787884132113
    2.1732839805781623 2.1738963804209561 2.1768573067914758 2.1770558046497399
    2.177681438554373 2.177737765777541 2.1782078865762742 2.1785285935416141
    2.1787201891197583 2.1797678855737104 2.1800990102154478 2.1803998236819098
    2.1806716649737914 2.181123777118728 2.1814001615305187 2.1818276514804893
    2.1838069901230028 2.1839579058996605 2.1853285380090406 2.1854059655740152
    2.1866709623445026 2.1866910504397006 2.1868573435372127 2.1869942849625659
    2.1882236508681672 2.1882319383089452 2.1883152723842159 2.1893983372353887
    2.190041035263107 2.1901994752365113 2.190768703069125 2.1910668668512394
    2.1913304739864543 2.192599098802134 2.1936776023024627 2.1937091923591652
    2.1949742606996097 2.1979524031664823 2.1990532938825709 2.1991928068950983
    2.1995133635618913 2.1999660021727627 2.2013100950756552 2.2025557138804288
    2.2032177795517782 2.2041953911708561 2.2044395647914521 2.2046834272306719
    2.2064532841438904 2.2064699872139122 2.2071162444720662 2.2073453662990992
    2.2076162020610659 2.2083431195700882 2.2085366011605458 2.2093988580267023
    2.210267686191969 2.2117133486002181 2.2176455719901846 2.2188181218765521
    2.219437159676886 2.2195115680269879 2.223503554913691 2.223605368632434
    2.2278231217824214 2.2306992561058601 2.2320750869430412 2.2321723821425317
    2.2323414467871316 2.2326485030890431 2.234261060116296 2.2349574256459164
    2.2355762728287423 2.2357178580822392 2.2364540830049009 2.2367317626753902
    2.2378625793594438 2.2378880761348228 2.2395750366455709 2.2399427828020939
    2.2408284509538041 2.248724887067965 2.2503524501499896 2.2506423798429296
    2.2514056149781254 2.2531183047981358 2.2542371031859147 2.2550810870893656
    2.255595230262164 2.2556268616111388 2.2596009208476366 2.2598377367863427
    2.2615250499137574 2.2616272135367126 2.2616707760139434 2.2666715425739312
    2.2668832799144334 2.267045274748019 2.2676960585692996 2.26785194972922
    2.2693661482414882 2.2694149675326116 2.2711224511181172 2.2715265082609526
    2.2750044723304654 2.2756683766517654 2.2762252240788712 2.2762349916329185
    2.2773874671867702 2.2774623778498722 2.2808406627646796 2.280895421075646
    2.2818691569282521 2.2834627434153845 2.283626654641921 2.2881253921843836
    2.2882573686346177 2.2898925392643528 2.2911180146920742 2.2947927222289763
    2.296006415760985 2.2960362407009143 2.2976235180546305 2.2983940586786957
    2.3021407536317233 2.302208915925803 2.304664870031047 2.3051170654858879
    2.3096243186187166 2.3096758565275195 2.3106091222998657 2.310813530669293
    2.3122331284009001 2.3130464813104936 2.3132589895130877 2.3157155594230971
    2.3162310742018235 2.3188401387646471 2.3202450791101605 2.3203447181416172
    2.3209531388412565 2.3211293259117647 2.3229376959766341 2.323010036611322
    2.324051043539157 2.3251808554920217 2.3256084826539336 2.3271624008448271
    2.3274070178337447 2.3274482818390729 2.3286575690217433 2.3286853373512408
    2.3341202186898045 2.334782809622387 2.3354410735364581 2.3357394392508772
    2.3396227948874184 2.3408876738960771 2.342707531746631 2.3428681051459157
    2.3450678794461055 2.3452689532521731 2.3464762274302302 2.3470593906304202
    2.3474963784252054 2.3477969663757299 2.351427539285055 2.3514556098252939
    2.3515402874390929 2.3518520696134146 2.3534590332762186 2.3542559752095258
    2.356754646854796 2.3593808770134879 2.3612847445853427 2.362257251171286
    2.3624745189772511 2.363502029175379 2.3640509653752133 2.3657788000985724
    2.3670921303255454 2.3671057209125288 2.3712808205512679 2.3718334295673458
    2.3729242443669136 2.3731976862853799 2.3741391186320775 2.3741483029643859
    2.3745367483263635 2.3795252385471031 2.3837190919418845 2.3837217005110838
    2.3856014872515061 2.3865479993917234 2.3869622413000493 2.3880328486691269
    2.3915651224236476 2.3917647157971564 2.3922907822557136 2.3926668908191764
    2.3929935110669853 2.3932463727228424 2.3945712966791084 2.3969934249812468
    2.3986438650291291 2.3986448044196322 2.3994557291941114 2.3999132994937704
    2.400679763903554 2.4014741329851859 2.4050093685333991 2.4051527310934375
    2.407140153904038 2.4125545836049653 2.4128530656322482 2.4183448288067666
    2.4185178155335429 2.4185491505830896 2.4196493879974241 2.4207227555127702
    2.4227772568651744 2.4230655932833542 2.4266297963940815 2.4269970723844949
    2.4315922184731185 2.4337443817985331 2.4368600663175735 2.4421226395647864
    2.4436960919488229 2.4445469685379067 2.4470872249655713 2.447199001944758
    2.4483895469159052 2.4484332278437555 2.4487839458502094 2.4558545848428821
    2.458481602771144 2.4588225499746841 2.460305732762663 2.4615063633948466
    2.4622563351011117 2.463138204348676 2.465036971708912 2.4674434007392847
    2.4690148863401191 2.4739524396353167 2.4743895256488031 2.4750791847036075
    2.4751496722145703 2.4760613302433776 2.4802764066212148 2.4803476929935186
    2.4829100008776854 2.4833564838688744 2.4866417407680879 2.4879950817664849
    2.4884306571276888 2.4950018347129421 2.496247204492041 2.4992711612634744
    2.5021943603977284 2.5023033710194795 2.5053525021895382 2.5062780490142509
    2.5087436040594184 2.5093370639583554 2.511953573080973 2.5130636817145082
    2.5136732671847617 2.5155852137653105 2.5203177587844343 2.5206060943830075
    2.521137262572362 2.5211763713562809 2.5244781909727863 2.5252299092039912
    2.5271994904669555 2.5274016636652354 2.5282825922225434 2.5283017404504449
    2.5314025833868072 2.5316450440780804 2.5318479043548905 2.5346908513110975
    2.5407976561970522 2.5433412261736521 2.5487950395004759 2.5496873453977664
    2.5498494630454616 2.5499172613751284 2.5550092613967905 2.5561482821642585
    2.5648189347894004 2.5657033137789163 2.5665048167741134 2.5666587564324268
    2.5707613701385221 2.5708983718413947 2.5711104091900174 2.5731397401856761
    2.5734607799374012 2.574042973907126 2.5770486381688897 2.5776321949400276
    2.5782041185193521 2.5826173442345257 2.5843242497694519 2.5845350534131057
    2.5902692925761621 2.5951742675570131 2.5980256011835081 2.598592358530103
    2.5995302158435152 2.6047552605068063 2.6056658509687622 2.6060231672772716
    2.6065286751912331 2.6065823881550991 2.609038516901895 2.6095642589868171
    2.6107921604825606 2.6226236825473279 2.6229849831694687 2.6265163477009992
    2.6278835186090723 2.6279645817452697 2.6297820553651641 2.6318527177778983
    2.6346361587004594 2.6363751033876119 2.6386264629332459 2.6386511206559931
    2.6410092200794679 2.6414206687892752 2.6504888268500508 2.6505662647020074
    2.653923418238719 2.6544343373895267 2.6601645640048446 2.6602860547074365
    2.660559074913408 2.6608321332078049 2.6612234547568128 2.6637022604115068
    2.6641017092480106 2.6661773454655608 2.6707202565180523 2.6711417447290842
    2.6762757746538832 2.6763766890774909 2.6776604538475417 2.6776898742339199
    2.6780050711217882 2.6783075494023856 2.6783607008572594 2.6794465796335012
    2.6806559252272564 2.6808719512705466 2.6821309254455628 2.6833368280846628
    2.6873234702079571 2.6875045529034955 2.6876789234709975 2.69056957343264
    2.6921968322221042 2.6922122850769483 2.694173554513327 2.6950079288644702
    2.7001751159575633 2.7034485014974052 2.7047562130651954 2.7078286442933859
    2.7117102175567802 2.7118078090734343 2.7192006165319071 2.7224959889020588
    2.726923208585049 2.7291676147776038 2.730651549439699 2.7309185882442457
    2.7326342799819372 2.7327455868692141 2.7359393822869151 2.7380693952468391
    2.7461177727955146 2.7463992521370528 2.7466719432795799 2.7469101228501436
    2.7471070169148866 2.7472616720096994 2.7514248481447794 2.7519303781891722
    2.7541766539686705 2.7543088486480278 2.7544887867343277 2.7567749650829683
    2.7576208803138798 2.7578305525745463 2.7613466112923866 2.7615103118878324
    2.7641457373268472 2.7651538506822058 2.7711432804521792 2.77490803441151
    2.778379382112083 2.778589347505052 2.7815357419506959 2.7818141718747333
    2.7840894172873334 2.7842570463050151 2.7845073689870028 2.7907426824176582
    2.7923425459969926 2.7926988481582762 2.7944734438679006 2.7947803986862709
    2.7964283690625962 2.7975331112299955 2.7980241745502403 2.7996245390112713
    2.8063478725198365 2.8065343881537501 2.807214165871907 2.807929576619093
    2.8192442681185952 2.8232230638698943 2.8235707875164544 2.8282789931599837
    2.8299528915492544 2.8321569509784013 2.8359377500244896 2.8512503086737979
    2.8523672551321702 2.8526605922585304 2.8538504078818128 2.8538726288843463
    2.8581615139119094 2.8596449966895912 2.860974564125172 2.8649373138029355
    2.8679490206057685 2.8692404850676212 2.8722626937462792 2.8730685595114664
    2.8745866472574448 2.8746348963457535 2.8768148201488657 2.8782396997905075
    2.883144357070023 2.8860403180738103 2.8881616110911636 2.8885146390898626
    2.8899357763762055 2.8900782762855974 2.8908953633116048 2.8912821274325324
    2.8914105849131979 2.8920443633833202 2.8942370332500409 2.895861519403752
    2.900785086266751 2.9008587738430833 2.9047063309664432 2.9047692182462015
    2.9069426427586222 2.9071632285508713 2.9072522164310612 2.9079329847356803
    2.9083838009416163 2.9083946639827141 2.9102509902751308 2.9114420511996286
    2.9150037910506703 2.9179122063369505 2.9181527360879045 2.9199278433691234
    2.9203021067514783 2.9204347048125783 2.9214516761285267 2.9216479263714823
    2.9238367063905266 2.9258293990947095 2.9276705803840741 2.9281091914688964
    2.9294586379210159 2.9297586826105544 2.930862091799554 2.9309180086097513
    2.9339985963943036 2.934046423728887 2.9405362017440289 2.9406023389450033
    2.9425265535664948 2.9427933537945137 2.9437851870248628 2.9438890272987615
    2.9472735895171049 2.9477287055910892 2.9486081862878564 2.9486240416178284
    2.9500836052181207 2.9501379790963256 2.9591861781300395 2.9592843639500188
    2.9612004106902532 2.9613735633838587 2.9629403294093208 2.9665387726583958
    2.9684026095917488 2.9684296625434854 2.9765018707040931 2.9792987663454369
    2.987477155602543 2.9875974864721684 2.9956881770081054 2.9959223853817698
    2.9966827833014236 2.9970361491838653 3.0018969872353409 3.0089435780347173
    3.0093986483628519 3.0096346564520595 3.0147476320689748 3.0192776094634155
    3.0236074734507383 3.0236651507761962 3.0268027181168691 3.0340632459305681
    3.0355829411755622 3.0356191350438166 3.0382785085383452 3.0391893156573437
    3.0433825594950576 3.0443602045456828 3.0458190466861197 3.046079163209015
    3.0509755330065218 3.0512473058377054 3.0548765853850455 3.0550285273338886
    3.0624252393080553 3.0624548065606234 3.0644476813723713 3.0685900826656791
    3.0695426026443045 3.0698778378298357 3.0702739096423102 3.0753866448722533
    3.0774186681040874 3.0775025289666473 3.0796304453574805 3.0809785090497144
    3.0872037693170569 3.0881773921146305 3.0909835462986543 3.0989168857846607
    3.1024812140096856 3.1088087185252107 3.1092441802849748 3.1134897047028667
    3.1158428088961045 3.1168178887121485 3.1177602342559112 3.1180396514536142
    3.1188368477947583 3.1219984614117493 3.1302296822918834 3.1326282514398827
    3.1368714861255285 3.1373292947664595 3.139161312614533 3.1392350601765884
    3.1417398809672932 3.1418398145841593 3.1443378372127881 3.1593850514439623
    3.162172176435206 3.1708401011401293 3.1746092087887519 3.1751654308761013
    3.1756103549914769 3.1821520656530993 3.1860401824499909 3.1861341656519166
    3.1933032558172272 3.1945337958422897 3.204411436103328 3.2053363113959676
    3.2069703807865153 3.2078201698091107 3.2087560493714591 3.2094296908078377
    3.2169667666396244 3.2170865621904832 3.2180934872687317 3.2182663978406367
    3.2224926942558341 3.2246258670390184 3.2251265934157041 3.2264629194746703
    3.2470800606602097 3.2701325007114974 3.289886630183446 3.2973867269643051
    3.2999084496475461 3.3002831056406876 3.3229935195904545 3.326596110703349
    3.3289802215224427 3.3297402568982761 3.3321103230764493 3.3325722405661509
    3.3424799752490344 3.3457855976489554 3.3489659280758133 3.3490373180320603
    3.3508355035837667 3.3528432205725949 3.3736158992683158 3.3740651264370172
    3.3762257657061809 3.3767348009050693 3.3781777728327143 3.3924153059033415
    3.3955280520692241 3.4069881205919046 3.4096136478592598 3.4165608338687434
    3.4185611036064074 3.4266065409060502 3.4275463433368714 3.4276357154183188
    3.4319516704752004 3.4323785404810678 3.434370570234023 3.4358751340218987
    3.4476602783615817 3.4530288223882053 3.4636324539983434 3.4636716257039097
    3.4640327438606846 3.4640829844714744 3.4684719737761043 3.4686386591016571
    3.4754184747771433 3.4777110273298604 3.4818877168449944 3.4834754095550124
    3.4848570096223739 3.4857551926497763 3.4890923156426652 3.4924096112630423
    3.4931055084250033 3.4933480041231348 3.493699506720418 3.4941213358326877
    3.5029183884309987 3.504107096954229 3.5139053078105462 3.5218289632593951
    3.5303127404454244 3.5314347340986387 3.5388071326183876 3.5396888832747209
    3.5479894252628128 3.5639920345578275 3.5728745257692935 3.5731911295804366
    3.5817821765249391 3.5928281016040273 3.6126185177563457 3.6255721760203414
    3.6412922239687759 3.6481770459156451 3.6633475235712467 3.6647191327095925
    3.668393944541549 3.6710246365157673 3.6822168080016766 3.6874348297305914
    3.692023019749854 3.6925471953187525 3.7067830808391591 3.7067957485596708
    3.7073985354440993 3.707475504008471 3.7144956551362611 3.7196650280570793
    3.7201763740267779 3.741466925810073 3.7576540023319467 3.7705918721044327
    3.787603666181667 3.7876699616886071 3.7939942705907583 3.7941725463985279
    3.8047811788442232 3.8146598482235277 3.8160034164620811 3.8305123196079194
    3.8326361408994671 3.8329925757711862 3.8398562223119939 3.842461256779643
    3.8505085931772101 3.8594564331021957 3.8723105993567515 3.8726304403032827
    3.874885253305365 3.8772867917489293 3.8898988030025521 3.8909994484197341
    3.8962197715873117 3.8964316075878287 3.9095096152809674 3.9105117205126589
    3.9334159318215711 3.9362880722774207 3.9436805745367565 3.9446317657223062
    3.9447543283748132 3.9448418226098738 3.9595187829509086 3.972761959381387
    3.9907841819149326 3.9989200449815598 4.0208291830098233 4.0270471814421853
    4.0274446473786156 4.0311665361887208 4.0396765210361991 4.0427897736262821
    4.0617072385872461 4.0743250681143763 4.0877623680034958 4.0878137715499179
    4.0940320106733452 4.0960356587895603 4.1068978654980128 4.10718493934246
    4.1299503820960126 4.1354777681344785 4.1657234863573649 4.1695235766969034
    4.1710228731830057 4.1713862570517222 4.1721376028781378 4.1723379154777831
    4.2004947228697347 4.2006919537843714 4.2338682946322024 4.2340459948378566
    4.2428633352169527 4.2626891007366794 4.2688099967099333 4.2713297588452548
    4.2770598709657861 4.2924071759871367 4.3148377234538202 4.3247849235783633
    4.3354490221609012 4.3355538733699177 4.3387937203933689 4.3437357443526707
    4.3513010528995437 4.3552808056915637 4.3785940953935096 4.385086965510709
    4.386129917933431 4.3861329259352715 4.3920450406048985 4.3920768709335789
    4.3988253010662675 4.4017319519025477 4.4175338857539828 4.4210197472466461
    4.4231979933019829 4.4272154581403811 4.4404993683392604 4.4520274369760955
    4.462838971068777 4.4851423608230334 4.4939308020600492 4.5012946327706231
    4.506694214297795 4.509691517914689 4.5106310269966343 4.51851511939185
    4.5344139519311284 4.5430185564164276 4.5578737202602042 4.5594348937950144
    4.5596380420217315 4.570551884440647 4.5813603901142415 4.58566064291972
    4.5966676770703998 4.6049478278337119 4.6215381564175004 4.6220972531100415
    4.628517544539136 4.6294358316654325 4.6365159883043816 4.6449074585070775
    4.6452890776854474 4.6637316136484515 4.6689445727515704 4.6690528744566109
    4.691984143787522 4.6923280205464835 4.7286368370105265 4.738391445207526
    4.7456850615531039 4.7643746820588149 4.7760305804222298 4.8292172354481409
    4.8300772189572854 4.8370150622512256 4.8428960074628549 4.8702466701283811
    4.8769577016623771 4.8774458787102049 4.8845043875471674 4.887384869977268
    4.8892964925996694 4.8894449951394563 4.8969891993419878 4.9065860491864441
    4.9611614731493319 4.9612165927287606 4.9804192353631151 4.9807309553802952
    4.9822538846042335 4.9849364006872747 5.0140427240603458 5.0201688653237397
    5.0259729653525937 5.0325412680108457 5.0357831258475017 5.0402150012264428
    5.088527736805645 5.0898960318863828 5.1189428677680553 5.1206861467940143
    5.1557734982065995 5.1722659400802513 5.2325806673052284 5.2448583090298371
    5.2572764650976751 5.2916869914929521 5.2993863718106695 5.3172309313276855
    5.3721230509145244 5.3972649808938513 5.4257698174669713 5.4612553750148436
    5.4854136389139967 5.4929516525653526 5.5183778619148143 5.5187283338673296
    5.5282343915541787 5.5360281086514078 5.5727028738738227 5.5807662515617267
    5.5929200727405259 5.7078244858194012 5.7573781714445431 5.8029589075949843
    5.8042349608281256 5.8054713170183732 5.8483510035048312 5.8528795951983739
    5.8651628357265508 5.9468383406119756 5.9563890395083945 5.9567980405463459
    6.0444321095919804 6.047232514195457 6.0742956722360759 6.0939344710914156
    6.1662295978697443 6.1676023699766915 6.2056879693896008 6.2275518930246108
    6.2355661661394493 6.2476249297433242 6.2487551556882863 6.2619171653623198
    6.2733882700179038 6.2736689885537089 6.3114770168904215 6.3120048514356313
    6.3711423626909891 6.3715148556616441 6.3727643345637262 6.4049578141143684
    6.5196651519004263 6.5344378563795544 6.6596034455851623 6.6607273527024518
    6.8205102153665393 6.9162150170268433 6.9164340562792859 6.9270128952165919
    6.9513705208896681 6.9606306662612951 7.1741329199790016 7.2212219475350139
    7.2658799241330598 7.3267107103556555 7.3863635402074124 7.3871099934555104
    7.4405998329045815 7.440737003063191 7.5193026957213078 7.5198794955535959
    7.5534248346102402 7.553864793168259 7.581842724355738 7.6348120710720195
    7.74568365601408 7.7469285197980753 7.7615376898039585 7.7616342496737616
    7.8947662811617647 7.9150585343722923 8.2188557898628005 8.243782969007043
    8.3316620691030039 8.4843275126431763 8.5014378180985659 8.5021156797229196
    8.6028245603783944 8.7194122746759604 8.7936970140690391 8.7943781791764195
    8.9162948497091747 9.085967905742109), winSize: 6.0e+1, binSize: 1.0e+1,
    tStart: 0.0, tEnd: 7.211e+3, binStart: 7.211e+3, maxBLsize: 1.0e+4 >
Bye.
