		     \||||||||||||||||||/
		   --- Welcome to Maude ---
		     /||||||||||||||||||\
	     Maude 3.5 built: Sep 25 2024 12:00:00
	     Copyright 1997-2024 SRI International
		   Sun Aug 16 20:43:55 2026
Warning: "smc_cp3-refactored.maude", line 140 (mod SMC_CP3): multiple distinct
    parses for statement
eq sumDiff (F F' FL) = (F' - F) + sumDiff (F' FL) .
Warning: "smc_cp3-refactored.maude", line 145 (mod SMC_CP3): multiple distinct
    parses for statement
eq avgDiff (FL) = if (len (FL) == 1) then 0.0 else sumDiff (FL) / float (len (
    FL) - 1) fi .
Warning: "smc_cp3-refactored.maude", line 150 (mod SMC_CP3): multiple distinct
    parses for statement
eq sumSquaredDiff (F FL, F') = (F - F') * (F - F') + sumSquaredDiff (FL, F') .
Warning: "smc_cp3-refactored.maude", line 225 (mod SMC_CP3): multiple distinct
    parses for statement
eq compLatency (Tsent, Trcvd) = Trcvd - Tsent .
Warning: "smc_cp3-refactored.maude", line 291 (mod SMC_CP3): multiple distinct
    parses for statement
eq getGoodput (< ADDR : IrcMonitor | msgRcvd: ircMTL, attrs >, Tstart, Tend) =
    collectGoodput (filterWindow (ircMTL, Tstart, Tend), Tstart, Tend) * 8.0 /
    (Tend - Tstart) .
Warning: "smc_cp3-refactored.maude", line 381 (mod SMC_CP3): multiple distinct
    parses for statement
eq normMED (NL, NL') = if max (lenMsgIdList (NL), lenMsgIdList (NL')) == 0 then
    1.0 else 1.0 - (float (med (NL, NL')) / float (max (lenMsgIdList (NL),
    lenMsgIdList (NL')))) fi .
Warning: "smc_cp3-refactored.maude", line 500 (mod SMC_CP3): multiple distinct
    parses for statement
eq getMTBF (< ADDR : IrcMonitor | msgSent: ircMTL, msgRcvd: ircMTL', attrs >,
    Tn, Tstart, Tend) = getMTBFAux (filterWindow (ircMTL, Tstart - Tn, Tend +
    Tn), filterWindow (ircMTL', Tstart - Tn, Tend + Tn), Tn, Tstart, Tend) .
Warning: "smc_cp3-refactored.maude", line 560 (mod SMC_CP3): multiple distinct
    parses for statement
eq KsDistanceX (F FL, nil, I, J, invN, invN', D) = max2 (D, abs ((float (I) *
    invN) - 1.0)) .
Warning: "smc_cp3-refactored.maude", line 561 (mod SMC_CP3): multiple distinct
    parses for statement
eq KsDistanceX (nil, F' FL', I, J, invN, invN', D) = max2 (D, abs (1.0 - (float
    (J) * invN'))) .
Warning: "smc_cp3-refactored.maude", line 563 (mod SMC_CP3): multiple distinct
    parses for statement
ceq KsDistanceX (F FL, F' FL', I, J, invN, invN', D) = KsDistanceX (FL1, FL2, I
    + C1, J + C2, invN, invN', max2 (D, abs ((float (I + C1) * invN) - (float (
    J + C2) * invN')))) if F == F' /\ prefix (C1, FL1) := skipEqPrefix (F, F
    FL) /\ prefix (C2, FL2) := skipEqPrefix (F', F' FL') .
Warning: "smc_cp3-refactored.maude", line 569 (mod SMC_CP3): multiple distinct
    parses for statement
ceq KsDistanceX (F FL, F' FL', I, J, invN, invN', D) = KsDistanceX (FL, F' FL',
    I + 1, J, invN, invN', max2 (D, abs ((float (I + 1) * invN) - (float (J) *
    invN')))) if F < F' .
Warning: "smc_cp3-refactored.maude", line 573 (mod SMC_CP3): multiple distinct
    parses for statement
ceq KsDistanceX (F FL, F' FL', I, J, invN, invN', D) = KsDistanceX (F FL, FL',
    I, J + 1, invN, invN', max2 (D, abs ((float (I) * invN) - (float (J + 1) *
    invN')))) if F > F' .
Warning: "smc_cp3-refactored.maude", line 583 (mod SMC_CP3): multiple distinct
    parses for statement
eq KsStatisticZ (FL, FL', K) = KsDistance (FL, FL') - K .
Warning: "smc_cp3-refactored.maude", line 679 (mod SMC_CP3): multiple distinct
    parses for statement
eq compObsFeatureX (vp, dnsQueryRate, Fid, TOL, Tstart, Tend) = float (
    countDNSQuery (vp, Fid, TOL, Tstart, Tend)) / (Tend - Tstart) .
Warning: "smc_cp3-refactored.maude", line 693 (mod SMC_CP3): multiple distinct
    parses for statement
eq compObsFeatureX (vp, tcpUpRate, Fid, TOL, Tstart, Tend) = float (
    sizeTCPUpload (vp, Fid, TOL, Tstart, Tend)) / (Tend - Tstart) .
Warning: "smc_cp3-refactored.maude", line 695 (mod SMC_CP3): multiple distinct
    parses for statement
eq compObsFeatureX (vp, tcpDownRate, Fid, TOL, Tstart, Tend) = float (
    sizeTCPDownload (vp, Fid, TOL, Tstart, Tend)) / (Tend - Tstart) .
Warning: "smc_cp3-refactored.maude", line 703 (mod SMC_CP3): multiple distinct
    parses for statement
eq compObsFeatureX (vp, tcpOutPktRate, Fid, TOL, Tstart, Tend) = float (
    countTCPOutPkt (vp, Fid, TOL, Tstart, Tend)) / (Tend - Tstart) .
Warning: "smc_cp3-refactored.maude", line 705 (mod SMC_CP3): multiple distinct
    parses for statement
eq compObsFeatureX (vp, tcpInPktRate, Fid, TOL, Tstart, Tend) = float (
    countTCPInPkt (vp, Fid, TOL, Tstart, Tend)) / (Tend - Tstart) .
Warning: "smc_cp3-refactored.maude", line 724 (mod SMC_CP3): multiple distinct
    parses for statement
eq compObsFeatureX (vp, dnsQueryRate, TOL, Tstart, Tend) = float (countDNSQuery
    (vp, TOL, Tstart, Tend)) / (Tend - Tstart) .
Warning: "smc_cp3-refactored.maude", line 738 (mod SMC_CP3): multiple distinct
    parses for statement
eq compObsFeatureX (vp, tcpUpRate, TOL, Tstart, Tend) = float (sizeTCPUpload (
    vp, TOL, Tstart, Tend)) / (Tend - Tstart) .
Warning: "smc_cp3-refactored.maude", line 740 (mod SMC_CP3): multiple distinct
    parses for statement
eq compObsFeatureX (vp, tcpDownRate, TOL, Tstart, Tend) = float (
    sizeTCPDownload (vp, TOL, Tstart, Tend)) / (Tend - Tstart) .
Warning: "smc_cp3-refactored.maude", line 748 (mod SMC_CP3): multiple distinct
    parses for statement
eq compObsFeatureX (vp, tcpOutPktRate, TOL, Tstart, Tend) = float (
    countTCPOutPkt (vp, TOL, Tstart, Tend)) / (Tend - Tstart) .
Warning: "smc_cp3-refactored.maude", line 750 (mod SMC_CP3): multiple distinct
    parses for statement
eq compObsFeatureX (vp, tcpInPktRate, TOL, Tstart, Tend) = float (countTCPInPkt
    (vp, TOL, Tstart, Tend)) / (Tend - Tstart) .
Warning: "smc_cp3-refactored.maude", line 911 (mod SMC_CP3): multiple distinct
    parses for statement
ceq expectedKObsFeature (vp, obsF, baselineCDF, binECDFs, T, Tend, winSize,
    binSize, Ksum, N) = if KD >= 0.0 then expectedKObsFeature (vp, obsF,
    baselineCDF, binECDFs, T + binSize, Tend, winSize, binSize, Ksum + KD, N +
    1) else expectedKObsFeature (vp, obsF, baselineCDF, binECDFs, T + binSize,
    Tend, winSize, binSize, Ksum, N) fi if (T + winSize) <= (Tend + Tesp) /\
    ECDF := sort (getECDFObsFeatureRange (binECDFs, floor (rat (T / binSize)),
    (floor (rat (T / binSize)) + floor (rat (winSize / binSize))) - 1)) /\ KD
    := KsDistance (baselineCDF, ECDF) .
Warning: "smc_cp3-refactored.maude", line 1079 (mod SMC_CP3): multiple distinct
    parses for statement
eq getCUSUMZt (< ADDR : Adversary | gt: (bl (vp, obsF, K, Zt) :; blList), attrs
    >, vp, obsF, Tstart, Tend, winSize, binSize) = cusumRange (Zt, floor (rat (
    Tstart / binSize)), floor (rat ((Tend - winSize) / binSize))) .
==========================================
rewrite in HCS-TEST-BASELINE-TCPPKTINTERARRIVAL-CL2 : run((initState(counter) [
    tgenDelay, to baseLineAddr from baseLineAddr : initBase, 0]) 
{0.0 |
nil}, slimit) .
rewrites: 73828543843 in 9117388ms cpu (9374802ms real) (8097553
    rewrites/second)
result Actor: 
< baseLineAddr : BaseLineMonitor | viewPts: cl[2], features:
    tcpPktInterarrival, baseLine: bl(cl[2], tcpPktInterarrival,
    1.7929976652649651e-1, 1.211199969475274e-5 1.2111999993928629e-5
    1.2111999997917641e-5 1.2111999999936669e-5 1.2111999999936669e-5
    1.2111999999936669e-5 1.2112000000402598e-5 1.2112000000402598e-5
    1.2112000000402598e-5 1.2112000000402598e-5 1.2112000000402598e-5
    1.2112000000402598e-5 1.2112000000402598e-5 1.2112000000402598e-5
    1.2112000000402598e-5 1.2112000000402598e-5 1.2112000000402598e-5
    1.2112000000402598e-5 1.2112000000402598e-5 1.2112000000402598e-5
    1.2112000000402598e-5 1.2112000000402598e-5 1.2112000000402598e-5
    1.2112000000402598e-5 1.2112000000402598e-5 1.2112000000402598e-5
    1.2112000000402598e-5 1.2112000000402598e-5 1.2112000000402598e-5
    1.2112000000402598e-5 1.2112000000402598e-5 1.2112000000402598e-5
    1.2112000000402598e-5 1.2112000000402598e-5 1.2112000000402598e-5
    1.2112000000402598e-5 1.2112000000402598e-5 1.2112000000402598e-5
    1.2112000000402598e-5 1.2112000000402598e-5 1.2112000000402598e-5
    1.2112000000402598e-5 1.2112000000402598e-5 1.2112000000402598e-5
    1.2112000000402598e-5 1.2112000000402598e-5 1.2112000000402598e-5
    1.2112000000402598e-5 1.2112000000402598e-5 1.2112000000402598e-5
    1.2112000000402598e-5 1.2112000000402598e-5 1.2112000000402598e-5
    1.2112000000402598e-5 1.2112000000402598e-5 1.2112000000402598e-5
    1.2112000000402598e-5 1.2112000000402598e-5 1.2112000000402598e-5
    1.2112000000402598e-5 1.2112000000402598e-5 1.2112000000402598e-5
    1.2112000000402598e-5 1.2112000000402598e-5 1.2112000000402598e-5
    1.2112000000402598e-5 1.2112000000402598e-5 1.2112000000402598e-5
    1.2112000000402598e-5 1.2112000000402598e-5 1.2112000000402598e-5
    1.2112000000402598e-5 1.2112000000402598e-5 1.2112000000402598e-5
    1.2112000000402598e-5 1.2112000000402598e-5 1.2112000000402598e-5
    1.2112000000402598e-5 1.2112000000402598e-5 1.2112000000402598e-5
    1.2112000000402598e-5 1.2112000000402598e-5 1.2112000000402598e-5
    1.2112000000402598e-5 1.2112000000402598e-5 1.2112000000402598e-5
    1.2112000000402598e-5 1.2112000000402598e-5 1.2112000000402598e-5
    1.2112000000402598e-5 1.2112000000402598e-5 1.2112000000402598e-5
    1.2112000000402598e-5 1.2112000000402598e-5 1.2112000000402598e-5
    1.2112000000402598e-5 1.2112000000402598e-5 1.2112000000402598e-5
    1.2112000000402598e-5 1.2112000000402598e-5 1.2112000000402598e-5
    1.2112000000402598e-5 1.2112000000402598e-5 1.2112000000402598e-5
    1.2112000000402598e-5 1.2112000000402598e-5 1.2112000000402598e-5
    1.2112000000402598e-5 1.2112000000402598e-5 1.2112000000402598e-5
    1.2112000000402598e-5 1.2112000000402598e-5 1.2112000000402598e-5
    1.2112000000402598e-5 1.2112000000402598e-5 1.2112000000402598e-5
    1.2112000000402598e-5 1.2112000000402598e-5 1.2112000000402598e-5
    1.2112000000402598e-5 1.2112000000402598e-5 1.2112000000402598e-5
    1.2112000000402598e-5 1.2112000000402598e-5 1.2112000000402598e-5
    1.2112000000402598e-5 1.2112000005895665e-5 1.2112000019572275e-5
    1.2112000048445123e-5 3.7860573320358527e-5 7.2746261139400303e-5
    1.1052946751988202e-4 1.5609221600243472e-4 1.6229919719989994e-4
    1.8614588418586209e-4 2.3739185007798369e-4 3.1308671259466792e-4
    3.7588240456898347e-4 4.2601651693985332e-4 4.99265649523295e-4
    5.0623090282897465e-4 5.4444548948140437e-4 5.6578240577209726e-4
    6.8657649217129801e-4 7.6345040088199312e-4 8.8428905126258339e-4
    8.8428905126258339e-4 8.8428905126258339e-4 8.8428905126258339e-4
    8.8428905126258339e-4 8.8428905126258339e-4 8.8428905126258339e-4
    8.8428905126258339e-4 8.8428905126258339e-4 8.8428905126258339e-4
    8.8428905126258339e-4 8.8428905126258339e-4 8.8428905126258339e-4
    8.8428905126258339e-4 8.8428905126258339e-4 8.8428905126258339e-4
    8.8428905126258339e-4 8.8428905126258339e-4 8.8428905126258339e-4
    8.8428905126258339e-4 8.8428905126258339e-4 8.8428905126258339e-4
    8.8428905126258339e-4 8.8428905126258339e-4 8.8428905126258339e-4
    8.8428905126258339e-4 8.8428905126258339e-4 8.8428905126258339e-4
    8.8428905126258339e-4 8.8428905126258339e-4 8.8428905126258339e-4
    8.8428905126258339e-4 8.8428905126258339e-4 8.8428905126258339e-4
    8.8428905126258339e-4 8.8428905126258339e-4 8.8428905126258339e-4
    8.8428905126258339e-4 8.8428905126258339e-4 8.8428905126258339e-4
    8.8428905126258339e-4 8.8428905126258339e-4 8.8428905126258339e-4
    8.8428905126258339e-4 8.8428905126258339e-4 8.8428905126258339e-4
    8.8428905126258339e-4 8.8428905126258339e-4 8.8428905126258339e-4
    8.8428905126258339e-4 8.8428905126258339e-4 8.8428905126258339e-4
    8.8428905126258339e-4 8.8428905126258339e-4 8.8428905126258339e-4
    8.8428905126258339e-4 8.8428905126258339e-4 8.8428905126258339e-4
    8.8428905126258339e-4 8.8428905126258339e-4 8.8428905126258339e-4
    8.8428905126258339e-4 8.8428905126258339e-4 8.8428905126258339e-4
    8.8428905126258339e-4 8.8428905126258339e-4 8.8428905126258339e-4
    8.8428905126258339e-4 8.8428905126258339e-4 8.8428905126258339e-4
    8.8428905126258339e-4 8.8428905126258339e-4 8.8428905126258339e-4
    8.8428905126427182e-4 8.8428905126427182e-4 8.8428905126427182e-4
    8.8428905126483463e-4 8.8428905126483463e-4 8.8428905126483463e-4
    8.8428905126483463e-4 8.8428905126483463e-4 8.8428905126483463e-4
    8.8428905126483463e-4 8.8428905126483463e-4 8.8428905126483463e-4
    8.8428905126483463e-4 8.8428905126483463e-4 8.8428905126483463e-4
    8.8428905126708586e-4 8.8428905126708586e-4 8.8428905126708586e-4
    8.8428905126708586e-4 8.8428905126708586e-4 8.8428905126708586e-4
    8.8428905126708586e-4 8.8428905126708586e-4 8.8428905126708586e-4
    8.8428905126708586e-4 8.8428905126708586e-4 8.8428905126708586e-4
    8.8428905126708586e-4 8.8428905126708586e-4 8.8428905126708586e-4
    8.8428905126708586e-4 8.8428905126708586e-4 8.8428905126708586e-4
    8.8428905126708586e-4 8.8428905126708586e-4 8.8428905126708586e-4
    8.8428905126708586e-4 8.8428905126708586e-4 8.8428905126708586e-4
    8.8428905126708586e-4 8.8428905126708586e-4 8.8428905126708586e-4
    8.8428905126708586e-4 8.8428905126708586e-4 8.8428905126708586e-4
    9.1733082248232102e-4 9.1733082248232102e-4 9.173308224868235e-4
    9.2025511523538583e-4 9.9999999974897946e-4 9.9999999997635314e-4
    9.9999999997635314e-4 1.2528145658814564e-3 1.4361832145011648e-3
    1.4361832145011648e-3 1.4361832145011648e-3 1.4361832145011648e-3
    1.4361832145011648e-3 1.4361832145011648e-3 1.4361832145011648e-3
    1.4361832145011648e-3 1.4361832145011648e-3 1.4361832145011648e-3
    1.4361832145011648e-3 1.4361832145011648e-3 1.4361832145011648e-3
    1.4361832145011648e-3 1.4361832145011648e-3 1.4361832145011648e-3
    1.4361832145018693e-3 1.4361832145021044e-3 1.4361832145021044e-3
    1.4361832145021044e-3 1.4361832145021044e-3 1.4361832145021044e-3
    1.4361832145021044e-3 1.4361832145021044e-3 1.4361832145021044e-3
    1.4361832145021044e-3 1.4361832145021044e-3 1.4361832145021044e-3
    1.4361832145021044e-3 1.4361832145021044e-3 1.4361832145021044e-3
    1.4361832145021044e-3 1.4361832145030437e-3 1.4361832145030437e-3
    1.4361832145030437e-3 1.4361832145030437e-3 1.4361832145030437e-3
    1.4361832145030437e-3 1.4361832145030437e-3 1.4361832145030437e-3
    1.4361832145030437e-3 1.4361832145030437e-3 1.4361832145030437e-3
    1.4361832145030437e-3 1.4361832145030437e-3 1.4361832145030437e-3
    1.4361832145030437e-3 1.4361832145030437e-3 1.4361832145030437e-3
    1.4361832145030437e-3 1.4361832145030437e-3 1.4361832145030437e-3
    1.4361832145030437e-3 1.4361832145030437e-3 1.4361832145030437e-3
    1.4361832145030437e-3 1.4361832145030437e-3 1.4361832145030437e-3
    1.4361832145030437e-3 1.4361832145030437e-3 1.4361832145030437e-3
    1.4361832145030437e-3 1.4361832145030437e-3 1.4361832145030437e-3
    1.4361832145030437e-3 1.4361832145030437e-3 1.436183214506802e-3
    1.436183214506802e-3 1.436183214506802e-3 1.436183214506802e-3
    1.436183214506802e-3 1.436183214506802e-3 1.436183214506802e-3
    1.436183214506802e-3 1.436183214506802e-3 1.436183214506802e-3
    1.436183214506802e-3 1.436183214506802e-3 1.436183214506802e-3
    1.436183214506802e-3 1.436183214506802e-3 1.436183214506802e-3
    1.436183214506802e-3 1.436183214506802e-3 1.436183214506802e-3
    1.436183214506802e-3 1.436183214506802e-3 1.436183214506802e-3
    1.436183214506802e-3 1.436183214506802e-3 1.436183214506802e-3
    1.436183214506802e-3 1.436183214506802e-3 1.436183214506802e-3
    1.436183214506802e-3 1.436183214506802e-3 1.436183214506802e-3
    1.436183214506802e-3 1.436183214506802e-3 1.436183214506802e-3
    1.436183214506802e-3 1.436183214506802e-3 1.436183214506802e-3
    1.436183214506802e-3 1.436183214506802e-3 1.436183214506802e-3
    1.436183214506802e-3 1.436183214506802e-3 1.436183214506802e-3
    1.436183214506802e-3 1.436183214506802e-3 1.436183214506802e-3
    1.436183214506802e-3 1.436183214506802e-3 1.436183214506802e-3
    1.436183214506802e-3 1.436183214506802e-3 1.436183214506802e-3
    1.436183214506802e-3 1.436183214506802e-3 1.436183214506802e-3
    1.436183214506802e-3 1.436183214506802e-3 1.436183214506802e-3
    1.436183214506802e-3 1.4601171844960004e-3 1.4820050807677696e-3
    1.5236261838134325e-3 1.5491125111342522e-3 1.5528537465077836e-3
    1.5562876596106889e-3 1.6531845424261908e-3 1.66197801943441e-3
    1.8327709352164534e-3 1.8365833547949687e-3 1.8634803601261492e-3
    1.8638759164222799e-3 1.8648679000664997e-3 1.8649174314013946e-3
    1.8720298969619473e-3 1.9544006425516098e-3 1.9554344998634391e-3
    1.9554344998634391e-3 1.9554344998634391e-3 1.9554344998634391e-3
    1.9554344998634391e-3 1.9554344998634391e-3 1.9554344998634391e-3
    1.9554344998634391e-3 1.9554344998634391e-3 1.9554344998634391e-3
    1.9554344998634391e-3 1.9554344998634391e-3 1.9554344998634391e-3
    1.9554344998634391e-3 1.9554344998634391e-3 1.9554344998634391e-3
    1.9554344998634391e-3 1.9554344998634391e-3 1.9554344998634391e-3
    1.9554344998634391e-3 1.9554344998634391e-3 1.9554344998634391e-3
    1.9554344998634391e-3 1.9554344998634391e-3 1.9554344998634391e-3
    1.9554344998634391e-3 1.9554344998634391e-3 1.9554344998634391e-3
    1.9554344998634391e-3 1.9554344998634391e-3 1.9554344998634391e-3
    1.9554344998634391e-3 1.9554344998634391e-3 1.9554344998634391e-3
    1.9554344998634391e-3 1.9554344998634391e-3 1.9554344998634391e-3
    1.9554344998634391e-3 1.9554344998634391e-3 1.9554344998634391e-3
    1.9554344998634391e-3 1.9554344998634391e-3 1.9554344998634391e-3
    1.9554344998634391e-3 1.9554344998634391e-3 1.9554344998634391e-3
    1.9554344998634391e-3 1.9554344998634391e-3 1.9554344998634391e-3
    1.9554344998634391e-3 1.9554344998634391e-3 1.9554344998634391e-3
    1.9554344998634391e-3 1.9554344998634391e-3 1.9554344998643069e-3
    1.9554344998643069e-3 1.9554344998643069e-3 1.9554344998643069e-3
    1.9554344998643069e-3 1.9554344998643069e-3 1.9564532903285446e-3
    1.9611618580862946e-3 1.9624380054589587e-3 1.9703831344766234e-3
    1.9789558467212046e-3 2.0091265806680171e-3 2.0091265806680171e-3
    2.0091265806680171e-3 2.0091265806680171e-3 2.0091265806680171e-3
    2.0091265806680171e-3 2.0091265806680171e-3 2.0091265806680171e-3
    2.0091265806680171e-3 2.0091265806680171e-3 2.0091265806680171e-3
    2.0091265806680171e-3 2.0091265806680171e-3 2.0091265806680171e-3
    2.0091265806680171e-3 2.0091265806680171e-3 2.0091265806680171e-3
    2.0091265806680171e-3 2.0091265806680171e-3 2.0091265806680171e-3
    2.0091265806680171e-3 2.0091265806680171e-3 2.0091265806680171e-3
    2.0091265806680171e-3 2.0091265806680171e-3 2.0091265806680171e-3
    2.0091265806680171e-3 2.0091265806680171e-3 2.0091265806680171e-3
    2.0091265806680171e-3 2.0091265806680171e-3 2.0091265806680171e-3
    2.0091265806680171e-3 2.0091265806680171e-3 2.0091265806680171e-3
    2.0091265806680171e-3 2.0091265806680171e-3 2.0091265806680171e-3
    2.0091265806680171e-3 2.0091265806680171e-3 2.0091265806680171e-3
    2.0091265806680171e-3 2.0091265806680171e-3 2.0091265806680171e-3
    2.0091265806680171e-3 2.0091265806680171e-3 2.0091265806680171e-3
    2.0091265806680171e-3 2.0091265806680171e-3 2.0091265806680171e-3
    2.0091265806680171e-3 2.0091265806680171e-3 2.0091265806680171e-3
    2.009126580668397e-3 2.009126580668397e-3 2.0091265806684512e-3
    2.0091265806684512e-3 2.0091265806684512e-3 2.0091265806684512e-3
    2.0091265806684512e-3 2.0091265806684512e-3 2.0091265806684512e-3
    2.0091265806688849e-3 2.0091265806688849e-3 2.0091265806688849e-3
    2.0091265806688849e-3 2.0091265806688849e-3 2.0091265806714887e-3
    2.0091265806714887e-3 2.0091265806714887e-3 2.0091265806714887e-3
    2.0091265806714887e-3 2.0091265806714887e-3 2.0091265806714887e-3
    2.0091265806714887e-3 2.0091265806714887e-3 2.0091265806714887e-3
    2.0091265806714887e-3 2.0091265806714887e-3 2.0091265806714887e-3
    2.0091265806714887e-3 2.0091265806714887e-3 2.0091265806714887e-3
    2.0091265806714887e-3 2.0091265806714887e-3 2.0091265806714887e-3
    2.0091265806714887e-3 2.0091265806714887e-3 2.0091265806714887e-3
    2.0091265806714887e-3 2.0091265806714887e-3 2.0091265806714887e-3
    2.0091265806714887e-3 2.0091265806714887e-3 2.0091265806714887e-3
    2.0091265806714887e-3 2.0091265806714887e-3 2.0091265806714887e-3
    2.0091265806714887e-3 2.0091265806714887e-3 2.0091265806714887e-3
    2.0091265806714887e-3 2.0091265806714887e-3 2.0091265806714887e-3
    2.0091265806714887e-3 2.0091265806714887e-3 2.0091265806714887e-3
    2.0091265806714887e-3 2.0091265806714887e-3 2.0091265806714887e-3
    2.0091265806714887e-3 2.0091265806714887e-3 2.0091265806714887e-3
    2.0091265806714887e-3 2.0091265806714887e-3 2.0091265806714887e-3
    2.0091265806714887e-3 2.0091265806714887e-3 2.0241122554113889e-3
    2.0246082584301933e-3 2.0341655554954128e-3 2.0367037946433866e-3
    2.03772401308258e-3 2.0643835575050108e-3 2.0656401529310481e-3
    2.0675820311382704e-3 2.070499169720266e-3 2.0735687405665244e-3
    2.0959537959320713e-3 2.0966422977439893e-3 2.0993831647697593e-3
    2.1021890399105076e-3 2.1034933576750754e-3 2.1045967174844124e-3
    2.1060258526144141e-3 2.1074334970861276e-3 2.1164908984496024e-3
    2.1186055580122089e-3 2.1207652065210296e-3 2.1221174607024117e-3
    2.1275465503671916e-3 2.1298064478883654e-3 2.1329745336008551e-3
    2.13418443754864e-3 2.1347016978855511e-3 2.1368468896854858e-3
    2.1463759104228971e-3 2.1479447561485038e-3 2.1482438228203546e-3
    2.1486911684349855e-3 2.1500361974329594e-3 2.1507952677835788e-3
    2.1511887475294624e-3 2.1581952338760807e-3 2.1587538841928437e-3
    2.1590549123114509e-3 2.1602059026755572e-3 2.1608857513586862e-3
    2.1637725059510306e-3 2.1649958666549157e-3 2.1659793609562711e-3
    2.1667495467597251e-3 2.167137409610513e-3 2.1671731729942596e-3
    2.1692670410525632e-3 2.1694065876026922e-3 2.1724509672118074e-3
    2.1726388879217983e-3 2.1729272465762142e-3 2.173174462454062e-3
    2.1737073172882178e-3 2.1741706904968745e-3 2.1747755783319265e-3
    2.1757116206456814e-3 2.1762535434793244e-3 2.179608518168201e-3
    2.1801279369423102e-3 2.1811456487230343e-3 2.1815013489714609e-3
    2.1822714987056878e-3 2.182831584954849e-3 2.1836965762706429e-3
    2.1840441882409584e-3 2.1847069425653697e-3 2.1850755993448189e-3
    2.1862332140818066e-3 2.1875766147593503e-3 2.1886743105706571e-3
    2.1891135436255304e-3 2.1897567666544779e-3 2.190366409091541e-3
    2.1904582095903006e-3 2.1906100460257097e-3 2.1915390338215408e-3
    2.1928727853091695e-3 2.1934892689411483e-3 2.1937101061383015e-3
    2.1939841567404357e-3 2.1940784026024092e-3 2.194547694389364e-3
    2.1954220740833886e-3 2.1955883786570749e-3 2.1968990656848434e-3
    2.1973596786234368e-3 2.1974601333521449e-3 2.1975745176285966e-3
    2.1979679191280769e-3 2.1985250798578371e-3 2.198682860020599e-3
    2.1996877559171679e-3 2.2002897443047474e-3 2.20040151902392e-3
    2.2006759076107201e-3 2.2009605450917296e-3 2.2014820424929283e-3
    2.2020625555730228e-3 2.2023162417651194e-3 2.2027288394489493e-3
    2.2027834873550225e-3 2.2033995948658128e-3 2.2038971872037202e-3
    2.204083874695748e-3 2.2043189679616729e-3 2.2053843732351627e-3
    2.2056955371733758e-3 2.2059831591272907e-3 2.2062446938659218e-3
    2.2067371556895136e-3 2.2069764613427464e-3 2.2074749402446929e-3
    2.207789528796144e-3 2.2081777108278137e-3 2.2086569051275066e-3
    2.2087627491898915e-3 2.209069005394628e-3 2.2092495750562595e-3
    2.2095862719304768e-3 2.2097546167715891e-3 2.2103115950365087e-3
    2.2103664544901448e-3 2.2114456110030449e-3 2.2114682003721614e-3
    2.2120482987522971e-3 2.2122936840657413e-3 2.2126608662695916e-3
    2.2128802600764521e-3 2.2130392896301592e-3 2.2135283641660495e-3
    2.2139217386776587e-3 2.2141863575949874e-3 2.2144121376151764e-3
    2.214564597492395e-3 2.2146201248232993e-3 2.2149997625869797e-3
    2.2157525271792261e-3 2.2161907092926214e-3 2.2171666481900342e-3
    2.2177333830838775e-3 2.2179180912678714e-3 2.2180462446193868e-3
    2.2185559391298616e-3 2.2186936979607104e-3 2.2189027808487928e-3
    2.2190033981061659e-3 2.2191422394379485e-3 2.2192813053673413e-3
    2.2193966962419185e-3 2.2194919424305981e-3 2.2197119411560559e-3
    2.2197693762301862e-3 2.2198094842551972e-3 2.219971890172897e-3
    2.2201814148984241e-3 2.2205108616123398e-3 2.2206540723969065e-3
    2.2208951963237191e-3 2.2209477598881346e-3 2.2210137952124597e-3
    2.221248447212026e-3 2.2214149833130396e-3 2.2215283691273437e-3
    2.2215804428022835e-3 2.2218484972305361e-3 2.2219779651386656e-3
    2.2219949376412985e-3 2.2220164742388264e-3 2.2220469153023704e-3
    2.22217096814372e-3 2.2223215281626466e-3 2.2223991044325966e-3
    2.2224719824669808e-3 2.2225552485799693e-3 2.22277680246464e-3
    2.2228323113875313e-3 2.2229751952619584e-3 2.2231921909674109e-3
    2.2235094249760949e-3 2.2235778888740586e-3 2.2236439058622077e-3
    2.2239203637747966e-3 2.2240234699358766e-3 2.2240580400100345e-3
    2.2241342090246687e-3 2.2242068144050723e-3 2.224281314610796e-3
    2.2243199948483159e-3 2.2244687973739206e-3 2.2246218355322926e-3
    2.2246789705107741e-3 2.2248415128193989e-3 2.224903119182651e-3
    2.2249827679803494e-3 2.2251728093126196e-3 2.2252075122977341e-3
    2.2253002641790852e-3 2.2253996027847447e-3 2.225442502396062e-3
    2.2254926201302435e-3 2.2255244618163859e-3 2.2256437599307358e-3
    2.2256788667478224e-3 2.2257285575101766e-3 2.2257423091907257e-3
    2.2257798366745909e-3 2.2257999886627967e-3 2.2258436568768441e-3
    2.2258734989176192e-3 2.2259546210129039e-3 2.2260067533106317e-3
    2.2260404456204219e-3 2.2260790978849226e-3 2.2260956552156135e-3
    2.2261579602532596e-3 2.226187218108576e-3 2.2262075327395743e-3
    2.2262381966349581e-3 2.2262435954350391e-3 2.2262899483618485e-3
    2.2263466921800179e-3 2.2264256833149799e-3 2.2266762987102552e-3
    2.2267329494978522e-3 2.2269174460422089e-3 2.2270016517899694e-3
    2.2271261162469585e-3 2.227430558389571e-3 2.2274676948032712e-3
    2.2277217254603869e-3 2.2279556106683542e-3 2.2289049332143459e-3
    2.2291543498710507e-3 2.2291674928573034e-3 2.2292253718933131e-3
    2.2292781795119608e-3 2.2294539497361094e-3 2.2295280604844223e-3
    2.2296034076570892e-3 2.2297168863931772e-3 2.2297721829959254e-3
    2.2297760329311567e-3 2.2299370160062991e-3 2.2300341355840077e-3
    2.2301099283348409e-3 2.2301583361114528e-3 2.2301940916519031e-3
    2.2302011286194968e-3 2.2302438834294275e-3 2.2302634292247847e-3
    2.2303089796223185e-3 2.2303450930485432e-3 2.2303618796221834e-3
    2.2303954664216123e-3 2.2304533159106924e-3 2.2304614124812362e-3
    2.230482827053004e-3 2.2305336466075282e-3 2.2305684970637561e-3
    2.230582615408747e-3 2.2305928825235742e-3 2.230605865365865e-3
    2.2306257283227905e-3 2.2306671359883334e-3 2.2306807834214589e-3
    2.2307736683329356e-3 2.2308615995815699e-3 2.2308708908758911e-3
    2.2309491826436939e-3 2.2310397594708614e-3 2.2310559966304522e-3
    2.231067277454511e-3 2.23110821874889e-3 2.2312809569332644e-3
    2.2314588259367578e-3 2.2315622383897869e-3 2.2316166289412629e-3
    2.2317453509629213e-3 2.231994128833337e-3 2.2323354721866203e-3
    2.2323979961263417e-3 2.2324628121258901e-3 2.2329661298183083e-3
    2.2330790554661215e-3 2.2333550835686436e-3 2.233435806545921e-3
    2.2339096220469461e-3 2.2341576699700838e-3 2.2344398744404649e-3
    2.2346437218924934e-3 2.2347929114501079e-3 2.2349522357163537e-3
    2.236409021968699e-3 2.2370682608626848e-3 2.2377057270597262e-3
    2.2381874501567027e-3 2.2384034027850396e-3 2.2385383129637604e-3
    2.2385829034821487e-3 2.2386836338307578e-3 2.238728376555958e-3
    2.2387474361056777e-3 2.2389859388759286e-3 2.2391035602752269e-3
    2.2391904107574179e-3 2.2392265505777088e-3 2.2392516243719615e-3
    2.239307107543742e-3 2.2394073849451679e-3 2.2395519170736351e-3
    2.239732221760958e-3 2.240363440924435e-3 2.2414927760835224e-3
    2.2419311246524125e-3 2.2432891697601602e-3 2.2435255277033525e-3
    2.2438711344447042e-3 2.2442868250365606e-3 2.2446359429244278e-3
    2.2449862400995267e-3 2.2450068301542764e-3 2.2450936676085007e-3
    2.245237133228775e-3 2.2452968266390024e-3 2.2454370417670675e-3
    2.2455018637410748e-3 2.2455798716378666e-3 2.2456469354660493e-3
    2.245710620259279e-3 2.2457474462232022e-3 2.2457589289762532e-3
    2.2458209735954659e-3 2.2458386771110417e-3 2.2458904114619361e-3
    2.2459637026775105e-3 2.2459789828298635e-3 2.2460211125733226e-3
    2.246049005455874e-3 2.2460561350338918e-3 2.2460823771380113e-3
    2.2461112473655008e-3 2.2461316835884924e-3 2.2461560498765751e-3
    2.2461715486222413e-3 2.246180579569389e-3 2.2462367474087872e-3
    2.2462875645047841e-3 2.2463088760355972e-3 2.2463594721480805e-3
    2.2463888482023957e-3 2.2464235705657921e-3 2.2464281253948273e-3
    2.2464578741157614e-3 2.246515813475714e-3 2.2465475439629196e-3
    2.2465717321812182e-3 2.246590451519535e-3 2.2466334532145167e-3
    2.2466876202928798e-3 2.2467526762061452e-3 2.2467889931468729e-3
    2.246871268747255e-3 2.2469011970469191e-3 2.247054250978734e-3
    2.2471522064332911e-3 2.247519095051951e-3 2.2478210414934256e-3
    2.247952759116577e-3 2.248050951667279e-3 2.2484683644766737e-3
    2.2490684572438451e-3 2.2535868090968587e-3 2.254810912594015e-3
    2.2551701956759606e-3 2.2552616727365311e-3 2.2553147045628681e-3
    2.2553633420941072e-3 2.2554223886243367e-3 2.2555385164823197e-3
    2.2556024090955936e-3 2.2556870917581117e-3 2.2557450729946329e-3
    2.2558028260454108e-3 2.2558942163472106e-3 2.2559872500456206e-3
    2.2560769318199538e-3 2.256130786693226e-3 2.2561964070065043e-3
    2.2562231599531609e-3 2.2562316666606516e-3 2.2562622188873373e-3
    2.2562924183555585e-3 2.2563463302459285e-3 2.2563826481658343e-3
    2.2564407666141053e-3 2.2564747872537796e-3 2.2565275494858057e-3
    2.2565878426593802e-3 2.2566417655426967e-3 2.2567572720343775e-3
    2.2568128669613061e-3 2.2568509630484374e-3 2.2569021131933673e-3
    2.2569532936473429e-3 2.2571012441152585e-3 2.2571739641685743e-3
    2.2572185959175012e-3 2.2572833217996855e-3 2.2573410367002543e-3
    2.2573514745032057e-3 2.2573909307907272e-3 2.2574697156582573e-3
    2.257882002212865e-3 2.2579950067541754e-3 2.2582065671596149e-3
    2.2596885867039885e-3 2.2602386981437146e-3 2.260281240007976e-3
    2.2603063300787114e-3 2.2604389509037369e-3 2.2605189124595033e-3
    2.2605559658812908e-3 2.2606014398194826e-3 2.2606868699173053e-3
    2.2607792610037339e-3 2.2608260288716161e-3 2.2609283790561087e-3
    2.260935333620844e-3 2.2609937494235282e-3 2.2610126004521747e-3
    2.2611140797081167e-3 2.2611364065569001e-3 2.2612322459983456e-3
    2.2612491926645652e-3 2.2613231029184147e-3 2.2614453274205169e-3
    2.2614798701256142e-3 2.2615508251085776e-3 2.2616080259071965e-3
    2.2617006591545545e-3 2.2617408268068408e-3 2.2617641489600954e-3
    2.2618279884421776e-3 2.2618511333703335e-3 2.2619665858586717e-3
    2.2619717710632707e-3 2.2620170836229079e-3 2.2620665326617199e-3
    2.2621676982662693e-3 2.2622398030467655e-3 2.262318945434411e-3
    2.2624906174028448e-3 2.2625776757266075e-3 2.262665412207804e-3
    2.2627888114460817e-3 2.2628441488151208e-3 2.2630289097455725e-3
    2.2630349141360066e-3 2.2631866392621258e-3 2.263241318931312e-3
    2.2633635616917018e-3 2.2636088253540549e-3 2.2636742594927604e-3
    2.2638826968222085e-3 2.2640492915115048e-3 2.2640567728381879e-3
    2.2641438689850767e-3 2.2642937942128931e-3 2.2647159666487611e-3
    2.2647308862988507e-3 2.264731893421744e-3 2.2652056707273588e-3
    2.2652447905864405e-3 2.2653510678754605e-3 2.265471998692252e-3
    2.2655570758860514e-3 2.2656000683410099e-3 2.2656914315870463e-3
    2.2658851610389314e-3 2.2659389211285592e-3 2.2660206317799401e-3
    2.2661346210592591e-3 2.2662592237404689e-3 2.2664177187577432e-3
    2.266477333589494e-3 2.2667996778455435e-3 2.267014654646344e-3
    2.2672435404589393e-3 2.2674186145569004e-3 2.2674916365053649e-3
    2.2677186070623259e-3 2.2679507989464176e-3 2.2682522159890267e-3
    2.2684910471683661e-3 2.2686317786809506e-3 2.2687702453012136e-3
    2.2690306389519244e-3 2.2690896400288751e-3 2.2691263362203565e-3
    2.269188307098313e-3 2.2692716021881902e-3 2.2694706284604217e-3
    2.2695243458647043e-3 2.2696145610316422e-3 2.269753666028369e-3
    2.2697746917130172e-3 2.2698304076322778e-3 2.2698774456355107e-3
    2.2700446635657706e-3 2.2700797555908897e-3 2.2702358733218968e-3
    2.2703341690092447e-3 2.2704262033361364e-3 2.2705258048726683e-3
    2.2706461808184564e-3 2.2707637063908962e-3 2.2708456882407097e-3
    2.2708634212272954e-3 2.2709233554793497e-3 2.2709835522041122e-3
    2.2712242435969109e-3 2.2712723430069605e-3 2.27132010340027e-3
    2.2714124750712133e-3 2.2715095629304389e-3 2.2717126459853641e-3
    2.2717691884848721e-3 2.2720781525240193e-3 2.2721270009954954e-3
    2.2721893178546579e-3 2.2722473393322956e-3 2.2723271614233822e-3
    2.2724930810098104e-3 2.2727359723684827e-3 2.2727507260793503e-3
    2.2728433823135511e-3 2.2730256825237048e-3 2.2731953146074737e-3
    2.2733161995243689e-3 2.2733780271105316e-3 2.2734839192278234e-3
    2.2735980250607577e-3 2.2737052867265527e-3 2.2740553582175404e-3
    2.2742143507561031e-3 2.2742203865310472e-3 2.2743686593266637e-3
    2.2744362568715205e-3 2.2745643722770353e-3 2.2748109887553722e-3
    2.2751151218190317e-3 2.2751933547556251e-3 2.2752980008335323e-3
    2.2755310266575181e-3 2.2756035562941672e-3 2.2757446956915024e-3
    2.2758983014763098e-3 2.2759418883017734e-3 2.2761827415808322e-3
    2.2762248186315543e-3 2.2765043984422392e-3 2.2766088070976442e-3
    2.2766778952566999e-3 2.2771386521155145e-3 2.2772279566826304e-3
    2.2773435063253569e-3 2.2775075840593302e-3 2.2777084837925076e-3
    2.2780406276763825e-3 2.2782288435786104e-3 2.2783399913452939e-3
    2.278593741078006e-3 2.2788699673694773e-3 2.2794285487040119e-3
    2.2797063884529259e-3 2.2798837501524375e-3 2.2799443815732599e-3
    2.2800196134289369e-3 2.2803387961623004e-3 2.2803964922608268e-3
    2.2805472397363145e-3 2.2806903507471849e-3 2.2812071936063041e-3
    2.2813723910894783e-3 2.2823939218463186e-3 2.2825822217682791e-3
    2.2828084505268961e-3 2.2830147188301333e-3 2.2831658255147692e-3
    2.2838693272914236e-3 2.2843675283453881e-3 2.2845782830148089e-3
    2.2849495653427944e-3 2.2853412571495688e-3 2.2858404816054104e-3
    2.2861786477869151e-3 2.2865811939482227e-3 2.2870616691330324e-3
    2.2870880398130171e-3 2.2872472345728161e-3 2.287989185857054e-3
    2.2882360428810684e-3 2.2883628462894785e-3 2.2886451212796731e-3
    2.2888977689180337e-3 2.2892975295709917e-3 2.2894623165355464e-3
    2.2906889086536119e-3 2.2922010555052269e-3 2.2924762995885986e-3
    2.2927738166495571e-3 2.292951824074714e-3 2.2937676596555185e-3
    2.2946348481890141e-3 2.294878412392419e-3 2.2951659597371952e-3
    2.2961007890637342e-3 2.2966125042786362e-3 2.2967852862435661e-3
    2.2975645081084991e-3 2.2980266861628621e-3 2.2988277415133445e-3
    2.2996589717734052e-3 2.3001551527856751e-3 2.3012923950949948e-3
    2.3015264511817199e-3 2.3022405787813858e-3 2.3026573729277009e-3
    2.3029607944351658e-3 2.3035054015690102e-3 2.303662382045091e-3
    2.3056662867955921e-3 2.3060599263315328e-3 2.3069209580806249e-3
    2.3071357525054049e-3 2.3076295926725476e-3 2.3080354281961252e-3
    2.3084873694963438e-3 2.3097085764766569e-3 2.3105435581249772e-3
    2.3141311540584297e-3 2.3156884480094791e-3 2.3162815733977259e-3
    2.3238131500636179e-3 2.3242040553960179e-3 2.3247701081865594e-3
    2.3253261984299794e-3 2.325605730466189e-3 2.3257278822410715e-3
    2.3271928282592356e-3 2.3275618681073452e-3 2.3393479210637347e-3
    2.3396018813002114e-3 2.3422451341171338e-3 2.3540935496896712e-3
    2.3574968923146108e-3 2.3578506882172227e-3 2.3584835231144434e-3
    2.3636270771528814e-3 2.3862598693807219e-3 2.3869138070834414e-3
    2.3900032665807604e-3 2.4046426941220782e-3 2.4068959470884316e-3
    2.4088567069331128e-3 2.4109233826569002e-3 2.4467282981209038e-3
    2.4497710202696634e-3 2.478515028937893e-3 2.4785150289444837e-3
    2.5056867733756817e-3 2.5636093171839134e-3 2.601114821000347e-3
    2.6035114853955208e-3 2.6040496911999655e-3 2.9001067342850828e-3
    2.9098716271255399e-3 2.9809892231964698e-3 3.1117322210850273e-3
    4.1178287232772467e-3 4.1299063349470085e-3 4.1844871793728089e-3
    4.228376549690438e-3 4.3939339741634531e-3 4.5028693332511693e-3
    4.6464860101217888e-3 4.667148848404446e-3 4.7762551839696243e-3
    4.8966941096943509e-3 5.0562535185203986e-3 5.4721527069046235e-3
    5.7595809615836012e-3 5.8421878312030799e-3 5.9186178774305988e-3
    6.0084913960694736e-3 6.0293008665534371e-3 6.1506387584929741e-3
    6.1866954059601959e-3 6.406455914131786e-3 6.8981771672981503e-3
    7.2109282635892669e-3 7.3487535603487045e-3 7.5043414970168412e-3
    7.6462262202149902e-3 8.1446576578089788e-3 8.2830167727609341e-3
    8.3399416051145609e-3 8.4850832194570732e-3 8.7006197910589333e-3
    8.9020865091474586e-3 9.0729718641834531e-3 9.1682776405832556e-3
    9.4665225616114203e-3 1.0281808328597566e-2 1.0780659092805204e-2
    1.0782562037275057e-2 1.2032496254998174e-2 1.2365132556601622e-2
    1.4321006715848246e-2 1.5828265094550147e-2 1.7360584133300331e-2
    1.749999999992724e-2 1.749999999992724e-2 1.749999999992724e-2
    1.749999999992724e-2 1.749999999992724e-2 1.749999999992724e-2
    1.749999999992724e-2 1.749999999992724e-2 1.749999999992724e-2
    1.749999999992724e-2 1.749999999992724e-2 1.749999999992724e-2
    1.749999999992724e-2 1.749999999992724e-2 1.749999999992724e-2
    1.749999999992724e-2 1.749999999992724e-2 1.749999999992724e-2
    1.749999999992724e-2 1.749999999992724e-2 1.749999999992724e-2
    1.749999999992724e-2 1.749999999992724e-2 1.749999999992724e-2
    1.749999999992724e-2 1.749999999992724e-2 1.749999999992724e-2
    1.7499999999984084e-2 1.7499999999984084e-2 1.7499999999998295e-2
    1.7500000000040927e-2 1.7500000000040927e-2 1.7500000000040927e-2
    1.7500000000040927e-2 1.7500000000040927e-2 1.7500000000040927e-2
    1.7500000000040927e-2 1.7500000000040927e-2 1.7500000000040927e-2
    1.7500000000040927e-2 1.7500000000040927e-2 1.7500000000040927e-2
    1.7729084109956165e-2 1.8346871238960057e-2 1.9183047495621712e-2
    2.0108756454790166e-2 2.0400130204175491e-2 2.1374968254006445e-2
    2.1628853406411963e-2 2.2554001730328264e-2 2.2697408690860166e-2
    2.2855172741885615e-2 2.3177397137644259e-2 2.3270233831816121e-2
    2.3742680454804373e-2 2.4060596377965079e-2 2.4262199196527945e-2
    2.4516347774577847e-2 2.5075615441080883e-2 2.5623600385507369e-2
    2.5802772585160116e-2 2.7464680324906763e-2 2.7999999999974535e-2
    2.7999999999974535e-2 2.7999999999974535e-2 2.7999999999974535e-2
    2.7999999999974535e-2 2.7999999999974535e-2 2.7999999999974535e-2
    2.7999999999974535e-2 2.7999999999974535e-2 2.7999999999974535e-2
    2.7999999999974535e-2 2.7999999999974535e-2 2.7999999999974535e-2
    2.7999999999974535e-2 2.7999999999974535e-2 2.7999999999974535e-2
    2.7999999999974535e-2 2.7999999999974535e-2 2.7999999999974535e-2
    2.7999999999974535e-2 2.7999999999974535e-2 2.7999999999974535e-2
    2.7999999999974535e-2 2.7999999999974535e-2 2.7999999999974535e-2
    2.7999999999974535e-2 2.7999999999974535e-2 2.7999999999974535e-2
    2.7999999999974535e-2 2.7999999999974535e-2 2.7999999999974535e-2
    2.7999999999974535e-2 2.7999999999974535e-2 2.7999999999974535e-2
    2.7999999999974535e-2 2.7999999999974535e-2 2.7999999999974535e-2
    2.7999999999974535e-2 2.7999999999974535e-2 2.7999999999974535e-2
    2.7999999999974535e-2 2.7999999999974535e-2 2.7999999999974535e-2
    2.7999999999974535e-2 2.7999999999974535e-2 2.7999999999974535e-2
    2.7999999999974535e-2 2.7999999999974535e-2 2.7999999999974535e-2
    2.7999999999974535e-2 2.7999999999974535e-2 2.7999999999974535e-2
    2.7999999999974535e-2 2.7999999999974535e-2 2.7999999999974535e-2
    2.7999999999974535e-2 2.7999999999974535e-2 2.7999999999974535e-2
    2.7999999999974535e-2 2.7999999999974535e-2 2.7999999999974535e-2
    2.7999999999974535e-2 2.7999999999974535e-2 2.7999999999974535e-2
    2.7999999999974535e-2 2.7999999999974535e-2 2.7999999999974535e-2
    2.7999999999974535e-2 2.7999999999974535e-2 2.7999999999974535e-2
    2.7999999999974535e-2 2.7999999999974535e-2 2.7999999999974535e-2
    2.7999999999974535e-2 2.7999999999974535e-2 2.7999999999974535e-2
    2.7999999999974535e-2 2.7999999999974535e-2 2.7999999999974535e-2
    2.7999999999974535e-2 2.7999999999974535e-2 2.7999999999974535e-2
    2.7999999999974535e-2 2.7999999999974535e-2 2.7999999999974535e-2
    2.7999999999974535e-2 2.7999999999974535e-2 2.7999999999974535e-2
    2.7999999999974535e-2 2.7999999999974535e-2 2.7999999999974535e-2
    2.7999999999974535e-2 2.7999999999974535e-2 2.7999999999974535e-2
    2.7999999999974535e-2 2.7999999999974535e-2 2.7999999999974535e-2
    2.7999999999974535e-2 2.7999999999974535e-2 2.7999999999974535e-2
    2.7999999999974535e-2 2.7999999999974535e-2 2.7999999999974535e-2
    2.7999999999974535e-2 2.7999999999974535e-2 2.7999999999974535e-2
    2.7999999999974535e-2 2.7999999999974535e-2 2.7999999999974535e-2
    2.7999999999974535e-2 2.7999999999974535e-2 2.7999999999974535e-2
    2.7999999999974535e-2 2.7999999999974535e-2 2.7999999999974535e-2
    2.7999999999974535e-2 2.7999999999974535e-2 2.7999999999974535e-2
    2.7999999999974535e-2 2.7999999999974535e-2 2.7999999999974535e-2
    2.7999999999974535e-2 2.7999999999974535e-2 2.7999999999974535e-2
    2.7999999999974535e-2 2.7999999999974535e-2 2.7999999999974535e-2
    2.7999999999974535e-2 2.7999999999974535e-2 2.7999999999974535e-2
    2.7999999999974535e-2 2.7999999999974535e-2 2.7999999999974535e-2
    2.7999999999974535e-2 2.7999999999974535e-2 2.7999999999974535e-2
    2.7999999999974535e-2 2.7999999999974535e-2 2.7999999999974535e-2
    2.7999999999974535e-2 2.7999999999974535e-2 2.7999999999974535e-2
    2.7999999999974535e-2 2.7999999999974535e-2 2.7999999999974535e-2
    2.7999999999974535e-2 2.7999999999974535e-2 2.7999999999974535e-2
    2.7999999999974535e-2 2.7999999999974535e-2 2.7999999999974535e-2
    2.7999999999974535e-2 2.7999999999974535e-2 2.7999999999974535e-2
    2.7999999999974535e-2 2.7999999999974535e-2 2.7999999999974535e-2
    2.7999999999974535e-2 2.7999999999974535e-2 2.7999999999974535e-2
    2.7999999999974535e-2 2.7999999999974535e-2 2.7999999999974535e-2
    2.7999999999974535e-2 2.7999999999974535e-2 2.7999999999974535e-2
    2.7999999999974535e-2 2.7999999999974535e-2 2.7999999999974535e-2
    2.7999999999974535e-2 2.7999999999974535e-2 2.7999999999974535e-2
    2.7999999999974535e-2 2.7999999999974535e-2 2.7999999999974535e-2
    2.7999999999974535e-2 2.7999999999974535e-2 2.7999999999974535e-2
    2.7999999999974535e-2 2.7999999999974535e-2 2.7999999999974535e-2
    2.7999999999974535e-2 2.7999999999974535e-2 2.7999999999974535e-2
    2.7999999999974535e-2 2.7999999999974535e-2 2.7999999999974535e-2
    2.7999999999974535e-2 2.7999999999974535e-2 2.7999999999974535e-2
    2.7999999999974535e-2 2.7999999999974535e-2 2.7999999999974535e-2
    2.7999999999974535e-2 2.7999999999974535e-2 2.7999999999974535e-2
    2.7999999999974535e-2 2.7999999999974535e-2 2.7999999999974535e-2
    2.7999999999974535e-2 2.7999999999974535e-2 2.7999999999974535e-2
    2.7999999999974535e-2 2.7999999999974535e-2 2.7999999999974535e-2
    2.7999999999974535e-2 2.7999999999974535e-2 2.7999999999974535e-2
    2.7999999999974535e-2 2.7999999999974535e-2 2.7999999999974535e-2
    2.7999999999974535e-2 2.7999999999974535e-2 2.7999999999974535e-2
    2.7999999999974535e-2 2.7999999999974535e-2 2.7999999999974535e-2
    2.7999999999974535e-2 2.7999999999974535e-2 2.7999999999974535e-2
    2.7999999999974535e-2 2.7999999999974535e-2 2.7999999999974535e-2
    2.7999999999974535e-2 2.7999999999974535e-2 2.7999999999974535e-2
    2.7999999999974535e-2 2.7999999999974535e-2 2.7999999999974535e-2
    2.7999999999974535e-2 2.7999999999974535e-2 2.7999999999974535e-2
    2.7999999999974535e-2 2.7999999999974535e-2 2.7999999999974535e-2
    2.7999999999974535e-2 2.7999999999974535e-2 2.7999999999974535e-2
    2.7999999999974535e-2 2.7999999999974535e-2 2.7999999999974535e-2
    2.7999999999974535e-2 2.7999999999974535e-2 2.7999999999974535e-2
    2.7999999999974535e-2 2.7999999999974535e-2 2.7999999999974535e-2
    2.7999999999974535e-2 2.7999999999974535e-2 2.7999999999974535e-2
    2.7999999999974535e-2 2.7999999999974535e-2 2.7999999999974535e-2
    2.7999999999974535e-2 2.7999999999974535e-2 2.7999999999974535e-2
    2.7999999999974535e-2 2.7999999999974535e-2 2.7999999999974535e-2
    2.7999999999974535e-2 2.7999999999974535e-2 2.7999999999974535e-2
    2.7999999999974535e-2 2.7999999999974535e-2 2.7999999999974535e-2
    2.7999999999974535e-2 2.7999999999974535e-2 2.7999999999974535e-2
    2.7999999999974535e-2 2.7999999999974535e-2 2.7999999999974535e-2
    2.7999999999974535e-2 2.7999999999974535e-2 2.7999999999974535e-2
    2.7999999999974535e-2 2.7999999999974535e-2 2.7999999999974535e-2
    2.7999999999974535e-2 2.7999999999974535e-2 2.7999999999974535e-2
    2.7999999999974535e-2 2.7999999999974535e-2 2.7999999999974535e-2
    2.7999999999974535e-2 2.7999999999974535e-2 2.7999999999974535e-2
    2.7999999999974535e-2 2.7999999999974535e-2 2.7999999999974535e-2
    2.7999999999974535e-2 2.7999999999974535e-2 2.7999999999974535e-2
    2.7999999999974535e-2 2.7999999999974535e-2 2.7999999999974535e-2
    2.7999999999974535e-2 2.7999999999974535e-2 2.7999999999974535e-2
    2.7999999999974535e-2 2.7999999999974535e-2 2.7999999999974535e-2
    2.7999999999974535e-2 2.7999999999974535e-2 2.7999999999974535e-2
    2.7999999999974535e-2 2.7999999999974535e-2 2.7999999999974535e-2
    2.7999999999974535e-2 2.7999999999974535e-2 2.7999999999974535e-2
    2.7999999999974535e-2 2.7999999999974535e-2 2.7999999999974535e-2
    2.7999999999974535e-2 2.7999999999974535e-2 2.7999999999974535e-2
    2.7999999999974535e-2 2.7999999999974535e-2 2.7999999999974535e-2
    2.7999999999974535e-2 2.7999999999974535e-2 2.7999999999974535e-2
    2.7999999999974535e-2 2.7999999999974535e-2 2.7999999999974535e-2
    2.7999999999974535e-2 2.7999999999974535e-2 2.7999999999974535e-2
    2.7999999999974535e-2 2.7999999999974535e-2 2.7999999999974535e-2
    2.7999999999974535e-2 2.7999999999974535e-2 2.7999999999974535e-2
    2.7999999999974535e-2 2.7999999999974535e-2 2.7999999999974535e-2
    2.7999999999974535e-2 2.7999999999974535e-2 2.7999999999974535e-2
    2.7999999999974535e-2 2.7999999999974535e-2 2.7999999999974535e-2
    2.7999999999974535e-2 2.7999999999974535e-2 2.7999999999974535e-2
    2.7999999999974535e-2 2.7999999999974535e-2 2.7999999999974535e-2
    2.7999999999974535e-2 2.7999999999974535e-2 2.7999999999974535e-2
    2.7999999999974535e-2 2.7999999999974535e-2 2.7999999999974535e-2
    2.7999999999974535e-2 2.7999999999974535e-2 2.7999999999974535e-2
    2.7999999999974535e-2 2.7999999999974535e-2 2.7999999999974535e-2
    2.7999999999974535e-2 2.7999999999974535e-2 2.7999999999974535e-2
    2.7999999999974535e-2 2.7999999999974535e-2 2.7999999999974535e-2
    2.7999999999974535e-2 2.7999999999974535e-2 2.7999999999974535e-2
    2.7999999999974535e-2 2.7999999999974535e-2 2.7999999999974535e-2
    2.7999999999974535e-2 2.7999999999974535e-2 2.7999999999974535e-2
    2.7999999999974535e-2 2.7999999999974535e-2 2.7999999999974535e-2
    2.7999999999974535e-2 2.7999999999974535e-2 2.7999999999974535e-2
    2.7999999999974535e-2 2.7999999999974535e-2 2.7999999999974535e-2
    2.7999999999974535e-2 2.7999999999974535e-2 2.7999999999974535e-2
    2.7999999999974535e-2 2.7999999999974535e-2 2.7999999999974535e-2
    2.7999999999974535e-2 2.7999999999974535e-2 2.7999999999974535e-2
    2.7999999999974535e-2 2.7999999999974535e-2 2.7999999999974535e-2
    2.7999999999974535e-2 2.7999999999974535e-2 2.7999999999974535e-2
    2.7999999999974535e-2 2.7999999999974535e-2 2.7999999999974535e-2
    2.7999999999974535e-2 2.7999999999974535e-2 2.7999999999974535e-2
    2.7999999999974535e-2 2.7999999999974535e-2 2.7999999999974535e-2
    2.7999999999974535e-2 2.7999999999974535e-2 2.7999999999974535e-2
    2.7999999999974535e-2 2.7999999999974535e-2 2.7999999999974535e-2
    2.7999999999974535e-2 2.7999999999974535e-2 2.7999999999974535e-2
    2.7999999999974535e-2 2.7999999999974535e-2 2.7999999999974535e-2
    2.7999999999974535e-2 2.7999999999974535e-2 2.7999999999974535e-2
    2.7999999999974535e-2 2.7999999999974535e-2 2.7999999999974535e-2
    2.7999999999974535e-2 2.7999999999974535e-2 2.7999999999974535e-2
    2.7999999999974535e-2 2.7999999999974535e-2 2.7999999999974535e-2
    2.7999999999974535e-2 2.7999999999974535e-2 2.7999999999974535e-2
    2.7999999999974535e-2 2.7999999999974535e-2 2.7999999999974535e-2
    2.7999999999974535e-2 2.7999999999974535e-2 2.7999999999974535e-2
    2.7999999999974535e-2 2.7999999999974535e-2 2.7999999999974535e-2
    2.7999999999974535e-2 2.7999999999974535e-2 2.7999999999974535e-2
    2.7999999999974535e-2 2.7999999999974535e-2 2.7999999999974535e-2
    2.7999999999974535e-2 2.7999999999974535e-2 2.7999999999974535e-2
    2.7999999999974535e-2 2.7999999999974535e-2 2.7999999999974535e-2
    2.7999999999974535e-2 2.7999999999974535e-2 2.7999999999974535e-2
    2.7999999999974535e-2 2.7999999999974535e-2 2.7999999999974535e-2
    2.7999999999974535e-2 2.7999999999974535e-2 2.7999999999974535e-2
    2.7999999999974535e-2 2.7999999999974535e-2 2.7999999999974535e-2
    2.7999999999974535e-2 2.7999999999974535e-2 2.7999999999974535e-2
    2.7999999999974535e-2 2.7999999999974535e-2 2.7999999999974535e-2
    2.7999999999974535e-2 2.7999999999974535e-2 2.7999999999974535e-2
    2.7999999999974535e-2 2.7999999999974535e-2 2.7999999999974535e-2
    2.7999999999974535e-2 2.7999999999974535e-2 2.7999999999974535e-2
    2.7999999999974535e-2 2.7999999999974535e-2 2.7999999999974535e-2
    2.7999999999974535e-2 2.7999999999974535e-2 2.7999999999974535e-2
    2.7999999999974535e-2 2.7999999999974535e-2 2.7999999999974535e-2
    2.7999999999974535e-2 2.7999999999974535e-2 2.7999999999974535e-2
    2.7999999999974535e-2 2.7999999999974535e-2 2.7999999999974535e-2
    2.7999999999974535e-2 2.7999999999974535e-2 2.7999999999974535e-2
    2.7999999999974535e-2 2.7999999999974535e-2 2.7999999999974535e-2
    2.7999999999974535e-2 2.7999999999974535e-2 2.7999999999974535e-2
    2.7999999999974535e-2 2.7999999999974535e-2 2.7999999999974535e-2
    2.7999999999974535e-2 2.7999999999974535e-2 2.7999999999974535e-2
    2.7999999999974535e-2 2.7999999999974535e-2 2.7999999999974535e-2
    2.7999999999974535e-2 2.7999999999974535e-2 2.7999999999974535e-2
    2.7999999999974535e-2 2.7999999999974535e-2 2.7999999999974535e-2
    2.7999999999974535e-2 2.7999999999974535e-2 2.7999999999974535e-2
    2.7999999999974535e-2 2.7999999999974535e-2 2.7999999999974535e-2
    2.7999999999974535e-2 2.7999999999974535e-2 2.7999999999974535e-2
    2.7999999999974535e-2 2.7999999999974535e-2 2.7999999999974535e-2
    2.7999999999974535e-2 2.7999999999974535e-2 2.7999999999974535e-2
    2.7999999999974535e-2 2.7999999999974535e-2 2.7999999999974535e-2
    2.7999999999974535e-2 2.7999999999974535e-2 2.7999999999974535e-2
    2.7999999999974535e-2 2.7999999999974535e-2 2.7999999999974535e-2
    2.7999999999974535e-2 2.7999999999974535e-2 2.7999999999974535e-2
    2.7999999999974535e-2 2.7999999999974535e-2 2.7999999999974535e-2
    2.7999999999974535e-2 2.7999999999974535e-2 2.7999999999974535e-2
    2.7999999999974535e-2 2.7999999999974535e-2 2.7999999999974535e-2
    2.7999999999974535e-2 2.7999999999974535e-2 2.7999999999974535e-2
    2.7999999999974535e-2 2.7999999999974535e-2 2.7999999999974535e-2
    2.7999999999974535e-2 2.7999999999974535e-2 2.7999999999974535e-2
    2.7999999999974535e-2 2.7999999999974535e-2 2.7999999999974535e-2
    2.7999999999974535e-2 2.7999999999974535e-2 2.7999999999974535e-2
    2.7999999999974535e-2 2.7999999999974535e-2 2.7999999999974535e-2
    2.7999999999974535e-2 2.7999999999974535e-2 2.7999999999974535e-2
    2.7999999999974535e-2 2.7999999999974535e-2 2.7999999999974535e-2
    2.7999999999974535e-2 2.7999999999974535e-2 2.7999999999974535e-2
    2.7999999999974535e-2 2.7999999999974535e-2 2.7999999999974535e-2
    2.7999999999974535e-2 2.7999999999974535e-2 2.7999999999974535e-2
    2.7999999999974535e-2 2.7999999999974535e-2 2.7999999999974535e-2
    2.7999999999974535e-2 2.7999999999974535e-2 2.7999999999974535e-2
    2.7999999999974535e-2 2.7999999999974535e-2 2.7999999999974535e-2
    2.7999999999974535e-2 2.7999999999974535e-2 2.7999999999974535e-2
    2.7999999999974535e-2 2.7999999999974535e-2 2.7999999999974535e-2
    2.7999999999974535e-2 2.7999999999974535e-2 2.7999999999974535e-2
    2.7999999999974535e-2 2.7999999999974535e-2 2.7999999999974535e-2
    2.7999999999974535e-2 2.7999999999974535e-2 2.7999999999974535e-2
    2.7999999999974535e-2 2.7999999999974535e-2 2.7999999999974535e-2
    2.7999999999974535e-2 2.7999999999974535e-2 2.7999999999974535e-2
    2.7999999999974535e-2 2.7999999999974535e-2 2.7999999999974535e-2
    2.7999999999974535e-2 2.7999999999974535e-2 2.7999999999974535e-2
    2.7999999999974535e-2 2.7999999999974535e-2 2.7999999999974535e-2
    2.7999999999974535e-2 2.7999999999974535e-2 2.7999999999974535e-2
    2.7999999999974535e-2 2.7999999999974535e-2 2.7999999999974535e-2
    2.7999999999974535e-2 2.7999999999974535e-2 2.7999999999974535e-2
    2.7999999999974535e-2 2.7999999999974535e-2 2.7999999999974535e-2
    2.7999999999974535e-2 2.7999999999974535e-2 2.7999999999974535e-2
    2.7999999999974535e-2 2.7999999999974535e-2 2.7999999999974535e-2
    2.7999999999974535e-2 2.7999999999974535e-2 2.7999999999974535e-2
    2.7999999999974535e-2 2.7999999999974535e-2 2.7999999999974535e-2
    2.7999999999974535e-2 2.7999999999974535e-2 2.7999999999974535e-2
    2.7999999999974535e-2 2.7999999999974535e-2 2.7999999999974535e-2
    2.7999999999974535e-2 2.7999999999974535e-2 2.7999999999974535e-2
    2.7999999999974535e-2 2.7999999999974535e-2 2.7999999999974535e-2
    2.7999999999974535e-2 2.7999999999974535e-2 2.7999999999974535e-2
    2.7999999999974535e-2 2.7999999999974535e-2 2.7999999999974535e-2
    2.7999999999974535e-2 2.7999999999974535e-2 2.7999999999974535e-2
    2.7999999999974535e-2 2.7999999999974535e-2 2.7999999999974535e-2
    2.7999999999974535e-2 2.7999999999974535e-2 2.7999999999974535e-2
    2.7999999999974535e-2 2.799999999999727e-2 2.799999999999727e-2
    2.799999999999727e-2 2.799999999999727e-2 2.799999999999727e-2
    2.799999999999727e-2 2.799999999999727e-2 2.799999999999727e-2
    2.799999999999727e-2 2.799999999999727e-2 2.799999999999727e-2
    2.799999999999727e-2 2.799999999999727e-2 2.799999999999727e-2
    2.799999999999727e-2 2.799999999999727e-2 2.799999999999727e-2
    2.799999999999727e-2 2.799999999999727e-2 2.799999999999727e-2
    2.799999999999727e-2 2.799999999999727e-2 2.799999999999727e-2
    2.799999999999727e-2 2.799999999999727e-2 2.799999999999727e-2
    2.799999999999727e-2 2.799999999999727e-2 2.799999999999727e-2
    2.799999999999727e-2 2.799999999999727e-2 2.799999999999727e-2
    2.799999999999727e-2 2.799999999999727e-2 2.799999999999727e-2
    2.799999999999727e-2 2.799999999999727e-2 2.799999999999727e-2
    2.799999999999727e-2 2.799999999999727e-2 2.799999999999727e-2
    2.799999999999727e-2 2.799999999999727e-2 2.799999999999727e-2
    2.799999999999727e-2 2.799999999999727e-2 2.799999999999727e-2
    2.799999999999727e-2 2.799999999999727e-2 2.799999999999727e-2
    2.799999999999727e-2 2.799999999999727e-2 2.799999999999727e-2
    2.799999999999727e-2 2.799999999999727e-2 2.799999999999727e-2
    2.799999999999727e-2 2.799999999999727e-2 2.799999999999727e-2
    2.799999999999727e-2 2.799999999999727e-2 2.799999999999727e-2
    2.799999999999727e-2 2.799999999999727e-2 2.799999999999727e-2
    2.799999999999727e-2 2.799999999999727e-2 2.799999999999727e-2
    2.799999999999727e-2 2.799999999999727e-2 2.799999999999727e-2
    2.799999999999727e-2 2.799999999999727e-2 2.799999999999727e-2
    2.799999999999727e-2 2.799999999999727e-2 2.799999999999727e-2
    2.799999999999727e-2 2.799999999999727e-2 2.799999999999727e-2
    2.799999999999727e-2 2.799999999999727e-2 2.799999999999727e-2
    2.799999999999727e-2 2.799999999999727e-2 2.799999999999727e-2
    2.799999999999727e-2 2.799999999999727e-2 2.799999999999727e-2
    2.799999999999727e-2 2.799999999999727e-2 2.799999999999727e-2
    2.799999999999727e-2 2.799999999999727e-2 2.799999999999727e-2
    2.799999999999727e-2 2.799999999999727e-2 2.799999999999727e-2
    2.799999999999727e-2 2.799999999999727e-2 2.799999999999727e-2
    2.799999999999727e-2 2.799999999999727e-2 2.799999999999727e-2
    2.799999999999727e-2 2.799999999999727e-2 2.799999999999727e-2
    2.799999999999727e-2 2.799999999999727e-2 2.799999999999727e-2
    2.799999999999727e-2 2.799999999999727e-2 2.799999999999727e-2
    2.799999999999727e-2 2.799999999999727e-2 2.799999999999727e-2
    2.799999999999727e-2 2.799999999999727e-2 2.799999999999727e-2
    2.799999999999727e-2 2.799999999999727e-2 2.799999999999727e-2
    2.799999999999727e-2 2.799999999999727e-2 2.799999999999727e-2
    2.799999999999727e-2 2.799999999999727e-2 2.799999999999727e-2
    2.799999999999727e-2 2.799999999999727e-2 2.799999999999727e-2
    2.799999999999727e-2 2.799999999999727e-2 2.799999999999727e-2
    2.799999999999727e-2 2.799999999999727e-2 2.799999999999727e-2
    2.799999999999727e-2 2.799999999999727e-2 2.799999999999727e-2
    2.799999999999727e-2 2.799999999999727e-2 2.799999999999727e-2
    2.799999999999727e-2 2.799999999999727e-2 2.799999999999727e-2
    2.799999999999727e-2 2.799999999999727e-2 2.799999999999727e-2
    2.799999999999727e-2 2.799999999999727e-2 2.799999999999727e-2
    2.799999999999727e-2 2.799999999999727e-2 2.799999999999727e-2
    2.799999999999727e-2 2.799999999999727e-2 2.799999999999727e-2
    2.799999999999727e-2 2.799999999999727e-2 2.799999999999727e-2
    2.799999999999727e-2 2.799999999999727e-2 2.799999999999727e-2
    2.799999999999727e-2 2.799999999999727e-2 2.799999999999727e-2
    2.799999999999727e-2 2.799999999999727e-2 2.799999999999727e-2
    2.799999999999727e-2 2.799999999999727e-2 2.799999999999727e-2
    2.799999999999727e-2 2.799999999999727e-2 2.799999999999727e-2
    2.799999999999727e-2 2.799999999999727e-2 2.799999999999727e-2
    2.799999999999727e-2 2.799999999999727e-2 2.799999999999727e-2
    2.799999999999727e-2 2.799999999999727e-2 2.799999999999727e-2
    2.799999999999727e-2 2.799999999999727e-2 2.799999999999727e-2
    2.799999999999727e-2 2.799999999999727e-2 2.799999999999727e-2
    2.799999999999727e-2 2.799999999999727e-2 2.799999999999727e-2
    2.799999999999727e-2 2.799999999999727e-2 2.799999999999727e-2
    2.799999999999727e-2 2.799999999999727e-2 2.799999999999727e-2
    2.799999999999727e-2 2.799999999999727e-2 2.799999999999727e-2
    2.799999999999727e-2 2.799999999999727e-2 2.799999999999727e-2
    2.799999999999727e-2 2.799999999999727e-2 2.799999999999727e-2
    2.799999999999727e-2 2.799999999999727e-2 2.799999999999727e-2
    2.799999999999727e-2 2.799999999999727e-2 2.799999999999727e-2
    2.799999999999727e-2 2.799999999999727e-2 2.799999999999727e-2
    2.799999999999727e-2 2.799999999999727e-2 2.799999999999727e-2
    2.799999999999727e-2 2.799999999999727e-2 2.799999999999727e-2
    2.799999999999727e-2 2.799999999999727e-2 2.799999999999727e-2
    2.799999999999727e-2 2.799999999999727e-2 2.799999999999727e-2
    2.799999999999727e-2 2.799999999999727e-2 2.799999999999727e-2
    2.799999999999727e-2 2.799999999999727e-2 2.799999999999727e-2
    2.799999999999727e-2 2.799999999999727e-2 2.799999999999727e-2
    2.799999999999727e-2 2.799999999999727e-2 2.799999999999727e-2
    2.799999999999998e-2 2.799999999999998e-2 2.799999999999998e-2
    2.799999999999998e-2 2.8000000000000115e-2 2.8000000000000115e-2
    2.8000000000000115e-2 2.8000000000000115e-2 2.8000000000000115e-2
    2.8000000000000115e-2 2.8000000000000115e-2 2.800000000000864e-2
    2.800000000000864e-2 2.800000000000864e-2 2.800000000000864e-2
    2.800000000000864e-2 2.800000000000864e-2 2.800000000000864e-2
    2.800000000000864e-2 2.800000000000864e-2 2.800000000000864e-2
    2.800000000000864e-2 2.800000000000864e-2 2.800000000000864e-2
    2.800000000000864e-2 2.800000000000864e-2 2.800000000000864e-2
    2.800000000000864e-2 2.800000000000864e-2 2.800000000000864e-2
    2.800000000000864e-2 2.800000000000864e-2 2.800000000000864e-2
    2.800000000000864e-2 2.800000000000864e-2 2.800000000000864e-2
    2.800000000000864e-2 2.800000000000864e-2 2.800000000000864e-2
    2.800000000000864e-2 2.800000000000864e-2 2.800000000000864e-2
    2.800000000000864e-2 2.800000000000864e-2 2.800000000000864e-2
    2.800000000000864e-2 2.800000000000864e-2 2.800000000000864e-2
    2.800000000000864e-2 2.800000000000864e-2 2.800000000000864e-2
    2.800000000000864e-2 2.800000000000864e-2 2.800000000000864e-2
    2.800000000000864e-2 2.800000000000864e-2 2.800000000000864e-2
    2.800000000000864e-2 2.800000000000864e-2 2.800000000000864e-2
    2.800000000000864e-2 2.800000000000864e-2 2.800000000000864e-2
    2.800000000000864e-2 2.8000000000020009e-2 2.8000000000020009e-2
    2.8000000000020009e-2 2.8000000000020009e-2 2.8000000000020009e-2
    2.8000000000020009e-2 2.8000000000020009e-2 2.8000000000020009e-2
    2.8000000000020009e-2 2.8000000000020009e-2 2.8000000000020009e-2
    2.8000000000020009e-2 2.8000000000020009e-2 2.8000000000020009e-2
    2.8000000000020009e-2 2.8000000000020009e-2 2.8000000000020009e-2
    2.8000000000020009e-2 2.8000000000020009e-2 2.8000000000020009e-2
    2.8000000000020009e-2 2.8000000000020009e-2 2.8000000000020009e-2
    2.8000000000020009e-2 2.8000000000020009e-2 2.8000000000020009e-2
    2.8000000000020009e-2 2.8000000000020009e-2 2.8000000000020009e-2
    2.8000000000020009e-2 2.8000000000020009e-2 2.8000000000020009e-2
    2.8000000000020009e-2 2.8000000000020009e-2 2.8000000000020009e-2
    2.8000000000020009e-2 2.8000000000020009e-2 2.8000000000020009e-2
    2.8000000000020009e-2 2.8000000000020009e-2 2.8000000000020009e-2
    2.8000000000020009e-2 2.8000000000020009e-2 2.8000000000020009e-2
    2.8000000000020009e-2 2.8000000000020009e-2 2.8000000000020009e-2
    2.8000000000020009e-2 2.8000000000020009e-2 2.8000000000020009e-2
    2.8000000000020009e-2 2.8000000000020009e-2 2.8000000000020009e-2
    2.8000000000020009e-2 2.8000000000020009e-2 2.8000000000020009e-2
    2.8000000000020009e-2 2.8000000000020009e-2 2.8000000000020009e-2
    2.8000000000020009e-2 2.8000000000020009e-2 2.8000000000020009e-2
    2.8000000000020009e-2 2.8000000000020009e-2 2.8000000000020009e-2
    2.8000000000020009e-2 2.8000000000020009e-2 2.8000000000020009e-2
    2.8000000000020009e-2 2.8000000000020009e-2 2.8000000000020009e-2
    2.8000000000020009e-2 2.8000000000020009e-2 2.8000000000020009e-2
    2.8000000000020009e-2 2.8000000000020009e-2 2.8000000000020009e-2
    2.8000000000020009e-2 2.8000000000020009e-2 2.8000000000020009e-2
    2.8000000000020009e-2 2.8000000000020009e-2 2.8000000000020009e-2
    2.8000000000020009e-2 2.8000000000020009e-2 2.8000000000020009e-2
    2.8000000000020009e-2 2.8000000000020009e-2 2.8000000000020009e-2
    2.8000000000020009e-2 2.8000000000020009e-2 2.8000000000020009e-2
    2.8000000000020009e-2 2.8000000000020009e-2 2.8000000000020009e-2
    2.8000000000020009e-2 2.8000000000020009e-2 2.8000000000020009e-2
    2.8000000000020009e-2 2.8000000000020009e-2 2.8000000000020009e-2
    2.8000000000020009e-2 2.8000000000020009e-2 2.8000000000020009e-2
    2.8000000000020009e-2 2.8000000000020009e-2 2.8000000000020009e-2
    2.8000000000020009e-2 2.8000000000020009e-2 2.8000000000020009e-2
    2.8000000000020009e-2 2.8000000000020009e-2 2.8000000000020009e-2
    2.8000000000020009e-2 2.8000000000020009e-2 2.8000000000020009e-2
    2.8000000000020009e-2 2.8000000000020009e-2 2.8000000000020009e-2
    2.8000000000020009e-2 2.8000000000020009e-2 2.8000000000020009e-2
    2.8000000000020009e-2 2.8000000000020009e-2 2.8000000000020009e-2
    2.8000000000020009e-2 2.8000000000020009e-2 2.8000000000020009e-2
    2.8000000000020009e-2 2.8000000000020009e-2 2.8000000000020009e-2
    2.8000000000020009e-2 2.8000000000020009e-2 2.8000000000020009e-2
    2.8000000000020009e-2 2.8000000000020009e-2 2.8000000000020009e-2
    2.8000000000020009e-2 2.8000000000020009e-2 2.8000000000020009e-2
    2.8000000000020009e-2 2.8000000000020009e-2 2.8000000000020009e-2
    2.8000000000020009e-2 2.8000000000020009e-2 2.8000000000020009e-2
    2.8000000000020009e-2 2.8000000000020009e-2 2.8000000000020009e-2
    2.8000000000020009e-2 2.8000000000020009e-2 2.8000000000020009e-2
    2.8000000000020009e-2 2.8000000000020009e-2 2.8000000000020009e-2
    2.8000000000020009e-2 2.8000000000020009e-2 2.8000000000020009e-2
    2.8000000000020009e-2 2.8000000000020009e-2 2.8000000000020009e-2
    2.8000000000020009e-2 2.8000000000020009e-2 2.8000000000020009e-2
    2.8000000000020009e-2 2.8000000000020009e-2 2.8000000000020009e-2
    2.8000000000020009e-2 2.8000000000020009e-2 2.8000000000020009e-2
    2.8000000000020009e-2 2.8000000000020009e-2 2.8000000000020009e-2
    2.8000000000020009e-2 2.8000000000020009e-2 2.8000000000020009e-2
    2.8000000000020009e-2 2.8000000000020009e-2 2.8000000000020009e-2
    2.8000000000020009e-2 2.8000000000020009e-2 2.8000000000020009e-2
    2.8000000000020009e-2 2.8000000000020009e-2 2.8000000000020009e-2
    2.8000000000020009e-2 2.8000000000020009e-2 2.8000000000020009e-2
    2.8000000000020009e-2 2.8000000000020009e-2 2.8000000000020009e-2
    2.8000000000020009e-2 2.8000000000020009e-2 2.8000000000020009e-2
    2.8000000000020009e-2 2.8000000000020009e-2 2.8000000000020009e-2
    2.8000000000020009e-2 2.8000000000020009e-2 2.8000000000020009e-2
    2.8000000000020009e-2 2.8000000000020009e-2 2.8000000000020009e-2
    2.8000000000020009e-2 2.8000000000020009e-2 2.8000000000020009e-2
    2.8000000000020009e-2 2.8000000000020009e-2 2.8000000000020009e-2
    2.8000000000020009e-2 2.8000000000020009e-2 2.8000000000020009e-2
    2.8000000000020009e-2 2.8000000000020009e-2 2.8000000000020009e-2
    2.8000000000020009e-2 2.8000000000020009e-2 2.8000000000020009e-2
    2.8000000000020009e-2 2.8000000000020009e-2 2.8000000000020009e-2
    2.8000000000020009e-2 2.8000000000020009e-2 2.8000000000020009e-2
    2.8000000000020009e-2 2.8000000000020009e-2 2.8000000000020009e-2
    2.8000000000020009e-2 2.8000000000020009e-2 2.8000000000020009e-2
    2.8000000000020009e-2 2.8000000000020009e-2 2.8000000000020009e-2
    2.8000000000020009e-2 2.8000000000020009e-2 2.8000000000020009e-2
    2.8000000000020009e-2 2.8000000000020009e-2 2.8000000000020009e-2
    2.8000000000020009e-2 2.8000000000020009e-2 2.8000000000020009e-2
    2.8000000000020009e-2 2.8000000000020009e-2 2.8000000000020009e-2
    2.8000000000020009e-2 2.8000000000020009e-2 2.8000000000020009e-2
    2.8000000000020009e-2 2.8000000000020009e-2 2.8000000000020009e-2
    2.8000000000020009e-2 2.8000000000020009e-2 2.8000000000020009e-2
    2.8000000000020009e-2 2.8000000000020009e-2 2.8000000000020009e-2
    2.8000000000020009e-2 2.8000000000020009e-2 2.8000000000020009e-2
    2.8000000000020009e-2 2.8000000000020009e-2 2.8000000000020009e-2
    2.8000000000020009e-2 2.8000000000020009e-2 2.8000000000020009e-2
    2.8000000000020009e-2 2.8000000000020009e-2 2.8000000000020009e-2
    2.8000000000020009e-2 2.8000000000020009e-2 2.8000000000020009e-2
    2.8000000000020009e-2 2.8000000000020009e-2 2.8000000000020009e-2
    2.8000000000020009e-2 2.8000000000020009e-2 2.8000000000020009e-2
    2.8000000000020009e-2 2.8000000000020009e-2 2.8000000000020009e-2
    2.8000000000020009e-2 2.8000000000020009e-2 2.8000000000020009e-2
    2.8000000000020009e-2 2.8000000000020009e-2 2.8000000000020009e-2
    2.8000000000020009e-2 2.8000000000020009e-2 2.8000000000020009e-2
    2.8000000000020009e-2 2.8000000000020009e-2 2.8000000000020009e-2
    2.8000000000020009e-2 2.8000000000020009e-2 2.8000000000020009e-2
    2.8000000000020009e-2 2.8000000000020009e-2 2.8000000000020009e-2
    2.8000000000020009e-2 2.8000000000020009e-2 2.8000000000020009e-2
    2.8000000000020009e-2 2.8000000000020009e-2 2.8000000000020009e-2
    2.8000000000020009e-2 2.8000000000020009e-2 2.8000000000020009e-2
    2.8000000000020009e-2 2.8000000000020009e-2 2.8000000000020009e-2
    2.8000000000020009e-2 2.8000000000020009e-2 2.8000000000020009e-2
    2.8000000000020009e-2 2.8000000000020009e-2 2.8000000000020009e-2
    2.8000000000020009e-2 2.8000000000020009e-2 2.8000000000020009e-2
    2.8000000000020009e-2 2.8000000000020009e-2 2.8000000000020009e-2
    2.8000000000020009e-2 2.8000000000020009e-2 2.8000000000020009e-2
    2.8000000000020009e-2 2.8000000000020009e-2 2.8000000000020009e-2
    2.8000000000020009e-2 2.8000000000020009e-2 2.8000000000020009e-2
    2.8000000000020009e-2 2.8000000000020009e-2 2.8000000000020009e-2
    2.8000000000020009e-2 2.8000000000020009e-2 2.8000000000020009e-2
    2.8000000000020009e-2 2.8000000000020009e-2 2.8000000000020009e-2
    2.8000000000020009e-2 2.8000000000020009e-2 2.8000000000020009e-2
    2.8000000000020009e-2 2.8000000000020009e-2 2.8000000000020009e-2
    2.8000000000020009e-2 2.8000000000020009e-2 2.8000000000020009e-2
    2.8000000000020009e-2 2.8000000000020009e-2 2.8000000000020009e-2
    2.8000000000020009e-2 2.8000000000020009e-2 2.8000000000020009e-2
    2.8000000000020009e-2 2.8000000000020009e-2 2.8000000000020009e-2
    2.8000000000020009e-2 2.8000000000020009e-2 2.8000000000020009e-2
    2.8000000000020009e-2 2.8000000000020009e-2 2.8000000000020009e-2
    2.8000000000020009e-2 2.8000000000020009e-2 2.8000000000020009e-2
    2.8000000000020009e-2 2.8000000000020009e-2 2.8000000000020009e-2
    2.8000000000020009e-2 2.8000000000020009e-2 2.8000000000020009e-2
    2.8000000000020009e-2 2.8000000000020009e-2 2.8000000000020009e-2
    2.8000000000020009e-2 2.8000000000020009e-2 2.8000000000020009e-2
    2.8000000000020009e-2 2.8000000000020009e-2 2.8000000000020009e-2
    2.8000000000020009e-2 2.8000000000020009e-2 2.8000000000020009e-2
    2.8000000000020009e-2 2.8000000000020009e-2 2.8000000000020009e-2
    2.8000000000020009e-2 2.8000000000020009e-2 2.8000000000020009e-2
    2.8000000000020009e-2 2.8000000000020009e-2 2.8000000000020009e-2
    2.8000000000020009e-2 2.8000000000020009e-2 2.8000000000020009e-2
    2.8000000000020009e-2 2.8000000000020009e-2 2.8000000000020009e-2
    2.8000000000020009e-2 2.8000000000020009e-2 2.8000000000020009e-2
    2.8000000000020009e-2 2.8000000000020009e-2 2.8000000000020009e-2
    2.8000000000020009e-2 2.8000000000020009e-2 2.8000000000020009e-2
    2.8000000000020009e-2 2.8000000000020009e-2 2.8000000000020009e-2
    2.8000000000020009e-2 2.8000000000020009e-2 2.8000000000020009e-2
    2.8000000000020009e-2 2.8000000000020009e-2 2.8000000000020009e-2
    2.8000000000020009e-2 2.8000000000020009e-2 2.8000000000020009e-2
    2.8000000000020009e-2 2.8000000000020009e-2 2.8000000000020009e-2
    2.8000000000020009e-2 2.8000000000020009e-2 2.8000000000020009e-2
    2.8000000000020009e-2 2.8000000000020009e-2 2.8000000000020009e-2
    2.8000000000020009e-2 2.8000000000065483e-2 2.8000000000065483e-2
    2.8000000000065483e-2 2.8000000000065483e-2 2.8000000000065483e-2
    2.8000000000065483e-2 2.8000000000065483e-2 2.8000000000065483e-2
    2.8000000000065483e-2 2.8000000000065483e-2 2.8000000000065483e-2
    2.8000000000065483e-2 2.8000000000065483e-2 2.8000000000065483e-2
    2.8000000000065483e-2 2.8000000000065483e-2 2.8000000000065483e-2
    2.8000000000065483e-2 2.8000000000065483e-2 2.8000000000065483e-2
    2.8000000000065483e-2 2.8000000000065483e-2 2.8000000000065483e-2
    2.8000000000065483e-2 2.8000000000065483e-2 2.8000000000065483e-2
    2.8000000000065483e-2 2.8000000000065483e-2 2.8000000000065483e-2
    2.8000000000065483e-2 2.8000000000065483e-2 2.8000000000065483e-2
    2.8000000000065483e-2 2.8000000000065483e-2 2.8000000000065483e-2
    2.8000000000065483e-2 2.8000000000065483e-2 2.8000000000065483e-2
    2.8000000000065483e-2 2.8000000000065483e-2 2.8000000000065483e-2
    2.8000000000065483e-2 2.8000000000065483e-2 2.8000000000065483e-2
    2.8000000000065483e-2 2.8000000000065483e-2 2.8000000000065483e-2
    2.8000000000065483e-2 2.8000000000065483e-2 2.8000000000065483e-2
    2.8000000000065483e-2 2.8000000000065483e-2 2.8000000000065483e-2
    2.8000000000065483e-2 2.8000000000065483e-2 2.8000000000065483e-2
    2.8000000000065483e-2 2.8000000000065483e-2 2.8000000000065483e-2
    2.8000000000065483e-2 2.8000000000065483e-2 2.8000000000065483e-2
    2.8000000000065483e-2 2.8000000000065483e-2 2.8000000000065483e-2
    2.8000000000065483e-2 2.8000000000065483e-2 2.8000000000065483e-2
    2.8000000000065483e-2 2.8000000000065483e-2 2.8000000000065483e-2
    2.8000000000065483e-2 2.8000000000065483e-2 2.8000000000065483e-2
    2.8000000000065483e-2 2.8000000000065483e-2 2.8000000000065483e-2
    2.8000000000065483e-2 2.8000000000065483e-2 2.8000000000065483e-2
    2.8000000000065483e-2 2.8000000000065483e-2 2.8000000000065483e-2
    2.8000000000065483e-2 2.8000000000065483e-2 2.8000000000065483e-2
    2.8000000000065483e-2 2.8000000000065483e-2 2.8000000000065483e-2
    2.8000000000065483e-2 2.8000000000065483e-2 2.8000000000065483e-2
    2.8000000000065483e-2 2.8000000000065483e-2 2.8000000000065483e-2
    2.8000000000065483e-2 2.8000000000065483e-2 2.8000000000065483e-2
    2.8000000000065483e-2 2.8000000000065483e-2 2.8000000000065483e-2
    2.8000000000065483e-2 2.8000000000065483e-2 2.8000000000065483e-2
    2.8000000000065483e-2 2.8000000000065483e-2 2.8000000000065483e-2
    2.8000000000065483e-2 2.8000000000065483e-2 2.8000000000065483e-2
    2.8000000000065483e-2 2.8000000000065483e-2 2.8000000000065483e-2
    2.8000000000065483e-2 2.8000000000065483e-2 2.8000000000065483e-2
    2.8000000000065483e-2 2.8000000000065483e-2 2.8000000000065483e-2
    2.8000000000065483e-2 2.8000000000065483e-2 2.8000000000065483e-2
    2.8000000000065483e-2 2.8000000000065483e-2 2.8000000000065483e-2
    2.8000000000065483e-2 2.8000000000065483e-2 2.8000000000065483e-2
    2.8000000000065483e-2 2.8000000000065483e-2 2.8000000000065483e-2
    2.8000000000065483e-2 2.8000000000065483e-2 2.8000000000065483e-2
    2.8000000000065483e-2 2.8000000000065483e-2 2.8000000000065483e-2
    2.8000000000065483e-2 2.8000000000065483e-2 2.8000000000065483e-2
    2.8000000000065483e-2 2.8000000000065483e-2 2.8000000000065483e-2
    2.8000000000065483e-2 2.8000000000065483e-2 2.8000000000065483e-2
    2.8000000000065483e-2 2.8000000000065483e-2 2.8000000000065483e-2
    2.8000000000065483e-2 2.8000000000065483e-2 2.8000000000065483e-2
    2.8000000000065483e-2 2.8000000000065483e-2 2.8000000000065483e-2
    2.8000000000065483e-2 2.8000000000065483e-2 2.8000000000065483e-2
    2.8000000000065483e-2 2.8000000000065483e-2 2.8000000000065483e-2
    2.8000000000065483e-2 2.8000000000065483e-2 2.8000000000065483e-2
    2.8000000000065483e-2 2.8000000000065483e-2 2.8000000000065483e-2
    2.8000000000065483e-2 2.8000000000065483e-2 2.8000000000065483e-2
    2.8000000000065483e-2 2.8000000000065483e-2 2.8000000000065483e-2
    2.8000000000065483e-2 2.8000000000065483e-2 2.8000000000065483e-2
    2.8000000000065483e-2 2.8000000000065483e-2 2.8000000000065483e-2
    2.8000000000065483e-2 2.8000000000065483e-2 2.8000000000065483e-2
    2.8000000000065483e-2 2.8000000000065483e-2 2.8000000000065483e-2
    2.8000000000065483e-2 2.8000000000065483e-2 2.8000000000065483e-2
    2.8000000000065483e-2 2.8000000000065483e-2 2.8000000000065483e-2
    2.8000000000065483e-2 2.8000000000065483e-2 2.8000000000065483e-2
    2.8000000000065483e-2 2.8000000000065483e-2 2.8000000000065483e-2
    2.8000000000065483e-2 2.8000000000065483e-2 2.8000000000065483e-2
    2.8000000000065483e-2 2.8000000000065483e-2 2.8000000000065483e-2
    2.8000000000065483e-2 2.8000000000065483e-2 2.8000000000065483e-2
    2.8000000000065483e-2 2.8000000000065483e-2 2.8000000000065483e-2
    2.8000000000065483e-2 2.8000000000065483e-2 2.8000000000065483e-2
    2.8000000000065483e-2 2.8000000000065483e-2 2.8000000000065483e-2
    2.8000000000065483e-2 2.8000000000065483e-2 2.8000000000065483e-2
    2.8000000000065483e-2 2.8000000000065483e-2 2.8000000000065483e-2
    2.8000000000065483e-2 2.8000000000065483e-2 2.8000000000065483e-2
    2.8000000000065483e-2 2.8000000000065483e-2 2.8000000000065483e-2
    2.8000000000065483e-2 2.8000000000065483e-2 2.8000000000065483e-2
    2.8000000000065483e-2 2.8000000000065483e-2 2.8000000000065483e-2
    2.8000000000065483e-2 2.8000000000065483e-2 2.8000000000065483e-2
    2.8000000000065483e-2 2.8000000000065483e-2 2.8000000000065483e-2
    2.8000000000065483e-2 2.8000000000065483e-2 2.8000000000065483e-2
    2.8000000000065483e-2 2.8000000000065483e-2 2.8000000000065483e-2
    2.8000000000065483e-2 2.8000000000065483e-2 2.8000000000065483e-2
    2.8000000000065483e-2 2.8000000000065483e-2 2.8000000000065483e-2
    2.8000000000065483e-2 2.8000000000065483e-2 2.8000000000065483e-2
    2.8000000000065483e-2 2.8000000000065483e-2 2.8000000000065483e-2
    2.8000000000065483e-2 2.8000000000065483e-2 2.8000000000065483e-2
    2.8000000000065483e-2 2.8000000000065483e-2 2.8000000000065483e-2
    2.8000000000065483e-2 2.8000000000065483e-2 2.8000000000065483e-2
    2.8000000000065483e-2 2.8000000000065483e-2 2.8000000000065483e-2
    2.8000000000065483e-2 2.8000000000065483e-2 2.8000000000065483e-2
    2.8000000000065483e-2 2.8000000000065483e-2 2.8000000000065483e-2
    2.8000000000065483e-2 2.8000000000065483e-2 2.8000000000065483e-2
    2.8000000000065483e-2 2.8000000000065483e-2 2.8000000000065483e-2
    2.8000000000065483e-2 2.8000000000065483e-2 2.8000000000065483e-2
    2.8000000000065483e-2 2.8000000000065483e-2 2.8000000000065483e-2
    2.8000000000065483e-2 2.8000000000065483e-2 2.8000000000065483e-2
    2.8000000000065483e-2 2.8000000000065483e-2 2.8000000000065483e-2
    2.8000000000065483e-2 2.8000000000065483e-2 2.8000000000065483e-2
    2.8000000000065483e-2 2.8000000000065483e-2 2.8000000000065483e-2
    2.8000000000065483e-2 2.8000000000065483e-2 2.8000000000065483e-2
    2.8000000000065483e-2 2.8000000000065483e-2 2.8000000000065483e-2
    2.8000000000065483e-2 2.8000000000065483e-2 2.8000000000065483e-2
    2.8000000000065483e-2 2.8000000000065483e-2 2.8000000000065483e-2
    2.8000000000065483e-2 2.8000000000065483e-2 2.8000000000065483e-2
    2.8000000000065483e-2 2.8000000000065483e-2 2.8000000000065483e-2
    2.8000000000065483e-2 2.8000000000065483e-2 2.8000000000065483e-2
    2.8000000000065483e-2 2.8000000000065483e-2 2.8000000000065483e-2
    2.8000000000065483e-2 2.8000000000065483e-2 2.8000000000065483e-2
    2.8000000000065483e-2 2.8000000000065483e-2 2.8000000000065483e-2
    2.8000000000065483e-2 2.8000000000065483e-2 2.8000000000065483e-2
    2.8000000000065483e-2 2.8000000000065483e-2 2.8000000000065483e-2
    2.8000000000065483e-2 2.8000000000065483e-2 2.8000000000065483e-2
    2.8000000000065483e-2 2.8000000000065483e-2 2.8000000000065483e-2
    2.8000000000065483e-2 2.8000000000065483e-2 2.8000000000065483e-2
    2.8000000000065483e-2 2.8000000000065483e-2 2.8000000000065483e-2
    2.8000000000065483e-2 2.8000000000065483e-2 2.8000000000065483e-2
    2.8000000000065483e-2 2.8000000000065483e-2 2.8000000000065483e-2
    2.8000000000065483e-2 2.8000000000065483e-2 2.8000000000065483e-2
    2.8000000000065483e-2 2.8000000000065483e-2 2.8000000000065483e-2
    2.8000000000065483e-2 2.8000000000065483e-2 2.8000000000065483e-2
    2.8000000000065483e-2 2.8000000000065483e-2 2.8000000000065483e-2
    2.8000000000065483e-2 2.8000000000065483e-2 2.8000000000065483e-2
    2.8000000000065483e-2 2.8000000000065483e-2 2.8000000000065483e-2
    2.8000000000065483e-2 2.8000000000065483e-2 2.8000000000065483e-2
    2.8000000000065483e-2 2.8000000000065483e-2 2.8000000000065483e-2
    2.8000000000065483e-2 2.8000000000065483e-2 2.8000000000065483e-2
    2.8000000000065483e-2 2.8000000000065483e-2 2.8000000000065483e-2
    2.8000000000065483e-2 2.8000000000065483e-2 2.8000000000065483e-2
    2.8000000000065483e-2 2.8000000000065483e-2 2.8000000000065483e-2
    2.8000000000065483e-2 2.8000000000065483e-2 2.8000000000065483e-2
    2.8000000000065483e-2 2.8000000000065483e-2 2.8000000000065483e-2
    2.8000000000065483e-2 2.8000000000065483e-2 2.8000000000065483e-2
    2.8000000000065483e-2 2.8000000000065483e-2 2.8000000000065483e-2
    2.8000000000065483e-2 2.8000000000065483e-2 2.8000000000065483e-2
    2.8000000000065483e-2 2.8000000000065483e-2 2.8000000000065483e-2
    2.8000000000065483e-2 2.8000000000065483e-2 2.8000000000065483e-2
    2.8000000000065483e-2 2.8000000000065483e-2 2.8000000000065483e-2
    2.8000000000065483e-2 2.8000000000065483e-2 2.8000000000065483e-2
    2.8000000000065483e-2 2.8000000000065483e-2 2.8000000000065483e-2
    2.8000000000065483e-2 2.8000000000065483e-2 2.8000000000065483e-2
    2.8000000000065483e-2 2.8000000000065483e-2 2.8000000000065483e-2
    2.8000000000065483e-2 2.8000000000065483e-2 2.8000000000065483e-2
    2.8000000000065483e-2 2.8000000000065483e-2 2.8000000000065483e-2
    2.8000000000065483e-2 2.8000000000065483e-2 2.8000000000065483e-2
    2.8000000000065483e-2 2.8000000000065483e-2 2.8000000000065483e-2
    2.8000000000065483e-2 2.8000000000065483e-2 2.8000000000065483e-2
    2.8000000000065483e-2 2.8000000000065483e-2 2.8000000000065483e-2
    2.8000000000065483e-2 2.8000000000065483e-2 2.8000000000065483e-2
    2.8000000000065483e-2 2.8000000000065483e-2 2.8000000000065483e-2
    2.8000000000065483e-2 2.8000000000065483e-2 2.8000000000065483e-2
    2.8000000000065483e-2 2.8000000000065483e-2 2.8000000000065483e-2
    2.8000000000065483e-2 2.8000000000065483e-2 2.8000000000065483e-2
    2.8000000000065483e-2 2.8000000000065483e-2 2.8000000000065483e-2
    2.8000000000065483e-2 2.8000000000065483e-2 2.8000000000065483e-2
    2.8000000000065483e-2 2.8000000000065483e-2 2.8000000000065483e-2
    2.8000000000065483e-2 2.8000000000065483e-2 2.8000000000065483e-2
    2.8000000000065483e-2 2.8000000000065483e-2 2.8000000000065483e-2
    2.8000000000065483e-2 2.8000000000065483e-2 2.8000000000065483e-2
    2.8000000000065483e-2 2.8000000000065483e-2 2.8000000000065483e-2
    2.8000000000065483e-2 2.8000000000065483e-2 2.8000000000065483e-2
    2.8000000000065483e-2 2.8000000000065483e-2 2.8000000000065483e-2
    2.8000000000065483e-2 2.8000000000065483e-2 2.8000000000065483e-2
    2.8000000000065483e-2 2.8000000000065483e-2 2.8000000000065483e-2
    2.8000000000065483e-2 2.8000000000065483e-2 2.8000000000065483e-2
    2.8000000000065483e-2 2.8000000000065483e-2 2.8000000000065483e-2
    2.8000000000065483e-2 2.8000000000065483e-2 2.8000000000065483e-2
    2.8000000000065483e-2 2.8000000000065483e-2 2.8000000000065483e-2
    2.8000000000065483e-2 2.8000000000065483e-2 2.8000000000065483e-2
    2.8000000000065483e-2 2.8000000000065483e-2 2.8000000000065483e-2
    2.8000000000065483e-2 2.8000000000065483e-2 2.8000000000065483e-2
    2.8000000000065483e-2 2.8000000000065483e-2 2.8000000000065483e-2
    2.8000000000065483e-2 2.8000000000065483e-2 2.8000000000065483e-2
    2.8000000000065483e-2 2.8000000000065483e-2 2.8000000000065483e-2
    2.8000000000065483e-2 2.8000000000065483e-2 2.8000000000065483e-2
    2.8000000000065483e-2 2.8000000000065483e-2 2.8000000000065483e-2
    2.8000000000065483e-2 2.8000000000065483e-2 2.8000000000065483e-2
    2.8000000000065483e-2 2.8000000000065483e-2 2.8000000000065483e-2
    2.8000000000065483e-2 2.8000000000065483e-2 2.8000000000065483e-2
    2.8000000000065483e-2 2.8000000000065483e-2 2.8000000000065483e-2
    2.8000000000065483e-2 2.8000000000065483e-2 2.8000000000065483e-2
    2.8000000000065483e-2 2.8000000000065483e-2 2.8000000000065483e-2
    2.8000000000065483e-2 2.8000000000065483e-2 2.8000000000065483e-2
    2.8000000000065483e-2 2.8000000000065483e-2 2.8000000000065483e-2
    2.8000000000065483e-2 2.8000000000065483e-2 2.8000000000065483e-2
    2.8000000000065483e-2 2.8000000000065483e-2 2.8000000000065483e-2
    2.8000000000065483e-2 2.8000000000065483e-2 2.8000000000065483e-2
    2.8000000000065483e-2 2.8000000000065483e-2 2.8000000000065483e-2
    2.8000000000065483e-2 2.8000000000065483e-2 2.8000000000065483e-2
    2.8000000000065483e-2 2.8000000000065483e-2 2.8000000000065483e-2
    2.8000000000065483e-2 2.8000000000065483e-2 2.8000000000065483e-2
    2.8000000000065483e-2 2.8000000000065483e-2 2.8000000000065483e-2
    2.8000000000065483e-2 2.8000000000065483e-2 2.8000000000065483e-2
    2.8000000000065483e-2 2.8000000000065483e-2 2.8000000000065483e-2
    2.8000000000065483e-2 2.8000000000065483e-2 2.8000000000065483e-2
    2.8000000000065483e-2 2.8000000000065483e-2 2.8000000000065483e-2
    2.8000000000065483e-2 2.8000000000065483e-2 2.8000000000065483e-2
    2.8000000000065483e-2 2.8000000000065483e-2 2.8000000000065483e-2
    2.8000000000065483e-2 2.8000000000065483e-2 2.8000000000065483e-2
    2.8000000000065483e-2 2.8000000000065483e-2 2.8000000000065483e-2
    2.8000000000065483e-2 2.8000000000065483e-2 2.8000000000065483e-2
    2.8000000000065483e-2 2.8000000000065483e-2 2.8000000000065483e-2
    2.8000000000065483e-2 2.8000000000065483e-2 2.8000000000065483e-2
    2.8000000000065483e-2 2.8000000000065483e-2 2.8000000000065483e-2
    2.8000000000065483e-2 2.8000000000065483e-2 2.8000000000065483e-2
    2.8000000000065483e-2 2.8000000000065483e-2 2.8000000000065483e-2
    2.8000000000065483e-2 2.8000000000065483e-2 2.8000000000065483e-2
    2.8000000000065483e-2 2.8000000000065483e-2 2.8000000000065483e-2
    2.8000000000065483e-2 2.8000000000065483e-2 2.8000000000065483e-2
    2.8000000000065483e-2 2.8000000000065483e-2 2.8000000000065483e-2
    2.8000000000065483e-2 2.8000000000065483e-2 2.8000000000065483e-2
    2.8000000000065483e-2 2.8000000000065483e-2 2.8000000000065483e-2
    2.8000000000065483e-2 2.8000000000065483e-2 2.8000000000065483e-2
    2.8000000000065483e-2 2.8000000000065483e-2 2.8000000000065483e-2
    2.8000000000065483e-2 2.8000000000065483e-2 2.8000000000065483e-2
    2.8000000000065483e-2 2.8000000000065483e-2 2.8000000000065483e-2
    2.8000000000065483e-2 2.8000000000065483e-2 2.8000000000065483e-2
    2.8000000000065483e-2 2.8000000000065483e-2 2.8000000000065483e-2
    2.8000000000065483e-2 2.8000000000065483e-2 2.8000000000065483e-2
    2.8000000000065483e-2 2.8000000000065483e-2 2.8000000000065483e-2
    2.8000000000065483e-2 2.8000000000065483e-2 2.8000000000065483e-2
    2.8000000000065483e-2 2.8000000000065483e-2 2.8000000000065483e-2
    2.8000000000065483e-2 2.8000000000065483e-2 2.8000000000065483e-2
    2.8000000000065483e-2 2.8000000000065483e-2 2.8000000000065483e-2
    2.8000000000065483e-2 2.8000000000065483e-2 2.8000000000065483e-2
    2.8000000000065483e-2 2.8000000000065483e-2 2.8000000000065483e-2
    2.8000000000065483e-2 2.8000000000065483e-2 2.8000000000065483e-2
    2.8000000000065483e-2 2.8000000000065483e-2 2.8000000000065483e-2
    2.8000000000065483e-2 2.8000000000065483e-2 2.8000000000065483e-2
    2.8000000000065483e-2 2.8000000000065483e-2 2.8000000000065483e-2
    2.8000000000065483e-2 2.8000000000065483e-2 2.8000000000065483e-2
    2.8000000000065483e-2 2.8000000000065483e-2 2.8000000000065483e-2
    2.8000000000065483e-2 2.8000000000065483e-2 2.8000000000065483e-2
    2.8000000000065483e-2 2.8000000000065483e-2 2.8000000000065483e-2
    2.8000000000065483e-2 2.8000000000065483e-2 2.8000000000065483e-2
    2.8000000000065483e-2 2.8000000000065483e-2 2.8000000000065483e-2
    2.8000000000065483e-2 2.8000000000065483e-2 2.8000000000065483e-2
    2.8000000000065483e-2 2.8000000000065483e-2 2.8000000000065483e-2
    2.8000000000065483e-2 2.8000000000065483e-2 2.8000000000065483e-2
    2.8000000000065483e-2 2.8000000000065483e-2 2.8000000000065483e-2
    2.8000000000065483e-2 2.8000000000065483e-2 2.8000000000065483e-2
    2.8000000000065483e-2 2.8000000000065483e-2 2.8000000000065483e-2
    2.8000000000065483e-2 2.8000000000065483e-2 2.8000000000065483e-2
    2.8000000000065483e-2 2.8000000000065483e-2 2.8000000000065483e-2
    2.8000000000065483e-2 2.8000000000065483e-2 2.8000000000065483e-2
    2.8000000000065483e-2 2.8000000000065483e-2 2.8000000000065483e-2
    2.8000000000065483e-2 2.8000000000065483e-2 2.8000000000065483e-2
    2.8000000000065483e-2 2.8000000000065483e-2 2.8000000000065483e-2
    2.8000000000065483e-2 2.8000000000065483e-2 2.8000000000065483e-2
    2.8000000000065483e-2 2.8000000000065483e-2 2.8000000000065483e-2
    2.8000000000065483e-2 2.8000000000065483e-2 2.8000000000065483e-2
    2.8000000000065483e-2 2.8000000000065483e-2 2.8000000000065483e-2
    2.8000000000065483e-2 2.8000000000065483e-2 2.8000000000065483e-2
    2.8000000000065483e-2 2.8000000000065483e-2 2.8000000000065483e-2
    2.8000000000065483e-2 2.8000000000065483e-2 2.8000000000065483e-2
    2.8000000000065483e-2 2.8000000000065483e-2 2.8000000000065483e-2
    2.8000000000065483e-2 2.8000000000065483e-2 2.8000000000065483e-2
    2.8000000000065483e-2 2.8000000000065483e-2 2.8000000000065483e-2
    2.8000000000065483e-2 2.8000000000065483e-2 2.8000000000065483e-2
    2.8000000000065483e-2 2.8000000000065483e-2 2.8000000000065483e-2
    2.8000000000065483e-2 2.8000000000065483e-2 2.8000000000065483e-2
    2.8000000000065483e-2 2.8000000000065483e-2 2.8000000000065483e-2
    2.8000000000065483e-2 2.8000000000065483e-2 2.8000000000065483e-2
    2.8000000000065483e-2 2.8000000000065483e-2 2.8000000000065483e-2
    2.8000000000065483e-2 2.8000000000065483e-2 2.8000000000065483e-2
    2.8000000000065483e-2 2.8000000000065483e-2 2.8000000000065483e-2
    2.8000000000065483e-2 2.8000000000065483e-2 2.8000000000065483e-2
    2.8000000000065483e-2 2.8000000000065483e-2 2.8000000000065483e-2
    2.8000000000065483e-2 2.8000000000065483e-2 2.8000000000065483e-2
    2.8000000000065483e-2 2.8000000000065483e-2 2.8000000000065483e-2
    2.8000000000065483e-2 2.8000000000065483e-2 2.8000000000065483e-2
    2.8000000000065483e-2 2.8000000000065483e-2 2.8000000000065483e-2
    2.8000000000065483e-2 2.8000000000065483e-2 2.8000000000065483e-2
    2.8000000000065483e-2 2.8000000000065483e-2 2.8000000000065483e-2
    2.8000000000065483e-2 2.8000000000065483e-2 2.8000000000065483e-2
    2.8000000000065483e-2 2.8000000000065483e-2 2.8000000000065483e-2
    2.8000000000065483e-2 2.8000000000065483e-2 2.8000000000065483e-2
    2.8000000000065483e-2 2.8000000000065483e-2 2.8000000000065483e-2
    2.8000000000065483e-2 2.8000000000065483e-2 2.8000000000065483e-2
    2.8000000000065483e-2 2.8000000000065483e-2 2.8000000000065483e-2
    2.8000000000065483e-2 2.8000000000065483e-2 2.8000000000065483e-2
    2.8000000000065483e-2 2.8000000000065483e-2 2.8000000000065483e-2
    2.8000000000065483e-2 2.8000000000065483e-2 2.8000000000065483e-2
    2.8000000000065483e-2 2.8000000000065483e-2 2.8000000000065483e-2
    2.8000000000065483e-2 2.8000000000065483e-2 2.8000000000065483e-2
    2.8000000000065483e-2 2.8000000000065483e-2 2.8000000000065483e-2
    2.8000000000065483e-2 2.8000000000065483e-2 2.8000000000065483e-2
    2.8000000000065483e-2 2.8000000000065483e-2 2.8000000000065483e-2
    2.8000000000065483e-2 2.8000000000065483e-2 2.8000000000065483e-2
    2.8000000000065483e-2 2.8000000000065483e-2 2.8000000000065483e-2
    2.8000000000065483e-2 2.8000000000065483e-2 2.8000000000065483e-2
    2.8000000000065483e-2 2.8000000000065483e-2 2.8000000000065483e-2
    2.8000000000065483e-2 2.8000000000065483e-2 2.8000000000065483e-2
    2.8000000000065483e-2 2.8000000000065483e-2 2.8000000000065483e-2
    2.8000000000065483e-2 2.8000000000065483e-2 2.8000000000065483e-2
    2.8000000000065483e-2 2.8000000000065483e-2 2.8000000000065483e-2
    2.8000000000065483e-2 2.8000000000065483e-2 2.8000000000065483e-2
    2.8000000000065483e-2 2.8000000000065483e-2 2.8000000000065483e-2
    2.8000000000065483e-2 2.8000000000065483e-2 2.8000000000065483e-2
    2.8000000000065483e-2 2.8000000000065483e-2 2.8000000000065483e-2
    2.8000000000065483e-2 2.8000000000065483e-2 2.8000000000065483e-2
    2.8000000000065483e-2 2.8000000000065483e-2 2.8000000000065483e-2
    2.8000000000065483e-2 2.8000000000065483e-2 2.8000000000065483e-2
    2.8000000000065483e-2 2.8000000000065483e-2 2.8000000000065483e-2
    2.8000000000065483e-2 2.8000000000065483e-2 2.8000000000065483e-2
    2.8000000000065483e-2 2.8000000000065483e-2 2.8000000000065483e-2
    2.8000000000065483e-2 2.8000000000065483e-2 2.8000000000065483e-2
    2.8000000000065483e-2 2.8000000000065483e-2 2.8000000000065483e-2
    2.8000000000065483e-2 2.8000000000065483e-2 2.8000000000065483e-2
    2.8000000000065483e-2 2.8000000000065483e-2 2.8000000000065483e-2
    2.8000000000065483e-2 2.8000000000065483e-2 2.8000000000065483e-2
    2.8000000000065483e-2 2.8000000000065483e-2 2.8000000000065483e-2
    2.8000000000065483e-2 2.8000000000065483e-2 2.8000000000065483e-2
    2.8000000000065483e-2 2.8000000000065483e-2 2.8000000000065483e-2
    2.8000000000065483e-2 2.8000000000065483e-2 2.8000000000065483e-2
    2.8000000000065483e-2 2.8000000000065483e-2 2.8000000000065483e-2
    2.8000000000065483e-2 2.8000000000065483e-2 2.8000000000065483e-2
    2.8000000000065483e-2 2.8000000000065483e-2 2.8000000000065483e-2
    2.8000000000065483e-2 2.8000000000065483e-2 2.8000000000065483e-2
    2.8000000000065483e-2 2.8000000000065483e-2 2.8000000000065483e-2
    2.8000000000065483e-2 2.8000000000065483e-2 2.8000000000065483e-2
    2.8000000000065483e-2 2.8000000000065483e-2 2.8000000000065483e-2
    2.8000000000065483e-2 2.8000000000065483e-2 2.8000000000065483e-2
    2.8000000000065483e-2 2.8000000000065483e-2 2.8000000000065483e-2
    2.8000000000065483e-2 2.8000000000065483e-2 2.8000000000065483e-2
    2.8000000000065483e-2 2.8000000000065483e-2 2.8000000000065483e-2
    2.8000000000065483e-2 2.8000000000065483e-2 2.8000000000065483e-2
    2.8000000000065483e-2 2.8000000000065483e-2 2.8000000000065483e-2
    2.8000000000065483e-2 2.8000000000065483e-2 2.8000000000065483e-2
    2.8000000000065483e-2 2.8000000000065483e-2 2.8000000000065483e-2
    2.8000000000065483e-2 2.8000000000065483e-2 2.8000000000065483e-2
    2.8000000000065483e-2 2.8000000000065483e-2 2.8000000000065483e-2
    2.8000000000065483e-2 2.8000000000065483e-2 2.8000000000065483e-2
    2.8000000000065483e-2 2.8000000000065483e-2 2.8000000000065483e-2
    2.8000000000065483e-2 2.8000000000065483e-2 2.8000000000065483e-2
    2.8000000000065483e-2 2.8000000000065483e-2 2.8000000000065483e-2
    2.8000000000065483e-2 2.8000000000065483e-2 2.8000000000065483e-2
    2.8000000000065483e-2 2.8000000000065483e-2 2.8000000000065483e-2
    2.8000000000065483e-2 2.8000000000065483e-2 2.8000000000065483e-2
    2.8000000000065483e-2 2.8000000000065483e-2 2.8000000000065483e-2
    2.8000000000065483e-2 2.8000000000065483e-2 2.8000000000065483e-2
    2.8000000000065483e-2 2.8000000000065483e-2 2.8000000000065483e-2
    2.8000000000065483e-2 2.8000000000065483e-2 2.8000000000065483e-2
    2.8000000000065483e-2 2.8000000000065483e-2 2.8000000000065483e-2
    2.8000000000065483e-2 2.8000000000065483e-2 2.8000000000065483e-2
    2.8000000000065483e-2 2.8000000000065483e-2 2.8000000000065483e-2
    2.8000000000065483e-2 2.8000000000065483e-2 2.8000000000065483e-2
    2.8000000000065483e-2 2.8000000000065483e-2 2.8000000000065483e-2
    2.8000000000065483e-2 2.8000000000065483e-2 2.8000000000065483e-2
    2.8000000000065483e-2 2.8000000000065483e-2 2.8000000000065483e-2
    2.8000000000065483e-2 2.8000000000065483e-2 2.8000000000065483e-2
    2.8000000000065483e-2 2.8000000000065483e-2 2.8000000000065483e-2
    2.8000000000065483e-2 2.8000000000065483e-2 2.8000000000065483e-2
    2.8000000000065483e-2 2.8000000000065483e-2 2.8000000000065483e-2
    2.8000000000065483e-2 2.8000000000065483e-2 2.8000000000065483e-2
    2.8000000000065483e-2 2.8000000000065483e-2 2.8000000000065483e-2
    2.8000000000065483e-2 2.8000000000065483e-2 2.8000000000065483e-2
    2.8000000000065483e-2 2.8000000000065483e-2 2.8000000000065483e-2
    2.8000000000065483e-2 2.8000000000065483e-2 2.8000000000065483e-2
    2.8000000000065483e-2 2.8000000000065483e-2 2.8000000000065483e-2
    2.8000000000065483e-2 2.8000000000065483e-2 2.8000000000065483e-2
    2.8000000000065483e-2 2.8000000000065483e-2 2.8000000000065483e-2
    2.8000000000065483e-2 2.8000000000065483e-2 2.8000000000065483e-2
    2.8000000000065483e-2 2.8000000000065483e-2 2.8000000000065483e-2
    2.8000000000065483e-2 2.8000000000065483e-2 2.8000000000065483e-2
    2.8000000000065483e-2 2.8000000000065483e-2 2.8000000000065483e-2
    2.8000000000065483e-2 2.8000000000065483e-2 2.8000000000065483e-2
    2.8000000000065483e-2 2.8000000000065483e-2 2.8000000000065483e-2
    2.8000000000065483e-2 2.8000000000065483e-2 2.8000000000065483e-2
    2.8000000000065483e-2 2.8000000000065483e-2 2.8000000000065483e-2
    2.8000000000065483e-2 2.8000000000065483e-2 2.8000000000065483e-2
    2.8000000000065483e-2 2.8000000000065483e-2 2.8000000000065483e-2
    2.8000000000065483e-2 2.8000000000065483e-2 2.8000000000065483e-2
    2.8000000000065483e-2 2.8000000000065483e-2 2.8000000000065483e-2
    2.8000000000065483e-2 2.8000000000065483e-2 2.8000000000065483e-2
    2.8000000000065483e-2 2.8000000000065483e-2 2.8000000000065483e-2
    2.8000000000065483e-2 2.8000000000065483e-2 2.8000000000065483e-2
    2.8000000000065483e-2 2.8000000000065483e-2 2.8000000000065483e-2
    2.8000000000065483e-2 2.8000000000065483e-2 2.8000000000065483e-2
    2.8000000000065483e-2 2.8000000000065483e-2 2.8000000000065483e-2
    2.8000000000065483e-2 2.8000000000065483e-2 2.8000000000065483e-2
    2.8000000000065483e-2 2.8000000000065483e-2 2.8000000000065483e-2
    2.8000000000065483e-2 2.8000000000065483e-2 2.8000000000065483e-2
    2.8000000000065483e-2 2.8000000000065483e-2 2.8000000000065483e-2
    2.8000000000065483e-2 2.8000000000065483e-2 2.8000000000065483e-2
    2.8000000000065483e-2 2.8000000000065483e-2 2.8000000000065483e-2
    2.8000000000065483e-2 2.8000000000065483e-2 2.8000000000065483e-2
    2.8000000000065483e-2 2.8000000000065483e-2 2.8000000000065483e-2
    2.8000000000065483e-2 2.8000000000065483e-2 2.8000000000065483e-2
    2.8000000000065483e-2 2.8000000000065483e-2 2.8000000000065483e-2
    2.8000000000065483e-2 2.8000000000065483e-2 2.8000000000065483e-2
    2.8000000000065483e-2 2.8000000000065483e-2 2.8000000000065483e-2
    2.8000000000065483e-2 2.8000000000065483e-2 2.8000000000065483e-2
    2.8000000000065483e-2 2.8000000000065483e-2 2.8000000000065483e-2
    2.8000000000065483e-2 2.8000000000065483e-2 2.8000000000065483e-2
    2.8000000000065483e-2 2.8000000000065483e-2 2.8000000000065483e-2
    2.8000000000065483e-2 2.8000000000065483e-2 2.8000000000065483e-2
    2.8000000000065483e-2 2.8000000000065483e-2 2.8000000000065483e-2
    2.8000000000065483e-2 2.8000000000065483e-2 2.8000000000065483e-2
    2.8000000000065483e-2 2.8000000000065483e-2 2.8000000000065483e-2
    2.8000000000065483e-2 2.8000000000065483e-2 2.8000000000065483e-2
    2.8000000000065483e-2 2.8000000000065483e-2 2.8000000000065483e-2
    2.8000000000065483e-2 2.8000000000065483e-2 2.8000000000065483e-2
    2.8000000000065483e-2 2.8000000000065483e-2 2.8000000000065483e-2
    2.8000000000065483e-2 2.8000000000065483e-2 2.8000000000065483e-2
    2.8000000000065483e-2 2.8000000000065483e-2 2.8000000000065483e-2
    2.8000000000065483e-2 2.8000000000065483e-2 2.8000000000065483e-2
    2.8000000000065483e-2 2.8000000000065483e-2 2.8000000000065483e-2
    2.8000000000065483e-2 2.8000000000065483e-2 2.8000000000065483e-2
    2.8000000000065483e-2 2.8000000000065483e-2 2.8000000000065483e-2
    2.8000000000065483e-2 2.8000000000065483e-2 2.8000000000065483e-2
    2.8000000000065483e-2 2.8000000000065483e-2 2.8000000000065483e-2
    2.8000000000065483e-2 2.8000000000065483e-2 2.8000000000065483e-2
    2.8000000000065483e-2 2.8000000000065483e-2 2.8000000000065483e-2
    2.8000000000065483e-2 2.8000000000065483e-2 2.8000000000065483e-2
    2.8000000000065483e-2 2.8000000000065483e-2 2.8000000000065483e-2
    2.8000000000065483e-2 2.8000000000065483e-2 2.8000000000065483e-2
    2.8000000000065483e-2 2.8000000000065483e-2 2.8000000000065483e-2
    2.8000000000065483e-2 2.8000000000065483e-2 2.8000000000065483e-2
    2.8000000000065483e-2 2.8000000000065483e-2 2.8000000000065483e-2
    2.8000000000065483e-2 2.8000000000065483e-2 2.8000000000065483e-2
    2.8000000000065483e-2 2.8000000000065483e-2 2.8000000000065483e-2
    2.8000000000065483e-2 2.8000000000065483e-2 2.8000000000065483e-2
    2.8000000000065483e-2 2.8000000000065483e-2 2.8000000000065483e-2
    2.8000000000065483e-2 2.8000000000065483e-2 2.8000000000065483e-2
    2.8000000000065483e-2 2.8000000000065483e-2 2.8000000000065483e-2
    2.8000000000065483e-2 2.8000000000065483e-2 2.8000000000065483e-2
    2.8000000000065483e-2 2.8000000000065483e-2 2.8000000000065483e-2
    2.8000000000065483e-2 2.8000000000065483e-2 2.8000000000065483e-2
    2.8000000000065483e-2 2.8000000000065483e-2 2.8000000000065483e-2
    2.8000000000065483e-2 2.8000000000065483e-2 2.8000000000065483e-2
    2.8000000000065483e-2 2.8000000000065483e-2 2.8000000000065483e-2
    2.8000000000065483e-2 2.8000000000065483e-2 2.8000000000065483e-2
    2.8000000000065483e-2 2.8000000000065483e-2 2.8000000000065483e-2
    2.8000000000065483e-2 2.8000000000065483e-2 2.8000000000065483e-2
    2.8000000000065483e-2 2.8000000000065483e-2 2.8000000000065483e-2
    2.8000000000065483e-2 2.8000000000065483e-2 2.8000000000065483e-2
    2.8000000000065483e-2 2.8000000000065483e-2 2.8000000000065483e-2
    2.8000000000065483e-2 2.8000000000065483e-2 2.8000000000065483e-2
    2.8000000000065483e-2 2.8000000000065483e-2 2.8000000000065483e-2
    2.8000000000065483e-2 2.8000000000065483e-2 2.8000000000065483e-2
    2.8000000000065483e-2 2.8000000000065483e-2 2.8000000000065483e-2
    2.8000000000065483e-2 2.8000000000065483e-2 2.8000000000065483e-2
    2.8000000000065483e-2 2.8000000000065483e-2 2.8000000000065483e-2
    2.8000000000065483e-2 2.8000000000065483e-2 2.8000000000065483e-2
    2.8000000000065483e-2 2.8000000000065483e-2 2.8000000000065483e-2
    2.8000000000065483e-2 2.8000000000065483e-2 2.8000000000065483e-2
    2.8000000000065483e-2 2.8000000000065483e-2 2.8000000000065483e-2
    2.8000000000065483e-2 2.8000000000065483e-2 2.8000000000065483e-2
    2.8000000000065483e-2 2.8000000000065483e-2 2.8000000000065483e-2
    2.8000000000065483e-2 2.8000000000065483e-2 2.8000000000065483e-2
    2.8000000000065483e-2 2.8000000000065483e-2 2.8000000000065483e-2
    2.8000000000065483e-2 2.8000000000065483e-2 2.8000000000065483e-2
    2.8000000000065483e-2 2.8000000000065483e-2 2.8000000000065483e-2
    2.8000000000065483e-2 2.8000000000065483e-2 2.8000000000065483e-2
    2.8000000000065483e-2 2.8000000000065483e-2 2.8000000000065483e-2
    2.8000000000065483e-2 2.8000000000065483e-2 2.8000000000065483e-2
    2.8000000000065483e-2 2.8000000000065483e-2 2.8000000000065483e-2
    2.8000000000065483e-2 2.8000000000065483e-2 2.8000000000065483e-2
    2.8000000000065483e-2 2.8000000000065483e-2 2.8000000000065483e-2
    2.8000000000065483e-2 2.8000000000065483e-2 2.8000000000065483e-2
    2.8000000000065483e-2 2.8000000000065483e-2 2.8000000000065483e-2
    2.8000000000065483e-2 2.8000000000065483e-2 2.8000000000065483e-2
    2.8000000000065483e-2 2.8000000000065483e-2 2.8000000000065483e-2
    2.8000000000065483e-2 2.8000000000065483e-2 2.8000000000065483e-2
    2.8000000000065483e-2 2.8000000000065483e-2 2.8000000000065483e-2
    2.8000000000065483e-2 2.8000000000065483e-2 2.8000000000065483e-2
    2.8000000000065483e-2 2.8000000000065483e-2 2.8000000000065483e-2
    2.8000000000065483e-2 2.8000000000065483e-2 2.8000000000065483e-2
    2.8000000000065483e-2 2.8000000000065483e-2 2.8000000000065483e-2
    2.8000000000065483e-2 2.8000000000065483e-2 2.8000000000065483e-2
    2.8000000000065483e-2 2.8000000000065483e-2 2.8000000000065483e-2
    2.8000000000065483e-2 2.8000000000065483e-2 2.8000000000065483e-2
    2.8000000000065483e-2 2.8000000000065483e-2 2.8000000000065483e-2
    2.8000000000065483e-2 2.8000000000065483e-2 2.8000000000065483e-2
    2.8000000000065483e-2 2.8000000000065483e-2 2.8000000000065483e-2
    2.8000000000065483e-2 2.8000000000065483e-2 2.8000000000065483e-2
    2.8000000000065483e-2 2.8000000000065483e-2 2.8000000000065483e-2
    2.8000000000065483e-2 2.8000000000065483e-2 2.8000000000065483e-2
    2.8000000000065483e-2 2.8000000000065483e-2 2.8000000000065483e-2
    2.8000000000065483e-2 2.8000000000065483e-2 2.8000000000065483e-2
    2.8000000000065483e-2 2.8000000000065483e-2 2.8000000000065483e-2
    2.8000000000065483e-2 2.8000000000065483e-2 2.8000000000065483e-2
    2.8000000000065483e-2 2.8000000000065483e-2 2.8000000000065483e-2
    2.8000000000065483e-2 2.8000000000065483e-2 2.8000000000065483e-2
    2.8000000000065483e-2 2.8000000000065483e-2 2.8000000000065483e-2
    2.8000000000065483e-2 2.8000000000065483e-2 2.8000000000065483e-2
    2.8000000000065483e-2 2.8000000000065483e-2 2.8000000000065483e-2
    2.8000000000065483e-2 2.8000000000065483e-2 2.8000000000065483e-2
    2.8000000000065483e-2 2.8000000000065483e-2 2.8000000000065483e-2
    2.8000000000065483e-2 2.8000000000065483e-2 2.8000000000065483e-2
    2.8000000000065483e-2 2.8000000000065483e-2 2.8000000000065483e-2
    2.8000000000065483e-2 2.8000000000065483e-2 2.8000000000065483e-2
    2.8000000000065483e-2 2.8000000000065483e-2 2.8000000000065483e-2
    2.8000000000065483e-2 2.8000000000065483e-2 2.8000000000065483e-2
    2.8000000000065483e-2 2.8000000000065483e-2 2.8000000000065483e-2
    2.8000000000065483e-2 2.8000000000065483e-2 2.8000000000065483e-2
    2.8000000000065483e-2 2.8000000000065483e-2 2.8000000000065483e-2
    2.8000000000065483e-2 2.8000000000065483e-2 2.8000000000065483e-2
    2.8000000000065483e-2 2.8000000000065483e-2 2.8000000000065483e-2
    2.8000000000065483e-2 2.8000000000065483e-2 2.8000000000065483e-2
    2.8000000000065483e-2 2.8000000000065483e-2 2.8000000000065483e-2
    2.8000000000065483e-2 2.8000000000065483e-2 2.8000000000065483e-2
    2.8000000000065483e-2 2.8000000000065483e-2 2.8000000000065483e-2
    2.8000000000065483e-2 2.8000000000065483e-2 2.8000000000065483e-2
    2.8000000000065483e-2 2.8000000000065483e-2 2.8000000000065483e-2
    2.8000000000065483e-2 2.8000000000065483e-2 2.8000000000065483e-2
    2.8000000000065483e-2 2.8000000000065483e-2 2.8000000000065483e-2
    2.8000000000065483e-2 2.8000000000065483e-2 2.8000000000065483e-2
    2.8000000000065483e-2 2.8000000000065483e-2 2.8000000000065483e-2
    2.8000000000065483e-2 2.8000000000065483e-2 2.8000000000065483e-2
    2.8000000000065483e-2 2.8000000000065483e-2 2.8000000000065483e-2
    2.8000000000065483e-2 2.8000000000065483e-2 2.8000000000065483e-2
    2.8000000000065483e-2 2.8000000000065483e-2 2.8000000000065483e-2
    2.8000000000065483e-2 2.8000000000065483e-2 2.8000000000065483e-2
    2.8000000000065483e-2 2.8000000000065483e-2 2.8000000000065483e-2
    2.8000000000065483e-2 2.8000000000065483e-2 2.8000000000065483e-2
    2.8000000000065483e-2 2.8000000000065483e-2 2.8000000000065483e-2
    2.8000000000065483e-2 2.8000000000065483e-2 2.8000000000065483e-2
    2.8000000000065483e-2 2.8000000000065483e-2 2.8000000000065483e-2
    2.8000000000065483e-2 2.8000000000065483e-2 2.8000000000065483e-2
    2.8000000000065483e-2 2.8000000000065483e-2 2.8000000000065483e-2
    2.8000000000065483e-2 2.8000000000065483e-2 2.8000000000065483e-2
    2.8000000000065483e-2 2.8000000000065483e-2 2.8000000000065483e-2
    2.8000000000065483e-2 2.8000000000065483e-2 2.8000000000065483e-2
    2.8000000000065483e-2 2.8000000000065483e-2 2.8000000000065483e-2
    2.8000000000065483e-2 2.8000000000065483e-2 2.8000000000065483e-2
    2.8000000000065483e-2 2.8000000000065483e-2 2.8000000000065483e-2
    2.8498561414194337e-2 2.8539392421680531e-2 2.870481222455484e-2
    2.8999163019444371e-2 2.9631988719818578e-2 2.9683871460428019e-2
    3.0599852791223885e-2 3.1023681009914893e-2 3.1414965136822764e-2
    3.1727290837762233e-2 3.1945244153312416e-2 3.1987934541145908e-2
    3.2000000000000028e-2 3.2054427505814595e-2 3.2371517729997967e-2
    3.2807050698593798e-2 3.3171161454948819e-2 3.3214795354732735e-2
    3.3406547576860859e-2 3.393570255832578e-2 3.4085439316861803e-2
    3.4126984965888091e-2 3.4631622992178895e-2 3.4684389736230031e-2
    3.4856384113027161e-2 3.4958337193208185e-2 3.4999999999854481e-2
    3.4999999999854481e-2 3.4999999999854481e-2 3.4999999999854481e-2
    3.4999999999854481e-2 3.4999999999968168e-2 3.4999999999968168e-2
    3.4999999999968168e-2 3.4999999999968168e-2 3.4999999999968168e-2
    3.4999999999968168e-2 3.5000000000025011e-2 3.5000000000025011e-2
    3.5000000000309228e-2 3.5000000000309228e-2 3.5000000000309228e-2
    3.5000000000309228e-2 3.5000000000309228e-2 3.5000000000309228e-2
    3.5000000000309228e-2 3.5000000000309228e-2 3.5000000000309228e-2
    3.5000000000309228e-2 3.5000000000309228e-2 3.5000000000309228e-2
    3.5000000000309228e-2 3.5220827991906845e-2 3.5224424193302184e-2
    3.5258748730711886e-2 3.5266781034579253e-2 3.5294745209284883e-2
    3.5300975293012016e-2 3.5370213971191333e-2 3.5380793938343598e-2
    3.5424736378445232e-2 3.542547848823574e-2 3.5453841550179277e-2
    3.5471005115596199e-2 3.5498704090571209e-2 3.550548624343719e-2
    3.5514107530957517e-2 3.5520503344969256e-2 3.5526075411553393e-2
    3.5526466172768778e-2 3.5537183550346185e-2 3.5539660978884058e-2
    3.55565806460163e-2 3.5559886271812502e-2 3.5567947508639008e-2
    3.5569646418821321e-2 3.5572465142195142e-2 3.5579461489817277e-2
    3.5585711880003146e-2 3.5587775269277699e-2 3.5593909318521355e-2
    3.5596433925775273e-2 3.560763385712562e-2 3.5608963015533845e-2
    3.5613587648185785e-2 3.5615565054570197e-2 3.5639667724808533e-2
    3.5644014938498003e-2 3.5657930658317127e-2 3.5658619199921304e-2
    3.5663332946569426e-2 3.5664570080655267e-2 3.5667690363538895e-2
    3.5669783126763832e-2 3.567399892767753e-2 3.5684287550111549e-2
    3.568628012658337e-2 3.5687297232527726e-2 3.5690648714989948e-2
    3.5696569079220808e-2 3.5709174726434867e-2 3.5710145379880487e-2
    3.5710541976527566e-2 3.5712845716489028e-2 3.5719546167115368e-2
    3.5720098284173218e-2 3.5723959730034949e-2 3.5726190293644322e-2
    3.5732885363700007e-2 3.5735239545147124e-2 3.5736415587621195e-2
    3.5747410780913924e-2 3.5754265147033948e-2 3.5754595604885253e-2
    3.5765218288361211e-2 3.5767588205999346e-2 3.5774524654243578e-2
    3.577806184750898e-2 3.5780747011628478e-2 3.5780753024710066e-2
    3.5783437954705732e-2 3.5784933074637593e-2 3.5789085727628844e-2
    3.5791400234984394e-2 3.5798638118421877e-2 3.580222632922414e-2
    3.5802738827896974e-2 3.5803035246317449e-2 3.5813914776326783e-2
    3.5814472215463411e-2 3.5817924592947747e-2 3.5819863837559751e-2
    3.58211354390221e-2 3.5823271242634291e-2 3.582916650442769e-2
    3.5832636391660344e-2 3.5836198406514086e-2 3.583965891527896e-2
    3.5842345095602468e-2 3.5842703111370611e-2 3.5848920682155949e-2
    3.5852358556212494e-2 3.5857680569961303e-2 3.5863306171904696e-2
    3.5866804553165821e-2 3.5868605142184151e-2 3.5869820116431583e-2
    3.5870171849524013e-2 3.5872574745098973e-2 3.5875934098612561e-2
    3.5888273634200475e-2 3.588827658268201e-2 3.5892146728883745e-2
    3.5894482474532197e-2 3.589574663806161e-2 3.5897225943699596e-2
    3.5900107396173553e-2 3.5900383994999174e-2 3.5902207550861931e-2
    3.5905096782926194e-2 3.591121917872897e-2 3.5911813353322941e-2
    3.5913635565293589e-2 3.5920948995453728e-2 3.5922565138434948e-2
    3.5924212895565688e-2 3.5927122923595789e-2 3.5927655915543255e-2
    3.5930523451384033e-2 3.5932165606936906e-2 3.5934046859324553e-2
    3.5937682817518635e-2 3.5939312705693283e-2 3.5940479816247262e-2
    3.5941077093411877e-2 3.5943117802389679e-2 3.5948214894460762e-2
    3.5948332717453013e-2 3.5948552611671403e-2 3.5949447538314416e-2
    3.595200996528547e-2 3.5952766100081135e-2 3.5953950697376058e-2
    3.5955066303131389e-2 3.5958550121677035e-2 3.5958645090317987e-2
    3.5959709377721083e-2 3.5960852714424618e-2 3.596225182411672e-2
    3.5962435791589087e-2 3.5967096448189295e-2 3.596742422519128e-2
    3.5968051031431969e-2 3.597216045454843e-2 3.5972459928871103e-2
    3.5974045172821434e-2 3.5978984411940473e-2 3.5979225081291588e-2
    3.5980709095611019e-2 3.5981545169306628e-2 3.5985154435110189e-2
    3.5986175272995524e-2 3.5990925379792316e-2 3.5993332062616901e-2
    3.5994905882944295e-2 3.5995741956639904e-2 3.5999113184971065e-2
    3.6001351944548787e-2 3.6005263097443674e-2 3.6006715385610732e-2
    3.6010130688737263e-2 3.6011186108225957e-2 3.6014368989754075e-2
    3.6016842312164954e-2 3.6022124199462269e-2 3.6022412376496504e-2
    3.6024993292357976e-2 3.6025661588951152e-2 3.6028059198272899e-2
    3.6031536409268483e-2 3.6034283127690969e-2 3.6035417639141087e-2
    3.6041266251800153e-2 3.6041373108901098e-2 3.6042708358763775e-2
    3.604302356785638e-2 3.6048290123744664e-2 3.6049928230795558e-2
    3.6054402976560596e-2 3.605526298257189e-2 3.6063060829917504e-2
    3.6063134529115359e-2 3.6068722824950328e-2 3.6071507440055939e-2
    3.6075628720027453e-2 3.6075735931206054e-2 3.6078199464782301e-2
    3.6078241432278446e-2 3.6078441478252898e-2 3.6078793442072765e-2
    3.6079124406796836e-2 3.6084602634616658e-2 3.6088106621946281e-2
    3.6088972120296603e-2 3.6098781863643126e-2 3.6100217699186032e-2
    3.6101109444871327e-2 3.6101400433153685e-2 3.6106225895451871e-2
    3.6108605239633107e-2 3.6109808409946709e-2 3.6114642517532047e-2
    3.6127915135921285e-2 3.6130154160332495e-2 3.6134901966363486e-2
    3.6135172614535804e-2 3.6136866439164805e-2 3.6137514256779468e-2
    3.6143989160336787e-2 3.6146501043731405e-2 3.6146850916566109e-2
    3.614687042636433e-2 3.6156521593738944e-2 3.6156687587890701e-2
    3.6161519598408631e-2 3.6164665054684519e-2 3.6167920033676637e-2
    3.6170340464764195e-2 3.6171641553551126e-2 3.6172178912153186e-2
    3.6174920796554488e-2 3.617612226548772e-2 3.618712098193555e-2
    3.6188920174481609e-2 3.619453489272928e-2 3.6196473378481642e-2
    3.6197782829049174e-2 3.6200107776949153e-2 3.6212547343382084e-2
    3.6216727368383772e-2 3.6229483857596279e-2 3.6230521214406508e-2
    3.6234888766898621e-2 3.6241313528535102e-2 3.6264821517193013e-2
    3.6266376727212446e-2 3.6282645520657297e-2 3.6294113981000464e-2
    3.6372254959019301e-2 3.6804562087211577e-2 3.6847101573379872e-2
    3.6895373853648383e-2 3.7142302711163672e-2 3.720321888645077e-2
    3.7245666648083049e-2 3.7538670712346837e-2 3.8053275997834847e-2
    3.8249654616549222e-2 3.8330396368684953e-2 3.8566060339157292e-2
    3.8602563498786775e-2 3.8831039168301829e-2 3.9230262914984083e-2
    3.9243880144862152e-2 3.9589176862915687e-2 3.9774128138691273e-2
    3.9863758753996177e-2 3.9881105091512839e-2 3.9968199835091887e-2
    3.9968680781262873e-2 4.0072032026273519e-2 4.0123910664519105e-2
    4.0297073460351385e-2 4.0308333548637165e-2 4.0399132326001563e-2
    4.0428959184282576e-2 4.0434454221819273e-2 4.0455255578763172e-2
    4.0535865939091309e-2 4.0545382516967265e-2 4.0565677568793035e-2
    4.0567719294131166e-2 4.0571864914151469e-2 4.058363810827359e-2
    4.0603907956210605e-2 4.0607371653701797e-2 4.0639232915850698e-2
    4.0664816785465518e-2 4.0676218665794295e-2 4.0677636846112364e-2
    4.0688612769599786e-2 4.0697011045746002e-2 4.0707424470383557e-2
    4.0711052328939935e-2 4.0721397360357514e-2 4.0722851188807647e-2
    4.0731835651513393e-2 4.0738064461720569e-2 4.0745206468576121e-2
    4.0755717673619074e-2 4.0773961579058472e-2 4.0784477432680433e-2
    4.0786412857566269e-2 4.078969431535976e-2 4.0800593170236731e-2
    4.0808623625821383e-2 4.0816275230099563e-2 4.082600681169879e-2
    4.0829894034989898e-2 4.0829945221465401e-2 4.0833610100207807e-2
    4.0836842740475277e-2 4.0839257053903566e-2 4.0842816950316774e-2
    4.0845048586561461e-2 4.0849603644498224e-2 4.0853810083833798e-2
    4.0858868456268738e-2 4.0862229987624232e-2 4.0863996563615501e-2
    4.0879280115708148e-2 4.0880097408148686e-2 4.0883562454988955e-2
    4.0884696591092506e-2 4.0890530712658801e-2 4.0895164151606878e-2
    4.0908226975261641e-2 4.0908715112588347e-2 4.0923942075702748e-2
    4.0924476207995518e-2 4.0931471154749488e-2 4.0931541611522938e-2
    4.0939160118568907e-2 4.0941372061145863e-2 4.0944550626591081e-2
    4.0944816884689317e-2 4.0950693580725783e-2 4.0958204170237877e-2
    4.0966256725141648e-2 4.0967119103773562e-2 4.0969575343600205e-2
    4.0975562961193646e-2 4.0976541142924816e-2 4.0981220101684812e-2
    4.0992541288915163e-2 4.0994146014630438e-2 4.0999846411978069e-2
    4.100867075021597e-2 4.1011551699587777e-2 4.101314177387394e-2
    4.1018026986421319e-2 4.1019860641194818e-2 4.1023792988047113e-2
    4.1024203643473811e-2 4.1026849821037104e-2 4.1031758483768499e-2
    4.1035922176888562e-2 4.1051714514651394e-2 4.106930795342123e-2
    4.1072973154768988e-2 4.1074392888125054e-2 4.1075205028391792e-2
    4.1077473953237131e-2 4.1077785601714822e-2 4.1080014655108243e-2
    4.1080643107761716e-2 4.1086824523063115e-2 4.109815814808826e-2
    4.1104509181271474e-2 4.110451027304407e-2 4.1108514439201826e-2
    4.1109799033317053e-2 4.1115098054433474e-2 4.1120448249989214e-2
    4.1130058202725195e-2 4.1131327875973511e-2 4.1134424246138224e-2
    4.1135044410069099e-2 4.1147484015255031e-2 4.1148997030518331e-2
    4.1171830357143335e-2 4.1173795567374327e-2 4.118026729868992e-2
    4.1186214046623114e-2 4.1191227963281563e-2 4.1191786574472644e-2
    4.1195260177858017e-2 4.1196084724106186e-2 4.1199101818249928e-2
    4.1199141253855487e-2 4.1202154436480974e-2 4.1204877009022312e-2
    4.1208828200675875e-2 4.1221025953291246e-2 4.1228369789981421e-2
    4.123884258842736e-2 4.1250080350891949e-2 4.1251089737897928e-2
    4.1265589505504373e-2 4.1274207569585997e-2 4.1283846378576072e-2
    4.1284078360452746e-2 4.128848028608445e-2 4.1296096255488614e-2
    4.1323925570168285e-2 4.1341160132712197e-2 4.1354494472670922e-2
    4.1356167726917192e-2 4.1376339784619631e-2 4.1377949665350876e-2
    4.1396314374196663e-2 4.1396905292117481e-2 4.1398049599592923e-2
    4.1401792003640026e-2 4.1408400862261864e-2 4.1408854759310998e-2
    4.141133876858779e-2 4.1413876854392129e-2 4.142116003034365e-2
    4.1423527535698668e-2 4.1467712278290492e-2 4.1471303402431658e-2
    4.1504208939841192e-2 4.1533453854147716e-2 4.1543352554072044e-2
    4.1544599568396734e-2 4.1577165179205622e-2 4.1594251401875226e-2
    4.1600983810425873e-2 4.1636312715127133e-2 4.166818273017725e-2
    4.1683997885570534e-2 4.1788624218952464e-2 4.1819482709561782e-2
    4.1890980976859282e-2 4.1979585028457223e-2 4.2101161784452841e-2
    4.2364527013557418e-2 4.2429611573555973e-2 4.2515047031229186e-2
    4.2634706109551522e-2 4.2674973876204197e-2 4.2942833137658454e-2
    4.3266230102994997e-2 4.3430688533165979e-2 4.3455917111264515e-2
    4.3817687290920247e-2 4.3977320531673914e-2 4.4173243739114181e-2
    4.4416818614643798e-2 4.4576489664303366e-2 4.4795418373420638e-2
    4.5086573650561346e-2 4.5160762060169009e-2 4.5337670447191121e-2
    4.5450176649410423e-2 4.5569559141417589e-2 4.5571308584425298e-2
    4.581197956073519e-2 4.6028703630347979e-2 4.6096836860206651e-2
    4.6131143282526377e-2 4.6203129271226488e-2 4.6296055428833076e-2
    4.6414153381135748e-2 4.6425801913127097e-2 4.6807599662004318e-2
    4.704825200163517e-2 4.7224736381769127e-2 4.723665801960427e-2
    4.7293868825969788e-2 4.7305691279386032e-2 4.7349141744367294e-2
    4.7353929974027174e-2 4.7368578369817747e-2 4.7407797625510284e-2
    4.7426169218903441e-2 4.7431944534991999e-2 4.743517192533394e-2
    4.7436872085503033e-2 4.744559712346226e-2 4.7448429641946177e-2
    4.745917843971862e-2 4.746098663614854e-2 4.7513406268118764e-2
    4.751634919027007e-2 4.754212628752915e-2 4.7542918238150378e-2
    4.7550657162598021e-2 4.7550728916273023e-2 4.7558607791567432e-2
    4.7564266954646918e-2 4.7584093834908948e-2 4.758763439122049e-2
    4.7590483605284742e-2 4.7594775068735849e-2 4.7600900835959692e-2
    4.7602108767781225e-2 4.7607913950741931e-2 4.7612222983540654e-2
    4.7617224819835734e-2 4.7618057247584979e-2 4.7622909656780621e-2
    4.7623005905052196e-2 4.7631153666240302e-2 4.7632248822537804e-2
    4.7642106170921274e-2 4.764605544506207e-2 4.7654504493645312e-2
    4.7662565067488082e-2 4.7667630243571089e-2 4.767110936139337e-2
    4.7679323248303263e-2 4.7679900851562707e-2 4.7688354867432281e-2
    4.7692928157781957e-2 4.7704768246300468e-2 4.7708177967554853e-2
    4.7711113921119853e-2 4.7729701765661048e-2 4.7732390332839714e-2
    4.7733966223736012e-2 4.7765650785777325e-2 4.7766422066160885e-2
    4.7785368879658563e-2 4.7789986714538678e-2 4.780770849591439e-2
    4.7810319517035772e-2 4.782044203473864e-2 4.783682916737083e-2
    4.7845631406801203e-2 4.7847747769537818e-2 4.7860826958033918e-2
    4.7943806338935246e-2 4.8045204699286394e-2 4.8247726535041009e-2
    4.843924201811884e-2 4.8555981883320207e-2 4.9111591271688751e-2
    4.9263052062228752e-2 4.9732484552539348e-2 5.031014812913695e-2
    5.0449351671235931e-2 5.0456146827231707e-2 5.075658020478041e-2
    5.0931615558857585e-2 5.0983320808927e-2 5.1056767746049718e-2
    5.1149267429600895e-2 5.1362308197776492e-2 5.19711985320487e-2
    5.2462076460506067e-2 5.2747253929550895e-2 5.2839770934184571e-2
    5.287071465603016e-2 5.2905325369652222e-2 5.3038406850646425e-2
    5.3104198791743329e-2 5.3191676201549853e-2 5.3229070512315957e-2
    5.3283849929397074e-2 5.3306633324032071e-2 5.3361554179218729e-2
    5.3415920314191602e-2 5.3530536885887159e-2 5.3533012970007121e-2
    5.3667589204123636e-2 5.3801236075941866e-2 5.4151972206914117e-2
    5.415464759118651e-2 5.4283083624266676e-2 5.4393135758700584e-2
    5.4420644097906638e-2 5.4458881373399007e-2 5.4640058075778521e-2
    5.4669362078258135e-2 5.4865909781202551e-2 5.4995224520766939e-2
    5.5616695207976054e-2 5.5669452893667079e-2 5.5949495641056231e-2
    5.6098813287252476e-2 5.6925647180550779e-2 5.7064090336547912e-2
    5.7180693476347806e-2 5.7351202044679639e-2 5.7630464143732726e-2
    5.7929707261661988e-2 5.8286565855847912e-2 5.8445832430422721e-2
    5.9069855054040804e-2 5.9082569814566603e-2 5.9560206529618478e-2
    5.9679650271589661e-2 5.9987838610390823e-2 6.0001262577572607e-2
    6.0422900856940978e-2 6.0747051803424837e-2 6.0956332483601126e-2
    6.1089275672164454e-2 6.1343448642837965e-2 6.1401381194742387e-2
    6.1804409314811348e-2 6.1816048207261207e-2 6.2978890903747628e-2
    6.298702297906561e-2 6.3151775641027932e-2 6.3697361298669805e-2
    6.4082634603051886e-2 6.4334329647963248e-2 6.4960767160727836e-2
    6.5299546167695732e-2 6.5761218516328865e-2 6.5797168307666382e-2
    6.6241001836939609e-2 6.650598597376442e-2 6.6946793196403287e-2
    6.7105003691940515e-2 6.7596212946860648e-2 6.7690631976166413e-2
    6.7771671617382512e-2 6.7886424039491952e-2 6.832815404800735e-2
    6.8416155589117497e-2 6.9114524507605815e-2 6.947528370817882e-2
    6.9891556246886921e-2 7.0039942169661459e-2 7.0101875411637593e-2
    7.022402944926398e-2 7.0289972740283702e-2 7.0321691816313134e-2
    7.0392565165548149e-2 7.0399317973510733e-2 7.0406385535989102e-2
    7.0411816751857259e-2 7.0427812174330029e-2 7.0446269245394433e-2
    7.045519072244133e-2 7.0460015488151839e-2 7.0486743187984757e-2
    7.0491748925292086e-2 7.0528107793052186e-2 7.0528364024426082e-2
    7.0529376165950453e-2 7.0544603726489186e-2 7.0559682100849841e-2
    7.0560886495741215e-2 7.0577140867953858e-2 7.0577298849229919e-2
    7.0584835976205795e-2 7.05879158361995e-2 7.0588601008296337e-2
    7.0594895136537161e-2 7.061541516577563e-2 7.0615551518358188e-2
    7.0636904504908671e-2 7.0643503008051833e-2 7.0645946025706507e-2
    7.0650683479016152e-2 7.0655696395533596e-2 7.0656871395840426e-2
    7.0665892199485825e-2 7.0666530947164574e-2 7.0672100279807637e-2
    7.0673452897153766e-2 7.0674829535391837e-2 7.0677637894505096e-2
    7.0688479271666438e-2 7.0690153241230291e-2 7.0698350763677809e-2
    7.0699975477509724e-2 7.0703110982321959e-2 7.0703463373320119e-2
    7.0711665413000446e-2 7.0716568398665913e-2 7.0724137973570578e-2
    7.0724434847605266e-2 7.0729760632578589e-2 7.0733304836267052e-2
    7.0734617654579779e-2 7.0734633960000792e-2 7.0740540027486531e-2
    7.0741982550619767e-2 7.0744598829151073e-2 7.0744602273862256e-2
    7.0754136238065257e-2 7.0758179332642612e-2 7.0758832559022267e-2
    7.0759746480007379e-2 7.0762638299129321e-2 7.0764771768305465e-2
    7.0768463896683897e-2 7.0769418022791797e-2 7.0771231146257677e-2
    7.0771596465874609e-2 7.0774300812672664e-2 7.0774872167874037e-2
    7.0780098583327344e-2 7.0784080309977071e-2 7.0795803050003769e-2
    7.0795806426758645e-2 7.0798740517299549e-2 7.0801908520479628e-2
    7.0805044256909852e-2 7.0805196145329319e-2 7.0813330132864394e-2
    7.0816956515272977e-2 7.0820185370621402e-2 7.0824245591893487e-2
    7.0831118911343083e-2 7.0833510508009567e-2 7.0837712925367669e-2
    7.0838154776083684e-2 7.0838899523380405e-2 7.0842127238393005e-2
    7.0846057077233127e-2 7.0846771135748554e-2 7.0850893554961658e-2
    7.0851457727258094e-2 7.0857735694062285e-2 7.0858716960174206e-2
    7.0860789538585323e-2 7.0867918434032617e-2 7.0869487997242686e-2
    7.0869728805291743e-2 7.087825077189791e-2 7.0880321007393832e-2
    7.0884678507657853e-2 7.088479097092204e-2 7.0885342034699761e-2
    7.0888518679566914e-2 7.0889094265112362e-2 7.0889441713461565e-2
    7.0895323769718743e-2 7.0898384023621475e-2 7.0905071815332121e-2
    7.0905504552115417e-2 7.0906355428576262e-2 7.0906418320191733e-2
    7.0911615147906559e-2 7.0912154818472573e-2 7.0912578933928216e-2
    7.0913733234647225e-2 7.0916566330197384e-2 7.091678339520513e-2
    7.092046186198786e-2 7.0922405715464265e-2 7.0927269452340624e-2
    7.0927482658589724e-2 7.0936987649929506e-2 7.0937619824690046e-2
    7.0939437617653311e-2 7.0948415686416411e-2 7.0953554194716162e-2
    7.0954095755496382e-2 7.0957317398097075e-2 7.09576764963155e-2
    7.0960348532025819e-2 7.0962738023808924e-2 7.0968918142909843e-2
    7.0969556171803561e-2 7.0971298624954215e-2 7.0972268069150843e-2
    7.097644703799233e-2 7.0978583067585532e-2 7.0980793530679875e-2
    7.0983434406457491e-2 7.0985198569474051e-2 7.0986732909811209e-2
    7.0989579642969147e-2 7.0991110060958817e-2 7.0992546302932169e-2
    7.0993632667295969e-2 7.099822504005715e-2 7.099880714918072e-2
    7.1002046732417057e-2 7.1002939550226074e-2 7.1010326989835448e-2
    7.1010471803219843e-2 7.1011383969562303e-2 7.1011534312219737e-2
    7.1012488517681049e-2 7.1012865928423707e-2 7.1014644547631178e-2
    7.1016822068031615e-2 7.1018032875144854e-2 7.1018895801728377e-2
    7.1019529289515049e-2 7.1019604332832387e-2 7.1022075735982071e-2
    7.1022629482285993e-2 7.1023070556975654e-2 7.1026467830279216e-2
    7.1033202271337359e-2 7.1033248712486355e-2 7.1040213049172962e-2
    7.1042863881075391e-2 7.1045934971607494e-2 7.1050809465759812e-2
    7.1053538102091807e-2 7.1054538562748348e-2 7.1057515927407167e-2
    7.1062110059756378e-2 7.1062928444916906e-2 7.1064330146555221e-2
    7.1066102144868637e-2 7.1067255301500154e-2 7.1068665017946842e-2
    7.1069096209043892e-2 7.107355305299734e-2 7.1075186294820014e-2
    7.107708135890789e-2 7.1077623605788176e-2 7.1078125226449629e-2
    7.1078701761962293e-2 7.1080418860219652e-2 7.108102505617353e-2
    7.1085224307921635e-2 7.1085669744206825e-2 7.1086786052319439e-2
    7.1087607929712249e-2 7.1089026293975621e-2 7.1090344479756595e-2
    7.1095648356276797e-2 7.1097604792669244e-2 7.1099291865493797e-2
    7.1102111296568182e-2 7.1115037441359163e-2 7.1115266377546504e-2
    7.1116631475661052e-2 7.1117046971266973e-2 7.1119156720148638e-2
    7.1121399802052565e-2 7.1121901925835118e-2 7.1126439814861442e-2
    7.1126867824943929e-2 7.1127029872513958e-2 7.1130329158904715e-2
    7.1131618173239985e-2 7.1132198024542959e-2 7.1136430511842264e-2
    7.1138276204389214e-2 7.1138610419893666e-2 7.1146761963063909e-2
    7.1148301555922444e-2 7.1153311861053226e-2 7.1154878437482694e-2
    7.1157607749682938e-2 7.1160807695548556e-2 7.1165792202691591e-2
    7.1166056846550418e-2 7.1169786043981276e-2 7.1170233826705953e-2
    7.1172200977798639e-2 7.1172756806504367e-2 7.1174618834447756e-2
    7.1180891947733471e-2 7.1184783689204778e-2 7.1185714615694451e-2
    7.1195084169933878e-2 7.1196168156575368e-2 7.1199118502057845e-2
    7.1199713820249144e-2 7.1207609710498332e-2 7.1208309811368053e-2
    7.1210455961477237e-2 7.1210633910595789e-2 7.1211534448593738e-2
    7.1212245885703851e-2 7.1213777941011358e-2 7.1214747645778217e-2
    7.121779336102918e-2 7.1220652108955562e-2 7.1222856862126108e-2
    7.1226739436838216e-2 7.1227300486270906e-2 7.1227332236503571e-2
    7.1228331935685674e-2 7.1229468252113293e-2 7.123331843285996e-2
    7.1233925458727754e-2 7.1237270924939367e-2 7.1237813297329922e-2
    7.1240657076941716e-2 7.1243332312178609e-2 7.1244313517127011e-2
    7.1244617288982681e-2 7.1249664654487788e-2 7.1250674967359373e-2
    7.125322069714457e-2 7.1253518169586277e-2 7.1255454911124616e-2
    7.1256119284650296e-2 7.1262428289600166e-2 7.1262495690461947e-2
    7.1266646350522933e-2 7.1267203231172971e-2 7.1273764932072936e-2
    7.1274348325005121e-2 7.1277319659202476e-2 7.1280601416248146e-2
    7.1286828150732617e-2 7.1287656385493392e-2 7.1292411873287165e-2
    7.1294670720362774e-2 7.129517985322309e-2 7.1295215564229394e-2
    7.1298176937489188e-2 7.1298662895060261e-2 7.1301753170246229e-2
    7.1302485820751826e-2 7.1306365565305896e-2 7.1314085437052199e-2
    7.1316716571648911e-2 7.131744626553882e-2 7.1323411742469034e-2
    7.1323508382003339e-2 7.1324780216855288e-2 7.1327467833725677e-2
    7.1332272828215082e-2 7.1337296982619591e-2 7.1340016351769009e-2
    7.1340851601064514e-2 7.1342999446187605e-2 7.134613112043553e-2
    7.1346975856158679e-2 7.1348058589137509e-2 7.1348695394135575e-2
    7.1349316323448875e-2 7.1356326290924699e-2 7.1356508538286789e-2
    7.1360075500706444e-2 7.1361194403834816e-2 7.1362074696480704e-2
    7.1362398877681699e-2 7.1376703078447915e-2 7.1377293030764122e-2
    7.1379554297664072e-2 7.1382877030089276e-2 7.1383213075932872e-2
    7.1384558570912304e-2 7.1397610422877733e-2 7.1401795221845532e-2
    7.1409284662649952e-2 7.1411435133313717e-2 7.141449146956802e-2
    7.1418588744109002e-2 7.1425970732131347e-2 7.1426020542276092e-2
    7.142859678970126e-2 7.1430823346418038e-2 7.1434279229151798e-2
    7.1437241439525678e-2 7.144463996542072e-2 7.1446190829106707e-2
    7.1460366741575854e-2 7.1466700921519077e-2 7.1467424231514087e-2
    7.146930882390734e-2 7.1476901015557814e-2 7.1480877192243497e-2
    7.1484669446931548e-2 7.148799584444987e-2 7.149302241850819e-2
    7.1501956292195246e-2 7.1515905186970485e-2 7.1520618206022846e-2
    7.152546197880838e-2 7.1526468930414921e-2 7.153162013992187e-2
    7.1532472257558766e-2 7.1534957007997946e-2 7.1537874002046919e-2
    7.1544951196187867e-2 7.1551475373098583e-2 7.1553708193391685e-2
    7.1554805460664284e-2 7.156549206388263e-2 7.156915054952151e-2
    7.1579886285007888e-2 7.1580314793550315e-2 7.1582032277547114e-2
    7.158349442738654e-2 7.1602661352471841e-2 7.1609676444040815e-2
    7.1622589114440416e-2 7.1629672302151448e-2 7.1637803477386797e-2
    7.1639122191413662e-2 7.1643029722963547e-2 7.1661763286300584e-2
    7.1668937446247583e-2 7.1672076249797101e-2 7.1677329513022414e-2
    7.1688419965539651e-2 7.1714738496666541e-2 7.1759922951628141e-2
    7.1811106213715448e-2 7.1831631465954615e-2 7.1925483678853652e-2
    7.1935443274437919e-2 7.2305099590197291e-2 7.2394859682356122e-2
    7.2528994646745559e-2 7.2745761583024912e-2 7.2956732359733378e-2
    7.3225994039976525e-2 7.3740776255781015e-2 7.3846722553645647e-2
    7.4053172558337557e-2 7.4759870230917486e-2 7.5973552396889812e-2
    7.6544642307317196e-2 7.6620586621046108e-2 7.6668089986720631e-2
    7.7146037235883119e-2 7.7169424542080381e-2 7.7299839675550638e-2
    7.7817014802778639e-2 7.8212920744181624e-2 7.9781177315991547e-2
    8.0236556289638689e-2 8.0867793750690448e-2 8.1933788635679169e-2
    8.2192225843498765e-2 8.2487671278310401e-2 8.2521071767312756e-2
    8.3453566627762168e-2 8.35158445271139e-2 8.4159389701550749e-2
    8.4163932424988347e-2 8.4787924902430908e-2 8.479662966861562e-2
    8.5434270362071629e-2 8.554617576709149e-2 8.6269859869409396e-2
    8.6516952458546972e-2 8.8079586381097572e-2 8.8265876224881454e-2
    9.0070799989014141e-2 9.0448737717706978e-2 9.0491664766618254e-2
    9.0915637122313514e-2 9.1719500177858834e-2 9.1858195635385553e-2
    9.3271219322443019e-2 9.4290757661451119e-2 9.504147015346226e-2
    9.5289774206542346e-2 9.5872213438625578e-2 9.5980386462158798e-2
    9.6532345470755676e-2 9.91552828121922e-2 9.9606181297177604e-2
    1.0197988610591088e-1 1.0323823722207495e-1 1.0445817132749928e-1
    1.05831283908549e-1 1.0631962317489417e-1 1.0774548280193509e-1
    1.0863017688845249e-1 1.0960561774182873e-1 1.1008199426396459e-1
    1.1060031023476806e-1 1.1121492397659725e-1 1.1426434850170188e-1
    1.147634456779032e-1 1.1591008424627416e-1 1.1620651210387223e-1
    1.2297431702269535e-1 1.2323985714551355e-1 1.2515943883954606e-1
    1.252478294368484e-1 1.3138155763735818e-1 1.3150953585864045e-1
    1.3735046225867378e-1 1.3740402915846062e-1 1.385668883333791e-1
    1.399825027404536e-1 1.4222553214722211e-1 1.4228940090617925e-1
    1.5560039625097488e-1 1.5707496395407361e-1 1.58910066466876e-1
    1.6082839717418188e-1 1.6529875856940635e-1 1.6561341274427832e-1
    1.7655005117770392e-1 1.7782129007206038e-1 1.8411142122158708e-1
    1.8425691845565476e-1 1.9045502838753237e-1 1.9978922222132192e-1
    2.14706291982111e-1 2.2002060434346049e-1 2.2485941431441461e-1
    2.2915122016547684e-1 2.3220636451014798e-1 2.3265642042973084e-1
    2.3504113184683242e-1 2.3555346655211906e-1 2.4273147907388193e-1
    2.4440444353010868e-1 2.4481663069408652e-1 2.4483427575184827e-1
    2.4587671577401951e-1 2.4607732853726041e-1 2.4748576702206099e-1
    2.4795910024692025e-1 2.4972495464822683e-1 2.5050297973517777e-1
    2.5240129477809276e-1 2.5334694986654188e-1 2.5400903263944613e-1
    2.5421444687179412e-1 2.5647607695414493e-1 2.5658122701224784e-1
    2.5882577383423599e-1 2.5889787217974197e-1 2.6032994556600475e-1
    2.6033886540037865e-1 2.6253994029593741e-1 2.6296028493966744e-1
    2.6681923510414679e-1 2.6712790238480011e-1 2.704304174304315e-1
    2.7474031885420419e-1 2.7897008196627709e-1 2.8233290300774816e-1
    2.8285917495860402e-1 2.8302256209569049e-1 2.8316611721149659e-1
    2.8343061596183361e-1 2.8382437175635761e-1 2.8388479105475045e-1
    2.8475130798384879e-1 2.8521608144324595e-1 2.8563968442772925e-1
    2.8651131463256108e-1 2.8715756264692671e-1 2.8717186410474621e-1
    2.875309510838468e-1 2.8784640977608855e-1 2.8856388745013345e-1
    2.8888188362386491e-1 2.8950525352017092e-1 2.8986231654363925e-1
    2.9036323672078818e-1 2.9117672261751676e-1 2.9167349562213629e-1
    2.918276941634097e-1 2.9289194589808987e-1 2.9302336799587969e-1
    2.9329900572181739e-1 2.9358414879353251e-1 2.9382917769837352e-1
    2.9397612515367655e-1 2.9463476088348117e-1 2.9476215998208016e-1
    2.9553116729210971e-1 2.9578614854229573e-1 2.9843273246398083e-1
    2.9935880263292347e-1 3.0124735350541826e-1 3.0229783480980488e-1
    3.0303847623649333e-1 3.0307643967224368e-1 3.054278596563646e-1
    3.0593760478313925e-1 3.0729392769373792e-1 3.0840340629144219e-1
    3.08714411920745e-1 3.1066312079155978e-1 3.1123750192728039e-1
    3.11620986045682e-1 3.1165412224186184e-1 3.138113770191715e-1
    3.1509057706352905e-1 3.1708883728747927e-1 3.1781532224017106e-1
    3.1959006176339244e-1 3.2005347900030756e-1 3.2038923742200293e-1
    3.2055999911259253e-1 3.2089050630726962e-1 3.2186660958103114e-1
    3.2275058700613751e-1 3.2392840167944492e-1 3.243749736439554e-1
    3.2450195532467457e-1 3.2459189030371571e-1 3.2563683058560855e-1
    3.2685530582138256e-1 3.2735430353363881e-1 3.2754918006271005e-1
    3.2822481507011819e-1 3.2871513051259171e-1 3.2962302677288757e-1
    3.2967524906185786e-1 3.3080944087168457e-1 3.3092641546853785e-1
    3.313261919101933e-1 3.3259738425641233e-1 3.3366192963391467e-1
    3.3522947716689733e-1 3.3605272168541789e-1 3.3818402506012873e-1
    3.3895444887970039e-1 3.3945865573582523e-1 3.4049078770506941e-1
    3.4059542120465064e-1 3.4086070968345439e-1 3.4188769727514529e-1
    3.4192757993969281e-1 3.4255189129635255e-1 3.448040028837237e-1
    3.4506908744581072e-1 3.4640318960943906e-1 3.4726580452610911e-1
    3.5013583011120564e-1 3.5066735416065359e-1 3.5198944371536023e-1
    3.5242300644437241e-1 3.548242045406888e-1 3.5485805274674931e-1
    3.5543962276330732e-1 3.5568394282349153e-1 3.5608460407490838e-1
    3.567225547109274e-1 3.5748606337246464e-1 3.5817469544250263e-1
    3.5862862414751362e-1 3.5892005007179606e-1 3.5990758394382283e-1
    3.6023832235650843e-1 3.6082387583178388e-1 3.6110102689917767e-1
    3.6454102591495841e-1 3.6485278174136432e-1 3.6505812446163571e-1
    3.6531490742852057e-1 3.6599308573851075e-1 3.6633801949665212e-1
    3.6692081272739024e-1 3.6692878161167236e-1 3.6767394531715225e-1
    3.6847786109976571e-1 3.6878997004669145e-1 3.6952869640096581e-1
    3.697197899845277e-1 3.7023590520751287e-1 3.704728236108849e-1
    3.7079615040258634e-1 3.7101834561298119e-1 3.7113296286259778e-1
    3.7221911359844739e-1 3.723843199808875e-1 3.7351300633609852e-1
    3.7355168190282484e-1 3.7380290717791154e-1 3.7382643717877501e-1
    3.7406412738207312e-1 3.7438830576355608e-1 3.7520779957261158e-1
    3.7594865541864741e-1 3.761689335808569e-1 3.7627671000821766e-1
    3.7774603866050299e-1 3.7824000400776081e-1 3.7852733669882355e-1
    3.7888407431128973e-1 3.7902166943137316e-1 3.7920380319954144e-1
    3.7947202155473508e-1 3.8021358591667886e-1 3.8116484611898405e-1
    3.8131582374508072e-1 3.8187091758945824e-1 3.8196801977725653e-1
    3.8301703835863271e-1 3.8318969104654699e-1 3.8383560844968917e-1
    3.8390479359897967e-1 3.8420347601043303e-1 3.8441036026935244e-1
    3.8495035131810645e-1 3.851038794583701e-1 3.8530011736507469e-1
    3.8533446939709393e-1 3.8547414625373799e-1 3.8548503420810221e-1
    3.8614383071126213e-1 3.8620725409993445e-1 3.8674336577579588e-1
    3.8683805418990092e-1 3.8689031063950097e-1 3.8725025475949121e-1
    3.8772085721651212e-1 3.8779342162641633e-1 3.8787105864974236e-1
    3.8843902278614012e-1 3.8877288760659212e-1 3.888408185016074e-1
    3.8927999168327332e-1 3.8963945846041625e-1 3.9024665179013279e-1
    3.9052557234903623e-1 3.9053898695258088e-1 3.9055738223211328e-1
    3.9167807478918348e-1 3.9218683488875528e-1 3.9343383960539946e-1
    3.9363885131059273e-1 3.9423934624108947e-1 3.945625760168861e-1
    3.9521547596840634e-1 3.9527395995784381e-1 3.9635727738625193e-1
    3.966817302391622e-1 3.9831466835328849e-1 3.9837688727399317e-1
    3.9874137019876343e-1 3.988917642236629e-1 3.9922640441428875e-1
    3.9951763673700824e-1 4.0097677970135237e-1 4.0110295894068521e-1
    4.0176931365191748e-1 4.0251178590844056e-1 4.0296491138109047e-1
    4.0298177357551268e-1 4.034515397217433e-1 4.0355220814660697e-1
    4.0408430252760547e-1 4.0417542772840015e-1 4.0443715259044666e-1
    4.045403773949699e-1 4.0558861831476334e-1 4.0562097562556948e-1
    4.0574858161692517e-1 4.0615119792093018e-1 4.067339118614241e-1
    4.0678414995142831e-1 4.0793230990408347e-1 4.0796165099360832e-1
    4.0837515333207236e-1 4.0855569543526826e-1 4.0875961778096503e-1
    4.0886097461238285e-1 4.0890445802616732e-1 4.0963018496876202e-1
    4.0986116378222243e-1 4.1006320900742138e-1 4.1037444968643205e-1
    4.1075747846015143e-1 4.110243395945461e-1 4.1127990066291076e-1
    4.11359417975594e-1 4.1156728278920129e-1 4.1180768747979485e-1
    4.1194671071974653e-1 4.1212679556367171e-1 4.1228250425558599e-1
    4.1282377332598635e-1 4.1294930776127459e-1 4.132938158784652e-1
    4.1337251799761376e-1 4.1403312397179093e-1 4.1441981304603814e-1
    4.1576743717218456e-1 4.1582473799388708e-1 4.1598650375660573e-1
    4.1605765081294521e-1 4.1732325133534687e-1 4.1746712643208639e-1
    4.190790537175082e-1 4.1931594988016679e-1 4.2001715786464044e-1
    4.2061887572738971e-1 4.2072000828765493e-1 4.208212484280921e-1
    4.2169044251485582e-1 4.2218386013398401e-1 4.2310628001946909e-1
    4.2316291925504856e-1 4.2327496425977268e-1 4.2336352691775875e-1
    4.2352014046502973e-1 4.2361341073946179e-1 4.2376321727994082e-1
    4.2376763289344538e-1 4.2411243647103447e-1 4.2413631801511137e-1
    4.2458692919070828e-1 4.257437527117342e-1 4.2580193629098401e-1
    4.2620165687769301e-1 4.2696481396529051e-1 4.2707692311289847e-1
    4.2720375610687927e-1 4.2790122985412737e-1 4.281800034882508e-1
    4.2911107824116618e-1 4.3095370415194623e-1 4.3133955306991212e-1
    4.3202374411412492e-1 4.3211792722955911e-1 4.322280324364659e-1
    4.3236427380022424e-1 4.3307185069554383e-1 4.3330331881467526e-1
    4.3353718683903886e-1 4.3371462469872313e-1 4.3488616129774171e-1
    4.3501815908368258e-1 4.3577202585476532e-1 4.3577467818568039e-1
    4.3698334401083877e-1 4.3707847968425995e-1 4.3723601008202551e-1
    4.3750337828335734e-1 4.3836572544631219e-1 4.3866325097668679e-1
    4.3877869242997902e-1 4.3888111134725072e-1 4.3896720159278224e-1
    4.390012564063252e-1 4.3942301481196672e-1 4.3945810548224734e-1
    4.4008397117465847e-1 4.4019192794712581e-1 4.4022312295580623e-1
    4.4048617422822645e-1 4.4063931096525266e-1 4.4065007811766715e-1
    4.4101334083754612e-1 4.4110639715279376e-1 4.4128030938177937e-1
    4.419404380005939e-1 4.4215886638407526e-1 4.4221136479094031e-1
    4.4245302611249249e-1 4.4263258088722068e-1 4.4278707421777985e-1
    4.4302097644692201e-1 4.4370323301895304e-1 4.4395711052266051e-1
    4.44132577945206e-1 4.4426228482663849e-1 4.445933833532893e-1
    4.4484219762085786e-1 4.4512994098634162e-1 4.4513303451269337e-1
    4.458669900372611e-1 4.4670201480148108e-1 4.4694637232239781e-1
    4.4695079518919556e-1 4.4706989406770958e-1 4.4710060654702172e-1
    4.4728906288855796e-1 4.4743215505786793e-1 4.4750266956652418e-1
    4.4757848585492288e-1 4.480160805116446e-1 4.4837735808596335e-1
    4.4862193968112313e-1 4.4878356012184539e-1 4.4893314793777489e-1
    4.4901779671886288e-1 4.4934340431038639e-1 4.4960804513256236e-1
    4.4992506520065945e-1 4.501803556142725e-1 4.5064981002411741e-1
    4.5094237815990507e-1 4.5129591568926092e-1 4.5144252874160884e-1
    4.5170051555817281e-1 4.518823870114122e-1 4.5224009326052006e-1
    4.524696773982555e-1 4.5265144827711384e-1 4.5276354797920249e-1
    4.5303463713457859e-1 4.5307589894880285e-1 4.5336415961207877e-1
    4.5337284441110626e-1 4.5349008244521527e-1 4.5375246891983678e-1
    4.5466864445123584e-1 4.546880391698096e-1 4.5538019745791564e-1
    4.5560418601443914e-1 4.5612989353061756e-1 4.5642454681827921e-1
    4.5665985915115925e-1 4.5715304649694521e-1 4.5718960408861953e-1
    4.572758466877076e-1 4.5824805916979017e-1 4.5826713353504933e-1
    4.5848815271338594e-1 4.5881917299952463e-1 4.5889516457630936e-1
    4.5889555143540667e-1 4.589159032095102e-1 4.5892337369547354e-1
    4.5904586366015626e-1 4.5906239624148132e-1 4.5913253409185018e-1
    4.5936553180383105e-1 4.5963965699295595e-1 4.597731702911419e-1
    4.5985497136704606e-1 4.5991039943551598e-1 4.6077143180915908e-1
    4.6096479770065862e-1 4.6118921731994078e-1 4.621643284678309e-1
    4.6229869042811816e-1 4.623393253333461e-1 4.6269081548988261e-1
    4.6274859245646177e-1 4.6318447292378551e-1 4.6330851736567119e-1
    4.6399596832657153e-1 4.6418301426416519e-1 4.6511160919357053e-1
    4.6526616574386603e-1 4.6593638129206738e-1 4.6613839102670745e-1
    4.6674691515844252e-1 4.6692866599235122e-1 4.6727497089725351e-1
    4.6737391276974449e-1 4.6768578975250108e-1 4.6913954892740795e-1
    4.7027242051758045e-1 4.7051616530961837e-1 4.7068820735512418e-1
    4.7075491205811204e-1 4.7093111593119374e-1 4.7131103477861164e-1
    4.7145168851861691e-1 4.7146747111611986e-1 4.7174968850526966e-1
    4.7205291864024318e-1 4.7243019761223576e-1 4.7248456743571815e-1
    4.7330346444199939e-1 4.7336789763663284e-1 4.7391928247826498e-1
    4.7393549916299094e-1 4.7569435702611634e-1 4.759716873247401e-1
    4.7618716354665797e-1 4.762347881225853e-1 4.7660232756636844e-1
    4.7660414572325488e-1 4.7684294625693985e-1 4.7694544012958634e-1
    4.7729577378647392e-1 4.7731442735090984e-1 4.776002229107803e-1
    4.7804310384218784e-1 4.7896809554660852e-1 4.791606510352911e-1
    4.7993101138828415e-1 4.8034353796987894e-1 4.8067641536175643e-1
    4.8089100108272947e-1 4.8094194787109823e-1 4.8094670404225326e-1
    4.8145811741867167e-1 4.8150772211920412e-1 4.8161135268310318e-1
    4.8166413223708121e-1 4.8259252080087361e-1 4.8294475382608654e-1
    4.8309212364680815e-1 4.8332449255147164e-1 4.836406386259316e-1
    4.8378657483554988e-1 4.8421354201915773e-1 4.842361817741952e-1
    4.8439785171895516e-1 4.849014888906657e-1 4.8595784058823649e-1
    4.8604992496510541e-1 4.8635166557212667e-1 4.8644001469296605e-1
    4.8708326703156973e-1 4.8736414291476071e-1 4.877173260957382e-1
    4.8775865269249152e-1 4.8784968353535874e-1 4.880963788691588e-1
    4.8873616712216972e-1 4.8894139277961457e-1 4.8950510519972568e-1
    4.895326664048168e-1 4.8973074267567224e-1 4.8974304689772907e-1
    4.9069816422452767e-1 4.9075240795875491e-1 4.9117328740031968e-1
    4.9132852794321735e-1 4.9136872062395687e-1 4.9153320664873945e-1
    4.9176117577068607e-1 4.9185399606793112e-1 4.9204636870229024e-1
    4.921296734330099e-1 4.9261070655614603e-1 4.9266853865965871e-1
    4.9278925175726079e-1 4.9291450421316085e-1 4.9325057186461485e-1
    4.9344601256325404e-1 4.9407664595526057e-1 4.9420333387564597e-1
    4.94766284251694e-1 4.9506789041681049e-1 4.954851235613344e-1
    4.9549773411771031e-1 4.9604555235295528e-1 4.9605137904083157e-1
    4.9646790127450607e-1 4.9680996614324613e-1 4.9703049269432997e-1
    4.9710976498100273e-1 4.976517929010697e-1 4.9780694031051098e-1
    4.9809915524896758e-1 4.9855512003312519e-1 4.9869926522449698e-1
    4.9872697688356815e-1 4.9880937483612797e-1 4.9886671295293311e-1
    4.9893277293857963e-1 4.9909499038045624e-1 4.9923793281060269e-1
    4.9961219143376312e-1 4.9968091877138121e-1 4.9977787260245854e-1
    5.0016470080822728e-1 5.0020407820784385e-1 5.0079007084968907e-1
    5.0096520844890535e-1 5.0153742099568754e-1 5.0156682928925211e-1
    5.0313971782725275e-1 5.0315006315212363e-1 5.0332851474514939e-1
    5.0341846519368494e-1 5.0433922384406416e-1 5.0450464548925489e-1
    5.0526254941123783e-1 5.0551968271884107e-1 5.057765927889315e-1
    5.0593509890154564e-1 5.0630120454909711e-1 5.0650307283376605e-1
    5.0712002560494795e-1 5.0719790233759143e-1 5.0847692010822554e-1
    5.0880210056064767e-1 5.0911138685523838e-1 5.091372967137886e-1
    5.0929427303702013e-1 5.0936531745871128e-1 5.098368461689865e-1
    5.0992246782607253e-1 5.0999199277462792e-1 5.1017885367744187e-1
    5.1055240195552998e-1 5.1063093282448335e-1 5.1069535859318826e-1
    5.1073365303561025e-1 5.1133906113314387e-1 5.1161364127051456e-1
    5.1163027937817185e-1 5.1188148899655062e-1 5.1190158249768758e-1
    5.1232410823346675e-1 5.1263973743198221e-1 5.1273888355108288e-1
    5.1274829527195231e-1 5.1277299916617791e-1 5.1301895166034228e-1
    5.1303415521779239e-1 5.1324174305073034e-1 5.1330389502186335e-1
    5.1337755162538612e-1 5.1363914210287476e-1 5.1388782824630508e-1
    5.1390175910546532e-1 5.1409948845959907e-1 5.1412743661907934e-1
    5.145472645809327e-1 5.1459471834459691e-1 5.148637827710445e-1
    5.1488310258732128e-1 5.1546418451653153e-1 5.1572300265293469e-1
    5.1594845843522608e-1 5.1597762753550946e-1 5.1640913866841787e-1
    5.1656447550294615e-1 5.1663681118342153e-1 5.166736101217404e-1
    5.1678478095654001e-1 5.1682203863616782e-1 5.1689716410762943e-1
    5.1698486498817142e-1 5.1749600763098769e-1 5.1754294363202769e-1
    5.1803788013348817e-1 5.1855688204646966e-1 5.1909746655442435e-1
    5.1917377870481685e-1 5.1973507553448139e-1 5.197585564579299e-1
    5.1995737977680478e-1 5.1996407748801077e-1 5.2032457345371264e-1
    5.20524658952354e-1 5.2055241613579706e-1 5.2059518682360961e-1
    5.207596340073094e-1 5.2084272021784273e-1 5.2130796406474167e-1
    5.2138949045679006e-1 5.2181492362301973e-1 5.2186200323421872e-1
    5.2203378294946867e-1 5.2207986578050625e-1 5.2253912439962069e-1
    5.2269061340270029e-1 5.2292771341477162e-1 5.2294425622267227e-1
    5.2304113363041127e-1 5.2304699053051995e-1 5.2327441881283854e-1
    5.2355057011536699e-1 5.238419540921313e-1 5.2397112158486636e-1
    5.2482069951028365e-1 5.2491647211627424e-1 5.2526848794767977e-1
    5.2530002821593569e-1 5.2556558815928156e-1 5.2574290506001686e-1
    5.2609943289751915e-1 5.2611869958822022e-1 5.2629730570026823e-1
    5.2629908464880115e-1 5.2648715645899369e-1 5.2663900663589758e-1
    5.2723096149466075e-1 5.2756875002847259e-1 5.2770601944238626e-1
    5.2786675007420547e-1 5.2814602021486023e-1 5.2826853112992467e-1
    5.2842889131891624e-1 5.2858858532135855e-1 5.2861808140569333e-1
    5.2877460374265361e-1 5.2887976697719652e-1 5.2911329744104785e-1
    5.2926996129288761e-1 5.294354884143524e-1 5.2963147315962156e-1
    5.2964590671510647e-1 5.2991795375601214e-1 5.2992435146794981e-1
    5.2997898553020861e-1 5.2998817175066504e-1 5.3010643527276058e-1
    5.3013112537142404e-1 5.3021387019975919e-1 5.3022363883635792e-1
    5.3030730133442761e-1 5.3037343995201813e-1 5.306478838231059e-1
    5.3071597514402435e-1 5.3093554813189159e-1 5.3113468016340448e-1
    5.312651179415947e-1 5.3148060607266723e-1 5.3158529821621414e-1
    5.3182881633824763e-1 5.3213926161442937e-1 5.3219493193106848e-1
    5.3263989063868522e-1 5.3271562984976606e-1 5.3279818971421067e-1
    5.3290519689041105e-1 5.3314063864087935e-1 5.3317752486804115e-1
    5.3324671823430336e-1 5.3376532854528902e-1 5.3445194867739099e-1
    5.3446188197809918e-1 5.3522069664096406e-1 5.353146903436633e-1
    5.3566559959937066e-1 5.3581115253338008e-1 5.3604940774726451e-1
    5.3609739950452417e-1 5.367404375187258e-1 5.3679134527856154e-1
    5.3710294948973569e-1 5.3711800106683383e-1 5.3752056532550796e-1
    5.3756519420059901e-1 5.3790588466962874e-1 5.3831115823183806e-1
    5.3831833550793817e-1 5.3832667168727411e-1 5.3840772431373229e-1
    5.3857528086064121e-1 5.3905847233232229e-1 5.3909251269396918e-1
    5.3934537796314019e-1 5.3936074511279408e-1 5.3966995980772481e-1
    5.3969758466244377e-1 5.3989625397624275e-1 5.3997406959786076e-1
    5.401020814337244e-1 5.4014467369494112e-1 5.4021973293172532e-1
    5.4044583279058622e-1 5.4139658050345518e-1 5.4154297895209835e-1
    5.4188471869808075e-1 5.4195455027222905e-1 5.4213011368655217e-1
    5.4215118962147246e-1 5.4243568274491361e-1 5.4260020055649727e-1
    5.4279254759441953e-1 5.4287106489027792e-1 5.4301097792404107e-1
    5.4303707164609072e-1 5.4328141777235339e-1 5.4383740163993932e-1
    5.4389758040613545e-1 5.4396866253339082e-1 5.4427921996269413e-1
    5.4428576554801111e-1 5.44428477022458e-1 5.4481084969898397e-1
    5.4489666885666255e-1 5.4492208506400175e-1 5.4531633466025498e-1
    5.4531768282449777e-1 5.4558946226183658e-1 5.4564534397756381e-1
    5.4577976788644067e-1 5.4578793363973288e-1 5.4593697974203481e-1
    5.4604617892679619e-1 5.4613243115493659e-1 5.4614757355490917e-1
    5.4626383170802406e-1 5.4640497309111946e-1 5.4645037058526214e-1
    5.4652472430643684e-1 5.4654045187407663e-1 5.469491466239762e-1
    5.4776314504670154e-1 5.481148544605503e-1 5.4844660463277251e-1
    5.4896848718074887e-1 5.4924734410256604e-1 5.4954498797709761e-1
    5.4976409732008891e-1 5.4997773499072922e-1 5.5008822475689256e-1
    5.5013880049474595e-1 5.5049351453088646e-1 5.5069438635597512e-1
    5.5120487783405125e-1 5.5158810544051973e-1 5.5212318551377848e-1
    5.528746630434398e-1 5.5320803940855967e-1 5.5369786800500675e-1
    5.5436461814008453e-1 5.5444779355730134e-1 5.545729672820211e-1
    5.5468394185390935e-1 5.5505798900776426e-1 5.5526363662761258e-1
    5.553193518118178e-1 5.5538958374872893e-1 5.5561337417722301e-1
    5.5578395868363784e-1 5.5592995522030308e-1 5.5669278678116518e-1
    5.5698154730816896e-1 5.5741534217889921e-1 5.5872677379220981e-1
    5.5887705185789727e-1 5.5926210026083412e-1 5.5930188881373921e-1
    5.6013107146127084e-1 5.6064945307947378e-1 5.610716965552961e-1
    5.6121452561715812e-1 5.6146155005101472e-1 5.6153524466996407e-1
    5.6201323942853132e-1 5.6212385637705997e-1 5.6214719189629458e-1
    5.6244275399629784e-1 5.6282262929761373e-1 5.628732713134923e-1
    5.6383249820430592e-1 5.6390246996059956e-1 5.6405262582315374e-1
    5.6438561631669226e-1 5.6467258818388977e-1 5.6493110238716326e-1
    5.6506372544038186e-1 5.6532379783576359e-1 5.6626491371316656e-1
    5.6644823562209645e-1 5.6676701573696842e-1 5.6680804655644579e-1
    5.6742334399059469e-1 5.674461637991044e-1 5.679862731628873e-1
    5.6861426876577226e-1 5.6891897104469535e-1 5.6969613710571143e-1
    5.7042701842042987e-1 5.7046876158418469e-1 5.7059438755673653e-1
    5.7060849184124762e-1 5.7074381177062605e-1 5.7108474199994819e-1
    5.7162561034510873e-1 5.7200309835280905e-1 5.7215275874296445e-1
    5.7230139619731413e-1 5.7240141342470807e-1 5.7241404773027882e-1
    5.7261817025333916e-1 5.7265096000992344e-1 5.729892127132582e-1
    5.731961479573654e-1 5.7336884324098114e-1 5.7348294043155035e-1
    5.7357384090846608e-1 5.7365822658153676e-1 5.7417006098489054e-1
    5.7453295485026956e-1 5.7505654463958911e-1 5.7529601465780111e-1
    5.7572957480037568e-1 5.7584820021238559e-1 5.7611348719751732e-1
    5.7623860473099087e-1 5.7642102177023846e-1 5.7672623326975558e-1
    5.7723886217521192e-1 5.7733921299814028e-1 5.7778866150132069e-1
    5.7798077050256325e-1 5.7947959162910678e-1 5.798745086122381e-1
    5.8017564144342615e-1 5.8022429805441789e-1 5.8033639778667145e-1
    5.8079795979538174e-1 5.8137862239946114e-1 5.8151074384514601e-1
    5.8239864847055289e-1 5.8240272023203943e-1 5.8278089096290842e-1
    5.8282645841551461e-1 5.8323766021008594e-1 5.8397452383815107e-1
    5.8420781092100504e-1 5.8427084261499718e-1 5.8454446216754674e-1
    5.8484277035664234e-1 5.8492560422075712e-1 5.8503193364625383e-1
    5.8521922936444071e-1 5.8564632553685037e-1 5.8577835780187115e-1
    5.8587682638250271e-1 5.8644284881887443e-1 5.8652208766402092e-1
    5.8712149229328736e-1 5.8715326989494088e-1 5.8766430927322033e-1
    5.8771570436584852e-1 5.879902278401129e-1 5.8803857105522184e-1
    5.8814441414090202e-1 5.8817830802425108e-1 5.8891279979252431e-1
    5.8938366724905789e-1 5.8957238038001381e-1 5.899196017869599e-1
    5.9023598423891599e-1 5.9062860133520867e-1 5.9081718744833522e-1
    5.9089794817363228e-1 5.918277271784973e-1 5.9188228521968644e-1
    5.9270729551303702e-1 5.9286558879904827e-1 5.9296292629657421e-1
    5.9326737086244719e-1 5.9347801217412177e-1 5.935002979190358e-1
    5.9361569784479273e-1 5.9384084360933165e-1 5.9444675405947323e-1
    5.9449650905174745e-1 5.9500179886654225e-1 5.9513752129139774e-1
    5.9523401726523339e-1 5.9537929042231885e-1 5.9558357833611808e-1
    5.9582125201359304e-1 5.9621307904990317e-1 5.963626556054058e-1
    5.9665947978232403e-1 5.9703548828867425e-1 5.972996030074379e-1
    5.9731612226591502e-1 5.9734909296102245e-1 5.9748977314191309e-1
    5.9776807311383051e-1 5.9777341458186584e-1 5.98447227672945e-1
    5.9846867897860123e-1 5.9884835161398897e-1 5.9898970341595781e-1
    5.9900355500855895e-1 5.99504891604552e-1 6.0027898065779728e-1
    6.0032908842044386e-1 6.0049515217888261e-1 6.0050062674393057e-1
    6.0086324793034385e-1 6.0108896858029803e-1 6.0162431235737912e-1
    6.0178723243089649e-1 6.0239176228878932e-1 6.0241900586035257e-1
    6.0288076603290552e-1 6.0297831612946795e-1 6.0314699614400524e-1
    6.0373916854619636e-1 6.0409105131311658e-1 6.0410604967130765e-1
    6.0439599266269239e-1 6.0449803424087345e-1 6.0500427186295791e-1
    6.0529222286578488e-1 6.0558855139188383e-1 6.0560480793971494e-1
    6.0562678282706528e-1 6.056290016508683e-1 6.0623994509959245e-1
    6.065611564745268e-1 6.0714377064530511e-1 6.0734799168169828e-1
    6.0741851375697864e-1 6.0762061057117867e-1 6.0783985276189667e-1
    6.0799998092748608e-1 6.0806612417844075e-1 6.0819773617266393e-1
    6.083704954753254e-1 6.0838290006213358e-1 6.0874077916526981e-1
    6.0881053012078401e-1 6.0977344956548529e-1 6.1010615477926722e-1
    6.1064712350761596e-1 6.1072809609364553e-1 6.1094763762061377e-1
    6.1187128858610629e-1 6.1210596271582129e-1 6.1214084830955717e-1
    6.1236070828550104e-1 6.1238053173175488e-1 6.1265302034353231e-1
    6.1271616654357786e-1 6.1274628844724688e-1 6.127494840344444e-1
    6.1288445434663363e-1 6.1288572800833663e-1 6.1360939353871802e-1
    6.1400439210292457e-1 6.141028195711361e-1 6.1412957845985039e-1
    6.1465365650183235e-1 6.147771231366278e-1 6.1520506848786938e-1
    6.1525370230525112e-1 6.1537741026980564e-1 6.1543095772159562e-1
    6.1616946961471508e-1 6.1631629310242886e-1 6.1678736233264841e-1
    6.1680533107487789e-1 6.1798748751392518e-1 6.1800994232428574e-1
    6.1841179535343016e-1 6.1843004447278616e-1 6.1855704884265628e-1
    6.1875002357252618e-1 6.1892678581950478e-1 6.1894338564427798e-1
    6.1968358342884045e-1 6.2004603669187675e-1 6.2027968769721809e-1
    6.205779944230666e-1 6.2066451011628487e-1 6.2091656038152598e-1
    6.2154437597098422e-1 6.2160601428846951e-1 6.2208091185922443e-1
    6.2226020438477769e-1 6.2246625304781511e-1 6.2300805833657635e-1
    6.2307419462385127e-1 6.2308175752501815e-1 6.2327821709222264e-1
    6.2389372982227087e-1 6.2411495022739216e-1 6.2426526238320246e-1
    6.2444380190939752e-1 6.244805959489993e-1 6.2480299447270227e-1
    6.2500111026044824e-1 6.2528004553243066e-1 6.2528232023396413e-1
    6.2574001321718242e-1 6.2596027727295223e-1 6.262960623146796e-1
    6.2656456195256593e-1 6.267205612136918e-1 6.2674504968149691e-1
    6.2694303010770946e-1 6.2697127796871588e-1 6.2736004021904335e-1
    6.2747715112410718e-1 6.2766062145365964e-1 6.2775332428193242e-1
    6.2782392499448181e-1 6.2787619783374282e-1 6.2837705287633328e-1
    6.2902851690835504e-1 6.2949537101358866e-1 6.2950192284221818e-1
    6.3022258240393314e-1 6.3040378613241699e-1 6.3061505310393584e-1
    6.3065554715078842e-1 6.308464989060667e-1 6.3086407389995913e-1
    6.309268420217532e-1 6.3170845383787566e-1 6.3199181911392088e-1
    6.321939517699775e-1 6.3222934194137836e-1 6.3226752649955287e-1
    6.3239657125149051e-1 6.3269893430394097e-1 6.3314820079663803e-1
    6.3323316762190573e-1 6.3337064280214384e-1 6.3340950227575377e-1
    6.3352159837045618e-1 6.335603476213042e-1 6.3362015278646922e-1
    6.3362229151355876e-1 6.3373955740423427e-1 6.3409839457926864e-1
    6.3424058835776775e-1 6.3427410998805756e-1 6.3467814104433273e-1
    6.3472794742589633e-1 6.347812548061873e-1 6.3490722836354507e-1
    6.3544386168657119e-1 6.357381172729869e-1 6.3616796256016783e-1
    6.3634991745816061e-1 6.3657834236429067e-1 6.3663220905205398e-1
    6.3720696467589732e-1 6.372509089454752e-1 6.3773767177884688e-1
    6.3790604578972221e-1 6.3839927894636617e-1 6.3864765553862524e-1
    6.3899067899646156e-1 6.3916589360802134e-1 6.392992316545717e-1
    6.3981464728570925e-1 6.4032710783724645e-1 6.4048097518198943e-1
    6.4073627258726951e-1 6.410278155949114e-1 6.4153936140114964e-1
    6.4172462721664769e-1 6.4180641795283011e-1 6.4185638761699171e-1
    6.4207130860805506e-1 6.4210612662881206e-1 6.4267095441873612e-1
    6.4278420946650594e-1 6.4293319580668717e-1 6.429378972872235e-1
    6.4321274588946831e-1 6.4323774123827204e-1 6.4362975026762115e-1
    6.4383135012815274e-1 6.4426025879383331e-1 6.4451709033855875e-1
    6.4459507632961632e-1 6.4464117820028199e-1 6.4482887476842732e-1
    6.4522890039029335e-1 6.4568992018448623e-1 6.4599100891382477e-1
    6.4632615654838643e-1 6.4642689578246859e-1 6.4661656726881722e-1
    6.466900149232262e-1 6.4705684725444301e-1 6.4731395707167394e-1
    6.478315421423374e-1 6.4786300807488506e-1 6.4814986595576396e-1
    6.4856352053584487e-1 6.4928008331042453e-1 6.4929410765004147e-1
    6.4968046148169378e-1 6.4971642928139772e-1 6.5015255210020462e-1
    6.501729030962653e-1 6.5097595856650514e-1 6.5144983075852758e-1
    6.5184756095732155e-1 6.5186388561323838e-1 6.5350542011694868e-1
    6.5372635243381538e-1 6.5418705945212419e-1 6.543453842798499e-1
    6.5474378386606991e-1 6.5490464449534225e-1 6.551262473382079e-1
    6.5519554401527624e-1 6.5552556099068426e-1 6.5607539796548575e-1
    6.5630197234090704e-1 6.5640542384920242e-1 6.5653660855005003e-1
    6.5662877013398269e-1 6.5691123299788501e-1 6.5698479122243547e-1
    6.5787882511396367e-1 6.5788744940204602e-1 6.5809004013152095e-1
    6.5817011693278415e-1 6.5832115164266725e-1 6.5864110847905977e-1
    6.589624727905955e-1 6.5963919514758973e-1 6.6003358267622991e-1
    6.6012161692799509e-1 6.6078785153964958e-1 6.6103625444338832e-1
    6.6112347209809741e-1 6.6156624546370613e-1 6.6187267564441754e-1
    6.6223262957491902e-1 6.6265121443997155e-1 6.6266270536055216e-1
    6.6286837594783388e-1 6.6292953013453371e-1 6.6323749753913341e-1
    6.6326825397316658e-1 6.6335266178729013e-1 6.6421234245221206e-1
    6.6449674278038195e-1 6.6462688982010154e-1 6.6487565724872344e-1
    6.6489944131465317e-1 6.650474531073769e-1 6.6506519733355651e-1
    6.6532207854609737e-1 6.653365346087412e-1 6.6578712226588066e-1
    6.6579585648610695e-1 6.6614354575608559e-1 6.6614392842058645e-1
    6.6647029556979764e-1 6.6655886069802361e-1 6.6663878145955091e-1
    6.6664894934577512e-1 6.6794235634561117e-1 6.6838859629710323e-1
    6.6884978783120153e-1 6.6905356976326402e-1 6.6941036682237609e-1
    6.6969492415233844e-1 6.6989395588589107e-1 6.7002756099964245e-1
    6.7014917204456159e-1 6.7061664781889851e-1 6.70946929108579e-1
    6.7098778286572269e-1 6.7126409611548099e-1 6.7197822678444941e-1
    6.7242701905868008e-1 6.7276501892357976e-1 6.7301007866922191e-1
    6.7305227452142291e-1 6.7321986296519754e-1 6.7326659013815515e-1
    6.7370410155308491e-1 6.7396791975011183e-1 6.7407975425135191e-1
    6.7496738890063823e-1 6.7505750474629167e-1 6.75333916789981e-1
    6.7566000622815636e-1 6.758231867014628e-1 6.7613295836679299e-1
    6.7640370110461845e-1 6.7692049308743663e-1 6.7700605519348755e-1
    6.7706676191119186e-1 6.7710713650592425e-1 6.7723711446888046e-1
    6.7733853193067262e-1 6.7776138963054111e-1 6.7781987095463592e-1
    6.7817708850247982e-1 6.7821917085200312e-1 6.7853105865032148e-1
    6.7860935925625654e-1 6.7882533850820437e-1 6.7882700066907853e-1
    6.7912663045077737e-1 6.7914696035235722e-1 6.7943308767007693e-1
    6.7953289391373672e-1 6.8105357749595896e-1 6.8115709308717665e-1
    6.815390710013105e-1 6.8221581836151013e-1 6.8258213631312314e-1
    6.8262496383476901e-1 6.8301474956802444e-1 6.8323261141949843e-1
    6.8417936819085823e-1 6.843397447360644e-1 6.8484680110876595e-1
    6.8567999537071955e-1 6.872352786645024e-1 6.8732340400008851e-1
    6.8738456942658865e-1 6.8790748874494057e-1 6.8797967548227301e-1
    6.8804908781066842e-1 6.8898335404828681e-1 6.8898603707771144e-1
    6.8927776712114952e-1 6.896759755781432e-1 6.9039084087284552e-1
    6.904465948918086e-1 6.9129378883637094e-1 6.9135183058991367e-1
    6.9155115389379973e-1 6.9155554509575268e-1 6.9203920717284617e-1
    6.9349917845829623e-1 6.9372933651575297e-1 6.9377131886579135e-1
    6.9426520111933732e-1 6.9428724996566871e-1 6.9442041024103673e-1
    6.9453133098418873e-1 6.9528595060678522e-1 6.9533807199240982e-1
    6.9563732621418239e-1 6.9569380601797093e-1 6.9581241224893475e-1
    6.9592951827533922e-1 6.9607993199451812e-1 6.9609681443692417e-1
    6.9632312889189052e-1 6.966399392808853e-1 6.9711406353362693e-1
    6.9722288873369753e-1 6.9780151203312923e-1 6.9785886501927052e-1
    6.9822025940762467e-1 6.9822209269698632e-1 6.9898063147979883e-1
    6.9904628782762757e-1 6.9924250061822846e-1 6.9948691598710866e-1
    7.0004465574038477e-1 7.0030431431835249e-1 7.0036716412947242e-1
    7.0037665485469913e-1 7.0097660004398676e-1 7.0124915738567017e-1
    7.0168385085969476e-1 7.0182318390423526e-1 7.0189557743287878e-1
    7.0204842391103739e-1 7.023844620896853e-1 7.0259472735077522e-1
    7.0303791285297323e-1 7.0315520078549365e-1 7.0367366671988363e-1
    7.0408195600040402e-1 7.0414852576259368e-1 7.0415041889173158e-1
    7.0428299460917287e-1 7.0433458693737938e-1 7.0461806001953342e-1
    7.0488013682160044e-1 7.0600018917921259e-1 7.0618872288287093e-1
    7.064878985274845e-1 7.0698083967898939e-1 7.0721241354942777e-1
    7.0730580953120026e-1 7.0741212622073768e-1 7.0741682067040934e-1
    7.0792358362441521e-1 7.0795512076219325e-1 7.0911484822863713e-1
    7.092017531609599e-1 7.092642552107381e-1 7.0963415715035205e-1
    7.1054541169951335e-1 7.1057048582729798e-1 7.1067048843042357e-1
    7.1086841935284606e-1 7.1156501682226003e-1 7.1159768455930006e-1
    7.121216046472455e-1 7.1220692031991872e-1 7.1293520019766476e-1
    7.1330126970615815e-1 7.1357586107872828e-1 7.1364181048684261e-1
    7.1468966826675262e-1 7.1473777234044744e-1 7.1482336595795459e-1
    7.1490197867224192e-1 7.1532897132312268e-1 7.1536702251730733e-1
    7.1551646020335669e-1 7.1585939909147622e-1 7.1612247943562579e-1
    7.1652341111611251e-1 7.1689274651953383e-1 7.169702693962563e-1
    7.1774076916199192e-1 7.1777414865105782e-1 7.1820313785367162e-1
    7.1842010996925432e-1 7.190419522466982e-1 7.1906510869153606e-1
    7.1977789176180518e-1 7.1985869244902767e-1 7.2029054821632599e-1
    7.2056362777430472e-1 7.2097972492776374e-1 7.2102168145931955e-1
    7.2121102128221537e-1 7.2123295159326517e-1 7.2132482602461323e-1
    7.2137936864796104e-1 7.21510912536246e-1 7.2173387359556396e-1
    7.2177895315845875e-1 7.2209390034842202e-1 7.222279126493959e-1
    7.222750541417976e-1 7.2249988449402736e-1 7.2250938522029173e-1
    7.2260269412314904e-1 7.2264702904106215e-1 7.2331998629194705e-1
    7.237771448877538e-1 7.2398858814614186e-1 7.241062042966615e-1
    7.2427395062641153e-1 7.2447113282537934e-1 7.2506390958030598e-1
    7.2511801380960605e-1 7.2519697347737144e-1 7.2522065661087254e-1
    7.2531111470625542e-1 7.2568878235383638e-1 7.2621712746958011e-1
    7.2624047437602712e-1 7.2635233294098123e-1 7.2639983052287482e-1
    7.2686810700671145e-1 7.2705414963200499e-1 7.2715214207155443e-1
    7.2738039050113912e-1 7.2813355755806697e-1 7.2850434388988106e-1
    7.286120604704982e-1 7.2889115818803807e-1 7.2894440109631531e-1
    7.2901056084881732e-1 7.2942897715438448e-1 7.296427781886905e-1
    7.2975175728206521e-1 7.303335848272986e-1 7.3036761504499736e-1
    7.3122290409094148e-1 7.31871369680549e-1 7.3193009996294289e-1
    7.3232280712285758e-1 7.3234416776683375e-1 7.3317425206519149e-1
    7.3354911461738082e-1 7.3372844017990246e-1 7.3378213801356651e-1
    7.339077335118418e-1 7.3409738598249008e-1 7.3462406695898608e-1
    7.3472434053473989e-1 7.3485075635271646e-1 7.3490083633305403e-1
    7.3539968408076672e-1 7.3576559683942833e-1 7.368061585688338e-1
    7.3699952828696946e-1 7.3727164930799272e-1 7.3729168839606374e-1
    7.379853256521528e-1 7.3815096319933415e-1 7.389709220557753e-1
    7.3918347784199956e-1 7.3925397975664153e-1 7.3934906380585141e-1
    7.3983919905301976e-1 7.3992448245846021e-1 7.4011292495233649e-1
    7.4025664196134044e-1 7.4051218734023838e-1 7.4056494618013435e-1
    7.4092439284532929e-1 7.4106151098976625e-1 7.4140109946592925e-1
    7.4162277557648593e-1 7.4212828797734887e-1 7.4218889014233957e-1
    7.4271454460124786e-1 7.4296439310081852e-1 7.4367860676225062e-1
    7.4395721726605191e-1 7.4537328238238842e-1 7.4575769816954107e-1
    7.4609852032052681e-1 7.4621427531827877e-1 7.4653987503180275e-1
    7.4675794588774802e-1 7.4688859837075527e-1 7.4727990058597371e-1
    7.4741778491452349e-1 7.4746688208779233e-1 7.4798050160825369e-1
    7.4821561341165455e-1 7.4873922632650647e-1 7.4880592975029003e-1
    7.4895648715003715e-1 7.491801575965269e-1 7.4924202486151137e-1
    7.4927190828987023e-1 7.4996708606038609e-1 7.5053434675468944e-1
    7.5068392147162888e-1 7.5076556722777044e-1 7.510564370321744e-1
    7.5160750644913188e-1 7.5178664338654921e-1 7.5200845383180115e-1
    7.5239415989228131e-1 7.5283590053742144e-1 7.5295673438664712e-1
    7.530418839238564e-1 7.535226846386649e-1 7.5423392411754653e-1
    7.5449968325468342e-1 7.5452626115111343e-1 7.5478721405943361e-1
    7.5505179749598028e-1 7.5528162310531244e-1 7.5531563290769554e-1
    7.55536512467188e-1 7.5554814099073808e-1 7.564533720527038e-1
    7.5670702648440058e-1 7.5755274705279585e-1 7.5763031967742078e-1
    7.5797500255729189e-1 7.5801845604917162e-1 7.5821223365134449e-1
    7.5827045999158149e-1 7.5842457285398268e-1 7.5845885569661831e-1
    7.5851497864641715e-1 7.5883183182445046e-1 7.5933089892902217e-1
    7.5973773606263728e-1 7.6086142842210724e-1 7.6152151692869141e-1
    7.6173558195841906e-1 7.618017318783521e-1 7.6195917804003932e-1
    7.620762681233626e-1 7.6249234981958125e-1 7.626145803179043e-1
    7.6324618235620389e-1 7.6336837783041611e-1 7.6346610979746599e-1
    7.6401410050467733e-1 7.6460212174899622e-1 7.6463689344402352e-1
    7.647337921154238e-1 7.6481828428001919e-1 7.6549917344000273e-1
    7.6565966789630691e-1 7.6569704789274817e-1 7.6582544170836775e-1
    7.6621130357317369e-1 7.6623534801152948e-1 7.6646318582629647e-1
    7.6652270149929791e-1 7.6691378792483278e-1 7.6727944725753749e-1
    7.6736910636623179e-1 7.6755120110750463e-1 7.6825026193137091e-1
    7.6842670709982031e-1 7.6923884872678627e-1 7.6926983292830964e-1
    7.6931473497830261e-1 7.6947066447191903e-1 7.6979751490762283e-1
    7.6984054958112813e-1 7.699347120492348e-1 7.6995193160262265e-1
    7.7025644233697221e-1 7.7031223469415033e-1 7.7191035100764793e-1
    7.7199097134901729e-1 7.7256855734925589e-1 7.7275923941041669e-1
    7.7321032982404503e-1 7.7382248110588991e-1 7.7412508203081287e-1
    7.7413873962708146e-1 7.7466902957328587e-1 7.7468618512856813e-1
    7.7491418497575071e-1 7.7515371314492854e-1 7.7522443744419434e-1
    7.7532430173972566e-1 7.7581985080823046e-1 7.7631344881353925e-1
    7.7648172930568959e-1 7.7754806437309298e-1 7.7785579259466431e-1
    7.780497452939017e-1 7.7816997499677298e-1 7.7849075215123198e-1
    7.789854099713921e-1 7.7915287665164212e-1 7.7932898392340244e-1
    7.7958699981900281e-1 7.7974440424259228e-1 7.797646433283868e-1
    7.7984636188345269e-1 7.7997903011105341e-1 7.8007073664184645e-1
    7.8014439997796214e-1 7.8026780799440787e-1 7.8051119802057656e-1
    7.8097117206131217e-1 7.8107686525995634e-1 7.8155754301994873e-1
    7.8161707008820258e-1 7.8182071397500297e-1 7.821123161310507e-1
    7.8227240568634215e-1 7.8234967918640452e-1 7.8271212092814879e-1
    7.8291364096114391e-1 7.8293594033609937e-1 7.8316418231188434e-1
    7.8330896225336089e-1 7.8343881035343654e-1 7.835292937761551e-1
    7.8373147845884106e-1 7.8389112442964692e-1 7.8401407197941353e-1
    7.8414580016760738e-1 7.8440828387738293e-1 7.8509591890565389e-1
    7.8509740292517449e-1 7.8521056215950835e-1 7.853257211218988e-1
    7.8534716687351069e-1 7.8543268104188735e-1 7.8559704213876103e-1
    7.8560981430564425e-1 7.8593092501119421e-1 7.8594691327012611e-1
    7.8616849755755014e-1 7.8618337969392083e-1 7.8635117532954268e-1
    7.864301680431709e-1 7.8657146739828931e-1 7.865722946518352e-1
    7.866357130196775e-1 7.8664257595032727e-1 7.8695780203759114e-1
    7.8702595890133253e-1 7.8715798011280635e-1 7.8720141398011123e-1
    7.8746646252814878e-1 7.8763645441290464e-1 7.8823080151852831e-1
    7.8824291751854814e-1 7.8845623534007248e-1 7.8862435501610484e-1
    7.8917184027037968e-1 7.8952700796417052e-1 7.8959253426440534e-1
    7.8967562502002697e-1 7.8978658897415244e-1 7.8989577148877288e-1
    7.9005622816487175e-1 7.9011142036533022e-1 7.9046272646382931e-1
    7.9183444330707664e-1 7.9196914748323854e-1 7.9233717614124544e-1
    7.9265541524148375e-1 7.9266662938389343e-1 7.9327769788560543e-1
    7.933631001114918e-1 7.9346517574140307e-1 7.9370610763375482e-1
    7.9426183273167794e-1 7.947566677315081e-1 7.9533416088217257e-1
    7.9535828559141919e-1 7.9539478730280933e-1 7.9539681958558506e-1
    7.959454847831593e-1 7.9612771265484683e-1 7.9619077992317344e-1
    7.9649599858089459e-1 7.9671654534988856e-1 7.9673872832954662e-1
    7.9737308544588359e-1 7.9743623753506654e-1 7.9785223091531321e-1
    7.9800556607824547e-1 7.985464764148219e-1 7.9862787939934299e-1
    7.9873135167144937e-1 7.9899372940216151e-1 7.9949634654894908e-1
    7.9979045520138359e-1 8.0022378244021553e-1 8.0080363405644073e-1
    8.008768991564239e-1 8.010318231935748e-1 8.014041667270817e-1
    8.0157135628938447e-1 8.0162774313558727e-1 8.0165540550048964e-1
    8.0222765933498863e-1 8.0254151486546599e-1 8.0271336013125127e-1
    8.0274705951218162e-1 8.035368601978613e-1 8.0391278621866979e-1
    8.0402099912637937e-1 8.0405217439292753e-1 8.0413112830915956e-1
    8.0415609185749615e-1 8.0436595551082068e-1 8.0443194925514527e-1
    8.045438471090165e-1 8.047382831887675e-1 8.0480514335886255e-1
    8.0512443449615601e-1 8.0526502943894229e-1 8.0633766286757691e-1
    8.065055532565979e-1 8.0669971567427146e-1 8.0691907988984468e-1
    8.0704826639350813e-1 8.0726767449389381e-1 8.0773489044295277e-1
    8.0807177316855816e-1 8.0817660017409154e-1 8.0824623302978016e-1
    8.0841016447693614e-1 8.0878558258471001e-1 8.0883411301563224e-1
    8.0886165960073408e-1 8.0908035399460232e-1 8.0926462479808636e-1
    8.0936628690938051e-1 8.0952809629332023e-1 8.1014257178854421e-1
    8.1046916118576617e-1 8.1063383615128259e-1 8.1131830115970971e-1
    8.113246128526953e-1 8.1154424598605601e-1 8.1161435859991116e-1
    8.119031036641734e-1 8.1190621752160619e-1 8.1198783547851006e-1
    8.1242032052859936e-1 8.1320614762423959e-1 8.1321174820641318e-1
    8.1375620803664783e-1 8.138727867925809e-1 8.145606130015608e-1
    8.14668487137169e-1 8.1527622289159907e-1 8.1530728212899251e-1
    8.1548943475286251e-1 8.156079323088079e-1 8.1568804993521549e-1
    8.1587680044106037e-1 8.1609502958563096e-1 8.1623988404343051e-1
    8.1680601595447422e-1 8.168078240541945e-1 8.1715208157437957e-1
    8.1823787206731136e-1 8.1900220383350741e-1 8.1939674248751548e-1
    8.2015657910578743e-1 8.2022327709910314e-1 8.2075692847065507e-1
    8.2116263315999405e-1 8.2250110975519419e-1 8.2274856231947524e-1
    8.2296911640986536e-1 8.2299032058972443e-1 8.2473598093656619e-1
    8.2492661429213854e-1 8.2522364882413513e-1 8.253512095448059e-1
    8.2594242836095033e-1 8.261028812445147e-1 8.2633106164446091e-1
    8.2654023341518723e-1 8.2681142245996853e-1 8.2721934265478014e-1
    8.2744485572711712e-1 8.2763897370114137e-1 8.286472133087146e-1
    8.2867714448680507e-1 8.2910240616383812e-1 8.2941329838376987e-1
    8.2962839754738327e-1 8.3012791480050507e-1 8.3047107901143136e-1
    8.3075138489306255e-1 8.3095209456659325e-1 8.3139968655013941e-1
    8.3172250138943582e-1 8.3197689207107339e-1 8.3223095000935898e-1
    8.3224219933038057e-1 8.322999437320634e-1 8.3240345361874846e-1
    8.3264586332006729e-1 8.3276776078275816e-1 8.3285360725737212e-1
    8.3296596126660916e-1 8.3317834826683723e-1 8.3327641414442566e-1
    8.3338867476738543e-1 8.3351447943255152e-1 8.3404973805795635e-1
    8.3454780087449765e-1 8.3523169699219579e-1 8.3532735848150552e-1
    8.353934736988694e-1 8.3564261312958477e-1 8.3712488743753966e-1
    8.371381266394009e-1 8.3833556468521242e-1 8.3869971435419188e-1
    8.3875344340782476e-1 8.3887762156655299e-1 8.398202904474803e-1
    8.3982712072813426e-1 8.4015258677482052e-1 8.4072382581043714e-1
    8.4128393306195903e-1 8.4136873876670704e-1 8.4201658569400029e-1
    8.4207874535494354e-1 8.4217386825977358e-1 8.4218727445070418e-1
    8.4254723782487417e-1 8.430588383267108e-1 8.439855740069272e-1
    8.440479988316838e-1 8.4419424453399183e-1 8.4424986989879469e-1
    8.4450033498869748e-1 8.4457231251635678e-1 8.4540813746320964e-1
    8.4547494909414433e-1 8.4578961531224195e-1 8.4582690331929677e-1
    8.4607680514345707e-1 8.4636486602448713e-1 8.4666391128685059e-1
    8.4691224761152384e-1 8.4723187867389527e-1 8.4731574803245169e-1
    8.4760569809859587e-1 8.47730343904459e-1 8.4839920288359283e-1
    8.4896814583627622e-1 8.5035938251424648e-1 8.5060575422930507e-1
    8.5094116915024642e-1 8.5119056616824507e-1 8.5186826115464753e-1
    8.5216334450365139e-1 8.5296488905642032e-1 8.5302646194845688e-1
    8.5311721878967239e-1 8.5317288998885488e-1 8.5321904244478897e-1
    8.5327530981908239e-1 8.535162658340596e-1 8.5356624043712748e-1
    8.537861425294665e-1 8.5383409481205907e-1 8.5421748784415286e-1
    8.5444027137584111e-1 8.5460821106880758e-1 8.54809773328849e-1
    8.5489032790923958e-1 8.5489428915694921e-1 8.5494475239348888e-1
    8.5521496644630846e-1 8.5555931463133872e-1 8.5589010430173096e-1
    8.5602577901833377e-1 8.5624356206625407e-1 8.5667865615869232e-1
    8.5705571688083637e-1 8.5753368869387081e-1 8.5754813574965283e-1
    8.5801904749987701e-1 8.5814488770499031e-1 8.5853156822831811e-1
    8.5855173014044794e-1 8.5866108002232977e-1 8.5893147651961499e-1
    8.5936338231658738e-1 8.608097938678535e-1 8.6165640936096677e-1
    8.6177770334434167e-1 8.6257853765619075e-1 8.6271324856998033e-1
    8.6350273768441965e-1 8.6375517596043205e-1 8.6516859109739619e-1
    8.6533325878696132e-1 8.6574124803710217e-1 8.6591049603935633e-1
    8.6597843044597766e-1 8.6625231494898414e-1 8.6649865190793207e-1
    8.6650682969911941e-1 8.6694191778933605e-1 8.6714887621860726e-1
    8.6809168488543942e-1 8.681268370033649e-1 8.6826133828097751e-1
    8.6830750752609343e-1 8.6840680372060886e-1 8.6857504154813792e-1
    8.6926754905990877e-1 8.6945945734890173e-1 8.6969037030405616e-1
    8.7005389399228084e-1 8.7054183934803098e-1 8.706519299949832e-1
    8.7094053299651109e-1 8.7099489960730192e-1 8.7125111269506306e-1
    8.7132300386379791e-1 8.7170533603011791e-1 8.7178191189464505e-1
    8.7193344712889032e-1 8.7204649810458557e-1 8.7217311271312303e-1
    8.7225098803392032e-1 8.7242156398269799e-1 8.7290344847466861e-1
    8.7379928471198742e-1 8.7392642720703861e-1 8.7449596557485165e-1
    8.7465790685913214e-1 8.7493261414450296e-1 8.7495376850083628e-1
    8.7506070242634448e-1 8.7523164348976934e-1 8.7624540800925388e-1
    8.7637142054454675e-1 8.7653283498411838e-1 8.7659673155025786e-1
    8.7668000217994702e-1 8.7683262172943444e-1 8.7695634691097746e-1
    8.771029809269445e-1 8.774477854602083e-1 8.7753564865306544e-1
    8.779137865775738e-1 8.7792478322047174e-1 8.7806228818590171e-1
    8.7818145209757859e-1 8.7926612417827532e-1 8.7956412982487109e-1
    8.8049061915899074e-1 8.8064638234700399e-1 8.8104625608286824e-1
    8.8116584238754769e-1 8.822093258185808e-1 8.8225482769108798e-1
    8.8229995463663047e-1 8.8261387300857075e-1 8.828603670045595e-1
    8.8308605862914646e-1 8.8316111119939122e-1 8.8320811342392902e-1
    8.8382975056143209e-1 8.8384181789155036e-1 8.8388518453909148e-1
    8.840393605647705e-1 8.8428241385038087e-1 8.8466701403636505e-1
    8.8549577714285177e-1 8.8580871880208178e-1 8.8625570270437493e-1
    8.8629052085434523e-1 8.8694067159329804e-1 8.8700595174085117e-1
    8.8719527042220536e-1 8.8735225374482529e-1 8.8763634679679626e-1
    8.879641814407726e-1 8.8963319909599803e-1 8.8979769247396234e-1
    8.9004334898345405e-1 8.9009841942220191e-1 8.9031807186722745e-1
    8.9039148104161958e-1 8.9060540086451767e-1 8.9063757071192284e-1
    8.9141753941582158e-1 8.9158206074530422e-1 8.9181084616293449e-1
    8.9185568761406553e-1 8.9216408566534255e-1 8.9219762453740259e-1
    8.9295459289351131e-1 8.9310825205026434e-1 8.9316615529565169e-1
    8.932316882703617e-1 8.9345611609443643e-1 8.9404791158358421e-1
    8.9420800959942426e-1 8.9420864500439734e-1 8.943650586326839e-1
    8.9472490930954029e-1 8.9490294792733494e-1 8.953939828024059e-1
    8.9558515173939668e-1 8.9564405374994749e-1 8.9592536892946051e-1
    8.963160859218533e-1 8.9679743079518626e-1 8.9690197920224934e-1
    8.9692165714950534e-1 8.9710765528116099e-1 8.9721930041940823e-1
    8.9728194348813306e-1 8.973744922059268e-1 8.9751980326559533e-1
    8.9819910616000698e-1 8.9822046015469825e-1 8.9830827431001126e-1
    8.9874401765372469e-1 8.9880084934844717e-1 8.9886145691707497e-1
    8.9909293319276784e-1 8.9918543322013045e-1 8.9930526781256503e-1
    8.9931033319371634e-1 8.9954138929208838e-1 8.9957791499643591e-1
    8.9962096957533499e-1 9.0017348417637144e-1 9.0026703435432864e-1
    9.0027244168604736e-1 9.0033373475015266e-1 9.0040757146821959e-1
    9.0095936757453876e-1 9.0102019446099546e-1 9.0171743854943998e-1
    9.0233802099146487e-1 9.0269383054311447e-1 9.0294614579098764e-1
    9.0319307885483791e-1 9.0337060259880675e-1 9.034509880935957e-1
    9.0376519943642109e-1 9.0437856228228952e-1 9.0446355251888233e-1
    9.0458628102760485e-1 9.0477378074131465e-1 9.0502822674483874e-1
    9.050374949158595e-1 9.052417267885744e-1 9.0554065018193342e-1
    9.0594244101631816e-1 9.0622115765145284e-1 9.0754353906686447e-1
    9.0758951032585677e-1 9.0806085359672584e-1 9.080904707514037e-1
    9.082095870367084e-1 9.0831942027461987e-1 9.0866820631228096e-1
    9.088694690227157e-1 9.0909468555183692e-1 9.0913871030968751e-1
    9.0963235253970454e-1 9.1009220173797678e-1 9.1058127862385974e-1
    9.1080372973476642e-1 9.1121413079646629e-1 9.1121895880373815e-1
    9.1203405728224429e-1 9.120404681578691e-1 9.1231654647290272e-1
    9.1270583824843921e-1 9.1276376148683391e-1 9.1276546380140644e-1
    9.1305978111614294e-1 9.1360605397039762e-1 9.1421315410616444e-1
    9.1450840921618237e-1 9.1491420010145252e-1 9.1492059126005643e-1
    9.1538665410064368e-1 9.1588755519647491e-1 9.1662112373459037e-1
    9.1669238878830583e-1 9.1727722011171409e-1 9.1736141284036421e-1
    9.1779904729219197e-1 9.1784977508868903e-1 9.1787622714382455e-1
    9.1796347020851954e-1 9.1815041699768096e-1 9.1832172089834785e-1
    9.1843249691295825e-1 9.1848035662789895e-1 9.1867242113433656e-1
    9.1896757997915302e-1 9.190901604166356e-1 9.1916316387359331e-1
    9.1925010043385669e-1 9.1925449327732167e-1 9.2018174689983423e-1
    9.2040164369647448e-1 9.2064311574739577e-1 9.2077443568376793e-1
    9.2097558848581684e-1 9.2102463516166611e-1 9.2139859009436498e-1
    9.2155653904944757e-1 9.2191747649530953e-1 9.2197302271961235e-1
    9.2258219560642374e-1 9.2268978903107379e-1 9.2312605772349343e-1
    9.2320278881197737e-1 9.2366041150788603e-1 9.2403347247838497e-1
    9.2456808400095269e-1 9.2508214776808018e-1 9.2513409554112513e-1
    9.2541167030837335e-1 9.2594205981818045e-1 9.2615626529587713e-1
    9.2633273164631191e-1 9.2638775615546365e-1 9.2688222562154421e-1
    9.2691662082487325e-1 9.2738931405854141e-1 9.2740177592158946e-1
    9.2762451085468456e-1 9.2773976028320249e-1 9.2807036428339418e-1
    9.2810576612292706e-1 9.281681351063753e-1 9.2819611833248117e-1
    9.2841654962497466e-1 9.2855181781817464e-1 9.2895657433458234e-1
    9.2947940910789839e-1 9.2957100920693847e-1 9.2973743491320415e-1
    9.2978651190333039e-1 9.2979728546530771e-1 9.2989945585354694e-1
    9.2993456777348915e-1 9.3009211934339775e-1 9.3041486727161105e-1
    9.3045291559576526e-1 9.3085582197746974e-1 9.3095224238693064e-1
    9.3097489315744042e-1 9.3123324866473922e-1 9.3130512917309716e-1
    9.3153918224854804e-1 9.3155617821682313e-1 9.3190626492874173e-1
    9.3196949130853568e-1 9.3243663272429933e-1 9.3309390839564799e-1
    9.3363184525530107e-1 9.3377388545115991e-1 9.3404048952328367e-1
    9.3407396842053458e-1 9.3469656552622382e-1 9.3472976575376376e-1
    9.3541532637027558e-1 9.3543897033146095e-1 9.3591380135285362e-1
    9.3616267408970089e-1 9.365328703910174e-1 9.365679361363618e-1
    9.365989599264789e-1 9.366807744318878e-1 9.3673216405416804e-1
    9.3674855903882415e-1 9.3772901699207978e-1 9.3773122299060363e-1
    9.3782179624375006e-1 9.3815414246091677e-1 9.3854451897084346e-1
    9.387747991405766e-1 9.3968699455649585e-1 9.3972738976647174e-1
    9.3985444580005151e-1 9.4006030702968246e-1 9.4054323935415596e-1
    9.4090096077475205e-1 9.4115233687093025e-1 9.4116515494473185e-1
    9.415701675485858e-1 9.4164000642831525e-1 9.4191602694818355e-1
    9.4197192578696687e-1 9.4263778764656714e-1 9.4277226325145114e-1
    9.4316118634904866e-1 9.4327180686508427e-1 9.4370060860740068e-1
    9.43732897992686e-1 9.4412565039066165e-1 9.4430734929562732e-1
    9.4486764581652094e-1 9.4494077721192293e-1 9.4537437139661051e-1
    9.4552351504617604e-1 9.464201108303314e-1 9.4677940923484127e-1
    9.4685883240060775e-1 9.4687847174116513e-1 9.4739509738071448e-1
    9.4805274434434073e-1 9.4903824267630621e-1 9.4921839681574061e-1
    9.4964204469163505e-1 9.4975067603940666e-1 9.4992331253451989e-1
    9.499506507488279e-1 9.5043239452988926e-1 9.5050727197202733e-1
    9.5067528884510466e-1 9.5081609446424409e-1 9.5108287803395797e-1
    9.5128468987823001e-1 9.5169637904787119e-1 9.5197835076487536e-1
    9.5229490509871084e-1 9.5241393901622884e-1 9.5250508738183726e-1
    9.5253272656646004e-1 9.5284432803808683e-1 9.5288248527655617e-1
    9.5297708037178386e-1 9.5309525317748012e-1 9.532788930383731e-1
    9.5329504055449177e-1 9.5360679426048589e-1 9.5363219481941996e-1
    9.5429371633690607e-1 9.5435358920864621e-1 9.5461049304403789e-1
    9.5477061368971283e-1 9.5490704540194271e-1 9.5493397104164612e-1
    9.5531013696850098e-1 9.553768165146721e-1 9.5560365671481118e-1
    9.5573923303488428e-1 9.563304780351447e-1 9.5685038338910999e-1
    9.5719460427953895e-1 9.575180942733823e-1 9.5779022422721027e-1
    9.5782046430231271e-1 9.5804766646832762e-1 9.58615171414547e-1
    9.5919015515773931e-1 9.5959719222660822e-1 9.5984067335065348e-1
    9.5984814691373688e-1 9.6033821318633272e-1 9.6067735948296706e-1
    9.6090704782591274e-1 9.6099084928512946e-1 9.6104642207101276e-1
    9.6105772337968021e-1 9.6116490868814708e-1 9.6117497343639113e-1
    9.6142761750877526e-1 9.6145599611200949e-1 9.6188319027815949e-1
    9.6195950984747469e-1 9.6200417024374474e-1 9.6205146677594811e-1
    9.6244141333519495e-1 9.6248012092382851e-1 9.6259871901124172e-1
    9.629732377022755e-1 9.6310696660566464e-1 9.6327035089984747e-1
    9.6353071694443315e-1 9.6373822991017732e-1 9.6419677770527412e-1
    9.6438831610084885e-1 9.6472796791598137e-1 9.6558985741778869e-1
    9.6562765913144433e-1 9.6579644071898652e-1 9.6633685853258711e-1
    9.6642759027258762e-1 9.6694988688414019e-1 9.6716041955583676e-1
    9.6720523089900068e-1 9.6722895746110482e-1 9.6751139852262391e-1
    9.6766281245872965e-1 9.6794014784318283e-1 9.6843502711226392e-1
    9.6855126274622305e-1 9.6856882840165781e-1 9.6866783409939217e-1
    9.6867995357497416e-1 9.6879347046149178e-1 9.6881256200166865e-1
    9.6887790020891773e-1 9.6894291680064271e-1 9.6916850612160488e-1
    9.6925788955304593e-1 9.6943704239945161e-1 9.6962377804002242e-1
    9.7029036295662086e-1 9.7036375421075149e-1 9.7088697123544987e-1
    9.7095420244503272e-1 9.7125598816664938e-1 9.7138228176032726e-1
    9.7191204409011789e-1 9.7191783554576427e-1 9.7200768401540927e-1
    9.7203200644513088e-1 9.7251127294212991e-1 9.7269837953457938e-1
    9.7350236358709352e-1 9.736398004304192e-1 9.7379623226193723e-1
    9.7410422888395132e-1 9.7412475955004796e-1 9.7417759555227279e-1
    9.7442289007646343e-1 9.7456942836439941e-1 9.7543942825823249e-1
    9.7550553676834773e-1 9.7579476494920525e-1 9.7593971139500957e-1
    9.7642883730059116e-1 9.7670571207709145e-1 9.7679520210458581e-1
    9.7685817975216194e-1 9.7729493382471233e-1 9.7733853666098491e-1
    9.7740407342935209e-1 9.7754277484222662e-1 9.7758806464003101e-1
    9.7771665697458354e-1 9.7781203402296846e-1 9.7784771554324834e-1
    9.7789114212546335e-1 9.7796511221089788e-1 9.7854932514892423e-1
    9.7855167590033587e-1 9.7861343494196262e-1 9.7876249176897545e-1
    9.7912885614076528e-1 9.7916563469308515e-1 9.7924220974406728e-1
    9.7925422186386868e-1 9.7930679890911654e-1 9.7931821007027797e-1
    9.7959149457983585e-1 9.7965515936502923e-1 9.7993604832390702e-1
    9.8005959711036539e-1 9.8033789747241828e-1 9.8039782493768668e-1
    9.8086487423088331e-1 9.8090617910111177e-1 9.8100618679709439e-1
    9.811307732019714e-1 9.8148143972990254e-1 9.8148701227296442e-1
    9.8170052984642098e-1 9.8170804144670654e-1 9.8179251255705824e-1
    9.8189936010248857e-1 9.8200254555840727e-1 9.8210584051503247e-1
    9.8224518670915584e-1 9.823730863612582e-1 9.8251862636443543e-1
    9.8259158968290305e-1 9.8282192207771002e-1 9.8287843579100809e-1
    9.8312885921172388e-1 9.8317227470809032e-1 9.8333603950852078e-1
    9.8342525315310925e-1 9.8355350849880097e-1 9.8360325707517404e-1
    9.8521243505717848e-1 9.855381283225142e-1 9.8627376233926045e-1
    9.8629082948639279e-1 9.8652078511076979e-1 9.8669432437933813e-1
    9.8683330939400093e-1 9.8750943808215652e-1 9.8866571366685696e-1
    9.8869765978129176e-1 9.8881904369853957e-1 9.889092950903432e-1
    9.8957482402511232e-1 9.8963146931363455e-1 9.8984110912465439e-1
    9.8995578205092438e-1 9.9005356951151957e-1 9.9043664898165384e-1
    9.9101056862775749e-1 9.9110753088655201e-1 9.9192805959103225e-1
    9.9216648776998939e-1 9.9241893604130382e-1 9.9259927615457855e-1
    9.9317404508178697e-1 9.932078243753365e-1 9.9330227347581967e-1
    9.9338155652844762e-1 9.9382631290973222e-1 9.9402582376865212e-1
    9.9462925748377984e-1 9.9467536707464888e-1 9.9528023895854856e-1
    9.9612064580118642e-1 9.9661950544707778e-1 9.9765313098941988e-1
    9.9795093346233443e-1 9.9810727002666988e-1 9.9833342434582539e-1
    9.9852195848219105e-1 9.9875024704903126e-1 9.9983962870646792e-1
    9.9990564030200146e-1 1.0003948584279796 1.0005002225103454
    1.0005169399855731 1.0007001870634278 1.000809241102445 1.0011629874035861
    1.0015499274153399 1.0016940301130035 1.0018370367031366 1.0022025792269622
    1.0025981258006027 1.0034122294296139 1.0036795973615296 1.0037642105430677
    1.0038386340535606 1.0044010710957991 1.00456529129724 1.0048218603326404
    1.0049557988526203 1.0058564090295476 1.0063955232461013 1.0074060387776929
    1.0074713757505833 1.0075937576671745 1.007788273211645 1.0078757329930081
    1.0078916697034401 1.0081378404456132 1.0086873184141041 1.0090081894950345
    1.0092343978267877 1.0094011453340499 1.0094056799785969 1.0095141471538227
    1.0099115794698972 1.0103773363372446 1.010476456786364 1.010535001391645
    1.0109481735125883 1.0115649454049163 1.0116064999980154 1.0118774026074788
    1.0122813146993914 1.0132905715884459 1.0133123404041595 1.0136092391450282
    1.0136903178582644 1.0138207023542236 1.0141667307778637 1.0142550668898755
    1.0144492682176558 1.0147385761991246 1.0147971891641645 1.014982103859893
    1.0149882301741115 1.0153114963935812 1.0153118162961294 1.015752071085626
    1.015863539911777 1.0161336589985694 1.0162773432443828 1.0169860744525749
    1.017173704075276 1.0175843171820702 1.0176691274562342 1.0181859764164074
    1.0192042762478195 1.0193219051997815 1.0196992633819377 1.0197336122648966
    1.0197708500647877 1.0203846681205846 1.0205839108891976 1.0212444021182137
    1.0215356442719781 1.0217652036781715 1.0217724757170192 1.0218251627891846
    1.0225101010397282 1.0239778862607334 1.0240123480378998 1.0241246555220056
    1.0242428403032591 1.0254536328145281 1.0254779045988991 1.026009485375263
    1.0260224420994366 1.0274478058693148 1.0275556676224369 1.0280244019425027
    1.0280653926107561 1.028455449421358 1.0286670579354222 1.0291917470786858
    1.0292263637904397 1.029643280939682 1.0298476210758736 1.0302227176455858
    1.0307944265692381 1.0313060315821378 1.0313411329115638 1.0313831447649915
    1.0314145575912335 1.0314885238347717 1.0315748501404869 1.0319966818785815
    1.0320576488499813 1.0322734579748611 1.0326836867195328 1.0327551063558076
    1.0329068982809986 1.0330480588016144 1.0330589064432161 1.0337550869902163
    1.0338427788093603 1.0342498707802104 1.0345885716154499 1.0348248523920347
    1.034879040640476 1.0352035970819315 1.0352620158316443 1.0354032411265248
    1.0354579579440422 1.0355974643993022 1.0356059711572017 1.0366112218161447
    1.0370124539193739 1.0370821388702098 1.0372641056326528 1.0374942157380116
    1.0375375523859216 1.038458613923597 1.0386469639635025 1.0404348460608162
    1.0408365366106409 1.0411390736968056 1.0414210894605926 1.0422402075503971
    1.0430272235627172 1.0434495846124523 1.0435330255984354 1.0444183768581752
    1.044502173673493 1.0446005668346616 1.0448763127803129 1.0455086342575441
    1.0455478059354846 1.0461142177318834 1.0462847056296596 1.0463766201786484
    1.0476106022977416 1.0479074995228075 1.048208471808266 1.0484938401271695
    1.0485142247838155 1.0492734637713284 1.0494487289570316 1.0495802705881943
    1.0497714973385479 1.0502713843567903 1.0503573667537391 1.0506577556400316
    1.0508251886693263 1.0511062930378046 1.0512570356122524 1.0514482475903404
    1.0520131674369015 1.0523259164252623 1.0524717811756545 1.0526790909406272
    1.0528814776696891 1.054015530683023 1.0540705153108547 1.054397672823427
    1.0546109345331287 1.0548771628973099 1.0551725828562439 1.0552736304751862
    1.0554467683707318 1.0559018925017274 1.0560200186945232 1.0562128265424917
    1.0563340884512269 1.0565652747598304 1.0566064856863835 1.056662248489556
    1.0566699101794559 1.0573143289147993 1.0574946530411278 1.0575678236667017
    1.0578185612885136 1.0579270062511696 1.0585604588641218 1.0591768423491885
    1.0592010925348505 1.0592727078657844 1.0594221140511633 1.0598280524476043
    1.0599778377089024 1.0604291734706359 1.0606569898131966 1.061312120157595
    1.0613251627258049 1.0616492664318815 1.0616686540274713 1.0620817043201214
    1.0621409129511221 1.0627729407226525 1.0628430637767028 1.0628817782987068
    1.0630773298407803 1.0632698915379579 1.0634778245026837 1.0639699149146509
    1.0648688332692668 1.0649099730011584 1.0658644077619102 1.0659566374420137
    1.0660961908878497 1.0663892002831159 1.0664991103241976 1.0668904376950903
    1.0670191301549292 1.067542926672445 1.0676120493604426 1.0681092584956267
    1.0681176399730248 1.06823807654577 1.0683061006821504 1.0686252392081126
    1.0687360439129407 1.0690809683521725 1.0691168288646102 1.0696285961823833
    1.0696430115596058 1.0700783396468978 1.0702710270493299 1.0705595135080632
    1.0705664616913444 1.0706729532482113 1.0707598923218029 1.0709949312106346
    1.0710272049181184 1.0711845145599455 1.0715528721639203 1.0717127541731202
    1.071870640594625 1.072205110033386 1.0722781697128692 1.0724515085599553
    1.0725417926170167 1.0728575633604578 1.0732525119190843 1.0740887244683677
    1.074421297716782 1.0748452327528639 1.0751091186071791 1.0753790216458583
    1.0753921667894701 1.0760373929765592 1.0761528619441378 1.0777142797245081
    1.0784097944367659 1.0786698344884709 1.0790540618913838 1.0790863340356736
    1.0791745968953137 1.0793010807407579 1.0793095785231799 1.0797863389245208
    1.0801062859589365 1.0804884278102993 1.0809513775295403 1.0812365694324626
    1.0813280657343967 1.0816025890297851 1.0821840678994288 1.0825384504928985
    1.0825878136856772 1.0829351931186466 1.083644891446329 1.0842016695231393
    1.0842589981515176 1.0851875839194918 1.0853357218403517 1.0863869550777443
    1.0864148728595475 1.0871592661232701 1.0871968110382113 1.0882293712658924
    1.0882490758984724 1.0883515026575228 1.0883698094162355 1.0885247292038684
    1.0886008610288627 1.088692378797532 1.0891615702064144 1.0898130385568834
    1.0898821961307021 1.0900423452721952 1.0900888082919664 1.0907471178468313
    1.0909697328474326 1.0913228056826685 1.0919051578721661 1.0921733021271223
    1.0922549663748669 1.093154195936495 1.0931940664096829 1.0934791730078359
    1.0938360950589412 1.0943418858671845 1.0943654480646339 1.0950462586119869
    1.0953336413533634 1.0956148027273229 1.0956942181214149 1.0957514035966855
    1.0962598270036021 1.0966247525981696 1.096749193040182 1.0969828994379895
    1.0969931379825841 1.0971278895089198 1.0971631453004136 1.0976422179818428
    1.0984444497647019 1.0986357243054954 1.0990514686948245 1.0991594697669218
    1.0993040440885125 1.0994741551697871 1.0996447074911495 1.0998534353328371
    1.0999436224168448 1.1004630912999953 1.1006916805270066 1.1015709871436619
    1.101725139957398 1.1021147905103135 1.1024326832498446 1.1027087603526222
    1.102842601483774 1.1031242025759898 1.1031571656241275 1.1034644899561197
    1.1035206412259868 1.1039864237083228 1.1040468485116435 1.1040889669640013
    1.1042281162038421 1.1045119517860258 1.1047867786896859 1.1050954090269443
    1.1054612018368459 1.1062606189240114 1.1062779732834056 1.1068468597671068
    1.1071261327077602 1.1074836416812559 1.1075400135438638 1.1079182883213434
    1.1082344379900253 1.1086697347321035 1.1089880211588934 1.1092225804495683
    1.1092266738484926 1.1094624441463263 1.10946845248471 1.1096537349710616
    1.1097638968624324 1.11066032490412 1.1107056970330025 1.1112788627560275
    1.1113048172071396 1.1122591457822182 1.1123531393956909 1.112643308417546
    1.1144052353160987 1.1147568979894231 1.1152098688262413 1.1162330964411922
    1.1171676891807465 1.1178205831365062 1.1186913475708935 1.1190287318864875
    1.1191737512086288 1.1199455945953949 1.1200082659844546 1.1204693396877181
    1.1204791705094976 1.1210575658460584 1.1210988957290056 1.1220386642780795
    1.1224906076356547 1.1228372673441906 1.1229686097371996 1.1231763439854896
    1.1232505494277316 1.1237865832821019 1.1238924841951909 1.124604955311822
    1.1248866810747131 1.1249444812615366 1.1249670818603721 1.1265637395579688
    1.1266999138461611 1.1269514344717209 1.1275678073352537 1.1276910040131156
    1.1277632935609176 1.1282456633405218 1.1283209360731234 1.1288216727152758
    1.1288380141089267 1.1288958288737376 1.1291753480403972 1.1298518768415988
    1.1302179556867031 1.1314297098994643 1.1321719526838478 1.1323508074740403
    1.1324501547231713 1.1327602173903091 1.1328084593538961 1.1333783734444296
    1.133791458199255 1.1338812328140573 1.1340870646568615 1.1341010096296789
    1.1341601879699479 1.1343787898093751 1.1345600832883065 1.1349547410208818
    1.1354870421055239 1.1361897408174855 1.1369001935347569 1.1385791756185426
    1.1385803323660184 1.1391912016353671 1.1394957833015269 1.1400315475554332
    1.1401924336420091 1.1411932900523425 1.1412142750773455 1.1416761526939809
    1.1417126644328164 1.1419500583601803 1.1420369601142397 1.1429045205844279
    1.1430625540304391 1.1433801524566036 1.1442860525303331 1.1443416174843151
    1.1446665157057396 1.1448526904325718 1.1450527097691179 1.1451547358432435
    1.1451575442550279 1.1455778455296013 1.1459227151962392 1.1461356365969853
    1.1461918419186077 1.1469757201270112 1.1470909152414606 1.1471452052298901
    1.1472884768689937 1.1474902205043691 1.1475017786679018 1.1480517399704695
    1.1480952093245378 1.1482966194250253 1.148591302493287 1.1493197884480348
    1.1497633347733427 1.1504514562647898 1.1505516387369426 1.151332406777718
    1.1516653955077345 1.1518025560342267 1.151948600996775 1.1520989776020087
    1.1524844363348816 1.1528729831068631 1.1529276939099873 1.1534780289615583
    1.1536053960231585 1.1537089746493621 1.1545231485017666 1.1548592184492463
    1.1552284986828454 1.1556156445059449 1.1560272378783338 1.1561600085201462
    1.1563217752900528 1.1566242672809364 1.1566860988807548 1.1571704127574776
    1.1578247057359476 1.1579729253192974 1.1581602852995729 1.1583467604862108
    1.1586641383032656 1.1590167710258641 1.159059540962224 1.1592247080228901
    1.1594209799791315 1.1599814046485335 1.1600828247228208 1.1609015992815632
    1.161580381707509 1.1618346630755809 1.1622232365470089 1.1625455049852462
    1.1626994852255166 1.1628640429727057 1.1630807349924908 1.1631071485895259
    1.1631104583811975 1.163700323347939 1.1638068315958663 1.1656691783848145
    1.1667015303104173 1.1669422624954677 1.1676152229121044 1.1677777386721573
    1.1678047067192892 1.1681899529934299 1.1682143120536495 1.1687508133701765
    1.1692382725661143 1.1695630075881127 1.169683098328278 1.170320295498982
    1.1705546595188934 1.1708085504546033 1.1708608669978275 1.1711461646644759
    1.1712707417213355 1.1717572484596228 1.1717687841765685 1.171982457622865
    1.1721192800514473 1.1727754017335559 1.1728178541833643 1.1729229676652071
    1.1729490261120645 1.1737028033548427 1.1740736241850982 1.1743714375846441
    1.1744193470632733 1.1746704220943684 1.1752111278630462 1.1753016198903359
    1.176094123625423 1.1764242006565837 1.1765211134562985 1.1767633876727359
    1.1768469478486492 1.1774162395544181 1.177799524962698 1.177917937393977
    1.1787122597480675 1.1789038914616867 1.1789702344049147 1.1790276549725907
    1.1790624880607841 1.1799701059722794 1.1801457680189091 1.1804612026539871
    1.1808576694495514 1.1811105233593366 1.1811109193132552 1.18139061374535
    1.1821199772074351 1.1826360557397113 1.1836767129869259 1.1837653064540063
    1.1838156829758191 1.184026859172074 1.1842710730352337 1.1844561031001533
    1.1853518757711754 1.1854435737624045 1.1854494928920758 1.1858558208790555
    1.1859058379377529 1.1865122861437953 1.1865346934140082 1.1869472250145918
    1.1871256988372068 1.187999323602791 1.1880215737923467 1.1881281279285076
    1.188162981644723 1.1884525835010133 1.1884644383537382 1.1890670365457936
    1.1891622497790497 1.1902407449425141 1.1902952547804619 1.1909098214569636
    1.191567294388733 1.191648619616769 1.1916631224263483 1.1919054144611134
    1.1921147243582102 1.1923862311570399 1.1924396952513885 1.1930987207452972
    1.1931112064769802 1.1933012173130595 1.1936339543246959 1.194417741250098
    1.1946738517009028 1.1949956392697914 1.1950342217722891 1.1952921303705808
    1.1959080508896867 1.1964695147245947 1.1971118863410386 1.1977398919407278
    1.1980785546275912 1.1982896391219526 1.1984349840230664 1.1993635244305552
    1.1996667503318577 1.200007647352777 1.2000433576345131 1.2004808248939298
    1.2011812895731444 1.2014809912420787 1.2019225080307478 1.2023464129582635
    1.2029337450210278 1.2030016868026905 1.2032585093275259 1.2033042371738247
    1.203325560095891 1.2042214601704018 1.2043908157531433 1.2054318393289578
    1.2055180169930964 1.2056678294459613 1.2056871694620506 1.2060134696676528
    1.2061432162445271 1.2066580337286723 1.2066993698722399 1.2077067343570249
    1.2079031708596111 1.2092639758956238 1.2093716102807168 1.2103873361902515
    1.2105904533798821 1.2107676197017554 1.2109623518075143 1.2113868472932154
    1.2114881792851 1.2117822869958672 1.2117931872387089 1.2122951224250187
    1.2123495846669812 1.2128956500499564 1.2129150919790845 1.2131852122659741
    1.2131867753344523 1.213474708290414 1.2134828187856328 1.2139313421016595
    1.2145435845409989 1.215006690858172 1.215118577576868 1.2152857684954728
    1.2158901192620761 1.2160483043910517 1.2162571537176063 1.2163157029657667
    1.2163624587468196 1.2168948533956343 1.2170151589560685 1.2171447184194091
    1.2171685472016178 1.2173223575273937 1.2173477016025913 1.2174714423598516
    1.217773158176169 1.2179444782786959 1.2182960963482401 1.218454485725033
    1.2184975144360579 1.2188321643885502 1.2197519063073134 1.2202509610577377
    1.2203897391145802 1.2207019282944722 1.2217496764641282 1.2223349724697983
    1.2223358824881718 1.2226535299525192 1.2228304009671167 1.2229524002093513
    1.2231829610768727 1.2235874676057392 1.2239717679156457 1.2255686096040335
    1.2256235799585349 1.2261324703517207 1.2267374923528516 1.2269440033321644
    1.2277766773273697 1.2279302406224815 1.2279758586423668 1.2287718580899309
    1.228872387903357 1.2296138502614278 1.2297711925053592 1.231225382109707
    1.2313922750988371 1.2319925272946162 1.2334921825327911 1.2340526680464792
    1.2341129648749529 1.234242022063351 1.234974716580447 1.2352294497844316
    1.2357501423507529 1.236329160645125 1.2375818103106819 1.2376062813940993
    1.2388146410548018 1.2390315254416238 1.2393849320991908 1.2396921851780331
    1.239795232784445 1.2404813816325866 1.2405147758163366 1.2408038732057776
    1.2408124516526056 1.2411296580528091 1.2416051662444911 1.2428777547995
    1.2430738325015227 1.2434378513917181 1.2435759263736534 1.2438581120377421
    1.2439526429339562 1.2447278315732027 1.2448573867817945 1.245500644546025
    1.2455029732667147 1.2458366050504992 1.2459354860719372 1.2461377852501496
    1.2461919800040562 1.2472021066261807 1.2475611695110729 1.2498233628706916
    1.2501681467178969 1.250443391119396 1.2510733380801564 1.2512145434006015
    1.2516142758357092 1.2522686327486099 1.25227203525792 1.2524131138966368
    1.2525125646279776 1.2530021218905989 1.2530923336168729 1.253142398663537
    1.2535550277767697 1.2540110432455549 1.2542258467345164 1.2556042700568166
    1.2566040815430435 1.2569235971179182 1.256945746887459 1.2575830872248843
    1.2580099228475774 1.258205445618062 1.2589799923975988 1.2591227964868874
    1.2596765899253721 1.260362074284967 1.2605735223629988 1.2607937003531333
    1.2610476557505534 1.2616989427016279 1.2622542790195439 1.2624992436872919
    1.2625658409144005 1.2632198626533637 1.2637610876093146 1.2645626021143623
    1.2649700100878363 1.2665520492997919 1.267293460860492 1.2674431358182119
    1.2678933091971365 1.2681202865547903 1.2682261611936763 1.2684684225794172
    1.2686847829378773 1.2697279354332143 1.2698652157993933 1.2715965573305377
    1.2722334115573175 1.2729873685443636 1.2730050144900815 1.273715952663603
    1.2738028389254397 1.274733442279891 1.2748846211943601 1.2760902602001807
    1.2766731747266022 1.2767045158459496 1.276704868544084 1.2768907744948592
    1.2768939158166479 1.2772283260857875 1.2775088693113372 1.2779475643361973
    1.2781038059576499 1.2784520103929253 1.2784682442790654 1.279522202580847
    1.2795223709799757 1.2816573643539413 1.2816629677890887 1.2818434149728546
    1.2820270115870309 1.2824898250697516 1.2825158148162927 1.2825389593957652
    1.2829585294251349 1.2836642427912011 1.283693936665107 1.2838599234488357
    1.2843544781130276 1.2845267479257245 1.2850826147564476 1.2867853066985238
    1.2875889347172536 1.2878161484570358 1.2878756425611755 1.2885290696006753
    1.2889959769270913 1.2893978508294821 1.2903750502088467 1.2907772073484531
    1.291295648180494 1.291462169557235 1.2917794408293048 1.292307198403978
    1.2927811883910181 1.2934866369709197 1.2936572524777148 1.2939374547573022
    1.2940333619725606 1.2944805949417968 1.2946258622039295 1.2966281421263375
    1.2966734891776166 1.2971387677087673 1.2972290968706754 1.299652772368745
    1.3001179417944211 1.3011168051363029 1.3018948698957371 1.3025258925141057
    1.3026745824829828 1.3033681751770512 1.3034507452015494 1.3034806606857501
    1.3036194016192439 1.3038033804607949 1.3038986446767922 1.304532500485688
    1.3046385743103397 1.3057859475109883 1.3065304471058994 1.3071340946286227
    1.3075515017993287 1.3082128506353001 1.3083821656841792 1.3087347561031493
    1.308938899914756 1.3091487878583783 1.3092238685171651 1.3092393519251952
    1.3095893212783569 1.3101287611712646 1.3104461724577352 1.3106604948721725
    1.3107070381553512 1.3116672060079206 1.3121913975724706 1.313470696077502
    1.3135596373109106 1.313757629038772 1.3139960881790103 1.3143531404135242
    1.3143764156057689 1.3145866750342066 1.3146063772233902 1.3148317424647757
    1.3151755264521854 1.3153183328399791 1.3155913706351774 1.3160932844534727
    1.3161255884458893 1.3170881582014773 1.3170942089114988 1.3176449118936944
    1.3176544079031676 1.3189469501741768 1.3189613526025954 1.319883847887013
    1.3199010191999605 1.3203927089258287 1.3205851906521577 1.3206364190791646
    1.3210468241917017 1.3212619628186075 1.3218081236327635 1.3219513649247736
    1.3222016965298735 1.3226572846985316 1.3227530763201685 1.3232025903260365
    1.3234956529628108 1.3237849650638185 1.3240145431076857 1.3251677853353006
    1.3257868060021791 1.325882774512138 1.3261396166614456 1.3262012487773518
    1.3262304082810867 1.3262555674147214 1.3263027251210977 1.3267631177707244
    1.3268236835890548 1.3269662006636054 1.3270512212167367 1.3272042859785611
    1.3273042665293058 1.3273800938275901 1.3274010490370725 1.3279005739861531
    1.3283303546742899 1.3284977704118621 1.3286104178400819 1.3288048824042562
    1.3289843203465352 1.3301091918539594 1.3302168788242852 1.330408644708541
    1.3306093237072674 1.3306694744183916 1.331660894169272 1.3322153904332292
    1.3324814143218515 1.333341186614416 1.3333864761638323 1.3337746159858008
    1.3340383565043037 1.3346393994404935 1.3346971809348815 1.3348272942568786
    1.3355413282655717 1.3364032914116706 1.3364211105840695 1.3365973200866392
    1.3367541511277825 1.3372499558703566 1.3376297920806661 1.3381470028686333
    1.3382016794451244 1.3389064379457067 1.3389847491891942 1.3393958554477952
    1.3393981652941875 1.3399321093407448 1.3401336042447838 1.3403923467611396
    1.3405173812320754 1.3406372877407193 1.3410200260283698 1.3421215885058093
    1.3422066372199879 1.3424398290332127 1.3428089290368916 1.3430175695742945
    1.3433918185461153 1.3442141836485462 1.3444598573257565 1.345222034698736
    1.3456141328849429 1.3469213429229967 1.347136382607232 1.3476180627400633
    1.3482137657044102 1.3487696598741876 1.3488090904880665 1.3496376235387288
    1.3499931529349851 1.3502648021335395 1.3503776020310028 1.3512420748472322
    1.3516817181465892 1.3524079777711708 1.3528240793551958 1.3538488907079227
    1.3538997759144422 1.3540073208623653 1.3541915044031612 1.3544851860064226
    1.3545932185752463 1.3547605961977751 1.3547766859839612 1.3550785509271464
    1.3551983827055665 1.355661573348516 1.3557679093110739 1.3560721114862038
    1.3573079819723717 1.3578191671085733 1.3583124922897696 1.3586478965726201
    1.3586630212577282 1.3587868113096193 1.358912419880653 1.3594379412408151
    1.3595321228751573 1.3601388489785222 1.3601904194062229 1.3604431563849175
    1.3606903376119135 1.3609361462008565 1.3612227919245659 1.3612997903252524
    1.3613621109453409 1.3620101099080937 1.362088984359616 1.362327889806173
    1.3624002152306123 1.3627302379188222 1.3634971957869311 1.3638422406409518
    1.3642323721177101 1.3647578936699272 1.3648582071544297 1.3651742970027954
    1.3653756656505038 1.3655140402988764 1.3656503276654348 1.3662296959493687
    1.3664752591212164 1.3667644957065477 1.3669771094445196 1.3673345015695304
    1.3673543859906658 1.3677349988469358 1.3678182067618763 1.3682388601409912
    1.3689851349666242 1.3695867839698621 1.3696440670995798 1.3708552786614518
    1.3710049985396835 1.3713186434840281 1.3713731488591292 1.3713958163150892
    1.3714109527498295 1.3716818683945651 1.371709348308936 1.3740887788586795
    1.3742464322365322 1.3746866669668114 1.3748510980189166 1.3752645478350263
    1.375517546269748 1.3757907157886962 1.3760775800568581 1.3764364073575355
    1.3765344648893005 1.3772315562621316 1.3773395038160743 1.3774979664924103
    1.3782712619384558 1.378473213295365 1.3784892470049879 1.378945486754219
    1.3795088643659408 1.3800051329717462 1.3801428604609101 1.3807952798725107
    1.381387352997399 1.3819154689337363 1.3821991859140326 1.3824076013875128
    1.3827310849042078 1.3832155854506709 1.3832635470747845 1.3833831192914658
    1.3835701829126872 1.3841021781148584 1.3841068604725517 1.3844771222611598
    1.3851306326887425 1.3853005798061986 1.38584065555915 1.3860587610214452
    1.3862748065245682 1.386400560232687 1.3867538006271389 1.387630432069443
    1.3882450142070542 1.3885085942762696 1.3895715437129184 1.3908441252542616
    1.3910825336791579 1.3923391128996627 1.3927665590279048 1.3931921621785932
    1.3933574345912803 1.3934375899331524 1.3934705520663555 1.3936028320185869
    1.3940521944346074 1.3942437170200719 1.3949034785147585 1.3950752188711704
    1.3954078269530328 1.3963871610645584 1.3964759945433798 1.3971768585255631
    1.3972458982834723 1.3975991411330142 1.3990767884573481 1.3992398950127647
    1.399859934892993 1.4001548547112179 1.4003597792836142 1.4010603512679154
    1.4010806650989025 1.4012160302693701 1.4013005843447672 1.4016080372214219
    1.4027355223059659 1.4030020345898417 1.4033613969289491 1.403628020609176
    1.4042491416151581 1.4049542622835058 1.4052840667304849 1.4054249798960883
    1.4055033964300492 1.4060812777961473 1.4061325761662373 1.406470746220748
    1.4071440850811996 1.407754668227426 1.4078583430935698 1.4079354682826306
    1.4079810808566151 1.4085088872492026 1.4086632772919074 1.4087599055908413
    1.4089317594261956 1.4089892305443452 1.4090240060653134 1.4095041311238674
    1.4096805000786616 1.4102803954251613 1.4103579327054052 1.4105708724804831
    1.4107578126760625 1.4116657138525626 1.4123940387770404 1.412973093804021
    1.413011422805539 1.413546469839821 1.4139495980532122 1.4143887544594236
    1.4144885046118361 1.4157563205191461 1.4161864269640319 1.4165564166609328
    1.4169748784348333 1.4171561889645925 1.417324911392825 1.4181527230671691
    1.4181842892212444 1.4185068828046496 1.4191033565388351 1.4192783601858017
    1.4192992032772704 1.4196284804520474 1.4197068202029186 1.4200414749942258
    1.4200877139232033 1.4206837250758977 1.4207266457669903 1.4214610120890256
    1.4214956066174409 1.4223696425474373 1.4237586934215567 1.424561654318192
    1.4252241778224288 1.4259513958632397 1.4259667185949638 1.4272856592106287
    1.4273668483471436 1.4274210458301866 1.4274667945052357 1.4279115964257472
    1.4282132492811344 1.4295139673828696 1.4298647158827105 1.4299092379269496
    1.4301735230311199 1.4303351155817836 1.4305678449367405 1.4311197293692051
    1.4315735041667115 1.4320327845810727 1.4323092926267691 1.4328670249328752
    1.4336555551743306 1.4344974488867592 1.4351896669143116 1.4354266779683713
    1.4354385692475944 1.4356181967223165 1.4356277184637292 1.435982972132797
    1.4361720833931031 1.4366073936648718 1.43661974057765 1.4371073729730597
    1.438368758203751 1.4389722751313456 1.4392071253125778 1.4402757119889884
    1.4410087829006444 1.4423258549057891 1.4424434352402689 1.4440816796139491
    1.4441475696370616 1.4448312021427228 1.4450011214224407 1.4452970569561785
    1.446456875585568 1.4466501567007071 1.446696928352867 1.4470126561682264
    1.4470915615405602 1.4477962472999935 1.4479784561989011 1.4483763617551328
    1.4493626737112209 1.450194110931625 1.4502961848681555 1.4503338430453367
    1.4504512528354023 1.4513754008225077 1.4515248713731428 1.4515992545670087
    1.4516512827582726 1.4520694364873634 1.4523112853011451 1.4530292758155763
    1.4531475919354306 1.4533352910589201 1.4533665566248601 1.4535842915265675
    1.4552631935474665 1.4558123988000109 1.4559023027374678 1.4560273599895481
    1.4562008200355194 1.4566119745939432 1.456834434401344 1.4574665913454889
    1.4578059471741198 1.4584599550928032 1.4586535450454903 1.4591323706838011
    1.4591618996997568 1.4597167112799525 1.4597923658557193 1.4599487933226669
    1.4600354883262412 1.46036132260618 1.4604875660643302 1.461333289239974
    1.4617035652663617 1.4622083802631096 1.4632924632873407 1.4635515960642351
    1.463701249021824 1.4642911984119944 1.4649077152595056 1.4655944132509831
    1.4662454456367111 1.4672408736123543 1.4673623816808685 1.4674894776628662
    1.467541133716092 1.4678934486964863 1.4681517584702306 1.4683801697222709
    1.4687524540696359 1.4688648104838649 1.4691525072969853 1.4700213131889843
    1.4701410033252007 1.4727473973797487 1.4729787764895463 1.4747199356136964
    1.475509543937187 1.4758291019056742 1.4761701063107466 1.4768288059809791
    1.4774948414300677 1.4783723126192854 1.4784433549672638 1.4803880163744907
    1.4810666784820796 1.4813551210899276 1.4819379092258487 1.482791599556549
    1.4831814131930514 1.4832805275908261 1.4833844018562559 1.4844385447606026
    1.4845135268020386 1.4859013933461636 1.4859109599898148 1.4874031348183963
    1.4879176699220806 1.4884197103930699 1.4887792606964467 1.490048344177012
    1.4901721645195114 1.4905704200289391 1.4911183174552889 1.4916006515612328
    1.491674032600713 1.492078409233909 1.4924724183547369 1.4929305528956434
    1.4946964186719924 1.4950115907602139 1.4963609207332411 1.4965524436550823
    1.4968636070023724 1.4971699029152887 1.4977268928106242 1.4979013527418132
    1.4980997771700306 1.4986147387442845 1.4989017988029445 1.5001785312969105
    1.5006324113187475 1.5012755802770699 1.5013475927438169 1.502393902544706
    1.5024064428292452 1.5033524483478686 1.5037624318942107 1.5041430828764533
    1.5046934811973642 1.5071216438903623 1.5078160179682527 1.508001924815441
    1.5080612245557556 1.508460417815968 1.5093683104718365 1.5095024329650186
    1.5095366689858565 1.5100413419488177 1.5108819446206325 1.5110950298080752
    1.5114078532086903 1.5114381756534385 1.5116668085363927 1.5118895802970655
    1.5121169796046161 1.5123812272078794 1.5125709982332864 1.513025766175512
    1.5133075916457983 1.5141080290877653 1.5141929859147467 1.515887967191702
    1.5162910380272934 1.5172251265724601 1.5173219134093685 1.5177832709923678
    1.5187340245657879 1.5195625923193803 1.5195639951267368 1.5197042269688268
    1.5198295203514136 1.5219463695613626 1.5220214271154571 1.522354468521371
    1.5223878799200368 1.5225418232208541 1.522547071662848 1.5228787595258382
    1.5229579511104703 1.5231650399196042 1.5231936751240482 1.5250385837300655
    1.5254383514916299 1.5263396871312882 1.5265394158018353 1.5281081513815877
    1.5283908676257738 1.5288751327325372 1.5301196612840613 1.5310396620088795
    1.5313588187627829 1.5320179721491058 1.5321238776715518 1.5322355973732253
    1.5322865291059315 1.5325267042808264 1.5329583453488642 1.5332156278642894
    1.5332733551191875 1.5340377354840864 1.5345459786035462 1.5347009800834712
    1.5354116132070885 1.535560698009067 1.535699964124736 1.5360342418986572
    1.5362203884521932 1.5364290634594 1.5365699182400931 1.5374114334613296
    1.5376327054257974 1.537830435192215 1.537872510916658 1.5388244461692011
    1.5388271762411325 1.5389503206966766 1.53895518497593 1.5392857765258061
    1.5393458801509041 1.5412577244480872 1.541382187018371 1.5426405306005109
    1.5427809398761383 1.542890386535267 1.5430503831138593 1.5439028670743937
    1.5439483617699807 1.5443245247438426 1.5443734845380277 1.5458919219098941
    1.5461196813896094 1.5464546034288105 1.5474179315168233 1.5491065380548719
    1.5492098667565035 1.5495118004751873 1.5499186578960387 1.5499841126997278
    1.5504181154265098 1.5512755591917085 1.5514329354602978 1.5520355157152153
    1.5529147389321452 1.5532062764095826 1.5543971667190515 1.5547493494577793
    1.5548304592396562 1.5552479578859675 1.5564394330113829 1.5578362078102828
    1.5580783562967553 1.5584847732201523 1.5594255741780216 1.5603688440248789
    1.5604340195924731 1.5605379031627915 1.5606198156259172 1.5626359491579933
    1.5629588329188664 1.5635840304564301 1.563588628150228 1.564331848903862
    1.5645548108550429 1.5654899469636803 1.5655727051087069 1.565769453969267
    1.5658170495410861 1.5668506838677785 1.5669033465402815 1.5672422126008314
    1.5673185490547137 1.5674729604402728 1.5675041872837028 1.5678223198076922
    1.5684261718444759 1.568519654405145 1.5693844354664179 1.5699190174774837
    1.5715878783289554 1.5717024490753222 1.5718439133990216 1.5723343250515427
    1.5725489671806372 1.5731849077036106 1.5735210736297631 1.57374114814952
    1.573844224207922 1.5739570847451887 1.5739928275817572 1.5748408129879863
    1.5750867040915182 1.575600954186541 1.576057883403962 1.5760958376905212
    1.5769825602696528 1.5781598136816684 1.5781837280072524 1.5789123224868491
    1.5789794938239539 1.5793685748046755 1.5795427775657203 1.5798582505485683
    1.5800192717791408 1.580704807051734 1.5810241948870498 1.581431494757112
    1.5819559038676136 1.583230262647612 1.5833850247529426 1.583853410552956
    1.5847821660237666 1.5850556420511452 1.5852267603007324 1.5853932835725573
    1.5862034209310423 1.5863973058168994 1.5873055417835218 1.5876080173699545
    1.5877448821737896 1.5880738814566939 1.5881174739242852 1.5888587538823533
    1.5892888457318197 1.5907209613762916 1.5909346951714269 1.591884597967328
    1.59280067731288 1.5933297449931463 1.5934446798082718 1.5936262299665032
    1.5944621345740415 1.5957540073771572 1.5959662473193248 1.5962528519460193
    1.5962719844761524 1.5969263697432627 1.5972660598827759 1.5976554322992627
    1.5977384823918328 1.5987126839144821 1.5990375342626066 1.600215135494788
    1.6029300363320544 1.6031447017995408 1.6031706836226931 1.603263613446605
    1.603286843713613 1.6033578581273105 1.6037620431108432 1.6055021148080413
    1.6059259491393085 1.606901041527226 1.6069077240919114 1.6075485372909952
    1.6076765223369875 1.6086063053141515 1.6087972204124525 1.6102612603310262
    1.6103462201226648 1.6104509902670543 1.6110735898429311 1.6118178865202935
    1.612207191271591 1.6128291700871766 1.6129701122564484 1.6138787924489104
    1.6140121756873971 1.6146199567501753 1.6152125134007291 1.6153458951516768
    1.6158670197210085 1.6164856159412011 1.6170776568434728 1.618038737704713
    1.6181335793239668 1.618648622272417 1.6195488511760534 1.6214346639189898
    1.6217084790321223 1.6236056218138704 1.6241543125697717 1.6242039765944356
    1.6242303511195133 1.6259558161674856 1.6261953358803112 1.6267268158832167
    1.6280271843859282 1.6280879741477747 1.6281034282908422 1.628501442130073
    1.6285752795907684 1.628860218844693 1.628908539106942 1.6302347396571348
    1.6307052256446468 1.6313769128765518 1.6316942902267708 1.633240098945862
    1.6335953166473018 1.634501949830701 1.6345133326822179 1.6347088675538544
    1.6348203205332084 1.6348673230856547 1.6356044811661832 1.6372018458975315
    1.6378888608086868 1.6381489846074448 1.6381875496904286 1.6389095432694376
    1.6389267165678802 1.6404751055330054 1.64063744206256 1.6415484201110302
    1.6425782025922899 1.6429214689063276 1.6431920260129118 1.6437319999199644
    1.6440038266027084 1.6446010603626746 1.6447412126713972 1.6451096197204151
    1.6451680730956468 1.6454581927509935 1.6455786320104124 1.6460990899073296
    1.6462527086481713 1.6473340077185792 1.6476694071830935 1.6481486305110138
    1.6483465483067448 1.6488784564885464 1.6499440219768076 1.6514208977486304
    1.651484364845055 1.6522258034242441 1.652375889181485 1.6528258401633138
    1.652948879172436 1.6537074057197667 1.6540232512786588 1.6550582829411837
    1.6551397685998381 1.6553154985510901 1.6554043247599566 1.6557160469800085
    1.6561422505128576 1.6565430384620412 1.6565487916956045 1.6576402737762237
    1.6578725627912718 1.658299658776059 1.6585317582974544 1.6593321404964929
    1.6598066025628668 1.6599667070486248 1.6601548177763106 1.6608279154073897
    1.6615788299678798 1.6641944214757132 1.6642276258568245 1.6644763609282336
    1.6645113799365845 1.6649258151963597 1.6666155235175211 1.6668298283934746
    1.666836489564048 1.6672579709245383 1.6684489825333002 1.6687317385653841
    1.6692975314626892 1.6719769545084091 1.6719963378056946 1.6734184095176587
    1.6736898152049435 1.674106885839592 1.6745531669284901 1.6748139504745154
    1.6750811108217931 1.6765313779336792 1.676531748834168 1.6788776822406817
    1.6790009030387409 1.6797181663219818 1.6798277087341376 1.6800161297063596
    1.6804769387806573 1.6820244609023576 1.6821952531103306 1.6831935480222455
    1.6832601001346119 1.6834532214032152 1.6835402085371924 1.6843830842369698
    1.684775450914761 1.6851748555682207 1.6860488417912165 1.6862943849864678
    1.6868606450610362 1.6876110613719333 1.6876221559390614 1.6883858761165413
    1.6889412154127967 1.6903110623947213 1.6908799560987973 1.6915533790688642
    1.6918326843016984 1.6925898805629913 1.692956282268733 1.693308399466946
    1.6933155807940921 1.6934143768546164 1.6935008375257894 1.6940049507695221
    1.6940097493094073 1.6944998473782107 1.6945301250494822 1.6948622034199161
    1.6955413925829816 1.6962524204550391 1.6969619052118408 1.6971318152781407
    1.6983970425899315 1.7001174415141236 1.7003656123461042 1.7010846930376147
    1.7023412697415552 1.7038017632218043 1.7042285437373721 1.7048207419655228
    1.7049023509886752 1.7052437539925449 1.7052724211166606 1.7053261896394361
    1.7054421896925305 1.7059344561327332 1.7060101959671101 1.7069659778162531
    1.7079303495809199 1.7080641331730249 1.7082450445395807 1.7091162243068538
    1.7093365350385283 1.7095601968402054 1.7105037603872915 1.7106271639699115
    1.7109523985557644 1.7113056248780822 1.7113444724398961 1.7115454136625203
    1.7115709654941991 1.7121966978606906 1.7131860816733024 1.7143530109350649
    1.7147598836198388 1.7149773404334308 1.7160201827064157 1.7161489473536449
    1.7162612149262106 1.7172172889656092 1.7172702096643964 1.7173117934542006
    1.7186823230607235 1.7187525979358043 1.7189248401603892 1.7204798911277976
    1.7213687291803581 1.7226983885920162 1.7243985229197278 1.7246392945455227
    1.7247023817326408 1.7248672623807881 1.7260603812303088 1.7268077205523393
    1.7277656994662038 1.7291610847285939 1.7293376709872064 1.7295662198910122
    1.7297867135936031 1.7302324301440422 1.7302653248639217 1.730916719682682
    1.731506550166614 1.7317764935121887 1.7328289556054415 1.7347975647016938
    1.7351104065743925 1.7352617456787509 1.7352969142423262 1.7368239599745721
    1.73838625270364 1.7391090277474532 1.739300430055323 1.740267403257576
    1.7405618021890916 1.7424506573649978 1.7428113804244276 1.7434735987668319
    1.7439186961433735 1.7451287557884523 1.745135990669678 1.747918915938385
    1.7488310995508072 1.7504274281227481 1.750631664364164 1.7519341709050877
    1.7520373473333706 1.7537253816919929 1.7550202492524476 1.7562967976533401
    1.7576779375995386 1.7579845181644487 1.7584020343065276 1.7597822025134064
    1.7598713798779499 1.7604485733627371 1.7605153890350873 1.7620234589030588
    1.7625325683777191 1.7636129505829103 1.7651131820509061 1.7664658780752234
    1.766604816457948 1.7676251006848058 1.7690825082954689 1.7692655219980225
    1.7713316673391546 1.7713995586527744 1.7724932230721606 1.7736786322337441
    1.773942204395496 1.7752162866399317 1.7753481492428365 1.7761779179994239
    1.7781324234936164 1.7785951977578407 1.7788548183973945 1.7794907534585036
    1.7797158989289528 1.7807340676789067 1.7816816754829232 1.782852733227287
    1.783088542500991 1.7835994196953835 1.7843305411785053 1.7854280978914403
    1.7858209839032497 1.7877195028954702 1.7883552923810384 1.7898149805266144
    1.7899153338288822 1.7900691923597378 1.7900978609744698 1.790611368428199
    1.7923899619463555 1.7937947288942269 1.7948096939735478 1.7950407667431136
    1.7954782923566768 1.7957191677412538 1.7957575576630915 1.7959539010189474
    1.7966406857223092 1.7971859176718681 1.7973214196639673 1.7977367069106549
    1.7983155383508347 1.7989328386788657 1.8010089498550315 1.8015555348442831
    1.8019244878489189 1.8029142636064535 1.8031263228713215 1.8036715946900586
    1.8044696224490053 1.8065854766567924 1.8066380955497152 1.8074840252693321
    1.8076963383612565 1.8092594714525418 1.8093571363726824 1.8094634175631654
    1.8094768231334228 1.8100860560005856 1.8108894544163376 1.8111633657277708
    1.8119488159921577 1.8130439965267442 1.8133440900006463 1.8142506321883047
    1.8144355860169981 1.8152055975939447 1.8160283202669234 1.8169837317388253
    1.8170066048328408 1.8194334824700491 1.8199954078547307 1.8201758532216747
    1.8213600268809387 1.8220929583203542 1.8221190777371703 1.8239276926748971
    1.823994841481787 1.8247723952787056 1.8250960718367424 1.8254919679884551
    1.8255930230670856 1.8261982719906882 1.8262869116206275 1.8270815309473012
    1.8283150066721039 1.8306716917355517 1.8323828465678389 1.8329065171692491
    1.8330013648725072 1.8337059662992772 1.833807432519734 1.8347946094049803
    1.835827916155381 1.8360328947536573 1.836204716397636 1.8364734523631796
    1.8366231265995339 1.8368330133017139 1.8368475535842663 1.8383960461754516
    1.8384720418980578 1.8386046472962334 1.8386631661556976 1.8391024852124247
    1.8391806492122669 1.8400710861690186 1.8401726402937129 1.8404990168047941
    1.8407566042888903 1.8409775687641741 1.8425967744256393 1.8438975729868616
    1.8439221319076751 1.843991072531594 1.8440591127350672 1.844948265154926
    1.8453897810652051 1.8486861760737157 1.8490342059460545 1.849684984354705
    1.8498713254800048 1.8505776162881376 1.8507318780702917 1.8526799797527929
    1.8528112145486375 1.8534914452352496 1.8535530318717974 1.8537186336640445
    1.8538692687498042 1.8547554116557876 1.8553012995970448 1.8564300379703127
    1.8565346346454987 1.8567540392634327 1.8568545867447028 1.8589128912105934
    1.8589579375723133 1.8594561200880548 1.8597311223197721 1.861346259531274
    1.8617879916789661 1.8619956041150847 1.8620260717555084 1.8621943554406244
    1.8622032247918696 1.8627662110945948 1.8628561210034149 1.8632452461900659
    1.8645073148122719 1.8667011542765977 1.8669040555847307 1.8680421931638194
    1.8684069104147056 1.8706316221071877 1.8707202809764567 1.8713534566422823
    1.8714495157796591 1.8743866308357156 1.8746810161205758 1.8762511624155422
    1.8762844883496654 1.8776105698866616 1.8785711762516257 1.8800305258018852
    1.8802790994299357 1.8806367113331817 1.8810302013343971 1.882757340920989
    1.8831101029469817 1.8848606851549146 1.8855669990983643 1.886612821575909
    1.8868619975325298 1.8887031442691296 1.8887075732420271 1.8904556429321626
    1.8910639058200616 1.8931836650777616 1.8932127224792719 1.8956278239541007
    1.896772300779503 1.8969911795797088 1.8972290598112522 1.897649386743069
    1.8978037015015918 1.8986264790912628 1.8994976876834699 1.901224372350498
    1.9022216760423969 1.9045852160767027 1.9046617120919109 1.9061664503384843
    1.9067860162997021 1.9090778685526857 1.9091283085028106 1.9094839664991621
    1.9102779667882714 1.9116675039182156 1.9120977624752982 1.9122678974352312
    1.9125410705835293 1.9134437687762329 1.9138214308040158 1.9147592312399411
    1.9151941673383135 1.9174596185209793 1.9179939452178587 1.9185971917721265
    1.9186086804734259 1.9196937281159534 1.9203099123760694 1.9204288587576912
    1.9215568083413928 1.9232604552057637 1.9233637021034156 1.9242591923912187
    1.9244827024532469 1.9245370096660737 1.9252196605910967 1.9260893946981241
    1.9261018054849046 1.9280973216100392 1.9283780785044655 1.9295136230123262
    1.9296284286313039 1.929899196549286 1.929989505125377 1.9320177231156777
    1.9320973993942516 1.9331254112742045 1.9335569251670677 1.9338845108907965
    1.9348967187161179 1.936599497015095 1.9366529463120514 1.9379191170240422
    1.9389709018300891 1.9404226751897415 1.9405766189911446 1.9408082907020798
    1.9408929038139604 1.9455250169980143 1.946385146206012 1.9489356553970296
    1.9495052169210492 1.9533375108191346 1.95367703452348 1.9544049327765607
    1.9554367295680397 1.9573933347825232 1.9574648636164333 1.9589376612154865
    1.9589441815649025 1.9598184345045411 1.9603673006756708 1.9604785333456221
    1.9622504136082739 1.9668740807236702 1.9668953714605191 1.966963578055309
    1.9669856961887717 1.9678964868560342 1.9679968936293335 1.9700270039488714
    1.9722134770197499 1.9727305490797278 1.9735782917084634 1.9746028432009552
    1.9759715136112845 1.9774981530121636 1.9775656135707322 1.9781434095684745
    1.9783697914166016 1.9802318371190875 1.9810711110600703 1.9827519144776791
    1.9828195829912147 1.9842355567859613 1.9850816774460327 1.9854462896432779
    1.9855589179530853 1.9868377650925595 1.9896148529093505 1.9897803211299561
    1.9902461321826166 1.9927759311231057 1.9949029325485981 1.9951475915900119
    1.9966910191903295 1.9978512826809691 1.9987141813063545 1.9996351160550603
    1.9997243239363343 1.9998371755846165 1.9998615431331928 2.0004769564226685
    2.0006983131379457 2.0029576554044297 2.0041832396956352 2.0070182416887974
    2.0083068891983658 2.0084214732558507 2.0088310712817474 2.0106477456484981
    2.0108890501011274 2.012287635328903 2.0156132548809182 2.0160372411625453
    2.0160712904868583 2.0177935527406512 2.0189001962556481 2.0191423121688103
    2.0226175814899157 2.0248597699837774 2.025008743809849 2.0251549395023147
    2.0252804346813114 2.0255690067447176 2.0263711315258206 2.0287611982860199
    2.0291951698968091 2.0341413221747948 2.034145856622672 2.036126777660229
    2.0364716317039893 2.0372119083517646 2.038988629187088 2.0415301605813645
    2.0415524756888792 2.0444258108259419 2.0449022324517614 2.046944772651841
    2.04713257370679 2.0474701246293989 2.0474858220911756 2.047906517697053
    2.0494883424889849 2.0506295729053363 2.0508938173359184 2.0520170918608756
    2.0522779088230436 2.0551337215357535 2.0552511900882564 2.0580384705605561
    2.059050250474987 2.0596284142918648 2.0635213959003522 2.0654770191543625
    2.0659636182989516 2.0694720380056424 2.0695767682154838 2.0731027429153528
    2.0733648104930276 2.0735087618320449 2.074905780762208 2.0759176093474707
    2.0769228297555551 2.0777830593651743 2.0778568687404309 2.0784918235265195
    2.0788490020166535 2.0801929772551375 2.0805125279066488 2.0816400930680174
    2.0824393938537469 2.084313709156504 2.0844520930550061 2.0846616555086737
    2.084692569486073 2.0855603706290822 2.0856081335145973 2.086866294095671
    2.087120096841621 2.0882338274450376 2.089848793266242 2.0910480040620314
    2.0911175217640143 2.0919586737776021 2.0934089854684621 2.0945432771579817
    2.0958776329104958 2.0960186620210757 2.096296595073909 2.0994304104870025
    2.1000306647756588 2.1017319573630857 2.1017359799387805 2.1022844477455465
    2.1023809883264448 2.1026605424742306 2.1031536667684727 2.1060837345490881
    2.106477870698626 2.1073310936926646 2.1075191274583176 2.1091044551199047
    2.1111043660897244 2.1121453573172553 2.1122353871922619 2.113079588576003
    2.1143882238138758 2.1158512379412664 2.1159420099331605 2.1176287165881504
    2.1185589445994424 2.1200474248452537 2.1228030189063247 2.1249829471184967
    2.1261698150465236 2.1265551052422893 2.1270464440648311 2.1275396633406367
    2.1279753908620478 2.1299732301677068 2.1306729340176389 2.1314813615292678
    2.13259854542639 2.1326780508152297 2.1330281785794796 2.1353653785296651
    2.135693027270392 2.1389853842706543 2.1392057756514382 2.1405229009166455
    2.1408393304225228 2.1412245309614568 2.1412613942072007 2.1435553541687113
    2.1437815257528805 2.1453471020367942 2.1453661435148774 2.145615569633037
    2.1458025032418391 2.1478533591138103 2.147876081987647 2.1500168009843037
    2.150270962968392 2.1506149958020919 2.1507502872677833 2.1541157318968089
    2.1551136924069092 2.1555214919876562 2.1558899423412186 2.1589700994474392
    2.1599028389164232 2.161453794336694 2.1614969714040626 2.1623560630451379
    2.163139164090353 2.1648364105304836 2.1669649808706595 2.1671907910875539
    2.1675141921043632 2.167822667002838 2.1680638165131918 2.1685183771498941
    2.1688206775093022 2.1691436433538911 2.1692475382469638 2.1711292934887751
    2.1718869065671242 2.1727775853664753 2.1728009898135952 2.1733915646100286
    2.1739041920788318 2.1748698225981116 2.1749753108579171 2.1768351084249389
    2.1776115395550733 2.1778147265925631 2.1780347019703186 2.1784451547471235
    2.1786052232143902 2.1800771899968368 2.1805788231883221 2.1838448832141921
    2.1838573393172283 2.1843184789261159 2.1848232708669002 2.1864240660015639
    2.1866465555690411 2.1871911497343413 2.1882284771809282 2.1887815271893487
    2.1892081339408378 2.1894029571831197 2.1896372373710165 2.1901425977816587
    2.1901826655007994 2.19061847461046 2.1908178901539941 2.1913389580267335
    2.1930997402981802 2.1934010269537794 2.194704459740251 2.1962385810622891
    2.1984720554050909 2.1991902311409226 2.1993509856811215 2.1998808343038263
    2.2006288873812991 2.2028284607449677 2.2037262993142122 2.2043720770420805
    2.206664822155934 2.2071751917337679 2.2077617141426344 2.2083184094778971
    2.2093890513174301 2.212374102874719 2.2123818468228365 2.2148902641883979
    2.2158109456197508 2.2177277593295912 2.2186223412152231 2.2192273201462456
    2.2196020551721936 2.2244860549867553 2.2257101026307282 2.2278990665380434
    2.2287222682579824 2.2321086700959918 2.2323299604677231 2.2334548807750707
    2.2354455320701163 2.2364234518859121 2.2365461647220095 2.2399479403496421
    2.2399692640658486 2.2420094794172392 2.2424226331122554 2.2457880065348945
    2.2479270297571929 2.2486960913311123 2.2494717822609687 2.2502686364187525
    2.250482545031673 2.2540211747498233 2.2541845995458516 2.255118585891978
    2.2551356138551455 2.2572298897384826 2.2582237025642358 2.2595746379586976
    2.2597206153844431 2.260392780123766 2.2621584199417839 2.2645586580918007
    2.2659139377424253 2.2671668556890836 2.2696093454910624 2.2706196550084314
    2.2710406255259841 2.2714751263124526 2.2718152352063044 2.274629543557694
    2.2756742143919837 2.2761921133248961 2.2773506239107064 2.2793813122334541
    2.2796635442696243 2.2815365208887215 2.2819534142628584 2.283317162937692
    2.2836270184525347 2.2881610868265625 2.28816113338371 2.2912342467340445
    2.2914558648656871 2.2949801718718845 2.2950865115712986 2.2979062208155483
    2.301229837933306 2.3036920379981893 2.3051745462053077 2.3063610357383673
    2.3068453843845873 2.309640505592597 2.3097665447562576 2.3112515554839774
    2.3118903251471088 2.3128541327445191 2.31548950090261 2.3158668584319457
    2.3160970108465335 2.3170459946829092 2.3180918763466707 2.319317116960292
    2.3193497698989631 2.3224962198516246 2.3230968501172051 2.3251420818351107
    2.3255901659928213 2.327216658011821 2.3273779324857364 2.3275612822330913
    2.3281751720996908 2.3287672673238831 2.3291247094439314 2.3341706799424173
    2.33468063576341 2.335808114242051 2.3358598314190906 2.338488920129445
    2.3388551006460148 2.3427740510102617 2.3428070087344772 2.3429800108937306
    2.3453139196920652 2.3457294418712991 2.3461142797118555 2.349357138478922
    2.3493902716836601 2.3531989432559044 2.356947104741721 2.3583924378499432
    2.3601285568167896 2.3609832733676512 2.3612463998567059 2.3637249293756213
    2.3640085052874156 2.3655642045857044 2.3656257850110101 2.3669576026261816
    2.3716977427239954 2.3728669676155505 2.374326746865421 2.3760802950066591
    2.37636611643984 2.3776417606506279 2.3803991183357689 2.380838009151224
    2.383612830029127 2.3856831967244645 2.3860838160744606 2.3868760437544552
    2.3871673737224532 2.3876466491919928 2.3902049487658132 2.3911109075625063
    2.3921535880126612 2.3929595097621736 2.3931046623298093 2.3954298102094072
    2.3987595051073072 2.3989665754769098 2.3996008006458092 2.4006747974012796
    2.4019314825077345 2.4050462463516737 2.4068042012841033 2.4090245926608986
    2.410975309121568 2.4127157900650076 2.4127250852654853 2.4128916005082885
    2.4129692050973972 2.417555214326967 2.4184085889123708 2.4187462188152438
    2.4189823088472053 2.4222275018375967 2.4228085822501271 2.4232219201147323
    2.4236318740777278 2.427129427547603 2.427462000667068 2.4314879746672582
    2.4321206978311238 2.4377528554259698 2.4379370741721686 2.4421226924679331
    2.4437173857579637 2.4455442557982678 2.4472722471931547 2.4557251887497387
    2.455727741938972 2.4557881635239482 2.4581860587891242 2.4602499789441481
    2.4604771295621504 2.4615791256067041 2.4616025711943621 2.462195278665225
    2.4633908912082916 2.4647492488552416 2.4649131179877863 2.4688856868060989
    2.468960204235676 2.4740084571502243 2.475033325907134 2.4753701663482843
    2.4760091309731251 2.4773245073182579 2.4774661597372565 2.4825927610980045
    2.4826904870057356 2.4898927856647788 2.4951741001699097 2.4994075532725524
    2.5011044942677927 2.5037206628713875 2.5041892288157519 2.5074923178399331
    2.5090915050259355 2.5121362701192993 2.5121512192197315 2.5132002127538726
    2.5138171838549774 2.5168726798974603 2.5183556558549753 2.5241906106464285
    2.5250260141374383 2.5271741230547682 2.5276695481984461 2.5317436591420424
    2.5320693804712846 2.5342178358694127 2.537454729145793 2.5401766226265559
    2.5406940794625066 2.5434377715761607 2.5448334629161309 2.5484426718737723
    2.5485449668286719 2.5490549202700095 2.5494781691631374 2.5500831097093246
    2.552417186039444 2.5538958435411891 2.5544895054028225 2.5555529195934241
    2.5593612003233375 2.5623684987021988 2.5639927888339571 2.5644420744008585
    2.565480784389365 2.570430794387903 2.5711481430489584 2.573381082170878
    2.5742613309680564 2.5776726658887128 2.5783493608828394 2.5830210057009331
    2.5840076626093378 2.5902492184899679 2.5939897594380454 2.5971225618222888
    2.5984961463576517 2.5999940336118925 2.6022685759563728 2.6053167727704505
    2.6055534238062137 2.6068447697579131 2.6083707528000559 2.6099306880481286
    2.610479616367229 2.6131690846429287 2.6136779223653548 2.6173871249079639
    2.6187765066360953 2.6229102672389977 2.6230835185024262 2.627960657542038
    2.6290861494262572 2.6345238633905503 2.6345461115949242 2.6375993084029687
    2.6387307214922657 2.6405290676257209 2.6408746223860362 2.6437746107928128
    2.6504330128201161 2.6553675421992011 2.6601660191521055 2.6612787951694372
    2.6618932803326061 2.6661454286778885 2.6688036679188372 2.6728694831563189
    2.6741494138132111 2.6764202834951902 2.6765506682721329 2.6784065938756307
    2.6784140758092385 2.681214326897134 2.6822194020057091 2.6839027215432907
    2.6844669020859633 2.6876496808180264 2.6877003908942547 2.6877916213708772
    2.6879254695686541 2.6921330857062458 2.6922542157763019 2.6948892299718259
    2.6960952115393106 2.6976376637760495 2.6985173830824656 2.7026180431854905
    2.7032692993612244 2.7074456307909713 2.7074600593241485 2.712077626856626
    2.7156956275997195 2.7221597579374852 2.7240648588308431 2.7266381911417739
    2.7266633498325064 2.728390103087198 2.7289872988840216 2.7358766421866676
    2.7360159286913586 2.7374811947065609 2.7378442739318416 2.745215024674053
    2.7455287854154449 2.7463191382266814 2.7470444842883808 2.7492021446232684
    2.7511160310004925 2.7515162544632403 2.7525708296489029 2.7545451496278779
    2.7545785712070483 2.7565158905410194 2.756917093245344 2.7576143463093103
    2.7603904653918412 2.7636596025804465 2.7645109553147904 2.766414768051618
    2.7681317856636269 2.771341428226151 2.7713620533421213 2.7779549264423622
    2.7783152074219593 2.7796407475462197 2.7810204278243873 2.7841076295746063
    2.7842778059729199 2.7868464771974382 2.7940929911189869 2.7975958601955426
    2.7977004100237082 2.7998847437831196 2.8012177164731233 2.8059982568038322
    2.8061726810756227 2.8064978432935277 2.8071983743471569 2.8169514166944887
    2.8183020871099416 2.8192131120801349 2.8209035793518069 2.8225320421948559
    2.8226531843239777 2.8230757374170543 2.8300151150448016 2.8304202391395088
    2.8323856729658701 2.8360766092217395 2.8402488054392356 2.8513730370949211
    2.8515864023313497 2.8529415449793305 2.8531802807519853 2.8577501985118943
    2.8608572738903604 2.8649460120116905 2.8672068448660184 2.870284602091639
    2.8742424009690239 2.8749231555890447 2.8752152911829967 2.876762933379799
    2.8784359655528533 2.8804841339476752 2.8814087761595317 2.8879998087220144
    2.8880206028775319 2.8908834369765373 2.8912024201175277 2.8918969688659977
    2.8936390366516207 2.89593590481824 2.8989609665910998 2.9006608581798901
    2.9008849139067934 2.9044564453365638 2.9047504144259619 2.9065439555060948
    2.9065980155573925 2.908013124402411 2.9103907352380625 2.9138018941534938
    2.9146383537751412 2.9181164541037106 2.9200156029889968 2.9202562832342664
    2.9206900572717132 2.9228337593062861 2.926499551738317 2.927812836490375
    2.9297027643488036 2.9309083699981784 2.9340712841794812 2.940679736267763
    2.9419804490410875 2.9426908319072709 2.9428077454573818 2.9439066380735617
    2.9444022441912239 2.9469361798792306 2.9471089050971386 2.948514363104247
    2.9500080205086001 2.9590670833688364 2.9599053505453412 2.966578318754955
    2.9685128861751764 2.9750503848538301 2.9780735569006538 2.978311477042098
    2.9784461026815734 2.987444182098443 2.9874479041832274 2.9889382426094926
    2.9897939663223951 2.9965655057879985 3.0018314346910606 3.0080161470496023
    3.0096095065888826 3.0153201304447066 3.0177485640228952 3.0210196653127546
    3.0225514350127014 3.0233392192810697 3.023418059829055 3.0266021775230456
    3.0339602307353744 3.0346586755869538 3.0356024970278668 3.0381402023584392
    3.039400171530815 3.0421445967599539 3.0435397062201446 3.0444614690782146
    3.0460513031955543 3.0512941416206254 3.0513578578981346 3.0548562076546659
    3.0574723517629536 3.0621871839217931 3.0643923736895431 3.0648607652158262
    3.0674785461055762 3.0698249482761639 3.0701742024500049 3.0774766359974137
    3.0778257335185799 3.0812312575934584 3.0830975507035134 3.0844608856168634
    3.0878023644809218 3.1029395436767402 3.1030438183647391 3.1071491178533961
    3.1073512256360423 3.1090067865758897 3.1131977680201999 3.1169359151222125
    3.1183412630316525 3.1236813511179662 3.1240360334315938 3.1244489705441083
    3.1282823504154749 3.1328170191566187 3.1371980136418642 3.1388577789815599
    3.1419637099131705 3.1520245545272396 3.1594965614997079 3.1677827039335775
    3.172040712173839 3.1754259308675805 3.175768661606071 3.1834561718744681
    3.184599118976795 3.1862415888735995 3.1869931912842731 3.1935859625907597
    3.2040945722696961 3.2068243057087784 3.2078993342588547 3.2087184539836926
    3.2096806322533666 3.21335490266938 3.2136372527529602 3.2166257608342903
    3.2180972392178546 3.2223600095098845 3.2247103685015568 3.2251951206676495
    3.2253844068366866 3.2332397052055057 3.2377897085311815 3.2407660790699993
    3.2423439450412843 3.2447580518901304 3.2468403149509868 3.2504847950774547
    3.2577264321757866 3.2637857746861605 3.2644985986216852 3.2701010243117707
    3.2712514071577061 3.280490582800212 3.2876140814532846 3.2959726029039302
    3.2991478196718163 3.30000833492943 3.3115523197402581 3.3227486210222423
    3.3289051075175848 3.3305812396887404 3.3307091738415693 3.3392345142492559
    3.3392910038980972 3.3426181279705816 3.3430425803317121 3.3460696985944196
    3.3492710190512298 3.350145423696631 3.3524829444222632 3.3558776071440661
    3.3559348732101171 3.374157062181439 3.3766946704039356 3.3877893823869272
    3.3914840844936407 3.3942284338099853 3.39461222564114 3.4073571253945829
    3.4188450871884015 3.4271046705009667 3.4273329182160523 3.430272060467928
    3.4303102733033484 3.4338984832202186 3.4436213932639816 3.452939872206116
    3.4531390816112548 3.4639084350299356 3.4639445520304264 3.4654145681847695
    3.4683071820832083 3.4689447211367224 3.4690369137125572 3.4780561573797968
    3.4803576755623453 3.4817346330685268 3.4838308529592723 3.4889782219170229
    3.4899552679936505 3.4931159485012131 3.493446374438463 3.5024745011232881
    3.5140415148512147 3.5169639222870046 3.5173329156905879 3.5217512974481906
    3.5219531966449722 3.5344968538066226 3.5390440640975385 3.5448520039440155
    3.5454122681667286 3.5657714421008677 3.5660917370018979 3.5737220551950486
    3.5818101747615287 3.5922063818484276 3.6014818097019088 3.6024562297930061
    3.6122680860930814 3.6170406015523895 3.6175383231941396 3.6259916729286488
    3.6272103455930846 3.629409140648022 3.6366946366861157 3.6479298793478847
    3.6480887824043293 3.6650892285302916 3.6687419953532299 3.6949545534054096
    3.7073036340648287 3.7159383160456514 3.7199085374488732 3.7203376664233474
    3.7237830142648818 3.7404994350645211 3.7416138847324873 3.7467735399654885
    3.7571658017519098 3.7656846279105594 3.7704546567970283 3.7796174344703104
    3.7805292861080488 3.7940325924088825 3.8016216940904997 3.8046962495873231
    3.8076116308720884 3.8083652837258342 3.8148341824395686 3.8174036983048723
    3.8285296040508001 3.8313209755669959 3.8323531090436518 3.8326518976891748
    3.8336434099810504 3.843758253084161 3.8466467127072974 3.8568745939937799
    3.8593959842153254 3.8661521520111819 3.872527967815131 3.8737536030475894
    3.8755012182737119 3.8775649976691966 3.8825433376164256 3.8866543585425006
    3.8897806860977653 3.8931458064639628 3.8956842144031043 3.8960770297744602
    3.9095599593437722 3.9172442333515392 3.9173124588919563 3.9392442606263103
    3.9407867977556634 3.9446142170767757 3.9453672067957086 3.9584636893250718
    3.9590475477762084 3.9830604155356468 3.9902503901012096 3.9994109489757648
    3.9995397794053815 4.0202393661189149 4.0208774381988519 4.0275096744030634
    4.0277155456342371 4.0343694956736726 4.0350892467431549 4.0379013510546429
    4.0392144695906609 4.043004584758819 4.0504222129172831 4.0618141327123567
    4.0620592555513895 4.0869819351587182 4.0872142977386829 4.0874388095419931
    4.0935541599017142 4.0988128917551876 4.1064332401715546 4.1071006194413258
    4.1159850354686114 4.1200676221769754 4.1203083845975925 4.1251859324447651
    4.1266211487336477 4.1269543674764009 4.1293282097790325 4.1305890227667987
    4.131032988170773 4.1376786511705177 4.1452366845646793 4.1557440946030511
    4.1578619167676152 4.1597625597573824 4.1616334569039282 4.1662056024847516
    4.1679946339409071 4.1757351046194344 4.1785667234762514 4.180607304424484
    4.2014265871848693 4.2090566347651475 4.2291297359815871 4.2341136822053613
    4.2381768953050596 4.2424377268816897 4.2426557239241447 4.2487263355480991
    4.2516839748213897 4.2736567053234467 4.2773252017682353 4.2809350634556722
    4.2809452327112467 4.2925943047202963 4.3067316248398129 4.32943066685948
    4.3351024840935679 4.3365402531856034 4.3371549735757071 4.3489157504245668
    4.3633921284374537 4.3768591103444123 4.3861797674126137 4.3920779288271206
    4.3923800419530039 4.3988403806189353 4.3993773197092878 4.4025573942262781
    4.4088077922889397 4.4178214502740047 4.4181770302780023 4.4223289962362742
    4.4223799316089298 4.4442242822892695 4.4575222917676456 4.4850373699573538
    4.4854964276148621 4.4868522370447863 4.4897964838237385 4.4940495754883614
    4.4942501082375657 4.5016794814218883 4.5042121318622321 4.5070186970585837
    4.507045239707395 4.5103443451976091 4.5107339503840649 4.5185197553164471
    4.5230116069074029 4.5243963402840564 4.5278873935349111 4.5450103048972323
    4.5517418972985979 4.5576185862012153 4.5595312793855101 4.6007652228463485
    4.6045902078094514 4.6062910721216213 4.6130135192452144 4.6215369405917954
    4.6334310463362272 4.6365434132712835 4.6366448067874444 4.6454532053949151
    4.660336053501851 4.6686213156772283 4.668998773659041 4.6707264414965834
    4.6922178004870148 4.700819316361958 4.7030642525542135 4.7393918025873063
    4.7394879259272784 4.751175079924451 4.7626196759447339 4.7644544599263554
    4.7699600998413842 4.8092262778382064 4.8291228104428257 4.8381195381407451
    4.8391371437369344 4.8494833445829499 4.8644114057569823 4.8701022306763662
    4.871184194968464 4.8762438868832305 4.8764580119629954 4.8802775292797378
    4.8889858170964544 4.9207600598520003 4.9208718615295766 4.9659158944105002
    4.9781405578560367 4.9828300038093403 4.9831061576164757 4.9841983123158116
    4.984388693576193 5.0209714825261926 5.0324086582386371 5.0364878145214789
    5.0366695488339701 5.0400401792589946 5.0451616471609668 5.1330186374925688
    5.1527018089808969 5.1563649371141764 5.1718801036204241 5.1912146711788409
    5.1983229076317912 5.1987322867425974 5.2202442842138339 5.2443105513319779
    5.2569540170306936 5.2958617316435266 5.296885695265928 5.3123948613958873
    5.3284234660898164 5.3345598819769293 5.3401704727712058 5.3724917641361571
    5.3728650176935844 5.3975462931757647 5.4108380633251727 5.4158766078971894
    5.425134233325025 5.4357307406783093 5.4647011539770212 5.4791841544729323
    5.4810646700884718 5.4933910289382766 5.5177042895584236 5.5183935370414474
    5.5358093036634273 5.5808951159706339 5.6354063467579181 5.705323545873398
    5.7079193747713362 5.7847190148577283 5.7979373742600728 5.8028448042800846
    5.8369763193104518 5.8528246063315237 5.853225247466753 5.8775062982485906
    5.9162423775742354 5.9580970389133654 5.9615557720280776 6.0249707948637479
    6.0290614534296765 6.0359563706483641 6.0441147061255833 6.0579150043603249
    6.0858973172273636 6.0941165037565952 6.1070693404121812 6.1128815171339284
    6.1236526710572434 6.1670711055783158 6.1708574377882996 6.2053742659734326
    6.2356208306628105 6.2481927914500375 6.2612894823896568 6.2733446195049964
    6.2741175337534969 6.3116834954953447 6.324612059167066 6.3377643813319082
    6.3727444007690792 6.3937405988606315 6.3942859961671275 6.4049526442418028
    6.4862261130499519 6.4940788773647 6.5188875128960717 6.5259728193568662
    6.5740553694305959 6.644323862517922 6.6573453903770314 6.6707904663976478
    6.6958883375166351 6.7500542144698557 6.8278816318206736 6.8803679355297618
    6.9154462726373822 6.9166336464631968 6.9168772857346994 6.9288844107059049
    6.9438400588460354 6.9513854997780982 6.9518459238834112 6.9607811729465539
    7.0646177310479743 7.1208339500940383 7.12440409896044 7.1749086526501742
    7.1772145139166241 7.2203762997123704 7.265707142584688 7.2961156877258873
    7.3261722067572919 7.3756785441555621 7.386179803832988 7.4163594724026325
    7.4404646102545939 7.464573255245341 7.5198532190879632 7.5531961349375081
    7.5533298646514595 7.5723549030954018 7.6351507005578014 7.6604605853594876
    7.7467152725134838 7.7608692025347636 7.7613277585519427 7.7892064976249458
    7.7892940156707482 7.8942430054257784 7.8991236537885925 8.0378149831094561
    8.1654163700422941 8.2197693347073937 8.2540972758940825 8.2885107823522048
    8.3311308478787396 8.3955107332892567 8.3995174065921674 8.4848225190626181
    8.5015173584124568 8.6018640666543433 8.6880233027513896 8.8384031921998485
    8.839457486852325 8.9148611727621301 8.9914985238319787 9.1195512950929469
    9.2043712442859942 9.6526567731161776 9.7686372764733278), winSize: 6.0e+1,
    binSize: 1.0e+1, tStart: 0.0, tEnd: 7.211e+3, binStart: 7.211e+3,
    maxBLsize: 1.0e+4 >
Bye.
