		     \||||||||||||||||||/
		   --- Welcome to Maude ---
		     /||||||||||||||||||\
	     Maude 3.5 built: Sep 25 2024 12:00:00
	     Copyright 1997-2024 SRI International
		   Sat Aug 15 19:03:30 2026
Warning: "smc_cp3-refactored.maude", line 140 (mod SMC_CP3): multiple distinct
    parses for statement
eq sumDiff (F F' FL) = (F' - F) + sumDiff (F' FL) .
Warning: "smc_cp3-refactored.maude", line 145 (mod SMC_CP3): multiple distinct
    parses for statement
eq avgDiff (FL) = if (len (FL) == 1) then 0.0 else sumDiff (FL) / float (len (
    FL) - 1) fi .
Warning: "smc_cp3-refactored.maude", line 150 (mod SMC_CP3): multiple distinct
    parses for statement
eq sumSquaredDiff (F FL, F') = (F - F') * (F - F') + sumSquaredDiff (FL, F') .
Warning: "smc_cp3-refactored.maude", line 225 (mod SMC_CP3): multiple distinct
    parses for statement
eq compLatency (Tsent, Trcvd) = Trcvd - Tsent .
Warning: "smc_cp3-refactored.maude", line 291 (mod SMC_CP3): multiple distinct
    parses for statement
eq getGoodput (< ADDR : IrcMonitor | msgRcvd: ircMTL, attrs >, Tstart, Tend) =
    collectGoodput (filterWindow (ircMTL, Tstart, Tend), Tstart, Tend) * 8.0 /
    (Tend - Tstart) .
Warning: "smc_cp3-refactored.maude", line 381 (mod SMC_CP3): multiple distinct
    parses for statement
eq normMED (NL, NL') = if max (lenMsgIdList (NL), lenMsgIdList (NL')) == 0 then
    1.0 else 1.0 - (float (med (NL, NL')) / float (max (lenMsgIdList (NL),
    lenMsgIdList (NL')))) fi .
Warning: "smc_cp3-refactored.maude", line 500 (mod SMC_CP3): multiple distinct
    parses for statement
eq getMTBF (< ADDR : IrcMonitor | msgSent: ircMTL, msgRcvd: ircMTL', attrs >,
    Tn, Tstart, Tend) = getMTBFAux (filterWindow (ircMTL, Tstart - Tn, Tend +
    Tn), filterWindow (ircMTL', Tstart - Tn, Tend + Tn), Tn, Tstart, Tend) .
Warning: "smc_cp3-refactored.maude", line 560 (mod SMC_CP3): multiple distinct
    parses for statement
eq KsDistanceX (F FL, nil, I, J, invN, invN', D) = max2 (D, abs ((float (I) *
    invN) - 1.0)) .
Warning: "smc_cp3-refactored.maude", line 561 (mod SMC_CP3): multiple distinct
    parses for statement
eq KsDistanceX (nil, F' FL', I, J, invN, invN', D) = max2 (D, abs (1.0 - (float
    (J) * invN'))) .
Warning: "smc_cp3-refactored.maude", line 563 (mod SMC_CP3): multiple distinct
    parses for statement
ceq KsDistanceX (F FL, F' FL', I, J, invN, invN', D) = KsDistanceX (FL1, FL2, I
    + C1, J + C2, invN, invN', max2 (D, abs ((float (I + C1) * invN) - (float (
    J + C2) * invN')))) if F == F' /\ prefix (C1, FL1) := skipEqPrefix (F, F
    FL) /\ prefix (C2, FL2) := skipEqPrefix (F', F' FL') .
Warning: "smc_cp3-refactored.maude", line 569 (mod SMC_CP3): multiple distinct
    parses for statement
ceq KsDistanceX (F FL, F' FL', I, J, invN, invN', D) = KsDistanceX (FL, F' FL',
    I + 1, J, invN, invN', max2 (D, abs ((float (I + 1) * invN) - (float (J) *
    invN')))) if F < F' .
Warning: "smc_cp3-refactored.maude", line 573 (mod SMC_CP3): multiple distinct
    parses for statement
ceq KsDistanceX (F FL, F' FL', I, J, invN, invN', D) = KsDistanceX (F FL, FL',
    I, J + 1, invN, invN', max2 (D, abs ((float (I) * invN) - (float (J + 1) *
    invN')))) if F > F' .
Warning: "smc_cp3-refactored.maude", line 583 (mod SMC_CP3): multiple distinct
    parses for statement
eq KsStatisticZ (FL, FL', K) = KsDistance (FL, FL') - K .
Warning: "smc_cp3-refactored.maude", line 679 (mod SMC_CP3): multiple distinct
    parses for statement
eq compObsFeatureX (vp, dnsQueryRate, Fid, TOL, Tstart, Tend) = float (
    countDNSQuery (vp, Fid, TOL, Tstart, Tend)) / (Tend - Tstart) .
Warning: "smc_cp3-refactored.maude", line 693 (mod SMC_CP3): multiple distinct
    parses for statement
eq compObsFeatureX (vp, tcpUpRate, Fid, TOL, Tstart, Tend) = float (
    sizeTCPUpload (vp, Fid, TOL, Tstart, Tend)) / (Tend - Tstart) .
Warning: "smc_cp3-refactored.maude", line 695 (mod SMC_CP3): multiple distinct
    parses for statement
eq compObsFeatureX (vp, tcpDownRate, Fid, TOL, Tstart, Tend) = float (
    sizeTCPDownload (vp, Fid, TOL, Tstart, Tend)) / (Tend - Tstart) .
Warning: "smc_cp3-refactored.maude", line 703 (mod SMC_CP3): multiple distinct
    parses for statement
eq compObsFeatureX (vp, tcpOutPktRate, Fid, TOL, Tstart, Tend) = float (
    countTCPOutPkt (vp, Fid, TOL, Tstart, Tend)) / (Tend - Tstart) .
Warning: "smc_cp3-refactored.maude", line 705 (mod SMC_CP3): multiple distinct
    parses for statement
eq compObsFeatureX (vp, tcpInPktRate, Fid, TOL, Tstart, Tend) = float (
    countTCPInPkt (vp, Fid, TOL, Tstart, Tend)) / (Tend - Tstart) .
Warning: "smc_cp3-refactored.maude", line 724 (mod SMC_CP3): multiple distinct
    parses for statement
eq compObsFeatureX (vp, dnsQueryRate, TOL, Tstart, Tend) = float (countDNSQuery
    (vp, TOL, Tstart, Tend)) / (Tend - Tstart) .
Warning: "smc_cp3-refactored.maude", line 738 (mod SMC_CP3): multiple distinct
    parses for statement
eq compObsFeatureX (vp, tcpUpRate, TOL, Tstart, Tend) = float (sizeTCPUpload (
    vp, TOL, Tstart, Tend)) / (Tend - Tstart) .
Warning: "smc_cp3-refactored.maude", line 740 (mod SMC_CP3): multiple distinct
    parses for statement
eq compObsFeatureX (vp, tcpDownRate, TOL, Tstart, Tend) = float (
    sizeTCPDownload (vp, TOL, Tstart, Tend)) / (Tend - Tstart) .
Warning: "smc_cp3-refactored.maude", line 748 (mod SMC_CP3): multiple distinct
    parses for statement
eq compObsFeatureX (vp, tcpOutPktRate, TOL, Tstart, Tend) = float (
    countTCPOutPkt (vp, TOL, Tstart, Tend)) / (Tend - Tstart) .
Warning: "smc_cp3-refactored.maude", line 750 (mod SMC_CP3): multiple distinct
    parses for statement
eq compObsFeatureX (vp, tcpInPktRate, TOL, Tstart, Tend) = float (countTCPInPkt
    (vp, TOL, Tstart, Tend)) / (Tend - Tstart) .
Warning: "smc_cp3-refactored.maude", line 911 (mod SMC_CP3): multiple distinct
    parses for statement
ceq expectedKObsFeature (vp, obsF, baselineCDF, binECDFs, T, Tend, winSize,
    binSize, Ksum, N) = if KD >= 0.0 then expectedKObsFeature (vp, obsF,
    baselineCDF, binECDFs, T + binSize, Tend, winSize, binSize, Ksum + KD, N +
    1) else expectedKObsFeature (vp, obsF, baselineCDF, binECDFs, T + binSize,
    Tend, winSize, binSize, Ksum, N) fi if (T + winSize) <= (Tend + Tesp) /\
    ECDF := sort (getECDFObsFeatureRange (binECDFs, floor (rat (T / binSize)),
    (floor (rat (T / binSize)) + floor (rat (winSize / binSize))) - 1)) /\ KD
    := KsDistance (baselineCDF, ECDF) .
Warning: "smc_cp3-refactored.maude", line 1079 (mod SMC_CP3): multiple distinct
    parses for statement
eq getCUSUMZt (< ADDR : Adversary | gt: (bl (vp, obsF, K, Zt) :; blList), attrs
    >, vp, obsF, Tstart, Tend, winSize, binSize) = cusumRange (Zt, floor (rat (
    Tstart / binSize)), floor (rat ((Tend - winSize) / binSize))) .
==========================================
rewrite in HCS-TEST-BASELINE-TCPPKTINTERARRIVAL-CL5 : run((initState(counter) [
    tgenDelay, to baseLineAddr from baseLineAddr : initBase, 0]) 
{0.0 |
nil}, slimit) .
rewrites: 73493147551 in 7546958ms cpu (7564123ms real) (9738114
    rewrites/second)
result Actor: 
< baseLineAddr : BaseLineMonitor | viewPts: cl[5], features:
    tcpPktInterarrival, baseLine: bl(cl[5], tcpPktInterarrival,
    1.9249795017530288e-1, 2.1323609900036899e-6 6.2837334553478286e-6
    1.2111999947390157e-5 1.2111999978969834e-5 1.2111999978969834e-5
    1.2111999978969834e-5 1.2111999984137418e-5 1.2111999992087545e-5
    1.2111999994472585e-5 1.2111999997917641e-5 1.2111999997917641e-5
    1.2111999997917641e-5 1.2111999997917641e-5 1.2111999997917641e-5
    1.2111999999470738e-5 1.2111999999470738e-5 1.2111999999470738e-5
    1.2111999999470738e-5 1.2112000000402598e-5 1.2112000000402598e-5
    1.2112000000402598e-5 1.2112000000402598e-5 1.2112000000402598e-5
    1.2112000000402598e-5 1.2112000000402598e-5 1.2112000000402598e-5
    1.2112000000402598e-5 1.2112000000402598e-5 1.2112000000402598e-5
    1.2112000000402598e-5 1.2112000000402598e-5 1.2112000000402598e-5
    1.2112000000402598e-5 1.2112000000402598e-5 1.2112000000402598e-5
    1.2112000000402598e-5 1.2112000000402598e-5 1.2112000000402598e-5
    1.2112000000402598e-5 1.2112000000402598e-5 1.2112000000402598e-5
    1.2112000000402598e-5 1.2112000000402598e-5 1.2112000000402598e-5
    1.2112000000402598e-5 1.2112000000402598e-5 1.2112000000402598e-5
    1.2112000000402598e-5 1.2112000000402598e-5 1.2112000000402598e-5
    1.2112000000402598e-5 1.2112000000402598e-5 1.2112000000402598e-5
    1.2112000000402598e-5 1.2112000000402598e-5 1.2112000000402598e-5
    1.2112000000402598e-5 1.2112000000402598e-5 1.2112000000402598e-5
    1.2112000000402598e-5 1.2112000000402598e-5 1.2112000000402598e-5
    1.2112000000402598e-5 1.2112000000402598e-5 1.2112000000402598e-5
    1.2112000000402598e-5 1.2112000000402598e-5 1.2112000000402598e-5
    1.2112000000402598e-5 1.2112000000402598e-5 1.2112000000402598e-5
    1.2112000000402598e-5 1.2112000000402598e-5 1.2112000000402598e-5
    1.2112000000402598e-5 1.2112000000402598e-5 1.2112000000402598e-5
    1.2112000000402598e-5 1.2112000000402598e-5 1.2112000000402598e-5
    1.2112000000402598e-5 1.2112000000402598e-5 1.2112000000402598e-5
    1.2112000000402598e-5 1.2112000000402598e-5 1.2112000000402598e-5
    1.2112000000402598e-5 1.2112000000402598e-5 1.2112000000402598e-5
    1.2112000000402598e-5 1.2112000000402598e-5 1.2112000000402598e-5
    1.2112000000402598e-5 1.2112000000402598e-5 1.2112000000402598e-5
    1.2112000000402598e-5 1.2112000000402598e-5 1.2112000000402598e-5
    1.2112000000402598e-5 1.2112000000402598e-5 1.2112000000402598e-5
    1.2112000000402598e-5 1.2112000000402598e-5 1.2112000000402598e-5
    1.2112000000402598e-5 1.2112000000402598e-5 1.2112000000402598e-5
    1.2112000000402598e-5 1.2112000000402598e-5 1.2112000000402598e-5
    1.2112000000402598e-5 1.2112000000402598e-5 1.2112000000402598e-5
    1.2112000000402598e-5 1.2112000000402598e-5 1.2112000000402598e-5
    1.2112000000402598e-5 1.2112000000402598e-5 1.2112000000402598e-5
    1.2112000000402598e-5 1.2112000000402598e-5 1.2112000000402598e-5
    1.2112000000402598e-5 1.2112000000402598e-5 1.2112000000402598e-5
    1.2112000000402598e-5 1.2112000000402598e-5 1.2112000000402598e-5
    1.2112000000402598e-5 1.2112000000402598e-5 1.2112000000402598e-5
    1.2112000000402598e-5 1.2112000000402598e-5 1.2112000000402598e-5
    1.2112000000402598e-5 1.2112000000402598e-5 1.2112000000402598e-5
    1.2112000000402598e-5 1.2112000000402598e-5 1.2112000000402598e-5
    1.2112000000402598e-5 1.2112000000402598e-5 1.2112000000402598e-5
    1.2112000000402598e-5 1.2112000000402598e-5 1.2112000000402598e-5
    1.2112000000402598e-5 1.2112000000402598e-5 1.2112000000402598e-5
    1.2112000000402598e-5 1.2112000000402598e-5 1.2112000000402598e-5
    1.2112000001212911e-5 1.2112000002375948e-5 1.2112000007391543e-5
    1.2112000009577829e-5 1.2112000012217871e-5 1.2112000013075885e-5
    1.2112000013075885e-5 1.2112000019572275e-5 1.2112000149500091e-5
    1.8600765088194748e-5 7.9778413635267498e-5 1.0411737366666785e-4
    1.094307999665034e-4 1.561750241307891e-4 1.6835773476486793e-4
    2.2270139106694842e-4 2.6876582660406712e-4 2.9249342878756579e-4
    3.2899190614443796e-4 3.5462246205497649e-4 4.5991990526772497e-4
    5.0054609801009065e-4 5.0495344305545586e-4 5.0495344305545586e-4
    5.0560745989969291e-4 5.1016567704209592e-4 5.1734354292420903e-4
    6.2135055691214802e-4 6.6504558052620628e-4 6.6504558052620628e-4
    6.6504558052620628e-4 6.6504558052620628e-4 6.6504558052620628e-4
    6.6504558052620628e-4 6.6504558052620628e-4 6.6504558052620628e-4
    6.6504558052620628e-4 6.6504558052620628e-4 6.6504558052620628e-4
    6.6504558052620628e-4 6.6504558052620628e-4 6.6504558052620628e-4
    6.6504558052620628e-4 6.6504558052620628e-4 6.6504558052620628e-4
    6.6504558052620628e-4 6.6504558052733189e-4 6.6504558052733189e-4
    6.6504558052733189e-4 6.6504558052733189e-4 6.6504558052733189e-4
    6.6504558052733189e-4 6.6504558052733189e-4 6.6504558052733189e-4
    6.6504558052845751e-4 6.6504558052845751e-4 6.6504558052845751e-4
    6.6504558052845751e-4 6.6504558052845751e-4 6.6504558052845751e-4
    6.6504558052845751e-4 6.6504558052845751e-4 6.6504558052845751e-4
    6.6504558052845751e-4 6.6504558052845751e-4 6.6504558052845751e-4
    6.6504558052845751e-4 6.6504558052845751e-4 6.6504558052845751e-4
    6.6504558052845751e-4 6.6504558052845751e-4 6.6504558052845751e-4
    6.6504558052845751e-4 6.6504558052845751e-4 6.6504558052845751e-4
    6.6504558052845751e-4 6.6504558052845751e-4 6.6504558052845751e-4
    6.6504558052845751e-4 6.6504558052845751e-4 6.6504558052845751e-4
    6.6504558052845751e-4 6.6504558052845751e-4 6.6504558052845751e-4
    6.6504558052845751e-4 6.6504558052845751e-4 6.6504558052845751e-4
    6.6504558052845751e-4 6.6504558052845751e-4 6.6504558052845751e-4
    6.6504558052845751e-4 6.6504558052845751e-4 6.6504558052845751e-4
    6.6504558052845751e-4 6.6504558052845751e-4 6.6504558052845751e-4
    6.6504558052845751e-4 6.6504558052845751e-4 6.6504558052845751e-4
    6.6504558052845751e-4 6.6504558052845751e-4 6.6504558052845751e-4
    6.6504558052845751e-4 6.6504558052845751e-4 6.6504558052845751e-4
    6.6504558052845751e-4 6.6504558052845751e-4 6.6504558052845751e-4
    6.6504558052845751e-4 6.6504558052845751e-4 6.6504558052845751e-4
    6.6504558052845751e-4 6.6504558052845751e-4 6.6504558052845751e-4
    6.6504558052845751e-4 6.6504558052845751e-4 6.6504558052845751e-4
    6.6504558052845751e-4 6.6504558052845751e-4 6.6504558052845751e-4
    6.6504558052845751e-4 6.6504558052845751e-4 6.6504558052845751e-4
    6.6504558052845751e-4 6.6504558052845751e-4 6.6504558052845751e-4
    6.6504558052845751e-4 6.6504558052845751e-4 6.6504558052845751e-4
    6.6504558052845751e-4 6.6504558052845751e-4 6.6504558052845751e-4
    6.6504558052845751e-4 6.6504558052845751e-4 6.6504558052845751e-4
    6.6504558052845751e-4 6.6504558052845751e-4 6.6504558052845751e-4
    6.6504558052845751e-4 6.6504558052845751e-4 6.6504558052845751e-4
    6.6504558052845751e-4 6.6504558052845751e-4 6.6504558052845751e-4
    6.6504558052845751e-4 6.6504558052845751e-4 6.6504558052845751e-4
    6.6504558052845751e-4 6.6504558052845751e-4 6.6504558052845751e-4
    6.6504558052845751e-4 6.6504558052845751e-4 6.6504558052845751e-4
    6.6504558052845751e-4 6.6504558052845751e-4 6.6504558052845751e-4
    6.6504558052845751e-4 6.6504558052845751e-4 6.6504558052845751e-4
    6.6504558052845751e-4 6.6504558052845751e-4 6.6504558052845751e-4
    6.6504558052845751e-4 6.6504558052845751e-4 6.6504558052845751e-4
    6.6504558052845751e-4 6.6504558052845751e-4 6.6504558052845751e-4
    6.6504558052845751e-4 6.7744897580723773e-4 6.8663170074501068e-4
    6.898269089398838e-4 6.898269089398838e-4 6.898269089398838e-4
    6.9197067663593508e-4 7.1069982459448511e-4 8.3228301907922742e-4
    9.1973843518644571e-4 9.9999999997635314e-4 9.9999999997635314e-4
    9.9999999997635314e-4 9.9999999997635314e-4 9.9999999997635314e-4
    9.9999999997635314e-4 1.0000000002037268e-3 1.0425228067703074e-3
    1.0786639232712092e-3 1.0786639232712092e-3 1.0786639232712092e-3
    1.0786639232712092e-3 1.0786639232712092e-3 1.0786639232712092e-3
    1.0786639232712092e-3 1.0786639232712092e-3 1.0786639232712092e-3
    1.0786639232712092e-3 1.0786639232712092e-3 1.0786639232712092e-3
    1.0786639232712092e-3 1.0786639232712092e-3 1.0786639232712092e-3
    1.0786639232712092e-3 1.0786639232712092e-3 1.0786639232712092e-3
    1.0786639232712092e-3 1.0786639232712092e-3 1.0786639232712092e-3
    1.0786639232712092e-3 1.0786639232712092e-3 1.0786639232712092e-3
    1.0786639232712092e-3 1.0786639232712092e-3 1.0786639232712092e-3
    1.0786639232712092e-3 1.0786639232712092e-3 1.0786639232712092e-3
    1.0786639232712092e-3 1.0786639232712092e-3 1.0786639232712092e-3
    1.0786639232712092e-3 1.0786639232712092e-3 1.0786639232712092e-3
    1.0786639232712092e-3 1.0786639232712092e-3 1.0786639232712092e-3
    1.0786639232712092e-3 1.0786639232712092e-3 1.0786639232712092e-3
    1.0786639232712092e-3 1.0786639232712092e-3 1.0786639232712092e-3
    1.0786639232712092e-3 1.0786639232730883e-3 1.0786639232730883e-3
    1.0786639232730883e-3 1.0786639232730883e-3 1.0786639232730883e-3
    1.0786639232730883e-3 1.0786639232730883e-3 1.0786639232730883e-3
    1.0786639232730883e-3 1.0786639232730883e-3 1.0786639232730883e-3
    1.0786639232730883e-3 1.0786639232730883e-3 1.0786639232730883e-3
    1.0786639232730883e-3 1.0786639232730883e-3 1.0786639232730883e-3
    1.0786639232730883e-3 1.0786639232730883e-3 1.0786639232730883e-3
    1.0786639232730883e-3 1.0786639232730883e-3 1.0786639232730883e-3
    1.0786639232730883e-3 1.0786639232730883e-3 1.0786639232730883e-3
    1.0786639232730883e-3 1.0786639232730883e-3 1.0786639232730883e-3
    1.0786639232730883e-3 1.0786639232730883e-3 1.0786639232730883e-3
    1.0786639232730883e-3 1.0786639232730883e-3 1.0786639232730883e-3
    1.0786639232730883e-3 1.0786639232730883e-3 1.0786639232730883e-3
    1.0786639232730883e-3 1.0786639232730883e-3 1.0786639232787257e-3
    1.0786639232787257e-3 1.0786639232787257e-3 1.0786639232787257e-3
    1.0786639232787257e-3 1.0786639232787257e-3 1.0786639232787257e-3
    1.0786639232787257e-3 1.0786639232787257e-3 1.0786639232787257e-3
    1.0786639232787257e-3 1.0786639232787257e-3 1.0786639232787257e-3
    1.0786639232787257e-3 1.0786639232787257e-3 1.0786639232787257e-3
    1.0786639232787257e-3 1.0786639232787257e-3 1.0786639232787257e-3
    1.0786639232787257e-3 1.0786639232787257e-3 1.0786639232787257e-3
    1.0786639232787257e-3 1.0786639232787257e-3 1.0786639232787257e-3
    1.0786639232787257e-3 1.0786639232787257e-3 1.0786639232787257e-3
    1.0786639232787257e-3 1.0786639232787257e-3 1.0786639232787257e-3
    1.0786639232787257e-3 1.0786639232787257e-3 1.0786639232787257e-3
    1.0786639232787257e-3 1.0786639232787257e-3 1.0786639232787257e-3
    1.0786639232787257e-3 1.0786639232787257e-3 1.0786639232787257e-3
    1.0786639232787257e-3 1.0786639232787257e-3 1.0786639232787257e-3
    1.0786639232787257e-3 1.0786639232787257e-3 1.0786639232787257e-3
    1.0786639232787257e-3 1.0786639232787257e-3 1.0786639232787257e-3
    1.0786639232787257e-3 1.0786639232787257e-3 1.0786639232787257e-3
    1.0786639232787257e-3 1.0786639232787257e-3 1.0786639232787257e-3
    1.0786639232787257e-3 1.1068696924093995e-3 1.113030322970693e-3
    1.113030322970693e-3 1.1130303229725722e-3 1.1130303229725722e-3
    1.1130303229725722e-3 1.1130303229725722e-3 1.1130303229725722e-3
    1.1130303229725722e-3 1.1130303229725722e-3 1.1130303229725722e-3
    1.2411861211062171e-3 1.2491809705356255e-3 1.2503998154449107e-3
    1.2566024944487609e-3 1.2937795423212952e-3 1.3595060829688103e-3
    1.379508097688813e-3 1.3797972609860994e-3 1.3808218514448248e-3
    1.381243533034229e-3 1.3992482633130774e-3 1.4005192840730576e-3
    1.4044777907292253e-3 1.408803990987458e-3 1.4148040759547147e-3
    1.4149670864940598e-3 1.467985859628715e-3 1.467985859628715e-3
    1.467985859628715e-3 1.467985859628715e-3 1.467985859628715e-3
    1.467985859628715e-3 1.467985859628715e-3 1.467985859628715e-3
    1.467985859628715e-3 1.467985859628715e-3 1.467985859628715e-3
    1.467985859628715e-3 1.467985859628715e-3 1.467985859628715e-3
    1.467985859628715e-3 1.467985859628715e-3 1.4679858596304506e-3
    1.4679858596304506e-3 1.4679858596304506e-3 1.4679858596304506e-3
    1.4679858596304506e-3 1.4679858596304506e-3 1.4679858596304506e-3
    1.4679858596308847e-3 1.4679858596308847e-3 1.4679858596313186e-3
    1.4679858596313186e-3 1.4679858596313186e-3 1.4679858596313186e-3
    1.4679858596313186e-3 1.4679858596313186e-3 1.4679858596321864e-3
    1.4679858596321864e-3 1.4679858596321864e-3 1.4679858596321864e-3
    1.4679858596321864e-3 1.4679858596321864e-3 1.4679858596321864e-3
    1.4679858596321864e-3 1.4679858596321864e-3 1.4679858596321864e-3
    1.4679858596321864e-3 1.4679858596321864e-3 1.4679858596321864e-3
    1.4679858596321864e-3 1.4679858596321864e-3 1.4679858596321864e-3
    1.4679858596321864e-3 1.4679858596321864e-3 1.4679858596321864e-3
    1.4679858596321864e-3 1.4679858596321864e-3 1.4679858596321864e-3
    1.4679858596321864e-3 1.4679858596321864e-3 1.4679858596321864e-3
    1.4679858596321864e-3 1.4679858596321864e-3 1.4679858596321864e-3
    1.4679858596321864e-3 1.4679858596321864e-3 1.4706245001235567e-3
    1.4715028824285627e-3 1.4791848893205147e-3 1.4791848893205147e-3
    1.4875259431747368e-3 1.4876916974721998e-3 1.4880115697590479e-3
    1.4885894667971754e-3 1.4894165515366691e-3 1.5018692567088231e-3
    1.5019973840132374e-3 1.5022845784441615e-3 1.508254920229545e-3
    1.508254920229545e-3 1.508254920229545e-3 1.508254920229545e-3
    1.508254920229545e-3 1.508254920229545e-3 1.508254920229545e-3
    1.508254920229545e-3 1.508254920229545e-3 1.508254920229545e-3
    1.508254920229545e-3 1.508254920229545e-3 1.508254920229545e-3
    1.508254920229545e-3 1.508254920229545e-3 1.508254920229545e-3
    1.508254920229545e-3 1.508254920229545e-3 1.508254920229545e-3
    1.508254920229545e-3 1.508254920229545e-3 1.508254920229545e-3
    1.508254920229545e-3 1.508254920229545e-3 1.508254920229545e-3
    1.508254920229545e-3 1.508254920229545e-3 1.508254920229545e-3
    1.508254920229545e-3 1.508254920229545e-3 1.508254920229545e-3
    1.508254920229545e-3 1.508254920229545e-3 1.508254920229545e-3
    1.508254920229545e-3 1.508254920229545e-3 1.508254920229545e-3
    1.508254920229545e-3 1.508254920229545e-3 1.508254920229545e-3
    1.508254920229545e-3 1.508254920229545e-3 1.508254920229545e-3
    1.508254920229545e-3 1.508254920229545e-3 1.508254920229545e-3
    1.508254920229545e-3 1.508254920229545e-3 1.508254920229545e-3
    1.508254920229545e-3 1.508254920229545e-3 1.508254920229545e-3
    1.508254920229545e-3 1.508254920229545e-3 1.508254920229545e-3
    1.508254920229545e-3 1.508254920229545e-3 1.508254920229545e-3
    1.508254920229545e-3 1.508254920229545e-3 1.508254920229545e-3
    1.508254920229545e-3 1.508254920229545e-3 1.508254920229545e-3
    1.508254920229545e-3 1.508254920229545e-3 1.508254920229545e-3
    1.508254920229545e-3 1.508254920229545e-3 1.508254920229545e-3
    1.508254920229545e-3 1.508254920229545e-3 1.508254920229545e-3
    1.508254920229545e-3 1.508254920229545e-3 1.508254920229545e-3
    1.508254920229545e-3 1.508254920229545e-3 1.508254920229545e-3
    1.508254920229545e-3 1.508254920229545e-3 1.508254920229545e-3
    1.508254920229545e-3 1.508254920229545e-3 1.508254920229545e-3
    1.508254920229545e-3 1.508254920229545e-3 1.508254920229545e-3
    1.508254920229545e-3 1.508254920229545e-3 1.508254920229545e-3
    1.508254920229545e-3 1.508254920229545e-3 1.508254920229545e-3
    1.508254920229545e-3 1.508254920229545e-3 1.508254920229545e-3
    1.508254920229545e-3 1.508254920229545e-3 1.508254920229545e-3
    1.508254920229545e-3 1.508254920229545e-3 1.508254920229545e-3
    1.508254920229545e-3 1.508254920229545e-3 1.508254920229545e-3
    1.508254920229545e-3 1.508254920229545e-3 1.508254920229545e-3
    1.508254920229545e-3 1.508254920229545e-3 1.508254920229545e-3
    1.508254920229545e-3 1.508254920229545e-3 1.508254920229545e-3
    1.508254920229545e-3 1.508254920229545e-3 1.508254920229545e-3
    1.508254920229545e-3 1.508254920229545e-3 1.508254920229545e-3
    1.508254920229545e-3 1.508254920229545e-3 1.508254920229545e-3
    1.508254920229545e-3 1.508254920229545e-3 1.508254920229545e-3
    1.508254920229545e-3 1.5082549202330164e-3 1.5082549202330164e-3
    1.5082549202330164e-3 1.5082549202330164e-3 1.5082549202330164e-3
    1.5082549202330164e-3 1.5082549202330164e-3 1.5082549202330164e-3
    1.5082549202330164e-3 1.5082549202330164e-3 1.5082549202330164e-3
    1.5082549202330164e-3 1.5082549202330164e-3 1.5082549202330164e-3
    1.5082549202330164e-3 1.5082549202330164e-3 1.5082549202330164e-3
    1.5082549202330164e-3 1.5082549202330164e-3 1.5082549202330164e-3
    1.5082549202330164e-3 1.5082549202330164e-3 1.5082549202330164e-3
    1.5082549202330164e-3 1.5082549202330164e-3 1.5082549202330164e-3
    1.5082549202330164e-3 1.5082549202330164e-3 1.5082549202330164e-3
    1.5082549202330164e-3 1.5082549202330164e-3 1.5082549202330164e-3
    1.5082549202330164e-3 1.5082549202330164e-3 1.5082549202330164e-3
    1.5082549202330164e-3 1.5082549202330164e-3 1.5082549202330164e-3
    1.5082549202330164e-3 1.5082549202330164e-3 1.5082549202330164e-3
    1.5082549202330164e-3 1.5082549202330164e-3 1.5082549202330164e-3
    1.5082549202330164e-3 1.5082549202330164e-3 1.5082549202330164e-3
    1.5082549202330164e-3 1.5082549202330164e-3 1.5082549202330164e-3
    1.5082549202330164e-3 1.5082549202330164e-3 1.5082549202330164e-3
    1.5082549202330164e-3 1.5082549202330164e-3 1.5082549202330164e-3
    1.5082549202330164e-3 1.5082549202330164e-3 1.5082549202330164e-3
    1.5082549202330164e-3 1.5082549202330164e-3 1.5082549202330164e-3
    1.5082549202330164e-3 1.5082549202330164e-3 1.5082549202330164e-3
    1.5082549202330164e-3 1.5082549202330164e-3 1.5082549202330164e-3
    1.5082549202330164e-3 1.5082549202330164e-3 1.5082549202330164e-3
    1.5082549202330164e-3 1.5082549202330164e-3 1.5082549202330164e-3
    1.5082549202330164e-3 1.5082549202330164e-3 1.5082549202330164e-3
    1.5082549202330164e-3 1.5082549202330164e-3 1.5082549202330164e-3
    1.5082549202330164e-3 1.5082549202330164e-3 1.5082549202330164e-3
    1.5082549202330164e-3 1.5082549202330164e-3 1.5082549202330164e-3
    1.5082549202330164e-3 1.5082549202330164e-3 1.5082549202330164e-3
    1.5082549202330164e-3 1.5082549202330164e-3 1.5082549202330164e-3
    1.5082549202338842e-3 1.5082549202338842e-3 1.5082549202338842e-3
    1.5082549202338842e-3 1.5082549202338842e-3 1.5082549202338842e-3
    1.5082549202338842e-3 1.5082549202338842e-3 1.5082549202338842e-3
    1.5082549202338842e-3 1.5082549202338842e-3 1.5082549202338842e-3
    1.5082549202338842e-3 1.5082549202338842e-3 1.5082549202338842e-3
    1.5082549202338842e-3 1.5082549202338842e-3 1.5082549202338842e-3
    1.5082549202338842e-3 1.5082549202338842e-3 1.5082549202338842e-3
    1.5082549202338842e-3 1.5082549202341013e-3 1.5082549202341013e-3
    1.5082549202341013e-3 1.5082549202341013e-3 1.5082549202341013e-3
    1.5082549202341013e-3 1.5082549202342097e-3 1.5082549202342097e-3
    1.5082549202343181e-3 1.5082549202343181e-3 1.5082549202343181e-3
    1.5082549202343181e-3 1.5082549202343181e-3 1.5082549202343181e-3
    1.5082549202343181e-3 1.5082549202343181e-3 1.5082549202343181e-3
    1.5082549202343181e-3 1.5082549202343181e-3 1.5082549202343181e-3
    1.5082549202343181e-3 1.508254920234752e-3 1.508254920234752e-3
    1.508254920234752e-3 1.508254920234752e-3 1.508254920234752e-3
    1.508254920234752e-3 1.508254920234752e-3 1.508254920234752e-3
    1.508254920234752e-3 1.508254920234752e-3 1.508254920234752e-3
    1.508254920234752e-3 1.508254920234752e-3 1.508254920234752e-3
    1.508254920234752e-3 1.508254920234752e-3 1.508254920234752e-3
    1.508254920234752e-3 1.508254920234752e-3 1.508254920234752e-3
    1.508254920234752e-3 1.508254920234752e-3 1.508254920234752e-3
    1.508254920234752e-3 1.508254920234752e-3 1.508254920234752e-3
    1.508254920234752e-3 1.508254920234752e-3 1.508254920234752e-3
    1.508254920234752e-3 1.508254920234752e-3 1.508254920234752e-3
    1.508254920234752e-3 1.508254920234752e-3 1.508254920234752e-3
    1.5219652823948455e-3 1.5232793225372692e-3 1.523621305756743e-3
    1.5522181765916111e-3 1.5525292711489865e-3 1.5531480111060213e-3
    1.5532372369265871e-3 1.5585309559358056e-3 1.5599478902828833e-3
    1.5745955708892866e-3 1.5756254591093859e-3 1.5796609782030703e-3
    1.5816167128363142e-3 1.5835461736930293e-3 1.5842525591237707e-3
    1.5845368488244761e-3 1.5910271568975473e-3 1.5915170439215504e-3
    1.5920324980419685e-3 1.5931235819933015e-3 1.5948536234574886e-3
    1.5953427911014613e-3 1.595369508624749e-3 1.5962951494102749e-3
    1.6029644578870964e-3 1.6071363712334575e-3 1.6075555022954579e-3
    1.6081782428560582e-3 1.6085691340534027e-3 1.6134764930586486e-3
    1.6136013368511705e-3 1.6136863636213715e-3 1.6142176010010519e-3
    1.6147497627667911e-3 1.6159400727588161e-3 1.6160099661003443e-3
    1.6181050131371234e-3 1.6181619579864678e-3 1.619491372751098e-3
    1.6231711185182832e-3 1.6233451234249751e-3 1.623375136473957e-3
    1.6235364011155057e-3 1.629237333540823e-3 1.6302943819107207e-3
    1.6310250806176926e-3 1.6314958515298589e-3 1.6322401855707062e-3
    1.6322949238936893e-3 1.6343395350344972e-3 1.6343704101147917e-3
    1.6347181248107323e-3 1.6348685780918696e-3 1.6349280476189911e-3
    1.635173750997571e-3 1.6358395108607197e-3 1.6363065875117787e-3
    1.6381048028335026e-3 1.6385963474135894e-3 1.6386720386833819e-3
    1.6390701157697821e-3 1.63948345908191e-3 1.6396693397260922e-3
    1.6399025517410551e-3 1.6401396007243395e-3 1.6403122344269268e-3
    1.6403371325879987e-3 1.6405029215215521e-3 1.6405590286712398e-3
    1.6419482176621538e-3 1.6422747042458313e-3 1.6424482681101267e-3
    1.6430483667675599e-3 1.6431487807035525e-3 1.6432113468998505e-3
    1.6434843617871607e-3 1.6440822201044469e-3 1.644210211050663e-3
    1.6446481045835331e-3 1.6454503132035225e-3 1.6456678663887034e-3
    1.6457023071937144e-3 1.6458049888062986e-3 1.6458148536871188e-3
    1.6467134697198352e-3 1.6468319372823198e-3 1.6474916225258274e-3
    1.6490518726917185e-3 1.6494027872536673e-3 1.6497973563129752e-3
    1.6500662229617716e-3 1.6501010990419862e-3 1.6502713419023144e-3
    1.6502849036088205e-3 1.65039681373104e-3 1.6505014364226421e-3
    1.6511449962439949e-3 1.6514613201636386e-3 1.6519834392778308e-3
    1.6521919369737502e-3 1.6522669818569333e-3 1.6531604301446446e-3
    1.6532716131498139e-3 1.6533902879367623e-3 1.6536476914785422e-3
    1.6537971042925852e-3 1.6544346605174762e-3 1.6544539043021036e-3
    1.6547447386835209e-3 1.6550258590074612e-3 1.6555000915278062e-3
    1.6559589967715315e-3 1.6560359054232799e-3 1.6568997230529284e-3
    1.6572674413610463e-3 1.6573439444948633e-3 1.6579753770301633e-3
    1.6580249395816418e-3 1.6582631194916222e-3 1.6589608717366979e-3
    1.6590131268929551e-3 1.6590914866317669e-3 1.6592340092137874e-3
    1.6593252138627688e-3 1.6594652013872141e-3 1.6594834093522795e-3
    1.6598411380174469e-3 1.6599231902221464e-3 1.6600129791397556e-3
    1.6603634075890092e-3 1.6604080070032232e-3 1.6608504277711761e-3
    1.6609585097690051e-3 1.6611243826342838e-3 1.6613773188729791e-3
    1.661517208342579e-3 1.6616219089560756e-3 1.6617978584249006e-3
    1.6618621827431904e-3 1.6620190468063687e-3 1.6620404657730927e-3
    1.6628374734950226e-3 1.6629906855021078e-3 1.6630022100623068e-3
    1.6630892525336554e-3 1.6633196446387778e-3 1.6633551361922602e-3
    1.6634503430979365e-3 1.6634510557705317e-3 1.6644684209858674e-3
    1.6645862762157914e-3 1.6649761560423959e-3 1.665092870445717e-3
    1.6653803815216319e-3 1.6653915955102342e-3 1.6654663521294747e-3
    1.6657830559095978e-3 1.6659540039556467e-3 1.6659807139963174e-3
    1.6659914504595042e-3 1.666046580871817e-3 1.6661110117369405e-3
    1.6661538080151317e-3 1.6662098017156527e-3 1.6662805411182873e-3
    1.6664633364624419e-3 1.6664915374250276e-3 1.6665028045403014e-3
    1.6666286821114501e-3 1.6671876368261132e-3 1.6673072993949177e-3
    1.6673276517543492e-3 1.6675723244445632e-3 1.6676044439913669e-3
    1.6676221750178189e-3 1.6676492459941649e-3 1.6677017011034424e-3
    1.6678491937289104e-3 1.668075718937124e-3 1.6681080123291927e-3
    1.6681788798824887e-3 1.6682000309563314e-3 1.668274641643456e-3
    1.66877728143804e-3 1.6690772297024284e-3 1.6691217624330641e-3
    1.6691348208891024e-3 1.6691877503370368e-3 1.6692138703920719e-3
    1.6695171295821583e-3 1.6695237025229851e-3 1.6697674079574215e-3
    1.6699403974419274e-3 1.6701829728657249e-3 1.6703145597175726e-3
    1.6705236277281146e-3 1.6705277764369336e-3 1.6705476421958994e-3
    1.6707577928110136e-3 1.6708243428623364e-3 1.6709318719196349e-3
    1.6709987118479056e-3 1.6711307601254167e-3 1.6711519007727214e-3
    1.6712410372728811e-3 1.6713509333694011e-3 1.6713982698855206e-3
    1.6714748804792031e-3 1.6715953382252906e-3 1.6716051863053822e-3
    1.6717438250639744e-3 1.6718052583765772e-3 1.6721467899601184e-3
    1.672210172148288e-3 1.6724785841799714e-3 1.6724810840706222e-3
    1.6725603166440313e-3 1.6725789543544348e-3 1.6725826241341141e-3
    1.6727210689560449e-3 1.6728421444552443e-3 1.6729704856426905e-3
    1.6729735662228374e-3 1.6730195325731037e-3 1.6731894400532654e-3
    1.6732017464177924e-3 1.6732371994306915e-3 1.6732448405057901e-3
    1.6732987821046288e-3 1.6733502295371871e-3 1.6734478849939948e-3
    1.673467332178012e-3 1.6736203955064551e-3 1.6736497698138788e-3
    1.6737571055472278e-3 1.6737634649815617e-3 1.6738513171497891e-3
    1.6739736768378432e-3 1.6739809119707518e-3 1.6741808752594933e-3
    1.6742267742944764e-3 1.6742382946931815e-3 1.6742855296355932e-3
    1.674298129610153e-3 1.6743569838014881e-3 1.6743958588401576e-3
    1.6745220377748101e-3 1.6745253236688129e-3 1.6747937798608256e-3
    1.6748427715990023e-3 1.6749117198873518e-3 1.6749469491811331e-3
    1.6749562459262585e-3 1.6749880347484202e-3 1.6751188595288868e-3
    1.6754387286834708e-3 1.6755257781208191e-3 1.6757850033488019e-3
    1.6758584535426033e-3 1.6758743907709104e-3 1.6759358728551182e-3
    1.6759525761780888e-3 1.6759957561821826e-3 1.6762110588164117e-3
    1.6762292399102939e-3 1.6762844939188159e-3 1.6764794713358545e-3
    1.6765724279834994e-3 1.6766835823655549e-3 1.6766874819625563e-3
    1.6767041254305344e-3 1.6767440232563057e-3 1.6767646856823439e-3
    1.6768501496515224e-3 1.6770135504371854e-3 1.6770457275092411e-3
    1.6770781694937142e-3 1.6771181927752593e-3 1.6771488031675757e-3
    1.6772499675871337e-3 1.6772894976911663e-3 1.6773075884415349e-3
    1.6773294597752595e-3 1.6773980242924744e-3 1.6774362947790762e-3
    1.6777096175338633e-3 1.6777110301540886e-3 1.6777261699285333e-3
    1.6777880015654727e-3 1.6778413562134359e-3 1.6778959536563832e-3
    1.6779298335251743e-3 1.6779518987780891e-3 1.6779775326451008e-3
    1.6780913165235223e-3 1.6781327876732681e-3 1.6781622843145469e-3
    1.6782646548889465e-3 1.6782931714080971e-3 1.6783180404824696e-3
    1.6783371368397119e-3 1.6783512908507231e-3 1.6784051270770375e-3
    1.6784586034657861e-3 1.6784680749649468e-3 1.6785940488899366e-3
    1.6787072132214479e-3 1.6787312190917072e-3 1.6787758795544505e-3
    1.6788542271477089e-3 1.6789015280226345e-3 1.678910132445393e-3
    1.6789256435976378e-3 1.678974974787379e-3 1.6790100740898272e-3
    1.6790108984842519e-3 1.6790491178387821e-3 1.679070883281124e-3
    1.6791847188026702e-3 1.6792336015282227e-3 1.6792582675311722e-3
    1.6793313030488493e-3 1.6793691869446939e-3 1.6793723928598874e-3
    1.6794476212294552e-3 1.6795082458576909e-3 1.679563705452116e-3
    1.6795692807860091e-3 1.6796240371576812e-3 1.6796614093549996e-3
    1.6797208658826512e-3 1.679733417199272e-3 1.6798027484826719e-3
    1.679938810486509e-3 1.6799919350046788e-3 1.6800495830415064e-3
    1.680328188155483e-3 1.6803395041123535e-3 1.6804164787442082e-3
    1.6804983593957823e-3 1.6805093667064375e-3 1.680527801005624e-3
    1.6807165161444781e-3 1.6808531901678077e-3 1.6810436901686726e-3
    1.6811975681418879e-3 1.6812455212775171e-3 1.6814990785183391e-3
    1.6817129663897969e-3 1.6817399303267816e-3 1.6817650488028142e-3
    1.6818303383532385e-3 1.6818335113927753e-3 1.681853928113395e-3
    1.6819635657653964e-3 1.6820195093504131e-3 1.6820365700966845e-3
    1.6820376840402012e-3 1.682125279169698e-3 1.6821546825576646e-3
    1.6821882611070817e-3 1.682219920098472e-3 1.6822463832346481e-3
    1.6823865678092485e-3 1.6824369012611857e-3 1.6825086131504823e-3
    1.6825546370936916e-3 1.6825975476648049e-3 1.6826247306235818e-3
    1.6826580811173306e-3 1.6828166546150498e-3 1.6828836101636664e-3
    1.6829023057823786e-3 1.6829107826562006e-3 1.6829726712397626e-3
    1.6830128234093821e-3 1.6831855699623395e-3 1.6832673040586676e-3
    1.6833438343451872e-3 1.6836493276159166e-3 1.6838900001596301e-3
    1.6841238640564226e-3 1.6841541740283267e-3 1.6846223051283512e-3
    1.6846644200495791e-3 1.684726429258563e-3 1.6851609727615072e-3
    1.6856261904592289e-3 1.6857291790266142e-3 1.6863728651059884e-3
    1.686381906185168e-3 1.68686645849277e-3 1.6871150154771496e-3
    1.6872055140704039e-3 1.6872328089927694e-3 1.6872951855390751e-3
    1.6873870255791228e-3 1.687405183584503e-3 1.6874848721987197e-3
    1.687782929520441e-3 1.6880136853686652e-3 1.6882333667458506e-3
    1.6885755906466732e-3 1.6889645284131642e-3 1.6891298682003004e-3
    1.6892905356536165e-3 1.6892950045720766e-3 1.6893882347533212e-3
    1.6894876851011398e-3 1.6896745697134933e-3 1.6896832156579255e-3
    1.6899933154140355e-3 1.6900161275526207e-3 1.690031717744967e-3
    1.6903158448434783e-3 1.690441988683757e-3 1.6905022874301747e-3
    1.6905229729094525e-3 1.6907197691691837e-3 1.6907635242122386e-3
    1.6907790196566803e-3 1.6907980256058927e-3 1.6909161918500406e-3
    1.6911828148008852e-3 1.6912743594233559e-3 1.6913046035064684e-3
    1.6913315012849197e-3 1.6914309496443684e-3 1.691539911800185e-3
    1.6915613009166814e-3 1.6917066695625702e-3 1.6917742980515895e-3
    1.691790070401384e-3 1.6917974535991035e-3 1.6918322502507512e-3
    1.6918781607802812e-3 1.6919508040764849e-3 1.6920283806591209e-3
    1.6922538746795804e-3 1.6923675733620065e-3 1.6930567078437466e-3
    1.6947565956348001e-3 1.6949371917590527e-3 1.6950916554156431e-3
    1.6956104560111737e-3 1.6956781171876458e-3 1.6960118338526324e-3
    1.6960329250946243e-3 1.6961013554302956e-3 1.6961429855035187e-3
    1.6961803373701126e-3 1.69619125048073e-3 1.6962620311578198e-3
    1.6962762791718955e-3 1.6963282049202069e-3 1.6963395848677747e-3
    1.6963486938051406e-3 1.6964873841014789e-3 1.6964896560553709e-3
    1.6965542422996004e-3 1.6966138826425927e-3 1.6966482291933492e-3
    1.6966943203657516e-3 1.6967229887590394e-3 1.6967741335539967e-3
    1.6967889372431141e-3 1.6968508488946822e-3 1.69686107324105e-3
    1.6968618389305175e-3 1.6968979232133659e-3 1.696944602851369e-3
    1.696953398254983e-3 1.6969900136878738e-3 1.696991054364157e-3
    1.6969951912752742e-3 1.6970462663125363e-3 1.6970887310126534e-3
    1.6970995118478975e-3 1.6971467547008238e-3 1.6971632307090656e-3
    1.6971740678766651e-3 1.6972259241797335e-3 1.6972512962676255e-3
    1.6972726399957713e-3 1.6972968760967161e-3 1.6973047462725773e-3
    1.6973585749755736e-3 1.6973810367718711e-3 1.6973819038504259e-3
    1.6973864663518976e-3 1.6974210622194234e-3 1.697425509567008e-3
    1.6975020377872521e-3 1.6975242230140163e-3 1.6975343233230349e-3
    1.6975998803590384e-3 1.6976919704415152e-3 1.6977193385847532e-3
    1.6977198554872248e-3 1.697768550317588e-3 1.6978069904693045e-3
    1.6978107494142196e-3 1.6978850355279964e-3 1.6979011058186767e-3
    1.6979047260441932e-3 1.6979226850242447e-3 1.697962419288556e-3
    1.6979845837382353e-3 1.6980925009249285e-3 1.6983334365149056e-3
    1.6983535060369063e-3 1.6984398903111993e-3 1.6984556707645817e-3
    1.6984781826997696e-3 1.6987363515260842e-3 1.6988072979379658e-3
    1.6989292768838894e-3 1.6989504980903783e-3 1.699020388367539e-3
    1.6990647952869105e-3 1.6990664186993915e-3 1.6992795779080859e-3
    1.699344070703316e-3 1.6994099229791231e-3 1.6994182676839705e-3
    1.6995171426988304e-3 1.6995762528994526e-3 1.6995828848417969e-3
    1.6996226493695647e-3 1.6998143940714259e-3 1.6998449901504892e-3
    1.6998494261057648e-3 1.6999209410274562e-3 1.6999983973952847e-3
    1.7001964913461211e-3 1.7002297479205119e-3 1.7002788892111625e-3
    1.7003341625383003e-3 1.7003505658959601e-3 1.7003645448383405e-3
    1.7003676273995893e-3 1.7004575234862271e-3 1.7006050165034024e-3
    1.7006607124009064e-3 1.7006937446498349e-3 1.7007882582132563e-3
    1.7008094102167989e-3 1.7008240310245229e-3 1.7008663686658451e-3
    1.7008833188585982e-3 1.7008858688277429e-3 1.7008895336864335e-3
    1.7010094640349744e-3 1.7010640662710986e-3 1.7010818959240601e-3
    1.7011146601954672e-3 1.701135114001974e-3 1.7011614752284042e-3
    1.7011931490847954e-3 1.7012056640909464e-3 1.7012610343650704e-3
    1.7013381997105633e-3 1.7013916462693631e-3 1.7013948797217281e-3
    1.7014043966629337e-3 1.7014144731727898e-3 1.7014609035824366e-3
    1.7014749558394535e-3 1.7016068020288733e-3 1.7016360968881319e-3
    1.7017197078217205e-3 1.701786905195703e-3 1.7018577493040663e-3
    1.7019487073640111e-3 1.7019740280278012e-3 1.7020365815585846e-3
    1.7020617790288526e-3 1.7020828569238291e-3 1.7021226008596129e-3
    1.7021584931423931e-3 1.7022124705310092e-3 1.702290879183366e-3
    1.7022941081361357e-3 1.7023142106823116e-3 1.7023597037961059e-3
    1.70238344563281e-3 1.7024753277218858e-3 1.7028436453446804e-3
    1.7028531609785207e-3 1.7029104375014174e-3 1.7029797913999405e-3
    1.702982693997823e-3 1.7031523735879395e-3 1.7033993753497367e-3
    1.7034682867557273e-3 1.7036122914924957e-3 1.7036359007758821e-3
    1.703644767130003e-3 1.703694670280308e-3 1.7037369173662879e-3
    1.7037479796551686e-3 1.7037532579077285e-3 1.7038881051450847e-3
    1.703945316000276e-3 1.7040328371822752e-3 1.7040822588015752e-3
    1.7041398746072004e-3 1.7041863346742559e-3 1.7042119477777282e-3
    1.7042233725004256e-3 1.7042241360174775e-3 1.7043529356171167e-3
    1.7043617532491455e-3 1.7044438118797433e-3 1.7045004566736404e-3
    1.7045009668491076e-3 1.7045164850183799e-3 1.7045194412449432e-3
    1.7045847545843873e-3 1.7046196076340545e-3 1.7046359959043986e-3
    1.7046695300055896e-3 1.7046978802676648e-3 1.704708088995568e-3
    1.7048018610312842e-3 1.704827475466746e-3 1.7048704959712149e-3
    1.7048769857138377e-3 1.7049160866306518e-3 1.704923619819221e-3
    1.7049534185575562e-3 1.7049697434138263e-3 1.7049697442783312e-3
    1.7049862757309083e-3 1.7050038081455391e-3 1.7050075693157533e-3
    1.7050186430419487e-3 1.7050464843642453e-3 1.7051206786673947e-3
    1.7052092206473976e-3 1.7052251854267333e-3 1.7052284572361097e-3
    1.7052648119412577e-3 1.7053289735166708e-3 1.7053471891285037e-3
    1.7054269158301881e-3 1.7055001227563233e-3 1.7055216621440789e-3
    1.705578088925344e-3 1.70558009831507e-3 1.7055835386051306e-3
    1.7056710405094749e-3 1.7057177478170447e-3 1.7057805365469673e-3
    1.7057999597892054e-3 1.7058072503313801e-3 1.7058133027939802e-3
    1.7058187704518833e-3 1.7058349216134961e-3 1.7058731804279594e-3
    1.7058796876157202e-3 1.7059055672033201e-3 1.7059519610727503e-3
    1.7059573551514292e-3 1.7059752938785111e-3 1.7060309815961614e-3
    1.7061911247625646e-3 1.7061921847749727e-3 1.7062784149920413e-3
    1.7062794512837992e-3 1.7062906736474549e-3 1.7063123210743236e-3
    1.7063234213943689e-3 1.7063907754590834e-3 1.7063958175773588e-3
    1.7064533217744746e-3 1.7064824120093102e-3 1.7065090032175434e-3
    1.7066682476817132e-3 1.7067561300592308e-3 1.7067943584830581e-3
    1.7068572748372382e-3 1.7069134390041664e-3 1.7070696790202114e-3
    1.7071550165269867e-3 1.7072191640729248e-3 1.7072490706003239e-3
    1.7072521585746621e-3 1.7072892428017521e-3 1.707299988338023e-3
    1.7073732316795864e-3 1.7073848317477652e-3 1.7073868577500112e-3
    1.7075651958139231e-3 1.7075719363418144e-3 1.707634080544545e-3
    1.7076393511912342e-3 1.707680101707465e-3 1.707735665794923e-3
    1.7077467989403097e-3 1.7078315901300825e-3 1.7078357987525459e-3
    1.7078515504516346e-3 1.7078549503570638e-3 1.7078616464353072e-3
    1.7078799922402197e-3 1.7079977887424201e-3 1.7082895048991869e-3
    1.7083302588556438e-3 1.7083719715601956e-3 1.7084334587140631e-3
    1.7086347279553337e-3 1.7087298178490814e-3 1.7087471907472715e-3
    1.7088192753708304e-3 1.708876838593881e-3 1.7088988165932604e-3
    1.7089410443911649e-3 1.7089966879297934e-3 1.7090050252122108e-3
    1.7091061876153553e-3 1.7092161971298332e-3 1.7092361849046036e-3
    1.7094816292054266e-3 1.7095068025345871e-3 1.7095369064888657e-3
    1.709591456353044e-3 1.7096446091293301e-3 1.7096965861570284e-3
    1.7097163124655576e-3 1.7097879884322748e-3 1.7097896296118156e-3
    1.7099099783015152e-3 1.7099112199463955e-3 1.7101499525362291e-3
    1.7103276381561497e-3 1.7103591497943825e-3 1.7104067506745805e-3
    1.7104723939885195e-3 1.7105101764109878e-3 1.7105310510398173e-3
    1.7106041167583312e-3 1.7106363656337732e-3 1.7107012543617849e-3
    1.7109969487692986e-3 1.7111440067557608e-3 1.7112049855799462e-3
    1.7112907085847164e-3 1.7113299389931661e-3 1.7113559872468341e-3
    1.7114146684194069e-3 1.7115513981255553e-3 1.7115561724863641e-3
    1.71189660252621e-3 1.7119519373605327e-3 1.712045323603396e-3
    1.712207406051767e-3 1.7122918006721049e-3 1.7122976977560179e-3
    1.712372111167167e-3 1.7124180557781267e-3 1.712506606722702e-3
    1.712549959411408e-3 1.7125674412103973e-3 1.7129408382860868e-3
    1.7130375178346449e-3 1.7130468154501616e-3 1.713245588145493e-3
    1.7133987536775885e-3 1.7134147876224711e-3 1.7138236266875683e-3
    1.7139179070287142e-3 1.7140131259279778e-3 1.7140653470625899e-3
    1.7141643554377973e-3 1.7141703484462097e-3 1.7143004163680164e-3
    1.7149166305355534e-3 1.7156793202118977e-3 1.7157258157519215e-3
    1.7158925418529118e-3 1.715945420057723e-3 1.7161695261738049e-3
    1.7163863408310059e-3 1.7164248509297655e-3 1.7166666786495842e-3
    1.7168060145393719e-3 1.7172331157044776e-3 1.7172898320631479e-3
    1.7173976131000755e-3 1.7174092103839364e-3 1.7175483279912799e-3
    1.7175879224909649e-3 1.7177180249548752e-3 1.7180535957605522e-3
    1.7182050123167516e-3 1.7189033344414577e-3 1.7195109652999329e-3
    1.7196697192839784e-3 1.719678068928179e-3 1.7198204972121345e-3
    1.7198839268186873e-3 1.7202331817044879e-3 1.7202779320308231e-3
    1.7205067311897768e-3 1.7205344032527579e-3 1.720966840557957e-3
    1.7209717729001631e-3 1.7215040205669342e-3 1.7218063106326186e-3
    1.7218267703296938e-3 1.7219512396023171e-3 1.7225481467091019e-3
    1.7225500170833907e-3 1.7227396784081903e-3 1.7228921744109036e-3
    1.7234520378925822e-3 1.7234659055944605e-3 1.7247927215786895e-3
    1.7251560774635692e-3 1.7257393746108369e-3 1.7258775774268093e-3
    1.7262053493306835e-3 1.7263909407702433e-3 1.7266581307734902e-3
    1.7273616855736302e-3 1.7290651577490347e-3 1.7294128126581266e-3
    1.7305929766252045e-3 1.7315308667456533e-3 1.7316856515810237e-3
    1.7320617748782081e-3 1.7333688098395733e-3 1.7342414206915984e-3
    1.7344513552407213e-3 1.7348669240539896e-3 1.7353305628826522e-3
    1.7356523819792998e-3 1.7364632903865531e-3 1.7364671261683143e-3
    1.7373695286787669e-3 1.7390818481917533e-3 1.7404578583591079e-3
    1.7408949116171832e-3 1.7413121860031719e-3 1.7426667185320814e-3
    1.7426787471813989e-3 1.7449709578507475e-3 1.7479951762362602e-3
    1.7484703698684128e-3 1.7490197457222046e-3 1.7498491424238682e-3
    1.7567155329361148e-3 1.7576626060771183e-3 1.7579259813084776e-3
    1.7583536111935932e-3 1.7594914345626541e-3 1.759728031408963e-3
    1.7630665248182301e-3 1.7632094047500314e-3 1.7637243078600781e-3
    1.7708606049261456e-3 1.7724591783868176e-3 1.7760349615993103e-3
    1.7807526042179624e-3 1.7963674243277074e-3 1.7972386067703248e-3
    1.7993491892315766e-3 1.8081396873446851e-3 1.8605977499672904e-3
    1.8805088016637058e-3 1.8842856054539195e-3 1.8874534337371214e-3
    1.8888394726803068e-3 1.9146271300521469e-3 1.9520475498772871e-3
    1.9536569788423e-3 2.177063912791584e-3 2.177063912791584e-3
    2.2264353389151179e-3 2.2300525522301281e-3 2.2339086808122895e-3
    2.2343879336403916e-3 2.6293370039809361e-3 3.0594104185183825e-3
    3.097866279495065e-3 3.0982372906237289e-3 3.108648104301468e-3
    3.1129228710597089e-3 3.1174346748836495e-3 3.1394060663732298e-3
    3.1829535478279398e-3 3.1973461488003243e-3 3.1984810845152914e-3
    3.4005222948403795e-3 3.4079043890549239e-3 3.4475578846164959e-3
    3.5293635075149877e-3 3.5930502808346667e-3 3.6000474734652834e-3
    3.6453423318849481e-3 3.7017979052507144e-3 3.7510048628308012e-3
    3.7704528078351856e-3 3.9684064849724501e-3 3.9777235242275727e-3
    4.0784166741800352e-3 4.4806941354538152e-3 4.5016939581441675e-3
    4.6281142804790272e-3 4.6335751288501745e-3 4.646929553821403e-3
    4.7090598876283448e-3 4.8155416583921216e-3 4.917506818850133e-3
    5.1839284817447153e-3 5.3565085207020304e-3 5.5000661347186985e-3
    5.5932003298113236e-3 5.6907644569323792e-3 5.696171563478721e-3
    5.7301403403723977e-3 5.9224536240737773e-3 5.9311916525512758e-3
    6.1474687878217086e-3 6.24689753590074e-3 6.2605926839692629e-3
    6.4149606902671715e-3 6.6596427407477612e-3 6.7438440107015713e-3
    6.8426736582987658e-3 6.8939646713402749e-3 6.964804022052489e-3
    6.9948456545758245e-3 7.0066078019821862e-3 7.1009861547065801e-3
    7.1194129339453701e-3 7.3995888176019466e-3 7.6923248253868747e-3
    7.7102403785392548e-3 8.5596595820965782e-3 8.7259584726856101e-3
    9.20831653893899e-3 9.3800594891035871e-3 9.431294550622556e-3
    9.4828955903545464e-3 9.6904851545879089e-3 9.7652953136275755e-3
    9.8270409064068892e-3 1.0253464938553709e-2 1.0398031479803648e-2
    1.0437451647385387e-2 1.0475791896806187e-2 1.1258800697059007e-2
    1.1336551711619272e-2 1.2499999999931788e-2 1.2499999999931788e-2
    1.2499999999931788e-2 1.2499999999931788e-2 1.2499999999931788e-2
    1.2499999999931788e-2 1.2499999999931788e-2 1.2499999999931788e-2
    1.2499999999988631e-2 1.2499999999988631e-2 1.2499999999988631e-2
    1.2499999999988631e-2 1.2499999999988631e-2 1.2499999999988631e-2
    1.2499999999988631e-2 1.2499999999988631e-2 1.2499999999988631e-2
    1.2499999999988631e-2 1.2499999999988631e-2 1.2499999999988631e-2
    1.2500000000045475e-2 1.2500000000045475e-2 1.2500000000045475e-2
    1.2500000000045475e-2 1.2500000000045475e-2 1.2500000000045475e-2
    1.2500000000045475e-2 1.2500000000045475e-2 1.2500000000045475e-2
    1.2500000000045475e-2 1.2500000000045475e-2 1.2500000000045475e-2
    1.2500000000045475e-2 1.2500000000045475e-2 1.2500000000045475e-2
    1.2500000000045475e-2 1.2500000000045475e-2 1.2500000000045475e-2
    1.2500000000045475e-2 1.2500000000045475e-2 1.2500000000045475e-2
    1.2500000000045475e-2 1.2500000000045475e-2 1.2500000000045475e-2
    1.2500000000045475e-2 1.2500000000045475e-2 1.2500000000045475e-2
    1.2500000000045475e-2 1.2500000000045475e-2 1.2500000000045475e-2
    1.2500000000045475e-2 1.2500000000045475e-2 1.2500000000045475e-2
    1.2500000000045475e-2 1.2500000000045475e-2 1.2500000000045475e-2
    1.2500000000045475e-2 1.2500000000045475e-2 1.2936339811972175e-2
    1.3074920324527284e-2 1.3558267995467915e-2 1.4099632784525324e-2
    1.4242464071280729e-2 1.4440612907384928e-2 1.4883486578796507e-2
    1.507124228390235e-2 1.586817379450645e-2 1.6652093187102548e-2
    1.6833521025809324e-2 1.7114083915127292e-2 1.7267124429487801e-2
    1.7504185894116137e-2 1.7674582589279453e-2 1.7839570118970489e-2
    1.8896245195248094e-2 1.9236645575846582e-2 1.9758301455371722e-2
    1.9999999999890862e-2 1.9999999999890862e-2 1.9999999999890862e-2
    1.9999999999890862e-2 1.9999999999890862e-2 1.9999999999890862e-2
    1.9999999999890862e-2 1.9999999999890862e-2 1.9999999999890862e-2
    1.9999999999890862e-2 1.9999999999890862e-2 1.9999999999890862e-2
    1.9999999999890862e-2 1.9999999999890862e-2 1.9999999999890862e-2
    1.9999999999890862e-2 1.9999999999890862e-2 1.9999999999890862e-2
    1.9999999999890862e-2 1.9999999999890862e-2 1.9999999999890862e-2
    1.9999999999890862e-2 1.9999999999890862e-2 1.9999999999890862e-2
    1.9999999999890862e-2 1.9999999999890862e-2 1.9999999999890862e-2
    1.9999999999890862e-2 1.9999999999890862e-2 1.9999999999890862e-2
    1.9999999999890862e-2 1.9999999999890862e-2 1.9999999999890862e-2
    1.9999999999890862e-2 1.9999999999890862e-2 1.9999999999890862e-2
    1.9999999999890862e-2 1.9999999999890862e-2 1.9999999999890862e-2
    1.9999999999890862e-2 1.9999999999890862e-2 1.9999999999890862e-2
    1.9999999999890862e-2 1.9999999999890862e-2 1.9999999999890862e-2
    1.9999999999890862e-2 1.9999999999890862e-2 1.9999999999890862e-2
    1.9999999999890862e-2 1.9999999999890862e-2 1.9999999999890862e-2
    1.9999999999890862e-2 1.9999999999890862e-2 1.9999999999890862e-2
    1.9999999999890862e-2 1.9999999999890862e-2 1.9999999999890862e-2
    1.9999999999890862e-2 1.9999999999890862e-2 1.9999999999890862e-2
    1.9999999999890862e-2 1.9999999999890862e-2 1.9999999999890862e-2
    1.9999999999890862e-2 1.9999999999890862e-2 1.9999999999890862e-2
    1.9999999999890862e-2 1.9999999999890862e-2 1.9999999999890862e-2
    1.9999999999890862e-2 1.9999999999890862e-2 1.9999999999890862e-2
    1.9999999999890862e-2 1.9999999999890862e-2 1.9999999999890862e-2
    1.9999999999890862e-2 1.9999999999890862e-2 1.9999999999890862e-2
    1.9999999999890862e-2 1.9999999999890862e-2 1.9999999999890862e-2
    1.9999999999890862e-2 1.9999999999890862e-2 1.9999999999890862e-2
    1.9999999999890862e-2 1.9999999999890862e-2 1.9999999999890862e-2
    1.9999999999890862e-2 1.9999999999890862e-2 1.9999999999890862e-2
    1.9999999999890862e-2 1.9999999999890862e-2 1.9999999999890862e-2
    1.9999999999890862e-2 1.9999999999890862e-2 1.9999999999890862e-2
    1.9999999999890862e-2 1.9999999999890862e-2 1.9999999999890862e-2
    1.9999999999890862e-2 1.9999999999890862e-2 1.9999999999890862e-2
    1.9999999999890862e-2 1.9999999999890862e-2 1.9999999999890862e-2
    1.9999999999890862e-2 1.9999999999890862e-2 1.9999999999890862e-2
    1.9999999999890862e-2 1.9999999999890862e-2 1.9999999999890862e-2
    1.9999999999890862e-2 1.9999999999890862e-2 1.9999999999890862e-2
    1.9999999999890862e-2 1.9999999999890862e-2 1.9999999999890862e-2
    1.9999999999890862e-2 1.9999999999890862e-2 1.9999999999890862e-2
    1.9999999999890862e-2 1.9999999999890862e-2 1.9999999999890862e-2
    1.9999999999890862e-2 1.9999999999890862e-2 1.9999999999890862e-2
    1.9999999999890862e-2 1.9999999999890862e-2 1.9999999999890862e-2
    1.9999999999890862e-2 1.9999999999890862e-2 1.9999999999890862e-2
    1.9999999999890862e-2 1.9999999999890862e-2 1.9999999999890862e-2
    1.9999999999890862e-2 1.9999999999890862e-2 1.9999999999890862e-2
    1.9999999999890862e-2 1.9999999999890862e-2 1.9999999999890862e-2
    1.9999999999890862e-2 1.9999999999890862e-2 1.9999999999890862e-2
    1.9999999999890862e-2 1.9999999999890862e-2 1.9999999999890862e-2
    1.9999999999890862e-2 1.9999999999890862e-2 1.9999999999890862e-2
    1.9999999999890862e-2 1.9999999999890862e-2 1.9999999999890862e-2
    1.9999999999890862e-2 1.9999999999890862e-2 1.9999999999890862e-2
    1.9999999999890862e-2 1.9999999999890862e-2 1.9999999999890862e-2
    1.9999999999890862e-2 1.9999999999890862e-2 1.9999999999890862e-2
    1.9999999999890862e-2 1.9999999999890862e-2 1.9999999999890862e-2
    1.9999999999890862e-2 1.9999999999890862e-2 1.9999999999890862e-2
    1.9999999999890862e-2 1.9999999999890862e-2 1.9999999999890862e-2
    1.9999999999890862e-2 1.9999999999890862e-2 1.9999999999890862e-2
    1.9999999999890862e-2 1.9999999999890862e-2 1.9999999999890862e-2
    1.9999999999890862e-2 1.9999999999890862e-2 1.9999999999890862e-2
    1.9999999999890862e-2 1.9999999999890862e-2 1.9999999999890862e-2
    1.9999999999890862e-2 1.9999999999890862e-2 1.9999999999890862e-2
    1.9999999999890862e-2 1.9999999999890862e-2 1.9999999999890862e-2
    1.9999999999890862e-2 1.9999999999890862e-2 1.9999999999890862e-2
    1.9999999999890862e-2 1.9999999999890862e-2 1.9999999999890862e-2
    1.9999999999890862e-2 1.9999999999890862e-2 1.9999999999890862e-2
    1.9999999999890862e-2 1.9999999999890862e-2 1.9999999999890862e-2
    1.9999999999890862e-2 1.9999999999890862e-2 1.9999999999890862e-2
    1.9999999999890862e-2 1.9999999999890862e-2 1.9999999999890862e-2
    1.9999999999890862e-2 1.9999999999890862e-2 1.9999999999890862e-2
    1.9999999999890862e-2 1.9999999999890862e-2 1.9999999999890862e-2
    1.9999999999890862e-2 1.9999999999890862e-2 1.9999999999890862e-2
    1.9999999999890862e-2 1.9999999999890862e-2 1.9999999999890862e-2
    1.9999999999890862e-2 1.9999999999890862e-2 1.9999999999890862e-2
    1.9999999999890862e-2 1.9999999999890862e-2 1.9999999999890862e-2
    1.9999999999890862e-2 1.9999999999890862e-2 1.9999999999890862e-2
    1.9999999999890862e-2 1.9999999999890862e-2 1.9999999999890862e-2
    1.9999999999890862e-2 1.9999999999890862e-2 1.9999999999890862e-2
    1.9999999999890862e-2 1.9999999999890862e-2 1.9999999999890862e-2
    1.9999999999890862e-2 1.9999999999890862e-2 1.9999999999890862e-2
    1.9999999999890862e-2 1.9999999999890862e-2 1.9999999999890862e-2
    1.9999999999890862e-2 1.9999999999890862e-2 1.9999999999890862e-2
    1.9999999999890862e-2 1.9999999999890862e-2 1.9999999999890862e-2
    1.9999999999890862e-2 1.9999999999890862e-2 1.9999999999890862e-2
    1.9999999999890862e-2 1.9999999999890862e-2 1.9999999999890862e-2
    1.9999999999890862e-2 1.9999999999890862e-2 1.9999999999890862e-2
    1.9999999999890862e-2 1.9999999999890862e-2 1.9999999999890862e-2
    1.9999999999890862e-2 1.9999999999890862e-2 1.9999999999890862e-2
    1.9999999999890862e-2 1.9999999999890862e-2 1.9999999999890862e-2
    1.9999999999890862e-2 1.9999999999890862e-2 1.9999999999890862e-2
    1.9999999999890862e-2 1.9999999999890862e-2 1.9999999999890862e-2
    1.9999999999890862e-2 1.9999999999890862e-2 1.9999999999890862e-2
    1.9999999999890862e-2 1.9999999999890862e-2 1.9999999999890862e-2
    1.9999999999890862e-2 1.9999999999890862e-2 1.9999999999890862e-2
    1.9999999999890862e-2 1.9999999999890862e-2 1.9999999999890862e-2
    1.9999999999890862e-2 1.9999999999890862e-2 1.9999999999890862e-2
    1.9999999999890862e-2 1.9999999999890862e-2 1.9999999999890862e-2
    1.9999999999890862e-2 1.9999999999890862e-2 1.9999999999890862e-2
    1.9999999999890862e-2 1.9999999999890862e-2 1.9999999999890862e-2
    1.9999999999890862e-2 1.9999999999890862e-2 1.9999999999890862e-2
    1.9999999999890862e-2 1.9999999999890862e-2 1.9999999999890862e-2
    1.9999999999890862e-2 1.9999999999890862e-2 1.9999999999890862e-2
    1.9999999999890862e-2 1.9999999999890862e-2 1.9999999999890862e-2
    1.9999999999890862e-2 1.9999999999890862e-2 1.9999999999890862e-2
    1.9999999999890862e-2 1.9999999999890862e-2 1.9999999999890862e-2
    1.9999999999890862e-2 1.9999999999890862e-2 1.9999999999890862e-2
    1.9999999999890862e-2 1.9999999999890862e-2 1.9999999999890862e-2
    1.9999999999890862e-2 1.9999999999890862e-2 1.9999999999890862e-2
    1.9999999999890862e-2 1.9999999999890862e-2 1.9999999999890862e-2
    1.9999999999890862e-2 1.9999999999890862e-2 1.9999999999890862e-2
    1.9999999999890862e-2 1.9999999999890862e-2 1.9999999999890862e-2
    1.9999999999890862e-2 1.9999999999890862e-2 1.9999999999890862e-2
    1.9999999999890862e-2 1.9999999999890862e-2 1.9999999999890862e-2
    1.9999999999890862e-2 1.9999999999890862e-2 1.9999999999890862e-2
    1.9999999999890862e-2 1.9999999999890862e-2 1.9999999999890862e-2
    1.9999999999890862e-2 1.9999999999890862e-2 1.9999999999890862e-2
    1.9999999999890862e-2 1.9999999999890862e-2 1.9999999999890862e-2
    1.9999999999890862e-2 1.9999999999890862e-2 1.9999999999890862e-2
    1.9999999999890862e-2 1.9999999999890862e-2 1.9999999999890862e-2
    1.9999999999890862e-2 1.9999999999890862e-2 1.9999999999890862e-2
    1.9999999999890862e-2 1.9999999999890862e-2 1.9999999999890862e-2
    1.9999999999890862e-2 1.9999999999890862e-2 1.9999999999890862e-2
    1.9999999999890862e-2 1.9999999999890862e-2 1.9999999999890862e-2
    1.9999999999890862e-2 1.9999999999890862e-2 1.9999999999890862e-2
    1.9999999999890862e-2 1.9999999999890862e-2 1.9999999999890862e-2
    1.9999999999890862e-2 1.9999999999890862e-2 1.9999999999890862e-2
    1.9999999999890862e-2 1.9999999999890862e-2 1.9999999999890862e-2
    1.9999999999890862e-2 1.9999999999890862e-2 1.9999999999890862e-2
    1.9999999999890862e-2 1.9999999999890862e-2 1.9999999999890862e-2
    1.9999999999890862e-2 1.9999999999890862e-2 1.9999999999890862e-2
    1.9999999999890862e-2 1.9999999999890862e-2 1.9999999999890862e-2
    1.9999999999890862e-2 1.9999999999890862e-2 1.9999999999890862e-2
    1.9999999999890862e-2 1.9999999999890862e-2 1.9999999999890862e-2
    1.9999999999890862e-2 1.9999999999890862e-2 1.9999999999890862e-2
    1.9999999999890862e-2 1.9999999999890862e-2 1.9999999999890862e-2
    1.9999999999890862e-2 1.9999999999890862e-2 1.9999999999890862e-2
    1.9999999999890862e-2 1.9999999999890862e-2 1.9999999999890862e-2
    1.9999999999890862e-2 1.9999999999890862e-2 1.9999999999890862e-2
    1.9999999999890862e-2 1.9999999999890862e-2 1.9999999999890862e-2
    1.9999999999890862e-2 1.9999999999890862e-2 1.9999999999890862e-2
    1.9999999999890862e-2 1.9999999999890862e-2 1.9999999999890862e-2
    1.9999999999890862e-2 1.9999999999890862e-2 1.9999999999890862e-2
    1.9999999999890862e-2 1.9999999999890862e-2 1.9999999999890862e-2
    1.9999999999890862e-2 1.9999999999890862e-2 1.9999999999890862e-2
    1.9999999999890862e-2 1.9999999999890862e-2 1.9999999999890862e-2
    1.9999999999890862e-2 1.9999999999890862e-2 1.9999999999890862e-2
    1.9999999999890862e-2 1.9999999999890862e-2 1.9999999999890862e-2
    1.9999999999890862e-2 1.9999999999890862e-2 1.9999999999890862e-2
    1.9999999999890862e-2 1.9999999999890862e-2 1.9999999999890862e-2
    1.9999999999890862e-2 1.9999999999890862e-2 1.9999999999890862e-2
    1.9999999999890862e-2 1.9999999999890862e-2 1.9999999999890862e-2
    1.9999999999890862e-2 1.9999999999890862e-2 1.9999999999890862e-2
    1.9999999999890862e-2 1.9999999999890862e-2 1.9999999999890862e-2
    1.9999999999890862e-2 1.9999999999890862e-2 1.9999999999890862e-2
    1.9999999999890862e-2 1.9999999999890862e-2 1.9999999999890862e-2
    1.9999999999890862e-2 1.9999999999890862e-2 1.9999999999890862e-2
    1.9999999999890862e-2 1.9999999999890862e-2 1.9999999999890862e-2
    1.9999999999890862e-2 1.9999999999890862e-2 1.9999999999890862e-2
    1.9999999999890862e-2 1.9999999999890862e-2 1.9999999999890862e-2
    1.9999999999890862e-2 1.9999999999890862e-2 1.9999999999890862e-2
    1.9999999999890862e-2 1.9999999999890862e-2 1.9999999999890862e-2
    1.9999999999890862e-2 1.9999999999890862e-2 1.9999999999890862e-2
    1.9999999999890862e-2 1.9999999999890862e-2 1.9999999999890862e-2
    1.9999999999890862e-2 1.9999999999890862e-2 1.9999999999890862e-2
    1.9999999999890862e-2 1.9999999999890862e-2 1.9999999999890862e-2
    1.9999999999890862e-2 1.9999999999890862e-2 1.9999999999890862e-2
    1.9999999999890862e-2 1.9999999999890862e-2 1.9999999999890862e-2
    1.9999999999890862e-2 1.9999999999890862e-2 1.9999999999890862e-2
    1.9999999999890862e-2 1.9999999999890862e-2 1.9999999999890862e-2
    1.9999999999890862e-2 1.9999999999890862e-2 1.9999999999890862e-2
    1.9999999999890862e-2 1.9999999999890862e-2 1.9999999999890862e-2
    1.9999999999890862e-2 1.9999999999890862e-2 1.9999999999890862e-2
    1.9999999999890862e-2 1.9999999999890862e-2 1.9999999999890862e-2
    1.9999999999890862e-2 1.9999999999890862e-2 1.9999999999890862e-2
    1.9999999999890862e-2 1.9999999999890862e-2 1.9999999999890862e-2
    1.9999999999890862e-2 1.9999999999890862e-2 1.9999999999890862e-2
    1.9999999999890862e-2 1.9999999999890862e-2 1.9999999999890862e-2
    1.9999999999890862e-2 1.9999999999890862e-2 1.9999999999890862e-2
    1.9999999999890862e-2 1.9999999999890862e-2 1.9999999999890862e-2
    1.9999999999890862e-2 1.9999999999890862e-2 1.9999999999890862e-2
    1.9999999999890862e-2 1.9999999999890862e-2 1.9999999999890862e-2
    1.9999999999890862e-2 1.9999999999890862e-2 1.9999999999890862e-2
    1.9999999999890862e-2 1.9999999999890862e-2 1.9999999999890862e-2
    1.9999999999890862e-2 1.9999999999890862e-2 1.9999999999890862e-2
    1.9999999999890862e-2 1.9999999999890862e-2 1.9999999999890862e-2
    1.9999999999890862e-2 1.9999999999890862e-2 1.9999999999890862e-2
    1.9999999999890862e-2 1.9999999999890862e-2 1.9999999999890862e-2
    1.9999999999890862e-2 1.9999999999890862e-2 1.9999999999890862e-2
    1.9999999999890862e-2 1.9999999999890862e-2 1.9999999999890862e-2
    1.9999999999890862e-2 1.9999999999890862e-2 1.9999999999890862e-2
    1.9999999999890862e-2 1.9999999999890862e-2 1.9999999999890862e-2
    1.9999999999890862e-2 1.9999999999890862e-2 1.9999999999890862e-2
    1.9999999999890862e-2 1.9999999999890862e-2 1.9999999999890862e-2
    1.9999999999890862e-2 1.9999999999890862e-2 1.9999999999890862e-2
    1.9999999999890862e-2 1.9999999999890862e-2 1.9999999999890862e-2
    1.9999999999890862e-2 1.9999999999890862e-2 1.9999999999890862e-2
    1.9999999999890862e-2 1.9999999999890862e-2 1.9999999999890862e-2
    1.9999999999890862e-2 1.9999999999890862e-2 1.9999999999890862e-2
    1.9999999999890862e-2 1.9999999999890862e-2 1.9999999999890862e-2
    1.9999999999890862e-2 1.9999999999890862e-2 1.9999999999890862e-2
    1.9999999999890862e-2 1.9999999999890862e-2 1.9999999999890862e-2
    1.9999999999890862e-2 1.9999999999890862e-2 1.9999999999890862e-2
    1.9999999999890862e-2 1.9999999999890862e-2 1.9999999999890862e-2
    1.9999999999890862e-2 1.9999999999890862e-2 1.9999999999890862e-2
    1.9999999999890862e-2 1.9999999999890862e-2 1.9999999999890862e-2
    1.9999999999890862e-2 1.9999999999890862e-2 1.9999999999890862e-2
    1.9999999999890862e-2 1.9999999999890862e-2 1.9999999999890862e-2
    1.9999999999890862e-2 1.9999999999890862e-2 1.9999999999890862e-2
    1.9999999999890862e-2 1.9999999999890862e-2 1.9999999999890862e-2
    1.9999999999890862e-2 1.9999999999890862e-2 1.9999999999890862e-2
    1.9999999999890862e-2 1.9999999999890862e-2 1.9999999999890862e-2
    1.9999999999890862e-2 1.9999999999890862e-2 1.9999999999890862e-2
    1.9999999999890862e-2 1.9999999999890862e-2 1.9999999999890862e-2
    1.9999999999890862e-2 1.9999999999890862e-2 1.9999999999890862e-2
    1.9999999999890862e-2 1.9999999999890862e-2 1.9999999999890862e-2
    1.9999999999890862e-2 1.9999999999890862e-2 1.9999999999890862e-2
    1.9999999999890862e-2 1.9999999999890862e-2 1.9999999999890862e-2
    1.9999999999890862e-2 1.9999999999890862e-2 1.9999999999890862e-2
    1.9999999999890862e-2 1.9999999999890862e-2 1.9999999999890862e-2
    1.9999999999890862e-2 1.9999999999890862e-2 1.9999999999890862e-2
    1.9999999999890862e-2 1.9999999999890862e-2 1.9999999999890862e-2
    1.9999999999890862e-2 1.9999999999890862e-2 1.9999999999890862e-2
    1.9999999999890862e-2 1.9999999999890862e-2 1.9999999999890862e-2
    1.9999999999890862e-2 1.9999999999890862e-2 1.9999999999890862e-2
    1.9999999999890862e-2 1.9999999999890862e-2 1.9999999999890862e-2
    1.9999999999890862e-2 1.9999999999890862e-2 1.9999999999890862e-2
    1.9999999999890862e-2 1.9999999999890862e-2 1.9999999999890862e-2
    1.9999999999890862e-2 1.9999999999890862e-2 1.9999999999890862e-2
    1.9999999999890862e-2 1.9999999999890862e-2 1.9999999999890862e-2
    1.9999999999890862e-2 1.9999999999890862e-2 1.9999999999890862e-2
    1.9999999999890862e-2 1.9999999999890862e-2 1.9999999999890862e-2
    1.9999999999890862e-2 1.9999999999890862e-2 1.9999999999890862e-2
    1.9999999999890862e-2 1.9999999999890862e-2 1.9999999999890862e-2
    1.9999999999890862e-2 1.9999999999890862e-2 1.9999999999890862e-2
    1.9999999999890862e-2 1.9999999999890862e-2 1.9999999999890862e-2
    1.9999999999890862e-2 1.9999999999890862e-2 1.9999999999890862e-2
    1.9999999999890862e-2 1.9999999999890862e-2 1.9999999999890862e-2
    1.9999999999890862e-2 1.9999999999890862e-2 1.9999999999890862e-2
    1.9999999999890862e-2 1.9999999999890862e-2 1.9999999999890862e-2
    1.9999999999890862e-2 1.9999999999890862e-2 1.9999999999890862e-2
    1.9999999999890862e-2 1.9999999999890862e-2 1.9999999999890862e-2
    1.9999999999890862e-2 1.9999999999890862e-2 1.9999999999890862e-2
    1.9999999999890862e-2 1.9999999999890862e-2 1.9999999999890862e-2
    1.9999999999890862e-2 1.9999999999890862e-2 1.9999999999890862e-2
    1.9999999999890862e-2 1.9999999999890862e-2 1.9999999999890862e-2
    1.9999999999890862e-2 1.9999999999890862e-2 1.9999999999890862e-2
    1.9999999999890862e-2 1.9999999999890862e-2 1.9999999999890862e-2
    1.9999999999890862e-2 1.9999999999890862e-2 1.9999999999890862e-2
    1.9999999999890862e-2 1.9999999999890862e-2 1.9999999999890862e-2
    1.9999999999890862e-2 1.9999999999890862e-2 1.9999999999890862e-2
    1.9999999999890862e-2 1.9999999999890862e-2 1.9999999999890862e-2
    1.9999999999890862e-2 1.9999999999890862e-2 1.9999999999890862e-2
    1.9999999999890862e-2 1.9999999999890862e-2 1.9999999999890862e-2
    1.9999999999890862e-2 1.9999999999890862e-2 1.9999999999890862e-2
    1.9999999999890862e-2 1.9999999999890862e-2 1.9999999999890862e-2
    1.9999999999890862e-2 1.9999999999890862e-2 1.9999999999890862e-2
    1.9999999999890862e-2 1.9999999999890862e-2 1.9999999999890862e-2
    1.9999999999890862e-2 1.9999999999890862e-2 1.9999999999890862e-2
    1.9999999999890862e-2 1.9999999999890862e-2 1.9999999999890862e-2
    1.9999999999890862e-2 1.9999999999890862e-2 1.9999999999890862e-2
    1.9999999999890862e-2 1.9999999999890862e-2 1.9999999999890862e-2
    1.9999999999890862e-2 1.9999999999890862e-2 1.9999999999890862e-2
    1.9999999999890862e-2 1.9999999999890862e-2 1.9999999999890862e-2
    1.9999999999890862e-2 1.9999999999890862e-2 1.9999999999890862e-2
    1.9999999999890862e-2 1.9999999999890862e-2 1.9999999999890862e-2
    1.9999999999890862e-2 1.9999999999890862e-2 1.9999999999890862e-2
    1.9999999999890862e-2 1.9999999999890862e-2 1.9999999999890862e-2
    1.9999999999890862e-2 1.9999999999890862e-2 1.9999999999890862e-2
    1.9999999999890862e-2 1.9999999999890862e-2 1.9999999999890862e-2
    1.9999999999890862e-2 1.9999999999890862e-2 1.9999999999890862e-2
    1.9999999999890862e-2 1.9999999999890862e-2 1.9999999999890862e-2
    1.9999999999890862e-2 1.9999999999890862e-2 1.9999999999890862e-2
    1.9999999999890862e-2 1.9999999999890862e-2 1.9999999999890862e-2
    1.9999999999890862e-2 1.9999999999890862e-2 1.9999999999890862e-2
    1.9999999999890862e-2 1.9999999999890862e-2 1.9999999999890862e-2
    1.9999999999890862e-2 1.9999999999890862e-2 1.9999999999890862e-2
    1.9999999999890862e-2 1.9999999999890862e-2 1.9999999999890862e-2
    1.9999999999890862e-2 1.9999999999890862e-2 1.9999999999890862e-2
    1.9999999999890862e-2 1.9999999999890862e-2 1.9999999999890862e-2
    1.9999999999890862e-2 1.9999999999890862e-2 1.9999999999890862e-2
    1.9999999999890862e-2 1.9999999999890862e-2 1.9999999999890862e-2
    1.9999999999890862e-2 1.9999999999890862e-2 1.9999999999890862e-2
    1.9999999999890862e-2 1.9999999999890862e-2 1.9999999999890862e-2
    1.9999999999890862e-2 1.9999999999890862e-2 1.9999999999890862e-2
    1.9999999999890862e-2 1.9999999999890862e-2 1.9999999999890862e-2
    1.9999999999890862e-2 1.9999999999890862e-2 1.9999999999890862e-2
    1.9999999999890862e-2 1.9999999999890862e-2 1.9999999999890862e-2
    1.9999999999890862e-2 1.9999999999890862e-2 1.9999999999890862e-2
    1.9999999999890862e-2 1.9999999999890862e-2 1.9999999999890862e-2
    1.9999999999890862e-2 1.9999999999890862e-2 1.9999999999890862e-2
    1.9999999999890862e-2 1.9999999999890862e-2 1.9999999999890862e-2
    1.9999999999890862e-2 1.9999999999890862e-2 1.9999999999890862e-2
    1.9999999999890862e-2 1.9999999999890862e-2 1.9999999999890862e-2
    1.9999999999890862e-2 1.9999999999890862e-2 1.9999999999890862e-2
    1.9999999999890862e-2 1.9999999999890862e-2 1.9999999999890862e-2
    1.9999999999890862e-2 1.9999999999890862e-2 1.9999999999890862e-2
    1.9999999999890862e-2 1.9999999999890862e-2 1.9999999999890862e-2
    1.9999999999890862e-2 1.9999999999890862e-2 1.9999999999890862e-2
    1.9999999999890862e-2 1.9999999999890862e-2 1.9999999999890862e-2
    1.9999999999890862e-2 1.9999999999890862e-2 1.9999999999890862e-2
    1.9999999999890862e-2 1.9999999999890862e-2 1.9999999999890862e-2
    1.9999999999890862e-2 1.9999999999890862e-2 1.9999999999890862e-2
    1.9999999999890862e-2 1.9999999999890862e-2 1.9999999999890862e-2
    1.9999999999890862e-2 1.9999999999890862e-2 1.9999999999890862e-2
    1.9999999999890862e-2 1.9999999999890862e-2 1.9999999999890862e-2
    1.9999999999890862e-2 1.9999999999890862e-2 1.9999999999890862e-2
    1.9999999999890862e-2 1.9999999999890862e-2 1.9999999999890862e-2
    1.9999999999890862e-2 1.9999999999890862e-2 1.9999999999890862e-2
    1.9999999999890862e-2 1.9999999999890862e-2 1.9999999999890862e-2
    1.9999999999890862e-2 1.9999999999890862e-2 1.9999999999890862e-2
    1.9999999999890862e-2 1.9999999999890862e-2 1.9999999999890862e-2
    1.9999999999890862e-2 1.9999999999890862e-2 1.9999999999890862e-2
    1.9999999999890862e-2 1.9999999999890862e-2 1.9999999999890862e-2
    1.9999999999890862e-2 1.9999999999890862e-2 1.9999999999890862e-2
    1.9999999999890862e-2 1.9999999999890862e-2 1.9999999999890862e-2
    1.9999999999890862e-2 1.9999999999890862e-2 1.9999999999890862e-2
    1.9999999999890862e-2 1.9999999999890862e-2 1.9999999999890862e-2
    1.9999999999890862e-2 1.9999999999890862e-2 1.9999999999890862e-2
    1.9999999999890862e-2 1.9999999999890862e-2 1.9999999999890862e-2
    1.9999999999890862e-2 1.9999999999890862e-2 1.9999999999890862e-2
    1.9999999999890862e-2 1.9999999999890862e-2 1.9999999999890862e-2
    1.9999999999890862e-2 1.9999999999890862e-2 1.9999999999890862e-2
    1.9999999999890862e-2 1.9999999999890862e-2 1.9999999999890862e-2
    1.9999999999890862e-2 1.9999999999890862e-2 1.9999999999890862e-2
    1.9999999999890862e-2 1.9999999999890862e-2 1.9999999999890862e-2
    1.9999999999890862e-2 1.9999999999890862e-2 1.9999999999890862e-2
    1.9999999999890862e-2 1.9999999999890862e-2 1.9999999999890862e-2
    1.9999999999890862e-2 1.9999999999890862e-2 1.9999999999890862e-2
    1.9999999999890862e-2 1.9999999999890862e-2 1.9999999999890862e-2
    1.9999999999890862e-2 1.9999999999890862e-2 1.9999999999890862e-2
    1.9999999999890862e-2 1.9999999999890862e-2 1.9999999999890862e-2
    1.9999999999890862e-2 1.9999999999890862e-2 1.9999999999890862e-2
    1.9999999999890862e-2 1.9999999999890862e-2 1.9999999999890862e-2
    1.9999999999890862e-2 1.9999999999890862e-2 1.9999999999890862e-2
    1.9999999999890862e-2 1.9999999999890862e-2 1.9999999999890862e-2
    1.9999999999890862e-2 1.9999999999890862e-2 1.9999999999890862e-2
    1.9999999999890862e-2 1.9999999999890862e-2 1.9999999999890862e-2
    1.9999999999890862e-2 1.9999999999890862e-2 1.9999999999890862e-2
    1.9999999999890862e-2 1.9999999999890862e-2 1.9999999999890862e-2
    1.9999999999890862e-2 1.9999999999890862e-2 1.9999999999890862e-2
    1.9999999999890862e-2 1.9999999999890862e-2 1.9999999999890862e-2
    1.9999999999890862e-2 1.9999999999890862e-2 1.9999999999890862e-2
    1.9999999999890862e-2 1.9999999999890862e-2 1.9999999999890862e-2
    1.9999999999890862e-2 1.9999999999890862e-2 1.9999999999890862e-2
    1.9999999999890862e-2 1.9999999999890862e-2 1.9999999999890862e-2
    1.9999999999890862e-2 1.9999999999890862e-2 1.9999999999890862e-2
    1.9999999999890862e-2 1.9999999999890862e-2 1.9999999999890862e-2
    1.9999999999890862e-2 1.9999999999890862e-2 1.9999999999890862e-2
    1.9999999999890862e-2 1.9999999999890862e-2 1.9999999999890862e-2
    1.9999999999890862e-2 1.9999999999890862e-2 1.9999999999890862e-2
    1.9999999999890862e-2 1.9999999999890862e-2 1.9999999999890862e-2
    1.9999999999890862e-2 1.9999999999890862e-2 1.9999999999890862e-2
    1.9999999999890862e-2 1.9999999999890862e-2 1.9999999999890862e-2
    1.9999999999890862e-2 1.9999999999890862e-2 1.9999999999890862e-2
    1.9999999999890862e-2 1.9999999999890862e-2 1.9999999999890862e-2
    1.9999999999890862e-2 1.9999999999890862e-2 1.9999999999890862e-2
    1.9999999999890862e-2 1.9999999999890862e-2 1.9999999999890862e-2
    1.9999999999890862e-2 1.9999999999890862e-2 1.9999999999890862e-2
    1.9999999999890862e-2 1.9999999999890862e-2 1.9999999999890862e-2
    1.9999999999890862e-2 1.9999999999890862e-2 1.9999999999890862e-2
    1.9999999999890862e-2 1.9999999999890862e-2 1.9999999999890862e-2
    1.9999999999890862e-2 1.9999999999890862e-2 1.9999999999890862e-2
    1.9999999999890862e-2 1.9999999999890862e-2 1.9999999999890862e-2
    1.9999999999890862e-2 1.9999999999890862e-2 1.9999999999890862e-2
    1.9999999999890862e-2 1.9999999999890862e-2 1.9999999999890862e-2
    1.9999999999890862e-2 1.9999999999890862e-2 1.9999999999890862e-2
    1.9999999999890862e-2 1.9999999999890862e-2 1.9999999999890862e-2
    1.9999999999890862e-2 1.9999999999890862e-2 1.9999999999890862e-2
    1.9999999999890862e-2 1.9999999999890862e-2 1.9999999999890862e-2
    1.9999999999890862e-2 1.9999999999890862e-2 1.9999999999890862e-2
    1.9999999999890862e-2 1.9999999999890862e-2 1.9999999999890862e-2
    1.9999999999890862e-2 1.9999999999890862e-2 1.9999999999890862e-2
    1.9999999999890862e-2 1.9999999999890862e-2 1.9999999999890862e-2
    1.9999999999890862e-2 1.9999999999890862e-2 1.9999999999890862e-2
    1.9999999999890862e-2 1.9999999999890862e-2 1.9999999999890862e-2
    1.9999999999890862e-2 1.9999999999890862e-2 1.9999999999890862e-2
    1.9999999999890862e-2 1.9999999999890862e-2 1.9999999999890862e-2
    1.9999999999890862e-2 1.9999999999890862e-2 1.9999999999890862e-2
    1.9999999999890862e-2 1.9999999999890862e-2 1.9999999999890862e-2
    1.9999999999890862e-2 1.9999999999890862e-2 1.9999999999890862e-2
    1.9999999999890862e-2 1.9999999999890862e-2 1.9999999999890862e-2
    1.9999999999890862e-2 1.9999999999890862e-2 1.9999999999890862e-2
    1.9999999999890862e-2 1.9999999999890862e-2 1.9999999999890862e-2
    1.9999999999890862e-2 1.9999999999890862e-2 1.9999999999890862e-2
    1.9999999999890862e-2 1.9999999999890862e-2 1.9999999999890862e-2
    1.9999999999890862e-2 1.9999999999890862e-2 1.9999999999890862e-2
    1.9999999999890862e-2 1.9999999999890862e-2 1.9999999999890862e-2
    1.9999999999890862e-2 1.9999999999890862e-2 1.9999999999890862e-2
    1.9999999999890862e-2 1.9999999999890862e-2 1.9999999999890862e-2
    1.9999999999890862e-2 1.9999999999890862e-2 1.9999999999890862e-2
    1.9999999999890862e-2 1.9999999999890862e-2 1.9999999999890862e-2
    1.9999999999890862e-2 1.9999999999890862e-2 1.9999999999890862e-2
    1.9999999999890862e-2 1.9999999999890862e-2 1.9999999999890862e-2
    1.9999999999890862e-2 1.9999999999890862e-2 1.9999999999890862e-2
    1.9999999999890862e-2 1.9999999999890862e-2 1.9999999999890862e-2
    1.9999999999890862e-2 1.9999999999890862e-2 1.9999999999890862e-2
    1.9999999999890862e-2 1.9999999999890862e-2 1.9999999999890862e-2
    1.9999999999890862e-2 1.9999999999890862e-2 1.9999999999890862e-2
    1.9999999999890862e-2 1.9999999999890862e-2 1.9999999999890862e-2
    1.9999999999890862e-2 1.9999999999890862e-2 1.9999999999890862e-2
    1.9999999999890862e-2 1.9999999999890862e-2 1.9999999999890862e-2
    1.9999999999890862e-2 1.9999999999890862e-2 1.9999999999890862e-2
    1.9999999999890862e-2 1.9999999999890862e-2 1.9999999999890862e-2
    1.9999999999890862e-2 1.9999999999890862e-2 1.9999999999890862e-2
    1.9999999999890862e-2 1.9999999999890862e-2 1.9999999999890862e-2
    1.9999999999890862e-2 1.9999999999890862e-2 1.9999999999890862e-2
    1.9999999999890862e-2 1.9999999999890862e-2 1.9999999999890862e-2
    1.9999999999890862e-2 1.9999999999890862e-2 1.9999999999890862e-2
    1.9999999999890862e-2 1.9999999999890862e-2 1.9999999999890862e-2
    1.9999999999890862e-2 1.9999999999890862e-2 1.9999999999890862e-2
    1.9999999999890862e-2 1.9999999999890862e-2 1.9999999999890862e-2
    1.9999999999890862e-2 1.9999999999890862e-2 1.9999999999890862e-2
    1.9999999999890862e-2 1.9999999999890862e-2 1.9999999999890862e-2
    1.9999999999890862e-2 1.9999999999890862e-2 1.9999999999890862e-2
    1.9999999999890862e-2 1.9999999999890862e-2 1.9999999999890862e-2
    1.9999999999890862e-2 1.9999999999890862e-2 1.9999999999890862e-2
    1.9999999999890862e-2 1.9999999999890862e-2 1.9999999999890862e-2
    1.9999999999890862e-2 1.9999999999890862e-2 1.9999999999890862e-2
    1.9999999999890862e-2 1.9999999999890862e-2 1.9999999999890862e-2
    1.9999999999890862e-2 1.9999999999890862e-2 1.9999999999890862e-2
    1.9999999999890862e-2 1.9999999999890862e-2 1.9999999999890862e-2
    1.9999999999890862e-2 1.9999999999890862e-2 1.9999999999890862e-2
    1.9999999999890862e-2 1.9999999999890862e-2 1.9999999999890862e-2
    1.9999999999890862e-2 1.9999999999890862e-2 1.9999999999890862e-2
    1.9999999999890862e-2 1.9999999999890862e-2 1.9999999999890862e-2
    1.9999999999890862e-2 1.9999999999890862e-2 1.9999999999890862e-2
    1.9999999999890862e-2 1.9999999999890862e-2 1.9999999999890862e-2
    1.9999999999890862e-2 1.9999999999890862e-2 1.9999999999890862e-2
    1.9999999999890862e-2 1.9999999999890862e-2 1.9999999999890862e-2
    1.9999999999890862e-2 1.9999999999890862e-2 1.9999999999890862e-2
    1.9999999999890862e-2 1.9999999999890862e-2 1.9999999999890862e-2
    1.9999999999890862e-2 1.9999999999890862e-2 1.9999999999890862e-2
    1.9999999999890862e-2 1.9999999999890862e-2 1.9999999999890862e-2
    1.9999999999890862e-2 1.9999999999890862e-2 1.9999999999890862e-2
    1.9999999999890862e-2 1.9999999999890862e-2 1.9999999999890862e-2
    1.9999999999890862e-2 1.9999999999890862e-2 1.9999999999890862e-2
    1.9999999999890862e-2 1.9999999999890862e-2 1.9999999999890862e-2
    1.9999999999890862e-2 1.9999999999890862e-2 1.9999999999890862e-2
    1.9999999999890862e-2 1.9999999999890862e-2 1.9999999999890862e-2
    1.9999999999890862e-2 1.9999999999890862e-2 1.9999999999890862e-2
    1.9999999999890862e-2 1.9999999999890862e-2 1.9999999999890862e-2
    1.9999999999890862e-2 1.9999999999890862e-2 1.9999999999890862e-2
    1.9999999999890862e-2 1.9999999999890862e-2 1.9999999999890862e-2
    1.9999999999890862e-2 1.9999999999890862e-2 1.9999999999890862e-2
    1.9999999999890862e-2 1.9999999999890862e-2 1.9999999999890862e-2
    1.9999999999890862e-2 1.9999999999890862e-2 1.9999999999890862e-2
    1.9999999999890862e-2 1.9999999999890862e-2 1.9999999999890862e-2
    1.9999999999890862e-2 1.9999999999890862e-2 1.9999999999890862e-2
    1.9999999999890862e-2 1.9999999999890862e-2 1.9999999999890862e-2
    1.9999999999890862e-2 1.9999999999890862e-2 1.9999999999890862e-2
    1.9999999999890862e-2 1.9999999999890862e-2 1.9999999999890862e-2
    1.9999999999890862e-2 1.9999999999890862e-2 1.9999999999890862e-2
    1.9999999999890862e-2 1.9999999999890862e-2 1.9999999999890862e-2
    1.9999999999890862e-2 1.9999999999890862e-2 1.9999999999890862e-2
    1.9999999999890862e-2 1.9999999999890862e-2 1.9999999999890862e-2
    1.9999999999890862e-2 1.9999999999890862e-2 1.9999999999890862e-2
    1.9999999999890862e-2 1.9999999999890862e-2 1.9999999999890862e-2
    1.9999999999890862e-2 1.9999999999890862e-2 1.9999999999890862e-2
    1.9999999999890862e-2 1.9999999999890862e-2 1.9999999999890862e-2
    1.9999999999890862e-2 1.9999999999890862e-2 1.9999999999890862e-2
    1.9999999999890862e-2 1.9999999999890862e-2 1.9999999999890862e-2
    1.9999999999890862e-2 1.9999999999890862e-2 1.9999999999890862e-2
    1.9999999999890862e-2 1.9999999999890862e-2 1.9999999999890862e-2
    1.9999999999890862e-2 1.9999999999890862e-2 1.9999999999890862e-2
    1.9999999999890862e-2 1.9999999999890862e-2 1.9999999999890862e-2
    1.9999999999890862e-2 1.9999999999890862e-2 1.9999999999890862e-2
    1.9999999999890862e-2 1.9999999999890862e-2 1.9999999999890862e-2
    1.9999999999890862e-2 1.9999999999890862e-2 1.9999999999890862e-2
    1.9999999999890862e-2 1.9999999999890862e-2 1.9999999999890862e-2
    1.9999999999890862e-2 1.9999999999890862e-2 1.9999999999890862e-2
    1.9999999999890862e-2 1.9999999999890862e-2 1.9999999999890862e-2
    1.9999999999890862e-2 1.9999999999890862e-2 1.9999999999890862e-2
    1.9999999999890862e-2 1.9999999999890862e-2 1.9999999999890862e-2
    1.9999999999890862e-2 1.9999999999890862e-2 1.9999999999890862e-2
    1.9999999999890862e-2 1.9999999999890862e-2 1.9999999999890862e-2
    1.9999999999890862e-2 1.9999999999890862e-2 1.9999999999890862e-2
    1.9999999999890862e-2 1.9999999999890862e-2 1.9999999999890862e-2
    1.9999999999890862e-2 1.9999999999890862e-2 1.9999999999890862e-2
    1.9999999999890862e-2 1.9999999999890862e-2 1.9999999999890862e-2
    1.9999999999890862e-2 1.9999999999890862e-2 1.9999999999890862e-2
    1.9999999999890862e-2 1.9999999999890862e-2 1.9999999999890862e-2
    1.9999999999890862e-2 1.9999999999890862e-2 1.9999999999890862e-2
    1.9999999999890862e-2 1.9999999999890862e-2 1.9999999999890862e-2
    1.9999999999890862e-2 1.9999999999890862e-2 1.9999999999890862e-2
    1.9999999999890862e-2 1.9999999999890862e-2 1.9999999999890862e-2
    1.9999999999890862e-2 1.9999999999890862e-2 1.9999999999890862e-2
    1.9999999999890862e-2 1.9999999999890862e-2 1.9999999999890862e-2
    1.9999999999890862e-2 1.9999999999890862e-2 1.9999999999890862e-2
    1.9999999999890862e-2 1.9999999999890862e-2 1.9999999999890862e-2
    1.9999999999890862e-2 1.9999999999890862e-2 1.9999999999890862e-2
    1.9999999999890862e-2 1.9999999999890862e-2 1.9999999999890862e-2
    1.9999999999890862e-2 1.9999999999890862e-2 1.9999999999890862e-2
    1.9999999999890862e-2 1.9999999999890862e-2 1.9999999999890862e-2
    1.9999999999890862e-2 1.9999999999890862e-2 1.9999999999890862e-2
    1.9999999999890862e-2 1.9999999999890862e-2 1.9999999999890862e-2
    1.9999999999890862e-2 1.9999999999890862e-2 1.9999999999890862e-2
    1.9999999999890862e-2 1.9999999999890862e-2 1.9999999999890862e-2
    1.9999999999890862e-2 1.9999999999890862e-2 1.9999999999890862e-2
    1.9999999999890862e-2 1.9999999999890862e-2 1.9999999999890862e-2
    1.9999999999890862e-2 1.9999999999890862e-2 1.9999999999890862e-2
    1.9999999999890862e-2 1.9999999999890862e-2 1.9999999999890862e-2
    1.9999999999890862e-2 1.9999999999890862e-2 1.9999999999890862e-2
    1.9999999999890862e-2 1.9999999999890862e-2 1.9999999999890862e-2
    1.9999999999890862e-2 1.9999999999890862e-2 1.9999999999890862e-2
    1.9999999999890862e-2 1.9999999999890862e-2 1.9999999999890862e-2
    1.9999999999890862e-2 1.9999999999890862e-2 1.9999999999890862e-2
    1.9999999999890862e-2 1.9999999999890862e-2 1.9999999999890862e-2
    1.9999999999890862e-2 1.9999999999890862e-2 1.9999999999890862e-2
    1.9999999999890862e-2 1.9999999999890862e-2 1.9999999999890862e-2
    1.9999999999890862e-2 1.9999999999890862e-2 1.9999999999890862e-2
    1.9999999999890862e-2 1.9999999999890862e-2 1.9999999999890862e-2
    1.9999999999890862e-2 1.9999999999890862e-2 1.9999999999890862e-2
    1.9999999999890862e-2 1.9999999999890862e-2 1.9999999999890862e-2
    1.9999999999890862e-2 1.9999999999890862e-2 1.9999999999890862e-2
    1.9999999999890862e-2 1.9999999999890862e-2 1.9999999999890862e-2
    1.9999999999890862e-2 1.9999999999890862e-2 1.9999999999890862e-2
    1.9999999999890862e-2 1.9999999999890862e-2 1.9999999999890862e-2
    1.9999999999890862e-2 1.9999999999890862e-2 1.9999999999890862e-2
    1.9999999999890862e-2 1.9999999999890862e-2 1.9999999999890862e-2
    1.9999999999890862e-2 1.9999999999890862e-2 1.9999999999890862e-2
    1.9999999999890862e-2 1.9999999999890862e-2 1.9999999999890862e-2
    1.9999999999890862e-2 1.9999999999890862e-2 1.9999999999890862e-2
    1.9999999999890862e-2 1.9999999999890862e-2 1.9999999999890862e-2
    1.9999999999890862e-2 1.9999999999890862e-2 1.9999999999890862e-2
    1.9999999999890862e-2 1.9999999999890862e-2 1.9999999999890862e-2
    1.9999999999890862e-2 1.9999999999890862e-2 1.9999999999890862e-2
    1.9999999999890862e-2 1.9999999999890862e-2 1.9999999999890862e-2
    1.9999999999890862e-2 1.9999999999890862e-2 1.9999999999890862e-2
    1.9999999999890862e-2 1.9999999999890862e-2 1.9999999999890862e-2
    1.9999999999890862e-2 1.9999999999890862e-2 1.9999999999890862e-2
    1.9999999999890862e-2 1.9999999999890862e-2 1.9999999999890862e-2
    1.9999999999890862e-2 1.9999999999890862e-2 1.9999999999890862e-2
    1.9999999999890862e-2 1.9999999999890862e-2 1.9999999999890862e-2
    1.9999999999890862e-2 1.9999999999890862e-2 1.9999999999890862e-2
    1.9999999999890862e-2 1.9999999999890862e-2 1.9999999999890862e-2
    1.9999999999890862e-2 1.9999999999890862e-2 1.9999999999890862e-2
    1.9999999999890862e-2 1.9999999999890862e-2 1.9999999999890862e-2
    1.9999999999890862e-2 1.9999999999890862e-2 1.9999999999890862e-2
    1.9999999999890862e-2 1.9999999999890862e-2 1.9999999999890862e-2
    1.9999999999890862e-2 1.9999999999890862e-2 1.9999999999890862e-2
    1.9999999999890862e-2 1.9999999999890862e-2 1.9999999999890862e-2
    1.9999999999890862e-2 1.9999999999890862e-2 1.9999999999890862e-2
    1.9999999999890862e-2 1.9999999999890862e-2 1.9999999999890862e-2
    1.9999999999890862e-2 1.9999999999890862e-2 1.9999999999890862e-2
    1.9999999999890862e-2 1.9999999999890862e-2 1.9999999999890862e-2
    1.9999999999890862e-2 1.9999999999890862e-2 1.9999999999890862e-2
    1.9999999999890862e-2 1.9999999999890862e-2 1.9999999999890862e-2
    1.9999999999890862e-2 1.9999999999890862e-2 1.9999999999890862e-2
    1.9999999999890862e-2 1.9999999999890862e-2 1.9999999999890862e-2
    1.9999999999890862e-2 1.9999999999890862e-2 1.9999999999890862e-2
    1.9999999999890862e-2 1.9999999999890862e-2 1.9999999999890862e-2
    1.9999999999890862e-2 1.9999999999890862e-2 1.9999999999890862e-2
    1.9999999999890862e-2 1.9999999999890862e-2 1.9999999999890862e-2
    1.9999999999890862e-2 1.9999999999890862e-2 1.9999999999890862e-2
    1.9999999999890862e-2 1.9999999999890862e-2 1.9999999999890862e-2
    1.9999999999890862e-2 1.9999999999890862e-2 1.9999999999890862e-2
    1.9999999999890862e-2 1.9999999999890862e-2 1.9999999999890862e-2
    1.9999999999890862e-2 1.9999999999890862e-2 1.9999999999890862e-2
    1.9999999999890862e-2 1.9999999999890862e-2 1.9999999999890862e-2
    1.9999999999890862e-2 1.9999999999890862e-2 1.9999999999890862e-2
    1.9999999999890862e-2 1.9999999999890862e-2 1.9999999999890862e-2
    1.9999999999890862e-2 1.9999999999890862e-2 1.9999999999890862e-2
    1.9999999999890862e-2 1.9999999999890862e-2 1.9999999999890862e-2
    1.9999999999890862e-2 1.9999999999890862e-2 1.9999999999890862e-2
    1.9999999999890862e-2 1.9999999999890862e-2 1.9999999999890862e-2
    1.9999999999890862e-2 1.9999999999890862e-2 1.9999999999890862e-2
    1.9999999999890862e-2 1.9999999999890862e-2 1.9999999999890862e-2
    1.9999999999890862e-2 1.9999999999890862e-2 1.9999999999890862e-2
    1.9999999999890862e-2 1.9999999999890862e-2 1.9999999999890862e-2
    1.9999999999890862e-2 1.9999999999890862e-2 1.9999999999890862e-2
    1.9999999999890862e-2 1.9999999999890862e-2 1.9999999999890862e-2
    1.9999999999890862e-2 1.9999999999890862e-2 1.9999999999890862e-2
    1.9999999999890862e-2 1.9999999999890862e-2 1.9999999999890862e-2
    1.9999999999890862e-2 1.9999999999890862e-2 1.9999999999890862e-2
    1.9999999999890862e-2 1.9999999999890862e-2 1.9999999999890862e-2
    1.9999999999890862e-2 1.9999999999890862e-2 1.9999999999890862e-2
    1.9999999999890862e-2 1.9999999999890862e-2 1.9999999999890862e-2
    1.9999999999890862e-2 1.9999999999890862e-2 1.9999999999890862e-2
    1.9999999999890862e-2 1.9999999999890862e-2 1.9999999999890862e-2
    1.9999999999890862e-2 1.9999999999890862e-2 1.9999999999890862e-2
    1.9999999999890862e-2 1.9999999999890862e-2 1.9999999999890862e-2
    1.9999999999890862e-2 1.9999999999890862e-2 1.9999999999890862e-2
    1.9999999999890862e-2 1.9999999999890862e-2 1.9999999999890862e-2
    1.9999999999890862e-2 1.9999999999890862e-2 1.9999999999890862e-2
    1.9999999999890862e-2 1.9999999999890862e-2 1.9999999999890862e-2
    1.9999999999890862e-2 1.9999999999890862e-2 1.9999999999890862e-2
    1.9999999999890862e-2 1.9999999999890862e-2 1.9999999999890862e-2
    1.9999999999890862e-2 1.9999999999890862e-2 1.9999999999890862e-2
    1.9999999999890862e-2 1.9999999999890862e-2 1.9999999999890862e-2
    1.9999999999890862e-2 1.9999999999890862e-2 1.9999999999890862e-2
    1.9999999999890862e-2 1.9999999999890862e-2 1.9999999999890862e-2
    1.9999999999890862e-2 1.9999999999890862e-2 1.9999999999890862e-2
    1.9999999999890862e-2 1.9999999999890862e-2 1.9999999999890862e-2
    1.9999999999890862e-2 1.9999999999890862e-2 1.9999999999890862e-2
    1.9999999999890862e-2 1.9999999999890862e-2 1.9999999999890862e-2
    1.9999999999890862e-2 1.9999999999890862e-2 1.9999999999890862e-2
    1.9999999999890862e-2 1.9999999999890862e-2 1.9999999999890862e-2
    1.9999999999890862e-2 1.9999999999890862e-2 1.9999999999890862e-2
    1.9999999999890862e-2 1.9999999999890862e-2 1.9999999999890862e-2
    1.9999999999890862e-2 1.9999999999890862e-2 1.9999999999890862e-2
    1.9999999999890862e-2 1.9999999999890862e-2 1.9999999999890862e-2
    1.9999999999890862e-2 1.9999999999890862e-2 1.9999999999890862e-2
    1.9999999999890862e-2 1.9999999999890862e-2 1.9999999999890862e-2
    1.9999999999890862e-2 1.9999999999890862e-2 1.9999999999890862e-2
    1.9999999999890862e-2 1.9999999999890862e-2 1.9999999999890862e-2
    1.9999999999890862e-2 1.9999999999890862e-2 1.9999999999890862e-2
    1.9999999999890862e-2 1.9999999999890862e-2 1.9999999999890862e-2
    1.9999999999890862e-2 1.9999999999890862e-2 1.9999999999890862e-2
    1.9999999999890862e-2 1.9999999999890862e-2 1.9999999999890862e-2
    1.9999999999890862e-2 1.9999999999890862e-2 1.9999999999890862e-2
    1.9999999999890862e-2 1.9999999999890862e-2 1.9999999999890862e-2
    1.9999999999890862e-2 1.9999999999890862e-2 1.9999999999890862e-2
    1.9999999999890862e-2 1.9999999999890862e-2 1.9999999999890862e-2
    1.9999999999890862e-2 1.9999999999890862e-2 1.9999999999890862e-2
    1.9999999999890862e-2 1.9999999999890862e-2 1.9999999999890862e-2
    1.9999999999890862e-2 1.9999999999890862e-2 1.9999999999890862e-2
    1.9999999999890862e-2 1.9999999999890862e-2 1.9999999999890862e-2
    1.9999999999890862e-2 1.9999999999890862e-2 1.9999999999890862e-2
    1.9999999999890862e-2 1.9999999999890862e-2 1.9999999999890862e-2
    1.9999999999890862e-2 1.9999999999890862e-2 1.9999999999890862e-2
    1.9999999999890862e-2 1.9999999999890862e-2 1.9999999999890862e-2
    1.9999999999890862e-2 1.9999999999890862e-2 1.9999999999890862e-2
    1.9999999999890862e-2 1.9999999999890862e-2 1.9999999999890862e-2
    1.9999999999890862e-2 1.9999999999890862e-2 1.9999999999890862e-2
    1.9999999999890862e-2 1.9999999999890862e-2 1.9999999999890862e-2
    1.9999999999890862e-2 1.9999999999890862e-2 1.9999999999890862e-2
    1.9999999999890862e-2 1.9999999999890862e-2 1.9999999999890862e-2
    1.9999999999890862e-2 1.9999999999890862e-2 1.9999999999890862e-2
    1.9999999999890862e-2 1.9999999999890862e-2 1.9999999999890862e-2
    1.9999999999890862e-2 1.9999999999890862e-2 1.9999999999890862e-2
    1.9999999999890862e-2 1.9999999999890862e-2 1.9999999999890862e-2
    1.9999999999890862e-2 1.9999999999890862e-2 1.9999999999890862e-2
    1.9999999999890862e-2 1.9999999999890862e-2 1.9999999999890862e-2
    1.9999999999890862e-2 1.9999999999890862e-2 1.9999999999890862e-2
    1.9999999999890862e-2 1.9999999999890862e-2 1.9999999999890862e-2
    1.9999999999890862e-2 1.9999999999890862e-2 1.9999999999890862e-2
    1.9999999999890862e-2 1.9999999999890862e-2 1.9999999999890862e-2
    1.9999999999890862e-2 1.9999999999890862e-2 1.9999999999890862e-2
    1.9999999999890862e-2 1.9999999999890862e-2 1.9999999999890862e-2
    1.9999999999890862e-2 1.9999999999890862e-2 1.9999999999890862e-2
    1.9999999999890862e-2 1.9999999999890862e-2 1.9999999999890862e-2
    1.9999999999890862e-2 1.9999999999890862e-2 1.9999999999890862e-2
    1.9999999999890862e-2 1.9999999999890862e-2 1.9999999999890862e-2
    1.9999999999890862e-2 1.9999999999890862e-2 1.9999999999890862e-2
    1.9999999999890862e-2 1.9999999999890862e-2 1.9999999999890862e-2
    1.9999999999890862e-2 1.9999999999890862e-2 1.9999999999890862e-2
    1.9999999999890862e-2 1.9999999999890862e-2 1.9999999999890862e-2
    1.9999999999890862e-2 1.9999999999890862e-2 1.9999999999890862e-2
    1.9999999999890862e-2 1.9999999999890862e-2 1.9999999999890862e-2
    1.9999999999890862e-2 1.9999999999890862e-2 1.9999999999890862e-2
    1.9999999999890862e-2 1.9999999999890862e-2 1.9999999999890862e-2
    1.9999999999890862e-2 1.9999999999890862e-2 1.9999999999890862e-2
    1.9999999999890862e-2 1.9999999999890862e-2 1.9999999999890862e-2
    1.9999999999890862e-2 1.9999999999890862e-2 1.9999999999890862e-2
    1.9999999999890862e-2 1.9999999999890862e-2 1.9999999999890862e-2
    1.9999999999890862e-2 1.9999999999890862e-2 1.9999999999890862e-2
    1.9999999999890862e-2 1.9999999999890862e-2 1.9999999999890862e-2
    1.9999999999890862e-2 1.9999999999890862e-2 1.9999999999890862e-2
    1.9999999999890862e-2 1.9999999999890862e-2 1.9999999999890862e-2
    1.9999999999890862e-2 1.9999999999890862e-2 1.9999999999890862e-2
    1.9999999999890862e-2 1.9999999999890862e-2 1.9999999999890862e-2
    1.9999999999890862e-2 1.9999999999890862e-2 1.9999999999890862e-2
    1.9999999999890862e-2 1.9999999999890862e-2 1.9999999999890862e-2
    1.9999999999890862e-2 1.9999999999890862e-2 1.9999999999890862e-2
    1.9999999999890862e-2 1.9999999999890862e-2 1.9999999999890862e-2
    1.9999999999890862e-2 1.9999999999890862e-2 1.9999999999890862e-2
    1.9999999999890862e-2 1.9999999999890862e-2 1.9999999999890862e-2
    1.9999999999890862e-2 1.9999999999890862e-2 1.9999999999890862e-2
    1.9999999999890862e-2 1.9999999999890862e-2 1.9999999999890862e-2
    1.9999999999890862e-2 1.9999999999890862e-2 1.9999999999890862e-2
    1.9999999999890862e-2 1.9999999999890862e-2 1.9999999999890862e-2
    1.9999999999890862e-2 1.9999999999890862e-2 1.9999999999890862e-2
    1.9999999999890862e-2 1.9999999999890862e-2 1.9999999999890862e-2
    1.9999999999890862e-2 1.9999999999890862e-2 1.9999999999890862e-2
    1.9999999999890862e-2 1.9999999999890862e-2 1.9999999999890862e-2
    1.9999999999890862e-2 1.9999999999890862e-2 1.9999999999890862e-2
    1.9999999999890862e-2 1.9999999999890862e-2 1.9999999999890862e-2
    1.9999999999890862e-2 1.9999999999890862e-2 1.9999999999890862e-2
    1.9999999999890862e-2 1.9999999999890862e-2 1.9999999999890862e-2
    1.9999999999890862e-2 1.9999999999890862e-2 1.9999999999890862e-2
    1.9999999999890862e-2 1.9999999999890862e-2 1.9999999999890862e-2
    1.9999999999890862e-2 1.9999999999890862e-2 1.9999999999890862e-2
    1.9999999999890862e-2 1.9999999999890862e-2 1.9999999999890862e-2
    1.9999999999890862e-2 1.9999999999890862e-2 1.9999999999890862e-2
    1.9999999999890862e-2 1.9999999999890862e-2 1.9999999999890862e-2
    1.9999999999890862e-2 1.9999999999890862e-2 1.9999999999890862e-2
    1.9999999999890862e-2 1.9999999999890862e-2 1.9999999999890862e-2
    1.9999999999890862e-2 1.9999999999890862e-2 1.9999999999890862e-2
    1.9999999999890862e-2 1.9999999999890862e-2 1.9999999999890862e-2
    1.9999999999890862e-2 1.9999999999890862e-2 1.9999999999890862e-2
    1.9999999999890862e-2 1.9999999999890862e-2 1.9999999999890862e-2
    1.9999999999890862e-2 1.9999999999890862e-2 1.9999999999890862e-2
    1.9999999999890862e-2 1.9999999999890862e-2 1.9999999999890862e-2
    1.9999999999890862e-2 1.9999999999890862e-2 1.9999999999890862e-2
    1.9999999999890862e-2 1.9999999999890862e-2 1.9999999999890862e-2
    1.9999999999890862e-2 1.9999999999890862e-2 1.9999999999890862e-2
    1.9999999999890862e-2 1.9999999999890862e-2 1.9999999999890862e-2
    1.9999999999890862e-2 1.9999999999890862e-2 1.9999999999890862e-2
    1.9999999999890862e-2 1.9999999999890862e-2 1.9999999999890862e-2
    1.9999999999890862e-2 1.9999999999890862e-2 1.9999999999890862e-2
    1.9999999999890862e-2 1.9999999999890862e-2 1.9999999999890862e-2
    1.9999999999890862e-2 1.9999999999890862e-2 1.9999999999890862e-2
    1.9999999999890862e-2 1.9999999999890862e-2 1.9999999999890862e-2
    1.9999999999890862e-2 1.9999999999890862e-2 1.9999999999890862e-2
    1.9999999999890862e-2 1.9999999999890862e-2 1.9999999999890862e-2
    1.9999999999890862e-2 1.9999999999890862e-2 1.9999999999890862e-2
    1.9999999999890862e-2 1.9999999999890862e-2 1.9999999999890862e-2
    1.9999999999890862e-2 1.9999999999890862e-2 1.9999999999890862e-2
    1.9999999999890862e-2 1.9999999999890862e-2 1.9999999999890862e-2
    1.9999999999890862e-2 1.9999999999890862e-2 1.9999999999890862e-2
    1.9999999999890862e-2 1.9999999999890862e-2 1.9999999999890862e-2
    1.9999999999890862e-2 1.9999999999890862e-2 1.9999999999890862e-2
    1.9999999999890862e-2 1.9999999999890862e-2 1.9999999999890862e-2
    1.9999999999890862e-2 1.9999999999890862e-2 1.9999999999890862e-2
    1.9999999999890862e-2 1.9999999999890862e-2 1.9999999999890862e-2
    1.9999999999890862e-2 1.9999999999890862e-2 1.9999999999890862e-2
    1.9999999999890862e-2 1.9999999999890862e-2 1.9999999999890862e-2
    1.9999999999890862e-2 1.9999999999890862e-2 1.9999999999890862e-2
    1.9999999999890862e-2 1.9999999999890862e-2 1.9999999999890862e-2
    1.9999999999890862e-2 1.9999999999890862e-2 1.9999999999890862e-2
    1.9999999999890862e-2 1.9999999999890862e-2 1.9999999999890862e-2
    1.9999999999890862e-2 1.9999999999890862e-2 1.9999999999890862e-2
    1.9999999999890862e-2 1.9999999999890862e-2 1.9999999999890862e-2
    1.9999999999890862e-2 1.9999999999890862e-2 1.9999999999890862e-2
    1.9999999999890862e-2 1.9999999999890862e-2 1.9999999999890862e-2
    1.9999999999890862e-2 1.9999999999890862e-2 1.9999999999890862e-2
    1.9999999999890862e-2 1.9999999999890862e-2 1.9999999999890862e-2
    1.9999999999890862e-2 1.9999999999890862e-2 1.9999999999890862e-2
    1.9999999999890862e-2 1.9999999999890862e-2 1.9999999999890862e-2
    1.9999999999890862e-2 1.9999999999890862e-2 1.9999999999890862e-2
    1.9999999999890862e-2 1.9999999999890862e-2 1.9999999999890862e-2
    1.9999999999890862e-2 1.9999999999890862e-2 1.9999999999890862e-2
    1.9999999999890862e-2 1.9999999999890862e-2 1.9999999999890862e-2
    1.9999999999890862e-2 1.9999999999890862e-2 1.9999999999890862e-2
    1.9999999999890862e-2 1.9999999999890862e-2 1.9999999999890862e-2
    1.9999999999890862e-2 1.9999999999890862e-2 1.9999999999890862e-2
    1.9999999999890862e-2 1.9999999999890862e-2 1.9999999999890862e-2
    1.9999999999890862e-2 1.9999999999890862e-2 1.9999999999890862e-2
    1.9999999999890862e-2 1.9999999999890862e-2 1.9999999999890862e-2
    1.9999999999890862e-2 1.9999999999890862e-2 1.9999999999890862e-2
    1.9999999999890862e-2 1.9999999999890862e-2 1.9999999999890862e-2
    1.9999999999890862e-2 1.9999999999890862e-2 1.9999999999890862e-2
    1.9999999999890862e-2 1.9999999999890862e-2 1.9999999999890862e-2
    1.9999999999890862e-2 1.9999999999890862e-2 1.9999999999890862e-2
    1.9999999999890862e-2 1.9999999999890862e-2 1.9999999999890862e-2
    1.9999999999890862e-2 1.9999999999890862e-2 1.9999999999890862e-2
    1.9999999999890862e-2 1.9999999999890862e-2 1.9999999999890862e-2
    1.9999999999890862e-2 1.9999999999890862e-2 1.9999999999890862e-2
    1.9999999999890862e-2 1.9999999999890862e-2 1.9999999999890862e-2
    1.9999999999890862e-2 1.9999999999890862e-2 1.9999999999890862e-2
    1.9999999999890862e-2 1.9999999999890862e-2 1.9999999999890862e-2
    1.9999999999890862e-2 1.9999999999890862e-2 1.9999999999890862e-2
    1.9999999999890862e-2 1.9999999999890862e-2 1.9999999999890862e-2
    1.9999999999890862e-2 1.9999999999890862e-2 1.9999999999890862e-2
    1.9999999999890862e-2 1.9999999999890862e-2 1.9999999999890862e-2
    1.9999999999890862e-2 1.9999999999890862e-2 1.9999999999890862e-2
    1.9999999999890862e-2 1.9999999999890862e-2 1.9999999999890862e-2
    1.9999999999890862e-2 1.9999999999890862e-2 1.9999999999890862e-2
    1.9999999999890862e-2 1.9999999999890862e-2 1.9999999999890862e-2
    1.9999999999890862e-2 1.9999999999890862e-2 1.9999999999890862e-2
    1.9999999999890862e-2 1.9999999999890862e-2 1.9999999999890862e-2
    1.9999999999890862e-2 1.9999999999890862e-2 1.9999999999890862e-2
    1.9999999999890862e-2 1.9999999999890862e-2 1.9999999999890862e-2
    1.9999999999890862e-2 1.9999999999890862e-2 1.9999999999890862e-2
    1.9999999999890862e-2 1.9999999999890862e-2 1.9999999999890862e-2
    1.9999999999890862e-2 1.9999999999890862e-2 1.9999999999890862e-2
    1.9999999999890862e-2 1.9999999999890862e-2 1.9999999999890862e-2
    1.9999999999890862e-2 1.9999999999890862e-2 1.9999999999890862e-2
    1.9999999999890862e-2 1.9999999999890862e-2 1.9999999999890862e-2
    1.9999999999890862e-2 1.9999999999890862e-2 1.9999999999890862e-2
    1.9999999999890862e-2 1.9999999999890862e-2 1.9999999999890862e-2
    1.9999999999890862e-2 1.9999999999890862e-2 1.9999999999890862e-2
    1.9999999999890862e-2 1.9999999999890862e-2 1.9999999999890862e-2
    1.9999999999890862e-2 1.9999999999890862e-2 1.9999999999890862e-2
    1.9999999999890862e-2 1.9999999999890862e-2 1.9999999999890862e-2
    1.9999999999890862e-2 1.9999999999890862e-2 1.9999999999890862e-2
    1.9999999999890862e-2 1.9999999999890862e-2 1.9999999999890862e-2
    1.9999999999890862e-2 1.9999999999890862e-2 1.9999999999890862e-2
    1.9999999999890862e-2 1.9999999999890862e-2 1.9999999999890862e-2
    1.9999999999890862e-2 1.9999999999890862e-2 1.9999999999890862e-2
    1.9999999999890862e-2 1.9999999999890862e-2 1.9999999999890862e-2
    1.9999999999890862e-2 1.9999999999890862e-2 1.9999999999890862e-2
    1.9999999999890862e-2 1.9999999999890862e-2 1.9999999999890862e-2
    1.9999999999890862e-2 1.9999999999890862e-2 1.9999999999890862e-2
    1.9999999999890862e-2 1.9999999999890862e-2 1.9999999999890862e-2
    1.9999999999890862e-2 1.9999999999890862e-2 1.9999999999890862e-2
    1.9999999999890862e-2 1.9999999999890862e-2 1.9999999999890862e-2
    1.9999999999890862e-2 1.9999999999890862e-2 1.9999999999890862e-2
    1.9999999999890862e-2 1.9999999999890862e-2 1.9999999999890862e-2
    1.9999999999890862e-2 1.9999999999890862e-2 1.9999999999890862e-2
    1.9999999999890862e-2 1.9999999999890862e-2 1.9999999999890862e-2
    1.9999999999890862e-2 1.9999999999890862e-2 1.9999999999890862e-2
    1.9999999999890862e-2 1.9999999999890862e-2 1.9999999999890862e-2
    1.9999999999890862e-2 1.9999999999890862e-2 1.9999999999890862e-2
    1.9999999999890862e-2 1.9999999999890862e-2 1.9999999999890862e-2
    1.9999999999890862e-2 1.9999999999890862e-2 1.9999999999890862e-2
    1.9999999999890862e-2 1.9999999999890862e-2 1.9999999999890862e-2
    1.9999999999890862e-2 1.9999999999890862e-2 1.9999999999890862e-2
    1.9999999999890862e-2 1.9999999999890862e-2 1.9999999999890862e-2
    1.9999999999890862e-2 1.9999999999890862e-2 1.9999999999890862e-2
    1.9999999999890862e-2 1.9999999999890862e-2 1.9999999999890862e-2
    1.9999999999890862e-2 1.9999999999890862e-2 1.9999999999890862e-2
    1.9999999999890862e-2 1.9999999999890862e-2 1.9999999999890862e-2
    1.9999999999890862e-2 1.9999999999890862e-2 1.9999999999890862e-2
    1.9999999999890862e-2 1.9999999999890862e-2 1.9999999999890862e-2
    1.9999999999890862e-2 1.9999999999890862e-2 1.9999999999890862e-2
    1.9999999999890862e-2 1.9999999999890862e-2 1.9999999999890862e-2
    1.9999999999890862e-2 1.9999999999890862e-2 1.9999999999890862e-2
    1.9999999999890862e-2 1.9999999999890862e-2 1.9999999999890862e-2
    1.9999999999890862e-2 1.9999999999890862e-2 1.9999999999890862e-2
    1.9999999999890862e-2 1.9999999999890862e-2 1.9999999999890862e-2
    1.9999999999890862e-2 1.9999999999890862e-2 1.9999999999890862e-2
    1.9999999999890862e-2 1.9999999999890862e-2 1.9999999999890862e-2
    1.9999999999890862e-2 1.9999999999890862e-2 1.9999999999890862e-2
    1.9999999999890862e-2 1.9999999999890862e-2 1.9999999999890862e-2
    1.9999999999890862e-2 1.9999999999890862e-2 1.9999999999890862e-2
    1.9999999999890862e-2 1.9999999999890862e-2 1.9999999999890862e-2
    1.9999999999890862e-2 1.9999999999890862e-2 1.9999999999890862e-2
    1.9999999999890862e-2 1.9999999999890862e-2 1.9999999999890862e-2
    1.9999999999890862e-2 1.9999999999890862e-2 1.9999999999890862e-2
    1.9999999999890862e-2 1.9999999999890862e-2 1.9999999999890862e-2
    1.9999999999890862e-2 1.9999999999890862e-2 1.9999999999890862e-2
    1.9999999999890862e-2 1.9999999999890862e-2 1.9999999999890862e-2
    1.9999999999890862e-2 1.9999999999890862e-2 1.9999999999890862e-2
    1.9999999999890862e-2 1.9999999999890862e-2 1.9999999999890862e-2
    1.9999999999890862e-2 1.9999999999890862e-2 1.9999999999890862e-2
    1.9999999999890862e-2 1.9999999999890862e-2 1.9999999999890862e-2
    1.9999999999890862e-2 1.9999999999890862e-2 1.9999999999890862e-2
    1.9999999999890862e-2 1.9999999999890862e-2 1.9999999999890862e-2
    1.9999999999890862e-2 1.9999999999890862e-2 1.9999999999890862e-2
    1.9999999999890862e-2 1.9999999999890862e-2 1.9999999999890862e-2
    1.9999999999890862e-2 1.9999999999890862e-2 1.9999999999890862e-2
    1.9999999999890862e-2 1.9999999999890862e-2 1.9999999999890862e-2
    1.9999999999890862e-2 1.9999999999890862e-2 1.9999999999890862e-2
    1.9999999999890862e-2 1.9999999999890862e-2 1.9999999999890862e-2
    1.9999999999890862e-2 1.9999999999890862e-2 1.9999999999890862e-2
    1.9999999999890862e-2 1.9999999999890862e-2 1.9999999999890862e-2
    1.9999999999890862e-2 1.9999999999890862e-2 1.9999999999890862e-2
    1.9999999999890862e-2 1.9999999999890862e-2 1.9999999999890862e-2
    1.9999999999890862e-2 1.9999999999890862e-2 1.9999999999890862e-2
    1.9999999999890862e-2 1.9999999999890862e-2 1.9999999999890862e-2
    1.9999999999890862e-2 1.9999999999890862e-2 1.9999999999890862e-2
    1.9999999999890862e-2 1.9999999999890862e-2 1.9999999999890862e-2
    1.9999999999890862e-2 1.9999999999890862e-2 1.9999999999890862e-2
    1.9999999999890862e-2 1.9999999999890862e-2 1.9999999999890862e-2
    1.9999999999890862e-2 1.9999999999890862e-2 1.9999999999890862e-2
    1.9999999999890862e-2 1.9999999999890862e-2 1.9999999999890862e-2
    1.9999999999890862e-2 1.9999999999890862e-2 1.9999999999890862e-2
    1.9999999999890862e-2 1.9999999999890862e-2 1.9999999999890862e-2
    1.9999999999890862e-2 1.9999999999890862e-2 1.9999999999890862e-2
    1.9999999999890862e-2 1.9999999999890862e-2 1.9999999999890862e-2
    1.9999999999890862e-2 1.9999999999890862e-2 1.9999999999890862e-2
    1.9999999999890862e-2 1.9999999999890862e-2 1.9999999999890862e-2
    1.9999999999890862e-2 1.9999999999890862e-2 1.9999999999890862e-2
    1.9999999999890862e-2 1.9999999999890862e-2 1.9999999999890862e-2
    1.9999999999890862e-2 1.9999999999890862e-2 1.9999999999890862e-2
    1.9999999999890862e-2 1.9999999999890862e-2 1.9999999999890862e-2
    1.9999999999890862e-2 1.9999999999890862e-2 1.9999999999890862e-2
    1.9999999999890862e-2 1.9999999999890862e-2 1.9999999999890862e-2
    1.9999999999890862e-2 1.9999999999890862e-2 1.9999999999890862e-2
    1.9999999999890862e-2 1.9999999999890862e-2 1.9999999999890862e-2
    1.9999999999890862e-2 1.9999999999890862e-2 1.9999999999890862e-2
    1.9999999999890862e-2 1.9999999999890862e-2 1.9999999999890862e-2
    1.9999999999890862e-2 1.9999999999890862e-2 1.9999999999890862e-2
    1.9999999999890862e-2 1.9999999999890862e-2 1.9999999999890862e-2
    1.9999999999890862e-2 1.9999999999890862e-2 1.9999999999890862e-2
    1.9999999999890862e-2 1.9999999999890862e-2 1.9999999999890862e-2
    1.9999999999890862e-2 1.9999999999890862e-2 1.9999999999890862e-2
    1.9999999999890862e-2 1.9999999999890862e-2 1.9999999999890862e-2
    1.9999999999890862e-2 1.9999999999890862e-2 1.9999999999890862e-2
    1.9999999999890862e-2 1.9999999999890862e-2 1.9999999999890862e-2
    1.9999999999890862e-2 1.9999999999890862e-2 1.9999999999890862e-2
    1.9999999999890862e-2 1.9999999999890862e-2 1.9999999999890862e-2
    1.9999999999890862e-2 1.9999999999890862e-2 1.9999999999890862e-2
    1.9999999999890862e-2 1.9999999999890862e-2 1.9999999999890862e-2
    1.9999999999890862e-2 1.9999999999890862e-2 1.9999999999890862e-2
    1.9999999999890862e-2 1.9999999999890862e-2 1.9999999999890862e-2
    1.9999999999890862e-2 1.9999999999890862e-2 1.9999999999890862e-2
    1.9999999999890862e-2 1.9999999999890862e-2 1.9999999999890862e-2
    1.9999999999890862e-2 1.9999999999890862e-2 1.9999999999890862e-2
    1.9999999999890862e-2 1.9999999999890862e-2 1.9999999999890862e-2
    1.9999999999890862e-2 1.9999999999890862e-2 1.9999999999890862e-2
    1.9999999999890862e-2 1.9999999999890862e-2 1.9999999999890862e-2
    1.9999999999890862e-2 1.9999999999890862e-2 1.9999999999890862e-2
    1.9999999999890862e-2 1.9999999999890862e-2 1.9999999999890862e-2
    1.9999999999890862e-2 1.9999999999890862e-2 1.9999999999890862e-2
    1.9999999999890862e-2 1.9999999999890862e-2 1.9999999999890862e-2
    1.9999999999890862e-2 1.9999999999890862e-2 1.9999999999890862e-2
    1.9999999999890862e-2 1.9999999999890862e-2 1.9999999999890862e-2
    1.9999999999890862e-2 1.9999999999890862e-2 1.9999999999890862e-2
    1.9999999999890862e-2 1.9999999999890862e-2 1.9999999999890862e-2
    1.9999999999890862e-2 1.9999999999890862e-2 1.9999999999890862e-2
    1.9999999999890862e-2 1.9999999999890862e-2 1.9999999999890862e-2
    1.9999999999890862e-2 1.9999999999890862e-2 1.9999999999890862e-2
    1.9999999999890862e-2 1.9999999999890862e-2 1.9999999999890862e-2
    1.9999999999890862e-2 1.9999999999890862e-2 1.9999999999890862e-2
    1.9999999999890862e-2 1.9999999999890862e-2 1.9999999999890862e-2
    1.9999999999890862e-2 1.9999999999890862e-2 1.9999999999890862e-2
    1.9999999999890862e-2 1.9999999999890862e-2 1.9999999999890862e-2
    1.9999999999890862e-2 1.9999999999890862e-2 1.9999999999890862e-2
    1.9999999999890862e-2 1.9999999999890862e-2 1.9999999999890862e-2
    1.9999999999890862e-2 1.9999999999890862e-2 1.9999999999890862e-2
    1.9999999999890862e-2 1.9999999999890862e-2 1.9999999999890862e-2
    1.9999999999890862e-2 1.9999999999890862e-2 1.9999999999890862e-2
    1.9999999999890862e-2 1.9999999999890862e-2 1.9999999999890862e-2
    1.9999999999890862e-2 1.9999999999890862e-2 1.9999999999890862e-2
    1.9999999999890862e-2 1.9999999999890862e-2 1.9999999999890862e-2
    1.9999999999890862e-2 1.9999999999890862e-2 1.9999999999890862e-2
    1.9999999999890862e-2 1.9999999999890862e-2 1.9999999999890862e-2
    1.9999999999890862e-2 1.9999999999890862e-2 1.9999999999890862e-2
    1.9999999999890862e-2 1.9999999999890862e-2 1.9999999999890862e-2
    1.9999999999890862e-2 1.9999999999890862e-2 1.9999999999890862e-2
    1.9999999999890862e-2 1.9999999999890862e-2 1.9999999999890862e-2
    1.9999999999890862e-2 1.9999999999890862e-2 1.9999999999890862e-2
    1.9999999999890862e-2 1.9999999999890862e-2 1.9999999999890862e-2
    1.9999999999890862e-2 1.9999999999890862e-2 1.9999999999890862e-2
    1.9999999999890862e-2 1.9999999999890862e-2 1.9999999999890862e-2
    1.9999999999890862e-2 1.9999999999890862e-2 1.9999999999890862e-2
    1.9999999999890862e-2 1.9999999999890862e-2 1.9999999999890862e-2
    1.9999999999890862e-2 1.9999999999890862e-2 1.9999999999890862e-2
    1.9999999999890862e-2 1.9999999999890862e-2 1.9999999999890862e-2
    1.9999999999890862e-2 1.9999999999890862e-2 1.9999999999890862e-2
    1.9999999999890862e-2 1.9999999999890862e-2 1.9999999999890862e-2
    1.9999999999890862e-2 1.9999999999890862e-2 1.9999999999890862e-2
    1.9999999999890862e-2 1.9999999999890862e-2 1.9999999999890862e-2
    1.9999999999890862e-2 1.9999999999890862e-2 1.9999999999890862e-2
    1.9999999999890862e-2 1.9999999999890862e-2 1.9999999999890862e-2
    1.9999999999890862e-2 1.9999999999890862e-2 1.9999999999890862e-2
    1.9999999999890862e-2 1.9999999999890862e-2 1.9999999999890862e-2
    1.9999999999890862e-2 1.9999999999890862e-2 1.9999999999890862e-2
    1.9999999999890862e-2 1.9999999999890862e-2 1.9999999999890862e-2
    1.9999999999890862e-2 1.9999999999890862e-2 1.9999999999890862e-2
    1.9999999999890862e-2 1.9999999999890862e-2 1.9999999999890862e-2
    1.9999999999890862e-2 1.9999999999890862e-2 1.9999999999890862e-2
    1.9999999999890862e-2 1.9999999999890862e-2 1.9999999999890862e-2
    1.9999999999890862e-2 1.9999999999890862e-2 1.9999999999890862e-2
    1.9999999999890862e-2 1.9999999999890862e-2 1.9999999999890862e-2
    1.9999999999890862e-2 1.9999999999890862e-2 1.9999999999890862e-2
    1.9999999999890862e-2 1.9999999999890862e-2 1.9999999999890862e-2
    1.9999999999890862e-2 1.9999999999890862e-2 1.9999999999890862e-2
    1.9999999999890862e-2 1.9999999999890862e-2 1.9999999999890862e-2
    1.9999999999890862e-2 1.9999999999890862e-2 1.9999999999890862e-2
    1.9999999999890862e-2 1.9999999999890862e-2 1.9999999999890862e-2
    1.9999999999890862e-2 1.9999999999890862e-2 1.9999999999890862e-2
    1.9999999999890862e-2 1.9999999999890862e-2 1.9999999999890862e-2
    1.9999999999890862e-2 1.9999999999890862e-2 1.9999999999890862e-2
    1.9999999999890862e-2 1.9999999999890862e-2 1.9999999999890862e-2
    1.9999999999890862e-2 1.9999999999890862e-2 1.9999999999890862e-2
    1.9999999999890862e-2 1.9999999999890862e-2 1.9999999999890862e-2
    1.9999999999890862e-2 1.9999999999890862e-2 1.9999999999890862e-2
    1.9999999999890862e-2 1.9999999999890862e-2 1.9999999999890862e-2
    1.9999999999890862e-2 1.9999999999890862e-2 1.9999999999890862e-2
    1.9999999999890862e-2 1.9999999999890862e-2 1.9999999999890862e-2
    1.9999999999890862e-2 1.9999999999890862e-2 1.9999999999890862e-2
    1.9999999999890862e-2 1.9999999999890862e-2 1.9999999999890862e-2
    1.9999999999890862e-2 1.9999999999890862e-2 1.9999999999890862e-2
    1.9999999999890862e-2 1.9999999999890862e-2 1.9999999999890862e-2
    1.9999999999890862e-2 1.9999999999890862e-2 1.9999999999890862e-2
    1.9999999999890862e-2 1.9999999999890862e-2 1.9999999999890862e-2
    1.9999999999890862e-2 1.9999999999890862e-2 1.9999999999890862e-2
    1.9999999999890862e-2 1.9999999999890862e-2 1.9999999999890862e-2
    1.9999999999890862e-2 1.9999999999890862e-2 1.9999999999890862e-2
    1.9999999999890862e-2 1.9999999999890862e-2 1.9999999999890862e-2
    1.9999999999890862e-2 1.9999999999890862e-2 1.9999999999890862e-2
    1.9999999999890862e-2 1.9999999999890862e-2 1.9999999999890862e-2
    1.9999999999890862e-2 1.9999999999890862e-2 1.9999999999890862e-2
    1.9999999999890862e-2 1.9999999999890862e-2 1.9999999999890862e-2
    1.9999999999890862e-2 1.9999999999890862e-2 1.9999999999890862e-2
    1.9999999999890862e-2 1.9999999999890862e-2 1.9999999999890862e-2
    1.9999999999890862e-2 1.9999999999890862e-2 1.9999999999890862e-2
    1.9999999999890862e-2 1.9999999999890862e-2 1.9999999999890862e-2
    1.9999999999890862e-2 1.9999999999890862e-2 1.9999999999890862e-2
    1.9999999999890862e-2 1.9999999999890862e-2 1.9999999999890862e-2
    1.9999999999890862e-2 1.9999999999890862e-2 1.9999999999890862e-2
    1.9999999999890862e-2 1.9999999999890862e-2 1.9999999999890862e-2
    1.9999999999890862e-2 1.9999999999890862e-2 1.9999999999890862e-2
    1.9999999999890862e-2 1.9999999999890862e-2 1.9999999999890862e-2
    1.9999999999890862e-2 1.9999999999890862e-2 1.9999999999890862e-2
    1.9999999999890862e-2 1.9999999999890862e-2 1.9999999999890862e-2
    1.9999999999890862e-2 1.9999999999890862e-2 1.9999999999890862e-2
    1.9999999999890862e-2 1.9999999999890862e-2 1.9999999999890862e-2
    1.9999999999890862e-2 1.9999999999890862e-2 1.9999999999890862e-2
    1.9999999999890862e-2 1.999999999998181e-2 1.999999999998181e-2
    1.999999999998181e-2 1.999999999998181e-2 1.999999999998181e-2
    1.999999999998181e-2 1.999999999998181e-2 1.999999999998181e-2
    1.999999999998181e-2 1.999999999998181e-2 1.999999999998181e-2
    1.999999999998181e-2 1.999999999998181e-2 1.999999999998181e-2
    1.999999999998181e-2 1.999999999998181e-2 1.999999999998181e-2
    1.999999999998181e-2 1.999999999998181e-2 1.999999999998181e-2
    1.999999999998181e-2 1.999999999998181e-2 1.999999999998181e-2
    1.999999999998181e-2 1.999999999998181e-2 1.999999999998181e-2
    1.999999999998181e-2 1.999999999998181e-2 1.999999999998181e-2
    1.999999999998181e-2 1.999999999998181e-2 1.999999999998181e-2
    1.999999999998181e-2 1.999999999998181e-2 1.999999999998181e-2
    1.999999999998181e-2 1.999999999998181e-2 1.999999999998181e-2
    1.999999999998181e-2 1.999999999998181e-2 1.999999999998181e-2
    1.999999999998181e-2 1.999999999998181e-2 1.999999999998181e-2
    1.999999999998181e-2 1.999999999998181e-2 1.999999999998181e-2
    1.999999999998181e-2 1.999999999998181e-2 1.999999999998181e-2
    1.999999999998181e-2 1.999999999998181e-2 1.999999999998181e-2
    1.999999999998181e-2 1.999999999998181e-2 1.999999999998181e-2
    1.999999999998181e-2 1.999999999998181e-2 1.999999999998181e-2
    1.999999999998181e-2 1.999999999998181e-2 1.999999999998181e-2
    1.999999999998181e-2 1.999999999998181e-2 1.999999999998181e-2
    1.999999999998181e-2 1.999999999998181e-2 1.999999999998181e-2
    1.999999999998181e-2 1.999999999998181e-2 1.999999999998181e-2
    1.999999999998181e-2 1.999999999998181e-2 1.999999999998181e-2
    1.999999999998181e-2 1.999999999998181e-2 1.999999999998181e-2
    1.999999999998181e-2 1.999999999998181e-2 1.999999999998181e-2
    1.999999999998181e-2 1.999999999998181e-2 1.999999999998181e-2
    1.999999999998181e-2 1.999999999998181e-2 1.999999999998181e-2
    1.999999999998181e-2 1.999999999998181e-2 1.999999999998181e-2
    1.999999999998181e-2 1.999999999998181e-2 1.999999999998181e-2
    1.999999999998181e-2 1.999999999998181e-2 1.999999999998181e-2
    1.999999999998181e-2 1.999999999998181e-2 1.999999999998181e-2
    1.999999999998181e-2 1.999999999998181e-2 1.999999999998181e-2
    1.999999999998181e-2 1.999999999998181e-2 1.999999999998181e-2
    1.999999999998181e-2 1.999999999998181e-2 1.999999999998181e-2
    1.999999999998181e-2 1.999999999998181e-2 1.999999999998181e-2
    1.999999999998181e-2 1.999999999998181e-2 1.999999999998181e-2
    1.999999999998181e-2 1.999999999998181e-2 1.999999999998181e-2
    1.999999999998181e-2 1.999999999998181e-2 1.999999999998181e-2
    1.999999999998181e-2 1.999999999998181e-2 1.999999999998181e-2
    1.999999999998181e-2 1.999999999998181e-2 1.999999999998181e-2
    1.999999999998181e-2 1.999999999998181e-2 1.999999999998181e-2
    1.999999999998181e-2 1.999999999998181e-2 1.999999999998181e-2
    1.999999999998181e-2 1.999999999998181e-2 1.999999999998181e-2
    1.999999999998181e-2 1.999999999998181e-2 1.999999999998181e-2
    1.999999999998181e-2 1.999999999998181e-2 1.999999999998181e-2
    1.999999999998181e-2 1.999999999998181e-2 1.999999999998181e-2
    1.999999999998181e-2 1.999999999998181e-2 1.999999999998181e-2
    1.999999999998181e-2 1.999999999998181e-2 1.999999999998181e-2
    1.999999999998181e-2 1.999999999998181e-2 1.999999999998181e-2
    1.999999999998181e-2 1.999999999998181e-2 1.999999999998181e-2
    1.999999999998181e-2 1.999999999998181e-2 1.999999999998181e-2
    1.999999999998181e-2 1.999999999998181e-2 1.999999999998181e-2
    1.999999999998181e-2 1.999999999998181e-2 1.999999999998181e-2
    1.999999999998181e-2 1.999999999998181e-2 1.999999999998181e-2
    1.999999999998181e-2 1.999999999998181e-2 1.999999999998181e-2
    1.999999999998181e-2 1.999999999998181e-2 1.999999999998181e-2
    1.999999999998181e-2 1.999999999998181e-2 1.999999999998181e-2
    1.999999999998181e-2 1.999999999998181e-2 1.999999999998181e-2
    1.999999999998181e-2 1.999999999998181e-2 1.999999999998181e-2
    1.999999999998181e-2 1.999999999998181e-2 1.999999999998181e-2
    1.999999999998181e-2 1.999999999998181e-2 1.999999999998181e-2
    1.999999999998181e-2 1.999999999998181e-2 1.999999999998181e-2
    1.999999999998181e-2 1.999999999998181e-2 1.999999999998181e-2
    1.999999999998181e-2 1.999999999998181e-2 1.999999999998181e-2
    1.999999999998181e-2 1.999999999998181e-2 1.999999999998181e-2
    1.999999999998181e-2 1.999999999998181e-2 1.999999999998181e-2
    1.999999999998181e-2 1.999999999998181e-2 1.999999999998181e-2
    1.999999999998181e-2 1.999999999998181e-2 1.999999999998181e-2
    1.999999999998181e-2 1.999999999998181e-2 1.999999999998181e-2
    1.999999999998181e-2 1.999999999998181e-2 1.999999999998181e-2
    1.999999999998181e-2 1.999999999998181e-2 1.999999999998181e-2
    1.999999999998181e-2 1.999999999998181e-2 1.999999999998181e-2
    1.999999999998181e-2 1.999999999998181e-2 1.999999999998181e-2
    1.999999999998181e-2 1.999999999998181e-2 1.999999999998181e-2
    1.999999999998181e-2 1.999999999998181e-2 1.999999999998181e-2
    1.999999999998181e-2 1.999999999998181e-2 1.999999999998181e-2
    1.999999999998181e-2 1.999999999998181e-2 1.999999999998181e-2
    1.999999999998181e-2 1.999999999998181e-2 1.999999999998181e-2
    1.999999999998181e-2 1.999999999998181e-2 1.999999999998181e-2
    1.999999999998181e-2 1.999999999998181e-2 1.999999999998181e-2
    1.999999999998181e-2 1.999999999998181e-2 1.999999999998181e-2
    1.999999999998181e-2 1.999999999998181e-2 1.999999999998181e-2
    1.999999999998181e-2 1.999999999998181e-2 1.999999999998181e-2
    1.999999999998181e-2 1.999999999998181e-2 1.999999999998181e-2
    1.999999999998181e-2 1.999999999998181e-2 1.999999999998181e-2
    1.999999999998181e-2 1.999999999998181e-2 1.999999999998181e-2
    1.999999999998181e-2 1.999999999998181e-2 1.999999999998181e-2
    1.999999999998181e-2 1.999999999998181e-2 1.999999999998181e-2
    1.999999999998181e-2 1.999999999998181e-2 1.999999999998181e-2
    1.999999999998181e-2 1.999999999998181e-2 1.999999999998181e-2
    1.999999999998181e-2 1.999999999998181e-2 1.999999999998181e-2
    1.999999999998181e-2 1.999999999998181e-2 1.999999999998181e-2
    1.999999999998181e-2 1.999999999998181e-2 1.999999999998181e-2
    1.999999999998181e-2 1.999999999998181e-2 1.999999999998181e-2
    1.999999999998181e-2 1.999999999998181e-2 1.999999999998181e-2
    1.999999999998181e-2 1.999999999998181e-2 1.999999999998181e-2
    1.999999999998181e-2 1.999999999998181e-2 1.999999999998181e-2
    1.999999999998181e-2 1.999999999998181e-2 1.999999999998181e-2
    1.999999999998181e-2 1.999999999998181e-2 1.999999999998181e-2
    1.999999999998181e-2 1.999999999998181e-2 1.999999999998181e-2
    1.999999999998181e-2 1.999999999998181e-2 1.999999999998181e-2
    1.999999999998181e-2 1.999999999998181e-2 1.999999999998181e-2
    1.999999999998181e-2 1.999999999998181e-2 1.999999999998181e-2
    1.999999999998181e-2 1.999999999998181e-2 1.999999999998181e-2
    1.999999999998181e-2 1.999999999998181e-2 1.999999999998181e-2
    1.999999999998181e-2 1.999999999998181e-2 1.999999999998181e-2
    1.999999999998181e-2 1.999999999998181e-2 1.999999999998181e-2
    1.999999999998181e-2 1.999999999998181e-2 1.999999999998181e-2
    1.999999999998181e-2 1.999999999998181e-2 1.999999999998181e-2
    1.999999999998181e-2 1.999999999998181e-2 1.999999999998181e-2
    1.999999999998181e-2 1.999999999998181e-2 1.999999999998181e-2
    1.999999999998181e-2 1.999999999998181e-2 1.999999999998181e-2
    1.999999999998181e-2 1.999999999998181e-2 1.999999999998181e-2
    1.999999999998181e-2 1.999999999998181e-2 1.999999999998181e-2
    1.999999999998181e-2 1.999999999998181e-2 1.999999999998181e-2
    1.999999999998181e-2 1.999999999998181e-2 1.999999999998181e-2
    1.999999999998181e-2 1.999999999998181e-2 1.999999999998181e-2
    1.999999999998181e-2 1.999999999998181e-2 1.999999999998181e-2
    1.999999999998181e-2 1.999999999998181e-2 1.999999999998181e-2
    1.999999999998181e-2 1.999999999998181e-2 1.999999999998181e-2
    1.999999999998181e-2 1.999999999998181e-2 1.999999999998181e-2
    1.999999999998181e-2 1.999999999998181e-2 1.999999999998181e-2
    1.999999999998181e-2 1.999999999998181e-2 1.999999999998181e-2
    1.999999999998181e-2 1.999999999998181e-2 1.999999999998181e-2
    1.999999999998181e-2 1.999999999998181e-2 1.999999999998181e-2
    1.999999999998181e-2 1.999999999998181e-2 1.999999999998181e-2
    1.999999999998181e-2 1.999999999998181e-2 1.999999999998181e-2
    1.999999999998181e-2 1.999999999998181e-2 1.999999999998181e-2
    1.999999999998181e-2 1.999999999998181e-2 1.999999999998181e-2
    1.999999999998181e-2 1.999999999998181e-2 1.999999999998181e-2
    1.999999999998181e-2 1.999999999998181e-2 1.999999999998181e-2
    1.999999999998181e-2 1.999999999998181e-2 1.999999999998181e-2
    1.999999999998181e-2 1.999999999998181e-2 1.999999999998181e-2
    1.999999999998181e-2 1.999999999998181e-2 1.999999999998181e-2
    1.999999999998181e-2 1.999999999998181e-2 1.999999999998181e-2
    1.999999999998181e-2 1.999999999998181e-2 1.999999999998181e-2
    1.999999999998181e-2 1.999999999998181e-2 1.999999999998181e-2
    1.999999999998181e-2 1.999999999998181e-2 1.999999999998181e-2
    1.999999999998181e-2 1.999999999998181e-2 1.999999999998181e-2
    1.999999999998181e-2 1.999999999998181e-2 1.999999999998181e-2
    1.999999999998181e-2 1.999999999998181e-2 1.999999999998181e-2
    1.999999999998181e-2 1.999999999998181e-2 1.999999999998181e-2
    1.999999999998181e-2 1.999999999998181e-2 1.999999999998181e-2
    1.999999999998181e-2 1.999999999998181e-2 1.999999999998181e-2
    1.999999999998181e-2 1.999999999998181e-2 1.999999999998181e-2
    1.999999999998181e-2 1.999999999998181e-2 1.999999999998181e-2
    1.999999999998181e-2 1.999999999998181e-2 1.999999999998181e-2
    1.999999999998181e-2 1.999999999998181e-2 1.999999999998181e-2
    1.999999999998181e-2 1.999999999998181e-2 1.999999999998181e-2
    1.999999999998181e-2 1.999999999998181e-2 1.999999999998181e-2
    1.999999999998181e-2 1.999999999998181e-2 1.999999999998181e-2
    1.999999999998181e-2 1.999999999998181e-2 1.999999999998181e-2
    1.999999999998181e-2 1.999999999998181e-2 1.999999999998181e-2
    1.999999999998181e-2 1.999999999998181e-2 1.999999999998181e-2
    1.999999999998181e-2 1.999999999998181e-2 1.999999999998181e-2
    1.999999999998181e-2 1.999999999998181e-2 1.999999999998181e-2
    1.999999999998181e-2 1.999999999998181e-2 1.999999999998181e-2
    1.999999999998181e-2 1.999999999998181e-2 1.999999999998181e-2
    1.999999999998181e-2 1.999999999998181e-2 1.999999999998181e-2
    1.999999999998181e-2 1.999999999998181e-2 1.999999999998181e-2
    1.999999999998181e-2 1.999999999998181e-2 1.999999999998181e-2
    1.999999999998181e-2 1.999999999998181e-2 1.999999999998181e-2
    1.999999999998181e-2 1.999999999998181e-2 1.999999999998181e-2
    1.999999999998181e-2 1.999999999998181e-2 1.999999999998181e-2
    1.999999999998181e-2 1.999999999998181e-2 1.999999999998181e-2
    1.999999999998181e-2 1.999999999998181e-2 1.999999999998181e-2
    1.999999999998181e-2 1.999999999998181e-2 1.999999999998181e-2
    1.999999999998181e-2 1.999999999998181e-2 1.999999999998181e-2
    1.999999999998181e-2 1.999999999998181e-2 1.999999999998181e-2
    1.999999999998181e-2 1.999999999998181e-2 1.999999999998181e-2
    1.999999999998181e-2 1.999999999998181e-2 1.999999999998181e-2
    1.999999999998181e-2 1.999999999998181e-2 1.999999999998181e-2
    1.999999999998181e-2 1.999999999998181e-2 1.999999999998181e-2
    1.999999999998181e-2 1.999999999998181e-2 1.999999999998181e-2
    1.999999999998181e-2 1.999999999998181e-2 1.999999999998181e-2
    1.999999999998181e-2 1.999999999998181e-2 1.999999999998181e-2
    1.999999999998181e-2 1.999999999998181e-2 1.999999999998181e-2
    1.999999999998181e-2 1.999999999998181e-2 1.999999999998181e-2
    1.999999999998181e-2 1.999999999998181e-2 1.999999999998181e-2
    1.999999999998181e-2 1.999999999998181e-2 1.999999999998181e-2
    1.999999999998181e-2 1.999999999998181e-2 1.999999999998181e-2
    1.999999999998181e-2 1.999999999998181e-2 1.999999999998181e-2
    1.999999999998181e-2 1.999999999998181e-2 1.999999999998181e-2
    1.999999999998181e-2 1.999999999998181e-2 1.999999999998181e-2
    1.999999999998181e-2 1.999999999998181e-2 1.999999999998181e-2
    1.999999999998181e-2 1.999999999998181e-2 1.999999999998181e-2
    1.999999999998181e-2 1.999999999998181e-2 1.999999999998181e-2
    1.999999999998181e-2 1.999999999998181e-2 1.999999999998181e-2
    1.999999999998181e-2 1.999999999998181e-2 1.999999999998181e-2
    1.999999999998181e-2 1.999999999998181e-2 1.999999999998181e-2
    1.999999999998181e-2 1.999999999998181e-2 1.999999999998181e-2
    1.999999999998181e-2 1.999999999998181e-2 1.999999999998181e-2
    1.999999999998181e-2 1.999999999998181e-2 1.999999999998181e-2
    1.999999999998181e-2 1.999999999998181e-2 1.999999999998181e-2
    1.999999999998181e-2 1.999999999998181e-2 1.999999999998181e-2
    1.999999999998181e-2 1.999999999998181e-2 1.999999999998181e-2
    1.999999999998181e-2 1.999999999998181e-2 1.999999999998181e-2
    1.999999999998181e-2 1.999999999998181e-2 1.999999999998181e-2
    1.999999999998181e-2 1.999999999998181e-2 1.999999999998181e-2
    1.999999999998181e-2 1.999999999998181e-2 1.999999999998181e-2
    1.999999999998181e-2 1.999999999998181e-2 1.999999999998181e-2
    1.999999999998181e-2 1.999999999998181e-2 1.999999999998181e-2
    1.999999999998181e-2 1.999999999998181e-2 1.999999999998181e-2
    1.999999999998181e-2 1.999999999998181e-2 1.999999999998181e-2
    1.999999999998181e-2 1.999999999998181e-2 1.999999999998181e-2
    1.999999999998181e-2 1.999999999998181e-2 1.999999999998181e-2
    1.999999999998181e-2 1.999999999998181e-2 1.999999999998181e-2
    1.999999999998181e-2 1.999999999998181e-2 1.999999999998181e-2
    1.999999999998181e-2 1.999999999998181e-2 1.999999999998181e-2
    1.999999999998181e-2 1.999999999998181e-2 1.999999999998181e-2
    1.999999999998181e-2 1.999999999998181e-2 1.999999999998181e-2
    1.999999999998181e-2 1.999999999998181e-2 1.999999999998181e-2
    1.999999999998181e-2 1.999999999998181e-2 1.999999999998181e-2
    1.999999999998181e-2 1.999999999998181e-2 1.999999999998181e-2
    1.999999999998181e-2 1.999999999998181e-2 1.999999999998181e-2
    1.999999999998181e-2 1.999999999998181e-2 1.999999999998181e-2
    1.999999999998181e-2 1.999999999998181e-2 1.999999999998181e-2
    1.999999999998181e-2 1.999999999998181e-2 1.999999999998181e-2
    1.999999999998181e-2 1.999999999998181e-2 1.999999999998181e-2
    1.999999999998181e-2 1.999999999998181e-2 1.999999999998181e-2
    1.999999999998181e-2 1.999999999998181e-2 1.999999999998181e-2
    1.999999999998181e-2 1.999999999998181e-2 1.999999999998181e-2
    1.999999999998181e-2 1.999999999998181e-2 1.999999999998181e-2
    1.999999999998181e-2 1.999999999998181e-2 1.999999999998181e-2
    1.999999999998181e-2 1.999999999998181e-2 1.999999999998181e-2
    1.999999999998181e-2 1.999999999998181e-2 1.999999999998181e-2
    1.999999999998181e-2 1.999999999998181e-2 1.999999999998181e-2
    1.999999999998181e-2 1.999999999998181e-2 1.999999999998181e-2
    1.999999999998181e-2 1.999999999998181e-2 1.999999999998181e-2
    1.999999999998181e-2 1.999999999998181e-2 1.999999999998181e-2
    1.999999999998181e-2 1.999999999998181e-2 1.999999999998181e-2
    1.999999999998181e-2 1.999999999998181e-2 1.999999999998181e-2
    1.999999999998181e-2 1.999999999998181e-2 1.999999999998181e-2
    1.999999999998181e-2 1.999999999998181e-2 1.999999999998181e-2
    1.999999999998181e-2 1.999999999998181e-2 1.999999999998181e-2
    1.999999999998181e-2 1.999999999998181e-2 1.999999999998181e-2
    1.999999999998181e-2 1.999999999998181e-2 1.999999999998181e-2
    1.999999999998181e-2 1.999999999998181e-2 1.999999999998181e-2
    1.999999999998181e-2 1.999999999998181e-2 1.999999999998181e-2
    1.999999999998181e-2 1.999999999998181e-2 1.999999999998181e-2
    1.999999999998181e-2 1.999999999998181e-2 1.999999999998181e-2
    1.999999999998181e-2 1.999999999998181e-2 1.999999999998181e-2
    1.999999999998181e-2 1.999999999998181e-2 1.999999999998181e-2
    1.999999999998181e-2 1.999999999998181e-2 1.999999999998181e-2
    1.999999999998181e-2 1.999999999998181e-2 1.999999999998181e-2
    1.999999999998181e-2 1.999999999998181e-2 1.999999999998181e-2
    1.999999999998181e-2 1.999999999998181e-2 1.999999999998181e-2
    1.999999999998181e-2 1.999999999998181e-2 1.999999999998181e-2
    1.999999999998181e-2 1.999999999998181e-2 1.999999999998181e-2
    1.999999999998181e-2 1.999999999998181e-2 1.999999999998181e-2
    1.999999999998181e-2 1.999999999998181e-2 1.999999999998181e-2
    1.999999999998181e-2 1.999999999998181e-2 1.999999999998181e-2
    1.999999999998181e-2 1.999999999998181e-2 1.999999999998181e-2
    1.999999999998181e-2 1.999999999998181e-2 1.999999999998181e-2
    1.999999999998181e-2 1.999999999998181e-2 1.999999999998181e-2
    1.999999999998181e-2 1.999999999998181e-2 1.999999999998181e-2
    1.999999999998181e-2 1.999999999998181e-2 1.999999999998181e-2
    1.999999999998181e-2 1.999999999998181e-2 1.999999999998181e-2
    1.999999999998181e-2 1.999999999998181e-2 1.999999999998181e-2
    1.999999999998181e-2 1.999999999998181e-2 1.999999999998181e-2
    1.999999999998181e-2 1.999999999998181e-2 1.999999999998181e-2
    1.999999999998181e-2 1.999999999998181e-2 1.999999999998181e-2
    1.999999999998181e-2 1.999999999998181e-2 1.999999999998181e-2
    1.999999999998181e-2 1.999999999998181e-2 1.999999999998181e-2
    1.999999999998181e-2 1.999999999998181e-2 1.999999999998181e-2
    1.999999999998181e-2 1.999999999998181e-2 1.999999999998181e-2
    1.999999999998181e-2 1.999999999998181e-2 1.999999999998181e-2
    1.999999999998181e-2 1.999999999998181e-2 1.999999999998181e-2
    1.999999999998181e-2 1.999999999998181e-2 1.999999999998181e-2
    1.999999999998181e-2 1.999999999998181e-2 1.999999999998181e-2
    1.999999999998181e-2 1.999999999998181e-2 1.999999999998181e-2
    1.999999999998181e-2 1.999999999998181e-2 1.999999999998181e-2
    1.999999999998181e-2 1.999999999998181e-2 1.999999999998181e-2
    1.999999999998181e-2 1.999999999998181e-2 1.999999999998181e-2
    1.999999999998181e-2 1.999999999998181e-2 1.999999999998181e-2
    1.999999999998181e-2 1.999999999998181e-2 1.999999999998181e-2
    1.999999999998181e-2 1.999999999998181e-2 1.999999999998181e-2
    1.999999999998181e-2 1.999999999998181e-2 1.999999999998181e-2
    1.999999999998181e-2 1.999999999998181e-2 1.999999999998181e-2
    1.999999999998181e-2 1.999999999998181e-2 1.999999999998181e-2
    1.999999999998181e-2 1.999999999998181e-2 1.999999999998181e-2
    1.999999999998181e-2 1.999999999998181e-2 1.999999999998181e-2
    1.999999999998181e-2 1.999999999998181e-2 1.999999999998181e-2
    1.999999999998181e-2 1.999999999998181e-2 1.999999999998181e-2
    1.999999999998181e-2 1.999999999998181e-2 1.999999999998181e-2
    1.999999999998181e-2 1.999999999998181e-2 1.999999999998181e-2
    1.999999999998181e-2 1.999999999998181e-2 1.999999999998181e-2
    1.999999999998181e-2 1.999999999998181e-2 1.999999999998181e-2
    1.999999999998181e-2 1.999999999998181e-2 1.999999999998181e-2
    1.999999999998181e-2 1.999999999998181e-2 1.999999999998181e-2
    1.999999999998181e-2 1.999999999998181e-2 1.999999999998181e-2
    1.999999999998181e-2 1.999999999998181e-2 1.999999999998181e-2
    1.999999999998181e-2 1.999999999998181e-2 1.999999999998181e-2
    1.999999999998181e-2 1.999999999998181e-2 1.999999999998181e-2
    1.999999999998181e-2 1.999999999998181e-2 1.999999999998181e-2
    1.999999999998181e-2 1.999999999998181e-2 1.999999999998181e-2
    1.999999999998181e-2 1.999999999998181e-2 1.999999999998181e-2
    1.999999999998181e-2 1.999999999998181e-2 1.999999999998181e-2
    1.999999999998181e-2 1.999999999998181e-2 1.999999999998181e-2
    1.999999999998181e-2 1.999999999998181e-2 1.999999999998181e-2
    1.999999999998181e-2 1.999999999998181e-2 1.999999999998181e-2
    1.999999999998181e-2 1.999999999998181e-2 1.999999999998181e-2
    1.999999999998181e-2 1.999999999998181e-2 1.999999999998181e-2
    1.999999999998181e-2 1.999999999998181e-2 1.999999999998181e-2
    1.999999999998181e-2 1.999999999998181e-2 1.999999999998181e-2
    1.999999999998181e-2 1.999999999998181e-2 1.999999999998181e-2
    1.999999999998181e-2 1.999999999998181e-2 1.999999999998181e-2
    1.999999999998181e-2 1.999999999998181e-2 1.999999999998181e-2
    1.999999999998181e-2 1.999999999998181e-2 1.999999999998181e-2
    1.999999999998181e-2 1.999999999998181e-2 1.999999999998181e-2
    1.999999999998181e-2 1.999999999998181e-2 1.999999999998181e-2
    1.999999999998181e-2 1.999999999998181e-2 1.999999999998181e-2
    1.999999999998181e-2 1.999999999998181e-2 1.999999999998181e-2
    1.999999999998181e-2 1.999999999998181e-2 1.999999999998181e-2
    1.999999999998181e-2 1.999999999998181e-2 1.999999999998181e-2
    1.999999999998181e-2 1.999999999998181e-2 1.999999999998181e-2
    1.999999999998181e-2 1.999999999998181e-2 1.999999999998181e-2
    1.999999999998181e-2 1.999999999998181e-2 1.999999999998181e-2
    1.999999999998181e-2 1.999999999998181e-2 1.999999999998181e-2
    1.999999999998181e-2 1.999999999998181e-2 1.999999999998181e-2
    1.999999999998181e-2 1.999999999998181e-2 1.999999999998181e-2
    1.999999999998181e-2 1.999999999998181e-2 1.999999999998181e-2
    1.999999999998181e-2 1.999999999998181e-2 1.999999999998181e-2
    1.999999999998181e-2 1.999999999998181e-2 1.999999999998181e-2
    1.999999999998181e-2 1.999999999998181e-2 1.999999999998181e-2
    1.999999999998181e-2 1.999999999998181e-2 1.999999999998181e-2
    1.999999999998181e-2 1.999999999998181e-2 1.999999999998181e-2
    1.999999999998181e-2 1.999999999998181e-2 1.999999999998181e-2
    1.999999999998181e-2 1.999999999998181e-2 1.999999999998181e-2
    1.999999999998181e-2 1.999999999998181e-2 1.999999999998181e-2
    1.999999999998181e-2 1.999999999998181e-2 1.999999999998181e-2
    1.999999999998181e-2 1.999999999998181e-2 1.999999999998181e-2
    1.999999999998181e-2 1.999999999998181e-2 1.999999999998181e-2
    1.999999999998181e-2 1.999999999998181e-2 1.999999999998181e-2
    1.999999999998181e-2 1.999999999998181e-2 1.999999999998181e-2
    1.999999999998181e-2 1.999999999998181e-2 1.999999999998181e-2
    1.999999999998181e-2 1.999999999998181e-2 1.999999999998181e-2
    1.999999999998181e-2 1.999999999998181e-2 1.999999999998181e-2
    1.999999999998181e-2 1.999999999998181e-2 1.999999999998181e-2
    1.999999999998181e-2 1.999999999998181e-2 1.999999999998181e-2
    1.999999999998181e-2 1.999999999998181e-2 1.999999999998181e-2
    1.999999999998181e-2 1.999999999998181e-2 1.999999999998181e-2
    1.999999999998181e-2 1.999999999998181e-2 1.999999999998181e-2
    1.999999999998181e-2 1.999999999998181e-2 1.999999999998181e-2
    1.999999999998181e-2 1.999999999998181e-2 1.999999999998181e-2
    1.999999999998181e-2 1.999999999998181e-2 1.999999999998181e-2
    1.999999999998181e-2 1.999999999998181e-2 1.999999999998181e-2
    1.999999999998181e-2 1.999999999998181e-2 1.999999999998181e-2
    1.999999999998181e-2 1.999999999998181e-2 1.999999999998181e-2
    1.999999999998181e-2 1.999999999998181e-2 1.999999999998181e-2
    1.999999999998181e-2 1.999999999998181e-2 1.999999999998181e-2
    1.999999999998181e-2 1.999999999998181e-2 1.999999999998181e-2
    1.999999999998181e-2 1.999999999998181e-2 1.999999999998181e-2
    1.999999999998181e-2 1.999999999998181e-2 1.999999999998181e-2
    1.999999999998181e-2 1.999999999998181e-2 1.999999999998181e-2
    1.999999999998181e-2 1.999999999998181e-2 1.999999999998181e-2
    1.999999999998181e-2 1.999999999998181e-2 1.999999999998181e-2
    1.999999999998181e-2 1.999999999998181e-2 1.999999999998181e-2
    1.999999999998181e-2 1.999999999998181e-2 1.999999999998181e-2
    1.999999999998181e-2 1.999999999998181e-2 1.999999999998181e-2
    1.999999999998181e-2 1.999999999998181e-2 1.999999999998181e-2
    1.999999999998181e-2 1.999999999998181e-2 1.999999999998181e-2
    1.999999999998181e-2 1.999999999998181e-2 1.999999999998181e-2
    1.999999999998181e-2 1.999999999998181e-2 1.999999999998181e-2
    1.999999999998181e-2 1.999999999998181e-2 1.999999999998181e-2
    1.999999999998181e-2 1.999999999998181e-2 1.999999999998181e-2
    1.999999999998181e-2 1.999999999998181e-2 1.999999999998181e-2
    1.999999999998181e-2 1.999999999998181e-2 1.999999999998181e-2
    1.999999999998181e-2 1.999999999998181e-2 1.999999999998181e-2
    1.999999999998181e-2 1.999999999998181e-2 1.999999999998181e-2
    1.999999999998181e-2 1.999999999998181e-2 1.999999999998181e-2
    1.999999999998181e-2 1.999999999998181e-2 1.999999999998181e-2
    1.999999999998181e-2 1.999999999998181e-2 1.999999999998181e-2
    1.999999999998181e-2 1.999999999998181e-2 1.999999999998181e-2
    1.999999999998181e-2 1.999999999998181e-2 1.999999999998181e-2
    1.999999999998181e-2 1.999999999998181e-2 1.999999999998181e-2
    1.999999999998181e-2 1.999999999998181e-2 1.999999999998181e-2
    1.999999999998181e-2 1.999999999998181e-2 1.999999999998181e-2
    1.999999999998181e-2 1.999999999998181e-2 1.999999999998181e-2
    1.999999999998181e-2 1.999999999998181e-2 1.999999999998181e-2
    1.999999999998181e-2 1.999999999998181e-2 1.999999999998181e-2
    1.999999999998181e-2 1.999999999998181e-2 1.999999999998181e-2
    1.999999999998181e-2 1.999999999998181e-2 1.999999999998181e-2
    1.999999999998181e-2 1.999999999998181e-2 1.999999999998181e-2
    1.999999999998181e-2 1.999999999998181e-2 1.999999999998181e-2
    1.999999999998181e-2 1.999999999998181e-2 1.999999999998181e-2
    1.999999999998181e-2 1.999999999998181e-2 1.999999999998181e-2
    1.999999999998181e-2 1.999999999998181e-2 1.999999999998181e-2
    1.999999999998181e-2 1.999999999998181e-2 1.999999999998181e-2
    1.999999999998181e-2 1.999999999998181e-2 1.999999999998181e-2
    1.999999999998181e-2 1.999999999998181e-2 1.999999999998181e-2
    1.999999999998181e-2 1.999999999998181e-2 1.999999999998181e-2
    1.999999999998181e-2 1.999999999998181e-2 1.999999999998181e-2
    1.999999999998181e-2 1.999999999998181e-2 1.999999999998181e-2
    1.999999999998181e-2 1.999999999998181e-2 1.999999999998181e-2
    1.999999999998181e-2 1.999999999998181e-2 1.999999999998181e-2
    1.999999999998181e-2 1.999999999998181e-2 1.999999999998181e-2
    1.999999999998181e-2 1.999999999998181e-2 1.999999999998181e-2
    1.999999999998181e-2 1.999999999998181e-2 1.999999999998181e-2
    1.999999999998181e-2 1.999999999998181e-2 1.999999999998181e-2
    1.999999999998181e-2 1.999999999998181e-2 1.999999999998181e-2
    1.999999999998181e-2 1.999999999998181e-2 1.999999999998181e-2
    1.999999999998181e-2 1.999999999998181e-2 1.999999999998181e-2
    1.999999999998181e-2 1.999999999998181e-2 1.999999999998181e-2
    1.999999999998181e-2 1.999999999998181e-2 1.999999999998181e-2
    1.999999999998181e-2 1.999999999998181e-2 1.999999999998181e-2
    1.999999999998181e-2 1.999999999998181e-2 1.999999999998181e-2
    1.999999999998181e-2 1.999999999998181e-2 1.999999999998181e-2
    1.999999999998181e-2 1.999999999998181e-2 1.999999999998181e-2
    1.999999999998181e-2 1.999999999998181e-2 1.999999999998181e-2
    1.999999999998181e-2 1.999999999998181e-2 1.999999999998181e-2
    1.999999999998181e-2 1.999999999998181e-2 1.999999999998181e-2
    1.999999999998181e-2 1.999999999998181e-2 1.999999999998181e-2
    1.999999999998181e-2 1.999999999998181e-2 1.999999999998181e-2
    1.999999999998181e-2 1.999999999998181e-2 1.999999999998181e-2
    1.999999999998181e-2 1.999999999998181e-2 1.999999999998181e-2
    1.999999999998181e-2 1.999999999998181e-2 1.999999999998181e-2
    1.999999999998181e-2 1.999999999998181e-2 1.999999999998181e-2
    1.999999999998181e-2 1.999999999998181e-2 1.999999999998181e-2
    1.999999999998181e-2 1.999999999998181e-2 1.999999999998181e-2
    1.999999999998181e-2 1.999999999998181e-2 1.999999999998181e-2
    1.999999999998181e-2 1.999999999998181e-2 1.999999999998181e-2
    1.999999999998181e-2 1.999999999998181e-2 1.999999999998181e-2
    1.999999999998181e-2 1.999999999998181e-2 1.999999999998181e-2
    1.999999999998181e-2 1.999999999998181e-2 1.999999999998181e-2
    1.999999999998181e-2 1.999999999998181e-2 1.999999999998181e-2
    1.999999999998181e-2 1.999999999998181e-2 1.999999999998181e-2
    1.999999999998181e-2 1.999999999998181e-2 1.999999999998181e-2
    1.999999999998181e-2 1.999999999998181e-2 1.999999999998181e-2
    1.999999999998181e-2 1.999999999998181e-2 1.999999999998181e-2
    1.999999999998181e-2 1.999999999998181e-2 1.999999999998181e-2
    1.999999999998181e-2 1.999999999998181e-2 1.999999999998181e-2
    1.999999999998181e-2 1.999999999998181e-2 1.999999999998181e-2
    1.999999999998181e-2 1.999999999998181e-2 1.999999999998181e-2
    1.999999999998181e-2 1.999999999998181e-2 1.999999999998181e-2
    1.999999999998181e-2 1.999999999998181e-2 1.999999999998181e-2
    1.999999999998181e-2 1.999999999998181e-2 1.999999999998181e-2
    1.999999999998181e-2 1.999999999998181e-2 1.999999999998181e-2
    1.999999999998181e-2 1.999999999998181e-2 1.999999999998181e-2
    1.999999999998181e-2 1.999999999998181e-2 1.999999999998181e-2
    1.999999999998181e-2 1.999999999998181e-2 1.999999999998181e-2
    1.999999999998181e-2 1.999999999998181e-2 1.999999999998181e-2
    1.999999999998181e-2 1.999999999998181e-2 1.999999999998181e-2
    1.999999999998181e-2 1.999999999998181e-2 1.999999999998181e-2
    1.999999999998181e-2 1.999999999998181e-2 1.999999999998181e-2
    1.999999999998181e-2 1.999999999998181e-2 1.999999999998181e-2
    1.999999999998181e-2 1.999999999998181e-2 1.999999999998181e-2
    1.999999999998181e-2 1.999999999998181e-2 1.999999999998181e-2
    1.999999999998181e-2 1.999999999998181e-2 1.999999999998181e-2
    1.999999999998181e-2 1.999999999998181e-2 1.999999999998181e-2
    1.999999999998181e-2 1.999999999998181e-2 1.999999999998181e-2
    1.999999999998181e-2 1.999999999998181e-2 1.999999999998181e-2
    1.999999999998181e-2 1.999999999998181e-2 1.999999999998181e-2
    1.999999999998181e-2 1.999999999998181e-2 1.999999999998181e-2
    1.999999999998181e-2 1.999999999998181e-2 1.999999999998181e-2
    1.999999999998181e-2 1.999999999998181e-2 1.999999999998181e-2
    1.999999999998181e-2 1.999999999998181e-2 1.999999999998181e-2
    1.999999999998181e-2 1.999999999998181e-2 1.999999999998181e-2
    1.999999999998181e-2 1.999999999998181e-2 1.999999999998181e-2
    1.999999999998181e-2 1.999999999998181e-2 1.999999999998181e-2
    1.999999999998181e-2 1.999999999998181e-2 1.999999999998181e-2
    1.999999999998181e-2 1.999999999998181e-2 1.999999999998181e-2
    1.999999999998181e-2 1.999999999998181e-2 1.999999999998181e-2
    1.999999999998181e-2 1.999999999998181e-2 1.999999999998181e-2
    1.999999999998181e-2 1.999999999998181e-2 1.999999999998181e-2
    1.999999999998181e-2 1.999999999998181e-2 1.999999999998181e-2
    1.999999999998181e-2 1.999999999998181e-2 1.999999999998181e-2
    1.999999999998181e-2 1.999999999998181e-2 1.999999999998181e-2
    1.999999999998181e-2 1.999999999998181e-2 1.999999999998181e-2
    1.999999999998181e-2 1.999999999998181e-2 1.999999999998181e-2
    1.999999999998181e-2 1.999999999998181e-2 1.999999999998181e-2
    1.999999999998181e-2 1.999999999998181e-2 1.999999999998181e-2
    1.999999999998181e-2 1.999999999998181e-2 1.999999999998181e-2
    1.999999999998181e-2 1.999999999998181e-2 1.999999999998181e-2
    1.999999999998181e-2 1.999999999998181e-2 1.999999999998181e-2
    1.999999999998181e-2 1.999999999998181e-2 1.999999999998181e-2
    1.999999999998181e-2 1.999999999998181e-2 1.999999999998181e-2
    1.999999999998181e-2 1.999999999998181e-2 1.999999999998181e-2
    1.999999999998181e-2 1.999999999998181e-2 1.999999999998181e-2
    1.999999999998181e-2 1.999999999998181e-2 1.999999999998181e-2
    1.999999999998181e-2 1.999999999998181e-2 1.999999999998181e-2
    1.999999999998181e-2 1.999999999998181e-2 1.999999999998181e-2
    1.999999999998181e-2 1.999999999998181e-2 1.999999999998181e-2
    1.999999999998181e-2 1.999999999998181e-2 1.999999999998181e-2
    1.999999999998181e-2 1.999999999998181e-2 1.999999999998181e-2
    1.999999999998181e-2 1.999999999998181e-2 1.999999999998181e-2
    1.999999999998181e-2 1.999999999998181e-2 1.999999999998181e-2
    1.999999999998181e-2 1.999999999998181e-2 1.999999999998181e-2
    1.999999999998181e-2 1.999999999998181e-2 1.999999999998181e-2
    1.999999999998181e-2 1.999999999998181e-2 1.999999999998181e-2
    1.999999999998181e-2 1.999999999998181e-2 1.999999999998181e-2
    1.999999999998181e-2 1.999999999998181e-2 1.999999999998181e-2
    1.999999999998181e-2 1.999999999998181e-2 1.999999999998181e-2
    1.999999999998181e-2 1.999999999998181e-2 1.999999999998181e-2
    1.999999999998181e-2 1.999999999998181e-2 1.999999999998181e-2
    1.999999999998181e-2 1.999999999998181e-2 1.999999999998181e-2
    1.999999999998181e-2 1.999999999998181e-2 1.999999999998181e-2
    1.999999999998181e-2 1.999999999998181e-2 1.999999999998181e-2
    1.999999999998181e-2 1.999999999998181e-2 1.999999999998181e-2
    1.999999999998181e-2 1.999999999998181e-2 1.999999999998181e-2
    1.999999999998181e-2 1.999999999998181e-2 1.999999999998181e-2
    1.999999999998181e-2 1.999999999998181e-2 1.999999999998181e-2
    1.999999999998181e-2 1.999999999998181e-2 1.999999999998181e-2
    1.999999999998181e-2 1.999999999998181e-2 1.999999999998181e-2
    1.999999999998181e-2 1.999999999998181e-2 1.999999999998181e-2
    1.999999999998181e-2 1.999999999998181e-2 1.999999999998181e-2
    1.999999999998181e-2 1.999999999998181e-2 1.999999999998181e-2
    1.999999999998181e-2 1.999999999998181e-2 1.999999999998181e-2
    1.999999999998181e-2 1.999999999998181e-2 1.999999999998181e-2
    1.999999999998181e-2 1.999999999998181e-2 1.999999999998181e-2
    1.999999999998181e-2 1.999999999998181e-2 1.999999999998181e-2
    1.999999999998181e-2 1.999999999998181e-2 1.999999999998181e-2
    1.999999999998181e-2 1.999999999998181e-2 1.999999999998181e-2
    1.999999999998181e-2 1.999999999998181e-2 1.999999999998181e-2
    1.999999999998181e-2 1.999999999998181e-2 1.999999999998181e-2
    1.999999999998181e-2 1.999999999998181e-2 1.999999999998181e-2
    1.999999999998181e-2 1.999999999998181e-2 1.999999999998181e-2
    1.999999999998181e-2 1.999999999998181e-2 1.999999999998181e-2
    1.999999999998181e-2 1.999999999998181e-2 1.999999999998181e-2
    1.999999999998181e-2 1.999999999998181e-2 1.999999999998181e-2
    1.999999999998181e-2 1.999999999998181e-2 1.999999999998181e-2
    1.999999999998181e-2 1.999999999998181e-2 1.999999999998181e-2
    1.999999999998181e-2 1.999999999998181e-2 1.999999999998181e-2
    1.999999999998181e-2 1.999999999998181e-2 1.999999999998181e-2
    1.999999999998181e-2 1.999999999998181e-2 1.999999999998181e-2
    1.999999999998181e-2 1.999999999998181e-2 1.999999999998181e-2
    1.999999999998181e-2 1.999999999998181e-2 1.999999999998181e-2
    1.999999999998181e-2 1.999999999998181e-2 1.999999999998181e-2
    1.999999999998181e-2 1.999999999998181e-2 1.999999999998181e-2
    1.999999999998181e-2 1.999999999998181e-2 1.999999999998181e-2
    1.999999999998181e-2 1.999999999998181e-2 1.999999999998181e-2
    1.999999999998181e-2 1.999999999998181e-2 1.999999999998181e-2
    1.999999999998181e-2 1.999999999998181e-2 1.999999999998181e-2
    1.999999999998181e-2 1.999999999998181e-2 1.999999999998181e-2
    1.999999999998181e-2 1.999999999998181e-2 1.999999999998181e-2
    1.999999999998181e-2 1.999999999998181e-2 1.999999999998181e-2
    1.999999999998181e-2 1.999999999998181e-2 1.999999999998181e-2
    1.999999999998181e-2 1.999999999998181e-2 1.999999999998181e-2
    1.999999999998181e-2 1.999999999998181e-2 1.999999999998181e-2
    1.999999999998181e-2 1.999999999998181e-2 1.999999999998181e-2
    1.999999999998181e-2 1.999999999998181e-2 1.999999999998181e-2
    1.999999999998181e-2 1.999999999998181e-2 1.999999999998181e-2
    1.999999999998181e-2 1.999999999998181e-2 1.999999999998181e-2
    1.999999999998181e-2 1.999999999998181e-2 1.999999999998181e-2
    1.999999999998181e-2 1.999999999998181e-2 1.999999999998181e-2
    1.999999999998181e-2 1.999999999998181e-2 1.999999999998181e-2
    1.999999999998181e-2 1.999999999998181e-2 1.999999999998181e-2
    1.999999999998181e-2 1.999999999998181e-2 1.999999999998181e-2
    1.999999999998181e-2 1.999999999998181e-2 1.999999999998181e-2
    1.999999999998181e-2 1.999999999998181e-2 1.999999999998181e-2
    1.999999999998181e-2 1.999999999998181e-2 1.999999999998181e-2
    1.999999999998181e-2 1.999999999998181e-2 1.999999999998181e-2
    1.999999999998181e-2 1.999999999998181e-2 1.999999999998181e-2
    1.999999999998181e-2 1.999999999998181e-2 1.999999999998181e-2
    1.999999999998181e-2 1.999999999998181e-2 1.999999999998181e-2
    1.999999999998181e-2 1.999999999998181e-2 1.999999999998181e-2
    1.999999999998181e-2 1.999999999998181e-2 1.999999999998181e-2
    1.999999999998181e-2 1.999999999998181e-2 1.999999999998181e-2
    1.999999999998181e-2 1.999999999998181e-2 1.999999999998181e-2
    1.999999999998181e-2 1.999999999998181e-2 1.999999999998181e-2
    1.999999999998181e-2 1.999999999998181e-2 1.999999999998181e-2
    1.999999999998181e-2 1.999999999998181e-2 1.999999999998181e-2
    1.999999999998181e-2 1.999999999998181e-2 1.999999999998181e-2
    1.999999999998181e-2 1.999999999998181e-2 1.999999999998181e-2
    1.999999999998181e-2 1.999999999998181e-2 1.999999999998181e-2
    1.999999999998181e-2 1.999999999998181e-2 1.999999999998181e-2
    1.999999999998181e-2 1.999999999998181e-2 1.999999999998181e-2
    1.999999999998181e-2 1.999999999998181e-2 1.999999999998181e-2
    1.999999999998181e-2 1.999999999998181e-2 1.999999999998181e-2
    1.999999999998181e-2 1.999999999998181e-2 1.999999999998181e-2
    1.999999999998181e-2 1.999999999998181e-2 1.999999999998181e-2
    1.999999999998181e-2 1.999999999998181e-2 1.999999999998181e-2
    1.999999999998181e-2 1.999999999998181e-2 1.999999999998181e-2
    1.999999999998181e-2 1.999999999998181e-2 1.999999999998181e-2
    1.999999999998181e-2 1.999999999998181e-2 1.999999999998181e-2
    1.999999999998181e-2 1.999999999998181e-2 1.999999999998181e-2
    1.999999999998181e-2 1.999999999998181e-2 1.999999999998181e-2
    1.999999999998181e-2 1.999999999998181e-2 1.999999999998181e-2
    1.999999999998181e-2 1.999999999998181e-2 1.999999999998181e-2
    1.999999999998181e-2 1.999999999998181e-2 1.999999999998181e-2
    1.999999999998181e-2 1.999999999998181e-2 1.999999999998181e-2
    1.999999999998181e-2 1.999999999998181e-2 1.999999999998181e-2
    1.999999999998181e-2 1.999999999998181e-2 1.999999999998181e-2
    1.999999999998181e-2 1.999999999998181e-2 1.999999999998181e-2
    1.999999999998181e-2 1.999999999998181e-2 1.999999999998181e-2
    1.999999999998181e-2 1.999999999998181e-2 1.999999999998181e-2
    1.999999999998181e-2 1.999999999998181e-2 1.999999999998181e-2
    1.999999999998181e-2 1.999999999998181e-2 1.999999999998181e-2
    1.999999999998181e-2 1.999999999998181e-2 1.999999999998181e-2
    1.999999999998181e-2 1.999999999998181e-2 1.999999999998181e-2
    1.999999999998181e-2 1.999999999998181e-2 1.999999999998181e-2
    1.999999999998181e-2 1.999999999998181e-2 1.999999999998181e-2
    1.999999999998181e-2 1.999999999998181e-2 1.999999999998181e-2
    1.999999999998181e-2 1.999999999998181e-2 1.999999999998181e-2
    1.999999999998181e-2 1.999999999998181e-2 1.999999999998181e-2
    1.999999999998181e-2 1.999999999998181e-2 1.999999999998181e-2
    1.999999999998181e-2 1.999999999998181e-2 1.999999999998181e-2
    1.999999999998181e-2 1.999999999998181e-2 1.999999999998181e-2
    1.999999999998181e-2 1.999999999998181e-2 1.999999999998181e-2
    1.999999999998181e-2 1.999999999998181e-2 1.999999999998181e-2
    1.999999999998181e-2 1.999999999998181e-2 1.999999999998181e-2
    1.999999999998181e-2 1.999999999998181e-2 1.999999999998181e-2
    1.999999999998181e-2 1.999999999998181e-2 1.999999999998181e-2
    1.999999999998181e-2 1.999999999998181e-2 1.999999999998181e-2
    1.999999999998181e-2 1.999999999998181e-2 1.999999999998181e-2
    1.999999999998181e-2 1.999999999998181e-2 1.999999999998181e-2
    1.999999999998181e-2 1.999999999998181e-2 1.999999999998181e-2
    1.999999999998181e-2 1.999999999998181e-2 1.999999999998181e-2
    1.999999999998181e-2 1.999999999998181e-2 1.999999999998181e-2
    1.999999999998181e-2 1.999999999998181e-2 1.999999999998181e-2
    1.999999999998181e-2 1.999999999998181e-2 1.999999999998181e-2
    1.999999999998181e-2 1.999999999998181e-2 1.999999999998181e-2
    1.999999999998181e-2 1.999999999998181e-2 1.999999999998181e-2
    1.999999999998181e-2 1.999999999998181e-2 1.999999999998181e-2
    1.999999999998181e-2 1.999999999998181e-2 1.999999999998181e-2
    1.999999999998181e-2 1.999999999998181e-2 1.999999999998181e-2
    1.999999999998181e-2 1.999999999998181e-2 1.999999999998181e-2
    1.999999999998181e-2 1.999999999998181e-2 1.999999999998181e-2
    1.999999999998181e-2 1.999999999998181e-2 1.999999999998181e-2
    1.999999999998181e-2 1.999999999998181e-2 1.999999999998181e-2
    1.999999999998181e-2 1.999999999998181e-2 1.999999999998181e-2
    1.999999999998181e-2 1.999999999998181e-2 1.999999999998181e-2
    1.999999999998181e-2 1.999999999998181e-2 1.999999999998181e-2
    1.999999999998181e-2 1.999999999998181e-2 1.999999999998181e-2
    1.999999999998181e-2 1.999999999998181e-2 1.999999999998181e-2
    1.999999999998181e-2 1.999999999998181e-2 1.999999999998181e-2
    1.999999999998181e-2 1.999999999998181e-2 1.999999999998181e-2
    1.999999999998181e-2 1.999999999998181e-2 1.999999999998181e-2
    1.999999999998181e-2 1.999999999998181e-2 1.999999999998181e-2
    1.999999999998181e-2 1.999999999998181e-2 1.999999999998181e-2
    1.999999999998181e-2 1.999999999998181e-2 1.999999999998181e-2
    1.999999999998181e-2 1.999999999998181e-2 1.999999999998181e-2
    1.999999999998181e-2 1.999999999998181e-2 1.999999999998181e-2
    1.999999999998181e-2 1.999999999998181e-2 1.999999999998181e-2
    1.999999999998181e-2 1.999999999998181e-2 1.999999999998181e-2
    1.999999999998181e-2 1.999999999998181e-2 1.999999999998181e-2
    1.999999999998181e-2 1.999999999998181e-2 1.999999999998181e-2
    1.999999999998181e-2 1.999999999998181e-2 1.999999999998181e-2
    1.999999999998181e-2 1.999999999998181e-2 1.999999999998181e-2
    1.999999999998181e-2 1.999999999998181e-2 1.999999999998181e-2
    1.999999999998181e-2 1.999999999998181e-2 1.999999999998181e-2
    1.999999999998181e-2 1.999999999998181e-2 1.999999999998181e-2
    1.999999999998181e-2 1.999999999998181e-2 1.999999999998181e-2
    1.999999999998181e-2 1.999999999998181e-2 1.999999999998181e-2
    1.999999999998181e-2 1.999999999998181e-2 1.999999999998181e-2
    1.999999999998181e-2 1.999999999998181e-2 1.999999999998181e-2
    1.999999999998181e-2 1.999999999998181e-2 1.999999999998181e-2
    1.999999999998181e-2 1.999999999998181e-2 1.999999999998181e-2
    1.999999999998181e-2 1.999999999998181e-2 1.999999999998181e-2
    1.999999999998181e-2 1.999999999998181e-2 1.999999999998181e-2
    1.999999999998181e-2 1.999999999998181e-2 1.999999999998181e-2
    1.999999999998181e-2 1.999999999998181e-2 1.999999999998181e-2
    1.999999999998181e-2 1.999999999998181e-2 1.999999999998181e-2
    1.999999999998181e-2 1.999999999998181e-2 1.999999999998181e-2
    1.999999999998181e-2 1.999999999998181e-2 1.999999999998181e-2
    1.999999999998181e-2 1.999999999998181e-2 1.999999999998181e-2
    1.999999999998181e-2 1.999999999998181e-2 1.999999999998181e-2
    1.999999999998181e-2 1.999999999998181e-2 1.999999999998181e-2
    1.999999999998181e-2 1.999999999998181e-2 1.999999999998181e-2
    1.999999999998181e-2 1.999999999998181e-2 1.999999999998181e-2
    1.999999999998181e-2 1.999999999998181e-2 1.999999999998181e-2
    1.999999999998181e-2 1.999999999998181e-2 1.999999999998181e-2
    1.999999999998181e-2 1.999999999998181e-2 1.999999999998181e-2
    1.999999999998181e-2 1.999999999998181e-2 1.999999999998181e-2
    1.999999999998181e-2 1.999999999998181e-2 1.999999999998181e-2
    1.999999999998181e-2 1.999999999998181e-2 1.999999999998181e-2
    1.999999999998181e-2 1.999999999998181e-2 1.999999999998181e-2
    1.999999999998181e-2 1.999999999998181e-2 1.999999999998181e-2
    1.999999999998181e-2 1.999999999998181e-2 1.999999999998181e-2
    1.999999999998181e-2 1.999999999998181e-2 1.999999999998181e-2
    1.999999999998181e-2 1.999999999998181e-2 1.999999999998181e-2
    1.999999999998181e-2 1.999999999998181e-2 1.999999999998181e-2
    1.999999999998181e-2 1.999999999998181e-2 1.999999999998181e-2
    1.999999999998181e-2 1.999999999998181e-2 1.999999999998181e-2
    1.999999999998181e-2 1.999999999998181e-2 1.999999999998181e-2
    1.999999999998181e-2 1.999999999998181e-2 1.999999999998181e-2
    1.999999999998181e-2 1.999999999998181e-2 1.999999999998181e-2
    1.999999999998181e-2 1.999999999998181e-2 1.999999999998181e-2
    1.999999999998181e-2 1.999999999998181e-2 1.999999999998181e-2
    1.999999999998181e-2 1.999999999998181e-2 1.999999999998181e-2
    1.999999999998181e-2 1.999999999998181e-2 1.999999999998181e-2
    1.999999999998181e-2 1.999999999998181e-2 1.999999999998181e-2
    1.999999999998181e-2 1.999999999998181e-2 1.999999999998181e-2
    1.999999999998181e-2 1.999999999998181e-2 1.999999999998181e-2
    1.999999999998181e-2 1.999999999998181e-2 1.999999999998181e-2
    1.999999999998181e-2 1.999999999998181e-2 1.999999999998181e-2
    1.999999999998181e-2 1.999999999998181e-2 1.999999999998181e-2
    1.999999999998181e-2 1.999999999998181e-2 1.999999999998181e-2
    1.999999999998181e-2 1.999999999998181e-2 1.999999999998181e-2
    1.999999999998181e-2 1.999999999998181e-2 1.999999999998181e-2
    1.999999999998181e-2 1.999999999998181e-2 1.999999999998181e-2
    1.999999999998181e-2 1.999999999998181e-2 1.999999999998181e-2
    1.999999999998181e-2 1.999999999998181e-2 1.999999999998181e-2
    1.999999999998181e-2 1.999999999998181e-2 1.999999999998181e-2
    1.999999999998181e-2 1.999999999998181e-2 1.999999999998181e-2
    1.999999999998181e-2 1.999999999998181e-2 1.999999999998181e-2
    1.999999999998181e-2 1.999999999998181e-2 1.999999999998181e-2
    1.999999999998181e-2 1.999999999998181e-2 1.999999999998181e-2
    1.999999999998181e-2 1.999999999998181e-2 1.999999999998181e-2
    1.999999999998181e-2 1.999999999998181e-2 1.999999999998181e-2
    1.999999999998181e-2 1.999999999998181e-2 1.999999999998181e-2
    1.999999999998181e-2 1.999999999998181e-2 1.999999999998181e-2
    1.999999999998181e-2 1.999999999998181e-2 1.999999999998181e-2
    1.999999999998181e-2 1.999999999998181e-2 1.999999999998181e-2
    1.999999999998181e-2 1.999999999998181e-2 1.999999999998181e-2
    1.999999999998181e-2 1.999999999998181e-2 1.999999999998181e-2
    1.999999999998181e-2 1.999999999998181e-2 1.999999999998181e-2
    1.999999999998181e-2 1.999999999998181e-2 1.999999999998181e-2
    1.999999999998181e-2 1.999999999998181e-2 1.999999999998181e-2
    1.999999999998181e-2 1.999999999998181e-2 1.999999999998181e-2
    1.999999999998181e-2 1.999999999998181e-2 1.999999999998181e-2
    1.999999999998181e-2 1.999999999998181e-2 1.999999999998181e-2
    1.999999999998181e-2 1.999999999998181e-2 1.999999999998181e-2
    1.999999999998181e-2 1.999999999998181e-2 1.999999999998181e-2
    1.999999999998181e-2 1.999999999998181e-2 1.999999999998181e-2
    1.999999999998181e-2 1.999999999998181e-2 1.999999999998181e-2
    1.999999999998181e-2 1.999999999998181e-2 1.999999999998181e-2
    1.999999999998181e-2 1.999999999998181e-2 1.999999999998181e-2
    1.999999999998181e-2 1.999999999998181e-2 1.999999999998181e-2
    1.999999999998181e-2 1.999999999998181e-2 1.999999999998181e-2
    1.999999999998181e-2 1.999999999998181e-2 1.999999999998181e-2
    1.999999999998181e-2 1.999999999998181e-2 1.999999999998181e-2
    1.999999999998181e-2 1.999999999998181e-2 1.999999999998181e-2
    1.999999999998181e-2 1.999999999998181e-2 1.999999999998181e-2
    1.999999999998181e-2 1.999999999998181e-2 1.999999999998181e-2
    1.999999999998181e-2 1.999999999998181e-2 1.999999999998181e-2
    1.999999999998181e-2 1.999999999998181e-2 1.999999999998181e-2
    1.999999999998181e-2 1.999999999998181e-2 1.999999999998181e-2
    1.999999999998181e-2 1.999999999998181e-2 1.999999999998181e-2
    1.999999999998181e-2 1.999999999998181e-2 1.999999999998181e-2
    1.999999999998181e-2 1.999999999998181e-2 1.999999999998181e-2
    1.999999999998181e-2 1.999999999998181e-2 1.999999999998181e-2
    1.999999999998181e-2 1.999999999998181e-2 1.999999999998181e-2
    1.999999999998181e-2 1.999999999998181e-2 1.999999999998181e-2
    1.999999999998181e-2 1.999999999998181e-2 1.999999999998181e-2
    1.999999999998181e-2 1.999999999998181e-2 1.999999999998181e-2
    1.999999999998181e-2 1.999999999998181e-2 1.999999999998181e-2
    1.999999999998181e-2 1.999999999998181e-2 1.999999999998181e-2
    1.999999999998181e-2 1.999999999998181e-2 1.999999999998181e-2
    1.999999999998181e-2 1.999999999998181e-2 1.999999999998181e-2
    1.999999999998181e-2 1.999999999998181e-2 1.999999999998181e-2
    1.999999999998181e-2 1.999999999998181e-2 1.999999999998181e-2
    1.999999999998181e-2 1.999999999998181e-2 1.999999999998181e-2
    1.999999999998181e-2 1.999999999998181e-2 1.999999999998181e-2
    1.999999999998181e-2 1.999999999998181e-2 1.999999999998181e-2
    1.999999999998181e-2 1.999999999998181e-2 1.999999999998181e-2
    1.999999999998181e-2 1.999999999998181e-2 1.999999999998181e-2
    1.999999999998181e-2 1.999999999998181e-2 1.999999999998181e-2
    1.999999999998181e-2 1.999999999998181e-2 1.999999999998181e-2
    1.999999999998181e-2 1.999999999998181e-2 1.999999999998181e-2
    1.999999999998181e-2 1.999999999998181e-2 1.999999999998181e-2
    1.999999999998181e-2 1.999999999998181e-2 1.999999999998181e-2
    1.999999999998181e-2 1.999999999998181e-2 1.999999999998181e-2
    1.999999999998181e-2 1.999999999998181e-2 1.999999999998181e-2
    1.999999999998181e-2 1.999999999998181e-2 1.999999999998181e-2
    1.999999999998181e-2 1.999999999998181e-2 1.999999999998181e-2
    1.999999999998181e-2 1.999999999998181e-2 1.999999999998181e-2
    1.999999999998181e-2 1.999999999998181e-2 1.999999999998181e-2
    1.999999999998181e-2 1.999999999998181e-2 1.999999999998181e-2
    1.999999999998181e-2 1.999999999998181e-2 1.999999999998181e-2
    1.999999999998181e-2 1.999999999998181e-2 1.999999999998181e-2
    1.999999999998181e-2 1.999999999998181e-2 1.999999999998181e-2
    1.999999999998181e-2 1.999999999998181e-2 1.999999999998181e-2
    1.999999999998181e-2 1.999999999998181e-2 1.999999999998181e-2
    1.999999999998181e-2 1.999999999998181e-2 1.999999999998181e-2
    1.999999999998181e-2 1.999999999998181e-2 1.999999999998181e-2
    1.999999999998181e-2 1.999999999998181e-2 1.999999999998181e-2
    1.999999999998181e-2 1.999999999998181e-2 1.999999999998181e-2
    1.999999999998181e-2 1.999999999998181e-2 1.999999999998181e-2
    1.999999999998181e-2 1.999999999998181e-2 1.999999999998181e-2
    1.999999999998181e-2 1.999999999998181e-2 1.999999999998181e-2
    1.999999999998181e-2 1.999999999998181e-2 1.999999999998181e-2
    1.999999999998181e-2 1.999999999998181e-2 1.999999999998181e-2
    1.999999999998181e-2 1.999999999998181e-2 1.999999999998181e-2
    1.999999999998181e-2 1.999999999998181e-2 1.999999999998181e-2
    1.999999999998181e-2 1.999999999998181e-2 1.999999999998181e-2
    1.999999999998181e-2 1.999999999998181e-2 1.999999999998181e-2
    1.999999999998181e-2 1.999999999998181e-2 1.999999999998181e-2
    1.999999999998181e-2 1.999999999998181e-2 1.999999999998181e-2
    1.999999999998181e-2 1.999999999998181e-2 1.999999999998181e-2
    1.999999999998181e-2 1.999999999998181e-2 1.999999999998181e-2
    1.999999999998181e-2 1.999999999998181e-2 1.999999999998181e-2
    1.999999999998181e-2 1.999999999998181e-2 1.999999999998181e-2
    1.999999999998181e-2 1.999999999998181e-2 1.999999999998181e-2
    1.999999999998181e-2 1.999999999998181e-2 1.999999999998181e-2
    1.999999999998181e-2 1.999999999998181e-2 1.999999999998181e-2
    1.999999999998181e-2 1.999999999998181e-2 1.999999999998181e-2
    1.999999999998181e-2 1.999999999998181e-2 1.999999999998181e-2
    1.999999999998181e-2 1.999999999998181e-2 1.999999999998181e-2
    1.999999999998181e-2 1.999999999998181e-2 1.999999999998181e-2
    1.999999999998181e-2 1.999999999998181e-2 1.999999999998181e-2
    1.999999999998181e-2 1.999999999998181e-2 1.999999999998181e-2
    1.999999999998181e-2 1.999999999998181e-2 1.999999999998181e-2
    1.999999999998181e-2 1.999999999998181e-2 1.999999999998181e-2
    1.999999999998181e-2 1.999999999998181e-2 1.999999999998181e-2
    1.999999999998181e-2 1.999999999998181e-2 1.999999999998181e-2
    1.999999999998181e-2 1.999999999998181e-2 1.999999999998181e-2
    1.999999999998181e-2 1.999999999998181e-2 1.999999999998181e-2
    1.999999999998181e-2 1.999999999998181e-2 1.999999999998181e-2
    1.999999999998181e-2 1.999999999998181e-2 1.999999999998181e-2
    1.999999999998181e-2 1.999999999998181e-2 1.999999999998181e-2
    1.999999999998181e-2 1.999999999998181e-2 1.999999999998181e-2
    1.999999999998181e-2 1.999999999998181e-2 1.999999999998181e-2
    1.999999999998181e-2 1.999999999998181e-2 1.999999999998181e-2
    1.999999999998181e-2 1.999999999998181e-2 1.999999999998181e-2
    1.999999999998181e-2 1.999999999998181e-2 1.999999999998181e-2
    1.999999999998181e-2 1.999999999998181e-2 1.999999999998181e-2
    1.999999999998181e-2 1.999999999998181e-2 1.999999999998181e-2
    1.999999999998181e-2 1.999999999998181e-2 1.999999999998181e-2
    1.999999999998181e-2 1.999999999998181e-2 1.999999999998181e-2
    1.999999999998181e-2 1.999999999998181e-2 1.999999999998181e-2
    1.999999999998181e-2 1.999999999998181e-2 1.999999999998181e-2
    1.999999999998181e-2 1.999999999998181e-2 1.999999999998181e-2
    1.999999999998181e-2 1.999999999998181e-2 1.999999999998181e-2
    1.999999999998181e-2 1.999999999998181e-2 1.999999999998181e-2
    1.999999999998181e-2 1.999999999998181e-2 1.999999999998181e-2
    1.999999999998181e-2 1.999999999998181e-2 1.999999999998181e-2
    1.999999999998181e-2 1.999999999998181e-2 1.999999999998181e-2
    1.999999999998181e-2 1.999999999998181e-2 1.999999999998181e-2
    1.999999999998181e-2 1.999999999998181e-2 1.999999999998181e-2
    1.999999999998181e-2 1.999999999998181e-2 1.999999999998181e-2
    1.999999999998181e-2 1.999999999998181e-2 1.999999999998181e-2
    1.999999999998181e-2 1.999999999998181e-2 1.999999999998181e-2
    1.999999999998181e-2 1.999999999998181e-2 1.999999999998181e-2
    1.999999999998181e-2 1.999999999998181e-2 1.999999999998181e-2
    1.999999999998181e-2 1.999999999998181e-2 1.999999999998181e-2
    1.999999999998181e-2 1.999999999998181e-2 1.999999999998181e-2
    1.999999999998181e-2 1.999999999998181e-2 1.999999999998181e-2
    1.999999999998181e-2 1.999999999998181e-2 1.999999999998181e-2
    1.999999999998181e-2 1.999999999998181e-2 1.999999999998181e-2
    1.999999999998181e-2 1.999999999998181e-2 1.999999999998181e-2
    1.999999999998181e-2 1.999999999998181e-2 1.999999999998181e-2
    1.999999999998181e-2 1.999999999998181e-2 1.999999999998181e-2
    1.999999999998181e-2 1.999999999998181e-2 1.999999999998181e-2
    1.999999999998181e-2 1.999999999998181e-2 1.999999999998181e-2
    1.999999999998181e-2 1.999999999998181e-2 1.999999999998181e-2
    1.999999999998181e-2 1.999999999998181e-2 1.999999999998181e-2
    1.999999999998181e-2 1.999999999998181e-2 1.999999999998181e-2
    1.999999999998181e-2 1.999999999998181e-2 1.9999999999993179e-2
    1.9999999999998862e-2 1.9999999999998862e-2 1.9999999999998862e-2
    1.9999999999998862e-2 1.9999999999998862e-2 1.9999999999998862e-2
    1.9999999999998862e-2 1.9999999999998862e-2 1.9999999999998862e-2
    1.9999999999998862e-2 1.9999999999998862e-2 1.9999999999998862e-2
    1.9999999999998862e-2 1.9999999999998862e-2 1.9999999999998862e-2
    1.9999999999998862e-2 1.9999999999998862e-2 1.9999999999998862e-2
    1.9999999999998862e-2 1.9999999999998862e-2 1.9999999999998862e-2
    1.9999999999998862e-2 1.9999999999998862e-2 1.9999999999998862e-2
    1.9999999999998862e-2 1.9999999999998862e-2 1.9999999999998862e-2
    1.9999999999998862e-2 1.9999999999998862e-2 1.9999999999998862e-2
    1.9999999999998862e-2 1.9999999999998862e-2 1.9999999999998862e-2
    1.9999999999998862e-2 1.9999999999998862e-2 1.9999999999998862e-2
    1.9999999999998862e-2 1.9999999999998862e-2 1.9999999999998862e-2
    1.9999999999998862e-2 1.9999999999998862e-2 1.9999999999998862e-2
    1.9999999999998862e-2 1.9999999999998862e-2 1.9999999999998862e-2
    1.9999999999998862e-2 1.9999999999998862e-2 1.9999999999998862e-2
    1.9999999999998862e-2 1.9999999999998862e-2 1.9999999999998862e-2
    1.9999999999998862e-2 1.9999999999998862e-2 1.9999999999998862e-2
    1.9999999999998862e-2 1.9999999999998862e-2 1.9999999999998862e-2
    1.9999999999998862e-2 1.9999999999998862e-2 1.9999999999998862e-2
    1.9999999999998862e-2 1.9999999999998862e-2 1.9999999999998862e-2
    1.9999999999998862e-2 1.9999999999998862e-2 1.9999999999998862e-2
    1.9999999999998862e-2 1.9999999999998862e-2 1.9999999999998862e-2
    1.9999999999998862e-2 1.9999999999998862e-2 1.9999999999998862e-2
    1.9999999999998862e-2 1.9999999999998862e-2 1.9999999999998862e-2
    1.9999999999998862e-2 1.9999999999998862e-2 1.9999999999998862e-2
    1.9999999999998862e-2 1.9999999999998862e-2 1.9999999999998862e-2
    1.9999999999998862e-2 1.9999999999998862e-2 1.9999999999998862e-2
    1.9999999999998862e-2 1.9999999999998862e-2 1.9999999999998862e-2
    1.9999999999998862e-2 1.9999999999998862e-2 1.9999999999998862e-2
    1.9999999999998862e-2 1.9999999999998862e-2 1.9999999999998862e-2
    1.9999999999998862e-2 1.9999999999998862e-2 1.9999999999998862e-2
    1.9999999999998862e-2 1.9999999999998862e-2 1.9999999999998862e-2
    1.9999999999998862e-2 1.9999999999998862e-2 1.9999999999998862e-2
    1.9999999999998862e-2 1.9999999999998862e-2 1.9999999999998862e-2
    1.9999999999998862e-2 1.9999999999998862e-2 1.9999999999998862e-2
    1.9999999999998862e-2 1.9999999999998862e-2 1.9999999999998862e-2
    1.9999999999998862e-2 1.9999999999998862e-2 1.9999999999998862e-2
    1.9999999999998862e-2 1.9999999999998862e-2 1.9999999999998862e-2
    1.9999999999998862e-2 1.9999999999998862e-2 1.9999999999998862e-2
    1.9999999999998862e-2 1.9999999999998862e-2 1.9999999999998862e-2
    1.9999999999998862e-2 1.9999999999998862e-2 1.9999999999998862e-2
    1.9999999999998862e-2 1.9999999999998862e-2 1.9999999999998862e-2
    1.9999999999998862e-2 1.9999999999998862e-2 1.9999999999998862e-2
    1.9999999999998862e-2 1.9999999999998862e-2 1.9999999999998862e-2
    1.9999999999998862e-2 1.9999999999998862e-2 1.9999999999998862e-2
    1.9999999999998862e-2 2.0000000000000018e-2 2.0000000000000018e-2
    2.0000000000000018e-2 2.0000000000000018e-2 2.0000000000000018e-2
    2.0000000000000018e-2 2.0000000000000018e-2 2.0000000000001704e-2
    2.0000000000001704e-2 2.0000000000001704e-2 2.0000000000001704e-2
    2.0000000000001704e-2 2.0000000000001704e-2 2.0000000000001704e-2
    2.0000000000001704e-2 2.0000000000001704e-2 2.0000000000001704e-2
    2.0000000000001704e-2 2.0000000000001704e-2 2.0000000000001704e-2
    2.0000000000001704e-2 2.0000000000001704e-2 2.0000000000001704e-2
    2.0000000000001704e-2 2.0000000000001704e-2 2.0000000000001704e-2
    2.0000000000001704e-2 2.0000000000001704e-2 2.0000000000001704e-2
    2.0000000000004549e-2 2.0000000000004549e-2 2.0000000000004549e-2
    2.0000000000004549e-2 2.0000000000004549e-2 2.0000000000004549e-2
    2.0000000000004549e-2 2.0000000000004549e-2 2.0000000000004549e-2
    2.0000000000004549e-2 2.0000000000004549e-2 2.0000000000004549e-2
    2.0000000000004549e-2 2.0000000000004549e-2 2.0000000000004549e-2
    2.0000000000004549e-2 2.0000000000004549e-2 2.0000000000004549e-2
    2.0000000000004549e-2 2.0000000000004549e-2 2.0000000000004549e-2
    2.0000000000004549e-2 2.0000000000004549e-2 2.0000000000004549e-2
    2.0000000000004549e-2 2.0000000000004549e-2 2.0000000000004549e-2
    2.0000000000004549e-2 2.0000000000004549e-2 2.0000000000004549e-2
    2.0000000000004549e-2 2.0000000000004549e-2 2.0000000000004549e-2
    2.0000000000004549e-2 2.0000000000004549e-2 2.0000000000004549e-2
    2.0000000000004549e-2 2.0000000000004549e-2 2.0000000000004549e-2
    2.0000000000004549e-2 2.0000000000004549e-2 2.0000000000004549e-2
    2.0000000000004549e-2 2.0000000000004549e-2 2.0000000000004549e-2
    2.0000000000004549e-2 2.0000000000004549e-2 2.0000000000004549e-2
    2.0000000000004549e-2 2.0000000000004549e-2 2.0000000000004549e-2
    2.0000000000004549e-2 2.0000000000004549e-2 2.0000000000004549e-2
    2.0000000000004549e-2 2.0000000000004549e-2 2.0000000000004549e-2
    2.0000000000004549e-2 2.0000000000004549e-2 2.0000000000004549e-2
    2.0000000000004549e-2 2.0000000000004549e-2 2.0000000000004549e-2
    2.0000000000004549e-2 2.0000000000004549e-2 2.0000000000004549e-2
    2.0000000000004549e-2 2.0000000000004549e-2 2.0000000000004549e-2
    2.0000000000004549e-2 2.0000000000004549e-2 2.0000000000004549e-2
    2.0000000000004549e-2 2.0000000000004549e-2 2.0000000000004549e-2
    2.0000000000004549e-2 2.0000000000004549e-2 2.0000000000004549e-2
    2.0000000000004549e-2 2.0000000000004549e-2 2.0000000000004549e-2
    2.0000000000004549e-2 2.0000000000004549e-2 2.0000000000004549e-2
    2.0000000000004549e-2 2.0000000000004549e-2 2.0000000000004549e-2
    2.0000000000004549e-2 2.0000000000004549e-2 2.0000000000004549e-2
    2.0000000000004549e-2 2.0000000000004549e-2 2.0000000000004549e-2
    2.0000000000004549e-2 2.0000000000004549e-2 2.0000000000004549e-2
    2.0000000000004549e-2 2.0000000000004549e-2 2.0000000000004549e-2
    2.0000000000004549e-2 2.0000000000004549e-2 2.0000000000004549e-2
    2.0000000000004549e-2 2.0000000000004549e-2 2.0000000000004549e-2
    2.0000000000004549e-2 2.0000000000004549e-2 2.0000000000004549e-2
    2.0000000000004549e-2 2.0000000000004549e-2 2.0000000000004549e-2
    2.0000000000004549e-2 2.0000000000004549e-2 2.0000000000004549e-2
    2.0000000000004549e-2 2.0000000000004549e-2 2.0000000000004549e-2
    2.0000000000004549e-2 2.0000000000004549e-2 2.0000000000004549e-2
    2.0000000000004549e-2 2.0000000000004549e-2 2.0000000000004549e-2
    2.0000000000004549e-2 2.0000000000004549e-2 2.0000000000004549e-2
    2.0000000000004549e-2 2.0000000000004549e-2 2.0000000000004549e-2
    2.0000000000004549e-2 2.0000000000004549e-2 2.0000000000004549e-2
    2.0000000000004549e-2 2.0000000000004549e-2 2.0000000000004549e-2
    2.0000000000004549e-2 2.0000000000004549e-2 2.0000000000004549e-2
    2.0000000000004549e-2 2.0000000000004549e-2 2.0000000000004549e-2
    2.0000000000004549e-2 2.0000000000004549e-2 2.0000000000004549e-2
    2.0000000000004549e-2 2.0000000000004549e-2 2.0000000000004549e-2
    2.0000000000004549e-2 2.0000000000004549e-2 2.0000000000004549e-2
    2.0000000000004549e-2 2.0000000000004549e-2 2.0000000000004549e-2
    2.0000000000004549e-2 2.0000000000004549e-2 2.0000000000004549e-2
    2.0000000000004549e-2 2.0000000000004549e-2 2.0000000000004549e-2
    2.0000000000004549e-2 2.0000000000004549e-2 2.0000000000004549e-2
    2.0000000000004549e-2 2.0000000000004549e-2 2.0000000000004549e-2
    2.0000000000004549e-2 2.0000000000004549e-2 2.0000000000004549e-2
    2.0000000000004549e-2 2.0000000000004549e-2 2.0000000000004549e-2
    2.0000000000004549e-2 2.0000000000004549e-2 2.0000000000004549e-2
    2.0000000000004549e-2 2.0000000000004549e-2 2.0000000000004549e-2
    2.0000000000004549e-2 2.0000000000004549e-2 2.0000000000004549e-2
    2.0000000000004549e-2 2.0000000000004549e-2 2.0000000000004549e-2
    2.0000000000004549e-2 2.0000000000004549e-2 2.0000000000004549e-2
    2.0000000000004549e-2 2.0000000000004549e-2 2.0000000000004549e-2
    2.0000000000004549e-2 2.0000000000004549e-2 2.0000000000004549e-2
    2.0000000000004549e-2 2.0000000000004549e-2 2.0000000000004549e-2
    2.0000000000004549e-2 2.0000000000004549e-2 2.0000000000004549e-2
    2.0000000000004549e-2 2.0000000000004549e-2 2.0000000000004549e-2
    2.0000000000004549e-2 2.0000000000004549e-2 2.0000000000004549e-2
    2.0000000000004549e-2 2.0000000000004549e-2 2.0000000000004549e-2
    2.0000000000004549e-2 2.0000000000004549e-2 2.0000000000004549e-2
    2.0000000000004549e-2 2.0000000000004549e-2 2.0000000000004549e-2
    2.0000000000004549e-2 2.0000000000004549e-2 2.0000000000004549e-2
    2.0000000000004549e-2 2.0000000000004549e-2 2.0000000000004549e-2
    2.0000000000004549e-2 2.0000000000004549e-2 2.0000000000004549e-2
    2.0000000000004549e-2 2.0000000000004549e-2 2.0000000000004549e-2
    2.0000000000004549e-2 2.0000000000004549e-2 2.0000000000004549e-2
    2.0000000000004549e-2 2.0000000000004549e-2 2.0000000000004549e-2
    2.0000000000004549e-2 2.0000000000004549e-2 2.0000000000004549e-2
    2.0000000000004549e-2 2.0000000000004549e-2 2.0000000000004549e-2
    2.0000000000004549e-2 2.0000000000004549e-2 2.0000000000004549e-2
    2.0000000000004549e-2 2.0000000000004549e-2 2.0000000000004549e-2
    2.0000000000004549e-2 2.0000000000004549e-2 2.0000000000004549e-2
    2.0000000000004549e-2 2.0000000000004549e-2 2.0000000000004549e-2
    2.0000000000004549e-2 2.0000000000004549e-2 2.0000000000004549e-2
    2.0000000000004549e-2 2.0000000000004549e-2 2.0000000000004549e-2
    2.0000000000004549e-2 2.0000000000004549e-2 2.0000000000004549e-2
    2.0000000000004549e-2 2.0000000000004549e-2 2.0000000000004549e-2
    2.0000000000004549e-2 2.0000000000004549e-2 2.0000000000004549e-2
    2.0000000000004549e-2 2.0000000000004549e-2 2.0000000000004549e-2
    2.0000000000004549e-2 2.0000000000004549e-2 2.0000000000004549e-2
    2.0000000000004549e-2 2.0000000000004549e-2 2.0000000000004549e-2
    2.0000000000004549e-2 2.0000000000004549e-2 2.0000000000004549e-2
    2.0000000000004549e-2 2.0000000000004549e-2 2.0000000000004549e-2
    2.0000000000004549e-2 2.0000000000004549e-2 2.0000000000004549e-2
    2.0000000000004549e-2 2.0000000000004549e-2 2.0000000000004549e-2
    2.0000000000004549e-2 2.0000000000004549e-2 2.0000000000004549e-2
    2.0000000000004549e-2 2.0000000000004549e-2 2.0000000000004549e-2
    2.0000000000004549e-2 2.0000000000004549e-2 2.0000000000004549e-2
    2.0000000000004549e-2 2.0000000000004549e-2 2.0000000000004549e-2
    2.0000000000004549e-2 2.0000000000004549e-2 2.0000000000004549e-2
    2.0000000000004549e-2 2.0000000000004549e-2 2.0000000000004549e-2
    2.0000000000004549e-2 2.0000000000004549e-2 2.0000000000004549e-2
    2.0000000000004549e-2 2.0000000000004549e-2 2.0000000000004549e-2
    2.0000000000004549e-2 2.0000000000004549e-2 2.0000000000004549e-2
    2.0000000000004549e-2 2.0000000000004549e-2 2.0000000000004549e-2
    2.0000000000004549e-2 2.0000000000004549e-2 2.0000000000004549e-2
    2.0000000000004549e-2 2.0000000000004549e-2 2.0000000000004549e-2
    2.0000000000004549e-2 2.0000000000004549e-2 2.0000000000004549e-2
    2.0000000000004549e-2 2.0000000000004549e-2 2.0000000000004549e-2
    2.0000000000004549e-2 2.0000000000004549e-2 2.0000000000004549e-2
    2.0000000000004549e-2 2.0000000000004549e-2 2.0000000000004549e-2
    2.0000000000004549e-2 2.0000000000004549e-2 2.0000000000004549e-2
    2.0000000000004549e-2 2.0000000000004549e-2 2.0000000000004549e-2
    2.0000000000004549e-2 2.0000000000004549e-2 2.0000000000004549e-2
    2.0000000000004549e-2 2.0000000000004549e-2 2.0000000000004549e-2
    2.0000000000004549e-2 2.0000000000004549e-2 2.0000000000004549e-2
    2.0000000000004549e-2 2.0000000000004549e-2 2.0000000000004549e-2
    2.0000000000004549e-2 2.0000000000004549e-2 2.0000000000004549e-2
    2.0000000000004549e-2 2.0000000000004549e-2 2.0000000000004549e-2
    2.0000000000004549e-2 2.0000000000004549e-2 2.0000000000004549e-2
    2.0000000000004549e-2 2.0000000000004549e-2 2.0000000000004549e-2
    2.0000000000004549e-2 2.0000000000004549e-2 2.0000000000004549e-2
    2.0000000000004549e-2 2.0000000000004549e-2 2.0000000000004549e-2
    2.0000000000004549e-2 2.0000000000004549e-2 2.0000000000004549e-2
    2.0000000000004549e-2 2.0000000000004549e-2 2.0000000000004549e-2
    2.0000000000004549e-2 2.0000000000004549e-2 2.0000000000004549e-2
    2.0000000000004549e-2 2.0000000000004549e-2 2.0000000000004549e-2
    2.0000000000004549e-2 2.0000000000004549e-2 2.0000000000004549e-2
    2.0000000000004549e-2 2.0000000000004549e-2 2.0000000000004549e-2
    2.0000000000004549e-2 2.0000000000004549e-2 2.0000000000004549e-2
    2.0000000000004549e-2 2.0000000000004549e-2 2.0000000000004549e-2
    2.0000000000004549e-2 2.0000000000004549e-2 2.0000000000004549e-2
    2.0000000000004549e-2 2.0000000000004549e-2 2.0000000000004549e-2
    2.0000000000004549e-2 2.0000000000004549e-2 2.0000000000004549e-2
    2.0000000000004549e-2 2.0000000000004549e-2 2.0000000000004549e-2
    2.0000000000004549e-2 2.0000000000004549e-2 2.0000000000004549e-2
    2.0000000000004549e-2 2.0000000000004549e-2 2.0000000000004549e-2
    2.0000000000004549e-2 2.0000000000004549e-2 2.0000000000004549e-2
    2.0000000000004549e-2 2.0000000000004549e-2 2.0000000000004549e-2
    2.0000000000004549e-2 2.0000000000004549e-2 2.0000000000004549e-2
    2.0000000000004549e-2 2.0000000000004549e-2 2.0000000000004549e-2
    2.0000000000004549e-2 2.0000000000004549e-2 2.0000000000004549e-2
    2.0000000000004549e-2 2.0000000000004549e-2 2.0000000000004549e-2
    2.0000000000004549e-2 2.0000000000004549e-2 2.0000000000004549e-2
    2.0000000000004549e-2 2.0000000000004549e-2 2.0000000000004549e-2
    2.0000000000004549e-2 2.0000000000004549e-2 2.0000000000004549e-2
    2.0000000000004549e-2 2.0000000000004549e-2 2.0000000000004549e-2
    2.0000000000004549e-2 2.0000000000004549e-2 2.0000000000004549e-2
    2.0000000000004549e-2 2.0000000000004549e-2 2.0000000000004549e-2
    2.0000000000004549e-2 2.0000000000004549e-2 2.0000000000004549e-2
    2.0000000000004549e-2 2.0000000000004549e-2 2.0000000000004549e-2
    2.0000000000004549e-2 2.0000000000004549e-2 2.0000000000004549e-2
    2.0000000000004549e-2 2.0000000000004549e-2 2.0000000000004549e-2
    2.0000000000004549e-2 2.0000000000004549e-2 2.0000000000004549e-2
    2.0000000000004549e-2 2.0000000000004549e-2 2.0000000000004549e-2
    2.0000000000004549e-2 2.0000000000004549e-2 2.0000000000004549e-2
    2.0000000000004549e-2 2.0000000000004549e-2 2.0000000000004549e-2
    2.0000000000004549e-2 2.0000000000004549e-2 2.0000000000004549e-2
    2.0000000000004549e-2 2.0000000000004549e-2 2.0000000000004549e-2
    2.0000000000004549e-2 2.0000000000004549e-2 2.0000000000004549e-2
    2.0000000000004549e-2 2.0000000000004549e-2 2.0000000000004549e-2
    2.0000000000004549e-2 2.0000000000004549e-2 2.0000000000004549e-2
    2.0000000000004549e-2 2.0000000000004549e-2 2.0000000000004549e-2
    2.0000000000004549e-2 2.0000000000004549e-2 2.0000000000004549e-2
    2.0000000000004549e-2 2.0000000000004549e-2 2.0000000000004549e-2
    2.0000000000004549e-2 2.0000000000004549e-2 2.0000000000004549e-2
    2.0000000000004549e-2 2.0000000000004549e-2 2.0000000000004549e-2
    2.0000000000004549e-2 2.0000000000004549e-2 2.0000000000004549e-2
    2.0000000000004549e-2 2.0000000000004549e-2 2.0000000000004549e-2
    2.0000000000004549e-2 2.0000000000004549e-2 2.0000000000004549e-2
    2.0000000000004549e-2 2.0000000000004549e-2 2.0000000000004549e-2
    2.0000000000004549e-2 2.0000000000004549e-2 2.0000000000004549e-2
    2.0000000000004549e-2 2.0000000000004549e-2 2.0000000000004549e-2
    2.0000000000004549e-2 2.0000000000004549e-2 2.0000000000004549e-2
    2.0000000000004549e-2 2.0000000000004549e-2 2.0000000000004549e-2
    2.0000000000004549e-2 2.0000000000004549e-2 2.0000000000004549e-2
    2.0000000000004549e-2 2.0000000000004549e-2 2.0000000000004549e-2
    2.0000000000004549e-2 2.0000000000004549e-2 2.0000000000004549e-2
    2.0000000000004549e-2 2.0000000000004549e-2 2.0000000000004549e-2
    2.0000000000004549e-2 2.0000000000004549e-2 2.0000000000004549e-2
    2.0000000000004549e-2 2.0000000000004549e-2 2.0000000000004549e-2
    2.0000000000004549e-2 2.0000000000004549e-2 2.0000000000004549e-2
    2.0000000000004549e-2 2.0000000000004549e-2 2.0000000000004549e-2
    2.0000000000004549e-2 2.0000000000004549e-2 2.0000000000004549e-2
    2.0000000000004549e-2 2.0000000000004549e-2 2.0000000000004549e-2
    2.0000000000004549e-2 2.0000000000004549e-2 2.0000000000004549e-2
    2.0000000000004549e-2 2.0000000000004549e-2 2.0000000000004549e-2
    2.0000000000004549e-2 2.0000000000004549e-2 2.0000000000004549e-2
    2.0000000000004549e-2 2.0000000000004549e-2 2.0000000000004549e-2
    2.0000000000004549e-2 2.0000000000004549e-2 2.0000000000004549e-2
    2.0000000000004549e-2 2.0000000000004549e-2 2.0000000000004549e-2
    2.0000000000004549e-2 2.0000000000004549e-2 2.0000000000004549e-2
    2.0000000000004549e-2 2.0000000000004549e-2 2.0000000000004549e-2
    2.0000000000004549e-2 2.0000000000004549e-2 2.0000000000004549e-2
    2.0000000000004549e-2 2.0000000000004549e-2 2.0000000000004549e-2
    2.0000000000004549e-2 2.0000000000004549e-2 2.0000000000004549e-2
    2.0000000000004549e-2 2.0000000000004549e-2 2.0000000000004549e-2
    2.0000000000004549e-2 2.0000000000004549e-2 2.0000000000004549e-2
    2.0000000000004549e-2 2.0000000000004549e-2 2.0376396711105561e-2
    2.0918897088853958e-2 2.1075170896811608e-2 2.1497154270084581e-2
    2.166628057175711e-2 2.1894330682720554e-2 2.1971792940329925e-2
    2.2140689187948488e-2 2.218750594971847e-2 2.2471369822382493e-2
    2.2569653357378573e-2 2.3066094111065829e-2 2.3296239366579905e-2
    2.331804419292868e-2 2.3325215965909453e-2 2.3338351639642995e-2
    2.3999999999999487e-2 2.4000000000000021e-2 2.4000000000000198e-2
    2.4000000000000909e-2 2.4034606866399435e-2 2.4121867024110542e-2
    2.4501473376997693e-2 2.4503279212933517e-2 2.4999999999636202e-2
    2.4999999999636202e-2 2.4999999999636202e-2 2.4999999999636202e-2
    2.4999999999636202e-2 2.4999999999636202e-2 2.4999999999636202e-2
    2.4999999999636202e-2 2.4999999999636202e-2 2.4999999999636202e-2
    2.4999999999636202e-2 2.4999999999636202e-2 2.4999999999636202e-2
    2.4999999999636202e-2 2.4999999999636202e-2 2.4999999999636202e-2
    2.4999999999636202e-2 2.4999999999636202e-2 2.4999999999636202e-2
    2.4999999999636202e-2 2.4999999999977263e-2 2.4999999999977263e-2
    2.4999999999977263e-2 2.4999999999977263e-2 2.4999999999977263e-2
    2.4999999999977263e-2 2.4999999999977263e-2 2.5000000000005684e-2
    2.5000000000034106e-2 2.5000000000090949e-2 2.5000000000090949e-2
    2.5000000000090949e-2 2.5000000000090949e-2 2.5000000000090949e-2
    2.5000000000090949e-2 2.5243854173848848e-2 2.5317699821755468e-2
    2.5362605290695228e-2 2.5395789152980797e-2 2.5401502081081162e-2
    2.5426464600059262e-2 2.5468156736607739e-2 2.5473740259258193e-2
    2.5493551694808048e-2 2.5496815057294953e-2 2.5502510723981686e-2
    2.5529347156592053e-2 2.553448562525773e-2 2.5536220742196747e-2
    2.5537617228792442e-2 2.5547112425450068e-2 2.5547120320879912e-2
    2.5548903286562563e-2 2.555340987873933e-2 2.5564716436875301e-2
    2.5565393351882904e-2 2.5570404141717518e-2 2.5571766765551729e-2
    2.5575657434899313e-2 2.5576573450194928e-2 2.5583783464014687e-2
    2.5584781884958829e-2 2.5589650503889061e-2 2.559311714139767e-2
    2.5593312839305327e-2 2.5594946677642838e-2 2.5598306280016914e-2
    2.5603721909192245e-2 2.560425679803302e-2 2.5612499446765469e-2
    2.5614676318355123e-2 2.5625929850775719e-2 2.5626772261830411e-2
    2.5631681401819151e-2 2.5639172568844515e-2 2.5643053693784168e-2
    2.5649867369395452e-2 2.5651011181253125e-2 2.5652484922716212e-2
    2.565353835757378e-2 2.5671105891433399e-2 2.5674005283725876e-2
    2.5677554773665179e-2 2.5678515439267358e-2 2.567888332430357e-2
    2.5700161793224652e-2 2.5708072786073899e-2 2.571415989336856e-2
    2.5719159461687013e-2 2.5722226864843378e-2 2.5728209905537369e-2
    2.5732008747695545e-2 2.5732226010177328e-2 2.5739607872139914e-2
    2.5745059196651709e-2 2.5747611845588381e-2 2.5751860804234639e-2
    2.5753068011454161e-2 2.5755586051445789e-2 2.5756271052159718e-2
    2.5758616433904535e-2 2.5772587392339119e-2 2.5773760528412737e-2
    2.5774281018925649e-2 2.5774921244988036e-2 2.5775801742156546e-2
    2.5775814182878776e-2 2.5780566098092095e-2 2.5780747108910873e-2
    2.5785932527469413e-2 2.5786447326026973e-2 2.5793628189603623e-2
    2.5799482124392689e-2 2.580912363259813e-2 2.581059797648777e-2
    2.5816507991748949e-2 2.5816583468042609e-2 2.5816766781417755e-2
    2.5819143296757829e-2 2.5823060627317318e-2 2.5823720314292586e-2
    2.5829411027416427e-2 2.5830218898363455e-2 2.5833976416693518e-2
    2.5837698085751981e-2 2.5840602095513532e-2 2.5841852844280311e-2
    2.5842203314937251e-2 2.5844762862902826e-2 2.5850733861261688e-2
    2.585445250997509e-2 2.585767717255294e-2 2.5858700000526369e-2
    2.5859053422436773e-2 2.5868250009693838e-2 2.5873949097103832e-2
    2.5875621455952569e-2 2.5877918315188708e-2 2.5878550841184733e-2
    2.5878710890196999e-2 2.5880105259489028e-2 2.5890363284133855e-2
    2.5897364553202351e-2 2.5898262081682333e-2 2.5898600585605891e-2
    2.5899970207092338e-2 2.5901574561657981e-2 2.5903356009450818e-2
    2.5905522876882969e-2 2.5905873195512186e-2 2.5907085610015201e-2
    2.5908080197950767e-2 2.5908637331667705e-2 2.591055861012137e-2
    2.5911045883049155e-2 2.5911308319599868e-2 2.5920479509295546e-2
    2.5922329865124993e-2 2.5923712384155806e-2 2.5923776324475512e-2
    2.5926154846729332e-2 2.592820906011184e-2 2.592859600497377e-2
    2.5931935429980513e-2 2.5937971178791486e-2 2.5938985130778747e-2
    2.5939988765003363e-2 2.5940539014300157e-2 2.5947615597942786e-2
    2.5948929255662279e-2 2.594920124829514e-2 2.595115737017295e-2
    2.5951574298403557e-2 2.5954585038675759e-2 2.5957014930725109e-2
    2.5958642017826605e-2 2.5960130638708279e-2 2.5965580589044635e-2
    2.5971751976157975e-2 2.5973252081257669e-2 2.5976918231492618e-2
    2.5977886224126223e-2 2.5982522289950793e-2 2.5983948686871372e-2
    2.5987646059888903e-2 2.5988803521840964e-2 2.598904266307045e-2
    2.5989605684941353e-2 2.5992356224335822e-2 2.599303678493925e-2
    2.5993624532432921e-2 2.5995820315642959e-2 2.5996624596928086e-2
    2.5997522393709005e-2 2.5999122663279195e-2 2.600096883870151e-2
    2.600674914128831e-2 2.6007189589108748e-2 2.6009433898479983e-2
    2.6018319335435081e-2 2.6018986176723047e-2 2.6019737529622944e-2
    2.6019973277698227e-2 2.6020745654420807e-2 2.6029851031950102e-2
    2.6032428657885021e-2 2.6033085555482727e-2 2.6034831413312531e-2
    2.6035565341317124e-2 2.6038248393973618e-2 2.6039739438715515e-2
    2.6040095141013353e-2 2.6045771825465636e-2 2.6047621961936329e-2
    2.6052891861809258e-2 2.6058586348199242e-2 2.6059501832946808e-2
    2.6064221725164316e-2 2.6070032607066196e-2 2.6074437224565372e-2
    2.607809135088246e-2 2.6078827281025951e-2 2.6079461942117632e-2
    2.6082001686745571e-2 2.6083484157226167e-2 2.609122745492698e-2
    2.6092506225154466e-2 2.6092884016634343e-2 2.6093665737107585e-2
    2.6096356366565487e-2 2.6101966134035592e-2 2.6103066016233356e-2
    2.6106963420261309e-2 2.6108827283565006e-2 2.6115838147092063e-2
    2.6119019040152125e-2 2.6121524026848419e-2 2.6133651857321638e-2
    2.6133723790053409e-2 2.6133918392815758e-2 2.6144490939032039e-2
    2.6152427355382868e-2 2.615618037089007e-2 2.6165188710422171e-2
    2.6180187741122095e-2 2.6182367466617507e-2 2.618532439316823e-2
    2.6193071895932007e-2 2.6195006040950375e-2 2.6200299874290067e-2
    2.6213083086190636e-2 2.6222856544791284e-2 2.6223187515029167e-2
    2.6223935501775486e-2 2.6225806114666739e-2 2.6230888072930725e-2
    2.6237145549657725e-2 2.6243502684110354e-2 2.6249850863564461e-2
    2.6283698074053063e-2 2.6297166459471555e-2 2.6312746340408921e-2
    2.6388112283484588e-2 2.6545014068544429e-2 2.6588821918864702e-2
    2.733702719380646e-2 2.7347331562446228e-2 2.7383634775096272e-2
    2.742049067710944e-2 2.7452257339647353e-2 2.76959664839617e-2
    2.8003082443210148e-2 2.8256867438882807e-2 2.8368211943533273e-2
    2.8479747276053409e-2 2.8699934398835204e-2 2.8859921589725803e-2
    2.8866534205692782e-2 2.8888832370252464e-2 2.9342372766832641e-2
    2.9640791680342355e-2 2.9821202110036749e-2 2.9841813028758258e-2
    2.9992735487506427e-2 3.011669263969452e-2 3.0120963800072786e-2
    3.0126752742944518e-2 3.0154322947282708e-2 3.0180669805758953e-2
    3.0210406555852387e-2 3.0282412189436059e-2 3.0337735112754734e-2
    3.0346550208378176e-2 3.0381714032955642e-2 3.0382762317788178e-2
    3.0388461557834034e-2 3.0391077076274087e-2 3.0408001357983602e-2
    3.0454296459083707e-2 3.0464791767712995e-2 3.0518738831384933e-2
    3.0522433085934608e-2 3.053666553387302e-2 3.0538256838857098e-2
    3.054171413577933e-2 3.0550031809525535e-2 3.0551571570185843e-2
    3.0566175782951177e-2 3.0566362000854497e-2 3.0587659696266201e-2
    3.0607955170125933e-2 3.0613089101620972e-2 3.0614252681819682e-2
    3.0614617414812528e-2 3.0623650450024797e-2 3.0627574648633527e-2
    3.0634353724508401e-2 3.063720473852527e-2 3.0638364768947213e-2
    3.0640711815067334e-2 3.0641347399068763e-2 3.0642072545788324e-2
    3.0653049114031699e-2 3.0658875506333061e-2 3.0659580629617267e-2
    3.0659895648796009e-2 3.0661244667347393e-2 3.0663215844015212e-2
    3.0668790599823598e-2 3.0679440462108687e-2 3.0686084289300197e-2
    3.0691867843870568e-2 3.0692963557612529e-2 3.0696061368871597e-2
    3.0696134349454951e-2 3.0698504991278242e-2 3.0699219616508344e-2
    3.0700371581133368e-2 3.0703161968631321e-2 3.0703337949944398e-2
    3.0704563483595848e-2 3.0708894793254633e-2 3.0710069604348671e-2
    3.0713491904862167e-2 3.0714307498556082e-2 3.0720923130900246e-2
    3.0723402918738429e-2 3.0730707459042605e-2 3.0731669047478743e-2
    3.073441799625698e-2 3.0745563725474767e-2 3.0752139753531083e-2
    3.0753260744556126e-2 3.0754790042616758e-2 3.075532124300177e-2
    3.0760073097250522e-2 3.0760299477719855e-2 3.0763694184505159e-2
    3.0764647990963567e-2 3.0765102773898434e-2 3.0772634320442194e-2
    3.0773519772992586e-2 3.0777381089640021e-2 3.0779074614656565e-2
    3.0779629966673383e-2 3.077980288389881e-2 3.07891596258969e-2
    3.0789969601300982e-2 3.0798333274105971e-2 3.0800408193044859e-2
    3.080973704390999e-2 3.0811592102054419e-2 3.0820113952662116e-2
    3.0820993936231389e-2 3.0822613112434283e-2 3.0823338874029105e-2
    3.0828396141259873e-2 3.0830324899852712e-2 3.0831451548692712e-2
    3.0836405727541205e-2 3.0836427122267196e-2 3.0838114633297664e-2
    3.0839047493202543e-2 3.0840319176832054e-2 3.0843742491697412e-2
    3.0844731217257504e-2 3.0845033479636186e-2 3.0845742376186536e-2
    3.0848533648850207e-2 3.0849702195951068e-2 3.0853215198021644e-2
    3.0854025045300659e-2 3.0858093577990076e-2 3.0869316729877028e-2
    3.0871394522563378e-2 3.0881652348095184e-2 3.0885911312755827e-2
    3.0886911214338397e-2 3.0893714211060797e-2 3.089375407512307e-2
    3.089436788584328e-2 3.0894575276647629e-2 3.0896466146714374e-2
    3.0898818496401265e-2 3.0900288701332101e-2 3.0901969002873859e-2
    3.0904238024390907e-2 3.0904456924872648e-2 3.0906475541087275e-2
    3.0908625386928179e-2 3.0908916519062284e-2 3.0911500759430055e-2
    3.0912671749248943e-2 3.0913219373360334e-2 3.0923099970853702e-2
    3.0923673447887268e-2 3.0924529192525085e-2 3.0926519570016353e-2
    3.0927055101756196e-2 3.0934810675944391e-2 3.0937489854522937e-2
    3.0938427948058234e-2 3.0939847271838516e-2 3.0940256567873803e-2
    3.0940260843408396e-2 3.0941094532806801e-2 3.0943829580185895e-2
    3.094517804221179e-2 3.0947837134362999e-2 3.0951203996210097e-2
    3.095362559406567e-2 3.0955956458683431e-2 3.095723504149343e-2
    3.0959494712230178e-2 3.0959793462898233e-2 3.0961524500412452e-2
    3.0962851162996685e-2 3.0962857744611938e-2 3.0963306486910369e-2
    3.096346469828859e-2 3.096401142988725e-2 3.0969534888754424e-2
    3.0969905571168965e-2 3.0974886277704172e-2 3.0978360547521788e-2
    3.0978381676050049e-2 3.0980402151120263e-2 3.0981252983565355e-2
    3.0984491170784167e-2 3.0986767523472736e-2 3.0987691199385381e-2
    3.0990460200442271e-2 3.0991137029407884e-2 3.0995335720035655e-2
    3.0995875910321047e-2 3.0997874997107527e-2 3.1009709306999866e-2
    3.1010367499447966e-2 3.1015204323769769e-2 3.1015418879405843e-2
    3.101543853063049e-2 3.1019668615651124e-2 3.102560037314106e-2
    3.1029353471240029e-2 3.1030357156851096e-2 3.1036460245407699e-2
    3.1046543524780645e-2 3.1048830226836799e-2 3.1049007146066288e-2
    3.1051325634734894e-2 3.1054344655331079e-2 3.1062399405982433e-2
    3.1066277170339163e-2 3.1066763927810825e-2 3.1071314384917059e-2
    3.1071703404753254e-2 3.1072499097717809e-2 3.1075871811784356e-2
    3.1076344325811078e-2 3.1077331912683803e-2 3.1078166497593429e-2
    3.1078711339205256e-2 3.1080551004492918e-2 3.1087502320616522e-2
    3.1088207407568309e-2 3.1093818865656431e-2 3.1098836902970106e-2
    3.1102292982097879e-2 3.110562618962831e-2 3.1107907714613248e-2
    3.1109588585650272e-2 3.1110214898887989e-2 3.1114967299799901e-2
    3.1117485822051094e-2 3.1127811380429193e-2 3.1132163984239014e-2
    3.1134132756657589e-2 3.1136035207964596e-2 3.1137473074977606e-2
    3.1138001465990328e-2 3.1140489025091256e-2 3.114435231555035e-2
    3.1146637711572112e-2 3.1152631886925519e-2 3.1157853966078619e-2
    3.1158869611090267e-2 3.1167799788136108e-2 3.1170285764346772e-2
    3.1171418836493103e-2 3.1172681363727861e-2 3.1174838995866594e-2
    3.1178140887845984e-2 3.1184845024654351e-2 3.1187476312652507e-2
    3.1187924208779805e-2 3.1192058768283459e-2 3.1195604584439707e-2
    3.1200288277887012e-2 3.1203336031239814e-2 3.1207231770466137e-2
    3.1208772276215768e-2 3.1215693164085678e-2 3.1217576419635407e-2
    3.1221189721994353e-2 3.1221351075146231e-2 3.1226025006162672e-2
    3.1232924774570847e-2 3.1232963644129086e-2 3.123860284267721e-2
    3.1242978452496573e-2 3.1244972849890473e-2 3.1245337837219722e-2
    3.1248378620292765e-2 3.124977924153427e-2 3.125358569650416e-2
    3.1255858698386874e-2 3.1256980942771406e-2 3.1262994220924156e-2
    3.126443369910703e-2 3.1269211888324357e-2 3.1271172410924919e-2
    3.1273347851462553e-2 3.1277331235060046e-2 3.1281126694011618e-2
    3.1288112275888125e-2 3.1291631975591372e-2 3.1292567512366531e-2
    3.1294376530240697e-2 3.1294644138597505e-2 3.1300094673269996e-2
    3.1300597359971177e-2 3.1301064655167465e-2 3.1306224333585909e-2
    3.1322096327130566e-2 3.1324384991876286e-2 3.1325958591878589e-2
    3.1326170608584412e-2 3.133577987409808e-2 3.1348189473646926e-2
    3.1348924595135941e-2 3.1349181096326596e-2 3.1363815417535079e-2
    3.1365534154247143e-2 3.1371397552902636e-2 3.1373505413284875e-2
    3.1375976729123067e-2 3.137723490848051e-2 3.1400475912050752e-2
    3.1414843718494012e-2 3.1432460383863749e-2 3.1433051708518178e-2
    3.144261414763605e-2 3.1455819605980651e-2 3.1459026681659452e-2
    3.1464225501622423e-2 3.1484802738305007e-2 3.150320408273425e-2
    3.1521899603415414e-2 3.1527278720204777e-2 3.1528754120093559e-2
    3.1538737571281672e-2 3.1543964005322778e-2 3.1544634736746957e-2
    3.1557176929936759e-2 3.1578723691382038e-2 3.1584505882904068e-2
    3.1628734666810487e-2 3.1658447484005592e-2 3.1665262315982545e-2
    3.1678152371569013e-2 3.1772756134730289e-2 3.1787289267754204e-2
    3.1809534685862673e-2 3.2147831588213348e-2 3.2320611402864331e-2
    3.2407366644881273e-2 3.2626355160536566e-2 3.2740779898620356e-2
    3.2980403484763998e-2 3.2984540841022876e-2 3.3004449917370948e-2
    3.3052220555312171e-2 3.3077226282473837e-2 3.3265314341779234e-2
    3.3352956176165516e-2 3.3605201596984303e-2 3.3871855591849874e-2
    3.3888632963983888e-2 3.3896035860013371e-2 3.3911986001688398e-2
    3.3924160247332059e-2 3.4012130238958584e-2 3.4028859431032288e-2
    3.4044527822440308e-2 3.4082052108336335e-2 3.4082500921916413e-2
    3.4086255758211337e-2 3.4090489478937037e-2 3.4099432953553332e-2
    3.4109128293493995e-2 3.4113658845550766e-2 3.4114386199613968e-2
    3.4115537938002184e-2 3.4122791972246581e-2 3.4141021025334339e-2
    3.4145079816390103e-2 3.41518532744279e-2 3.416114044496036e-2
    3.4172958881024819e-2 3.4175768098066328e-2 3.4176880522484986e-2
    3.4182368187733424e-2 3.4186219087246172e-2 3.4188421137817691e-2
    3.4192214389804576e-2 3.4193689200189205e-2 3.4199698937148547e-2
    3.4205676619270285e-2 3.4211963073024286e-2 3.4233779722095882e-2
    3.4239129020534165e-2 3.4275321100570487e-2 3.428561200287087e-2
    3.4287646102114877e-2 3.428830672373806e-2 3.42948230162771e-2
    3.430460435204926e-2 3.4323429137598636e-2 3.432417960220846e-2
    3.4337325113123519e-2 3.4357847690822986e-2 3.4358316054825387e-2
    3.4364272465457667e-2 3.4373691444140299e-2 3.4374576472886144e-2
    3.4376717932597479e-2 3.4376963682385998e-2 3.4377600676634756e-2
    3.4388845647754351e-2 3.438960300066659e-2 3.439867308520661e-2
    3.4418709699290652e-2 3.4422207077113853e-2 3.4431372354295796e-2
    3.4432253578870586e-2 3.445453313434229e-2 3.4461787162626933e-2
    3.4475676707359071e-2 3.4476514973145335e-2 3.449822359038867e-2
    3.4517592789597984e-2 3.4526702597001226e-2 3.4527626568130167e-2
    3.453090668722452e-2 3.4543472546526267e-2 3.4605191997817052e-2
    3.4640718304823771e-2 3.4756798371471637e-2 3.4762567204586502e-2
    3.4894587648118473e-2 3.522752688700561e-2 3.5256304854720436e-2
    3.5576041224336261e-2 3.5702846531171416e-2 3.577263017568412e-2
    3.5971043081140172e-2 3.6007720619914002e-2 3.6075324909406077e-2
    3.6297265454178988e-2 3.6344347011751148e-2 3.6578224983117226e-2
    3.6595848752864792e-2 3.6605004932401652e-2 3.6663632218934393e-2
    3.6951168563112001e-2 3.6980279071846374e-2 3.7062899954297075e-2
    3.7073914730404778e-2 3.7372570786285933e-2 3.7401827664226214e-2
    3.7540056286090966e-2 3.7545876691019858e-2 3.7583688878007844e-2
    3.7657983738245575e-2 3.7701644272781699e-2 3.7843891717515094e-2
    3.7914185010800266e-2 3.79503007800868e-2 3.8115003102575429e-2
    3.8179589230139754e-2 3.8239053701220528e-2 3.8289996411353618e-2
    3.8306758285330034e-2 3.8331114769610916e-2 3.8381319964039852e-2
    3.8381418075273573e-2 3.8432746895970579e-2 3.8448167400474631e-2
    3.8489127377370855e-2 3.8541014383089565e-2 3.8543980305749119e-2
    3.8614847980852574e-2 3.8719341868394014e-2 3.8812049636082799e-2
    3.887086769573473e-2 3.8890638176262753e-2 3.8990745175480596e-2
    3.9002650535151721e-2 3.9113338006077879e-2 3.9114992850621394e-2
    3.9160422852310625e-2 3.9385332748392461e-2 3.9478075764139121e-2
    3.9648016442264462e-2 3.9725332591168117e-2 4.0019122707715911e-2
    4.0147311311176687e-2 4.0211682719923279e-2 4.023875573004667e-2
    4.0359836505864111e-2 4.049380688034359e-2 4.0520737216915417e-2
    4.11076741541948e-2 4.1112828276707376e-2 4.121277223717041e-2
    4.1465356997259457e-2 4.1474124624119792e-2 4.1685825140141276e-2
    4.1795874796860824e-2 4.1885260923238417e-2 4.1953982002900778e-2
    4.2039287386753582e-2 4.2073952464235204e-2 4.2095590508565602e-2
    4.2180455573556278e-2 4.2313172410717928e-2 4.2436224592749032e-2
    4.2488347223085539e-2 4.252775614529164e-2 4.2637811434096132e-2
    4.2699304283074772e-2 4.2732830677192454e-2 4.2763925439208601e-2
    4.278762680509627e-2 4.3039620934220486e-2 4.3116091576139021e-2
    4.3169915933041314e-2 4.3210646134876796e-2 4.3261742087184529e-2
    4.3313520444931163e-2 4.3315517590848514e-2 4.3321322047489223e-2
    4.3536956954466334e-2 4.3688929313601771e-2 4.3778607564136818e-2
    4.3883159256378798e-2 4.3908592664558564e-2 4.3965637618395989e-2
    4.4479164071734592e-2 4.4734002737641276e-2 4.4735139452721388e-2
    4.4780029380888209e-2 4.4839663170443966e-2 4.4873521350751844e-2
    4.5054047786662811e-2 4.5150943912631192e-2 4.5237471616898998e-2
    4.5644673046317329e-2 4.5761658091578283e-2 4.588066377488479e-2
    4.5929739386168268e-2 4.6047846182627306e-2 4.6087640490865715e-2
    4.6098894318992133e-2 4.6408397538659205e-2 4.6411498981689288e-2
    4.6623486347068269e-2 4.6672167478835125e-2 4.66765014475303e-2
    4.6777308701554672e-2 4.6963209531563486e-2 4.7078949070166576e-2
    4.7109522908299777e-2 4.714914270233031e-2 4.7306884564538791e-2
    4.739931378158109e-2 4.7536949001293273e-2 4.7645761652774482e-2
    4.7797313232644002e-2 4.8013352657230474e-2 4.805273604423993e-2
    4.8069857719769279e-2 4.8111344719181943e-2 4.8111746200959857e-2
    4.8300295827685635e-2 4.8514732730295967e-2 4.8565982564089914e-2
    4.8736361138633499e-2 4.8744535214927526e-2 4.8769779803447967e-2
    4.8836359761549666e-2 4.8900176163107975e-2 4.8931680482743857e-2
    4.8978221759939107e-2 4.9009590927016046e-2 4.9033689404801038e-2
    4.9120872844982191e-2 4.946207634129747e-2 4.9495450373562504e-2
    4.956694841170247e-2 4.9590420074436939e-2 4.9599863845315603e-2
    4.9737485557524913e-2 4.9752927588012669e-2 4.9852819981023054e-2
    4.9968202856020209e-2 5.0036084712804227e-2 5.0063719848259053e-2
    5.0089511744970124e-2 5.0103847436494778e-2 5.0166582002252096e-2
    5.0317516615450586e-2 5.0329804769310885e-2 5.0344296488447071e-2
    5.038526248472408e-2 5.0403780511260265e-2 5.0428182547193501e-2
    5.0435598166225594e-2 5.04528792612291e-2 5.0453015286393565e-2
    5.0463174956803414e-2 5.0468275589992118e-2 5.0470367615616851e-2
    5.0497070501307917e-2 5.051068994760044e-2 5.0529885110790929e-2
    5.0536083579913793e-2 5.0564372893404652e-2 5.0570076504300232e-2
    5.0570240640809061e-2 5.0578872521782614e-2 5.0578880052626118e-2
    5.0588425139039828e-2 5.0597154406204936e-2 5.0604055517851521e-2
    5.0607294589414216e-2 5.0626390712750435e-2 5.0636294297873974e-2
    5.0643420125624061e-2 5.0644766405184782e-2 5.0646358453263929e-2
    5.0648929995531944e-2 5.066355176398929e-2 5.0663606396938121e-2
    5.0667306842001381e-2 5.0670374210767477e-2 5.0696019638053258e-2
    5.0697118369195472e-2 5.069813034742765e-2 5.0698133140485879e-2
    5.0700153115940338e-2 5.0701617971753876e-2 5.0709313271454448e-2
    5.0713111524828491e-2 5.0713114562919749e-2 5.0717348216608116e-2
    5.0719822817579065e-2 5.0728090001939563e-2 5.0743929100690366e-2
    5.0746379872634861e-2 5.0746756920943881e-2 5.0748183275724536e-2
    5.0749931998780085e-2 5.0751000371747068e-2 5.0752774106967991e-2
    5.0754318937833887e-2 5.0756253309828026e-2 5.0764998327849753e-2
    5.0766215127661475e-2 5.0770405532375662e-2 5.0771184765380895e-2
    5.0773163116616615e-2 5.0773301074968913e-2 5.0775139439338091e-2
    5.0777917404104755e-2 5.0779675203330044e-2 5.0780426735855144e-2
    5.0781427678733358e-2 5.0789097969769159e-2 5.0791504635981255e-2
    5.0792887627721939e-2 5.0795029862456431e-2 5.0797227941605648e-2
    5.0802511998654154e-2 5.0805382428734447e-2 5.0806404030254271e-2
    5.08065566033747e-2 5.0811747613693115e-2 5.0815791287125954e-2
    5.0816256454936592e-2 5.0816308002140431e-2 5.0816409877976788e-2
    5.0817518041791722e-2 5.0817551536292596e-2 5.0820531832869165e-2
    5.0822427603179676e-2 5.0823014297520785e-2 5.0827952184363312e-2
    5.0828902680829437e-2 5.0830297582592721e-2 5.0830622187504559e-2
    5.0835669381200432e-2 5.0837696424120317e-2 5.0842210168411839e-2
    5.0852243425500397e-2 5.0856830035627354e-2 5.085704906762345e-2
    5.0857055087969151e-2 5.0858113632102686e-2 5.0860052015319852e-2
    5.0861368362916437e-2 5.0862395421063411e-2 5.0864329412775078e-2
    5.0865458752696213e-2 5.0868049550899741e-2 5.0868252465988917e-2
    5.0870704885710438e-2 5.0871797659169715e-2 5.0872422205088697e-2
    5.0876142483957665e-2 5.0876450590692457e-2 5.0877716931305862e-2
    5.0879444548797892e-2 5.0883017873729841e-2 5.0883756279330158e-2
    5.0885347175608331e-2 5.0888514377106731e-2 5.0891084622890048e-2
    5.0893947031947086e-2 5.0893980117564297e-2 5.0894412105208175e-2
    5.0895251324921752e-2 5.0898078598834218e-2 5.0899341832064238e-2
    5.0899487098831742e-2 5.0899799189892292e-2 5.0903333439805465e-2
    5.0904118989251401e-2 5.0904174658626289e-2 5.0911256820654671e-2
    5.0911474959548286e-2 5.0912927313447653e-2 5.0913890608626389e-2
    5.0914588907289726e-2 5.091738468127005e-2 5.0920221586238767e-2
    5.0922457191973081e-2 5.0922699187594844e-2 5.0923515202157432e-2
    5.0925493943135038e-2 5.0926541889111832e-2 5.0929518422435649e-2
    5.0930287491610216e-2 5.0933542702978229e-2 5.0933861601295954e-2
    5.0940445730020656e-2 5.0941501972677848e-2 5.0941963845616556e-2
    5.0946026942028766e-2 5.0949129781884039e-2 5.0949133815549885e-2
    5.0949147932669803e-2 5.0949780378687137e-2 5.0950419599757879e-2
    5.0953920806250608e-2 5.0954511294548865e-2 5.0954635158007022e-2
    5.0960773746282939e-2 5.0963197236039072e-2 5.0965640306155059e-2
    5.09659774602369e-2 5.0966749954113766e-2 5.0967926886755777e-2
    5.0969187060672994e-2 5.0970621279248007e-2 5.097175266200793e-2
    5.0973490819615108e-2 5.0974020486137306e-2 5.097707369031923e-2
    5.0979872388438707e-2 5.0980053597716811e-2 5.0981665772724227e-2
    5.098727573385986e-2 5.0989272795163743e-2 5.0990836321943789e-2
    5.0991512760750389e-2 5.0993250420106051e-2 5.0997895930777304e-2
    5.100108658643876e-2 5.1003534789288096e-2 5.1007234545068059e-2
    5.1010042974363991e-2 5.1017668202803179e-2 5.1018890544128226e-2
    5.1020756465334216e-2 5.1021702226080379e-2 5.1022474900491943e-2
    5.1028209958076332e-2 5.1029406578891212e-2 5.1032230466262263e-2
    5.1041580039054679e-2 5.1041663317846542e-2 5.1041720876469299e-2
    5.1041914333836758e-2 5.1042239614616847e-2 5.1044259928858082e-2
    5.1045420767877658e-2 5.104628657863941e-2 5.1046735494082895e-2
    5.1046907464296964e-2 5.1048186718162469e-2 5.1048542715648182e-2
    5.105050041947834e-2 5.1052134533392746e-2 5.1052919956873666e-2
    5.1054400576049375e-2 5.1054716228918551e-2 5.1055810017714975e-2
    5.1059225420374332e-2 5.1060191729675353e-2 5.106187666376627e-2
    5.106361735442988e-2 5.1064818031477444e-2 5.106513550245495e-2
    5.1066644732600253e-2 5.1066668955778972e-2 5.1068116594535695e-2
    5.1068797525355571e-2 5.1073971217192593e-2 5.1077947133308044e-2
    5.1081934814192209e-2 5.1083957908758748e-2 5.1089146439252886e-2
    5.1089279039791664e-2 5.1089690539811272e-2 5.1093002974994306e-2
    5.1094234424908791e-2 5.109534302027896e-2 5.1100182502977987e-2
    5.1101691389703774e-2 5.1107352727740363e-2 5.1107621382016077e-2
    5.1109573666735741e-2 5.1112865917048111e-2 5.1113597887706419e-2
    5.1117240953772125e-2 5.1117703334739417e-2 5.1118262346562915e-2
    5.1120291971301413e-2 5.1122083825930531e-2 5.1123827021001489e-2
    5.1128590282360165e-2 5.1128869972671964e-2 5.1129290782531221e-2
    5.113225670720567e-2 5.1133656720291278e-2 5.1135641851033142e-2
    5.1137193665454106e-2 5.1142195583148954e-2 5.1152499953673214e-2
    5.1153302823209401e-2 5.1154618599639434e-2 5.1155973564277701e-2
    5.1158145573765523e-2 5.1162231103262457e-2 5.1163853613616084e-2
    5.1165920519196106e-2 5.1167359403279988e-2 5.1173772782931337e-2
    5.1173845470657398e-2 5.1174918144852199e-2 5.1175328378803897e-2
    5.1175659902355619e-2 5.1175716748730338e-2 5.1176512232814275e-2
    5.1178227070522553e-2 5.1182383483137528e-2 5.1182776213408943e-2
    5.1182925426815018e-2 5.1183042144884894e-2 5.1183043369746883e-2
    5.1183236180198342e-2 5.1187730463425396e-2 5.1192369134241744e-2
    5.1194390925729749e-2 5.1194589789020029e-2 5.1208541034592749e-2
    5.1208962611411835e-2 5.1209378647882886e-2 5.1213829279731726e-2
    5.1214522764212234e-2 5.1214936646829301e-2 5.1215869125144309e-2
    5.1216982896107766e-2 5.1219916532318166e-2 5.1220117366317673e-2
    5.1220791628566076e-2 5.1229491346703071e-2 5.1234595254840087e-2
    5.1239301017176331e-2 5.1242187701063813e-2 5.1248915971427778e-2
    5.1249646373435098e-2 5.1249656348090866e-2 5.125026013729439e-2
    5.125132430521262e-2 5.1257541833365394e-2 5.1257780516152707e-2
    5.1262405215084073e-2 5.126728435914174e-2 5.1275395202310392e-2
    5.127607500708109e-2 5.1278025700867147e-2 5.1280192643730516e-2
    5.1280209605465643e-2 5.1280629866823801e-2 5.1282683053614164e-2
    5.1286095153500355e-2 5.1288568964537262e-2 5.1294531537678267e-2
    5.1296547161352159e-2 5.1300578144946485e-2 5.1303833532983845e-2
    5.1305821684991315e-2 5.1307135837760143e-2 5.1314601478566146e-2
    5.1314843889940676e-2 5.1316448754732846e-2 5.1319616575719922e-2
    5.1323048969152296e-2 5.1323890692870577e-2 5.132466012992154e-2
    5.1327163659962247e-2 5.1333506952460084e-2 5.1335209876469889e-2
    5.1335894567273499e-2 5.1339769174077787e-2 5.1340663380983642e-2
    5.1343998513857514e-2 5.1347161910143768e-2 5.1347286687814631e-2
    5.134891119769236e-2 5.1349919322187056e-2 5.1356727275788217e-2
    5.1356731676378331e-2 5.1360354992539214e-2 5.1362064086333703e-2
    5.1365297397296672e-2 5.136847385801957e-2 5.1369317335229425e-2
    5.1369359291887427e-2 5.1379583213528923e-2 5.1382721643070305e-2
    5.1385147937708098e-2 5.1385888302320382e-2 5.1387894255640276e-2
    5.1388379810987317e-2 5.1389089764555251e-2 5.1396027377563769e-2
    5.1401288330907846e-2 5.1402409403635829e-2 5.1404975536115671e-2
    5.1405580596110667e-2 5.1407176059683479e-2 5.14077163136335e-2
    5.1409372978127976e-2 5.1412242510650685e-2 5.1416410824344894e-2
    5.1416837513329483e-2 5.1424358327494701e-2 5.1440675668345648e-2
    5.1443591997937688e-2 5.1451439230845608e-2 5.1453532320977047e-2
    5.1462042159641896e-2 5.1473043349687941e-2 5.1477017968636574e-2
    5.1479757639185664e-2 5.1481532250136297e-2 5.148375682173878e-2
    5.1486598689052698e-2 5.1486977194682287e-2 5.1490227753902218e-2
    5.149140218957346e-2 5.1497672735649758e-2 5.1498440053592276e-2
    5.1506563828676612e-2 5.1511443577737737e-2 5.1513682679228623e-2
    5.1516103142603242e-2 5.1533269002655646e-2 5.1548314589410893e-2
    5.1562679578012194e-2 5.1563875771080347e-2 5.1571345107049638e-2
    5.1581786766064397e-2 5.1589377117124968e-2 5.159850977955216e-2
    5.1613822170338608e-2 5.1620227440935196e-2 5.162956639605909e-2
    5.1634273219860916e-2 5.1637967102124094e-2 5.1642945764115211e-2
    5.1644338422647706e-2 5.1645560464521623e-2 5.1646710225668357e-2
    5.1655525197413718e-2 5.1667435231479431e-2 5.168895860037992e-2
    5.1700909479905022e-2 5.1702656304314587e-2 5.1712563594139137e-2
    5.1725363690820814e-2 5.173720562197559e-2 5.1763206120583501e-2
    5.1777631077243313e-2 5.1792426089946275e-2 5.179656017880916e-2
    5.1838103115443346e-2 5.1839403492200849e-2 5.1840294323937997e-2
    5.1923225396194539e-2 5.1926189810486294e-2 5.1945708030443634e-2
    5.2018088853751428e-2 5.2019471930616172e-2 5.2079573490219778e-2
    5.2087929996162075e-2 5.2129609707667106e-2 5.2216243596505223e-2
    5.2271152241828107e-2 5.227452471733085e-2 5.2362944704654156e-2
    5.2436694287057939e-2 5.244233194689514e-2 5.2543068124606185e-2
    5.2561197713259344e-2 5.2607771404544305e-2 5.2699084745385337e-2
    5.2703709949145153e-2 5.2724817182363187e-2 5.2726921423478512e-2
    5.2819748350932949e-2 5.2882343162975326e-2 5.297188335583617e-2
    5.3018712829425663e-2 5.3026194831038362e-2 5.3093702714990247e-2
    5.3179184137621523e-2 5.3179933504030656e-2 5.324726272898548e-2
    5.3281114385275143e-2 5.3302139117417609e-2 5.3406595892153443e-2
    5.3521777412633698e-2 5.3621607215307551e-2 5.3756501448162256e-2
    5.3767726308709629e-2 5.3777766762372052e-2 5.3813592464203981e-2
    5.3841836558540607e-2 5.3907689735470658e-2 5.3962353659331018e-2
    5.399878861413638e-2 5.4018521719140983e-2 5.4044112679365972e-2
    5.4355424942542203e-2 5.4423701152451133e-2 5.4495397823726158e-2
    5.4510295756582505e-2 5.4591702701621614e-2 5.4613051250644924e-2
    5.4680081848063479e-2 5.4744181810248496e-2 5.482293254941871e-2
    5.5040630086460089e-2 5.5204935713362602e-2 5.5220004289194116e-2
    5.5229490659440453e-2 5.5235279861097587e-2 5.5300971729753456e-2
    5.5341411539533862e-2 5.5552520828116757e-2 5.5558722270365193e-2
    5.5562753353245044e-2 5.5596992920997297e-2 5.5651870185780383e-2
    5.5754059278427574e-2 5.5768165944161355e-2 5.5816322832660963e-2
    5.5904835193290335e-2 5.5986795991125715e-2 5.6012388042587673e-2
    5.6226974505482925e-2 5.6429394417811654e-2 5.6475092685354424e-2
    5.6539714400452482e-2 5.6597333946714797e-2 5.6636254555198086e-2
    5.6671582531017367e-2 5.6838560242026104e-2 5.6966305278513117e-2
    5.7204794274349387e-2 5.7217286664505686e-2 5.726402583808686e-2
    5.7416221773541318e-2 5.7502956063675933e-2 5.7526727682197819e-2
    5.7529494430391716e-2 5.7834104132413605e-2 5.8009249842455091e-2
    5.8050718942903083e-2 5.8090033934053223e-2 5.8190287879162257e-2
    5.8215785234414869e-2 5.8252313203307121e-2 5.8320754926719877e-2
    5.8402778121458609e-2 5.8489987205418051e-2 5.8745157893865863e-2
    5.8836300955618002e-2 5.8902889894237094e-2 5.8990817318288334e-2
    5.9126532913356039e-2 5.9294318022452844e-2 5.9322680950340038e-2
    5.9391194504513849e-2 5.9430247490748558e-2 5.9608242445364973e-2
    5.9767445796879932e-2 5.9808256134579095e-2 5.9834102032179239e-2
    5.993867698336796e-2 6.0082184709117255e-2 6.0090262029183591e-2
    6.0178091467840665e-2 6.0196348415684733e-2 6.0432023442226888e-2
    6.0438780570557071e-2 6.049317340207231e-2 6.0574381003992109e-2
    6.0579739398417584e-2 6.0581780489177076e-2 6.0926945389570282e-2
    6.0999863260662694e-2 6.1025976658094651e-2 6.134640405398311e-2
    6.1425160728659403e-2 6.1438879370105157e-2 6.1649451901175781e-2
    6.1656705156970436e-2 6.1929790752502517e-2 6.208757341265124e-2
    6.2095901598039155e-2 6.2100465532956568e-2 6.2112996703049816e-2
    6.2418045499304298e-2 6.251411500059996e-2 6.2668249440076693e-2
    6.2723864784705555e-2 6.2894399134061127e-2 6.2960540609904123e-2
    6.3003249585219093e-2 6.3224884427582562e-2 6.3227260224598195e-2
    6.3236457847714964e-2 6.3421092674605231e-2 6.3427657940820836e-2
    6.3444415058873063e-2 6.3498169918443231e-2 6.3532405518690604e-2
    6.3599051817177635e-2 6.391708032676563e-2 6.3975392873593079e-2
    6.4013944797641831e-2 6.4090602223318777e-2 6.4461713121070796e-2
    6.4462236096028677e-2 6.4500023201274903e-2 6.4609186196114679e-2
    6.4672436194543631e-2 6.468241001957524e-2 6.4719866753808877e-2
    6.4727665392014563e-2 6.4942013751062344e-2 6.5182720612571646e-2
    6.5211237802952127e-2 6.5295210890872118e-2 6.5387191610159767e-2
    6.5691865650556125e-2 6.586301380657289e-2 6.5865374922928252e-2
    6.5962215113479633e-2 6.6129395127658488e-2 6.6324499695246078e-2
    6.64694058822001e-2 6.6864240416792106e-2 6.6915064747857619e-2
    6.6938826898465906e-2 6.6966262726165612e-2 6.7040461631003828e-2
    6.7118595851506119e-2 6.7126087186859598e-2 6.7263399957492545e-2
    6.7758070569028911e-2 6.7777471623777244e-2 6.7830689016337445e-2
    6.8004109058295265e-2 6.8011198982183108e-2 6.8113092764919947e-2
    6.8145304197599232e-2 6.8477982895446196e-2 6.8815516161681675e-2
    6.8905341676959608e-2 6.9367533485029845e-2 6.9553908103638859e-2
    6.9690087531295422e-2 6.9735375335339148e-2 7.0399978017054735e-2
    7.062706523790821e-2 7.1077568428293339e-2 7.1317577089048234e-2
    7.1382402931385508e-2 7.1464464407905617e-2 7.1694195716419953e-2
    7.1707773445807643e-2 7.1835597725149372e-2 7.1888244554820846e-2
    7.1902243507520322e-2 7.1935396039359986e-2 7.2095078793776871e-2
    7.2254032903437071e-2 7.238213458049271e-2 7.2444478677261073e-2
    7.2550182872803029e-2 7.2761869030146642e-2 7.3247355974173131e-2
    7.3421733130666453e-2 7.3509614069709614e-2 7.3551474412852258e-2
    7.3738406108004542e-2 7.3741107814575477e-2 7.4171561302389305e-2
    7.4847538231714611e-2 7.4892803707406488e-2 7.4918393229456773e-2
    7.5108333253669196e-2 7.5282997878420133e-2 7.5302093978032586e-2
    7.5377388191540259e-2 7.6021926389134978e-2 7.6574517937783443e-2
    7.6672367869205671e-2 7.6701283053372454e-2 7.6723872711152608e-2
    7.7719182244958371e-2 7.8409292104879569e-2 7.8409821034256311e-2
    7.8689960499057257e-2 7.885521473534049e-2 7.8870509806835409e-2
    7.9826482996657094e-2 8.0075571478155694e-2 8.0180775927833861e-2
    8.0657530983575795e-2 8.0933878771880005e-2 8.1721258041255559e-2
    8.1754505253469584e-2 8.1865254785245936e-2 8.2263322716023768e-2
    8.2384820937396144e-2 8.2397716142328187e-2 8.2854296389986426e-2
    8.328301926984176e-2 8.355248716756622e-2 8.3656982041881892e-2
    8.4121402861837266e-2 8.4246897228388212e-2 8.4464124243799357e-2
    8.4511411313117249e-2 8.4959182415754148e-2 8.581892667529506e-2
    8.6089019091805358e-2 8.6316238981837309e-2 8.6666802613596883e-2
    8.7081058820929591e-2 8.7118017926432409e-2 8.8113194810276407e-2
    8.8510895983651527e-2 8.8689050487204754e-2 8.9106740626179584e-2
    8.9218656777095506e-2 8.9297958280921255e-2 8.993055003857707e-2
    9.0078454540127792e-2 9.0629855911764881e-2 9.0754708459855699e-2
    9.0825502022406232e-2 9.1544596437731551e-2 9.2315311067723088e-2
    9.252653575643037e-2 9.2568048228438213e-2 9.2826016246599849e-2
    9.3125548316236192e-2 9.3157463748900257e-2 9.3362642768368143e-2
    9.38809646543632e-2 9.4577347240419093e-2 9.498249809447494e-2
    9.5469128976812298e-2 9.6225196575481023e-2 9.6431938214277577e-2
    9.6717737018959971e-2 9.6839520306294211e-2 9.7229140730860308e-2
    9.9845564946491161e-2 1.0019541920312477e-1 1.0132068551211736e-1
    1.0138154468981971e-1 1.0147998458872583e-1 1.0230982046197178e-1
    1.0301638124211665e-1 1.0323727911207309e-1 1.0365808441405569e-1
    1.0384500987978147e-1 1.0393769986051941e-1 1.0401812099277938e-1
    1.0509644898259371e-1 1.0532331588139003e-1 1.0671057329703547e-1
    1.0774210762296871e-1 1.0879737757287825e-1 1.0930101428262635e-1
    1.1233382842975213e-1 1.1253533540324497e-1 1.1423025425461379e-1
    1.1474175216909706e-1 1.1504064102837382e-1 1.1569999333120073e-1
    1.1603719187417028e-1 1.1656892391986023e-1 1.1667634250378295e-1
    1.178165414345939e-1 1.1789221749133338e-1 1.1820379505768476e-1
    1.1881352967615701e-1 1.1998553919809751e-1 1.2053240472240152e-1
    1.2149553708413426e-1 1.2176477791039289e-1 1.2254628904935777e-1
    1.2381399873560639e-1 1.2404970273018989e-1 1.2519656462245621e-1
    1.2563856138268858e-1 1.2859744007453794e-1 1.3138101735271343e-1
    1.3138679131433323e-1 1.321802092096602e-1 1.3249458714187545e-1
    1.3396675579894723e-1 1.3646342496576835e-1 1.3654729394924664e-1
    1.3669230312370928e-1 1.370464929523223e-1 1.3967098065151212e-1
    1.426086503836359e-1 1.427656170934597e-1 1.4936320712238121e-1
    1.495008134151565e-1 1.5007326613599478e-1 1.5158675483608336e-1
    1.5159162440249929e-1 1.53108235436238e-1 1.5542051582497152e-1
    1.5669019111282978e-1 1.6591808786597539e-1 1.6669921715150757e-1
    1.6984352954036216e-1 1.8025121001925604e-1 1.8216882958083055e-1
    1.8403234034087745e-1 1.8833962020380568e-1 1.9733147220791153e-1
    2.039512433418797e-1 2.0635005721270808e-1 2.0996891885562263e-1
    2.1063138742545981e-1 2.1378063615884457e-1 2.1378944875239261e-1
    2.1426854490769545e-1 2.1568785142629238e-1 2.1715688979099923e-1
    2.1776316880778979e-1 2.199349909924706e-1 2.2019789542783977e-1
    2.2044265231482996e-1 2.2149740966483478e-1 2.2518023460252579e-1
    2.2851096746444455e-1 2.3053539424029837e-1 2.3081018626726291e-1
    2.3166443310012916e-1 2.3169613596921687e-1 2.3182718281707987e-1
    2.3213006405247102e-1 2.3226371824685801e-1 2.3234141712522283e-1
    2.3251977604245025e-1 2.3259464653925865e-1 2.3263511301628237e-1
    2.327326337165232e-1 2.3295788957227614e-1 2.3368961137740288e-1
    2.3391242212416977e-1 2.3432550627000059e-1 2.3438645064782743e-1
    2.3441331172563712e-1 2.3514597223402234e-1 2.3519278908861452e-1
    2.3595510993122429e-1 2.3768752502647575e-1 2.3844412759959513e-1
    2.3947650992745781e-1 2.4001908120976623e-1 2.4020808298588101e-1
    2.4118238798684449e-1 2.4217486794813423e-1 2.4362437208492338e-1
    2.4452915241636219e-1 2.4498510731684126e-1 2.4550942745656812e-1
    2.455910701115003e-1 2.4938087262425637e-1 2.4938995492820223e-1
    2.4979621831599533e-1 2.4998782970347252e-1 2.500765526729703e-1
    2.5105955680843101e-1 2.5299001447117253e-1 2.5337494653604153e-1
    2.5343048533171564e-1 2.551678042221035e-1 2.567887285406239e-1
    2.5789541053859466e-1 2.5822089997774872e-1 2.592480433818723e-1
    2.6035445792660117e-1 2.6155243425691049e-1 2.6188432723597543e-1
    2.6282333739027308e-1 2.6385124452967418e-1 2.6508493167473435e-1
    2.6567925057510267e-1 2.6654168255663535e-1 2.6656505868107738e-1
    2.6753338040891156e-1 2.6897180722566688e-1 2.7082296933350458e-1
    2.7124201924035723e-1 2.716746916568506e-1 2.7169984336163372e-1
    2.7216638103765134e-1 2.7222638445387776e-1 2.7229924598163457e-1
    2.7248429775967714e-1 2.7252966798166445e-1 2.7255275616614327e-1
    2.7263557913705783e-1 2.7273166812662769e-1 2.7278115190256358e-1
    2.7291418275545865e-1 2.7316592709857185e-1 2.7319687456901598e-1
    2.7352637385254436e-1 2.7391608388936423e-1 2.7418458885553165e-1
    2.7515962034685043e-1 2.7530239454420424e-1 2.7533419516242119e-1
    2.7613141749275705e-1 2.7615127361828357e-1 2.7615271738149105e-1
    2.7630575992341416e-1 2.7631196480266834e-1 2.778384238353182e-1
    2.7815581655446764e-1 2.7819723282098291e-1 2.7825918169902558e-1
    2.7832208396284841e-1 2.7871208058952562e-1 2.787598000260611e-1
    2.7907229153763385e-1 2.7923215454393358e-1 2.7951967737519429e-1
    2.7960947722795026e-1 2.7963083965298413e-1 2.801297725754921e-1
    2.8039208609652633e-1 2.8055648750432738e-1 2.8076193257675186e-1
    2.808490504832864e-1 2.8143441348604231e-1 2.8144994713572186e-1
    2.8156964072340168e-1 2.8165930645473752e-1 2.826336158277627e-1
    2.8271565096224549e-1 2.8319153293893529e-1 2.8328571380552603e-1
    2.8336750699347452e-1 2.8439497354388138e-1 2.8442958470609864e-1
    2.8456981544195514e-1 2.8461795583211824e-1 2.8481396677427206e-1
    2.8531285349656954e-1 2.8551343189428735e-1 2.8667001739884451e-1
    2.8693714205201104e-1 2.8714392395510335e-1 2.8921236441904813e-1
    2.893821546279014e-1 2.8945665769184514e-1 2.8980853677310531e-1
    2.9081370312911126e-1 2.9103478826790607e-1 2.9169521031111467e-1
    2.9176727142129266e-1 2.9266394225747816e-1 2.9305571969805233e-1
    2.9332213383557765e-1 2.9335098299803314e-1 2.936809082909046e-1
    2.942186272796587e-1 2.9464235700422453e-1 2.9501076766236012e-1
    2.9528911061154095e-1 2.9600259943907192e-1 2.9606901603155067e-1
    2.9638782364620259e-1 2.9698182184006328e-1 2.9700628218211023e-1
    2.9723326436783282e-1 2.9802867950578121e-1 2.9890804523610215e-1
    2.9891907246307409e-1 3.0107518642524966e-1 3.0138507344999099e-1
    3.0195243413992201e-1 3.0201324414984909e-1 3.0284395871636993e-1
    3.0352382922375098e-1 3.0372976702902732e-1 3.0428407298283372e-1
    3.0501773661863907e-1 3.0542277098462972e-1 3.0569603620913061e-1
    3.0657329276224726e-1 3.0734551675459443e-1 3.0761407177273981e-1
    3.0763704121709956e-1 3.0791602903486315e-1 3.0845451770778709e-1
    3.0866445072266896e-1 3.0875813287982762e-1 3.0925913241374775e-1
    3.0932030945200495e-1 3.1073548177603999e-1 3.1082867145513166e-1
    3.1086149846169064e-1 3.1105398212071123e-1 3.1123258689792865e-1
    3.1125625489458897e-1 3.1148839602438883e-1 3.1160182188136787e-1
    3.1161821821175789e-1 3.1199534969610454e-1 3.1267165446231754e-1
    3.1373985329562193e-1 3.141274144115111e-1 3.141571742545845e-1
    3.1427551942489473e-1 3.1437714340539613e-1 3.152850747061014e-1
    3.1574535414230404e-1 3.1577527289443552e-1 3.1604113866812139e-1
    3.1636038058538607e-1 3.1659896330575066e-1 3.1754119117571961e-1
    3.1819233579132988e-1 3.1852016234192476e-1 3.1877526096877773e-1
    3.1961113765789212e-1 3.1972085883990481e-1 3.198465300774152e-1
    3.1995079463681786e-1 3.1997501643354553e-1 3.2021582354476169e-1
    3.2031215396697615e-1 3.2060363443193951e-1 3.2148153421245629e-1
    3.2168415135092798e-1 3.2201702394953219e-1 3.223895333265116e-1
    3.2248485489209444e-1 3.2262768045314838e-1 3.2338700747681692e-1
    3.2391636175378319e-1 3.2414602188354863e-1 3.2453610445339687e-1
    3.2456242240007466e-1 3.2490596184278631e-1 3.2517071200166153e-1
    3.2606850332106457e-1 3.2652295008645321e-1 3.2675795772274796e-1
    3.2697774371399646e-1 3.2704193989146191e-1 3.2790791426849353e-1
    3.2894557863383511e-1 3.290706952862324e-1 3.293388554180936e-1
    3.296214540953315e-1 3.2972226175732228e-1 3.2992662015279467e-1
    3.3001966786479087e-1 3.3047491611761615e-1 3.3095023740357493e-1
    3.3123002167353249e-1 3.3204976446836199e-1 3.3280120207300001e-1
    3.3318810646551356e-1 3.3322486130623474e-1 3.3364238503673249e-1
    3.3420901713693368e-1 3.3456980832661998e-1 3.3471213139849471e-1
    3.3487672858467477e-1 3.3524875381957031e-1 3.3575189683995177e-1
    3.3607534100104886e-1 3.3672490911521891e-1 3.3715075907502978e-1
    3.3720121928718072e-1 3.3845225682150865e-1 3.392155594823924e-1
    3.3934989087072154e-1 3.4009665890158658e-1 3.4021129215893275e-1
    3.4047043688588019e-1 3.4073861508755954e-1 3.4144381074404212e-1
    3.4211883294752127e-1 3.4248025072338351e-1 3.4256930683073328e-1
    3.4274060065680795e-1 3.4314645933500287e-1 3.4382591265123968e-1
    3.4398687103443343e-1 3.4401734924287147e-1 3.4515945875975579e-1
    3.4540275062790393e-1 3.4593914216515032e-1 3.4772596917978404e-1
    3.4871286339349744e-1 3.4885141929488683e-1 3.4910824566461751e-1
    3.4914050769549992e-1 3.4916894379696733e-1 3.4925899322411169e-1
    3.4952779588234584e-1 3.4957814252927871e-1 3.497716788186937e-1
    3.4995104192480891e-1 3.5004212025933157e-1 3.5030054177166547e-1
    3.5139241119436931e-1 3.5140865876408295e-1 3.5159993684707541e-1
    3.5181094980837063e-1 3.5210115754869714e-1 3.5295354893332842e-1
    3.530859017376185e-1 3.5310030839432976e-1 3.5325399784220018e-1
    3.535067087549188e-1 3.5369490005895504e-1 3.5389684862989479e-1
    3.5453496218386654e-1 3.5488875072769588e-1 3.5499988381755948e-1
    3.5532321600699107e-1 3.5540871049923023e-1 3.5541914914564487e-1
    3.5549084672861681e-1 3.5584358434963786e-1 3.558739664452446e-1
    3.5616526812906307e-1 3.5676109594214722e-1 3.5676481768618939e-1
    3.5677150435933735e-1 3.567752747607642e-1 3.5718209077358987e-1
    3.5718774861234126e-1 3.5721054777468453e-1 3.5757132496809163e-1
    3.5773180715965019e-1 3.5844623870752912e-1 3.5933112676093515e-1
    3.5934309192063868e-1 3.5935073114686539e-1 3.5954657927127442e-1
    3.5956855704159807e-1 3.5962539713019787e-1 3.5974489908163709e-1
    3.6044600567017615e-1 3.60987989043971e-1 3.6141462081296694e-1
    3.6180575332392095e-1 3.6185646071394978e-1 3.6219351038218722e-1
    3.627569377097441e-1 3.6279061389318989e-1 3.6362503896301251e-1
    3.6402978899737881e-1 3.6403395401274402e-1 3.6407377810610342e-1
    3.6432047261242978e-1 3.646260649778047e-1 3.6465249740870476e-1
    3.6477853663443838e-1 3.6482493311190467e-1 3.6486773842919074e-1
    3.648685809057497e-1 3.6504879449973615e-1 3.6509096327154111e-1
    3.6526532992794664e-1 3.6553845531928963e-1 3.655487716287098e-1
    3.6570261477709209e-1 3.6603885864687008e-1 3.661285183430209e-1
    3.6613378280405112e-1 3.6637173839335446e-1 3.6722983129149206e-1
    3.6734088497438017e-1 3.6798112343165357e-1 3.6799461901604708e-1
    3.6800344591003004e-1 3.6802540824750657e-1 3.6836897492620274e-1
    3.6845548514221654e-1 3.6850468734825303e-1 3.6984921402941279e-1
    3.7048354733925798e-1 3.7062168460775524e-1 3.7078697407423533e-1
    3.7093070423351393e-1 3.7102760814084629e-1 3.7136148578925088e-1
    3.7142063570071415e-1 3.7142202370572563e-1 3.7171728140518617e-1
    3.7196627280941769e-1 3.7233723555988263e-1 3.7247216618101853e-1
    3.7277823131353216e-1 3.7291845232746046e-1 3.7317074192651489e-1
    3.7351913405135356e-1 3.7393753862684559e-1 3.7411466205082888e-1
    3.7431786158743885e-1 3.7469204059516414e-1 3.7518018373440198e-1
    3.7530187584833485e-1 3.7586664272930648e-1 3.7592888348171982e-1
    3.7611393479445115e-1 3.761513106487655e-1 3.7643870571371901e-1
    3.764501593868772e-1 3.7650743432004674e-1 3.7656329861411431e-1
    3.7668724991894681e-1 3.7728915122629175e-1 3.7740409632693933e-1
    3.7758159256970697e-1 3.7759017868575029e-1 3.7775997670297118e-1
    3.7783836028452811e-1 3.7813257449901855e-1 3.7850235472372051e-1
    3.7859522723644951e-1 3.7865243603053905e-1 3.7874171972286302e-1
    3.787592376675093e-1 3.7948922135077129e-1 3.7987237455196848e-1
    3.7993604079379395e-1 3.8000795067520915e-1 3.8006639053599595e-1
    3.8048542266016161e-1 3.8048649523589645e-1 3.8051815547584866e-1
    3.8074655188756878e-1 3.8078240546653636e-1 3.8118906154535637e-1
    3.8126942512453754e-1 3.8150078277664889e-1 3.8158596348252366e-1
    3.8171701216409321e-1 3.8201776503688856e-1 3.8204104603721589e-1
    3.8268791563590249e-1 3.8291351362517567e-1 3.8325268922168715e-1
    3.8330680859303357e-1 3.8356123359862976e-1 3.8360460666221269e-1
    3.8361274743434137e-1 3.8367655803349027e-1 3.8373761618179614e-1
    3.8382833958732071e-1 3.8422526157959119e-1 3.843148053959769e-1
    3.8502630881573296e-1 3.8523622061279639e-1 3.852492261908651e-1
    3.8532512862815338e-1 3.856338753341168e-1 3.8567680376945646e-1
    3.8568454322734802e-1 3.8568813526178147e-1 3.8577530993786369e-1
    3.8604386232979476e-1 3.861318998284663e-1 3.8634390933384566e-1
    3.8650602397673439e-1 3.8674050095470291e-1 3.8701826954911667e-1
    3.8796963776712801e-1 3.8801247810326661e-1 3.8859050110551668e-1
    3.8860987181595358e-1 3.8864599680486706e-1 3.8866603259780319e-1
    3.887017880913643e-1 3.894813781762928e-1 3.896153939322744e-1
    3.9044885732135171e-1 3.9077154560592525e-1 3.9081664983596054e-1
    3.9119159932525704e-1 3.9152795143153135e-1 3.9177417049695579e-1
    3.9181661407934082e-1 3.9196504586259706e-1 3.9233330512219516e-1
    3.9243393437791385e-1 3.9246969316751679e-1 3.925785149355891e-1
    3.9269554605652957e-1 3.9285542975473065e-1 3.9303292362936709e-1
    3.9327432807038221e-1 3.943311670411731e-1 3.9438284972695992e-1
    3.9446220519286207e-1 3.9448782089779605e-1 3.9454835406660649e-1
    3.9461458856939918e-1 3.9468606176774301e-1 3.9470430870743356e-1
    3.9479493729203974e-1 3.9581717624166329e-1 3.9667805073136719e-1
    3.9671700841795016e-1 3.9725551992061509e-1 3.9757722107996024e-1
    3.9759257139662119e-1 3.9795744003650824e-1 3.9816605551141038e-1
    3.981976470257515e-1 3.9820840043268746e-1 3.9822984767780717e-1
    3.9901215113127364e-1 3.9943537562464226e-1 3.9962178934102766e-1
    4.0074614801947711e-1 4.0157087497101945e-1 4.0188226406565841e-1
    4.0190603758622145e-1 4.0191899396761854e-1 4.0211748544282144e-1
    4.0222226355211371e-1 4.0231817661631131e-1 4.0247729498923945e-1
    4.0260385074824706e-1 4.0287238017440863e-1 4.0373849163245268e-1
    4.0376756099609729e-1 4.045026864498848e-1 4.0453255653836906e-1
    4.0470331625705774e-1 4.048943119141768e-1 4.0494421326944907e-1
    4.0569482655626288e-1 4.0577560767244197e-1 4.0588967488784794e-1
    4.0595739454833663e-1 4.0674509859780983e-1 4.068946061201536e-1
    4.0705904223887046e-1 4.0714549410592682e-1 4.0726497408214918e-1
    4.0752702488604581e-1 4.0773234051393958e-1 4.0818765229894116e-1
    4.0855995783673088e-1 4.0892789107318905e-1 4.0894142849538184e-1
    4.0911990759988409e-1 4.0920642189079942e-1 4.0964984050346437e-1
    4.1016710970674808e-1 4.1034331769778393e-1 4.1049877159948667e-1
    4.1063204955230503e-1 4.1098065237935899e-1 4.115994325068511e-1
    4.1159991009696267e-1 4.121883144903572e-1 4.1218853088844298e-1
    4.1262589216933421e-1 4.1296093542894141e-1 4.130302564103821e-1
    4.1343663830925187e-1 4.134434405016994e-1 4.1345966471289508e-1
    4.1346788603407603e-1 4.1347362963482381e-1 4.1347547877252772e-1
    4.1365697613259222e-1 4.1375651734985075e-1 4.1377734530204602e-1
    4.1414643979487664e-1 4.1429818385801231e-1 4.1433593070781749e-1
    4.1437268642812342e-1 4.1447104028839021e-1 4.1454876168120336e-1
    4.1476565518587449e-1 4.1544602434251748e-1 4.1588956282281619e-1
    4.1606626137382818e-1 4.1646727279203333e-1 4.1675567338946468e-1
    4.1697292969311922e-1 4.1708638224690731e-1 4.1711204832918986e-1
    4.1716303375960706e-1 4.1745498299385669e-1 4.1760134289089285e-1
    4.177500727324362e-1 4.1817220748177014e-1 4.1849519196210333e-1
    4.1854313785378588e-1 4.1864011188082179e-1 4.1873490940447156e-1
    4.1881238019894745e-1 4.188636808454349e-1 4.1926315306626649e-1
    4.1946112187340323e-1 4.1955504655892251e-1 4.1981966052381642e-1
    4.2015695952691851e-1 4.2037111087782769e-1 4.207413815423327e-1
    4.2075227503424784e-1 4.2076758498651545e-1 4.2076847850146187e-1
    4.2081345508477169e-1 4.2102045926041698e-1 4.2127570206073206e-1
    4.2168850410204567e-1 4.2174235352649703e-1 4.2174636323911979e-1
    4.2179889159979211e-1 4.2207071214910352e-1 4.2226499440443555e-1
    4.2231483332527986e-1 4.2233141705492017e-1 4.223692846063743e-1
    4.2276656529955808e-1 4.2286919911358772e-1 4.2291878599607197e-1
    4.2295883685669239e-1 4.2350193318941365e-1 4.2392289244091647e-1
    4.2406806327289814e-1 4.2453542696463437e-1 4.2471978609244782e-1
    4.249295363690635e-1 4.2516681505234871e-1 4.2529212088740159e-1
    4.2535439861118868e-1 4.2542390788930717e-1 4.2555905811989053e-1
    4.2580576890520661e-1 4.2617925156531555e-1 4.2669689527150467e-1
    4.2669868375391423e-1 4.2677260099795994e-1 4.2703153929117188e-1
    4.2716629272119744e-1 4.2756863295810699e-1 4.2788227326367895e-1
    4.2830909026919733e-1 4.2845030497348735e-1 4.2874276732566485e-1
    4.2888636748424297e-1 4.2892754475690253e-1 4.2894183153426141e-1
    4.289444980536895e-1 4.2899414291382115e-1 4.2907010463618966e-1
    4.291164573317639e-1 4.2956230719818222e-1 4.2966725512608012e-1
    4.2998723768741909e-1 4.302415753345738e-1 4.3032628815045526e-1
    4.3068006917500107e-1 4.3090694853138056e-1 4.3102657877800865e-1
    4.3105759516513653e-1 4.3106866256081189e-1 4.3123796318307295e-1
    4.3128179377655529e-1 4.3147471379837621e-1 4.3192940024800919e-1
    4.3240229237542532e-1 4.3256850129432678e-1 4.3266785536599689e-1
    4.3300410009945456e-1 4.3321280086737796e-1 4.3322108245750068e-1
    4.3347430986376673e-1 4.3400217846637396e-1 4.3426544687705854e-1
    4.3445799300843646e-1 4.3481472782290048e-1 4.3509915822911888e-1
    4.360824543005864e-1 4.3616458186086116e-1 4.366271532458591e-1
    4.3667417679038906e-1 4.3686172813093954e-1 4.3687866814852894e-1
    4.3709554610522144e-1 4.373415798593539e-1 4.3759600464526793e-1
    4.3772933541260334e-1 4.3777377734791528e-1 4.378155618323471e-1
    4.3790529887320417e-1 4.3813231424257992e-1 4.3857384252136067e-1
    4.3873266160293994e-1 4.3897296654940876e-1 4.3931945946678752e-1
    4.3951282041517253e-1 4.3972057762821831e-1 4.3987890514745231e-1
    4.3990446558735941e-1 4.3994537435430009e-1 4.3997817674649425e-1
    4.4001479572102653e-1 4.4012677585698157e-1 4.4026513017249375e-1
    4.4031793957260973e-1 4.4035431045068663e-1 4.4038937999778227e-1
    4.4040007678387899e-1 4.4043016034794907e-1 4.4051751500232211e-1
    4.4074052850438e-1 4.4156737490478309e-1 4.416506690332343e-1
    4.4207371698764419e-1 4.4212178444968231e-1 4.4222375982717493e-1
    4.4223183075547767e-1 4.4223876382529426e-1 4.4226911540164854e-1
    4.4237426918725348e-1 4.4246293348731508e-1 4.4255675657143456e-1
    4.4270305034863422e-1 4.42720749566206e-1 4.4281947018539036e-1
    4.4303129116053697e-1 4.4304461291845393e-1 4.4305173681881238e-1
    4.4306341630877455e-1 4.4322159845318154e-1 4.4349693654823402e-1
    4.4358738467690273e-1 4.4364100503191201e-1 4.4390727203344793e-1
    4.4400774182351843e-1 4.4404212809786259e-1 4.4420427482673402e-1
    4.4429249686262745e-1 4.4450073699086218e-1 4.4456217591902136e-1
    4.4469639169636305e-1 4.4479998070274651e-1 4.4496080080191153e-1
    4.4523016841925378e-1 4.4541786870408057e-1 4.4545611649664352e-1
    4.4551656441349635e-1 4.4569485667295794e-1 4.4573661097072342e-1
    4.4594979355357817e-1 4.4609417149773173e-1 4.4613046502698644e-1
    4.4617568815742331e-1 4.4644304892665332e-1 4.4651836975322112e-1
    4.4653742267214303e-1 4.4662391488236608e-1 4.4662653696662924e-1
    4.4686599214611017e-1 4.4692943368136184e-1 4.4710842551293434e-1
    4.471580375893609e-1 4.4732424112362423e-1 4.473670542575216e-1
    4.4741038306644687e-1 4.4747088512895061e-1 4.47485921270729e-1
    4.4750906586062911e-1 4.4763953630153708e-1 4.4792979612864453e-1
    4.4832138686505413e-1 4.4838727223971847e-1 4.4863662778334401e-1
    4.4868373775793202e-1 4.4885909155124559e-1 4.488878135411748e-1
    4.4904653085444579e-1 4.4945979504308298e-1 4.4962451674155091e-1
    4.499094903023268e-1 4.4991167928941422e-1 4.5052689562850323e-1
    4.5058441901168905e-1 4.5060174093041977e-1 4.5063170646191891e-1
    4.5089186957449912e-1 4.5109163025749693e-1 4.5118243589903223e-1
    4.5123495773515804e-1 4.5161744800725501e-1 4.5179934269931848e-1
    4.5189640812351684e-1 4.5227012476196649e-1 4.5230303407294464e-1
    4.5233783153331125e-1 4.5243325741873264e-1 4.5277404009500188e-1
    4.5291936335070204e-1 4.5317265794724904e-1 4.532608947748713e-1
    4.5341562322619211e-1 4.5351036022576507e-1 4.5373953507029796e-1
    4.5396960835967093e-1 4.5420746228339226e-1 4.5422622895102904e-1
    4.5449573942232746e-1 4.5453226487435522e-1 4.5487963374984652e-1
    4.5507574753481905e-1 4.5508794966074428e-1 4.5509958317941046e-1
    4.5536290923229217e-1 4.5549503381432388e-1 4.5579609806437321e-1
    4.5592000009410832e-1 4.5608367361598667e-1 4.5610940544807343e-1
    4.5668820857508763e-1 4.5725608593784273e-1 4.572742221573094e-1
    4.5747024468326863e-1 4.5749124227183657e-1 4.5790719891251036e-1
    4.580156737055664e-1 4.5808398156779212e-1 4.5809747511930254e-1
    4.5818247203010287e-1 4.5855625068713834e-1 4.5859697189825965e-1
    4.5877563219544432e-1 4.5887599581528704e-1 4.5938693442294609e-1
    4.5947383892477472e-1 4.5953775682642117e-1 4.6025939980121289e-1
    4.6044679192670757e-1 4.60565777007509e-1 4.6075180465797733e-1
    4.6107963726005136e-1 4.6114991417279172e-1 4.6138377058507885e-1
    4.6165197641448685e-1 4.6171576304769246e-1 4.6176049520934409e-1
    4.6176268243470986e-1 4.617672877264517e-1 4.6187796213159799e-1
    4.622168167456443e-1 4.6253881685947817e-1 4.6255896133015995e-1
    4.62566500004706e-1 4.6282506796723688e-1 4.630473075287177e-1
    4.6329202472795966e-1 4.6381871070239605e-1 4.6422586137068722e-1
    4.642454104700543e-1 4.6462839502694142e-1 4.6468954027358222e-1
    4.6535327147359401e-1 4.6554141274331912e-1 4.655985298902372e-1
    4.6602373805179731e-1 4.6636575077712095e-1 4.6636906789535715e-1
    4.6649611205359842e-1 4.6655347698019384e-1 4.6658825372833235e-1
    4.6672654990388762e-1 4.668070661098227e-1 4.6681746527812201e-1
    4.6702904125095301e-1 4.6737572725902238e-1 4.6756761304262301e-1
    4.6761036372587722e-1 4.6763595045974526e-1 4.6770848650703556e-1
    4.681957478326963e-1 4.6821928348716568e-1 4.6822105985738743e-1
    4.6831907679136009e-1 4.6863273089312474e-1 4.6863569813399408e-1
    4.6880034678627325e-1 4.6888043143264274e-1 4.6895843248013946e-1
    4.6920290512571228e-1 4.6942568505912163e-1 4.6972779810459997e-1
    4.6997949166943725e-1 4.7050237724746086e-1 4.7050529432716659e-1
    4.7087013165855751e-1 4.7092996286987315e-1 4.7095602186047675e-1
    4.7096937643959791e-1 4.7098611167803028e-1 4.7115621406365132e-1
    4.7117342784853616e-1 4.7123757418453732e-1 4.713794228059669e-1
    4.7145135234375501e-1 4.7150250267010768e-1 4.7155962278199581e-1
    4.7241715948761681e-1 4.7242286216151813e-1 4.7242606918553065e-1
    4.7248622040310695e-1 4.7314305325278383e-1 4.7316209058992953e-1
    4.7329747340935524e-1 4.7341594279448274e-1 4.7342072309618288e-1
    4.7392812471020485e-1 4.7395024139802899e-1 4.7400953783835575e-1
    4.7402140157200845e-1 4.7423524293121361e-1 4.7425371019161583e-1
    4.743269868785579e-1 4.7454995520790061e-1 4.7512367712494097e-1
    4.7526734745997601e-1 4.7531729697611169e-1 4.7563957626701381e-1
    4.7570009909374922e-1 4.7579851734547318e-1 4.7586910500247442e-1
    4.7587321832648549e-1 4.7611611916369156e-1 4.7617549938800607e-1
    4.7624549959064666e-1 4.7625659395254971e-1 4.7635828323424789e-1
    4.7640265405538901e-1 4.7663110043527013e-1 4.7706847022914189e-1
    4.7736329456505094e-1 4.7768186897594789e-1 4.7797413879834494e-1
    4.7863583189964631e-1 4.7873966384830574e-1 4.7882174766764363e-1
    4.7954838529562949e-1 4.7979449482417375e-1 4.8054658549618678e-1
    4.8067841050598009e-1 4.8106555763592951e-1 4.8119579723179412e-1
    4.8122389141490202e-1 4.8126539993897194e-1 4.8148660744906618e-1
    4.8157976503478039e-1 4.8194626818257058e-1 4.8210868060141365e-1
    4.8215866860721235e-1 4.8222111671128171e-1 4.8225280016901129e-1
    4.8245122994467238e-1 4.8245231546267558e-1 4.8245682325656769e-1
    4.8267119553838711e-1 4.8280911466383714e-1 4.8284226341749154e-1
    4.8296630407510649e-1 4.8299005126342598e-1 4.8305916322864173e-1
    4.8307643203720957e-1 4.8354393115429656e-1 4.8360385735801314e-1
    4.8378915634243136e-1 4.8422571753989735e-1 4.8425001642192456e-1
    4.8427335827506746e-1 4.8428979705224467e-1 4.8452523306838202e-1
    4.8458924198348541e-1 4.8481066450699473e-1 4.8492730885095625e-1
    4.8497637698730817e-1 4.8501981856414506e-1 4.8518079905180556e-1
    4.8531819445146207e-1 4.8551970001991712e-1 4.8562445417214156e-1
    4.8567255456657676e-1 4.8592375652737652e-1 4.8624671502152761e-1
    4.8631899792847988e-1 4.8639344467277268e-1 4.8680708958045216e-1
    4.8719491704650864e-1 4.8757773890387551e-1 4.8770281163175849e-1
    4.8777119298143878e-1 4.879156959980589e-1 4.8797413572250053e-1
    4.8818089854603386e-1 4.8820395507692638e-1 4.8822153285633857e-1
    4.8836970680226194e-1 4.8850464650695358e-1 4.885205090420186e-1
    4.8857228485462656e-1 4.8865799538745908e-1 4.8881107510793037e-1
    4.8883197746947971e-1 4.8885626189830872e-1 4.8891636219564832e-1
    4.8924031550888003e-1 4.89353457199104e-1 4.8961217633367937e-1
    4.89644067628069e-1 4.89680467154952e-1 4.8968911435309276e-1
    4.8977256962304239e-1 4.8982070160913543e-1 4.8992591704572419e-1
    4.8997848285542506e-1 4.9037026304466735e-1 4.9049496215576482e-1
    4.9050673863948757e-1 4.906385584556574e-1 4.906474557418733e-1
    4.9086060528998132e-1 4.9104366629106672e-1 4.9104863188476883e-1
    4.9121423762358063e-1 4.9138078005369479e-1 4.9151962742363059e-1
    4.9153523489683887e-1 4.9162571459601168e-1 4.9168000002009649e-1
    4.9168321124034264e-1 4.9180060124093539e-1 4.9181188108121371e-1
    4.9183292437738502e-1 4.9190291780078044e-1 4.9198114826913864e-1
    4.9213900358131468e-1 4.921847064859719e-1 4.9226635907987454e-1
    4.9227709799743025e-1 4.9230670496412393e-1 4.9231216725261867e-1
    4.9232927973892704e-1 4.9237270940090333e-1 4.9246161164001023e-1
    4.9252826231265445e-1 4.9258528019518055e-1 4.9280691993161391e-1
    4.9282518231796402e-1 4.9306677388102571e-1 4.9309783222033082e-1
    4.933041528210424e-1 4.9353377904047324e-1 4.9369875871130159e-1
    4.9373195750326382e-1 4.9374535756692239e-1 4.9384657252610964e-1
    4.9400228277539782e-1 4.9424938583825906e-1 4.9433524693407094e-1
    4.9435015730003734e-1 4.9443564048669941e-1 4.9452112136325216e-1
    4.9456980135655615e-1 4.94575701136657e-1 4.9459672442602215e-1
    4.9475557410919052e-1 4.9477592486189015e-1 4.947785956830103e-1
    4.9480372872494627e-1 4.9532406418873304e-1 4.953359451562197e-1
    4.9545301282978471e-1 4.9546019180797884e-1 4.9546022622380403e-1
    4.9547451059012626e-1 4.955393961911016e-1 4.9614271877635474e-1
    4.964541251312734e-1 4.9662425302758495e-1 4.9666846572323597e-1
    4.9671969309664826e-1 4.9680980949888182e-1 4.9683278407453391e-1
    4.9687727474338317e-1 4.9692806992028898e-1 4.969836804883016e-1
    4.9704120465808899e-1 4.9729161517229337e-1 4.9729892682336702e-1
    4.9730607914555303e-1 4.9734020238267679e-1 4.9774779553081316e-1
    4.9779260553406046e-1 4.9795277833371188e-1 4.9824393634379605e-1
    4.986112860280798e-1 4.987240805274788e-1 4.9876799053373588e-1
    4.9881146187952807e-1 4.9902996838540681e-1 4.9925105264492231e-1
    4.9954958770331359e-1 4.9962489369468133e-1 4.9972681211647796e-1
    4.9994115289252605e-1 4.9995400954379543e-1 4.9998893633144026e-1
    5.0001644280759394e-1 5.0010475824649347e-1 5.0029330389643289e-1
    5.004009321513162e-1 5.0053934751732798e-1 5.0063513669309556e-1
    5.0076070807387751e-1 5.0079029055036195e-1 5.0116564467927149e-1
    5.0118741041049164e-1 5.0126636580923578e-1 5.0181171493795773e-1
    5.0188046894942318e-1 5.0191606932490784e-1 5.0218220925586365e-1
    5.0224823478082503e-1 5.0231030906272478e-1 5.0235993432175163e-1
    5.0268448636968188e-1 5.0273943569712698e-1 5.0278644968166186e-1
    5.0282223493650235e-1 5.0295288204779354e-1 5.029960419501549e-1
    5.0321095537765359e-1 5.0324831891807009e-1 5.0337397668863559e-1
    5.0344643859277005e-1 5.034702610716002e-1 5.0348610469278099e-1
    5.0358107073060598e-1 5.0370094191785031e-1 5.0371095619719397e-1
    5.0382830595289207e-1 5.039991706838407e-1 5.0402898201743085e-1
    5.0444491325977958e-1 5.0457411459460255e-1 5.0459799563882368e-1
    5.0464218565543384e-1 5.0470012165396838e-1 5.0490415824404933e-1
    5.0495324259034335e-1 5.0498233685760041e-1 5.0499163602898989e-1
    5.0500564852195984e-1 5.0504541918210388e-1 5.0509020010810801e-1
    5.0511183759889278e-1 5.0517452860485723e-1 5.0518964161476887e-1
    5.0527522667289304e-1 5.0546931330205147e-1 5.0553064809040127e-1
    5.0555845592441528e-1 5.0587310116742101e-1 5.059424311937164e-1
    5.0594258581222107e-1 5.0594890336305975e-1 5.0617849034451867e-1
    5.0622589980359578e-1 5.0622776223972321e-1 5.0626084728298792e-1
    5.0627965841019729e-1 5.062892838402685e-1 5.0640066623134317e-1
    5.065300734606808e-1 5.0663978335170312e-1 5.0666278094753836e-1
    5.067224358100475e-1 5.0683274730909034e-1 5.0697191485671411e-1
    5.0701369019383202e-1 5.0721215083689863e-1 5.0744601471258954e-1
    5.0748707592915054e-1 5.0760370882315853e-1 5.0762039748865107e-1
    5.0782051572138398e-1 5.0792097992767338e-1 5.0794704163023807e-1
    5.0800485349944735e-1 5.0810962778467683e-1 5.0846761167999177e-1
    5.08517208483934e-1 5.0869585521315586e-1 5.0885803962476828e-1
    5.0890489322858534e-1 5.0893699874518461e-1 5.0896525343744414e-1
    5.0910472658963757e-1 5.0941178963964573e-1 5.0942767843970871e-1
    5.0944905453765643e-1 5.0951659315656883e-1 5.0960125256181077e-1
    5.0964205148865305e-1 5.0989768375373912e-1 5.0991006153944907e-1
    5.0999965894917898e-1 5.1036376035009112e-1 5.1037613000937654e-1
    5.1046215066570055e-1 5.107270737022418e-1 5.1104621781215087e-1
    5.1110468796923669e-1 5.1116493477986136e-1 5.1135881066747146e-1
    5.1143483261392408e-1 5.1149242824955077e-1 5.114980974909713e-1
    5.1155412918299892e-1 5.1183108083580464e-1 5.1189431475298386e-1
    5.1189612073581392e-1 5.1192450395425182e-1 5.1193676333687932e-1
    5.1200354109641921e-1 5.1208505464583143e-1 5.1211939813165941e-1
    5.1245900377246012e-1 5.1251289364608965e-1 5.1255264428719882e-1
    5.1257331069793821e-1 5.127315030174161e-1 5.1287346735261963e-1
    5.1290005184231247e-1 5.1293730426121853e-1 5.1300037920373143e-1
    5.1350848737183696e-1 5.1353293885722451e-1 5.1375284398232501e-1
    5.1386219307300962e-1 5.1389380113453498e-1 5.1390003150195951e-1
    5.1390277046636712e-1 5.1391773795175288e-1 5.140494125006525e-1
    5.1428014837711089e-1 5.1428218889886268e-1 5.1436072408670142e-1
    5.144069056413072e-1 5.1468283709181151e-1 5.1476419479092783e-1
    5.148707472383649e-1 5.1487430045772276e-1 5.1506022778018334e-1
    5.1511484054960122e-1 5.1512772443262433e-1 5.1523781741353658e-1
    5.1532728454469634e-1 5.1537337518087567e-1 5.1544087407791361e-1
    5.1544627666302756e-1 5.1558062639076907e-1 5.1574798864911442e-1
    5.1576978871307799e-1 5.1622930051289584e-1 5.1634276558740422e-1
    5.1635389363653106e-1 5.1637677267392157e-1 5.1654922723992058e-1
    5.1673527165296818e-1 5.1675210841611785e-1 5.1679260765211599e-1
    5.168093680657132e-1 5.1706875366894822e-1 5.1710774918599001e-1
    5.1716330528483923e-1 5.1827897580724569e-1 5.1831142704898936e-1
    5.1878764264071719e-1 5.1886290128428902e-1 5.1923669454137256e-1
    5.1926159106872849e-1 5.1945036031232428e-1 5.1946837628305986e-1
    5.1955008997921526e-1 5.1967977505305873e-1 5.1972010747023878e-1
    5.1974166743195838e-1 5.1992462152702501e-1 5.199654532740472e-1
    5.2007130754969288e-1 5.2016956612096688e-1 5.2034449426337237e-1
    5.2046037401837564e-1 5.2052905829038665e-1 5.2061854931346518e-1
    5.2074358969202872e-1 5.2122390783483119e-1 5.2126428659187996e-1
    5.2126485171366865e-1 5.2129973247237005e-1 5.2130816550070447e-1
    5.2142577005500546e-1 5.214460878445607e-1 5.2159640655518158e-1
    5.2163582348293858e-1 5.2164623993212444e-1 5.217774468548062e-1
    5.2179544504967146e-1 5.2180868937903147e-1 5.2182283055673095e-1
    5.2183865824190434e-1 5.2237036249997415e-1 5.2244257123428339e-1
    5.2247882761158893e-1 5.225578924494888e-1 5.2299534350720478e-1
    5.2303655310310548e-1 5.2303857321194303e-1 5.2304776670158992e-1
    5.2310134798822872e-1 5.2310639119418234e-1 5.2319301299816545e-1
    5.2339527292824639e-1 5.2344081128562725e-1 5.2353485954444501e-1
    5.2357088480052227e-1 5.2367742921760252e-1 5.2370696721292609e-1
    5.2371363519422531e-1 5.2389289024703045e-1 5.2392816114146024e-1
    5.244802495905484e-1 5.246237078968079e-1 5.2477259838645596e-1
    5.2484970561155408e-1 5.2487415504544643e-1 5.2488865696735354e-1
    5.2491767520932631e-1 5.2498421747860546e-1 5.2498457476474414e-1
    5.2501432196921394e-1 5.2503115764062991e-1 5.2507095386277391e-1
    5.255725795029017e-1 5.2558532226012178e-1 5.2561473430566064e-1
    5.2568680175123261e-1 5.2572715972595085e-1 5.2586730517411218e-1
    5.2592508431861362e-1 5.2599109054552984e-1 5.2600638172638847e-1
    5.2602880813022268e-1 5.2605055117551691e-1 5.2624701063086832e-1
    5.2631152414470406e-1 5.264222371252345e-1 5.2642684561238862e-1
    5.2644771289887005e-1 5.26684116692968e-1 5.2679091697993696e-1
    5.2689715037953044e-1 5.2699453114317818e-1 5.2712463617772298e-1
    5.2722858473069734e-1 5.2724248489549708e-1 5.2741957353114799e-1
    5.2747149558732487e-1 5.2769136843367703e-1 5.2772633029212557e-1
    5.2778701191618893e-1 5.2795139212666986e-1 5.2815715609265601e-1
    5.2820965548163357e-1 5.2823215392190415e-1 5.2838970806286467e-1
    5.2863293990586413e-1 5.2864485800364491e-1 5.2881953015876204e-1
    5.2895334440366548e-1 5.2896146690762991e-1 5.2919238922355105e-1
    5.2935321022388437e-1 5.2936820606555557e-1 5.2937620715939759e-1
    5.2938057985829801e-1 5.2938519246336002e-1 5.2939695757673433e-1
    5.2953123387922985e-1 5.2955947935671632e-1 5.2958935930408713e-1
    5.2980254059204002e-1 5.2988288573351383e-1 5.2995648044956012e-1
    5.2996988264317224e-1 5.3002287731492792e-1 5.3005214562858782e-1
    5.3032150855321036e-1 5.303708547337338e-1 5.3038819874099219e-1
    5.3056290881462098e-1 5.3069899284782873e-1 5.3073079925206912e-1
    5.307624929836392e-1 5.3079080331744732e-1 5.3102598808935397e-1
    5.3108071241967991e-1 5.3108576571012678e-1 5.3113779739479383e-1
    5.3124275338403781e-1 5.3150832547023374e-1 5.3151345928315341e-1
    5.3154122847709828e-1 5.3159582964318275e-1 5.3166839968712842e-1
    5.3167778011983202e-1 5.3179589909511071e-1 5.3192618307427131e-1
    5.3196104806193034e-1 5.3207859807802527e-1 5.320870776327461e-1
    5.320942748773112e-1 5.3212709716969109e-1 5.3217983413514958e-1
    5.322691370580388e-1 5.3228392887316056e-1 5.3234363336715818e-1
    5.3251638214119335e-1 5.3257765008220304e-1 5.3273830096178343e-1
    5.3274805411244108e-1 5.327789071807274e-1 5.3290013157301375e-1
    5.329830168927856e-1 5.3301331569188426e-1 5.330329194515192e-1
    5.3307332117868911e-1 5.3313788749326507e-1 5.3329009219842194e-1
    5.3334312307927378e-1 5.3360718708265464e-1 5.336957527721703e-1
    5.3372096643037137e-1 5.3393140260333083e-1 5.340092833143899e-1
    5.3403497178229975e-1 5.3461526812624371e-1 5.3463497125332848e-1
    5.3465522054111714e-1 5.3466475995758678e-1 5.3472032025244209e-1
    5.3474062533405231e-1 5.3494332627776153e-1 5.3495013598655483e-1
    5.3501067738261554e-1 5.3512602736140658e-1 5.3513746856116184e-1
    5.3515088214290552e-1 5.3520847406432492e-1 5.3526228872174719e-1
    5.3536417516806978e-1 5.3541912156262172e-1 5.3550099982978994e-1
    5.3552211324252619e-1 5.3593057799210853e-1 5.3615787595911868e-1
    5.3616467136835122e-1 5.3620435083897366e-1 5.3622331188371386e-1
    5.3625515122617651e-1 5.3629635123672115e-1 5.3637013761471053e-1
    5.3649474842677591e-1 5.3671159085088216e-1 5.3688809765811707e-1
    5.3690312603732149e-1 5.3699310354416718e-1 5.370489596935234e-1
    5.370743556856723e-1 5.3726970088752879e-1 5.3756110410608926e-1
    5.3765538464513152e-1 5.3779831292795277e-1 5.3793406094484908e-1
    5.3796773845336276e-1 5.3884644439555507e-1 5.3919436927929254e-1
    5.3919474312371152e-1 5.3953737860080186e-1 5.3956899691002036e-1
    5.3959165421682498e-1 5.3961025419315389e-1 5.39638600148172e-1
    5.3964242084930447e-1 5.39880730490365e-1 5.4006131901547227e-1
    5.4010044966153969e-1 5.4036527178727234e-1 5.4072412021069893e-1
    5.4079593399007864e-1 5.4089969714242969e-1 5.4097678593197429e-1
    5.4097977735104252e-1 5.409832765960475e-1 5.4104161271957962e-1
    5.4123921373692696e-1 5.4125944427745376e-1 5.4140381893284939e-1
    5.4164468602230043e-1 5.4207770353133355e-1 5.4231079992468945e-1
    5.4238954600330347e-1 5.4242620058422675e-1 5.4243703531710707e-1
    5.4296337962750318e-1 5.4298818547479499e-1 5.4303980879219838e-1
    5.4306893674793877e-1 5.4307282440298754e-1 5.4309039573939799e-1
    5.4325818922266733e-1 5.43281252423094e-1 5.4332830758989481e-1
    5.4335422918903631e-1 5.4358474968194059e-1 5.4390830364895915e-1
    5.4405261702304419e-1 5.4407270737788671e-1 5.4409611918688772e-1
    5.4460684776644741e-1 5.4464953899527502e-1 5.449059488992134e-1
    5.4509348878566888e-1 5.4537680916074449e-1 5.4543826635944825e-1
    5.4550564692124226e-1 5.4559835648817057e-1 5.4573619918442595e-1
    5.4581270169883278e-1 5.4585062216880365e-1 5.4591357062220425e-1
    5.4593157754394872e-1 5.4617255913404961e-1 5.4626298806240148e-1
    5.4627847114188621e-1 5.4630173625297507e-1 5.4635378789988764e-1
    5.4636326380947209e-1 5.4638104613224481e-1 5.4638522825047176e-1
    5.4665291790492021e-1 5.467649051125818e-1 5.4677832769942825e-1
    5.4684490214973869e-1 5.4712736667329409e-1 5.4783738671970439e-1
    5.4820222074685687e-1 5.483016349754356e-1 5.4837439620348505e-1
    5.485729246174742e-1 5.4872611441037911e-1 5.4873483805155654e-1
    5.48895170258763e-1 5.4901209251320326e-1 5.4946461639110566e-1
    5.4958598916751233e-1 5.4959568513671309e-1 5.4963013950666406e-1
    5.5004131916211918e-1 5.5006238777126171e-1 5.5023992309795422e-1
    5.5024533152400179e-1 5.5069471130005132e-1 5.5079332645729906e-1
    5.5096116292850184e-1 5.510189701169772e-1 5.510639398960393e-1
    5.5133346801321748e-1 5.5175533508759145e-1 5.5187137042200141e-1
    5.5190542357801553e-1 5.5192612522751006e-1 5.520954289006893e-1
    5.5257971943811413e-1 5.5283529188807279e-1 5.5285198095882815e-1
    5.5289145240873372e-1 5.5289901126200547e-1 5.5327999264194327e-1
    5.5330140707155806e-1 5.5330862934723968e-1 5.5333163576481392e-1
    5.5333231574232655e-1 5.5351977707641709e-1 5.5357168856858152e-1
    5.5361215116706508e-1 5.5376700677920276e-1 5.5383590983964581e-1
    5.5384312174464867e-1 5.5399405090502118e-1 5.5485028031353067e-1
    5.5495224026703405e-1 5.5497367691926536e-1 5.5497614271671414e-1
    5.5508238319423853e-1 5.550852848998602e-1 5.5515707486047172e-1
    5.5528456350902455e-1 5.5581406592579896e-1 5.5598293853178604e-1
    5.5623211542479112e-1 5.5627549768983042e-1 5.5633620487393876e-1
    5.5641297329002559e-1 5.5708022185891581e-1 5.5730614176890669e-1
    5.5761924887482905e-1 5.577252152188521e-1 5.5823183408472232e-1
    5.5824445248076282e-1 5.5843236442380351e-1 5.5864901703320613e-1
    5.5876089055702605e-1 5.5891814523292849e-1 5.5896258272332489e-1
    5.5897223824203224e-1 5.5900173277677823e-1 5.595627973526951e-1
    5.5957653631721771e-1 5.5972852266853579e-1 5.5977107461812503e-1
    5.5983244439635815e-1 5.6010129664327901e-1 5.6053958093707479e-1
    5.6059559340656051e-1 5.60613832744845e-1 5.6116534646287797e-1
    5.6124420638769312e-1 5.6164060945431105e-1 5.6186469213379164e-1
    5.6187546676789102e-1 5.6194240100512616e-1 5.6198008554595924e-1
    5.6200804864394216e-1 5.6210986805265861e-1 5.6222581192487686e-1
    5.6224195096237961e-1 5.6228591479016776e-1 5.6253223149599307e-1
    5.6257302459248004e-1 5.6266765095510474e-1 5.6271073614771583e-1
    5.6272075131001131e-1 5.6273983247569959e-1 5.6289686695587682e-1
    5.6296217415941407e-1 5.6306853528337797e-1 5.6319773600973477e-1
    5.6327882059827061e-1 5.6358130200351297e-1 5.6362860289630135e-1
    5.6378991196180139e-1 5.6379377212624604e-1 5.6408734338100863e-1
    5.6419513640900154e-1 5.6423775056789183e-1 5.6461587543522418e-1
    5.6463738744077996e-1 5.6466500102260397e-1 5.6479504684602944e-1
    5.6489919898517238e-1 5.6492528524363061e-1 5.6505463867376549e-1
    5.6533992326651517e-1 5.6585628328672433e-1 5.6601223869817352e-1
    5.6610232344370492e-1 5.6613646361661685e-1 5.6618976410701094e-1
    5.6642368595174097e-1 5.664633620479792e-1 5.6649894465428063e-1
    5.6662630539077241e-1 5.6666215532393172e-1 5.6688692153688858e-1
    5.6692432250315505e-1 5.6702968474435234e-1 5.6714074229547384e-1
    5.6736733055988064e-1 5.6736848413675034e-1 5.6759362409401448e-1
    5.6784216324447501e-1 5.6794111472738062e-1 5.6800354799145936e-1
    5.6813383721088362e-1 5.68210664737969e-1 5.686202594386357e-1
    5.6864512277716128e-1 5.6865688803172054e-1 5.6904689816309428e-1
    5.6930370189684254e-1 5.6943094119083071e-1 5.6969539458094165e-1
    5.697573600574205e-1 5.6987492779694549e-1 5.7037387100390335e-1
    5.7052204473823687e-1 5.7063812373516243e-1 5.7083119841523255e-1
    5.7137468693697002e-1 5.7144690041227475e-1 5.7152399374279572e-1
    5.7167049774449197e-1 5.7204915825332137e-1 5.7208789985343178e-1
    5.7211109870305721e-1 5.723101854319339e-1 5.7249901054625041e-1
    5.7258479218866598e-1 5.725907574846284e-1 5.7269273479778349e-1
    5.7269898484892368e-1 5.727357424163777e-1 5.7288100950336229e-1
    5.7294964023965023e-1 5.7296410819896793e-1 5.7316055803163513e-1
    5.7337980761953988e-1 5.7343374880208231e-1 5.7346722518912918e-1
    5.7378428996658348e-1 5.7383502771691297e-1 5.7385600010093185e-1
    5.7403018107558268e-1 5.741559199406765e-1 5.74601208399242e-1
    5.7483729379282522e-1 5.7492693376714976e-1 5.7520163375202171e-1
    5.7525309726040919e-1 5.7530197861005949e-1 5.7552755425716862e-1
    5.7553070646201165e-1 5.7581709564121608e-1 5.7622317150962776e-1
    5.7628519389078292e-1 5.764908115090881e-1 5.7652065734705127e-1
    5.7652453326909381e-1 5.765434171778907e-1 5.7699777997570956e-1
    5.7725068854545369e-1 5.7725941233560918e-1 5.7739129864892835e-1
    5.7744810385222745e-1 5.7745544031786267e-1 5.7760149310115594e-1
    5.7801271874714899e-1 5.7816908926423072e-1 5.781764889337121e-1
    5.7848580048130316e-1 5.7856755995970033e-1 5.7857379297489719e-1
    5.7864691592385498e-1 5.7868548613605852e-1 5.7880395403572038e-1
    5.7893214646571778e-1 5.7903165305719995e-1 5.7911875888275977e-1
    5.7939158243041011e-1 5.7948790495851832e-1 5.7966874599047258e-1
    5.8002307786372354e-1 5.8033938160970133e-1 5.8051715063944742e-1
    5.8057305386979963e-1 5.807218437628876e-1 5.8107842874376447e-1
    5.8143947852353117e-1 5.8147041217539064e-1 5.8195672941837984e-1
    5.8228605404150358e-1 5.823321330835256e-1 5.8299062459464035e-1
    5.8362642984579904e-1 5.8363979670928079e-1 5.8370545916628613e-1
    5.8372154023754774e-1 5.8374477159204619e-1 5.8399690004574722e-1
    5.840901157666849e-1 5.8421535790690926e-1 5.8435372633739457e-1
    5.8435492684100965e-1 5.8438594018965284e-1 5.8449726143735459e-1
    5.8452625825170146e-1 5.8458205548812914e-1 5.846989977525564e-1
    5.8493569402417056e-1 5.8499135212756903e-1 5.8509155874701879e-1
    5.853497193838848e-1 5.8549249387520574e-1 5.8550532345770989e-1
    5.8553556664782036e-1 5.8555211553380104e-1 5.8597171377658175e-1
    5.8598120071924731e-1 5.8632788256140467e-1 5.8635474974264734e-1
    5.8642612003183914e-1 5.8649298663713123e-1 5.8733134383406393e-1
    5.8752463043783787e-1 5.8754953110315e-1 5.876258463445273e-1
    5.8782720733844529e-1 5.8786769425362517e-1 5.8822495691999521e-1
    5.8831876341912448e-1 5.8848943227921646e-1 5.8857286238514162e-1
    5.8859892907548783e-1 5.8860644800727946e-1 5.8861192620615843e-1
    5.8920131095635497e-1 5.8934539385555496e-1 5.8943134273971132e-1
    5.8947849178738665e-1 5.9065759305953713e-1 5.9070411855442573e-1
    5.9081092319247541e-1 5.9118528905134682e-1 5.9128097916345723e-1
    5.9174918927076048e-1 5.9204807758082245e-1 5.9207871416846403e-1
    5.9224463857066689e-1 5.9234262080669642e-1 5.9234478668716817e-1
    5.9234900644845434e-1 5.9247673434521697e-1 5.9277145884261084e-1
    5.9284557813310002e-1 5.9292252700197423e-1 5.9326125985098765e-1
    5.9333917457686103e-1 5.9335480266566842e-1 5.9340610183407994e-1
    5.9367486873616149e-1 5.941319866281447e-1 5.9415617355469819e-1
    5.9417869139427637e-1 5.9440107806797948e-1 5.9462075110661772e-1
    5.9466100081144668e-1 5.951883620269427e-1 5.957087282545217e-1
    5.9579167009833323e-1 5.9589926075057065e-1 5.9608377126200396e-1
    5.9627538447927819e-1 5.9636420954780078e-1 5.9687412679795671e-1
    5.9733645163281124e-1 5.9735614280829652e-1 5.9738649566099866e-1
    5.9751904261323341e-1 5.9779458291164445e-1 5.9792522322736241e-1
    5.9794324884062788e-1 5.9849027091349849e-1 5.9856855999762915e-1
    5.9859022580112131e-1 5.9870581819961899e-1 5.990985040225496e-1
    5.991314114023355e-1 5.9936488503000063e-1 6.0005420972099643e-1
    6.0017170950348897e-1 6.0025356892908477e-1 6.0049324633044832e-1
    6.0124085682186235e-1 6.0125341945177546e-1 6.014716234785169e-1
    6.0157629133564117e-1 6.0159076771236264e-1 6.017447716152825e-1
    6.0197564768672729e-1 6.0207094015467277e-1 6.0216821580445412e-1
    6.0217232294247325e-1 6.0233732333556245e-1 6.0277536030430801e-1
    6.0280333813212073e-1 6.0290092056857247e-1 6.0332404377113558e-1
    6.0332828430837249e-1 6.0336155800765623e-1 6.0337499659933913e-1
    6.034512024052674e-1 6.0381359465811457e-1 6.0433080877019163e-1
    6.0447754110577989e-1 6.0504509658289862e-1 6.0524523347839931e-1
    6.0580574871580339e-1 6.0606412336989834e-1 6.0611325318654963e-1
    6.064059629315125e-1 6.064726286251243e-1 6.0648585532284671e-1
    6.0732833166396938e-1 6.0774483047780448e-1 6.0807069826365989e-1
    6.0831596855566139e-1 6.0838041925892739e-1 6.0869858914929864e-1
    6.0870871093588486e-1 6.087636383823668e-1 6.0876891649286335e-1
    6.0878439074622293e-1 6.0918004526878833e-1 6.0974262301531323e-1
    6.0993010161246275e-1 6.0993347155545052e-1 6.1004164971018326e-1
    6.1029715540412743e-1 6.1030332011991306e-1 6.1052693934852864e-1
    6.1069888063840538e-1 6.1084102618546732e-1 6.1085991301557774e-1
    6.1097473302209737e-1 6.1106335568388204e-1 6.1125525836641825e-1
    6.1141063976769638e-1 6.1169918242002397e-1 6.1179498368754182e-1
    6.1204131972572218e-1 6.1210661688726919e-1 6.1219844377550159e-1
    6.128087382518288e-1 6.130833569208004e-1 6.1312600137129758e-1
    6.1328373645025858e-1 6.1339891537261337e-1 6.1371639835533642e-1
    6.1373826926430608e-1 6.1377740485070265e-1 6.1404430658314724e-1
    6.1404726585897151e-1 6.1410805706182148e-1 6.1413318729682942e-1
    6.1415091451677162e-1 6.1418981029964925e-1 6.1427397827083041e-1
    6.1428891417926934e-1 6.1448941670096247e-1 6.1454283341429672e-1
    6.1456370127969728e-1 6.1462640402493207e-1 6.1484934934989199e-1
    6.149668782541734e-1 6.149728356531341e-1 6.1508746505015466e-1
    6.1560544677040852e-1 6.1614199985784812e-1 6.1621703974704112e-1
    6.1638283462143595e-1 6.1642299025619907e-1 6.1664024027841147e-1
    6.1666228410509427e-1 6.1672954185459361e-1 6.1698467134253099e-1
    6.1748717357236926e-1 6.1766473404277344e-1 6.1787666406447295e-1
    6.1791548482335656e-1 6.1797723183178732e-1 6.1813309953645834e-1
    6.1824619387905178e-1 6.1883375623608572e-1 6.1915432300950168e-1
    6.1918702069952891e-1 6.1921036731214374e-1 6.1972528429201446e-1
    6.197574850853016e-1 6.1979045570894542e-1 6.19833810704705e-1
    6.1995752451297548e-1 6.2010446868878588e-1 6.2015427801443934e-1
    6.2015967631106672e-1 6.2017864079470286e-1 6.2020632607840298e-1
    6.2027071298598457e-1 6.2028170193810761e-1 6.2052105458011886e-1
    6.2058741764659231e-1 6.2072040903265957e-1 6.2092633392549035e-1
    6.2128580179328308e-1 6.2136496758535031e-1 6.2225752995462769e-1
    6.2230182081917262e-1 6.2243129652979401e-1 6.2244568699547509e-1
    6.2249774230812449e-1 6.2264374908363607e-1 6.2265291779426157e-1
    6.2269128424311149e-1 6.2303211948201609e-1 6.230603001377446e-1
    6.2314005447238485e-1 6.2387644660586483e-1 6.2391512021566897e-1
    6.2400974952718324e-1 6.2401655053823069e-1 6.2415947473484512e-1
    6.2429258637332008e-1 6.2457623146259977e-1 6.2464238142514916e-1
    6.2470565420517232e-1 6.2489923028442718e-1 6.2551978996934854e-1
    6.2558273492651428e-1 6.2565233864448933e-1 6.2571463590131771e-1
    6.2571767755707697e-1 6.258418776858109e-1 6.2587515021268703e-1
    6.2594438242604722e-1 6.2594980736226224e-1 6.2595347185147565e-1
    6.264658588049391e-1 6.2652438840374158e-1 6.2667014072011773e-1
    6.2668061094018412e-1 6.2706169377920817e-1 6.2707599349669885e-1
    6.2708399925850244e-1 6.2777767100633353e-1 6.2823782452255728e-1
    6.2851292026209649e-1 6.2853116084170324e-1 6.2858256140409852e-1
    6.286977319492425e-1 6.2886864854017399e-1 6.2902151733956091e-1
    6.2905369116979271e-1 6.2924524523816672e-1 6.2955843312655901e-1
    6.3019328397710217e-1 6.3026459494298814e-1 6.304512953827961e-1
    6.3050576876529318e-1 6.3051606367177249e-1 6.3080188091804046e-1
    6.3090424046879434e-1 6.3103783221777121e-1 6.3103962967422622e-1
    6.31178989421187e-1 6.3151945293185463e-1 6.3152143040484054e-1
    6.316673177855705e-1 6.3180333900886076e-1 6.3208513598689409e-1
    6.3228755676670645e-1 6.3249499340740423e-1 6.325099063275047e-1
    6.3254281422151892e-1 6.3255195787533014e-1 6.32755375501172e-1
    6.3337806281899545e-1 6.3375138199287451e-1 6.3378005202389431e-1
    6.3413300187403365e-1 6.3419307116016299e-1 6.3423894916313661e-1
    6.3424660186083204e-1 6.3442089791215039e-1 6.3456570415405622e-1
    6.3468552591984917e-1 6.3503054923405056e-1 6.3549591617336576e-1
    6.3557962088583131e-1 6.3588557967123049e-1 6.3629607849907188e-1
    6.363387782511154e-1 6.3638920093620233e-1 6.364137272959548e-1
    6.364620095500868e-1 6.365294705128185e-1 6.3662439818835992e-1
    6.3668501193412586e-1 6.3706083813318315e-1 6.3716233072388206e-1
    6.3753961736777209e-1 6.3786299631036469e-1 6.3786467540005887e-1
    6.3789481733573439e-1 6.3798366577946741e-1 6.3890868913991161e-1
    6.3948152633702193e-1 6.3948888254626579e-1 6.3966121748435401e-1
    6.3966288825023099e-1 6.3971358148664881e-1 6.39788505157594e-1
    6.4007151453716915e-1 6.4011147649985523e-1 6.4016445808465505e-1
    6.4021405712492196e-1 6.4026747718495847e-1 6.4053919053071695e-1
    6.4059577691623415e-1 6.4079116565807226e-1 6.4102260398902378e-1
    6.4119244459218616e-1 6.4123107849718508e-1 6.4153067967402999e-1
    6.4153137603766064e-1 6.4240818170880876e-1 6.4241312385498039e-1
    6.4283241769981647e-1 6.4283544099535816e-1 6.4302791145986371e-1
    6.4305117219191743e-1 6.4351045996603617e-1 6.4361128292597414e-1
    6.4366714362616528e-1 6.4371613459558019e-1 6.4413117831390987e-1
    6.4440103355256417e-1 6.4478882998253084e-1 6.4501256777761928e-1
    6.4504582461106774e-1 6.4515656285311707e-1 6.4525600450124898e-1
    6.4529115591923458e-1 6.454341433790205e-1 6.4576595868774433e-1
    6.4577963272117811e-1 6.4613963861847878e-1 6.4637380715970494e-1
    6.4653151267357312e-1 6.4684864828205135e-1 6.4713790269301663e-1
    6.471924631832735e-1 6.4726163726444008e-1 6.4732635823954543e-1
    6.473540313285272e-1 6.476401000046611e-1 6.477032028588755e-1
    6.4784028877524436e-1 6.4794579446540657e-1 6.4801188619730965e-1
    6.4809981933366445e-1 6.4848367938414719e-1 6.4889619710122415e-1
    6.4910433633576758e-1 6.5008717776114422e-1 6.5036725611883284e-1
    6.5041458283977505e-1 6.5044389482929021e-1 6.505441536944393e-1
    6.5066246420046814e-1 6.5075971913784092e-1 6.5100606515986026e-1
    6.5102318268496417e-1 6.5108179504334529e-1 6.5114932640717593e-1
    6.515777311397869e-1 6.5169567762313818e-1 6.5199114295280325e-1
    6.5202719343811366e-1 6.5206422288065369e-1 6.5208976090080895e-1
    6.5212684026406953e-1 6.5250921120914429e-1 6.5264653416115836e-1
    6.5272425733296169e-1 6.5272768532449021e-1 6.5276805014868189e-1
    6.5281476686074957e-1 6.5302669544399805e-1 6.5330897434657542e-1
    6.5347116967987773e-1 6.5351415922151546e-1 6.5356728277194109e-1
    6.5388985955860335e-1 6.5395088423355652e-1 6.5396766466607614e-1
    6.5427673631631367e-1 6.5433618857597053e-1 6.5436318966153939e-1
    6.5476152116571029e-1 6.5529098973417732e-1 6.5544719206194002e-1
    6.5551390226391959e-1 6.5557607475701929e-1 6.5598023508878212e-1
    6.5599509504244224e-1 6.5624254922040559e-1 6.5626584377540509e-1
    6.5628326581741026e-1 6.5644741675855167e-1 6.5658283951664154e-1
    6.568566281653635e-1 6.5694408680883498e-1 6.5712910356220766e-1
    6.575525925161726e-1 6.5760448267511407e-1 6.5760655416228142e-1
    6.5762756141280732e-1 6.5784790514624092e-1 6.5802072589644922e-1
    6.5816921328596434e-1 6.5825708035663411e-1 6.5862862091898933e-1
    6.5877345286278599e-1 6.588768536794305e-1 6.5902944688683163e-1
    6.5907865558947376e-1 6.5910643210519415e-1 6.591111689018434e-1
    6.5913544367606391e-1 6.5922076670098506e-1 6.5931492089293897e-1
    6.593756155729612e-1 6.595956201061719e-1 6.5967762098469918e-1
    6.59901537134715e-1 6.6017756497143409e-1 6.6021124038478129e-1
    6.6027464675117775e-1 6.6031969600689167e-1 6.6046009282951512e-1
    6.6046307491751577e-1 6.6063863038539239e-1 6.6086304781164729e-1
    6.6090767098173986e-1 6.6093536006059139e-1 6.6120267895157014e-1
    6.6130730348793965e-1 6.6179807978107874e-1 6.6191242135781592e-1
    6.6191347254380162e-1 6.6192453024086717e-1 6.6192885937309454e-1
    6.6193396731011944e-1 6.6228947366766988e-1 6.6235008136450801e-1
    6.6270322502487033e-1 6.627500225346401e-1 6.628203567912957e-1
    6.6286393570845803e-1 6.6317705074404576e-1 6.6322395647473187e-1
    6.6328880838623261e-1 6.6333058126786326e-1 6.636093671518698e-1
    6.6361883220880757e-1 6.645454373408809e-1 6.6463208655639194e-1
    6.6465321252235299e-1 6.6503321662467996e-1 6.6520139843821169e-1
    6.6540744227131654e-1 6.6550558355238532e-1 6.6556530618035226e-1
    6.6625162553727935e-1 6.6656325190524512e-1 6.6668557153645291e-1
    6.6690891094375815e-1 6.6705045473273372e-1 6.6708363424814621e-1
    6.6729820488387759e-1 6.6735698097285678e-1 6.675333311211944e-1
    6.6776145731773795e-1 6.6798888155317404e-1 6.6811037497133918e-1
    6.6811443214010069e-1 6.681615478061238e-1 6.6826886757809756e-1
    6.6853932039099495e-1 6.685824603768693e-1 6.6861193703372612e-1
    6.6890962552172695e-1 6.6900215443014199e-1 6.6934496922484954e-1
    6.6961324368253372e-1 6.696362865532447e-1 6.6966989418010181e-1
    6.6970632091550375e-1 6.700867686872698e-1 6.7012716932733629e-1
    6.7019481471412623e-1 6.703848901438918e-1 6.7114199159381571e-1
    6.714738590892011e-1 6.7151342212568466e-1 6.7151773622320698e-1
    6.7164100096735113e-1 6.7203456074619483e-1 6.7220903539409849e-1
    6.7322547776440644e-1 6.7330720584868686e-1 6.7392421002315517e-1
    6.7406745126151113e-1 6.7431826056788069e-1 6.7479581767755314e-1
    6.7507306433361169e-1 6.7516560648400625e-1 6.7544784275560232e-1
    6.7674020614299479e-1 6.7687476936043822e-1 6.7695952992276687e-1
    6.7708959149727632e-1 6.7746382480054312e-1 6.7753382725956202e-1
    6.7754289137709145e-1 6.7780845639218312e-1 6.7783891579345834e-1
    6.7799120226448972e-1 6.7804053430715783e-1 6.7841979582194001e-1
    6.7855943167985688e-1 6.7903168031534733e-1 6.7914434175168026e-1
    6.7951181372492486e-1 6.796654329005889e-1 6.7998603859229689e-1
    6.8011861353317304e-1 6.8039111515383865e-1 6.8042851657423853e-1
    6.8062866161196778e-1 6.8121051316916237e-1 6.8147300599513172e-1
    6.8154816167376941e-1 6.8156273357703867e-1 6.8177214050028856e-1
    6.8206079753588256e-1 6.8231746602111798e-1 6.8239954306311901e-1
    6.8246172320186815e-1 6.8247671312656166e-1 6.8251129020263757e-1
    6.8258496201394792e-1 6.8275667164352849e-1 6.8276643886283639e-1
    6.829865588673556e-1 6.8308188424405869e-1 6.8309691278858509e-1
    6.8316320940948572e-1 6.8339710083946559e-1 6.8343907336441134e-1
    6.8347926489141997e-1 6.8355642104131675e-1 6.8377293615775769e-1
    6.8396689073678218e-1 6.8508501068881744e-1 6.8529444966188746e-1
    6.8531858126573297e-1 6.8534357486883635e-1 6.859390170454519e-1
    6.8613168903647193e-1 6.8678374834689748e-1 6.8709739936293768e-1
    6.8715296076444099e-1 6.8717750633340979e-1 6.8727167877462614e-1
    6.8752140240615389e-1 6.8757002523236888e-1 6.8764333606704897e-1
    6.8787508918411244e-1 6.8799729984499436e-1 6.8806364515369622e-1
    6.8815629692276814e-1 6.8822078146649801e-1 6.8835495178564088e-1
    6.8841475963899934e-1 6.8871345705429121e-1 6.8881470944330025e-1
    6.8886418848874853e-1 6.8973741203753891e-1 6.8988382496544631e-1
    6.9014874086573963e-1 6.9036841273239391e-1 6.9074289820461365e-1
    6.9078002422751139e-1 6.9122799870615903e-1 6.9130865234930228e-1
    6.913113646123048e-1 6.9140744194373838e-1 6.9146670420039824e-1
    6.915991313289851e-1 6.9175072117567049e-1 6.9176682034448811e-1
    6.9189452147091812e-1 6.9193257267592601e-1 6.9210023052521918e-1
    6.9251364494527934e-1 6.9255789121871203e-1 6.9386950483949761e-1
    6.9398744152493397e-1 6.9399107899529811e-1 6.94038794178513e-1
    6.940988396017076e-1 6.9446610327449887e-1 6.9476238480782826e-1
    6.9485282595858022e-1 6.9493388076226181e-1 6.9501405144092132e-1
    6.951032716542288e-1 6.9513389546173132e-1 6.9529537188729873e-1
    6.9534542606684879e-1 6.9536159195997083e-1 6.9545819012718213e-1
    6.954768878335017e-1 6.956612051591643e-1 6.9569955585608445e-1
    6.957099854045985e-1 6.9579670979965158e-1 6.9586612044222418e-1
    6.9591158778348472e-1 6.9619379438589546e-1 6.9657164208990707e-1
    6.9671120229406824e-1 6.9673240325489261e-1 6.9683098311257452e-1
    6.97111677373219e-1 6.9752634033063388e-1 6.9757177604157861e-1
    6.9761917752085922e-1 6.9779478969954312e-1 6.9785224843030846e-1
    6.9795373398275318e-1 6.979848207868351e-1 6.9820917517865222e-1
    6.9823293165637346e-1 6.9839197904129835e-1 6.9847691180374183e-1
    6.9855112582445145e-1 6.9855388288598463e-1 6.9880003790751744e-1
    6.9892179768771712e-1 6.9898584479985204e-1 6.9945031768584154e-1
    6.9961463767919796e-1 6.9981068409720137e-1 7.0000885621789166e-1
    7.0035136064626613e-1 7.0045094175516165e-1 7.005113739054748e-1
    7.0053209644437298e-1 7.0081357568169556e-1 7.0085780318063162e-1
    7.0092765329257289e-1 7.0102378815123045e-1 7.0112102248926278e-1
    7.012491363241431e-1 7.0152506608765175e-1 7.0163501356715385e-1
    7.0171141650176394e-1 7.0175138826039074e-1 7.0225007413853291e-1
    7.0226040755937902e-1 7.0226860973899163e-1 7.0235416536629602e-1
    7.0262265686869796e-1 7.0279188409417004e-1 7.0287022567572421e-1
    7.0301157545878823e-1 7.0345079420117562e-1 7.0346101859320243e-1
    7.0367126428269933e-1 7.0375516019124584e-1 7.0378451515434792e-1
    7.0522857473101797e-1 7.0531491048038786e-1 7.054628625210998e-1
    7.0616748793827355e-1 7.0618367492716061e-1 7.0625233946313004e-1
    7.0629670478089268e-1 7.0651076638740862e-1 7.0652048658685085e-1
    7.0655163182818792e-1 7.0657449256435712e-1 7.0658136240017488e-1
    7.0679733871371098e-1 7.0685492475291767e-1 7.0692612634616125e-1
    7.0699275352389024e-1 7.0702801314966257e-1 7.0725432685828438e-1
    7.0725500565575727e-1 7.0746714510813846e-1 7.0750015605749472e-1
    7.0759115444756726e-1 7.0810536247508082e-1 7.0834020438642253e-1
    7.0841168052427084e-1 7.0843504070973562e-1 7.0846017509570125e-1
    7.0861354755024053e-1 7.0868746605356137e-1 7.0874689062661678e-1
    7.0904762631114082e-1 7.0911827274961647e-1 7.0939837756908342e-1
    7.0942051802268746e-1 7.0989159404379054e-1 7.0992921773988982e-1
    7.1058865446436603e-1 7.1069734885429625e-1 7.1078721831781877e-1
    7.1087405941722992e-1 7.1102718926061115e-1 7.1103628529503604e-1
    7.1136636641415407e-1 7.1137296606411837e-1 7.1182032175697296e-1
    7.1191506083011646e-1 7.121862895897948e-1 7.1237492353105836e-1
    7.124633835911709e-1 7.1305271406417892e-1 7.130962954946275e-1
    7.1340016677822859e-1 7.1354694950220865e-1 7.1411998534394017e-1
    7.1429319276444403e-1 7.144662056328922e-1 7.144858504831807e-1
    7.1449960776294574e-1 7.1455515051711704e-1 7.1487031379381893e-1
    7.15167914613005e-1 7.1542114820431379e-1 7.1547617415386744e-1
    7.1561640526434445e-1 7.1574761603335446e-1 7.1581969242379273e-1
    7.1590926917435194e-1 7.160633701098732e-1 7.1611329404886415e-1
    7.1615951569265235e-1 7.1626348322019517e-1 7.1645211335800763e-1
    7.1657724918031818e-1 7.1663802221064543e-1 7.1698204445419833e-1
    7.1708509721603064e-1 7.170960275295577e-1 7.1746699689153748e-1
    7.1775466384497122e-1 7.1806989622281336e-1 7.1841601972837454e-1
    7.1841787096735743e-1 7.1887486682044255e-1 7.1916650206336874e-1
    7.1988292558116884e-1 7.2007955094954923e-1 7.202661278331236e-1
    7.2045849754752256e-1 7.2052780058483124e-1 7.2054477261887462e-1
    7.2056762194540624e-1 7.2066596451269205e-1 7.2096523141145652e-1
    7.2164313676239544e-1 7.2192457315244007e-1 7.2223868655410939e-1
    7.2229401640519919e-1 7.2229732040758876e-1 7.224835280955233e-1
    7.2249463193193975e-1 7.225569949580859e-1 7.2295007830806368e-1
    7.2309920492079982e-1 7.2324833098946328e-1 7.233219342376489e-1
    7.2334933062127216e-1 7.2372727798218273e-1 7.2382535094318423e-1
    7.2417155492239549e-1 7.2430768835965864e-1 7.2456130543737762e-1
    7.2466564080386064e-1 7.247190588546718e-1 7.2475903623217164e-1
    7.2495390526250958e-1 7.2498392772331499e-1 7.250169495058193e-1
    7.2519607376953998e-1 7.2535075107085012e-1 7.2554433523633965e-1
    7.2575739758885904e-1 7.2612781709995033e-1 7.264433852325799e-1
    7.2649143291999441e-1 7.265551069771391e-1 7.2711331822564618e-1
    7.2735905891940178e-1 7.2739159714028578e-1 7.2739539537120768e-1
    7.2749213670262436e-1 7.2752142449189705e-1 7.2759825949910095e-1
    7.2765042541700498e-1 7.2765204981965326e-1 7.2810360174507882e-1
    7.2826465330912138e-1 7.2833835130331859e-1 7.2856426306682354e-1
    7.2856784395194807e-1 7.2865892317535819e-1 7.2884365881682245e-1
    7.2899152099348108e-1 7.2926149429854881e-1 7.2932768284579197e-1
    7.2936711645326635e-1 7.299668674155555e-1 7.3004556847572322e-1
    7.3005354626399754e-1 7.305367185635987e-1 7.3059899523104832e-1
    7.3067509251373286e-1 7.3125874915207789e-1 7.314882288374065e-1
    7.3160068469051109e-1 7.3169454195186745e-1 7.3249942878439356e-1
    7.3250392994593005e-1 7.325190389425188e-1 7.3334810563769681e-1
    7.3360129947118369e-1 7.3410760039661793e-1 7.3422635380848078e-1
    7.3432795173084742e-1 7.3476256355039971e-1 7.3498651014869487e-1
    7.3535454926868782e-1 7.3535592164721075e-1 7.3555372191921464e-1
    7.3574046933720894e-1 7.3575406007135924e-1 7.3587952222059128e-1
    7.3591246696692414e-1 7.3594756083134094e-1 7.3611420013268969e-1
    7.364203127293959e-1 7.3666190695143996e-1 7.3742202475568774e-1
    7.3742610857395141e-1 7.3757360609509059e-1 7.3800617951704339e-1
    7.3821775855924443e-1 7.3838927945030264e-1 7.3863531381357461e-1
    7.3864541076100065e-1 7.3885785497168399e-1 7.3908659736728377e-1
    7.3935717661561284e-1 7.3973876533079874e-1 7.4035147818972291e-1
    7.4111800110828574e-1 7.4123916993016792e-1 7.4135133921835306e-1
    7.4135646713148162e-1 7.4141701820781236e-1 7.4162426343307497e-1
    7.4235111718371627e-1 7.423988601386472e-1 7.4276646259491741e-1
    7.4288763858783113e-1 7.4292374672526762e-1 7.4305140333314057e-1
    7.4313951569671521e-1 7.4330474157437088e-1 7.4332994902814187e-1
    7.4346245837576441e-1 7.4368501326417802e-1 7.4407746977522038e-1
    7.441113507652517e-1 7.4424127150812325e-1 7.448167888563727e-1
    7.4543955879132939e-1 7.4561515341395079e-1 7.4614171121311301e-1
    7.4632246051608797e-1 7.4636712200362332e-1 7.4650733380428846e-1
    7.466380603309517e-1 7.468714703887015e-1 7.4690074000903095e-1
    7.472810791507527e-1 7.4746323483009292e-1 7.4820057989359157e-1
    7.4832387664072153e-1 7.4854807752118779e-1 7.4886728516629442e-1
    7.4893609287058782e-1 7.4912269450231339e-1 7.4919037387826393e-1
    7.4938578145122392e-1 7.4942875198121328e-1 7.4949395398531726e-1
    7.4951128902438313e-1 7.4953782834753235e-1 7.4961171887389355e-1
    7.4969555357972695e-1 7.4976015001383145e-1 7.4978004927024811e-1
    7.4978320739537596e-1 7.4980506898314814e-1 7.4990994862944471e-1
    7.4993736632786745e-1 7.5013988881482874e-1 7.5016488629750877e-1
    7.5018528393081851e-1 7.5019343916838721e-1 7.5029796858275821e-1
    7.5030443907479594e-1 7.5033099228750189e-1 7.506376117151955e-1
    7.5066940134308879e-1 7.5088162327256214e-1 7.5092178619241845e-1
    7.5097951781623351e-1 7.5106882730542568e-1 7.5129942079919687e-1
    7.5130701971172376e-1 7.5152655380247779e-1 7.5157637842521585e-1
    7.5179565947951232e-1 7.5225991982233609e-1 7.5249782173386848e-1
    7.5268818175316454e-1 7.5310058026102178e-1 7.5339463246609739e-1
    7.53767835435318e-1 7.5404393317842278e-1 7.5423638128048964e-1
    7.5426856282988408e-1 7.5427119251721053e-1 7.5427375227354787e-1
    7.5430911721887239e-1 7.5454204728339391e-1 7.545705009146001e-1
    7.5469096440128847e-1 7.5495600537749397e-1 7.5503480772658804e-1
    7.5516043047809944e-1 7.5553358958669037e-1 7.5564654995039082e-1
    7.5595755713806689e-1 7.5596144853212044e-1 7.5627204765928235e-1
    7.5653480732398748e-1 7.5668574920537135e-1 7.5672403820004774e-1
    7.5675627620050057e-1 7.5677067940912623e-1 7.568534266325514e-1
    7.5699070330321661e-1 7.5762102474039816e-1 7.576440435852253e-1
    7.5798204171451289e-1 7.5828428491421818e-1 7.5829650605018939e-1
    7.5832553219224796e-1 7.5871975007976289e-1 7.5901873859629632e-1
    7.591177998101557e-1 7.5927240850014643e-1 7.5949516330820188e-1
    7.5952090317022425e-1 7.5972427068733273e-1 7.5974736677908372e-1
    7.598028176042817e-1 7.5999228093221516e-1 7.6046080138421535e-1
    7.6051370584744404e-1 7.6062828924000314e-1 7.6076500254765733e-1
    7.6076630086431996e-1 7.6095347047652873e-1 7.6119905506922281e-1
    7.6129413958967362e-1 7.6143946010870422e-1 7.6189772327951588e-1
    7.6192499851622419e-1 7.6197834088405902e-1 7.6230553307166815e-1
    7.6234784132429922e-1 7.625288177717493e-1 7.6259619722986827e-1
    7.62705873464256e-1 7.6295089066729815e-1 7.6297206374078996e-1
    7.6302545369600239e-1 7.6347996862128553e-1 7.6367609327714736e-1
    7.6394647844144858e-1 7.6411751342004663e-1 7.6416691118129165e-1
    7.6516167226293419e-1 7.6561688047067944e-1 7.6571176084022829e-1
    7.6580951528133789e-1 7.6615897629264706e-1 7.6617634140992175e-1
    7.6629683396327486e-1 7.6630289143344676e-1 7.6675358612293265e-1
    7.6709638633589994e-1 7.6815136725979916e-1 7.6887730625844597e-1
    7.6893143561181887e-1 7.6926252464196898e-1 7.6965773745963484e-1
    7.6966202472976875e-1 7.6969794656807522e-1 7.7003417803085006e-1
    7.7021716515723293e-1 7.7027216409601351e-1 7.703679203604944e-1
    7.7072637453251702e-1 7.7083994689230007e-1 7.7089007660615605e-1
    7.7126318574367758e-1 7.7142413561514334e-1 7.7208511775734223e-1
    7.7234444710172412e-1 7.7240894892329381e-1 7.7243031623493152e-1
    7.7246712808745444e-1 7.7258924369996551e-1 7.7263117332131515e-1
    7.7283504382997614e-1 7.729685035903292e-1 7.733852052370922e-1
    7.7342484019914082e-1 7.7356149508750605e-1 7.736080705902334e-1
    7.7362707288557431e-1 7.736644890074289e-1 7.7385543514589827e-1
    7.7396210252994602e-1 7.7396917802934695e-1 7.7397518299932244e-1
    7.7414965724219653e-1 7.7415006561283106e-1 7.742006958144223e-1
    7.7423636469261092e-1 7.7489957652660446e-1 7.7497223864611442e-1
    7.7497533281984943e-1 7.7505034085760371e-1 7.7509185522520363e-1
    7.7524082691752483e-1 7.7567733666089678e-1 7.7728479369371983e-1
    7.7748773791907821e-1 7.7749725531748481e-1 7.7772341588875604e-1
    7.7791286033493634e-1 7.7835902764018605e-1 7.7899079546722305e-1
    7.7928823973400085e-1 7.7963405019987808e-1 7.797735241006194e-1
    7.7989545260900028e-1 7.8041143226424281e-1 7.8151888072770814e-1
    7.8190467609448955e-1 7.8192811082932201e-1 7.819517537785714e-1
    7.8232053200583163e-1 7.8251787202399703e-1 7.8261050530460352e-1
    7.8271668229390345e-1 7.8297289822398852e-1 7.8338116299623839e-1
    7.8351657975545097e-1 7.8383476262636331e-1 7.8384458717548777e-1
    7.8444942679558949e-1 7.8473401094652218e-1 7.8514568451573719e-1
    7.8528937898378592e-1 7.8546161501492406e-1 7.8552787990414197e-1
    7.8554489161001584e-1 7.8557558090687962e-1 7.8561606999805922e-1
    7.8565454979487492e-1 7.8606856134479131e-1 7.8609131441920577e-1
    7.8631862534267127e-1 7.8674631536132433e-1 7.8713523372750516e-1
    7.8718870275247355e-1 7.8764001684501439e-1 7.8769796013368709e-1
    7.877944733605049e-1 7.8779517957520351e-1 7.8785991662587351e-1
    7.8786016879005016e-1 7.8791029344922048e-1 7.8793951391761852e-1
    7.8808832247145233e-1 7.8811786592029875e-1 7.8831442444936783e-1
    7.8881392778254167e-1 7.8956639964235364e-1 7.8976613713775801e-1
    7.8978082746425571e-1 7.8995669971897087e-1 7.8996505969794273e-1
    7.9002035174073626e-1 7.9002955703943678e-1 7.9004361256638733e-1
    7.9005233625034632e-1 7.901166919419893e-1 7.9033242354216782e-1
    7.9039410236722085e-1 7.9044690277883745e-1 7.9044749113322155e-1
    7.905208858725018e-1 7.9066610098664114e-1 7.9092129679775103e-1
    7.9099876490545284e-1 7.9148597541234267e-1 7.9148789813561138e-1
    7.9155396278896328e-1 7.9159476995300793e-1 7.9159788309934809e-1
    7.917079920241008e-1 7.9203455713084736e-1 7.9212709303075302e-1
    7.925356794369236e-1 7.9270780765111226e-1 7.9342210225441556e-1
    7.9353233504033682e-1 7.9356624452942981e-1 7.9363971615725859e-1
    7.9379459483080461e-1 7.9390057670949921e-1 7.9407924928659668e-1
    7.9428769883015771e-1 7.9461564409452223e-1 7.9463361180627801e-1
    7.9477560080548371e-1 7.9484882411790947e-1 7.948947368181507e-1
    7.9500703777790704e-1 7.9517541729385099e-1 7.9520811125576074e-1
    7.9522129771726213e-1 7.9544548319758712e-1 7.9554316800631564e-1
    7.9559955124930182e-1 7.9561345371399106e-1 7.957261770679338e-1
    7.9590486874379474e-1 7.9594195421503855e-1 7.9611788619071633e-1
    7.9617920544335774e-1 7.9632086111523681e-1 7.9635636122581366e-1
    7.9636549553091152e-1 7.9649552662008316e-1 7.9674636890160855e-1
    7.9681450191419567e-1 7.9699299919434452e-1 7.9728996707601452e-1
    7.9737422432526728e-1 7.9739913715112232e-1 7.9749006387994215e-1
    7.9758260790546842e-1 7.9773468168441464e-1 7.9779519078163053e-1
    7.9795146317924259e-1 7.9804478791493239e-1 7.9861401500920692e-1
    7.9897009927244655e-1 7.9924735595841412e-1 7.9985122527129227e-1
    8.0014770176326655e-1 8.0017964744671521e-1 8.0042751560642955e-1
    8.0046166599095159e-1 8.0069995731997146e-1 8.0074961221518082e-1
    8.0088041984297176e-1 8.0127057465529106e-1 8.0133549419474548e-1
    8.0148665076058023e-1 8.0158183324054089e-1 8.0194460090206121e-1
    8.0213262823963305e-1 8.0230102264815484e-1 8.024316782157257e-1
    8.0266556771870123e-1 8.0302382085776314e-1 8.032359692404043e-1
    8.034078622660874e-1 8.0345068232092365e-1 8.0348725325989612e-1
    8.0372241655030463e-1 8.0377613978858298e-1 8.0454873243065272e-1
    8.046821995365766e-1 8.0478901346051546e-1 8.0483751550764282e-1
    8.0492582551934377e-1 8.0525124323467023e-1 8.0608035015289459e-1
    8.0613884401427638e-1 8.0618838307354967e-1 8.0631722017315044e-1
    8.063391229694844e-1 8.0653709366612247e-1 8.0669382610047558e-1
    8.0673931566404156e-1 8.0676974691732539e-1 8.0680043001319224e-1
    8.068088742026589e-1 8.0709816085254715e-1 8.0712462919855166e-1
    8.0728941791899578e-1 8.0765757070948896e-1 8.0770819052725074e-1
    8.0779626256353365e-1 8.0800291108478173e-1 8.0823863780602145e-1
    8.0830586589934228e-1 8.0839769088124735e-1 8.0868822221318626e-1
    8.0874357428376697e-1 8.0882783835925243e-1 8.088506782600916e-1
    8.093404715460224e-1 8.0956295476000217e-1 8.0972316937293276e-1
    8.0984956744597036e-1 8.1004861564017316e-1 8.1009861391044069e-1
    8.103256442306398e-1 8.1041332670129118e-1 8.106959509641456e-1
    8.1075174109309955e-1 8.1088050794741406e-1 8.1105433664142768e-1
    8.113999829546239e-1 8.1160132217246428e-1 8.1160209433085129e-1
    8.1175337680474513e-1 8.1199602387476422e-1 8.1218539047376903e-1
    8.1282704996547184e-1 8.1351296555809915e-1 8.1369645327439299e-1
    8.1374086989658934e-1 8.138536439884092e-1 8.1396198157585786e-1
    8.1415881385930788e-1 8.1428488762403506e-1 8.1435030826096411e-1
    8.143655114699363e-1 8.1467123710808664e-1 8.1492871620346818e-1
    8.1501719601925515e-1 8.1534536238197319e-1 8.1537796814397245e-1
    8.1540366998530089e-1 8.1590935359986361e-1 8.1596219392918101e-1
    8.1607593407454715e-1 8.1618475669021107e-1 8.1630351113714517e-1
    8.1675450554831741e-1 8.1695414351302786e-1 8.1696293796028385e-1
    8.1708311610867668e-1 8.1709114371707459e-1 8.1719585328775268e-1
    8.1728910527431253e-1 8.174727537956793e-1 8.1765053426843226e-1
    8.1817688053547499e-1 8.183881734069639e-1 8.1873808198752163e-1
    8.1892080955226443e-1 8.1902492969030993e-1 8.1903324851653758e-1
    8.1918190316218897e-1 8.2011933327112274e-1 8.2013809249303904e-1
    8.2021926198231088e-1 8.20444485675489e-1 8.2075778804059496e-1
    8.2087536362109859e-1 8.2126913724922901e-1 8.2144420341238344e-1
    8.2158582098769073e-1 8.2167200370531646e-1 8.2173299914608255e-1
    8.2212260308085661e-1 8.2218578267929843e-1 8.2228444173551907e-1
    8.2229057019526408e-1 8.2231606606516527e-1 8.223213683393169e-1
    8.2238946246184241e-1 8.2250628956876426e-1 8.2259016095049442e-1
    8.2269106129733705e-1 8.2272735137104291e-1 8.2279938148485599e-1
    8.2291729555163329e-1 8.2327781954297408e-1 8.2389112530230102e-1
    8.2392700361807714e-1 8.2462979729768904e-1 8.2467554772881613e-1
    8.2480756252938259e-1 8.2485778572434754e-1 8.2511449485326693e-1
    8.251689916085525e-1 8.2524829063333982e-1 8.2604154579178157e-1
    8.2700103223646693e-1 8.2756061002971493e-1 8.277222604955341e-1
    8.2815935587436229e-1 8.2845474767307481e-1 8.284683788041548e-1
    8.2881723864575174e-1 8.2894737572642041e-1 8.2933965504162188e-1
    8.2935874678446453e-1 8.2942360470951826e-1 8.2944402816144702e-1
    8.2970725989098359e-1 8.2982941214299899e-1 8.2993863179526672e-1
    8.3025994982718165e-1 8.3028474835868515e-1 8.3029909320450512e-1
    8.3062690701897279e-1 8.3071978497810051e-1 8.3081256635034606e-1
    8.3088273809203206e-1 8.3137583692368933e-1 8.3153264886095712e-1
    8.3158875399612953e-1 8.3160679453079533e-1 8.317321530511208e-1
    8.3225331029828709e-1 8.3273862613350502e-1 8.3275869377566636e-1
    8.3277031685975089e-1 8.3284367142550764e-1 8.3290919553937781e-1
    8.3314330215829102e-1 8.3316866934535483e-1 8.3336955205816465e-1
    8.3359288724577707e-1 8.3360926653910739e-1 8.3361488278244777e-1
    8.3378729287172371e-1 8.3424239399130329e-1 8.3430729623341904e-1
    8.3468451536896282e-1 8.3477212198545203e-1 8.350174570671568e-1
    8.3517015752534007e-1 8.3530224576575818e-1 8.3539053699971388e-1
    8.355880329055354e-1 8.3574761688237231e-1 8.3625994238855128e-1
    8.3636226031376282e-1 8.3705887035290516e-1 8.3755493469618614e-1
    8.377482656695231e-1 8.3857360264601088e-1 8.3864371103855873e-1
    8.3873822304735768e-1 8.3876289869112952e-1 8.3914997273067071e-1
    8.3915471496792249e-1 8.3967184573066334e-1 8.3997349677051147e-1
    8.4102252971015334e-1 8.4117624103275068e-1 8.4173045961938442e-1
    8.4173446089134818e-1 8.4204101775048912e-1 8.4207984107927458e-1
    8.4209280101705575e-1 8.4220752152517819e-1 8.4233350960353581e-1
    8.4240205583988759e-1 8.4241411229699481e-1 8.4245214114227041e-1
    8.4252220680998979e-1 8.425584527855392e-1 8.4281364032914197e-1
    8.4295485036466289e-1 8.4370512539362608e-1 8.4385142379414901e-1
    8.4395639057790961e-1 8.4408359743702022e-1 8.4434374165937243e-1
    8.4457859436452054e-1 8.4477455704518434e-1 8.4485373561210508e-1
    8.4495867719088991e-1 8.4523036702896404e-1 8.4547191622641549e-1
    8.45474801695976e-1 8.4568327180386405e-1 8.4602307364881801e-1
    8.4605635298441939e-1 8.4636674010041846e-1 8.4651342157349063e-1
    8.466465465676265e-1 8.466593834424202e-1 8.4673768422629792e-1
    8.4679738759728451e-1 8.4693144198187531e-1 8.4693430849147266e-1
    8.4694859117612187e-1 8.4722063156414151e-1 8.4723867545662868e-1
    8.4744329160112097e-1 8.4746860040386307e-1 8.4767200082179828e-1
    8.4775695806147267e-1 8.4777275094054405e-1 8.4798461835327998e-1
    8.4807739020016015e-1 8.4811563803771151e-1 8.4826816959575813e-1
    8.4832506017392006e-1 8.4841855944846012e-1 8.4857035968542505e-1
    8.4924343980246708e-1 8.4928053173700846e-1 8.4943734434216367e-1
    8.4959514517944024e-1 8.49920689632784e-1 8.4992522261908177e-1
    8.500039667467516e-1 8.5008348229985131e-1 8.5020740743493661e-1
    8.5026391928122391e-1 8.5034303049355908e-1 8.5040894461920402e-1
    8.5198120376950703e-1 8.520459222178639e-1 8.5256914431218433e-1
    8.5263316347190998e-1 8.5266719986866524e-1 8.5320234398534467e-1
    8.5365694800966596e-1 8.5374995842357748e-1 8.5415629122540149e-1
    8.5416339960402188e-1 8.5447156410656233e-1 8.5462248310960831e-1
    8.5467339736922243e-1 8.5477434150567433e-1 8.5483868931078177e-1
    8.5493438824836887e-1 8.5524664734600719e-1 8.5588914375432523e-1
    8.560822632027173e-1 8.5621807719139398e-1 8.5642928081011227e-1
    8.5646617475299536e-1 8.5660269765719477e-1 8.5662486980252195e-1
    8.5680829131388236e-1 8.571548208993508e-1 8.5720874939772784e-1
    8.5746222397470517e-1 8.5749522316250981e-1 8.5750604326048574e-1
    8.5758482215542242e-1 8.5774652851878275e-1 8.5821409700308016e-1
    8.5848848978882109e-1 8.5865493014236038e-1 8.5878707144263444e-1
    8.590084950016138e-1 8.5918867035979929e-1 8.5933042606200161e-1
    8.5936512258937603e-1 8.5936572286679314e-1 8.5959722457982934e-1
    8.5964944010136912e-1 8.5966291203902756e-1 8.5976022524314433e-1
    8.6008720194018906e-1 8.6025500363157337e-1 8.6030666120705068e-1
    8.6042559164684462e-1 8.6047025806725619e-1 8.6105352584439743e-1
    8.6113245306397501e-1 8.6114237244146352e-1 8.6147468972416164e-1
    8.6164881016566142e-1 8.6227066763569837e-1 8.6233004228165555e-1
    8.6262111914845718e-1 8.6262780240588199e-1 8.6263979691261738e-1
    8.6265748037521917e-1 8.6280908876742612e-1 8.6301976346658194e-1
    8.6312446243285501e-1 8.6335091202909098e-1 8.6337203109646254e-1
    8.6339012946502858e-1 8.6342957983119306e-1 8.6347442410385611e-1
    8.645211725157651e-1 8.6501573490968442e-1 8.6504335927818632e-1
    8.6511399169112335e-1 8.6515952794171525e-1 8.6531654561878213e-1
    8.6544442653490705e-1 8.655364443146254e-1 8.6581452006872361e-1
    8.6584503529422507e-1 8.6616277330358571e-1 8.6633009547006168e-1
    8.6635925960044913e-1 8.6654674764150741e-1 8.665594011424218e-1
    8.6667723242535433e-1 8.6668678266274091e-1 8.6694542168652333e-1
    8.6702140854635623e-1 8.6714543184718262e-1 8.6785697018538599e-1
    8.6804248620540292e-1 8.6836424256008671e-1 8.6837488796245454e-1
    8.6848026560977587e-1 8.7002112733830472e-1 8.7024962561541286e-1
    8.7030835723144262e-1 8.7059109295912807e-1 8.7108494566330463e-1
    8.7119939033852589e-1 8.7132983372302986e-1 8.7136723345215616e-1
    8.7138267514364998e-1 8.7138329024764971e-1 8.7200034718989627e-1
    8.7215393255828533e-1 8.7269323683794942e-1 8.7274651766836087e-1
    8.7276498006958714e-1 8.7277323894786607e-1 8.7281387646171427e-1
    8.7282914053712379e-1 8.7305152610824732e-1 8.7327442210549966e-1
    8.7403155276226441e-1 8.7412540307846032e-1 8.7420136618493416e-1
    8.7420629470401379e-1 8.7426177260918592e-1 8.7431289338485385e-1
    8.7448963592578366e-1 8.7454915937951228e-1 8.7456053063704076e-1
    8.7462312300344058e-1 8.7462872156277172e-1 8.7471140969882977e-1
    8.7494836518642061e-1 8.7496558826044291e-1 8.7496756129121422e-1
    8.7538473898465397e-1 8.7539192734345761e-1 8.7543163443154171e-1
    8.7543462129892757e-1 8.7567930906202074e-1 8.7614578069700433e-1
    8.7614762966063608e-1 8.7618284478993758e-1 8.7666743418022008e-1
    8.7670940242164774e-1 8.7672347926036309e-1 8.7673300669324539e-1
    8.7701484322747092e-1 8.7702135133542924e-1 8.7720241750104022e-1
    8.7761321460197905e-1 8.7781042966371392e-1 8.7810628395047274e-1
    8.7826811497602653e-1 8.7839641064970242e-1 8.7910820879187668e-1
    8.7928282782262712e-1 8.7930556125390269e-1 8.7932595534223468e-1
    8.7953311932514566e-1 8.7958987313538728e-1 8.7976802708471624e-1
    8.8000832113984873e-1 8.8014615203298618e-1 8.8048672239985992e-1
    8.8064496116255342e-1 8.8080334214726008e-1 8.809571457724944e-1
    8.8101708112952792e-1 8.8105468991696922e-1 8.8108284014862193e-1
    8.8108866229224858e-1 8.8123985683711226e-1 8.8127142313071827e-1
    8.8162045726576255e-1 8.8170190953765082e-1 8.8174640442113217e-1
    8.822188618671134e-1 8.8261596416267218e-1 8.8305203488653206e-1
    8.8310812786585302e-1 8.8346105469133818e-1 8.8349376227932097e-1
    8.8374932645922399e-1 8.8377595013673726e-1 8.8389676136182516e-1
    8.8441556064423243e-1 8.8451026392544918e-1 8.8505418583590656e-1
    8.8515853814322198e-1 8.8517722799736021e-1 8.8523756046567215e-1
    8.8535175360775609e-1 8.8558166866174459e-1 8.8568950219491349e-1
    8.8574082109498709e-1 8.8668502396808435e-1 8.8689236974346386e-1
    8.8691031520293107e-1 8.8708354190314365e-1 8.8709942813193265e-1
    8.8777355780050327e-1 8.8811391775567472e-1 8.8824597505871294e-1
    8.8835682893984214e-1 8.8852670873620809e-1 8.886986214463124e-1
    8.8874398048196213e-1 8.8879011682695364e-1 8.889108733460489e-1
    8.894480555784412e-1 8.8951653184955148e-1 8.8957478779697596e-1
    8.8974345967944823e-1 8.8975269219745312e-1 8.8980003323836176e-1
    8.9005599169678362e-1 8.9024651091358464e-1 8.9030887301679384e-1
    8.9039827840906582e-1 8.9046310592914324e-1 8.9100988571990458e-1
    8.9128593509065013e-1 8.9174382867002511e-1 8.921681451540735e-1
    8.9250527219772791e-1 8.9267384050409804e-1 8.9276539439158242e-1
    8.9279624631190013e-1 8.9322281207129584e-1 8.9330918497734679e-1
    8.9332971680265572e-1 8.9346782518640566e-1 8.9393441456684286e-1
    8.9394325723496881e-1 8.9405856008525009e-1 8.9413124043613834e-1
    8.9428466726349143e-1 8.9430149511515211e-1 8.9430177521237719e-1
    8.9430716038844238e-1 8.9460916002808522e-1 8.9482585565242012e-1
    8.9505088535943289e-1 8.9508017064463274e-1 8.954015720648385e-1
    8.9543824373549796e-1 8.9550576912743052e-1 8.9559596699984922e-1
    8.9574602173598239e-1 8.9593986681987303e-1 8.96231711188193e-1
    8.9631417272721592e-1 8.9649284597680889e-1 8.9659830180006694e-1
    8.9671962956375262e-1 8.9688634848749871e-1 8.9701210852035729e-1
    8.970453781893184e-1 8.972591531936871e-1 8.9736445335711323e-1
    8.9738095185259681e-1 8.9751203700427595e-1 8.9781684694044084e-1
    8.9842019659545258e-1 8.9903258194014291e-1 8.9908435134799447e-1
    8.9924486013296701e-1 8.9975499828830152e-1 8.998587862737395e-1
    9.0026233836228386e-1 9.0060829284342014e-1 9.0116038480600769e-1
    9.0138203831975261e-1 9.0160718243919291e-1 9.018422064809215e-1
    9.0184296078655279e-1 9.0200906717996077e-1 9.022310706531016e-1
    9.0240400246182162e-1 9.0283091807577875e-1 9.029845166683117e-1
    9.0314790270695089e-1 9.0320080485525978e-1 9.0335106501393059e-1
    9.033732447454289e-1 9.0357349323078651e-1 9.0362403819290193e-1
    9.0365242676755642e-1 9.0367692160907609e-1 9.0370277149140743e-1
    9.0378417880547202e-1 9.0443705456300449e-1 9.0476599769917809e-1
    9.0495621375274438e-1 9.0517108076210206e-1 9.0542078074611254e-1
    9.066790816488719e-1 9.0682535979431123e-1 9.0762377177452436e-1
    9.0776859272131105e-1 9.0785960146643319e-1 9.0786778696188519e-1
    9.0796369740362737e-1 9.0798288524474624e-1 9.0848207343969989e-1
    9.0851012472205639e-1 9.0867927080429922e-1 9.0878485224368433e-1
    9.0892359107192533e-1 9.0989826004806673e-1 9.103096322990496e-1
    9.1077789372475304e-1 9.1122939125891989e-1 9.1158870052432961e-1
    9.1161498955593745e-1 9.1170768028314342e-1 9.1181884460302176e-1
    9.1198243420205927e-1 9.1198373269233457e-1 9.1201909148171012e-1
    9.1211562702274018e-1 9.128945056058001e-1 9.133133410136054e-1
    9.1338474777780898e-1 9.1344847987849265e-1 9.139901840007838e-1
    9.1409353904026602e-1 9.1410244954954578e-1 9.1418732596919194e-1
    9.1451947456907878e-1 9.147665189069869e-1 9.1488669992677385e-1
    9.1526154872917687e-1 9.1528221262413156e-1 9.153103448921911e-1
    9.1558422046637133e-1 9.1570959043989808e-1 9.1590532862392138e-1
    9.1595641645585602e-1 9.1646149072184924e-1 9.1654680583599202e-1
    9.1661838424494946e-1 9.1663900491572092e-1 9.1673853510568348e-1
    9.1685633968099867e-1 9.1687238567994556e-1 9.1711882954368773e-1
    9.1724498861481152e-1 9.1764812580840949e-1 9.1769972866794502e-1
    9.1798252616536047e-1 9.1822492275696277e-1 9.1833708112871193e-1
    9.1852561036427816e-1 9.1882849410176282e-1 9.1890900212001725e-1
    9.1894202989828955e-1 9.1904667677317775e-1 9.1946318568381813e-1
    9.1983105217957473e-1 9.1999742562311437e-1 9.2016374334741613e-1
    9.2035860770376843e-1 9.2036986482565097e-1 9.203712797467839e-1
    9.2103028093670214e-1 9.2108751622417917e-1 9.2114902698667722e-1
    9.2137080456265608e-1 9.2141743710672019e-1 9.2157459077964177e-1
    9.2181953630580438e-1 9.2194207766671354e-1 9.2211464901738505e-1
    9.2219476557617475e-1 9.2237839784183961e-1 9.2239094117030618e-1
    9.2249440702698848e-1 9.2287514667686987e-1 9.2299304574203234e-1
    9.2393657937332141e-1 9.240616741403187e-1 9.2409399553264393e-1
    9.2414286382984301e-1 9.2429187437836746e-1 9.2438870034686715e-1
    9.2444407511616844e-1 9.2451325659692429e-1 9.2461418140483143e-1
    9.2467033872019655e-1 9.247579636309865e-1 9.2484308899147438e-1
    9.2493411189207109e-1 9.25122356270208e-1 9.2527019745031269e-1
    9.2537166054107733e-1 9.2541171297780234e-1 9.2549726680554156e-1
    9.2613054607941847e-1 9.2615660369961006e-1 9.2636928751230696e-1
    9.2644871615289048e-1 9.2647289608787564e-1 9.2688395817418723e-1
    9.2714204161717362e-1 9.2715382550176173e-1 9.2720360558196258e-1
    9.2754482622745449e-1 9.2764247910248998e-1 9.278849517540948e-1
    9.279806803185946e-1 9.2829357133086887e-1 9.2834490901286704e-1
    9.2858067313313264e-1 9.2890212892723412e-1 9.2894093185587834e-1
    9.2898305120816072e-1 9.291286661793694e-1 9.2974026417532518e-1
    9.298947133398997e-1 9.3023357389647576e-1 9.304089789842086e-1
    9.3050313425705355e-1 9.3054234235132749e-1 9.3103189887116444e-1
    9.312869563926337e-1 9.3144425787244245e-1 9.3148131969992387e-1
    9.3159091555848283e-1 9.3190407073489545e-1 9.322126257964426e-1
    9.3224607660951209e-1 9.3224878069850092e-1 9.3237429538971806e-1
    9.3239839495054189e-1 9.325014288542206e-1 9.335155146068751e-1
    9.3361042044580245e-1 9.3365277470093133e-1 9.3401725236609912e-1
    9.3420717900436201e-1 9.3428384949856991e-1 9.3428919778701436e-1
    9.3435104384168099e-1 9.344464401513376e-1 9.3468179968385812e-1
    9.3470813449293932e-1 9.3475383292670811e-1 9.3490958504289667e-1
    9.3510583085662802e-1 9.3520858898494907e-1 9.354379396186232e-1
    9.3600751407132066e-1 9.3615158463520254e-1 9.3635298540690803e-1
    9.3644074018448009e-1 9.3648249920609794e-1 9.3652545885697691e-1
    9.3654100429871501e-1 9.3666069942933061e-1 9.3712132980011931e-1
    9.3762343340813459e-1 9.3774970215044962e-1 9.3779695856940748e-1
    9.3792585174439869e-1 9.3811606680348802e-1 9.3813501383176856e-1
    9.3842381035437938e-1 9.3875535989609493e-1 9.3883564316790091e-1
    9.3901685723727091e-1 9.3935422185677453e-1 9.3968621264548347e-1
    9.399840051951287e-1 9.4014278235187831e-1 9.4014855772080153e-1
    9.4016247196058045e-1 9.4018687375491938e-1 9.4023811874857144e-1
    9.4026425529435598e-1 9.4046606756255646e-1 9.4066251125013878e-1
    9.4110460187989986e-1 9.4115956086202457e-1 9.4137136982953962e-1
    9.4204936850138665e-1 9.420882896843068e-1 9.4267047779330826e-1
    9.4295825347853679e-1 9.429917836448567e-1 9.4306280318460267e-1
    9.432415747514824e-1 9.4325906671916271e-1 9.4385090407931782e-1
    9.4450573701278695e-1 9.4454507210376604e-1 9.4468609100366052e-1
    9.447981986746754e-1 9.4486460240435688e-1 9.4501314709850703e-1
    9.4510977435963928e-1 9.4512840833537359e-1 9.4519197317913495e-1
    9.4528368313823796e-1 9.4533365985672901e-1 9.4550109244508462e-1
    9.4561349102013992e-1 9.4576175877864443e-1 9.4579136020365695e-1
    9.4584849577407226e-1 9.4589970656241873e-1 9.4591105780000362e-1
    9.460508308414205e-1 9.4632724035136562e-1 9.4648616746380865e-1
    9.4678480423181099e-1 9.4705192085202727e-1 9.478363714448278e-1
    9.4791846606001073e-1 9.4823038238913193e-1 9.484066248243721e-1
    9.4879593770453996e-1 9.4897384106383242e-1 9.4900978850512274e-1
    9.4913996296122605e-1 9.4942296682419125e-1 9.4962374302504027e-1
    9.4970226849142947e-1 9.4971835659518022e-1 9.499859196795114e-1
    9.501207768488712e-1 9.5034252874875169e-1 9.5039212206369261e-1
    9.5040054037807364e-1 9.504160549467997e-1 9.5064393678694614e-1
    9.5105201436277298e-1 9.5177855139177159e-1 9.5186833730122089e-1
    9.52035890201546e-1 9.5265468706111278e-1 9.5273147552961746e-1
    9.5316040865964169e-1 9.5329790419863358e-1 9.5333678739712013e-1
    9.5335194169141835e-1 9.5340261105506363e-1 9.534323892163229e-1
    9.5343299576666141e-1 9.5356402379029537e-1 9.539672854896537e-1
    9.5434405920859722e-1 9.5434553623691731e-1 9.5439414217962626e-1
    9.5460608159310145e-1 9.5476036527043107e-1 9.5494379931561624e-1
    9.5498590074198542e-1 9.5508757273964873e-1 9.5510350186488036e-1
    9.5574460947532314e-1 9.5579042389035751e-1 9.5586633878718885e-1
    9.5591435754379617e-1 9.5594879779491748e-1 9.5601000384494905e-1
    9.5607525501982304e-1 9.5627994639235114e-1 9.5630164806551776e-1
    9.5653461744950619e-1 9.5666616860222575e-1 9.5700216875275146e-1
    9.5702683262861687e-1 9.5703619224932479e-1 9.5706320856779714e-1
    9.5709671376961425e-1 9.5711332615646827e-1 9.5721300478307969e-1
    9.5734734010704869e-1 9.5742902322723467e-1 9.5747423466627879e-1
    9.5775099468987723e-1 9.5780434555690586e-1 9.5850869790376692e-1
    9.5851482246816888e-1 9.5856769430847633e-1 9.5861639234462925e-1
    9.587057046643167e-1 9.5877469277456839e-1 9.58830528434919e-1
    9.5896828867024619e-1 9.5907319052952289e-1 9.5924346844986985e-1
    9.5927097687858809e-1 9.5931042149004497e-1 9.5950303459012498e-1
    9.5954338317177545e-1 9.5957936683407752e-1 9.5959421577871196e-1
    9.596142897478005e-1 9.5965710163272888e-1 9.5968689603510682e-1
    9.5969653599686355e-1 9.5974083494468232e-1 9.5978874979539341e-1
    9.5982911992536579e-1 9.6006365340235789e-1 9.6007642780307378e-1
    9.6013833320406172e-1 9.601435441936701e-1 9.6022674092258364e-1
    9.6029642016219441e-1 9.6044974130187e-1 9.6050297018264241e-1
    9.6074111576290311e-1 9.6076592018498563e-1 9.6079813352259535e-1
    9.612457520312091e-1 9.6157468973915328e-1 9.6194936162883093e-1
    9.620718933287612e-1 9.621279180517377e-1 9.6218361038346401e-1
    9.6218733220985087e-1 9.6221125800384466e-1 9.6223197327481103e-1
    9.624077406423226e-1 9.6258158242819714e-1 9.6259860317958323e-1
    9.6265812857391209e-1 9.6266056920831033e-1 9.628871485454511e-1
    9.6291702694622927e-1 9.6293243618367796e-1 9.6293609312842821e-1
    9.6296776591625532e-1 9.6300731534101947e-1 9.6310816838688751e-1
    9.633611734471742e-1 9.6337812974949577e-1 9.6343611584834432e-1
    9.6344799566077199e-1 9.6357341388811624e-1 9.6361965702503771e-1
    9.6365383250267767e-1 9.6395451465008364e-1 9.6398446902559143e-1
    9.6406906219757127e-1 9.6408853112177439e-1 9.6429934151647101e-1
    9.6483692318163317e-1 9.6495759439908901e-1 9.651537052607182e-1
    9.6520442407268092e-1 9.6573924193796756e-1 9.6620137062848244e-1
    9.663007004491091e-1 9.6651492943450046e-1 9.6676302985072959e-1
    9.6692775361174832e-1 9.672161934233372e-1 9.6723494089269479e-1
    9.6795774966949466e-1 9.6808016668921937e-1 9.6809351592302539e-1
    9.6819027148353598e-1 9.683374467235808e-1 9.6835654420232231e-1
    9.6850693283822697e-1 9.685707507310326e-1 9.6857271429098546e-1
    9.6860191335008494e-1 9.6863399389740157e-1 9.6872141675976309e-1
    9.6894817385486931e-1 9.6897262180266353e-1 9.6905711501479652e-1
    9.6940447602662516e-1 9.7027152498469604e-1 9.7098439203941778e-1
    9.7102186740221441e-1 9.7139787329933824e-1 9.7140073984309083e-1
    9.7188453214026338e-1 9.7191940854075176e-1 9.7193785945285072e-1
    9.7199758886097243e-1 9.72121073697781e-1 9.7264238355410271e-1
    9.7283742861663991e-1 9.7335642836915215e-1 9.7337339241421428e-1
    9.7366930060525192e-1 9.7374064522157111e-1 9.7378913863398486e-1
    9.737960183409895e-1 9.7399022870536101e-1 9.7432321645146658e-1
    9.7495303165333103e-1 9.7514692711430939e-1 9.7521488948145163e-1
    9.7591444763088475e-1 9.7654690917388509e-1 9.7731821889192361e-1
    9.7766556311526076e-1 9.7852747569722853e-1 9.7899408333760218e-1
    9.7903091902753658e-1 9.7915862847336632e-1 9.7918264297823043e-1
    9.7921598120527575e-1 9.7927793638934546e-1 9.7942124915862228e-1
    9.7947690069186133e-1 9.7952279776382056e-1 9.7977671930075305e-1
    9.7989508151535376e-1 9.8006401991421754e-1 9.8007207306519761e-1
    9.8031741677386885e-1 9.8037148852952782e-1 9.8062312668207596e-1
    9.8093168766918093e-1 9.8093900795350919e-1 9.8102774611782351e-1
    9.8161944284474889e-1 9.8170425051845689e-1 9.8187406744604488e-1
    9.8189354721716882e-1 9.8222211565726525e-1 9.8222335099035263e-1
    9.8224469227739064e-1 9.8258145901536409e-1 9.8298148016453979e-1
    9.8313510481756339e-1 9.8326645409506452e-1 9.8335604591224524e-1
    9.8359127766358745e-1 9.8374110298059347e-1 9.8483307544087695e-1
    9.8528925155716252e-1 9.8547582193684014e-1 9.854839676345869e-1
    9.8558073323602002e-1 9.8562040404849538e-1 9.8600653372454872e-1
    9.8632801622656707e-1 9.8640367063976553e-1 9.8641360003657608e-1
    9.8722597944033619e-1 9.8826356171939556e-1 9.8826487758415171e-1
    9.883272181881182e-1 9.8904661793549165e-1 9.8905403466616393e-1
    9.8964086051910272e-1 9.9058115784061684e-1 9.9064103210548637e-1
    9.9081194637865333e-1 9.9112505527716621e-1 9.911735283735652e-1
    9.9130839307503038e-1 9.9175395024594759e-1 9.917738451923469e-1
    9.9193353194141309e-1 9.9204260336716743e-1 9.9221276624973598e-1
    9.9248251536328103e-1 9.9315914678259609e-1 9.9316207375594701e-1
    9.9356743173432605e-1 9.9359188873170623e-1 9.9419273350258663e-1
    9.9420042349083815e-1 9.9464538957590776e-1 9.9495620695038922e-1
    9.9504360790285773e-1 9.9542322383361659e-1 9.9613966044414937e-1
    9.9632260041101972e-1 9.9632794826284221e-1 9.9636825438691246e-1
    9.9661356040230331e-1 9.9661906324181471e-1 9.9674767079523008e-1
    9.9686651113383307e-1 9.9693517595486425e-1 9.9704472731484983e-1
    9.9752220595435881e-1 9.979834471103004e-1 9.9808541003206608e-1
    9.9823604083303508e-1 9.9850541173509555e-1 9.9856620149494124e-1
    9.987385832740614e-1 9.9876728914622959e-1 9.9887493103585712e-1
    9.9888448173828692e-1 9.9900891684870252e-1 9.9941523085378015e-1
    9.9941977450316699e-1 9.9942210009642929e-1 9.9945887902049435e-1
    9.9957703724820546e-1 9.9984682933466373e-1 1.000089359011229
    1.000283108462749 1.0003400106684239 1.0004806443655525 1.0006414094554827
    1.0008156893225646 1.0008579899524648 1.0008592890564501 1.0008662410661802
    1.0008851214192367 1.001039845122055 1.0015376136461132 1.0015514986379068
    1.0016880190038364 1.0017891224426876 1.00214638496987 1.0021546918142121
    1.00253732326038 1.0025641326383266 1.0025656050065663 1.002629303288864
    1.0027178502836023 1.0027921306731287 1.0035266492899382 1.0038335865033048
    1.0043900782020501 1.00474190397872 1.0048254114534756 1.0050252866600431
    1.0051313032023959 1.0052380113944537 1.0054284775342239 1.0056477095607381
    1.0057391221328846 1.0057440543652092 1.0058929172893971 1.0060204003462634
    1.0062668604383362 1.0063289236124244 1.0066311277176803 1.0066660473329259
    1.006969957526356 1.0070395346422498 1.0070897493350068 1.0071747332272025
    1.007951492484267 1.0081731633266826 1.0082832947239564 1.0083422681974687
    1.0086449509674935 1.0087778918838239 1.0097938208455668 1.0098497714765471
    1.0102606654249939 1.0104272213562582 1.0105792447877018 1.0106133145527565
    1.0106319550497054 1.0106437314407231 1.0107544127110291 1.0107897937464909
    1.0113225743147267 1.0117464947912538 1.0125218893641943 1.0126526723833347
    1.0132333543637546 1.0132625941324542 1.01332467078646 1.013447010406344
    1.0134609475906473 1.0135117063414003 1.0144823378577712 1.0145629480930438
    1.0146792596835041 1.0148007012065137 1.0152714518883061 1.0153475396981386
    1.0157542869837926 1.0160792246709889 1.0178586756264199 1.0178827192529363
    1.0178998017030219 1.0180066852703362 1.0180679540453639 1.0180933499037665
    1.0181330333490612 1.0181396180439606 1.0182229885265315 1.0188820682917918
    1.019019465535296 1.019071778073491 1.0193315511576959 1.0195226713599026
    1.0195870864478138 1.0202552263427995 1.0203956536148067 1.0211655954726666
    1.0212230640243902 1.0215168690800087 1.0215834867531686 1.0216467178943074
    1.0216785158027051 1.0217272878267718 1.0219935416924273 1.0221244704268884
    1.0225523410071418 1.0225755821244806 1.0228242119681568 1.0240365659819872
    1.0247367252154618 1.0254769054819397 1.0255427908268757 1.026049218600201
    1.0264937661285329 1.0268265887766574 1.0271097051137985 1.0276563989491478
    1.0279623381992578 1.0283639428464864 1.0283826068164217 1.0291629897140411
    1.0292502917793172 1.0296441030605921 1.0304353369838282 1.0308524621473731
    1.0316007233608226 1.0317155955553321 1.0320070321939359 1.0320361967384695
    1.0325787970022506 1.0326034795472359 1.0327619330502229 1.0328310785689609
    1.0328505137083994 1.0330360802571639 1.0338287484970092 1.0338384475929463
    1.0338506683740181 1.0339581531394029 1.0342573355080407 1.0343980452475339
    1.0346775649240953 1.0347102125269885 1.0348028848495687 1.0348514817758314
    1.0354414637213774 1.0354978346342958 1.0356778546596956 1.0357089906950325
    1.0358518703529853 1.0361402619306319 1.0361656151842908 1.0364866808384363
    1.0365970571127718 1.0367848280895942 1.036878181442205 1.0369021425102412
    1.0370313512768234 1.0371049575404641 1.0371507465932837 1.037346546369333
    1.0374334597023076 1.0375700844034428 1.0380314739585259 1.0381134258469602
    1.0386345670224728 1.0392070661226172 1.0395986781750253 1.0396718222019041
    1.0397973966128689 1.0398175927139164 1.0401170573394276 1.0409896274331345
    1.0410178384075834 1.0411127309990889 1.041269234914489 1.0413455879257267
    1.0414809016893483 1.0415574527437457 1.0417765098025029 1.0419596337710897
    1.0425221237631679 1.0428297912882045 1.0429556881635251 1.0430098348979564
    1.0430157659011456 1.0438694936564288 1.0441309098547435 1.0446174047970089
    1.0449521800458872 1.0450546943172867 1.0458732769761159 1.0459825141452308
    1.0459827032218527 1.046604911357099 1.0478373414714173 1.0479057418846682
    1.0479491971748627 1.0482865857010892 1.0483880639976633 1.0484484923226773
    1.0487960414467352 1.0488025647643251 1.0491227792752953 1.0491513947190469
    1.0493923859398819 1.0495220415041331 1.0497997453067249 1.0498010549931172
    1.0499283623661186 1.0499286404421713 1.0499622116722094 1.0500517196492689
    1.0500633999348423 1.0501113195274456 1.0503529001512106 1.050700458894994
    1.0507315120474914 1.050830483623622 1.0508890465369707 1.0509402120043896
    1.0512153833439015 1.0513165448846848 1.0513201838609803 1.0513489095143314
    1.0516814942297212 1.0517363652597094 1.0517703061894281 1.051879001527027
    1.0523526492639965 1.0523927352583737 1.052417958080436 1.0527059633475346
    1.0527495840455634 1.0530877951618354 1.0531294638441675 1.0532028668365758
    1.0532282918672138 1.0532535401021557 1.0534990878990342 1.0539027870578366
    1.0540225967224615 1.0545969324182605 1.0545983029578565 1.0547055654171344
    1.0552541035939385 1.0553325946551695 1.0553810902488294 1.0553903631656187
    1.05549830801 1.0556102476536278 1.0556115598157021 1.0558174056567016
    1.0558406987722719 1.0558649644528486 1.0558801377819691 1.0561230318886763
    1.0563818767961095 1.0564683404490438 1.0566757909449127 1.0573838054723537
    1.0574245185661368 1.0574325719861817 1.0580020455594141 1.0580323089595058
    1.0582613746656446 1.0584117807937901 1.0590108365187916 1.0590152668625024
    1.059151657221173 1.0593239653163826 1.0597533863808621 1.0603216345034525
    1.0603580287984755 1.0607427141065793 1.0607677342529445 1.0616716359665286
    1.0616917655558307 1.0629159552281635 1.0630588866936819 1.0632725021948015
    1.0634474805795304 1.0634596935070866 1.0638484923312415 1.0639368940246641
    1.0644145754965848 1.0646337357185984 1.0646468259545259 1.065031095224299
    1.0653731017842802 1.0653840076259127 1.0655227239311291 1.0656462358505223
    1.0658215141377241 1.0662038341849569 1.0664284315598707 1.0674320180770185
    1.0679544020949834 1.0679751996961688 1.0679951268546877 1.0681328950828175
    1.0682405175218395 1.0682528262862303 1.0682682749804371 1.0684769503601881
    1.0685394035302995 1.0685804204003755 1.0686276920558082 1.0686879881783777
    1.0688967773166951 1.06905757710209 1.0691127296841583 1.0693628770779924
    1.0693744605636197 1.0694650249593753 1.0695387750832879 1.0695607362888495
    1.0695785991663018 1.0696029703864043 1.0696553110166747 1.0696653476557914
    1.0698671036157066 1.0699366681208176 1.070046430881689 1.0702283113885755
    1.0708482406841238 1.0708859678875666 1.0709334230209606 1.0709664414475324
    1.0709967864343828 1.071151083170965 1.0711771226419085 1.0711845500146637
    1.0719497944660361 1.0720511439396432 1.072210449282839 1.0724395478346196
    1.0725091287986288 1.0725801771802708 1.0729468334725993 1.0740555638188067
    1.0744053256473951 1.0744279479347045 1.0744361363567805 1.0752078857788092
    1.0753986051220181 1.0754474879158806 1.0755308685495037 1.0757775057265349
    1.0758263796988956 1.0758501364471158 1.0762041530846318 1.0764416669920658
    1.0767810299196754 1.0769370026220713 1.0770046577883476 1.0774352816820283
    1.0783797596601137 1.0784293137959367 1.0784351152718727 1.0789964452659053
    1.0790129190552591 1.0794656801751141 1.0797785052503173 1.0803637493881979
    1.0803667834131072 1.081062972181968 1.0810790258203724 1.0812796767002812
    1.0821968112914153 1.0823392011340616 1.0828943841790988 1.0830579561671811
    1.0834409722134686 1.083591323582914 1.0836161408858971 1.0836250855184915
    1.0837483203825684 1.0837614725013736 1.0838175912920178 1.0838262014725453
    1.0840192247028426 1.0845577379860032 1.0848060241110034 1.0848292787832179
    1.08529108323944 1.0853406570574538 1.0855008463683287 1.0855355422272168
    1.085608734176579 1.0856327949666138 1.0857890998328004 1.0859854761492898
    1.0861942112393688 1.0862611570427947 1.0866602667861116 1.0868726531154305
    1.087012491767382 1.0871193267984154 1.0871561879589535 1.0874333029755689
    1.087700552245451 1.0879218535380346 1.0880992947046253 1.0883183851667906
    1.0883400947236623 1.0883651047765852 1.0885058516575252 1.0887366688371913
    1.0893754751566576 1.0896197001469166 1.0899686617637296 1.0904602960281409
    1.0904848150077668 1.0904921619824433 1.0905592217092948 1.090699029895859
    1.0916623367273652 1.0927181692094174 1.0927664118522216 1.0935447275442129
    1.0940088474261755 1.0943299510184457 1.0943398907247359 1.0948654802014488
    1.094966666749599 1.095239879650876 1.0956394442835518 1.0957624218878663
    1.0961578536843888 1.0964986551005798 1.0969748831879162 1.0971134393266766
    1.0972284425670675 1.0977504685804027 1.0978887766696062 1.0979198321934487
    1.0979570815552506 1.0979733330359522 1.0980027211105283 1.0990814410357264
    1.0991370628783312 1.0994771831390153 1.0994909773735344 1.0999991679028274
    1.1000651207214862 1.1002759474931736 1.1005433324207843 1.1005905546793655
    1.1006112960359522 1.1007118908039046 1.1008464576895374 1.1009048235546288
    1.1012439123442002 1.1014965394678256 1.1016432240930953 1.1016544389414662
    1.1016719861696402 1.1016890078072663 1.1025743077824093 1.1026302303800246
    1.1027140949718159 1.1027238999934827 1.1029450827923029 1.1029505850972328
    1.1030916567960318 1.1033078471435147 1.103416654306784 1.103472809161693
    1.1034950920409301 1.1037283590285369 1.1039418070557758 1.1041993316960543
    1.1042593981018687 1.1042971718899253 1.1044360396932462 1.1048009516935053
    1.1049489083488626 1.105647193291702 1.1056609885981175 1.1060067064643135
    1.1060951971874147 1.1061395008611725 1.1061754608243064 1.1063893221991066
    1.1066059891240911 1.1071923671236488 1.1074243634815275 1.1075683070837385
    1.1076190403937289 1.108832307420774 1.108843241001523 1.1088706412161629
    1.1089134209256979 1.1090496123511913 1.1095611212437386 1.109613216418893
    1.1103928222064496 1.1104686987115049 1.110966033004297 1.1111883935661051
    1.1112829633364829 1.1114938866811437 1.111654544966882 1.1117762301793845
    1.1122789750412656 1.1123712029459512 1.1124189696730014 1.1129085232979605
    1.1133272695235519 1.1133403939306845 1.1139066110094404 1.1140900123120332
    1.1143281256069713 1.1143611535983706 1.1147534010874551 1.1149965372346742
    1.1159372021581173 1.1164181873530954 1.116622042982317 1.1172828010638114
    1.1175778334452844 1.1176988211149363 1.1189839934349493 1.1193862827699377
    1.1194325159572145 1.1194888453195138 1.1195814955423884 1.1200124135206124
    1.1202809379599006 1.1202991745232016 1.1203465907032875 1.1204358620196737
    1.1209437416121415 1.1209650490723106 1.1209962349603302 1.1211230833946502
    1.1212063575818709 1.1213258440278271 1.1213901238829749 1.1219907472785735
    1.1222133067793558 1.1224243769154327 1.1224277129997517 1.1226107261081779
    1.1228786032355249 1.1229827184742287 1.1230014001115098 1.1230845920450367
    1.1234817284336844 1.1239034117206756 1.1240668314430877 1.1240741087616308
    1.1243097105392346 1.12494398725363 1.1249680924485499 1.125537896502389
    1.1257392389477769 1.1261788345341301 1.1262115042640386 1.1262135061826615
    1.1262619993041361 1.1264208921601104 1.1265450728951691 1.126804832311791
    1.1273435589902572 1.1276509929198255 1.1281541580105312 1.1282767991549918
    1.1283403718768028 1.128350492487568 1.1284178065138153 1.1284651352415753
    1.1284752000992739 1.1289762285524982 1.1293061334883987 1.1311217170040047
    1.1315297560494173 1.1316935255044882 1.1317083724027839 1.1319211138740382
    1.1320868898668388 1.1321848331369568 1.1324487276268276 1.1324947709543267
    1.1325063236017741 1.1327313877661385 1.1328477909663093 1.1329560189895866
    1.132990140412403 1.1333588454340315 1.1334097678343085 1.1337166471556657
    1.133862971727126 1.133918115394668 1.1340485144467796 1.1340702516396657
    1.1340875558290204 1.1343710931860187 1.1344337848930763 1.1344625124079357
    1.1346187608514811 1.1348761503402329 1.1349061118154169 1.1349485140220037
    1.1352061096807422 1.135725722745909 1.1357778775098788 1.1361640399437809
    1.1361867215424808 1.1367634572215397 1.1369414159460576 1.1384776073495004
    1.138972972013903 1.1391768007499194 1.1391801318100079 1.1392936515924248
    1.1393017638054517 1.1396352461049826 1.139789881401027 1.1398111091921561
    1.1399031193892977 1.1401502852393151 1.1407025004281195 1.1408141524476605
    1.1408725460170501 1.140920655327136 1.1409431161732755 1.1409516338444519
    1.1414642387248022 1.1416118718829011 1.1416948753818361 1.1419176480201827
    1.1419364013091808 1.1420063892040844 1.142295720747029 1.1427151586040054
    1.1427924159620488 1.1428440777884437 1.1430826447160274 1.1434294887459147
    1.1443654336717373 1.1446204405820026 1.1446654295966385 1.1448323682514001
    1.1448329810194764 1.1451067231042771 1.1451621949910873 1.1451981074667856
    1.1452507804842753 1.1454952720009715 1.1458601373792427 1.1460137333004543
    1.1460338768408747 1.1460473964334597 1.1460857457032034 1.1468139082326161
    1.1468376332721846 1.1469642392643695 1.1470429206676271 1.1471394585616508
    1.147377102014616 1.1473986463365691 1.1475091452244328 1.147562905221873
    1.1480206351678135 1.1480501913687249 1.1480731383693978 1.1486528097610365
    1.1486985149502591 1.1489152767283355 1.1489296146086028 1.1489569505496604
    1.149004566414785 1.1491427500635609 1.1493674484511587 1.1493722270403168
    1.1495013464636372 1.1500285734600766 1.1502265094111408 1.1509292163158307
    1.1510827974618223 1.1511555992140832 1.1511666076206286 1.1512425892592546
    1.1512500998302737 1.1518013177544293 1.1520247516965583 1.1521243793864642
    1.1524146585645991 1.1526042953700351 1.1532460937709661 1.1533141244911544
    1.1534325035941948 1.1536433629474534 1.1538103966503512 1.1542013539666414
    1.1549383798167452 1.1549930535507884 1.1551072107467917 1.155460849699864
    1.1554808148744087 1.1556823537554011 1.1557821583857428 1.1557862907044789
    1.1560261525614806 1.1562858612213063 1.1563764269855596 1.1571414959551476
    1.1573914223020307 1.1574769296370764 1.1578041957382084 1.1579681277423788
    1.1579950844162341 1.1582902307193308 1.1583268223200776 1.1587431627306159
    1.1587732446096197 1.1590188200020464 1.1591285808717657 1.1592654302594099
    1.1593055784376702 1.159403157035489 1.1595174305493856 1.1604986116435612
    1.1605084356610671 1.1605343748411769 1.1611606685446532 1.1623197814605646
    1.1624330240253282 1.1624437246216075 1.1626574255839159 1.1626674778696953
    1.1628633846012235 1.1634066402126726 1.1639585994629669 1.1640027771184549
    1.1640288840291759 1.1643668142554873 1.1645883343225023 1.1649520997139917
    1.1649923496279371 1.1651664664804002 1.1651805539246805 1.1652689825512945
    1.1653288411553149 1.1657396815890024 1.1659596204446643 1.1660500014519131
    1.1664915689793816 1.1668185644558435 1.1668948073888064 1.1668970645588388
    1.1669762870083105 1.1670032412791671 1.1671225002786514 1.1671355168437003
    1.1673922359324631 1.1674283552831639 1.1674928854769178 1.1676111589365195
    1.1676842331687243 1.1676888457028174 1.1677711870188432 1.1680176312998811
    1.1681350099272094 1.168141044173717 1.1682023111316724 1.1682345066256694
    1.1683528136466823 1.1685363378928741 1.1690940597958008 1.1691212608917947
    1.1697986284521904 1.1699829600128007 1.1702403579349721 1.1703837165790674
    1.170501106909948 1.1708855549177315 1.1713474150828915 1.1714597994638811
    1.17158513432571 1.1716290264023883 1.1716387986649093 1.1718499830894871
    1.1719173794834206 1.1720133802980399 1.172247877483187 1.1728386882549557
    1.1730879634015612 1.1739611756180466 1.1741590551677064 1.174339487919724
    1.1743981780000468 1.1753118123756394 1.1753877241130144 1.1758808751292462
    1.1763587641066238 1.1764432383286345 1.1764701601717509 1.176662798966845
    1.1766753779565988 1.1767017626614233 1.1767782779141573 1.1774059226650024
    1.1775005172894453 1.1775988173505019 1.1779095382681817 1.1779690708010093
    1.178122737381841 1.1781652102796605 1.1783747598372429 1.1786857078987509
    1.1787465086134035 1.1788704934278182 1.1791897652165062 1.1796920284153884
    1.1801948217833342 1.1802033436716945 1.1802926293444866 1.1803080703119642
    1.1804957828724583 1.1809877316253126 1.1810621616083949 1.1811674590849179
    1.1813924222157084 1.1818193138747877 1.1818328142745333 1.1822491431207709
    1.1824103859109527 1.182441925019605 1.1826307413769968 1.1826982765508849
    1.1833042006317556 1.1834111833216412 1.1838588556572631 1.1843566166721757
    1.1843681533111408 1.1844858748461107 1.1845018126813329 1.1845313108604856
    1.1846365746810079 1.1850603697012048 1.1853430969591727 1.1854920511190357
    1.185577938439792 1.1856646190135507 1.1857117880303381 1.1858039106610931
    1.1858395242985094 1.1858468156751769 1.1862403117988833 1.1863496726614358
    1.1864131093786585 1.1864269481797236 1.1866724809844527 1.1866808695572217
    1.1867619381826964 1.1867736717905635 1.1867922246778106 1.1877120822496181
    1.187735440082027 1.1880056427326053 1.1880563427575908 1.1880706393885703
    1.188258947414397 1.1884463377950094 1.188564232566705 1.1886210884829325
    1.1886526947970804 1.188993709954957 1.1892433506988407 1.1896272111629513
    1.1901541356142844 1.1911093037813316 1.1911126355363195 1.1916052900015757
    1.1917243125942605 1.1919499372258673 1.1924772027965673 1.1925719907199892
    1.1926285770507092 1.1928405271208249 1.1928805480645981 1.1930054440472304
    1.1930385976992284 1.1930858498079335 1.1930875815728161 1.1933849533869372
    1.1938650898751804 1.1946143118319923 1.195233621414036 1.1952847543874441
    1.1955357311830539 1.1955646558455555 1.1959809850593046 1.1966857020506723
    1.1970492990860067 1.1980889909601502 1.1982005273190226 1.1983624933331782
    1.1985523075391029 1.1987446051047559 1.1988412787681486 1.1997138441224706
    1.199788400932789 1.1999359342237312 1.2000051627562243 1.2000765942775615
    1.2000920454502193 1.2001762341404694 1.2002777523481201 1.2008733750458305
    1.2010532087811043 1.2011258673909651 1.2014569451477786 1.2015204584056391
    1.2017959173201689 1.2020442942248337 1.2020642759195133 1.2020964693350444
    1.2025971067574477 1.2034176884628778 1.2034980624518994 1.2035597528087985
    1.204126492546796 1.2043551784193889 1.2043864581259074 1.2044837969857243
    1.204784481729348 1.2048597706068773 1.2053052826225668 1.2053416760510156
    1.2056980441901552 1.2057419645586509 1.2058015712564156 1.2058052587782793
    1.205842966782626 1.2059114537743361 1.2060819350597285 1.2063329079574032
    1.2065423129773905 1.2071629038629452 1.2073266779175356 1.2074220814829459
    1.2092117158587143 1.2092301317479723 1.2092961355207081 1.2093590125938136
    1.2095868095611877 1.2101652646069851 1.2103474676137012 1.2103883326496023
    1.2106576260913471 1.2108031877850862 1.210891793180167 1.2110426346239365
    1.21105311684622 1.2121968900555657 1.2129453140493069 1.2131659937845143
    1.21327544119769 1.2133139466059977 1.2134939752234004 1.2135493969179454
    1.2142130704448522 1.2146432948164545 1.2151933999852189 1.215249156210169
    1.2152819986222962 1.215311951139451 1.2156376945611556 1.2157996532124951
    1.215940865489453 1.2159639316231126 1.2163189088792024 1.2163264109656211
    1.2168302722560422 1.2168817520555422 1.2169378827179247 1.2170608274038386
    1.2171693098136227 1.217213641002066 1.2172454975757319 1.2173508699453919
    1.2173511603793941 1.2173811866917277 1.2174154110439304 1.2174510817966393
    1.2174844945090513 1.2175431482713586 1.2175618599479614 1.2177848810637701
    1.2178768249541463 1.2181967581298068 1.2196418539870137 1.2203400731761576
    1.2204759757596548 1.2204809293359631 1.2205690070150013 1.2206303968439118
    1.2207804835092506 1.221495257734432 1.222248686454837 1.222269919892123
    1.2223063080806089 1.2229637406267859 1.2229827095170169 1.223228552913497
    1.2232620080297238 1.2234559471758726 1.22359534819437 1.2235984241160622
    1.2245870715843401 1.224859076921166 1.2248783703864774 1.2249026816425612
    1.2249084214229566 1.2249791730423283 1.2249860170590441 1.2255576860046404
    1.2255770732077735 1.2256022752192166 1.226092623081513 1.2264254552363354
    1.2267064340256184 1.227039698626738 1.2273567794842231 1.2274778299825226
    1.2275034314466211 1.2275512249699052 1.2276158625643347 1.2279845887407645
    1.2286333236197606 1.2286421231330678 1.2289123957517145 1.2290447956098434
    1.2290916507862675 1.2290948745958303 1.230706463783406 1.2307280750531391
    1.2312444880452251 1.2313561162635172 1.2317975430927011 1.2318510023265259
    1.2319108584229395 1.2320563167030352 1.23212237176953 1.2325835689022522
    1.2329682625184433 1.2329685262411658 1.2333953007813154 1.2334803678997257
    1.2337451145949672 1.2339000161264266 1.2341347262668023 1.234241831344093
    1.2342565805429331 1.2355233496779192 1.2355319227981454 1.2355487759041353
    1.235565333459969 1.2356916160953613 1.2360765490658197 1.2360858638608534
    1.2364151239689818 1.2367387420526939 1.2369948323631823 1.2370476615546977
    1.2375241816757807 1.2376202479627143 1.2376387717216062 1.2376917885438843
    1.2377211770663052 1.2378251588518197 1.2378392952301511 1.2380267327631114
    1.2388643228753153 1.238877259330792 1.2393690365575563 1.2395433349292944
    1.2395519147477443 1.2395947327420345 1.2396413940922295 1.2398457545596102
    1.240229011318531 1.2405531489639543 1.240752980752859 1.2408172458315221
    1.2413259617042058 1.241779657068264 1.2422950270789443 1.2423094687776484
    1.2423776017714252 1.2431471721188245 1.2432242533494511 1.2432474555318247
    1.2432909963886232 1.243326743020134 1.2435432401517963 1.2435955708009974
    1.2437152412318255 1.2437823531042795 1.243896771470645 1.243966095848009
    1.2442310792599269 1.2451383146768193 1.2457604645214815 1.2461447078451955
    1.2461679152322802 1.2469336232629107 1.2472717708139953 1.2475229588837919
    1.2479155254083405 1.2481149663624365 1.2492264801228106 1.2494084779992818
    1.2494800373040107 1.2495740959789146 1.2503560225826991 1.2505946718886207
    1.2506861644520768 1.2510440472031708 1.2511932949958766 1.2514733602793058
    1.2515671985911467 1.2518592088085825 1.2524275359016883 1.252436056467559
    1.2529534091014891 1.2535121421458046 1.2535517759579307 1.2539452272778437
    1.2541341371730985 1.2541801358296263 1.254200893253983 1.2542676662093981
    1.2547701191825971 1.2548809361082174 1.2548921906369894 1.2558721825273551
    1.2566584571317694 1.2566940308852281 1.2568400244070972 1.2569504448984503
    1.2578652310194229 1.2579539890152773 1.2580854660914156 1.258655258651288
    1.2588943566552189 1.2589558576313331 1.259221243376081 1.2593036363103107
    1.2593051974416993 1.259649478402783 1.2597243657573927 1.2598286991797067
    1.2603485756379011 1.2603656366325595 1.2603689432762621 1.2604404025234544
    1.2607577631296181 1.2607916634660796 1.2611487354824931 1.2612596280748352
    1.2612687355123333 1.2620438705156403 1.2625447289331402 1.2631309941901918
    1.2634696537678944 1.2635741224059984 1.2635755017302017 1.2636386760089278
    1.2636556749458319 1.2641611923437495 1.264181896645141 1.2644051505820764
    1.2652341096242026 1.2664093018869 1.2674294996095341 1.2679993511281737
    1.268179691646613 1.2682087929803554 1.2682668371803403 1.2682798611452881
    1.2683067960804806 1.2683138326050538 1.2683232154821553 1.2683375803496801
    1.268372280107394 1.2684099359856873 1.2684103426850015 1.2684384787346517
    1.2684816616933858 1.2685238463998303 1.268716662368206 1.2695091619399743
    1.2695878692762563 1.2696089907074868 1.2697263942695827 1.2698370416960643
    1.2712239216478858 1.2714050519753073 1.2714667218450424 1.2716885488809047
    1.2717203714641072 1.2720691328515084 1.2721447495943266 1.2730975297916605
    1.2731163662324434 1.273481046606139 1.273953969633294 1.2741311894434755
    1.2753057448880099 1.2763553321826424 1.2763693217803589 1.2764943622655665
    1.2767030245770001 1.2768254291153684 1.2768666155644723 1.2776910303828117
    1.2778672262665698 1.2779197801803168 1.2779344431254078 1.2787427125462532
    1.2790801725565946 1.2809917268488487 1.2812418773001955 1.2815577570459027
    1.2816886546625028 1.2817790941508065 1.2823711203209314 1.2824429368334678
    1.2825237762006509 1.2828623586745682 1.2829394155298057 1.2836048076180759
    1.2836883226710987 1.283774445756535 1.2837992676625487 1.2838706127181467
    1.283949736929344 1.2845791311184105 1.284700586881081 1.2847519957384066
    1.2850019177785725 1.2850870516704163 1.2850882397819077 1.28562380214665
    1.2856835097039341 1.2861175420365012 1.2862658893566601 1.2862927049813151
    1.2870511649737939 1.2870904479297376 1.2874413993017697 1.2875807073918015
    1.2880596847260222 1.2882804477124712 1.2883734906555826 1.2885168855441407
    1.2887027532216053 1.2889881832722949 1.2889989375312325 1.2890652607694133
    1.2891071490239483 1.2912651044512131 1.2913061876077336 1.2914570609746079
    1.2914660643779523 1.2916761035633424 1.2916855776539553 1.2922718935626107
    1.2926609809609544 1.2929548731488467 1.2932765100536927 1.2933101932419959
    1.293952755612463 1.2940019762912016 1.2944037562028825 1.2944735609474265
    1.2945710972480811 1.2946565040963833 1.2946756407100111 1.2950102303970197
    1.2954400688684775 1.2970756655393416 1.2971874672305148 1.2982286627288886
    1.2982532488388945 1.2990714306642075 1.2992345920980597 1.2993463403042824
    1.2995113026067233 1.3001349201789101 1.3002704514932095 1.3007826850662241
    1.3016391849850606 1.3019000051765033 1.3021306961783012 1.3024829954753538
    1.302486338603785 1.3025054084404473 1.3032096316799198 1.3032430314381902
    1.3033526594899361 1.3033707786674995 1.3035837865009323 1.3036246863506069
    1.3039320236191543 1.3040713737687839 1.3041937080341086 1.3044921932223588
    1.3046344990805534 1.3046557988811531 1.3049718060568012 1.3057228434343717
    1.3067415332210999 1.3067433097107823 1.3068059889730346 1.306954576585061
    1.3070407904371157 1.3070777104800679 1.3070975715353856 1.3073499326358917
    1.3073613172949989 1.3074122378764816 1.3074877515876626 1.3078312685518843
    1.3079037348516067 1.3083013948996267 1.3083385573099804 1.3083827906149055
    1.3084754222556512 1.3085626799140755 1.3093254363393498 1.3094110122782088
    1.3104552727246908 1.3105026726877138 1.3106801646273045 1.3112899899277701
    1.3114831030548626 1.311537319774678 1.311590223970067 1.3119006935787183
    1.3121685490657911 1.3122478643525484 1.3125132831954034 1.3126661283647991
    1.3133808420521405 1.3134957679997932 1.3135064415789586 1.3136483980610478
    1.3140532047311808 1.3141001787225832 1.3141702163475202 1.314231094793513
    1.3144964284288108 1.3145298900918534 1.3146533261591684 1.3148331405016052
    1.3151247186406181 1.3152537167250102 1.3155272380694594 1.3155405765598516
    1.3155718154733091 1.3157053755365193 1.3159438524844518 1.3160336676802606
    1.3160720831054797 1.3160954905304476 1.316123347244502 1.3165819274674959
    1.3170175904395365 1.3171284993633889 1.3188165672556351 1.3188739435011787
    1.3192855186730412 1.319601472656359 1.3196028826212569 1.3196575710422622
    1.3196926009280407 1.3197055822360728 1.3197327040538387 1.3197556010395601
    1.3198230425144044 1.3198959307242148 1.3200089843034941 1.3201945499190515
    1.3202881772890578 1.3203738818338024 1.3205341487878286 1.3206784025805973
    1.3209309628182382 1.3212204134818724 1.3216119272569813 1.3216920151755858
    1.3218826815270859 1.3220006690073984 1.3220751677341209 1.3221769499512448
    1.3225058249278543 1.3227948927359194 1.3232630137786145 1.3232805810093851
    1.3237599099393265 1.3238864377490245 1.3243469125069169 1.324965716763862
    1.3252578058827567 1.3252632044918755 1.3254442541958724 1.3257259605199578
    1.325776278290141 1.3258648246214761 1.3259274573729272 1.3262252908493792
    1.3262290693667562 1.3264001032966537 1.3264331266192357 1.3265667505818783
    1.3267708168955323 1.3267944225465271 1.3268355094326125 1.3269943956612451
    1.3270111719770341 1.3271054650925482 1.3271088641551094 1.3272238364165503
    1.3284457730002639 1.328466115390516 1.3285597831559894 1.3285711060952963
    1.3287976362002414 1.3296723574146654 1.3296915921112356 1.3297242064337687
    1.3297520725250251 1.3303044170763769 1.3303641163910243 1.3304579689317961
    1.3307395201166921 1.3309809481470276 1.3315181872985704 1.3318458175672276
    1.3322549776619326 1.3323280826477155 1.3334291521034174 1.3334380940879782
    1.3336245133674052 1.3337018080377285 1.3337655723526041 1.3338231539784959
    1.3338565240448588 1.334015602936597 1.3341435172164893 1.3341858119521628
    1.3344246080569064 1.3344491080385523 1.3344770219418933 1.335049594347538
    1.3357507275383493 1.3357749376840122 1.3359752436864483 1.3362472039057138
    1.3362687304980529 1.3366289343995958 1.3367164431506353 1.3367878036060195
    1.3369119640541005 1.3369322330366533 1.3380628770726919 1.3381617215502501
    1.338651810517149 1.3386520647163707 1.3388351670021923 1.3390318924675739
    1.3390433206805938 1.3393034901525556 1.3403743439830578 1.3405233139359811
    1.3405491783810248 1.3405767863966047 1.3405842054548884 1.3406581749225097
    1.3409775981279684 1.341015500971783 1.3416346086270485 1.3417326059636481
    1.3419176034576594 1.3420207967808664 1.3421068032456334 1.3428138194930397
    1.3434107763520386 1.3434617259153658 1.3439993338303491 1.3440944214835326
    1.3441209053034981 1.3441888491550116 1.3442556011303624 1.3444833101202676
    1.3447899333247431 1.3450584485993886 1.3451858394629588 1.3451939603981893
    1.345390763317738 1.3454391164204025 1.3454486010878099 1.3461187475552379
    1.3464496237529602 1.3470552706355647 1.3470706125340257 1.3472208262370866
    1.3472637253864075 1.3472930134472183 1.347435319028591 1.347978944609622
    1.3482320894345321 1.3482801738459134 1.3491916659298633 1.3498669199777527
    1.350200196833157 1.3502578967808094 1.3507291255600649 1.3515856488355287
    1.3519853644983186 1.3529595384335606 1.3531949325248207 1.353294432506118
    1.3532966261467663 1.3534328493229471 1.3534725440259383 1.3535065163820643
    1.3536511900977832 1.3537440859331582 1.3539247462904314 1.3540451268036122
    1.3540712337012337 1.3540880357717924 1.3540931061164088 1.3541249062249334
    1.3541829817388589 1.3542738744495182 1.3543374199723814 1.3543749507336542
    1.3545882860541194 1.3547016430245549 1.3548452827810706 1.3549887175398907
    1.3553484834007707 1.3555730065178069 1.3557454953675656 1.3568526156940866
    1.3568884778257295 1.3572153381266097 1.3576917337779832 1.3578653251781816
    1.3579605791276208 1.3579983602703578 1.3583120049934223 1.3583578286585181
    1.3587426787521508 1.35893136780237 1.3589640362209441 1.3591628051788576
    1.3592377926503105 1.3593202947777929 1.3595530787902785 1.360053790441043
    1.3601077576402645 1.3602662045034777 1.3602903170396985 1.3605558720551016
    1.3605876729106967 1.3608719581921833 1.3611148620981244 1.3612269819458429
    1.3613649757204864 1.3617877591943397 1.361968020104801 1.3620309465341052
    1.3621031417021316 1.3621406154907163 1.3623349097565551 1.36255797721977
    1.3627024642280958 1.3637039841963088 1.3642401011260517 1.3644432748724284
    1.3644784091012923 1.365279321088489 1.3654786207366019 1.3655732379462506
    1.3657798624406041 1.3662067048280733 1.3662562654426438 1.3662946987126816
    1.366551195403872 1.3668390178102072 1.3669311921353255 1.3669345436979938
    1.366936837000291 1.3672125881848842 1.3673101833544934 1.3673170843814659
    1.3674316908429773 1.3675112609096232 1.3677621077997173 1.3681620850100746
    1.3682001200287459 1.3693195941558769 1.3694451678416955 1.3704148319217211
    1.3705129234549531 1.3705458582143137 1.3709045246970011 1.370953926431048
    1.3710316539168161 1.3711661478106181 1.3713310590171659 1.3714857478760223
    1.3716651573306859 1.3716692960284231 1.3717285596715858 1.3723835546606682
    1.3732416837436177 1.3737914892646585 1.3738272578313626 1.3738461478469617
    1.3739855409357915 1.3742310864216052 1.3745015065835884 1.374717370464926
    1.3748262840228562 1.3750907636303964 1.375191998140638 1.3752309332172186
    1.3756305843720231 1.375688775951005 1.3757199219249401 1.3758927663736056
    1.3768670066043949 1.3770064183980821 1.377127321140506 1.3771376272454745
    1.3772077793619246 1.3772303562589059 1.3779126930861214 1.3784294433288777
    1.3785628975044044 1.3786061154502023 1.3786587222914932 1.3786622874002206
    1.3788237584952185 1.3788881007249074 1.379300153940676 1.3794678805280682
    1.3796660496038082 1.3797910762565153 1.3805162083244795 1.3807223868126357
    1.3811662179355153 1.3812962148323702 1.3818094213530847 1.3819404001937332
    1.3820718813817621 1.382181012329329 1.3822347103389998 1.3825051364994221
    1.3829710074253398 1.3830048907916535 1.3834805391922298 1.3835105785082458
    1.3835455627640083 1.3843010916034473 1.3843114813797304 1.3851992418263763
    1.3852218905585232 1.3858316781588655 1.3860443544137979 1.3862766995743716
    1.3862965753525789 1.3871720439741693 1.388472099806495 1.388533474165494
    1.3885679874369998 1.3885883878783716 1.3886506112648931 1.3888685710600537
    1.3888977307379566 1.3892985431895493 1.3896024071336797 1.3897122904094499
    1.3899072296286856 1.3902534689772437 1.3905010023896467 1.3907609443309183
    1.391409675339625 1.3915357576418803 1.3916846695210552 1.3921476766130734
    1.392169826046749 1.3923657643892209 1.3924618475893111 1.3925331066193167
    1.3928929285141749 1.3931462035983713 1.3933479106974573 1.3934314684670426
    1.3934500520131223 1.393453027254888 1.3937187411480636 1.3943857545054925
    1.3945602876389482 1.3951589604292469 1.3952366758921926 1.3952632242950738
    1.3953606273022439 1.3953877450365846 1.3962185482888951 1.3962442657357315
    1.3964218198436356 1.3966029636878829 1.3966187439816167 1.3971506486426732
    1.3971903162040689 1.3973433580003984 1.3974549008089525 1.3984820216717708
    1.399147881817953 1.3991563343027451 1.3991803368080582 1.3992215940692663
    1.4002119884926287 1.4007332587618293 1.4009475124487705 1.4011192314288565
    1.4012198541912766 1.4013912667636153 1.4015937212913059 1.4016311567596289
    1.4026664462524725 1.4027023352824017 1.40366539804423 1.4036806456667363
    1.4042666390262941 1.4053846177518305 1.4054184855634351 1.4056951260912456
    1.4061842191365941 1.4068578805417928 1.4072591310721692 1.4075465958501354
    1.4075682521145723 1.4078033733137545 1.4078191468239918 1.4079074895614667
    1.4080869064627222 1.4081036451313764 1.4082843632220829 1.4083613536239075
    1.4088548915574772 1.4090952214656423 1.4101976298422414 1.4102951517118527
    1.4104581603691599 1.4107403929324391 1.411505695521555 1.4116749704395262
    1.4117230572841435 1.4125947054956214 1.4127460991952223 1.4127463871480661
    1.4128776207571718 1.4130604382869023 1.413081913010501 1.4130920960486946
    1.4132559834086351 1.4134702557420649 1.4138470224946218 1.4139344664009361
    1.4139579109007172 1.4141147290138634 1.4147468804957271 1.4157515224269446
    1.4159669578243665 1.4169312948169135 1.4171320682024089 1.4171876086727935
    1.4172970090835406 1.4175321820746376 1.4175636796785511 1.4177627324138296
    1.417803748067854 1.4180797255113249 1.4180881007498101 1.4183138603945433
    1.4183449892016142 1.4191302429375354 1.4196239034234168 1.4196317939697565
    1.4196749375735276 1.4197691516131006 1.4197789573868629 1.4199048793369304
    1.4199831824847327 1.4201438812181322 1.4207561961065949 1.4207755605531021
    1.4208173778746187 1.4210856278397539 1.4211032724679171 1.4211258813952554
    1.4217020960941984 1.4218302277595285 1.4226125150205917 1.4226276871263508
    1.4228866995294993 1.4231300661385831 1.4245121990387208 1.426024777860448
    1.426099231868496 1.4261253855549587 1.4261947513959057 1.4262367198927677
    1.4262660708478507 1.4263122300694704 1.4274757240341387 1.4274880179321674
    1.4277074393842117 1.4278637072307465 1.427870608918969 1.4281547944236082
    1.4281785355799912 1.4287345642249722 1.4294976550969902 1.4297080933359514
    1.4298991854147971 1.4299223478145298 1.4303176690709734 1.4304511002984175
    1.4305777178066137 1.4308357390625361 1.4309024709597604 1.4310536763864548
    1.4311065606834745 1.4311153049850418 1.4311922596367215 1.4312030902103743
    1.4317244647748339 1.4317428915608919 1.4317811655366313 1.431819210231879
    1.4319133276103457 1.4319195212217437 1.4328619937632159 1.4328798308179103
    1.4337593051209296 1.4338040868122637 1.4341251121264578 1.4342117090047395
    1.4349000102006357 1.4350682199010407 1.4351779671139866 1.4356528084702707
    1.4357439898196389 1.4371466589876338 1.4373731218382999 1.4382943178235337
    1.4384656396091486 1.4396796363564135 1.4397015947090068 1.4409641875151464
    1.4410523926347196 1.4410743433730204 1.4411182359736814 1.4412065180542413
    1.441437346873651 1.4416408420303621 1.442218423061604 1.4422899519454404
    1.4423754359078582 1.442625114666771 1.4431856266853629 1.4431879336482325
    1.4437580147112385 1.4450132805122091 1.4451130926456699 1.4451853407035742
    1.4452841979973527 1.4459171374200195 1.446465691515046 1.4465016989172454
    1.4467442287323742 1.4467767418491349 1.4472633836649038 1.4472891370915932
    1.4475509732352294 1.4475803716832161 1.447633042364032 1.4477132825331864
    1.4477152285023294 1.4481493115002195 1.4482451492013222 1.4483075533673098
    1.4483124104056817 1.4483437183101462 1.4483585775672811 1.4485764396380698
    1.4486326628259576 1.4488997159163119 1.4490328424596939 1.4494727480015779
    1.4500623009760527 1.4501579237271471 1.4502181873015161 1.4502653533761987
    1.4502814967034208 1.4504784888312088 1.4512495990382377 1.4513733909252551
    1.4515071823464798 1.4515161754617718 1.4516055490939077 1.4518769009882817
    1.4520238307855835 1.4521031484120688 1.4522812225844366 1.4523048664074547
    1.452378264261218 1.4525960247501644 1.4527537200638108 1.4529185930521937
    1.4529291864903371 1.4529956596016746 1.4530027752527228 1.4530082636554955
    1.4530287182195707 1.4531283509661079 1.4532626981528363 1.4533837718064813
    1.4534419082339127 1.4536183413694441 1.4543116909992022 1.4543343649008875
    1.454407449522743 1.4552741820218671 1.4553724403996284 1.4560111096150194
    1.4560794092518943 1.456100010510454 1.4561247408957267 1.4562106345752757
    1.4570547294143581 1.4573397048307015 1.4574827227797869 1.4578812855874332
    1.4579342561913564 1.4579379278352007 1.4586643645545507 1.4588586785362925
    1.4589627675152694 1.4590907476112989 1.4591440565362064 1.4592325086139681
    1.4593540153997311 1.4595410993282865 1.4597974378763563 1.4598500067759232
    1.4598684020173398 1.4600986078589813 1.4603081016020951 1.4612135985629113
    1.4613173930080545 1.4614474939036881 1.4618358095447093 1.4619043209091462
    1.4619456644925322 1.4633116240953921 1.4636243089082654 1.4641990558463931
    1.4643019005527094 1.465452344184905 1.4662290230661104 1.4663823658138426
    1.4666094841822239 1.4684790509948773 1.4684835458947418 1.4685399798814616
    1.4689937488337819 1.4692918058071882 1.4698858079338304 1.47006993724987
    1.4700988098053738 1.4719127065693793 1.4723055779467358 1.4729323550390689
    1.4729464239165651 1.4739465142865811 1.4739750028593335 1.4739908881517749
    1.4751414621337973 1.4752828739288817 1.4761690350854906 1.4762675084995749
    1.4773319882144733 1.4773784937021901 1.4775334879482027 1.4783180124562325
    1.4790319198582438 1.479067657592168 1.4798839708109881 1.4799311173023852
    1.4800289378594242 1.4800826598164349 1.4801540688940804 1.4802412495343258
    1.4809717595680922 1.4810716832790831 1.4812887621809749 1.4813727276356077
    1.4816104351384638 1.4817071609774075 1.4819579448925424 1.4821481812666661
    1.4826676056012729 1.4828993906745989 1.4829115961388197 1.4829756636698221
    1.483036584705739 1.4832553375983177 1.4832866836104586 1.4832871647607817
    1.4836639079579375 1.4843758536918965 1.4844775016642113 1.4846070852507183
    1.4846798856984607 1.4855515612038288 1.4856628530387752 1.485852335187883
    1.4860407969974478 1.4860487678904899 1.4863238780751999 1.4866386674407295
    1.4871115982707579 1.4873353411804602 1.4880190365089903 1.4881409832060399
    1.4882165371877818 1.4882969837889051 1.4883152627142711 1.488330656525098
    1.4884819436624639 1.4885746357801206 1.4898982811871975 1.4899349020174668
    1.4899669609001649 1.4900776937583942 1.4902299569354607 1.4908304701466477
    1.4908668348721221 1.4909257687295394 1.4910548340815239 1.4922504631801985
    1.4924409894279052 1.4927059672639491 1.4939160643552896 1.4939843923048102
    1.4945341735490729 1.4946540403967448 1.495159283945668 1.4955423640146062
    1.4956227085015901 1.4964121387007254 1.4965086001819146 1.4970015697805745
    1.4976730631266644 1.4977557369795249 1.4978090237090327 1.4979216311596346
    1.4979285274752741 1.498487856157529 1.4985348737409367 1.4985935742192851
    1.4987790521283841 1.4988849128818402 1.4989593696170231 1.4994729761183407
    1.5005885943593664 1.5006733195636115 1.5006944998219751 1.5007304990278953
    1.5015448826015927 1.502011100663367 1.5020513878536501 1.5022206364265003
    1.5024493056389474 1.503428454125924 1.5034893318430704 1.5035464575754152
    1.5038746112882109 1.5043107013980261 1.5052190764957345 1.5058281104993512
    1.5058363667575576 1.5059123125852238 1.5067147563343799 1.5067836549151252
    1.5069050760523623 1.5069120299949645 1.507500619838325 1.5079280208981345
    1.5079289498251001 1.5082731469112787 1.5082968834321946 1.5088758076861382
    1.5090218537168312 1.5093223147935835 1.5094338371303819 1.5095062673637585
    1.5105844354357032 1.5106987934129279 1.5107969575262814 1.5108417404413785
    1.5108466142656654 1.511098086408083 1.5111220806846479 1.5111874405717269
    1.5111892652517251 1.511245273932218 1.5112934547111081 1.5116727286420428
    1.5117703977626509 1.5118521864229764 1.5120012638105134 1.5121540381984233
    1.5121669998925427 1.5124299845423592 1.5125060427406425 1.5136072448590312
    1.5136801511322346 1.5137092006909825 1.5137725672990427 1.5138425472654944
    1.514107304998106 1.5141959941827281 1.5147471719230907 1.5149586658732233
    1.5150649015396085 1.5151140180674703 1.515116921929992 1.5170555871550278
    1.5172178469771098 1.5176490724729661 1.5180641450161603 1.5192923307218773
    1.519443659123499 1.5196746576380975 1.5208211508438865 1.5208471141562767
    1.5208518222942189 1.5208766505937548 1.5209360483221417 1.5209668986575706
    1.5209932851450503 1.5216308301033337 1.5217440388148589 1.5220202744969054
    1.5224555031982163 1.5225269884588972 1.5225754437886281 1.522616672572076
    1.5226448220957991 1.523274246668052 1.5236406360427281 1.52402421626266
    1.5248752586945027 1.525451730703935 1.5256351425724688 1.5262899953531814
    1.5264219442360627 1.5264462965223629 1.5265417446345662 1.5272178358482051
    1.5272932221441806 1.527636205284034 1.5277151310408954 1.5282397495521991
    1.5282881321098216 1.5285827411249784 1.5286149068995958 1.5286821943806899
    1.5287140733417801 1.5292626348650629 1.5296601104425462 1.5301707769854904
    1.5308448146885592 1.5308768979507477 1.5312673147116129 1.5312851836119989
    1.5321701859237464 1.53238666483882 1.5326696103575159 1.5328947114121547
    1.5330536699217192 1.5331711018031153 1.5332381806698323 1.533246931549608
    1.5332669370294145 1.5334305463889906 1.5335215909766096 1.5337359552962273
    1.5347632654640317 1.5353504761313463 1.5356278502081295 1.5361065656325081
    1.5363630914216628 1.536413601932054 1.5365541940984258 1.5370682967916309
    1.5372361577068658 1.5376182489433934 1.537741193508585 1.5377413125599559
    1.5377510441325284 1.5379768005368988 1.5381854246602416 1.5384820065179383
    1.5386291266818262 1.5387326579495948 1.5390539323906676 1.5390880390976236
    1.5394788768746366 1.5394905427262227 1.5396643846958493 1.5404682614612284
    1.5408697696998388 1.5411172819476633 1.5414067844274997 1.5414474376996168
    1.5414646887575145 1.5415951023154169 1.5416362847833323 1.5420142826359704
    1.5422556539110701 1.5423732344802374 1.5424705951283613 1.542585919387784
    1.542694409635563 1.5427311578745502 1.5429147136051711 1.5429937275578898
    1.5430104035429888 1.5434515515178646 1.5437380475463214 1.5443095543002527
    1.5444210950331581 1.5449568570256815 1.5452610544903791 1.5456010671709008
    1.5457135748702058 1.5458371789018581 1.5459422349490524 1.5461738527171747
    1.5463011656089294 1.5463199068844915 1.5473149824878418 1.5473227443647677
    1.5473342370167302 1.5473847471439512 1.5490141925343779 1.5490335347756627
    1.5491801248339623 1.5500579769753433 1.5506083561053856 1.5513980479552174
    1.552056301849825 1.5523856069482918 1.5530553623258925 1.5532389230805279
    1.5535733838173655 1.5543471195469465 1.5545475527258834 1.5546219012331903
    1.5547164323734251 1.5547454062945008 1.5548090616409809 1.5549145405714928
    1.5550653928456086 1.5555931128806151 1.555752655694596 1.5567852652735383
    1.5583271310774762 1.558416147447133 1.5592587458088929 1.5593733576369231
    1.5602113216165889 1.5606323697023374 1.5611661048760652 1.5612614883128419
    1.5625179633652806 1.5629121254146412 1.5633203573211176 1.5642446447118346
    1.5647149179052988 1.5647440968556001 1.5649035025452349 1.5650535971862116
    1.5652256165499239 1.5653626631483348 1.565553287723257 1.5658115732344726
    1.5662683268462843 1.5670205867998448 1.5671884965351637 1.567246329891077
    1.5674616083811088 1.5674861273973875 1.567643837797732 1.5684324900234969
    1.5685125564146347 1.5687131110275914 1.5690185922530873 1.5694310929810247
    1.5696250633048596 1.5697193267725198 1.5697364830126996 1.5697385285755445
    1.5699272934971304 1.5708120272308104 1.5722687583495372 1.5724485180078318
    1.5725582615568783 1.5733877392135582 1.5736131518449838 1.573706456182481
    1.5745308619404266 1.5746023831544942 1.5748109653797353 1.5752311474457201
    1.5757200199469328 1.5758057352397259 1.5760701512260009 1.5764020901913796
    1.5765626476142642 1.576871109532749 1.5778652917886877 1.5788570330976484
    1.5791619530973264 1.5796343701544326 1.5804268777768204 1.5806889216210038
    1.5808205366072798 1.5810121390343284 1.5811500014615376 1.5812454899046315
    1.5812720899891133 1.5813659651733663 1.5814469138313143 1.5819216684735693
    1.5819531722457516 1.5819552212590982 1.5827219652142048 1.5828234043740395
    1.5830219315986749 1.5832028442529009 1.5836010278039037 1.5837150946128986
    1.583990169690594 1.584685577913054 1.5848154128807437 1.5848501013563994
    1.5848841206916404 1.5849289586062696 1.5849496487494434 1.585119346526028
    1.5861248127574374 1.58717950874194 1.5872529501749568 1.5872585064136331
    1.5872711421361601 1.5873379782179655 1.5878412440782994 1.5878807164767987
    1.587958837183957 1.5881603202903989 1.5882574913892238 1.5883879438030892
    1.5888701574175077 1.5890290068191462 1.5893152653796505 1.5894110509195041
    1.5895642143874891 1.5898528619949501 1.589905914022711 1.5901456065280399
    1.5902349833436347 1.5906241101767289 1.5908608663021369 1.590916146206079
    1.5910537548846453 1.591495043672694 1.5918439619150377 1.5919275007415308
    1.5920057585632095 1.5926337208229597 1.5929449105651656 1.5930529698903229
    1.593138393585529 1.5935166655488804 1.5938269981628157 1.5939944370538797
    1.5947199913172578 1.59478689604551 1.5960220748195866 1.5961045771253453
    1.59732229702891 1.5975274841704277 1.5976465220032121 1.5976802522430187
    1.5978122396320771 1.5979944074521579 1.5985785367797689 1.5990323165144673
    1.6002175932533571 1.6009696782180072 1.6010293141705461 1.6010430943474603
    1.6021157192096023 1.6030722273414995 1.6031527514601294 1.6031555696067699
    1.6031707086834406 1.6033731205512596 1.6043435202301226 1.6043962537430161
    1.6067864718027067 1.6068169020066307 1.606831970218688 1.6068422570248004
    1.6068551972680325 1.6068843971440856 1.6069187209541269 1.6069696991
    1.6071976718803853 1.6073130970313287 1.6077115858023869 1.6078479563341261
    1.6084746114571165 1.6085530464974529 1.6086207939666566 1.6088328361925051
    1.6101595096298298 1.6102378373961983 1.6111560135764194 1.611161191623296
    1.6117544629938494 1.6128972180315675 1.6129375548692337 1.6130808585667182
    1.6130868922593133 1.6131322717701551 1.6132251470962728 1.6134006612727263
    1.6136326222624575 1.613720014010293 1.613747808360813 1.6138784084223516
    1.6141873447089286 1.6143630475718662 1.6144012765950417 1.6145046313534597
    1.6148560413794257 1.6152902964172426 1.6153045731511155 1.6165488609726708
    1.6168849911176948 1.6170935211061988 1.6172256877994187 1.6172946921183211
    1.6178381492586595 1.6180756584947933 1.6186693284232661 1.6187133703308518
    1.6187308124477795 1.6204021035337064 1.6204661223111543 1.6225310052248005
    1.6246635650923054 1.6249399049193016 1.6251455097317375 1.6256102692575951
    1.6257353161110586 1.6262551915527486 1.6263000669599326 1.6277040689640974
    1.6279203592642564 1.6281303386324453 1.628317684276908 1.6283210483412405
    1.6288419151674134 1.6303676417033786 1.6305766216066786 1.6313521597787257
    1.631435177201638 1.6321646246499313 1.6324537485091544 1.6325522396820513
    1.6325654496096529 1.6325859271919398 1.6340066790862693 1.6341589363184539
    1.6344395285327664 1.6347167104365325 1.6351660260825156 1.6354051254279511
    1.6368651864196788 1.6370489339891112 1.6371395784696385 1.6371500753281605
    1.6372132393019758 1.6375283529878288 1.6378900597568644 1.6383945076777309
    1.6383954196377697 1.6384942001710896 1.6387523900354306 1.6388920327790402
    1.6389379999998255 1.6401735148134322 1.6401838774796715 1.6401967351371467
    1.6402193693753968 1.6402283906637081 1.6404658345818006 1.6405176857163497
    1.6409105318048205 1.6432145891994878 1.6435844249008369 1.6439830384106244
    1.6442012153413998 1.6445828320174769 1.6446040521615941 1.6446953766298975
    1.6448371475882595 1.6449285229321049 1.6450328866801556 1.6451897898596144
    1.6454059099149418 1.645718712576425 1.6459379853240534 1.6461053961378638
    1.6464092681651892 1.647122841075543 1.6473620172749635 1.6476095137411904
    1.6476133409027169 1.6478091250375655 1.6482893721573191 1.6485332477870998
    1.6485752788419177 1.6486095350901906 1.6496297279093142 1.6497359131165581
    1.6498194911666815 1.6498657721168115 1.650112108734902 1.6502694516295833
    1.6512097800323886 1.6515408665786708 1.6515420098026881 1.6521167046945266
    1.6521961423592075 1.6526789143931637 1.6534784498095179 1.6537530366515512
    1.6540885460601658 1.654139771059181 1.6546046507746723 1.6548778994759914
    1.6549571675099817 1.6549754621961104 1.6550055693122374 1.655176164106706
    1.6552554179656909 1.6552764778383182 1.6554011464878993 1.6555431038002553
    1.6556008194326068 1.6556178920009188 1.655642287176488 1.6558719342524455
    1.6561923604118647 1.6563391484885415 1.6567644759939868 1.6569544674133341
    1.657308183266802 1.6574920500750825 1.6579348103845404 1.6579712112494236
    1.6583174532285057 1.6583556949088347 1.6584448617829821 1.658490000921051
    1.6588203417968543 1.6590318720932373 1.6597046244223748 1.6597227633367766
    1.6598632794738819 1.6600574483805759 1.6605086475954447 1.6605096841059701
    1.6607526049934147 1.6620303816307569 1.6622112564715281 1.6622389301357543
    1.6622568316321122 1.6625554601023396 1.6637422780537463 1.6641837176548506
    1.6642593058769535 1.6645715005490729 1.6646770411168745 1.6647823640162187
    1.665146508201057 1.6661294790180818 1.6661924142490534 1.6668912496008943
    1.6669267312831835 1.6671766337284679 1.6678302404154295 1.6680283517503995
    1.6681410035316731 1.6684173613309667 1.6687449888519041 1.6688578197510651
    1.6688706051477311 1.6689912134261249 1.6697984305289235 1.6701924393809928
    1.6707654552138593 1.6707867216991872 1.6710103203630751 1.6711659030338524
    1.6712195600382074 1.6713184727041153 1.6720264563509091 1.6721014400173089
    1.6736474003568218 1.6737009437511006 1.6739743172172439 1.6742717884014837
    1.6742868169785652 1.6745555197830981 1.6746212877433209 1.6768906290910308
    1.6769346651190062 1.678100649537555 1.6783165513697895 1.6789811169810491
    1.6790406945808627 1.679178516177035 1.6791806735621322 1.6792042699098602
    1.6792120538461859 1.6796319294878685 1.6797009376934966 1.6798054907844744
    1.6798058839754049 1.679938410368345 1.679962957335374 1.6808279622258244
    1.6812552386491006 1.6813201640494952 1.6814254668741171 1.6815615599270473
    1.6815626242404504 1.6818462081927463 1.6820178296187804 1.6823499767991961
    1.6823769223433374 1.6826922351779103 1.6829530097993484 1.6834788212470357
    1.6835266116372849 1.6844631335947269 1.6851969518274927 1.6852881163173759
    1.6861216348540893 1.6861424986872406 1.6861527084994123 1.6868739581800583
    1.6870099308340893 1.6889673263937766 1.6889867595399664 1.6889947272620702
    1.689242621998498 1.6902119391026644 1.6902288653775031 1.6903095315352403
    1.6908052758083159 1.6924793239883003 1.693081493412592 1.6931046058741686
    1.6931379072580057 1.6934084362306976 1.6934321821935554 1.6935909413624586
    1.693773604582578 1.6945212321661529 1.694528343672232 1.6945661368825995
    1.6947397032885192 1.6953375303944995 1.6966540933084162 1.6967386067935877
    1.6968415326948161 1.6969097665775734 1.696975909433786 1.6971167943203909
    1.6971615926880379 1.6978605436326859 1.6981440419285718 1.6981894608550647
    1.7001645658802773 1.7003636116807683 1.7006466092801928 1.7006987465793828
    1.7007103463711246 1.7009517566057184 1.7012892740447114 1.7018258711894305
    1.7020826725538427 1.7033304026226688 1.703406068920458 1.7037038138769276
    1.7037671460399224 1.7049025687997528 1.7049330277517356 1.70538265143241
    1.7053983034684279 1.7054122522371471 1.7055435193347876 1.705601637433483
    1.7057578375952516 1.7058515794948714 1.7060154808172683 1.7061616793853318
    1.7061981509447832 1.706780671407311 1.7081726799079888 1.7093605877693108
    1.7094090095628189 1.7095805189874227 1.7096075741135792 1.7097775945424019
    1.7098948344953442 1.7102429610424394 1.7105483526584919 1.7108936168647233
    1.7110141129145631 1.7112523602385408 1.7113161243756623 1.7114627660530459
    1.7115820970757341 1.7117621478076519 1.7120604587968653 1.7120905788001437
    1.7120947524344576 1.7120971227468544 1.7128279264423327 1.7129699114666437
    1.7130715339355447 1.7131583160191439 1.713204627671439 1.7138051892973938
    1.7142762440608976 1.7143820969090484 1.7144237358786314 1.7146002174451951
    1.7148282361777092 1.7157339145120205 1.716387421223726 1.7164193008231148
    1.7172290168173276 1.7172461298237067 1.7172695163288836 1.7172847564305584
    1.7184468482695139 1.7185967701581528 1.7216597477744018 1.7226294442183643
    1.7228259551362499 1.7231970182641816 1.7233003959534472 1.7233222232044683
    1.7244200344996443 1.7245191736253673 1.7259094987266508 1.725977467120174
    1.726525756310366 1.726667384927282 1.7269213802258037 1.7269219458232328
    1.7277757074862166 1.7303668742259333 1.7305076345041925 1.7309694175220709
    1.7309968763242978 1.7311209112966328 1.7314146520398026 1.7314560447789518
    1.7315488283431932 1.7315710666624 1.7315913315042053 1.7332661532735982
    1.7335800400668024 1.7338253897783034 1.733854447795693 1.7339067380341788
    1.7341270027941391 1.7341350169788114 1.7342784934810425 1.7348483774500589
    1.7348660514937364 1.7349224440498801 1.7351043681333977 1.7352278012785973
    1.7353082206363979 1.7356830098888167 1.7361544194498493 1.7367169004867169
    1.7371062226697176 1.7372045727991765 1.7382705830115355 1.7385961100474105
    1.7405513890368098 1.741245754812174 1.7413321622458777 1.7415042659011306
    1.741596056169783 1.7419357173130265 1.7420167783905072 1.7426498348035238
    1.7426862008890112 1.7427050262018384 1.7427115372183835 1.7448393065690955
    1.7449190007399011 1.7450638169493686 1.7451571189253627 1.7453463088066201
    1.7464378227047064 1.7465401221538741 1.7467554226777793 1.7468876829952023
    1.7480067912088089 1.7487684179322969 1.7488485317247524 1.7505019657077128
    1.7506279737793193 1.7508485143729557 1.7510014735338699 1.7520234280059626
    1.7521850594933615 1.7532438307283655 1.7547617185067186 1.7550455171770711
    1.7560109187714943 1.7562175678277527 1.7562332117380719 1.7563538258236804
    1.7565158369670371 1.7567320506883561 1.7572346025257048 1.7580643856113967
    1.7583551881381936 1.7595017566665092 1.7598124519989824 1.7598293930112732
    1.7599856344586897 1.7600898530194171 1.7605104924462769 1.7619889878669994
    1.7629175609190497 1.7634084571180211 1.7634996089502692 1.7635335444698739
    1.7635478045785931 1.7653830297094828 1.76652292687304 1.7670679111430942
    1.7672004991518087 1.7676414926224122 1.7677810240909366 1.7679745218426131
    1.7694482433644225 1.7694884284903309 1.7696502987987515 1.7704798824252066
    1.7705400623778285 1.7707044214025889 1.7714785315986319 1.7715244924484068
    1.7726032364212188 1.7733835821882167 1.7735080656408779 1.7736496721046631
    1.7738622989087389 1.7741326603251082 1.7741739326913375 1.7741809829080011
    1.7742091218067344 1.7744326487431863 1.7751284616097109 1.7751871163254407
    1.7752624657796332 1.7753972338317454 1.7757996530023472 1.7768223471456395
    1.7768951247900873 1.7773316181831735 1.7774068228038686 1.7774155999904906
    1.7776262898764799 1.7782251772532618 1.7783822102851445 1.7784974148421497
    1.7784987048241419 1.7786947051156403 1.7788836080164401 1.7789044922600623
    1.7792118982631564 1.7795049484420815 1.780682090024527 1.7807916479443975
    1.7831344307550694 1.7831354056480677 1.784266521890866 1.7849998465655972
    1.785150706892864 1.7853242011775212 1.785830533839271 1.7859096897554991
    1.7876705819329572 1.7894204209116651 1.7895936097039755 1.7901210739996714
    1.790162330149883 1.79018812031984 1.7911845006703515 1.7923315705635712
    1.7925264351323449 1.7926477606878279 1.7927049474242267 1.7939401314026782
    1.7941174061268157 1.7945758910018412 1.7947025463084476 1.7948806310041618
    1.7949682647376903 1.7951790387044184 1.7952150762062047 1.7952737785110457
    1.7953949154429552 1.7954029739822204 1.7957854576634418 1.7957952871913676
    1.795817165954213 1.79649796826493 1.796629543895051 1.7968409885120309
    1.7973607043444417 1.7974230907436777 1.7977570836147607 1.7977890760729678
    1.7978916761588493 1.7983174113467613 1.7987663071920905 1.7988813009358182
    1.7993030836316848 1.8005930356230238 1.8009457320094953 1.8014088328611706
    1.8014394283541151 1.8019114319069558 1.802014493399156 1.8020248580756744
    1.802449097461249 1.8026308460563694 1.8027533299141396 1.8033347673713251
    1.8035268845987957 1.8067307558976609 1.8071606971622411 1.807179004226479
    1.8077335684041387 1.8078761680994972 1.8084048131415329 1.809483382136321
    1.8095235307851909 1.8095781326263023 1.8104895761331743 1.8107702582565708
    1.8108802464277232 1.8111685960782324 1.8112993172758252 1.8114574480830925
    1.811486107733981 1.8116066602230301 1.8127449357420118 1.8134267769701182
    1.8139942299376344 1.8141485457731505 1.8141641893864744 1.8143890238759468
    1.8148373385025707 1.8166109136805062 1.8166731664878171 1.8168590642480922
    1.8171335820479726 1.8173996235003869 1.8174932689153138 1.8176935439089448
    1.8181378302476787 1.8200691777998752 1.8201986185746744 1.8203026992217843
    1.8213035245007632 1.8217875238116903 1.821893622764075 1.8218955475475014
    1.8218969736859663 1.8219069082684656 1.8220204021889459 1.8221319785786061
    1.8222103134988477 1.8227222374700431 1.823793493838366 1.8238109260983948
    1.8238718858100356 1.8239988616216578 1.8240306525085543 1.824051431754242
    1.8240892793067662 1.8242604480543985 1.8251879745792394 1.8252443774144922
    1.8253347449224748 1.8253535594017194 1.8254710980256164 1.8255787536514845
    1.8258334264576963 1.8266424390674274 1.8268540976549048 1.8274032431769835
    1.8286529830802465 1.8307020944375836 1.8323229922539213 1.8324918870533413
    1.8325255124696014 1.832628503801061 1.8346854346282271 1.8347520188710102
    1.8354438818474819 1.8357499679742659 1.835790977634133 1.8359038129673309
    1.836222932305039 1.8362863069262403 1.8364673294504428 1.8367372318771231
    1.8367760220539822 1.8368293554094635 1.8368423829670064 1.8370446718138851
    1.8371655606265449 1.8377699169879633 1.8378749659044842 1.838793235477965
    1.8390818239198778 1.8392296740109941 1.8399977575597859 1.8402572069458074
    1.840582570085644 1.8407689133998246 1.8407726456513653 1.8410021484732169
    1.8413699453662047 1.8415149143843337 1.8416604574798838 1.8417865314200754
    1.8436860633055403 1.8437581160809713 1.8437620283205547 1.8438168658224754
    1.8438410873473003 1.8438576852739175 1.8438920322640797 1.844370558787523
    1.8450425836867907 1.8453856800912263 1.8453865309629691 1.8456220682911066
    1.8462919200865144 1.8463073342536518 1.8465657038370409 1.8467049000246334
    1.8480605958835441 1.848294667634218 1.8486113036033203 1.8486445422022371
    1.848714924052365 1.8496290885791495 1.8497005519911909 1.8500088430143176
    1.8501159845246395 1.8505702113681763 1.8505792475684757 1.8507520513931013
    1.8516758311654371 1.8525792795064262 1.8528697687427211 1.8535157100823199
    1.8535259382317235 1.8536826399002848 1.8537246543568244 1.8537315308351481
    1.8537404247855136 1.8538589204164282 1.8545880404383297 1.8546542543032274
    1.8548179131998039 1.8549013938295047 1.855003405152047 1.8566421262876247
    1.856679007632374 1.856821463270838 1.8568489094050165 1.856996242738387
    1.8571113626118556 1.8574455760350854 1.8582360222635999 1.8582691289761442
    1.8583852646338073 1.858447944835325 1.8584943733838373 1.858857025483303
    1.8592456359859284 1.8593859447938144 1.859743205286486 1.8599176264560811
    1.8618737692759169 1.8620975999207683 1.8621670465290663 1.8622021542014409
    1.8628068932613133 1.862920250054837 1.862948536268823 1.8632635300878064
    1.8634474579797313 1.8634961204120657 1.8636328396667068 1.8638597267647583
    1.8644687142332259 1.8645119674977195 1.8645946123177055 1.8666724706979494
    1.8667818080410825 1.8676582267986306 1.8682312177642189 1.8682788529603158
    1.8683014525510999 1.8687501183398125 1.8704257918519336 1.8706048836177918
    1.8707672602413936 1.8709513846362142 1.8711889531564339 1.87119513482412
    1.8712540474124069 1.8716814851782146 1.8745835865470326 1.875080714460637
    1.875344988819279 1.8754942402238441 1.8760883068927114 1.8761609753190669
    1.8762395063272834 1.8765116606109586 1.8766026666098696 1.8769641400358523
    1.878201274066214 1.8782260005359603 1.8794124676223418 1.8794559128067703
    1.8796646948831039 1.8800617766478354 1.8802914765827154 1.8804181661984329
    1.8806604790396098 1.8807539167339276 1.8808086579139929 1.8822171310124152
    1.8825310113361866 1.8827328539966857 1.8830282725563545 1.883500765984915
    1.8836451373726202 1.8837718055550794 1.8849291819431073 1.8851820698205302
    1.8860305648910678 1.8865141053975094 1.8865507947409317 1.8884513529280109
    1.8884535842726109 1.888483348009989 1.8886973495715211 1.888703448630622
    1.8887608367506346 1.888812722332841 1.888895201061132 1.8890208596568527
    1.8903833044615794 1.8933407425603945 1.8956055327644208 1.8956121058656663
    1.8963808207623742 1.896916129402598 1.897769419328597 1.897979027474624
    1.8983481339914761 1.8983708535255572 1.898498788496181 1.8986387955359532
    1.8993277249638596 1.899576220818517 1.9002849236494512 1.9003799601247617
    1.9004168307237705 1.9004471058439474 1.9021466221829542 1.9022020606591166
    1.9024396595589981 1.9045270616923518 1.9067167191140471 1.9071824033251688
    1.9072260788530913 1.9092763520751153 1.910599893511062 1.9106040706526528
    1.9110485375647386 1.9115855344529336 1.9118201048377159 1.9121433194721249
    1.9121999581062483 1.912313858221387 1.9123764826254046 1.9123880272498355
    1.9126712553850211 1.914045480332182 1.9141028373633162 1.9141530863843552
    1.9142455189454874 1.91425122226489 1.9147055271248519 1.9150354077085012
    1.9151307914637528 1.9154030128345312 1.9155448382703071 1.9164831675320784
    1.9166304574036985 1.9186103506898462 1.9187188840718363 1.9187601293562391
    1.918897794334498 1.9189289897920692 1.9190553823042744 1.9193832429911708
    1.9196433836504867 1.9197834123068334 1.9198020073382054 1.9204349268045917
    1.9204678081871407 1.9205249537986446 1.9205975375477919 1.9212768455133755
    1.9232641247210722 1.9233184685569995 1.9233270339523187 1.9243981162496009
    1.9244549413435834 1.9245198990701282 1.9246325707411718 1.9247383793828248
    1.9255449387771175 1.9259394682518785 1.9259929002754461 1.9260310518326758
    1.9262616136975339 1.9264297907775472 1.9283311395161036 1.9294303621188647
    1.9295874470176386 1.9302640109206095 1.930285745928586 1.931060408988742
    1.931489915437093 1.9322864775044764 1.9324023472045155 1.9324133806474038
    1.9327369674685997 1.9328209455443357 1.9329113409191905 1.933260412223035
    1.9335441943708247 1.9335485751277399 1.9335980633907184 1.9336000437015173
    1.933781106207789 1.9337846942908072 1.9358603773603136 1.9358694342422496
    1.9366902393107921 1.9370242316356325 1.9371216834028928 1.9376482988114201
    1.9380727698589908 1.9381522813808563 1.9388492565353772 1.9389526988949797
    1.9390368383976693 1.9391943068632713 1.9407966426635994 1.9408255115706652
    1.9418265639380934 1.941852240397111 1.9421405813836827 1.9423935527505212
    1.9427345903556368 1.9440322834692172 1.9464007358643964 1.9468282794411305
    1.9471783650744328 1.9472064186888018 1.9479626019103762 1.9480875369937394
    1.9530912889610288 1.9533106943852847 1.9537461362860995 1.9546928903732048
    1.9548348138635749 1.9554850021274131 1.9556825131785445 1.9573515402422501
    1.9578850608431366 1.9588788809055586 1.9596748588407233 1.9597135038902707
    1.9620818637656043 1.9623222696192784 1.9625655846095924 1.9626348180088371
    1.9630974470646076 1.9633084999063612 1.966590404985529 1.9667394494039172
    1.9676191809437569 1.9677417047696508 1.9683431656752872 1.9689516759727705
    1.9693230276284339 1.9698841459494361 1.9710612586836191 1.9711693428372996
    1.9722775742357044 1.9735363704778592 1.9737173223034006 1.9737384098980328
    1.9739233198133661 1.9739416159565735 1.9748464931870633 1.9758121756192324
    1.9760157237069436 1.9760488510351024 1.9761160092957653 1.976589929714919
    1.9768123411355798 1.9768684712441125 1.9775155857309983 1.9775356902991916
    1.978083532495172 1.9791468646699286 1.9795161134267119 1.9802516451072734
    1.9811646551988815 1.9839401132455237 1.9839487777012437 1.9842245380140184
    1.984755118647854 1.9848606810037381 1.9854787720294098 1.9856195181291696
    1.9866416408794976 1.988440562884898 1.9896109136279847 1.9902288942075017
    1.9904311380892523 1.9910850261551332 1.9912136128361908 1.9916392255079245
    1.9928553335201968 1.9929778314887301 1.9932156177954639 1.9949263799139771
    1.995837917324252 1.9964300393717593 1.9965650036164533 1.9965725918918054
    1.9965994470540025 1.9978466188304793 1.9987752485249075 1.999042189077727
    1.9995139368069204 1.9998724167013886 1.9999058758269257 2.0002009842516295
    2.0002256864455981 2.0004523759753283 2.0007382002204395 2.0008584379447711
    2.0022753535382662 2.0064255590035223 2.0064480394545776 2.0069939405032073
    2.0070381988201311 2.0071615768243873 2.0073776630849807 2.0082924122440318
    2.0085720529261266 2.0086408332210794 2.0086741338400316 2.0087277693729675
    2.0095886726688832 2.009778047433997 2.0098222487398139 2.0106886461654767
    2.0108083297523081 2.0109511406864158 2.0145815294381464 2.0155758765707787
    2.0156571420545504 2.01571958263483 2.0157213424563167 2.0158197249899481
    2.0159394080994844 2.0176161945973945 2.0176164526583307 2.0183012579686874
    2.0195918321902204 2.0196488846190732 2.0223874236953634 2.0224792285371223
    2.0249625197955652 2.0251364964790071 2.0255544962516674 2.0263470470486027
    2.0271665408536137 2.0275090724644542 2.0339452991697158 2.0339768208519331
    2.0340061751915073 2.0341426055162324 2.0341763451165207 2.0346684131077382
    2.0346801920154576 2.0362865884649182 2.0369911555271756 2.0387036242140462
    2.0415849617810409 2.0427510119058447 2.042922276665498 2.0440990623143307
    2.0444381828732503 2.0448047986112101 2.0453175132051911 2.0454400351446793
    2.0463898863461054 2.0464235493193428 2.0471625839724084 2.0473615704420354
    2.0481073845374644 2.0483903066994267 2.0486687937714123 2.0487168976887915
    2.0491544337241216 2.0495321286298349 2.0497032322631035 2.0498839585691258
    2.0500997623760213 2.0512029423621243 2.0516518679327569 2.0551743447625768
    2.0552137582237719 2.0564564613732728 2.0586355487669912 2.0586910415969064
    2.0590392728126972 2.0603771325940556 2.0609795881690758 2.0641958199453256
    2.0643706303440013 2.0644580356292863 2.0654065138525461 2.0656025738697585
    2.0658894842589461 2.0696868588422603 2.0697974075767434 2.0709199791176616
    2.0721150304941602 2.072248966629104 2.072674315318892 2.0727258459682218
    2.0731439883736584 2.0731613163445672 2.0734111932647465 2.0735182085197721
    2.074679931465937 2.0748782065671207 2.0759594746402854 2.0772018782399755
    2.0772109939938068 2.0776145406950945 2.0777628976463043 2.0782841911188634
    2.0792499179746073 2.0799302137128279 2.0804214320755818 2.0805302848807514
    2.0806199479684437 2.0815431103901574 2.0818015065924556 2.0820571556705545
    2.0828821142981724 2.0832115702614828 2.0836854964081795 2.0840640962898078
    2.084413210781821 2.0846775603381511 2.0847738663193454 2.0848312571183669
    2.0854579186434421 2.0866286430885643 2.0868723576465222 2.0879509152800892
    2.0884945544933089 2.0908694946682167 2.0910335829950477 2.0912951196247982
    2.0913711195416909 2.0920849381236621 2.0922209102997535 2.0929519872051969
    2.0929842055579684 2.094548242684823 2.0956341604169779 2.0957403758059931
    2.0959992264615721 2.0963148290002209 2.0987340448248233 2.0998418028527226
    2.0999175302182493 2.0999989871079379 2.1000745046062548 2.1004353639264082
    2.1023571547370921 2.1026639700449627 2.1027690699084665 2.1029367019273195
    2.1031187325386327 2.1031573143415394 2.1057572661757149 2.1073022117998335
    2.1080991521491796 2.1091672319198551 2.1094545674304754 2.1106476602174857
    2.1107170382344216 2.1112024087599366 2.1112619053294566 2.1126080905637536
    2.1128222268357604 2.1144531569038918 2.114552847040386 2.1145558753569276
    2.1147156393981277 2.1157272669518079 2.1159076467511113 2.116190372920149
    2.1166198272180736 2.116823681139067 2.1171469158217064 2.1198360770368083
    2.1210405443307536 2.1211289673601641 2.1263311977572812 2.1265419229756901
    2.1267686350487338 2.1298642570103161 2.129949073248099 2.1299836495506952
    2.1300654418846534 2.1312263532872748 2.1321401177551706 2.1326636903872895
    2.1328499951258286 2.1344207531396933 2.1345311289860547 2.1355777627963874
    2.1390269308870606 2.1391414128235433 2.1413194725112894 2.1413934539560069
    2.1423597538227264 2.1446379733677077 2.1447858447652379 2.1448250675352938
    2.144946509810552 2.1450721845121734 2.145268852567483 2.1454401099490497
    2.1455752076002454 2.1456057314451491 2.1476832379120765 2.1477619311144736
    2.1481880621667528 2.1500872213039961 2.150338133602645 2.1506715055299233
    2.1509062977048643 2.1509149898507758 2.1519315535798 2.1527660546087759
    2.1554717054186767 2.1557391890316921 2.1560600411974065 2.1576289249066272
    2.1613226540670212 2.1615174432185236 2.1615433056708753 2.1618504852999649
    2.1622813272970802 2.1632568022000669 2.1665262763077635 2.1669832527419715
    2.1670829776917344 2.167116463380836 2.1677217977342784 2.1677234438984669
    2.167725837861326 2.1678478228444078 2.1687408955044702 2.1689329934586112
    2.1689500648647027 2.1691149754604644 2.1691503714355349 2.1694799064731947
    2.170128673697036 2.1722499891802727 2.1727643874903606 2.1728150101597521
    2.1729443843726131 2.1730145460971926 2.173144800134196 2.1741881029400929
    2.1743442125919046 2.174499097113312 2.1759119042137627 2.1769012302734154
    2.1777344268093657 2.1777567408771574 2.1777603360078501 2.1778747527846463
    2.1779751554136055 2.1783327858231587 2.1783716892878147 2.1796189748997676
    2.1796628567849439 2.1802790506562815 2.1803381721599635 2.1803582884600323
    2.180474993348374 2.1809788499043634 2.1838050115969168 2.1838083716187384
    2.1839652147693869 2.1840093849352797 2.1842898984665453 2.184505811823783
    2.1865347399775601 2.1865885148740745 2.1866847773438089 2.1867330745508298
    2.1867421332136323 2.1867992003947925 2.1873286675803079 2.1874079611955799
    2.188201279594125 2.1882868442434642 2.1893799976471087 2.1894563399989693
    2.1897119461619923 2.1898854843025219 2.1900439303174437 2.1903491800628103
    2.1905677019061613 2.1908842402654045 2.1909857553669099 2.1911037907438526
    2.1911560857597578 2.1959888269915666 2.1961095559023818 2.1980743496681043
    2.1984230483271858 2.1987150343104531 2.1994082701930893 2.1994209904014497
    2.1994897921316201 2.200719311917851 2.2007821869007103 2.2012465618385022
    2.2023292230660445 2.2024444639146168 2.2024629303666643 2.2025178153151046
    2.2041949923608399 2.2042076091300942 2.2045028418344068 2.2062819130978824
    2.2064699339472327 2.2066312591837232 2.2068591412779219 2.2074401024416752
    2.2075082994762547 2.2085201854367824 2.208571870755577 2.2105368154009284
    2.2105773033046034 2.2105908074098579 2.2130451603998154 2.2165231110120089
    2.217695835648859 2.2179862184774115 2.2188172173034673 2.2188999933410969
    2.2190931977803388 2.2191825553334943 2.2195524466473557 2.2197040765853067
    2.219724619768082 2.2220390405038493 2.2231227521282335 2.2235340027863231
    2.2241032501148461 2.2247101955117614 2.2276608697670781 2.2328553551201367
    2.2328569017534696 2.2354355108344635 2.2355007983907931 2.2355012518819799
    2.2355311100907707 2.2408021658671848 2.2408387520209678 2.242058089583812
    2.2425187749020097 2.2436522545435764 2.2445742673835412 2.2474557976097458
    2.247554773846332 2.2489030443366573 2.2499080904702473 2.2499408264981562
    2.2503246536898587 2.2503449269721614 2.2512916644075176 2.2552592451329474
    2.2552673296881949 2.2554285150639166 2.2565923291075101 2.2571320613081602
    2.2571489445469979 2.2572386962581277 2.2572833310955502 2.2579342037904553
    2.2589346701197428 2.2592486565754371 2.2594580132023716 2.2604522269457163
    2.2606045646987241 2.2614896986870008 2.2624331127542519 2.2660522812652744
    2.2667620701452811 2.2668564495315877 2.2672988250392336 2.2675507701551396
    2.2682924878915096 2.268368655904851 2.2688860097058146 2.2691732434797509
    2.2695849471770089 2.2696386086840903 2.271499497408513 2.2715888225604126
    2.2717080997197932 2.2739313711310842 2.2740961380218323 2.2745813979438481
    2.2749666575996343 2.2756755180175787 2.2761813886661457 2.2763031175002197
    2.2773451622111907 2.2786322423555703 2.2804468135145726 2.2807552591104545
    2.2808282030040345 2.2814480112947422 2.2852122929893235 2.2859334159352329
    2.2866704592233873 2.2868053005725719 2.2882040162827479 2.2882829119837425
    2.2901704218905556 2.2914311986843736 2.2948278561802908 2.2949478240147982
    2.2949732035831403 2.2951751488490117 2.2959962552633897 2.2960687689067072
    2.2961240511456631 2.2978717248949274 2.2979576848618612 2.2984583577544981
    2.2985110262693524 2.3020611500600503 2.3020724536044477 2.3022792783137143
    2.3022854360327378 2.3052798029883284 2.305377591495585 2.3053840832698143
    2.305646983606342 2.3096262051453778 2.3107141664405995 2.3107274719115289
    2.3108803703526064 2.3120741652191632 2.3122759821741661 2.3127786670132764
    2.3128034711820646 2.315666118127107 2.3163979948235465 2.3180457074563492
    2.3184040030052984 2.3184531178500642 2.3223550100248453 2.322438603541741
    2.3235198990044714 2.323698105692074 2.3237771147581725 2.3247560374688874
    2.324871450144542 2.3255396224899414 2.3257483453132863 2.327328739086473
    2.3273766101701767 2.327528190524049 2.3276202792693539 2.3280557418729586
    2.3284997287581368 2.3285537349235406 2.3286293061041761 2.3287789467851781
    2.3346495810237684 2.3348085843522313 2.3352223877233578 2.3352825566695778
    2.3359363674747633 2.3361365977085597 2.3392945001195358 2.339563210335958
    2.3400411878750069 2.3408144826280477 2.3409956183463692 2.3425531965338755
    2.3428353952975463 2.3430967136423533 2.3437147818195476 2.3451366227938024
    2.3452399805061077 2.3455224668515484 2.3457537987060277 2.3457817112471275
    2.3461499915815693 2.3475543642986736 2.3478839271668526 2.3492635954628063
    2.3513740022287948 2.3531193147298382 2.3540555658228186 2.3580782411327164
    2.3583471048027604 2.358574162351033 2.3600171816556212 2.3623931927181729
    2.3633217827682529 2.3639500192369951 2.3640068344061547 2.3640212029185932
    2.3640744717395137 2.3653890271959122 2.3654522690239901 2.3667590296203875
    2.3690248165380581 2.3708403530654323 2.3709458292745089 2.3717735635347026
    2.373086142503098 2.3738380083927098 2.374230793981345 2.3742982305836335
    2.3743443007363871 2.3757963007660692 2.3773460008360039 2.3777561975665171
    2.3793074569234705 2.3814356375705223 2.3837607098493359 2.3839525836209909
    2.3855385123512178 2.3862480303755547 2.3864635719846774 2.3869504657504876
    2.3871908249104763 2.3900207336780568 2.3903339304818019 2.3903542935572659
    2.3904001408736804 2.3921936315449179 2.3924979635277546 2.3928842820223508
    2.3932374385525086 2.3933148259330514 2.3933335220098493 2.3941983473229507
    2.394540756758488 2.3946129426364373 2.3970995618419693 2.3972990521319844
    2.398313047876703 2.398495448918311 2.3988176288640943 2.3988199252117397
    2.399768646080247 2.399840117404286 2.4006637827051236 2.4009126863456913
    2.4012711212913018 2.4044801526629271 2.4045391441854918 2.4050771141277778
    2.4051310650896767 2.4067904133053162 2.4100189005369734 2.4101084589877551
    2.41270062397777 2.4128013066337388 2.4129200681851444 2.4134862277865445
    2.4138081054741178 2.4146578802010481 2.4184968391579864 2.4187132227226584
    2.4200655040979959 2.4203672605322026 2.4205372096628253 2.4221913567469073
    2.4222914383803982 2.4242091535682753 2.4316751166364461 2.4354721615159178
    2.4363038828487333 2.4363367922433099 2.4367858456145464 2.4368604850785687
    2.4372787496918136 2.4402605014632477 2.4407772618678791 2.4421359605980797
    2.442591863323893 2.4435214358170469 2.4438719976315042 2.4470578455153977
    2.4472685152800673 2.4475212795423431 2.4483509792960376 2.4483543509286392
    2.4487072053398151 2.4556936226349535 2.4579319936963202 2.4599599434773154
    2.4601545659468229 2.4601915167731931 2.4612411220703052 2.4617426058997958
    2.4635603987411137 2.4646576609910276 2.4653466472395849 2.467660079586949
    2.4677567737153367 2.4690414304965316 2.4691130944123643 2.4728767426097704
    2.4738057529608191 2.4739773207640305 2.4753129960604383 2.4754141918735968
    2.4759328581079481 2.4762751595988561 2.4815051051978116 2.481607724154685
    2.4817962187130433 2.4822337099303127 2.4823576750983798 2.482550313098121
    2.4830013614109703 2.4864109821664897 2.4883666630607117 2.4885308021162018
    2.4922665181019283 2.4973998024474895 2.5019971539005987 2.5020151640334611
    2.502318845023789 2.502495173220268 2.5103823616657337 2.5104263316414972
    2.5118584024708071 2.5135543156120548 2.5152338191085923 2.5166885084227033
    2.5177997375489078 2.5198434559157854 2.52040227829184 2.5206226433363859
    2.5212543076168763 2.521514259832808 2.5216760046234108 2.5223710500545167
    2.524959589896961 2.5251770655793848 2.5270391069610318 2.527111588287577
    2.5271599688940114 2.5275590899818781 2.527570032949825 2.5280489751471578
    2.5295608825804266 2.5298120118005349 2.5299058957372531 2.5315985748793537
    2.5317161822482981 2.5320148096442381 2.5372650299793045 2.5374073564201658
    2.5388301850451285 2.5399580006566489 2.5405634237061654 2.5431630277529016
    2.5432548236649382 2.5435235350481284 2.547744130337378 2.5484266230840831
    2.5489551587002097 2.5491671364197828 2.5492686458483718 2.5494977575746702
    2.5496515706310561 2.5498748083140867 2.5498841494811018 2.5500753633527893
    2.5524779352793607 2.5525530204860538 2.5529807147525694 2.5544637275690243
    2.5545986364730502 2.5550647744355786 2.5585521281779315 2.5586399636131318
    2.5605131198826712 2.5637982196121811 2.5639313222104647 2.5655240162447321
    2.5657030282606379 2.570935021179745 2.5723476991582479 2.5726736778654717
    2.5733013952036949 2.5733501218070765 2.5739866936031226 2.5742023285646005
    2.5743493572051648 2.5773518992500613 2.5778304887113941 2.5784072376773111
    2.5785054233424489 2.5831345388730065 2.5835126340137626 2.5889531216177297
    2.5900287556973276 2.59020358895854 2.5903876679014579 2.5950791210648276
    2.595776030021625 2.5973835997422916 2.5980755080531708 2.5981355495256744
    2.5993422402634678 2.5994310450037119 2.5997548107936836 2.6022202392972908
    2.6024892263744355 2.6061508442860153 2.6061697904858598 2.6084039369400975
    2.6090511409373298 2.6091411328446461 2.6099639607086829 2.6109539873295944
    2.6116381245831994 2.6138312485668771 2.6181286318178536 2.6225898444135964
    2.6226157447644027 2.6228189331235399 2.6267158013044232 2.6267668231400876
    2.6268510927072839 2.6291509572341361 2.6297508958609797 2.6365999040881434
    2.6381552649822879 2.6382972008350407 2.6398326769372034 2.6405110862688161
    2.6440501665974807 2.6440506661850427 2.6474817649262454 2.6502157700788302
    2.6504684446002407 2.653154956066222 2.6545218941910207 2.6554730581019612
    2.6555129706249923 2.6602310999630085 2.6604464369083871 2.660544448569226
    2.6606863001827605 2.6660508442964783 2.6661295206974196 2.6675637270598145
    2.6700429291709042 2.6700686595995649 2.6758928003350775 2.6762502669653259
    2.6764155624291561 2.6765078651998615 2.6777047859529071 2.6783242296839185
    2.6785686460993929 2.6792250850621713 2.6793574119522723 2.6800017970799672
    2.6806496469976082 2.6809057425548417 2.6809165967116919 2.6809415251361011
    2.681033625443888 2.6816723844676744 2.6817585055969175 2.6817868202785271
    2.6819633140154715 2.6821572738557129 2.6822431821883583 2.6834423033531798
    2.6875202417447781 2.6877210399857177 2.6906674432514897 2.6909759715869463
    2.692202683471578 2.6922243341743219 2.6922617503309993 2.6949554406983225
    2.7011946992567268 2.7033059471544525 2.7034130901068543 2.7047021833252529
    2.7050010475825275 2.7081166505170891 2.7181179363560659 2.7203640387671535
    2.7221837635176294 2.7221927183063599 2.7221945472591265 2.7222413521908493
    2.726362619588599 2.7265114176114671 2.7273833920876314 2.7286820487191412
    2.7295224428679226 2.7306099533097949 2.7308095340667933 2.7316517228678094
    2.7318604530100856 2.7330476901346969 2.7355980606357662 2.7360491509042881
    2.7361080618105311 2.741942587182848 2.7453354912898553 2.74587937576689
    2.7460091415896386 2.7462375545419491 2.7467836474224896 2.7469751998381375
    2.7471104588303965 2.7473281529437372 2.7473397481771826 2.7473627091803792
    2.7473809822228454 2.7515158414976213 2.7516842831954968 2.7516999349680495
    2.7517605225892416 2.7526345474864988 2.7542157721693883 2.7543264557556597
    2.7544286769280006 2.754479979956765 2.7561528886256688 2.7566530446456454
    2.7570732825561208 2.7575751222169629 2.7576899006863869 2.7578090690373074
    2.7614056714381454 2.7615372268681617 2.7639366399407663 2.7653373258453939
    2.7659144507388191 2.7661131698960162 2.770293300883774 2.7714155752582883
    2.7714578173032955 2.7732367190125538 2.7734599330059004 2.7782370847277584
    2.7783463951332124 2.7786130697098392 2.7789141888033555 2.7809603260420772
    2.7816526786870477 2.7841932983054676 2.7842516276907645 2.784342020359702
    2.7843673591887921 2.7847686191425205 2.7911264788367589 2.7913664381690069
    2.7942295295899839 2.7948173270160623 2.7951187875371488 2.7952692774028947
    2.7978658074854743 2.7979913634871991 2.7980218723388739 2.7985694632798945
    2.8065933955988385 2.8071813148925835 2.8073176556148005 2.8108263002462386
    2.8115518139197775 2.8166266290396984 2.819592884671362 2.8224893724274502
    2.8225192140535 2.8227368389169292 2.8228265627582609 2.8228807596839638
    2.8232537856227728 2.8234653094971995 2.8236157769827819 2.8282266805235849
    2.8324844908222531 2.8327529817883033 2.8355219467055122 2.8361162074896433
    2.8511522899812007 2.851496358493705 2.852341300631148 2.8523789605942511
    2.852664585265984 2.8576847566232573 2.8580302689215387 2.8609567627627257
    2.8610483773409214 2.8642274119091176 2.8647082415703458 2.865018636459657
    2.8681730245216386 2.8688064925286199 2.8690344106330485 2.8698193984200771
    2.8702165419217636 2.8703200013508194 2.8737979971958225 2.8746252668561283
    2.8764122794492173 2.8765555656691504 2.8783279061905582 2.8783600178427755
    2.8795060468910378 2.8807570205631237 2.8831778314790881 2.8832789616440095
    2.8832799727703482 2.8844577545705761 2.8861736801191 2.8861867715974463
    2.8900149146663048 2.8911831557185601 2.8919862316164049 2.8921135405759437
    2.8958096013131276 2.8960692819953997 2.9001555872447682 2.9007610103994921
    2.9042343901304171 2.9046744955954487 2.9048054554245937 2.9068699278420809
    2.9081376758538986 2.9088744556903898 2.9161560191960234 2.9199268295092224
    2.9199835050339971 2.9202893816757296 2.9203148322749257 2.9209981036747195
    2.9213499290566083 2.9231721017445125 2.9235524630494183 2.9237888957926166
    2.9239122314317378 2.924068654352292 2.9259946942295585 2.926408291540838
    2.92768183599037 2.9278375385288959 2.9282392947787534 2.9296540405871383
    2.9298858626575566 2.9308268419026717 2.9309587307843685 2.9339816905292841
    2.934151038122915 2.938854090590818 2.9393099862672898 2.9403686100734681
    2.9404220121218714 2.9406930850814206 2.9426452419293128 2.9428009233518728
    2.9428837813518385 2.9429788511027559 2.9430830446931395 2.944103196051477
    2.9441542214623646 2.9459952856568634 2.9465957222962516 2.9470178707019841
    2.9475526028954846 2.9475576638201346 2.9483553649979513 2.9485034877428311
    2.9487612993939365 2.9488032491884346 2.9488179849510439 2.9500030563635988
    2.9505217679719067 2.9586764844893878 2.9588514610322818 2.9590801146455306
    2.9608873168297882 2.9629437606472493 2.9666130801733743 2.9682956981250754
    2.9725151212996934 2.9725367338933211 2.9781492778670327 2.9782045151746388
    2.9819989287437543 2.9820572921692778 2.9874182339258368 2.9878695229735968
    2.9880484086122578 2.9881867614874409 2.9892426455580789 2.9895641862794946
    2.9959508302864983 2.9966017197860046 2.9967387867627999 3.0094594729494304
    3.0097095370816334 3.0119623195048462 3.0152463662175251 3.0155174922641286
    3.0194714808211907 3.0194980738654067 3.0231109731178094 3.0235977492206985
    3.0236096434864521 3.0344170405496698 3.0344629350635728 3.0345257195040176
    3.0345618712443638 3.0350599244684417 3.0383310513032789 3.0394319404378316
    3.0396133360500244 3.0441993262675169 3.0444496888521826 3.0460620172557356
    3.046129630053656 3.0465457412783508 3.0509614969689665 3.0509661788687481
    3.0512253964241154 3.0515278523759357 3.0517570086731212 3.0520844810416747
    3.0544644729275205 3.0547054321891665 3.056322746620026 3.0565513267374627
    3.0596523784997771 3.0617551185902507 3.0620539774211011 3.0640336616489776
    3.0648956824282436 3.0685182196444316 3.0690911737174247 3.0693080925101697
    3.0700504519127207 3.0701965854470927 3.0776338110189272 3.0776714036007888
    3.0851408670021101 3.0879598500205248 3.0909822059247745 3.0910703826302779
    3.0986842337436542 3.0993104933657492 3.1030311939595094 3.1086094660408889
    3.1086116481890258 3.1086845673858079 3.113421634129736 3.1145087454533495
    3.1154628900121679 3.1155355576563579 3.1160027110133797 3.1166903774310413
    3.117023307858517 3.1176080145452261 3.1219700273113631 3.1225145955922926
    3.1243203914091282 3.1297244425092003 3.130835824301812 3.1324749361046997
    3.1326340719251675 3.1369500754285582 3.13897605117279 3.1390261775375166
    3.1392369908168121 3.1397014605790901 3.159501609632855 3.1598231098831775
    3.1619915927803959 3.1624595545711904 3.1630204902088508 3.1679010012458093
    3.1710955072276192 3.1717125668192239 3.1752325157243226 3.1753654220665339
    3.1831136076193616 3.1852089627063833 3.1858956582937026 3.1931765410829485
    3.1932182734981325 3.1971094961436393 3.2070688351320769 3.2077347870708763
    3.208517383194021 3.2097730435677931 3.2171433311042392 3.2177477022904668
    3.2181227616940475 3.2182182934053571 3.2225441326422697 3.2226587268114599
    3.2247450417693244 3.2248303100913063 3.2249200718893007 3.2253223988911182
    3.2265465578543626 3.2266376058578317 3.2370107348865531 3.2371852190040045
    3.2386398723306229 3.2387615892539543 3.2395928960995661 3.2448367762261796
    3.2471624354307096 3.2482623934197363 3.2560448626213656 3.256076445833211
    3.2562609221351217 3.2632427807088029 3.2636699744080033 3.2645507718270892
    3.2706063501555036 3.2759240004581329 3.2759344425520567 3.2872377330268137
    3.2873613822948755 3.2962764614599109 3.2964243459650788 3.2972839608355571
    3.2984039112623122 3.3000941964495119 3.3003706474264618 3.3020516590829629
    3.3115854335346739 3.3167007946522062 3.3169671390878648 3.322698290693495
    3.3235388759996454 3.3287096908113654 3.3287296599939964 3.3318698876123563
    3.3321533575619924 3.3334798919956938 3.3399678539458364 3.3431903883356426
    3.3462384061581361 3.3528104794381761 3.3562559248584876 3.367418072617852
    3.3677731311587991 3.368718479394829 3.3687223625124716 3.3697808184733731
    3.3733857954098312 3.3746410577273309 3.3766548829590306 3.376750816386334
    3.3867683882895108 3.3888062615587842 3.3921099216531729 3.3936260626533112
    3.3945526260257424 3.3974792740923476 3.3977259710036378 3.4071121013384982
    3.407220671473624 3.4142809486115766 3.4166918164761455 3.4185612377127654
    3.4187390495603722 3.4264816121981312 3.4273667914312682 3.4273743263654524
    3.4281530052796825 3.4319542809955692 3.4326034939008423 3.4339177916799599
    3.4346009335768031 3.4472690318502828 3.4475853545172868 3.4531134586641201
    3.4635799270765801 3.4636986217865342 3.4637337887144213 3.4642805279851245
    3.4686236551137313 3.468906360791209 3.4689225541155793 3.4753381132118193
    3.4777902491100576 3.4833421616999658 3.4839431353261716 3.4848844719617773
    3.4889339875647352 3.4890992758864741 3.4895211540120954 3.4924626141259978
    3.4924696663993018 3.4931286325612234 3.4933803334056108 3.4936546727607549
    3.5145340612780274 3.5221002258986118 3.5297964455355668 3.530092515397655
    3.5311420097709743 3.538995282602059 3.5449934234286502 3.5450197498828402
    3.5457651337037532 3.5515016748991002 3.5569015266764836 3.5650294635711361
    3.5700113645388001 3.5705841025469454 3.5730784952659178 3.5735505543848376
    3.5882039699667985 3.5901585492511003 3.5926316585100722 3.6016001845687242
    3.6129552568941108 3.6258437646806669 3.6275225420977222 3.6280890965026629
    3.6300196245629195 3.6348134456695789 3.634907099186421 3.641350017046534
    3.6447130997971726 3.6449470928891969 3.6482896188151699 3.663151206872044
    3.6634236118725312 3.6652457380199621 3.66544624689584 3.6820853858987235
    3.6822494783403386 3.6951184725899111 3.6951599473655961 3.7069661015411839
    3.7071676447385471 3.7074784317392186 3.7140608211620929 3.7140681013214021
    3.7197730956452233 3.7203292221111042 3.7204475157760157 3.7204944733366574
    3.7205517255201812 3.7206289265500914 3.7302881951386553 3.7417644161787393
    3.7706944226388259 3.779537666026954 3.7799282098953881 3.7875079934715359
    3.7878710710269843 3.7925051804231771 3.7926249244387691 3.8044840918655609
    3.8309993353853997 3.8330977146106306 3.8331646385186104 3.8336493036508728
    3.8400465017435295 3.840458212738497 3.8406219158275121 3.8431273148335094
    3.8431540730880442 3.8504963128641521 3.8505483169631134 3.8564400465038489
    3.8566030487891112 3.8598546747409728 3.8657349477812204 3.8664082763987153
    3.8722455861602612 3.8726964169065923 3.8728050246245402 3.8728150389033544
    3.8749947347910165 3.8754043862309118 3.8772895853987848 3.8865688716846307
    3.8898260870746526 3.8961179394636929 3.8965844064489374 3.9096407359752448
    3.9100693258847059 3.9172994314139942 3.9292664664781114 3.9338757970699589
    3.9341472386911391 3.9358114735223353 3.9401656869431463 3.9433629818649933
    3.9574122802332568 3.9575072346167417 3.9593005546939821 3.9597103227069965
    3.9658820670410933 3.9659169353299148 3.9727404051611757 3.9731933206319354
    3.9782364917205086 3.9786911456062626 3.9834605324219865 3.9852472437337383
    3.9905042987813886 3.9906502666783581 3.999357994202569 3.9993917298029373
    3.9994375367991779 3.9999009801820193 4.0150373566875714 4.0152870225165316
    4.0205764784620897 4.021841615266851 4.0255372399144562 4.0272511660309647
    4.027280664238333 4.0275558578700839 4.0310056377734327 4.033846904983875
    4.0347335617166209 4.0348166593630594 4.0348491885247313 4.0381790599881242
    4.0388754283203525 4.0421102935652016 4.0425733634310745 4.0428667475121074
    4.0500997959944698 4.0618145918932669 4.0621144520167718 4.0677070027008995
    4.067897380937211 4.0734756285346521 4.087918151404665 4.0881683416100714
    4.093907240368253 4.0939748538667118 4.0957619451626215 4.1068070980638822
    4.1069213992759614 4.1181399062188575 4.1265676340824484 4.1288078459247117
    4.1386033111921279 4.1390272184517016 4.1444497534212132 4.1488664166629405
    4.155528826889622 4.1718389243178535 4.1721523187443381 4.1722789522436869
    4.1740670709655205 4.1778095672580093 4.1778288448840613 4.1784268357332621
    4.1839012719965467 4.1957648203456301 4.2063549252334269 4.2064556732939309
    4.2074684101326056 4.2341303244074879 4.23521892620521 4.2422861297550298
    4.2424124212880088 4.2517187471262332 4.2523944107178977 4.2704177044279277
    4.2766744891673625 4.2808078164518975 4.2812702339288649 4.2824993896453174
    4.2825366853812561 4.2924431915976129 4.3231508675071382 4.3364683215363584
    4.3366185684290031 4.3383757151568716 4.3436816545436159 4.3441160138145278
    4.3506220513315839 4.3597320290963353 4.3631165162462366 4.378133010719921
    4.3787030650346423 4.3796588135137426 4.3892784908266549 4.3900465561191595
    4.3919862362868116 4.3921279103886945 4.4023423720095707 4.4101261292455547
    4.4177724654123267 4.4195612646713016 4.4217753998236731 4.4222161920592953
    4.4274225422727795 4.4275956860069527 4.431726844116838 4.4413067397740633
    4.4440757516022131 4.4571401220680116 4.4613464149581432 4.4850757610520304
    4.4854022793282411 4.4860308579047796 4.4864904008096573 4.4942901130036716
    4.4981222142323531 4.5014117469718258 4.5103554053110884 4.5139126876586033
    4.5181777847546982 4.5202746540528551 4.5233288665656346 4.5278885640032058
    4.5545365979884593 4.5578357648055317 4.5592925598952547 4.5598781116873397
    4.5754111634496439 4.5898642388160624 4.5967986133318846 4.6038161574997503
    4.6132410032073494 4.623928171404259 4.6364037453890887 4.6365856540451205
    4.6441191021331178 4.6450906174513875 4.6453625794019899 4.6687674964441612
    4.6687952384381788 4.6698573559287979 4.6698845676157248 4.6842290637200676
    4.7027141001574364 4.7029971433885294 4.7204480268796942 4.7384251525463696
    4.7388014965990806 4.7390790983945408 4.7390907962189885 4.7454532684132573
    4.746366662114724 4.7508265588844552 4.7518607223105391 4.7635628825062213
    4.7758987146698928 4.7888480196588716 4.8165380903319601 4.8372418619264863
    4.8373186032329158 4.8386903487753443 4.8403129464813901 4.8425326021194905
    4.8428959908136449 4.8521857113546503 4.8587011280042134 4.8613510162458624
    4.8768446958169989 4.8773570575647227 4.8774089647893106 4.8796168057233444
    4.8881875398086549 4.8882125289951546 4.8896279646489802 4.889938505312557
    4.8963682228977632 4.9204183201281921 4.9307972389502766 4.9425810065395126
    4.9606167886454386 4.9612642770021012 4.9830446737519196 5.0037236066882542
    5.0091962349029586 5.0203150128315883 5.0206268057149828 5.0335518485208013
    5.0358862645782665 5.0406107351964238 5.0517950882131117 5.1557360096435332
    5.1559778227274364 5.1595023409090572 5.1722165797900743 5.184156648978842
    5.1989255032372057 5.2217551932076276 5.2452906607719569 5.2488994451656481
    5.2570579247567366 5.333651262377316 5.3514214336935311 5.3517185041728226
    5.3733813112062307 5.3846928835819199 5.3849783925934389 5.3949196726016453
    5.3951863844886248 5.396897546845139 5.4067896221274623 5.4071322178957928
    5.4104852836662758 5.4249479207733202 5.4253847502959616 5.4436566289809889
    5.4646770720265945 5.4661457425293065 5.4770697497460787 5.4932568968206397
    5.5012563629215947 5.5162585638699966 5.5180069484640626 5.5186460157638066
    5.5365414347334081 5.5491543657362854 5.5518432912908793 5.5674852004169679
    5.5675229312781767 5.5680768324317569 5.580271498712591 5.5808741359069245
    5.5957275896284955 5.6023997492984563 5.7051930294292106 5.7056314710027891
    5.7398892336868812 5.7983924218492575 5.7990571736695529 5.8006014149568728
    5.8031255606570085 5.8031408701485816 5.8043728997130302 5.8044753245815173
    5.8499676566225389 5.8533794960196701 5.8536006211616041 5.9618774996133652
    6.0071180558188644 6.0250215863716221 6.0439743171364171 6.0445028511639975
    6.0558010805776235 6.0563681763686077 6.0833878195421676 6.0967304424543727
    6.1157264360635395 6.123820786205215 6.1241048225351733 6.1539205238523209
    6.1541607962994931 6.1663470405838439 6.1666240677984092 6.1865972387690817
    6.1976388542748282 6.1978110646266487 6.2056885523845722 6.2099616268255886
    6.2405999027992038 6.2482659537204199 6.2483112510712999 6.2607850849326496
    6.2610261358850039 6.2618032021655381 6.2727002588135292 6.2732456075443679
    6.2735369965269001 6.3043759052670794 6.3052428907549256 6.3376287113487706
    6.3545543661762167 6.3720689755195963 6.3736216696324846 6.4050946349993865
    6.4065843888170093 6.423754813143205 6.4298732458269114 6.4306855883223761
    6.4972301523494025 6.5189304422247005 6.5260405204826384 6.5269636104112578
    6.5638011516321058 6.6129845505342928 6.613857504824864 6.6570926007693743
    6.6572096655145288 6.8142694933062558 6.8273181571817076 6.8529156608183257
    6.8901654506384205 6.9164577811825438 6.9171243943046647 6.9274760697736042
    6.9279856805081295 6.9443040260671296 6.9516968989123598 6.9608555192398853
    6.977022834291347 7.1497914300443881 7.1755556249668189 7.2204905311109542
    7.2514854656010357 7.252836768434463 7.2659390578182865 7.3270024561234095
    7.3858717841620773 7.3869993171665556 7.416139873995121 7.4165676034372154
    7.4167191158253445 7.4382764229731038 7.4395073672044418 7.4442516840663302
    7.4448051498047789 7.4656520417438514 7.4659297254011108 7.5194596198680301
    7.5204062669372433 7.5534674419090209 7.553777356837486 7.6154875578190513
    7.6354195886635807 7.6623724033795497 7.7471100946090701 7.7610058877662595
    7.7613832769958435 7.7889921522041732 7.8056776627556701 7.8718952288363653
    7.8937212578973686 8.2189290622401359 8.2315440284955912 8.2882042450091831
    8.2885510619726119 8.4486514646675062 8.5014481950001937 8.5023939031680129
    8.6698232921885392 8.670477774923711 8.7202862865979114 8.7840678787015918
    8.8261441841777923 8.8261678946073516 8.8387827004632982 8.8827000171399959
    8.9036709393808451 9.0861213565776779 9.0869985900681058 9.1186956805147474
    9.1188461167311061 9.2915706769940698), winSize: 6.0e+1, binSize: 1.0e+1,
    tStart: 0.0, tEnd: 7.211e+3, binStart: 7.211e+3, maxBLsize: 1.0e+4 >
Bye.
