		     \||||||||||||||||||/
		   --- Welcome to Maude ---
		     /||||||||||||||||||\
	     Maude 3.5 built: Sep 25 2024 12:00:00
	     Copyright 1997-2024 SRI International
		   Sat Aug 15 19:03:30 2026
Warning: "smc_cp3-refactored.maude", line 140 (mod SMC_CP3): multiple distinct
    parses for statement
eq sumDiff (F F' FL) = (F' - F) + sumDiff (F' FL) .
Warning: "smc_cp3-refactored.maude", line 145 (mod SMC_CP3): multiple distinct
    parses for statement
eq avgDiff (FL) = if (len (FL) == 1) then 0.0 else sumDiff (FL) / float (len (
    FL) - 1) fi .
Warning: "smc_cp3-refactored.maude", line 150 (mod SMC_CP3): multiple distinct
    parses for statement
eq sumSquaredDiff (F FL, F') = (F - F') * (F - F') + sumSquaredDiff (FL, F') .
Warning: "smc_cp3-refactored.maude", line 225 (mod SMC_CP3): multiple distinct
    parses for statement
eq compLatency (Tsent, Trcvd) = Trcvd - Tsent .
Warning: "smc_cp3-refactored.maude", line 291 (mod SMC_CP3): multiple distinct
    parses for statement
eq getGoodput (< ADDR : IrcMonitor | msgRcvd: ircMTL, attrs >, Tstart, Tend) =
    collectGoodput (filterWindow (ircMTL, Tstart, Tend), Tstart, Tend) * 8.0 /
    (Tend - Tstart) .
Warning: "smc_cp3-refactored.maude", line 381 (mod SMC_CP3): multiple distinct
    parses for statement
eq normMED (NL, NL') = if max (lenMsgIdList (NL), lenMsgIdList (NL')) == 0 then
    1.0 else 1.0 - (float (med (NL, NL')) / float (max (lenMsgIdList (NL),
    lenMsgIdList (NL')))) fi .
Warning: "smc_cp3-refactored.maude", line 500 (mod SMC_CP3): multiple distinct
    parses for statement
eq getMTBF (< ADDR : IrcMonitor | msgSent: ircMTL, msgRcvd: ircMTL', attrs >,
    Tn, Tstart, Tend) = getMTBFAux (filterWindow (ircMTL, Tstart - Tn, Tend +
    Tn), filterWindow (ircMTL', Tstart - Tn, Tend + Tn), Tn, Tstart, Tend) .
Warning: "smc_cp3-refactored.maude", line 560 (mod SMC_CP3): multiple distinct
    parses for statement
eq KsDistanceX (F FL, nil, I, J, invN, invN', D) = max2 (D, abs ((float (I) *
    invN) - 1.0)) .
Warning: "smc_cp3-refactored.maude", line 561 (mod SMC_CP3): multiple distinct
    parses for statement
eq KsDistanceX (nil, F' FL', I, J, invN, invN', D) = max2 (D, abs (1.0 - (float
    (J) * invN'))) .
Warning: "smc_cp3-refactored.maude", line 563 (mod SMC_CP3): multiple distinct
    parses for statement
ceq KsDistanceX (F FL, F' FL', I, J, invN, invN', D) = KsDistanceX (FL1, FL2, I
    + C1, J + C2, invN, invN', max2 (D, abs ((float (I + C1) * invN) - (float (
    J + C2) * invN')))) if F == F' /\ prefix (C1, FL1) := skipEqPrefix (F, F
    FL) /\ prefix (C2, FL2) := skipEqPrefix (F', F' FL') .
Warning: "smc_cp3-refactored.maude", line 569 (mod SMC_CP3): multiple distinct
    parses for statement
ceq KsDistanceX (F FL, F' FL', I, J, invN, invN', D) = KsDistanceX (FL, F' FL',
    I + 1, J, invN, invN', max2 (D, abs ((float (I + 1) * invN) - (float (J) *
    invN')))) if F < F' .
Warning: "smc_cp3-refactored.maude", line 573 (mod SMC_CP3): multiple distinct
    parses for statement
ceq KsDistanceX (F FL, F' FL', I, J, invN, invN', D) = KsDistanceX (F FL, FL',
    I, J + 1, invN, invN', max2 (D, abs ((float (I) * invN) - (float (J + 1) *
    invN')))) if F > F' .
Warning: "smc_cp3-refactored.maude", line 583 (mod SMC_CP3): multiple distinct
    parses for statement
eq KsStatisticZ (FL, FL', K) = KsDistance (FL, FL') - K .
Warning: "smc_cp3-refactored.maude", line 679 (mod SMC_CP3): multiple distinct
    parses for statement
eq compObsFeatureX (vp, dnsQueryRate, Fid, TOL, Tstart, Tend) = float (
    countDNSQuery (vp, Fid, TOL, Tstart, Tend)) / (Tend - Tstart) .
Warning: "smc_cp3-refactored.maude", line 693 (mod SMC_CP3): multiple distinct
    parses for statement
eq compObsFeatureX (vp, tcpUpRate, Fid, TOL, Tstart, Tend) = float (
    sizeTCPUpload (vp, Fid, TOL, Tstart, Tend)) / (Tend - Tstart) .
Warning: "smc_cp3-refactored.maude", line 695 (mod SMC_CP3): multiple distinct
    parses for statement
eq compObsFeatureX (vp, tcpDownRate, Fid, TOL, Tstart, Tend) = float (
    sizeTCPDownload (vp, Fid, TOL, Tstart, Tend)) / (Tend - Tstart) .
Warning: "smc_cp3-refactored.maude", line 703 (mod SMC_CP3): multiple distinct
    parses for statement
eq compObsFeatureX (vp, tcpOutPktRate, Fid, TOL, Tstart, Tend) = float (
    countTCPOutPkt (vp, Fid, TOL, Tstart, Tend)) / (Tend - Tstart) .
Warning: "smc_cp3-refactored.maude", line 705 (mod SMC_CP3): multiple distinct
    parses for statement
eq compObsFeatureX (vp, tcpInPktRate, Fid, TOL, Tstart, Tend) = float (
    countTCPInPkt (vp, Fid, TOL, Tstart, Tend)) / (Tend - Tstart) .
Warning: "smc_cp3-refactored.maude", line 724 (mod SMC_CP3): multiple distinct
    parses for statement
eq compObsFeatureX (vp, dnsQueryRate, TOL, Tstart, Tend) = float (countDNSQuery
    (vp, TOL, Tstart, Tend)) / (Tend - Tstart) .
Warning: "smc_cp3-refactored.maude", line 738 (mod SMC_CP3): multiple distinct
    parses for statement
eq compObsFeatureX (vp, tcpUpRate, TOL, Tstart, Tend) = float (sizeTCPUpload (
    vp, TOL, Tstart, Tend)) / (Tend - Tstart) .
Warning: "smc_cp3-refactored.maude", line 740 (mod SMC_CP3): multiple distinct
    parses for statement
eq compObsFeatureX (vp, tcpDownRate, TOL, Tstart, Tend) = float (
    sizeTCPDownload (vp, TOL, Tstart, Tend)) / (Tend - Tstart) .
Warning: "smc_cp3-refactored.maude", line 748 (mod SMC_CP3): multiple distinct
    parses for statement
eq compObsFeatureX (vp, tcpOutPktRate, TOL, Tstart, Tend) = float (
    countTCPOutPkt (vp, TOL, Tstart, Tend)) / (Tend - Tstart) .
Warning: "smc_cp3-refactored.maude", line 750 (mod SMC_CP3): multiple distinct
    parses for statement
eq compObsFeatureX (vp, tcpInPktRate, TOL, Tstart, Tend) = float (countTCPInPkt
    (vp, TOL, Tstart, Tend)) / (Tend - Tstart) .
Warning: "smc_cp3-refactored.maude", line 911 (mod SMC_CP3): multiple distinct
    parses for statement
ceq expectedKObsFeature (vp, obsF, baselineCDF, binECDFs, T, Tend, winSize,
    binSize, Ksum, N) = if KD >= 0.0 then expectedKObsFeature (vp, obsF,
    baselineCDF, binECDFs, T + binSize, Tend, winSize, binSize, Ksum + KD, N +
    1) else expectedKObsFeature (vp, obsF, baselineCDF, binECDFs, T + binSize,
    Tend, winSize, binSize, Ksum, N) fi if (T + winSize) <= (Tend + Tesp) /\
    ECDF := sort (getECDFObsFeatureRange (binECDFs, floor (rat (T / binSize)),
    (floor (rat (T / binSize)) + floor (rat (winSize / binSize))) - 1)) /\ KD
    := KsDistance (baselineCDF, ECDF) .
Warning: "smc_cp3-refactored.maude", line 1079 (mod SMC_CP3): multiple distinct
    parses for statement
eq getCUSUMZt (< ADDR : Adversary | gt: (bl (vp, obsF, K, Zt) :; blList), attrs
    >, vp, obsF, Tstart, Tend, winSize, binSize) = cusumRange (Zt, floor (rat (
    Tstart / binSize)), floor (rat ((Tend - winSize) / binSize))) .
==========================================
rewrite in HCS-TEST-BASELINE-TCPPKTSIZE-IXPN : run((initState(counter) [
    tgenDelay, to baseLineAddr from baseLineAddr : initBase, 0]) 
{0.0 |
nil}, slimit) .
rewrites: 89527192984 in 9875944ms cpu (9895696ms real) (9065177
    rewrites/second)
result Actor: 
< baseLineAddr : BaseLineMonitor | viewPts: ixpN, features: tcpPktSize,
    baseLine: bl(ixpN, tcpPktSize, 7.117817341156342e-2, 5.2e+1 5.2e+1 5.2e+1
    5.2e+1 5.2e+1 5.2e+1 5.2e+1 5.2e+1 5.2e+1 5.2e+1 5.2e+1 5.2e+1 5.8e+1
    5.8e+1 5.8e+1 5.8e+1 5.8e+1 5.8e+1 5.8e+1 5.8e+1 5.8e+1
    5.8399999999999999e+1 5.85e+1 5.85e+1 5.8545454545454547e+1
    5.8571428571428569e+1 5.8600000000000001e+1 5.8666666666666664e+1
    5.8666666666666664e+1 5.8666666666666664e+1 5.8666666666666664e+1
    5.8666666666666664e+1 5.8666666666666664e+1 5.8666666666666664e+1
    5.8666666666666664e+1 5.8666666666666664e+1 5.8666666666666664e+1
    5.8666666666666664e+1 5.8666666666666664e+1 5.8666666666666664e+1
    5.8666666666666664e+1 5.8666666666666664e+1 5.8666666666666664e+1
    5.8666666666666664e+1 5.8666666666666664e+1 5.8666666666666664e+1
    5.8666666666666664e+1 5.8666666666666664e+1 5.8666666666666664e+1
    5.8666666666666664e+1 5.8666666666666664e+1 5.8666666666666664e+1
    5.8666666666666664e+1 5.8666666666666664e+1 5.8666666666666664e+1
    5.8666666666666664e+1 5.8666666666666664e+1 5.8666666666666664e+1
    5.8666666666666664e+1 5.8666666666666664e+1 5.8666666666666664e+1
    5.8666666666666664e+1 5.8666666666666664e+1 5.8666666666666664e+1
    5.8666666666666664e+1 5.8666666666666664e+1 5.8666666666666664e+1
    5.8666666666666664e+1 5.8666666666666664e+1 5.8666666666666664e+1
    5.8666666666666664e+1 5.8666666666666664e+1 5.8666666666666664e+1
    5.8666666666666664e+1 5.8666666666666664e+1 5.8666666666666664e+1
    5.8666666666666664e+1 5.8666666666666664e+1 5.8666666666666664e+1
    5.8666666666666664e+1 5.8666666666666664e+1 5.8666666666666664e+1
    5.8666666666666664e+1 5.8666666666666664e+1 5.8666666666666664e+1
    5.8666666666666664e+1 5.8666666666666664e+1 5.8666666666666664e+1
    5.8666666666666664e+1 5.8666666666666664e+1 5.8666666666666664e+1
    5.8666666666666664e+1 5.8666666666666664e+1 5.8666666666666664e+1
    5.8666666666666664e+1 5.8666666666666664e+1 5.8666666666666664e+1
    5.8666666666666664e+1 5.8666666666666664e+1 5.8666666666666664e+1
    5.8666666666666664e+1 5.8666666666666664e+1 5.8666666666666664e+1
    5.8666666666666664e+1 5.8666666666666664e+1 5.8666666666666664e+1
    5.8666666666666664e+1 5.8666666666666664e+1 5.8666666666666664e+1
    5.8666666666666664e+1 5.8666666666666664e+1 5.8666666666666664e+1
    5.8666666666666664e+1 5.8666666666666664e+1 5.8666666666666664e+1
    5.8666666666666664e+1 5.8666666666666664e+1 5.8666666666666664e+1
    5.8666666666666664e+1 5.8666666666666664e+1 5.8666666666666664e+1
    5.8666666666666664e+1 5.8666666666666664e+1 5.8666666666666664e+1
    5.8666666666666664e+1 5.8666666666666664e+1 5.8666666666666664e+1
    5.8666666666666664e+1 5.8666666666666664e+1 5.8666666666666664e+1
    5.8666666666666664e+1 5.8666666666666664e+1 5.8666666666666664e+1
    5.8666666666666664e+1 5.8666666666666664e+1 5.8666666666666664e+1
    5.8666666666666664e+1 5.8666666666666664e+1 5.8666666666666664e+1
    5.8666666666666664e+1 5.8666666666666664e+1 5.8666666666666664e+1
    5.8666666666666664e+1 5.8666666666666664e+1 5.8666666666666664e+1
    5.8666666666666664e+1 5.8666666666666664e+1 5.8666666666666664e+1
    5.8666666666666664e+1 5.8666666666666664e+1 5.8666666666666664e+1
    5.8666666666666664e+1 5.8666666666666664e+1 5.8666666666666664e+1
    5.8666666666666664e+1 5.8666666666666664e+1 5.8666666666666664e+1
    5.8666666666666664e+1 5.8666666666666664e+1 5.8666666666666664e+1
    5.8666666666666664e+1 5.8666666666666664e+1 5.8666666666666664e+1
    5.8666666666666664e+1 5.8666666666666664e+1 5.8666666666666664e+1
    5.8666666666666664e+1 5.8666666666666664e+1 5.8666666666666664e+1
    5.8666666666666664e+1 5.8666666666666664e+1 5.8666666666666664e+1
    5.8666666666666664e+1 5.8666666666666664e+1 5.8666666666666664e+1
    5.8666666666666664e+1 5.8666666666666664e+1 5.8666666666666664e+1
    5.8666666666666664e+1 5.8666666666666664e+1 5.8666666666666664e+1
    5.8666666666666664e+1 5.8666666666666664e+1 5.8666666666666664e+1
    5.8666666666666664e+1 5.8666666666666664e+1 5.8666666666666664e+1
    5.8666666666666664e+1 5.8666666666666664e+1 5.8666666666666664e+1
    5.8666666666666664e+1 5.8666666666666664e+1 5.8666666666666664e+1
    5.8666666666666664e+1 5.8666666666666664e+1 5.8666666666666664e+1
    5.8666666666666664e+1 5.8666666666666664e+1 5.8666666666666664e+1
    5.8666666666666664e+1 5.8666666666666664e+1 5.8666666666666664e+1
    5.8666666666666664e+1 5.8666666666666664e+1 5.8666666666666664e+1
    5.8666666666666664e+1 5.8666666666666664e+1 5.8666666666666664e+1
    5.8666666666666664e+1 5.8666666666666664e+1 5.8666666666666664e+1
    5.8666666666666664e+1 5.8666666666666664e+1 5.8666666666666664e+1
    5.8666666666666664e+1 5.8666666666666664e+1 5.8666666666666664e+1
    5.8666666666666664e+1 5.8666666666666664e+1 5.8666666666666664e+1
    5.8666666666666664e+1 5.8666666666666664e+1 5.8666666666666664e+1
    5.8666666666666664e+1 5.8666666666666664e+1 5.8666666666666664e+1
    5.8666666666666664e+1 5.8666666666666664e+1 5.8666666666666664e+1
    5.8666666666666664e+1 5.8666666666666664e+1 5.8666666666666664e+1
    5.8666666666666664e+1 5.8666666666666664e+1 5.8666666666666664e+1
    5.8666666666666664e+1 5.8666666666666664e+1 5.8666666666666664e+1
    5.8666666666666664e+1 5.8666666666666664e+1 5.8666666666666664e+1
    5.8666666666666664e+1 5.8666666666666664e+1 5.8666666666666664e+1
    5.8666666666666664e+1 5.8666666666666664e+1 5.8666666666666664e+1
    5.8666666666666664e+1 5.8666666666666664e+1 5.8666666666666664e+1
    5.8666666666666664e+1 5.8666666666666664e+1 5.8666666666666664e+1
    5.8666666666666664e+1 5.8666666666666664e+1 5.8666666666666664e+1
    5.8666666666666664e+1 5.8666666666666664e+1 5.8666666666666664e+1
    5.8666666666666664e+1 5.8666666666666664e+1 5.8666666666666664e+1
    5.8666666666666664e+1 5.8666666666666664e+1 5.8666666666666664e+1
    5.8666666666666664e+1 5.8666666666666664e+1 5.8666666666666664e+1
    5.8666666666666664e+1 5.8666666666666664e+1 5.8666666666666664e+1
    5.8666666666666664e+1 5.8666666666666664e+1 5.8666666666666664e+1
    5.8666666666666664e+1 5.8666666666666664e+1 5.8666666666666664e+1
    5.8666666666666664e+1 5.8666666666666664e+1 5.8666666666666664e+1
    5.8666666666666664e+1 5.8666666666666664e+1 5.8666666666666664e+1
    5.8666666666666664e+1 5.8666666666666664e+1 5.8666666666666664e+1
    5.8666666666666664e+1 5.8666666666666664e+1 5.8666666666666664e+1
    5.8666666666666664e+1 5.8666666666666664e+1 5.8666666666666664e+1
    5.8666666666666664e+1 5.8666666666666664e+1 5.8666666666666664e+1
    5.8666666666666664e+1 5.8666666666666664e+1 5.8666666666666664e+1
    5.8666666666666664e+1 5.8666666666666664e+1 5.8666666666666664e+1
    5.8666666666666664e+1 5.8666666666666664e+1 5.8666666666666664e+1
    5.8666666666666664e+1 5.8666666666666664e+1 5.8666666666666664e+1
    5.8666666666666664e+1 5.8666666666666664e+1 5.8666666666666664e+1
    5.8666666666666664e+1 5.8666666666666664e+1 5.8666666666666664e+1
    5.8666666666666664e+1 5.8666666666666664e+1 5.8666666666666664e+1
    5.8666666666666664e+1 5.8666666666666664e+1 5.8666666666666664e+1
    5.8666666666666664e+1 5.8666666666666664e+1 5.8666666666666664e+1
    5.8666666666666664e+1 5.8666666666666664e+1 5.875e+1 5.875e+1
    5.8799999999999997e+1 5.8857142857142854e+1 5.9e+1 5.9e+1
    5.9399999999999999e+1 5.9555555555555557e+1 5.9555555555555557e+1
    5.9666666666666664e+1 5.9785714285714285e+1 5.9785714285714285e+1 5.9875e+1
    6.0e+1 6.0e+1 6.0e+1 6.0e+1 6.0e+1 6.0e+1 6.0e+1 6.0e+1
    6.0090909090909093e+1 6.0090909090909093e+1 6.0090909090909093e+1
    6.0090909090909093e+1 6.0090909090909093e+1 6.0090909090909093e+1
    6.0090909090909093e+1 6.0090909090909093e+1 6.0090909090909093e+1
    6.0090909090909093e+1 6.0090909090909093e+1 6.0090909090909093e+1
    6.0090909090909093e+1 6.0090909090909093e+1 6.0090909090909093e+1
    6.0090909090909093e+1 6.0090909090909093e+1 6.0090909090909093e+1
    6.0090909090909093e+1 6.0090909090909093e+1 6.0090909090909093e+1
    6.0090909090909093e+1 6.0090909090909093e+1 6.0090909090909093e+1
    6.0090909090909093e+1 6.0090909090909093e+1 6.0090909090909093e+1
    6.0090909090909093e+1 6.0090909090909093e+1 6.0090909090909093e+1
    6.0090909090909093e+1 6.0090909090909093e+1 6.0090909090909093e+1
    6.0090909090909093e+1 6.0090909090909093e+1 6.0090909090909093e+1
    6.0090909090909093e+1 6.0100000000000001e+1 6.0299999999999997e+1
    6.0333333333333336e+1 6.0444444444444443e+1 6.0444444444444443e+1
    6.0444444444444443e+1 6.05e+1 6.0600000000000001e+1 6.0625e+1 6.0625e+1
    6.0625e+1 6.0625e+1 6.0625e+1 6.0625e+1 6.0625e+1 6.0625e+1 6.0625e+1
    6.0625e+1 6.0625e+1 6.0625e+1 6.0625e+1 6.0625e+1 6.0625e+1 6.0625e+1
    6.0625e+1 6.0625e+1 6.0625e+1 6.0625e+1 6.0625e+1 6.0625e+1 6.0625e+1
    6.0625e+1 6.0625e+1 6.0625e+1 6.0625e+1 6.0625e+1 6.0625e+1 6.0625e+1
    6.0625e+1 6.0625e+1 6.0625e+1 6.0625e+1 6.0625e+1 6.0625e+1 6.0625e+1
    6.0625e+1 6.0625e+1 6.0625e+1 6.0625e+1 6.0625e+1 6.0625e+1 6.0625e+1
    6.0625e+1 6.0625e+1 6.0625e+1 6.0625e+1 6.0625e+1 6.0625e+1 6.0625e+1
    6.0625e+1 6.0625e+1 6.0625e+1 6.0625e+1 6.0625e+1 6.0625e+1 6.0625e+1
    6.0625e+1 6.0625e+1 6.0625e+1 6.0625e+1 6.0625e+1 6.0625e+1 6.0625e+1
    6.0625e+1 6.0625e+1 6.0625e+1 6.0625e+1 6.0625e+1 6.0625e+1 6.0625e+1
    6.0625e+1 6.0666666666666664e+1 6.0727272727272727e+1 6.0857142857142854e+1
    6.0899999999999999e+1 6.1e+1 6.107692307692308e+1 6.107692307692308e+1
    6.107692307692308e+1 6.107692307692308e+1 6.107692307692308e+1
    6.107692307692308e+1 6.107692307692308e+1 6.107692307692308e+1
    6.107692307692308e+1 6.107692307692308e+1 6.1166666666666664e+1
    6.1333333333333336e+1 6.1333333333333336e+1 6.1333333333333336e+1
    6.1333333333333336e+1 6.1333333333333336e+1 6.1333333333333336e+1
    6.1333333333333336e+1 6.1333333333333336e+1 6.1333333333333336e+1
    6.1333333333333336e+1 6.1333333333333336e+1 6.1333333333333336e+1
    6.1333333333333336e+1 6.1333333333333336e+1 6.1333333333333336e+1
    6.1333333333333336e+1 6.1333333333333336e+1 6.1333333333333336e+1
    6.1333333333333336e+1 6.1333333333333336e+1 6.1333333333333336e+1
    6.1333333333333336e+1 6.1333333333333336e+1 6.1333333333333336e+1
    6.1333333333333336e+1 6.1333333333333336e+1 6.1333333333333336e+1
    6.1333333333333336e+1 6.1333333333333336e+1 6.1333333333333336e+1
    6.1333333333333336e+1 6.1333333333333336e+1 6.1333333333333336e+1
    6.1333333333333336e+1 6.1333333333333336e+1 6.1333333333333336e+1
    6.1333333333333336e+1 6.1333333333333336e+1 6.1333333333333336e+1
    6.1333333333333336e+1 6.1333333333333336e+1 6.1333333333333336e+1
    6.1333333333333336e+1 6.1333333333333336e+1 6.1333333333333336e+1
    6.1333333333333336e+1 6.1333333333333336e+1 6.1333333333333336e+1
    6.1333333333333336e+1 6.1333333333333336e+1 6.1333333333333336e+1
    6.1333333333333336e+1 6.1333333333333336e+1 6.1333333333333336e+1
    6.1333333333333336e+1 6.1333333333333336e+1 6.1333333333333336e+1
    6.1333333333333336e+1 6.1333333333333336e+1 6.1333333333333336e+1
    6.1333333333333336e+1 6.1333333333333336e+1 6.1333333333333336e+1
    6.1333333333333336e+1 6.1333333333333336e+1 6.1333333333333336e+1
    6.1333333333333336e+1 6.1333333333333336e+1 6.1333333333333336e+1
    6.1333333333333336e+1 6.1333333333333336e+1 6.1333333333333336e+1
    6.1333333333333336e+1 6.1333333333333336e+1 6.1333333333333336e+1
    6.1333333333333336e+1 6.1333333333333336e+1 6.1333333333333336e+1
    6.1333333333333336e+1 6.1333333333333336e+1 6.1333333333333336e+1
    6.1333333333333336e+1 6.1333333333333336e+1 6.1333333333333336e+1
    6.1333333333333336e+1 6.1333333333333336e+1 6.1333333333333336e+1
    6.1333333333333336e+1 6.1333333333333336e+1 6.1333333333333336e+1
    6.1333333333333336e+1 6.1333333333333336e+1 6.1333333333333336e+1
    6.1333333333333336e+1 6.1333333333333336e+1 6.1333333333333336e+1
    6.1333333333333336e+1 6.1333333333333336e+1 6.1333333333333336e+1
    6.1333333333333336e+1 6.1333333333333336e+1 6.1333333333333336e+1
    6.1333333333333336e+1 6.1333333333333336e+1 6.1333333333333336e+1
    6.1333333333333336e+1 6.1333333333333336e+1 6.1333333333333336e+1
    6.1333333333333336e+1 6.1333333333333336e+1 6.1333333333333336e+1
    6.1333333333333336e+1 6.1333333333333336e+1 6.1333333333333336e+1
    6.1333333333333336e+1 6.1333333333333336e+1 6.1333333333333336e+1
    6.1333333333333336e+1 6.1333333333333336e+1 6.1333333333333336e+1
    6.1333333333333336e+1 6.1333333333333336e+1 6.1333333333333336e+1
    6.1333333333333336e+1 6.1333333333333336e+1 6.1333333333333336e+1
    6.1333333333333336e+1 6.1333333333333336e+1 6.1333333333333336e+1
    6.1333333333333336e+1 6.1333333333333336e+1 6.1333333333333336e+1
    6.1333333333333336e+1 6.1333333333333336e+1 6.1333333333333336e+1
    6.1333333333333336e+1 6.1333333333333336e+1 6.1333333333333336e+1
    6.1333333333333336e+1 6.1333333333333336e+1 6.1333333333333336e+1
    6.1333333333333336e+1 6.1333333333333336e+1 6.1333333333333336e+1
    6.1333333333333336e+1 6.1333333333333336e+1 6.1333333333333336e+1
    6.1333333333333336e+1 6.1333333333333336e+1 6.1333333333333336e+1
    6.1333333333333336e+1 6.1333333333333336e+1 6.1333333333333336e+1
    6.1333333333333336e+1 6.1333333333333336e+1 6.1333333333333336e+1
    6.1333333333333336e+1 6.1333333333333336e+1 6.1333333333333336e+1
    6.1333333333333336e+1 6.1333333333333336e+1 6.1333333333333336e+1
    6.1333333333333336e+1 6.1333333333333336e+1 6.1333333333333336e+1
    6.1333333333333336e+1 6.1333333333333336e+1 6.1333333333333336e+1
    6.1333333333333336e+1 6.1333333333333336e+1 6.1333333333333336e+1
    6.1333333333333336e+1 6.1333333333333336e+1 6.1333333333333336e+1
    6.1454545454545453e+1 6.1545454545454547e+1 6.1636363636363633e+1 6.175e+1
    6.1799999999999997e+1 6.1799999999999997e+1 6.1799999999999997e+1
    6.1799999999999997e+1 6.1799999999999997e+1 6.1799999999999997e+1
    6.1799999999999997e+1 6.1799999999999997e+1 6.1799999999999997e+1
    6.1799999999999997e+1 6.1799999999999997e+1 6.1799999999999997e+1
    6.1799999999999997e+1 6.1799999999999997e+1 6.1799999999999997e+1
    6.1799999999999997e+1 6.1799999999999997e+1 6.1799999999999997e+1
    6.1799999999999997e+1 6.1799999999999997e+1 6.1799999999999997e+1
    6.1799999999999997e+1 6.1799999999999997e+1 6.1799999999999997e+1
    6.1799999999999997e+1 6.1799999999999997e+1 6.1799999999999997e+1
    6.1799999999999997e+1 6.1799999999999997e+1 6.1799999999999997e+1
    6.1799999999999997e+1 6.1799999999999997e+1 6.1799999999999997e+1
    6.1799999999999997e+1 6.1799999999999997e+1 6.1799999999999997e+1
    6.1799999999999997e+1 6.2e+1 6.225e+1 6.275e+1 6.5e+1 6.7e+1 6.8e+1 7.25e+1
    7.3e+1 7.3e+1 7.3e+1 7.3e+1 7.4e+1 7.45e+1 7.5e+1 7.5e+1 7.5e+1 7.5e+1
    7.5e+1 7.5e+1 7.5e+1 7.5e+1 7.5e+1 7.5e+1 7.5e+1 7.55e+1 7.6e+1 7.6e+1
    7.6e+1 7.6e+1 7.6e+1 7.6e+1 7.6e+1 7.6e+1 7.6e+1 7.6e+1 7.675e+1 7.7e+1
    7.7e+1 7.7e+1 7.7e+1 7.8e+1 7.8e+1 7.8e+1 7.8e+1 7.8e+1 7.85e+1 7.9e+1
    7.9e+1 7.9e+1 7.9e+1 7.9e+1 7.9666666666666671e+1 8.0e+1 8.0e+1 8.0e+1
    8.0e+1 8.0e+1 8.0e+1 8.0e+1 8.0200000000000003e+1 8.1e+1 8.1e+1 8.1e+1
    8.1e+1 8.1166666666666671e+1 8.1875e+1 8.2e+1 8.2e+1 8.2e+1 8.2e+1 8.2e+1
    8.2e+1 8.25e+1 8.25e+1 8.2625e+1 8.3e+1 8.3e+1 8.3e+1 8.3e+1 8.3e+1 8.3e+1
    8.3e+1 8.3e+1 8.3e+1 8.3e+1 8.3333333333333329e+1 8.3333333333333329e+1
    8.375e+1 8.4e+1 8.4e+1 8.4e+1 8.4e+1 8.4e+1 8.45e+1 8.4666666666666671e+1
    8.4799999999999997e+1 8.5e+1 8.5e+1 8.5e+1 8.5e+1 8.5e+1 8.5e+1 8.525e+1
    8.55e+1 8.55e+1 8.5777777777777771e+1 8.6e+1 8.6e+1 8.6e+1 8.6e+1 8.6e+1
    8.6e+1 8.6e+1 8.6e+1 8.625e+1 8.625e+1 8.625e+1 8.625e+1 8.625e+1 8.625e+1
    8.625e+1 8.625e+1 8.625e+1 8.625e+1 8.625e+1 8.625e+1 8.625e+1 8.625e+1
    8.625e+1 8.625e+1 8.625e+1 8.625e+1 8.625e+1 8.625e+1 8.625e+1 8.625e+1
    8.625e+1 8.625e+1 8.625e+1 8.625e+1 8.625e+1 8.625e+1 8.625e+1 8.625e+1
    8.625e+1 8.625e+1 8.625e+1 8.625e+1 8.625e+1 8.625e+1 8.625e+1 8.625e+1
    8.625e+1 8.625e+1 8.625e+1 8.625e+1 8.625e+1 8.625e+1 8.625e+1 8.625e+1
    8.625e+1 8.625e+1 8.625e+1 8.625e+1 8.625e+1 8.625e+1 8.625e+1 8.625e+1
    8.625e+1 8.625e+1 8.625e+1 8.625e+1 8.625e+1 8.625e+1 8.625e+1 8.625e+1
    8.625e+1 8.625e+1 8.625e+1 8.625e+1 8.625e+1 8.625e+1 8.625e+1 8.625e+1
    8.625e+1 8.625e+1 8.625e+1 8.625e+1 8.625e+1 8.625e+1 8.625e+1 8.625e+1
    8.625e+1 8.625e+1 8.625e+1 8.625e+1 8.625e+1 8.625e+1 8.625e+1 8.625e+1
    8.625e+1 8.625e+1 8.625e+1 8.625e+1 8.625e+1 8.625e+1 8.625e+1 8.625e+1
    8.625e+1 8.625e+1 8.625e+1 8.625e+1 8.625e+1 8.625e+1 8.625e+1 8.625e+1
    8.625e+1 8.625e+1 8.625e+1 8.625e+1 8.625e+1 8.625e+1 8.625e+1 8.625e+1
    8.625e+1 8.625e+1 8.625e+1 8.625e+1 8.625e+1 8.625e+1 8.625e+1 8.625e+1
    8.625e+1 8.625e+1 8.65e+1 8.65e+1 8.6533333333333331e+1
    8.663636363636364e+1 8.675e+1 8.7e+1 8.7e+1 8.7e+1 8.7e+1 8.7e+1 8.7e+1
    8.7e+1 8.7e+1 8.7200000000000003e+1 8.725e+1 8.7428571428571431e+1 8.75e+1
    8.7631578947368425e+1 8.775e+1 8.8e+1 8.8e+1 8.8e+1 8.8e+1 8.8e+1 8.8e+1
    8.8e+1 8.8e+1 8.8200000000000003e+1 8.8333333333333329e+1 8.85e+1
    8.863636363636364e+1 8.8666666666666671e+1 8.9e+1 8.9e+1 8.9e+1 8.9e+1
    8.9e+1 8.9e+1 8.9e+1 8.925e+1 8.95e+1 8.9599999999999994e+1
    8.9799999999999997e+1 9.0e+1 9.0e+1 9.0e+1 9.0e+1 9.0e+1
    9.0200000000000003e+1 9.0333333333333329e+1 9.05e+1 9.05e+1 9.075e+1 9.1e+1
    9.1e+1 9.1e+1 9.1e+1 9.1e+1 9.1e+1 9.15e+1 9.15e+1 9.1599999999999994e+1
    9.175e+1 9.2e+1 9.2e+1 9.2e+1 9.2e+1 9.2e+1 9.2e+1 9.2e+1 9.2e+1 9.2e+1
    9.2e+1 9.2e+1 9.225e+1 9.2333333333333329e+1 9.25e+1 9.25e+1 9.25e+1
    9.25e+1 9.2599999999999994e+1 9.275e+1 9.3e+1 9.3e+1 9.3e+1 9.3e+1 9.3e+1
    9.3e+1 9.3e+1 9.3e+1 9.3e+1 9.3e+1 9.3e+1 9.3e+1 9.3e+1 9.3e+1 9.3e+1
    9.3e+1 9.3e+1 9.3e+1 9.3e+1 9.3e+1 9.3e+1 9.3e+1 9.3e+1 9.3e+1 9.3e+1
    9.3e+1 9.3e+1 9.3e+1 9.3e+1 9.3e+1 9.3142857142857139e+1
    9.3200000000000003e+1 9.325e+1 9.3333333333333329e+1 9.3400000000000006e+1
    9.35e+1 9.35e+1 9.3666666666666671e+1 9.375e+1 9.3833333333333329e+1 9.4e+1
    9.4e+1 9.4e+1 9.4e+1 9.4e+1 9.4e+1 9.4e+1 9.4e+1 9.4e+1 9.4e+1 9.4e+1
    9.4e+1 9.4e+1 9.4e+1 9.4e+1 9.4e+1 9.4e+1 9.4e+1 9.4e+1 9.4e+1 9.4e+1
    9.4e+1 9.4e+1 9.4e+1 9.4e+1 9.4e+1 9.4e+1 9.4e+1 9.4e+1 9.4e+1 9.4e+1
    9.4e+1 9.4e+1 9.4e+1 9.4e+1 9.4e+1 9.4e+1 9.4e+1 9.4e+1 9.4e+1 9.4e+1
    9.4e+1 9.4e+1 9.4e+1 9.4e+1 9.4e+1 9.4e+1 9.4e+1 9.4e+1 9.4e+1 9.4e+1
    9.4e+1 9.4e+1 9.4e+1 9.4e+1 9.4e+1 9.4e+1 9.4e+1 9.4e+1 9.4e+1 9.4e+1
    9.4e+1 9.4e+1 9.4e+1 9.4e+1 9.4e+1 9.4e+1 9.4e+1 9.4e+1 9.4e+1 9.4e+1
    9.4e+1 9.4e+1 9.4e+1 9.4e+1 9.4e+1 9.4e+1 9.4e+1 9.4e+1 9.4e+1 9.4e+1
    9.4e+1 9.4e+1 9.4e+1 9.4e+1 9.4e+1 9.4e+1 9.4e+1 9.4e+1 9.4e+1 9.4e+1
    9.4e+1 9.4e+1 9.4e+1 9.4e+1 9.4e+1 9.4e+1 9.4e+1 9.4e+1 9.4e+1 9.4e+1
    9.4e+1 9.4e+1 9.4e+1 9.4e+1 9.4e+1 9.4e+1 9.4e+1 9.4e+1 9.4e+1 9.4e+1
    9.4e+1 9.4e+1 9.4e+1 9.4e+1 9.4e+1 9.4e+1 9.4e+1 9.4e+1 9.4e+1 9.4e+1
    9.4e+1 9.4e+1 9.4e+1 9.4e+1 9.4e+1 9.4e+1 9.4e+1 9.4e+1 9.4e+1 9.4e+1
    9.4e+1 9.4e+1 9.4e+1 9.4e+1 9.4e+1 9.4e+1 9.4e+1 9.4e+1 9.4e+1 9.4e+1
    9.4e+1 9.4e+1 9.4e+1 9.4e+1 9.4e+1 9.4e+1 9.4e+1 9.4e+1 9.4e+1 9.4e+1
    9.4e+1 9.4e+1 9.4e+1 9.4e+1 9.4e+1 9.4e+1 9.4e+1 9.4e+1 9.4e+1 9.4e+1
    9.4e+1 9.4e+1 9.4e+1 9.4e+1 9.4e+1 9.4e+1 9.4e+1 9.4e+1 9.4e+1 9.4e+1
    9.4e+1 9.4e+1 9.4e+1 9.4e+1 9.4e+1 9.4e+1 9.4e+1 9.4e+1 9.4e+1 9.4e+1
    9.4e+1 9.4e+1 9.4e+1 9.4e+1 9.4e+1 9.4e+1 9.4e+1 9.4e+1 9.4e+1 9.4e+1
    9.4e+1 9.4e+1 9.4e+1 9.4e+1 9.4e+1 9.4e+1 9.4e+1 9.4e+1 9.4e+1 9.4e+1
    9.4e+1 9.4e+1 9.4e+1 9.4e+1 9.4e+1 9.4e+1 9.4e+1 9.4e+1 9.4e+1 9.4e+1
    9.4e+1 9.4e+1 9.4e+1 9.4e+1 9.4e+1 9.4e+1 9.4e+1 9.4e+1 9.4e+1 9.4e+1
    9.4166666666666671e+1 9.4333333333333329e+1 9.4428571428571431e+1 9.45e+1
    9.45e+1 9.4666666666666671e+1 9.4799999999999997e+1 9.5e+1 9.5e+1 9.5e+1
    9.5e+1 9.5e+1 9.5e+1 9.5e+1 9.5e+1 9.5e+1 9.5e+1 9.5e+1 9.5e+1 9.5e+1
    9.5e+1 9.5e+1 9.5e+1 9.5e+1 9.5e+1 9.5e+1 9.5e+1 9.5e+1 9.5e+1 9.5e+1
    9.5e+1 9.5e+1 9.5e+1 9.5e+1 9.5e+1 9.5e+1 9.5e+1 9.5e+1 9.5e+1 9.5e+1
    9.5e+1 9.5e+1 9.5e+1 9.5e+1 9.5e+1 9.5e+1 9.5e+1 9.5e+1 9.5e+1 9.5e+1
    9.5e+1 9.5e+1 9.5e+1 9.5e+1 9.5e+1 9.5e+1 9.5e+1 9.5e+1 9.5e+1 9.5e+1
    9.5e+1 9.5e+1 9.5e+1 9.5e+1 9.5e+1 9.5e+1 9.5e+1 9.5e+1 9.5e+1 9.5e+1
    9.5e+1 9.5e+1 9.5e+1 9.5e+1 9.5e+1 9.5e+1 9.5e+1 9.5e+1 9.5e+1 9.5e+1
    9.5e+1 9.5e+1 9.5e+1 9.5e+1 9.5e+1 9.5e+1 9.5e+1 9.5e+1 9.5e+1 9.5e+1
    9.5e+1 9.5e+1 9.5e+1 9.5e+1 9.5e+1 9.5e+1 9.5e+1 9.5e+1 9.5e+1 9.5e+1
    9.5e+1 9.5e+1 9.5e+1 9.5e+1 9.5e+1 9.5e+1 9.5e+1 9.5e+1 9.5e+1 9.5e+1
    9.5e+1 9.5e+1 9.5e+1 9.5e+1 9.5e+1 9.5e+1 9.5e+1 9.5166666666666671e+1
    9.5400000000000006e+1 9.55e+1 9.5625e+1 9.5666666666666671e+1 9.575e+1
    9.5799999999999997e+1 9.6e+1 9.6e+1 9.6e+1 9.6e+1 9.6e+1 9.6e+1 9.6e+1
    9.6e+1 9.6e+1 9.6e+1 9.6333333333333329e+1 9.6333333333333329e+1
    9.6400000000000006e+1 9.6428571428571431e+1 9.65e+1 9.65e+1 9.65e+1 9.65e+1
    9.6666666666666671e+1 9.6857142857142861e+1 9.7e+1 9.7e+1 9.7e+1 9.7e+1
    9.7e+1 9.7e+1 9.7e+1 9.7e+1 9.7166666666666671e+1 9.725e+1
    9.7333333333333329e+1 9.7466666666666669e+1 9.75e+1 9.75e+1
    9.7666666666666671e+1 9.775e+1 9.7857142857142861e+1 9.8e+1 9.8e+1 9.8e+1
    9.8e+1 9.8e+1 9.8e+1 9.8e+1 9.8e+1 9.8e+1 9.8200000000000003e+1 9.825e+1
    9.8333333333333329e+1 9.85e+1 9.85e+1 9.85e+1 9.85e+1 9.85e+1
    9.8599999999999994e+1 9.8666666666666671e+1 9.8666666666666671e+1
    9.8799999999999997e+1 9.9e+1 9.9e+1 9.9e+1 9.9e+1 9.9e+1 9.9e+1 9.9e+1
    9.9e+1 9.9e+1 9.9e+1 9.9e+1 9.9e+1 9.9e+1 9.9e+1 9.9e+1 9.9e+1 9.9e+1
    9.9e+1 9.9e+1 9.9e+1 9.9e+1 9.9e+1 9.9e+1 9.9e+1 9.9e+1 9.9e+1 9.9e+1
    9.9e+1 9.9e+1 9.9e+1 9.9e+1 9.9e+1 9.9e+1 9.9e+1 9.9e+1 9.9e+1 9.9e+1
    9.9e+1 9.9e+1 9.9e+1 9.9142857142857139e+1 9.9200000000000003e+1 9.925e+1
    9.9333333333333329e+1 9.936363636363636e+1 9.9428571428571431e+1 9.95e+1
    9.95e+1 9.95e+1 9.95e+1 9.9599999999999994e+1 9.9666666666666671e+1
    9.975e+1 9.9833333333333329e+1 1.0e+2 1.0e+2 1.0e+2 1.0e+2 1.0e+2 1.0e+2
    1.0e+2 1.0e+2 1.0e+2 1.0e+2 1.0e+2 1.0e+2 1.0e+2 1.0e+2 1.0e+2 1.0e+2
    1.0e+2 1.0e+2 1.0e+2 1.0e+2 1.0e+2 1.0e+2 1.0e+2 1.0e+2 1.0e+2 1.0e+2
    1.0e+2 1.0e+2 1.0e+2 1.0e+2 1.0e+2 1.0e+2 1.0e+2 1.0e+2 1.0e+2 1.0e+2
    1.0e+2 1.0e+2 1.0e+2 1.0e+2 1.0e+2 1.0e+2 1.0e+2 1.0e+2 1.0e+2 1.0e+2
    1.0e+2 1.0e+2 1.0e+2 1.0e+2 1.0e+2 1.0e+2 1.0e+2 1.0e+2 1.0e+2 1.0e+2
    1.0e+2 1.0e+2 1.0e+2 1.0e+2 1.0e+2 1.0e+2 1.0e+2 1.0e+2 1.0e+2 1.0e+2
    1.0e+2 1.0e+2 1.0e+2 1.0e+2 1.0e+2 1.0e+2 1.0e+2 1.0e+2 1.0e+2 1.0e+2
    1.0e+2 1.0e+2 1.0e+2 1.0e+2 1.0e+2 1.0e+2 1.0e+2 1.0e+2 1.0e+2 1.0e+2
    1.0e+2 1.0e+2 1.0e+2 1.0e+2 1.0e+2 1.0e+2 1.0e+2 1.0e+2 1.0e+2 1.0e+2
    1.0e+2 1.0e+2 1.0e+2 1.0e+2 1.0e+2 1.0e+2 1.0e+2 1.0e+2 1.0e+2 1.0e+2
    1.0e+2 1.0e+2 1.0e+2 1.0e+2 1.0e+2 1.0e+2 1.0e+2 1.0e+2 1.0e+2 1.0e+2
    1.0e+2 1.0e+2 1.0e+2 1.0e+2 1.0e+2 1.0e+2 1.0e+2 1.0e+2 1.0e+2 1.0e+2
    1.0e+2 1.0e+2 1.0e+2 1.0e+2 1.0e+2 1.0e+2 1.0e+2 1.0e+2 1.0e+2 1.0e+2
    1.0e+2 1.0e+2 1.0e+2 1.0e+2 1.0e+2 1.0e+2 1.0e+2 1.0e+2 1.0e+2 1.0e+2
    1.0e+2 1.0e+2 1.0e+2 1.0e+2 1.0e+2 1.0e+2 1.0e+2 1.0e+2 1.0e+2 1.0e+2
    1.0e+2 1.0e+2 1.0e+2 1.0e+2 1.0e+2 1.0e+2 1.0e+2 1.0e+2 1.0e+2 1.0e+2
    1.0e+2 1.0e+2 1.0e+2 1.0e+2 1.0e+2 1.0e+2 1.0e+2 1.0e+2 1.0e+2 1.0e+2
    1.0e+2 1.0e+2 1.0e+2 1.0e+2 1.0e+2 1.0e+2 1.0e+2 1.0e+2 1.0e+2 1.0e+2
    1.0e+2 1.0e+2 1.0e+2 1.0e+2 1.0e+2 1.0e+2 1.0e+2 1.0e+2 1.0e+2 1.0e+2
    1.0e+2 1.0e+2 1.0e+2 1.0e+2 1.0e+2 1.0e+2 1.0e+2 1.0e+2 1.0e+2 1.0e+2
    1.0e+2 1.0e+2 1.0e+2 1.0e+2 1.0e+2 1.0e+2 1.0e+2 1.0e+2 1.0e+2 1.0e+2
    1.0e+2 1.0e+2 1.0e+2 1.0e+2 1.0e+2 1.0e+2 1.0e+2 1.0e+2 1.0e+2 1.0e+2
    1.0e+2 1.0e+2 1.0e+2 1.0e+2 1.0e+2 1.0e+2 1.0e+2 1.0e+2 1.0e+2 1.0e+2
    1.0e+2 1.0e+2 1.0e+2 1.0e+2 1.0e+2 1.0e+2 1.0e+2 1.0e+2 1.0e+2 1.0e+2
    1.0e+2 1.0e+2 1.0e+2 1.0e+2 1.0e+2 1.0e+2 1.0e+2 1.0e+2 1.0e+2 1.0e+2
    1.0e+2 1.0e+2 1.0e+2 1.0e+2 1.0e+2 1.0e+2 1.0e+2 1.0e+2 1.0e+2 1.0e+2
    1.0e+2 1.0e+2 1.0e+2 1.0e+2 1.0e+2 1.0e+2 1.0e+2 1.0e+2 1.0e+2 1.0e+2
    1.0e+2 1.0e+2 1.0e+2 1.0e+2 1.0e+2 1.0e+2 1.0e+2 1.0e+2 1.0e+2 1.0e+2
    1.0e+2 1.0e+2 1.0e+2 1.0e+2 1.0e+2 1.0e+2 1.0e+2 1.0e+2 1.0e+2 1.0e+2
    1.0e+2 1.0e+2 1.0e+2 1.0e+2 1.0e+2 1.0e+2 1.0e+2 1.0e+2 1.0e+2 1.0e+2
    1.0e+2 1.0e+2 1.0e+2 1.0e+2 1.0e+2 1.0e+2 1.0e+2 1.0e+2 1.0e+2 1.0e+2
    1.0e+2 1.0e+2 1.0e+2 1.0e+2 1.0e+2 1.0e+2 1.0e+2 1.0e+2 1.0e+2 1.0e+2
    1.0e+2 1.0e+2 1.0e+2 1.0e+2 1.0e+2 1.0e+2 1.0e+2 1.0e+2 1.0e+2 1.0e+2
    1.0e+2 1.0e+2 1.0e+2 1.0e+2 1.0e+2 1.0e+2 1.0e+2 1.0e+2 1.0e+2 1.0e+2
    1.0e+2 1.0e+2 1.0e+2 1.0e+2 1.0e+2 1.0011111111111111e+2 1.002e+2
    1.0033333333333333e+2 1.0033333333333333e+2 1.0033333333333333e+2
    1.0040000000000001e+2 1.005e+2 1.005e+2 1.0063636363636364e+2
    1.0066666666666667e+2 1.0066666666666667e+2 1.008e+2 1.01e+2 1.01e+2
    1.01e+2 1.01e+2 1.01e+2 1.01e+2 1.01e+2 1.01e+2 1.01e+2 1.01e+2 1.01e+2
    1.01e+2 1.01e+2 1.01e+2 1.01e+2 1.01e+2 1.01e+2 1.01e+2 1.01e+2 1.01e+2
    1.01e+2 1.01e+2 1.01e+2 1.01e+2 1.01e+2 1.01e+2 1.01e+2 1.01e+2 1.01e+2
    1.01e+2 1.01e+2 1.01e+2 1.01e+2 1.01e+2 1.01e+2 1.01e+2 1.01e+2 1.01e+2
    1.01e+2 1.01e+2 1.01e+2 1.01e+2 1.01e+2 1.01e+2 1.01e+2 1.01e+2 1.01e+2
    1.01e+2 1.01e+2 1.01e+2 1.01e+2 1.01e+2 1.01e+2 1.01e+2 1.01e+2 1.01e+2
    1.01e+2 1.01e+2 1.01e+2 1.01e+2 1.01e+2 1.01e+2 1.01e+2 1.01e+2 1.01e+2
    1.01e+2 1.01e+2 1.01e+2 1.01e+2 1.01e+2 1.01e+2 1.01e+2 1.01e+2 1.01e+2
    1.01e+2 1.01e+2 1.01e+2 1.01e+2 1.01e+2 1.01e+2 1.01e+2 1.01e+2 1.01e+2
    1.01e+2 1.01e+2 1.01e+2 1.01e+2 1.01e+2 1.01e+2 1.01e+2 1.01e+2 1.01e+2
    1.01e+2 1.01e+2 1.01e+2 1.01e+2 1.01e+2 1.01e+2 1.01e+2 1.01e+2 1.01e+2
    1.01e+2 1.01e+2 1.01e+2 1.01e+2 1.01e+2 1.01e+2 1.01e+2 1.01e+2 1.01e+2
    1.01e+2 1.01e+2 1.01e+2 1.01e+2 1.01e+2 1.01e+2 1.01e+2 1.01e+2 1.01e+2
    1.01e+2 1.01e+2 1.01e+2 1.01e+2 1.01e+2 1.01e+2 1.01e+2 1.01e+2 1.01e+2
    1.01e+2 1.01e+2 1.01e+2 1.01e+2 1.01e+2 1.01e+2 1.01e+2 1.01e+2 1.01e+2
    1.01e+2 1.01e+2 1.01e+2 1.01e+2 1.01e+2 1.01e+2 1.01e+2 1.01e+2 1.01e+2
    1.01e+2 1.01e+2 1.01e+2 1.01e+2 1.01e+2 1.01e+2 1.01e+2 1.01e+2 1.01e+2
    1.01e+2 1.01e+2 1.01e+2 1.01e+2 1.01e+2 1.01e+2 1.01e+2 1.01e+2 1.01e+2
    1.01e+2 1.01e+2 1.01e+2 1.01e+2 1.01e+2 1.01e+2 1.01e+2 1.01e+2 1.01e+2
    1.01e+2 1.01e+2 1.01e+2 1.01e+2 1.01e+2 1.01e+2 1.01e+2 1.01e+2 1.01e+2
    1.01e+2 1.01e+2 1.01e+2 1.01e+2 1.01e+2 1.01e+2 1.01e+2 1.01e+2 1.01e+2
    1.01e+2 1.01e+2 1.01e+2 1.01e+2 1.01e+2 1.01e+2 1.01e+2 1.01e+2 1.01e+2
    1.01e+2 1.01e+2 1.01e+2 1.01e+2 1.01e+2 1.01e+2 1.01e+2 1.01e+2 1.01e+2
    1.01e+2 1.01e+2 1.01e+2 1.01e+2 1.01e+2 1.01e+2 1.01e+2 1.01e+2 1.01e+2
    1.01e+2 1.01e+2 1.01e+2 1.01e+2 1.01e+2 1.01e+2 1.01e+2 1.01e+2 1.01e+2
    1.01e+2 1.01e+2 1.01e+2 1.01e+2 1.01e+2 1.01e+2 1.01e+2 1.01e+2 1.01e+2
    1.01e+2 1.01e+2 1.01e+2 1.01e+2 1.01e+2 1.01e+2 1.01e+2 1.01e+2 1.01e+2
    1.01e+2 1.01e+2 1.01e+2 1.01e+2 1.01e+2 1.01e+2 1.01e+2 1.01e+2 1.01e+2
    1.01e+2 1.01e+2 1.01e+2 1.01e+2 1.01e+2 1.01e+2 1.01e+2 1.01e+2 1.01e+2
    1.01e+2 1.01e+2 1.01e+2 1.01e+2 1.01e+2 1.01e+2 1.01e+2 1.01e+2 1.01e+2
    1.01e+2 1.01e+2 1.01e+2 1.01e+2 1.01e+2 1.01e+2 1.01e+2 1.01e+2 1.01e+2
    1.01e+2 1.01e+2 1.01e+2 1.01e+2 1.01e+2 1.01e+2 1.01e+2 1.01e+2 1.01e+2
    1.01e+2 1.01e+2 1.01e+2 1.01e+2 1.01e+2 1.01e+2 1.01e+2 1.01e+2 1.01e+2
    1.01e+2 1.01e+2 1.01e+2 1.01e+2 1.01e+2 1.01e+2 1.01e+2 1.01e+2 1.01e+2
    1.01e+2 1.01e+2 1.01e+2 1.01e+2 1.01e+2 1.01e+2 1.01e+2 1.01e+2 1.01e+2
    1.01e+2 1.01e+2 1.01e+2 1.01e+2 1.01e+2 1.01e+2 1.01e+2 1.01e+2 1.01e+2
    1.01e+2 1.01e+2 1.01e+2 1.01e+2 1.01e+2 1.01e+2 1.01e+2 1.01e+2 1.01e+2
    1.01e+2 1.01e+2 1.01e+2 1.01e+2 1.01e+2 1.01e+2 1.01e+2 1.01e+2 1.01e+2
    1.01e+2 1.01e+2 1.01e+2 1.01e+2 1.01e+2 1.01e+2 1.01e+2 1.01e+2 1.01e+2
    1.01e+2 1.01e+2 1.01e+2 1.01e+2 1.01e+2 1.01e+2 1.01e+2 1.01e+2 1.01e+2
    1.01e+2 1.01e+2 1.01e+2 1.01e+2 1.01e+2 1.01e+2 1.01e+2 1.01e+2 1.01e+2
    1.01e+2 1.01e+2 1.01e+2 1.01e+2 1.01e+2 1.01e+2 1.01e+2 1.01e+2 1.01e+2
    1.01e+2 1.01e+2 1.01e+2 1.01e+2 1.01e+2 1.01e+2 1.01e+2 1.01e+2 1.01e+2
    1.01e+2 1.01e+2 1.01e+2 1.01e+2 1.01e+2 1.01e+2 1.01e+2 1.01e+2 1.01e+2
    1.01e+2 1.01e+2 1.01e+2 1.01e+2 1.01e+2 1.01e+2 1.01e+2 1.01e+2 1.01e+2
    1.01e+2 1.01e+2 1.01e+2 1.01e+2 1.01e+2 1.01e+2 1.01e+2 1.01e+2 1.01e+2
    1.01e+2 1.01e+2 1.01e+2 1.01e+2 1.01e+2 1.01e+2 1.01e+2 1.01e+2 1.01e+2
    1.01e+2 1.01e+2 1.01e+2 1.01e+2 1.01e+2 1.01e+2 1.01e+2 1.01e+2 1.01e+2
    1.01e+2 1.01e+2 1.01e+2 1.01e+2 1.01e+2 1.01e+2 1.01e+2 1.01e+2 1.01e+2
    1.01e+2 1.01e+2 1.01e+2 1.01e+2 1.01e+2 1.01e+2 1.01e+2 1.01e+2 1.01e+2
    1.01e+2 1.01e+2 1.01e+2 1.01e+2 1.01e+2 1.01e+2 1.01e+2 1.01e+2 1.01e+2
    1.01e+2 1.01e+2 1.01e+2 1.01e+2 1.01e+2 1.01e+2 1.01e+2 1.01e+2 1.01e+2
    1.01e+2 1.01e+2 1.01e+2 1.01e+2 1.01e+2 1.01e+2 1.01e+2 1.01e+2 1.01e+2
    1.01e+2 1.01e+2 1.01e+2 1.01e+2 1.01e+2 1.01e+2 1.01e+2 1.01e+2 1.01e+2
    1.01e+2 1.01e+2 1.01e+2 1.01e+2 1.01e+2 1.01e+2 1.01e+2 1.01e+2 1.01e+2
    1.01e+2 1.01e+2 1.01e+2 1.01e+2 1.01e+2 1.01e+2 1.01e+2 1.01e+2 1.01e+2
    1.01e+2 1.01e+2 1.01e+2 1.01e+2 1.01e+2 1.01e+2 1.01e+2 1.01e+2 1.01e+2
    1.01e+2 1.01e+2 1.01e+2 1.01e+2 1.01e+2 1.01e+2 1.01e+2 1.01e+2 1.01e+2
    1.01e+2 1.01e+2 1.01e+2 1.01e+2 1.01e+2 1.01e+2 1.01e+2 1.01e+2 1.01e+2
    1.01e+2 1.01e+2 1.01e+2 1.01e+2 1.01e+2 1.01e+2 1.01e+2 1.01e+2 1.01e+2
    1.01e+2 1.01e+2 1.01e+2 1.01e+2 1.01e+2 1.01e+2 1.01e+2 1.01e+2 1.01e+2
    1.01e+2 1.01e+2 1.01e+2 1.01e+2 1.01e+2 1.01e+2 1.01e+2 1.01e+2 1.01e+2
    1.01e+2 1.01e+2 1.01e+2 1.01e+2 1.01e+2 1.01e+2 1.01e+2 1.01e+2 1.01e+2
    1.01e+2 1.01e+2 1.01e+2 1.01e+2 1.01e+2 1.01e+2 1.01e+2 1.01e+2 1.01e+2
    1.01e+2 1.01e+2 1.01e+2 1.01e+2 1.01e+2 1.01e+2 1.01e+2 1.01e+2 1.01e+2
    1.01e+2 1.01e+2 1.01e+2 1.01e+2 1.01e+2 1.01e+2 1.01e+2 1.01e+2 1.01e+2
    1.01e+2 1.01e+2 1.01e+2 1.01e+2 1.01e+2 1.01e+2 1.01e+2 1.01e+2 1.01e+2
    1.01e+2 1.01e+2 1.01e+2 1.01e+2 1.01e+2 1.01e+2 1.01e+2 1.01e+2 1.01e+2
    1.01e+2 1.01e+2 1.01e+2 1.01e+2 1.01e+2 1.01e+2 1.01e+2 1.01e+2 1.01e+2
    1.01e+2 1.01e+2 1.01e+2 1.01e+2 1.01e+2 1.01e+2 1.01e+2 1.01e+2 1.01e+2
    1.01e+2 1.01e+2 1.01e+2 1.01e+2 1.01e+2 1.01e+2 1.01e+2 1.01e+2 1.01e+2
    1.01e+2 1.01e+2 1.01e+2 1.01e+2 1.01e+2 1.01e+2 1.01e+2 1.01e+2 1.01e+2
    1.01e+2 1.01e+2 1.01e+2 1.01e+2 1.01e+2 1.01e+2 1.01e+2 1.01e+2 1.01e+2
    1.01e+2 1.01e+2 1.01e+2 1.01e+2 1.01e+2 1.01e+2 1.01e+2 1.01e+2 1.01e+2
    1.01e+2 1.01e+2 1.01e+2 1.01e+2 1.01e+2 1.01e+2 1.01e+2 1.01e+2 1.01e+2
    1.01e+2 1.01e+2 1.01e+2 1.01e+2 1.01e+2 1.01e+2 1.01e+2 1.01e+2 1.01e+2
    1.01e+2 1.01e+2 1.01e+2 1.01e+2 1.01e+2 1.01e+2 1.01e+2 1.01e+2 1.01e+2
    1.01e+2 1.01e+2 1.01e+2 1.01e+2 1.01e+2 1.01e+2 1.01e+2 1.01e+2 1.01e+2
    1.01e+2 1.01e+2 1.01e+2 1.01e+2 1.01e+2 1.01e+2 1.01e+2 1.01e+2 1.01e+2
    1.01e+2 1.01e+2 1.01e+2 1.01e+2 1.01e+2 1.01e+2 1.01e+2 1.01e+2 1.01e+2
    1.01e+2 1.01e+2 1.01e+2 1.01e+2 1.01e+2 1.01e+2 1.01e+2 1.01e+2 1.01e+2
    1.01e+2 1.01e+2 1.01e+2 1.01e+2 1.01e+2 1.01e+2 1.01e+2 1.01e+2 1.01e+2
    1.01e+2 1.01e+2 1.01e+2 1.01e+2 1.01e+2 1.01e+2 1.01e+2 1.01e+2 1.01e+2
    1.01e+2 1.01e+2 1.01e+2 1.01e+2 1.01e+2 1.01e+2 1.01e+2 1.01e+2 1.01e+2
    1.01e+2 1.01e+2 1.01e+2 1.01e+2 1.01e+2 1.01e+2 1.01e+2 1.01e+2 1.01e+2
    1.01e+2 1.01e+2 1.01e+2 1.01e+2 1.01e+2 1.01e+2 1.01e+2 1.01e+2 1.01e+2
    1.01e+2 1.01e+2 1.01e+2 1.01e+2 1.01e+2 1.01e+2 1.01e+2 1.01e+2 1.01e+2
    1.01e+2 1.01e+2 1.01e+2 1.01e+2 1.01e+2 1.01e+2 1.01e+2 1.01e+2 1.01e+2
    1.01e+2 1.01e+2 1.01e+2 1.01e+2 1.01e+2 1.01e+2 1.01e+2 1.01e+2 1.01e+2
    1.01e+2 1.01e+2 1.01e+2 1.01e+2 1.01e+2 1.01e+2 1.01e+2 1.01e+2 1.01e+2
    1.01e+2 1.01e+2 1.01e+2 1.01e+2 1.01e+2 1.01e+2 1.01e+2 1.01e+2 1.01e+2
    1.01e+2 1.01e+2 1.01e+2 1.01e+2 1.01e+2 1.01e+2 1.01e+2 1.01e+2 1.01e+2
    1.01e+2 1.01e+2 1.01e+2 1.01e+2 1.01e+2 1.01e+2 1.01e+2 1.01e+2 1.01e+2
    1.01e+2 1.01e+2 1.01e+2 1.01e+2 1.01e+2 1.01e+2 1.01e+2 1.01e+2 1.01e+2
    1.01e+2 1.01e+2 1.01e+2 1.01e+2 1.01e+2 1.01e+2 1.01e+2 1.01e+2 1.01e+2
    1.01e+2 1.01e+2 1.01e+2 1.01e+2 1.01e+2 1.01e+2 1.01e+2 1.01e+2 1.01e+2
    1.01e+2 1.01e+2 1.01e+2 1.01e+2 1.01e+2 1.01e+2 1.01e+2 1.01e+2 1.01e+2
    1.01e+2 1.01e+2 1.01e+2 1.01e+2 1.01e+2 1.01e+2 1.01e+2 1.01e+2 1.01e+2
    1.01e+2 1.01e+2 1.01e+2 1.01e+2 1.01e+2 1.01e+2 1.01e+2 1.01e+2 1.01e+2
    1.01e+2 1.01e+2 1.01e+2 1.01e+2 1.01e+2 1.01e+2 1.01e+2 1.01e+2 1.01e+2
    1.01e+2 1.01e+2 1.01e+2 1.01e+2 1.01e+2 1.01e+2 1.01e+2 1.01e+2 1.01e+2
    1.01e+2 1.01e+2 1.01e+2 1.01e+2 1.01e+2 1.01e+2 1.01e+2 1.01e+2 1.01e+2
    1.01e+2 1.01e+2 1.01e+2 1.01e+2 1.01e+2 1.01e+2 1.01e+2 1.01e+2 1.01e+2
    1.01e+2 1.01e+2 1.01e+2 1.01e+2 1.01e+2 1.01e+2 1.01e+2 1.01e+2 1.01e+2
    1.01e+2 1.01e+2 1.01e+2 1.01e+2 1.01e+2 1.01e+2 1.01e+2 1.01e+2 1.01e+2
    1.01e+2 1.01e+2 1.01e+2 1.01e+2 1.01e+2 1.01e+2 1.01e+2 1.01e+2 1.01e+2
    1.01e+2 1.01e+2 1.01e+2 1.01e+2 1.01e+2 1.01e+2 1.01e+2 1.01e+2 1.01e+2
    1.01e+2 1.01e+2 1.01e+2 1.01e+2 1.01e+2 1.01e+2 1.01e+2 1.01e+2 1.01e+2
    1.01e+2 1.01e+2 1.01e+2 1.01e+2 1.01e+2 1.01e+2 1.01e+2 1.01e+2 1.01e+2
    1.01e+2 1.01e+2 1.01e+2 1.01e+2 1.01e+2 1.01e+2 1.01e+2 1.01e+2 1.01e+2
    1.01e+2 1.01e+2 1.01e+2 1.01e+2 1.01e+2 1.01e+2 1.01e+2 1.01e+2 1.01e+2
    1.01e+2 1.01e+2 1.01e+2 1.01e+2 1.01e+2 1.01e+2 1.01e+2 1.01e+2 1.01e+2
    1.01e+2 1.01e+2 1.01e+2 1.01e+2 1.01e+2 1.01e+2 1.01e+2 1.01e+2 1.01e+2
    1.01e+2 1.01e+2 1.01e+2 1.01e+2 1.01e+2 1.01e+2 1.01e+2 1.01e+2 1.01e+2
    1.01e+2 1.01e+2 1.01e+2 1.01e+2 1.01e+2 1.01e+2 1.01e+2 1.01e+2 1.01e+2
    1.01e+2 1.01e+2 1.01e+2 1.01e+2 1.01e+2 1.01e+2 1.01e+2 1.01e+2 1.01e+2
    1.01e+2 1.01e+2 1.01e+2 1.01e+2 1.01e+2 1.01e+2 1.01e+2 1.01e+2 1.01e+2
    1.01e+2 1.01e+2 1.01e+2 1.01e+2 1.01e+2 1.01e+2 1.01e+2 1.01e+2 1.01e+2
    1.01e+2 1.01e+2 1.01e+2 1.01e+2 1.01e+2 1.01e+2 1.01e+2 1.01e+2 1.01e+2
    1.01e+2 1.01e+2 1.01e+2 1.01e+2 1.01e+2 1.01e+2 1.01e+2 1.01e+2 1.01e+2
    1.01e+2 1.01e+2 1.01e+2 1.01e+2 1.01e+2 1.01e+2 1.01e+2 1.01e+2 1.01e+2
    1.01e+2 1.01e+2 1.01e+2 1.01e+2 1.01e+2 1.01e+2 1.01e+2 1.01e+2 1.01e+2
    1.01e+2 1.01e+2 1.01e+2 1.01e+2 1.01e+2 1.01e+2 1.01e+2 1.01e+2 1.01e+2
    1.01e+2 1.01e+2 1.01e+2 1.01e+2 1.01e+2 1.01e+2 1.01e+2 1.01e+2 1.01e+2
    1.01e+2 1.01e+2 1.01e+2 1.01e+2 1.01e+2 1.01e+2 1.01e+2 1.01e+2 1.01e+2
    1.01e+2 1.01e+2 1.01e+2 1.01e+2 1.01e+2 1.01e+2 1.01e+2 1.01e+2 1.01e+2
    1.01e+2 1.01e+2 1.01e+2 1.01e+2 1.01e+2 1.01e+2 1.01e+2 1.01e+2 1.01e+2
    1.01e+2 1.01e+2 1.01e+2 1.01e+2 1.01e+2 1.01e+2 1.01e+2 1.01e+2 1.01e+2
    1.01e+2 1.01e+2 1.01e+2 1.01e+2 1.01e+2 1.01e+2 1.01e+2 1.01e+2 1.01e+2
    1.01e+2 1.01e+2 1.01e+2 1.01e+2 1.01e+2 1.01e+2 1.01e+2 1.01e+2 1.01e+2
    1.01e+2 1.01e+2 1.01e+2 1.01e+2 1.01e+2 1.01e+2 1.01e+2 1.01e+2 1.01e+2
    1.01e+2 1.01e+2 1.01e+2 1.01e+2 1.01e+2 1.01e+2 1.01e+2 1.01e+2 1.01e+2
    1.01e+2 1.01e+2 1.01e+2 1.01e+2 1.01e+2 1.01e+2 1.01e+2 1.01e+2 1.01e+2
    1.01e+2 1.01e+2 1.01e+2 1.01e+2 1.01e+2 1.01e+2 1.01e+2 1.01e+2 1.01e+2
    1.01e+2 1.01e+2 1.01e+2 1.01e+2 1.01e+2 1.01e+2 1.01e+2 1.01e+2 1.01e+2
    1.01e+2 1.01e+2 1.01e+2 1.01e+2 1.01e+2 1.01e+2 1.01e+2 1.01e+2 1.01e+2
    1.01e+2 1.01e+2 1.01e+2 1.01e+2 1.01e+2 1.01e+2 1.01e+2 1.01e+2 1.01e+2
    1.01e+2 1.01e+2 1.01e+2 1.01e+2 1.01e+2 1.01e+2 1.01e+2 1.01e+2 1.01e+2
    1.01e+2 1.01e+2 1.01e+2 1.01e+2 1.01e+2 1.01e+2 1.01e+2 1.01e+2 1.01e+2
    1.01e+2 1.01e+2 1.01e+2 1.01e+2 1.01e+2 1.01e+2 1.01e+2 1.01e+2 1.01e+2
    1.01e+2 1.01e+2 1.01e+2 1.01e+2 1.01e+2 1.01e+2 1.01e+2 1.01e+2 1.01e+2
    1.01e+2 1.01e+2 1.01e+2 1.01e+2 1.01e+2 1.01e+2 1.01e+2 1.01e+2 1.01e+2
    1.01e+2 1.01e+2 1.01e+2 1.01e+2 1.01e+2 1.01e+2 1.01e+2 1.01e+2 1.01e+2
    1.01e+2 1.01e+2 1.01e+2 1.01e+2 1.01e+2 1.01e+2 1.01e+2 1.01e+2 1.01e+2
    1.01e+2 1.01e+2 1.01e+2 1.01e+2 1.01e+2 1.01e+2 1.01e+2 1.01e+2 1.01e+2
    1.01e+2 1.01e+2 1.01e+2 1.01e+2 1.01e+2 1.01e+2 1.01e+2 1.01e+2 1.01e+2
    1.01e+2 1.01e+2 1.01e+2 1.01e+2 1.01e+2 1.01e+2 1.01e+2 1.01e+2 1.01e+2
    1.01e+2 1.01e+2 1.01e+2 1.01e+2 1.01e+2 1.01e+2 1.01e+2 1.01e+2 1.01e+2
    1.01e+2 1.01e+2 1.01e+2 1.01e+2 1.01e+2 1.01e+2 1.01e+2 1.01e+2 1.01e+2
    1.01e+2 1.01e+2 1.01e+2 1.01e+2 1.01e+2 1.01e+2 1.01e+2 1.01e+2 1.01e+2
    1.01e+2 1.01e+2 1.01e+2 1.01e+2 1.01e+2 1.01e+2 1.01e+2 1.01e+2 1.01e+2
    1.01e+2 1.01e+2 1.01e+2 1.01e+2 1.01e+2 1.0114285714285714e+2 1.012e+2
    1.0133333333333333e+2 1.0140000000000001e+2 1.015e+2 1.015e+2
    1.0166666666666667e+2 1.0166666666666667e+2 1.018e+2 1.02e+2 1.02e+2
    1.02e+2 1.02e+2 1.02e+2 1.02e+2 1.02e+2 1.02e+2 1.02e+2 1.02e+2 1.02e+2
    1.02e+2 1.02e+2 1.02e+2 1.02e+2 1.02e+2 1.02e+2 1.02e+2 1.02e+2 1.02e+2
    1.02e+2 1.02e+2 1.02e+2 1.02e+2 1.02e+2 1.02e+2 1.02e+2 1.02e+2 1.02e+2
    1.02e+2 1.02e+2 1.02e+2 1.02e+2 1.02e+2 1.02e+2 1.02e+2 1.02e+2 1.02e+2
    1.02e+2 1.02e+2 1.02e+2 1.02e+2 1.02e+2 1.02e+2 1.02e+2 1.02e+2 1.02e+2
    1.02e+2 1.02e+2 1.02e+2 1.02e+2 1.02e+2 1.02e+2 1.02e+2 1.02e+2 1.02e+2
    1.02e+2 1.02e+2 1.02e+2 1.02e+2 1.02e+2 1.02e+2 1.02e+2 1.02e+2 1.02e+2
    1.02e+2 1.02e+2 1.02e+2 1.02e+2 1.02e+2 1.02e+2 1.02e+2 1.02e+2 1.02e+2
    1.02e+2 1.02e+2 1.02e+2 1.02e+2 1.02e+2 1.02e+2 1.02e+2 1.02e+2 1.02e+2
    1.02e+2 1.02e+2 1.02e+2 1.02e+2 1.02e+2 1.02e+2 1.02e+2 1.02e+2 1.02e+2
    1.02e+2 1.02e+2 1.02e+2 1.02e+2 1.02e+2 1.02e+2 1.02e+2 1.02e+2 1.02e+2
    1.02e+2 1.02e+2 1.02e+2 1.02e+2 1.02e+2 1.02e+2 1.02e+2 1.02e+2 1.02e+2
    1.02e+2 1.02e+2 1.02e+2 1.02e+2 1.02e+2 1.02e+2 1.02e+2 1.02e+2 1.02e+2
    1.02e+2 1.02e+2 1.02e+2 1.02e+2 1.02e+2 1.02e+2 1.02e+2 1.02e+2 1.02e+2
    1.02e+2 1.02e+2 1.02e+2 1.02e+2 1.02e+2 1.02e+2 1.02e+2 1.02e+2 1.02e+2
    1.02e+2 1.02e+2 1.02e+2 1.02e+2 1.02e+2 1.02e+2 1.02e+2 1.02e+2 1.02e+2
    1.02e+2 1.02e+2 1.02e+2 1.02e+2 1.02e+2 1.02e+2 1.02e+2 1.02e+2 1.02e+2
    1.02e+2 1.02e+2 1.02e+2 1.02e+2 1.02e+2 1.02e+2 1.02e+2 1.02e+2 1.02e+2
    1.02e+2 1.02e+2 1.02e+2 1.02e+2 1.02e+2 1.02e+2 1.02e+2 1.02e+2 1.02e+2
    1.02e+2 1.02e+2 1.02e+2 1.02e+2 1.02e+2 1.02e+2 1.02e+2 1.02e+2 1.02e+2
    1.02e+2 1.02e+2 1.02e+2 1.02e+2 1.02e+2 1.02e+2 1.02e+2 1.02e+2 1.02e+2
    1.02e+2 1.02e+2 1.02e+2 1.02e+2 1.02e+2 1.02e+2 1.02e+2 1.02e+2 1.02e+2
    1.02e+2 1.02e+2 1.02e+2 1.02e+2 1.02e+2 1.02e+2 1.02e+2 1.02e+2 1.02e+2
    1.02e+2 1.02e+2 1.02e+2 1.02e+2 1.02e+2 1.02e+2 1.02e+2 1.02e+2 1.02e+2
    1.02e+2 1.02e+2 1.02e+2 1.02e+2 1.02e+2 1.02e+2 1.02e+2 1.02e+2 1.02e+2
    1.02e+2 1.02e+2 1.02e+2 1.02e+2 1.02e+2 1.02e+2 1.02e+2 1.02e+2 1.02e+2
    1.02e+2 1.02e+2 1.02e+2 1.02e+2 1.02e+2 1.02e+2 1.02e+2 1.02e+2 1.02e+2
    1.02e+2 1.02e+2 1.02e+2 1.02e+2 1.02e+2 1.02e+2 1.02e+2 1.02e+2 1.02e+2
    1.02e+2 1.02e+2 1.02e+2 1.02e+2 1.02e+2 1.02e+2 1.02e+2 1.02e+2 1.02e+2
    1.02e+2 1.02e+2 1.02e+2 1.02e+2 1.02e+2 1.02e+2 1.02e+2 1.02e+2 1.02e+2
    1.02e+2 1.02e+2 1.02e+2 1.02e+2 1.02e+2 1.02e+2 1.02e+2 1.02e+2 1.02e+2
    1.02e+2 1.02e+2 1.02e+2 1.02e+2 1.02e+2 1.02e+2 1.02e+2 1.02e+2 1.02e+2
    1.02e+2 1.02e+2 1.02e+2 1.02e+2 1.02e+2 1.02e+2 1.02e+2 1.02e+2 1.02e+2
    1.02e+2 1.02e+2 1.02e+2 1.02e+2 1.02e+2 1.02e+2 1.02e+2 1.02e+2 1.02e+2
    1.02e+2 1.02e+2 1.02e+2 1.02e+2 1.02e+2 1.02e+2 1.02e+2 1.02e+2 1.02e+2
    1.02e+2 1.02e+2 1.02e+2 1.02e+2 1.02e+2 1.02e+2 1.02e+2 1.02e+2 1.02e+2
    1.02e+2 1.02e+2 1.02e+2 1.02e+2 1.02e+2 1.02e+2 1.02e+2 1.02e+2 1.02e+2
    1.02e+2 1.02e+2 1.02e+2 1.02e+2 1.02e+2 1.02e+2 1.02e+2 1.02e+2 1.02e+2
    1.02e+2 1.02e+2 1.02e+2 1.02e+2 1.02e+2 1.02e+2 1.02e+2 1.02e+2 1.02e+2
    1.02e+2 1.02e+2 1.02e+2 1.02e+2 1.02e+2 1.02e+2 1.02e+2 1.02e+2 1.02e+2
    1.02e+2 1.02e+2 1.02e+2 1.02e+2 1.02e+2 1.02e+2 1.02e+2 1.02e+2 1.02e+2
    1.02e+2 1.02e+2 1.02e+2 1.02e+2 1.02e+2 1.02e+2 1.02e+2 1.02e+2 1.02e+2
    1.02e+2 1.02e+2 1.02e+2 1.02e+2 1.02e+2 1.02e+2 1.02e+2 1.02e+2 1.02e+2
    1.02e+2 1.02e+2 1.02e+2 1.02e+2 1.02e+2 1.02e+2 1.02e+2 1.02e+2 1.02e+2
    1.0211111111111111e+2 1.022e+2 1.0225e+2 1.0233333333333333e+2
    1.0233333333333333e+2 1.0240000000000001e+2 1.025e+2 1.025e+2
    1.0266666666666667e+2 1.0266666666666667e+2 1.028e+2 1.02875e+2 1.03e+2
    1.03e+2 1.03e+2 1.03e+2 1.03e+2 1.03e+2 1.0314285714285714e+2
    1.0322222222222223e+2 1.0325e+2 1.0333333333333333e+2 1.0340000000000001e+2
    1.0342857142857143e+2 1.035e+2 1.0359999999999999e+2 1.0359999999999999e+2
    1.0366666666666667e+2 1.0371428571428571e+2 1.0375e+2 1.038e+2
    1.0385714285714286e+2 1.04e+2 1.04e+2 1.04e+2 1.04e+2 1.04e+2 1.04e+2
    1.04e+2 1.04e+2 1.0414285714285714e+2 1.042e+2 1.0425e+2
    1.0433333333333333e+2 1.0433333333333333e+2 1.0433333333333333e+2
    1.0440000000000001e+2 1.045e+2 1.045e+2 1.045e+2 1.0459999999999999e+2
    1.0466666666666667e+2 1.0471428571428571e+2 1.0475e+2 1.048e+2 1.04875e+2
    1.05e+2 1.05e+2 1.05e+2 1.05e+2 1.05e+2 1.05e+2 1.05e+2 1.05e+2
    1.0516666666666667e+2 1.052e+2 1.0528571428571429e+2 1.0533333333333333e+2
    1.0540000000000001e+2 1.055e+2 1.055e+2 1.055e+2 1.05625e+2
    1.0571428571428571e+2 1.0575e+2 1.0575e+2 1.058e+2 1.0583333333333333e+2
    1.06e+2 1.06e+2 1.06e+2 1.06e+2 1.06e+2 1.06e+2 1.06e+2 1.062e+2 1.0625e+2
    1.0633333333333333e+2 1.0641666666666667e+2 1.065e+2 1.0666666666666667e+2
    1.0675e+2 1.0675e+2 1.068e+2 1.07e+2 1.07e+2 1.07e+2 1.07e+2 1.07e+2
    1.07e+2 1.07e+2 1.07e+2 1.07125e+2 1.0725e+2 1.0728571428571429e+2
    1.0733333333333333e+2 1.0742857142857143e+2 1.075e+2 1.075e+2
    1.0758333333333333e+2 1.07625e+2 1.0771428571428571e+2 1.0775e+2 1.078e+2
    1.0783333333333333e+2 1.08e+2 1.08e+2 1.08e+2 1.08e+2 1.08e+2
    1.0809999999999999e+2 1.0816666666666667e+2 1.082e+2 1.0828571428571429e+2
    1.08375e+2 1.0844444444444444e+2 1.085e+2 1.085e+2 1.0857142857142857e+2
    1.08625e+2 1.0866666666666667e+2 1.0871428571428571e+2
    1.0877777777777777e+2 1.088e+2 1.08875e+2 1.09e+2 1.09e+2 1.09e+2 1.09e+2
    1.09e+2 1.092e+2 1.0925e+2 1.0928571428571429e+2 1.0933333333333333e+2
    1.0936363636363636e+2 1.0940000000000001e+2 1.095e+2 1.095e+2 1.095e+2
    1.0955555555555556e+2 1.0959999999999999e+2 1.0966666666666667e+2 1.097e+2
    1.0983333333333333e+2 1.0991666666666667e+2 1.1e+2 1.1e+2 1.1e+2 1.1e+2
    1.1e+2 1.1e+2 1.1e+2 1.102e+2 1.1025e+2 1.1033333333333333e+2
    1.1033333333333333e+2 1.1040000000000001e+2 1.105e+2 1.105e+2 1.105e+2
    1.1059999999999999e+2 1.1066666666666667e+2 1.1066666666666667e+2 1.1075e+2
    1.1075e+2 1.108e+2 1.108e+2 1.11e+2 1.11e+2 1.11e+2 1.11e+2 1.11e+2 1.11e+2
    1.11e+2 1.1109999999999999e+2 1.112e+2 1.1125e+2 1.1125e+2
    1.1133333333333333e+2 1.1133333333333333e+2 1.1133333333333333e+2
    1.1140000000000001e+2 1.1140000000000001e+2 1.115e+2 1.115e+2 1.115e+2
    1.1157142857142857e+2 1.1166666666666667e+2 1.1166666666666667e+2 1.1175e+2
    1.1183333333333333e+2 1.12e+2 1.12e+2 1.12e+2 1.12e+2 1.12e+2 1.12e+2
    1.12e+2 1.12e+2 1.1214285714285714e+2 1.122e+2 1.1225e+2
    1.1233333333333333e+2 1.12375e+2 1.1242857142857143e+2 1.125e+2 1.125e+2
    1.125e+2 1.1257142857142857e+2 1.1259999999999999e+2 1.1271428571428571e+2
    1.1275e+2 1.1283333333333333e+2 1.1288888888888889e+2 1.13e+2 1.13e+2
    1.13e+2 1.13e+2 1.13e+2 1.13e+2 1.13e+2 1.13e+2 1.1311111111111111e+2
    1.1316666666666667e+2 1.132e+2 1.1325e+2 1.1333333333333333e+2
    1.1340000000000001e+2 1.1340000000000001e+2 1.1342857142857143e+2 1.135e+2
    1.135e+2 1.1359999999999999e+2 1.1366666666666667e+2 1.1366666666666667e+2
    1.1375e+2 1.138e+2 1.138e+2 1.1385714285714286e+2 1.14e+2 1.14e+2 1.14e+2
    1.14e+2 1.14e+2 1.14e+2 1.14e+2 1.14e+2 1.14e+2 1.1414285714285714e+2
    1.1416666666666667e+2 1.1425e+2 1.1433333333333333e+2 1.1440000000000001e+2
    1.145e+2 1.145e+2 1.1459999999999999e+2 1.1466666666666667e+2
    1.1466666666666667e+2 1.1475e+2 1.14875e+2 1.15e+2 1.15e+2 1.15e+2 1.15e+2
    1.15e+2 1.15e+2 1.15e+2 1.15e+2 1.15e+2 1.1514285714285714e+2 1.1525e+2
    1.1528571428571429e+2 1.1533333333333333e+2 1.155e+2 1.155e+2
    1.1558333333333333e+2 1.15625e+2 1.1566666666666667e+2
    1.1571428571428571e+2 1.1583333333333333e+2 1.15875e+2 1.16e+2 1.16e+2
    1.16e+2 1.16e+2 1.16e+2 1.16e+2 1.16e+2 1.16e+2 1.1616666666666667e+2
    1.162e+2 1.1625e+2 1.163e+2 1.1633333333333333e+2 1.1640000000000001e+2
    1.1642857142857143e+2 1.165e+2 1.165e+2 1.165e+2 1.165e+2
    1.1659999999999999e+2 1.1666666666666667e+2 1.1666666666666667e+2 1.167e+2
    1.1675e+2 1.1683333333333333e+2 1.1691666666666667e+2 1.17e+2 1.17e+2
    1.17e+2 1.17e+2 1.17e+2 1.17e+2 1.17e+2 1.1714285714285714e+2
    1.1716666666666667e+2 1.172e+2 1.173e+2 1.1733333333333333e+2 1.17375e+2
    1.175e+2 1.175e+2 1.175e+2 1.1757142857142857e+2 1.1759999999999999e+2
    1.1766666666666667e+2 1.1775e+2 1.178e+2 1.1783333333333333e+2 1.18e+2
    1.18e+2 1.18e+2 1.18e+2 1.18125e+2 1.1816666666666667e+2 1.182e+2
    1.1833333333333333e+2 1.1833333333333333e+2 1.1844444444444444e+2 1.185e+2
    1.185e+2 1.185e+2 1.1859999999999999e+2 1.1866666666666667e+2 1.1875e+2
    1.188e+2 1.1885714285714286e+2 1.19e+2 1.19e+2 1.19e+2 1.19e+2 1.19e+2
    1.1916666666666667e+2 1.192e+2 1.1925e+2 1.1933333333333333e+2
    1.1933333333333333e+2 1.1940000000000001e+2 1.1944444444444444e+2 1.195e+2
    1.195e+2 1.1966666666666667e+2 1.1966666666666667e+2 1.1966666666666667e+2
    1.1971428571428571e+2 1.198e+2 1.1983333333333333e+2 1.2e+2 1.2e+2 1.2e+2
    1.2e+2 1.2e+2 1.2e+2 1.2016666666666667e+2 1.202e+2 1.2025e+2 1.203e+2
    1.2040000000000001e+2 1.2042857142857143e+2 1.205e+2 1.205e+2
    1.2057142857142857e+2 1.2066666666666667e+2 1.2066666666666667e+2 1.2075e+2
    1.208e+2 1.208e+2 1.2083333333333333e+2 1.21e+2 1.21e+2 1.21e+2 1.21e+2
    1.21e+2 1.21125e+2 1.212e+2 1.2125e+2 1.213e+2 1.2133333333333333e+2
    1.2140000000000001e+2 1.215e+2 1.215e+2 1.2157142857142857e+2
    1.2166666666666667e+2 1.2166666666666667e+2 1.2166666666666667e+2 1.217e+2
    1.2175e+2 1.218e+2 1.218e+2 1.21875e+2 1.22e+2 1.22e+2 1.22e+2 1.22e+2
    1.2209999999999999e+2 1.2216666666666667e+2 1.222e+2 1.2225e+2
    1.2233333333333333e+2 1.2233333333333333e+2 1.2240000000000001e+2 1.225e+2
    1.225e+2 1.225e+2 1.2259999999999999e+2 1.2266666666666667e+2 1.2275e+2
    1.228e+2 1.23e+2 1.23e+2 1.23e+2 1.23e+2 1.23e+2 1.23e+2 1.23e+2 1.23e+2
    1.23e+2 1.23e+2 1.23e+2 1.23e+2 1.23e+2 1.23e+2 1.23125e+2 1.232e+2
    1.2325e+2 1.2328571428571429e+2 1.2333333333333333e+2 1.2340000000000001e+2
    1.2342857142857143e+2 1.235e+2 1.2359999999999999e+2 1.2366666666666667e+2
    1.2366666666666667e+2 1.2366666666666667e+2 1.2375e+2 1.238e+2 1.24e+2
    1.24e+2 1.24e+2 1.24e+2 1.24e+2 1.24e+2 1.24e+2 1.24e+2 1.24e+2
    1.2416666666666667e+2 1.242e+2 1.2425e+2 1.2433333333333333e+2
    1.2440000000000001e+2 1.245e+2 1.245e+2 1.245e+2 1.2457142857142857e+2
    1.2466666666666667e+2 1.2471428571428571e+2 1.2485714285714286e+2 1.25e+2
    1.25e+2 1.25e+2 1.25e+2 1.25e+2 1.25e+2 1.25e+2 1.25e+2 1.25e+2 1.25e+2
    1.25e+2 1.25e+2 1.25e+2 1.25e+2 1.25e+2 1.25e+2 1.25e+2 1.25e+2 1.25e+2
    1.2508333333333333e+2 1.2516666666666667e+2 1.252e+2 1.252e+2 1.2525e+2
    1.253e+2 1.2533333333333333e+2 1.2540000000000001e+2 1.255e+2 1.255e+2
    1.255e+2 1.2559999999999999e+2 1.2566666666666667e+2 1.2571428571428571e+2
    1.2583333333333333e+2 1.26e+2 1.26e+2 1.26e+2 1.26e+2 1.26e+2 1.26e+2
    1.26e+2 1.26e+2 1.26e+2 1.26e+2 1.26e+2 1.26e+2 1.26e+2 1.26e+2 1.26e+2
    1.26e+2 1.26e+2 1.26e+2 1.26e+2 1.26e+2 1.26e+2 1.2609999999999999e+2
    1.262e+2 1.2628571428571429e+2 1.2633333333333333e+2 1.2633333333333333e+2
    1.2641176470588235e+2 1.2642857142857143e+2 1.265e+2 1.265e+2 1.265e+2
    1.2659999999999999e+2 1.2659999999999999e+2 1.2666666666666667e+2 1.2675e+2
    1.268e+2 1.27e+2 1.27e+2 1.27e+2 1.27e+2 1.27e+2 1.27e+2 1.27e+2 1.27e+2
    1.27e+2 1.27e+2 1.27e+2 1.27e+2 1.2716666666666667e+2 1.2725e+2 1.273e+2
    1.2733333333333333e+2 1.2740000000000001e+2 1.275e+2 1.275e+2 1.275e+2
    1.2755555555555556e+2 1.2766666666666667e+2 1.277e+2 1.2775e+2 1.278e+2
    1.27875e+2 1.28e+2 1.28e+2 1.28e+2 1.28e+2 1.28e+2 1.28e+2 1.28e+2 1.28e+2
    1.28e+2 1.28e+2 1.2814285714285714e+2 1.2825e+2 1.2833333333333334e+2
    1.28375e+2 1.2840000000000001e+2 1.285e+2 1.285e+2 1.285e+2 1.285e+2
    1.2859999999999999e+2 1.2866666666666666e+2 1.2866666666666666e+2
    1.2880000000000001e+2 1.29e+2 1.29e+2 1.29e+2 1.29e+2 1.29e+2 1.29e+2
    1.29e+2 1.29e+2 1.29e+2 1.29e+2 1.29e+2 1.29e+2 1.29e+2 1.29e+2
    1.2919999999999999e+2 1.2925e+2 1.2928571428571428e+2 1.2933333333333334e+2
    1.2941666666666666e+2 1.295e+2 1.295e+2 1.295e+2 1.295e+2
    1.2966666666666666e+2 1.2966666666666666e+2 1.2975e+2 1.2983333333333334e+2
    1.2985714285714286e+2 1.3e+2 1.3e+2 1.3e+2 1.3e+2 1.3e+2 1.3e+2 1.3e+2
    1.3e+2 1.3e+2 1.3e+2 1.3014285714285714e+2 1.3019999999999999e+2 1.3025e+2
    1.3033333333333334e+2 1.3033333333333334e+2 1.3040000000000001e+2 1.305e+2
    1.305e+2 1.305e+2 1.30625e+2 1.3071428571428572e+2 1.3075e+2
    1.3080000000000001e+2 1.3080000000000001e+2 1.3091666666666666e+2 1.31e+2
    1.31e+2 1.31e+2 1.31e+2 1.31e+2 1.31e+2 1.31e+2 1.31e+2 1.31e+2 1.31e+2
    1.31e+2 1.3109090909090909e+2 1.3119999999999999e+2 1.3125e+2
    1.3130000000000001e+2 1.3133333333333334e+2 1.3140000000000001e+2 1.315e+2
    1.315e+2 1.3157142857142858e+2 1.3166666666666666e+2 1.3166666666666666e+2
    1.3175e+2 1.3180000000000001e+2 1.3190000000000001e+2 1.32e+2 1.32e+2
    1.32e+2 1.32e+2 1.32e+2 1.32e+2 1.32e+2 1.32e+2 1.32e+2 1.32e+2 1.32e+2
    1.3205263157894737e+2 1.3219999999999999e+2 1.3219999999999999e+2
    1.3219999999999999e+2 1.3233333333333334e+2 1.3233333333333334e+2 1.325e+2
    1.325e+2 1.3259999999999999e+2 1.3271428571428572e+2 1.3280000000000001e+2
    1.3285714285714286e+2 1.33e+2 1.33e+2 1.33e+2 1.33e+2 1.33e+2 1.33e+2
    1.33e+2 1.33e+2 1.33e+2 1.33e+2 1.33e+2 1.3319999999999999e+2 1.3325e+2
    1.3333333333333334e+2 1.3333333333333334e+2 1.3333333333333334e+2
    1.3340000000000001e+2 1.335e+2 1.335e+2 1.3359999999999999e+2
    1.3366666666666666e+2 1.3366666666666666e+2 1.3366666666666666e+2 1.3375e+2
    1.3380000000000001e+2 1.3385714285714286e+2 1.34e+2 1.34e+2 1.34e+2 1.34e+2
    1.34e+2 1.34e+2 1.34e+2 1.34e+2 1.34e+2 1.34e+2 1.34e+2
    1.3419999999999999e+2 1.3422222222222223e+2 1.3425e+2 1.3433333333333334e+2
    1.3440000000000001e+2 1.345e+2 1.345e+2 1.345e+2 1.3459999999999999e+2
    1.3463636363636363e+2 1.3466666666666666e+2 1.3475e+2 1.3483333333333334e+2
    1.3488888888888889e+2 1.35e+2 1.35e+2 1.35e+2 1.35e+2 1.35e+2 1.35e+2
    1.35e+2 1.35e+2 1.35e+2 1.35e+2 1.3511111111111111e+2 1.3522222222222223e+2
    1.3525e+2 1.3530000000000001e+2 1.3533333333333334e+2 1.35375e+2
    1.3542857142857142e+2 1.355e+2 1.355e+2 1.3559999999999999e+2
    1.3569999999999999e+2 1.3575e+2 1.3583333333333334e+2 1.3590909090909091e+2
    1.36e+2 1.36e+2 1.36e+2 1.36e+2 1.36e+2 1.36e+2 1.36e+2 1.36e+2 1.36e+2
    1.36e+2 1.3616666666666666e+2 1.3619999999999999e+2 1.3619999999999999e+2
    1.3625e+2 1.3630000000000001e+2 1.3633333333333334e+2 1.3633333333333334e+2
    1.3640000000000001e+2 1.365e+2 1.365e+2 1.365e+2 1.3659999999999999e+2
    1.3666666666666666e+2 1.3666666666666666e+2 1.3675e+2 1.3675e+2 1.36875e+2
    1.37e+2 1.37e+2 1.37e+2 1.37e+2 1.37e+2 1.37e+2 1.37e+2 1.37e+2 1.37e+2
    1.37e+2 1.37125e+2 1.3719999999999999e+2 1.3719999999999999e+2 1.3725e+2
    1.3733333333333334e+2 1.3733333333333334e+2 1.3740000000000001e+2
    1.3744444444444446e+2 1.375e+2 1.375e+2 1.375e+2 1.375e+2
    1.3759999999999999e+2 1.37625e+2 1.3766666666666666e+2
    1.3766666666666666e+2 1.3766666666666666e+2 1.3775e+2 1.3775e+2
    1.3780000000000001e+2 1.3783333333333334e+2 1.38e+2 1.38e+2 1.38e+2 1.38e+2
    1.38e+2 1.38e+2 1.38e+2 1.38e+2 1.38e+2 1.38e+2 1.38e+2 1.38e+2 1.38e+2
    1.3816666666666666e+2 1.3819999999999999e+2 1.3825e+2 1.3825e+2
    1.3833333333333334e+2 1.3833333333333334e+2 1.3833333333333334e+2
    1.3833333333333334e+2 1.3842105263157896e+2 1.385e+2 1.385e+2
    1.3857142857142858e+2 1.3859999999999999e+2 1.3863636363636363e+2
    1.3866666666666666e+2 1.3866666666666666e+2 1.3875e+2 1.3880000000000001e+2
    1.3880000000000001e+2 1.3883333333333334e+2 1.39e+2 1.39e+2 1.39e+2 1.39e+2
    1.39e+2 1.39e+2 1.39e+2 1.39e+2 1.39e+2 1.3914285714285714e+2
    1.3919999999999999e+2 1.3919999999999999e+2 1.3925e+2 1.3933333333333334e+2
    1.3940000000000001e+2 1.3942857142857142e+2 1.395e+2 1.395e+2 1.395e+2
    1.395e+2 1.395e+2 1.3953846153846155e+2 1.3959999999999999e+2
    1.3966666666666666e+2 1.3975e+2 1.3980000000000001e+2 1.3988888888888889e+2
    1.3993333333333334e+2 1.4e+2 1.4e+2 1.4e+2 1.4e+2 1.4e+2 1.4e+2 1.4e+2
    1.4e+2 1.4e+2 1.4019999999999999e+2 1.4019999999999999e+2
    1.4028571428571428e+2 1.4033333333333334e+2 1.40375e+2
    1.4040000000000001e+2 1.405e+2 1.405e+2 1.405e+2 1.4058333333333334e+2
    1.4059999999999999e+2 1.4066666666666666e+2 1.4066666666666666e+2
    1.4071428571428572e+2 1.4075e+2 1.4075e+2 1.40875e+2 1.41e+2 1.41e+2
    1.41e+2 1.41e+2 1.41e+2 1.41e+2 1.41e+2 1.41e+2 1.41e+2 1.41e+2 1.41e+2
    1.4116666666666666e+2 1.4119999999999999e+2 1.4125e+2 1.4130000000000001e+2
    1.4133333333333334e+2 1.4140000000000001e+2 1.4142857142857142e+2 1.415e+2
    1.415e+2 1.415e+2 1.4155555555555554e+2 1.41625e+2 1.4166666666666666e+2
    1.4166666666666666e+2 1.4166666666666666e+2 1.4166666666666666e+2 1.4175e+2
    1.4180000000000001e+2 1.4180000000000001e+2 1.41875e+2 1.42e+2 1.42e+2
    1.42e+2 1.42e+2 1.42e+2 1.42e+2 1.42e+2 1.42e+2 1.42e+2 1.42e+2 1.42e+2
    1.4209999999999999e+2 1.4216666666666666e+2 1.4225e+2 1.4225e+2
    1.4233333333333334e+2 1.42375e+2 1.4241666666666666e+2 1.425e+2 1.425e+2
    1.425e+2 1.425e+2 1.4257142857142858e+2 1.4259999999999999e+2
    1.4266666666666666e+2 1.4266666666666666e+2 1.4266666666666666e+2 1.4275e+2
    1.4280000000000001e+2 1.42875e+2 1.4291666666666666e+2 1.43e+2 1.43e+2
    1.43e+2 1.43e+2 1.43e+2 1.43e+2 1.43e+2 1.43e+2 1.43e+2 1.43e+2 1.43125e+2
    1.431764705882353e+2 1.4322222222222223e+2 1.4328571428571428e+2
    1.4333333333333334e+2 1.4340000000000001e+2 1.4340000000000001e+2 1.435e+2
    1.435e+2 1.435e+2 1.4359999999999999e+2 1.4366666666666666e+2
    1.4366666666666666e+2 1.4375e+2 1.4380000000000001e+2 1.4383333333333334e+2
    1.43875e+2 1.44e+2 1.44e+2 1.44e+2 1.44e+2 1.44e+2 1.44e+2 1.44e+2 1.44e+2
    1.44e+2 1.4416666666666666e+2 1.4419999999999999e+2 1.4425e+2
    1.4433333333333334e+2 1.4433333333333334e+2 1.4440000000000001e+2
    1.4442857142857142e+2 1.445e+2 1.445e+2 1.4457142857142858e+2 1.44625e+2
    1.4466666666666666e+2 1.4466666666666666e+2 1.4476470588235293e+2
    1.4480000000000001e+2 1.4485714285714286e+2 1.4490000000000001e+2 1.45e+2
    1.45e+2 1.45e+2 1.45e+2 1.45e+2 1.45e+2 1.45e+2 1.45e+2 1.45e+2 1.45e+2
    1.45e+2 1.4514285714285714e+2 1.4525e+2 1.4533333333333334e+2
    1.4540000000000001e+2 1.455e+2 1.455e+2 1.455e+2 1.4558333333333334e+2
    1.4559999999999999e+2 1.4564705882352942e+2 1.4566666666666666e+2
    1.4580000000000001e+2 1.4585714285714286e+2 1.4594117647058823e+2 1.46e+2
    1.46e+2 1.46e+2 1.46e+2 1.46e+2 1.46e+2 1.46e+2 1.46e+2
    1.4608333333333334e+2 1.4616666666666666e+2 1.4625e+2 1.4633333333333334e+2
    1.4633333333333334e+2 1.46375e+2 1.4640000000000001e+2 1.465e+2 1.465e+2
    1.4659999999999999e+2 1.4666666666666666e+2 1.4669999999999999e+2 1.4675e+2
    1.4680000000000001e+2 1.4680000000000001e+2 1.4685714285714286e+2 1.47e+2
    1.47e+2 1.47e+2 1.47e+2 1.47e+2 1.47e+2 1.47e+2 1.47e+2 1.47e+2 1.47125e+2
    1.4716666666666666e+2 1.4722222222222223e+2 1.4725e+2 1.4725e+2
    1.4733333333333334e+2 1.4733333333333334e+2 1.4733333333333334e+2
    1.4740000000000001e+2 1.4741666666666666e+2 1.4742857142857142e+2 1.475e+2
    1.475e+2 1.4757142857142858e+2 1.4759999999999999e+2 1.4766666666666666e+2
    1.4770588235294119e+2 1.4775e+2 1.4775e+2 1.4780000000000001e+2
    1.4780000000000001e+2 1.4785714285714286e+2 1.4790909090909091e+2 1.48e+2
    1.48e+2 1.48e+2 1.48e+2 1.48e+2 1.48e+2 1.48e+2 1.48e+2 1.48e+2 1.48e+2
    1.4814285714285714e+2 1.4816666666666666e+2 1.4819999999999999e+2 1.4825e+2
    1.4833333333333334e+2 1.4840000000000001e+2 1.485e+2 1.485e+2 1.485e+2
    1.4859999999999999e+2 1.4866666666666666e+2 1.4871428571428572e+2 1.4875e+2
    1.4880000000000001e+2 1.4893333333333334e+2 1.49e+2 1.49e+2 1.49e+2 1.49e+2
    1.49e+2 1.49e+2 1.49e+2 1.49e+2 1.49e+2 1.4914285714285714e+2
    1.4916666666666666e+2 1.4919999999999999e+2 1.4925e+2 1.4928571428571428e+2
    1.4933333333333334e+2 1.4940000000000001e+2 1.4942857142857142e+2
    1.4945454545454547e+2 1.495e+2 1.495e+2 1.4959999999999999e+2
    1.4959999999999999e+2 1.4966666666666666e+2 1.4975e+2 1.4975e+2
    1.4980000000000001e+2 1.49875e+2 1.5e+2 1.5e+2 1.5e+2 1.5e+2 1.5e+2 1.5e+2
    1.5e+2 1.5e+2 1.5e+2 1.5e+2 1.5e+2 1.50125e+2 1.5014285714285714e+2
    1.5016666666666666e+2 1.5019999999999999e+2 1.5025e+2 1.5028571428571428e+2
    1.5033333333333334e+2 1.5040000000000001e+2 1.5042857142857142e+2 1.505e+2
    1.505e+2 1.5059999999999999e+2 1.5059999999999999e+2 1.5066666666666666e+2
    1.5066666666666666e+2 1.5071428571428572e+2 1.5071428571428572e+2
    1.5071428571428572e+2 1.5075e+2 1.5083333333333334e+2 1.5085714285714286e+2
    1.51e+2 1.51e+2 1.51e+2 1.51e+2 1.51e+2 1.51e+2 1.51e+2 1.51e+2 1.51e+2
    1.51e+2 1.51e+2 1.5114285714285714e+2 1.5114285714285714e+2
    1.5116666666666666e+2 1.5119999999999999e+2 1.5125e+2 1.5130000000000001e+2
    1.5133333333333334e+2 1.5133333333333334e+2 1.5133333333333334e+2
    1.5136363636363637e+2 1.5140000000000001e+2 1.5147058823529412e+2 1.515e+2
    1.515e+2 1.5157142857142858e+2 1.5159999999999999e+2 1.5159999999999999e+2
    1.5166666666666666e+2 1.5166666666666666e+2 1.5175e+2 1.5180000000000001e+2
    1.5180000000000001e+2 1.5180000000000001e+2 1.5185714285714286e+2
    1.51875e+2 1.52e+2 1.52e+2 1.52e+2 1.52e+2 1.52e+2 1.52e+2 1.52e+2 1.52e+2
    1.52e+2 1.52e+2 1.52e+2 1.5214285714285714e+2 1.5216666666666666e+2
    1.5219999999999999e+2 1.5225e+2 1.5228571428571428e+2 1.5233333333333334e+2
    1.52375e+2 1.5242857142857142e+2 1.525e+2 1.525e+2 1.525e+2
    1.5259999999999999e+2 1.5263157894736841e+2 1.5266666666666666e+2
    1.5266666666666666e+2 1.5266666666666666e+2 1.5271428571428572e+2 1.5275e+2
    1.5275e+2 1.5275e+2 1.5275e+2 1.5275e+2 1.5280000000000001e+2
    1.5280000000000001e+2 1.5285714285714286e+2 1.53e+2 1.53e+2 1.53e+2 1.53e+2
    1.53e+2 1.53e+2 1.53e+2 1.53e+2 1.53e+2 1.53e+2 1.53e+2 1.53e+2
    1.5305263157894737e+2 1.5315384615384616e+2 1.5319999999999999e+2 1.5325e+2
    1.5333333333333334e+2 1.5333333333333334e+2 1.5338888888888889e+2
    1.5340000000000001e+2 1.5341666666666666e+2 1.535e+2 1.535e+2
    1.5357142857142858e+2 1.5359999999999999e+2 1.53625e+2
    1.5366666666666666e+2 1.5366666666666666e+2 1.5375e+2 1.5375e+2 1.5375e+2
    1.5380000000000001e+2 1.5380000000000001e+2 1.5383333333333334e+2
    1.53875e+2 1.5391666666666666e+2 1.54e+2 1.54e+2 1.54e+2 1.54e+2 1.54e+2
    1.54e+2 1.54e+2 1.54e+2 1.5409999999999999e+2 1.5415384615384616e+2
    1.5419999999999999e+2 1.5425e+2 1.5429411764705881e+2 1.5433333333333334e+2
    1.5433333333333334e+2 1.5433333333333334e+2 1.5440000000000001e+2
    1.5440000000000001e+2 1.545e+2 1.545e+2 1.545e+2 1.545e+2 1.545e+2
    1.5459999999999999e+2 1.5466666666666666e+2 1.5466666666666666e+2
    1.5466666666666666e+2 1.5471428571428572e+2 1.5480000000000001e+2
    1.5480000000000001e+2 1.54875e+2 1.5490000000000001e+2 1.55e+2 1.55e+2
    1.55e+2 1.55e+2 1.55e+2 1.55e+2 1.55e+2 1.55e+2 1.5511111111111111e+2
    1.5516666666666666e+2 1.5519999999999999e+2 1.5519999999999999e+2
    1.5526666666666668e+2 1.5533333333333334e+2 1.5533333333333334e+2
    1.55375e+2 1.5540000000000001e+2 1.5542857142857142e+2 1.555e+2 1.555e+2
    1.555e+2 1.5557142857142858e+2 1.5559999999999999e+2 1.5559999999999999e+2
    1.5564285714285714e+2 1.5566666666666666e+2 1.5571428571428572e+2 1.5575e+2
    1.5580000000000001e+2 1.5580000000000001e+2 1.5583333333333334e+2
    1.5590000000000001e+2 1.56e+2 1.56e+2 1.56e+2 1.56e+2 1.56e+2 1.56e+2
    1.56e+2 1.56e+2 1.56e+2 1.56e+2 1.56e+2 1.56e+2 1.56e+2 1.56e+2
    1.5611111111111111e+2 1.5614285714285714e+2 1.5619999999999999e+2
    1.5622222222222223e+2 1.5625e+2 1.5628571428571428e+2 1.5633333333333334e+2
    1.5633333333333334e+2 1.5633333333333334e+2 1.5640000000000001e+2 1.565e+2
    1.565e+2 1.565e+2 1.5652941176470588e+2 1.5658823529411765e+2
    1.5666666666666666e+2 1.5666666666666666e+2 1.5675e+2 1.5675e+2
    1.5680000000000001e+2 1.5683333333333334e+2 1.5690000000000001e+2 1.57e+2
    1.57e+2 1.57e+2 1.57e+2 1.57e+2 1.57e+2 1.57e+2 1.57e+2 1.57e+2
    1.5709999999999999e+2 1.5716666666666666e+2 1.5719999999999999e+2
    1.5722222222222223e+2 1.5725e+2 1.5733333333333334e+2 1.5736363636363637e+2
    1.5740000000000001e+2 1.5742857142857142e+2 1.575e+2 1.575e+2
    1.5757142857142858e+2 1.5758333333333334e+2 1.5759999999999999e+2
    1.5766666666666666e+2 1.576875e+2 1.5775e+2 1.5775e+2 1.5780000000000001e+2
    1.5783333333333334e+2 1.5785714285714286e+2 1.5788888888888889e+2 1.58e+2
    1.58e+2 1.58e+2 1.58e+2 1.58e+2 1.58e+2 1.58e+2 1.58e+2 1.58e+2
    1.5811111111111111e+2 1.5814285714285714e+2 1.5814285714285714e+2
    1.5819999999999999e+2 1.5825e+2 1.5827272727272728e+2 1.5833333333333334e+2
    1.5840000000000001e+2 1.5840000000000001e+2 1.5846666666666667e+2 1.585e+2
    1.585e+2 1.585e+2 1.585e+2 1.5859999999999999e+2 1.5859999999999999e+2
    1.5863636363636363e+2 1.5866666666666666e+2 1.5866666666666666e+2
    1.5871428571428572e+2 1.5875e+2 1.5875e+2 1.5878947368421052e+2
    1.5880000000000001e+2 1.5883333333333334e+2 1.5883333333333334e+2 1.59e+2
    1.59e+2 1.59e+2 1.59e+2 1.59e+2 1.59e+2 1.59e+2 1.59e+2 1.59e+2 1.59e+2
    1.5911111111111111e+2 1.5914285714285714e+2 1.5919999999999999e+2 1.5925e+2
    1.5933333333333334e+2 1.59375e+2 1.5940000000000001e+2
    1.5942857142857142e+2 1.595e+2 1.595e+2 1.595e+2 1.5955555555555554e+2
    1.5963636363636363e+2 1.5966666666666666e+2 1.5971428571428572e+2 1.5975e+2
    1.5980000000000001e+2 1.5983333333333334e+2 1.5983333333333334e+2
    1.5985714285714286e+2 1.5990000000000001e+2 1.6e+2 1.6e+2 1.6e+2 1.6e+2
    1.6e+2 1.6e+2 1.6e+2 1.6e+2 1.6e+2 1.6009999999999999e+2
    1.6014285714285714e+2 1.6016666666666666e+2 1.6016666666666666e+2
    1.6019999999999999e+2 1.6025e+2 1.6028571428571428e+2 1.6033333333333334e+2
    1.6033333333333334e+2 1.60375e+2 1.6042857142857142e+2 1.605e+2 1.605e+2
    1.605e+2 1.605e+2 1.6059999999999999e+2 1.6066666666666666e+2
    1.6066666666666666e+2 1.6071428571428572e+2 1.6075e+2 1.6080000000000001e+2
    1.6080000000000001e+2 1.608235294117647e+2 1.6083333333333334e+2 1.61e+2
    1.61e+2 1.61e+2 1.61e+2 1.61e+2 1.61e+2 1.61e+2 1.61e+2 1.61e+2
    1.6105882352941177e+2 1.61125e+2 1.6116666666666666e+2
    1.6119999999999999e+2 1.6125e+2 1.6128571428571428e+2 1.6128571428571428e+2
    1.6133333333333334e+2 1.61375e+2 1.6141666666666666e+2 1.615e+2 1.615e+2
    1.615e+2 1.6157142857142858e+2 1.6159999999999999e+2 1.6159999999999999e+2
    1.6159999999999999e+2 1.6163636363636363e+2 1.6171428571428572e+2 1.6175e+2
    1.6183333333333334e+2 1.61875e+2 1.62e+2 1.62e+2 1.62e+2 1.62e+2 1.62e+2
    1.62e+2 1.62e+2 1.62e+2 1.62e+2 1.62e+2 1.6209999999999999e+2
    1.6214285714285714e+2 1.6216666666666666e+2 1.6219999999999999e+2
    1.6222222222222223e+2 1.6225e+2 1.6225e+2 1.6230000000000001e+2 1.62375e+2
    1.6240000000000001e+2 1.6242857142857142e+2 1.625e+2 1.625e+2 1.625e+2
    1.6255555555555554e+2 1.6259999999999999e+2 1.6259999999999999e+2
    1.6259999999999999e+2 1.6266666666666666e+2 1.6266666666666666e+2
    1.6271428571428572e+2 1.6275e+2 1.6280000000000001e+2 1.6283333333333334e+2
    1.6285714285714286e+2 1.6288888888888889e+2 1.63e+2 1.63e+2 1.63e+2 1.63e+2
    1.63e+2 1.63e+2 1.63e+2 1.63e+2 1.63e+2 1.6308333333333334e+2
    1.6316666666666666e+2 1.6316666666666666e+2 1.6316666666666666e+2
    1.6319999999999999e+2 1.6325e+2 1.6328571428571428e+2 1.6333333333333334e+2
    1.6333333333333334e+2 1.6335714285714286e+2 1.6340000000000001e+2
    1.6340000000000001e+2 1.635e+2 1.635e+2 1.635e+2 1.6357142857142858e+2
    1.6366666666666666e+2 1.6366666666666666e+2 1.6369999999999999e+2 1.6375e+2
    1.6380000000000001e+2 1.6383333333333334e+2 1.6385714285714286e+2
    1.6390000000000001e+2 1.64e+2 1.64e+2 1.64e+2 1.64e+2 1.64e+2 1.64e+2
    1.64e+2 1.64e+2 1.6411764705882354e+2 1.6416666666666666e+2
    1.6419999999999999e+2 1.6422222222222223e+2 1.6425e+2 1.6430000000000001e+2
    1.6433333333333334e+2 1.6440000000000001e+2 1.6442857142857142e+2 1.645e+2
    1.645e+2 1.645e+2 1.645e+2 1.6457142857142858e+2 1.6459999999999999e+2
    1.6466666666666666e+2 1.6466666666666666e+2 1.6469999999999999e+2 1.6475e+2
    1.6475e+2 1.6475e+2 1.6483333333333334e+2 1.6486666666666667e+2 1.65e+2
    1.65e+2 1.65e+2 1.65e+2 1.65e+2 1.65e+2 1.65e+2 1.65e+2 1.65e+2
    1.6511111111111111e+2 1.6514285714285714e+2 1.6515384615384616e+2
    1.6519999999999999e+2 1.6528571428571428e+2 1.6533333333333334e+2
    1.6533333333333334e+2 1.6533333333333334e+2 1.65375e+2
    1.6540000000000001e+2 1.655e+2 1.655e+2 1.655e+2 1.6557142857142858e+2
    1.6566666666666666e+2 1.6566666666666666e+2 1.6575e+2 1.6575e+2
    1.6583333333333334e+2 1.6585714285714286e+2 1.6590000000000001e+2 1.66e+2
    1.66e+2 1.66e+2 1.66e+2 1.66e+2 1.66e+2 1.6609999999999999e+2
    1.6614285714285714e+2 1.6616666666666666e+2 1.6619999999999999e+2
    1.6619999999999999e+2 1.6625e+2 1.6630000000000001e+2 1.6633333333333334e+2
    1.6633333333333334e+2 1.6633333333333334e+2 1.6640000000000001e+2
    1.6640000000000001e+2 1.665e+2 1.665e+2 1.665e+2 1.665e+2
    1.6655555555555554e+2 1.6659999999999999e+2 1.6663636363636363e+2
    1.6666666666666666e+2 1.6669999999999999e+2 1.6671428571428572e+2 1.6675e+2
    1.6680000000000001e+2 1.6685714285714286e+2 1.6690000000000001e+2 1.67e+2
    1.67e+2 1.67e+2 1.67e+2 1.67e+2 1.67e+2 1.67e+2 1.67e+2
    1.6714285714285714e+2 1.6719999999999999e+2 1.6728571428571428e+2
    1.6730000000000001e+2 1.6740000000000001e+2 1.6740000000000001e+2
    1.6741666666666666e+2 1.6747368421052633e+2 1.675e+2 1.6757142857142858e+2
    1.6758823529411765e+2 1.6759999999999999e+2 1.6766666666666666e+2
    1.6771428571428572e+2 1.6775e+2 1.6780000000000001e+2 1.6783333333333334e+2
    1.6785714285714286e+2 1.68e+2 1.68e+2 1.68e+2 1.68e+2 1.68e+2 1.68e+2
    1.68e+2 1.68e+2 1.6807692307692307e+2 1.6811111111111111e+2
    1.6815789473684211e+2 1.6822222222222223e+2 1.6825e+2 1.6828571428571428e+2
    1.6833333333333334e+2 1.68375e+2 1.6842857142857142e+2 1.685e+2 1.685e+2
    1.685e+2 1.6853333333333333e+2 1.6859999999999999e+2 1.6863636363636363e+2
    1.6871428571428572e+2 1.6875e+2 1.6880000000000001e+2 1.6883333333333334e+2
    1.68875e+2 1.69e+2 1.69e+2 1.69e+2 1.69e+2 1.69e+2 1.69e+2 1.69e+2 1.69e+2
    1.69e+2 1.6909090909090909e+2 1.6916666666666666e+2 1.6919999999999999e+2
    1.6922222222222223e+2 1.6925e+2 1.6928571428571428e+2 1.6933333333333334e+2
    1.6933333333333334e+2 1.69375e+2 1.6940000000000001e+2
    1.6944444444444446e+2 1.695e+2 1.695e+2 1.695e+2 1.695e+2
    1.6957142857142858e+2 1.6959999999999999e+2 1.6966666666666666e+2
    1.6969999999999999e+2 1.6977777777777777e+2 1.6980000000000001e+2
    1.6983333333333334e+2 1.6989473684210526e+2 1.7e+2 1.7e+2 1.7e+2 1.7e+2
    1.7e+2 1.7e+2 1.7e+2 1.7e+2 1.7005882352941177e+2 1.7014285714285714e+2
    1.7019999999999999e+2 1.7022222222222223e+2 1.7028571428571428e+2
    1.7033333333333334e+2 1.7033333333333334e+2 1.70375e+2
    1.7040000000000001e+2 1.7044444444444446e+2 1.705e+2 1.705e+2 1.705e+2
    1.705e+2 1.7053846153846155e+2 1.7059999999999999e+2 1.7066666666666666e+2
    1.7066666666666666e+2 1.7066666666666666e+2 1.7073684210526315e+2
    1.7080000000000001e+2 1.7080000000000001e+2 1.7080000000000001e+2
    1.7083333333333334e+2 1.7085714285714286e+2 1.7090000000000001e+2 1.71e+2
    1.71e+2 1.71e+2 1.71e+2 1.7109090909090909e+2 1.7114285714285714e+2
    1.7119999999999999e+2 1.7125e+2 1.7125e+2 1.7126666666666668e+2
    1.7133333333333334e+2 1.7133333333333334e+2 1.7140000000000001e+2
    1.7142857142857142e+2 1.715e+2 1.715e+2 1.715e+2 1.7157142857142858e+2
    1.7159999999999999e+2 1.7159999999999999e+2 1.7166666666666666e+2
    1.7166666666666666e+2 1.7171428571428572e+2 1.7175e+2 1.7180000000000001e+2
    1.7183333333333334e+2 1.72e+2 1.72e+2 1.72e+2 1.72e+2 1.72e+2 1.72e+2
    1.72e+2 1.72e+2 1.72e+2 1.72125e+2 1.7214285714285714e+2
    1.7219999999999999e+2 1.7225e+2 1.7227272727272728e+2 1.7233333333333334e+2
    1.7240000000000001e+2 1.7240000000000001e+2 1.7247058823529412e+2 1.725e+2
    1.725e+2 1.7253846153846155e+2 1.7259999999999999e+2 1.7259999999999999e+2
    1.7266666666666666e+2 1.7271428571428572e+2 1.7275e+2 1.7280000000000001e+2
    1.7281818181818181e+2 1.7285714285714286e+2 1.7291666666666666e+2 1.73e+2
    1.73e+2 1.73e+2 1.73e+2 1.73e+2 1.73e+2 1.73e+2 1.7314285714285714e+2
    1.7319999999999999e+2 1.7325e+2 1.7328571428571428e+2 1.7333333333333334e+2
    1.7333333333333334e+2 1.73375e+2 1.7340000000000001e+2 1.735e+2 1.735e+2
    1.735e+2 1.735e+2 1.7355555555555554e+2 1.7359999999999999e+2
    1.7366666666666666e+2 1.7366666666666666e+2 1.7372727272727272e+2 1.7375e+2
    1.7380000000000001e+2 1.7390000000000001e+2 1.74e+2 1.74e+2 1.74e+2 1.74e+2
    1.74e+2 1.74e+2 1.74e+2 1.7409090909090909e+2 1.7414285714285714e+2
    1.7418181818181819e+2 1.7419999999999999e+2 1.7425e+2 1.7430000000000001e+2
    1.7433333333333334e+2 1.74375e+2 1.7440000000000001e+2
    1.7442857142857142e+2 1.745e+2 1.7455555555555554e+2 1.7459999999999999e+2
    1.74625e+2 1.7466666666666666e+2 1.7468421052631578e+2 1.7475e+2 1.7475e+2
    1.7480000000000001e+2 1.7480000000000001e+2 1.7483333333333334e+2
    1.74875e+2 1.75e+2 1.75e+2 1.75e+2 1.75e+2 1.75e+2 1.75e+2 1.75e+2 1.75e+2
    1.75e+2 1.7515384615384616e+2 1.7516666666666666e+2 1.7519999999999999e+2
    1.7525e+2 1.7533333333333334e+2 1.7533333333333334e+2 1.7540000000000001e+2
    1.7541666666666666e+2 1.755e+2 1.755e+2 1.7555555555555554e+2
    1.7559999999999999e+2 1.75625e+2 1.7566666666666666e+2
    1.7569999999999999e+2 1.7575e+2 1.7575e+2 1.7581818181818181e+2
    1.7588888888888889e+2 1.76e+2 1.76e+2 1.76e+2 1.76e+2 1.76e+2 1.76e+2
    1.76e+2 1.7606666666666666e+2 1.7614285714285714e+2 1.7625e+2
    1.7628571428571428e+2 1.7631818181818181e+2 1.7633333333333334e+2
    1.7641666666666666e+2 1.765e+2 1.765e+2 1.765e+2 1.7659999999999999e+2
    1.7666666666666666e+2 1.7675e+2 1.7680000000000001e+2 1.7683333333333334e+2
    1.7685714285714286e+2 1.769375e+2 1.77e+2 1.77e+2 1.77e+2 1.77e+2 1.77e+2
    1.77e+2 1.77e+2 1.77e+2 1.7711111111111111e+2 1.7716666666666666e+2
    1.7719999999999999e+2 1.7725e+2 1.7725e+2 1.7728571428571428e+2
    1.7733333333333334e+2 1.7740000000000001e+2 1.775e+2 1.775e+2 1.775e+2
    1.7759999999999999e+2 1.7766666666666666e+2 1.7769999999999999e+2 1.7775e+2
    1.7783333333333334e+2 1.78e+2 1.78e+2 1.78e+2 1.78e+2 1.78e+2 1.78e+2
    1.78e+2 1.7805882352941177e+2 1.7809999999999999e+2 1.7816666666666666e+2
    1.7819999999999999e+2 1.7825e+2 1.7833333333333334e+2 1.7833333333333334e+2
    1.7844444444444446e+2 1.785e+2 1.785e+2 1.7857142857142858e+2
    1.7859999999999999e+2 1.7866666666666666e+2 1.7873333333333332e+2 1.7875e+2
    1.7883333333333334e+2 1.7890000000000001e+2 1.79e+2 1.79e+2 1.79e+2 1.79e+2
    1.79e+2 1.79e+2 1.7909999999999999e+2 1.7916666666666666e+2
    1.7919999999999999e+2 1.7925e+2 1.7928571428571428e+2 1.7933333333333334e+2
    1.7933333333333334e+2 1.7940000000000001e+2 1.7945454545454547e+2 1.795e+2
    1.795e+2 1.7954545454545453e+2 1.7959999999999999e+2 1.7966666666666666e+2
    1.7971428571428572e+2 1.7975e+2 1.7980000000000001e+2 1.7985714285714286e+2
    1.7990000000000001e+2 1.8e+2 1.8e+2 1.8e+2 1.8e+2 1.8e+2 1.8e+2 1.8e+2
    1.8014285714285714e+2 1.8014285714285714e+2 1.8016666666666666e+2 1.8025e+2
    1.8025e+2 1.8028571428571428e+2 1.8033333333333334e+2 1.8036363636363637e+2
    1.8040000000000001e+2 1.8044444444444446e+2 1.805e+2 1.805e+2
    1.8057142857142858e+2 1.8059999999999999e+2 1.8066666666666666e+2
    1.8066666666666666e+2 1.8066666666666666e+2 1.8073333333333332e+2
    1.8080000000000001e+2 1.8083333333333334e+2 1.80875e+2
    1.8090000000000001e+2 1.81e+2 1.81e+2 1.81e+2 1.81e+2 1.8108333333333334e+2
    1.81125e+2 1.8119999999999999e+2 1.8125e+2 1.8133333333333334e+2
    1.8140000000000001e+2 1.8142105263157896e+2 1.815e+2 1.815e+2
    1.8157142857142858e+2 1.8159999999999999e+2 1.8163157894736841e+2
    1.8166666666666666e+2 1.8171428571428572e+2 1.8175e+2 1.8175e+2
    1.818235294117647e+2 1.81875e+2 1.82e+2 1.82e+2 1.82e+2 1.82e+2 1.82e+2
    1.82e+2 1.8216666666666666e+2 1.8219999999999999e+2 1.8233333333333334e+2
    1.8233333333333334e+2 1.8242857142857142e+2 1.825e+2 1.8255555555555554e+2
    1.8259999999999999e+2 1.8266666666666666e+2 1.8275e+2 1.8280000000000001e+2
    1.8283333333333334e+2 1.8290000000000001e+2 1.83e+2 1.83e+2 1.83e+2 1.83e+2
    1.83e+2 1.8311111111111111e+2 1.8314285714285714e+2 1.8316666666666666e+2
    1.8319999999999999e+2 1.8323076923076923e+2 1.8325e+2 1.8333333333333334e+2
    1.8333333333333334e+2 1.8340000000000001e+2 1.835e+2 1.835e+2 1.835e+2
    1.8359999999999999e+2 1.8366666666666666e+2 1.8375e+2 1.8380000000000001e+2
    1.8385714285714286e+2 1.84e+2 1.84e+2 1.84e+2 1.84e+2 1.84e+2 1.84e+2
    1.8414285714285714e+2 1.8419999999999999e+2 1.8425e+2 1.8429411764705881e+2
    1.8433333333333334e+2 1.8442857142857142e+2 1.845e+2 1.8457142857142858e+2
    1.8466666666666666e+2 1.8475e+2 1.8480000000000001e+2 1.84875e+2 1.85e+2
    1.85e+2 1.85e+2 1.85e+2 1.85e+2 1.85e+2 1.8509999999999999e+2
    1.8519999999999999e+2 1.8519999999999999e+2 1.8528571428571428e+2
    1.8533333333333334e+2 1.855e+2 1.855e+2 1.8557142857142858e+2
    1.8559999999999999e+2 1.8559999999999999e+2 1.8566666666666666e+2
    1.8578571428571428e+2 1.858125e+2 1.8583333333333334e+2
    1.8585714285714286e+2 1.86e+2 1.86e+2 1.86e+2 1.86e+2 1.86e+2 1.86e+2
    1.86125e+2 1.8616666666666666e+2 1.8619999999999999e+2
    1.8628571428571428e+2 1.8633333333333334e+2 1.8640000000000001e+2 1.865e+2
    1.865e+2 1.8658333333333334e+2 1.8666666666666666e+2 1.8669999999999999e+2
    1.8675e+2 1.8680000000000001e+2 1.86875e+2 1.87e+2 1.87e+2 1.87e+2 1.87e+2
    1.87e+2 1.87e+2 1.8705882352941177e+2 1.8714285714285714e+2
    1.8719999999999999e+2 1.8725e+2 1.8726666666666668e+2 1.8733333333333334e+2
    1.8740000000000001e+2 1.8747058823529412e+2 1.8759999999999999e+2
    1.8759999999999999e+2 1.8773333333333332e+2 1.8775e+2 1.8780000000000001e+2
    1.8785714285714286e+2 1.8790000000000001e+2 1.88e+2 1.88e+2 1.88e+2 1.88e+2
    1.88e+2 1.8811111111111111e+2 1.8816666666666666e+2 1.8830000000000001e+2
    1.88375e+2 1.8841666666666666e+2 1.885e+2 1.8859999999999999e+2
    1.8866666666666666e+2 1.8875e+2 1.8880000000000001e+2 1.8888888888888889e+2
    1.89e+2 1.89e+2 1.89e+2 1.89e+2 1.8908333333333334e+2 1.8919999999999999e+2
    1.8925e+2 1.8933333333333334e+2 1.8940000000000001e+2 1.8944444444444446e+2
    1.895e+2 1.8959999999999999e+2 1.8975e+2 1.8983333333333334e+2
    1.8990000000000001e+2 1.9e+2 1.9e+2 1.9e+2 1.9e+2 1.9008333333333334e+2
    1.9016666666666666e+2 1.9019999999999999e+2 1.9025e+2 1.9030000000000001e+2
    1.9033333333333334e+2 1.9033333333333334e+2 1.9040000000000001e+2 1.905e+2
    1.9059999999999999e+2 1.9066666666666666e+2 1.9075e+2 1.9080000000000001e+2
    1.9080000000000001e+2 1.9089473684210526e+2 1.91e+2 1.91e+2 1.91e+2
    1.9114285714285714e+2 1.9125e+2 1.9133333333333334e+2 1.9135294117647058e+2
    1.915e+2 1.915e+2 1.9159999999999999e+2 1.9166666666666666e+2
    1.9166666666666666e+2 1.9175e+2 1.9177777777777777e+2 1.9183333333333334e+2
    1.9194736842105263e+2 1.92e+2 1.92e+2 1.92e+2 1.92e+2 1.9206666666666666e+2
    1.92125e+2 1.9219999999999999e+2 1.9226666666666668e+2
    1.9240000000000001e+2 1.9242857142857142e+2 1.925e+2 1.925e+2
    1.9259999999999999e+2 1.9266666666666666e+2 1.9283333333333334e+2
    1.9291666666666666e+2 1.93e+2 1.93e+2 1.93e+2 1.93e+2 1.93e+2 1.93e+2
    1.93e+2 1.9316666666666666e+2 1.9319999999999999e+2 1.9333333333333334e+2
    1.9340000000000001e+2 1.935e+2 1.9363636363636363e+2 1.9366666666666666e+2
    1.9375e+2 1.9383333333333334e+2 1.94e+2 1.94e+2 1.94e+2 1.94e+2 1.94e+2
    1.94e+2 1.94e+2 1.94e+2 1.94e+2 1.94e+2 1.94e+2 1.94e+2 1.94e+2 1.94e+2
    1.94e+2 1.94e+2 1.94e+2 1.94e+2 1.94e+2 1.94e+2 1.94e+2 1.94e+2 1.94e+2
    1.94e+2 1.94e+2 1.94e+2 1.9413333333333333e+2 1.9419999999999999e+2
    1.9433333333333334e+2 1.9442857142857142e+2 1.945e+2 1.9459999999999999e+2
    1.9471428571428572e+2 1.9480000000000001e+2 1.9488888888888889e+2 1.95e+2
    1.95e+2 1.95e+2 1.95e+2 1.95e+2 1.95e+2 1.95e+2 1.95e+2 1.95e+2 1.95e+2
    1.95e+2 1.95e+2 1.95e+2 1.9509090909090909e+2 1.9519999999999999e+2
    1.9528571428571428e+2 1.9536363636363637e+2 1.9540000000000001e+2 1.955e+2
    1.9559999999999999e+2 1.9566666666666666e+2 1.9580000000000001e+2
    1.9588888888888889e+2 1.96e+2 1.96e+2 1.96e+2 1.9616666666666666e+2
    1.9619999999999999e+2 1.9640000000000001e+2 1.9642857142857142e+2
    1.9658333333333334e+2 1.9666666666666666e+2 1.9669999999999999e+2 1.9675e+2
    1.9680000000000001e+2 1.9688888888888889e+2 1.97e+2 1.97e+2 1.97e+2 1.97e+2
    1.9709999999999999e+2 1.971764705882353e+2 1.9730000000000001e+2 1.97375e+2
    1.975e+2 1.975e+2 1.9764705882352942e+2 1.9771428571428572e+2
    1.9783333333333334e+2 1.98e+2 1.98e+2 1.98e+2 1.9809999999999999e+2
    1.9819999999999999e+2 1.9825e+2 1.9840000000000001e+2 1.985e+2
    1.9855000000000001e+2 1.9859999999999999e+2 1.9866666666666666e+2 1.9875e+2
    1.9883333333333334e+2 1.99e+2 1.99e+2 1.99e+2 1.99e+2 1.9911764705882354e+2
    1.9919999999999999e+2 1.9930000000000001e+2 1.9941666666666666e+2
    1.9957142857142858e+2 1.9959999999999999e+2 1.9972727272727272e+2
    1.9985714285714286e+2 2.0e+2 2.0e+2 2.0e+2 2.0e+2 2.0016666666666666e+2
    2.0030000000000001e+2 2.0044444444444446e+2 2.005e+2 2.0059999999999999e+2
    2.0066666666666666e+2 2.0083333333333334e+2 2.01e+2 2.01e+2 2.01e+2
    2.0111764705882354e+2 2.0125e+2 2.0135714285714286e+2 2.0157142857142858e+2
    2.0159999999999999e+2 2.0166666666666666e+2 2.0180000000000001e+2
    2.0188235294117646e+2 2.02e+2 2.02e+2 2.02e+2 2.0216666666666666e+2
    2.0225e+2 2.0233333333333334e+2 2.0240000000000001e+2 2.025e+2
    2.0266666666666666e+2 2.0280000000000001e+2 2.0285714285714286e+2 2.03e+2
    2.03e+2 2.03e+2 2.0319999999999999e+2 2.0340000000000001e+2 2.035e+2
    2.0370588235294119e+2 2.0375e+2 2.0385714285714286e+2 2.04e+2 2.04e+2
    2.04e+2 2.0414285714285714e+2 2.0423529411764707e+2 2.0428571428571428e+2
    2.0440000000000001e+2 2.045e+2 2.0469999999999999e+2 2.05e+2 2.05e+2
    2.05e+2 2.05e+2 2.0519999999999999e+2 2.0533333333333334e+2
    2.0540000000000001e+2 2.0546666666666667e+2 2.0558823529411765e+2
    2.0566666666666666e+2 2.0580000000000001e+2 2.06e+2 2.06e+2 2.06e+2
    2.06125e+2 2.0625e+2 2.0633333333333334e+2 2.065e+2 2.06625e+2 2.0675e+2
    2.068125e+2 2.07e+2 2.07e+2 2.0719999999999999e+2 2.0730000000000001e+2
    2.0733333333333334e+2 2.0742857142857142e+2 2.075e+2 2.0764705882352942e+2
    2.0775e+2 2.0790000000000001e+2 2.08e+2 2.08e+2 2.08e+2
    2.081764705882353e+2 2.08375e+2 2.085e+2 2.0853846153846155e+2
    2.0864705882352942e+2 2.0880000000000001e+2 2.0890000000000001e+2 2.09e+2
    2.09e+2 2.09e+2 2.0906666666666666e+2 2.0919999999999999e+2
    2.0933333333333334e+2 2.095e+2 2.095e+2 2.095e+2 2.0959999999999999e+2
    2.0980000000000001e+2 2.1e+2 2.1e+2 2.1016666666666666e+2 2.1025e+2
    2.1046153846153845e+2 2.105e+2 2.1075e+2 2.1090000000000001e+2 2.11e+2
    2.11125e+2 2.1119999999999999e+2 2.1125e+2 2.1133333333333334e+2
    2.1140000000000001e+2 2.115e+2 2.1159999999999999e+2 2.1169999999999999e+2
    2.1183333333333334e+2 2.12e+2 2.12e+2 2.1208333333333334e+2
    2.1219999999999999e+2 2.1219999999999999e+2 2.1233333333333334e+2 2.125e+2
    2.1257142857142858e+2 2.1266666666666666e+2 2.1271428571428572e+2
    2.1283333333333334e+2 2.13e+2 2.13e+2 2.1325e+2 2.1340000000000001e+2
    2.1359999999999999e+2 2.1366666666666666e+2 2.1391666666666666e+2 2.14e+2
    2.14e+2 2.1409999999999999e+2 2.1425e+2 2.1440000000000001e+2
    2.1459999999999999e+2 2.1480000000000001e+2 2.15e+2 2.1509999999999999e+2
    2.1525e+2 2.1540000000000001e+2 2.155e+2 2.1559999999999999e+2 2.1575e+2
    2.1580000000000001e+2 2.16e+2 2.16e+2 2.1608333333333334e+2 2.1625e+2
    2.1633333333333334e+2 2.1640000000000001e+2 2.165e+2 2.1675e+2 2.17e+2
    2.17e+2 2.17e+2 2.1719999999999999e+2 2.1733333333333334e+2
    2.1740000000000001e+2 2.1754545454545453e+2 2.1766666666666666e+2 2.1775e+2
    2.1792307692307693e+2 2.18e+2 2.18e+2 2.1815384615384616e+2
    2.1842857142857142e+2 2.185e+2 2.1859999999999999e+2 2.1875e+2
    2.1890000000000001e+2 2.19e+2 2.1916666666666666e+2 2.1933333333333334e+2
    2.195e+2 2.1980000000000001e+2 2.1990000000000001e+2 2.2e+2 2.2e+2 2.2e+2
    2.2019999999999999e+2 2.2040000000000001e+2 2.205e+2 2.205e+2
    2.2080000000000001e+2 2.21e+2 2.21e+2 2.2108333333333334e+2
    2.2126666666666668e+2 2.2140000000000001e+2 2.2152941176470588e+2 2.2175e+2
    2.2193333333333334e+2 2.22e+2 2.2208333333333334e+2 2.2222222222222223e+2
    2.2233333333333334e+2 2.2259999999999999e+2 2.2275e+2 2.2280000000000001e+2
    2.23e+2 2.23e+2 2.23e+2 2.2319999999999999e+2 2.2328571428571428e+2
    2.235e+2 2.2369999999999999e+2 2.24e+2 2.24e+2 2.2419999999999999e+2
    2.2458333333333334e+2 2.2475e+2 2.2490000000000001e+2 2.25e+2
    2.2519999999999999e+2 2.255e+2 2.2559999999999999e+2 2.259375e+2 2.26e+2
    2.2619999999999999e+2 2.2640000000000001e+2 2.2666666666666666e+2
    2.2683333333333334e+2 2.27e+2 2.27e+2 2.270625e+2 2.2740000000000001e+2
    2.2780000000000001e+2 2.28e+2 2.28e+2 2.2825e+2 2.2840000000000001e+2
    2.2880000000000001e+2 2.29125e+2 2.2938461538461539e+2
    2.2959999999999999e+2 2.2980000000000001e+2 2.3e+2 2.3e+2 2.305e+2 2.305e+2
    2.3066666666666666e+2 2.31e+2 2.31e+2 2.3146666666666667e+2
    2.3183333333333334e+2 2.32e+2 2.3219999999999999e+2 2.325e+2
    2.3280000000000001e+2 2.33e+2 2.3316666666666666e+2 2.3333333333333334e+2
    2.3359999999999999e+2 2.3384210526315789e+2 2.34e+2 2.3409999999999999e+2
    2.3433333333333334e+2 2.3440000000000001e+2 2.3459999999999999e+2
    2.348235294117647e+2 2.35e+2 2.35e+2 2.355e+2 2.3575e+2 2.36e+2 2.36e+2
    2.3625e+2 2.3640000000000001e+2 2.3677777777777777e+2 2.37e+2 2.37e+2
    2.3740000000000001e+2 2.3759999999999999e+2 2.3780000000000001e+2 2.38e+2
    2.3825e+2 2.385e+2 2.3869999999999999e+2 2.39e+2 2.3958333333333334e+2
    2.3966666666666666e+2 2.4e+2 2.4016666666666666e+2 2.405e+2 2.41e+2 2.41e+2
    2.4130000000000001e+2 2.4166666666666666e+2 2.42e+2 2.4246153846153845e+2
    2.4264705882352942e+2 2.43e+2 2.43e+2 2.4319999999999999e+2
    2.4364705882352942e+2 2.44e+2 2.4433333333333334e+2 2.4480000000000001e+2
    2.45e+2 2.4544444444444446e+2 2.46e+2 2.4630000000000001e+2
    2.4659999999999999e+2 2.468235294117647e+2 2.47e+2 2.4740000000000001e+2
    2.4783333333333334e+2 2.4840000000000001e+2 2.49e+2 2.4933333333333334e+2
    2.4984615384615384e+2 2.5019999999999999e+2 2.5069999999999999e+2 2.51e+2
    2.5140000000000001e+2 2.5169999999999999e+2 2.52e+2 2.52e+2 2.525e+2
    2.5275e+2 2.53e+2 2.5319999999999999e+2 2.535e+2 2.54e+2 2.54e+2 2.545e+2
    2.55e+2 2.5533333333333334e+2 2.55625e+2 2.56e+2 2.5639999999999998e+2
    2.568235294117647e+2 2.5711111111111109e+2 2.5760000000000002e+2 2.58e+2
    2.585e+2 2.59e+2 2.5939999999999998e+2 2.6e+2 2.6e+2 2.6019999999999999e+2
    2.6039999999999998e+2 2.61e+2 2.6128571428571428e+2 2.6219999999999999e+2
    2.6280000000000001e+2 2.63e+2 2.6339999999999998e+2 2.64e+2
    2.6446153846153845e+2 2.65e+2 2.6564705882352939e+2 2.66e+2
    2.6639999999999998e+2 2.6680000000000001e+2 2.6719999999999999e+2 2.68e+2
    2.68e+2 2.69e+2 2.69e+2 2.7e+2 2.7041666666666669e+2 2.71e+2
    2.7160000000000002e+2 2.72e+2 2.7239999999999998e+2 2.73e+2 2.735e+2
    2.74e+2 2.7511111111111109e+2 2.7566666666666669e+2 2.7646153846153845e+2
    2.77e+2 2.775e+2 2.78e+2 2.79e+2 2.8e+2 2.8076923076923077e+2
    2.8138461538461536e+2 2.825e+2 2.84e+2 2.85e+2 2.865e+2 2.88125e+2
    2.8922222222222223e+2 2.905e+2 2.92e+2 2.93e+2 2.945e+2 2.96e+2
    2.9716666666666669e+2 2.9853846153846155e+2 3.0e+2 3.02e+2
    3.0346153846153845e+2 3.06e+2 3.0766666666666669e+2 3.1e+2 3.125e+2 3.14e+2
    3.1630769230769232e+2 3.1875e+2 3.1991666666666669e+2 3.22e+2 3.24125e+2
    3.2644444444444446e+2 3.2923076923076923e+2 3.30375e+2
    3.3358823529411762e+2 3.37e+2 3.4e+2 3.4192307692307691e+2 3.44e+2
    3.4733333333333331e+2 3.51e+2 3.53e+2 3.56e+2 3.5975e+2
    3.6322222222222223e+2 3.6715384615384613e+2 3.7e+2 3.715e+2
    3.7622222222222223e+2 3.8142857142857144e+2 3.8433333333333331e+2
    3.9039999999999998e+2 3.9433333333333331e+2 4.0088888888888891e+2
    4.1019999999999999e+2 4.1633333333333331e+2 4.2061111111111109e+2
    4.3192307692307691e+2 4.4660000000000002e+2 4.6e+2 4.9869999999999999e+2
    5.0e+2 5.0e+2 5.0e+2 5.0e+2 5.0e+2 5.0e+2 5.0e+2 5.0e+2 5.0e+2 5.0e+2
    5.0e+2 5.0e+2 5.0e+2 5.0e+2 5.0e+2 5.0e+2 5.0e+2 5.0e+2 5.0e+2 5.0e+2
    5.0e+2 5.0e+2 5.0e+2 5.0e+2 5.0e+2 5.0e+2 5.0e+2 5.0e+2 5.0e+2 5.0e+2
    5.0e+2 5.0e+2 5.0e+2 5.0e+2 5.0e+2 5.0e+2 5.0e+2 5.0e+2 5.0e+2 5.0e+2
    5.0e+2 5.0e+2 5.0e+2 5.0e+2 5.0e+2 5.0e+2 5.0e+2 5.0e+2 5.0e+2 5.0e+2
    5.0e+2 5.0e+2 5.0e+2 5.0e+2 5.0e+2 5.0e+2 5.0e+2 5.0e+2 5.0e+2 5.0e+2
    5.0e+2 5.0e+2 5.0e+2 5.0e+2 5.0e+2 5.0e+2 5.0e+2 5.0e+2 5.0e+2 5.0e+2
    5.0e+2 5.0e+2 5.0e+2 5.0e+2 5.0e+2 5.0e+2 5.0e+2 5.0e+2 5.0e+2 5.0e+2
    5.0e+2 5.0e+2 5.0e+2 5.0e+2 5.0e+2 5.0e+2 5.0e+2 5.0e+2 5.0e+2 5.0e+2
    5.0e+2 5.0e+2 5.0e+2 5.0e+2 5.0e+2 5.0e+2 5.0e+2 5.0e+2 5.0e+2 5.0e+2
    5.0e+2 5.0e+2 5.0e+2 5.0e+2 5.0e+2 5.0e+2 5.0e+2 5.0e+2 5.0e+2 5.0e+2
    5.0e+2 5.0e+2 5.0e+2 5.0e+2 5.0e+2 5.0e+2 5.0e+2 5.0e+2 5.0e+2 5.0e+2
    5.0e+2 5.0e+2 5.0e+2 5.0e+2 5.0e+2 5.0e+2 5.0e+2 5.0e+2 5.0e+2 5.0e+2
    5.0e+2 5.0e+2 5.0e+2 5.0e+2 5.0e+2 5.03e+2 5.03e+2 5.03e+2 5.03e+2 5.03e+2
    5.03e+2 5.03e+2 5.03e+2 5.03e+2 5.03e+2 5.03e+2 5.03e+2 5.03e+2 5.03e+2
    5.03e+2 5.03e+2 5.03e+2 5.03e+2 5.03e+2 5.03e+2 5.03e+2 5.03e+2 5.03e+2
    5.03e+2 5.03e+2 5.03e+2 5.03e+2 5.03e+2 5.03e+2 5.03e+2 5.03e+2 5.03e+2
    5.03e+2 5.03e+2 5.03e+2 5.03e+2 5.03e+2 5.03e+2 5.03e+2 5.03e+2 5.03e+2
    5.03e+2 5.03e+2 5.03e+2 5.03e+2 5.03e+2 5.03e+2 5.03e+2 5.03e+2 5.03e+2
    5.03e+2 5.03e+2 5.03e+2 5.03e+2 5.03e+2 5.03e+2 5.03e+2 5.03e+2 5.03e+2
    5.03e+2 5.03e+2 5.03e+2 5.03e+2 5.03e+2 5.03e+2 5.03e+2 5.03e+2 5.03e+2
    5.03e+2 5.03e+2 5.03e+2 5.03e+2 5.03e+2 5.03e+2 5.03e+2 5.03e+2 5.03e+2
    5.03e+2 5.03e+2 5.03e+2 5.03e+2 5.03e+2 5.03e+2 5.03e+2 5.03e+2 5.03e+2
    5.03e+2 5.03e+2 5.03e+2 5.03e+2 5.03e+2 5.03e+2 5.03e+2 5.03e+2 5.03e+2
    5.03e+2 5.03e+2 5.03e+2 5.03e+2 5.03e+2 5.03e+2 5.03e+2 5.03e+2 5.03e+2
    5.03e+2 5.03e+2 5.035e+2 5.04e+2 5.04e+2 5.04e+2 5.04e+2 5.04e+2 5.04e+2
    5.04e+2 5.04e+2 5.04e+2 5.04e+2 5.04e+2 5.04e+2 5.04e+2 5.04e+2 5.04e+2
    5.04e+2 5.04e+2 5.04e+2 5.04e+2 5.04e+2 5.04e+2 5.04e+2 5.04e+2 5.04e+2
    5.04e+2 5.04e+2 5.04e+2 5.04e+2 5.04e+2 5.04e+2 5.04e+2 5.04e+2 5.04e+2
    5.04e+2 5.04e+2 5.04e+2 5.04e+2 5.04e+2 5.04e+2 5.04e+2 5.04e+2 5.04e+2
    5.04e+2 5.04e+2 5.04e+2 5.04e+2 5.04e+2 5.04e+2 5.04e+2 5.04e+2 5.04e+2
    5.04e+2 5.04e+2 5.04e+2 5.04e+2 5.045e+2 5.05e+2 5.06e+2 5.06e+2 5.06e+2
    5.06e+2 5.06e+2 5.06e+2 5.06e+2 5.06e+2 5.06e+2 5.06e+2 5.06e+2 5.06e+2
    5.06e+2 5.06e+2 5.06e+2 5.06e+2 5.06e+2 5.06e+2 5.06e+2 5.06e+2 5.06e+2
    5.06e+2 5.06e+2 5.06e+2 5.06e+2 5.06e+2 5.06e+2 5.06e+2 5.06e+2 5.06e+2
    5.06e+2 5.06e+2 5.06e+2 5.06e+2 5.06e+2 5.06e+2 5.06e+2 5.06e+2 5.06e+2
    5.06e+2 5.06e+2 5.06e+2 5.06e+2 5.06e+2 5.06e+2 5.06e+2 5.06e+2 5.06e+2
    5.06e+2 5.06e+2 5.06e+2 5.06e+2 5.06e+2 5.06e+2 5.06e+2 5.06e+2 5.06e+2
    5.06e+2 5.06e+2 5.06e+2 5.06e+2 5.06e+2 5.06e+2 5.06e+2 5.06e+2 5.06e+2
    5.06e+2 5.06e+2 5.06e+2 5.06e+2 5.06e+2 5.06e+2 5.06e+2 5.06e+2 5.06e+2
    5.06e+2 5.06e+2 5.06e+2 5.06e+2 5.06e+2 5.06e+2 5.06e+2 5.06e+2 5.06e+2
    5.06e+2 5.06e+2 5.06e+2 5.06e+2 5.06e+2 5.06e+2 5.06e+2 5.06e+2 5.06e+2
    5.06e+2 5.06e+2 5.06e+2 5.06e+2 5.06e+2 5.06e+2 5.06e+2 5.06e+2 5.06e+2
    5.06e+2 5.06e+2 5.235e+2 5.3466666666666663e+2 5.3466666666666663e+2
    5.3466666666666663e+2 5.3466666666666663e+2 5.3466666666666663e+2
    5.3466666666666663e+2 5.3466666666666663e+2 5.3466666666666663e+2
    5.3466666666666663e+2 5.3466666666666663e+2 5.3983333333333337e+2 5.475e+2
    5.475e+2 5.4783333333333337e+2 5.4783333333333337e+2 5.4783333333333337e+2
    5.4783333333333337e+2 5.4783333333333337e+2 5.4783333333333337e+2
    5.4783333333333337e+2 5.4783333333333337e+2 5.4783333333333337e+2
    5.4783333333333337e+2 5.4783333333333337e+2 5.4783333333333337e+2
    5.4783333333333337e+2 5.4783333333333337e+2 5.4783333333333337e+2
    5.4783333333333337e+2 5.4783333333333337e+2 5.4783333333333337e+2
    5.4783333333333337e+2 5.4783333333333337e+2 5.4783333333333337e+2
    5.4783333333333337e+2 5.4783333333333337e+2 5.4783333333333337e+2
    5.4783333333333337e+2 5.4783333333333337e+2 5.4783333333333337e+2
    5.4783333333333337e+2 5.4783333333333337e+2 5.4783333333333337e+2
    5.4783333333333337e+2 5.48e+2 5.4816666666666663e+2 5.4816666666666663e+2
    5.4816666666666663e+2 5.4816666666666663e+2 5.4816666666666663e+2
    5.4816666666666663e+2 5.4816666666666663e+2 5.4816666666666663e+2
    5.4816666666666663e+2 5.4816666666666663e+2 5.4816666666666663e+2
    5.4816666666666663e+2 5.4816666666666663e+2 5.4816666666666663e+2
    5.4816666666666663e+2 5.4816666666666663e+2 5.4816666666666663e+2
    5.4816666666666663e+2 5.4816666666666663e+2 5.4816666666666663e+2
    5.4816666666666663e+2 5.4816666666666663e+2 5.4816666666666663e+2
    5.4816666666666663e+2 5.4816666666666663e+2 5.4816666666666663e+2
    5.4816666666666663e+2 5.4816666666666663e+2 5.4816666666666663e+2
    5.4816666666666663e+2 5.4816666666666663e+2 5.4816666666666663e+2
    5.4816666666666663e+2 5.4816666666666663e+2 5.4816666666666663e+2
    5.4816666666666663e+2 5.4816666666666663e+2 5.4816666666666663e+2
    5.4816666666666663e+2 5.4816666666666663e+2 5.4816666666666663e+2
    5.4816666666666663e+2 5.4816666666666663e+2 5.4816666666666663e+2
    5.4816666666666663e+2 5.4816666666666663e+2 5.4816666666666663e+2
    5.4816666666666663e+2 5.4816666666666663e+2 5.4816666666666663e+2
    5.4816666666666663e+2 5.4816666666666663e+2 5.4816666666666663e+2
    5.4816666666666663e+2 5.4816666666666663e+2 5.4816666666666663e+2
    5.4816666666666663e+2 5.4816666666666663e+2 5.4816666666666663e+2
    5.4816666666666663e+2 5.4816666666666663e+2 5.4816666666666663e+2
    5.4816666666666663e+2 5.4816666666666663e+2 5.4816666666666663e+2
    5.4816666666666663e+2 5.4816666666666663e+2 5.4816666666666663e+2
    5.4816666666666663e+2 5.4816666666666663e+2 5.4816666666666663e+2
    5.4816666666666663e+2 5.4816666666666663e+2 5.4816666666666663e+2
    5.4816666666666663e+2 5.4816666666666663e+2 5.4816666666666663e+2
    5.4816666666666663e+2 5.4816666666666663e+2 5.4816666666666663e+2
    5.4816666666666663e+2 5.4816666666666663e+2 5.4816666666666663e+2
    5.4816666666666663e+2 5.4816666666666663e+2 5.4816666666666663e+2
    5.4816666666666663e+2 5.4816666666666663e+2 5.4816666666666663e+2
    5.4816666666666663e+2 5.4816666666666663e+2 5.4816666666666663e+2
    5.4816666666666663e+2 5.4816666666666663e+2 5.4816666666666663e+2
    5.4816666666666663e+2 5.4816666666666663e+2 5.4816666666666663e+2
    5.4816666666666663e+2 5.4816666666666663e+2 5.4816666666666663e+2
    5.4816666666666663e+2 5.4816666666666663e+2 5.4816666666666663e+2
    5.4816666666666663e+2 5.4816666666666663e+2 5.4816666666666663e+2
    5.4816666666666663e+2 5.4816666666666663e+2 5.4816666666666663e+2
    5.4816666666666663e+2 5.4816666666666663e+2 5.4816666666666663e+2
    5.4816666666666663e+2 5.4816666666666663e+2 5.4816666666666663e+2
    5.4816666666666663e+2 5.4816666666666663e+2 5.4816666666666663e+2
    5.4816666666666663e+2 5.4816666666666663e+2 5.4816666666666663e+2
    5.4816666666666663e+2 5.4816666666666663e+2 5.4816666666666663e+2
    5.4816666666666663e+2 5.4816666666666663e+2 5.4816666666666663e+2
    5.4816666666666663e+2 5.4816666666666663e+2 5.4816666666666663e+2
    5.4816666666666663e+2 5.4816666666666663e+2 5.4816666666666663e+2
    5.4816666666666663e+2 5.4816666666666663e+2 5.4816666666666663e+2
    5.4816666666666663e+2 5.4816666666666663e+2 5.4816666666666663e+2
    5.4816666666666663e+2 5.4816666666666663e+2 5.4816666666666663e+2
    5.4816666666666663e+2 5.4816666666666663e+2 5.4816666666666663e+2
    5.4816666666666663e+2 5.4816666666666663e+2 5.4816666666666663e+2
    5.4816666666666663e+2 5.4816666666666663e+2 5.4816666666666663e+2
    5.4816666666666663e+2 5.4816666666666663e+2 5.4816666666666663e+2
    5.4816666666666663e+2 5.4816666666666663e+2 5.4816666666666663e+2
    5.4816666666666663e+2 5.4816666666666663e+2 5.4816666666666663e+2
    5.4816666666666663e+2 5.4816666666666663e+2 5.4816666666666663e+2
    5.4816666666666663e+2 5.4816666666666663e+2 5.4816666666666663e+2
    5.4816666666666663e+2 5.4816666666666663e+2 5.4816666666666663e+2
    5.4816666666666663e+2 5.4816666666666663e+2 5.4816666666666663e+2
    5.4816666666666663e+2 5.4816666666666663e+2 5.4816666666666663e+2
    5.4816666666666663e+2 5.4816666666666663e+2 5.4816666666666663e+2
    5.4816666666666663e+2 5.4816666666666663e+2 5.4816666666666663e+2
    5.4816666666666663e+2 5.4816666666666663e+2 5.4816666666666663e+2
    5.4816666666666663e+2 5.4816666666666663e+2 5.4816666666666663e+2
    5.4816666666666663e+2 5.4816666666666663e+2 5.4816666666666663e+2
    5.4816666666666663e+2 5.4816666666666663e+2 5.4816666666666663e+2
    5.4816666666666663e+2 5.4816666666666663e+2 5.4816666666666663e+2
    5.4816666666666663e+2 5.4816666666666663e+2 5.4816666666666663e+2
    5.4816666666666663e+2 5.4816666666666663e+2 5.4816666666666663e+2
    5.4816666666666663e+2 5.4816666666666663e+2 5.4816666666666663e+2
    5.4816666666666663e+2 5.4816666666666663e+2 5.4816666666666663e+2
    5.4816666666666663e+2 5.4816666666666663e+2 5.4816666666666663e+2
    5.4816666666666663e+2 5.4816666666666663e+2 5.4816666666666663e+2
    5.4816666666666663e+2 5.4816666666666663e+2 5.4816666666666663e+2
    5.4816666666666663e+2 5.4816666666666663e+2 5.4816666666666663e+2
    5.4816666666666663e+2 5.4816666666666663e+2 5.4816666666666663e+2
    5.4816666666666663e+2 5.4816666666666663e+2 5.4816666666666663e+2
    5.4816666666666663e+2 5.4816666666666663e+2 5.4816666666666663e+2
    5.4816666666666663e+2 5.4816666666666663e+2 5.4816666666666663e+2
    5.4816666666666663e+2 5.4816666666666663e+2 5.4816666666666663e+2
    5.4816666666666663e+2 5.4816666666666663e+2 5.4816666666666663e+2
    5.4816666666666663e+2 5.4816666666666663e+2 5.4816666666666663e+2
    5.4816666666666663e+2 5.4816666666666663e+2 5.4816666666666663e+2
    5.4816666666666663e+2 5.4816666666666663e+2 5.4816666666666663e+2
    5.4816666666666663e+2 5.4816666666666663e+2 5.4816666666666663e+2
    5.4816666666666663e+2 5.4816666666666663e+2 5.4816666666666663e+2
    5.4816666666666663e+2 5.4816666666666663e+2 5.4816666666666663e+2
    5.4816666666666663e+2 5.4816666666666663e+2 5.4816666666666663e+2
    5.4816666666666663e+2 5.4816666666666663e+2 5.4816666666666663e+2
    5.4816666666666663e+2 5.4816666666666663e+2 5.4816666666666663e+2
    5.4816666666666663e+2 5.4816666666666663e+2 5.4833333333333337e+2
    5.4833333333333337e+2 5.4833333333333337e+2 5.4833333333333337e+2
    5.4833333333333337e+2 5.4833333333333337e+2 5.4833333333333337e+2
    5.4833333333333337e+2 5.4833333333333337e+2 5.4833333333333337e+2 5.485e+2
    5.485e+2 5.485e+2 5.485e+2 5.485e+2 5.485e+2 5.485e+2 5.485e+2 5.485e+2
    5.485e+2 5.485e+2 5.485e+2 5.485e+2 5.485e+2 5.485e+2 5.485e+2 5.485e+2
    5.485e+2 5.485e+2 5.485e+2 5.485e+2 5.485e+2 5.485e+2 5.485e+2 5.485e+2
    5.485e+2 5.485e+2 5.485e+2 5.485e+2 5.485e+2 5.485e+2 5.485e+2 5.485e+2
    5.485e+2 5.485e+2 5.485e+2 5.485e+2 5.485e+2 5.485e+2 5.485e+2 5.485e+2
    5.485e+2 5.485e+2 5.485e+2 5.485e+2 5.485e+2 5.485e+2 5.485e+2 5.485e+2
    5.485e+2 5.485e+2 5.485e+2 5.485e+2 5.485e+2 5.485e+2 5.485e+2 5.485e+2
    5.485e+2 5.485e+2 5.485e+2 5.485e+2 5.485e+2 5.485e+2 5.485e+2 5.485e+2
    5.485e+2 5.485e+2 5.485e+2 5.485e+2 5.485e+2 5.485e+2 5.485e+2 5.485e+2
    5.485e+2 5.485e+2 5.485e+2 5.485e+2 5.485e+2 5.485e+2 5.485e+2 5.485e+2
    5.485e+2 5.485e+2 5.485e+2 5.485e+2 5.485e+2 5.485e+2 5.485e+2 5.485e+2
    5.485e+2 5.485e+2 5.485e+2 5.485e+2 5.485e+2 5.485e+2 5.485e+2 5.485e+2
    5.485e+2 5.485e+2 5.485e+2 5.485e+2 5.485e+2 5.485e+2 5.485e+2 5.485e+2
    5.485e+2 5.485e+2 5.485e+2 5.485e+2 5.485e+2 5.485e+2 5.485e+2 5.485e+2
    5.485e+2 5.485e+2 5.485e+2 5.485e+2 5.485e+2 5.485e+2 5.485e+2 5.485e+2
    5.485e+2 5.485e+2 5.485e+2 5.485e+2 5.485e+2 5.485e+2 5.485e+2 5.485e+2
    5.485e+2 5.485e+2 5.485e+2 5.485e+2 5.485e+2 5.485e+2 5.485e+2 5.485e+2
    5.485e+2 5.485e+2 5.485e+2 5.485e+2 5.485e+2 5.485e+2 5.485e+2 5.485e+2
    5.485e+2 5.485e+2 5.485e+2 5.485e+2 5.485e+2 5.485e+2 5.485e+2 5.485e+2
    5.485e+2 5.485e+2 5.485e+2 5.485e+2 5.485e+2 5.485e+2 5.485e+2 5.485e+2
    5.485e+2 5.485e+2 5.485e+2 5.485e+2 5.485e+2 5.485e+2 5.485e+2 5.485e+2
    5.485e+2 5.485e+2 5.485e+2 5.485e+2 5.485e+2 5.485e+2 5.485e+2 5.485e+2
    5.485e+2 5.485e+2 5.485e+2 5.485e+2 5.485e+2 5.485e+2 5.485e+2 5.485e+2
    5.485e+2 5.485e+2 5.485e+2 5.485e+2 5.485e+2 5.485e+2 5.485e+2 5.485e+2
    5.485e+2 5.485e+2 5.485e+2 5.485e+2 5.485e+2 5.485e+2 5.485e+2 5.485e+2
    5.485e+2 5.485e+2 5.485e+2 5.485e+2 5.485e+2 5.485e+2 5.485e+2 5.485e+2
    5.485e+2 5.485e+2 5.485e+2 5.485e+2 5.485e+2 5.485e+2 5.485e+2 5.485e+2
    5.485e+2 5.485e+2 5.485e+2 5.485e+2 5.485e+2 5.485e+2 5.485e+2 5.485e+2
    5.485e+2 5.485e+2 5.485e+2 5.485e+2 5.485e+2 5.485e+2 5.485e+2 5.485e+2
    5.485e+2 5.485e+2 5.485e+2 5.485e+2 5.485e+2 5.485e+2 5.485e+2 5.485e+2
    5.485e+2 5.485e+2 5.485e+2 5.485e+2 5.485e+2 5.485e+2 5.485e+2 5.485e+2
    5.485e+2 5.485e+2 5.485e+2 5.485e+2 5.485e+2 5.485e+2 5.485e+2 5.485e+2
    5.485e+2 5.485e+2 5.485e+2 5.485e+2 5.485e+2 5.485e+2 5.485e+2 5.485e+2
    5.485e+2 5.485e+2 5.485e+2 5.485e+2 5.485e+2 5.485e+2 5.485e+2 5.485e+2
    5.485e+2 5.485e+2 5.485e+2 5.485e+2 5.485e+2 5.485e+2 5.485e+2 5.485e+2
    5.485e+2 5.485e+2 5.485e+2 5.485e+2 5.485e+2 5.485e+2 5.485e+2 5.485e+2
    5.485e+2 5.485e+2 5.485e+2 5.485e+2 5.485e+2 5.485e+2 5.485e+2 5.485e+2
    5.485e+2 5.485e+2 5.485e+2 5.485e+2 5.485e+2 5.485e+2 5.485e+2 5.485e+2
    5.485e+2 5.485e+2 5.485e+2 5.485e+2 5.485e+2 5.485e+2 5.485e+2 5.485e+2
    5.485e+2 5.485e+2 5.485e+2 5.485e+2 5.485e+2 5.485e+2 5.485e+2 5.485e+2
    5.485e+2 5.485e+2 5.485e+2 5.485e+2 5.485e+2 5.485e+2 5.485e+2 5.485e+2
    5.485e+2 5.485e+2 5.485e+2 5.485e+2 5.485e+2 5.485e+2 5.485e+2 5.485e+2
    5.485e+2 5.485e+2 5.485e+2 5.485e+2 5.485e+2 5.485e+2 5.485e+2 5.485e+2
    5.485e+2 5.485e+2 5.485e+2 5.485e+2 5.485e+2 5.485e+2 5.485e+2 5.485e+2
    5.485e+2 5.485e+2 5.485e+2 5.485e+2 5.485e+2 5.485e+2 5.485e+2 5.485e+2
    5.485e+2 5.485e+2 5.485e+2 5.485e+2 5.485e+2 5.485e+2 5.485e+2 5.485e+2
    5.485e+2 5.485e+2 5.485e+2 5.485e+2 5.485e+2 5.485e+2 5.485e+2 5.485e+2
    5.485e+2 5.485e+2 5.485e+2 5.485e+2 5.485e+2 5.485e+2 5.485e+2 5.485e+2
    5.485e+2 5.485e+2 5.485e+2 5.485e+2 5.485e+2 5.485e+2 5.485e+2 5.485e+2
    5.485e+2 5.485e+2 5.485e+2 5.485e+2 5.485e+2 5.485e+2 5.485e+2 5.485e+2
    5.485e+2 5.485e+2 5.485e+2 5.485e+2 5.485e+2 5.485e+2 5.485e+2 5.485e+2
    5.485e+2 5.485e+2 5.485e+2 5.485e+2 5.485e+2 5.485e+2 5.485e+2 5.485e+2
    5.485e+2 5.485e+2 5.485e+2 5.485e+2 5.485e+2 5.485e+2 5.485e+2 5.485e+2
    5.485e+2 5.485e+2 5.485e+2 5.485e+2 5.485e+2 5.485e+2 5.485e+2 5.485e+2
    5.485e+2 5.485e+2 5.485e+2 5.485e+2 5.485e+2 5.485e+2 5.485e+2 5.485e+2
    5.485e+2 5.485e+2 5.485e+2 5.485e+2 5.485e+2 5.485e+2 5.485e+2 5.485e+2
    5.485e+2 5.485e+2 5.485e+2 5.485e+2 5.485e+2 5.485e+2 5.485e+2 5.485e+2
    5.485e+2 5.485e+2 5.485e+2 5.485e+2 5.485e+2 5.485e+2 5.485e+2 5.485e+2
    5.485e+2 5.485e+2 5.485e+2 5.485e+2 5.485e+2 5.485e+2 5.485e+2 5.485e+2
    5.485e+2 5.485e+2 5.485e+2 5.485e+2 5.485e+2 5.485e+2 5.485e+2 5.485e+2
    5.485e+2 5.485e+2 5.485e+2 5.485e+2 5.485e+2 5.485e+2 5.485e+2 5.485e+2
    5.485e+2 5.485e+2 5.485e+2 5.485e+2 5.485e+2 5.485e+2 5.485e+2 5.485e+2
    5.485e+2 5.485e+2 5.485e+2 5.485e+2 5.485e+2 5.485e+2 5.485e+2 5.485e+2
    5.485e+2 5.485e+2 5.485e+2 5.485e+2 5.485e+2 5.485e+2 5.485e+2 5.485e+2
    5.485e+2 5.485e+2 5.485e+2 5.485e+2 5.485e+2 5.485e+2 5.485e+2 5.485e+2
    5.485e+2 5.485e+2 5.485e+2 5.485e+2 5.485e+2 5.485e+2 5.485e+2 5.485e+2
    5.485e+2 5.485e+2 5.485e+2 5.485e+2 5.485e+2 5.485e+2 5.485e+2 5.485e+2
    5.485e+2 5.485e+2 5.485e+2 5.485e+2 5.485e+2 5.485e+2 5.485e+2 5.485e+2
    5.485e+2 5.485e+2 5.485e+2 5.485e+2 5.485e+2 5.485e+2 5.485e+2 5.485e+2
    5.485e+2 5.485e+2 5.485e+2 5.485e+2 5.485e+2 5.485e+2 5.485e+2 5.485e+2
    5.485e+2 5.485e+2 5.485e+2 5.485e+2 5.485e+2 5.485e+2 5.485e+2 5.485e+2
    5.485e+2 5.485e+2 5.485e+2 5.485e+2 5.485e+2 5.485e+2 5.485e+2 5.485e+2
    5.485e+2 5.485e+2 5.485e+2 5.485e+2 5.485e+2 5.485e+2 5.485e+2 5.485e+2
    5.485e+2 5.485e+2 5.485e+2 5.485e+2 5.485e+2 5.485e+2 5.485e+2 5.485e+2
    5.485e+2 5.485e+2 5.485e+2 5.485e+2 5.485e+2 5.485e+2 5.485e+2 5.485e+2
    5.485e+2 5.485e+2 5.485e+2 5.485e+2 5.485e+2 5.485e+2 5.485e+2 5.485e+2
    5.485e+2 5.485e+2 5.485e+2 5.485e+2 5.485e+2 5.485e+2 5.485e+2 5.485e+2
    5.485e+2 5.485e+2 5.485e+2 5.485e+2 5.485e+2 5.485e+2 5.485e+2 5.485e+2
    5.485e+2 5.485e+2 5.485e+2 5.485e+2 5.485e+2 5.485e+2 5.485e+2 5.485e+2
    5.485e+2 5.485e+2 5.485e+2 5.485e+2 5.485e+2 5.485e+2 5.485e+2 5.485e+2
    5.485e+2 5.485e+2 5.485e+2 5.485e+2 5.485e+2 5.485e+2 5.485e+2 5.485e+2
    5.485e+2 5.485e+2 5.485e+2 5.485e+2 5.485e+2 5.485e+2 5.485e+2 5.485e+2
    5.485e+2 5.485e+2 5.485e+2 5.485e+2 5.485e+2 5.485e+2 5.485e+2 5.485e+2
    5.485e+2 5.485e+2 5.485e+2 5.485e+2 5.485e+2 5.485e+2 5.485e+2 5.485e+2
    5.485e+2 5.485e+2 5.485e+2 5.485e+2 5.485e+2 5.485e+2 5.485e+2 5.485e+2
    5.485e+2 5.485e+2 5.485e+2 5.485e+2 5.485e+2 5.485e+2 5.485e+2 5.485e+2
    5.485e+2 5.485e+2 5.485e+2 5.485e+2 5.485e+2 5.485e+2 5.485e+2 5.485e+2
    5.485e+2 5.485e+2 5.485e+2 5.485e+2 5.485e+2 5.485e+2 5.485e+2 5.485e+2
    5.485e+2 5.485e+2 5.485e+2 5.485e+2 5.485e+2 5.485e+2 5.485e+2 5.485e+2
    5.485e+2 5.485e+2 5.485e+2 5.485e+2 5.485e+2 5.485e+2 5.485e+2 5.485e+2
    5.485e+2 5.485e+2 5.485e+2 5.485e+2 5.485e+2 5.485e+2 5.485e+2 5.485e+2
    5.485e+2 5.485e+2 5.485e+2 5.485e+2 5.485e+2 5.485e+2 5.485e+2 5.485e+2
    5.485e+2 5.485e+2 5.485e+2 5.485e+2 5.485e+2 5.485e+2 5.485e+2 5.485e+2
    5.485e+2 5.485e+2 5.485e+2 5.485e+2 5.485e+2 5.485e+2 5.485e+2 5.485e+2
    5.485e+2 5.485e+2 5.485e+2 5.485e+2 5.485e+2 5.485e+2 5.485e+2 5.485e+2
    5.485e+2 5.485e+2 5.485e+2 5.485e+2 5.485e+2 5.485e+2 5.485e+2 5.485e+2
    5.485e+2 5.485e+2 5.485e+2 5.485e+2 5.485e+2 5.485e+2 5.485e+2 5.485e+2
    5.485e+2 5.485e+2 5.485e+2 5.485e+2 5.485e+2 5.485e+2 5.485e+2 5.485e+2
    5.485e+2 5.485e+2 5.485e+2 5.485e+2 5.485e+2 5.485e+2 5.485e+2 5.485e+2
    5.485e+2 5.485e+2 5.485e+2 5.485e+2 5.485e+2 5.485e+2 5.485e+2 5.485e+2
    5.485e+2 5.485e+2 5.485e+2 5.485e+2 5.485e+2 5.485e+2 5.485e+2 5.485e+2
    5.485e+2 5.485e+2 5.485e+2 5.485e+2 5.485e+2 5.485e+2 5.485e+2 5.485e+2
    5.485e+2 5.485e+2 5.485e+2 5.485e+2 5.485e+2 5.485e+2 5.485e+2 5.485e+2
    5.485e+2 5.485e+2 5.485e+2 5.485e+2 5.485e+2 5.485e+2 5.485e+2 5.485e+2
    5.485e+2 5.485e+2 5.485e+2 5.485e+2 5.485e+2 5.485e+2 5.485e+2 5.485e+2
    5.485e+2 5.485e+2 5.485e+2 5.485e+2 5.485e+2 5.485e+2 5.485e+2 5.485e+2
    5.485e+2 5.485e+2 5.485e+2 5.485e+2 5.485e+2 5.485e+2 5.485e+2 5.485e+2
    5.485e+2 5.485e+2 5.485e+2 5.485e+2 5.485e+2 5.485e+2 5.485e+2 5.485e+2
    5.485e+2 5.485e+2 5.485e+2 5.485e+2 5.485e+2 5.485e+2 5.485e+2 5.485e+2
    5.485e+2 5.485e+2 5.485e+2 5.485e+2 5.485e+2 5.485e+2 5.485e+2 5.485e+2
    5.485e+2 5.485e+2 5.485e+2 5.485e+2 5.485e+2 5.485e+2 5.485e+2 5.485e+2
    5.485e+2 5.485e+2 5.485e+2 5.485e+2 5.485e+2 5.485e+2 5.485e+2 5.485e+2
    5.485e+2 5.485e+2 5.485e+2 5.485e+2 5.485e+2 5.485e+2 5.485e+2 5.485e+2
    5.485e+2 5.485e+2 5.485e+2 5.485e+2 5.485e+2 5.485e+2 5.485e+2 5.485e+2
    5.485e+2 5.485e+2 5.485e+2 5.485e+2 5.485e+2 5.485e+2 5.485e+2 5.485e+2
    5.485e+2 5.485e+2 5.485e+2 5.485e+2 5.485e+2 5.485e+2 5.485e+2 5.485e+2
    5.485e+2 5.485e+2 5.485e+2 5.485e+2 5.485e+2 5.485e+2 5.485e+2 5.485e+2
    5.485e+2 5.485e+2 5.485e+2 5.485e+2 5.485e+2 5.485e+2 5.485e+2 5.485e+2
    5.485e+2 5.485e+2 5.485e+2 5.485e+2 5.485e+2 5.485e+2 5.485e+2 5.485e+2
    5.485e+2 5.485e+2 5.485e+2 5.485e+2 5.485e+2 5.485e+2 5.485e+2 5.485e+2
    5.485e+2 5.485e+2 5.485e+2 5.485e+2 5.485e+2 5.485e+2 5.485e+2 5.485e+2
    5.485e+2 5.485e+2 5.485e+2 5.485e+2 5.485e+2 5.485e+2 5.485e+2 5.485e+2
    5.485e+2 5.485e+2 5.485e+2 5.485e+2 5.485e+2 5.485e+2 5.485e+2 5.485e+2
    5.485e+2 5.485e+2 5.485e+2 5.485e+2 5.485e+2 5.485e+2 5.485e+2 5.485e+2
    5.485e+2 5.485e+2 5.485e+2 5.485e+2 5.485e+2 5.485e+2 5.485e+2 5.485e+2
    5.485e+2 5.485e+2 5.485e+2 5.485e+2 5.485e+2 5.485e+2 5.485e+2 5.485e+2
    5.485e+2 5.485e+2 5.485e+2 5.485e+2 5.485e+2 5.485e+2 5.485e+2 5.485e+2
    5.485e+2 5.485e+2 5.485e+2 5.485e+2 5.485e+2 5.485e+2 5.485e+2 5.485e+2
    5.485e+2 5.485e+2 5.485e+2 5.485e+2 5.485e+2 5.485e+2 5.485e+2 5.485e+2
    5.485e+2 5.485e+2 5.485e+2 5.485e+2 5.485e+2 5.485e+2 5.485e+2 5.485e+2
    5.485e+2 5.485e+2 5.485e+2 5.485e+2 5.485e+2 5.485e+2 5.485e+2 5.485e+2
    5.485e+2 5.485e+2 5.485e+2 5.485e+2 5.485e+2 5.485e+2 5.485e+2 5.485e+2
    5.485e+2 5.485e+2 5.485e+2 5.485e+2 5.485e+2 5.485e+2 5.485e+2 5.485e+2
    5.485e+2 5.485e+2 5.485e+2 5.485e+2 5.485e+2 5.485e+2 5.485e+2 5.485e+2
    5.485e+2 5.485e+2 5.485e+2 5.485e+2 5.485e+2 5.485e+2 5.485e+2 5.485e+2
    5.4866666666666663e+2 5.4866666666666663e+2 5.4866666666666663e+2
    5.4866666666666663e+2 5.4866666666666663e+2 5.4866666666666663e+2
    5.4866666666666663e+2 5.4866666666666663e+2 5.4866666666666663e+2
    5.4866666666666663e+2 5.4866666666666663e+2 5.4866666666666663e+2
    5.4866666666666663e+2 5.4866666666666663e+2 5.4866666666666663e+2
    5.4866666666666663e+2 5.4866666666666663e+2 5.4866666666666663e+2
    5.4866666666666663e+2 5.4866666666666663e+2 5.4866666666666663e+2
    5.4866666666666663e+2 5.4866666666666663e+2 5.4866666666666663e+2
    5.4866666666666663e+2 5.4866666666666663e+2 5.4866666666666663e+2
    5.4866666666666663e+2 5.4866666666666663e+2 5.4866666666666663e+2
    5.4866666666666663e+2 5.4866666666666663e+2 5.4866666666666663e+2
    5.4866666666666663e+2 5.4866666666666663e+2 5.4866666666666663e+2
    5.4866666666666663e+2 5.4883333333333337e+2 5.4883333333333337e+2
    5.4883333333333337e+2 5.4883333333333337e+2 5.4883333333333337e+2
    5.4883333333333337e+2 5.4883333333333337e+2 5.4883333333333337e+2
    5.4883333333333337e+2 5.4883333333333337e+2 5.4883333333333337e+2
    5.4883333333333337e+2 5.4883333333333337e+2 5.4883333333333337e+2
    5.4883333333333337e+2 5.4883333333333337e+2 5.4883333333333337e+2
    5.4883333333333337e+2 5.4883333333333337e+2 5.4883333333333337e+2
    5.4883333333333337e+2 5.4883333333333337e+2 5.4883333333333337e+2
    5.4883333333333337e+2 5.4883333333333337e+2 5.4883333333333337e+2
    5.4883333333333337e+2 5.4883333333333337e+2 5.4883333333333337e+2
    5.4883333333333337e+2 5.4883333333333337e+2 5.4883333333333337e+2
    5.4883333333333337e+2 5.4883333333333337e+2 5.4883333333333337e+2
    5.4883333333333337e+2 5.4883333333333337e+2 5.4883333333333337e+2
    5.4883333333333337e+2 5.4883333333333337e+2 5.4883333333333337e+2
    5.4883333333333337e+2 5.4883333333333337e+2 5.4883333333333337e+2
    5.4883333333333337e+2 5.4883333333333337e+2 5.4883333333333337e+2
    5.4883333333333337e+2 5.4883333333333337e+2 5.4883333333333337e+2
    5.4883333333333337e+2 5.4883333333333337e+2 5.4883333333333337e+2
    5.4883333333333337e+2 5.4883333333333337e+2 5.4883333333333337e+2
    5.4883333333333337e+2 5.4883333333333337e+2 5.4883333333333337e+2
    5.4883333333333337e+2 5.4883333333333337e+2 5.4883333333333337e+2
    5.4883333333333337e+2 5.4883333333333337e+2 5.4883333333333337e+2
    5.4883333333333337e+2 5.4883333333333337e+2 5.4883333333333337e+2
    5.4883333333333337e+2 5.4883333333333337e+2 5.4883333333333337e+2
    5.4883333333333337e+2 5.4883333333333337e+2 5.4883333333333337e+2
    5.4883333333333337e+2 5.4883333333333337e+2 5.4883333333333337e+2
    5.4883333333333337e+2 5.4883333333333337e+2 5.4883333333333337e+2
    5.4883333333333337e+2 5.4883333333333337e+2 5.4883333333333337e+2
    5.4883333333333337e+2 5.4883333333333337e+2 5.4883333333333337e+2
    5.4883333333333337e+2 5.4883333333333337e+2 5.4883333333333337e+2
    5.4883333333333337e+2 5.4883333333333337e+2 5.4883333333333337e+2
    5.4883333333333337e+2 5.4883333333333337e+2 5.4883333333333337e+2
    5.4883333333333337e+2 5.4883333333333337e+2 5.4883333333333337e+2
    5.4883333333333337e+2 5.4883333333333337e+2 5.4883333333333337e+2
    5.4883333333333337e+2 5.4883333333333337e+2 5.4883333333333337e+2
    5.4883333333333337e+2 5.4883333333333337e+2 5.4883333333333337e+2
    5.4883333333333337e+2 5.4883333333333337e+2 5.4883333333333337e+2
    5.4883333333333337e+2 5.4883333333333337e+2 5.4883333333333337e+2
    5.4883333333333337e+2 5.4883333333333337e+2 5.4883333333333337e+2
    5.4883333333333337e+2 5.4883333333333337e+2 5.4883333333333337e+2
    5.4883333333333337e+2 5.4883333333333337e+2 5.4883333333333337e+2
    5.4883333333333337e+2 5.4883333333333337e+2 5.4883333333333337e+2
    5.4883333333333337e+2 5.4883333333333337e+2 5.4883333333333337e+2
    5.4883333333333337e+2 5.4883333333333337e+2 5.4883333333333337e+2
    5.4883333333333337e+2 5.4883333333333337e+2 5.4883333333333337e+2
    5.4883333333333337e+2 5.4883333333333337e+2 5.4883333333333337e+2
    5.4883333333333337e+2 5.4883333333333337e+2 5.4883333333333337e+2
    5.4883333333333337e+2 5.4883333333333337e+2 5.4883333333333337e+2
    5.4883333333333337e+2 5.4883333333333337e+2 5.4883333333333337e+2
    5.4883333333333337e+2 5.4883333333333337e+2 5.4883333333333337e+2
    5.4883333333333337e+2 5.4883333333333337e+2 5.4883333333333337e+2
    5.4883333333333337e+2 5.4883333333333337e+2 5.4883333333333337e+2
    5.4883333333333337e+2 5.4883333333333337e+2 5.4883333333333337e+2
    5.4883333333333337e+2 5.4883333333333337e+2 5.4883333333333337e+2
    5.4883333333333337e+2 5.4883333333333337e+2 5.4883333333333337e+2
    5.4883333333333337e+2 5.4883333333333337e+2 5.4883333333333337e+2
    5.4883333333333337e+2 5.4883333333333337e+2 5.4883333333333337e+2
    5.4883333333333337e+2 5.4883333333333337e+2 5.4883333333333337e+2
    5.4883333333333337e+2 5.4883333333333337e+2 5.4883333333333337e+2
    5.4883333333333337e+2 5.4883333333333337e+2 5.4883333333333337e+2
    5.4883333333333337e+2 5.4883333333333337e+2 5.4883333333333337e+2
    5.4883333333333337e+2 5.4883333333333337e+2 5.4883333333333337e+2
    5.4883333333333337e+2 5.4883333333333337e+2 5.4883333333333337e+2
    5.4883333333333337e+2 5.4883333333333337e+2 5.4883333333333337e+2
    5.4883333333333337e+2 5.4883333333333337e+2 5.4883333333333337e+2
    5.4883333333333337e+2 5.4883333333333337e+2 5.4883333333333337e+2
    5.4883333333333337e+2 5.4883333333333337e+2 5.4883333333333337e+2
    5.4883333333333337e+2 5.4883333333333337e+2 5.4883333333333337e+2
    5.4883333333333337e+2 5.4883333333333337e+2 5.4883333333333337e+2
    5.4883333333333337e+2 5.4883333333333337e+2 5.4883333333333337e+2
    5.4883333333333337e+2 5.4883333333333337e+2 5.4883333333333337e+2
    5.4883333333333337e+2 5.4883333333333337e+2 5.4883333333333337e+2
    5.4883333333333337e+2 5.4883333333333337e+2 5.4883333333333337e+2
    5.4883333333333337e+2 5.4883333333333337e+2 5.4883333333333337e+2
    5.4883333333333337e+2 5.4883333333333337e+2 5.4883333333333337e+2
    5.4883333333333337e+2 5.4883333333333337e+2 5.4883333333333337e+2
    5.4883333333333337e+2 5.4883333333333337e+2 5.4883333333333337e+2
    5.4883333333333337e+2 5.4883333333333337e+2 5.4883333333333337e+2
    5.4883333333333337e+2 5.4883333333333337e+2 5.4883333333333337e+2
    5.4883333333333337e+2 5.4883333333333337e+2 5.4883333333333337e+2
    5.4883333333333337e+2 5.4883333333333337e+2 5.4883333333333337e+2
    5.4883333333333337e+2 5.4883333333333337e+2 5.4883333333333337e+2
    5.4883333333333337e+2 5.4883333333333337e+2 5.4883333333333337e+2
    5.4883333333333337e+2 5.4883333333333337e+2 5.4883333333333337e+2
    5.4883333333333337e+2 5.4883333333333337e+2 5.4883333333333337e+2
    5.4883333333333337e+2 5.4883333333333337e+2 5.4883333333333337e+2
    5.4883333333333337e+2 5.4883333333333337e+2 5.4883333333333337e+2
    5.4883333333333337e+2 5.4883333333333337e+2 5.4883333333333337e+2
    5.4883333333333337e+2 5.4883333333333337e+2 5.4883333333333337e+2
    5.4883333333333337e+2 5.4883333333333337e+2 5.4883333333333337e+2
    5.4883333333333337e+2 5.4883333333333337e+2 5.4883333333333337e+2
    5.4883333333333337e+2 5.4883333333333337e+2 5.4883333333333337e+2
    5.4883333333333337e+2 5.4883333333333337e+2 5.4883333333333337e+2
    5.4883333333333337e+2 5.4883333333333337e+2 5.4883333333333337e+2
    5.4883333333333337e+2 5.4883333333333337e+2 5.4883333333333337e+2
    5.4883333333333337e+2 5.4883333333333337e+2 5.4883333333333337e+2
    5.4883333333333337e+2 5.4883333333333337e+2 5.4883333333333337e+2
    5.4883333333333337e+2 5.4883333333333337e+2 5.4883333333333337e+2
    5.4883333333333337e+2 5.4883333333333337e+2 5.4883333333333337e+2
    5.4883333333333337e+2 5.4883333333333337e+2 5.4883333333333337e+2
    5.4883333333333337e+2 5.4883333333333337e+2 5.4883333333333337e+2
    5.4883333333333337e+2 5.4883333333333337e+2 5.4883333333333337e+2
    5.4883333333333337e+2 5.4883333333333337e+2 5.4883333333333337e+2
    5.4883333333333337e+2 5.4883333333333337e+2 5.4883333333333337e+2
    5.4883333333333337e+2 5.4883333333333337e+2 5.4883333333333337e+2
    5.4883333333333337e+2 5.4883333333333337e+2 5.4883333333333337e+2
    5.4883333333333337e+2 5.4883333333333337e+2 5.4883333333333337e+2
    5.4883333333333337e+2 5.4883333333333337e+2 5.4883333333333337e+2
    5.4883333333333337e+2 5.4883333333333337e+2 5.4883333333333337e+2
    5.4883333333333337e+2 5.4883333333333337e+2 5.4883333333333337e+2
    5.4883333333333337e+2 5.4883333333333337e+2 5.4883333333333337e+2
    5.4883333333333337e+2 5.4883333333333337e+2 5.4883333333333337e+2
    5.4883333333333337e+2 5.4883333333333337e+2 5.4883333333333337e+2
    5.4883333333333337e+2 5.4883333333333337e+2 5.4883333333333337e+2
    5.4883333333333337e+2 5.4883333333333337e+2 5.4883333333333337e+2
    5.4883333333333337e+2 5.4883333333333337e+2 5.4883333333333337e+2 5.49e+2
    5.49e+2 5.49e+2 5.4916666666666663e+2 5.4916666666666663e+2
    5.4916666666666663e+2 5.4916666666666663e+2 5.4916666666666663e+2
    5.4916666666666663e+2 5.4916666666666663e+2 5.4916666666666663e+2
    5.4916666666666663e+2 5.4916666666666663e+2 5.4916666666666663e+2
    5.4916666666666663e+2 5.4916666666666663e+2 5.4916666666666663e+2
    5.4916666666666663e+2 5.4916666666666663e+2 5.4916666666666663e+2
    5.4916666666666663e+2 5.4916666666666663e+2 5.4916666666666663e+2
    5.4916666666666663e+2 5.4916666666666663e+2 5.4916666666666663e+2
    5.4916666666666663e+2 5.4916666666666663e+2 5.4916666666666663e+2
    5.4916666666666663e+2 5.5133333333333337e+2 5.5133333333333337e+2
    5.5133333333333337e+2 5.5133333333333337e+2 5.5133333333333337e+2
    5.5133333333333337e+2 5.5133333333333337e+2 5.5133333333333337e+2
    5.5133333333333337e+2 5.5133333333333337e+2 5.5133333333333337e+2
    5.5133333333333337e+2 5.5133333333333337e+2 5.5133333333333337e+2
    5.5133333333333337e+2 5.5133333333333337e+2 5.5133333333333337e+2
    5.5133333333333337e+2 5.5133333333333337e+2 5.5133333333333337e+2
    5.5133333333333337e+2 5.5133333333333337e+2 5.5133333333333337e+2
    5.5133333333333337e+2 5.5133333333333337e+2 5.5133333333333337e+2
    5.5133333333333337e+2 5.5133333333333337e+2 5.5133333333333337e+2
    5.5133333333333337e+2 5.5133333333333337e+2 5.5133333333333337e+2
    5.5133333333333337e+2 5.5133333333333337e+2 5.5133333333333337e+2
    5.5133333333333337e+2 5.5133333333333337e+2 5.5133333333333337e+2
    5.5133333333333337e+2 5.5133333333333337e+2 5.5133333333333337e+2
    5.5133333333333337e+2 5.5133333333333337e+2 5.5133333333333337e+2
    5.5133333333333337e+2 5.5133333333333337e+2 5.5133333333333337e+2
    5.5133333333333337e+2 5.5133333333333337e+2 5.5133333333333337e+2
    5.5133333333333337e+2 5.5133333333333337e+2 5.5133333333333337e+2
    5.5133333333333337e+2 5.5133333333333337e+2 5.5133333333333337e+2
    5.5133333333333337e+2 5.5133333333333337e+2 5.5133333333333337e+2
    5.5133333333333337e+2 5.5133333333333337e+2 5.5133333333333337e+2
    5.5133333333333337e+2 5.5133333333333337e+2 5.5133333333333337e+2
    5.5133333333333337e+2 5.5133333333333337e+2 5.5133333333333337e+2
    5.5133333333333337e+2 5.5133333333333337e+2 5.5133333333333337e+2
    5.5133333333333337e+2 5.5133333333333337e+2 5.5133333333333337e+2
    5.5133333333333337e+2 5.5133333333333337e+2 5.5133333333333337e+2
    5.5133333333333337e+2 5.5133333333333337e+2 5.5133333333333337e+2
    5.5133333333333337e+2 5.5133333333333337e+2 5.5133333333333337e+2
    5.5133333333333337e+2 5.5133333333333337e+2 5.5133333333333337e+2
    5.5133333333333337e+2 5.5133333333333337e+2 5.5133333333333337e+2
    5.5133333333333337e+2 5.5133333333333337e+2 5.5133333333333337e+2
    5.5133333333333337e+2 5.5133333333333337e+2 5.5133333333333337e+2
    5.5133333333333337e+2 5.5133333333333337e+2 5.5133333333333337e+2
    5.5133333333333337e+2 5.5133333333333337e+2 5.5133333333333337e+2
    5.5133333333333337e+2 5.5133333333333337e+2 5.5133333333333337e+2
    5.5133333333333337e+2 5.5133333333333337e+2 5.5133333333333337e+2
    5.5133333333333337e+2 5.5133333333333337e+2 5.5133333333333337e+2
    5.5133333333333337e+2 5.5133333333333337e+2 5.5133333333333337e+2
    5.5133333333333337e+2 5.5133333333333337e+2 5.5133333333333337e+2
    5.5133333333333337e+2 5.5133333333333337e+2 5.5133333333333337e+2
    5.5133333333333337e+2 5.5133333333333337e+2 5.5133333333333337e+2
    5.5133333333333337e+2 5.5133333333333337e+2 5.5133333333333337e+2
    5.5133333333333337e+2 5.5133333333333337e+2 5.5133333333333337e+2
    5.5133333333333337e+2 5.5133333333333337e+2 5.5133333333333337e+2
    5.5133333333333337e+2 5.5133333333333337e+2 5.5133333333333337e+2
    5.5133333333333337e+2 5.5133333333333337e+2 5.5133333333333337e+2
    5.5133333333333337e+2 5.5133333333333337e+2 5.5133333333333337e+2
    5.5133333333333337e+2 5.5133333333333337e+2 5.5133333333333337e+2
    5.5133333333333337e+2 5.5133333333333337e+2 5.5133333333333337e+2
    5.5133333333333337e+2 5.5133333333333337e+2 5.5133333333333337e+2
    5.5133333333333337e+2 5.5133333333333337e+2 5.5133333333333337e+2
    5.5133333333333337e+2 5.5133333333333337e+2 5.5133333333333337e+2
    5.5133333333333337e+2 5.5133333333333337e+2 5.5133333333333337e+2
    5.5133333333333337e+2 5.5133333333333337e+2 5.5133333333333337e+2
    5.5133333333333337e+2 5.5133333333333337e+2 5.5133333333333337e+2
    5.5133333333333337e+2 5.5133333333333337e+2 5.5133333333333337e+2
    5.5133333333333337e+2 5.5133333333333337e+2 5.5133333333333337e+2
    5.5133333333333337e+2 5.5133333333333337e+2 5.5133333333333337e+2
    5.5133333333333337e+2 5.5133333333333337e+2 5.5133333333333337e+2
    5.5133333333333337e+2 5.5133333333333337e+2 5.5133333333333337e+2
    5.5133333333333337e+2 5.5133333333333337e+2 5.5133333333333337e+2
    5.5133333333333337e+2 5.5133333333333337e+2 5.5133333333333337e+2
    5.5133333333333337e+2 5.5133333333333337e+2 5.5133333333333337e+2
    5.5133333333333337e+2 5.5133333333333337e+2 5.5133333333333337e+2
    5.5133333333333337e+2 5.5133333333333337e+2 5.5133333333333337e+2
    5.5133333333333337e+2 5.5133333333333337e+2 5.5133333333333337e+2
    5.5133333333333337e+2 5.5133333333333337e+2 5.5133333333333337e+2
    5.5133333333333337e+2 5.5133333333333337e+2 5.5133333333333337e+2
    5.5133333333333337e+2 5.5133333333333337e+2 5.5133333333333337e+2
    5.5133333333333337e+2 5.5133333333333337e+2 5.5133333333333337e+2
    5.5133333333333337e+2 5.5133333333333337e+2 5.5133333333333337e+2
    5.5133333333333337e+2 5.5133333333333337e+2 5.5133333333333337e+2
    5.5133333333333337e+2 5.5133333333333337e+2 5.5133333333333337e+2
    5.5133333333333337e+2 5.5133333333333337e+2 5.5133333333333337e+2
    5.5133333333333337e+2 5.5133333333333337e+2 5.5133333333333337e+2
    5.5133333333333337e+2 5.5133333333333337e+2 5.5133333333333337e+2
    5.5133333333333337e+2 5.5133333333333337e+2 5.5133333333333337e+2
    5.5133333333333337e+2 5.5133333333333337e+2 5.5133333333333337e+2
    5.5133333333333337e+2 5.5133333333333337e+2 5.5133333333333337e+2
    5.5133333333333337e+2 5.5133333333333337e+2 5.5133333333333337e+2
    5.5133333333333337e+2 5.5133333333333337e+2 5.5133333333333337e+2
    5.5133333333333337e+2 5.5133333333333337e+2 5.5133333333333337e+2
    5.5133333333333337e+2 5.5133333333333337e+2 5.5133333333333337e+2
    5.5133333333333337e+2 5.5133333333333337e+2 5.5133333333333337e+2
    5.5133333333333337e+2 5.5133333333333337e+2 5.5133333333333337e+2
    5.5133333333333337e+2 5.5133333333333337e+2 5.5133333333333337e+2
    5.5133333333333337e+2 5.5133333333333337e+2 5.5133333333333337e+2
    5.5133333333333337e+2 5.5133333333333337e+2 5.5133333333333337e+2
    5.5133333333333337e+2 5.5133333333333337e+2 5.5133333333333337e+2
    5.5133333333333337e+2 5.5133333333333337e+2 5.5133333333333337e+2
    5.5133333333333337e+2 5.5133333333333337e+2 5.5133333333333337e+2
    5.5133333333333337e+2 5.5133333333333337e+2 5.5133333333333337e+2
    5.5133333333333337e+2 5.5133333333333337e+2 5.5133333333333337e+2
    5.5133333333333337e+2 5.5133333333333337e+2 5.5133333333333337e+2
    5.5133333333333337e+2 5.5133333333333337e+2 5.5133333333333337e+2
    5.5133333333333337e+2 5.5133333333333337e+2 5.5133333333333337e+2
    5.5133333333333337e+2 5.5133333333333337e+2 5.5133333333333337e+2
    5.5133333333333337e+2 5.5133333333333337e+2 5.5133333333333337e+2
    5.5133333333333337e+2 5.5133333333333337e+2 5.5133333333333337e+2
    5.5133333333333337e+2 5.5133333333333337e+2 5.5133333333333337e+2
    5.5133333333333337e+2 5.5133333333333337e+2 5.5133333333333337e+2
    5.5133333333333337e+2 5.5133333333333337e+2 5.5133333333333337e+2
    5.5133333333333337e+2 5.5133333333333337e+2 5.5133333333333337e+2
    5.5133333333333337e+2 5.5133333333333337e+2 5.5133333333333337e+2
    5.5133333333333337e+2 5.5133333333333337e+2 5.5133333333333337e+2
    5.5133333333333337e+2 5.5133333333333337e+2 5.5133333333333337e+2
    5.5133333333333337e+2 5.5133333333333337e+2 5.5133333333333337e+2
    5.5133333333333337e+2 5.5133333333333337e+2 5.5133333333333337e+2
    5.5133333333333337e+2 5.5133333333333337e+2 5.5133333333333337e+2
    5.5133333333333337e+2 5.5133333333333337e+2 5.5133333333333337e+2
    5.5133333333333337e+2 5.5133333333333337e+2 5.5133333333333337e+2
    5.5133333333333337e+2 5.5133333333333337e+2 5.5133333333333337e+2
    5.5133333333333337e+2 5.5133333333333337e+2 5.5133333333333337e+2
    5.5133333333333337e+2 5.5133333333333337e+2 5.5533333333333337e+2
    5.5533333333333337e+2 5.555e+2 5.5566666666666663e+2 5.5566666666666663e+2
    5.5566666666666663e+2 5.5566666666666663e+2 5.5566666666666663e+2
    5.5566666666666663e+2 5.5566666666666663e+2 5.5566666666666663e+2
    5.5566666666666663e+2 5.5566666666666663e+2 5.5566666666666663e+2
    5.5566666666666663e+2 5.5566666666666663e+2 5.5566666666666663e+2
    5.5566666666666663e+2 5.5566666666666663e+2 5.5566666666666663e+2
    5.5566666666666663e+2 5.5566666666666663e+2 5.5566666666666663e+2
    5.5566666666666663e+2 5.5566666666666663e+2 5.5583333333333337e+2 5.56e+2
    5.56e+2 5.56e+2 5.56e+2 5.56e+2 5.56e+2 5.56e+2 5.56e+2 5.56e+2 5.56e+2
    5.56e+2 5.56e+2 5.56e+2 5.56e+2 5.56e+2 5.56e+2 5.56e+2 5.56e+2 5.56e+2
    5.56e+2 5.56e+2 5.56e+2 5.56e+2 5.56e+2 5.56e+2 5.56e+2 5.56e+2 5.56e+2
    5.56e+2 5.56e+2 5.56e+2 5.56e+2 5.56e+2 5.56e+2 5.56e+2 5.56e+2 5.56e+2
    5.56e+2 5.56e+2 5.56e+2 5.56e+2 5.56e+2 5.56e+2 5.56e+2 5.56e+2 5.56e+2
    5.56e+2 5.56e+2 5.56e+2 5.56e+2 5.56e+2 5.56e+2 5.56e+2 5.56e+2 5.56e+2
    5.56e+2 5.56e+2 5.56e+2 5.56e+2 5.56e+2 5.56e+2 5.56e+2 5.56e+2 5.56e+2
    5.56e+2 5.56e+2 5.56e+2 5.56e+2 5.56e+2 5.56e+2 5.56e+2 5.56e+2 5.56e+2
    5.56e+2 5.56e+2 5.56e+2 5.56e+2 5.56e+2 5.56e+2 5.56e+2 5.56e+2 5.56e+2
    5.56e+2 5.56e+2 5.56e+2 5.56e+2 5.56e+2 5.56e+2 5.56e+2 5.56e+2 5.56e+2
    5.56e+2 5.56e+2 5.56e+2 5.56e+2 5.56e+2 5.56e+2 5.56e+2 5.56e+2 5.56e+2
    5.56e+2 5.56e+2 5.56e+2 5.56e+2 5.56e+2 5.56e+2 5.56e+2 5.56e+2 5.56e+2
    5.56e+2 5.56e+2 5.56e+2 5.56e+2 5.56e+2 5.56e+2 5.56e+2 5.56e+2 5.56e+2
    5.56e+2 5.56e+2 5.56e+2 5.56e+2 5.56e+2 5.56e+2 5.56e+2 5.56e+2 5.56e+2
    5.56e+2 5.56e+2 5.56e+2 5.56e+2 5.56e+2 5.56e+2 5.56e+2 5.56e+2 5.56e+2
    5.56e+2 5.56e+2 5.56e+2 5.56e+2 5.56e+2 5.56e+2 5.56e+2 5.56e+2 5.56e+2
    5.56e+2 5.56e+2 5.56e+2 5.56e+2 5.56e+2 5.56e+2 5.56e+2 5.56e+2 5.56e+2
    5.56e+2 5.56e+2 5.56e+2 5.56e+2 5.56e+2 5.56e+2 5.56e+2 5.56e+2 5.56e+2
    5.56e+2 5.56e+2 5.56e+2 5.56e+2 5.56e+2 5.56e+2 5.56e+2 5.56e+2 5.56e+2
    5.56e+2 5.56e+2 5.56e+2 5.56e+2 5.56e+2 5.56e+2 5.56e+2 5.56e+2 5.56e+2
    5.56e+2 5.56e+2 5.56e+2 5.56e+2 5.56e+2 5.56e+2 5.56e+2 5.56e+2 5.56e+2
    5.56e+2 5.56e+2 5.56e+2 5.56e+2 5.56e+2 5.56e+2 5.56e+2 5.56e+2 5.56e+2
    5.56e+2 5.56e+2 5.56e+2 5.56e+2 5.56e+2 5.56e+2 5.56e+2 5.56e+2 5.56e+2
    5.56e+2 5.56e+2 5.56e+2 5.5616666666666663e+2 5.5616666666666663e+2
    5.5616666666666663e+2 5.5616666666666663e+2 5.5616666666666663e+2
    5.5616666666666663e+2 5.5616666666666663e+2 5.5616666666666663e+2
    5.5633333333333337e+2 5.5633333333333337e+2 5.5633333333333337e+2
    5.5633333333333337e+2 5.5633333333333337e+2 5.5633333333333337e+2
    5.5633333333333337e+2 5.5633333333333337e+2 5.5633333333333337e+2
    5.5633333333333337e+2 5.5633333333333337e+2 5.5633333333333337e+2
    5.5633333333333337e+2 5.5633333333333337e+2 5.5633333333333337e+2
    5.5633333333333337e+2 5.5633333333333337e+2 5.5633333333333337e+2
    5.5633333333333337e+2 5.5633333333333337e+2 5.5633333333333337e+2
    5.5633333333333337e+2 5.5633333333333337e+2 5.5633333333333337e+2
    5.5633333333333337e+2 5.5633333333333337e+2 5.5633333333333337e+2
    5.5633333333333337e+2 5.5633333333333337e+2 5.5633333333333337e+2
    5.5633333333333337e+2 5.5633333333333337e+2 5.5633333333333337e+2
    5.5633333333333337e+2 5.5633333333333337e+2 5.5633333333333337e+2
    5.5633333333333337e+2 5.5633333333333337e+2 5.5633333333333337e+2
    5.5633333333333337e+2 5.5633333333333337e+2 5.5633333333333337e+2
    5.5633333333333337e+2 5.5633333333333337e+2 5.5633333333333337e+2
    5.5633333333333337e+2 5.5633333333333337e+2 5.5633333333333337e+2
    5.5633333333333337e+2 5.5633333333333337e+2 5.5633333333333337e+2
    5.5633333333333337e+2 5.5633333333333337e+2 5.5633333333333337e+2
    5.5633333333333337e+2 5.5633333333333337e+2 5.5633333333333337e+2
    5.5633333333333337e+2 5.5633333333333337e+2 5.5633333333333337e+2
    5.5633333333333337e+2 5.5633333333333337e+2 5.5633333333333337e+2
    5.5633333333333337e+2 5.5633333333333337e+2 5.5633333333333337e+2
    5.5633333333333337e+2 5.5633333333333337e+2 5.5633333333333337e+2
    5.5633333333333337e+2 5.5633333333333337e+2 5.5633333333333337e+2
    5.5633333333333337e+2 5.5633333333333337e+2 5.5633333333333337e+2
    5.5633333333333337e+2 5.5633333333333337e+2 5.5633333333333337e+2
    5.5633333333333337e+2 5.5633333333333337e+2 5.5633333333333337e+2
    5.5633333333333337e+2 5.5633333333333337e+2 5.5633333333333337e+2
    5.5633333333333337e+2 5.5633333333333337e+2 5.5633333333333337e+2
    5.5633333333333337e+2 5.5633333333333337e+2 5.5633333333333337e+2
    5.5633333333333337e+2 5.5633333333333337e+2 5.5633333333333337e+2
    5.5633333333333337e+2 5.5633333333333337e+2 5.6166666666666663e+2
    5.6166666666666663e+2 5.6233333333333337e+2 5.6233333333333337e+2
    5.6233333333333337e+2 5.6233333333333337e+2 5.6233333333333337e+2
    5.6233333333333337e+2 5.6233333333333337e+2 5.6233333333333337e+2
    5.6233333333333337e+2 5.6233333333333337e+2 5.6233333333333337e+2 5.63e+2
    5.63e+2 5.6683333333333337e+2 5.68e+2 5.68e+2 5.7133333333333337e+2
    5.7733333333333337e+2 5.7733333333333337e+2 6.0716666666666663e+2
    6.1033333333333337e+2 6.4739999999999998e+2 6.4760000000000002e+2
    6.4779999999999995e+2 6.4779999999999995e+2 6.4779999999999995e+2
    6.4779999999999995e+2 6.4779999999999995e+2 6.4779999999999995e+2
    6.4779999999999995e+2 6.4779999999999995e+2 6.4779999999999995e+2
    6.4779999999999995e+2 6.4779999999999995e+2 6.4820000000000005e+2
    6.4820000000000005e+2 6.4820000000000005e+2 6.5120000000000005e+2
    6.5120000000000005e+2 6.5120000000000005e+2 6.5679999999999995e+2
    6.5679999999999995e+2 6.5720000000000005e+2 6.5720000000000005e+2
    7.3541176470588232e+2 7.97e+2 8.26e+2 8.7547619047619048e+2
    9.496521739130435e+2 9.9230769230769226e+2 1.0168461538461538e+3
    1.0312142857142858e+3 1.0572888888888888e+3 1.070875e+3 1.094e+3
    1.1100408163265306e+3 1.1279622641509434e+3 1.1411923076923076e+3
    1.1515614035087719e+3 1.161e+3 1.1709661016949153e+3 1.1752337662337663e+3
    1.1844047619047619e+3 1.1918157894736842e+3 1.1989186046511627e+3
    1.204219512195122e+3 1.209825e+3 1.2148333333333333e+3 1.218304347826087e+3
    1.2209384615384615e+3 1.2229583333333333e+3 1.2264318181818182e+3
    1.231972602739726e+3 1.2347912087912089e+3 1.2374000000000001e+3
    1.2427820512820513e+3 1.2452352941176471e+3 1.2484875e+3
    1.2509305555555557e+3 1.2537692307692307e+3 1.2563018867924529e+3
    1.2581818181818182e+3 1.2600612244897959e+3 1.2615193798449613e+3
    1.2636842105263158e+3 1.2654901960784314e+3 1.268e+3 1.2700875000000001e+3
    1.2721927710843374e+3 1.2747321428571429e+3 1.2774318181818182e+3
    1.2796120689655172e+3 1.2810568181818182e+3 1.2825e+3 1.284050847457627e+3
    1.2856462585034014e+3 1.28683908045977e+3 1.2884285714285713e+3
    1.2895692307692307e+3 1.2909764705882353e+3 1.2920434782608695e+3
    1.2940886075949368e+3 1.2955820895522388e+3 1.2966818181818182e+3
    1.2977428571428572e+3 1.29879e+3 1.2997450980392157e+3 1.301295918367347e+3
    1.3027676767676767e+3 1.3037173913043478e+3 1.304659793814433e+3
    1.3058584905660377e+3 1.3072794117647059e+3 1.3085e+3 1.3096666666666667e+3
    1.3103039215686274e+3 1.3113432835820895e+3 1.3121126760563379e+3
    1.313648148148148e+3 1.3149719626168223e+3 1.315955223880597e+3
    1.3169417475728155e+3 1.3178115942028985e+3 1.3188805970149253e+3
    1.3202133333333334e+3 1.3211415094339623e+3 1.3223e+3 1.3233026315789473e+3
    1.3243963963963963e+3 1.3253619047619047e+3 1.3264036697247707e+3
    1.3269266055045871e+3 1.3275270270270271e+3 1.3282100840336134e+3
    1.3290256410256411e+3 1.3299036144578313e+3 1.3312051282051282e+3
    1.3319739130434782e+3 1.3326646706586826e+3 1.3335192307692307e+3
    1.3346216216216217e+3 1.3355241379310344e+3 1.3361538461538462e+3
    1.3365701754385964e+3 1.3372597402597403e+3 1.3382159999999999e+3
    1.3392530120481927e+3 1.3401756756756756e+3 1.3407469879518073e+3
    1.341856e+3 1.3424585987261146e+3 1.3429382716049383e+3
    1.3439772727272727e+3 1.3445569620253164e+3 1.3453129770992366e+3
    1.3460705882352941e+3 1.346868263473054e+3 1.3474705882352941e+3
    1.3480113636363637e+3 1.3488684210526317e+3 1.3496400000000001e+3
    1.3504015151515152e+3 1.350808e+3 1.351471264367816e+3
    1.3519310344827586e+3 1.3525296803652968e+3 1.3530687022900763e+3
    1.3536716417910447e+3 1.3544096385542168e+3 1.3551666666666667e+3
    1.3560708661417323e+3 1.3565185185185185e+3 1.3571285714285714e+3
    1.3578829787234042e+3 1.3582827586206897e+3 1.3588962962962962e+3
    1.3596206896551723e+3 1.3603541666666667e+3 1.3608709677419354e+3
    1.3615562913907286e+3 1.3621333333333334e+3 1.3626102941176471e+3
    1.3632173913043478e+3 1.364056338028169e+3 1.3646222222222223e+3
    1.3654305555555557e+3 1.3661649484536083e+3 1.3667884615384614e+3
    1.3676385542168675e+3 1.368195652173913e+3 1.3689100529100529e+3
    1.3692387096774194e+3 1.3700552763819096e+3 1.370724832214765e+3
    1.3718599999999999e+3 1.3725820895522388e+3 1.3734569536423842e+3
    1.3740259067357513e+3 1.3747225806451613e+3 1.3752191780821918e+3
    1.3759791666666667e+3 1.3768367346938776e+3 1.3776315789473683e+3
    1.3783018867924529e+3 1.3790484848484848e+3 1.3794451612903226e+3
    1.3805247524752476e+3 1.38114375e+3 1.382046875e+3 1.3827018633540372e+3
    1.3834672897196263e+3 1.3840254237288136e+3 1.3844901960784314e+3
    1.3853423423423424e+3 1.3862619047619048e+3 1.3872156862745098e+3
    1.3879433962264152e+3 1.3884308943089432e+3 1.3897719298245613e+3
    1.3907542372881355e+3 1.3916194690265486e+3 1.3927075471698113e+3
    1.3939257142857143e+3 1.3948125e+3 1.3957921348314608e+3
    1.3965169491525423e+3 1.3974918032786886e+3 1.3988070175438597e+3
    1.399408560311284e+3 1.4004925373134329e+3 1.4019718309859154e+3
    1.4028559322033898e+3 1.4046521739130435e+3 1.4066643356643356e+3
    1.4086060606060605e+3 1.409090909090909e+3 1.4110882352941176e+3
    1.4151343283582089e+3 1.4312e+3 1.4610434782608695e+3 1.467741935483871e+3
    1.4678461538461538e+3 1.4745655172413792e+3 1.4809595687331537e+3
    1.4836108108108108e+3 1.4859154929577464e+3 1.4862309058614564e+3
    1.4873082706766918e+3 1.4873308270676691e+3 1.4873308270676691e+3
    1.4873308270676691e+3 1.4873308270676691e+3 1.4873383458646617e+3
    1.4873533834586467e+3 1.4873533834586467e+3 1.4873533834586467e+3
    1.4881958041958042e+3 1.4887719298245613e+3 1.4889032258064517e+3
    1.4889032258064517e+3 1.4889032258064517e+3 1.4889032258064517e+3
    1.4889032258064517e+3 1.4889032258064517e+3 1.4889032258064517e+3
    1.4889032258064517e+3 1.4889032258064517e+3 1.4889032258064517e+3
    1.4889032258064517e+3 1.4889032258064517e+3 1.4889032258064517e+3
    1.4889032258064517e+3 1.4889032258064517e+3 1.4889032258064517e+3
    1.4889032258064517e+3 1.4889032258064517e+3 1.4889032258064517e+3
    1.4889032258064517e+3 1.4889032258064517e+3 1.4889032258064517e+3
    1.4889032258064517e+3 1.4889032258064517e+3 1.4889032258064517e+3
    1.4889032258064517e+3 1.4889032258064517e+3 1.4889032258064517e+3
    1.4889032258064517e+3 1.4889032258064517e+3 1.4889032258064517e+3
    1.4889032258064517e+3 1.4889032258064517e+3 1.4889032258064517e+3
    1.4889032258064517e+3 1.4889032258064517e+3 1.4889032258064517e+3
    1.4889032258064517e+3 1.4889032258064517e+3 1.4889032258064517e+3
    1.4889032258064517e+3 1.4889032258064517e+3 1.4889032258064517e+3
    1.4889032258064517e+3 1.4889032258064517e+3 1.4889032258064517e+3
    1.4889032258064517e+3 1.4889032258064517e+3 1.4889032258064517e+3
    1.4889032258064517e+3 1.4889032258064517e+3 1.4889032258064517e+3
    1.4889032258064517e+3 1.4889032258064517e+3 1.4889032258064517e+3
    1.4889032258064517e+3 1.4889032258064517e+3 1.4889032258064517e+3
    1.4889032258064517e+3 1.4889032258064517e+3 1.4889032258064517e+3
    1.4889032258064517e+3 1.4889032258064517e+3 1.4889032258064517e+3
    1.4889032258064517e+3 1.4889032258064517e+3 1.4889032258064517e+3
    1.4889032258064517e+3 1.4889032258064517e+3 1.4889032258064517e+3
    1.4889032258064517e+3 1.4889032258064517e+3 1.4889032258064517e+3
    1.4889032258064517e+3 1.4893678373382625e+3 1.4896441717791411e+3
    1.4902865761689291e+3 1.4910339622641509e+3 1.4912141882673943e+3
    1.4913924050632911e+3 1.4916847290640394e+3 1.4919058823529413e+3
    1.4919457627118645e+3 1.4922821158690176e+3 1.4924435946462715e+3
    1.4924717444717444e+3 1.4928243559718969e+3 1.4928396946564885e+3
    1.4929072164948454e+3 1.4929073724007562e+3 1.4929074626865672e+3
    1.4930389610389611e+3 1.4930919606709081e+3 1.4932549019607843e+3
    1.4932549019607843e+3 1.4932549019607843e+3 1.4932549019607843e+3
    1.4932549019607843e+3 1.4932549019607843e+3 1.4932549019607843e+3
    1.4932549019607843e+3 1.4932549019607843e+3 1.4932549019607843e+3
    1.4932549019607843e+3 1.4932549019607843e+3 1.4932549019607843e+3
    1.4932549019607843e+3 1.4932549019607843e+3 1.4932549019607843e+3
    1.4932549019607843e+3 1.4932549019607843e+3 1.4932549019607843e+3
    1.4932549019607843e+3 1.4932549019607843e+3 1.4932549019607843e+3
    1.4932549019607843e+3 1.4932549019607843e+3 1.4932549019607843e+3
    1.4932549019607843e+3 1.4932549019607843e+3 1.4932549019607843e+3
    1.4932549019607843e+3 1.4932549019607843e+3 1.4932549019607843e+3
    1.4932549019607843e+3 1.4932549019607843e+3 1.4932549019607843e+3
    1.4932549019607843e+3 1.4932549019607843e+3 1.4932549019607843e+3
    1.4932549019607843e+3 1.4932549019607843e+3 1.4932549019607843e+3
    1.4932549019607843e+3 1.4932549019607843e+3 1.4932549019607843e+3
    1.4932549019607843e+3 1.4932549019607843e+3 1.4932549019607843e+3
    1.4932549019607843e+3 1.4932549019607843e+3 1.4932549019607843e+3
    1.4932549019607843e+3 1.4932549019607843e+3 1.4932549019607843e+3
    1.4932549019607843e+3 1.4932549019607843e+3 1.4932549019607843e+3
    1.4932549019607843e+3 1.4932549019607843e+3 1.4932549019607843e+3
    1.4932549019607843e+3 1.4932549019607843e+3 1.4932549019607843e+3
    1.4932549019607843e+3 1.4932549019607843e+3 1.4932549019607843e+3
    1.4932549019607843e+3 1.4932549019607843e+3 1.4932549019607843e+3
    1.4932549019607843e+3 1.4932549019607843e+3 1.4932549019607843e+3
    1.4932549019607843e+3 1.4932549019607843e+3 1.4932549019607843e+3
    1.4932549019607843e+3 1.4932549019607843e+3 1.4932549019607843e+3
    1.4932549019607843e+3 1.4932549019607843e+3 1.4932829046898639e+3
    1.4932880143112702e+3 1.4933830104321908e+3 1.4933830104321908e+3
    1.4934389721627408e+3 1.4935745296671491e+3 1.4935753424657535e+3
    1.4936139476961396e+3 1.4936687116564417e+3 1.4937124324324325e+3
    1.4937362270450751e+3 1.4937691373025516e+3 1.493779679144385e+3
    1.4938467360454115e+3 1.4938492462311558e+3 1.493904404873477e+3
    1.493909947643979e+3 1.493909947643979e+3 1.4939304918032788e+3
    1.4939796359148411e+3 1.4939912663755458e+3 1.494004357298475e+3
    1.4940165593376264e+3 1.4940348221044662e+3 1.4940579374275783e+3
    1.4940579374275783e+3 1.4940763997906854e+3 1.4940828729281768e+3
    1.4941000820344545e+3 1.4941196581196582e+3 1.4941196581196582e+3
    1.4941435406698565e+3 1.4941547738693466e+3 1.4941602523659305e+3
    1.4941672834937083e+3 1.4941672834937083e+3 1.4941694915254238e+3
    1.4941968652037617e+3 1.4942085032032614e+3 1.4942225219150371e+3
    1.4942225219150371e+3 1.49422892635315e+3 1.4942420382165606e+3
    1.4942420382165606e+3 1.4942534031413613e+3 1.4942687306501548e+3
    1.49428079612695e+3 1.4942825484764544e+3 1.4942857142857142e+3
    1.4942875297855442e+3 1.4943079564968518e+3 1.4943140495867769e+3
    1.494314414866901e+3 1.4943266883016536e+3 1.4943370786516855e+3
    1.4943416711016498e+3 1.4943438530381536e+3 1.4943438530381536e+3
    1.4943548717948718e+3 1.494360655737705e+3 1.494360655737705e+3
    1.494360655737705e+3 1.494360655737705e+3 1.494360655737705e+3
    1.494360655737705e+3 1.494360655737705e+3 1.494360655737705e+3
    1.494360655737705e+3 1.494360655737705e+3 1.494360655737705e+3
    1.494360655737705e+3 1.494360655737705e+3 1.494360655737705e+3
    1.494360655737705e+3 1.494360655737705e+3 1.494360655737705e+3
    1.494360655737705e+3 1.494360655737705e+3 1.494360655737705e+3
    1.494360655737705e+3 1.494360655737705e+3 1.494360655737705e+3
    1.494360655737705e+3 1.494360655737705e+3 1.494360655737705e+3
    1.494360655737705e+3 1.494360655737705e+3 1.494360655737705e+3
    1.494360655737705e+3 1.494360655737705e+3 1.494360655737705e+3
    1.494360655737705e+3 1.494360655737705e+3 1.494360655737705e+3
    1.494360655737705e+3 1.494360655737705e+3 1.494360655737705e+3
    1.494360655737705e+3 1.494360655737705e+3 1.494360655737705e+3
    1.494360655737705e+3 1.494360655737705e+3 1.494360655737705e+3
    1.494360655737705e+3 1.494360655737705e+3 1.494360655737705e+3
    1.494360655737705e+3 1.494360655737705e+3 1.494360655737705e+3
    1.494360655737705e+3 1.494360655737705e+3 1.494360655737705e+3
    1.494360655737705e+3 1.494360655737705e+3 1.494360655737705e+3
    1.494360655737705e+3 1.494360655737705e+3 1.494360655737705e+3
    1.494360655737705e+3 1.494360655737705e+3 1.494360655737705e+3
    1.494360655737705e+3 1.494360655737705e+3 1.494360655737705e+3
    1.494360655737705e+3 1.494360655737705e+3 1.494360655737705e+3
    1.494360655737705e+3 1.494360655737705e+3 1.494360655737705e+3
    1.494360655737705e+3 1.4943693731594446e+3 1.4943698447893569e+3
    1.4943709597215316e+3 1.4943709597215316e+3 1.4943742613263296e+3
    1.4943742613263296e+3 1.4943913909924272e+3 1.4943929618768329e+3
    1.4943966402239851e+3 1.4943966402239851e+3 1.4944072507552869e+3
    1.4944072507552869e+3 1.4944112078758046e+3 1.4944136562127828e+3
    1.49441784989858e+3 1.4944193406593406e+3 1.4944193406593406e+3
    1.4944291381175622e+3 1.4944322897019993e+3 1.4944353665360941e+3
    1.4944353665360941e+3 1.4944395513086831e+3 1.4944395513086831e+3
    1.4944454388984509e+3 1.4944491555874954e+3 1.4944576604962583e+3
    1.4944596143824908e+3 1.4944603226868621e+3 1.4944615384615386e+3
    1.4944644939965694e+3 1.4944738955823293e+3 1.4944738955823293e+3
    1.4944739797828529e+3 1.4944739797828529e+3 1.4944785034460124e+3
    1.4944807411019015e+3 1.494484235574063e+3 1.4944887620406707e+3
    1.4944887620406707e+3 1.4944913494809689e+3 1.4944913494809689e+3
    1.4944960000000001e+3 1.4944981066122925e+3 1.4944993128721942e+3
    1.4945022146507665e+3 1.4945031712473574e+3 1.4945031712473574e+3
    1.4945088359046283e+3 1.4945140865524252e+3 1.4945145092924681e+3
    1.4945157667386609e+3 1.494517419644864e+3 1.4945238784370479e+3
    1.4945241958041959e+3 1.4945257893091591e+3 1.4945280752154611e+3
    1.4945304454434001e+3 1.4945335851092527e+3 1.4945335851092527e+3
    1.494536175322726e+3 1.4945395433789954e+3 1.4945396825396826e+3
    1.4945423287314404e+3 1.4945436215587438e+3 1.4945443645083933e+3
    1.4945457695639618e+3 1.4945457695639618e+3 1.4945468956406869e+3
    1.4945504910601865e+3 1.4945504910601865e+3 1.494552426035503e+3
    1.4945546592489568e+3 1.4945555145702692e+3 1.4945581281988789e+3
    1.4945595593298142e+3 1.4945629192379931e+3 1.4945652892561984e+3
    1.4945652892561984e+3 1.4945662211421629e+3 1.4945662731120517e+3
    1.4945663032008442e+3 1.4945706141487433e+3 1.4945706141487433e+3
    1.4945720174032517e+3 1.4945761344537816e+3 1.4945761344537816e+3
    1.4945778000501127e+3 1.4945783507446099e+3 1.4945796968305008e+3
    1.4945826771653544e+3 1.4945826771653544e+3 1.4945826771653544e+3
    1.4945842374616172e+3 1.49458432304038e+3 1.4945845258307058e+3
    1.4945851303508207e+3 1.4945851303508207e+3 1.4945895953757226e+3
    1.4945895953757226e+3 1.4945895953757226e+3 1.4945895953757226e+3
    1.4945895953757226e+3 1.4945895953757226e+3 1.4945895953757226e+3
    1.4945895953757226e+3 1.4945895953757226e+3 1.4945895953757226e+3
    1.4945895953757226e+3 1.4945899643082091e+3 1.4945908343125734e+3
    1.4945915980944133e+3 1.4945933930225378e+3 1.4945952684516221e+3
    1.4945953013278856e+3 1.4945967631638932e+3 1.4945968586387435e+3
    1.4946003580664412e+3 1.4946010086027884e+3 1.4946023456516928e+3
    1.4946029141321262e+3 1.4946041012377609e+3 1.4946069428891378e+3
    1.4946080502426491e+3 1.4946080980128493e+3 1.494609206660137e+3
    1.494609206660137e+3 1.4946115750915751e+3 1.4946125862429437e+3
    1.4946129753914988e+3 1.4946140512631384e+3 1.4946145804676753e+3
    1.4946149202242345e+3 1.4946149202242345e+3 1.4946166293682218e+3
    1.4946172939979654e+3 1.4946181407814925e+3 1.4946181407814925e+3
    1.4946194586686174e+3 1.494620055197792e+3 1.4946206530395541e+3
    1.4946221206259891e+3 1.4946226496339889e+3 1.4946257219326665e+3
    1.4946259895732767e+3 1.4946263144395998e+3 1.4946275584206285e+3
    1.4946296617519515e+3 1.4946303568869141e+3 1.4946303568869141e+3
    1.4946308979012151e+3 1.4946308979012151e+3 1.4946308979012151e+3
    1.4946308979012151e+3 1.4946308979012151e+3 1.4946308979012151e+3
    1.4946308979012151e+3 1.4946308979012151e+3 1.4946308979012151e+3
    1.4946316050607791e+3 1.4946332817555212e+3 1.4946332817555212e+3
    1.494634101097542e+3 1.494634101097542e+3 1.494634101097542e+3
    1.494634101097542e+3 1.494634101097542e+3 1.494634101097542e+3
    1.494634101097542e+3 1.494634101097542e+3 1.4946351568198395e+3
    1.4946354775828461e+3 1.4946365601729522e+3 1.4946374887892378e+3
    1.4946380420781452e+3 1.4946382280557834e+3 1.4946393571766189e+3
    1.4946408203399353e+3 1.494641210710128e+3 1.494641210710128e+3
    1.4946429715950474e+3 1.4946429715950474e+3 1.4946429715950474e+3
    1.4946429715950474e+3 1.4946429715950474e+3 1.4946429715950474e+3
    1.4946429715950474e+3 1.4946429715950474e+3 1.4946429715950474e+3
    1.4946442884055489e+3 1.4946455839168736e+3 1.4946455839168736e+3
    1.4946457053022723e+3 1.4946457053022723e+3 1.4946457053022723e+3
    1.4946457053022723e+3 1.4946457053022723e+3 1.4946459143968871e+3
    1.4946483377752841e+3 1.4946497038824305e+3 1.4946504997542193e+3
    1.494650874535188e+3 1.494650874535188e+3 1.494650874535188e+3
    1.494650874535188e+3 1.494650874535188e+3 1.494650874535188e+3
    1.494650874535188e+3 1.4946528497409327e+3 1.4946528497409327e+3
    1.4946528497409327e+3 1.4946533466533467e+3 1.4946535919846515e+3
    1.4946560047386347e+3 1.4946585330428468e+3 1.4946591390261115e+3
    1.4946607467204844e+3 1.4946614386970291e+3 1.4946640456064479e+3
    1.4946648685097775e+3 1.4946666666666667e+3 1.4946671776202338e+3
    1.4946701097482246e+3 1.4946701551111942e+3 1.4946729892394674e+3
    1.4946749226006191e+3 1.4946756901157614e+3 1.4946761404007389e+3
    1.4946779184247539e+3 1.4946779184247539e+3 1.4946793575252825e+3
    1.4946807280149685e+3 1.4946834573554665e+3 1.4946834573554665e+3
    1.4946872586872587e+3 1.4946872586872587e+3 1.4946872586872587e+3
    1.4946872586872587e+3 1.4946893862815884e+3 1.4946907929749866e+3
    1.49469122856738e+3 1.4946928471248248e+3 1.494694087403599e+3
    1.4946951364175563e+3 1.4946951364175563e+3 1.4946970439798126e+3
    1.4946971655892592e+3 1.4946971655892592e+3 1.4946987406254423e+3
    1.4947000481463649e+3 1.4947000481463649e+3 1.4947018701870188e+3
    1.4947027531497899e+3 1.4947052965142598e+3 1.4947052965142598e+3
    1.4947076923076922e+3 1.4947076923076922e+3 1.4947099530115336e+3
    1.4947102354637193e+3 1.4947120897382633e+3 1.4947127761767531e+3
    1.4947141124140719e+3 1.4947160299330444e+3 1.4947172538392051e+3
    1.4947172538392051e+3 1.4947172538392051e+3 1.4947172538392051e+3
    1.4947178502879078e+3 1.4947195806813927e+3 1.4947212276214834e+3
    1.4947212276214834e+3 1.4947227970032109e+3 1.4947247780468119e+3
    1.4947247780468119e+3 1.4947257240204428e+3 1.4947264150943397e+3
    1.4947264150943397e+3 1.4947279693486589e+3 1.4947279693486589e+3
    1.4947308533916848e+3 1.4947308533916848e+3 1.4947308533916848e+3
    1.4947334725121782e+3 1.4947334725121782e+3 1.494735861610113e+3
    1.494735861610113e+3 1.494738049713193e+3 1.494738049713193e+3
    1.494738049713193e+3 1.4947400611620794e+3 1.4947410071942445e+3
    1.4947410071942445e+3 1.4947419165196943e+3 1.4947419165196943e+3
    1.4947436332767402e+3 1.4947436332767402e+3 1.4947452264048009e+3
    1.4947467087941022e+3 1.4947480916030534e+3 1.4947480916030534e+3
    1.4947480916030534e+3 1.4947493845396357e+3 1.4947505960896519e+3
    1.4947505960896519e+3 1.49475173370319e+3 1.49475173370319e+3
    1.49475173370319e+3 1.4947528039479587e+3 1.4947528039479587e+3
    1.4947528039479587e+3 1.4947528039479587e+3 1.4947528039479587e+3
    1.4947538126361655e+3 1.4947547649301143e+3 1.4947547649301143e+3
    1.4947556654305727e+3 1.494756518251103e+3 1.4947573270808909e+3
    1.4947573270808909e+3 1.4947588257153475e+3 1.4947595212187159e+3
    1.4947595212187159e+3 1.4947601842012043e+3 1.4947614213197969e+3
    1.4947614213197969e+3 1.4947625526401036e+3 1.4947630827783064e+3
    1.4947635911773843e+3 1.4947645478961504e+3 1.4947645478961504e+3
    1.4947645478961504e+3 1.4947658495350804e+3 1.4947670136108886e+3
    1.4947680608365019e+3 1.4947690079652425e+3 1.4947690079652425e+3
    1.4947698686938493e+3 1.4947702702702702e+3 1.4947706543291474e+3
    1.4947713742875237e+3 1.4947713742875237e+3 1.4947720364741642e+3
    1.4947726475745178e+3 1.494773738469886e+3 1.4947742273441593e+3
    1.4947742273441593e+3 1.4947746835443038e+3 1.4947746835443038e+3
    1.4947751102400784e+3 1.4947755102040817e+3 1.4947758858720663e+3
    1.4947758858720663e+3 1.4947762393925859e+3 1.4947768873892871e+3
    1.4947771850636027e+3 1.4947774670395524e+3 1.4947777345270533e+3
    1.4947784604264546e+3 1.4947786798446875e+3 1.4947790893760539e+3
    1.4947796395826747e+3 1.4947806896551724e+3 1.4947878787878788e+3
    1.4947878787878788e+3 1.4947878787878788e+3 1.4947878787878788e+3
    1.4947878787878788e+3 1.4947878787878788e+3 1.4947878787878788e+3
    1.4947878787878788e+3 1.4947878787878788e+3 1.4947878787878788e+3
    1.4947878787878788e+3 1.4947878787878788e+3 1.4947878787878788e+3
    1.4947878787878788e+3 1.4947878787878788e+3 1.4947878787878788e+3
    1.4947878787878788e+3 1.4947878787878788e+3 1.4947878787878788e+3
    1.4947878787878788e+3 1.4947878787878788e+3 1.4947878787878788e+3
    1.4947878787878788e+3 1.4947878787878788e+3 1.4947878787878788e+3
    1.4947878787878788e+3 1.4947878787878788e+3 1.4947878787878788e+3
    1.4947878787878788e+3 1.4947878787878788e+3 1.4947878787878788e+3
    1.4947878787878788e+3 1.4947878787878788e+3 1.4947878787878788e+3
    1.4947878787878788e+3 1.4947878787878788e+3 1.4947878787878788e+3
    1.4947878787878788e+3 1.4947878787878788e+3 1.4947878787878788e+3
    1.4947878787878788e+3 1.4947878787878788e+3 1.4947878787878788e+3
    1.4947878787878788e+3 1.4947878787878788e+3 1.4947878787878788e+3
    1.4947878787878788e+3 1.4947878787878788e+3 1.4947878787878788e+3
    1.4947878787878788e+3 1.4947878787878788e+3 1.4947878787878788e+3
    1.4947878787878788e+3 1.4947878787878788e+3 1.4947878787878788e+3
    1.4947878787878788e+3 1.4947878787878788e+3 1.4947878787878788e+3
    1.4947878787878788e+3 1.4947878787878788e+3 1.4947878787878788e+3
    1.4947878787878788e+3 1.4947878787878788e+3 1.4947878787878788e+3
    1.4947878787878788e+3 1.4947878787878788e+3 1.4947878787878788e+3
    1.4947878787878788e+3 1.4947878787878788e+3 1.4947878787878788e+3
    1.4947878787878788e+3 1.4947878787878788e+3 1.4947878787878788e+3
    1.4947878787878788e+3 1.4947878787878788e+3 1.4947878787878788e+3
    1.4947878787878788e+3 1.4947878787878788e+3 1.4947878787878788e+3
    1.4947878787878788e+3 1.4947878787878788e+3 1.4947878787878788e+3
    1.4947878787878788e+3 1.4947878787878788e+3 1.4947878787878788e+3
    1.4947878787878788e+3 1.4947878787878788e+3 1.4947878787878788e+3
    1.4947878787878788e+3 1.4947878787878788e+3 1.4947878787878788e+3
    1.4947878787878788e+3 1.4947878787878788e+3 1.4947878787878788e+3
    1.4947878787878788e+3 1.4947878787878788e+3 1.4947878787878788e+3
    1.4947878787878788e+3 1.4947878787878788e+3 1.4947878787878788e+3
    1.4947878787878788e+3 1.4947878787878788e+3 1.4947878787878788e+3
    1.4947878787878788e+3 1.4947878787878788e+3 1.4947878787878788e+3
    1.4947878787878788e+3 1.4947878787878788e+3 1.4947878787878788e+3
    1.4947878787878788e+3 1.4947878787878788e+3 1.4947878787878788e+3
    1.4947878787878788e+3 1.4947878787878788e+3 1.4947878787878788e+3
    1.4947878787878788e+3 1.4947878787878788e+3 1.4947878787878788e+3
    1.4947878787878788e+3 1.4947878787878788e+3 1.4947878787878788e+3
    1.4947878787878788e+3 1.4947878787878788e+3 1.4947878787878788e+3
    1.4947878787878788e+3 1.4947878787878788e+3 1.4947878787878788e+3
    1.4947878787878788e+3 1.4947878787878788e+3 1.4947878787878788e+3
    1.4947878787878788e+3 1.4947878787878788e+3 1.4947878787878788e+3
    1.4947878787878788e+3 1.4947878787878788e+3 1.4947878787878788e+3
    1.4947878787878788e+3 1.4947878787878788e+3 1.4947878787878788e+3
    1.4947878787878788e+3 1.4947878787878788e+3 1.4947878787878788e+3
    1.4947878787878788e+3 1.4947878787878788e+3 1.4947878787878788e+3
    1.4947878787878788e+3 1.4947878787878788e+3 1.4947878787878788e+3
    1.4947878787878788e+3 1.4947878787878788e+3 1.4947878787878788e+3
    1.4947878787878788e+3 1.4947878787878788e+3 1.4947878787878788e+3
    1.4947878787878788e+3 1.4947878787878788e+3 1.4947878787878788e+3
    1.4947878787878788e+3 1.4947878787878788e+3 1.4947878787878788e+3
    1.4947878787878788e+3 1.4947878787878788e+3 1.4947878787878788e+3
    1.4947878787878788e+3 1.4947878787878788e+3 1.4947878787878788e+3
    1.4947878787878788e+3 1.4947878787878788e+3 1.4947878787878788e+3
    1.4947878787878788e+3 1.4947878787878788e+3 1.4947878787878788e+3
    1.4948085782366959e+3 1.4948085782366959e+3 1.4948188664288546e+3
    1.4948235294117646e+3 1.4948235294117646e+3 1.4948291139240507e+3
    1.4948411724608043e+3 1.4948494877856581e+3 1.494858695652174e+3
    1.494858695652174e+3 1.494858695652174e+3 1.494858695652174e+3
    1.494858695652174e+3 1.4965940594059407e+3 1.5e+3 1.5e+3), winSize: 6.0e+1,
    binSize: 1.0e+1, tStart: 0.0, tEnd: 7.211e+3, binStart: 7.211e+3,
    maxBLsize: 1.0e+4 >
Bye.
