		     \||||||||||||||||||/
		   --- Welcome to Maude ---
		     /||||||||||||||||||\
	     Maude 3.5 built: Sep 25 2024 12:00:00
	     Copyright 1997-2024 SRI International
		   Sat Aug 15 19:03:30 2026
Warning: "smc_cp3-refactored.maude", line 140 (mod SMC_CP3): multiple distinct
    parses for statement
eq sumDiff (F F' FL) = (F' - F) + sumDiff (F' FL) .
Warning: "smc_cp3-refactored.maude", line 145 (mod SMC_CP3): multiple distinct
    parses for statement
eq avgDiff (FL) = if (len (FL) == 1) then 0.0 else sumDiff (FL) / float (len (
    FL) - 1) fi .
Warning: "smc_cp3-refactored.maude", line 150 (mod SMC_CP3): multiple distinct
    parses for statement
eq sumSquaredDiff (F FL, F') = (F - F') * (F - F') + sumSquaredDiff (FL, F') .
Warning: "smc_cp3-refactored.maude", line 225 (mod SMC_CP3): multiple distinct
    parses for statement
eq compLatency (Tsent, Trcvd) = Trcvd - Tsent .
Warning: "smc_cp3-refactored.maude", line 291 (mod SMC_CP3): multiple distinct
    parses for statement
eq getGoodput (< ADDR : IrcMonitor | msgRcvd: ircMTL, attrs >, Tstart, Tend) =
    collectGoodput (filterWindow (ircMTL, Tstart, Tend), Tstart, Tend) * 8.0 /
    (Tend - Tstart) .
Warning: "smc_cp3-refactored.maude", line 381 (mod SMC_CP3): multiple distinct
    parses for statement
eq normMED (NL, NL') = if max (lenMsgIdList (NL), lenMsgIdList (NL')) == 0 then
    1.0 else 1.0 - (float (med (NL, NL')) / float (max (lenMsgIdList (NL),
    lenMsgIdList (NL')))) fi .
Warning: "smc_cp3-refactored.maude", line 500 (mod SMC_CP3): multiple distinct
    parses for statement
eq getMTBF (< ADDR : IrcMonitor | msgSent: ircMTL, msgRcvd: ircMTL', attrs >,
    Tn, Tstart, Tend) = getMTBFAux (filterWindow (ircMTL, Tstart - Tn, Tend +
    Tn), filterWindow (ircMTL', Tstart - Tn, Tend + Tn), Tn, Tstart, Tend) .
Warning: "smc_cp3-refactored.maude", line 560 (mod SMC_CP3): multiple distinct
    parses for statement
eq KsDistanceX (F FL, nil, I, J, invN, invN', D) = max2 (D, abs ((float (I) *
    invN) - 1.0)) .
Warning: "smc_cp3-refactored.maude", line 561 (mod SMC_CP3): multiple distinct
    parses for statement
eq KsDistanceX (nil, F' FL', I, J, invN, invN', D) = max2 (D, abs (1.0 - (float
    (J) * invN'))) .
Warning: "smc_cp3-refactored.maude", line 563 (mod SMC_CP3): multiple distinct
    parses for statement
ceq KsDistanceX (F FL, F' FL', I, J, invN, invN', D) = KsDistanceX (FL1, FL2, I
    + C1, J + C2, invN, invN', max2 (D, abs ((float (I + C1) * invN) - (float (
    J + C2) * invN')))) if F == F' /\ prefix (C1, FL1) := skipEqPrefix (F, F
    FL) /\ prefix (C2, FL2) := skipEqPrefix (F', F' FL') .
Warning: "smc_cp3-refactored.maude", line 569 (mod SMC_CP3): multiple distinct
    parses for statement
ceq KsDistanceX (F FL, F' FL', I, J, invN, invN', D) = KsDistanceX (FL, F' FL',
    I + 1, J, invN, invN', max2 (D, abs ((float (I + 1) * invN) - (float (J) *
    invN')))) if F < F' .
Warning: "smc_cp3-refactored.maude", line 573 (mod SMC_CP3): multiple distinct
    parses for statement
ceq KsDistanceX (F FL, F' FL', I, J, invN, invN', D) = KsDistanceX (F FL, FL',
    I, J + 1, invN, invN', max2 (D, abs ((float (I) * invN) - (float (J + 1) *
    invN')))) if F > F' .
Warning: "smc_cp3-refactored.maude", line 583 (mod SMC_CP3): multiple distinct
    parses for statement
eq KsStatisticZ (FL, FL', K) = KsDistance (FL, FL') - K .
Warning: "smc_cp3-refactored.maude", line 679 (mod SMC_CP3): multiple distinct
    parses for statement
eq compObsFeatureX (vp, dnsQueryRate, Fid, TOL, Tstart, Tend) = float (
    countDNSQuery (vp, Fid, TOL, Tstart, Tend)) / (Tend - Tstart) .
Warning: "smc_cp3-refactored.maude", line 693 (mod SMC_CP3): multiple distinct
    parses for statement
eq compObsFeatureX (vp, tcpUpRate, Fid, TOL, Tstart, Tend) = float (
    sizeTCPUpload (vp, Fid, TOL, Tstart, Tend)) / (Tend - Tstart) .
Warning: "smc_cp3-refactored.maude", line 695 (mod SMC_CP3): multiple distinct
    parses for statement
eq compObsFeatureX (vp, tcpDownRate, Fid, TOL, Tstart, Tend) = float (
    sizeTCPDownload (vp, Fid, TOL, Tstart, Tend)) / (Tend - Tstart) .
Warning: "smc_cp3-refactored.maude", line 703 (mod SMC_CP3): multiple distinct
    parses for statement
eq compObsFeatureX (vp, tcpOutPktRate, Fid, TOL, Tstart, Tend) = float (
    countTCPOutPkt (vp, Fid, TOL, Tstart, Tend)) / (Tend - Tstart) .
Warning: "smc_cp3-refactored.maude", line 705 (mod SMC_CP3): multiple distinct
    parses for statement
eq compObsFeatureX (vp, tcpInPktRate, Fid, TOL, Tstart, Tend) = float (
    countTCPInPkt (vp, Fid, TOL, Tstart, Tend)) / (Tend - Tstart) .
Warning: "smc_cp3-refactored.maude", line 724 (mod SMC_CP3): multiple distinct
    parses for statement
eq compObsFeatureX (vp, dnsQueryRate, TOL, Tstart, Tend) = float (countDNSQuery
    (vp, TOL, Tstart, Tend)) / (Tend - Tstart) .
Warning: "smc_cp3-refactored.maude", line 738 (mod SMC_CP3): multiple distinct
    parses for statement
eq compObsFeatureX (vp, tcpUpRate, TOL, Tstart, Tend) = float (sizeTCPUpload (
    vp, TOL, Tstart, Tend)) / (Tend - Tstart) .
Warning: "smc_cp3-refactored.maude", line 740 (mod SMC_CP3): multiple distinct
    parses for statement
eq compObsFeatureX (vp, tcpDownRate, TOL, Tstart, Tend) = float (
    sizeTCPDownload (vp, TOL, Tstart, Tend)) / (Tend - Tstart) .
Warning: "smc_cp3-refactored.maude", line 748 (mod SMC_CP3): multiple distinct
    parses for statement
eq compObsFeatureX (vp, tcpOutPktRate, TOL, Tstart, Tend) = float (
    countTCPOutPkt (vp, TOL, Tstart, Tend)) / (Tend - Tstart) .
Warning: "smc_cp3-refactored.maude", line 750 (mod SMC_CP3): multiple distinct
    parses for statement
eq compObsFeatureX (vp, tcpInPktRate, TOL, Tstart, Tend) = float (countTCPInPkt
    (vp, TOL, Tstart, Tend)) / (Tend - Tstart) .
Warning: "smc_cp3-refactored.maude", line 911 (mod SMC_CP3): multiple distinct
    parses for statement
ceq expectedKObsFeature (vp, obsF, baselineCDF, binECDFs, T, Tend, winSize,
    binSize, Ksum, N) = if KD >= 0.0 then expectedKObsFeature (vp, obsF,
    baselineCDF, binECDFs, T + binSize, Tend, winSize, binSize, Ksum + KD, N +
    1) else expectedKObsFeature (vp, obsF, baselineCDF, binECDFs, T + binSize,
    Tend, winSize, binSize, Ksum, N) fi if (T + winSize) <= (Tend + Tesp) /\
    ECDF := sort (getECDFObsFeatureRange (binECDFs, floor (rat (T / binSize)),
    (floor (rat (T / binSize)) + floor (rat (winSize / binSize))) - 1)) /\ KD
    := KsDistance (baselineCDF, ECDF) .
Warning: "smc_cp3-refactored.maude", line 1079 (mod SMC_CP3): multiple distinct
    parses for statement
eq getCUSUMZt (< ADDR : Adversary | gt: (bl (vp, obsF, K, Zt) :; blList), attrs
    >, vp, obsF, Tstart, Tend, winSize, binSize) = cusumRange (Zt, floor (rat (
    Tstart / binSize)), floor (rat ((Tend - winSize) / binSize))) .
==========================================
rewrite in HCS-TEST-BASELINE-TCPPKTSIZE-CL5 : run((initState(counter) [
    tgenDelay, to baseLineAddr from baseLineAddr : initBase, 0]) 
{0.0 |
nil}, slimit) .
rewrites: 74321376578 in 7761699ms cpu (7773362ms real) (9575400
    rewrites/second)
result Actor: 
< baseLineAddr : BaseLineMonitor | viewPts: cl[5], features: tcpPktSize,
    baseLine: bl(cl[5], tcpPktSize, 9.5605205504203525e-2, 5.2e+1 5.2e+1 5.2e+1
    5.2e+1 5.2e+1 5.2e+1 5.2e+1 5.2e+1 5.2e+1 5.2e+1 5.2e+1 5.2e+1 5.2e+1
    5.2e+1 5.2e+1 5.8e+1 5.8399999999999999e+1 5.8399999999999999e+1 5.85e+1
    5.85e+1 5.85e+1 5.8545454545454547e+1 5.8571428571428569e+1
    5.8571428571428569e+1 5.8571428571428569e+1 5.8600000000000001e+1
    5.8666666666666664e+1 5.8666666666666664e+1 5.8666666666666664e+1
    5.8666666666666664e+1 5.8666666666666664e+1 5.8666666666666664e+1
    5.8666666666666664e+1 5.8666666666666664e+1 5.8666666666666664e+1
    5.8666666666666664e+1 5.8666666666666664e+1 5.8666666666666664e+1
    5.8666666666666664e+1 5.8666666666666664e+1 5.8666666666666664e+1
    5.8666666666666664e+1 5.8666666666666664e+1 5.8666666666666664e+1
    5.8666666666666664e+1 5.8666666666666664e+1 5.8666666666666664e+1
    5.8666666666666664e+1 5.8666666666666664e+1 5.8666666666666664e+1
    5.8666666666666664e+1 5.8666666666666664e+1 5.8666666666666664e+1
    5.8666666666666664e+1 5.8666666666666664e+1 5.8666666666666664e+1
    5.8666666666666664e+1 5.8666666666666664e+1 5.8666666666666664e+1
    5.8666666666666664e+1 5.8666666666666664e+1 5.8666666666666664e+1
    5.8666666666666664e+1 5.8666666666666664e+1 5.8666666666666664e+1
    5.8666666666666664e+1 5.8666666666666664e+1 5.8666666666666664e+1
    5.8666666666666664e+1 5.8666666666666664e+1 5.8666666666666664e+1
    5.8666666666666664e+1 5.8666666666666664e+1 5.8666666666666664e+1
    5.8666666666666664e+1 5.8666666666666664e+1 5.8666666666666664e+1
    5.8666666666666664e+1 5.8666666666666664e+1 5.8666666666666664e+1
    5.8666666666666664e+1 5.8666666666666664e+1 5.8666666666666664e+1
    5.8666666666666664e+1 5.8666666666666664e+1 5.8666666666666664e+1
    5.8666666666666664e+1 5.8666666666666664e+1 5.8666666666666664e+1
    5.8666666666666664e+1 5.8666666666666664e+1 5.8666666666666664e+1
    5.8666666666666664e+1 5.8666666666666664e+1 5.8666666666666664e+1
    5.8666666666666664e+1 5.8666666666666664e+1 5.8666666666666664e+1
    5.8666666666666664e+1 5.8666666666666664e+1 5.8666666666666664e+1
    5.8666666666666664e+1 5.8666666666666664e+1 5.8666666666666664e+1
    5.8666666666666664e+1 5.8666666666666664e+1 5.8666666666666664e+1
    5.8666666666666664e+1 5.8666666666666664e+1 5.8666666666666664e+1
    5.8666666666666664e+1 5.8666666666666664e+1 5.8666666666666664e+1
    5.8666666666666664e+1 5.8666666666666664e+1 5.8666666666666664e+1
    5.8666666666666664e+1 5.8666666666666664e+1 5.8666666666666664e+1
    5.8666666666666664e+1 5.8666666666666664e+1 5.8666666666666664e+1
    5.8666666666666664e+1 5.8666666666666664e+1 5.8666666666666664e+1
    5.8666666666666664e+1 5.8666666666666664e+1 5.8666666666666664e+1
    5.8666666666666664e+1 5.8666666666666664e+1 5.8666666666666664e+1
    5.8666666666666664e+1 5.8666666666666664e+1 5.8666666666666664e+1
    5.8666666666666664e+1 5.8666666666666664e+1 5.8666666666666664e+1
    5.8666666666666664e+1 5.8666666666666664e+1 5.8666666666666664e+1
    5.8666666666666664e+1 5.8666666666666664e+1 5.8666666666666664e+1
    5.8666666666666664e+1 5.8666666666666664e+1 5.8666666666666664e+1
    5.8666666666666664e+1 5.8666666666666664e+1 5.8666666666666664e+1
    5.8666666666666664e+1 5.8666666666666664e+1 5.8666666666666664e+1
    5.8666666666666664e+1 5.8666666666666664e+1 5.8666666666666664e+1
    5.8666666666666664e+1 5.8666666666666664e+1 5.8666666666666664e+1
    5.8666666666666664e+1 5.8666666666666664e+1 5.8666666666666664e+1
    5.8666666666666664e+1 5.8666666666666664e+1 5.8666666666666664e+1
    5.8666666666666664e+1 5.8666666666666664e+1 5.8666666666666664e+1
    5.8666666666666664e+1 5.8666666666666664e+1 5.8666666666666664e+1
    5.8666666666666664e+1 5.8666666666666664e+1 5.8666666666666664e+1
    5.8666666666666664e+1 5.8666666666666664e+1 5.8666666666666664e+1
    5.8666666666666664e+1 5.8666666666666664e+1 5.8666666666666664e+1
    5.8666666666666664e+1 5.8666666666666664e+1 5.8666666666666664e+1
    5.8666666666666664e+1 5.8666666666666664e+1 5.8666666666666664e+1
    5.8666666666666664e+1 5.8666666666666664e+1 5.8666666666666664e+1
    5.8666666666666664e+1 5.8666666666666664e+1 5.8666666666666664e+1
    5.8666666666666664e+1 5.8666666666666664e+1 5.8666666666666664e+1
    5.8666666666666664e+1 5.8666666666666664e+1 5.8666666666666664e+1
    5.8666666666666664e+1 5.8666666666666664e+1 5.8666666666666664e+1
    5.8666666666666664e+1 5.8666666666666664e+1 5.8666666666666664e+1
    5.8666666666666664e+1 5.8666666666666664e+1 5.8666666666666664e+1
    5.8666666666666664e+1 5.8666666666666664e+1 5.8666666666666664e+1
    5.8666666666666664e+1 5.8666666666666664e+1 5.8666666666666664e+1
    5.8666666666666664e+1 5.8666666666666664e+1 5.8666666666666664e+1
    5.8666666666666664e+1 5.8666666666666664e+1 5.8666666666666664e+1
    5.8666666666666664e+1 5.8666666666666664e+1 5.8666666666666664e+1
    5.8666666666666664e+1 5.8666666666666664e+1 5.8666666666666664e+1
    5.8666666666666664e+1 5.8666666666666664e+1 5.8666666666666664e+1
    5.8666666666666664e+1 5.8666666666666664e+1 5.8666666666666664e+1
    5.8666666666666664e+1 5.8666666666666664e+1 5.8666666666666664e+1
    5.8666666666666664e+1 5.8666666666666664e+1 5.8666666666666664e+1
    5.8666666666666664e+1 5.8666666666666664e+1 5.8666666666666664e+1
    5.8666666666666664e+1 5.8666666666666664e+1 5.8666666666666664e+1
    5.8666666666666664e+1 5.8666666666666664e+1 5.8666666666666664e+1
    5.8666666666666664e+1 5.8666666666666664e+1 5.8666666666666664e+1
    5.8666666666666664e+1 5.8666666666666664e+1 5.8666666666666664e+1
    5.8666666666666664e+1 5.8666666666666664e+1 5.8666666666666664e+1
    5.8666666666666664e+1 5.8666666666666664e+1 5.8666666666666664e+1
    5.8666666666666664e+1 5.8666666666666664e+1 5.8666666666666664e+1
    5.8666666666666664e+1 5.8666666666666664e+1 5.8666666666666664e+1
    5.8666666666666664e+1 5.8666666666666664e+1 5.8666666666666664e+1
    5.8666666666666664e+1 5.8666666666666664e+1 5.8666666666666664e+1
    5.8666666666666664e+1 5.8666666666666664e+1 5.8666666666666664e+1
    5.8666666666666664e+1 5.8666666666666664e+1 5.8666666666666664e+1
    5.8666666666666664e+1 5.8666666666666664e+1 5.8666666666666664e+1
    5.8666666666666664e+1 5.8666666666666664e+1 5.8666666666666664e+1
    5.8666666666666664e+1 5.8666666666666664e+1 5.8666666666666664e+1
    5.8666666666666664e+1 5.8666666666666664e+1 5.8666666666666664e+1
    5.8666666666666664e+1 5.8666666666666664e+1 5.8666666666666664e+1
    5.8666666666666664e+1 5.8666666666666664e+1 5.8666666666666664e+1
    5.8666666666666664e+1 5.8666666666666664e+1 5.8666666666666664e+1
    5.8666666666666664e+1 5.8666666666666664e+1 5.8666666666666664e+1
    5.8666666666666664e+1 5.8666666666666664e+1 5.8666666666666664e+1
    5.8666666666666664e+1 5.8666666666666664e+1 5.8666666666666664e+1
    5.8666666666666664e+1 5.8666666666666664e+1 5.8666666666666664e+1
    5.8666666666666664e+1 5.8666666666666664e+1 5.8666666666666664e+1
    5.8666666666666664e+1 5.8666666666666664e+1 5.8666666666666664e+1
    5.8666666666666664e+1 5.8666666666666664e+1 5.8666666666666664e+1
    5.8666666666666664e+1 5.8666666666666664e+1 5.8666666666666664e+1
    5.8666666666666664e+1 5.8666666666666664e+1 5.8666666666666664e+1
    5.8666666666666664e+1 5.8666666666666664e+1 5.8666666666666664e+1
    5.8666666666666664e+1 5.8666666666666664e+1 5.8666666666666664e+1
    5.8666666666666664e+1 5.8666666666666664e+1 5.8666666666666664e+1
    5.8666666666666664e+1 5.8666666666666664e+1 5.8666666666666664e+1
    5.8666666666666664e+1 5.8666666666666664e+1 5.8666666666666664e+1
    5.8666666666666664e+1 5.8666666666666664e+1 5.8666666666666664e+1
    5.8666666666666664e+1 5.8666666666666664e+1 5.8666666666666664e+1
    5.8666666666666664e+1 5.8666666666666664e+1 5.8666666666666664e+1
    5.8666666666666664e+1 5.8666666666666664e+1 5.8666666666666664e+1
    5.8666666666666664e+1 5.8666666666666664e+1 5.8666666666666664e+1
    5.8666666666666664e+1 5.8666666666666664e+1 5.8666666666666664e+1
    5.8666666666666664e+1 5.8666666666666664e+1 5.8666666666666664e+1
    5.8666666666666664e+1 5.8666666666666664e+1 5.8666666666666664e+1
    5.8666666666666664e+1 5.8666666666666664e+1 5.8666666666666664e+1
    5.8666666666666664e+1 5.8666666666666664e+1 5.8666666666666664e+1
    5.8666666666666664e+1 5.8666666666666664e+1 5.8666666666666664e+1
    5.8666666666666664e+1 5.8666666666666664e+1 5.8666666666666664e+1
    5.8666666666666664e+1 5.8666666666666664e+1 5.8666666666666664e+1
    5.8666666666666664e+1 5.8666666666666664e+1 5.8666666666666664e+1
    5.8666666666666664e+1 5.8666666666666664e+1 5.8666666666666664e+1
    5.8666666666666664e+1 5.8666666666666664e+1 5.8666666666666664e+1
    5.8666666666666664e+1 5.8666666666666664e+1 5.8666666666666664e+1
    5.8666666666666664e+1 5.8666666666666664e+1 5.8666666666666664e+1
    5.8666666666666664e+1 5.8666666666666664e+1 5.8666666666666664e+1
    5.8666666666666664e+1 5.8666666666666664e+1 5.8666666666666664e+1
    5.8666666666666664e+1 5.8666666666666664e+1 5.8666666666666664e+1
    5.8666666666666664e+1 5.8666666666666664e+1 5.8666666666666664e+1
    5.8666666666666664e+1 5.8666666666666664e+1 5.8666666666666664e+1
    5.8666666666666664e+1 5.8666666666666664e+1 5.8666666666666664e+1
    5.8666666666666664e+1 5.8666666666666664e+1 5.8666666666666664e+1
    5.8666666666666664e+1 5.8666666666666664e+1 5.8666666666666664e+1
    5.8666666666666664e+1 5.8666666666666664e+1 5.8666666666666664e+1
    5.8666666666666664e+1 5.8666666666666664e+1 5.8666666666666664e+1
    5.8666666666666664e+1 5.8666666666666664e+1 5.8666666666666664e+1
    5.8666666666666664e+1 5.8666666666666664e+1 5.8666666666666664e+1
    5.8666666666666664e+1 5.8666666666666664e+1 5.8666666666666664e+1
    5.8666666666666664e+1 5.8666666666666664e+1 5.8666666666666664e+1
    5.8666666666666664e+1 5.8666666666666664e+1 5.8666666666666664e+1
    5.8666666666666664e+1 5.8666666666666664e+1 5.8666666666666664e+1
    5.8666666666666664e+1 5.8666666666666664e+1 5.8666666666666664e+1
    5.8666666666666664e+1 5.8666666666666664e+1 5.8666666666666664e+1
    5.8666666666666664e+1 5.8666666666666664e+1 5.8666666666666664e+1
    5.8666666666666664e+1 5.8666666666666664e+1 5.8666666666666664e+1
    5.8666666666666664e+1 5.8666666666666664e+1 5.8666666666666664e+1
    5.8666666666666664e+1 5.8666666666666664e+1 5.8666666666666664e+1
    5.8666666666666664e+1 5.8666666666666664e+1 5.8666666666666664e+1
    5.8666666666666664e+1 5.8666666666666664e+1 5.8666666666666664e+1
    5.8666666666666664e+1 5.8666666666666664e+1 5.8666666666666664e+1
    5.8666666666666664e+1 5.8666666666666664e+1 5.8666666666666664e+1
    5.8666666666666664e+1 5.8727272727272727e+1 5.875e+1 5.875e+1 5.875e+1
    5.8799999999999997e+1 5.8857142857142854e+1 5.9e+1 5.9e+1
    5.9333333333333336e+1 5.9399999999999999e+1 5.95e+1 5.9555555555555557e+1
    5.9555555555555557e+1 5.9555555555555557e+1 5.9555555555555557e+1
    5.9666666666666664e+1 5.975e+1 5.9785714285714285e+1 5.9785714285714285e+1
    5.9785714285714285e+1 5.9857142857142854e+1 5.9857142857142854e+1 5.9875e+1
    5.9916666666666664e+1 5.992307692307692e+1 6.0e+1 6.0e+1 6.0e+1 6.0e+1
    6.0e+1 6.0e+1 6.0e+1 6.0e+1 6.0e+1 6.0e+1 6.0e+1 6.0e+1 6.0e+1
    6.0090909090909093e+1 6.0090909090909093e+1 6.0090909090909093e+1
    6.0090909090909093e+1 6.0090909090909093e+1 6.0090909090909093e+1
    6.0090909090909093e+1 6.0090909090909093e+1 6.0090909090909093e+1
    6.0090909090909093e+1 6.0090909090909093e+1 6.0090909090909093e+1
    6.0090909090909093e+1 6.0090909090909093e+1 6.0090909090909093e+1
    6.0090909090909093e+1 6.0090909090909093e+1 6.0090909090909093e+1
    6.0090909090909093e+1 6.0090909090909093e+1 6.0090909090909093e+1
    6.0090909090909093e+1 6.0090909090909093e+1 6.0090909090909093e+1
    6.0090909090909093e+1 6.0090909090909093e+1 6.0090909090909093e+1
    6.0090909090909093e+1 6.0090909090909093e+1 6.0090909090909093e+1
    6.0090909090909093e+1 6.0090909090909093e+1 6.0090909090909093e+1
    6.0090909090909093e+1 6.0090909090909093e+1 6.0090909090909093e+1
    6.0090909090909093e+1 6.0090909090909093e+1 6.0090909090909093e+1
    6.0090909090909093e+1 6.0090909090909093e+1 6.0090909090909093e+1
    6.0090909090909093e+1 6.0090909090909093e+1 6.0090909090909093e+1
    6.0090909090909093e+1 6.0090909090909093e+1 6.0090909090909093e+1
    6.0090909090909093e+1 6.0090909090909093e+1 6.0090909090909093e+1
    6.0090909090909093e+1 6.0090909090909093e+1 6.0090909090909093e+1
    6.0090909090909093e+1 6.0090909090909093e+1 6.0090909090909093e+1
    6.0090909090909093e+1 6.0090909090909093e+1 6.0090909090909093e+1
    6.0090909090909093e+1 6.0090909090909093e+1 6.0090909090909093e+1
    6.0090909090909093e+1 6.0090909090909093e+1 6.0090909090909093e+1
    6.0090909090909093e+1 6.0090909090909093e+1 6.0090909090909093e+1
    6.0090909090909093e+1 6.0090909090909093e+1 6.0090909090909093e+1
    6.0090909090909093e+1 6.0100000000000001e+1 6.0100000000000001e+1
    6.0166666666666664e+1 6.0214285714285715e+1 6.0299999999999997e+1
    6.0333333333333336e+1 6.0333333333333336e+1 6.0444444444444443e+1
    6.0444444444444443e+1 6.0444444444444443e+1 6.0444444444444443e+1 6.05e+1
    6.0555555555555557e+1 6.0600000000000001e+1 6.0625e+1 6.0625e+1 6.0625e+1
    6.0625e+1 6.0625e+1 6.0625e+1 6.0625e+1 6.0625e+1 6.0625e+1 6.0625e+1
    6.0625e+1 6.0625e+1 6.0625e+1 6.0625e+1 6.0625e+1 6.0625e+1 6.0625e+1
    6.0625e+1 6.0625e+1 6.0625e+1 6.0625e+1 6.0625e+1 6.0625e+1 6.0625e+1
    6.0625e+1 6.0625e+1 6.0625e+1 6.0625e+1 6.0625e+1 6.0625e+1 6.0625e+1
    6.0625e+1 6.0625e+1 6.0625e+1 6.0625e+1 6.0625e+1 6.0625e+1 6.0625e+1
    6.0625e+1 6.0625e+1 6.0625e+1 6.0625e+1 6.0625e+1 6.0625e+1 6.0625e+1
    6.0625e+1 6.0625e+1 6.0625e+1 6.0625e+1 6.0625e+1 6.0625e+1 6.0625e+1
    6.0625e+1 6.0625e+1 6.0625e+1 6.0625e+1 6.0625e+1 6.0625e+1 6.0625e+1
    6.0625e+1 6.0625e+1 6.0625e+1 6.0625e+1 6.0625e+1 6.0625e+1 6.0625e+1
    6.0625e+1 6.0625e+1 6.0625e+1 6.0625e+1 6.0625e+1 6.0625e+1 6.0625e+1
    6.0625e+1 6.0625e+1 6.0625e+1 6.0625e+1 6.0625e+1 6.0625e+1 6.0625e+1
    6.0625e+1 6.0625e+1 6.0625e+1 6.0625e+1 6.0625e+1 6.0625e+1 6.0625e+1
    6.0625e+1 6.0625e+1 6.0625e+1 6.0625e+1 6.0625e+1 6.0625e+1 6.0625e+1
    6.0625e+1 6.0625e+1 6.0625e+1 6.0625e+1 6.0625e+1 6.0625e+1 6.0625e+1
    6.0625e+1 6.0625e+1 6.0625e+1 6.0625e+1 6.0625e+1 6.0625e+1 6.0625e+1
    6.0625e+1 6.0625e+1 6.0625e+1 6.0625e+1 6.0625e+1 6.0625e+1 6.0625e+1
    6.0625e+1 6.0625e+1 6.0625e+1 6.0625e+1 6.0625e+1 6.0666666666666664e+1
    6.0727272727272727e+1 6.0727272727272727e+1 6.0727272727272727e+1
    6.0799999999999997e+1 6.0857142857142854e+1 6.1e+1 6.1e+1 6.1e+1 6.1e+1
    6.1e+1 6.107692307692308e+1 6.107692307692308e+1 6.107692307692308e+1
    6.107692307692308e+1 6.107692307692308e+1 6.107692307692308e+1
    6.107692307692308e+1 6.107692307692308e+1 6.107692307692308e+1
    6.107692307692308e+1 6.107692307692308e+1 6.107692307692308e+1
    6.107692307692308e+1 6.107692307692308e+1 6.107692307692308e+1
    6.107692307692308e+1 6.107692307692308e+1 6.107692307692308e+1
    6.107692307692308e+1 6.107692307692308e+1 6.107692307692308e+1
    6.1166666666666664e+1 6.1333333333333336e+1 6.1333333333333336e+1
    6.1333333333333336e+1 6.1333333333333336e+1 6.1333333333333336e+1
    6.1333333333333336e+1 6.1333333333333336e+1 6.1333333333333336e+1
    6.1333333333333336e+1 6.1333333333333336e+1 6.1333333333333336e+1
    6.1333333333333336e+1 6.1333333333333336e+1 6.1333333333333336e+1
    6.1333333333333336e+1 6.1333333333333336e+1 6.1333333333333336e+1
    6.1333333333333336e+1 6.1333333333333336e+1 6.1333333333333336e+1
    6.1333333333333336e+1 6.1333333333333336e+1 6.1333333333333336e+1
    6.1333333333333336e+1 6.1333333333333336e+1 6.1333333333333336e+1
    6.1333333333333336e+1 6.1333333333333336e+1 6.1333333333333336e+1
    6.1333333333333336e+1 6.1333333333333336e+1 6.1333333333333336e+1
    6.1333333333333336e+1 6.1333333333333336e+1 6.1333333333333336e+1
    6.1333333333333336e+1 6.1333333333333336e+1 6.1333333333333336e+1
    6.1333333333333336e+1 6.1333333333333336e+1 6.1333333333333336e+1
    6.1333333333333336e+1 6.1333333333333336e+1 6.1333333333333336e+1
    6.1333333333333336e+1 6.1333333333333336e+1 6.1333333333333336e+1
    6.1333333333333336e+1 6.1333333333333336e+1 6.1333333333333336e+1
    6.1333333333333336e+1 6.1333333333333336e+1 6.1333333333333336e+1
    6.1333333333333336e+1 6.1333333333333336e+1 6.1333333333333336e+1
    6.1333333333333336e+1 6.1333333333333336e+1 6.1333333333333336e+1
    6.1333333333333336e+1 6.1333333333333336e+1 6.1333333333333336e+1
    6.1333333333333336e+1 6.1333333333333336e+1 6.1333333333333336e+1
    6.1333333333333336e+1 6.1333333333333336e+1 6.1333333333333336e+1
    6.1333333333333336e+1 6.1333333333333336e+1 6.1333333333333336e+1
    6.1333333333333336e+1 6.1333333333333336e+1 6.1333333333333336e+1
    6.1333333333333336e+1 6.1333333333333336e+1 6.1333333333333336e+1
    6.1333333333333336e+1 6.1333333333333336e+1 6.1333333333333336e+1
    6.1333333333333336e+1 6.1333333333333336e+1 6.1333333333333336e+1
    6.1333333333333336e+1 6.1333333333333336e+1 6.1333333333333336e+1
    6.1333333333333336e+1 6.1333333333333336e+1 6.1333333333333336e+1
    6.1333333333333336e+1 6.1333333333333336e+1 6.1333333333333336e+1
    6.1333333333333336e+1 6.1333333333333336e+1 6.1333333333333336e+1
    6.1333333333333336e+1 6.1333333333333336e+1 6.1333333333333336e+1
    6.1333333333333336e+1 6.1333333333333336e+1 6.1333333333333336e+1
    6.1333333333333336e+1 6.1333333333333336e+1 6.1333333333333336e+1
    6.1333333333333336e+1 6.1333333333333336e+1 6.1333333333333336e+1
    6.1333333333333336e+1 6.1333333333333336e+1 6.1333333333333336e+1
    6.1333333333333336e+1 6.1333333333333336e+1 6.1333333333333336e+1
    6.1333333333333336e+1 6.1333333333333336e+1 6.1333333333333336e+1
    6.1333333333333336e+1 6.1333333333333336e+1 6.1333333333333336e+1
    6.1333333333333336e+1 6.1333333333333336e+1 6.1333333333333336e+1
    6.1333333333333336e+1 6.1333333333333336e+1 6.1333333333333336e+1
    6.1333333333333336e+1 6.1333333333333336e+1 6.1333333333333336e+1
    6.1333333333333336e+1 6.1333333333333336e+1 6.1333333333333336e+1
    6.1333333333333336e+1 6.1333333333333336e+1 6.1333333333333336e+1
    6.1333333333333336e+1 6.1333333333333336e+1 6.1333333333333336e+1
    6.1333333333333336e+1 6.1333333333333336e+1 6.1333333333333336e+1
    6.1333333333333336e+1 6.1333333333333336e+1 6.1333333333333336e+1
    6.1333333333333336e+1 6.1333333333333336e+1 6.1333333333333336e+1
    6.1333333333333336e+1 6.1333333333333336e+1 6.1333333333333336e+1
    6.1333333333333336e+1 6.1333333333333336e+1 6.1333333333333336e+1
    6.1333333333333336e+1 6.1333333333333336e+1 6.1333333333333336e+1
    6.1333333333333336e+1 6.1333333333333336e+1 6.1333333333333336e+1
    6.1333333333333336e+1 6.1333333333333336e+1 6.1333333333333336e+1
    6.1333333333333336e+1 6.1333333333333336e+1 6.1333333333333336e+1
    6.1333333333333336e+1 6.1333333333333336e+1 6.1333333333333336e+1
    6.1333333333333336e+1 6.1333333333333336e+1 6.1333333333333336e+1
    6.1333333333333336e+1 6.1333333333333336e+1 6.1333333333333336e+1
    6.1333333333333336e+1 6.1333333333333336e+1 6.1333333333333336e+1
    6.1333333333333336e+1 6.1333333333333336e+1 6.1333333333333336e+1
    6.1333333333333336e+1 6.1333333333333336e+1 6.1333333333333336e+1
    6.1333333333333336e+1 6.1333333333333336e+1 6.1333333333333336e+1
    6.1333333333333336e+1 6.1333333333333336e+1 6.1333333333333336e+1
    6.1333333333333336e+1 6.1333333333333336e+1 6.1333333333333336e+1
    6.1333333333333336e+1 6.1333333333333336e+1 6.1333333333333336e+1
    6.1333333333333336e+1 6.1333333333333336e+1 6.1333333333333336e+1
    6.1333333333333336e+1 6.1333333333333336e+1 6.1333333333333336e+1
    6.1333333333333336e+1 6.1333333333333336e+1 6.1333333333333336e+1
    6.1333333333333336e+1 6.1333333333333336e+1 6.1333333333333336e+1
    6.1333333333333336e+1 6.1333333333333336e+1 6.1333333333333336e+1
    6.1333333333333336e+1 6.1333333333333336e+1 6.1333333333333336e+1
    6.1333333333333336e+1 6.1333333333333336e+1 6.1333333333333336e+1
    6.1333333333333336e+1 6.1333333333333336e+1 6.1333333333333336e+1
    6.1333333333333336e+1 6.1333333333333336e+1 6.1333333333333336e+1
    6.1333333333333336e+1 6.1333333333333336e+1 6.1333333333333336e+1
    6.1333333333333336e+1 6.1333333333333336e+1 6.1333333333333336e+1
    6.1333333333333336e+1 6.1333333333333336e+1 6.1333333333333336e+1
    6.1333333333333336e+1 6.1333333333333336e+1 6.1333333333333336e+1
    6.1333333333333336e+1 6.1333333333333336e+1 6.1333333333333336e+1
    6.1333333333333336e+1 6.1333333333333336e+1 6.1333333333333336e+1
    6.1333333333333336e+1 6.1333333333333336e+1 6.1333333333333336e+1
    6.1333333333333336e+1 6.1333333333333336e+1 6.1333333333333336e+1
    6.1333333333333336e+1 6.1333333333333336e+1 6.1333333333333336e+1
    6.1333333333333336e+1 6.1333333333333336e+1 6.1333333333333336e+1
    6.1333333333333336e+1 6.1333333333333336e+1 6.1333333333333336e+1
    6.1333333333333336e+1 6.1333333333333336e+1 6.1333333333333336e+1
    6.1333333333333336e+1 6.1333333333333336e+1 6.1333333333333336e+1
    6.1333333333333336e+1 6.1333333333333336e+1 6.1333333333333336e+1
    6.1333333333333336e+1 6.1333333333333336e+1 6.1333333333333336e+1
    6.1333333333333336e+1 6.1333333333333336e+1 6.1333333333333336e+1
    6.1333333333333336e+1 6.1625e+1 6.1636363636363633e+1 6.1636363636363633e+1
    6.1636363636363633e+1 6.175e+1 6.175e+1 6.1799999999999997e+1
    6.1799999999999997e+1 6.1799999999999997e+1 6.1799999999999997e+1
    6.1799999999999997e+1 6.1799999999999997e+1 6.1799999999999997e+1
    6.1799999999999997e+1 6.1799999999999997e+1 6.1799999999999997e+1
    6.1799999999999997e+1 6.1799999999999997e+1 6.1799999999999997e+1
    6.1799999999999997e+1 6.1799999999999997e+1 6.1799999999999997e+1
    6.1799999999999997e+1 6.1799999999999997e+1 6.1799999999999997e+1
    6.1799999999999997e+1 6.1799999999999997e+1 6.1799999999999997e+1
    6.1799999999999997e+1 6.1799999999999997e+1 6.1799999999999997e+1
    6.1799999999999997e+1 6.1799999999999997e+1 6.1799999999999997e+1
    6.1799999999999997e+1 6.1799999999999997e+1 6.1799999999999997e+1
    6.1799999999999997e+1 6.1799999999999997e+1 6.1799999999999997e+1
    6.1799999999999997e+1 6.1799999999999997e+1 6.1799999999999997e+1
    6.1799999999999997e+1 6.1799999999999997e+1 6.1799999999999997e+1
    6.1799999999999997e+1 6.1799999999999997e+1 6.1799999999999997e+1
    6.1799999999999997e+1 6.1799999999999997e+1 6.1799999999999997e+1
    6.1799999999999997e+1 6.1799999999999997e+1 6.1799999999999997e+1 6.2e+1
    6.2e+1 6.2e+1 6.2142857142857146e+1 6.2285714285714285e+1 6.3e+1 6.3125e+1
    6.4625e+1 7.2625e+1 7.3e+1 7.3e+1 7.3e+1 7.3e+1 7.3e+1 7.3e+1 7.3e+1 7.3e+1
    7.3e+1 7.3e+1 7.3e+1 7.3e+1 7.3e+1 7.325e+1 7.4e+1 7.4e+1 7.45e+1 7.5e+1
    7.5e+1 7.5e+1 7.5e+1 7.5e+1 7.5e+1 7.5e+1 7.5e+1 7.5e+1 7.5e+1 7.5e+1
    7.5e+1 7.5e+1 7.5e+1 7.5e+1 7.5e+1 7.5e+1 7.5e+1 7.5e+1 7.5e+1 7.5e+1
    7.5e+1 7.55e+1 7.6e+1 7.6e+1 7.6e+1 7.6e+1 7.6e+1 7.6e+1 7.6e+1 7.6e+1
    7.6e+1 7.6e+1 7.6333333333333329e+1 7.675e+1 7.7e+1 7.7e+1 7.7e+1 7.7e+1
    7.7e+1 7.7e+1 7.75e+1 7.8e+1 7.8e+1 7.8e+1 7.8e+1 7.8e+1
    7.8900000000000006e+1 7.9e+1 7.9e+1 7.9e+1 7.9e+1 7.9e+1 7.9e+1 7.9e+1
    7.9333333333333329e+1 7.975e+1 8.0e+1 8.0e+1 8.0e+1 8.0e+1 8.0e+1 8.0e+1
    8.0e+1 8.0e+1 8.05e+1 8.1e+1 8.1e+1 8.1e+1 8.1e+1 8.1166666666666671e+1
    8.15e+1 8.15e+1 8.1900000000000006e+1 8.2e+1 8.2e+1 8.2e+1 8.2e+1 8.2e+1
    8.2e+1 8.2e+1 8.2e+1 8.2e+1 8.2e+1 8.25e+1 8.25e+1 8.25e+1 8.25e+1 8.3e+1
    8.3e+1 8.3e+1 8.3e+1 8.3e+1 8.3e+1 8.3e+1 8.3e+1 8.3e+1 8.3e+1 8.3e+1
    8.3e+1 8.3e+1 8.3e+1 8.3285714285714292e+1 8.3333333333333329e+1
    8.3599999999999994e+1 8.4e+1 8.4e+1 8.4e+1 8.4e+1 8.4e+1
    8.4230769230769226e+1 8.4230769230769226e+1 8.45e+1 8.4700000000000003e+1
    8.4700000000000003e+1 8.5e+1 8.5e+1 8.5e+1 8.5e+1 8.5e+1 8.5e+1 8.5e+1
    8.5e+1 8.55e+1 8.5666666666666671e+1 8.575e+1 8.5777777777777771e+1
    8.592307692307692e+1 8.6e+1 8.6e+1 8.6e+1 8.6e+1 8.6e+1 8.6e+1 8.6e+1
    8.6e+1 8.6e+1 8.6e+1 8.625e+1 8.625e+1 8.625e+1 8.625e+1 8.625e+1 8.625e+1
    8.625e+1 8.625e+1 8.625e+1 8.625e+1 8.625e+1 8.625e+1 8.625e+1 8.625e+1
    8.625e+1 8.625e+1 8.625e+1 8.625e+1 8.625e+1 8.625e+1 8.625e+1 8.625e+1
    8.625e+1 8.625e+1 8.625e+1 8.625e+1 8.625e+1 8.625e+1 8.625e+1 8.625e+1
    8.625e+1 8.625e+1 8.625e+1 8.625e+1 8.625e+1 8.625e+1 8.625e+1 8.625e+1
    8.625e+1 8.625e+1 8.625e+1 8.625e+1 8.625e+1 8.625e+1 8.625e+1 8.625e+1
    8.625e+1 8.625e+1 8.625e+1 8.625e+1 8.625e+1 8.625e+1 8.625e+1 8.625e+1
    8.625e+1 8.625e+1 8.625e+1 8.625e+1 8.625e+1 8.625e+1 8.625e+1 8.625e+1
    8.625e+1 8.625e+1 8.625e+1 8.625e+1 8.625e+1 8.625e+1 8.625e+1 8.625e+1
    8.625e+1 8.625e+1 8.625e+1 8.625e+1 8.625e+1 8.625e+1 8.625e+1 8.625e+1
    8.625e+1 8.625e+1 8.625e+1 8.625e+1 8.625e+1 8.625e+1 8.625e+1 8.625e+1
    8.625e+1 8.625e+1 8.625e+1 8.625e+1 8.625e+1 8.625e+1 8.625e+1 8.625e+1
    8.625e+1 8.625e+1 8.625e+1 8.625e+1 8.625e+1 8.625e+1 8.625e+1 8.625e+1
    8.625e+1 8.625e+1 8.625e+1 8.625e+1 8.625e+1 8.625e+1 8.625e+1 8.625e+1
    8.625e+1 8.625e+1 8.625e+1 8.625e+1 8.625e+1 8.625e+1 8.625e+1 8.625e+1
    8.625e+1 8.625e+1 8.625e+1 8.625e+1 8.625e+1 8.625e+1 8.625e+1 8.625e+1
    8.625e+1 8.625e+1 8.625e+1 8.625e+1 8.625e+1 8.625e+1 8.625e+1 8.625e+1
    8.625e+1 8.625e+1 8.625e+1 8.625e+1 8.625e+1 8.625e+1 8.625e+1 8.625e+1
    8.625e+1 8.625e+1 8.625e+1 8.625e+1 8.625e+1 8.625e+1 8.625e+1 8.625e+1
    8.625e+1 8.625e+1 8.625e+1 8.625e+1 8.625e+1 8.625e+1 8.625e+1 8.625e+1
    8.625e+1 8.625e+1 8.625e+1 8.625e+1 8.625e+1 8.625e+1 8.625e+1 8.625e+1
    8.625e+1 8.625e+1 8.625e+1 8.625e+1 8.625e+1 8.625e+1 8.625e+1 8.625e+1
    8.625e+1 8.625e+1 8.625e+1 8.625e+1 8.625e+1 8.625e+1 8.65e+1
    8.6533333333333331e+1 8.663636363636364e+1 8.6666666666666671e+1 8.7e+1
    8.7e+1 8.7e+1 8.7e+1 8.7e+1 8.7e+1 8.7e+1 8.7e+1 8.7e+1 8.7e+1 8.7e+1
    8.7e+1 8.7e+1 8.7e+1 8.7e+1 8.7166666666666671e+1 8.725e+1
    8.7357142857142861e+1 8.7400000000000006e+1 8.75e+1 8.7631578947368425e+1
    8.7666666666666671e+1 8.7666666666666671e+1 8.775e+1 8.7799999999999997e+1
    8.8e+1 8.8e+1 8.8e+1 8.8e+1 8.8e+1 8.8e+1 8.8e+1 8.8e+1 8.8e+1 8.8e+1
    8.8125e+1 8.825e+1 8.8333333333333329e+1 8.85e+1 8.863636363636364e+1
    8.8799999999999997e+1 8.9e+1 8.9e+1 8.9e+1 8.9e+1 8.9e+1 8.9e+1 8.9e+1
    8.9e+1 8.9e+1 8.9e+1 8.9e+1 8.9e+1 8.9333333333333329e+1 8.95e+1 8.95e+1
    8.9666666666666671e+1 9.0e+1 9.0e+1 9.0e+1 9.0e+1 9.0e+1 9.0e+1
    9.0200000000000003e+1 9.0200000000000003e+1 9.0333333333333329e+1
    9.0333333333333329e+1 9.0400000000000006e+1 9.05e+1 9.05e+1 9.05e+1 9.1e+1
    9.1e+1 9.1e+1 9.1e+1 9.1e+1 9.1e+1 9.1e+1 9.125e+1 9.15e+1
    9.1571428571428569e+1 9.1599999999999994e+1 9.2e+1 9.2e+1 9.2e+1 9.2e+1
    9.2e+1 9.2e+1 9.2e+1 9.2e+1 9.2e+1 9.2e+1 9.2e+1 9.2e+1 9.2e+1 9.2e+1
    9.2e+1 9.225e+1 9.225e+1 9.2375e+1 9.25e+1 9.25e+1 9.25e+1
    9.2599999999999994e+1 9.2666666666666671e+1 9.275e+1 9.3e+1 9.3e+1 9.3e+1
    9.3e+1 9.3e+1 9.3e+1 9.3e+1 9.3e+1 9.3e+1 9.3e+1 9.3e+1 9.3e+1 9.3e+1
    9.3e+1 9.3e+1 9.3e+1 9.3e+1 9.3e+1 9.3e+1 9.3e+1 9.3e+1 9.3e+1 9.3e+1
    9.3e+1 9.3e+1 9.3e+1 9.3125e+1 9.3200000000000003e+1 9.325e+1 9.325e+1
    9.3285714285714292e+1 9.3333333333333329e+1 9.3400000000000006e+1 9.35e+1
    9.35e+1 9.35e+1 9.35e+1 9.3666666666666671e+1 9.3666666666666671e+1
    9.375e+1 9.3857142857142861e+1 9.4e+1 9.4e+1 9.4e+1 9.4e+1 9.4e+1 9.4e+1
    9.4e+1 9.4e+1 9.4e+1 9.4e+1 9.4e+1 9.4e+1 9.4e+1 9.4e+1 9.4e+1 9.4e+1
    9.4e+1 9.4e+1 9.4e+1 9.4e+1 9.4e+1 9.4e+1 9.4e+1 9.4e+1 9.4e+1 9.4e+1
    9.4e+1 9.4e+1 9.4e+1 9.4e+1 9.4e+1 9.4e+1 9.4e+1 9.4e+1 9.4e+1 9.4e+1
    9.4e+1 9.4e+1 9.4e+1 9.4e+1 9.4e+1 9.4e+1 9.4e+1 9.4e+1 9.4e+1 9.4e+1
    9.4e+1 9.4e+1 9.4e+1 9.4e+1 9.4e+1 9.4e+1 9.4e+1 9.4e+1 9.4e+1 9.4e+1
    9.4e+1 9.4e+1 9.4e+1 9.4e+1 9.4e+1 9.4e+1 9.4e+1 9.4e+1 9.4e+1 9.4e+1
    9.4e+1 9.4e+1 9.4e+1 9.4e+1 9.4e+1 9.4e+1 9.4e+1 9.4e+1 9.4e+1 9.4e+1
    9.4e+1 9.4e+1 9.4e+1 9.4e+1 9.4e+1 9.4e+1 9.4e+1 9.4e+1 9.4e+1 9.4e+1
    9.4e+1 9.4e+1 9.4e+1 9.4e+1 9.4e+1 9.4e+1 9.4e+1 9.4e+1 9.4e+1 9.4e+1
    9.4e+1 9.4e+1 9.4e+1 9.4e+1 9.4e+1 9.4e+1 9.4e+1 9.4e+1 9.4e+1 9.4e+1
    9.4e+1 9.4e+1 9.4e+1 9.4e+1 9.4e+1 9.4e+1 9.4e+1 9.4e+1 9.4e+1 9.4e+1
    9.4e+1 9.4e+1 9.4e+1 9.4e+1 9.4e+1 9.4e+1 9.4e+1 9.4e+1 9.4e+1 9.4e+1
    9.4e+1 9.4e+1 9.4e+1 9.4e+1 9.4e+1 9.4e+1 9.4e+1 9.4e+1 9.4e+1 9.4e+1
    9.4e+1 9.4e+1 9.4e+1 9.4e+1 9.4e+1 9.4e+1 9.4e+1 9.4e+1 9.4e+1 9.4e+1
    9.4e+1 9.4e+1 9.4e+1 9.4e+1 9.4e+1 9.4e+1 9.4e+1 9.4e+1 9.4e+1 9.4e+1
    9.4e+1 9.4e+1 9.4e+1 9.4e+1 9.4e+1 9.4e+1 9.4e+1 9.4e+1 9.4e+1 9.4e+1
    9.4e+1 9.4e+1 9.4e+1 9.4e+1 9.4e+1 9.4e+1 9.4e+1 9.4e+1 9.4e+1 9.4e+1
    9.4e+1 9.4e+1 9.4e+1 9.4e+1 9.4e+1 9.4e+1 9.4e+1 9.4e+1 9.4e+1 9.4e+1
    9.4e+1 9.4e+1 9.4e+1 9.4e+1 9.4e+1 9.4e+1 9.4e+1 9.4e+1 9.4e+1 9.4e+1
    9.4e+1 9.4e+1 9.4e+1 9.4e+1 9.4e+1 9.4e+1 9.4e+1 9.4e+1 9.4e+1 9.4e+1
    9.4e+1 9.4e+1 9.4e+1 9.4e+1 9.4e+1 9.4e+1 9.4e+1 9.4e+1 9.4e+1 9.4e+1
    9.4e+1 9.4e+1 9.4285714285714292e+1 9.4333333333333329e+1 9.45e+1 9.45e+1
    9.4599999999999994e+1 9.4666666666666671e+1 9.4714285714285708e+1
    9.4799999999999997e+1 9.4833333333333329e+1 9.5e+1 9.5e+1 9.5e+1 9.5e+1
    9.5e+1 9.5e+1 9.5e+1 9.5e+1 9.5e+1 9.5e+1 9.5e+1 9.5e+1 9.5e+1 9.5e+1
    9.5e+1 9.5e+1 9.5e+1 9.5e+1 9.5e+1 9.5e+1 9.5e+1 9.5e+1 9.5e+1 9.5e+1
    9.5e+1 9.5e+1 9.5e+1 9.5e+1 9.5e+1 9.5e+1 9.5e+1 9.5e+1 9.5e+1 9.5e+1
    9.5e+1 9.5e+1 9.5e+1 9.5e+1 9.5e+1 9.5e+1 9.5e+1 9.5e+1 9.5e+1 9.5e+1
    9.5e+1 9.5e+1 9.5e+1 9.5e+1 9.5e+1 9.5e+1 9.5e+1 9.5e+1 9.5e+1 9.5e+1
    9.5e+1 9.5e+1 9.5e+1 9.5e+1 9.5e+1 9.5e+1 9.5e+1 9.5e+1 9.5e+1 9.5e+1
    9.5e+1 9.5e+1 9.5e+1 9.5e+1 9.5e+1 9.5e+1 9.5e+1 9.5e+1 9.5e+1 9.5e+1
    9.5e+1 9.5e+1 9.5e+1 9.5e+1 9.5e+1 9.5e+1 9.5e+1 9.5e+1 9.5e+1 9.5e+1
    9.5e+1 9.5e+1 9.5e+1 9.5e+1 9.5e+1 9.5e+1 9.5e+1 9.5e+1 9.5e+1 9.5e+1
    9.5e+1 9.5e+1 9.5e+1 9.5e+1 9.5e+1 9.5e+1 9.5e+1 9.5e+1 9.5e+1 9.5e+1
    9.5e+1 9.5e+1 9.5e+1 9.5e+1 9.5e+1 9.5e+1 9.5e+1 9.5e+1 9.5e+1 9.5e+1
    9.5e+1 9.5e+1 9.5e+1 9.5e+1 9.5e+1 9.5e+1 9.5e+1 9.5e+1 9.5e+1 9.5e+1
    9.5e+1 9.5e+1 9.5e+1 9.5e+1 9.5e+1 9.5e+1 9.5e+1 9.5e+1 9.5e+1 9.5e+1
    9.5e+1 9.5e+1 9.5e+1 9.5e+1 9.5e+1 9.5e+1 9.5e+1 9.5e+1 9.5e+1 9.5e+1
    9.5e+1 9.5e+1 9.5e+1 9.5e+1 9.5e+1 9.5e+1 9.5e+1 9.5e+1 9.5e+1 9.5e+1
    9.5e+1 9.5e+1 9.5e+1 9.5e+1 9.5e+1 9.5e+1 9.5e+1 9.5e+1 9.5e+1 9.5e+1
    9.5e+1 9.5e+1 9.5e+1 9.5e+1 9.5e+1 9.5e+1 9.5e+1 9.5e+1 9.5e+1 9.5e+1
    9.5e+1 9.5e+1 9.5e+1 9.5e+1 9.5e+1 9.5e+1 9.5e+1 9.5e+1 9.5e+1 9.5e+1
    9.5e+1 9.5e+1 9.5e+1 9.5e+1 9.5e+1 9.5e+1 9.5e+1 9.5e+1 9.5e+1 9.5e+1
    9.5e+1 9.5e+1 9.5e+1 9.5e+1 9.5e+1 9.5e+1 9.5e+1 9.5e+1 9.5e+1 9.5e+1
    9.5e+1 9.5e+1 9.5e+1 9.5e+1 9.5e+1 9.5e+1 9.5e+1 9.5e+1 9.5e+1 9.5e+1
    9.5e+1 9.5e+1 9.5e+1 9.5e+1 9.5e+1 9.5e+1 9.5e+1 9.5e+1 9.5e+1 9.5e+1
    9.5e+1 9.5e+1 9.5e+1 9.5e+1 9.5e+1 9.5e+1 9.5e+1 9.5e+1 9.5e+1 9.5e+1
    9.5e+1 9.5e+1 9.5e+1 9.5e+1 9.5e+1 9.5e+1 9.5e+1 9.5e+1 9.5e+1 9.5e+1
    9.5e+1 9.5e+1 9.5e+1 9.5e+1 9.5e+1 9.5e+1 9.5e+1 9.5e+1
    9.5166666666666671e+1 9.5333333333333329e+1 9.5400000000000006e+1 9.55e+1
    9.55e+1 9.55e+1 9.5666666666666671e+1 9.5666666666666671e+1
    9.5666666666666671e+1 9.575e+1 9.575e+1 9.5799999999999997e+1 9.6e+1 9.6e+1
    9.6e+1 9.6e+1 9.6e+1 9.6e+1 9.6e+1 9.6e+1 9.6e+1 9.6e+1 9.6e+1 9.6e+1
    9.6e+1 9.6e+1 9.6e+1 9.6e+1 9.6333333333333329e+1 9.6333333333333329e+1
    9.6400000000000006e+1 9.6400000000000006e+1 9.6428571428571431e+1 9.65e+1
    9.65e+1 9.65e+1 9.6599999999999994e+1 9.6666666666666671e+1
    9.6666666666666671e+1 9.675e+1 9.6799999999999997e+1 9.7e+1 9.7e+1 9.7e+1
    9.7e+1 9.7e+1 9.7e+1 9.7e+1 9.7e+1 9.7e+1 9.7e+1 9.7e+1 9.7e+1 9.7e+1
    9.7e+1 9.7e+1 9.7e+1 9.7142857142857139e+1 9.7200000000000003e+1 9.725e+1
    9.7285714285714292e+1 9.7333333333333329e+1 9.7333333333333329e+1
    9.7428571428571431e+1 9.75e+1 9.75e+1 9.7666666666666671e+1 9.775e+1 9.8e+1
    9.8e+1 9.8e+1 9.8e+1 9.8e+1 9.8e+1 9.8e+1 9.8e+1 9.8e+1 9.8e+1
    9.8142857142857139e+1 9.8166666666666671e+1 9.8200000000000003e+1
    9.8333333333333329e+1 9.85e+1 9.85e+1 9.85e+1 9.85e+1 9.85e+1
    9.8599999999999994e+1 9.8599999999999994e+1 9.8666666666666671e+1
    9.8666666666666671e+1 9.8666666666666671e+1 9.8799999999999997e+1 9.9e+1
    9.9e+1 9.9e+1 9.9e+1 9.9e+1 9.9e+1 9.9e+1 9.9e+1 9.9e+1 9.9e+1 9.9e+1
    9.9e+1 9.9e+1 9.9e+1 9.9e+1 9.9e+1 9.9e+1 9.9e+1 9.9e+1 9.9e+1 9.9e+1
    9.9e+1 9.9e+1 9.9e+1 9.9e+1 9.9e+1 9.9e+1 9.9e+1 9.9e+1 9.9e+1 9.9e+1
    9.9e+1 9.9e+1 9.9e+1 9.9e+1 9.9e+1 9.9e+1 9.9e+1 9.9e+1 9.9e+1 9.9125e+1
    9.9166666666666671e+1 9.9333333333333329e+1 9.9333333333333329e+1
    9.9400000000000006e+1 9.95e+1 9.95e+1 9.95e+1 9.95e+1 9.9666666666666671e+1
    9.975e+1 9.9799999999999997e+1 9.9799999999999997e+1 1.0e+2 1.0e+2 1.0e+2
    1.0e+2 1.0e+2 1.0e+2 1.0e+2 1.0e+2 1.0e+2 1.0e+2 1.0e+2 1.0e+2 1.0e+2
    1.0e+2 1.0e+2 1.0e+2 1.0e+2 1.0e+2 1.0e+2 1.0e+2 1.0e+2 1.0e+2 1.0e+2
    1.0e+2 1.0e+2 1.0e+2 1.0e+2 1.0e+2 1.0e+2 1.0e+2 1.0e+2 1.0e+2 1.0e+2
    1.0e+2 1.0e+2 1.0e+2 1.0e+2 1.0e+2 1.0e+2 1.0e+2 1.0e+2 1.0e+2 1.0e+2
    1.0e+2 1.0e+2 1.0e+2 1.0e+2 1.0e+2 1.0e+2 1.0e+2 1.0e+2 1.0e+2 1.0e+2
    1.0e+2 1.0e+2 1.0e+2 1.0e+2 1.0e+2 1.0e+2 1.0e+2 1.0e+2 1.0e+2 1.0e+2
    1.0e+2 1.0e+2 1.0e+2 1.0e+2 1.0e+2 1.0e+2 1.0e+2 1.0e+2 1.0e+2 1.0e+2
    1.0e+2 1.0e+2 1.0e+2 1.0e+2 1.0e+2 1.0e+2 1.0e+2 1.0e+2 1.0e+2 1.0e+2
    1.0e+2 1.0e+2 1.0e+2 1.0e+2 1.0e+2 1.0e+2 1.0e+2 1.0e+2 1.0e+2 1.0e+2
    1.0e+2 1.0e+2 1.0e+2 1.0e+2 1.0e+2 1.0e+2 1.0e+2 1.0e+2 1.0e+2 1.0e+2
    1.0e+2 1.0e+2 1.0e+2 1.0e+2 1.0e+2 1.0e+2 1.0e+2 1.0e+2 1.0e+2 1.0e+2
    1.0e+2 1.0e+2 1.0e+2 1.0e+2 1.0e+2 1.0e+2 1.0e+2 1.0e+2 1.0e+2 1.0e+2
    1.0e+2 1.0e+2 1.0e+2 1.0e+2 1.0e+2 1.0e+2 1.0e+2 1.0e+2 1.0e+2 1.0e+2
    1.0e+2 1.0e+2 1.0e+2 1.0e+2 1.0e+2 1.0e+2 1.0e+2 1.0e+2 1.0e+2 1.0e+2
    1.0e+2 1.0e+2 1.0e+2 1.0e+2 1.0e+2 1.0e+2 1.0e+2 1.0e+2 1.0e+2 1.0e+2
    1.0e+2 1.0e+2 1.0e+2 1.0e+2 1.0e+2 1.0e+2 1.0e+2 1.0e+2 1.0e+2 1.0e+2
    1.0e+2 1.0e+2 1.0e+2 1.0e+2 1.0e+2 1.0e+2 1.0e+2 1.0e+2 1.0e+2 1.0e+2
    1.0e+2 1.0e+2 1.0e+2 1.0e+2 1.0e+2 1.0e+2 1.0e+2 1.0e+2 1.0e+2 1.0e+2
    1.0e+2 1.0e+2 1.0e+2 1.0e+2 1.0e+2 1.0e+2 1.0e+2 1.0e+2 1.0e+2 1.0e+2
    1.0e+2 1.0e+2 1.0e+2 1.0e+2 1.0e+2 1.0e+2 1.0e+2 1.0e+2 1.0e+2 1.0e+2
    1.0e+2 1.0e+2 1.0e+2 1.0e+2 1.0e+2 1.0e+2 1.0e+2 1.0e+2 1.0e+2 1.0e+2
    1.0e+2 1.0e+2 1.0e+2 1.0e+2 1.0e+2 1.0e+2 1.0e+2 1.0e+2 1.0e+2 1.0e+2
    1.0e+2 1.0e+2 1.0e+2 1.0e+2 1.0e+2 1.0e+2 1.0e+2 1.0e+2 1.0e+2 1.0e+2
    1.0e+2 1.0e+2 1.0e+2 1.0e+2 1.0e+2 1.0e+2 1.0e+2 1.0e+2 1.0e+2 1.0e+2
    1.0e+2 1.0e+2 1.0e+2 1.0e+2 1.0e+2 1.0e+2 1.0e+2 1.0e+2 1.0e+2 1.0e+2
    1.0e+2 1.0e+2 1.0e+2 1.0e+2 1.0e+2 1.0e+2 1.0e+2 1.0e+2 1.0e+2 1.0e+2
    1.0e+2 1.0e+2 1.0e+2 1.0e+2 1.0e+2 1.0e+2 1.0e+2 1.0e+2 1.0e+2 1.0e+2
    1.0e+2 1.0e+2 1.0e+2 1.0e+2 1.0e+2 1.0e+2 1.0e+2 1.0e+2 1.0e+2 1.0e+2
    1.0e+2 1.0e+2 1.0e+2 1.0e+2 1.0e+2 1.0e+2 1.0e+2 1.0e+2 1.0e+2 1.0e+2
    1.0e+2 1.0e+2 1.0e+2 1.0e+2 1.0e+2 1.0e+2 1.0e+2 1.0e+2 1.0e+2 1.0e+2
    1.0e+2 1.0e+2 1.0e+2 1.0e+2 1.0e+2 1.0e+2 1.0e+2 1.0e+2 1.0e+2 1.0e+2
    1.0e+2 1.0e+2 1.0e+2 1.0e+2 1.0e+2 1.0e+2 1.0e+2 1.0e+2 1.0e+2 1.0e+2
    1.0e+2 1.0e+2 1.0e+2 1.0e+2 1.0e+2 1.0e+2 1.0e+2 1.0e+2 1.0e+2 1.0e+2
    1.0e+2 1.0e+2 1.0e+2 1.0e+2 1.0e+2 1.0e+2 1.0e+2 1.0e+2 1.0e+2 1.0e+2
    1.0e+2 1.0e+2 1.0e+2 1.0e+2 1.0e+2 1.0e+2 1.0e+2 1.0e+2 1.0e+2 1.0e+2
    1.0e+2 1.0e+2 1.0e+2 1.0e+2 1.0e+2 1.0e+2 1.0e+2 1.0e+2 1.0e+2 1.0e+2
    1.0e+2 1.0e+2 1.0e+2 1.0e+2 1.0e+2 1.0e+2 1.0e+2 1.0e+2 1.0e+2 1.0e+2
    1.0e+2 1.0e+2 1.0e+2 1.0e+2 1.0e+2 1.0033333333333333e+2
    1.0033333333333333e+2 1.0040000000000001e+2 1.005e+2 1.005e+2 1.005e+2
    1.005e+2 1.005e+2 1.0059999999999999e+2 1.0066666666666667e+2
    1.0066666666666667e+2 1.0075e+2 1.0088888888888889e+2 1.01e+2 1.01e+2
    1.01e+2 1.01e+2 1.01e+2 1.01e+2 1.01e+2 1.01e+2 1.01e+2 1.01e+2 1.01e+2
    1.01e+2 1.01e+2 1.01e+2 1.01e+2 1.01e+2 1.01e+2 1.01e+2 1.01e+2 1.01e+2
    1.01e+2 1.01e+2 1.01e+2 1.01e+2 1.01e+2 1.01e+2 1.01e+2 1.01e+2 1.01e+2
    1.01e+2 1.01e+2 1.01e+2 1.01e+2 1.01e+2 1.01e+2 1.01e+2 1.01e+2 1.01e+2
    1.01e+2 1.01e+2 1.01e+2 1.01e+2 1.01e+2 1.01e+2 1.01e+2 1.01e+2 1.01e+2
    1.01e+2 1.01e+2 1.01e+2 1.01e+2 1.01e+2 1.01e+2 1.01e+2 1.01e+2 1.01e+2
    1.01e+2 1.01e+2 1.01e+2 1.01e+2 1.01e+2 1.01e+2 1.01e+2 1.01e+2 1.01e+2
    1.01e+2 1.01e+2 1.01e+2 1.01e+2 1.01e+2 1.01e+2 1.01e+2 1.01e+2 1.01e+2
    1.01e+2 1.01e+2 1.01e+2 1.01e+2 1.01e+2 1.01e+2 1.01e+2 1.01e+2 1.01e+2
    1.01e+2 1.01e+2 1.01e+2 1.01e+2 1.01e+2 1.01e+2 1.01e+2 1.01e+2 1.01e+2
    1.01e+2 1.01e+2 1.01e+2 1.01e+2 1.01e+2 1.01e+2 1.01e+2 1.01e+2 1.01e+2
    1.01e+2 1.01e+2 1.01e+2 1.01e+2 1.01e+2 1.01e+2 1.01e+2 1.01e+2 1.01e+2
    1.01e+2 1.01e+2 1.01e+2 1.01e+2 1.01e+2 1.01e+2 1.01e+2 1.01e+2 1.01e+2
    1.01e+2 1.01e+2 1.01e+2 1.01e+2 1.01e+2 1.01e+2 1.01e+2 1.01e+2 1.01e+2
    1.01e+2 1.01e+2 1.01e+2 1.01e+2 1.01e+2 1.01e+2 1.01e+2 1.01e+2 1.01e+2
    1.01e+2 1.01e+2 1.01e+2 1.01e+2 1.01e+2 1.01e+2 1.01e+2 1.01e+2 1.01e+2
    1.01e+2 1.01e+2 1.01e+2 1.01e+2 1.01e+2 1.01e+2 1.01e+2 1.01e+2 1.01e+2
    1.01e+2 1.01e+2 1.01e+2 1.01e+2 1.01e+2 1.01e+2 1.01e+2 1.01e+2 1.01e+2
    1.01e+2 1.01e+2 1.01e+2 1.01e+2 1.01e+2 1.01e+2 1.01e+2 1.01e+2 1.01e+2
    1.01e+2 1.01e+2 1.01e+2 1.01e+2 1.01e+2 1.01e+2 1.01e+2 1.01e+2 1.01e+2
    1.01e+2 1.01e+2 1.01e+2 1.01e+2 1.01e+2 1.01e+2 1.01e+2 1.01e+2 1.01e+2
    1.01e+2 1.01e+2 1.01e+2 1.01e+2 1.01e+2 1.01e+2 1.01e+2 1.01e+2 1.01e+2
    1.01e+2 1.01e+2 1.01e+2 1.01e+2 1.01e+2 1.01e+2 1.01e+2 1.01e+2 1.01e+2
    1.01e+2 1.01e+2 1.01e+2 1.01e+2 1.01e+2 1.01e+2 1.01e+2 1.01e+2 1.01e+2
    1.01e+2 1.01e+2 1.01e+2 1.01e+2 1.01e+2 1.01e+2 1.01e+2 1.01e+2 1.01e+2
    1.01e+2 1.01e+2 1.01e+2 1.01e+2 1.01e+2 1.01e+2 1.01e+2 1.01e+2 1.01e+2
    1.01e+2 1.01e+2 1.01e+2 1.01e+2 1.01e+2 1.01e+2 1.01e+2 1.01e+2 1.01e+2
    1.01e+2 1.01e+2 1.01e+2 1.01e+2 1.01e+2 1.01e+2 1.01e+2 1.01e+2 1.01e+2
    1.01e+2 1.01e+2 1.01e+2 1.01e+2 1.01e+2 1.01e+2 1.01e+2 1.01e+2 1.01e+2
    1.01e+2 1.01e+2 1.01e+2 1.01e+2 1.01e+2 1.01e+2 1.01e+2 1.01e+2 1.01e+2
    1.01e+2 1.01e+2 1.01e+2 1.01e+2 1.01e+2 1.01e+2 1.01e+2 1.01e+2 1.01e+2
    1.01e+2 1.01e+2 1.01e+2 1.01e+2 1.01e+2 1.01e+2 1.01e+2 1.01e+2 1.01e+2
    1.01e+2 1.01e+2 1.01e+2 1.01e+2 1.01e+2 1.01e+2 1.01e+2 1.01e+2 1.01e+2
    1.01e+2 1.01e+2 1.01e+2 1.01e+2 1.01e+2 1.01e+2 1.01e+2 1.01e+2 1.01e+2
    1.01e+2 1.01e+2 1.01e+2 1.01e+2 1.01e+2 1.01e+2 1.01e+2 1.01e+2 1.01e+2
    1.01e+2 1.01e+2 1.01e+2 1.01e+2 1.01e+2 1.01e+2 1.01e+2 1.01e+2 1.01e+2
    1.01e+2 1.01e+2 1.01e+2 1.01e+2 1.01e+2 1.01e+2 1.01e+2 1.01e+2 1.01e+2
    1.01e+2 1.01e+2 1.01e+2 1.01e+2 1.01e+2 1.01e+2 1.01e+2 1.01e+2 1.01e+2
    1.01e+2 1.01e+2 1.01e+2 1.01e+2 1.01e+2 1.01e+2 1.01e+2 1.01e+2 1.01e+2
    1.01e+2 1.01e+2 1.01e+2 1.01e+2 1.01e+2 1.01e+2 1.01e+2 1.01e+2 1.01e+2
    1.01e+2 1.01e+2 1.01e+2 1.01e+2 1.01e+2 1.01e+2 1.01e+2 1.01e+2 1.01e+2
    1.01e+2 1.01e+2 1.01e+2 1.01e+2 1.01e+2 1.01e+2 1.01e+2 1.01e+2 1.01e+2
    1.01e+2 1.01e+2 1.01e+2 1.01e+2 1.01e+2 1.01e+2 1.01e+2 1.01e+2 1.01e+2
    1.01e+2 1.01e+2 1.01e+2 1.01e+2 1.01e+2 1.01e+2 1.01e+2 1.01e+2 1.01e+2
    1.01e+2 1.01e+2 1.01e+2 1.01e+2 1.01e+2 1.01e+2 1.01e+2 1.01e+2 1.01e+2
    1.01e+2 1.01e+2 1.01e+2 1.01e+2 1.01e+2 1.01e+2 1.01e+2 1.01e+2 1.01e+2
    1.01e+2 1.01e+2 1.01e+2 1.01e+2 1.01e+2 1.01e+2 1.01e+2 1.01e+2 1.01e+2
    1.01e+2 1.01e+2 1.01e+2 1.01e+2 1.01e+2 1.01e+2 1.01e+2 1.01e+2 1.01e+2
    1.01e+2 1.01e+2 1.01e+2 1.01e+2 1.01e+2 1.01e+2 1.01e+2 1.01e+2 1.01e+2
    1.01e+2 1.01e+2 1.01e+2 1.01e+2 1.01e+2 1.01e+2 1.01e+2 1.01e+2 1.01e+2
    1.01e+2 1.01e+2 1.01e+2 1.01e+2 1.01e+2 1.01e+2 1.01e+2 1.01e+2 1.01e+2
    1.01e+2 1.01e+2 1.01e+2 1.01e+2 1.01e+2 1.01e+2 1.01e+2 1.01e+2 1.01e+2
    1.01e+2 1.01e+2 1.01e+2 1.01e+2 1.01e+2 1.01e+2 1.01e+2 1.01e+2 1.01e+2
    1.01e+2 1.01e+2 1.01e+2 1.01e+2 1.01e+2 1.01e+2 1.01e+2 1.01e+2 1.01e+2
    1.01e+2 1.01e+2 1.01e+2 1.01e+2 1.01e+2 1.01e+2 1.01e+2 1.01e+2 1.01e+2
    1.01e+2 1.01e+2 1.01e+2 1.01e+2 1.01e+2 1.01e+2 1.01e+2 1.01e+2 1.01e+2
    1.01e+2 1.01e+2 1.01e+2 1.01e+2 1.01e+2 1.01e+2 1.01e+2 1.01e+2 1.01e+2
    1.01e+2 1.01e+2 1.01e+2 1.01e+2 1.01e+2 1.01e+2 1.01e+2 1.01e+2 1.01e+2
    1.01e+2 1.01e+2 1.01e+2 1.01e+2 1.01e+2 1.01e+2 1.01e+2 1.01e+2 1.01e+2
    1.01e+2 1.01e+2 1.01e+2 1.01e+2 1.01e+2 1.01e+2 1.01e+2 1.01e+2 1.01e+2
    1.01e+2 1.01e+2 1.01e+2 1.01e+2 1.01e+2 1.01e+2 1.01e+2 1.01e+2 1.01e+2
    1.01e+2 1.01e+2 1.01e+2 1.01e+2 1.01e+2 1.01e+2 1.01e+2 1.01e+2 1.01e+2
    1.01e+2 1.01e+2 1.01e+2 1.01e+2 1.01e+2 1.01e+2 1.01e+2 1.01e+2 1.01e+2
    1.01e+2 1.01e+2 1.01e+2 1.01e+2 1.01e+2 1.01e+2 1.01e+2 1.01e+2 1.01e+2
    1.01e+2 1.01e+2 1.01e+2 1.01e+2 1.01e+2 1.01e+2 1.01e+2 1.01e+2 1.01e+2
    1.01e+2 1.01e+2 1.01e+2 1.01e+2 1.01e+2 1.01e+2 1.01e+2 1.01e+2 1.01e+2
    1.01e+2 1.01e+2 1.01e+2 1.01e+2 1.01e+2 1.01e+2 1.01e+2 1.01e+2 1.01e+2
    1.01e+2 1.01e+2 1.01e+2 1.01e+2 1.01e+2 1.01e+2 1.01e+2 1.01e+2 1.01e+2
    1.01e+2 1.01e+2 1.01e+2 1.01e+2 1.01e+2 1.01e+2 1.01e+2 1.01e+2 1.01e+2
    1.01e+2 1.01e+2 1.01e+2 1.01e+2 1.01e+2 1.01e+2 1.01e+2 1.01e+2 1.01e+2
    1.01e+2 1.01e+2 1.01e+2 1.01e+2 1.01e+2 1.01e+2 1.01e+2 1.01e+2 1.01e+2
    1.01e+2 1.01e+2 1.01e+2 1.01e+2 1.01e+2 1.01e+2 1.01e+2 1.01e+2 1.01e+2
    1.01e+2 1.01e+2 1.01e+2 1.01e+2 1.01e+2 1.01e+2 1.01e+2 1.01e+2 1.01e+2
    1.01e+2 1.01e+2 1.01e+2 1.01e+2 1.01e+2 1.01e+2 1.01e+2 1.01e+2 1.01e+2
    1.01e+2 1.01e+2 1.01e+2 1.01e+2 1.01e+2 1.01e+2 1.01e+2 1.01e+2 1.01e+2
    1.01e+2 1.01e+2 1.01e+2 1.01e+2 1.01e+2 1.01e+2 1.01e+2 1.01e+2 1.01e+2
    1.01e+2 1.01e+2 1.01e+2 1.01e+2 1.01e+2 1.01e+2 1.01e+2 1.01e+2 1.01e+2
    1.01e+2 1.01e+2 1.01e+2 1.01e+2 1.01e+2 1.01e+2 1.01e+2 1.01e+2 1.01e+2
    1.01e+2 1.01e+2 1.01e+2 1.01e+2 1.01e+2 1.01e+2 1.01e+2 1.01e+2 1.01e+2
    1.01e+2 1.01e+2 1.01e+2 1.01e+2 1.01e+2 1.01e+2 1.01e+2 1.01e+2 1.01e+2
    1.01e+2 1.01e+2 1.01e+2 1.01e+2 1.01e+2 1.01e+2 1.01e+2 1.01e+2 1.01e+2
    1.01e+2 1.01e+2 1.01e+2 1.01e+2 1.01e+2 1.01e+2 1.01e+2 1.01e+2 1.01e+2
    1.01e+2 1.01e+2 1.01e+2 1.01e+2 1.01e+2 1.01e+2 1.01e+2 1.01e+2 1.01e+2
    1.01e+2 1.01e+2 1.01e+2 1.01e+2 1.01e+2 1.01e+2 1.01e+2 1.01e+2 1.01e+2
    1.01e+2 1.01e+2 1.01e+2 1.01e+2 1.01e+2 1.01e+2 1.01e+2 1.01e+2 1.01e+2
    1.01e+2 1.01e+2 1.01e+2 1.01e+2 1.01e+2 1.01e+2 1.01e+2 1.01e+2 1.01e+2
    1.01e+2 1.01e+2 1.01e+2 1.01e+2 1.01e+2 1.01e+2 1.01e+2 1.01e+2 1.01e+2
    1.01e+2 1.01e+2 1.01e+2 1.01e+2 1.01e+2 1.01e+2 1.01e+2 1.01e+2 1.01e+2
    1.01e+2 1.01e+2 1.01e+2 1.01e+2 1.01e+2 1.01e+2 1.01e+2 1.01e+2 1.01e+2
    1.01e+2 1.01e+2 1.01e+2 1.01e+2 1.01e+2 1.01e+2 1.01e+2 1.01e+2 1.01e+2
    1.01e+2 1.01e+2 1.01e+2 1.01e+2 1.01e+2 1.01e+2 1.01e+2 1.01e+2 1.01e+2
    1.01e+2 1.01e+2 1.01e+2 1.01e+2 1.01e+2 1.01e+2 1.01e+2 1.01e+2 1.01e+2
    1.01e+2 1.01e+2 1.01e+2 1.01e+2 1.01e+2 1.01e+2 1.01e+2 1.01e+2 1.01e+2
    1.01e+2 1.01e+2 1.01e+2 1.01e+2 1.01e+2 1.01e+2 1.01e+2 1.01e+2 1.01e+2
    1.01e+2 1.01e+2 1.01e+2 1.01e+2 1.01e+2 1.01e+2 1.01e+2 1.01e+2 1.01e+2
    1.01e+2 1.01e+2 1.01e+2 1.01e+2 1.01e+2 1.01e+2 1.01e+2 1.01e+2 1.01e+2
    1.01e+2 1.01e+2 1.01e+2 1.01e+2 1.01e+2 1.01e+2 1.01e+2 1.01e+2 1.01e+2
    1.01e+2 1.01e+2 1.01e+2 1.01e+2 1.01e+2 1.01e+2 1.01e+2 1.01e+2 1.01e+2
    1.01e+2 1.01e+2 1.01e+2 1.01e+2 1.01e+2 1.01e+2 1.01e+2 1.01e+2 1.01e+2
    1.01e+2 1.01e+2 1.01e+2 1.01e+2 1.01e+2 1.01e+2 1.01e+2 1.01e+2 1.01e+2
    1.01e+2 1.01e+2 1.01e+2 1.01e+2 1.01e+2 1.01e+2 1.01e+2 1.01e+2 1.01e+2
    1.01e+2 1.01e+2 1.01e+2 1.01e+2 1.01e+2 1.01e+2 1.01e+2 1.01e+2 1.01e+2
    1.01e+2 1.01e+2 1.01e+2 1.01e+2 1.01e+2 1.01e+2 1.01e+2 1.01e+2 1.01e+2
    1.01e+2 1.01e+2 1.01e+2 1.01e+2 1.01e+2 1.01e+2 1.01e+2 1.01e+2 1.01e+2
    1.01e+2 1.01e+2 1.01e+2 1.01e+2 1.01e+2 1.01e+2 1.01e+2 1.01e+2 1.01e+2
    1.01e+2 1.01e+2 1.01e+2 1.01e+2 1.01e+2 1.01e+2 1.01e+2 1.01e+2 1.01e+2
    1.01e+2 1.01e+2 1.01e+2 1.01e+2 1.01e+2 1.01e+2 1.01e+2 1.01e+2 1.01e+2
    1.01e+2 1.01e+2 1.01e+2 1.01e+2 1.01e+2 1.01e+2 1.01e+2 1.01e+2 1.01e+2
    1.01e+2 1.01e+2 1.01e+2 1.01e+2 1.01e+2 1.01e+2 1.01e+2 1.01e+2 1.01e+2
    1.01e+2 1.01e+2 1.01e+2 1.01e+2 1.01e+2 1.01e+2 1.01e+2 1.01e+2 1.01e+2
    1.01e+2 1.01e+2 1.01e+2 1.01e+2 1.01e+2 1.01e+2 1.01e+2 1.01e+2 1.01e+2
    1.01e+2 1.01e+2 1.01e+2 1.01e+2 1.01e+2 1.01e+2 1.01e+2 1.01e+2 1.01e+2
    1.01e+2 1.01e+2 1.01e+2 1.01e+2 1.01e+2 1.01e+2 1.01e+2 1.01e+2 1.01e+2
    1.01e+2 1.01e+2 1.01e+2 1.01e+2 1.01e+2 1.01e+2 1.01e+2 1.01e+2 1.01e+2
    1.01e+2 1.01e+2 1.01e+2 1.01e+2 1.01e+2 1.01e+2 1.01e+2 1.01e+2 1.01e+2
    1.01e+2 1.01e+2 1.01e+2 1.01e+2 1.01e+2 1.01e+2 1.01e+2 1.01e+2 1.01e+2
    1.01e+2 1.01e+2 1.01e+2 1.01e+2 1.01e+2 1.01e+2 1.01e+2 1.01e+2 1.01e+2
    1.01e+2 1.01e+2 1.01e+2 1.01e+2 1.01e+2 1.01e+2 1.01e+2 1.01e+2 1.01e+2
    1.01e+2 1.01e+2 1.01e+2 1.01e+2 1.01e+2 1.01e+2 1.01e+2 1.01e+2 1.01e+2
    1.01e+2 1.01e+2 1.01e+2 1.01e+2 1.01e+2 1.01e+2 1.01e+2 1.01e+2 1.01e+2
    1.01e+2 1.01e+2 1.01e+2 1.01e+2 1.01e+2 1.01e+2 1.01e+2 1.01e+2 1.01e+2
    1.01e+2 1.01e+2 1.01e+2 1.01e+2 1.01e+2 1.01e+2 1.01e+2 1.01e+2 1.01e+2
    1.01e+2 1.01e+2 1.01e+2 1.01e+2 1.01e+2 1.01e+2 1.01e+2 1.01e+2 1.01e+2
    1.01e+2 1.01e+2 1.01e+2 1.01e+2 1.01e+2 1.01e+2 1.01e+2 1.01e+2 1.01e+2
    1.01e+2 1.01e+2 1.01e+2 1.01e+2 1.01e+2 1.01e+2 1.01e+2 1.01e+2 1.01e+2
    1.01e+2 1.01e+2 1.01e+2 1.01e+2 1.01e+2 1.01e+2 1.01e+2 1.01e+2 1.01e+2
    1.01e+2 1.01e+2 1.01e+2 1.01e+2 1.01e+2 1.01e+2 1.01e+2 1.01e+2 1.01e+2
    1.01e+2 1.01e+2 1.01e+2 1.01e+2 1.01e+2 1.01e+2 1.01e+2 1.01e+2 1.01e+2
    1.01e+2 1.01e+2 1.01e+2 1.01e+2 1.01e+2 1.01e+2 1.01e+2 1.01e+2 1.01e+2
    1.01e+2 1.01e+2 1.01e+2 1.01e+2 1.01e+2 1.01e+2 1.01e+2 1.01e+2 1.01e+2
    1.01e+2 1.01e+2 1.01e+2 1.01e+2 1.01e+2 1.01e+2 1.01e+2 1.01e+2 1.01e+2
    1.01e+2 1.01e+2 1.01e+2 1.01e+2 1.01e+2 1.01e+2 1.01e+2 1.01e+2 1.01e+2
    1.01e+2 1.01e+2 1.01e+2 1.01e+2 1.01e+2 1.01e+2 1.01e+2 1.01e+2 1.01e+2
    1.01e+2 1.01e+2 1.01e+2 1.01e+2 1.01e+2 1.01e+2 1.01e+2 1.01e+2 1.01e+2
    1.01e+2 1.01e+2 1.01e+2 1.01e+2 1.01e+2 1.01e+2 1.01e+2 1.01e+2 1.01e+2
    1.01e+2 1.01e+2 1.01e+2 1.01e+2 1.01e+2 1.01e+2 1.01e+2 1.01e+2 1.01e+2
    1.01e+2 1.01e+2 1.01e+2 1.01e+2 1.01e+2 1.01e+2 1.01e+2 1.01e+2 1.01e+2
    1.01e+2 1.01e+2 1.01e+2 1.01e+2 1.01e+2 1.01e+2 1.01e+2 1.01e+2 1.01e+2
    1.01e+2 1.01e+2 1.01e+2 1.01e+2 1.01e+2 1.01e+2 1.01e+2 1.01e+2 1.01e+2
    1.01e+2 1.01e+2 1.01e+2 1.01e+2 1.01e+2 1.01e+2 1.01e+2 1.01e+2 1.01e+2
    1.01e+2 1.01e+2 1.01e+2 1.01e+2 1.01e+2 1.01e+2 1.01e+2 1.01e+2 1.01e+2
    1.01e+2 1.01e+2 1.01e+2 1.01e+2 1.01e+2 1.01e+2 1.01e+2 1.01e+2 1.01e+2
    1.01e+2 1.01e+2 1.01e+2 1.01e+2 1.01e+2 1.01e+2 1.01e+2 1.01e+2 1.01e+2
    1.01e+2 1.01e+2 1.01e+2 1.01e+2 1.01e+2 1.01e+2 1.01e+2 1.01e+2 1.01e+2
    1.01e+2 1.01e+2 1.01e+2 1.01e+2 1.01e+2 1.01e+2 1.01e+2 1.01e+2 1.01e+2
    1.01e+2 1.01e+2 1.01e+2 1.01e+2 1.01e+2 1.01e+2 1.01e+2 1.01e+2 1.01e+2
    1.01e+2 1.01e+2 1.01e+2 1.01e+2 1.01e+2 1.01e+2 1.01e+2 1.01e+2 1.01e+2
    1.01e+2 1.01e+2 1.01e+2 1.01e+2 1.01e+2 1.01e+2 1.01e+2 1.01e+2 1.01e+2
    1.01e+2 1.01e+2 1.01e+2 1.01e+2 1.01e+2 1.01e+2 1.01e+2 1.01e+2 1.01e+2
    1.01e+2 1.01e+2 1.01e+2 1.01e+2 1.01e+2 1.01e+2 1.01e+2 1.01e+2 1.01e+2
    1.01e+2 1.01e+2 1.01e+2 1.01e+2 1.01e+2 1.01e+2 1.01e+2 1.01e+2 1.01e+2
    1.01e+2 1.01e+2 1.01e+2 1.01e+2 1.01e+2 1.01e+2 1.01e+2 1.01e+2 1.01e+2
    1.01e+2 1.01e+2 1.01e+2 1.01e+2 1.01e+2 1.01e+2 1.01e+2 1.01e+2 1.01e+2
    1.01e+2 1.01e+2 1.01e+2 1.01e+2 1.01e+2 1.01e+2 1.01e+2 1.01e+2 1.01e+2
    1.01e+2 1.01e+2 1.01e+2 1.01e+2 1.01e+2 1.01e+2 1.01e+2 1.01e+2 1.01e+2
    1.01e+2 1.01e+2 1.01e+2 1.01e+2 1.01e+2 1.01e+2 1.01e+2 1.01e+2 1.01e+2
    1.01e+2 1.01e+2 1.01e+2 1.01e+2 1.01e+2 1.01e+2 1.01e+2 1.01e+2 1.01e+2
    1.01e+2 1.01e+2 1.01e+2 1.01e+2 1.01e+2 1.01e+2 1.01e+2 1.01e+2 1.01e+2
    1.01e+2 1.01e+2 1.01e+2 1.01e+2 1.01e+2 1.01e+2 1.01e+2 1.01e+2 1.01e+2
    1.01e+2 1.01e+2 1.01e+2 1.01e+2 1.01e+2 1.01e+2 1.01e+2 1.01e+2 1.01e+2
    1.01e+2 1.01e+2 1.01e+2 1.01e+2 1.01e+2 1.01e+2 1.01e+2 1.01e+2 1.01e+2
    1.01e+2 1.01e+2 1.01e+2 1.01e+2 1.01e+2 1.01e+2 1.01e+2 1.01e+2 1.01e+2
    1.01e+2 1.01e+2 1.01e+2 1.01e+2 1.01e+2 1.01e+2 1.01e+2 1.01e+2 1.01e+2
    1.01e+2 1.01e+2 1.01e+2 1.01e+2 1.01e+2 1.01e+2 1.01e+2 1.01e+2 1.01e+2
    1.01e+2 1.01e+2 1.01e+2 1.01e+2 1.01e+2 1.01e+2 1.01e+2 1.01e+2 1.01e+2
    1.01e+2 1.01e+2 1.01e+2 1.01e+2 1.01e+2 1.01e+2 1.01e+2 1.01e+2 1.01e+2
    1.01e+2 1.01e+2 1.01e+2 1.01e+2 1.01e+2 1.01e+2 1.01e+2 1.01e+2 1.01e+2
    1.01e+2 1.01e+2 1.01e+2 1.01e+2 1.01e+2 1.01e+2 1.01e+2 1.01e+2 1.01e+2
    1.01e+2 1.01e+2 1.01e+2 1.01e+2 1.01e+2 1.01e+2 1.01e+2 1.01e+2 1.01e+2
    1.01e+2 1.01e+2 1.01e+2 1.01e+2 1.01e+2 1.01e+2 1.01e+2 1.01e+2 1.01e+2
    1.01e+2 1.01e+2 1.01e+2 1.01e+2 1.01e+2 1.01e+2 1.01e+2 1.01e+2 1.01e+2
    1.01e+2 1.01e+2 1.01e+2 1.01e+2 1.01e+2 1.01e+2 1.01e+2 1.01e+2 1.01e+2
    1.01e+2 1.01e+2 1.01e+2 1.01e+2 1.01e+2 1.01e+2 1.01e+2 1.01e+2 1.01e+2
    1.01e+2 1.01e+2 1.01e+2 1.01e+2 1.01e+2 1.01e+2 1.01e+2 1.01e+2 1.01e+2
    1.01e+2 1.01e+2 1.01e+2 1.01e+2 1.01e+2 1.01e+2 1.01e+2 1.01e+2 1.01e+2
    1.01e+2 1.01e+2 1.01e+2 1.01e+2 1.01e+2 1.01e+2 1.01e+2 1.01e+2 1.01e+2
    1.01e+2 1.01e+2 1.01e+2 1.01e+2 1.01e+2 1.01e+2 1.01e+2 1.01e+2 1.01e+2
    1.01e+2 1.01e+2 1.01e+2 1.01e+2 1.01e+2 1.01e+2 1.01e+2 1.01e+2 1.01e+2
    1.01e+2 1.01e+2 1.01e+2 1.01e+2 1.01e+2 1.01e+2 1.01e+2 1.01e+2 1.01e+2
    1.01e+2 1.01e+2 1.01e+2 1.01e+2 1.01e+2 1.01e+2 1.01e+2 1.01e+2 1.01e+2
    1.01e+2 1.01e+2 1.01e+2 1.01e+2 1.01e+2 1.01e+2 1.01e+2 1.01e+2 1.01e+2
    1.01e+2 1.01e+2 1.01e+2 1.01e+2 1.01e+2 1.01e+2 1.01e+2 1.01e+2 1.01e+2
    1.01e+2 1.01e+2 1.01e+2 1.01e+2 1.01e+2 1.01e+2 1.01e+2 1.01e+2 1.01e+2
    1.01e+2 1.01e+2 1.01e+2 1.01e+2 1.01e+2 1.01e+2 1.01e+2 1.01e+2 1.01e+2
    1.01e+2 1.01e+2 1.01e+2 1.01e+2 1.01e+2 1.01e+2 1.01e+2 1.01e+2 1.01e+2
    1.01e+2 1.01e+2 1.01e+2 1.01e+2 1.01e+2 1.01e+2 1.01e+2 1.01e+2 1.01e+2
    1.01e+2 1.01e+2 1.01e+2 1.01e+2 1.01e+2 1.01e+2 1.01e+2 1.01e+2 1.01e+2
    1.01e+2 1.01e+2 1.01e+2 1.01e+2 1.01e+2 1.01e+2 1.01e+2 1.01e+2 1.01e+2
    1.01e+2 1.01e+2 1.01e+2 1.01e+2 1.01e+2 1.01e+2 1.01e+2 1.01e+2 1.01e+2
    1.01e+2 1.01e+2 1.01e+2 1.01e+2 1.01e+2 1.01e+2 1.01e+2 1.01e+2 1.01e+2
    1.01e+2 1.01e+2 1.01e+2 1.01e+2 1.01e+2 1.01e+2 1.01e+2 1.01e+2 1.01e+2
    1.01e+2 1.01e+2 1.01e+2 1.01e+2 1.01e+2 1.01e+2 1.01e+2 1.01e+2 1.01e+2
    1.01e+2 1.01e+2 1.01e+2 1.01e+2 1.01e+2 1.01e+2 1.01e+2 1.01e+2 1.01e+2
    1.01e+2 1.01e+2 1.01e+2 1.01e+2 1.01e+2 1.01e+2 1.01e+2 1.01e+2 1.01e+2
    1.01e+2 1.01e+2 1.01e+2 1.01e+2 1.01e+2 1.01e+2 1.01e+2 1.01e+2 1.01e+2
    1.01e+2 1.01e+2 1.01e+2 1.01e+2 1.01e+2 1.01e+2 1.01e+2 1.01e+2 1.01e+2
    1.01e+2 1.01e+2 1.01e+2 1.01e+2 1.01125e+2 1.0114285714285714e+2 1.012e+2
    1.012e+2 1.0133333333333333e+2 1.0140000000000001e+2 1.015e+2 1.015e+2
    1.0159999999999999e+2 1.0166666666666667e+2 1.0171428571428571e+2 1.02e+2
    1.02e+2 1.02e+2 1.02e+2 1.02e+2 1.02e+2 1.02e+2 1.02e+2 1.02e+2 1.02e+2
    1.02e+2 1.02e+2 1.02e+2 1.02e+2 1.02e+2 1.02e+2 1.02e+2 1.02e+2 1.02e+2
    1.02e+2 1.02e+2 1.02e+2 1.02e+2 1.02e+2 1.02e+2 1.02e+2 1.02e+2 1.02e+2
    1.02e+2 1.02e+2 1.02e+2 1.02e+2 1.02e+2 1.02e+2 1.02e+2 1.02e+2 1.02e+2
    1.02e+2 1.02e+2 1.02e+2 1.02e+2 1.02e+2 1.02e+2 1.02e+2 1.02e+2 1.02e+2
    1.02e+2 1.02e+2 1.02e+2 1.02e+2 1.02e+2 1.02e+2 1.02e+2 1.02e+2 1.02e+2
    1.02e+2 1.02e+2 1.02e+2 1.02e+2 1.02e+2 1.02e+2 1.02e+2 1.02e+2 1.02e+2
    1.02e+2 1.02e+2 1.02e+2 1.02e+2 1.02e+2 1.02e+2 1.02e+2 1.02e+2 1.02e+2
    1.02e+2 1.02e+2 1.02e+2 1.02e+2 1.02e+2 1.02e+2 1.02e+2 1.02e+2 1.02e+2
    1.02e+2 1.02e+2 1.02e+2 1.02e+2 1.02e+2 1.02e+2 1.02e+2 1.02e+2 1.02e+2
    1.02e+2 1.02e+2 1.02e+2 1.02e+2 1.02e+2 1.02e+2 1.02e+2 1.02e+2 1.02e+2
    1.02e+2 1.02e+2 1.02e+2 1.02e+2 1.02e+2 1.02e+2 1.02e+2 1.02e+2 1.02e+2
    1.02e+2 1.02e+2 1.02e+2 1.02e+2 1.02e+2 1.02e+2 1.02e+2 1.02e+2 1.02e+2
    1.02e+2 1.02e+2 1.02e+2 1.02e+2 1.02e+2 1.02e+2 1.02e+2 1.02e+2 1.02e+2
    1.02e+2 1.02e+2 1.02e+2 1.02e+2 1.02e+2 1.02e+2 1.02e+2 1.02e+2 1.02e+2
    1.02e+2 1.02e+2 1.02e+2 1.02e+2 1.02e+2 1.02e+2 1.02e+2 1.02e+2 1.02e+2
    1.02e+2 1.02e+2 1.02e+2 1.02e+2 1.02e+2 1.02e+2 1.02e+2 1.02e+2 1.02e+2
    1.02e+2 1.02e+2 1.02e+2 1.02e+2 1.02e+2 1.02e+2 1.02e+2 1.02e+2 1.02e+2
    1.02e+2 1.02e+2 1.02e+2 1.02e+2 1.02e+2 1.02e+2 1.02e+2 1.02e+2 1.02e+2
    1.02e+2 1.02e+2 1.02e+2 1.02e+2 1.02e+2 1.02e+2 1.02e+2 1.02e+2 1.02e+2
    1.02e+2 1.02e+2 1.02e+2 1.02e+2 1.02e+2 1.02e+2 1.02e+2 1.02e+2 1.02e+2
    1.02e+2 1.02e+2 1.02e+2 1.02e+2 1.02e+2 1.02e+2 1.02e+2 1.02e+2 1.02e+2
    1.02e+2 1.02e+2 1.02e+2 1.02e+2 1.02e+2 1.02e+2 1.02e+2 1.02e+2 1.02e+2
    1.02e+2 1.02e+2 1.02e+2 1.02e+2 1.02e+2 1.02e+2 1.02e+2 1.02e+2 1.02e+2
    1.02e+2 1.02e+2 1.02e+2 1.02e+2 1.02e+2 1.02e+2 1.02e+2 1.02e+2 1.02e+2
    1.02e+2 1.02e+2 1.02e+2 1.02e+2 1.02e+2 1.02e+2 1.02e+2 1.02e+2 1.02e+2
    1.02e+2 1.02e+2 1.02e+2 1.02e+2 1.02e+2 1.02e+2 1.02e+2 1.02e+2 1.02e+2
    1.02e+2 1.02e+2 1.02e+2 1.02e+2 1.02e+2 1.02e+2 1.02e+2 1.02e+2 1.02e+2
    1.02e+2 1.02e+2 1.02e+2 1.02e+2 1.02e+2 1.02e+2 1.02e+2 1.02e+2 1.02e+2
    1.02e+2 1.02e+2 1.02e+2 1.02e+2 1.02e+2 1.02e+2 1.02e+2 1.02e+2 1.02e+2
    1.02e+2 1.02e+2 1.02e+2 1.02e+2 1.02e+2 1.02e+2 1.02e+2 1.02e+2 1.02e+2
    1.02e+2 1.02e+2 1.02e+2 1.02e+2 1.02e+2 1.02e+2 1.02e+2 1.02e+2 1.02e+2
    1.02e+2 1.02e+2 1.02e+2 1.02e+2 1.02e+2 1.02e+2 1.02e+2 1.02e+2 1.02e+2
    1.02e+2 1.02e+2 1.02e+2 1.02e+2 1.02e+2 1.02e+2 1.02e+2 1.02e+2 1.02e+2
    1.02e+2 1.02e+2 1.02e+2 1.02e+2 1.02e+2 1.02e+2 1.02e+2 1.02e+2 1.02e+2
    1.02e+2 1.02e+2 1.02e+2 1.02e+2 1.02e+2 1.02e+2 1.02e+2 1.02e+2 1.02e+2
    1.02e+2 1.02e+2 1.02e+2 1.02e+2 1.02e+2 1.02e+2 1.02e+2 1.02e+2 1.02e+2
    1.02e+2 1.02e+2 1.02e+2 1.02e+2 1.02e+2 1.02e+2 1.02e+2 1.02e+2 1.02e+2
    1.02e+2 1.02e+2 1.02e+2 1.02e+2 1.02e+2 1.02e+2 1.02e+2 1.02e+2 1.02e+2
    1.02e+2 1.02e+2 1.02e+2 1.02e+2 1.02e+2 1.02e+2 1.02e+2 1.02e+2 1.02e+2
    1.02e+2 1.02e+2 1.02e+2 1.02e+2 1.02e+2 1.02e+2 1.02e+2 1.02e+2 1.02e+2
    1.02e+2 1.02e+2 1.02e+2 1.02e+2 1.02e+2 1.02e+2 1.02e+2 1.02e+2 1.02e+2
    1.02e+2 1.02e+2 1.02e+2 1.02e+2 1.02e+2 1.02e+2 1.02e+2 1.02e+2 1.02e+2
    1.02e+2 1.02e+2 1.02e+2 1.02e+2 1.02e+2 1.02e+2 1.02e+2 1.02e+2 1.02e+2
    1.02e+2 1.02e+2 1.02e+2 1.02e+2 1.02e+2 1.02e+2 1.02e+2 1.02e+2 1.02e+2
    1.02e+2 1.02e+2 1.02e+2 1.02e+2 1.02e+2 1.02e+2 1.02e+2 1.02e+2 1.02e+2
    1.02e+2 1.02e+2 1.02e+2 1.02e+2 1.02e+2 1.02e+2 1.02e+2 1.02e+2 1.02e+2
    1.02e+2 1.02e+2 1.02e+2 1.02e+2 1.02e+2 1.02e+2 1.02e+2 1.02e+2 1.02e+2
    1.02e+2 1.02e+2 1.02e+2 1.02e+2 1.02e+2 1.02e+2 1.02e+2 1.02e+2 1.02e+2
    1.02e+2 1.02e+2 1.02e+2 1.02e+2 1.02e+2 1.02e+2 1.02e+2 1.02e+2 1.02e+2
    1.02e+2 1.02e+2 1.02e+2 1.02e+2 1.02e+2 1.02e+2 1.02e+2 1.02e+2 1.02e+2
    1.02e+2 1.02e+2 1.02e+2 1.02e+2 1.02e+2 1.02e+2 1.02e+2 1.02e+2 1.02e+2
    1.02e+2 1.02e+2 1.02e+2 1.02e+2 1.02e+2 1.02e+2 1.02e+2 1.02e+2 1.02e+2
    1.02e+2 1.02e+2 1.02e+2 1.02e+2 1.02e+2 1.02e+2 1.02e+2 1.02e+2 1.02e+2
    1.02e+2 1.02e+2 1.02e+2 1.02e+2 1.02e+2 1.02e+2 1.02e+2 1.02e+2 1.02e+2
    1.02e+2 1.02e+2 1.02e+2 1.02e+2 1.02e+2 1.02e+2 1.02e+2 1.02e+2 1.02e+2
    1.02e+2 1.02e+2 1.02e+2 1.0216666666666667e+2 1.022e+2 1.0225e+2 1.0225e+2
    1.0228571428571429e+2 1.0233333333333333e+2 1.0233333333333333e+2
    1.0233333333333333e+2 1.0233333333333333e+2 1.0233333333333333e+2
    1.0240000000000001e+2 1.025e+2 1.025e+2 1.025e+2 1.0259999999999999e+2
    1.0266666666666667e+2 1.0266666666666667e+2 1.0275e+2 1.028e+2 1.03e+2
    1.03e+2 1.03e+2 1.03e+2 1.03e+2 1.03e+2 1.03e+2 1.03e+2 1.03e+2
    1.0314285714285714e+2 1.0314285714285714e+2 1.0316666666666667e+2 1.0325e+2
    1.0333333333333333e+2 1.0333333333333333e+2 1.0333333333333333e+2
    1.03375e+2 1.0342857142857143e+2 1.0357142857142857e+2
    1.0359999999999999e+2 1.0359999999999999e+2 1.0359999999999999e+2
    1.0366666666666667e+2 1.0366666666666667e+2 1.0371428571428571e+2 1.0375e+2
    1.0375e+2 1.0375e+2 1.038e+2 1.038e+2 1.0385714285714286e+2
    1.0388888888888889e+2 1.04e+2 1.04e+2 1.04e+2 1.04e+2 1.04e+2 1.04e+2
    1.04e+2 1.04e+2 1.04e+2 1.04e+2 1.04e+2 1.04e+2 1.0409999999999999e+2
    1.0411111111111111e+2 1.0416666666666667e+2 1.0416666666666667e+2 1.042e+2
    1.042e+2 1.0425e+2 1.0433333333333333e+2 1.0433333333333333e+2
    1.0433333333333333e+2 1.0440000000000001e+2 1.0441666666666667e+2 1.045e+2
    1.045e+2 1.045e+2 1.045e+2 1.0459999999999999e+2 1.04625e+2
    1.0471428571428571e+2 1.0471428571428571e+2 1.0471428571428571e+2 1.0475e+2
    1.048e+2 1.0483333333333333e+2 1.04875e+2 1.0490000000000001e+2 1.05e+2
    1.05e+2 1.05e+2 1.05e+2 1.05e+2 1.05e+2 1.05e+2 1.05e+2 1.05e+2 1.05e+2
    1.05e+2 1.0514285714285714e+2 1.0516666666666667e+2 1.0516666666666667e+2
    1.052e+2 1.052e+2 1.0525e+2 1.0525e+2 1.0533333333333333e+2
    1.0535294117647059e+2 1.0540000000000001e+2 1.055e+2 1.055e+2
    1.0557142857142857e+2 1.0566666666666667e+2 1.0571428571428571e+2 1.0575e+2
    1.0575e+2 1.0583333333333333e+2 1.0583333333333333e+2 1.06e+2 1.06e+2
    1.06e+2 1.06e+2 1.06e+2 1.06e+2 1.06e+2 1.06e+2 1.06e+2
    1.0611111111111111e+2 1.062e+2 1.0633333333333333e+2 1.0633333333333333e+2
    1.0633333333333333e+2 1.0640000000000001e+2 1.0641666666666667e+2 1.065e+2
    1.065e+2 1.0666666666666667e+2 1.0675e+2 1.0675e+2 1.0675e+2 1.0675e+2
    1.068e+2 1.06875e+2 1.07e+2 1.07e+2 1.07e+2 1.07e+2 1.07e+2 1.07e+2 1.07e+2
    1.07e+2 1.07e+2 1.07e+2 1.07125e+2 1.0716666666666667e+2
    1.0728571428571429e+2 1.0733333333333333e+2 1.0740000000000001e+2
    1.0742857142857143e+2 1.075e+2 1.075e+2 1.0755555555555556e+2
    1.0758333333333333e+2 1.0759999999999999e+2 1.07625e+2 1.07625e+2
    1.0766666666666667e+2 1.0771428571428571e+2 1.0775e+2 1.0775e+2 1.078e+2
    1.078e+2 1.08e+2 1.08e+2 1.08e+2 1.08e+2 1.08e+2 1.08e+2 1.08e+2 1.08e+2
    1.08e+2 1.08e+2 1.0811111111111111e+2 1.0816666666666667e+2
    1.0816666666666667e+2 1.082e+2 1.082e+2 1.082e+2 1.0828571428571429e+2
    1.08375e+2 1.0842857142857143e+2 1.085e+2 1.085e+2 1.085e+2
    1.0859999999999999e+2 1.08625e+2 1.0866666666666667e+2
    1.0866666666666667e+2 1.0871428571428571e+2 1.0877777777777777e+2 1.088e+2
    1.0885714285714286e+2 1.0888888888888889e+2 1.09e+2 1.09e+2 1.09e+2 1.09e+2
    1.09e+2 1.09e+2 1.0914285714285714e+2 1.0916666666666667e+2 1.0925e+2
    1.0928571428571429e+2 1.0933333333333333e+2 1.0936363636363636e+2
    1.09375e+2 1.0942857142857143e+2 1.095e+2 1.095e+2 1.095e+2 1.095e+2
    1.095e+2 1.095e+2 1.0959999999999999e+2 1.0959999999999999e+2
    1.0966666666666667e+2 1.0966666666666667e+2 1.0975e+2 1.0985714285714286e+2
    1.1e+2 1.1e+2 1.1e+2 1.1e+2 1.1e+2 1.1e+2 1.1e+2 1.1e+2 1.1e+2 1.1e+2
    1.102e+2 1.1033333333333333e+2 1.10375e+2 1.10375e+2 1.105e+2 1.105e+2
    1.105e+2 1.105e+2 1.105e+2 1.1059999999999999e+2 1.1059999999999999e+2
    1.1066666666666667e+2 1.1066666666666667e+2 1.1075e+2 1.108e+2 1.108e+2
    1.11e+2 1.11e+2 1.11e+2 1.11e+2 1.11e+2 1.11e+2 1.11e+2 1.11e+2 1.11e+2
    1.11e+2 1.11e+2 1.1125e+2 1.1125e+2 1.1128571428571429e+2
    1.1133333333333333e+2 1.1136363636363636e+2 1.1140000000000001e+2
    1.1140000000000001e+2 1.1142857142857143e+2 1.1142857142857143e+2 1.115e+2
    1.115e+2 1.115e+2 1.115e+2 1.1157142857142857e+2 1.1166666666666667e+2
    1.1166666666666667e+2 1.1171428571428571e+2 1.11875e+2 1.12e+2 1.12e+2
    1.12e+2 1.12e+2 1.12e+2 1.12e+2 1.12e+2 1.12e+2 1.1214285714285714e+2
    1.122e+2 1.123e+2 1.1233333333333333e+2 1.12375e+2 1.1240000000000001e+2
    1.125e+2 1.125e+2 1.125e+2 1.125e+2 1.125e+2 1.125e+2 1.1255555555555556e+2
    1.1257142857142857e+2 1.1266666666666667e+2 1.126875e+2 1.1275e+2 1.128e+2
    1.128e+2 1.1283333333333333e+2 1.1283333333333333e+2 1.1288888888888889e+2
    1.13e+2 1.13e+2 1.13e+2 1.13e+2 1.13e+2 1.13e+2 1.13e+2 1.13e+2 1.13e+2
    1.13e+2 1.13e+2 1.13e+2 1.1316666666666667e+2 1.132e+2 1.1325e+2 1.1325e+2
    1.1325e+2 1.1333333333333333e+2 1.1333333333333333e+2 1.1340000000000001e+2
    1.1340000000000001e+2 1.1340000000000001e+2 1.1342857142857143e+2
    1.1342857142857143e+2 1.135e+2 1.135e+2 1.1357142857142857e+2
    1.1366666666666667e+2 1.1366666666666667e+2 1.1375e+2 1.1375e+2 1.138e+2
    1.1390909090909091e+2 1.14e+2 1.14e+2 1.14e+2 1.14e+2 1.14e+2 1.14e+2
    1.14e+2 1.14e+2 1.14e+2 1.14e+2 1.14e+2 1.14e+2 1.14e+2 1.14e+2
    1.1411111111111111e+2 1.1416666666666667e+2 1.1422222222222223e+2 1.1425e+2
    1.1425e+2 1.1428571428571429e+2 1.1433333333333333e+2 1.1440000000000001e+2
    1.1447368421052632e+2 1.145e+2 1.145e+2 1.1459999999999999e+2
    1.1466666666666667e+2 1.1466666666666667e+2 1.1466666666666667e+2 1.1475e+2
    1.1483333333333333e+2 1.15e+2 1.15e+2 1.15e+2 1.15e+2 1.15e+2 1.15e+2
    1.15e+2 1.15e+2 1.15e+2 1.15e+2 1.15e+2 1.15125e+2 1.1525e+2 1.1525e+2
    1.1528571428571429e+2 1.1528571428571429e+2 1.1533333333333333e+2
    1.1533333333333333e+2 1.1533333333333333e+2 1.155e+2 1.155e+2 1.155e+2
    1.1558333333333333e+2 1.1559999999999999e+2 1.15625e+2
    1.1566666666666667e+2 1.1571428571428571e+2 1.1575e+2 1.1575e+2
    1.1578947368421052e+2 1.1583333333333333e+2 1.16e+2 1.16e+2 1.16e+2 1.16e+2
    1.16e+2 1.16e+2 1.16e+2 1.16e+2 1.16e+2 1.16e+2 1.16e+2
    1.1616666666666667e+2 1.1616666666666667e+2 1.1625e+2 1.1628571428571429e+2
    1.1633333333333333e+2 1.1640000000000001e+2 1.1640000000000001e+2
    1.1642857142857143e+2 1.165e+2 1.165e+2 1.165e+2 1.165e+2 1.165e+2
    1.1659999999999999e+2 1.1659999999999999e+2 1.1666666666666667e+2
    1.1666666666666667e+2 1.1666666666666667e+2 1.1675e+2 1.1683333333333333e+2
    1.1685714285714286e+2 1.17e+2 1.17e+2 1.17e+2 1.17e+2 1.17e+2 1.17e+2
    1.17e+2 1.17e+2 1.17e+2 1.1716666666666667e+2 1.1716666666666667e+2
    1.172e+2 1.172e+2 1.1725e+2 1.1728571428571429e+2 1.173e+2
    1.1733333333333333e+2 1.1733333333333333e+2 1.17375e+2
    1.1740000000000001e+2 1.1740000000000001e+2 1.175e+2 1.175e+2 1.175e+2
    1.175e+2 1.1757142857142857e+2 1.1757142857142857e+2 1.1757142857142857e+2
    1.1759999999999999e+2 1.1766666666666667e+2 1.1766666666666667e+2
    1.1766666666666667e+2 1.178e+2 1.178e+2 1.178e+2 1.1785714285714286e+2
    1.18e+2 1.18e+2 1.18e+2 1.18e+2 1.18e+2 1.18125e+2 1.1816666666666667e+2
    1.1816666666666667e+2 1.182e+2 1.1828571428571429e+2 1.1833333333333333e+2
    1.18375e+2 1.1844444444444444e+2 1.185e+2 1.185e+2 1.185e+2 1.185e+2
    1.185e+2 1.185e+2 1.18625e+2 1.1866666666666667e+2 1.1866666666666667e+2
    1.188e+2 1.1883333333333333e+2 1.1885714285714286e+2 1.19e+2 1.19e+2
    1.19e+2 1.19e+2 1.19e+2 1.19e+2 1.1914285714285714e+2 1.1916666666666667e+2
    1.192e+2 1.1926666666666667e+2 1.1933333333333333e+2 1.1933333333333333e+2
    1.1933333333333333e+2 1.19375e+2 1.1942857142857143e+2
    1.1944444444444444e+2 1.195e+2 1.195e+2 1.195e+2 1.195e+2
    1.1959999999999999e+2 1.1966666666666667e+2 1.1966666666666667e+2
    1.1966666666666667e+2 1.1966666666666667e+2 1.1971428571428571e+2 1.1975e+2
    1.198e+2 1.1985714285714286e+2 1.2e+2 1.2e+2 1.2e+2 1.2e+2 1.2e+2 1.2e+2
    1.2e+2 1.2e+2 1.2e+2 1.2016666666666667e+2 1.202e+2 1.2025e+2 1.2025e+2
    1.2033333333333333e+2 1.2033333333333333e+2 1.20375e+2
    1.2040000000000001e+2 1.205e+2 1.205e+2 1.205e+2 1.205e+2
    1.2057142857142857e+2 1.2059999999999999e+2 1.2066666666666667e+2
    1.2066666666666667e+2 1.2066666666666667e+2 1.2075e+2 1.208e+2 1.208e+2
    1.208e+2 1.2083333333333333e+2 1.20875e+2 1.21e+2 1.21e+2 1.21e+2 1.21e+2
    1.21e+2 1.21e+2 1.2109999999999999e+2 1.2125e+2 1.2125e+2 1.2125e+2
    1.2125e+2 1.2133333333333333e+2 1.2133333333333333e+2 1.21375e+2
    1.2142857142857143e+2 1.215e+2 1.215e+2 1.215e+2 1.215e+2 1.215e+2 1.215e+2
    1.2157142857142857e+2 1.2166666666666667e+2 1.2166666666666667e+2
    1.2166666666666667e+2 1.2175e+2 1.2175e+2 1.2185714285714286e+2 1.22e+2
    1.22e+2 1.22e+2 1.22e+2 1.22e+2 1.22e+2 1.22e+2 1.22e+2 1.22e+2 1.22e+2
    1.22e+2 1.22e+2 1.2216666666666667e+2 1.222e+2 1.2222222222222223e+2
    1.2225e+2 1.2233333333333333e+2 1.2233333333333333e+2 1.2240000000000001e+2
    1.225e+2 1.225e+2 1.225e+2 1.225e+2 1.2257142857142857e+2
    1.2259999999999999e+2 1.2266666666666667e+2 1.2275e+2 1.2275e+2 1.2275e+2
    1.2290000000000001e+2 1.23e+2 1.23e+2 1.23e+2 1.23e+2 1.23e+2 1.23e+2
    1.23e+2 1.23e+2 1.23e+2 1.23e+2 1.23e+2 1.23e+2 1.23e+2 1.23e+2 1.23e+2
    1.2314285714285714e+2 1.2325e+2 1.2325e+2 1.2333333333333333e+2
    1.2340000000000001e+2 1.2340000000000001e+2 1.235e+2 1.2357142857142857e+2
    1.23625e+2 1.2366666666666667e+2 1.2366666666666667e+2
    1.2366666666666667e+2 1.2366666666666667e+2 1.237e+2 1.2375e+2
    1.2383333333333333e+2 1.23875e+2 1.24e+2 1.24e+2 1.24e+2 1.24e+2 1.24e+2
    1.24e+2 1.24e+2 1.24e+2 1.24e+2 1.24e+2 1.24e+2 1.24e+2
    1.2416666666666667e+2 1.242e+2 1.242e+2 1.242e+2 1.2425e+2 1.2425e+2
    1.2433333333333333e+2 1.2433333333333333e+2 1.2433333333333333e+2
    1.2433333333333333e+2 1.245e+2 1.245e+2 1.245e+2 1.245e+2 1.245e+2
    1.2457142857142857e+2 1.24625e+2 1.2471428571428571e+2
    1.2471428571428571e+2 1.248e+2 1.248e+2 1.2485714285714286e+2 1.25e+2
    1.25e+2 1.25e+2 1.25e+2 1.25e+2 1.25e+2 1.25e+2 1.25e+2 1.25e+2 1.25e+2
    1.25e+2 1.25e+2 1.25e+2 1.25e+2 1.25e+2 1.25e+2 1.25e+2 1.25e+2
    1.2514285714285714e+2 1.252e+2 1.252e+2 1.252e+2 1.252e+2
    1.2522222222222223e+2 1.2525e+2 1.2533333333333333e+2 1.2533333333333333e+2
    1.2540000000000001e+2 1.2540000000000001e+2 1.255e+2 1.255e+2 1.255e+2
    1.2554545454545455e+2 1.2557142857142857e+2 1.2559999999999999e+2
    1.2566666666666667e+2 1.2566666666666667e+2 1.2571428571428571e+2 1.2575e+2
    1.2575e+2 1.2590000000000001e+2 1.2591666666666667e+2 1.26e+2 1.26e+2
    1.26e+2 1.26e+2 1.26e+2 1.26e+2 1.26e+2 1.26e+2 1.26e+2 1.26e+2 1.26e+2
    1.26e+2 1.26e+2 1.26e+2 1.26e+2 1.26e+2 1.26e+2 1.26e+2
    1.2611111111111111e+2 1.2614285714285714e+2 1.262e+2 1.262e+2
    1.2633333333333333e+2 1.2633333333333333e+2 1.2633333333333333e+2
    1.2642857142857143e+2 1.2642857142857143e+2 1.2645454545454545e+2 1.265e+2
    1.265e+2 1.265e+2 1.265e+2 1.265e+2 1.2659999999999999e+2
    1.2659999999999999e+2 1.2666666666666667e+2 1.2666666666666667e+2 1.2675e+2
    1.268e+2 1.2683333333333333e+2 1.27e+2 1.27e+2 1.27e+2 1.27e+2 1.27e+2
    1.27e+2 1.27e+2 1.27e+2 1.27e+2 1.27e+2 1.27e+2 1.27e+2 1.27e+2 1.27e+2
    1.2708333333333333e+2 1.272e+2 1.273e+2 1.27375e+2 1.2741176470588235e+2
    1.2742857142857143e+2 1.275e+2 1.275e+2 1.275e+2 1.275e+2 1.275e+2
    1.2759999999999999e+2 1.2766666666666667e+2 1.2775e+2 1.2775e+2 1.278e+2
    1.2785714285714286e+2 1.27875e+2 1.279375e+2 1.28e+2 1.28e+2 1.28e+2
    1.28e+2 1.28e+2 1.28e+2 1.28e+2 1.28e+2 1.28e+2 1.2814285714285714e+2
    1.2816666666666666e+2 1.2825e+2 1.2830000000000001e+2 1.2833333333333334e+2
    1.2833333333333334e+2 1.2840000000000001e+2 1.285e+2 1.285e+2 1.285e+2
    1.285e+2 1.285e+2 1.285e+2 1.2859999999999999e+2 1.2859999999999999e+2
    1.2866666666666666e+2 1.2875e+2 1.2877777777777777e+2 1.28875e+2 1.29e+2
    1.29e+2 1.29e+2 1.29e+2 1.29e+2 1.29e+2 1.29e+2 1.29e+2 1.29e+2 1.29e+2
    1.29e+2 1.29e+2 1.29e+2 1.29e+2 1.29e+2 1.29e+2 1.2916666666666666e+2
    1.2919999999999999e+2 1.2921428571428572e+2 1.2925e+2 1.2926666666666668e+2
    1.2928571428571428e+2 1.2933333333333334e+2 1.2933333333333334e+2
    1.2933333333333334e+2 1.2942857142857142e+2 1.295e+2 1.295e+2 1.295e+2
    1.295e+2 1.295e+2 1.295e+2 1.29625e+2 1.2966666666666666e+2
    1.2966666666666666e+2 1.2971428571428572e+2 1.2975e+2 1.2980000000000001e+2
    1.2983333333333334e+2 1.2983333333333334e+2 1.29875e+2 1.3e+2 1.3e+2 1.3e+2
    1.3e+2 1.3e+2 1.3e+2 1.3e+2 1.3e+2 1.3e+2 1.3e+2 1.3e+2 1.3e+2 1.3e+2
    1.3e+2 1.30125e+2 1.3019999999999999e+2 1.3025e+2 1.3025e+2
    1.3033333333333334e+2 1.3033333333333334e+2 1.3033333333333334e+2
    1.3036842105263159e+2 1.305e+2 1.305e+2 1.305e+2 1.305e+2 1.30625e+2
    1.3075e+2 1.3075e+2 1.3080000000000001e+2 1.3080000000000001e+2 1.31e+2
    1.31e+2 1.31e+2 1.31e+2 1.31e+2 1.31e+2 1.31e+2 1.31e+2 1.31e+2 1.31e+2
    1.31e+2 1.31e+2 1.31e+2 1.31e+2 1.3119999999999999e+2 1.3125e+2 1.3125e+2
    1.3128571428571428e+2 1.3130000000000001e+2 1.3133333333333334e+2
    1.3133333333333334e+2 1.3140000000000001e+2 1.3140000000000001e+2 1.315e+2
    1.315e+2 1.3159999999999999e+2 1.3166666666666666e+2 1.3166666666666666e+2
    1.3166666666666666e+2 1.3177777777777777e+2 1.3180000000000001e+2
    1.3188888888888889e+2 1.32e+2 1.32e+2 1.32e+2 1.32e+2 1.32e+2 1.32e+2
    1.32e+2 1.32e+2 1.32e+2 1.32e+2 1.32e+2 1.32e+2 1.32e+2 1.32e+2 1.32e+2
    1.32e+2 1.3216666666666666e+2 1.3219999999999999e+2 1.3219999999999999e+2
    1.3230000000000001e+2 1.3233333333333334e+2 1.325e+2 1.3269999999999999e+2
    1.3280000000000001e+2 1.328125e+2 1.3288888888888889e+2 1.33e+2 1.33e+2
    1.33e+2 1.33e+2 1.33e+2 1.33e+2 1.33e+2 1.33e+2 1.33e+2 1.33e+2 1.33e+2
    1.3309999999999999e+2 1.3319999999999999e+2 1.3325e+2 1.3333333333333334e+2
    1.3333333333333334e+2 1.3333333333333334e+2 1.3333333333333334e+2
    1.3333333333333334e+2 1.3333333333333334e+2 1.3340000000000001e+2
    1.3341666666666666e+2 1.335e+2 1.335e+2 1.3359999999999999e+2
    1.3366666666666666e+2 1.3366666666666666e+2 1.3366666666666666e+2
    1.3366666666666666e+2 1.3366666666666666e+2 1.3380000000000001e+2
    1.33875e+2 1.34e+2 1.34e+2 1.34e+2 1.34e+2 1.34e+2 1.34e+2 1.34e+2 1.34e+2
    1.34e+2 1.34e+2 1.34e+2 1.34e+2 1.34e+2 1.34e+2 1.3409999999999999e+2
    1.3419999999999999e+2 1.3425e+2 1.3425e+2 1.3425e+2 1.3433333333333334e+2
    1.345e+2 1.345e+2 1.345e+2 1.345e+2 1.3459999999999999e+2
    1.3459999999999999e+2 1.3459999999999999e+2 1.3466666666666666e+2 1.3475e+2
    1.3475e+2 1.3480000000000001e+2 1.34875e+2 1.35e+2 1.35e+2 1.35e+2 1.35e+2
    1.35e+2 1.35e+2 1.35e+2 1.35e+2 1.35e+2 1.35e+2 1.35e+2 1.35e+2 1.35e+2
    1.35e+2 1.3511111111111111e+2 1.3519999999999999e+2 1.3519999999999999e+2
    1.3525e+2 1.3525e+2 1.3528571428571428e+2 1.3530000000000001e+2
    1.3531578947368422e+2 1.3533333333333334e+2 1.3533333333333334e+2
    1.3540000000000001e+2 1.3540000000000001e+2 1.3545454545454547e+2 1.355e+2
    1.3558333333333334e+2 1.3559999999999999e+2 1.3566666666666666e+2 1.3575e+2
    1.3580000000000001e+2 1.3580000000000001e+2 1.3583333333333334e+2 1.36e+2
    1.36e+2 1.36e+2 1.36e+2 1.36e+2 1.36e+2 1.36e+2 1.36e+2 1.36e+2 1.36e+2
    1.36e+2 1.36e+2 1.3608333333333334e+2 1.3619999999999999e+2
    1.3619999999999999e+2 1.3619999999999999e+2 1.3628571428571428e+2
    1.3633333333333334e+2 1.3633333333333334e+2 1.3633333333333334e+2
    1.3635714285714286e+2 1.3640000000000001e+2 1.365e+2 1.365e+2 1.365e+2
    1.365e+2 1.3657142857142858e+2 1.3659999999999999e+2 1.36625e+2
    1.3666666666666666e+2 1.3666666666666666e+2 1.3675e+2 1.3675e+2 1.3675e+2
    1.3680000000000001e+2 1.3688888888888889e+2 1.3690000000000001e+2 1.37e+2
    1.37e+2 1.37e+2 1.37e+2 1.37e+2 1.37e+2 1.37e+2 1.37e+2 1.37e+2 1.37e+2
    1.37e+2 1.3709090909090909e+2 1.3719999999999999e+2 1.3719999999999999e+2
    1.3719999999999999e+2 1.3719999999999999e+2 1.3725e+2 1.3725e+2
    1.3733333333333334e+2 1.3733333333333334e+2 1.3733333333333334e+2
    1.3740000000000001e+2 1.375e+2 1.375e+2 1.375e+2 1.375e+2 1.375e+2 1.375e+2
    1.3759999999999999e+2 1.3766666666666666e+2 1.3766666666666666e+2
    1.3766666666666666e+2 1.3766666666666666e+2 1.3766666666666666e+2
    1.3766666666666666e+2 1.3766666666666666e+2 1.3770588235294119e+2 1.3775e+2
    1.3775e+2 1.3780000000000001e+2 1.3780000000000001e+2 1.3783333333333334e+2
    1.37875e+2 1.38e+2 1.38e+2 1.38e+2 1.38e+2 1.38e+2 1.38e+2 1.38e+2 1.38e+2
    1.38e+2 1.38e+2 1.38e+2 1.38e+2 1.38e+2 1.38e+2 1.3814285714285714e+2
    1.3819999999999999e+2 1.3819999999999999e+2 1.3822222222222223e+2 1.3825e+2
    1.3825e+2 1.3825e+2 1.3828571428571428e+2 1.3833333333333334e+2
    1.3833333333333334e+2 1.3833333333333334e+2 1.3833333333333334e+2
    1.38375e+2 1.3841176470588235e+2 1.3842857142857142e+2 1.385e+2 1.385e+2
    1.385e+2 1.385e+2 1.385e+2 1.3857142857142858e+2 1.3857894736842104e+2
    1.3859999999999999e+2 1.38625e+2 1.3866666666666666e+2
    1.3866666666666666e+2 1.3866666666666666e+2 1.3869999999999999e+2
    1.3871428571428572e+2 1.3875e+2 1.3875e+2 1.3880000000000001e+2
    1.3883333333333334e+2 1.3883333333333334e+2 1.39e+2 1.39e+2 1.39e+2 1.39e+2
    1.39e+2 1.39e+2 1.39e+2 1.39e+2 1.39e+2 1.3916666666666666e+2
    1.3919999999999999e+2 1.3919999999999999e+2 1.3919999999999999e+2
    1.3919999999999999e+2 1.3925e+2 1.3925e+2 1.3933333333333334e+2
    1.3933333333333334e+2 1.3940000000000001e+2 1.3941666666666666e+2 1.395e+2
    1.395e+2 1.395e+2 1.395e+2 1.395e+2 1.395e+2 1.395e+2 1.395e+2 1.395e+2
    1.395e+2 1.395e+2 1.3957142857142858e+2 1.3959999999999999e+2 1.39625e+2
    1.3963636363636363e+2 1.3966666666666666e+2 1.3975e+2 1.3975e+2 1.3975e+2
    1.3983333333333334e+2 1.3984210526315789e+2 1.3988235294117646e+2
    1.3988888888888889e+2 1.4e+2 1.4e+2 1.4e+2 1.4e+2 1.4e+2 1.4e+2 1.4e+2
    1.4e+2 1.4e+2 1.4e+2 1.4e+2 1.4e+2 1.4019999999999999e+2
    1.4019999999999999e+2 1.4019999999999999e+2 1.4019999999999999e+2
    1.4028571428571428e+2 1.4033333333333334e+2 1.40375e+2
    1.4040000000000001e+2 1.4040000000000001e+2 1.4040000000000001e+2
    1.4040000000000001e+2 1.4047058823529412e+2 1.405e+2 1.405e+2 1.405e+2
    1.405e+2 1.405e+2 1.405e+2 1.4059999999999999e+2 1.4059999999999999e+2
    1.4066666666666666e+2 1.4066666666666666e+2 1.4066666666666666e+2
    1.4069999999999999e+2 1.4071428571428572e+2 1.4075e+2 1.4075e+2 1.4075e+2
    1.4083333333333334e+2 1.41e+2 1.41e+2 1.41e+2 1.41e+2 1.41e+2 1.41e+2
    1.41e+2 1.41e+2 1.41e+2 1.41e+2 1.41e+2 1.41e+2 1.41e+2 1.41e+2 1.41e+2
    1.41e+2 1.41e+2 1.41e+2 1.41e+2 1.41e+2 1.41e+2 1.4116666666666666e+2
    1.4116666666666666e+2 1.4116666666666666e+2 1.4118181818181819e+2
    1.4119999999999999e+2 1.4125e+2 1.4125e+2 1.4133333333333334e+2
    1.4133333333333334e+2 1.4140000000000001e+2 1.4140000000000001e+2
    1.4141666666666666e+2 1.4142857142857142e+2 1.415e+2 1.415e+2 1.415e+2
    1.415e+2 1.415e+2 1.4159999999999999e+2 1.4166666666666666e+2
    1.4166666666666666e+2 1.4166666666666666e+2 1.4166666666666666e+2
    1.4166666666666666e+2 1.4166666666666666e+2 1.4175e+2 1.4175e+2
    1.4180000000000001e+2 1.41875e+2 1.42e+2 1.42e+2 1.42e+2 1.42e+2 1.42e+2
    1.42e+2 1.42e+2 1.42e+2 1.42e+2 1.42e+2 1.42e+2 1.42e+2 1.42e+2
    1.4209999999999999e+2 1.4209999999999999e+2 1.4216666666666666e+2 1.4225e+2
    1.4225e+2 1.4225e+2 1.4225e+2 1.4229411764705881e+2 1.4233333333333334e+2
    1.4233333333333334e+2 1.4241666666666666e+2 1.425e+2 1.425e+2 1.425e+2
    1.425e+2 1.425e+2 1.4257142857142858e+2 1.4259999999999999e+2
    1.4266666666666666e+2 1.4266666666666666e+2 1.4266666666666666e+2
    1.4280000000000001e+2 1.4285714285714286e+2 1.4290000000000001e+2 1.43e+2
    1.43e+2 1.43e+2 1.43e+2 1.43e+2 1.43e+2 1.43e+2 1.43e+2 1.43e+2 1.43e+2
    1.43e+2 1.43e+2 1.4308333333333334e+2 1.4309999999999999e+2 1.43125e+2
    1.4314285714285714e+2 1.4319999999999999e+2 1.4325e+2 1.4325e+2
    1.4333333333333334e+2 1.4340000000000001e+2 1.4340000000000001e+2
    1.4344444444444446e+2 1.435e+2 1.435e+2 1.4359999999999999e+2
    1.4366666666666666e+2 1.4366666666666666e+2 1.4366666666666666e+2 1.4375e+2
    1.4375e+2 1.4380000000000001e+2 1.4383333333333334e+2 1.4383333333333334e+2
    1.4388888888888889e+2 1.44e+2 1.44e+2 1.44e+2 1.44e+2 1.44e+2 1.44e+2
    1.44e+2 1.44e+2 1.44e+2 1.44e+2 1.44e+2 1.44e+2 1.44e+2 1.44e+2 1.44e+2
    1.4410526315789474e+2 1.4413333333333333e+2 1.4419999999999999e+2
    1.4419999999999999e+2 1.4419999999999999e+2 1.4425e+2 1.4430000000000001e+2
    1.4433333333333334e+2 1.4433333333333334e+2 1.44375e+2
    1.4441666666666666e+2 1.4447058823529412e+2 1.445e+2 1.445e+2 1.445e+2
    1.4464285714285714e+2 1.4466666666666666e+2 1.4466666666666666e+2
    1.4471428571428572e+2 1.4475e+2 1.4477777777777777e+2 1.4480000000000001e+2
    1.4480000000000001e+2 1.4483333333333334e+2 1.4485714285714286e+2 1.45e+2
    1.45e+2 1.45e+2 1.45e+2 1.45e+2 1.45e+2 1.45e+2 1.45e+2 1.45e+2 1.45e+2
    1.45e+2 1.45e+2 1.4511111111111111e+2 1.4514285714285714e+2
    1.4528571428571428e+2 1.4533333333333334e+2 1.4542857142857142e+2 1.455e+2
    1.455e+2 1.455e+2 1.455e+2 1.455e+2 1.4555555555555554e+2
    1.4559999999999999e+2 1.4564705882352942e+2 1.4566666666666666e+2
    1.4569999999999999e+2 1.4580000000000001e+2 1.4583333333333334e+2
    1.4585714285714286e+2 1.4594117647058823e+2 1.46e+2 1.46e+2 1.46e+2 1.46e+2
    1.46e+2 1.46e+2 1.46e+2 1.46e+2 1.46e+2 1.46e+2 1.46e+2 1.46e+2 1.46e+2
    1.46e+2 1.46e+2 1.46e+2 1.46e+2 1.4608333333333334e+2 1.4616666666666666e+2
    1.4619999999999999e+2 1.4633333333333334e+2 1.4633333333333334e+2
    1.4633333333333334e+2 1.4633333333333334e+2 1.46375e+2 1.46375e+2 1.465e+2
    1.465e+2 1.4658333333333334e+2 1.4666666666666666e+2 1.4666666666666666e+2
    1.4666666666666666e+2 1.4675e+2 1.4680000000000001e+2 1.4680000000000001e+2
    1.4680000000000001e+2 1.4680000000000001e+2 1.4685714285714286e+2
    1.4685714285714286e+2 1.47e+2 1.47e+2 1.47e+2 1.47e+2 1.47e+2 1.47e+2
    1.47e+2 1.47e+2 1.47e+2 1.4714285714285714e+2 1.4716666666666666e+2
    1.4719999999999999e+2 1.4719999999999999e+2 1.4725e+2 1.4725e+2 1.4725e+2
    1.4733333333333334e+2 1.4733333333333334e+2 1.4733333333333334e+2
    1.4733333333333334e+2 1.4740000000000001e+2 1.4740000000000001e+2
    1.4740000000000001e+2 1.4742857142857142e+2 1.4742857142857142e+2
    1.4742857142857142e+2 1.475e+2 1.475e+2 1.475e+2 1.475e+2
    1.4755555555555554e+2 1.4757142857142858e+2 1.4759999999999999e+2
    1.4761538461538461e+2 1.4766666666666666e+2 1.4766666666666666e+2
    1.4766666666666666e+2 1.4775e+2 1.4775e+2 1.4775e+2 1.4775e+2
    1.4777777777777777e+2 1.4783333333333334e+2 1.48e+2 1.48e+2 1.48e+2 1.48e+2
    1.48e+2 1.48e+2 1.48e+2 1.48e+2 1.48e+2 1.48e+2 1.48e+2 1.48e+2 1.48e+2
    1.4814285714285714e+2 1.4814285714285714e+2 1.4816666666666666e+2
    1.4828571428571428e+2 1.4833333333333334e+2 1.4840000000000001e+2
    1.4841666666666666e+2 1.4847368421052633e+2 1.485e+2 1.485e+2 1.485e+2
    1.4866666666666666e+2 1.4871428571428572e+2 1.4880000000000001e+2
    1.4880000000000001e+2 1.4892857142857142e+2 1.49e+2 1.49e+2 1.49e+2 1.49e+2
    1.49e+2 1.49e+2 1.49e+2 1.49e+2 1.49e+2 1.49e+2 1.49e+2 1.49e+2 1.49e+2
    1.4906666666666666e+2 1.4914285714285714e+2 1.4919999999999999e+2
    1.4919999999999999e+2 1.4925e+2 1.4925e+2 1.4925e+2 1.4933333333333334e+2
    1.4933333333333334e+2 1.4940000000000001e+2 1.4940000000000001e+2 1.495e+2
    1.495e+2 1.495e+2 1.495e+2 1.4959999999999999e+2 1.4959999999999999e+2
    1.4959999999999999e+2 1.4966666666666666e+2 1.4975e+2 1.4975e+2 1.4975e+2
    1.4980000000000001e+2 1.4980000000000001e+2 1.49875e+2 1.5e+2 1.5e+2 1.5e+2
    1.5e+2 1.5e+2 1.5e+2 1.5e+2 1.5e+2 1.5e+2 1.5e+2 1.5e+2 1.5e+2 1.5e+2
    1.5009999999999999e+2 1.5014285714285714e+2 1.5014285714285714e+2
    1.5014285714285714e+2 1.5014285714285714e+2 1.5014285714285714e+2
    1.5019999999999999e+2 1.5025e+2 1.5028571428571428e+2 1.5033333333333334e+2
    1.5033333333333334e+2 1.5040000000000001e+2 1.5042857142857142e+2 1.505e+2
    1.505e+2 1.505e+2 1.505e+2 1.5057142857142858e+2 1.5059999999999999e+2
    1.50625e+2 1.5066666666666666e+2 1.5066666666666666e+2
    1.5066666666666666e+2 1.5071428571428572e+2 1.5071428571428572e+2
    1.5071428571428572e+2 1.5075e+2 1.50875e+2 1.5090000000000001e+2
    1.5094117647058823e+2 1.51e+2 1.51e+2 1.51e+2 1.51e+2 1.51e+2 1.51e+2
    1.51e+2 1.51e+2 1.51e+2 1.51e+2 1.5108333333333334e+2 1.5114285714285714e+2
    1.5114285714285714e+2 1.5116666666666666e+2 1.5125e+2 1.5125e+2
    1.5130000000000001e+2 1.5133333333333334e+2 1.5133333333333334e+2
    1.5133333333333334e+2 1.5133333333333334e+2 1.5133333333333334e+2
    1.5133333333333334e+2 1.5140000000000001e+2 1.5140000000000001e+2 1.515e+2
    1.515e+2 1.515e+2 1.515e+2 1.5157142857142858e+2 1.5159999999999999e+2
    1.5166666666666666e+2 1.5166666666666666e+2 1.5175e+2 1.5177777777777777e+2
    1.5180000000000001e+2 1.5180000000000001e+2 1.5180000000000001e+2
    1.5180000000000001e+2 1.5185714285714286e+2 1.5185714285714286e+2
    1.5185714285714286e+2 1.52e+2 1.52e+2 1.52e+2 1.52e+2 1.52e+2 1.52e+2
    1.52e+2 1.52e+2 1.52e+2 1.52e+2 1.52e+2 1.5215789473684211e+2
    1.5216666666666666e+2 1.5216666666666666e+2 1.5225e+2 1.5225e+2
    1.5228571428571428e+2 1.5233333333333334e+2 1.5233333333333334e+2
    1.5242857142857142e+2 1.525e+2 1.525e+2 1.525e+2 1.525e+2
    1.5257142857142858e+2 1.5259999999999999e+2 1.5259999999999999e+2
    1.5266666666666666e+2 1.5266666666666666e+2 1.5266666666666666e+2
    1.5266666666666666e+2 1.5266666666666666e+2 1.5266666666666666e+2
    1.5271428571428572e+2 1.5271428571428572e+2 1.5271428571428572e+2 1.5275e+2
    1.5275e+2 1.5275e+2 1.5275e+2 1.5275e+2 1.5275e+2 1.5275e+2
    1.5280000000000001e+2 1.5280000000000001e+2 1.5280000000000001e+2
    1.5280000000000001e+2 1.5280000000000001e+2 1.5283333333333334e+2 1.53e+2
    1.53e+2 1.53e+2 1.53e+2 1.53e+2 1.53e+2 1.53e+2 1.53e+2 1.53e+2 1.53e+2
    1.53e+2 1.53e+2 1.53e+2 1.53e+2 1.53e+2 1.53e+2 1.53e+2 1.53e+2
    1.5310526315789474e+2 1.53125e+2 1.5314285714285714e+2
    1.5316666666666666e+2 1.5316666666666666e+2 1.5319999999999999e+2 1.5325e+2
    1.5325e+2 1.5333333333333334e+2 1.5333333333333334e+2 1.53375e+2
    1.5340000000000001e+2 1.5340000000000001e+2 1.5340000000000001e+2
    1.5341666666666666e+2 1.535e+2 1.535e+2 1.535e+2 1.535e+2
    1.5358333333333334e+2 1.5359999999999999e+2 1.53625e+2
    1.5366666666666666e+2 1.5366666666666666e+2 1.5366666666666666e+2 1.5375e+2
    1.5375e+2 1.5375e+2 1.5377777777777777e+2 1.5380000000000001e+2
    1.5380000000000001e+2 1.5380000000000001e+2 1.5381818181818181e+2
    1.5383333333333334e+2 1.5383333333333334e+2 1.5385714285714286e+2 1.54e+2
    1.54e+2 1.54e+2 1.54e+2 1.54e+2 1.54e+2 1.54e+2 1.54e+2 1.54e+2 1.54e+2
    1.54e+2 1.5413333333333333e+2 1.5419999999999999e+2 1.5425e+2
    1.5433333333333334e+2 1.5433333333333334e+2 1.5433333333333334e+2
    1.5433333333333334e+2 1.5433333333333334e+2 1.54375e+2
    1.5440000000000001e+2 1.5440000000000001e+2 1.5441666666666666e+2 1.545e+2
    1.545e+2 1.545e+2 1.545e+2 1.545e+2 1.545e+2 1.545e+2 1.545e+2 1.545e+2
    1.545e+2 1.5466666666666666e+2 1.5466666666666666e+2 1.5466666666666666e+2
    1.5466666666666666e+2 1.5466666666666666e+2 1.5466666666666666e+2
    1.5466666666666666e+2 1.5466666666666666e+2 1.5480000000000001e+2
    1.5480000000000001e+2 1.5480000000000001e+2 1.54875e+2
    1.5490000000000001e+2 1.55e+2 1.55e+2 1.55e+2 1.55e+2 1.55e+2 1.55e+2
    1.55e+2 1.55e+2 1.55e+2 1.55e+2 1.55e+2 1.55e+2 1.55e+2
    1.5511764705882354e+2 1.5516666666666666e+2 1.5516666666666666e+2
    1.5519999999999999e+2 1.5519999999999999e+2 1.5525e+2 1.5526666666666668e+2
    1.5533333333333334e+2 1.55375e+2 1.5540000000000001e+2
    1.5540000000000001e+2 1.5542857142857142e+2 1.5542857142857142e+2 1.555e+2
    1.555e+2 1.555e+2 1.555625e+2 1.5557142857142858e+2 1.5559999999999999e+2
    1.55625e+2 1.5580000000000001e+2 1.5580000000000001e+2
    1.5580000000000001e+2 1.5583333333333334e+2 1.5583333333333334e+2
    1.5585714285714286e+2 1.56e+2 1.56e+2 1.56e+2 1.56e+2 1.56e+2 1.56e+2
    1.56e+2 1.56e+2 1.56e+2 1.56e+2 1.56e+2 1.56e+2 1.56e+2 1.56e+2 1.56e+2
    1.56e+2 1.56e+2 1.56e+2 1.56e+2 1.5614285714285714e+2 1.5619999999999999e+2
    1.5619999999999999e+2 1.5625e+2 1.5625e+2 1.5628571428571428e+2
    1.5628571428571428e+2 1.5633333333333334e+2 1.5633333333333334e+2
    1.5633333333333334e+2 1.5635294117647058e+2 1.565e+2 1.565e+2 1.565e+2
    1.565e+2 1.565e+2 1.5652631578947367e+2 1.5657142857142858e+2
    1.5658333333333334e+2 1.5659999999999999e+2 1.5666666666666666e+2
    1.5666666666666666e+2 1.5666666666666666e+2 1.5669999999999999e+2 1.5675e+2
    1.5675e+2 1.5680000000000001e+2 1.5685714285714286e+2 1.5686666666666667e+2
    1.57e+2 1.57e+2 1.57e+2 1.57e+2 1.57e+2 1.57e+2 1.57e+2 1.57e+2 1.57e+2
    1.5708333333333334e+2 1.5714285714285714e+2 1.5716666666666666e+2
    1.5716666666666666e+2 1.5718181818181819e+2 1.5719999999999999e+2
    1.5721428571428572e+2 1.5725e+2 1.5725e+2 1.5725e+2 1.5731818181818181e+2
    1.5733333333333334e+2 1.5733333333333334e+2 1.5735294117647058e+2
    1.5740000000000001e+2 1.5740000000000001e+2 1.5740000000000001e+2
    1.5742857142857142e+2 1.5742857142857142e+2 1.575e+2 1.575e+2
    1.5759999999999999e+2 1.57625e+2 1.5766666666666666e+2
    1.5766666666666666e+2 1.5769999999999999e+2 1.5775e+2 1.5775e+2
    1.5777777777777777e+2 1.5780000000000001e+2 1.5783333333333334e+2
    1.5783333333333334e+2 1.5783333333333334e+2 1.5785714285714286e+2
    1.5794117647058823e+2 1.58e+2 1.58e+2 1.58e+2 1.58e+2 1.58e+2 1.58e+2
    1.58e+2 1.58e+2 1.58e+2 1.58e+2 1.58e+2 1.5806666666666666e+2
    1.5808333333333334e+2 1.58125e+2 1.5814285714285714e+2
    1.5816666666666666e+2 1.5825e+2 1.5826666666666668e+2 1.5833333333333334e+2
    1.5833333333333334e+2 1.5833333333333334e+2 1.5840000000000001e+2
    1.5846666666666667e+2 1.585e+2 1.585e+2 1.585e+2 1.585e+2 1.585e+2 1.585e+2
    1.5859999999999999e+2 1.5859999999999999e+2 1.5859999999999999e+2
    1.5859999999999999e+2 1.5866666666666666e+2 1.5866666666666666e+2
    1.5866666666666666e+2 1.5866666666666666e+2 1.5866666666666666e+2
    1.5866666666666666e+2 1.5875e+2 1.5875e+2 1.5875e+2 1.5880000000000001e+2
    1.5880000000000001e+2 1.5880000000000001e+2 1.5883333333333334e+2
    1.5885714285714286e+2 1.59e+2 1.59e+2 1.59e+2 1.59e+2 1.59e+2 1.59e+2
    1.59e+2 1.59e+2 1.59e+2 1.59e+2 1.59e+2 1.5916666666666666e+2 1.5925e+2
    1.5930000000000001e+2 1.5933333333333334e+2 1.5942857142857142e+2 1.595e+2
    1.595e+2 1.595e+2 1.595e+2 1.595e+2 1.5957142857142858e+2
    1.5957142857142858e+2 1.5966666666666666e+2 1.5966666666666666e+2
    1.5966666666666666e+2 1.5971428571428572e+2 1.5975e+2 1.5975e+2
    1.5976470588235293e+2 1.5980000000000001e+2 1.5980000000000001e+2
    1.5983333333333334e+2 1.5983333333333334e+2 1.6e+2 1.6e+2 1.6e+2 1.6e+2
    1.6e+2 1.6e+2 1.6e+2 1.6e+2 1.6e+2 1.6e+2 1.6e+2 1.6e+2 1.6e+2
    1.6009999999999999e+2 1.60125e+2 1.6014285714285714e+2
    1.6014285714285714e+2 1.6014285714285714e+2 1.6016666666666666e+2
    1.6016666666666666e+2 1.6019999999999999e+2 1.6019999999999999e+2 1.6025e+2
    1.6028571428571428e+2 1.6033333333333334e+2 1.6033333333333334e+2
    1.6033333333333334e+2 1.6033333333333334e+2 1.6033333333333334e+2
    1.6033333333333334e+2 1.6033333333333334e+2 1.6040000000000001e+2 1.605e+2
    1.605e+2 1.6052941176470588e+2 1.6057142857142858e+2 1.6066666666666666e+2
    1.6066666666666666e+2 1.6066666666666666e+2 1.6075e+2 1.6077777777777777e+2
    1.6080000000000001e+2 1.6080000000000001e+2 1.6080000000000001e+2
    1.6083333333333334e+2 1.6083333333333334e+2 1.6092857142857142e+2 1.61e+2
    1.61e+2 1.61e+2 1.61e+2 1.61e+2 1.61e+2 1.61e+2 1.61e+2 1.61e+2 1.61e+2
    1.61e+2 1.61e+2 1.61e+2 1.6109999999999999e+2 1.6116666666666666e+2
    1.6116666666666666e+2 1.6119999999999999e+2 1.6122222222222223e+2 1.6125e+2
    1.6128571428571428e+2 1.6128571428571428e+2 1.6133333333333334e+2
    1.6140000000000001e+2 1.6147619047619048e+2 1.615e+2 1.615e+2
    1.6152941176470588e+2 1.6157142857142858e+2 1.6159999999999999e+2
    1.6159999999999999e+2 1.6159999999999999e+2 1.61625e+2
    1.6166666666666666e+2 1.6166666666666666e+2 1.6169999999999999e+2
    1.6171428571428572e+2 1.6171428571428572e+2 1.6175e+2 1.6183333333333334e+2
    1.61875e+2 1.61875e+2 1.6191666666666666e+2 1.62e+2 1.62e+2 1.62e+2 1.62e+2
    1.62e+2 1.62e+2 1.62e+2 1.62e+2 1.62e+2 1.62e+2 1.62e+2 1.62e+2
    1.6209999999999999e+2 1.62125e+2 1.6216666666666666e+2
    1.6216666666666666e+2 1.6219999999999999e+2 1.6219999999999999e+2
    1.6222222222222223e+2 1.6225e+2 1.6225e+2 1.6225e+2 1.6228571428571428e+2
    1.6233333333333334e+2 1.6233333333333334e+2 1.62375e+2 1.62375e+2
    1.6240000000000001e+2 1.6242105263157896e+2 1.625e+2 1.625e+2 1.625e+2
    1.625e+2 1.625e+2 1.6257142857142858e+2 1.6259999999999999e+2
    1.6259999999999999e+2 1.6259999999999999e+2 1.6259999999999999e+2
    1.6259999999999999e+2 1.6266666666666666e+2 1.6266666666666666e+2
    1.6266666666666666e+2 1.6266666666666666e+2 1.6276923076923077e+2
    1.628235294117647e+2 1.6283333333333334e+2 1.6284999999999999e+2
    1.6288888888888889e+2 1.6294999999999999e+2 1.63e+2 1.63e+2 1.63e+2 1.63e+2
    1.63e+2 1.63e+2 1.63e+2 1.63e+2 1.63e+2 1.63e+2 1.63e+2 1.63e+2 1.63e+2
    1.6309999999999999e+2 1.6316666666666666e+2 1.6316666666666666e+2
    1.6319999999999999e+2 1.6325e+2 1.6333333333333334e+2 1.6333333333333334e+2
    1.6333333333333334e+2 1.6333333333333334e+2 1.6333333333333334e+2
    1.6335294117647058e+2 1.6340000000000001e+2 1.6340000000000001e+2 1.635e+2
    1.635e+2 1.6354545454545453e+2 1.6359999999999999e+2 1.6366666666666666e+2
    1.6366666666666666e+2 1.6375e+2 1.6375e+2 1.6375e+2 1.6380000000000001e+2
    1.6380000000000001e+2 1.6380000000000001e+2 1.6383333333333334e+2
    1.6383333333333334e+2 1.6385714285714286e+2 1.6385714285714286e+2 1.64e+2
    1.64e+2 1.64e+2 1.64e+2 1.64e+2 1.64e+2 1.64e+2 1.64e+2
    1.6408333333333334e+2 1.6414285714285714e+2 1.6419999999999999e+2
    1.6419999999999999e+2 1.6425e+2 1.6425e+2 1.6428571428571428e+2
    1.6430000000000001e+2 1.6433333333333334e+2 1.6433333333333334e+2
    1.6435294117647058e+2 1.64375e+2 1.6440000000000001e+2
    1.6440000000000001e+2 1.6442857142857142e+2 1.645e+2 1.645e+2 1.645e+2
    1.645e+2 1.6457142857142858e+2 1.6457142857142858e+2 1.64625e+2
    1.6466666666666666e+2 1.6469999999999999e+2 1.6475e+2 1.6475e+2 1.6475e+2
    1.6483333333333334e+2 1.6485714285714286e+2 1.64875e+2
    1.6491666666666666e+2 1.6491666666666666e+2 1.65e+2 1.65e+2 1.65e+2 1.65e+2
    1.65e+2 1.65e+2 1.65e+2 1.65e+2 1.65e+2 1.65e+2 1.65e+2
    1.6514285714285714e+2 1.6516666666666666e+2 1.6519999999999999e+2
    1.6519999999999999e+2 1.6528571428571428e+2 1.6533333333333334e+2
    1.6533333333333334e+2 1.6533333333333334e+2 1.6540000000000001e+2
    1.6540000000000001e+2 1.6541666666666666e+2 1.6547368421052633e+2 1.655e+2
    1.655e+2 1.655e+2 1.655e+2 1.655e+2 1.6559999999999999e+2 1.6575e+2
    1.6575e+2 1.6575e+2 1.6583333333333334e+2 1.65875e+2 1.6588235294117646e+2
    1.6595238095238096e+2 1.66e+2 1.66e+2 1.66e+2 1.66e+2 1.66e+2 1.66e+2
    1.66e+2 1.66e+2 1.6614285714285714e+2 1.6614285714285714e+2
    1.6616666666666666e+2 1.6616666666666666e+2 1.6619999999999999e+2
    1.6619999999999999e+2 1.6619999999999999e+2 1.6625e+2 1.6633333333333334e+2
    1.6633333333333334e+2 1.6633333333333334e+2 1.6633333333333334e+2
    1.6633333333333334e+2 1.6640000000000001e+2 1.6640000000000001e+2
    1.6642857142857142e+2 1.665e+2 1.665e+2 1.665e+2 1.6652941176470588e+2
    1.6659999999999999e+2 1.6666666666666666e+2 1.6666666666666666e+2
    1.6671428571428572e+2 1.6671428571428572e+2 1.6675e+2 1.6680000000000001e+2
    1.6680000000000001e+2 1.67e+2 1.67e+2 1.67e+2 1.67e+2 1.67e+2 1.67e+2
    1.67e+2 1.67e+2 1.6708333333333334e+2 1.6716666666666666e+2
    1.6719999999999999e+2 1.6719999999999999e+2 1.6728571428571428e+2
    1.6728571428571428e+2 1.67375e+2 1.6740000000000001e+2
    1.6740000000000001e+2 1.6740000000000001e+2 1.6741176470588235e+2
    1.6744444444444446e+2 1.6744444444444446e+2 1.675e+2 1.6757142857142858e+2
    1.6759999999999999e+2 1.6766666666666666e+2 1.6766666666666666e+2
    1.6771428571428572e+2 1.6780000000000001e+2 1.6780000000000001e+2
    1.6783333333333334e+2 1.6783333333333334e+2 1.6783333333333334e+2
    1.67875e+2 1.6788888888888889e+2 1.6791666666666666e+2 1.68e+2 1.68e+2
    1.68e+2 1.68e+2 1.68e+2 1.68e+2 1.68e+2 1.68e+2 1.68e+2 1.68e+2 1.68e+2
    1.68e+2 1.68e+2 1.6807142857142858e+2 1.6808333333333334e+2 1.68125e+2
    1.6814285714285714e+2 1.6819999999999999e+2 1.6825e+2 1.6825e+2
    1.6828571428571428e+2 1.6833333333333334e+2 1.6842857142857142e+2 1.685e+2
    1.685e+2 1.685e+2 1.6852631578947367e+2 1.6853333333333333e+2
    1.6858333333333334e+2 1.6859999999999999e+2 1.6859999999999999e+2
    1.6871428571428572e+2 1.6875e+2 1.6875e+2 1.6880000000000001e+2
    1.6883333333333334e+2 1.68875e+2 1.6890909090909091e+2
    1.6893333333333334e+2 1.69e+2 1.69e+2 1.69e+2 1.69e+2 1.69e+2 1.69e+2
    1.69e+2 1.69e+2 1.69e+2 1.69e+2 1.69e+2 1.69e+2 1.69e+2 1.69e+2
    1.6908333333333334e+2 1.69125e+2 1.6913333333333333e+2
    1.6916666666666666e+2 1.6918181818181819e+2 1.6925e+2 1.6925e+2
    1.6928571428571428e+2 1.6933333333333334e+2 1.6933333333333334e+2
    1.6933333333333334e+2 1.6933333333333334e+2 1.6933333333333334e+2
    1.6935294117647058e+2 1.6940000000000001e+2 1.6942857142857142e+2 1.695e+2
    1.695e+2 1.695e+2 1.695e+2 1.695e+2 1.695e+2 1.695e+2 1.6953333333333333e+2
    1.6959999999999999e+2 1.6966666666666666e+2 1.6966666666666666e+2
    1.6971428571428572e+2 1.6975e+2 1.6983333333333334e+2 1.69875e+2
    1.6989473684210526e+2 1.7e+2 1.7e+2 1.7e+2 1.7e+2 1.7e+2 1.7e+2 1.7e+2
    1.7e+2 1.7e+2 1.7e+2 1.7e+2 1.7e+2 1.7e+2 1.7007692307692307e+2
    1.7011111111111111e+2 1.7016666666666666e+2 1.7019999999999999e+2 1.7025e+2
    1.7028571428571428e+2 1.7028571428571428e+2 1.7030000000000001e+2
    1.7033333333333334e+2 1.7040000000000001e+2 1.7040000000000001e+2
    1.7040000000000001e+2 1.7044444444444446e+2 1.705e+2 1.705e+2 1.705e+2
    1.705e+2 1.705e+2 1.705e+2 1.7059999999999999e+2 1.70625e+2
    1.7066666666666666e+2 1.7066666666666666e+2 1.7066666666666666e+2
    1.7066666666666666e+2 1.7066666666666666e+2 1.7071428571428572e+2
    1.7080000000000001e+2 1.7080000000000001e+2 1.7080000000000001e+2
    1.7080000000000001e+2 1.7080000000000001e+2 1.7080000000000001e+2
    1.7083333333333334e+2 1.7085714285714286e+2 1.7090000000000001e+2 1.71e+2
    1.71e+2 1.71e+2 1.71e+2 1.7108333333333334e+2 1.71125e+2
    1.7114285714285714e+2 1.7122222222222223e+2 1.7125e+2 1.7125e+2 1.7125e+2
    1.7128571428571428e+2 1.7133333333333334e+2 1.7133333333333334e+2
    1.7133333333333334e+2 1.7140000000000001e+2 1.7142857142857142e+2 1.715e+2
    1.715e+2 1.715e+2 1.715e+2 1.715e+2 1.715e+2 1.7155555555555554e+2
    1.7159999999999999e+2 1.7159999999999999e+2 1.7159999999999999e+2
    1.7166666666666666e+2 1.7166666666666666e+2 1.7171428571428572e+2
    1.7171428571428572e+2 1.7180000000000001e+2 1.7183333333333334e+2
    1.7183333333333334e+2 1.72e+2 1.72e+2 1.72e+2 1.72e+2 1.72e+2 1.72e+2
    1.72e+2 1.72e+2 1.72e+2 1.72125e+2 1.72125e+2 1.7214285714285714e+2
    1.7216666666666666e+2 1.7219999999999999e+2 1.7219999999999999e+2 1.7225e+2
    1.7228571428571428e+2 1.7230000000000001e+2 1.7233333333333334e+2
    1.72375e+2 1.7240000000000001e+2 1.7240000000000001e+2
    1.7240000000000001e+2 1.7247058823529412e+2 1.725e+2 1.725e+2 1.725e+2
    1.725e+2 1.7257142857142858e+2 1.7258333333333334e+2 1.7259999999999999e+2
    1.7259999999999999e+2 1.7266666666666666e+2 1.7271428571428572e+2
    1.7271428571428572e+2 1.7275e+2 1.7275e+2 1.7280000000000001e+2
    1.7285714285714286e+2 1.73e+2 1.73e+2 1.73e+2 1.73e+2 1.73e+2 1.73e+2
    1.73e+2 1.73e+2 1.73e+2 1.7314285714285714e+2 1.7319999999999999e+2
    1.7319999999999999e+2 1.7325e+2 1.7325e+2 1.7333333333333334e+2
    1.7333333333333334e+2 1.73375e+2 1.73375e+2 1.7340000000000001e+2
    1.7340000000000001e+2 1.7340909090909091e+2 1.735e+2 1.735e+2 1.735e+2
    1.735e+2 1.735e+2 1.735e+2 1.735e+2 1.7358333333333334e+2
    1.7366666666666666e+2 1.7373333333333332e+2 1.7375e+2 1.7375e+2
    1.7385714285714286e+2 1.74e+2 1.74e+2 1.74e+2 1.74e+2 1.74e+2 1.74e+2
    1.74e+2 1.74e+2 1.74e+2 1.74e+2 1.74e+2 1.74125e+2 1.741764705882353e+2
    1.7425e+2 1.7428571428571428e+2 1.7433333333333334e+2 1.7433333333333334e+2
    1.7433333333333334e+2 1.7440000000000001e+2 1.7442857142857142e+2
    1.7457142857142858e+2 1.7458333333333334e+2 1.7459999999999999e+2
    1.7463636363636363e+2 1.7466666666666666e+2 1.7466666666666666e+2
    1.7469999999999999e+2 1.7471428571428572e+2 1.7475e+2 1.7475e+2 1.7475e+2
    1.7475e+2 1.7480000000000001e+2 1.7480000000000001e+2 1.7480000000000001e+2
    1.7483333333333334e+2 1.7483333333333334e+2 1.74875e+2
    1.7488888888888889e+2 1.75e+2 1.75e+2 1.75e+2 1.75e+2 1.75e+2 1.75e+2
    1.75e+2 1.75e+2 1.7516666666666666e+2 1.7516666666666666e+2
    1.7519999999999999e+2 1.7519999999999999e+2 1.7522222222222223e+2
    1.7533333333333334e+2 1.7533333333333334e+2 1.7533333333333334e+2
    1.7533333333333334e+2 1.7540000000000001e+2 1.7540000000000001e+2 1.755e+2
    1.755e+2 1.755e+2 1.755e+2 1.7557142857142858e+2 1.7559999999999999e+2
    1.7559999999999999e+2 1.75625e+2 1.7566666666666666e+2
    1.7566666666666666e+2 1.7569999999999999e+2 1.7571428571428572e+2 1.7575e+2
    1.7575e+2 1.7575e+2 1.7575e+2 1.7583333333333334e+2 1.75875e+2
    1.7592857142857142e+2 1.76e+2 1.76e+2 1.76e+2 1.76e+2 1.76e+2 1.76e+2
    1.76e+2 1.76e+2 1.76e+2 1.76e+2 1.76e+2 1.7619999999999999e+2 1.7625e+2
    1.7625e+2 1.7625e+2 1.7635294117647058e+2 1.7642857142857142e+2 1.765e+2
    1.765e+2 1.765e+2 1.765e+2 1.7659999999999999e+2 1.7666666666666666e+2
    1.7666666666666666e+2 1.7673333333333332e+2 1.7677777777777777e+2
    1.7680000000000001e+2 1.7683333333333334e+2 1.7683333333333334e+2
    1.7686666666666667e+2 1.769375e+2 1.77e+2 1.77e+2 1.77e+2 1.77e+2 1.77e+2
    1.77e+2 1.77e+2 1.77e+2 1.77e+2 1.77e+2 1.7707142857142858e+2
    1.7711111111111111e+2 1.7716666666666666e+2 1.7716666666666666e+2
    1.7719999999999999e+2 1.7725e+2 1.7725e+2 1.7725e+2 1.7725e+2
    1.7728571428571428e+2 1.7733333333333334e+2 1.7733333333333334e+2
    1.7740000000000001e+2 1.7746666666666667e+2 1.775e+2 1.775e+2 1.775e+2
    1.775e+2 1.7757142857142858e+2 1.7759999999999999e+2 1.7771428571428572e+2
    1.7780000000000001e+2 1.7780000000000001e+2 1.7794117647058823e+2 1.78e+2
    1.78e+2 1.78e+2 1.78e+2 1.78e+2 1.78e+2 1.78e+2 1.78e+2 1.78e+2 1.78e+2
    1.78e+2 1.78e+2 1.78e+2 1.78e+2 1.78e+2 1.7806666666666666e+2
    1.7809999999999999e+2 1.7814285714285714e+2 1.7819999999999999e+2
    1.7819999999999999e+2 1.7819999999999999e+2 1.7825e+2 1.7833333333333334e+2
    1.7847058823529412e+2 1.785e+2 1.785e+2 1.785e+2 1.7853333333333333e+2
    1.7857142857142858e+2 1.7859999999999999e+2 1.7864285714285714e+2
    1.7866666666666666e+2 1.7872727272727272e+2 1.7875e+2 1.7875e+2 1.7875e+2
    1.7883333333333334e+2 1.7883333333333334e+2 1.7885714285714286e+2
    1.7890000000000001e+2 1.79e+2 1.79e+2 1.79e+2 1.79e+2 1.79e+2 1.79e+2
    1.79e+2 1.79e+2 1.79e+2 1.7909999999999999e+2 1.79125e+2
    1.7916666666666666e+2 1.7919999999999999e+2 1.7928571428571428e+2
    1.7928571428571428e+2 1.7933333333333334e+2 1.7933333333333334e+2
    1.7933333333333334e+2 1.7940000000000001e+2 1.7942857142857142e+2 1.795e+2
    1.795e+2 1.795e+2 1.795e+2 1.7959999999999999e+2 1.79625e+2
    1.7966666666666666e+2 1.7969999999999999e+2 1.7975e+2 1.7975e+2 1.7975e+2
    1.7980000000000001e+2 1.7980000000000001e+2 1.7990000000000001e+2
    1.7994999999999999e+2 1.8e+2 1.8e+2 1.8e+2 1.8e+2 1.8e+2 1.8e+2 1.8e+2
    1.8e+2 1.8e+2 1.8014285714285714e+2 1.8014285714285714e+2
    1.8016666666666666e+2 1.8019999999999999e+2 1.8025e+2 1.8028571428571428e+2
    1.8030000000000001e+2 1.8033333333333334e+2 1.8040000000000001e+2
    1.8040000000000001e+2 1.8041666666666666e+2 1.8044444444444446e+2 1.805e+2
    1.805e+2 1.805e+2 1.8059999999999999e+2 1.8064705882352942e+2
    1.8066666666666666e+2 1.8066666666666666e+2 1.8066666666666666e+2
    1.8066666666666666e+2 1.8069999999999999e+2 1.8069999999999999e+2
    1.8073333333333332e+2 1.8075e+2 1.8080000000000001e+2 1.80875e+2 1.80875e+2
    1.8090909090909091e+2 1.81e+2 1.81e+2 1.81e+2 1.81e+2 1.8109999999999999e+2
    1.81125e+2 1.8119999999999999e+2 1.8128571428571428e+2
    1.8133333333333334e+2 1.8133333333333334e+2 1.8140000000000001e+2
    1.8141176470588235e+2 1.8142857142857142e+2 1.8142857142857142e+2 1.815e+2
    1.815e+2 1.8158823529411765e+2 1.8159999999999999e+2 1.8159999999999999e+2
    1.8159999999999999e+2 1.81625e+2 1.8166666666666666e+2
    1.8169999999999999e+2 1.8169999999999999e+2 1.8171428571428572e+2 1.8175e+2
    1.8175e+2 1.8175e+2 1.8180000000000001e+2 1.8183333333333334e+2
    1.8183333333333334e+2 1.82e+2 1.82e+2 1.82e+2 1.82e+2 1.82e+2 1.82e+2
    1.82e+2 1.82e+2 1.8209999999999999e+2 1.8216666666666666e+2 1.8225e+2
    1.8233333333333334e+2 1.8242857142857142e+2 1.825e+2 1.825e+2 1.825e+2
    1.8257142857142858e+2 1.8266666666666666e+2 1.8270588235294119e+2 1.8275e+2
    1.8280000000000001e+2 1.828235294117647e+2 1.8290000000000001e+2
    1.8293333333333334e+2 1.8294999999999999e+2 1.83e+2 1.83e+2 1.83e+2 1.83e+2
    1.83e+2 1.83e+2 1.83e+2 1.8311111111111111e+2 1.8319999999999999e+2
    1.8325e+2 1.8330000000000001e+2 1.8333333333333334e+2 1.8333333333333334e+2
    1.8336363636363637e+2 1.8345833333333334e+2 1.835e+2 1.835e+2 1.835e+2
    1.835e+2 1.835e+2 1.8359999999999999e+2 1.8359999999999999e+2
    1.8369999999999999e+2 1.8375e+2 1.8375e+2 1.8375e+2 1.8380000000000001e+2
    1.8383333333333334e+2 1.84e+2 1.84e+2 1.84e+2 1.84e+2 1.84e+2 1.84e+2
    1.8406666666666666e+2 1.8409999999999999e+2 1.8416666666666666e+2
    1.8422222222222223e+2 1.8425e+2 1.8428571428571428e+2 1.8433333333333334e+2
    1.8433333333333334e+2 1.8442857142857142e+2 1.845e+2 1.845e+2
    1.8457142857142858e+2 1.8458333333333334e+2 1.8459999999999999e+2
    1.8478571428571428e+2 1.84875e+2 1.8488888888888889e+2 1.85e+2 1.85e+2
    1.85e+2 1.85e+2 1.85e+2 1.85e+2 1.85e+2 1.85e+2 1.85e+2 1.850625e+2
    1.85125e+2 1.8519999999999999e+2 1.8519999999999999e+2
    1.8522222222222223e+2 1.8525e+2 1.8533333333333334e+2 1.8547058823529412e+2
    1.855e+2 1.8557142857142858e+2 1.8559999999999999e+2 1.8559999999999999e+2
    1.8566666666666666e+2 1.8575e+2 1.8577777777777777e+2 1.8580000000000001e+2
    1.858125e+2 1.8583333333333334e+2 1.8583333333333334e+2
    1.8585714285714286e+2 1.8585714285714286e+2 1.86e+2 1.86e+2 1.86e+2 1.86e+2
    1.86e+2 1.86e+2 1.8616666666666666e+2 1.8619999999999999e+2
    1.8619999999999999e+2 1.8625e+2 1.8630000000000001e+2 1.8633333333333334e+2
    1.8633333333333334e+2 1.8640000000000001e+2 1.8646666666666667e+2 1.865e+2
    1.865e+2 1.8657142857142858e+2 1.8658333333333334e+2 1.8666666666666666e+2
    1.8671428571428572e+2 1.8673333333333332e+2 1.8683333333333334e+2
    1.86875e+2 1.87e+2 1.87e+2 1.87e+2 1.87e+2 1.87e+2 1.87e+2 1.87e+2 1.87e+2
    1.8705882352941177e+2 1.8716666666666666e+2 1.8719999999999999e+2 1.8725e+2
    1.8725e+2 1.8725e+2 1.8733333333333334e+2 1.8733333333333334e+2
    1.8741666666666666e+2 1.8759999999999999e+2 1.8759999999999999e+2
    1.8759999999999999e+2 1.8766666666666666e+2 1.8775e+2 1.8775e+2 1.87875e+2
    1.8791666666666666e+2 1.88e+2 1.88e+2 1.88e+2 1.88e+2 1.88e+2 1.88e+2
    1.88e+2 1.8811111111111111e+2 1.8816666666666666e+2 1.8828571428571428e+2
    1.8833333333333334e+2 1.88375e+2 1.8840000000000001e+2
    1.8842857142857142e+2 1.885e+2 1.8852941176470588e+2 1.8855555555555554e+2
    1.88625e+2 1.8866666666666666e+2 1.8866666666666666e+2 1.8875e+2 1.8875e+2
    1.8880000000000001e+2 1.8890000000000001e+2 1.89e+2 1.89e+2 1.89e+2 1.89e+2
    1.8909999999999999e+2 1.8925e+2 1.8930000000000001e+2 1.8930000000000001e+2
    1.8933333333333334e+2 1.8940000000000001e+2 1.8944444444444446e+2 1.895e+2
    1.895e+2 1.895e+2 1.895e+2 1.8966666666666666e+2 1.8983333333333334e+2
    1.8990000000000001e+2 1.8993333333333334e+2 1.9e+2 1.9e+2 1.9e+2 1.9e+2
    1.90125e+2 1.9014285714285714e+2 1.9016666666666666e+2
    1.9016666666666666e+2 1.9019999999999999e+2 1.9025e+2 1.9025e+2
    1.9026666666666668e+2 1.9030000000000001e+2 1.9033333333333334e+2
    1.9033333333333334e+2 1.9033333333333334e+2 1.9033333333333334e+2
    1.90375e+2 1.905e+2 1.9058333333333334e+2 1.9059999999999999e+2 1.90625e+2
    1.9066666666666666e+2 1.9075e+2 1.9080000000000001e+2 1.9080000000000001e+2
    1.9080000000000001e+2 1.9083333333333334e+2 1.9093333333333334e+2 1.91e+2
    1.91e+2 1.91e+2 1.91e+2 1.91e+2 1.9119999999999999e+2 1.9119999999999999e+2
    1.9130000000000001e+2 1.9133333333333334e+2 1.9133333333333334e+2
    1.9140000000000001e+2 1.915e+2 1.915e+2 1.915e+2 1.9166666666666666e+2
    1.9166666666666666e+2 1.9166666666666666e+2 1.9171428571428572e+2
    1.9180000000000001e+2 1.918125e+2 1.9193333333333334e+2 1.92e+2 1.92e+2
    1.92e+2 1.92e+2 1.9206666666666666e+2 1.9208333333333334e+2
    1.9213333333333333e+2 1.9219999999999999e+2 1.9226666666666668e+2
    1.9240000000000001e+2 1.9241666666666666e+2 1.9242857142857142e+2 1.925e+2
    1.925e+2 1.925e+2 1.925e+2 1.9259999999999999e+2 1.9269999999999999e+2
    1.9275e+2 1.9285714285714286e+2 1.92875e+2 1.9292857142857142e+2 1.93e+2
    1.93e+2 1.93e+2 1.93e+2 1.93e+2 1.93e+2 1.9309090909090909e+2
    1.9316666666666666e+2 1.9319999999999999e+2 1.9333333333333334e+2
    1.9333333333333334e+2 1.9340000000000001e+2 1.934375e+2
    1.9366666666666666e+2 1.9366666666666666e+2 1.9376470588235293e+2
    1.9383333333333334e+2 1.9383333333333334e+2 1.94e+2 1.94e+2 1.94e+2 1.94e+2
    1.94e+2 1.94e+2 1.94e+2 1.94e+2 1.94e+2 1.94e+2 1.94e+2
    1.941764705882353e+2 1.9419999999999999e+2 1.9419999999999999e+2 1.9425e+2
    1.9433333333333334e+2 1.9440000000000001e+2 1.9447058823529412e+2 1.945e+2
    1.9459999999999999e+2 1.9466666666666666e+2 1.9466666666666666e+2 1.9475e+2
    1.9485714285714286e+2 1.9488888888888889e+2 1.9493333333333334e+2 1.95e+2
    1.95e+2 1.95e+2 1.95e+2 1.95e+2 1.95e+2 1.95e+2 1.95e+2 1.95e+2 1.95e+2
    1.95e+2 1.95e+2 1.95e+2 1.95e+2 1.95e+2 1.95e+2 1.95e+2 1.95e+2 1.95e+2
    1.95e+2 1.95e+2 1.95e+2 1.95e+2 1.9505882352941177e+2 1.9505882352941177e+2
    1.9519999999999999e+2 1.9528571428571428e+2 1.9533333333333334e+2
    1.9540000000000001e+2 1.9540000000000001e+2 1.9542857142857142e+2 1.955e+2
    1.9558333333333334e+2 1.9559999999999999e+2 1.9559999999999999e+2
    1.9559999999999999e+2 1.9571428571428572e+2 1.9580000000000001e+2
    1.9585714285714286e+2 1.9590000000000001e+2 1.96e+2 1.96e+2 1.96e+2 1.96e+2
    1.96e+2 1.9611111111111111e+2 1.9616666666666666e+2 1.9619999999999999e+2
    1.9625e+2 1.9626666666666668e+2 1.9635294117647058e+2 1.9640000000000001e+2
    1.9640000000000001e+2 1.9653333333333333e+2 1.9659999999999999e+2
    1.9666666666666666e+2 1.9666666666666666e+2 1.9669999999999999e+2
    1.9673333333333332e+2 1.9675e+2 1.9680000000000001e+2 1.9680000000000001e+2
    1.9683333333333334e+2 1.9691666666666666e+2 1.97e+2 1.97e+2 1.97e+2 1.97e+2
    1.9715789473684211e+2 1.9719999999999999e+2 1.9719999999999999e+2
    1.9722222222222223e+2 1.9730000000000001e+2 1.9740000000000001e+2 1.975e+2
    1.975e+2 1.9759999999999999e+2 1.97625e+2 1.9769999999999999e+2
    1.9786666666666667e+2 1.9791666666666666e+2 1.98e+2 1.98e+2 1.98e+2 1.98e+2
    1.9808333333333334e+2 1.9816666666666666e+2 1.9816666666666666e+2
    1.9821052631578948e+2 1.9825e+2 1.9825e+2 1.9828571428571428e+2
    1.9833333333333334e+2 1.9842857142857142e+2 1.985e+2 1.9853333333333333e+2
    1.9859999999999999e+2 1.9866666666666666e+2 1.9866666666666666e+2
    1.9869999999999999e+2 1.9873333333333332e+2 1.9877777777777777e+2
    1.9886666666666667e+2 1.98875e+2 1.99e+2 1.99e+2 1.99e+2
    1.9905263157894737e+2 1.9911764705882354e+2 1.991875e+2
    1.9930000000000001e+2 1.9933333333333334e+2 1.9947058823529412e+2 1.995e+2
    1.9952941176470588e+2 1.9959999999999999e+2 1.99625e+2
    1.9966666666666666e+2 1.9971428571428572e+2 1.9975e+2 1.9980000000000001e+2
    1.9983333333333334e+2 1.9985714285714286e+2 1.9991666666666666e+2 2.0e+2
    2.0e+2 2.0e+2 2.0e+2 2.0e+2 2.0007142857142858e+2 2.0019999999999999e+2
    2.0030000000000001e+2 2.0033333333333334e+2 2.0040000000000001e+2
    2.0046666666666667e+2 2.005e+2 2.0059999999999999e+2 2.0066666666666666e+2
    2.0083333333333334e+2 2.0090000000000001e+2 2.01e+2 2.01e+2 2.01e+2 2.01e+2
    2.0119999999999999e+2 2.0119999999999999e+2 2.0123529411764707e+2
    2.0126666666666668e+2 2.0130000000000001e+2 2.0146666666666667e+2
    2.0157142857142858e+2 2.0159999999999999e+2 2.0159999999999999e+2
    2.0166666666666666e+2 2.0169999999999999e+2 2.0171428571428572e+2
    2.0183333333333334e+2 2.0188235294117646e+2 2.0190000000000001e+2 2.02e+2
    2.02e+2 2.02e+2 2.02e+2 2.02e+2 2.0209999999999999e+2 2.0216666666666666e+2
    2.0219999999999999e+2 2.0228571428571428e+2 2.0230000000000001e+2
    2.0233333333333334e+2 2.02375e+2 2.0240000000000001e+2
    2.0241666666666666e+2 2.025e+2 2.0266666666666666e+2 2.0269999999999999e+2
    2.0278947368421052e+2 2.0280000000000001e+2 2.0285714285714286e+2 2.03e+2
    2.03e+2 2.03e+2 2.03125e+2 2.0340000000000001e+2 2.0340000000000001e+2
    2.035e+2 2.0359999999999999e+2 2.0366666666666666e+2 2.0366666666666666e+2
    2.0371428571428572e+2 2.0375e+2 2.0380000000000001e+2 2.0386666666666667e+2
    2.039375e+2 2.04e+2 2.04e+2 2.04e+2 2.0414285714285714e+2
    2.0419999999999999e+2 2.0425e+2 2.0425e+2 2.0428571428571428e+2
    2.0440000000000001e+2 2.0453333333333333e+2 2.0458333333333334e+2
    2.0469999999999999e+2 2.0475e+2 2.05e+2 2.05e+2 2.05e+2
    2.0505882352941177e+2 2.0525e+2 2.0530434782608697e+2 2.0533333333333334e+2
    2.0533333333333334e+2 2.0540000000000001e+2 2.0541176470588235e+2 2.055e+2
    2.0559999999999999e+2 2.0566666666666666e+2 2.0569999999999999e+2
    2.0571428571428572e+2 2.0591666666666666e+2 2.06e+2 2.06e+2 2.06e+2
    2.0609999999999999e+2 2.0611764705882354e+2 2.0614285714285714e+2
    2.0619999999999999e+2 2.0625e+2 2.0628571428571428e+2 2.0630000000000001e+2
    2.0635294117647058e+2 2.0642857142857142e+2 2.065e+2 2.0657142857142858e+2
    2.0658333333333334e+2 2.066875e+2 2.0675e+2 2.0680000000000001e+2
    2.0686666666666667e+2 2.0694999999999999e+2 2.07e+2 2.07e+2
    2.0721428571428572e+2 2.0747058823529412e+2 2.075e+2 2.0755555555555554e+2
    2.0766666666666666e+2 2.076875e+2 2.0775e+2 2.0780000000000001e+2
    2.0790000000000001e+2 2.08e+2 2.08e+2 2.08e+2 2.0819999999999999e+2
    2.0819999999999999e+2 2.0840000000000001e+2 2.0842857142857142e+2
    2.0859999999999999e+2 2.0883333333333334e+2 2.0888888888888889e+2
    2.0890000000000001e+2 2.09e+2 2.09e+2 2.09e+2 2.09e+2 2.09e+2
    2.0919999999999999e+2 2.0919999999999999e+2 2.0933333333333334e+2
    2.0940000000000001e+2 2.095e+2 2.095e+2 2.0957142857142858e+2
    2.0966666666666666e+2 2.0980000000000001e+2 2.1e+2 2.1e+2 2.1e+2
    2.1015384615384616e+2 2.1019999999999999e+2 2.1025e+2 2.1035294117647058e+2
    2.1046153846153845e+2 2.105e+2 2.1053333333333333e+2 2.1066666666666666e+2
    2.1066666666666666e+2 2.1076470588235293e+2 2.1084615384615384e+2
    2.1090000000000001e+2 2.11e+2 2.111764705882353e+2 2.1125e+2 2.1125e+2
    2.1140000000000001e+2 2.1140000000000001e+2 2.1140000000000001e+2 2.115e+2
    2.115e+2 2.1161111111111111e+2 2.1175e+2 2.12e+2 2.12e+2 2.12e+2 2.12125e+2
    2.1216666666666666e+2 2.1219999999999999e+2 2.1219999999999999e+2
    2.1226666666666668e+2 2.1233333333333334e+2 2.1240000000000001e+2
    2.1241666666666666e+2 2.125e+2 2.125e+2 2.1266666666666666e+2
    2.1266666666666666e+2 2.1283333333333334e+2 2.13e+2 2.13e+2 2.13e+2
    2.1306666666666666e+2 2.1310526315789474e+2 2.1325e+2 2.135e+2
    2.1359999999999999e+2 2.1366666666666666e+2 2.1375e+2 2.1380000000000001e+2
    2.1384999999999999e+2 2.14e+2 2.14e+2 2.14e+2 2.14e+2 2.14e+2
    2.1419999999999999e+2 2.1425e+2 2.1425e+2 2.1428571428571428e+2
    2.1435294117647058e+2 2.1440000000000001e+2 2.1446153846153845e+2 2.145e+2
    2.1471428571428572e+2 2.1491666666666666e+2 2.15e+2 2.15e+2
    2.1509999999999999e+2 2.1525e+2 2.15375e+2 2.155e+2 2.1557142857142858e+2
    2.1566666666666666e+2 2.1566666666666666e+2 2.1569999999999999e+2
    2.1571428571428572e+2 2.1578947368421052e+2 2.1580000000000001e+2
    2.1590000000000001e+2 2.16e+2 2.16e+2 2.16e+2 2.16e+2 2.16e+2
    2.1609999999999999e+2 2.1625e+2 2.1630000000000001e+2 2.1633333333333334e+2
    2.1633333333333334e+2 2.1640000000000001e+2 2.165e+2 2.165e+2
    2.1659999999999999e+2 2.1666666666666666e+2 2.17e+2 2.17e+2 2.17e+2 2.17e+2
    2.1708333333333334e+2 2.17125e+2 2.1733333333333334e+2
    2.1754545454545453e+2 2.1766666666666666e+2 2.1775e+2 2.1780000000000001e+2
    2.1791666666666666e+2 2.18e+2 2.18e+2 2.18e+2 2.1808333333333334e+2
    2.1819999999999999e+2 2.1830000000000001e+2 2.185e+2 2.185e+2 2.185e+2
    2.1859999999999999e+2 2.1866666666666666e+2 2.1880000000000001e+2
    2.1883333333333334e+2 2.19e+2 2.19e+2 2.191764705882353e+2 2.1925e+2
    2.1941176470588235e+2 2.195e+2 2.1953333333333333e+2 2.1975e+2
    2.1980000000000001e+2 2.2e+2 2.2e+2 2.2e+2 2.2e+2 2.2e+2
    2.2046153846153845e+2 2.205e+2 2.205e+2 2.2071428571428572e+2
    2.2086666666666667e+2 2.21e+2 2.21e+2 2.2119999999999999e+2
    2.2126666666666668e+2 2.21375e+2 2.2140000000000001e+2
    2.2159999999999999e+2 2.2175e+2 2.2219999999999999e+2 2.2233333333333334e+2
    2.2240000000000001e+2 2.2259999999999999e+2 2.2259999999999999e+2 2.2275e+2
    2.2276470588235293e+2 2.2291666666666666e+2 2.23e+2 2.23e+2
    2.2309999999999999e+2 2.2325e+2 2.2333333333333334e+2 2.2340000000000001e+2
    2.2340000000000001e+2 2.24e+2 2.24e+2 2.24e+2 2.2406666666666666e+2
    2.2414285714285714e+2 2.2419999999999999e+2 2.2419999999999999e+2
    2.2466666666666666e+2 2.2475e+2 2.25e+2 2.2519999999999999e+2 2.2525e+2
    2.2540000000000001e+2 2.255e+2 2.2559999999999999e+2 2.2575e+2
    2.2593333333333334e+2 2.26e+2 2.2619999999999999e+2 2.265e+2
    2.2655000000000001e+2 2.2680000000000001e+2 2.2683333333333334e+2 2.27e+2
    2.27e+2 2.27e+2 2.270625e+2 2.2723076923076923e+2 2.275e+2
    2.2759999999999999e+2 2.28e+2 2.28e+2 2.2825e+2 2.2825e+2
    2.2840000000000001e+2 2.2880000000000001e+2 2.29e+2 2.29e+2 2.2925e+2
    2.2940000000000001e+2 2.295e+2 2.2969999999999999e+2 2.2980000000000001e+2
    2.2980000000000001e+2 2.3e+2 2.3e+2 2.3041666666666666e+2 2.305e+2 2.305e+2
    2.3091666666666666e+2 2.31e+2 2.3119999999999999e+2 2.3133333333333334e+2
    2.315e+2 2.3175e+2 2.32e+2 2.32e+2 2.3213333333333333e+2
    2.3240000000000001e+2 2.3265000000000001e+2 2.3280000000000001e+2 2.33e+2
    2.33e+2 2.3333333333333334e+2 2.3359999999999999e+2 2.33625e+2 2.34e+2
    2.3425e+2 2.34375e+2 2.3440000000000001e+2 2.345e+2 2.35e+2 2.35e+2 2.35e+2
    2.35e+2 2.355e+2 2.3577777777777777e+2 2.3593333333333334e+2 2.36e+2
    2.3625e+2 2.3640000000000001e+2 2.3659999999999999e+2 2.3659999999999999e+2
    2.3677777777777777e+2 2.3690000000000001e+2 2.37e+2 2.37e+2 2.37e+2 2.37e+2
    2.3725e+2 2.375e+2 2.3759999999999999e+2 2.3775e+2 2.3791666666666666e+2
    2.3809999999999999e+2 2.3825e+2 2.3825e+2 2.385e+2 2.385e+2
    2.3869999999999999e+2 2.3869999999999999e+2 2.388235294117647e+2 2.39e+2
    2.3966666666666666e+2 2.3969230769230768e+2 2.4e+2 2.4e+2
    2.4009999999999999e+2 2.4019999999999999e+2 2.405e+2 2.4059999999999999e+2
    2.4080000000000001e+2 2.41e+2 2.41e+2 2.4130000000000001e+2
    2.4133333333333334e+2 2.42e+2 2.4215384615384616e+2 2.4259999999999999e+2
    2.4275e+2 2.43e+2 2.4308333333333334e+2 2.43375e+2 2.4364705882352942e+2
    2.4393333333333334e+2 2.44e+2 2.4413333333333333e+2 2.44625e+2 2.448125e+2
    2.4530000000000001e+2 2.4553333333333333e+2 2.46e+2 2.4659999999999999e+2
    2.4675e+2 2.47e+2 2.47e+2 2.4783333333333334e+2 2.48e+2
    2.4859999999999999e+2 2.4890000000000001e+2 2.49e+2 2.4933333333333334e+2
    2.4940000000000001e+2 2.4959999999999999e+2 2.5e+2 2.5019999999999999e+2
    2.5059999999999999e+2 2.5066666666666666e+2 2.5080000000000001e+2 2.51e+2
    2.5109999999999999e+2 2.5125e+2 2.5159999999999999e+2 2.5166666666666666e+2
    2.52e+2 2.52e+2 2.525e+2 2.5259999999999999e+2 2.5275e+2 2.53e+2 2.53e+2
    2.5319999999999999e+2 2.5341666666666666e+2 2.535e+2 2.54e+2 2.54e+2
    2.54e+2 2.54e+2 2.545e+2 2.5459999999999999e+2 2.55e+2
    2.5530000000000001e+2 2.5533333333333334e+2 2.55625e+2
    2.5573333333333332e+2 2.56e+2 2.57e+2 2.5716666666666669e+2
    2.5739999999999998e+2 2.5819999999999999e+2 2.5869999999999999e+2 2.59e+2
    2.5933333333333331e+2 2.5939999999999998e+2 2.6e+2 2.6025e+2
    2.6039999999999998e+2 2.604375e+2 2.6060000000000002e+2
    2.6089999999999998e+2 2.61e+2 2.6139999999999998e+2 2.6280000000000001e+2
    2.63e+2 2.63e+2 2.6319999999999999e+2 2.6333333333333331e+2 2.635e+2
    2.64e+2 2.64e+2 2.6475e+2 2.6539999999999998e+2 2.66e+2 2.66e+2
    2.6619999999999999e+2 2.6639999999999998e+2 2.6680000000000001e+2 2.67e+2
    2.67e+2 2.6785714285714283e+2 2.68e+2 2.68e+2 2.68e+2 2.69e+2
    2.6906666666666666e+2 2.701764705882353e+2 2.7041666666666669e+2 2.705e+2
    2.70625e+2 2.7146153846153845e+2 2.7191666666666669e+2 2.72e+2 2.73e+2
    2.73e+2 2.7330000000000001e+2 2.7535714285714283e+2 2.7539999999999998e+2
    2.7560000000000002e+2 2.765e+2 2.77e+2 2.7742857142857144e+2
    2.7753846153846155e+2 2.7780000000000001e+2 2.7925e+2 2.8088235294117646e+2
    2.81e+2 2.81e+2 2.82e+2 2.84e+2 2.8588888888888891e+2 2.8622222222222223e+2
    2.87e+2 2.88e+2 2.8825e+2 2.8988888888888891e+2 2.9e+2 2.91e+2 2.92e+2
    2.93e+2 2.94e+2 2.9408333333333331e+2 2.9575e+2 2.96e+2
    2.9666666666666669e+2 2.99e+2 2.9942857142857144e+2 3.005e+2
    3.0308333333333331e+2 3.04e+2 3.0580000000000001e+2 3.06e+2 3.06375e+2
    3.07e+2 3.0776923076923077e+2 3.0858333333333331e+2 3.0941666666666669e+2
    3.1075e+2 3.1192307692307691e+2 3.1346153846153845e+2 3.1360000000000002e+2
    3.14e+2 3.165e+2 3.1961538461538464e+2 3.205e+2 3.2466666666666669e+2
    3.25e+2 3.2783333333333331e+2 3.30125e+2 3.32e+2 3.3244444444444446e+2
    3.3629411764705884e+2 3.3925e+2 3.41e+2 3.43e+2 3.4322222222222223e+2
    3.4735714285714283e+2 3.48e+2 3.49e+2 3.52e+2 3.54e+2 3.5769230769230768e+2
    3.6e+2 3.6544444444444446e+2 3.6772222222222223e+2 3.6964285714285717e+2
    3.6989999999999998e+2 3.7e+2 3.7133333333333331e+2 3.715e+2 3.72e+2
    3.7433333333333331e+2 3.7611111111111109e+2 3.78e+2 3.82e+2
    3.9077777777777777e+2 3.935e+2 3.9835714285714283e+2 4.0721052631578948e+2
    4.1166666666666669e+2 4.16e+2 4.165e+2 4.1980000000000001e+2
    4.2660000000000002e+2 4.29e+2 4.4660000000000002e+2 4.51e+2 4.6e+2 4.74e+2
    5.0e+2 5.0e+2 5.0e+2 5.0e+2 5.0e+2 5.0e+2 5.0e+2 5.0e+2 5.0e+2 5.0e+2
    5.0e+2 5.0e+2 5.0e+2 5.0e+2 5.0e+2 5.0e+2 5.0e+2 5.0e+2 5.0e+2 5.0e+2
    5.0e+2 5.0e+2 5.0e+2 5.0e+2 5.0e+2 5.0e+2 5.0e+2 5.0e+2 5.0e+2 5.0e+2
    5.0e+2 5.0e+2 5.0e+2 5.0e+2 5.0e+2 5.0e+2 5.0e+2 5.0e+2 5.0e+2 5.0e+2
    5.0e+2 5.0e+2 5.0e+2 5.0e+2 5.0e+2 5.0e+2 5.0e+2 5.0e+2 5.0e+2 5.0e+2
    5.0e+2 5.0e+2 5.0e+2 5.0e+2 5.0e+2 5.0e+2 5.0e+2 5.0e+2 5.0e+2 5.0e+2
    5.0e+2 5.0e+2 5.0e+2 5.0e+2 5.0e+2 5.0e+2 5.0e+2 5.0e+2 5.0e+2 5.0e+2
    5.0e+2 5.0e+2 5.0e+2 5.0e+2 5.0e+2 5.0e+2 5.0e+2 5.0e+2 5.0e+2 5.0e+2
    5.0e+2 5.0e+2 5.0e+2 5.0e+2 5.0e+2 5.0e+2 5.0e+2 5.0e+2 5.0e+2 5.0e+2
    5.0e+2 5.0e+2 5.0e+2 5.0e+2 5.0e+2 5.0e+2 5.0e+2 5.0e+2 5.0e+2 5.0e+2
    5.0e+2 5.0e+2 5.0e+2 5.0e+2 5.0e+2 5.0e+2 5.0e+2 5.0e+2 5.0e+2 5.0e+2
    5.0e+2 5.0e+2 5.0e+2 5.0e+2 5.0e+2 5.0e+2 5.0e+2 5.0e+2 5.0e+2 5.0e+2
    5.0e+2 5.0e+2 5.0e+2 5.0e+2 5.0e+2 5.0e+2 5.0e+2 5.0e+2 5.0e+2 5.0e+2
    5.0e+2 5.0e+2 5.0e+2 5.0e+2 5.0e+2 5.0e+2 5.0e+2 5.0e+2 5.0e+2 5.0e+2
    5.0e+2 5.0e+2 5.0e+2 5.0e+2 5.0e+2 5.0e+2 5.0e+2 5.0e+2 5.0e+2 5.0e+2
    5.0e+2 5.0e+2 5.0e+2 5.0e+2 5.0e+2 5.0e+2 5.0e+2 5.0e+2 5.0e+2 5.0e+2
    5.0e+2 5.0e+2 5.0e+2 5.03e+2 5.03e+2 5.03e+2 5.03e+2 5.03e+2 5.03e+2
    5.03e+2 5.03e+2 5.03e+2 5.03e+2 5.03e+2 5.03e+2 5.03e+2 5.03e+2 5.03e+2
    5.03e+2 5.03e+2 5.03e+2 5.03e+2 5.03e+2 5.03e+2 5.03e+2 5.03e+2 5.03e+2
    5.03e+2 5.03e+2 5.03e+2 5.03e+2 5.03e+2 5.03e+2 5.03e+2 5.03e+2 5.03e+2
    5.03e+2 5.03e+2 5.03e+2 5.03e+2 5.03e+2 5.03e+2 5.03e+2 5.03e+2 5.03e+2
    5.03e+2 5.03e+2 5.03e+2 5.03e+2 5.03e+2 5.03e+2 5.03e+2 5.03e+2 5.03e+2
    5.03e+2 5.03e+2 5.03e+2 5.03e+2 5.03e+2 5.03e+2 5.03e+2 5.03e+2 5.03e+2
    5.03e+2 5.03e+2 5.03e+2 5.03e+2 5.03e+2 5.03e+2 5.03e+2 5.03e+2 5.03e+2
    5.03e+2 5.03e+2 5.03e+2 5.03e+2 5.03e+2 5.03e+2 5.03e+2 5.03e+2 5.03e+2
    5.03e+2 5.03e+2 5.03e+2 5.03e+2 5.03e+2 5.03e+2 5.03e+2 5.03e+2 5.03e+2
    5.03e+2 5.03e+2 5.03e+2 5.03e+2 5.03e+2 5.03e+2 5.03e+2 5.03e+2 5.04e+2
    5.04e+2 5.04e+2 5.04e+2 5.04e+2 5.04e+2 5.04e+2 5.04e+2 5.04e+2 5.04e+2
    5.04e+2 5.04e+2 5.04e+2 5.04e+2 5.04e+2 5.04e+2 5.04e+2 5.04e+2 5.04e+2
    5.04e+2 5.04e+2 5.04e+2 5.04e+2 5.04e+2 5.04e+2 5.04e+2 5.04e+2 5.04e+2
    5.04e+2 5.04e+2 5.04e+2 5.04e+2 5.04e+2 5.04e+2 5.04e+2 5.04e+2 5.04e+2
    5.04e+2 5.04e+2 5.04e+2 5.04e+2 5.06e+2 5.06e+2 5.06e+2 5.06e+2 5.06e+2
    5.06e+2 5.06e+2 5.06e+2 5.06e+2 5.06e+2 5.06e+2 5.06e+2 5.06e+2 5.06e+2
    5.06e+2 5.06e+2 5.06e+2 5.06e+2 5.06e+2 5.06e+2 5.06e+2 5.06e+2 5.06e+2
    5.06e+2 5.06e+2 5.06e+2 5.06e+2 5.06e+2 5.06e+2 5.06e+2 5.06e+2 5.06e+2
    5.06e+2 5.06e+2 5.06e+2 5.06e+2 5.06e+2 5.06e+2 5.06e+2 5.06e+2 5.06e+2
    5.06e+2 5.06e+2 5.06e+2 5.06e+2 5.06e+2 5.06e+2 5.06e+2 5.06e+2 5.06e+2
    5.06e+2 5.06e+2 5.06e+2 5.06e+2 5.06e+2 5.06e+2 5.06e+2 5.06e+2 5.06e+2
    5.06e+2 5.06e+2 5.06e+2 5.06e+2 5.06e+2 5.06e+2 5.06e+2 5.06e+2 5.06e+2
    5.06e+2 5.06e+2 5.06e+2 5.06e+2 5.06e+2 5.06e+2 5.06e+2 5.06e+2 5.06e+2
    5.06e+2 5.06e+2 5.06e+2 5.06e+2 5.06e+2 5.06e+2 5.06e+2 5.06e+2 5.06e+2
    5.06e+2 5.24e+2 5.3466666666666663e+2 5.3466666666666663e+2
    5.3466666666666663e+2 5.3466666666666663e+2 5.3466666666666663e+2
    5.3466666666666663e+2 5.3466666666666663e+2 5.3466666666666663e+2
    5.3466666666666663e+2 5.3466666666666663e+2 5.3466666666666663e+2
    5.3466666666666663e+2 5.3466666666666663e+2 5.3466666666666663e+2
    5.3466666666666663e+2 5.3466666666666663e+2 5.3466666666666663e+2 5.385e+2
    5.475e+2 5.475e+2 5.4783333333333337e+2 5.4783333333333337e+2
    5.4783333333333337e+2 5.4783333333333337e+2 5.4783333333333337e+2
    5.4783333333333337e+2 5.4783333333333337e+2 5.4783333333333337e+2
    5.4783333333333337e+2 5.4783333333333337e+2 5.4783333333333337e+2
    5.4783333333333337e+2 5.4783333333333337e+2 5.4783333333333337e+2
    5.4783333333333337e+2 5.4783333333333337e+2 5.4783333333333337e+2
    5.4783333333333337e+2 5.4783333333333337e+2 5.4783333333333337e+2
    5.4783333333333337e+2 5.4783333333333337e+2 5.4783333333333337e+2
    5.4783333333333337e+2 5.4783333333333337e+2 5.4783333333333337e+2
    5.4783333333333337e+2 5.4783333333333337e+2 5.4783333333333337e+2
    5.4783333333333337e+2 5.4783333333333337e+2 5.4783333333333337e+2
    5.4783333333333337e+2 5.4783333333333337e+2 5.4783333333333337e+2
    5.4783333333333337e+2 5.4783333333333337e+2 5.4783333333333337e+2
    5.4783333333333337e+2 5.4783333333333337e+2 5.4783333333333337e+2
    5.4783333333333337e+2 5.4816666666666663e+2 5.4816666666666663e+2
    5.4816666666666663e+2 5.4816666666666663e+2 5.4816666666666663e+2
    5.4816666666666663e+2 5.4816666666666663e+2 5.4816666666666663e+2
    5.4816666666666663e+2 5.4816666666666663e+2 5.4816666666666663e+2
    5.4816666666666663e+2 5.4816666666666663e+2 5.4816666666666663e+2
    5.4816666666666663e+2 5.4816666666666663e+2 5.4816666666666663e+2
    5.4816666666666663e+2 5.4816666666666663e+2 5.4816666666666663e+2
    5.4816666666666663e+2 5.4816666666666663e+2 5.4816666666666663e+2
    5.4816666666666663e+2 5.4816666666666663e+2 5.4816666666666663e+2
    5.4816666666666663e+2 5.4816666666666663e+2 5.4816666666666663e+2
    5.4816666666666663e+2 5.4816666666666663e+2 5.4816666666666663e+2
    5.4816666666666663e+2 5.4816666666666663e+2 5.4816666666666663e+2
    5.4816666666666663e+2 5.4816666666666663e+2 5.4816666666666663e+2
    5.4816666666666663e+2 5.4816666666666663e+2 5.4816666666666663e+2
    5.4816666666666663e+2 5.4816666666666663e+2 5.4816666666666663e+2
    5.4816666666666663e+2 5.4816666666666663e+2 5.4816666666666663e+2
    5.4816666666666663e+2 5.4816666666666663e+2 5.4816666666666663e+2
    5.4816666666666663e+2 5.4816666666666663e+2 5.4816666666666663e+2
    5.4816666666666663e+2 5.4816666666666663e+2 5.4816666666666663e+2
    5.4816666666666663e+2 5.4816666666666663e+2 5.4816666666666663e+2
    5.4816666666666663e+2 5.4816666666666663e+2 5.4816666666666663e+2
    5.4816666666666663e+2 5.4816666666666663e+2 5.4816666666666663e+2
    5.4816666666666663e+2 5.4816666666666663e+2 5.4816666666666663e+2
    5.4816666666666663e+2 5.4816666666666663e+2 5.4816666666666663e+2
    5.4816666666666663e+2 5.4816666666666663e+2 5.4816666666666663e+2
    5.4816666666666663e+2 5.4816666666666663e+2 5.4816666666666663e+2
    5.4816666666666663e+2 5.4816666666666663e+2 5.4816666666666663e+2
    5.4816666666666663e+2 5.4816666666666663e+2 5.4816666666666663e+2
    5.4816666666666663e+2 5.4816666666666663e+2 5.4816666666666663e+2
    5.4816666666666663e+2 5.4816666666666663e+2 5.4816666666666663e+2
    5.4816666666666663e+2 5.4816666666666663e+2 5.4816666666666663e+2
    5.4816666666666663e+2 5.4816666666666663e+2 5.4816666666666663e+2
    5.4816666666666663e+2 5.4816666666666663e+2 5.4816666666666663e+2
    5.4816666666666663e+2 5.4816666666666663e+2 5.4816666666666663e+2
    5.4816666666666663e+2 5.4816666666666663e+2 5.4816666666666663e+2
    5.4816666666666663e+2 5.4816666666666663e+2 5.4816666666666663e+2
    5.4816666666666663e+2 5.4816666666666663e+2 5.4816666666666663e+2
    5.4816666666666663e+2 5.4816666666666663e+2 5.4816666666666663e+2
    5.4816666666666663e+2 5.4816666666666663e+2 5.4816666666666663e+2
    5.4816666666666663e+2 5.4816666666666663e+2 5.4816666666666663e+2
    5.4816666666666663e+2 5.4816666666666663e+2 5.4816666666666663e+2
    5.4816666666666663e+2 5.4816666666666663e+2 5.4816666666666663e+2
    5.4816666666666663e+2 5.4816666666666663e+2 5.4816666666666663e+2
    5.4816666666666663e+2 5.4816666666666663e+2 5.4816666666666663e+2
    5.4816666666666663e+2 5.4816666666666663e+2 5.4816666666666663e+2
    5.4816666666666663e+2 5.4816666666666663e+2 5.4816666666666663e+2
    5.4816666666666663e+2 5.4816666666666663e+2 5.4816666666666663e+2
    5.4816666666666663e+2 5.4816666666666663e+2 5.4816666666666663e+2
    5.4816666666666663e+2 5.4816666666666663e+2 5.4816666666666663e+2
    5.4816666666666663e+2 5.4816666666666663e+2 5.4816666666666663e+2
    5.4816666666666663e+2 5.4816666666666663e+2 5.4816666666666663e+2
    5.4816666666666663e+2 5.4816666666666663e+2 5.4816666666666663e+2
    5.4816666666666663e+2 5.4816666666666663e+2 5.4816666666666663e+2
    5.4816666666666663e+2 5.4816666666666663e+2 5.4816666666666663e+2
    5.4816666666666663e+2 5.4816666666666663e+2 5.4816666666666663e+2
    5.4816666666666663e+2 5.4816666666666663e+2 5.4816666666666663e+2
    5.4816666666666663e+2 5.4816666666666663e+2 5.4816666666666663e+2
    5.4816666666666663e+2 5.4816666666666663e+2 5.4816666666666663e+2
    5.4816666666666663e+2 5.4816666666666663e+2 5.4816666666666663e+2
    5.4816666666666663e+2 5.4816666666666663e+2 5.4816666666666663e+2
    5.4816666666666663e+2 5.4816666666666663e+2 5.4816666666666663e+2
    5.4816666666666663e+2 5.4816666666666663e+2 5.4816666666666663e+2
    5.4816666666666663e+2 5.4816666666666663e+2 5.4816666666666663e+2
    5.4816666666666663e+2 5.4816666666666663e+2 5.4816666666666663e+2
    5.4816666666666663e+2 5.4816666666666663e+2 5.4816666666666663e+2
    5.4816666666666663e+2 5.4816666666666663e+2 5.4816666666666663e+2
    5.4816666666666663e+2 5.4816666666666663e+2 5.4816666666666663e+2
    5.4816666666666663e+2 5.4816666666666663e+2 5.4816666666666663e+2
    5.4816666666666663e+2 5.4816666666666663e+2 5.4816666666666663e+2
    5.4816666666666663e+2 5.4816666666666663e+2 5.4816666666666663e+2
    5.4816666666666663e+2 5.4816666666666663e+2 5.4816666666666663e+2
    5.4816666666666663e+2 5.4816666666666663e+2 5.4816666666666663e+2
    5.4816666666666663e+2 5.4816666666666663e+2 5.4816666666666663e+2
    5.4816666666666663e+2 5.4816666666666663e+2 5.4816666666666663e+2
    5.4816666666666663e+2 5.4816666666666663e+2 5.4816666666666663e+2
    5.4816666666666663e+2 5.4816666666666663e+2 5.4816666666666663e+2
    5.4816666666666663e+2 5.4816666666666663e+2 5.4816666666666663e+2
    5.4816666666666663e+2 5.4816666666666663e+2 5.4816666666666663e+2
    5.4816666666666663e+2 5.4816666666666663e+2 5.4816666666666663e+2
    5.4816666666666663e+2 5.4816666666666663e+2 5.4816666666666663e+2
    5.4816666666666663e+2 5.4816666666666663e+2 5.4816666666666663e+2
    5.4816666666666663e+2 5.4816666666666663e+2 5.4816666666666663e+2
    5.4816666666666663e+2 5.4816666666666663e+2 5.4816666666666663e+2
    5.4816666666666663e+2 5.4816666666666663e+2 5.4816666666666663e+2
    5.4816666666666663e+2 5.4816666666666663e+2 5.4816666666666663e+2
    5.4816666666666663e+2 5.4816666666666663e+2 5.4816666666666663e+2
    5.4816666666666663e+2 5.4816666666666663e+2 5.4816666666666663e+2
    5.4816666666666663e+2 5.4816666666666663e+2 5.4816666666666663e+2
    5.4816666666666663e+2 5.4816666666666663e+2 5.4816666666666663e+2
    5.4816666666666663e+2 5.4816666666666663e+2 5.4816666666666663e+2
    5.4816666666666663e+2 5.4816666666666663e+2 5.4816666666666663e+2
    5.4816666666666663e+2 5.4816666666666663e+2 5.4816666666666663e+2
    5.4816666666666663e+2 5.4816666666666663e+2 5.4816666666666663e+2
    5.4816666666666663e+2 5.4816666666666663e+2 5.4816666666666663e+2
    5.4816666666666663e+2 5.4816666666666663e+2 5.4816666666666663e+2
    5.4816666666666663e+2 5.4816666666666663e+2 5.4816666666666663e+2
    5.4816666666666663e+2 5.4816666666666663e+2 5.4816666666666663e+2
    5.4816666666666663e+2 5.4816666666666663e+2 5.4816666666666663e+2
    5.4816666666666663e+2 5.4816666666666663e+2 5.4816666666666663e+2
    5.4816666666666663e+2 5.4816666666666663e+2 5.4816666666666663e+2
    5.4816666666666663e+2 5.4816666666666663e+2 5.4816666666666663e+2
    5.4816666666666663e+2 5.4816666666666663e+2 5.4816666666666663e+2
    5.4816666666666663e+2 5.4816666666666663e+2 5.4816666666666663e+2
    5.4816666666666663e+2 5.4816666666666663e+2 5.4816666666666663e+2
    5.4833333333333337e+2 5.4833333333333337e+2 5.4833333333333337e+2
    5.4833333333333337e+2 5.4833333333333337e+2 5.4833333333333337e+2
    5.4833333333333337e+2 5.485e+2 5.485e+2 5.485e+2 5.485e+2 5.485e+2 5.485e+2
    5.485e+2 5.485e+2 5.485e+2 5.485e+2 5.485e+2 5.485e+2 5.485e+2 5.485e+2
    5.485e+2 5.485e+2 5.485e+2 5.485e+2 5.485e+2 5.485e+2 5.485e+2 5.485e+2
    5.485e+2 5.485e+2 5.485e+2 5.485e+2 5.485e+2 5.485e+2 5.485e+2 5.485e+2
    5.485e+2 5.485e+2 5.485e+2 5.485e+2 5.485e+2 5.485e+2 5.485e+2 5.485e+2
    5.485e+2 5.485e+2 5.485e+2 5.485e+2 5.485e+2 5.485e+2 5.485e+2 5.485e+2
    5.485e+2 5.485e+2 5.485e+2 5.485e+2 5.485e+2 5.485e+2 5.485e+2 5.485e+2
    5.485e+2 5.485e+2 5.485e+2 5.485e+2 5.485e+2 5.485e+2 5.485e+2 5.485e+2
    5.485e+2 5.485e+2 5.485e+2 5.485e+2 5.485e+2 5.485e+2 5.485e+2 5.485e+2
    5.485e+2 5.485e+2 5.485e+2 5.485e+2 5.485e+2 5.485e+2 5.485e+2 5.485e+2
    5.485e+2 5.485e+2 5.485e+2 5.485e+2 5.485e+2 5.485e+2 5.485e+2 5.485e+2
    5.485e+2 5.485e+2 5.485e+2 5.485e+2 5.485e+2 5.485e+2 5.485e+2 5.485e+2
    5.485e+2 5.485e+2 5.485e+2 5.485e+2 5.485e+2 5.485e+2 5.485e+2 5.485e+2
    5.485e+2 5.485e+2 5.485e+2 5.485e+2 5.485e+2 5.485e+2 5.485e+2 5.485e+2
    5.485e+2 5.485e+2 5.485e+2 5.485e+2 5.485e+2 5.485e+2 5.485e+2 5.485e+2
    5.485e+2 5.485e+2 5.485e+2 5.485e+2 5.485e+2 5.485e+2 5.485e+2 5.485e+2
    5.485e+2 5.485e+2 5.485e+2 5.485e+2 5.485e+2 5.485e+2 5.485e+2 5.485e+2
    5.485e+2 5.485e+2 5.485e+2 5.485e+2 5.485e+2 5.485e+2 5.485e+2 5.485e+2
    5.485e+2 5.485e+2 5.485e+2 5.485e+2 5.485e+2 5.485e+2 5.485e+2 5.485e+2
    5.485e+2 5.485e+2 5.485e+2 5.485e+2 5.485e+2 5.485e+2 5.485e+2 5.485e+2
    5.485e+2 5.485e+2 5.485e+2 5.485e+2 5.485e+2 5.485e+2 5.485e+2 5.485e+2
    5.485e+2 5.485e+2 5.485e+2 5.485e+2 5.485e+2 5.485e+2 5.485e+2 5.485e+2
    5.485e+2 5.485e+2 5.485e+2 5.485e+2 5.485e+2 5.485e+2 5.485e+2 5.485e+2
    5.485e+2 5.485e+2 5.485e+2 5.485e+2 5.485e+2 5.485e+2 5.485e+2 5.485e+2
    5.485e+2 5.485e+2 5.485e+2 5.485e+2 5.485e+2 5.485e+2 5.485e+2 5.485e+2
    5.485e+2 5.485e+2 5.485e+2 5.485e+2 5.485e+2 5.485e+2 5.485e+2 5.485e+2
    5.485e+2 5.485e+2 5.485e+2 5.485e+2 5.485e+2 5.485e+2 5.485e+2 5.485e+2
    5.485e+2 5.485e+2 5.485e+2 5.485e+2 5.485e+2 5.485e+2 5.485e+2 5.485e+2
    5.485e+2 5.485e+2 5.485e+2 5.485e+2 5.485e+2 5.485e+2 5.485e+2 5.485e+2
    5.485e+2 5.485e+2 5.485e+2 5.485e+2 5.485e+2 5.485e+2 5.485e+2 5.485e+2
    5.485e+2 5.485e+2 5.485e+2 5.485e+2 5.485e+2 5.485e+2 5.485e+2 5.485e+2
    5.485e+2 5.485e+2 5.485e+2 5.485e+2 5.485e+2 5.485e+2 5.485e+2 5.485e+2
    5.485e+2 5.485e+2 5.485e+2 5.485e+2 5.485e+2 5.485e+2 5.485e+2 5.485e+2
    5.485e+2 5.485e+2 5.485e+2 5.485e+2 5.485e+2 5.485e+2 5.485e+2 5.485e+2
    5.485e+2 5.485e+2 5.485e+2 5.485e+2 5.485e+2 5.485e+2 5.485e+2 5.485e+2
    5.485e+2 5.485e+2 5.485e+2 5.485e+2 5.485e+2 5.485e+2 5.485e+2 5.485e+2
    5.485e+2 5.485e+2 5.485e+2 5.485e+2 5.485e+2 5.485e+2 5.485e+2 5.485e+2
    5.485e+2 5.485e+2 5.485e+2 5.485e+2 5.485e+2 5.485e+2 5.485e+2 5.485e+2
    5.485e+2 5.485e+2 5.485e+2 5.485e+2 5.485e+2 5.485e+2 5.485e+2 5.485e+2
    5.485e+2 5.485e+2 5.485e+2 5.485e+2 5.485e+2 5.485e+2 5.485e+2 5.485e+2
    5.485e+2 5.485e+2 5.485e+2 5.485e+2 5.485e+2 5.485e+2 5.485e+2 5.485e+2
    5.485e+2 5.485e+2 5.485e+2 5.485e+2 5.485e+2 5.485e+2 5.485e+2 5.485e+2
    5.485e+2 5.485e+2 5.485e+2 5.485e+2 5.485e+2 5.485e+2 5.485e+2 5.485e+2
    5.485e+2 5.485e+2 5.485e+2 5.485e+2 5.485e+2 5.485e+2 5.485e+2 5.485e+2
    5.485e+2 5.485e+2 5.485e+2 5.485e+2 5.485e+2 5.485e+2 5.485e+2 5.485e+2
    5.485e+2 5.485e+2 5.485e+2 5.485e+2 5.485e+2 5.485e+2 5.485e+2 5.485e+2
    5.485e+2 5.485e+2 5.485e+2 5.485e+2 5.485e+2 5.485e+2 5.485e+2 5.485e+2
    5.485e+2 5.485e+2 5.485e+2 5.485e+2 5.485e+2 5.485e+2 5.485e+2 5.485e+2
    5.485e+2 5.485e+2 5.485e+2 5.485e+2 5.485e+2 5.485e+2 5.485e+2 5.485e+2
    5.485e+2 5.485e+2 5.485e+2 5.485e+2 5.485e+2 5.485e+2 5.485e+2 5.485e+2
    5.485e+2 5.485e+2 5.485e+2 5.485e+2 5.485e+2 5.485e+2 5.485e+2 5.485e+2
    5.485e+2 5.485e+2 5.485e+2 5.485e+2 5.485e+2 5.485e+2 5.485e+2 5.485e+2
    5.485e+2 5.485e+2 5.485e+2 5.485e+2 5.485e+2 5.485e+2 5.485e+2 5.485e+2
    5.485e+2 5.485e+2 5.485e+2 5.485e+2 5.485e+2 5.485e+2 5.485e+2 5.485e+2
    5.485e+2 5.485e+2 5.485e+2 5.485e+2 5.485e+2 5.485e+2 5.485e+2 5.485e+2
    5.485e+2 5.485e+2 5.485e+2 5.485e+2 5.485e+2 5.485e+2 5.485e+2 5.485e+2
    5.485e+2 5.485e+2 5.485e+2 5.485e+2 5.485e+2 5.485e+2 5.485e+2 5.485e+2
    5.485e+2 5.485e+2 5.485e+2 5.485e+2 5.485e+2 5.485e+2 5.485e+2 5.485e+2
    5.485e+2 5.485e+2 5.485e+2 5.485e+2 5.485e+2 5.485e+2 5.485e+2 5.485e+2
    5.485e+2 5.485e+2 5.485e+2 5.485e+2 5.485e+2 5.485e+2 5.485e+2 5.485e+2
    5.485e+2 5.485e+2 5.485e+2 5.485e+2 5.485e+2 5.485e+2 5.485e+2 5.485e+2
    5.485e+2 5.485e+2 5.485e+2 5.485e+2 5.485e+2 5.485e+2 5.485e+2 5.485e+2
    5.485e+2 5.485e+2 5.485e+2 5.485e+2 5.485e+2 5.485e+2 5.485e+2 5.485e+2
    5.485e+2 5.485e+2 5.485e+2 5.485e+2 5.485e+2 5.485e+2 5.485e+2 5.485e+2
    5.485e+2 5.485e+2 5.485e+2 5.485e+2 5.485e+2 5.485e+2 5.485e+2 5.485e+2
    5.485e+2 5.485e+2 5.485e+2 5.485e+2 5.485e+2 5.485e+2 5.485e+2 5.485e+2
    5.485e+2 5.485e+2 5.485e+2 5.485e+2 5.485e+2 5.485e+2 5.485e+2 5.485e+2
    5.485e+2 5.485e+2 5.485e+2 5.485e+2 5.485e+2 5.485e+2 5.485e+2 5.485e+2
    5.485e+2 5.485e+2 5.485e+2 5.485e+2 5.485e+2 5.485e+2 5.485e+2 5.485e+2
    5.485e+2 5.485e+2 5.485e+2 5.485e+2 5.485e+2 5.485e+2 5.485e+2 5.485e+2
    5.485e+2 5.485e+2 5.485e+2 5.485e+2 5.485e+2 5.485e+2 5.485e+2 5.485e+2
    5.485e+2 5.485e+2 5.485e+2 5.485e+2 5.485e+2 5.485e+2 5.485e+2 5.485e+2
    5.485e+2 5.485e+2 5.485e+2 5.485e+2 5.485e+2 5.485e+2 5.485e+2 5.485e+2
    5.485e+2 5.485e+2 5.485e+2 5.485e+2 5.485e+2 5.485e+2 5.485e+2 5.485e+2
    5.485e+2 5.485e+2 5.485e+2 5.485e+2 5.485e+2 5.485e+2 5.485e+2 5.485e+2
    5.485e+2 5.485e+2 5.485e+2 5.485e+2 5.485e+2 5.485e+2 5.485e+2 5.485e+2
    5.485e+2 5.485e+2 5.485e+2 5.485e+2 5.485e+2 5.485e+2 5.485e+2 5.485e+2
    5.485e+2 5.485e+2 5.485e+2 5.485e+2 5.485e+2 5.485e+2 5.485e+2 5.485e+2
    5.485e+2 5.485e+2 5.485e+2 5.485e+2 5.485e+2 5.485e+2 5.485e+2 5.485e+2
    5.485e+2 5.485e+2 5.485e+2 5.485e+2 5.485e+2 5.485e+2 5.485e+2 5.485e+2
    5.485e+2 5.485e+2 5.485e+2 5.485e+2 5.485e+2 5.485e+2 5.485e+2 5.485e+2
    5.485e+2 5.485e+2 5.485e+2 5.485e+2 5.485e+2 5.485e+2 5.485e+2 5.485e+2
    5.485e+2 5.485e+2 5.485e+2 5.485e+2 5.485e+2 5.485e+2 5.485e+2 5.485e+2
    5.485e+2 5.485e+2 5.485e+2 5.485e+2 5.485e+2 5.485e+2 5.485e+2 5.485e+2
    5.485e+2 5.485e+2 5.485e+2 5.485e+2 5.485e+2 5.485e+2 5.485e+2 5.485e+2
    5.485e+2 5.485e+2 5.485e+2 5.485e+2 5.485e+2 5.485e+2 5.485e+2 5.485e+2
    5.485e+2 5.485e+2 5.485e+2 5.485e+2 5.485e+2 5.485e+2 5.485e+2 5.485e+2
    5.485e+2 5.485e+2 5.485e+2 5.485e+2 5.485e+2 5.485e+2 5.485e+2 5.485e+2
    5.485e+2 5.485e+2 5.485e+2 5.485e+2 5.485e+2 5.485e+2 5.485e+2 5.485e+2
    5.485e+2 5.485e+2 5.485e+2 5.485e+2 5.485e+2 5.485e+2 5.485e+2 5.485e+2
    5.485e+2 5.485e+2 5.485e+2 5.485e+2 5.485e+2 5.485e+2 5.485e+2 5.485e+2
    5.485e+2 5.485e+2 5.485e+2 5.485e+2 5.485e+2 5.485e+2 5.485e+2 5.485e+2
    5.485e+2 5.485e+2 5.485e+2 5.485e+2 5.485e+2 5.485e+2 5.485e+2 5.485e+2
    5.485e+2 5.485e+2 5.485e+2 5.485e+2 5.485e+2 5.485e+2 5.485e+2 5.485e+2
    5.485e+2 5.485e+2 5.485e+2 5.485e+2 5.485e+2 5.485e+2 5.485e+2 5.485e+2
    5.485e+2 5.485e+2 5.485e+2 5.485e+2 5.485e+2 5.485e+2 5.485e+2 5.485e+2
    5.485e+2 5.485e+2 5.485e+2 5.485e+2 5.485e+2 5.485e+2 5.485e+2 5.485e+2
    5.485e+2 5.485e+2 5.485e+2 5.485e+2 5.485e+2 5.485e+2 5.485e+2 5.485e+2
    5.485e+2 5.485e+2 5.485e+2 5.485e+2 5.485e+2 5.485e+2 5.485e+2 5.485e+2
    5.485e+2 5.485e+2 5.485e+2 5.485e+2 5.485e+2 5.485e+2 5.485e+2 5.485e+2
    5.485e+2 5.485e+2 5.485e+2 5.485e+2 5.485e+2 5.485e+2 5.485e+2 5.485e+2
    5.485e+2 5.485e+2 5.485e+2 5.485e+2 5.485e+2 5.485e+2 5.485e+2 5.485e+2
    5.485e+2 5.485e+2 5.485e+2 5.485e+2 5.485e+2 5.485e+2 5.485e+2 5.485e+2
    5.485e+2 5.485e+2 5.485e+2 5.485e+2 5.485e+2 5.485e+2 5.485e+2 5.485e+2
    5.485e+2 5.485e+2 5.485e+2 5.485e+2 5.485e+2 5.485e+2 5.485e+2 5.485e+2
    5.485e+2 5.485e+2 5.485e+2 5.485e+2 5.485e+2 5.485e+2 5.485e+2 5.485e+2
    5.485e+2 5.485e+2 5.485e+2 5.485e+2 5.485e+2 5.485e+2 5.485e+2 5.485e+2
    5.485e+2 5.485e+2 5.485e+2 5.485e+2 5.485e+2 5.485e+2 5.485e+2 5.485e+2
    5.485e+2 5.485e+2 5.485e+2 5.485e+2 5.485e+2 5.485e+2 5.485e+2 5.485e+2
    5.485e+2 5.485e+2 5.485e+2 5.485e+2 5.485e+2 5.485e+2 5.485e+2 5.485e+2
    5.485e+2 5.485e+2 5.485e+2 5.485e+2 5.485e+2 5.485e+2 5.485e+2 5.485e+2
    5.485e+2 5.485e+2 5.485e+2 5.485e+2 5.485e+2 5.485e+2 5.485e+2 5.485e+2
    5.485e+2 5.485e+2 5.485e+2 5.485e+2 5.485e+2 5.485e+2 5.485e+2 5.485e+2
    5.485e+2 5.485e+2 5.485e+2 5.485e+2 5.485e+2 5.485e+2 5.485e+2 5.485e+2
    5.485e+2 5.485e+2 5.485e+2 5.485e+2 5.485e+2 5.485e+2 5.485e+2 5.485e+2
    5.485e+2 5.485e+2 5.485e+2 5.485e+2 5.485e+2 5.485e+2 5.485e+2 5.485e+2
    5.485e+2 5.485e+2 5.485e+2 5.485e+2 5.485e+2 5.485e+2 5.485e+2 5.485e+2
    5.485e+2 5.485e+2 5.485e+2 5.485e+2 5.485e+2 5.485e+2 5.485e+2 5.485e+2
    5.485e+2 5.485e+2 5.485e+2 5.485e+2 5.485e+2 5.485e+2 5.485e+2 5.485e+2
    5.485e+2 5.485e+2 5.485e+2 5.485e+2 5.485e+2 5.485e+2 5.485e+2 5.485e+2
    5.485e+2 5.485e+2 5.485e+2 5.485e+2 5.485e+2 5.485e+2 5.485e+2 5.485e+2
    5.485e+2 5.485e+2 5.485e+2 5.485e+2 5.485e+2 5.485e+2 5.485e+2 5.485e+2
    5.485e+2 5.485e+2 5.485e+2 5.485e+2 5.485e+2 5.485e+2 5.485e+2 5.485e+2
    5.485e+2 5.485e+2 5.485e+2 5.485e+2 5.485e+2 5.485e+2 5.485e+2 5.485e+2
    5.485e+2 5.485e+2 5.485e+2 5.485e+2 5.485e+2 5.485e+2 5.485e+2 5.485e+2
    5.485e+2 5.485e+2 5.485e+2 5.485e+2 5.485e+2 5.485e+2 5.485e+2 5.485e+2
    5.485e+2 5.485e+2 5.485e+2 5.485e+2 5.485e+2 5.485e+2 5.485e+2 5.485e+2
    5.485e+2 5.485e+2 5.485e+2 5.485e+2 5.485e+2 5.485e+2 5.485e+2 5.485e+2
    5.485e+2 5.485e+2 5.485e+2 5.485e+2 5.485e+2 5.485e+2 5.485e+2 5.485e+2
    5.485e+2 5.485e+2 5.485e+2 5.485e+2 5.485e+2 5.485e+2 5.485e+2 5.485e+2
    5.485e+2 5.485e+2 5.485e+2 5.485e+2 5.485e+2 5.485e+2 5.485e+2 5.485e+2
    5.485e+2 5.485e+2 5.485e+2 5.485e+2 5.485e+2 5.485e+2 5.485e+2 5.485e+2
    5.485e+2 5.485e+2 5.485e+2 5.485e+2 5.485e+2 5.485e+2 5.485e+2 5.485e+2
    5.485e+2 5.485e+2 5.485e+2 5.485e+2 5.485e+2 5.485e+2 5.485e+2 5.485e+2
    5.485e+2 5.485e+2 5.485e+2 5.485e+2 5.485e+2 5.485e+2 5.485e+2 5.485e+2
    5.485e+2 5.485e+2 5.485e+2 5.485e+2 5.485e+2 5.485e+2 5.485e+2 5.485e+2
    5.485e+2 5.485e+2 5.485e+2 5.485e+2 5.485e+2 5.485e+2 5.485e+2 5.485e+2
    5.485e+2 5.485e+2 5.485e+2 5.485e+2 5.485e+2 5.485e+2 5.485e+2 5.485e+2
    5.485e+2 5.485e+2 5.485e+2 5.485e+2 5.485e+2 5.485e+2 5.485e+2 5.485e+2
    5.485e+2 5.485e+2 5.485e+2 5.485e+2 5.485e+2 5.485e+2 5.485e+2 5.485e+2
    5.485e+2 5.485e+2 5.485e+2 5.485e+2 5.485e+2 5.485e+2 5.485e+2 5.485e+2
    5.485e+2 5.485e+2 5.485e+2 5.485e+2 5.485e+2 5.485e+2 5.485e+2 5.485e+2
    5.485e+2 5.485e+2 5.485e+2 5.485e+2 5.485e+2 5.485e+2 5.485e+2 5.485e+2
    5.485e+2 5.485e+2 5.485e+2 5.485e+2 5.485e+2 5.485e+2 5.485e+2 5.485e+2
    5.485e+2 5.485e+2 5.485e+2 5.485e+2 5.485e+2 5.485e+2 5.485e+2 5.485e+2
    5.485e+2 5.485e+2 5.485e+2 5.485e+2 5.485e+2 5.485e+2 5.485e+2 5.485e+2
    5.485e+2 5.485e+2 5.485e+2 5.485e+2 5.485e+2 5.485e+2 5.485e+2 5.485e+2
    5.485e+2 5.485e+2 5.485e+2 5.485e+2 5.485e+2 5.485e+2 5.485e+2 5.485e+2
    5.485e+2 5.485e+2 5.485e+2 5.485e+2 5.485e+2 5.485e+2 5.485e+2 5.485e+2
    5.485e+2 5.485e+2 5.485e+2 5.485e+2 5.485e+2 5.485e+2 5.485e+2 5.485e+2
    5.485e+2 5.485e+2 5.485e+2 5.485e+2 5.485e+2 5.485e+2 5.485e+2 5.485e+2
    5.485e+2 5.485e+2 5.485e+2 5.485e+2 5.485e+2 5.485e+2 5.485e+2 5.485e+2
    5.485e+2 5.485e+2 5.485e+2 5.485e+2 5.485e+2 5.485e+2 5.485e+2 5.485e+2
    5.485e+2 5.485e+2 5.485e+2 5.485e+2 5.485e+2 5.485e+2 5.485e+2 5.485e+2
    5.485e+2 5.485e+2 5.485e+2 5.485e+2 5.485e+2 5.485e+2 5.485e+2 5.485e+2
    5.485e+2 5.485e+2 5.485e+2 5.485e+2 5.485e+2 5.485e+2 5.485e+2 5.485e+2
    5.485e+2 5.485e+2 5.485e+2 5.485e+2 5.485e+2 5.485e+2 5.485e+2 5.485e+2
    5.485e+2 5.485e+2 5.485e+2 5.485e+2 5.485e+2 5.485e+2 5.485e+2 5.485e+2
    5.485e+2 5.485e+2 5.485e+2 5.485e+2 5.485e+2 5.485e+2 5.485e+2 5.485e+2
    5.485e+2 5.485e+2 5.485e+2 5.485e+2 5.485e+2 5.485e+2 5.485e+2 5.485e+2
    5.485e+2 5.485e+2 5.485e+2 5.485e+2 5.485e+2 5.485e+2 5.485e+2 5.485e+2
    5.485e+2 5.485e+2 5.485e+2 5.485e+2 5.485e+2 5.485e+2 5.485e+2 5.485e+2
    5.485e+2 5.485e+2 5.485e+2 5.485e+2 5.485e+2 5.485e+2 5.485e+2 5.485e+2
    5.485e+2 5.485e+2 5.485e+2 5.485e+2 5.485e+2 5.485e+2 5.4866666666666663e+2
    5.4866666666666663e+2 5.4866666666666663e+2 5.4866666666666663e+2
    5.4866666666666663e+2 5.4866666666666663e+2 5.4866666666666663e+2
    5.4866666666666663e+2 5.4866666666666663e+2 5.4866666666666663e+2
    5.4866666666666663e+2 5.4866666666666663e+2 5.4866666666666663e+2
    5.4866666666666663e+2 5.4866666666666663e+2 5.4866666666666663e+2
    5.4866666666666663e+2 5.4866666666666663e+2 5.4866666666666663e+2
    5.4866666666666663e+2 5.4866666666666663e+2 5.4866666666666663e+2
    5.4866666666666663e+2 5.4866666666666663e+2 5.4866666666666663e+2
    5.4866666666666663e+2 5.4866666666666663e+2 5.4866666666666663e+2
    5.4866666666666663e+2 5.4866666666666663e+2 5.4866666666666663e+2
    5.4866666666666663e+2 5.4866666666666663e+2 5.4866666666666663e+2
    5.4883333333333337e+2 5.4883333333333337e+2 5.4883333333333337e+2
    5.4883333333333337e+2 5.4883333333333337e+2 5.4883333333333337e+2
    5.4883333333333337e+2 5.4883333333333337e+2 5.4883333333333337e+2
    5.4883333333333337e+2 5.4883333333333337e+2 5.4883333333333337e+2
    5.4883333333333337e+2 5.4883333333333337e+2 5.4883333333333337e+2
    5.4883333333333337e+2 5.4883333333333337e+2 5.4883333333333337e+2
    5.4883333333333337e+2 5.4883333333333337e+2 5.4883333333333337e+2
    5.4883333333333337e+2 5.4883333333333337e+2 5.4883333333333337e+2
    5.4883333333333337e+2 5.4883333333333337e+2 5.4883333333333337e+2
    5.4883333333333337e+2 5.4883333333333337e+2 5.4883333333333337e+2
    5.4883333333333337e+2 5.4883333333333337e+2 5.4883333333333337e+2
    5.4883333333333337e+2 5.4883333333333337e+2 5.4883333333333337e+2
    5.4883333333333337e+2 5.4883333333333337e+2 5.4883333333333337e+2
    5.4883333333333337e+2 5.4883333333333337e+2 5.4883333333333337e+2
    5.4883333333333337e+2 5.4883333333333337e+2 5.4883333333333337e+2
    5.4883333333333337e+2 5.4883333333333337e+2 5.4883333333333337e+2
    5.4883333333333337e+2 5.4883333333333337e+2 5.4883333333333337e+2
    5.4883333333333337e+2 5.4883333333333337e+2 5.4883333333333337e+2
    5.4883333333333337e+2 5.4883333333333337e+2 5.4883333333333337e+2
    5.4883333333333337e+2 5.4883333333333337e+2 5.4883333333333337e+2
    5.4883333333333337e+2 5.4883333333333337e+2 5.4883333333333337e+2
    5.4883333333333337e+2 5.4883333333333337e+2 5.4883333333333337e+2
    5.4883333333333337e+2 5.4883333333333337e+2 5.4883333333333337e+2
    5.4883333333333337e+2 5.4883333333333337e+2 5.4883333333333337e+2
    5.4883333333333337e+2 5.4883333333333337e+2 5.4883333333333337e+2
    5.4883333333333337e+2 5.4883333333333337e+2 5.4883333333333337e+2
    5.4883333333333337e+2 5.4883333333333337e+2 5.4883333333333337e+2
    5.4883333333333337e+2 5.4883333333333337e+2 5.4883333333333337e+2
    5.4883333333333337e+2 5.4883333333333337e+2 5.4883333333333337e+2
    5.4883333333333337e+2 5.4883333333333337e+2 5.4883333333333337e+2
    5.4883333333333337e+2 5.4883333333333337e+2 5.4883333333333337e+2
    5.4883333333333337e+2 5.4883333333333337e+2 5.4883333333333337e+2
    5.4883333333333337e+2 5.4883333333333337e+2 5.4883333333333337e+2
    5.4883333333333337e+2 5.4883333333333337e+2 5.4883333333333337e+2
    5.4883333333333337e+2 5.4883333333333337e+2 5.4883333333333337e+2
    5.4883333333333337e+2 5.4883333333333337e+2 5.4883333333333337e+2
    5.4883333333333337e+2 5.4883333333333337e+2 5.4883333333333337e+2
    5.4883333333333337e+2 5.4883333333333337e+2 5.4883333333333337e+2
    5.4883333333333337e+2 5.4883333333333337e+2 5.4883333333333337e+2
    5.4883333333333337e+2 5.4883333333333337e+2 5.4883333333333337e+2
    5.4883333333333337e+2 5.4883333333333337e+2 5.4883333333333337e+2
    5.4883333333333337e+2 5.4883333333333337e+2 5.4883333333333337e+2
    5.4883333333333337e+2 5.4883333333333337e+2 5.4883333333333337e+2
    5.4883333333333337e+2 5.4883333333333337e+2 5.4883333333333337e+2
    5.4883333333333337e+2 5.4883333333333337e+2 5.4883333333333337e+2
    5.4883333333333337e+2 5.4883333333333337e+2 5.4883333333333337e+2
    5.4883333333333337e+2 5.4883333333333337e+2 5.4883333333333337e+2
    5.4883333333333337e+2 5.4883333333333337e+2 5.4883333333333337e+2
    5.4883333333333337e+2 5.4883333333333337e+2 5.4883333333333337e+2
    5.4883333333333337e+2 5.4883333333333337e+2 5.4883333333333337e+2
    5.4883333333333337e+2 5.4883333333333337e+2 5.4883333333333337e+2
    5.4883333333333337e+2 5.4883333333333337e+2 5.4883333333333337e+2
    5.4883333333333337e+2 5.4883333333333337e+2 5.4883333333333337e+2
    5.4883333333333337e+2 5.4883333333333337e+2 5.4883333333333337e+2
    5.4883333333333337e+2 5.4883333333333337e+2 5.4883333333333337e+2
    5.4883333333333337e+2 5.4883333333333337e+2 5.4883333333333337e+2
    5.4883333333333337e+2 5.4883333333333337e+2 5.4883333333333337e+2
    5.4883333333333337e+2 5.4883333333333337e+2 5.4883333333333337e+2
    5.4883333333333337e+2 5.4883333333333337e+2 5.4883333333333337e+2
    5.4883333333333337e+2 5.4883333333333337e+2 5.4883333333333337e+2
    5.4883333333333337e+2 5.4883333333333337e+2 5.4883333333333337e+2
    5.4883333333333337e+2 5.4883333333333337e+2 5.4883333333333337e+2
    5.4883333333333337e+2 5.4883333333333337e+2 5.4883333333333337e+2
    5.4883333333333337e+2 5.4883333333333337e+2 5.4883333333333337e+2
    5.4883333333333337e+2 5.4883333333333337e+2 5.4883333333333337e+2
    5.4883333333333337e+2 5.4883333333333337e+2 5.4883333333333337e+2
    5.4883333333333337e+2 5.4883333333333337e+2 5.4883333333333337e+2
    5.4883333333333337e+2 5.4883333333333337e+2 5.4883333333333337e+2
    5.4883333333333337e+2 5.4883333333333337e+2 5.4883333333333337e+2
    5.4883333333333337e+2 5.4883333333333337e+2 5.4883333333333337e+2
    5.4883333333333337e+2 5.4883333333333337e+2 5.4883333333333337e+2
    5.4883333333333337e+2 5.4883333333333337e+2 5.4883333333333337e+2
    5.4883333333333337e+2 5.4883333333333337e+2 5.4883333333333337e+2
    5.4883333333333337e+2 5.4883333333333337e+2 5.4883333333333337e+2
    5.4883333333333337e+2 5.4883333333333337e+2 5.4883333333333337e+2
    5.4883333333333337e+2 5.4883333333333337e+2 5.4883333333333337e+2
    5.4883333333333337e+2 5.4883333333333337e+2 5.4883333333333337e+2
    5.4883333333333337e+2 5.4883333333333337e+2 5.4883333333333337e+2
    5.4883333333333337e+2 5.4883333333333337e+2 5.4883333333333337e+2
    5.4883333333333337e+2 5.4883333333333337e+2 5.4883333333333337e+2
    5.4883333333333337e+2 5.4883333333333337e+2 5.4883333333333337e+2
    5.4883333333333337e+2 5.4883333333333337e+2 5.4883333333333337e+2
    5.4883333333333337e+2 5.4883333333333337e+2 5.4883333333333337e+2
    5.4883333333333337e+2 5.4883333333333337e+2 5.4883333333333337e+2
    5.4883333333333337e+2 5.4883333333333337e+2 5.4883333333333337e+2
    5.4883333333333337e+2 5.4883333333333337e+2 5.4883333333333337e+2
    5.4883333333333337e+2 5.4883333333333337e+2 5.4883333333333337e+2
    5.4883333333333337e+2 5.4883333333333337e+2 5.4883333333333337e+2
    5.4883333333333337e+2 5.4883333333333337e+2 5.4883333333333337e+2
    5.4883333333333337e+2 5.4883333333333337e+2 5.4883333333333337e+2
    5.4883333333333337e+2 5.4883333333333337e+2 5.4883333333333337e+2
    5.4883333333333337e+2 5.4883333333333337e+2 5.4883333333333337e+2
    5.4883333333333337e+2 5.4883333333333337e+2 5.4883333333333337e+2
    5.4883333333333337e+2 5.4883333333333337e+2 5.4883333333333337e+2
    5.4883333333333337e+2 5.4883333333333337e+2 5.4883333333333337e+2
    5.4883333333333337e+2 5.4883333333333337e+2 5.4883333333333337e+2
    5.4883333333333337e+2 5.4883333333333337e+2 5.4883333333333337e+2
    5.4883333333333337e+2 5.4883333333333337e+2 5.4883333333333337e+2
    5.4883333333333337e+2 5.4883333333333337e+2 5.4883333333333337e+2
    5.4883333333333337e+2 5.4883333333333337e+2 5.4883333333333337e+2
    5.4883333333333337e+2 5.4883333333333337e+2 5.4883333333333337e+2
    5.4883333333333337e+2 5.4883333333333337e+2 5.4883333333333337e+2
    5.4883333333333337e+2 5.4883333333333337e+2 5.4883333333333337e+2
    5.4883333333333337e+2 5.4883333333333337e+2 5.4883333333333337e+2
    5.4883333333333337e+2 5.4883333333333337e+2 5.4883333333333337e+2
    5.4883333333333337e+2 5.4883333333333337e+2 5.4883333333333337e+2
    5.4883333333333337e+2 5.4883333333333337e+2 5.4883333333333337e+2
    5.4883333333333337e+2 5.4883333333333337e+2 5.4883333333333337e+2
    5.4883333333333337e+2 5.4883333333333337e+2 5.4883333333333337e+2
    5.4883333333333337e+2 5.4883333333333337e+2 5.4883333333333337e+2
    5.4883333333333337e+2 5.4883333333333337e+2 5.4883333333333337e+2
    5.4883333333333337e+2 5.4883333333333337e+2 5.4883333333333337e+2
    5.4883333333333337e+2 5.4883333333333337e+2 5.4883333333333337e+2
    5.4883333333333337e+2 5.4883333333333337e+2 5.4883333333333337e+2
    5.4883333333333337e+2 5.4883333333333337e+2 5.4883333333333337e+2
    5.4883333333333337e+2 5.4883333333333337e+2 5.4883333333333337e+2
    5.4883333333333337e+2 5.4883333333333337e+2 5.4883333333333337e+2
    5.4883333333333337e+2 5.4883333333333337e+2 5.4883333333333337e+2
    5.4883333333333337e+2 5.4883333333333337e+2 5.4883333333333337e+2
    5.4883333333333337e+2 5.4883333333333337e+2 5.4883333333333337e+2
    5.4883333333333337e+2 5.4883333333333337e+2 5.4883333333333337e+2
    5.4883333333333337e+2 5.4883333333333337e+2 5.4883333333333337e+2
    5.4883333333333337e+2 5.4883333333333337e+2 5.4883333333333337e+2
    5.4883333333333337e+2 5.4883333333333337e+2 5.4883333333333337e+2
    5.4883333333333337e+2 5.4883333333333337e+2 5.4883333333333337e+2
    5.4883333333333337e+2 5.4883333333333337e+2 5.4883333333333337e+2
    5.4883333333333337e+2 5.4883333333333337e+2 5.4883333333333337e+2
    5.4883333333333337e+2 5.4883333333333337e+2 5.4883333333333337e+2
    5.4883333333333337e+2 5.4883333333333337e+2 5.4883333333333337e+2
    5.4883333333333337e+2 5.4883333333333337e+2 5.4883333333333337e+2
    5.4883333333333337e+2 5.4883333333333337e+2 5.4883333333333337e+2
    5.4883333333333337e+2 5.4883333333333337e+2 5.4883333333333337e+2
    5.4883333333333337e+2 5.4883333333333337e+2 5.4883333333333337e+2
    5.4883333333333337e+2 5.4883333333333337e+2 5.4883333333333337e+2
    5.4883333333333337e+2 5.4883333333333337e+2 5.4883333333333337e+2
    5.4883333333333337e+2 5.4883333333333337e+2 5.4883333333333337e+2
    5.4883333333333337e+2 5.4883333333333337e+2 5.4883333333333337e+2
    5.4883333333333337e+2 5.4883333333333337e+2 5.4883333333333337e+2 5.49e+2
    5.49e+2 5.49e+2 5.49e+2 5.49e+2 5.49e+2 5.49e+2 5.49e+2 5.49e+2 5.49e+2
    5.49e+2 5.49e+2 5.49e+2 5.4916666666666663e+2 5.4916666666666663e+2
    5.4916666666666663e+2 5.4916666666666663e+2 5.4916666666666663e+2
    5.4916666666666663e+2 5.4916666666666663e+2 5.4916666666666663e+2
    5.4916666666666663e+2 5.4916666666666663e+2 5.4916666666666663e+2
    5.4916666666666663e+2 5.4916666666666663e+2 5.4916666666666663e+2
    5.4916666666666663e+2 5.4916666666666663e+2 5.4916666666666663e+2
    5.4916666666666663e+2 5.4916666666666663e+2 5.4916666666666663e+2
    5.4916666666666663e+2 5.4916666666666663e+2 5.4916666666666663e+2
    5.4916666666666663e+2 5.4916666666666663e+2 5.4916666666666663e+2
    5.4916666666666663e+2 5.4916666666666663e+2 5.4916666666666663e+2
    5.4916666666666663e+2 5.4916666666666663e+2 5.4916666666666663e+2
    5.4916666666666663e+2 5.4916666666666663e+2 5.4916666666666663e+2
    5.4916666666666663e+2 5.4916666666666663e+2 5.4916666666666663e+2
    5.4916666666666663e+2 5.4916666666666663e+2 5.4916666666666663e+2
    5.4916666666666663e+2 5.4916666666666663e+2 5.4916666666666663e+2
    5.4916666666666663e+2 5.4916666666666663e+2 5.4916666666666663e+2
    5.4916666666666663e+2 5.4916666666666663e+2 5.4916666666666663e+2
    5.4916666666666663e+2 5.4916666666666663e+2 5.4916666666666663e+2
    5.4916666666666663e+2 5.4916666666666663e+2 5.4916666666666663e+2
    5.5133333333333337e+2 5.5133333333333337e+2 5.5133333333333337e+2
    5.5133333333333337e+2 5.5133333333333337e+2 5.5133333333333337e+2
    5.5133333333333337e+2 5.5133333333333337e+2 5.5133333333333337e+2
    5.5133333333333337e+2 5.5133333333333337e+2 5.5133333333333337e+2
    5.5133333333333337e+2 5.5133333333333337e+2 5.5133333333333337e+2
    5.5133333333333337e+2 5.5133333333333337e+2 5.5133333333333337e+2
    5.5133333333333337e+2 5.5133333333333337e+2 5.5133333333333337e+2
    5.5133333333333337e+2 5.5133333333333337e+2 5.5133333333333337e+2
    5.5133333333333337e+2 5.5133333333333337e+2 5.5133333333333337e+2
    5.5133333333333337e+2 5.5133333333333337e+2 5.5133333333333337e+2
    5.5133333333333337e+2 5.5133333333333337e+2 5.5133333333333337e+2
    5.5133333333333337e+2 5.5133333333333337e+2 5.5133333333333337e+2
    5.5133333333333337e+2 5.5133333333333337e+2 5.5133333333333337e+2
    5.5133333333333337e+2 5.5133333333333337e+2 5.5133333333333337e+2
    5.5133333333333337e+2 5.5133333333333337e+2 5.5133333333333337e+2
    5.5133333333333337e+2 5.5133333333333337e+2 5.5133333333333337e+2
    5.5133333333333337e+2 5.5133333333333337e+2 5.5133333333333337e+2
    5.5133333333333337e+2 5.5133333333333337e+2 5.5133333333333337e+2
    5.5133333333333337e+2 5.5133333333333337e+2 5.5133333333333337e+2
    5.5133333333333337e+2 5.5133333333333337e+2 5.5133333333333337e+2
    5.5133333333333337e+2 5.5133333333333337e+2 5.5133333333333337e+2
    5.5133333333333337e+2 5.5133333333333337e+2 5.5133333333333337e+2
    5.5133333333333337e+2 5.5133333333333337e+2 5.5133333333333337e+2
    5.5133333333333337e+2 5.5133333333333337e+2 5.5133333333333337e+2
    5.5133333333333337e+2 5.5133333333333337e+2 5.5133333333333337e+2
    5.5133333333333337e+2 5.5133333333333337e+2 5.5133333333333337e+2
    5.5133333333333337e+2 5.5133333333333337e+2 5.5133333333333337e+2
    5.5133333333333337e+2 5.5133333333333337e+2 5.5133333333333337e+2
    5.5133333333333337e+2 5.5133333333333337e+2 5.5133333333333337e+2
    5.5133333333333337e+2 5.5133333333333337e+2 5.5133333333333337e+2
    5.5133333333333337e+2 5.5133333333333337e+2 5.5133333333333337e+2
    5.5133333333333337e+2 5.5133333333333337e+2 5.5133333333333337e+2
    5.5133333333333337e+2 5.5133333333333337e+2 5.5133333333333337e+2
    5.5133333333333337e+2 5.5133333333333337e+2 5.5133333333333337e+2
    5.5133333333333337e+2 5.5133333333333337e+2 5.5133333333333337e+2
    5.5133333333333337e+2 5.5133333333333337e+2 5.5133333333333337e+2
    5.5133333333333337e+2 5.5133333333333337e+2 5.5133333333333337e+2
    5.5133333333333337e+2 5.5133333333333337e+2 5.5133333333333337e+2
    5.5133333333333337e+2 5.5133333333333337e+2 5.5133333333333337e+2
    5.5133333333333337e+2 5.5133333333333337e+2 5.5133333333333337e+2
    5.5133333333333337e+2 5.5133333333333337e+2 5.5133333333333337e+2
    5.5133333333333337e+2 5.5133333333333337e+2 5.5133333333333337e+2
    5.5133333333333337e+2 5.5133333333333337e+2 5.5133333333333337e+2
    5.5133333333333337e+2 5.5133333333333337e+2 5.5133333333333337e+2
    5.5133333333333337e+2 5.5133333333333337e+2 5.5133333333333337e+2
    5.5133333333333337e+2 5.5133333333333337e+2 5.5133333333333337e+2
    5.5133333333333337e+2 5.5133333333333337e+2 5.5133333333333337e+2
    5.5133333333333337e+2 5.5133333333333337e+2 5.5133333333333337e+2
    5.5133333333333337e+2 5.5133333333333337e+2 5.5133333333333337e+2
    5.5133333333333337e+2 5.5133333333333337e+2 5.5133333333333337e+2
    5.5133333333333337e+2 5.5133333333333337e+2 5.5133333333333337e+2
    5.5133333333333337e+2 5.5133333333333337e+2 5.5133333333333337e+2
    5.5133333333333337e+2 5.5133333333333337e+2 5.5133333333333337e+2
    5.5133333333333337e+2 5.5133333333333337e+2 5.5133333333333337e+2
    5.5133333333333337e+2 5.5133333333333337e+2 5.5133333333333337e+2
    5.5133333333333337e+2 5.5133333333333337e+2 5.5133333333333337e+2
    5.5133333333333337e+2 5.5133333333333337e+2 5.5133333333333337e+2
    5.5133333333333337e+2 5.5133333333333337e+2 5.5133333333333337e+2
    5.5133333333333337e+2 5.5133333333333337e+2 5.5133333333333337e+2
    5.5133333333333337e+2 5.5133333333333337e+2 5.5133333333333337e+2
    5.5133333333333337e+2 5.5133333333333337e+2 5.5133333333333337e+2
    5.5133333333333337e+2 5.5133333333333337e+2 5.5133333333333337e+2
    5.5133333333333337e+2 5.5133333333333337e+2 5.5133333333333337e+2
    5.5133333333333337e+2 5.5133333333333337e+2 5.5133333333333337e+2
    5.5133333333333337e+2 5.5133333333333337e+2 5.5133333333333337e+2
    5.5133333333333337e+2 5.5133333333333337e+2 5.5133333333333337e+2
    5.5133333333333337e+2 5.5133333333333337e+2 5.5133333333333337e+2
    5.5133333333333337e+2 5.5133333333333337e+2 5.5133333333333337e+2
    5.5133333333333337e+2 5.5133333333333337e+2 5.5133333333333337e+2
    5.5133333333333337e+2 5.5133333333333337e+2 5.5133333333333337e+2
    5.5133333333333337e+2 5.5133333333333337e+2 5.5133333333333337e+2
    5.5133333333333337e+2 5.5133333333333337e+2 5.5133333333333337e+2
    5.5133333333333337e+2 5.5133333333333337e+2 5.5133333333333337e+2
    5.5133333333333337e+2 5.5133333333333337e+2 5.5133333333333337e+2
    5.5133333333333337e+2 5.5133333333333337e+2 5.5133333333333337e+2
    5.5133333333333337e+2 5.5133333333333337e+2 5.5133333333333337e+2
    5.5133333333333337e+2 5.5133333333333337e+2 5.5133333333333337e+2
    5.5133333333333337e+2 5.5133333333333337e+2 5.5133333333333337e+2
    5.5133333333333337e+2 5.5133333333333337e+2 5.5133333333333337e+2
    5.5133333333333337e+2 5.5133333333333337e+2 5.5133333333333337e+2
    5.5133333333333337e+2 5.5133333333333337e+2 5.5133333333333337e+2
    5.5133333333333337e+2 5.5133333333333337e+2 5.5133333333333337e+2
    5.5133333333333337e+2 5.5133333333333337e+2 5.5133333333333337e+2
    5.5133333333333337e+2 5.5133333333333337e+2 5.5133333333333337e+2
    5.5133333333333337e+2 5.5133333333333337e+2 5.5133333333333337e+2
    5.5133333333333337e+2 5.5133333333333337e+2 5.5133333333333337e+2
    5.5133333333333337e+2 5.5133333333333337e+2 5.5133333333333337e+2
    5.5133333333333337e+2 5.5133333333333337e+2 5.5133333333333337e+2
    5.5133333333333337e+2 5.5133333333333337e+2 5.5133333333333337e+2
    5.5133333333333337e+2 5.5133333333333337e+2 5.5133333333333337e+2
    5.5133333333333337e+2 5.5133333333333337e+2 5.5133333333333337e+2
    5.5133333333333337e+2 5.5133333333333337e+2 5.5133333333333337e+2
    5.5133333333333337e+2 5.5133333333333337e+2 5.5133333333333337e+2
    5.5133333333333337e+2 5.5133333333333337e+2 5.5133333333333337e+2
    5.5133333333333337e+2 5.5133333333333337e+2 5.5133333333333337e+2
    5.5133333333333337e+2 5.5133333333333337e+2 5.5133333333333337e+2
    5.5133333333333337e+2 5.5133333333333337e+2 5.5133333333333337e+2
    5.5133333333333337e+2 5.5133333333333337e+2 5.5133333333333337e+2
    5.5133333333333337e+2 5.5133333333333337e+2 5.5133333333333337e+2
    5.5133333333333337e+2 5.5133333333333337e+2 5.5133333333333337e+2
    5.5133333333333337e+2 5.5133333333333337e+2 5.5133333333333337e+2
    5.5133333333333337e+2 5.5133333333333337e+2 5.5133333333333337e+2
    5.5133333333333337e+2 5.5133333333333337e+2 5.5133333333333337e+2
    5.5133333333333337e+2 5.5133333333333337e+2 5.5133333333333337e+2
    5.5133333333333337e+2 5.5133333333333337e+2 5.5133333333333337e+2
    5.5133333333333337e+2 5.5133333333333337e+2 5.5133333333333337e+2
    5.5133333333333337e+2 5.5133333333333337e+2 5.5133333333333337e+2
    5.5133333333333337e+2 5.5133333333333337e+2 5.5133333333333337e+2
    5.5133333333333337e+2 5.5133333333333337e+2 5.5133333333333337e+2
    5.5133333333333337e+2 5.5133333333333337e+2 5.5133333333333337e+2
    5.5133333333333337e+2 5.5133333333333337e+2 5.5133333333333337e+2
    5.5133333333333337e+2 5.5133333333333337e+2 5.5133333333333337e+2
    5.5133333333333337e+2 5.5133333333333337e+2 5.5133333333333337e+2
    5.5133333333333337e+2 5.5133333333333337e+2 5.5133333333333337e+2
    5.5133333333333337e+2 5.5133333333333337e+2 5.5133333333333337e+2
    5.5133333333333337e+2 5.5133333333333337e+2 5.5133333333333337e+2
    5.5133333333333337e+2 5.5133333333333337e+2 5.5133333333333337e+2
    5.5133333333333337e+2 5.5133333333333337e+2 5.5133333333333337e+2
    5.5133333333333337e+2 5.5133333333333337e+2 5.5133333333333337e+2
    5.5133333333333337e+2 5.5133333333333337e+2 5.5133333333333337e+2
    5.5133333333333337e+2 5.5133333333333337e+2 5.5133333333333337e+2
    5.5133333333333337e+2 5.5133333333333337e+2 5.5133333333333337e+2
    5.5133333333333337e+2 5.5133333333333337e+2 5.5133333333333337e+2
    5.5133333333333337e+2 5.5133333333333337e+2 5.5133333333333337e+2
    5.5133333333333337e+2 5.5133333333333337e+2 5.5133333333333337e+2
    5.5133333333333337e+2 5.5133333333333337e+2 5.5133333333333337e+2
    5.5133333333333337e+2 5.5133333333333337e+2 5.5133333333333337e+2
    5.5133333333333337e+2 5.5133333333333337e+2 5.5133333333333337e+2
    5.5133333333333337e+2 5.5133333333333337e+2 5.5133333333333337e+2
    5.5133333333333337e+2 5.5133333333333337e+2 5.5133333333333337e+2
    5.5133333333333337e+2 5.5133333333333337e+2 5.5133333333333337e+2
    5.5133333333333337e+2 5.5133333333333337e+2 5.5133333333333337e+2
    5.5133333333333337e+2 5.5133333333333337e+2 5.5133333333333337e+2
    5.5133333333333337e+2 5.5133333333333337e+2 5.5133333333333337e+2
    5.5133333333333337e+2 5.5133333333333337e+2 5.5133333333333337e+2
    5.5133333333333337e+2 5.5133333333333337e+2 5.5133333333333337e+2
    5.5133333333333337e+2 5.5133333333333337e+2 5.5133333333333337e+2
    5.5133333333333337e+2 5.5133333333333337e+2 5.5133333333333337e+2
    5.5133333333333337e+2 5.5133333333333337e+2 5.5133333333333337e+2
    5.5133333333333337e+2 5.5133333333333337e+2 5.5133333333333337e+2
    5.5133333333333337e+2 5.5133333333333337e+2 5.5133333333333337e+2
    5.5133333333333337e+2 5.5133333333333337e+2 5.5133333333333337e+2
    5.5133333333333337e+2 5.5133333333333337e+2 5.5133333333333337e+2
    5.5133333333333337e+2 5.5133333333333337e+2 5.5133333333333337e+2
    5.5133333333333337e+2 5.5133333333333337e+2 5.5133333333333337e+2
    5.5133333333333337e+2 5.5133333333333337e+2 5.5133333333333337e+2
    5.5133333333333337e+2 5.5133333333333337e+2 5.5133333333333337e+2
    5.5133333333333337e+2 5.5133333333333337e+2 5.5133333333333337e+2
    5.5133333333333337e+2 5.5133333333333337e+2 5.5133333333333337e+2
    5.5133333333333337e+2 5.5133333333333337e+2 5.5133333333333337e+2
    5.5133333333333337e+2 5.5133333333333337e+2 5.5133333333333337e+2
    5.5133333333333337e+2 5.5133333333333337e+2 5.5133333333333337e+2
    5.5133333333333337e+2 5.5133333333333337e+2 5.5133333333333337e+2
    5.5133333333333337e+2 5.5133333333333337e+2 5.5133333333333337e+2
    5.5133333333333337e+2 5.5133333333333337e+2 5.5283333333333337e+2
    5.5533333333333337e+2 5.5533333333333337e+2 5.555e+2 5.555e+2
    5.5566666666666663e+2 5.5566666666666663e+2 5.5566666666666663e+2
    5.5566666666666663e+2 5.5566666666666663e+2 5.5566666666666663e+2
    5.5566666666666663e+2 5.5566666666666663e+2 5.5566666666666663e+2
    5.5566666666666663e+2 5.5566666666666663e+2 5.5566666666666663e+2
    5.5566666666666663e+2 5.5566666666666663e+2 5.5566666666666663e+2
    5.5566666666666663e+2 5.56e+2 5.56e+2 5.56e+2 5.56e+2 5.56e+2 5.56e+2
    5.56e+2 5.56e+2 5.56e+2 5.56e+2 5.56e+2 5.56e+2 5.56e+2 5.56e+2 5.56e+2
    5.56e+2 5.56e+2 5.56e+2 5.56e+2 5.56e+2 5.56e+2 5.56e+2 5.56e+2 5.56e+2
    5.56e+2 5.56e+2 5.56e+2 5.56e+2 5.56e+2 5.56e+2 5.56e+2 5.56e+2 5.56e+2
    5.56e+2 5.56e+2 5.56e+2 5.56e+2 5.56e+2 5.56e+2 5.56e+2 5.56e+2 5.56e+2
    5.56e+2 5.56e+2 5.56e+2 5.56e+2 5.56e+2 5.56e+2 5.56e+2 5.56e+2 5.56e+2
    5.56e+2 5.56e+2 5.56e+2 5.56e+2 5.56e+2 5.56e+2 5.56e+2 5.56e+2 5.56e+2
    5.56e+2 5.56e+2 5.56e+2 5.56e+2 5.56e+2 5.56e+2 5.56e+2 5.56e+2 5.56e+2
    5.56e+2 5.56e+2 5.56e+2 5.56e+2 5.56e+2 5.56e+2 5.56e+2 5.56e+2 5.56e+2
    5.56e+2 5.56e+2 5.56e+2 5.56e+2 5.56e+2 5.56e+2 5.56e+2 5.56e+2 5.56e+2
    5.56e+2 5.56e+2 5.56e+2 5.56e+2 5.56e+2 5.56e+2 5.56e+2 5.56e+2 5.56e+2
    5.56e+2 5.56e+2 5.56e+2 5.56e+2 5.56e+2 5.56e+2 5.56e+2 5.56e+2 5.56e+2
    5.56e+2 5.56e+2 5.56e+2 5.56e+2 5.56e+2 5.56e+2 5.56e+2 5.56e+2 5.56e+2
    5.56e+2 5.56e+2 5.56e+2 5.56e+2 5.56e+2 5.56e+2 5.56e+2 5.56e+2 5.56e+2
    5.56e+2 5.56e+2 5.56e+2 5.56e+2 5.56e+2 5.56e+2 5.56e+2 5.56e+2 5.56e+2
    5.56e+2 5.56e+2 5.56e+2 5.56e+2 5.56e+2 5.56e+2 5.56e+2 5.56e+2 5.56e+2
    5.56e+2 5.56e+2 5.56e+2 5.56e+2 5.56e+2 5.56e+2 5.56e+2 5.56e+2 5.56e+2
    5.56e+2 5.56e+2 5.56e+2 5.56e+2 5.56e+2 5.56e+2 5.56e+2 5.56e+2 5.56e+2
    5.56e+2 5.56e+2 5.56e+2 5.56e+2 5.56e+2 5.56e+2 5.56e+2 5.56e+2 5.56e+2
    5.56e+2 5.56e+2 5.56e+2 5.56e+2 5.56e+2 5.56e+2 5.56e+2 5.56e+2 5.56e+2
    5.56e+2 5.56e+2 5.56e+2 5.56e+2 5.56e+2 5.56e+2 5.56e+2 5.56e+2 5.56e+2
    5.56e+2 5.56e+2 5.56e+2 5.56e+2 5.56e+2 5.56e+2 5.56e+2 5.56e+2 5.56e+2
    5.56e+2 5.56e+2 5.56e+2 5.56e+2 5.56e+2 5.56e+2 5.56e+2 5.56e+2 5.56e+2
    5.5616666666666663e+2 5.5616666666666663e+2 5.5616666666666663e+2
    5.5616666666666663e+2 5.5616666666666663e+2 5.5616666666666663e+2
    5.5616666666666663e+2 5.5616666666666663e+2 5.5616666666666663e+2
    5.5616666666666663e+2 5.5616666666666663e+2 5.5616666666666663e+2
    5.5616666666666663e+2 5.5616666666666663e+2 5.5616666666666663e+2
    5.5616666666666663e+2 5.5616666666666663e+2 5.5616666666666663e+2
    5.5616666666666663e+2 5.5616666666666663e+2 5.5616666666666663e+2
    5.5616666666666663e+2 5.5616666666666663e+2 5.5616666666666663e+2
    5.5616666666666663e+2 5.5616666666666663e+2 5.5616666666666663e+2
    5.5616666666666663e+2 5.5616666666666663e+2 5.5616666666666663e+2
    5.5616666666666663e+2 5.5616666666666663e+2 5.5616666666666663e+2
    5.5616666666666663e+2 5.5616666666666663e+2 5.5616666666666663e+2
    5.5616666666666663e+2 5.5616666666666663e+2 5.5616666666666663e+2
    5.5616666666666663e+2 5.5616666666666663e+2 5.5633333333333337e+2
    5.5633333333333337e+2 5.5633333333333337e+2 5.5633333333333337e+2
    5.5633333333333337e+2 5.5633333333333337e+2 5.5633333333333337e+2
    5.5633333333333337e+2 5.5633333333333337e+2 5.5633333333333337e+2
    5.5633333333333337e+2 5.5633333333333337e+2 5.5633333333333337e+2
    5.5633333333333337e+2 5.5633333333333337e+2 5.5633333333333337e+2
    5.5633333333333337e+2 5.5633333333333337e+2 5.5633333333333337e+2
    5.5633333333333337e+2 5.5633333333333337e+2 5.5633333333333337e+2
    5.5633333333333337e+2 5.5633333333333337e+2 5.5633333333333337e+2
    5.5633333333333337e+2 5.5633333333333337e+2 5.5633333333333337e+2
    5.5633333333333337e+2 5.5633333333333337e+2 5.5633333333333337e+2
    5.5633333333333337e+2 5.5633333333333337e+2 5.5633333333333337e+2
    5.5633333333333337e+2 5.5633333333333337e+2 5.5633333333333337e+2
    5.5633333333333337e+2 5.5633333333333337e+2 5.5633333333333337e+2
    5.5633333333333337e+2 5.5633333333333337e+2 5.5633333333333337e+2
    5.5633333333333337e+2 5.5633333333333337e+2 5.5633333333333337e+2
    5.5633333333333337e+2 5.5633333333333337e+2 5.5633333333333337e+2
    5.5633333333333337e+2 5.5633333333333337e+2 5.5633333333333337e+2
    5.5633333333333337e+2 5.5633333333333337e+2 5.5633333333333337e+2
    5.5633333333333337e+2 5.5633333333333337e+2 5.5633333333333337e+2
    5.5633333333333337e+2 5.5633333333333337e+2 5.5633333333333337e+2
    5.5633333333333337e+2 5.5633333333333337e+2 5.5633333333333337e+2
    5.5633333333333337e+2 5.5633333333333337e+2 5.5633333333333337e+2
    5.5633333333333337e+2 5.5633333333333337e+2 5.5633333333333337e+2
    5.5633333333333337e+2 5.5633333333333337e+2 5.5633333333333337e+2
    5.5633333333333337e+2 5.5633333333333337e+2 5.5633333333333337e+2
    5.5633333333333337e+2 5.5633333333333337e+2 5.5633333333333337e+2
    5.5633333333333337e+2 5.5633333333333337e+2 5.5633333333333337e+2
    5.5633333333333337e+2 5.5633333333333337e+2 5.5633333333333337e+2
    5.5633333333333337e+2 5.5633333333333337e+2 5.5633333333333337e+2
    5.5633333333333337e+2 5.5633333333333337e+2 5.5633333333333337e+2
    5.5633333333333337e+2 5.5633333333333337e+2 5.5633333333333337e+2
    5.5633333333333337e+2 5.5633333333333337e+2 5.5633333333333337e+2
    5.5633333333333337e+2 5.5633333333333337e+2 5.5633333333333337e+2
    5.5633333333333337e+2 5.5633333333333337e+2 5.5633333333333337e+2
    5.5633333333333337e+2 5.5633333333333337e+2 5.5633333333333337e+2
    5.5633333333333337e+2 5.5633333333333337e+2 5.5633333333333337e+2
    5.5633333333333337e+2 5.5633333333333337e+2 5.5633333333333337e+2
    5.5633333333333337e+2 5.5633333333333337e+2 5.5633333333333337e+2
    5.5633333333333337e+2 5.5633333333333337e+2 5.5633333333333337e+2
    5.5633333333333337e+2 5.5633333333333337e+2 5.5633333333333337e+2
    5.5633333333333337e+2 5.5633333333333337e+2 5.5633333333333337e+2
    5.5633333333333337e+2 5.5633333333333337e+2 5.5633333333333337e+2
    5.5633333333333337e+2 5.5633333333333337e+2 5.5633333333333337e+2
    5.5633333333333337e+2 5.5633333333333337e+2 5.5633333333333337e+2
    5.5633333333333337e+2 5.5633333333333337e+2 5.5633333333333337e+2
    5.5633333333333337e+2 5.5633333333333337e+2 5.5633333333333337e+2
    5.5633333333333337e+2 5.5633333333333337e+2 5.5633333333333337e+2
    5.5633333333333337e+2 5.5633333333333337e+2 5.5633333333333337e+2
    5.5633333333333337e+2 5.5633333333333337e+2 5.5633333333333337e+2
    5.5633333333333337e+2 5.5633333333333337e+2 5.5633333333333337e+2
    5.5633333333333337e+2 5.5633333333333337e+2 5.5633333333333337e+2
    5.5633333333333337e+2 5.5633333333333337e+2 5.5633333333333337e+2
    5.5633333333333337e+2 5.5633333333333337e+2 5.5633333333333337e+2
    5.5633333333333337e+2 5.5633333333333337e+2 5.5633333333333337e+2
    5.5633333333333337e+2 5.5633333333333337e+2 5.5633333333333337e+2
    5.5633333333333337e+2 5.5633333333333337e+2 5.5633333333333337e+2
    5.5633333333333337e+2 5.5633333333333337e+2 5.5633333333333337e+2
    5.5633333333333337e+2 5.5633333333333337e+2 5.5633333333333337e+2
    5.5633333333333337e+2 5.5633333333333337e+2 5.5633333333333337e+2
    5.5633333333333337e+2 5.5633333333333337e+2 5.5633333333333337e+2
    5.5633333333333337e+2 5.5633333333333337e+2 5.5633333333333337e+2
    5.5633333333333337e+2 5.5633333333333337e+2 5.5633333333333337e+2
    5.5633333333333337e+2 5.5633333333333337e+2 5.5633333333333337e+2
    5.5633333333333337e+2 5.5633333333333337e+2 5.5633333333333337e+2
    5.5633333333333337e+2 5.5633333333333337e+2 5.5633333333333337e+2
    5.5633333333333337e+2 5.61e+2 5.6166666666666663e+2 5.6233333333333337e+2
    5.6233333333333337e+2 5.6233333333333337e+2 5.6233333333333337e+2
    5.6233333333333337e+2 5.6233333333333337e+2 5.6233333333333337e+2
    5.6233333333333337e+2 5.6233333333333337e+2 5.6233333333333337e+2
    5.6233333333333337e+2 5.6233333333333337e+2 5.6233333333333337e+2
    5.6233333333333337e+2 5.6233333333333337e+2 5.6233333333333337e+2
    5.6233333333333337e+2 5.6233333333333337e+2 5.63e+2 5.63e+2 5.63e+2 5.68e+2
    5.68e+2 5.68e+2 5.68e+2 5.6814285714285711e+2 5.7733333333333337e+2
    5.7733333333333337e+2 5.7733333333333337e+2 5.7733333333333337e+2
    5.7733333333333337e+2 5.78e+2 5.78e+2 5.78e+2 5.85e+2 6.1e+2
    6.1033333333333337e+2 6.4760000000000002e+2 6.4779999999999995e+2
    6.4779999999999995e+2 6.4779999999999995e+2 6.4779999999999995e+2
    6.4779999999999995e+2 6.4779999999999995e+2 6.4779999999999995e+2
    6.4779999999999995e+2 6.4779999999999995e+2 6.4779999999999995e+2
    6.4779999999999995e+2 6.4779999999999995e+2 6.4779999999999995e+2
    6.4779999999999995e+2 6.4779999999999995e+2 6.4779999999999995e+2
    6.4820000000000005e+2 6.4820000000000005e+2 6.5120000000000005e+2
    6.5120000000000005e+2 6.5120000000000005e+2 6.5120000000000005e+2
    6.5120000000000005e+2 6.5120000000000005e+2 6.5679999999999995e+2
    6.5679999999999995e+2 6.5720000000000005e+2 6.5720000000000005e+2
    7.2326666666666665e+2 8.12e+2 8.540526315789474e+2 8.6922222222222217e+2
    9.3763636363636363e+2 9.8325714285714287e+2 1.0e+3 1.05946875e+3
    1.0641785714285713e+3 1.0955625e+3 1.1100408163265306e+3
    1.1206730769230769e+3 1.12715625e+3 1.1353499999999999e+3
    1.1451052631578948e+3 1.150909090909091e+3 1.1588648648648648e+3
    1.1736315789473683e+3 1.1750263157894738e+3 1.1818181818181818e+3
    1.1908888888888889e+3 1.192936507936508e+3 1.1992222222222222e+3
    1.2034666666666667e+3 1.2109780219780221e+3 1.2132790697674418e+3
    1.2164772727272727e+3 1.217421052631579e+3 1.2212659574468084e+3
    1.2245217391304348e+3 1.2264318181818182e+3 1.231591836734694e+3
    1.2323877551020407e+3 1.2338617021276596e+3 1.2368219178082193e+3
    1.2379591836734694e+3 1.2417872340425531e+3 1.2430579710144928e+3
    1.245581081081081e+3 1.246608695652174e+3 1.2485306122448981e+3
    1.249041095890411e+3 1.2528695652173913e+3 1.25323e+3 1.2547820512820513e+3
    1.2573564356435643e+3 1.2581818181818182e+3 1.2593086419753085e+3
    1.2606851851851852e+3 1.2612678571428571e+3 1.2627777777777778e+3
    1.26325e+3 1.2649594594594594e+3 1.2657962962962963e+3
    1.2668139534883721e+3 1.2681545454545455e+3 1.2685090909090909e+3
    1.2697272727272727e+3 1.2701428571428571e+3 1.2706666666666667e+3
    1.2713076923076924e+3 1.2721927710843374e+3 1.2755322580645161e+3
    1.277125e+3 1.2790459770114942e+3 1.2798271604938273e+3
    1.2821333333333334e+3 1.2827037037037037e+3 1.2832035398230089e+3
    1.2847204301075269e+3 1.2856462585034014e+3 1.2860916666666667e+3
    1.2864574468085107e+3 1.2868852459016393e+3 1.2872696629213483e+3
    1.2894754098360656e+3 1.2911397849462367e+3 1.2912016129032259e+3
    1.2922622950819673e+3 1.2942288135593221e+3 1.2943821138211383e+3
    1.29498e+3 1.2959354838709678e+3 1.2963076923076924e+3
    1.2972714285714285e+3 1.2980869565217392e+3 1.2985730337078651e+3
    1.2986825396825398e+3 1.2998979591836735e+3 1.3006296296296296e+3
    1.3022258064516129e+3 1.3032244897959183e+3 1.3044489795918366e+3
    1.304532786885246e+3 1.3050899999999999e+3 1.3068085106382978e+3
    1.3071076923076923e+3 1.3074848484848485e+3 1.3082314814814815e+3
    1.3100833333333333e+3 1.310175572519084e+3 1.3117945205479452e+3
    1.3120625e+3 1.3121126760563379e+3 1.3133841807909605e+3
    1.3137924528301887e+3 1.3146567164179105e+3 1.3149857142857143e+3
    1.3155882352941176e+3 1.3161219512195121e+3 1.3163602941176471e+3
    1.317047619047619e+3 1.3176216216216217e+3 1.3183783783783783e+3
    1.3186102941176471e+3 1.3188365384615386e+3 1.3208380952380953e+3
    1.3211842105263158e+3 1.3217692307692307e+3 1.3228815789473683e+3
    1.3232285714285715e+3 1.324338028169014e+3 1.3244385964912281e+3
    1.3253619047619047e+3 1.3257884615384614e+3 1.3264000000000001e+3
    1.326601851851852e+3 1.3267522123893805e+3 1.3271610169491526e+3
    1.3281801801801803e+3 1.3288521739130435e+3 1.3293666666666666e+3
    1.3294569536423842e+3 1.3304736842105262e+3 1.3305206611570247e+3
    1.3319512195121952e+3 1.332421052631579e+3 1.332909090909091e+3
    1.3345779816513761e+3 1.3347435897435898e+3 1.3351367521367522e+3
    1.3353026315789473e+3 1.336056338028169e+3 1.3362086956521739e+3
    1.3364805194805194e+3 1.33670625e+3 1.3379861111111111e+3
    1.3380900900900901e+3 1.3384070796460178e+3 1.3389754098360656e+3
    1.3401261261261261e+3 1.340375e+3 1.340546511627907e+3
    1.3407469879518073e+3 1.3414098360655737e+3 1.3419285714285713e+3
    1.3425111111111112e+3 1.342748031496063e+3 1.3437439024390244e+3
    1.3439772727272727e+3 1.3443684210526317e+3 1.3444409448818897e+3
    1.3444606060606061e+3 1.3445853658536585e+3 1.3452321428571429e+3
    1.3459457364341085e+3 1.3463968253968253e+3 1.3466144578313254e+3
    1.3469473684210527e+3 1.3470160427807486e+3 1.3474705882352941e+3
    1.3475921052631579e+3 1.3480537634408602e+3 1.3485602409638554e+3
    1.3488333333333333e+3 1.3493827160493827e+3 1.3495891472868218e+3
    1.34972e+3 1.3505517241379309e+3 1.3506976744186047e+3
    1.3510769230769231e+3 1.3513657142857144e+3 1.3515e+3 1.3516641791044776e+3
    1.3519837398373984e+3 1.3522769230769231e+3 1.3523734939759036e+3
    1.3526639344262296e+3 1.3529141104294479e+3 1.3531679999999999e+3
    1.3535447154471544e+3 1.3536716417910447e+3 1.3542011173184358e+3
    1.3544096385542168e+3 1.3550454545454545e+3 1.3552e+3 1.3557471264367816e+3
    1.3561020408163265e+3 1.3564085365853659e+3 1.357e+3 1.3571091954022988e+3
    1.3575138121546961e+3 1.3579777777777779e+3 1.3581459854014599e+3
    1.3582342857142858e+3 1.3585274725274726e+3 1.3588111111111111e+3
    1.3592978723404256e+3 1.360360655737705e+3 1.3606344086021506e+3 1.3608e+3
    1.3609693877551019e+3 1.3614436090225563e+3 1.3615562913907286e+3
    1.361927536231884e+3 1.3621046511627908e+3 1.3622251655629138e+3
    1.3625978260869565e+3 1.3632173913043478e+3 1.3637183098591549e+3
    1.3639247311827958e+3 1.3642127659574469e+3 1.3643553299492385e+3
    1.3646351351351352e+3 1.3655339805825242e+3 1.3656136363636363e+3
    1.3662022471910113e+3 1.3664890510948906e+3 1.3666923076923076e+3 1.3675e+3
    1.3677425742574258e+3 1.368121052631579e+3 1.3683804347826087e+3
    1.3687202797202797e+3 1.369e+3 1.3693296703296703e+3 1.370168918918919e+3
    1.370483870967742e+3 1.3708210526315791e+3 1.3713939393939395e+3
    1.3714093567251462e+3 1.3718944099378882e+3 1.3721357142857144e+3
    1.3723758389261745e+3 1.37246e+3 1.3731376146788991e+3
    1.3735555555555557e+3 1.3737424242424242e+3 1.3740259067357513e+3
    1.3742243589743589e+3 1.3745436241610739e+3 1.3747225806451613e+3
    1.3754444444444443e+3 1.3759904761904761e+3 1.3761275167785234e+3
    1.3766217948717949e+3 1.3775524475524476e+3 1.3784882352941177e+3
    1.3789770992366412e+3 1.3791981981981983e+3 1.379695238095238e+3
    1.381375e+3 1.3821743119266055e+3 1.3827018633540372e+3
    1.3828644688644688e+3 1.3831257485029939e+3 1.3838951965065503e+3
    1.3843882352941177e+3 1.384617924528302e+3 1.3849565217391305e+3
    1.3851785714285713e+3 1.3856242424242423e+3 1.3860818181818181e+3
    1.3868391304347826e+3 1.3870666666666666e+3 1.3871886792452831e+3
    1.3878363636363636e+3 1.3880754716981132e+3 1.3888595041322315e+3
    1.3910060240963855e+3 1.3911353711790393e+3 1.3912413793103449e+3
    1.3916194690265486e+3 1.3922307692307693e+3 1.3924893617021276e+3
    1.3928121546961327e+3 1.393439393939394e+3 1.3935999999999999e+3
    1.394034090909091e+3 1.3949572649572649e+3 1.3967631578947369e+3
    1.3970523560209424e+3 1.3985837837837837e+3 1.3990169491525423e+3
    1.3991294964028777e+3 1.399241935483871e+3 1.399378787878788e+3
    1.4014197530864199e+3 1.4022653061224489e+3 1.4027878787878788e+3
    1.4035517241379309e+3 1.4046521739130435e+3 1.4053316326530612e+3
    1.4076746031746031e+3 1.409090909090909e+3 1.409090909090909e+3
    1.4110882352941176e+3 1.4194117647058824e+3 1.4231111111111111e+3
    1.4396428571428571e+3 1.462962962962963e+3 1.4672380952380952e+3
    1.467741935483871e+3 1.4730344827586207e+3 1.4783225806451612e+3
    1.4803428571428572e+3 1.4813265306122448e+3 1.4820322580645161e+3 1.484e+3
    1.4847111111111112e+3 1.4857237569060774e+3 1.4859154929577464e+3
    1.4862309058614564e+3 1.4863252032520325e+3 1.4872592592592594e+3
    1.4873082706766918e+3 1.4873308270676691e+3 1.4873308270676691e+3
    1.4873383458646617e+3 1.4873383458646617e+3 1.4873533834586467e+3
    1.4873533834586467e+3 1.4873533834586467e+3 1.4873533834586467e+3
    1.4873533834586467e+3 1.4878561151079136e+3 1.4881958041958042e+3
    1.4881958041958042e+3 1.4889032258064517e+3 1.4889032258064517e+3
    1.4889032258064517e+3 1.4889032258064517e+3 1.4889032258064517e+3
    1.4889032258064517e+3 1.4889032258064517e+3 1.4889032258064517e+3
    1.4889032258064517e+3 1.4889032258064517e+3 1.4889032258064517e+3
    1.4889032258064517e+3 1.4889032258064517e+3 1.4889032258064517e+3
    1.4889032258064517e+3 1.4889032258064517e+3 1.4889032258064517e+3
    1.4889032258064517e+3 1.4889032258064517e+3 1.4889032258064517e+3
    1.4889032258064517e+3 1.4889032258064517e+3 1.4889032258064517e+3
    1.4889032258064517e+3 1.4889032258064517e+3 1.4889032258064517e+3
    1.4889032258064517e+3 1.4889032258064517e+3 1.4889032258064517e+3
    1.4889032258064517e+3 1.4889032258064517e+3 1.4889032258064517e+3
    1.4889032258064517e+3 1.4889032258064517e+3 1.4889032258064517e+3
    1.4889032258064517e+3 1.4889032258064517e+3 1.4889032258064517e+3
    1.4889032258064517e+3 1.4889032258064517e+3 1.4889032258064517e+3
    1.4889032258064517e+3 1.4889032258064517e+3 1.4889032258064517e+3
    1.4889032258064517e+3 1.4889032258064517e+3 1.4889032258064517e+3
    1.4889032258064517e+3 1.4889032258064517e+3 1.4889032258064517e+3
    1.4889032258064517e+3 1.4889032258064517e+3 1.4889032258064517e+3
    1.4889032258064517e+3 1.4889032258064517e+3 1.4889032258064517e+3
    1.4889032258064517e+3 1.4889032258064517e+3 1.4889032258064517e+3
    1.4889032258064517e+3 1.4889032258064517e+3 1.4889032258064517e+3
    1.4889032258064517e+3 1.4889032258064517e+3 1.4889032258064517e+3
    1.4889032258064517e+3 1.4889032258064517e+3 1.4889032258064517e+3
    1.4889032258064517e+3 1.4891676082862523e+3 1.4894153846153847e+3
    1.4896441717791411e+3 1.4907070707070707e+3 1.4911453416149068e+3
    1.4913924050632911e+3 1.4914120481927712e+3 1.4916847290640394e+3
    1.4919239302694136e+3 1.4921836734693877e+3 1.492216765453006e+3
    1.4923781094527362e+3 1.4924717444717444e+3 1.4924717444717444e+3
    1.492544014904518e+3 1.4928835016835017e+3 1.4929795918367347e+3
    1.4930389610389611e+3 1.4932549019607843e+3 1.4932549019607843e+3
    1.4932549019607843e+3 1.4932549019607843e+3 1.4932549019607843e+3
    1.4932549019607843e+3 1.4932549019607843e+3 1.4932549019607843e+3
    1.4932549019607843e+3 1.4932549019607843e+3 1.4932549019607843e+3
    1.4932549019607843e+3 1.4932549019607843e+3 1.4932549019607843e+3
    1.4932549019607843e+3 1.4932549019607843e+3 1.4932549019607843e+3
    1.4932549019607843e+3 1.4932549019607843e+3 1.4932549019607843e+3
    1.4932549019607843e+3 1.4932549019607843e+3 1.4932549019607843e+3
    1.4932549019607843e+3 1.4932549019607843e+3 1.4932549019607843e+3
    1.4932549019607843e+3 1.4932549019607843e+3 1.4932549019607843e+3
    1.4932549019607843e+3 1.4932549019607843e+3 1.4932549019607843e+3
    1.4932549019607843e+3 1.4932549019607843e+3 1.4932549019607843e+3
    1.4932549019607843e+3 1.4932549019607843e+3 1.4932549019607843e+3
    1.4932549019607843e+3 1.4932549019607843e+3 1.4932549019607843e+3
    1.4932549019607843e+3 1.4932549019607843e+3 1.4932549019607843e+3
    1.4932549019607843e+3 1.4932549019607843e+3 1.4932549019607843e+3
    1.4932549019607843e+3 1.4932549019607843e+3 1.4932549019607843e+3
    1.4932549019607843e+3 1.4932549019607843e+3 1.4932549019607843e+3
    1.4932549019607843e+3 1.4932549019607843e+3 1.4932549019607843e+3
    1.4932549019607843e+3 1.4932549019607843e+3 1.4932549019607843e+3
    1.4932549019607843e+3 1.4932549019607843e+3 1.4932549019607843e+3
    1.4932549019607843e+3 1.4932549019607843e+3 1.4932549019607843e+3
    1.4932549019607843e+3 1.4932549019607843e+3 1.4932549019607843e+3
    1.4932549019607843e+3 1.4932549019607843e+3 1.4932549019607843e+3
    1.4932549019607843e+3 1.4932829046898639e+3 1.4932829046898639e+3
    1.4932880143112702e+3 1.4933830104321908e+3 1.4934242581988547e+3
    1.4935094339622642e+3 1.4935334174022698e+3 1.4935745296671491e+3
    1.4935745296671491e+3 1.4936139476961396e+3 1.4936687116564417e+3
    1.4936687116564417e+3 1.4937362270450751e+3 1.4937691373025516e+3
    1.493779679144385e+3 1.4938467360454115e+3 1.4938492462311558e+3
    1.4938962044926413e+3 1.493904404873477e+3 1.493909947643979e+3
    1.4939512195121952e+3 1.4939912663755458e+3 1.4940165593376264e+3
    1.4940165593376264e+3 1.4940165593376264e+3 1.4940348221044662e+3
    1.4940579374275783e+3 1.4940579374275783e+3 1.4940579374275783e+3
    1.4940796393688956e+3 1.4940796393688956e+3 1.4941000820344545e+3
    1.4941032346868549e+3 1.494105512744517e+3 1.4941196581196582e+3
    1.4941435406698565e+3 1.4941435406698565e+3 1.4941547738693466e+3
    1.4941602523659305e+3 1.4941629629629629e+3 1.4941672834937083e+3
    1.4941694915254238e+3 1.4941968652037617e+3 1.4942085032032614e+3
    1.4942103786816269e+3 1.4942225219150371e+3 1.4942382022471911e+3
    1.4942420382165606e+3 1.4942420382165606e+3 1.4942421768707484e+3
    1.4942687306501548e+3 1.4942687306501548e+3 1.49428079612695e+3
    1.4942825484764544e+3 1.4942857142857142e+3 1.4942875297855442e+3
    1.4943079564968518e+3 1.4943079564968518e+3 1.4943079564968518e+3
    1.4943170847136773e+3 1.4943350107836088e+3 1.4943416711016498e+3
    1.4943438530381536e+3 1.4943438530381536e+3 1.494345205479452e+3
    1.494360655737705e+3 1.494360655737705e+3 1.494360655737705e+3
    1.494360655737705e+3 1.494360655737705e+3 1.494360655737705e+3
    1.494360655737705e+3 1.494360655737705e+3 1.494360655737705e+3
    1.494360655737705e+3 1.494360655737705e+3 1.494360655737705e+3
    1.494360655737705e+3 1.494360655737705e+3 1.494360655737705e+3
    1.494360655737705e+3 1.494360655737705e+3 1.494360655737705e+3
    1.494360655737705e+3 1.494360655737705e+3 1.494360655737705e+3
    1.494360655737705e+3 1.494360655737705e+3 1.494360655737705e+3
    1.494360655737705e+3 1.494360655737705e+3 1.494360655737705e+3
    1.494360655737705e+3 1.494360655737705e+3 1.494360655737705e+3
    1.494360655737705e+3 1.494360655737705e+3 1.494360655737705e+3
    1.494360655737705e+3 1.494360655737705e+3 1.494360655737705e+3
    1.494360655737705e+3 1.494360655737705e+3 1.494360655737705e+3
    1.494360655737705e+3 1.494360655737705e+3 1.494360655737705e+3
    1.494360655737705e+3 1.494360655737705e+3 1.494360655737705e+3
    1.494360655737705e+3 1.494360655737705e+3 1.494360655737705e+3
    1.494360655737705e+3 1.494360655737705e+3 1.494360655737705e+3
    1.494360655737705e+3 1.494360655737705e+3 1.494360655737705e+3
    1.494360655737705e+3 1.494360655737705e+3 1.494360655737705e+3
    1.494360655737705e+3 1.494360655737705e+3 1.494360655737705e+3
    1.494360655737705e+3 1.494360655737705e+3 1.494360655737705e+3
    1.494360655737705e+3 1.494360655737705e+3 1.494360655737705e+3
    1.494360655737705e+3 1.494360655737705e+3 1.494360655737705e+3
    1.494360655737705e+3 1.494360655737705e+3 1.494360655737705e+3
    1.494360655737705e+3 1.494360655737705e+3 1.494360655737705e+3
    1.494360655737705e+3 1.494360655737705e+3 1.494360655737705e+3
    1.4943693731594446e+3 1.4943693731594446e+3 1.4943698447893569e+3
    1.4943709597215316e+3 1.4943742613263296e+3 1.4943742613263296e+3
    1.4943913909924272e+3 1.4943929618768329e+3 1.4943966402239851e+3
    1.4944072507552869e+3 1.4944136562127828e+3 1.4944136562127828e+3
    1.4944136562127828e+3 1.49441784989858e+3 1.49441784989858e+3
    1.4944193406593406e+3 1.4944291381175622e+3 1.4944291381175622e+3
    1.4944322897019993e+3 1.4944322897019993e+3 1.4944353665360941e+3
    1.4944353665360941e+3 1.4944395513086831e+3 1.4944491555874954e+3
    1.4944491555874954e+3 1.4944576604962583e+3 1.4944576604962583e+3
    1.4944596143824908e+3 1.4944596143824908e+3 1.4944603226868621e+3
    1.4944644939965694e+3 1.4944738955823293e+3 1.4944738955823293e+3
    1.4944738955823293e+3 1.4944739665509624e+3 1.4944739797828529e+3
    1.4944785034460124e+3 1.4944785034460124e+3 1.4944807411019015e+3
    1.4944887620406707e+3 1.4944887620406707e+3 1.4944887620406707e+3
    1.4944913494809689e+3 1.4944913494809689e+3 1.4944913494809689e+3
    1.4944913494809689e+3 1.4944993128721942e+3 1.4945031712473574e+3
    1.4945031712473574e+3 1.4945088359046283e+3 1.4945140865524252e+3
    1.4945157667386609e+3 1.4945157667386609e+3 1.4945157667386609e+3
    1.4945238784370479e+3 1.4945241958041959e+3 1.4945257893091591e+3
    1.4945257893091591e+3 1.4945280752154611e+3 1.4945335851092527e+3
    1.4945335851092527e+3 1.494536175322726e+3 1.494536175322726e+3
    1.4945423287314404e+3 1.4945436215587438e+3 1.4945436215587438e+3
    1.4945436215587438e+3 1.4945457695639618e+3 1.4945504910601865e+3
    1.4945504910601865e+3 1.4945546592489568e+3 1.4945546592489568e+3
    1.4945555145702692e+3 1.4945581281988789e+3 1.4945581281988789e+3
    1.4945581281988789e+3 1.4945604113110539e+3 1.4945629192379931e+3
    1.4945629192379931e+3 1.4945652892561984e+3 1.4945652892561984e+3
    1.4945662211421629e+3 1.4945662731120517e+3 1.4945663032008442e+3
    1.4945706141487433e+3 1.4945706141487433e+3 1.4945720174032517e+3
    1.4945726033326121e+3 1.4945761344537816e+3 1.4945761344537816e+3
    1.4945778000501127e+3 1.4945796285875069e+3 1.4945826771653544e+3
    1.4945826771653544e+3 1.4945826771653544e+3 1.4945826771653544e+3
    1.4945826771653544e+3 1.4945842374616172e+3 1.49458432304038e+3
    1.4945845258307058e+3 1.4945845258307058e+3 1.4945851303508207e+3
    1.4945851303508207e+3 1.4945851303508207e+3 1.4945895953757226e+3
    1.4945895953757226e+3 1.4945895953757226e+3 1.4945895953757226e+3
    1.4945895953757226e+3 1.4945908343125734e+3 1.4945933930225378e+3
    1.4945946785783647e+3 1.4945953013278856e+3 1.4945967631638932e+3
    1.4945968586387435e+3 1.4945968586387435e+3 1.4945995076690022e+3
    1.4946003580664412e+3 1.4946010086027884e+3 1.4946023456516928e+3
    1.4946023456516928e+3 1.4946041012377609e+3 1.4946051560379919e+3
    1.4946051560379919e+3 1.4946076112663943e+3 1.4946080502426491e+3
    1.4946084761045988e+3 1.494609206660137e+3 1.494609206660137e+3
    1.4946097146097145e+3 1.4946125862429437e+3 1.4946125862429437e+3
    1.4946129753914988e+3 1.4946145804676753e+3 1.4946166293682218e+3
    1.4946181818181817e+3 1.494620055197792e+3 1.494620055197792e+3
    1.4946206530395541e+3 1.4946217554983159e+3 1.4946221206259891e+3
    1.4946258807355216e+3 1.4946259895732767e+3 1.4946263144395998e+3
    1.4946296296296296e+3 1.4946296617519515e+3 1.4946296617519515e+3
    1.494630013180192e+3 1.4946316050607791e+3 1.4946316050607791e+3
    1.4946316050607791e+3 1.4946338416314532e+3 1.4946338416314532e+3
    1.4946354775828461e+3 1.4946365601729522e+3 1.4946369710467707e+3
    1.4946374887892378e+3 1.4946382280557834e+3 1.4946409672332225e+3
    1.494641210710128e+3 1.4946442884055489e+3 1.4946442884055489e+3
    1.4946455839168736e+3 1.4946455839168736e+3 1.4946520640269587e+3
    1.4946528497409327e+3 1.4946528497409327e+3 1.4946528497409327e+3
    1.4946528497409327e+3 1.4946528497409327e+3 1.4946535919846515e+3
    1.4946535919846515e+3 1.4946572672610409e+3 1.4946607467204844e+3
    1.4946613906161674e+3 1.4946625290923196e+3 1.4946640456064479e+3
    1.4946648685097775e+3 1.4946648685097775e+3 1.4946660666066607e+3
    1.4946666666666667e+3 1.4946671776202338e+3 1.4946701097482246e+3
    1.4946702593465814e+3 1.4946729892394674e+3 1.4946729892394674e+3
    1.4946749226006191e+3 1.4946749226006191e+3 1.4946756901157614e+3
    1.4946779184247539e+3 1.4946782669218724e+3 1.4946834573554665e+3
    1.4946834573554665e+3 1.4946838377334193e+3 1.494685664639444e+3
    1.4946872586872587e+3 1.4946872586872587e+3 1.4946872586872587e+3
    1.4946907929749866e+3 1.494694087403599e+3 1.4946951364175563e+3
    1.4946951364175563e+3 1.4946951364175563e+3 1.4946971655892592e+3
    1.4946971655892592e+3 1.4946995377503852e+3 1.4947000481463649e+3
    1.4947000481463649e+3 1.4947000481463649e+3 1.4947027531497899e+3
    1.4947027531497899e+3 1.4947052965142598e+3 1.4947052965142598e+3
    1.4947076923076922e+3 1.4947076923076922e+3 1.4947076923076922e+3
    1.4947076923076922e+3 1.4947099530115336e+3 1.4947127761767531e+3
    1.4947141124140719e+3 1.4947148666967917e+3 1.4947160299330444e+3
    1.4947172538392051e+3 1.4947178502879078e+3 1.4947195806813927e+3
    1.4947195806813927e+3 1.4947212276214834e+3 1.4947212276214834e+3
    1.4947212276214834e+3 1.4947227970032109e+3 1.4947227970032109e+3
    1.4947242941791565e+3 1.4947247780468119e+3 1.4947247780468119e+3
    1.4947257240204428e+3 1.4947275204359673e+3 1.4947279693486589e+3
    1.494728931047063e+3 1.494728931047063e+3 1.4947308533916848e+3
    1.4947308533916848e+3 1.4947308533916848e+3 1.4947308533916848e+3
    1.4947308533916848e+3 1.4947334725121782e+3 1.4947341098169718e+3
    1.4947346938775511e+3 1.494735861610113e+3 1.4947400611620794e+3
    1.4947403704792707e+3 1.4947419165196943e+3 1.4947436332767402e+3
    1.4947437926330151e+3 1.4947452264048009e+3 1.4947452264048009e+3
    1.4947467087941022e+3 1.4947480916030534e+3 1.4947480916030534e+3
    1.4947480916030534e+3 1.4947480916030534e+3 1.4947480916030534e+3
    1.4947480916030534e+3 1.4947493845396357e+3 1.4947493845396357e+3
    1.4947505960896519e+3 1.4947505960896519e+3 1.4947516266547004e+3
    1.4947516528225124e+3 1.4947516528225124e+3 1.49475173370319e+3
    1.49475173370319e+3 1.49475173370319e+3 1.4947525423728814e+3
    1.4947525423728814e+3 1.4947528039479587e+3 1.4947547649301143e+3
    1.4947547649301143e+3 1.494756518251103e+3 1.4947573270808909e+3
    1.4947580952380952e+3 1.4947580952380952e+3 1.4947588257153475e+3
    1.4947588257153475e+3 1.4947595212187159e+3 1.494759909987883e+3
    1.4947601842012043e+3 1.4947608168916581e+3 1.4947608168916581e+3
    1.4947614213197969e+3 1.4947614213197969e+3 1.4947614213197969e+3
    1.4947614213197969e+3 1.4947630827783064e+3 1.4947630827783064e+3
    1.4947640791476408e+3 1.4947645478961504e+3 1.4947658495350804e+3
    1.4947658495350804e+3 1.4947658495350804e+3 1.4947660707493344e+3
    1.4947670136108886e+3 1.4947670136108886e+3 1.4947680608365019e+3
    1.4947693867207299e+3 1.4947693867207299e+3 1.4947693867207299e+3
    1.4947697180867913e+3 1.4947698686938493e+3 1.4947702702702702e+3
    1.4947702702702702e+3 1.4947702702702702e+3 1.4947713742875237e+3
    1.4947713742875237e+3 1.4947713742875237e+3 1.4947717421896989e+3
    1.4947720364741642e+3 1.4947726475745178e+3 1.4947728582656537e+3
    1.4947732132808103e+3 1.4947732132808103e+3 1.494773738469886e+3
    1.494773738469886e+3 1.494773738469886e+3 1.4947742273441593e+3
    1.4947746835443038e+3 1.4947751102400784e+3 1.4947751102400784e+3
    1.4947755102040817e+3 1.4947758858720663e+3 1.4947758858720663e+3
    1.4947762393925859e+3 1.4947762393925859e+3 1.4947765726681127e+3
    1.4947765726681127e+3 1.4947768873892871e+3 1.4947768873892871e+3
    1.4947774670395524e+3 1.4947777345270533e+3 1.4947779886148007e+3
    1.4947779886148007e+3 1.4947784604264546e+3 1.4947784604264546e+3
    1.4947788892721628e+3 1.4947790893760539e+3 1.4947812895069533e+3
    1.4947845862286797e+3 1.4947854097584084e+3 1.4947862330281023e+3
    1.494786717182973e+3 1.4947869384809669e+3 1.4947878787878788e+3
    1.4947878787878788e+3 1.4947878787878788e+3 1.4947878787878788e+3
    1.4947878787878788e+3 1.4947878787878788e+3 1.4947878787878788e+3
    1.4947878787878788e+3 1.4947878787878788e+3 1.4947878787878788e+3
    1.4947878787878788e+3 1.4947878787878788e+3 1.4947878787878788e+3
    1.4947878787878788e+3 1.4947878787878788e+3 1.4947878787878788e+3
    1.4947878787878788e+3 1.4947878787878788e+3 1.4947878787878788e+3
    1.4947878787878788e+3 1.4947878787878788e+3 1.4947878787878788e+3
    1.4947878787878788e+3 1.4947878787878788e+3 1.4947878787878788e+3
    1.4947878787878788e+3 1.4947878787878788e+3 1.4947878787878788e+3
    1.4947878787878788e+3 1.4947878787878788e+3 1.4947878787878788e+3
    1.4947878787878788e+3 1.4947878787878788e+3 1.4947878787878788e+3
    1.4947878787878788e+3 1.4947878787878788e+3 1.4947878787878788e+3
    1.4947878787878788e+3 1.4947878787878788e+3 1.4947878787878788e+3
    1.4947878787878788e+3 1.4947878787878788e+3 1.4947878787878788e+3
    1.4947878787878788e+3 1.4947878787878788e+3 1.4947878787878788e+3
    1.4947878787878788e+3 1.4947878787878788e+3 1.4947878787878788e+3
    1.4947878787878788e+3 1.4947878787878788e+3 1.4947878787878788e+3
    1.4947878787878788e+3 1.4947878787878788e+3 1.4947878787878788e+3
    1.4947878787878788e+3 1.4947878787878788e+3 1.4947878787878788e+3
    1.4947878787878788e+3 1.4947878787878788e+3 1.4947878787878788e+3
    1.4947878787878788e+3 1.4947878787878788e+3 1.4947878787878788e+3
    1.4947878787878788e+3 1.4947878787878788e+3 1.4947878787878788e+3
    1.4947878787878788e+3 1.4947878787878788e+3 1.4947878787878788e+3
    1.4947878787878788e+3 1.4947878787878788e+3 1.4947878787878788e+3
    1.4947878787878788e+3 1.4947878787878788e+3 1.4947878787878788e+3
    1.4947878787878788e+3 1.4947878787878788e+3 1.4947878787878788e+3
    1.4947878787878788e+3 1.4947878787878788e+3 1.4947878787878788e+3
    1.4947878787878788e+3 1.4947878787878788e+3 1.4947878787878788e+3
    1.4947878787878788e+3 1.4947878787878788e+3 1.4947878787878788e+3
    1.4947878787878788e+3 1.4947878787878788e+3 1.4947878787878788e+3
    1.4947878787878788e+3 1.4947878787878788e+3 1.4947878787878788e+3
    1.4947878787878788e+3 1.4947878787878788e+3 1.4947878787878788e+3
    1.4947878787878788e+3 1.4947878787878788e+3 1.4947878787878788e+3
    1.4947878787878788e+3 1.4947878787878788e+3 1.4947878787878788e+3
    1.4947878787878788e+3 1.4947878787878788e+3 1.4947878787878788e+3
    1.4947878787878788e+3 1.4947878787878788e+3 1.4947878787878788e+3
    1.4947878787878788e+3 1.4947878787878788e+3 1.4947878787878788e+3
    1.4947878787878788e+3 1.4947878787878788e+3 1.4947878787878788e+3
    1.4947878787878788e+3 1.4947878787878788e+3 1.4947878787878788e+3
    1.4947878787878788e+3 1.4947878787878788e+3 1.4947878787878788e+3
    1.4947878787878788e+3 1.4947878787878788e+3 1.4947878787878788e+3
    1.4947878787878788e+3 1.4947878787878788e+3 1.4947878787878788e+3
    1.4947878787878788e+3 1.4947878787878788e+3 1.4947878787878788e+3
    1.4947878787878788e+3 1.4947878787878788e+3 1.4947878787878788e+3
    1.4947878787878788e+3 1.4947878787878788e+3 1.4947878787878788e+3
    1.4947878787878788e+3 1.4947878787878788e+3 1.4947878787878788e+3
    1.4947878787878788e+3 1.4947878787878788e+3 1.4947878787878788e+3
    1.4947878787878788e+3 1.4947878787878788e+3 1.4947878787878788e+3
    1.4947878787878788e+3 1.4947878787878788e+3 1.4947878787878788e+3
    1.4947878787878788e+3 1.4947878787878788e+3 1.4947878787878788e+3
    1.4947878787878788e+3 1.4947878787878788e+3 1.4947878787878788e+3
    1.4947878787878788e+3 1.4947878787878788e+3 1.4947878787878788e+3
    1.4947878787878788e+3 1.4947878787878788e+3 1.4947878787878788e+3
    1.4947878787878788e+3 1.4947878787878788e+3 1.4947878787878788e+3
    1.4947878787878788e+3 1.4947878787878788e+3 1.4947878787878788e+3
    1.4947878787878788e+3 1.4947878787878788e+3 1.4947878787878788e+3
    1.4947878787878788e+3 1.4947878787878788e+3 1.4947878787878788e+3
    1.4947878787878788e+3 1.4947878787878788e+3 1.4947878787878788e+3
    1.4947878787878788e+3 1.4947878787878788e+3 1.4947878787878788e+3
    1.4947878787878788e+3 1.4947878787878788e+3 1.4947878787878788e+3
    1.4947878787878788e+3 1.4947878787878788e+3 1.4947878787878788e+3
    1.4947878787878788e+3 1.4947878787878788e+3 1.4947878787878788e+3
    1.4947878787878788e+3 1.4947878787878788e+3 1.4947878787878788e+3
    1.4947878787878788e+3 1.4947878787878788e+3 1.4947878787878788e+3
    1.4947878787878788e+3 1.4947878787878788e+3 1.4947878787878788e+3
    1.4947878787878788e+3 1.4947878787878788e+3 1.4947878787878788e+3
    1.4947878787878788e+3 1.4947878787878788e+3 1.4947878787878788e+3
    1.4947878787878788e+3 1.4947878787878788e+3 1.4947878787878788e+3
    1.4947878787878788e+3 1.4947878787878788e+3 1.4947878787878788e+3
    1.4947878787878788e+3 1.4948146625556697e+3 1.494840293165161e+3
    1.4948411724608043e+3 1.4948411724608043e+3 1.4948411724608043e+3
    1.4948411724608043e+3 1.494849072656117e+3 1.494849072656117e+3
    1.4948942486085343e+3 1.4951549295774648e+3 1.5e+3 1.5e+3 1.5e+3 1.5e+3),
    winSize: 6.0e+1, binSize: 1.0e+1, tStart: 0.0, tEnd: 7.211e+3, binStart:
    7.211e+3, maxBLsize: 1.0e+4 >
Bye.
