[31mWarning: [0m"smc_cp3-refactored.maude", line 140 (mod SMC_CP3): multiple distinct parses for statement
eq sumDiff (F F' FL) = (F' - F) + sumDiff (F' FL) .
[31mWarning: [0m"smc_cp3-refactored.maude", line 145 (mod SMC_CP3): multiple distinct parses for statement
eq avgDiff (FL) = if (len (FL) == 1) then 0.0 else sumDiff (FL) / float (len (FL) - 1) fi .
[31mWarning: [0m"smc_cp3-refactored.maude", line 150 (mod SMC_CP3): multiple distinct parses for statement
eq sumSquaredDiff (F FL, F') = (F - F') * (F - F') + sumSquaredDiff (FL, F') .
[31mWarning: [0m"smc_cp3-refactored.maude", line 225 (mod SMC_CP3): multiple distinct parses for statement
eq compLatency (Tsent, Trcvd) = Trcvd - Tsent .
[31mWarning: [0m"smc_cp3-refactored.maude", line 291 (mod SMC_CP3): multiple distinct parses for statement
eq getGoodput (< ADDR : IrcMonitor | msgRcvd: ircMTL, attrs >, Tstart, Tend) = collectGoodput (filterWindow (ircMTL, Tstart, Tend), Tstart, Tend) * 8.0 / (Tend - Tstart) .
[31mWarning: [0m"smc_cp3-refactored.maude", line 381 (mod SMC_CP3): multiple distinct parses for statement
eq normMED (NL, NL') = if max (lenMsgIdList (NL), lenMsgIdList (NL')) == 0 then 1.0 else 1.0 - (float (med (NL, NL')) / float (max (lenMsgIdList (NL), lenMsgIdList (NL')))) fi .
[31mWarning: [0m"smc_cp3-refactored.maude", line 500 (mod SMC_CP3): multiple distinct parses for statement
eq getMTBF (< ADDR : IrcMonitor | msgSent: ircMTL, msgRcvd: ircMTL', attrs >, Tn, Tstart, Tend) = getMTBFAux (filterWindow (ircMTL, Tstart - Tn, Tend + Tn), filterWindow (ircMTL', Tstart - Tn, Tend + Tn), Tn, Tstart, Tend) .
[31mWarning: [0m"smc_cp3-refactored.maude", line 558 (mod SMC_CP3): multiple distinct parses for statement
eq KsDistanceX (F FL, nil, I, J, N, N', D) = max2 (D, abs ((float (I) / float (N)) - 1.0)) .
[31mWarning: [0m"smc_cp3-refactored.maude", line 559 (mod SMC_CP3): multiple distinct parses for statement
eq KsDistanceX (nil, F' FL', I, J, N, N', D) = max2 (D, abs (1.0 - (float (J) / float (N')))) .
[31mWarning: [0m"smc_cp3-refactored.maude", line 561 (mod SMC_CP3): multiple distinct parses for statement
ceq KsDistanceX (F FL, F' FL', I, J, N, N', D) = KsDistanceX (FL1, FL2, I + C1, J + C2, N, N', max2 (D, abs ((float (I + C1) / float (N)) - (float (J + C2) / float (N'))))) if F == F' /\ prefix (C1, FL1) := skipEqPrefix (F, F FL) /\ prefix (C2, FL2) := skipEqPrefix (F', F' FL') .
[31mWarning: [0m"smc_cp3-refactored.maude", line 566 (mod SMC_CP3): multiple distinct parses for statement
ceq KsDistanceX (F FL, F' FL', I, J, N, N', D) = KsDistanceX (FL, F' FL', I + 1, J, N, N', max2 (D, abs ((float (I + 1) / float (N)) - (float (J) / float (N'))))) if F < F' .
[31mWarning: [0m"smc_cp3-refactored.maude", line 569 (mod SMC_CP3): multiple distinct parses for statement
ceq KsDistanceX (F FL, F' FL', I, J, N, N', D) = KsDistanceX (F FL, FL', I, J + 1, N, N', max2 (D, abs ((float (I) / float (N)) - (float (J + 1) / float (N'))))) if F > F' .
[31mWarning: [0m"smc_cp3-refactored.maude", line 579 (mod SMC_CP3): multiple distinct parses for statement
eq KsStatisticZ (FL, FL', K) = KsDistance (FL, FL') - K .
[31mWarning: [0m"smc_cp3-refactored.maude", line 675 (mod SMC_CP3): multiple distinct parses for statement
eq compObsFeatureX (vp, dnsQueryRate, Fid, TOL, Tstart, Tend) = float (countDNSQuery (vp, Fid, TOL, Tstart, Tend)) / (Tend - Tstart) .
[31mWarning: [0m"smc_cp3-refactored.maude", line 689 (mod SMC_CP3): multiple distinct parses for statement
eq compObsFeatureX (vp, tcpUpRate, Fid, TOL, Tstart, Tend) = float (sizeTCPUpload (vp, Fid, TOL, Tstart, Tend)) / (Tend - Tstart) .
[31mWarning: [0m"smc_cp3-refactored.maude", line 691 (mod SMC_CP3): multiple distinct parses for statement
eq compObsFeatureX (vp, tcpDownRate, Fid, TOL, Tstart, Tend) = float (sizeTCPDownload (vp, Fid, TOL, Tstart, Tend)) / (Tend - Tstart) .
[31mWarning: [0m"smc_cp3-refactored.maude", line 699 (mod SMC_CP3): multiple distinct parses for statement
eq compObsFeatureX (vp, tcpOutPktRate, Fid, TOL, Tstart, Tend) = float (countTCPOutPkt (vp, Fid, TOL, Tstart, Tend)) / (Tend - Tstart) .
[31mWarning: [0m"smc_cp3-refactored.maude", line 701 (mod SMC_CP3): multiple distinct parses for statement
eq compObsFeatureX (vp, tcpInPktRate, Fid, TOL, Tstart, Tend) = float (countTCPInPkt (vp, Fid, TOL, Tstart, Tend)) / (Tend - Tstart) .
[31mWarning: [0m"smc_cp3-refactored.maude", line 720 (mod SMC_CP3): multiple distinct parses for statement
eq compObsFeatureX (vp, dnsQueryRate, TOL, Tstart, Tend) = float (countDNSQuery (vp, TOL, Tstart, Tend)) / (Tend - Tstart) .
[31mWarning: [0m"smc_cp3-refactored.maude", line 734 (mod SMC_CP3): multiple distinct parses for statement
eq compObsFeatureX (vp, tcpUpRate, TOL, Tstart, Tend) = float (sizeTCPUpload (vp, TOL, Tstart, Tend)) / (Tend - Tstart) .
[31mWarning: [0m"smc_cp3-refactored.maude", line 736 (mod SMC_CP3): multiple distinct parses for statement
eq compObsFeatureX (vp, tcpDownRate, TOL, Tstart, Tend) = float (sizeTCPDownload (vp, TOL, Tstart, Tend)) / (Tend - Tstart) .
[31mWarning: [0m"smc_cp3-refactored.maude", line 744 (mod SMC_CP3): multiple distinct parses for statement
eq compObsFeatureX (vp, tcpOutPktRate, TOL, Tstart, Tend) = float (countTCPOutPkt (vp, TOL, Tstart, Tend)) / (Tend - Tstart) .
[31mWarning: [0m"smc_cp3-refactored.maude", line 746 (mod SMC_CP3): multiple distinct parses for statement
eq compObsFeatureX (vp, tcpInPktRate, TOL, Tstart, Tend) = float (countTCPInPkt (vp, TOL, Tstart, Tend)) / (Tend - Tstart) .
[31mWarning: [0m"smc_cp3-refactored.maude", line 907 (mod SMC_CP3): multiple distinct parses for statement
ceq expectedKObsFeature (vp, obsF, baselineCDF, binECDFs, T, Tend, winSize, binSize, Ksum, N) = if KD >= 0.0 then expectedKObsFeature (vp, obsF, baselineCDF, binECDFs, T + binSize, Tend, winSize, binSize, Ksum + KD, N + 1) else expectedKObsFeature (vp, obsF, baselineCDF, binECDFs, T + binSize, Tend, winSize, binSize, Ksum, N) fi if (T + winSize) <= (Tend + Tesp) /\ ECDF := sort (getECDFObsFeatureRange (binECDFs, floor (rat (T / binSize)), (floor (rat (T / binSize)) + floor (rat (winSize / binSize))) - 1)) /\ KD := KsDistance (baselineCDF, ECDF) .
[31mWarning: [0m"smc_cp3-refactored.maude", line 1075 (mod SMC_CP3): multiple distinct parses for statement
eq getCUSUMZt (< ADDR : Adversary | gt: (bl (vp, obsF, K, Zt) :; blList), attrs >, vp, obsF, Tstart, Tend, winSize, binSize) = sumRange (Zt, floor (rat (Tstart / binSize)), floor (rat ((Tend - winSize) / binSize))) .
  step=250 n=250 250 250 250 250 250 250 250 250 250 250 250 250 250 250 250 250 250 250 250 250 250 250 250 250 250 250 250 250 250 250 250 250 250 250 250 250 250 250 250 250 250 250 250 250 250 250 250 250 250 250 250 250 250 250 250 250 250 250 250 250 250 250 250 250 250 250 250 250 250 250 250 250 250 250 250 250 250 250 250 250 250 250 250 250 250 250 250 250 250 250 250 250 250 250 250 250 250 250 250 250 250 250 250 250 250 250 250 250 250 250 250 250 250 250 250 250 250 250 250 250 250 250 250 250 250 250 250 250 250 250 250 250 250 250 250 250 250 250 250 250 250 250 250 250 250 250 250 250 250 250 250 250 250 250 250 250 250 250 250 250 250 250 250 250 250 250 250 250 250 250 250 250 250 250 250 250 250 250 250 250 250 250 250 250 250 250 250 250 250 250 250 250 250 250 250 250 250 250 250 250 250 250 250 250 250 250 250 250 250 250 250 250 250 250 250 250 250 250 250 250 250 250 250 250 250 250 250 250 250 250 250 250 250 250 250 250 250 250 250 250 250 250 250 250 250 250 250 250 250 250 250 250 250 250 250 250 250 250 250 250 250 250 250 250 250 250 250 250 250 250 250 250 250 250 250 250 250 250 250 250 250 250 250 250 250 250 250 μ=0.06153380555209605 0.06310389704030396 1.4774403379065086 23.946980653615263 247.0993846303783 235.73311999999999 0.06153380555209605 0.06310389704030396 1.4774403379065086 23.946980653615263 247.0993846303783 235.73311999999999 0.061339762299385196 0.06303293632712384 0.20877697589537708 19.480471755406914 397.2612109759251 250.04814222222208 0.06148077664292305 0.06296025940999471 0.11091581752122283 13.605444143526784 169.6255400104613 264.3631644444443 0.06124393765505113 0.06301237312582209 0.06375058817580118 16.91027286283444 489.94433075892397 259.2706725925925 0.06146703869406156 0.06294868663400302 0.06363483544933114 12.057427646725753 138.28331014583378 277.7157333333335 0.061184540420696064 0.06300463118814027 0.06372444174360573 17.42864133206573 568.1514328703304 263.67035555555555 0.06148982348803838 0.06295783121155182 0.1184411688313794 12.50502454234992 88.93739249013291 276.8694044444443 0.06113625229080057 0.06299760068274575 0.0637118022122522 16.956828809764552 657.2885669581664 266.30749155555554 0.061445954544671624 0.06294388639479256 0.09113872216576055 14.11333516468288 89.71909512529588 276.8560355555555 0.0611097886063129 0.06299404692144553 0.06370221057963375 17.888480889988685 764.075691142068 268.5657777777777 0.06146924294861674 0.0629419150065114 0.2123421021439135 9.520223573420036 97.1884739075961 279.8572088888888 0.061069528355753716 0.06299099493879104 0.06369646109228168 18.16242911425186 887.3114557426044 270.46864761904754 0.061449093092673136 0.06293237655342454 0.18960898039710083 11.101875690583485 85.97833144391336 281.8858666666669 0.061046175806722135 0.06298876585590826 0.0636926325791563 18.262203869001294 1033.1945203756145 272.1169466666665 0.06144314122551441 0.06292379800386698 0.11615969433650752 9.40705611951563 79.75553104401202 283.6550400000001 0.061017546790227396 0.06298863510215022 0.06369143411603619 20.546727536850394 1136.4306276888185 273.3133866666666 0.06142365148425961 0.06293704013374009 0.16030447111156174 10.767358594265996 77.90759984501425 282.88490666666667 0.06100118867943108 0.06298783563910626 0.06369100548392703 18.933826483632195 1248.7480826573833 274.0799395555556 0.06146577950045321 0.06292820505229611 0.06361216438469637 11.156163250084733 77.68227915344303 280.97891555555583 0.06098608767703551 0.06298707729048084 0.06369058611539728 19.52556775540853 1404.110813966881 274.5882989898989 0.061455363698260046 0.0629280518401356 0.15475370244003717 9.17265972776099 62.650836349661304 279.67189333333323 0.06096912538407166 0.06298634773377183 0.06368877053498412 20.02052426319235 1502.0297303870254 275.25150222222237 0.06145725372734887 0.06292300811328459 0.16801066203598747 9.14599917547244 67.56036899994334 282.54673777777793 0.5196080101352615 0.5196080101352615 0.47745518603578957 0.4089970474575475 0.45383111983936497 0.4072174601854117 0.4387145842274359 0.40503707497032876 0.4256521919400644 0.40298987524559404 0.41388648589942156 0.4022010098547679 0.40383778135846693 0.3852127286647491 0.3919529138182522 0.39006485180570744 0.38332264611601863 0.37894837087861755 0.37470590372418894 0.38322060441515826 0.36730756009498594 0.38231453126963105 0.3604507713897034 0.3788599058724163 0.5799390686257612 0.600893181346377 0.5822771290778677 0.31532266149103966 0.5799390686257612 0.600893181346377 0.5822771290778677 0.31532266149103966 0.5366595761324077 0.5678493148200457 0.5379059133628271 0.2674059398278778 0.5425120715073819 0.4134966329809564 0.5425185740002318 0.137460911341619 0.5097648004532039 0.5507696596430018 0.5105730419753859 0.24421697728586764 0.532168077942093 0.41436574501144846 0.5306828855544101 0.15165313223369595 0.49361921426640787 0.5416570346905376 0.4944095755194313 0.22517251243336708 0.5402120164375259 0.39064619480015894 0.5407882368528886 0.14850185179074324 0.4823791296391674 0.5262135047246169 0.4828900832909079 0.21112605010556512 0.5391710439123103 0.3771736315800296 0.5390568048272648 0.15655802066277133 0.47150519394289003 0.511044704097207 0.47191222065665217 0.2010838249009369 0.5423946335180435 0.35092034614678025 0.5423019970588434 0.17318706269540465 0.4589843321629285 0.508052921184628 0.45935968474070876 0.18895418734560215 0.5089080951121575 0.35002089571836725 0.508656796959574 0.17326512686889867 0.44950411264726675 0.49342272935497267 0.4498409350084333 0.17504387826233625 0.5204297332941777 0.35108209474524565 0.5184905283241215 0.1702570508592842 0.44480893351364 0.48038372225844866 0.44505646736221044 0.16304146132977637 0.5223263295016423 0.3085771000195753 0.5240101336385643 0.16087992035468726 0.43766969451207244 0.4699320026760524 0.43788949416620787 0.15333242354242294 0.5271719402073457 0.3218984430265516 0.5231021701086945 0.1607098643180422 0.4317902505405438 0.46129978940657407 0.43199737672528693 0.1441428237075386 0.5306741960687417 0.31707408920245433 0.5302410978760246 0.15126874193130266 0.4268183529647408 0.45086526850612635 0.42700326536518124 0.1371161987227637 0.5277163801067475 0.311593542600349 0.5256967401439375 0.1504329606386316 7.678061291642064 7.678061291642064 7.836076219882507 11.732651025370686 7.816636598496471 18.844442773375054 7.776829787285876 21.322073266950035 7.730998212339344 22.44056769104423 7.670345062217452 23.235192966199048 7.621554700167918 23.680017661444015 7.558763877695986 24.597042649795004 7.527675102151826 26.077706186326093 7.493435751400218 25.31903382907735 7.4864517487512305 27.044205937586216 7.456112680437535 25.518327015623104 σ=0.0039193837478469825 0.004011637350906995 4.591921591453146 22.33159411949725 157.85594458260744 46.322068522271174 0.0039193837478469825 0.004011637350906995 4.591921591453146 22.33159411949725 157.85594458260744 46.322068522271174 0.0039034822425084445 0.004004323674156205 1.1858973452942847 22.2281599400922 309.7086016705059 42.0226811520499 0.003914094423893207 0.004000659391170404 0.529677413491425 29.748256331063814 217.02858609743225 52.21147444824684 0.003895991019069009 0.00400235658268115 0.004052912575475547 19.19323906405673 399.2667720524029 41.334599535453776 0.00391287289910415 0.003999828444984268 0.004048693493738767 25.26057902425921 209.68294137748956 55.38364141938765 0.0038918116262043026 0.004001606181544112 0.0040492912706103935 26.08069133979383 483.06076068355287 41.26266447960365 0.003915009246729272 0.004000808355410493 0.6676920722566461 30.27471941434138 142.5527456464829 54.59790793651942 0.0038886197101832176 0.004001003057580228 0.004047878408365812 26.973599397747527 587.6799509274242 40.75967505886035 0.003912704051386616 0.003999699377931127 0.43507353786661496 42.45636566449562 142.1109580205084 53.474509887809205 0.003887089673770111 0.004000680105291161 0.004046888306599903 39.57627013596729 707.4760268442665 39.946740148314774 0.003913411419683393 0.003999770213046805 1.6137387146673494 11.192108546898963 167.15274460721184 51.66921628801272 0.003884188336632155 0.004000395463054832 0.004046202757674574 47.65815800118077 822.4741996132494 39.42567882330638 0.003912388915036625 0.003998857030561941 1.4412248415235327 25.083785314210836 152.89274808266717 50.82037229089947 0.003882078782446159 0.004000166021497893 0.004045712710105619 51.1621264457066 943.2013808432106 38.67682374296391 0.003911170686157295 0.003998613542980498 0.8313561260296292 11.963345223057996 137.62393505987026 52.020493028694546 0.0038802669516373005 0.004000109547347821 0.0040454790208289924 63.76125750216013 1054.9493135237642 37.86670731054856 0.003911592831448933 0.004000164958748489 1.4105201205506996 18.04250972775068 134.67152125496324 51.80409819693929 0.00387930407516898 0.004000012832389466 0.004045340404777067 50.40529205600564 1167.9638772531443 37.121205208150535 0.0039143277605302035 0.003999434008049362 0.004050968599389121 31.80057861313268 138.3701213200281 49.70544709825262 0.003878318645869023 0.003999941150153842 0.0040452679465246754 53.85279895807019 1287.594228525196 36.45494555170786 0.0039121647910369955 0.003999568409019965 0.8537658325439128 12.665290779885652 111.20419901290836 48.95254796660231 0.0038768805215841505 0.0039998755974608845 0.004045160209341627 56.95074919312846 1363.5437599917227 36.0175676797171 0.0039126510526827805 0.0039988928758742754 0.967602295296071 13.2722213679756 123.60770275708387 50.795442585831466 0.11961635675316033 0.11961635675316033 0.11332935205429039 0.12267362770844525 0.10925794310483257 0.11835346517661419 0.1087084883094134 0.10401316104438957 0.10598892134566176 0.11466803293758034 0.10097658639847401 0.11892391175116075 0.09648373130319665 0.11591622340585728 0.09497003417244979 0.1200575927661902 0.09333517856926954 0.1137948571090248 0.09223053809566133 0.11923542739399906 0.09178419831332733 0.11699755903025107 0.08920439818103186 0.11476346437445334 0.1865851598691892 0.20341578784757428 0.18623166360832982 0.1493429301306481 0.1865851598691892 0.20341578784757428 0.18623166360832982 0.1493429301306481 0.18722666546836025 0.19858066153077245 0.187154919057395 0.13959630415697816 0.2567649325787772 0.2651495280651246 0.25676314607355033 0.17739970596524587 0.1873321987150854 0.2012517040798452 0.18714281318701556 0.1323204587376693 0.25874143743235833 0.27431450071404834 0.2611456254119461 0.17218503865070595 0.18662247278561897 0.19813605215376975 0.18647672903234142 0.13010071122055433 0.260361833114596 0.2795820814764474 0.2605852568203668 0.17584294152705532 0.18288426103465366 0.2002835597405158 0.18275470231360247 0.12831084822077884 0.2425219517557527 0.28268743879561137 0.24263455714556256 0.1722086635072337 0.17505971498257164 0.2041047325663294 0.17500064797680098 0.1264266404634744 0.2549235759066098 0.2911592819747604 0.255089893887885 0.18471610731009536 0.1683396695609741 0.20289176426926162 0.1682855404032694 0.12424050617301952 0.26563177475733424 0.2975159732600666 0.26555021728832134 0.18654820429968208 0.1616225865988094 0.19774630354635783 0.16161243566549163 0.11879402439527488 0.27083334086694 0.28345062712632235 0.27261735975199636 0.17764889661918146 0.1563448176565916 0.1998770036807415 0.15628737436198645 0.11373725628816649 0.2766182881263455 0.27520254988144777 0.2745700595973092 0.17852524732138209 0.15253423356828155 0.2015481586675283 0.15255444916194938 0.10887722551391527 0.27085366362919633 0.28667316532361353 0.2672278123005976 0.17306384905372918 0.15092236601636747 0.2016222061959154 0.15091881913241165 0.10356743325303482 0.26674396008277107 0.2958214958689824 0.2661994977036178 0.16641773734398224 0.14721653484406175 0.20099317227166302 0.14721296118075497 0.10025602203951169 0.26286328282408333 0.2824048310598111 0.2633845814410224 0.1668055212522993 1.8725982336299087 1.8725982336299087 1.443174473021927 5.0749347274527405 1.2419954469924432 15.403665101869139 1.128823848044845 12.679551800675663 1.0377385236764112 13.957030084934098 0.9614106505013484 22.788129546700553 0.9250196644130043 12.646931843775896 0.8758345096955884 16.28948751872645 0.8677082464917159 23.938283032771984 0.857597856538484 19.315048157645222 0.8520751785907834 19.335340293359984 0.8518592674354484 28.27575570878161 r=0.0004882158759835786 0.0004997073951937929 0.5719901817347461 2.7817227111658003 19.66323871857361 5.770082930357371 0.0004882158759835786 0.0004997073951937929 0.5719901817347461 2.7817227111658003 19.66323871857361 5.770082930357371 0.0004862351137368156 0.0004987963710810076 0.14772064908864685 2.768838489626478 38.57868123969128 5.234532112630385 0.0004875570142610254 0.0004983399316908235 0.0659789750259811 3.7055751511018857 27.03404618984813 6.503693532981461 0.000485301973618632 0.0004985513414157798 0.0005048488207891367 2.3907952437084328 49.73444536421799 5.148821605365254 0.00048740485569904416 0.0004982364253372079 0.0005043232731983706 3.1465701012195457 26.119040004607655 6.8988327630791595 0.0004847813698503373 0.0004984578681118046 0.0005043977349448593 3.2487269397158016 60.17219736647793 5.139861054787605 0.00048767096866330224 0.0004983584873392734 0.08317069491425463 3.7711537348566826 17.757004179009787 6.8009583049226014 0.00048438377059072 0.0004983827403077166 0.0005042217425382056 3.359951539737713 73.20402912769858 5.077206454866493 0.0004873838232761871 0.000498220348170882 0.05419469540932454 5.288553784853858 17.70197314691646 6.6610228462601055 0.00048419318244835656 0.0004983425119338569 0.0005040984110575305 4.929796273000303 88.1263612864887 4.97594366586614 0.0004874719362181372 0.0004982291717080183 0.20101447341631754 1.3941388314755296 20.821289488761575 6.436147444172635 0.0004838317789871341 0.000498307055630598 0.0005040130160335568 5.93651217977614 102.45104528451805 4.911037949152414 0.00048734456849046994 0.0004981154216351846 0.17952537790672501 3.1245478901852044 19.04500088252909 6.330411659598925 0.00048356900353285087 0.0004982784753695381 0.0005039519735282696 6.3729820774999135 117.48936006336343 4.817757228877196 0.000487192820481667 0.0004980850917388252 0.1035574175523973 1.4902075028957456 17.143049605303634 6.479904037733763 0.00048334331382692024 0.0004982714406981658 0.0005039228641523482 7.942385892254547 131.40917969647796 4.716845522051444 0.00048724540477721156 0.0004982783429887444 0.1757006612647739 2.24745527827298 16.775283807218543 6.452948934804191 0.0004832233736504312 0.0004982593934526927 0.0005039055975202524 6.278707418953063 145.48677652795706 4.62398246362554 0.00048758607971058566 0.0004981872925178454 0.0005046066704795511 3.9612215448216332 17.235997885463746 6.191531617581285 0.00048310062419290166 0.0004982504643945271 0.000503896571797986 6.708144215764669 160.38846528772484 4.540990196797531 0.00048731665060800487 0.0004982040341006598 0.10634887029096006 1.5776449642332961 13.852089748538416 6.097747152284196 0.000482921485034125 0.0004982422988594648 0.00050388315157517 7.094038679044348 169.8490768075439 4.486508463278301 0.0004873772215218595 0.0004981198866867558 0.12052884652113825 1.653246938367198 15.397125354979028 6.327306304629672 0.014899945540236591 0.014899945540236591 0.014116808265643927 0.015280772811455824 0.013609655454225846 0.014742634147175257 0.013541212920522351 0.012956342068061826 0.013202451560848559 0.014283560311920818 0.012578092821210312 0.014813691510274002 0.012018442802961127 0.01443904046953461 0.01182988995429777 0.01495490786096755 0.011626245067304565 0.014174793646176463 0.011488646135644504 0.014852495284600626 0.011433048066703639 0.014573736445499112 0.011111696685343479 0.014295447676248161 0.023241877583717704 0.02533837547993284 0.023197844516849173 0.01860281976617904 0.023241877583717704 0.02533837547993284 0.023197844516849173 0.01860281976617904 0.02332178637504739 0.024736090635652054 0.023312849322915837 0.017388736674613048 0.03198378228456804 0.03302820479930233 0.03198355974952927 0.022097696581670146 0.023334932065750328 0.02506880757836054 0.0233113413618454 0.016482425000779045 0.0322299845221027 0.0341698345651087 0.032529460872467324 0.02144813442222874 0.023246525446583968 0.024680708113697394 0.02322837095629844 0.01620592337494923 0.03243182821701475 0.03482598785901406 0.03245965886776139 0.021903779077595994 0.022780877160520584 0.024948211212423188 0.02276473874985231 0.01598297007704723 0.030209613229815482 0.03521280498164219 0.030223639858123236 0.021451077239458875 0.021806216894837353 0.02542419349904262 0.02179885924582432 0.015748264776431344 0.031754414705750515 0.03626809545713487 0.03177513201340499 0.023009060082012592 0.020969138141332565 0.025273100771769214 0.02096239557264187 0.01547595016365109 0.033088275592678115 0.03705991320295213 0.033078116431509215 0.02323727423357387 0.020132428404953967 0.024632159293264712 0.020131163959540958 0.014797512163388704 0.033736205807748956 0.03530787111534833 0.03395843113672255 0.022128736878110858 0.019475006026045745 0.024897568780952124 0.019467850633718968 0.014167618631678798 0.03445680457415475 0.034280453920107194 0.034201668116524815 0.02223789902024066 0.019000342719676384 0.025105735280654184 0.01900286086395774 0.013562231577384454 0.03373873730142646 0.03570928480946423 0.033287085129436296 0.02155760295563559 0.018799561326616945 0.0251149589702089 0.018799119510972215 0.012900820231439928 0.033226814344647096 0.03684884156081527 0.03315899368852368 0.020729733714191387 0.018337946509484445 0.025036603706190427 0.018337501358084624 0.012488336119048503 0.03274341992114862 0.03517760210482023 0.03280835519600088 0.02077803780296436 0.23325916669913707 0.23325916669913707 0.1797682326795848 0.63215644675872 0.15470847820250364 1.9187490521176502 0.14061132036563315 1.5794213804265917 0.12926532714661973 1.7385497586931593 0.1197575877004384 2.838590794989446 0.11522456457893701 1.5753580934771791 0.10909784289496259 2.029091033162362 0.10808559939858867 2.9818590299578616 0.10682620424743405 2.4059683263038125 0.10613827491326439 2.4084960050030473 0.10611138005922147 3.5221539228057845
  Query 1 has converged
  Query 2 has converged
  Query 7 has converged
  Query 8 has converged
  Query 13 has converged
  Query 14 has converged
  Query 15 has converged
  Query 19 has converged
  Query 20 has converged
  Query 21 has converged
  Query 25 has converged
  Query 26 has converged
  Query 27 has converged
  Query 31 has converged
  Query 32 has converged
  Query 33 has converged
  Query 37 has converged
  Query 38 has converged
  Query 39 has converged
  Query 43 has converged
  Query 44 has converged
  Query 45 has converged
  Query 49 has converged
  Query 50 has converged
  Query 51 has converged
  Query 55 has converged
  Query 56 has converged
  Query 57 has converged
  Query 61 has converged
  Query 62 has converged
  Query 63 has converged
  Query 67 has converged
  Query 68 has converged
  Query 69 has converged
  Query 73 has converged
  Query 74 has converged
  Query 75 has converged
  Query 79 has converged
  Query 80 has converged
  Query 81 has converged
  Query 85 has converged
  Query 86 has converged
  Query 87 has converged
  Query 91 has converged
  Query 92 has converged
  Query 93 has converged
  Query 97 has converged
  Query 98 has converged
  Query 99 has converged
  Query 103 has converged
  Query 104 has converged
  Query 105 has converged
  Query 109 has converged
  Query 110 has converged
  Query 111 has converged
  Query 115 has converged
  Query 116 has converged
  Query 117 has converged
  Query 121 has converged
  Query 122 has converged
  Query 123 has converged
  Query 127 has converged
  Query 128 has converged
  Query 129 has converged
  Query 133 has converged
  Query 134 has converged
  Query 135 has converged
  Query 139 has converged
  Query 140 has converged
  Query 141 has converged
  Query 145 has converged
  Query 146 has converged
  Query 147 has converged
  Query 148 has converged
  Query 149 has converged
  Query 150 has converged
  Query 151 has converged
  Query 152 has converged
  Query 153 has converged
  Query 154 has converged
  Query 155 has converged
  Query 156 has converged
  Query 157 has converged
  Query 158 has converged
  Query 159 has converged
  Query 160 has converged
  Query 161 has converged
  Query 162 has converged
  Query 163 has converged
  Query 164 has converged
  Query 165 has converged
  Query 166 has converged
  Query 167 has converged
  Query 168 has converged
  Query 169 has converged
  Query 170 has converged
  Query 171 has converged
  Query 172 has converged
  Query 173 has converged
  Query 174 has converged
  Query 175 has converged
  Query 176 has converged
  Query 177 has converged
  Query 178 has converged
  Query 179 has converged
  Query 180 has converged
  Query 181 has converged
  Query 182 has converged
  Query 183 has converged
  Query 184 has converged
  Query 185 has converged
  Query 186 has converged
  Query 187 has converged
  Query 188 has converged
  Query 189 has converged
  Query 190 has converged
  Query 191 has converged
  Query 192 has converged
  Query 193 has converged
  Query 194 has converged
  Query 195 has converged
  Query 196 has converged
  Query 197 has converged
  Query 198 has converged
  Query 199 has converged
  Query 200 has converged
  Query 201 has converged
  Query 202 has converged
  Query 203 has converged
  Query 204 has converged
  Query 205 has converged
  Query 206 has converged
  Query 207 has converged
  Query 208 has converged
  Query 209 has converged
  Query 210 has converged
  Query 211 has converged
  Query 212 has converged
  Query 213 has converged
  Query 214 has converged
  Query 215 has converged
  Query 216 has converged
  Query 217 has converged
  Query 218 has converged
  Query 219 has converged
  Query 220 has converged
  Query 221 has converged
  Query 222 has converged
  Query 223 has converged
  Query 224 has converged
  Query 225 has converged
  Query 226 has converged
  Query 227 has converged
  Query 228 has converged
  Query 229 has converged
  Query 230 has converged
  Query 231 has converged
  Query 232 has converged
  Query 233 has converged
  Query 234 has converged
  Query 235 has converged
  Query 236 has converged
  Query 237 has converged
  Query 238 has converged
  Query 239 has converged
  Query 240 has converged
  Query 241 has converged
  Query 242 has converged
  Query 243 has converged
  Query 244 has converged
  Query 245 has converged
  Query 246 has converged
  Query 247 has converged
  Query 248 has converged
  Query 249 has converged
  Query 250 has converged
  Query 251 has converged
  Query 252 has converged
  Query 253 has converged
  Query 254 has converged
  Query 255 has converged
  Query 256 has converged
  Query 257 has converged
  Query 258 has converged
  Query 259 has converged
  Query 260 has converged
  Query 261 has converged
  Query 262 has converged
  Query 263 has converged
  Query 264 has converged
  Query 265 has converged
  Query 266 has converged
  Query 267 has converged
  Query 269 has converged
  Query 271 has converged
  Query 273 has converged
  Query 275 has converged
  Query 277 has converged
  Query 279 has converged
  Query 281 has converged
  Query 283 has converged
  Query 285 has converged
  Query 287 has converged

{"nsims": 250, "queries": [{"mean": 0.06153380555209605, "std": 0.0039193837478469825, "radius": 0.0004882158759835786, "file": "/home/dylan-l/maude-hcs/use-cases/challenge-problem-3/cp3_scenarios/scenario2/pwnd_cp3_scenario_2-quatex.maude", "line": 1, "column": 1, "nsims": 250, "discarded": 0}, {"mean": 0.06310389704030396, "std": 0.004011637350906995, "radius": 0.0004997073951937929, "file": "/home/dylan-l/maude-hcs/use-cases/challenge-problem-3/cp3_scenarios/scenario2/pwnd_cp3_scenario_2-quatex.maude", "line": 2, "column": 1, "nsims": 250, "discarded": 0}, {"mean": 1.4774403379065086, "std": 4.591921591453146, "radius": 0.5719901817347461, "file": "/home/dylan-l/maude-hcs/use-cases/challenge-problem-3/cp3_scenarios/scenario2/pwnd_cp3_scenario_2-quatex.maude", "line": 3, "column": 1, "nsims": 250, "discarded": 0}, {"mean": 23.946980653615263, "std": 22.33159411949725, "radius": 2.7817227111658003, "file": "/home/dylan-l/maude-hcs/use-cases/challenge-problem-3/cp3_scenarios/scenario2/pwnd_cp3_scenario_2-quatex.maude", "line": 4, "column": 1, "nsims": 250, "discarded": 0}, {"mean": 247.0993846303783, "std": 157.85594458260744, "radius": 19.66323871857361, "file": "/home/dylan-l/maude-hcs/use-cases/challenge-problem-3/cp3_scenarios/scenario2/pwnd_cp3_scenario_2-quatex.maude", "line": 5, "column": 1, "nsims": 250, "discarded": 0}, {"mean": 235.73311999999999, "std": 46.322068522271174, "radius": 5.770082930357371, "file": "/home/dylan-l/maude-hcs/use-cases/challenge-problem-3/cp3_scenarios/scenario2/pwnd_cp3_scenario_2-quatex.maude", "line": 6, "column": 1, "nsims": 250, "discarded": 0}, {"mean": 0.06153380555209605, "std": 0.0039193837478469825, "radius": 0.0004882158759835786, "file": "/home/dylan-l/maude-hcs/use-cases/challenge-problem-3/cp3_scenarios/scenario2/pwnd_cp3_scenario_2-quatex.maude", "line": 7, "column": 1, "nsims": 250, "discarded": 0}, {"mean": 0.06310389704030396, "std": 0.004011637350906995, "radius": 0.0004997073951937929, "file": "/home/dylan-l/maude-hcs/use-cases/challenge-problem-3/cp3_scenarios/scenario2/pwnd_cp3_scenario_2-quatex.maude", "line": 8, "column": 1, "nsims": 250, "discarded": 0}, {"mean": 1.4774403379065086, "std": 4.591921591453146, "radius": 0.5719901817347461, "file": "/home/dylan-l/maude-hcs/use-cases/challenge-problem-3/cp3_scenarios/scenario2/pwnd_cp3_scenario_2-quatex.maude", "line": 9, "column": 1, "nsims": 250, "discarded": 0}, {"mean": 23.946980653615263, "std": 22.33159411949725, "radius": 2.7817227111658003, "file": "/home/dylan-l/maude-hcs/use-cases/challenge-problem-3/cp3_scenarios/scenario2/pwnd_cp3_scenario_2-quatex.maude", "line": 10, "column": 1, "nsims": 250, "discarded": 0}, {"mean": 247.0993846303783, "std": 157.85594458260744, "radius": 19.66323871857361, "file": "/home/dylan-l/maude-hcs/use-cases/challenge-problem-3/cp3_scenarios/scenario2/pwnd_cp3_scenario_2-quatex.maude", "line": 11, "column": 1, "nsims": 250, "discarded": 0}, {"mean": 235.73311999999999, "std": 46.322068522271174, "radius": 5.770082930357371, "file": "/home/dylan-l/maude-hcs/use-cases/challenge-problem-3/cp3_scenarios/scenario2/pwnd_cp3_scenario_2-quatex.maude", "line": 12, "column": 1, "nsims": 250, "discarded": 0}, {"mean": 0.061339762299385196, "std": 0.0039034822425084445, "radius": 0.0004862351137368156, "file": "/home/dylan-l/maude-hcs/use-cases/challenge-problem-3/cp3_scenarios/scenario2/pwnd_cp3_scenario_2-quatex.maude", "line": 13, "column": 1, "nsims": 250, "discarded": 0}, {"mean": 0.06303293632712384, "std": 0.004004323674156205, "radius": 0.0004987963710810076, "file": "/home/dylan-l/maude-hcs/use-cases/challenge-problem-3/cp3_scenarios/scenario2/pwnd_cp3_scenario_2-quatex.maude", "line": 14, "column": 1, "nsims": 250, "discarded": 0}, {"mean": 0.20877697589537708, "std": 1.1858973452942847, "radius": 0.14772064908864685, "file": "/home/dylan-l/maude-hcs/use-cases/challenge-problem-3/cp3_scenarios/scenario2/pwnd_cp3_scenario_2-quatex.maude", "line": 15, "column": 1, "nsims": 250, "discarded": 0}, {"mean": 19.480471755406914, "std": 22.2281599400922, "radius": 2.768838489626478, "file": "/home/dylan-l/maude-hcs/use-cases/challenge-problem-3/cp3_scenarios/scenario2/pwnd_cp3_scenario_2-quatex.maude", "line": 16, "column": 1, "nsims": 250, "discarded": 0}, {"mean": 397.2612109759251, "std": 309.7086016705059, "radius": 38.57868123969128, "file": "/home/dylan-l/maude-hcs/use-cases/challenge-problem-3/cp3_scenarios/scenario2/pwnd_cp3_scenario_2-quatex.maude", "line": 17, "column": 1, "nsims": 250, "discarded": 0}, {"mean": 250.04814222222208, "std": 42.0226811520499, "radius": 5.234532112630385, "file": "/home/dylan-l/maude-hcs/use-cases/challenge-problem-3/cp3_scenarios/scenario2/pwnd_cp3_scenario_2-quatex.maude", "line": 18, "column": 1, "nsims": 250, "discarded": 0}, {"mean": 0.06148077664292305, "std": 0.003914094423893207, "radius": 0.0004875570142610254, "file": "/home/dylan-l/maude-hcs/use-cases/challenge-problem-3/cp3_scenarios/scenario2/pwnd_cp3_scenario_2-quatex.maude", "line": 19, "column": 1, "nsims": 250, "discarded": 0}, {"mean": 0.06296025940999471, "std": 0.004000659391170404, "radius": 0.0004983399316908235, "file": "/home/dylan-l/maude-hcs/use-cases/challenge-problem-3/cp3_scenarios/scenario2/pwnd_cp3_scenario_2-quatex.maude", "line": 20, "column": 1, "nsims": 250, "discarded": 0}, {"mean": 0.11091581752122283, "std": 0.529677413491425, "radius": 0.0659789750259811, "file": "/home/dylan-l/maude-hcs/use-cases/challenge-problem-3/cp3_scenarios/scenario2/pwnd_cp3_scenario_2-quatex.maude", "line": 21, "column": 1, "nsims": 250, "discarded": 0}, {"mean": 13.605444143526784, "std": 29.748256331063814, "radius": 3.7055751511018857, "file": "/home/dylan-l/maude-hcs/use-cases/challenge-problem-3/cp3_scenarios/scenario2/pwnd_cp3_scenario_2-quatex.maude", "line": 22, "column": 1, "nsims": 250, "discarded": 0}, {"mean": 169.6255400104613, "std": 217.02858609743225, "radius": 27.03404618984813, "file": "/home/dylan-l/maude-hcs/use-cases/challenge-problem-3/cp3_scenarios/scenario2/pwnd_cp3_scenario_2-quatex.maude", "line": 23, "column": 1, "nsims": 250, "discarded": 0}, {"mean": 264.3631644444443, "std": 52.21147444824684, "radius": 6.503693532981461, "file": "/home/dylan-l/maude-hcs/use-cases/challenge-problem-3/cp3_scenarios/scenario2/pwnd_cp3_scenario_2-quatex.maude", "line": 24, "column": 1, "nsims": 250, "discarded": 0}, {"mean": 0.06124393765505113, "std": 0.003895991019069009, "radius": 0.000485301973618632, "file": "/home/dylan-l/maude-hcs/use-cases/challenge-problem-3/cp3_scenarios/scenario2/pwnd_cp3_scenario_2-quatex.maude", "line": 25, "column": 1, "nsims": 250, "discarded": 0}, {"mean": 0.06301237312582209, "std": 0.00400235658268115, "radius": 0.0004985513414157798, "file": "/home/dylan-l/maude-hcs/use-cases/challenge-problem-3/cp3_scenarios/scenario2/pwnd_cp3_scenario_2-quatex.maude", "line": 26, "column": 1, "nsims": 250, "discarded": 0}, {"mean": 0.06375058817580118, "std": 0.004052912575475547, "radius": 0.0005048488207891367, "file": "/home/dylan-l/maude-hcs/use-cases/challenge-problem-3/cp3_scenarios/scenario2/pwnd_cp3_scenario_2-quatex.maude", "line": 27, "column": 1, "nsims": 250, "discarded": 0}, {"mean": 16.91027286283444, "std": 19.19323906405673, "radius": 2.3907952437084328, "file": "/home/dylan-l/maude-hcs/use-cases/challenge-problem-3/cp3_scenarios/scenario2/pwnd_cp3_scenario_2-quatex.maude", "line": 28, "column": 1, "nsims": 250, "discarded": 0}, {"mean": 489.94433075892397, "std": 399.2667720524029, "radius": 49.73444536421799, "file": "/home/dylan-l/maude-hcs/use-cases/challenge-problem-3/cp3_scenarios/scenario2/pwnd_cp3_scenario_2-quatex.maude", "line": 29, "column": 1, "nsims": 250, "discarded": 0}, {"mean": 259.2706725925925, "std": 41.334599535453776, "radius": 5.148821605365254, "file": "/home/dylan-l/maude-hcs/use-cases/challenge-problem-3/cp3_scenarios/scenario2/pwnd_cp3_scenario_2-quatex.maude", "line": 30, "column": 1, "nsims": 250, "discarded": 0}, {"mean": 0.06146703869406156, "std": 0.00391287289910415, "radius": 0.00048740485569904416, "file": "/home/dylan-l/maude-hcs/use-cases/challenge-problem-3/cp3_scenarios/scenario2/pwnd_cp3_scenario_2-quatex.maude", "line": 31, "column": 1, "nsims": 250, "discarded": 0}, {"mean": 0.06294868663400302, "std": 0.003999828444984268, "radius": 0.0004982364253372079, "file": "/home/dylan-l/maude-hcs/use-cases/challenge-problem-3/cp3_scenarios/scenario2/pwnd_cp3_scenario_2-quatex.maude", "line": 32, "column": 1, "nsims": 250, "discarded": 0}, {"mean": 0.06363483544933114, "std": 0.004048693493738767, "radius": 0.0005043232731983706, "file": "/home/dylan-l/maude-hcs/use-cases/challenge-problem-3/cp3_scenarios/scenario2/pwnd_cp3_scenario_2-quatex.maude", "line": 33, "column": 1, "nsims": 250, "discarded": 0}, {"mean": 12.057427646725753, "std": 25.26057902425921, "radius": 3.1465701012195457, "file": "/home/dylan-l/maude-hcs/use-cases/challenge-problem-3/cp3_scenarios/scenario2/pwnd_cp3_scenario_2-quatex.maude", "line": 34, "column": 1, "nsims": 250, "discarded": 0}, {"mean": 138.28331014583378, "std": 209.68294137748956, "radius": 26.119040004607655, "file": "/home/dylan-l/maude-hcs/use-cases/challenge-problem-3/cp3_scenarios/scenario2/pwnd_cp3_scenario_2-quatex.maude", "line": 35, "column": 1, "nsims": 250, "discarded": 0}, {"mean": 277.7157333333335, "std": 55.38364141938765, "radius": 6.8988327630791595, "file": "/home/dylan-l/maude-hcs/use-cases/challenge-problem-3/cp3_scenarios/scenario2/pwnd_cp3_scenario_2-quatex.maude", "line": 36, "column": 1, "nsims": 250, "discarded": 0}, {"mean": 0.061184540420696064, "std": 0.0038918116262043026, "radius": 0.0004847813698503373, "file": "/home/dylan-l/maude-hcs/use-cases/challenge-problem-3/cp3_scenarios/scenario2/pwnd_cp3_scenario_2-quatex.maude", "line": 37, "column": 1, "nsims": 250, "discarded": 0}, {"mean": 0.06300463118814027, "std": 0.004001606181544112, "radius": 0.0004984578681118046, "file": "/home/dylan-l/maude-hcs/use-cases/challenge-problem-3/cp3_scenarios/scenario2/pwnd_cp3_scenario_2-quatex.maude", "line": 38, "column": 1, "nsims": 250, "discarded": 0}, {"mean": 0.06372444174360573, "std": 0.0040492912706103935, "radius": 0.0005043977349448593, "file": "/home/dylan-l/maude-hcs/use-cases/challenge-problem-3/cp3_scenarios/scenario2/pwnd_cp3_scenario_2-quatex.maude", "line": 39, "column": 1, "nsims": 250, "discarded": 0}, {"mean": 17.42864133206573, "std": 26.08069133979383, "radius": 3.2487269397158016, "file": "/home/dylan-l/maude-hcs/use-cases/challenge-problem-3/cp3_scenarios/scenario2/pwnd_cp3_scenario_2-quatex.maude", "line": 40, "column": 1, "nsims": 250, "discarded": 0}, {"mean": 568.1514328703304, "std": 483.06076068355287, "radius": 60.17219736647793, "file": "/home/dylan-l/maude-hcs/use-cases/challenge-problem-3/cp3_scenarios/scenario2/pwnd_cp3_scenario_2-quatex.maude", "line": 41, "column": 1, "nsims": 250, "discarded": 0}, {"mean": 263.67035555555555, "std": 41.26266447960365, "radius": 5.139861054787605, "file": "/home/dylan-l/maude-hcs/use-cases/challenge-problem-3/cp3_scenarios/scenario2/pwnd_cp3_scenario_2-quatex.maude", "line": 42, "column": 1, "nsims": 250, "discarded": 0}, {"mean": 0.06148982348803838, "std": 0.003915009246729272, "radius": 0.00048767096866330224, "file": "/home/dylan-l/maude-hcs/use-cases/challenge-problem-3/cp3_scenarios/scenario2/pwnd_cp3_scenario_2-quatex.maude", "line": 43, "column": 1, "nsims": 250, "discarded": 0}, {"mean": 0.06295783121155182, "std": 0.004000808355410493, "radius": 0.0004983584873392734, "file": "/home/dylan-l/maude-hcs/use-cases/challenge-problem-3/cp3_scenarios/scenario2/pwnd_cp3_scenario_2-quatex.maude", "line": 44, "column": 1, "nsims": 250, "discarded": 0}, {"mean": 0.1184411688313794, "std": 0.6676920722566461, "radius": 0.08317069491425463, "file": "/home/dylan-l/maude-hcs/use-cases/challenge-problem-3/cp3_scenarios/scenario2/pwnd_cp3_scenario_2-quatex.maude", "line": 45, "column": 1, "nsims": 250, "discarded": 0}, {"mean": 12.50502454234992, "std": 30.27471941434138, "radius": 3.7711537348566826, "file": "/home/dylan-l/maude-hcs/use-cases/challenge-problem-3/cp3_scenarios/scenario2/pwnd_cp3_scenario_2-quatex.maude", "line": 46, "column": 1, "nsims": 250, "discarded": 0}, {"mean": 88.93739249013291, "std": 142.5527456464829, "radius": 17.757004179009787, "file": "/home/dylan-l/maude-hcs/use-cases/challenge-problem-3/cp3_scenarios/scenario2/pwnd_cp3_scenario_2-quatex.maude", "line": 47, "column": 1, "nsims": 250, "discarded": 0}, {"mean": 276.8694044444443, "std": 54.59790793651942, "radius": 6.8009583049226014, "file": "/home/dylan-l/maude-hcs/use-cases/challenge-problem-3/cp3_scenarios/scenario2/pwnd_cp3_scenario_2-quatex.maude", "line": 48, "column": 1, "nsims": 250, "discarded": 0}, {"mean": 0.06113625229080057, "std": 0.0038886197101832176, "radius": 0.00048438377059072, "file": "/home/dylan-l/maude-hcs/use-cases/challenge-problem-3/cp3_scenarios/scenario2/pwnd_cp3_scenario_2-quatex.maude", "line": 49, "column": 1, "nsims": 250, "discarded": 0}, {"mean": 0.06299760068274575, "std": 0.004001003057580228, "radius": 0.0004983827403077166, "file": "/home/dylan-l/maude-hcs/use-cases/challenge-problem-3/cp3_scenarios/scenario2/pwnd_cp3_scenario_2-quatex.maude", "line": 50, "column": 1, "nsims": 250, "discarded": 0}, {"mean": 0.0637118022122522, "std": 0.004047878408365812, "radius": 0.0005042217425382056, "file": "/home/dylan-l/maude-hcs/use-cases/challenge-problem-3/cp3_scenarios/scenario2/pwnd_cp3_scenario_2-quatex.maude", "line": 51, "column": 1, "nsims": 250, "discarded": 0}, {"mean": 16.956828809764552, "std": 26.973599397747527, "radius": 3.359951539737713, "file": "/home/dylan-l/maude-hcs/use-cases/challenge-problem-3/cp3_scenarios/scenario2/pwnd_cp3_scenario_2-quatex.maude", "line": 52, "column": 1, "nsims": 250, "discarded": 0}, {"mean": 657.2885669581664, "std": 587.6799509274242, "radius": 73.20402912769858, "file": "/home/dylan-l/maude-hcs/use-cases/challenge-problem-3/cp3_scenarios/scenario2/pwnd_cp3_scenario_2-quatex.maude", "line": 53, "column": 1, "nsims": 250, "discarded": 0}, {"mean": 266.30749155555554, "std": 40.75967505886035, "radius": 5.077206454866493, "file": "/home/dylan-l/maude-hcs/use-cases/challenge-problem-3/cp3_scenarios/scenario2/pwnd_cp3_scenario_2-quatex.maude", "line": 54, "column": 1, "nsims": 250, "discarded": 0}, {"mean": 0.061445954544671624, "std": 0.003912704051386616, "radius": 0.0004873838232761871, "file": "/home/dylan-l/maude-hcs/use-cases/challenge-problem-3/cp3_scenarios/scenario2/pwnd_cp3_scenario_2-quatex.maude", "line": 55, "column": 1, "nsims": 250, "discarded": 0}, {"mean": 0.06294388639479256, "std": 0.003999699377931127, "radius": 0.000498220348170882, "file": "/home/dylan-l/maude-hcs/use-cases/challenge-problem-3/cp3_scenarios/scenario2/pwnd_cp3_scenario_2-quatex.maude", "line": 56, "column": 1, "nsims": 250, "discarded": 0}, {"mean": 0.09113872216576055, "std": 0.43507353786661496, "radius": 0.05419469540932454, "file": "/home/dylan-l/maude-hcs/use-cases/challenge-problem-3/cp3_scenarios/scenario2/pwnd_cp3_scenario_2-quatex.maude", "line": 57, "column": 1, "nsims": 250, "discarded": 0}, {"mean": 14.11333516468288, "std": 42.45636566449562, "radius": 5.288553784853858, "file": "/home/dylan-l/maude-hcs/use-cases/challenge-problem-3/cp3_scenarios/scenario2/pwnd_cp3_scenario_2-quatex.maude", "line": 58, "column": 1, "nsims": 250, "discarded": 0}, {"mean": 89.71909512529588, "std": 142.1109580205084, "radius": 17.70197314691646, "file": "/home/dylan-l/maude-hcs/use-cases/challenge-problem-3/cp3_scenarios/scenario2/pwnd_cp3_scenario_2-quatex.maude", "line": 59, "column": 1, "nsims": 250, "discarded": 0}, {"mean": 276.8560355555555, "std": 53.474509887809205, "radius": 6.6610228462601055, "file": "/home/dylan-l/maude-hcs/use-cases/challenge-problem-3/cp3_scenarios/scenario2/pwnd_cp3_scenario_2-quatex.maude", "line": 60, "column": 1, "nsims": 250, "discarded": 0}, {"mean": 0.0611097886063129, "std": 0.003887089673770111, "radius": 0.00048419318244835656, "file": "/home/dylan-l/maude-hcs/use-cases/challenge-problem-3/cp3_scenarios/scenario2/pwnd_cp3_scenario_2-quatex.maude", "line": 61, "column": 1, "nsims": 250, "discarded": 0}, {"mean": 0.06299404692144553, "std": 0.004000680105291161, "radius": 0.0004983425119338569, "file": "/home/dylan-l/maude-hcs/use-cases/challenge-problem-3/cp3_scenarios/scenario2/pwnd_cp3_scenario_2-quatex.maude", "line": 62, "column": 1, "nsims": 250, "discarded": 0}, {"mean": 0.06370221057963375, "std": 0.004046888306599903, "radius": 0.0005040984110575305, "file": "/home/dylan-l/maude-hcs/use-cases/challenge-problem-3/cp3_scenarios/scenario2/pwnd_cp3_scenario_2-quatex.maude", "line": 63, "column": 1, "nsims": 250, "discarded": 0}, {"mean": 17.888480889988685, "std": 39.57627013596729, "radius": 4.929796273000303, "file": "/home/dylan-l/maude-hcs/use-cases/challenge-problem-3/cp3_scenarios/scenario2/pwnd_cp3_scenario_2-quatex.maude", "line": 64, "column": 1, "nsims": 250, "discarded": 0}, {"mean": 764.075691142068, "std": 707.4760268442665, "radius": 88.1263612864887, "file": "/home/dylan-l/maude-hcs/use-cases/challenge-problem-3/cp3_scenarios/scenario2/pwnd_cp3_scenario_2-quatex.maude", "line": 65, "column": 1, "nsims": 250, "discarded": 0}, {"mean": 268.5657777777777, "std": 39.946740148314774, "radius": 4.97594366586614, "file": "/home/dylan-l/maude-hcs/use-cases/challenge-problem-3/cp3_scenarios/scenario2/pwnd_cp3_scenario_2-quatex.maude", "line": 66, "column": 1, "nsims": 250, "discarded": 0}, {"mean": 0.06146924294861674, "std": 0.003913411419683393, "radius": 0.0004874719362181372, "file": "/home/dylan-l/maude-hcs/use-cases/challenge-problem-3/cp3_scenarios/scenario2/pwnd_cp3_scenario_2-quatex.maude", "line": 67, "column": 1, "nsims": 250, "discarded": 0}, {"mean": 0.0629419150065114, "std": 0.003999770213046805, "radius": 0.0004982291717080183, "file": "/home/dylan-l/maude-hcs/use-cases/challenge-problem-3/cp3_scenarios/scenario2/pwnd_cp3_scenario_2-quatex.maude", "line": 68, "column": 1, "nsims": 250, "discarded": 0}, {"mean": 0.2123421021439135, "std": 1.6137387146673494, "radius": 0.20101447341631754, "file": "/home/dylan-l/maude-hcs/use-cases/challenge-problem-3/cp3_scenarios/scenario2/pwnd_cp3_scenario_2-quatex.maude", "line": 69, "column": 1, "nsims": 250, "discarded": 0}, {"mean": 9.520223573420036, "std": 11.192108546898963, "radius": 1.3941388314755296, "file": "/home/dylan-l/maude-hcs/use-cases/challenge-problem-3/cp3_scenarios/scenario2/pwnd_cp3_scenario_2-quatex.maude", "line": 70, "column": 1, "nsims": 250, "discarded": 0}, {"mean": 97.1884739075961, "std": 167.15274460721184, "radius": 20.821289488761575, "file": "/home/dylan-l/maude-hcs/use-cases/challenge-problem-3/cp3_scenarios/scenario2/pwnd_cp3_scenario_2-quatex.maude", "line": 71, "column": 1, "nsims": 250, "discarded": 0}, {"mean": 279.8572088888888, "std": 51.66921628801272, "radius": 6.436147444172635, "file": "/home/dylan-l/maude-hcs/use-cases/challenge-problem-3/cp3_scenarios/scenario2/pwnd_cp3_scenario_2-quatex.maude", "line": 72, "column": 1, "nsims": 250, "discarded": 0}, {"mean": 0.061069528355753716, "std": 0.003884188336632155, "radius": 0.0004838317789871341, "file": "/home/dylan-l/maude-hcs/use-cases/challenge-problem-3/cp3_scenarios/scenario2/pwnd_cp3_scenario_2-quatex.maude", "line": 73, "column": 1, "nsims": 250, "discarded": 0}, {"mean": 0.06299099493879104, "std": 0.004000395463054832, "radius": 0.000498307055630598, "file": "/home/dylan-l/maude-hcs/use-cases/challenge-problem-3/cp3_scenarios/scenario2/pwnd_cp3_scenario_2-quatex.maude", "line": 74, "column": 1, "nsims": 250, "discarded": 0}, {"mean": 0.06369646109228168, "std": 0.004046202757674574, "radius": 0.0005040130160335568, "file": "/home/dylan-l/maude-hcs/use-cases/challenge-problem-3/cp3_scenarios/scenario2/pwnd_cp3_scenario_2-quatex.maude", "line": 75, "column": 1, "nsims": 250, "discarded": 0}, {"mean": 18.16242911425186, "std": 47.65815800118077, "radius": 5.93651217977614, "file": "/home/dylan-l/maude-hcs/use-cases/challenge-problem-3/cp3_scenarios/scenario2/pwnd_cp3_scenario_2-quatex.maude", "line": 76, "column": 1, "nsims": 250, "discarded": 0}, {"mean": 887.3114557426044, "std": 822.4741996132494, "radius": 102.45104528451805, "file": "/home/dylan-l/maude-hcs/use-cases/challenge-problem-3/cp3_scenarios/scenario2/pwnd_cp3_scenario_2-quatex.maude", "line": 77, "column": 1, "nsims": 250, "discarded": 0}, {"mean": 270.46864761904754, "std": 39.42567882330638, "radius": 4.911037949152414, "file": "/home/dylan-l/maude-hcs/use-cases/challenge-problem-3/cp3_scenarios/scenario2/pwnd_cp3_scenario_2-quatex.maude", "line": 78, "column": 1, "nsims": 250, "discarded": 0}, {"mean": 0.061449093092673136, "std": 0.003912388915036625, "radius": 0.00048734456849046994, "file": "/home/dylan-l/maude-hcs/use-cases/challenge-problem-3/cp3_scenarios/scenario2/pwnd_cp3_scenario_2-quatex.maude", "line": 79, "column": 1, "nsims": 250, "discarded": 0}, {"mean": 0.06293237655342454, "std": 0.003998857030561941, "radius": 0.0004981154216351846, "file": "/home/dylan-l/maude-hcs/use-cases/challenge-problem-3/cp3_scenarios/scenario2/pwnd_cp3_scenario_2-quatex.maude", "line": 80, "column": 1, "nsims": 250, "discarded": 0}, {"mean": 0.18960898039710083, "std": 1.4412248415235327, "radius": 0.17952537790672501, "file": "/home/dylan-l/maude-hcs/use-cases/challenge-problem-3/cp3_scenarios/scenario2/pwnd_cp3_scenario_2-quatex.maude", "line": 81, "column": 1, "nsims": 250, "discarded": 0}, {"mean": 11.101875690583485, "std": 25.083785314210836, "radius": 3.1245478901852044, "file": "/home/dylan-l/maude-hcs/use-cases/challenge-problem-3/cp3_scenarios/scenario2/pwnd_cp3_scenario_2-quatex.maude", "line": 82, "column": 1, "nsims": 250, "discarded": 0}, {"mean": 85.97833144391336, "std": 152.89274808266717, "radius": 19.04500088252909, "file": "/home/dylan-l/maude-hcs/use-cases/challenge-problem-3/cp3_scenarios/scenario2/pwnd_cp3_scenario_2-quatex.maude", "line": 83, "column": 1, "nsims": 250, "discarded": 0}, {"mean": 281.8858666666669, "std": 50.82037229089947, "radius": 6.330411659598925, "file": "/home/dylan-l/maude-hcs/use-cases/challenge-problem-3/cp3_scenarios/scenario2/pwnd_cp3_scenario_2-quatex.maude", "line": 84, "column": 1, "nsims": 250, "discarded": 0}, {"mean": 0.061046175806722135, "std": 0.003882078782446159, "radius": 0.00048356900353285087, "file": "/home/dylan-l/maude-hcs/use-cases/challenge-problem-3/cp3_scenarios/scenario2/pwnd_cp3_scenario_2-quatex.maude", "line": 85, "column": 1, "nsims": 250, "discarded": 0}, {"mean": 0.06298876585590826, "std": 0.004000166021497893, "radius": 0.0004982784753695381, "file": "/home/dylan-l/maude-hcs/use-cases/challenge-problem-3/cp3_scenarios/scenario2/pwnd_cp3_scenario_2-quatex.maude", "line": 86, "column": 1, "nsims": 250, "discarded": 0}, {"mean": 0.0636926325791563, "std": 0.004045712710105619, "radius": 0.0005039519735282696, "file": "/home/dylan-l/maude-hcs/use-cases/challenge-problem-3/cp3_scenarios/scenario2/pwnd_cp3_scenario_2-quatex.maude", "line": 87, "column": 1, "nsims": 250, "discarded": 0}, {"mean": 18.262203869001294, "std": 51.1621264457066, "radius": 6.3729820774999135, "file": "/home/dylan-l/maude-hcs/use-cases/challenge-problem-3/cp3_scenarios/scenario2/pwnd_cp3_scenario_2-quatex.maude", "line": 88, "column": 1, "nsims": 250, "discarded": 0}, {"mean": 1033.1945203756145, "std": 943.2013808432106, "radius": 117.48936006336343, "file": "/home/dylan-l/maude-hcs/use-cases/challenge-problem-3/cp3_scenarios/scenario2/pwnd_cp3_scenario_2-quatex.maude", "line": 89, "column": 1, "nsims": 250, "discarded": 0}, {"mean": 272.1169466666665, "std": 38.67682374296391, "radius": 4.817757228877196, "file": "/home/dylan-l/maude-hcs/use-cases/challenge-problem-3/cp3_scenarios/scenario2/pwnd_cp3_scenario_2-quatex.maude", "line": 90, "column": 1, "nsims": 250, "discarded": 0}, {"mean": 0.06144314122551441, "std": 0.003911170686157295, "radius": 0.000487192820481667, "file": "/home/dylan-l/maude-hcs/use-cases/challenge-problem-3/cp3_scenarios/scenario2/pwnd_cp3_scenario_2-quatex.maude", "line": 91, "column": 1, "nsims": 250, "discarded": 0}, {"mean": 0.06292379800386698, "std": 0.003998613542980498, "radius": 0.0004980850917388252, "file": "/home/dylan-l/maude-hcs/use-cases/challenge-problem-3/cp3_scenarios/scenario2/pwnd_cp3_scenario_2-quatex.maude", "line": 92, "column": 1, "nsims": 250, "discarded": 0}, {"mean": 0.11615969433650752, "std": 0.8313561260296292, "radius": 0.1035574175523973, "file": "/home/dylan-l/maude-hcs/use-cases/challenge-problem-3/cp3_scenarios/scenario2/pwnd_cp3_scenario_2-quatex.maude", "line": 93, "column": 1, "nsims": 250, "discarded": 0}, {"mean": 9.40705611951563, "std": 11.963345223057996, "radius": 1.4902075028957456, "file": "/home/dylan-l/maude-hcs/use-cases/challenge-problem-3/cp3_scenarios/scenario2/pwnd_cp3_scenario_2-quatex.maude", "line": 94, "column": 1, "nsims": 250, "discarded": 0}, {"mean": 79.75553104401202, "std": 137.62393505987026, "radius": 17.143049605303634, "file": "/home/dylan-l/maude-hcs/use-cases/challenge-problem-3/cp3_scenarios/scenario2/pwnd_cp3_scenario_2-quatex.maude", "line": 95, "column": 1, "nsims": 250, "discarded": 0}, {"mean": 283.6550400000001, "std": 52.020493028694546, "radius": 6.479904037733763, "file": "/home/dylan-l/maude-hcs/use-cases/challenge-problem-3/cp3_scenarios/scenario2/pwnd_cp3_scenario_2-quatex.maude", "line": 96, "column": 1, "nsims": 250, "discarded": 0}, {"mean": 0.061017546790227396, "std": 0.0038802669516373005, "radius": 0.00048334331382692024, "file": "/home/dylan-l/maude-hcs/use-cases/challenge-problem-3/cp3_scenarios/scenario2/pwnd_cp3_scenario_2-quatex.maude", "line": 97, "column": 1, "nsims": 250, "discarded": 0}, {"mean": 0.06298863510215022, "std": 0.004000109547347821, "radius": 0.0004982714406981658, "file": "/home/dylan-l/maude-hcs/use-cases/challenge-problem-3/cp3_scenarios/scenario2/pwnd_cp3_scenario_2-quatex.maude", "line": 98, "column": 1, "nsims": 250, "discarded": 0}, {"mean": 0.06369143411603619, "std": 0.0040454790208289924, "radius": 0.0005039228641523482, "file": "/home/dylan-l/maude-hcs/use-cases/challenge-problem-3/cp3_scenarios/scenario2/pwnd_cp3_scenario_2-quatex.maude", "line": 99, "column": 1, "nsims": 250, "discarded": 0}, {"mean": 20.546727536850394, "std": 63.76125750216013, "radius": 7.942385892254547, "file": "/home/dylan-l/maude-hcs/use-cases/challenge-problem-3/cp3_scenarios/scenario2/pwnd_cp3_scenario_2-quatex.maude", "line": 100, "column": 1, "nsims": 250, "discarded": 0}, {"mean": 1136.4306276888185, "std": 1054.9493135237642, "radius": 131.40917969647796, "file": "/home/dylan-l/maude-hcs/use-cases/challenge-problem-3/cp3_scenarios/scenario2/pwnd_cp3_scenario_2-quatex.maude", "line": 101, "column": 1, "nsims": 250, "discarded": 0}, {"mean": 273.3133866666666, "std": 37.86670731054856, "radius": 4.716845522051444, "file": "/home/dylan-l/maude-hcs/use-cases/challenge-problem-3/cp3_scenarios/scenario2/pwnd_cp3_scenario_2-quatex.maude", "line": 102, "column": 1, "nsims": 250, "discarded": 0}, {"mean": 0.06142365148425961, "std": 0.003911592831448933, "radius": 0.00048724540477721156, "file": "/home/dylan-l/maude-hcs/use-cases/challenge-problem-3/cp3_scenarios/scenario2/pwnd_cp3_scenario_2-quatex.maude", "line": 103, "column": 1, "nsims": 250, "discarded": 0}, {"mean": 0.06293704013374009, "std": 0.004000164958748489, "radius": 0.0004982783429887444, "file": "/home/dylan-l/maude-hcs/use-cases/challenge-problem-3/cp3_scenarios/scenario2/pwnd_cp3_scenario_2-quatex.maude", "line": 104, "column": 1, "nsims": 250, "discarded": 0}, {"mean": 0.16030447111156174, "std": 1.4105201205506996, "radius": 0.1757006612647739, "file": "/home/dylan-l/maude-hcs/use-cases/challenge-problem-3/cp3_scenarios/scenario2/pwnd_cp3_scenario_2-quatex.maude", "line": 105, "column": 1, "nsims": 250, "discarded": 0}, {"mean": 10.767358594265996, "std": 18.04250972775068, "radius": 2.24745527827298, "file": "/home/dylan-l/maude-hcs/use-cases/challenge-problem-3/cp3_scenarios/scenario2/pwnd_cp3_scenario_2-quatex.maude", "line": 106, "column": 1, "nsims": 250, "discarded": 0}, {"mean": 77.90759984501425, "std": 134.67152125496324, "radius": 16.775283807218543, "file": "/home/dylan-l/maude-hcs/use-cases/challenge-problem-3/cp3_scenarios/scenario2/pwnd_cp3_scenario_2-quatex.maude", "line": 107, "column": 1, "nsims": 250, "discarded": 0}, {"mean": 282.88490666666667, "std": 51.80409819693929, "radius": 6.452948934804191, "file": "/home/dylan-l/maude-hcs/use-cases/challenge-problem-3/cp3_scenarios/scenario2/pwnd_cp3_scenario_2-quatex.maude", "line": 108, "column": 1, "nsims": 250, "discarded": 0}, {"mean": 0.06100118867943108, "std": 0.00387930407516898, "radius": 0.0004832233736504312, "file": "/home/dylan-l/maude-hcs/use-cases/challenge-problem-3/cp3_scenarios/scenario2/pwnd_cp3_scenario_2-quatex.maude", "line": 109, "column": 1, "nsims": 250, "discarded": 0}, {"mean": 0.06298783563910626, "std": 0.004000012832389466, "radius": 0.0004982593934526927, "file": "/home/dylan-l/maude-hcs/use-cases/challenge-problem-3/cp3_scenarios/scenario2/pwnd_cp3_scenario_2-quatex.maude", "line": 110, "column": 1, "nsims": 250, "discarded": 0}, {"mean": 0.06369100548392703, "std": 0.004045340404777067, "radius": 0.0005039055975202524, "file": "/home/dylan-l/maude-hcs/use-cases/challenge-problem-3/cp3_scenarios/scenario2/pwnd_cp3_scenario_2-quatex.maude", "line": 111, "column": 1, "nsims": 250, "discarded": 0}, {"mean": 18.933826483632195, "std": 50.40529205600564, "radius": 6.278707418953063, "file": "/home/dylan-l/maude-hcs/use-cases/challenge-problem-3/cp3_scenarios/scenario2/pwnd_cp3_scenario_2-quatex.maude", "line": 112, "column": 1, "nsims": 250, "discarded": 0}, {"mean": 1248.7480826573833, "std": 1167.9638772531443, "radius": 145.48677652795706, "file": "/home/dylan-l/maude-hcs/use-cases/challenge-problem-3/cp3_scenarios/scenario2/pwnd_cp3_scenario_2-quatex.maude", "line": 113, "column": 1, "nsims": 250, "discarded": 0}, {"mean": 274.0799395555556, "std": 37.121205208150535, "radius": 4.62398246362554, "file": "/home/dylan-l/maude-hcs/use-cases/challenge-problem-3/cp3_scenarios/scenario2/pwnd_cp3_scenario_2-quatex.maude", "line": 114, "column": 1, "nsims": 250, "discarded": 0}, {"mean": 0.06146577950045321, "std": 0.0039143277605302035, "radius": 0.00048758607971058566, "file": "/home/dylan-l/maude-hcs/use-cases/challenge-problem-3/cp3_scenarios/scenario2/pwnd_cp3_scenario_2-quatex.maude", "line": 115, "column": 1, "nsims": 250, "discarded": 0}, {"mean": 0.06292820505229611, "std": 0.003999434008049362, "radius": 0.0004981872925178454, "file": "/home/dylan-l/maude-hcs/use-cases/challenge-problem-3/cp3_scenarios/scenario2/pwnd_cp3_scenario_2-quatex.maude", "line": 116, "column": 1, "nsims": 250, "discarded": 0}, {"mean": 0.06361216438469637, "std": 0.004050968599389121, "radius": 0.0005046066704795511, "file": "/home/dylan-l/maude-hcs/use-cases/challenge-problem-3/cp3_scenarios/scenario2/pwnd_cp3_scenario_2-quatex.maude", "line": 117, "column": 1, "nsims": 250, "discarded": 0}, {"mean": 11.156163250084733, "std": 31.80057861313268, "radius": 3.9612215448216332, "file": "/home/dylan-l/maude-hcs/use-cases/challenge-problem-3/cp3_scenarios/scenario2/pwnd_cp3_scenario_2-quatex.maude", "line": 118, "column": 1, "nsims": 250, "discarded": 0}, {"mean": 77.68227915344303, "std": 138.3701213200281, "radius": 17.235997885463746, "file": "/home/dylan-l/maude-hcs/use-cases/challenge-problem-3/cp3_scenarios/scenario2/pwnd_cp3_scenario_2-quatex.maude", "line": 119, "column": 1, "nsims": 250, "discarded": 0}, {"mean": 280.97891555555583, "std": 49.70544709825262, "radius": 6.191531617581285, "file": "/home/dylan-l/maude-hcs/use-cases/challenge-problem-3/cp3_scenarios/scenario2/pwnd_cp3_scenario_2-quatex.maude", "line": 120, "column": 1, "nsims": 250, "discarded": 0}, {"mean": 0.06098608767703551, "std": 0.003878318645869023, "radius": 0.00048310062419290166, "file": "/home/dylan-l/maude-hcs/use-cases/challenge-problem-3/cp3_scenarios/scenario2/pwnd_cp3_scenario_2-quatex.maude", "line": 121, "column": 1, "nsims": 250, "discarded": 0}, {"mean": 0.06298707729048084, "std": 0.003999941150153842, "radius": 0.0004982504643945271, "file": "/home/dylan-l/maude-hcs/use-cases/challenge-problem-3/cp3_scenarios/scenario2/pwnd_cp3_scenario_2-quatex.maude", "line": 122, "column": 1, "nsims": 250, "discarded": 0}, {"mean": 0.06369058611539728, "std": 0.0040452679465246754, "radius": 0.000503896571797986, "file": "/home/dylan-l/maude-hcs/use-cases/challenge-problem-3/cp3_scenarios/scenario2/pwnd_cp3_scenario_2-quatex.maude", "line": 123, "column": 1, "nsims": 250, "discarded": 0}, {"mean": 19.52556775540853, "std": 53.85279895807019, "radius": 6.708144215764669, "file": "/home/dylan-l/maude-hcs/use-cases/challenge-problem-3/cp3_scenarios/scenario2/pwnd_cp3_scenario_2-quatex.maude", "line": 124, "column": 1, "nsims": 250, "discarded": 0}, {"mean": 1404.110813966881, "std": 1287.594228525196, "radius": 160.38846528772484, "file": "/home/dylan-l/maude-hcs/use-cases/challenge-problem-3/cp3_scenarios/scenario2/pwnd_cp3_scenario_2-quatex.maude", "line": 125, "column": 1, "nsims": 250, "discarded": 0}, {"mean": 274.5882989898989, "std": 36.45494555170786, "radius": 4.540990196797531, "file": "/home/dylan-l/maude-hcs/use-cases/challenge-problem-3/cp3_scenarios/scenario2/pwnd_cp3_scenario_2-quatex.maude", "line": 126, "column": 1, "nsims": 250, "discarded": 0}, {"mean": 0.061455363698260046, "std": 0.0039121647910369955, "radius": 0.00048731665060800487, "file": "/home/dylan-l/maude-hcs/use-cases/challenge-problem-3/cp3_scenarios/scenario2/pwnd_cp3_scenario_2-quatex.maude", "line": 127, "column": 1, "nsims": 250, "discarded": 0}, {"mean": 0.0629280518401356, "std": 0.003999568409019965, "radius": 0.0004982040341006598, "file": "/home/dylan-l/maude-hcs/use-cases/challenge-problem-3/cp3_scenarios/scenario2/pwnd_cp3_scenario_2-quatex.maude", "line": 128, "column": 1, "nsims": 250, "discarded": 0}, {"mean": 0.15475370244003717, "std": 0.8537658325439128, "radius": 0.10634887029096006, "file": "/home/dylan-l/maude-hcs/use-cases/challenge-problem-3/cp3_scenarios/scenario2/pwnd_cp3_scenario_2-quatex.maude", "line": 129, "column": 1, "nsims": 250, "discarded": 0}, {"mean": 9.17265972776099, "std": 12.665290779885652, "radius": 1.5776449642332961, "file": "/home/dylan-l/maude-hcs/use-cases/challenge-problem-3/cp3_scenarios/scenario2/pwnd_cp3_scenario_2-quatex.maude", "line": 130, "column": 1, "nsims": 250, "discarded": 0}, {"mean": 62.650836349661304, "std": 111.20419901290836, "radius": 13.852089748538416, "file": "/home/dylan-l/maude-hcs/use-cases/challenge-problem-3/cp3_scenarios/scenario2/pwnd_cp3_scenario_2-quatex.maude", "line": 131, "column": 1, "nsims": 250, "discarded": 0}, {"mean": 279.67189333333323, "std": 48.95254796660231, "radius": 6.097747152284196, "file": "/home/dylan-l/maude-hcs/use-cases/challenge-problem-3/cp3_scenarios/scenario2/pwnd_cp3_scenario_2-quatex.maude", "line": 132, "column": 1, "nsims": 250, "discarded": 0}, {"mean": 0.06096912538407166, "std": 0.0038768805215841505, "radius": 0.000482921485034125, "file": "/home/dylan-l/maude-hcs/use-cases/challenge-problem-3/cp3_scenarios/scenario2/pwnd_cp3_scenario_2-quatex.maude", "line": 133, "column": 1, "nsims": 250, "discarded": 0}, {"mean": 0.06298634773377183, "std": 0.0039998755974608845, "radius": 0.0004982422988594648, "file": "/home/dylan-l/maude-hcs/use-cases/challenge-problem-3/cp3_scenarios/scenario2/pwnd_cp3_scenario_2-quatex.maude", "line": 134, "column": 1, "nsims": 250, "discarded": 0}, {"mean": 0.06368877053498412, "std": 0.004045160209341627, "radius": 0.00050388315157517, "file": "/home/dylan-l/maude-hcs/use-cases/challenge-problem-3/cp3_scenarios/scenario2/pwnd_cp3_scenario_2-quatex.maude", "line": 135, "column": 1, "nsims": 250, "discarded": 0}, {"mean": 20.02052426319235, "std": 56.95074919312846, "radius": 7.094038679044348, "file": "/home/dylan-l/maude-hcs/use-cases/challenge-problem-3/cp3_scenarios/scenario2/pwnd_cp3_scenario_2-quatex.maude", "line": 136, "column": 1, "nsims": 250, "discarded": 0}, {"mean": 1502.0297303870254, "std": 1363.5437599917227, "radius": 169.8490768075439, "file": "/home/dylan-l/maude-hcs/use-cases/challenge-problem-3/cp3_scenarios/scenario2/pwnd_cp3_scenario_2-quatex.maude", "line": 137, "column": 1, "nsims": 250, "discarded": 0}, {"mean": 275.25150222222237, "std": 36.0175676797171, "radius": 4.486508463278301, "file": "/home/dylan-l/maude-hcs/use-cases/challenge-problem-3/cp3_scenarios/scenario2/pwnd_cp3_scenario_2-quatex.maude", "line": 138, "column": 1, "nsims": 250, "discarded": 0}, {"mean": 0.06145725372734887, "std": 0.0039126510526827805, "radius": 0.0004873772215218595, "file": "/home/dylan-l/maude-hcs/use-cases/challenge-problem-3/cp3_scenarios/scenario2/pwnd_cp3_scenario_2-quatex.maude", "line": 139, "column": 1, "nsims": 250, "discarded": 0}, {"mean": 0.06292300811328459, "std": 0.0039988928758742754, "radius": 0.0004981198866867558, "file": "/home/dylan-l/maude-hcs/use-cases/challenge-problem-3/cp3_scenarios/scenario2/pwnd_cp3_scenario_2-quatex.maude", "line": 140, "column": 1, "nsims": 250, "discarded": 0}, {"mean": 0.16801066203598747, "std": 0.967602295296071, "radius": 0.12052884652113825, "file": "/home/dylan-l/maude-hcs/use-cases/challenge-problem-3/cp3_scenarios/scenario2/pwnd_cp3_scenario_2-quatex.maude", "line": 141, "column": 1, "nsims": 250, "discarded": 0}, {"mean": 9.14599917547244, "std": 13.2722213679756, "radius": 1.653246938367198, "file": "/home/dylan-l/maude-hcs/use-cases/challenge-problem-3/cp3_scenarios/scenario2/pwnd_cp3_scenario_2-quatex.maude", "line": 142, "column": 1, "nsims": 250, "discarded": 0}, {"mean": 67.56036899994334, "std": 123.60770275708387, "radius": 15.397125354979028, "file": "/home/dylan-l/maude-hcs/use-cases/challenge-problem-3/cp3_scenarios/scenario2/pwnd_cp3_scenario_2-quatex.maude", "line": 143, "column": 1, "nsims": 250, "discarded": 0}, {"mean": 282.54673777777793, "std": 50.795442585831466, "radius": 6.327306304629672, "file": "/home/dylan-l/maude-hcs/use-cases/challenge-problem-3/cp3_scenarios/scenario2/pwnd_cp3_scenario_2-quatex.maude", "line": 144, "column": 1, "nsims": 250, "discarded": 0}, {"mean": 0.5196080101352615, "std": 0.11961635675316033, "radius": 0.014899945540236591, "file": "/home/dylan-l/maude-hcs/use-cases/challenge-problem-3/cp3_scenarios/scenario2/pwnd_cp3_scenario_2-quatex.maude", "line": 145, "column": 1, "nsims": 250, "discarded": 0}, {"mean": 0.5196080101352615, "std": 0.11961635675316033, "radius": 0.014899945540236591, "file": "/home/dylan-l/maude-hcs/use-cases/challenge-problem-3/cp3_scenarios/scenario2/pwnd_cp3_scenario_2-quatex.maude", "line": 146, "column": 1, "nsims": 250, "discarded": 0}, {"mean": 0.47745518603578957, "std": 0.11332935205429039, "radius": 0.014116808265643927, "file": "/home/dylan-l/maude-hcs/use-cases/challenge-problem-3/cp3_scenarios/scenario2/pwnd_cp3_scenario_2-quatex.maude", "line": 147, "column": 1, "nsims": 250, "discarded": 0}, {"mean": 0.4089970474575475, "std": 0.12267362770844525, "radius": 0.015280772811455824, "file": "/home/dylan-l/maude-hcs/use-cases/challenge-problem-3/cp3_scenarios/scenario2/pwnd_cp3_scenario_2-quatex.maude", "line": 148, "column": 1, "nsims": 250, "discarded": 0}, {"mean": 0.45383111983936497, "std": 0.10925794310483257, "radius": 0.013609655454225846, "file": "/home/dylan-l/maude-hcs/use-cases/challenge-problem-3/cp3_scenarios/scenario2/pwnd_cp3_scenario_2-quatex.maude", "line": 149, "column": 1, "nsims": 250, "discarded": 0}, {"mean": 0.4072174601854117, "std": 0.11835346517661419, "radius": 0.014742634147175257, "file": "/home/dylan-l/maude-hcs/use-cases/challenge-problem-3/cp3_scenarios/scenario2/pwnd_cp3_scenario_2-quatex.maude", "line": 150, "column": 1, "nsims": 250, "discarded": 0}, {"mean": 0.4387145842274359, "std": 0.1087084883094134, "radius": 0.013541212920522351, "file": "/home/dylan-l/maude-hcs/use-cases/challenge-problem-3/cp3_scenarios/scenario2/pwnd_cp3_scenario_2-quatex.maude", "line": 151, "column": 1, "nsims": 250, "discarded": 0}, {"mean": 0.40503707497032876, "std": 0.10401316104438957, "radius": 0.012956342068061826, "file": "/home/dylan-l/maude-hcs/use-cases/challenge-problem-3/cp3_scenarios/scenario2/pwnd_cp3_scenario_2-quatex.maude", "line": 152, "column": 1, "nsims": 250, "discarded": 0}, {"mean": 0.4256521919400644, "std": 0.10598892134566176, "radius": 0.013202451560848559, "file": "/home/dylan-l/maude-hcs/use-cases/challenge-problem-3/cp3_scenarios/scenario2/pwnd_cp3_scenario_2-quatex.maude", "line": 153, "column": 1, "nsims": 250, "discarded": 0}, {"mean": 0.40298987524559404, "std": 0.11466803293758034, "radius": 0.014283560311920818, "file": "/home/dylan-l/maude-hcs/use-cases/challenge-problem-3/cp3_scenarios/scenario2/pwnd_cp3_scenario_2-quatex.maude", "line": 154, "column": 1, "nsims": 250, "discarded": 0}, {"mean": 0.41388648589942156, "std": 0.10097658639847401, "radius": 0.012578092821210312, "file": "/home/dylan-l/maude-hcs/use-cases/challenge-problem-3/cp3_scenarios/scenario2/pwnd_cp3_scenario_2-quatex.maude", "line": 155, "column": 1, "nsims": 250, "discarded": 0}, {"mean": 0.4022010098547679, "std": 0.11892391175116075, "radius": 0.014813691510274002, "file": "/home/dylan-l/maude-hcs/use-cases/challenge-problem-3/cp3_scenarios/scenario2/pwnd_cp3_scenario_2-quatex.maude", "line": 156, "column": 1, "nsims": 250, "discarded": 0}, {"mean": 0.40383778135846693, "std": 0.09648373130319665, "radius": 0.012018442802961127, "file": "/home/dylan-l/maude-hcs/use-cases/challenge-problem-3/cp3_scenarios/scenario2/pwnd_cp3_scenario_2-quatex.maude", "line": 157, "column": 1, "nsims": 250, "discarded": 0}, {"mean": 0.3852127286647491, "std": 0.11591622340585728, "radius": 0.01443904046953461, "file": "/home/dylan-l/maude-hcs/use-cases/challenge-problem-3/cp3_scenarios/scenario2/pwnd_cp3_scenario_2-quatex.maude", "line": 158, "column": 1, "nsims": 250, "discarded": 0}, {"mean": 0.3919529138182522, "std": 0.09497003417244979, "radius": 0.01182988995429777, "file": "/home/dylan-l/maude-hcs/use-cases/challenge-problem-3/cp3_scenarios/scenario2/pwnd_cp3_scenario_2-quatex.maude", "line": 159, "column": 1, "nsims": 250, "discarded": 0}, {"mean": 0.39006485180570744, "std": 0.1200575927661902, "radius": 0.01495490786096755, "file": "/home/dylan-l/maude-hcs/use-cases/challenge-problem-3/cp3_scenarios/scenario2/pwnd_cp3_scenario_2-quatex.maude", "line": 160, "column": 1, "nsims": 250, "discarded": 0}, {"mean": 0.38332264611601863, "std": 0.09333517856926954, "radius": 0.011626245067304565, "file": "/home/dylan-l/maude-hcs/use-cases/challenge-problem-3/cp3_scenarios/scenario2/pwnd_cp3_scenario_2-quatex.maude", "line": 161, "column": 1, "nsims": 250, "discarded": 0}, {"mean": 0.37894837087861755, "std": 0.1137948571090248, "radius": 0.014174793646176463, "file": "/home/dylan-l/maude-hcs/use-cases/challenge-problem-3/cp3_scenarios/scenario2/pwnd_cp3_scenario_2-quatex.maude", "line": 162, "column": 1, "nsims": 250, "discarded": 0}, {"mean": 0.37470590372418894, "std": 0.09223053809566133, "radius": 0.011488646135644504, "file": "/home/dylan-l/maude-hcs/use-cases/challenge-problem-3/cp3_scenarios/scenario2/pwnd_cp3_scenario_2-quatex.maude", "line": 163, "column": 1, "nsims": 250, "discarded": 0}, {"mean": 0.38322060441515826, "std": 0.11923542739399906, "radius": 0.014852495284600626, "file": "/home/dylan-l/maude-hcs/use-cases/challenge-problem-3/cp3_scenarios/scenario2/pwnd_cp3_scenario_2-quatex.maude", "line": 164, "column": 1, "nsims": 250, "discarded": 0}, {"mean": 0.36730756009498594, "std": 0.09178419831332733, "radius": 0.011433048066703639, "file": "/home/dylan-l/maude-hcs/use-cases/challenge-problem-3/cp3_scenarios/scenario2/pwnd_cp3_scenario_2-quatex.maude", "line": 165, "column": 1, "nsims": 250, "discarded": 0}, {"mean": 0.38231453126963105, "std": 0.11699755903025107, "radius": 0.014573736445499112, "file": "/home/dylan-l/maude-hcs/use-cases/challenge-problem-3/cp3_scenarios/scenario2/pwnd_cp3_scenario_2-quatex.maude", "line": 166, "column": 1, "nsims": 250, "discarded": 0}, {"mean": 0.3604507713897034, "std": 0.08920439818103186, "radius": 0.011111696685343479, "file": "/home/dylan-l/maude-hcs/use-cases/challenge-problem-3/cp3_scenarios/scenario2/pwnd_cp3_scenario_2-quatex.maude", "line": 167, "column": 1, "nsims": 250, "discarded": 0}, {"mean": 0.3788599058724163, "std": 0.11476346437445334, "radius": 0.014295447676248161, "file": "/home/dylan-l/maude-hcs/use-cases/challenge-problem-3/cp3_scenarios/scenario2/pwnd_cp3_scenario_2-quatex.maude", "line": 168, "column": 1, "nsims": 250, "discarded": 0}, {"mean": 0.5799390686257612, "std": 0.1865851598691892, "radius": 0.023241877583717704, "file": "/home/dylan-l/maude-hcs/use-cases/challenge-problem-3/cp3_scenarios/scenario2/pwnd_cp3_scenario_2-quatex.maude", "line": 169, "column": 1, "nsims": 250, "discarded": 0}, {"mean": 0.600893181346377, "std": 0.20341578784757428, "radius": 0.02533837547993284, "file": "/home/dylan-l/maude-hcs/use-cases/challenge-problem-3/cp3_scenarios/scenario2/pwnd_cp3_scenario_2-quatex.maude", "line": 170, "column": 1, "nsims": 250, "discarded": 0}, {"mean": 0.5822771290778677, "std": 0.18623166360832982, "radius": 0.023197844516849173, "file": "/home/dylan-l/maude-hcs/use-cases/challenge-problem-3/cp3_scenarios/scenario2/pwnd_cp3_scenario_2-quatex.maude", "line": 171, "column": 1, "nsims": 250, "discarded": 0}, {"mean": 0.31532266149103966, "std": 0.1493429301306481, "radius": 0.01860281976617904, "file": "/home/dylan-l/maude-hcs/use-cases/challenge-problem-3/cp3_scenarios/scenario2/pwnd_cp3_scenario_2-quatex.maude", "line": 172, "column": 1, "nsims": 250, "discarded": 0}, {"mean": 0.5799390686257612, "std": 0.1865851598691892, "radius": 0.023241877583717704, "file": "/home/dylan-l/maude-hcs/use-cases/challenge-problem-3/cp3_scenarios/scenario2/pwnd_cp3_scenario_2-quatex.maude", "line": 173, "column": 1, "nsims": 250, "discarded": 0}, {"mean": 0.600893181346377, "std": 0.20341578784757428, "radius": 0.02533837547993284, "file": "/home/dylan-l/maude-hcs/use-cases/challenge-problem-3/cp3_scenarios/scenario2/pwnd_cp3_scenario_2-quatex.maude", "line": 174, "column": 1, "nsims": 250, "discarded": 0}, {"mean": 0.5822771290778677, "std": 0.18623166360832982, "radius": 0.023197844516849173, "file": "/home/dylan-l/maude-hcs/use-cases/challenge-problem-3/cp3_scenarios/scenario2/pwnd_cp3_scenario_2-quatex.maude", "line": 175, "column": 1, "nsims": 250, "discarded": 0}, {"mean": 0.31532266149103966, "std": 0.1493429301306481, "radius": 0.01860281976617904, "file": "/home/dylan-l/maude-hcs/use-cases/challenge-problem-3/cp3_scenarios/scenario2/pwnd_cp3_scenario_2-quatex.maude", "line": 176, "column": 1, "nsims": 250, "discarded": 0}, {"mean": 0.5366595761324077, "std": 0.18722666546836025, "radius": 0.02332178637504739, "file": "/home/dylan-l/maude-hcs/use-cases/challenge-problem-3/cp3_scenarios/scenario2/pwnd_cp3_scenario_2-quatex.maude", "line": 177, "column": 1, "nsims": 250, "discarded": 0}, {"mean": 0.5678493148200457, "std": 0.19858066153077245, "radius": 0.024736090635652054, "file": "/home/dylan-l/maude-hcs/use-cases/challenge-problem-3/cp3_scenarios/scenario2/pwnd_cp3_scenario_2-quatex.maude", "line": 178, "column": 1, "nsims": 250, "discarded": 0}, {"mean": 0.5379059133628271, "std": 0.187154919057395, "radius": 0.023312849322915837, "file": "/home/dylan-l/maude-hcs/use-cases/challenge-problem-3/cp3_scenarios/scenario2/pwnd_cp3_scenario_2-quatex.maude", "line": 179, "column": 1, "nsims": 250, "discarded": 0}, {"mean": 0.2674059398278778, "std": 0.13959630415697816, "radius": 0.017388736674613048, "file": "/home/dylan-l/maude-hcs/use-cases/challenge-problem-3/cp3_scenarios/scenario2/pwnd_cp3_scenario_2-quatex.maude", "line": 180, "column": 1, "nsims": 250, "discarded": 0}, {"mean": 0.5425120715073819, "std": 0.2567649325787772, "radius": 0.03198378228456804, "file": "/home/dylan-l/maude-hcs/use-cases/challenge-problem-3/cp3_scenarios/scenario2/pwnd_cp3_scenario_2-quatex.maude", "line": 181, "column": 1, "nsims": 250, "discarded": 0}, {"mean": 0.4134966329809564, "std": 0.2651495280651246, "radius": 0.03302820479930233, "file": "/home/dylan-l/maude-hcs/use-cases/challenge-problem-3/cp3_scenarios/scenario2/pwnd_cp3_scenario_2-quatex.maude", "line": 182, "column": 1, "nsims": 250, "discarded": 0}, {"mean": 0.5425185740002318, "std": 0.25676314607355033, "radius": 0.03198355974952927, "file": "/home/dylan-l/maude-hcs/use-cases/challenge-problem-3/cp3_scenarios/scenario2/pwnd_cp3_scenario_2-quatex.maude", "line": 183, "column": 1, "nsims": 250, "discarded": 0}, {"mean": 0.137460911341619, "std": 0.17739970596524587, "radius": 0.022097696581670146, "file": "/home/dylan-l/maude-hcs/use-cases/challenge-problem-3/cp3_scenarios/scenario2/pwnd_cp3_scenario_2-quatex.maude", "line": 184, "column": 1, "nsims": 250, "discarded": 0}, {"mean": 0.5097648004532039, "std": 0.1873321987150854, "radius": 0.023334932065750328, "file": "/home/dylan-l/maude-hcs/use-cases/challenge-problem-3/cp3_scenarios/scenario2/pwnd_cp3_scenario_2-quatex.maude", "line": 185, "column": 1, "nsims": 250, "discarded": 0}, {"mean": 0.5507696596430018, "std": 0.2012517040798452, "radius": 0.02506880757836054, "file": "/home/dylan-l/maude-hcs/use-cases/challenge-problem-3/cp3_scenarios/scenario2/pwnd_cp3_scenario_2-quatex.maude", "line": 186, "column": 1, "nsims": 250, "discarded": 0}, {"mean": 0.5105730419753859, "std": 0.18714281318701556, "radius": 0.0233113413618454, "file": "/home/dylan-l/maude-hcs/use-cases/challenge-problem-3/cp3_scenarios/scenario2/pwnd_cp3_scenario_2-quatex.maude", "line": 187, "column": 1, "nsims": 250, "discarded": 0}, {"mean": 0.24421697728586764, "std": 0.1323204587376693, "radius": 0.016482425000779045, "file": "/home/dylan-l/maude-hcs/use-cases/challenge-problem-3/cp3_scenarios/scenario2/pwnd_cp3_scenario_2-quatex.maude", "line": 188, "column": 1, "nsims": 250, "discarded": 0}, {"mean": 0.532168077942093, "std": 0.25874143743235833, "radius": 0.0322299845221027, "file": "/home/dylan-l/maude-hcs/use-cases/challenge-problem-3/cp3_scenarios/scenario2/pwnd_cp3_scenario_2-quatex.maude", "line": 189, "column": 1, "nsims": 250, "discarded": 0}, {"mean": 0.41436574501144846, "std": 0.27431450071404834, "radius": 0.0341698345651087, "file": "/home/dylan-l/maude-hcs/use-cases/challenge-problem-3/cp3_scenarios/scenario2/pwnd_cp3_scenario_2-quatex.maude", "line": 190, "column": 1, "nsims": 250, "discarded": 0}, {"mean": 0.5306828855544101, "std": 0.2611456254119461, "radius": 0.032529460872467324, "file": "/home/dylan-l/maude-hcs/use-cases/challenge-problem-3/cp3_scenarios/scenario2/pwnd_cp3_scenario_2-quatex.maude", "line": 191, "column": 1, "nsims": 250, "discarded": 0}, {"mean": 0.15165313223369595, "std": 0.17218503865070595, "radius": 0.02144813442222874, "file": "/home/dylan-l/maude-hcs/use-cases/challenge-problem-3/cp3_scenarios/scenario2/pwnd_cp3_scenario_2-quatex.maude", "line": 192, "column": 1, "nsims": 250, "discarded": 0}, {"mean": 0.49361921426640787, "std": 0.18662247278561897, "radius": 0.023246525446583968, "file": "/home/dylan-l/maude-hcs/use-cases/challenge-problem-3/cp3_scenarios/scenario2/pwnd_cp3_scenario_2-quatex.maude", "line": 193, "column": 1, "nsims": 250, "discarded": 0}, {"mean": 0.5416570346905376, "std": 0.19813605215376975, "radius": 0.024680708113697394, "file": "/home/dylan-l/maude-hcs/use-cases/challenge-problem-3/cp3_scenarios/scenario2/pwnd_cp3_scenario_2-quatex.maude", "line": 194, "column": 1, "nsims": 250, "discarded": 0}, {"mean": 0.4944095755194313, "std": 0.18647672903234142, "radius": 0.02322837095629844, "file": "/home/dylan-l/maude-hcs/use-cases/challenge-problem-3/cp3_scenarios/scenario2/pwnd_cp3_scenario_2-quatex.maude", "line": 195, "column": 1, "nsims": 250, "discarded": 0}, {"mean": 0.22517251243336708, "std": 0.13010071122055433, "radius": 0.01620592337494923, "file": "/home/dylan-l/maude-hcs/use-cases/challenge-problem-3/cp3_scenarios/scenario2/pwnd_cp3_scenario_2-quatex.maude", "line": 196, "column": 1, "nsims": 250, "discarded": 0}, {"mean": 0.5402120164375259, "std": 0.260361833114596, "radius": 0.03243182821701475, "file": "/home/dylan-l/maude-hcs/use-cases/challenge-problem-3/cp3_scenarios/scenario2/pwnd_cp3_scenario_2-quatex.maude", "line": 197, "column": 1, "nsims": 250, "discarded": 0}, {"mean": 0.39064619480015894, "std": 0.2795820814764474, "radius": 0.03482598785901406, "file": "/home/dylan-l/maude-hcs/use-cases/challenge-problem-3/cp3_scenarios/scenario2/pwnd_cp3_scenario_2-quatex.maude", "line": 198, "column": 1, "nsims": 250, "discarded": 0}, {"mean": 0.5407882368528886, "std": 0.2605852568203668, "radius": 0.03245965886776139, "file": "/home/dylan-l/maude-hcs/use-cases/challenge-problem-3/cp3_scenarios/scenario2/pwnd_cp3_scenario_2-quatex.maude", "line": 199, "column": 1, "nsims": 250, "discarded": 0}, {"mean": 0.14850185179074324, "std": 0.17584294152705532, "radius": 0.021903779077595994, "file": "/home/dylan-l/maude-hcs/use-cases/challenge-problem-3/cp3_scenarios/scenario2/pwnd_cp3_scenario_2-quatex.maude", "line": 200, "column": 1, "nsims": 250, "discarded": 0}, {"mean": 0.4823791296391674, "std": 0.18288426103465366, "radius": 0.022780877160520584, "file": "/home/dylan-l/maude-hcs/use-cases/challenge-problem-3/cp3_scenarios/scenario2/pwnd_cp3_scenario_2-quatex.maude", "line": 201, "column": 1, "nsims": 250, "discarded": 0}, {"mean": 0.5262135047246169, "std": 0.2002835597405158, "radius": 0.024948211212423188, "file": "/home/dylan-l/maude-hcs/use-cases/challenge-problem-3/cp3_scenarios/scenario2/pwnd_cp3_scenario_2-quatex.maude", "line": 202, "column": 1, "nsims": 250, "discarded": 0}, {"mean": 0.4828900832909079, "std": 0.18275470231360247, "radius": 0.02276473874985231, "file": "/home/dylan-l/maude-hcs/use-cases/challenge-problem-3/cp3_scenarios/scenario2/pwnd_cp3_scenario_2-quatex.maude", "line": 203, "column": 1, "nsims": 250, "discarded": 0}, {"mean": 0.21112605010556512, "std": 0.12831084822077884, "radius": 0.01598297007704723, "file": "/home/dylan-l/maude-hcs/use-cases/challenge-problem-3/cp3_scenarios/scenario2/pwnd_cp3_scenario_2-quatex.maude", "line": 204, "column": 1, "nsims": 250, "discarded": 0}, {"mean": 0.5391710439123103, "std": 0.2425219517557527, "radius": 0.030209613229815482, "file": "/home/dylan-l/maude-hcs/use-cases/challenge-problem-3/cp3_scenarios/scenario2/pwnd_cp3_scenario_2-quatex.maude", "line": 205, "column": 1, "nsims": 250, "discarded": 0}, {"mean": 0.3771736315800296, "std": 0.28268743879561137, "radius": 0.03521280498164219, "file": "/home/dylan-l/maude-hcs/use-cases/challenge-problem-3/cp3_scenarios/scenario2/pwnd_cp3_scenario_2-quatex.maude", "line": 206, "column": 1, "nsims": 250, "discarded": 0}, {"mean": 0.5390568048272648, "std": 0.24263455714556256, "radius": 0.030223639858123236, "file": "/home/dylan-l/maude-hcs/use-cases/challenge-problem-3/cp3_scenarios/scenario2/pwnd_cp3_scenario_2-quatex.maude", "line": 207, "column": 1, "nsims": 250, "discarded": 0}, {"mean": 0.15655802066277133, "std": 0.1722086635072337, "radius": 0.021451077239458875, "file": "/home/dylan-l/maude-hcs/use-cases/challenge-problem-3/cp3_scenarios/scenario2/pwnd_cp3_scenario_2-quatex.maude", "line": 208, "column": 1, "nsims": 250, "discarded": 0}, {"mean": 0.47150519394289003, "std": 0.17505971498257164, "radius": 0.021806216894837353, "file": "/home/dylan-l/maude-hcs/use-cases/challenge-problem-3/cp3_scenarios/scenario2/pwnd_cp3_scenario_2-quatex.maude", "line": 209, "column": 1, "nsims": 250, "discarded": 0}, {"mean": 0.511044704097207, "std": 0.2041047325663294, "radius": 0.02542419349904262, "file": "/home/dylan-l/maude-hcs/use-cases/challenge-problem-3/cp3_scenarios/scenario2/pwnd_cp3_scenario_2-quatex.maude", "line": 210, "column": 1, "nsims": 250, "discarded": 0}, {"mean": 0.47191222065665217, "std": 0.17500064797680098, "radius": 0.02179885924582432, "file": "/home/dylan-l/maude-hcs/use-cases/challenge-problem-3/cp3_scenarios/scenario2/pwnd_cp3_scenario_2-quatex.maude", "line": 211, "column": 1, "nsims": 250, "discarded": 0}, {"mean": 0.2010838249009369, "std": 0.1264266404634744, "radius": 0.015748264776431344, "file": "/home/dylan-l/maude-hcs/use-cases/challenge-problem-3/cp3_scenarios/scenario2/pwnd_cp3_scenario_2-quatex.maude", "line": 212, "column": 1, "nsims": 250, "discarded": 0}, {"mean": 0.5423946335180435, "std": 0.2549235759066098, "radius": 0.031754414705750515, "file": "/home/dylan-l/maude-hcs/use-cases/challenge-problem-3/cp3_scenarios/scenario2/pwnd_cp3_scenario_2-quatex.maude", "line": 213, "column": 1, "nsims": 250, "discarded": 0}, {"mean": 0.35092034614678025, "std": 0.2911592819747604, "radius": 0.03626809545713487, "file": "/home/dylan-l/maude-hcs/use-cases/challenge-problem-3/cp3_scenarios/scenario2/pwnd_cp3_scenario_2-quatex.maude", "line": 214, "column": 1, "nsims": 250, "discarded": 0}, {"mean": 0.5423019970588434, "std": 0.255089893887885, "radius": 0.03177513201340499, "file": "/home/dylan-l/maude-hcs/use-cases/challenge-problem-3/cp3_scenarios/scenario2/pwnd_cp3_scenario_2-quatex.maude", "line": 215, "column": 1, "nsims": 250, "discarded": 0}, {"mean": 0.17318706269540465, "std": 0.18471610731009536, "radius": 0.023009060082012592, "file": "/home/dylan-l/maude-hcs/use-cases/challenge-problem-3/cp3_scenarios/scenario2/pwnd_cp3_scenario_2-quatex.maude", "line": 216, "column": 1, "nsims": 250, "discarded": 0}, {"mean": 0.4589843321629285, "std": 0.1683396695609741, "radius": 0.020969138141332565, "file": "/home/dylan-l/maude-hcs/use-cases/challenge-problem-3/cp3_scenarios/scenario2/pwnd_cp3_scenario_2-quatex.maude", "line": 217, "column": 1, "nsims": 250, "discarded": 0}, {"mean": 0.508052921184628, "std": 0.20289176426926162, "radius": 0.025273100771769214, "file": "/home/dylan-l/maude-hcs/use-cases/challenge-problem-3/cp3_scenarios/scenario2/pwnd_cp3_scenario_2-quatex.maude", "line": 218, "column": 1, "nsims": 250, "discarded": 0}, {"mean": 0.45935968474070876, "std": 0.1682855404032694, "radius": 0.02096239557264187, "file": "/home/dylan-l/maude-hcs/use-cases/challenge-problem-3/cp3_scenarios/scenario2/pwnd_cp3_scenario_2-quatex.maude", "line": 219, "column": 1, "nsims": 250, "discarded": 0}, {"mean": 0.18895418734560215, "std": 0.12424050617301952, "radius": 0.01547595016365109, "file": "/home/dylan-l/maude-hcs/use-cases/challenge-problem-3/cp3_scenarios/scenario2/pwnd_cp3_scenario_2-quatex.maude", "line": 220, "column": 1, "nsims": 250, "discarded": 0}, {"mean": 0.5089080951121575, "std": 0.26563177475733424, "radius": 0.033088275592678115, "file": "/home/dylan-l/maude-hcs/use-cases/challenge-problem-3/cp3_scenarios/scenario2/pwnd_cp3_scenario_2-quatex.maude", "line": 221, "column": 1, "nsims": 250, "discarded": 0}, {"mean": 0.35002089571836725, "std": 0.2975159732600666, "radius": 0.03705991320295213, "file": "/home/dylan-l/maude-hcs/use-cases/challenge-problem-3/cp3_scenarios/scenario2/pwnd_cp3_scenario_2-quatex.maude", "line": 222, "column": 1, "nsims": 250, "discarded": 0}, {"mean": 0.508656796959574, "std": 0.26555021728832134, "radius": 0.033078116431509215, "file": "/home/dylan-l/maude-hcs/use-cases/challenge-problem-3/cp3_scenarios/scenario2/pwnd_cp3_scenario_2-quatex.maude", "line": 223, "column": 1, "nsims": 250, "discarded": 0}, {"mean": 0.17326512686889867, "std": 0.18654820429968208, "radius": 0.02323727423357387, "file": "/home/dylan-l/maude-hcs/use-cases/challenge-problem-3/cp3_scenarios/scenario2/pwnd_cp3_scenario_2-quatex.maude", "line": 224, "column": 1, "nsims": 250, "discarded": 0}, {"mean": 0.44950411264726675, "std": 0.1616225865988094, "radius": 0.020132428404953967, "file": "/home/dylan-l/maude-hcs/use-cases/challenge-problem-3/cp3_scenarios/scenario2/pwnd_cp3_scenario_2-quatex.maude", "line": 225, "column": 1, "nsims": 250, "discarded": 0}, {"mean": 0.49342272935497267, "std": 0.19774630354635783, "radius": 0.024632159293264712, "file": "/home/dylan-l/maude-hcs/use-cases/challenge-problem-3/cp3_scenarios/scenario2/pwnd_cp3_scenario_2-quatex.maude", "line": 226, "column": 1, "nsims": 250, "discarded": 0}, {"mean": 0.4498409350084333, "std": 0.16161243566549163, "radius": 0.020131163959540958, "file": "/home/dylan-l/maude-hcs/use-cases/challenge-problem-3/cp3_scenarios/scenario2/pwnd_cp3_scenario_2-quatex.maude", "line": 227, "column": 1, "nsims": 250, "discarded": 0}, {"mean": 0.17504387826233625, "std": 0.11879402439527488, "radius": 0.014797512163388704, "file": "/home/dylan-l/maude-hcs/use-cases/challenge-problem-3/cp3_scenarios/scenario2/pwnd_cp3_scenario_2-quatex.maude", "line": 228, "column": 1, "nsims": 250, "discarded": 0}, {"mean": 0.5204297332941777, "std": 0.27083334086694, "radius": 0.033736205807748956, "file": "/home/dylan-l/maude-hcs/use-cases/challenge-problem-3/cp3_scenarios/scenario2/pwnd_cp3_scenario_2-quatex.maude", "line": 229, "column": 1, "nsims": 250, "discarded": 0}, {"mean": 0.35108209474524565, "std": 0.28345062712632235, "radius": 0.03530787111534833, "file": "/home/dylan-l/maude-hcs/use-cases/challenge-problem-3/cp3_scenarios/scenario2/pwnd_cp3_scenario_2-quatex.maude", "line": 230, "column": 1, "nsims": 250, "discarded": 0}, {"mean": 0.5184905283241215, "std": 0.27261735975199636, "radius": 0.03395843113672255, "file": "/home/dylan-l/maude-hcs/use-cases/challenge-problem-3/cp3_scenarios/scenario2/pwnd_cp3_scenario_2-quatex.maude", "line": 231, "column": 1, "nsims": 250, "discarded": 0}, {"mean": 0.1702570508592842, "std": 0.17764889661918146, "radius": 0.022128736878110858, "file": "/home/dylan-l/maude-hcs/use-cases/challenge-problem-3/cp3_scenarios/scenario2/pwnd_cp3_scenario_2-quatex.maude", "line": 232, "column": 1, "nsims": 250, "discarded": 0}, {"mean": 0.44480893351364, "std": 0.1563448176565916, "radius": 0.019475006026045745, "file": "/home/dylan-l/maude-hcs/use-cases/challenge-problem-3/cp3_scenarios/scenario2/pwnd_cp3_scenario_2-quatex.maude", "line": 233, "column": 1, "nsims": 250, "discarded": 0}, {"mean": 0.48038372225844866, "std": 0.1998770036807415, "radius": 0.024897568780952124, "file": "/home/dylan-l/maude-hcs/use-cases/challenge-problem-3/cp3_scenarios/scenario2/pwnd_cp3_scenario_2-quatex.maude", "line": 234, "column": 1, "nsims": 250, "discarded": 0}, {"mean": 0.44505646736221044, "std": 0.15628737436198645, "radius": 0.019467850633718968, "file": "/home/dylan-l/maude-hcs/use-cases/challenge-problem-3/cp3_scenarios/scenario2/pwnd_cp3_scenario_2-quatex.maude", "line": 235, "column": 1, "nsims": 250, "discarded": 0}, {"mean": 0.16304146132977637, "std": 0.11373725628816649, "radius": 0.014167618631678798, "file": "/home/dylan-l/maude-hcs/use-cases/challenge-problem-3/cp3_scenarios/scenario2/pwnd_cp3_scenario_2-quatex.maude", "line": 236, "column": 1, "nsims": 250, "discarded": 0}, {"mean": 0.5223263295016423, "std": 0.2766182881263455, "radius": 0.03445680457415475, "file": "/home/dylan-l/maude-hcs/use-cases/challenge-problem-3/cp3_scenarios/scenario2/pwnd_cp3_scenario_2-quatex.maude", "line": 237, "column": 1, "nsims": 250, "discarded": 0}, {"mean": 0.3085771000195753, "std": 0.27520254988144777, "radius": 0.034280453920107194, "file": "/home/dylan-l/maude-hcs/use-cases/challenge-problem-3/cp3_scenarios/scenario2/pwnd_cp3_scenario_2-quatex.maude", "line": 238, "column": 1, "nsims": 250, "discarded": 0}, {"mean": 0.5240101336385643, "std": 0.2745700595973092, "radius": 0.034201668116524815, "file": "/home/dylan-l/maude-hcs/use-cases/challenge-problem-3/cp3_scenarios/scenario2/pwnd_cp3_scenario_2-quatex.maude", "line": 239, "column": 1, "nsims": 250, "discarded": 0}, {"mean": 0.16087992035468726, "std": 0.17852524732138209, "radius": 0.02223789902024066, "file": "/home/dylan-l/maude-hcs/use-cases/challenge-problem-3/cp3_scenarios/scenario2/pwnd_cp3_scenario_2-quatex.maude", "line": 240, "column": 1, "nsims": 250, "discarded": 0}, {"mean": 0.43766969451207244, "std": 0.15253423356828155, "radius": 0.019000342719676384, "file": "/home/dylan-l/maude-hcs/use-cases/challenge-problem-3/cp3_scenarios/scenario2/pwnd_cp3_scenario_2-quatex.maude", "line": 241, "column": 1, "nsims": 250, "discarded": 0}, {"mean": 0.4699320026760524, "std": 0.2015481586675283, "radius": 0.025105735280654184, "file": "/home/dylan-l/maude-hcs/use-cases/challenge-problem-3/cp3_scenarios/scenario2/pwnd_cp3_scenario_2-quatex.maude", "line": 242, "column": 1, "nsims": 250, "discarded": 0}, {"mean": 0.43788949416620787, "std": 0.15255444916194938, "radius": 0.01900286086395774, "file": "/home/dylan-l/maude-hcs/use-cases/challenge-problem-3/cp3_scenarios/scenario2/pwnd_cp3_scenario_2-quatex.maude", "line": 243, "column": 1, "nsims": 250, "discarded": 0}, {"mean": 0.15333242354242294, "std": 0.10887722551391527, "radius": 0.013562231577384454, "file": "/home/dylan-l/maude-hcs/use-cases/challenge-problem-3/cp3_scenarios/scenario2/pwnd_cp3_scenario_2-quatex.maude", "line": 244, "column": 1, "nsims": 250, "discarded": 0}, {"mean": 0.5271719402073457, "std": 0.27085366362919633, "radius": 0.03373873730142646, "file": "/home/dylan-l/maude-hcs/use-cases/challenge-problem-3/cp3_scenarios/scenario2/pwnd_cp3_scenario_2-quatex.maude", "line": 245, "column": 1, "nsims": 250, "discarded": 0}, {"mean": 0.3218984430265516, "std": 0.28667316532361353, "radius": 0.03570928480946423, "file": "/home/dylan-l/maude-hcs/use-cases/challenge-problem-3/cp3_scenarios/scenario2/pwnd_cp3_scenario_2-quatex.maude", "line": 246, "column": 1, "nsims": 250, "discarded": 0}, {"mean": 0.5231021701086945, "std": 0.2672278123005976, "radius": 0.033287085129436296, "file": "/home/dylan-l/maude-hcs/use-cases/challenge-problem-3/cp3_scenarios/scenario2/pwnd_cp3_scenario_2-quatex.maude", "line": 247, "column": 1, "nsims": 250, "discarded": 0}, {"mean": 0.1607098643180422, "std": 0.17306384905372918, "radius": 0.02155760295563559, "file": "/home/dylan-l/maude-hcs/use-cases/challenge-problem-3/cp3_scenarios/scenario2/pwnd_cp3_scenario_2-quatex.maude", "line": 248, "column": 1, "nsims": 250, "discarded": 0}, {"mean": 0.4317902505405438, "std": 0.15092236601636747, "radius": 0.018799561326616945, "file": "/home/dylan-l/maude-hcs/use-cases/challenge-problem-3/cp3_scenarios/scenario2/pwnd_cp3_scenario_2-quatex.maude", "line": 249, "column": 1, "nsims": 250, "discarded": 0}, {"mean": 0.46129978940657407, "std": 0.2016222061959154, "radius": 0.0251149589702089, "file": "/home/dylan-l/maude-hcs/use-cases/challenge-problem-3/cp3_scenarios/scenario2/pwnd_cp3_scenario_2-quatex.maude", "line": 250, "column": 1, "nsims": 250, "discarded": 0}, {"mean": 0.43199737672528693, "std": 0.15091881913241165, "radius": 0.018799119510972215, "file": "/home/dylan-l/maude-hcs/use-cases/challenge-problem-3/cp3_scenarios/scenario2/pwnd_cp3_scenario_2-quatex.maude", "line": 251, "column": 1, "nsims": 250, "discarded": 0}, {"mean": 0.1441428237075386, "std": 0.10356743325303482, "radius": 0.012900820231439928, "file": "/home/dylan-l/maude-hcs/use-cases/challenge-problem-3/cp3_scenarios/scenario2/pwnd_cp3_scenario_2-quatex.maude", "line": 252, "column": 1, "nsims": 250, "discarded": 0}, {"mean": 0.5306741960687417, "std": 0.26674396008277107, "radius": 0.033226814344647096, "file": "/home/dylan-l/maude-hcs/use-cases/challenge-problem-3/cp3_scenarios/scenario2/pwnd_cp3_scenario_2-quatex.maude", "line": 253, "column": 1, "nsims": 250, "discarded": 0}, {"mean": 0.31707408920245433, "std": 0.2958214958689824, "radius": 0.03684884156081527, "file": "/home/dylan-l/maude-hcs/use-cases/challenge-problem-3/cp3_scenarios/scenario2/pwnd_cp3_scenario_2-quatex.maude", "line": 254, "column": 1, "nsims": 250, "discarded": 0}, {"mean": 0.5302410978760246, "std": 0.2661994977036178, "radius": 0.03315899368852368, "file": "/home/dylan-l/maude-hcs/use-cases/challenge-problem-3/cp3_scenarios/scenario2/pwnd_cp3_scenario_2-quatex.maude", "line": 255, "column": 1, "nsims": 250, "discarded": 0}, {"mean": 0.15126874193130266, "std": 0.16641773734398224, "radius": 0.020729733714191387, "file": "/home/dylan-l/maude-hcs/use-cases/challenge-problem-3/cp3_scenarios/scenario2/pwnd_cp3_scenario_2-quatex.maude", "line": 256, "column": 1, "nsims": 250, "discarded": 0}, {"mean": 0.4268183529647408, "std": 0.14721653484406175, "radius": 0.018337946509484445, "file": "/home/dylan-l/maude-hcs/use-cases/challenge-problem-3/cp3_scenarios/scenario2/pwnd_cp3_scenario_2-quatex.maude", "line": 257, "column": 1, "nsims": 250, "discarded": 0}, {"mean": 0.45086526850612635, "std": 0.20099317227166302, "radius": 0.025036603706190427, "file": "/home/dylan-l/maude-hcs/use-cases/challenge-problem-3/cp3_scenarios/scenario2/pwnd_cp3_scenario_2-quatex.maude", "line": 258, "column": 1, "nsims": 250, "discarded": 0}, {"mean": 0.42700326536518124, "std": 0.14721296118075497, "radius": 0.018337501358084624, "file": "/home/dylan-l/maude-hcs/use-cases/challenge-problem-3/cp3_scenarios/scenario2/pwnd_cp3_scenario_2-quatex.maude", "line": 259, "column": 1, "nsims": 250, "discarded": 0}, {"mean": 0.1371161987227637, "std": 0.10025602203951169, "radius": 0.012488336119048503, "file": "/home/dylan-l/maude-hcs/use-cases/challenge-problem-3/cp3_scenarios/scenario2/pwnd_cp3_scenario_2-quatex.maude", "line": 260, "column": 1, "nsims": 250, "discarded": 0}, {"mean": 0.5277163801067475, "std": 0.26286328282408333, "radius": 0.03274341992114862, "file": "/home/dylan-l/maude-hcs/use-cases/challenge-problem-3/cp3_scenarios/scenario2/pwnd_cp3_scenario_2-quatex.maude", "line": 261, "column": 1, "nsims": 250, "discarded": 0}, {"mean": 0.311593542600349, "std": 0.2824048310598111, "radius": 0.03517760210482023, "file": "/home/dylan-l/maude-hcs/use-cases/challenge-problem-3/cp3_scenarios/scenario2/pwnd_cp3_scenario_2-quatex.maude", "line": 262, "column": 1, "nsims": 250, "discarded": 0}, {"mean": 0.5256967401439375, "std": 0.2633845814410224, "radius": 0.03280835519600088, "file": "/home/dylan-l/maude-hcs/use-cases/challenge-problem-3/cp3_scenarios/scenario2/pwnd_cp3_scenario_2-quatex.maude", "line": 263, "column": 1, "nsims": 250, "discarded": 0}, {"mean": 0.1504329606386316, "std": 0.1668055212522993, "radius": 0.02077803780296436, "file": "/home/dylan-l/maude-hcs/use-cases/challenge-problem-3/cp3_scenarios/scenario2/pwnd_cp3_scenario_2-quatex.maude", "line": 264, "column": 1, "nsims": 250, "discarded": 0}, {"mean": 7.678061291642064, "std": 1.8725982336299087, "radius": 0.23325916669913707, "file": "/home/dylan-l/maude-hcs/use-cases/challenge-problem-3/cp3_scenarios/scenario2/pwnd_cp3_scenario_2-quatex.maude", "line": 265, "column": 1, "nsims": 250, "discarded": 0}, {"mean": 7.678061291642064, "std": 1.8725982336299087, "radius": 0.23325916669913707, "file": "/home/dylan-l/maude-hcs/use-cases/challenge-problem-3/cp3_scenarios/scenario2/pwnd_cp3_scenario_2-quatex.maude", "line": 266, "column": 1, "nsims": 250, "discarded": 0}, {"mean": 7.836076219882507, "std": 1.443174473021927, "radius": 0.1797682326795848, "file": "/home/dylan-l/maude-hcs/use-cases/challenge-problem-3/cp3_scenarios/scenario2/pwnd_cp3_scenario_2-quatex.maude", "line": 267, "column": 1, "nsims": 250, "discarded": 0}, {"mean": 11.732651025370686, "std": 5.0749347274527405, "radius": 0.63215644675872, "file": "/home/dylan-l/maude-hcs/use-cases/challenge-problem-3/cp3_scenarios/scenario2/pwnd_cp3_scenario_2-quatex.maude", "line": 268, "column": 1, "nsims": 250, "discarded": 0}, {"mean": 7.816636598496471, "std": 1.2419954469924432, "radius": 0.15470847820250364, "file": "/home/dylan-l/maude-hcs/use-cases/challenge-problem-3/cp3_scenarios/scenario2/pwnd_cp3_scenario_2-quatex.maude", "line": 269, "column": 1, "nsims": 250, "discarded": 0}, {"mean": 18.844442773375054, "std": 15.403665101869139, "radius": 1.9187490521176502, "file": "/home/dylan-l/maude-hcs/use-cases/challenge-problem-3/cp3_scenarios/scenario2/pwnd_cp3_scenario_2-quatex.maude", "line": 270, "column": 1, "nsims": 250, "discarded": 0}, {"mean": 7.776829787285876, "std": 1.128823848044845, "radius": 0.14061132036563315, "file": "/home/dylan-l/maude-hcs/use-cases/challenge-problem-3/cp3_scenarios/scenario2/pwnd_cp3_scenario_2-quatex.maude", "line": 271, "column": 1, "nsims": 250, "discarded": 0}, {"mean": 21.322073266950035, "std": 12.679551800675663, "radius": 1.5794213804265917, "file": "/home/dylan-l/maude-hcs/use-cases/challenge-problem-3/cp3_scenarios/scenario2/pwnd_cp3_scenario_2-quatex.maude", "line": 272, "column": 1, "nsims": 250, "discarded": 0}, {"mean": 7.730998212339344, "std": 1.0377385236764112, "radius": 0.12926532714661973, "file": "/home/dylan-l/maude-hcs/use-cases/challenge-problem-3/cp3_scenarios/scenario2/pwnd_cp3_scenario_2-quatex.maude", "line": 273, "column": 1, "nsims": 250, "discarded": 0}, {"mean": 22.44056769104423, "std": 13.957030084934098, "radius": 1.7385497586931593, "file": "/home/dylan-l/maude-hcs/use-cases/challenge-problem-3/cp3_scenarios/scenario2/pwnd_cp3_scenario_2-quatex.maude", "line": 274, "column": 1, "nsims": 250, "discarded": 0}, {"mean": 7.670345062217452, "std": 0.9614106505013484, "radius": 0.1197575877004384, "file": "/home/dylan-l/maude-hcs/use-cases/challenge-problem-3/cp3_scenarios/scenario2/pwnd_cp3_scenario_2-quatex.maude", "line": 275, "column": 1, "nsims": 250, "discarded": 0}, {"mean": 23.235192966199048, "std": 22.788129546700553, "radius": 2.838590794989446, "file": "/home/dylan-l/maude-hcs/use-cases/challenge-problem-3/cp3_scenarios/scenario2/pwnd_cp3_scenario_2-quatex.maude", "line": 276, "column": 1, "nsims": 250, "discarded": 0}, {"mean": 7.621554700167918, "std": 0.9250196644130043, "radius": 0.11522456457893701, "file": "/home/dylan-l/maude-hcs/use-cases/challenge-problem-3/cp3_scenarios/scenario2/pwnd_cp3_scenario_2-quatex.maude", "line": 277, "column": 1, "nsims": 250, "discarded": 0}, {"mean": 23.680017661444015, "std": 12.646931843775896, "radius": 1.5753580934771791, "file": "/home/dylan-l/maude-hcs/use-cases/challenge-problem-3/cp3_scenarios/scenario2/pwnd_cp3_scenario_2-quatex.maude", "line": 278, "column": 1, "nsims": 250, "discarded": 0}, {"mean": 7.558763877695986, "std": 0.8758345096955884, "radius": 0.10909784289496259, "file": "/home/dylan-l/maude-hcs/use-cases/challenge-problem-3/cp3_scenarios/scenario2/pwnd_cp3_scenario_2-quatex.maude", "line": 279, "column": 1, "nsims": 250, "discarded": 0}, {"mean": 24.597042649795004, "std": 16.28948751872645, "radius": 2.029091033162362, "file": "/home/dylan-l/maude-hcs/use-cases/challenge-problem-3/cp3_scenarios/scenario2/pwnd_cp3_scenario_2-quatex.maude", "line": 280, "column": 1, "nsims": 250, "discarded": 0}, {"mean": 7.527675102151826, "std": 0.8677082464917159, "radius": 0.10808559939858867, "file": "/home/dylan-l/maude-hcs/use-cases/challenge-problem-3/cp3_scenarios/scenario2/pwnd_cp3_scenario_2-quatex.maude", "line": 281, "column": 1, "nsims": 250, "discarded": 0}, {"mean": 26.077706186326093, "std": 23.938283032771984, "radius": 2.9818590299578616, "file": "/home/dylan-l/maude-hcs/use-cases/challenge-problem-3/cp3_scenarios/scenario2/pwnd_cp3_scenario_2-quatex.maude", "line": 282, "column": 1, "nsims": 250, "discarded": 0}, {"mean": 7.493435751400218, "std": 0.857597856538484, "radius": 0.10682620424743405, "file": "/home/dylan-l/maude-hcs/use-cases/challenge-problem-3/cp3_scenarios/scenario2/pwnd_cp3_scenario_2-quatex.maude", "line": 283, "column": 1, "nsims": 250, "discarded": 0}, {"mean": 25.31903382907735, "std": 19.315048157645222, "radius": 2.4059683263038125, "file": "/home/dylan-l/maude-hcs/use-cases/challenge-problem-3/cp3_scenarios/scenario2/pwnd_cp3_scenario_2-quatex.maude", "line": 284, "column": 1, "nsims": 250, "discarded": 0}, {"mean": 7.4864517487512305, "std": 0.8520751785907834, "radius": 0.10613827491326439, "file": "/home/dylan-l/maude-hcs/use-cases/challenge-problem-3/cp3_scenarios/scenario2/pwnd_cp3_scenario_2-quatex.maude", "line": 285, "column": 1, "nsims": 250, "discarded": 0}, {"mean": 27.044205937586216, "std": 19.335340293359984, "radius": 2.4084960050030473, "file": "/home/dylan-l/maude-hcs/use-cases/challenge-problem-3/cp3_scenarios/scenario2/pwnd_cp3_scenario_2-quatex.maude", "line": 286, "column": 1, "nsims": 250, "discarded": 0}, {"mean": 7.456112680437535, "std": 0.8518592674354484, "radius": 0.10611138005922147, "file": "/home/dylan-l/maude-hcs/use-cases/challenge-problem-3/cp3_scenarios/scenario2/pwnd_cp3_scenario_2-quatex.maude", "line": 287, "column": 1, "nsims": 250, "discarded": 0}, {"mean": 25.518327015623104, "std": 28.27575570878161, "radius": 3.5221539228057845, "file": "/home/dylan-l/maude-hcs/use-cases/challenge-problem-3/cp3_scenarios/scenario2/pwnd_cp3_scenario_2-quatex.maude", "line": 288, "column": 1, "nsims": 250, "discarded": 0}]}