		     \||||||||||||||||||/
		   --- Welcome to Maude ---
		     /||||||||||||||||||\
	     Maude 3.5 built: Sep 25 2024 12:00:00
	     Copyright 1997-2024 SRI International
		   Sun Aug 16 00:03:44 2026
Warning: "smc_cp3-refactored.maude", line 140 (mod SMC_CP3): multiple distinct
    parses for statement
eq sumDiff (F F' FL) = (F' - F) + sumDiff (F' FL) .
Warning: "smc_cp3-refactored.maude", line 145 (mod SMC_CP3): multiple distinct
    parses for statement
eq avgDiff (FL) = if (len (FL) == 1) then 0.0 else sumDiff (FL) / float (len (
    FL) - 1) fi .
Warning: "smc_cp3-refactored.maude", line 150 (mod SMC_CP3): multiple distinct
    parses for statement
eq sumSquaredDiff (F FL, F') = (F - F') * (F - F') + sumSquaredDiff (FL, F') .
Warning: "smc_cp3-refactored.maude", line 225 (mod SMC_CP3): multiple distinct
    parses for statement
eq compLatency (Tsent, Trcvd) = Trcvd - Tsent .
Warning: "smc_cp3-refactored.maude", line 291 (mod SMC_CP3): multiple distinct
    parses for statement
eq getGoodput (< ADDR : IrcMonitor | msgRcvd: ircMTL, attrs >, Tstart, Tend) =
    collectGoodput (filterWindow (ircMTL, Tstart, Tend), Tstart, Tend) * 8.0 /
    (Tend - Tstart) .
Warning: "smc_cp3-refactored.maude", line 381 (mod SMC_CP3): multiple distinct
    parses for statement
eq normMED (NL, NL') = if max (lenMsgIdList (NL), lenMsgIdList (NL')) == 0 then
    1.0 else 1.0 - (float (med (NL, NL')) / float (max (lenMsgIdList (NL),
    lenMsgIdList (NL')))) fi .
Warning: "smc_cp3-refactored.maude", line 500 (mod SMC_CP3): multiple distinct
    parses for statement
eq getMTBF (< ADDR : IrcMonitor | msgSent: ircMTL, msgRcvd: ircMTL', attrs >,
    Tn, Tstart, Tend) = getMTBFAux (filterWindow (ircMTL, Tstart - Tn, Tend +
    Tn), filterWindow (ircMTL', Tstart - Tn, Tend + Tn), Tn, Tstart, Tend) .
Warning: "smc_cp3-refactored.maude", line 560 (mod SMC_CP3): multiple distinct
    parses for statement
eq KsDistanceX (F FL, nil, I, J, invN, invN', D) = max2 (D, abs ((float (I) *
    invN) - 1.0)) .
Warning: "smc_cp3-refactored.maude", line 561 (mod SMC_CP3): multiple distinct
    parses for statement
eq KsDistanceX (nil, F' FL', I, J, invN, invN', D) = max2 (D, abs (1.0 - (float
    (J) * invN'))) .
Warning: "smc_cp3-refactored.maude", line 563 (mod SMC_CP3): multiple distinct
    parses for statement
ceq KsDistanceX (F FL, F' FL', I, J, invN, invN', D) = KsDistanceX (FL1, FL2, I
    + C1, J + C2, invN, invN', max2 (D, abs ((float (I + C1) * invN) - (float (
    J + C2) * invN')))) if F == F' /\ prefix (C1, FL1) := skipEqPrefix (F, F
    FL) /\ prefix (C2, FL2) := skipEqPrefix (F', F' FL') .
Warning: "smc_cp3-refactored.maude", line 569 (mod SMC_CP3): multiple distinct
    parses for statement
ceq KsDistanceX (F FL, F' FL', I, J, invN, invN', D) = KsDistanceX (FL, F' FL',
    I + 1, J, invN, invN', max2 (D, abs ((float (I + 1) * invN) - (float (J) *
    invN')))) if F < F' .
Warning: "smc_cp3-refactored.maude", line 573 (mod SMC_CP3): multiple distinct
    parses for statement
ceq KsDistanceX (F FL, F' FL', I, J, invN, invN', D) = KsDistanceX (F FL, FL',
    I, J + 1, invN, invN', max2 (D, abs ((float (I) * invN) - (float (J + 1) *
    invN')))) if F > F' .
Warning: "smc_cp3-refactored.maude", line 583 (mod SMC_CP3): multiple distinct
    parses for statement
eq KsStatisticZ (FL, FL', K) = KsDistance (FL, FL') - K .
Warning: "smc_cp3-refactored.maude", line 679 (mod SMC_CP3): multiple distinct
    parses for statement
eq compObsFeatureX (vp, dnsQueryRate, Fid, TOL, Tstart, Tend) = float (
    countDNSQuery (vp, Fid, TOL, Tstart, Tend)) / (Tend - Tstart) .
Warning: "smc_cp3-refactored.maude", line 693 (mod SMC_CP3): multiple distinct
    parses for statement
eq compObsFeatureX (vp, tcpUpRate, Fid, TOL, Tstart, Tend) = float (
    sizeTCPUpload (vp, Fid, TOL, Tstart, Tend)) / (Tend - Tstart) .
Warning: "smc_cp3-refactored.maude", line 695 (mod SMC_CP3): multiple distinct
    parses for statement
eq compObsFeatureX (vp, tcpDownRate, Fid, TOL, Tstart, Tend) = float (
    sizeTCPDownload (vp, Fid, TOL, Tstart, Tend)) / (Tend - Tstart) .
Warning: "smc_cp3-refactored.maude", line 703 (mod SMC_CP3): multiple distinct
    parses for statement
eq compObsFeatureX (vp, tcpOutPktRate, Fid, TOL, Tstart, Tend) = float (
    countTCPOutPkt (vp, Fid, TOL, Tstart, Tend)) / (Tend - Tstart) .
Warning: "smc_cp3-refactored.maude", line 705 (mod SMC_CP3): multiple distinct
    parses for statement
eq compObsFeatureX (vp, tcpInPktRate, Fid, TOL, Tstart, Tend) = float (
    countTCPInPkt (vp, Fid, TOL, Tstart, Tend)) / (Tend - Tstart) .
Warning: "smc_cp3-refactored.maude", line 724 (mod SMC_CP3): multiple distinct
    parses for statement
eq compObsFeatureX (vp, dnsQueryRate, TOL, Tstart, Tend) = float (countDNSQuery
    (vp, TOL, Tstart, Tend)) / (Tend - Tstart) .
Warning: "smc_cp3-refactored.maude", line 738 (mod SMC_CP3): multiple distinct
    parses for statement
eq compObsFeatureX (vp, tcpUpRate, TOL, Tstart, Tend) = float (sizeTCPUpload (
    vp, TOL, Tstart, Tend)) / (Tend - Tstart) .
Warning: "smc_cp3-refactored.maude", line 740 (mod SMC_CP3): multiple distinct
    parses for statement
eq compObsFeatureX (vp, tcpDownRate, TOL, Tstart, Tend) = float (
    sizeTCPDownload (vp, TOL, Tstart, Tend)) / (Tend - Tstart) .
Warning: "smc_cp3-refactored.maude", line 748 (mod SMC_CP3): multiple distinct
    parses for statement
eq compObsFeatureX (vp, tcpOutPktRate, TOL, Tstart, Tend) = float (
    countTCPOutPkt (vp, TOL, Tstart, Tend)) / (Tend - Tstart) .
Warning: "smc_cp3-refactored.maude", line 750 (mod SMC_CP3): multiple distinct
    parses for statement
eq compObsFeatureX (vp, tcpInPktRate, TOL, Tstart, Tend) = float (countTCPInPkt
    (vp, TOL, Tstart, Tend)) / (Tend - Tstart) .
Warning: "smc_cp3-refactored.maude", line 911 (mod SMC_CP3): multiple distinct
    parses for statement
ceq expectedKObsFeature (vp, obsF, baselineCDF, binECDFs, T, Tend, winSize,
    binSize, Ksum, N) = if KD >= 0.0 then expectedKObsFeature (vp, obsF,
    baselineCDF, binECDFs, T + binSize, Tend, winSize, binSize, Ksum + KD, N +
    1) else expectedKObsFeature (vp, obsF, baselineCDF, binECDFs, T + binSize,
    Tend, winSize, binSize, Ksum, N) fi if (T + winSize) <= (Tend + Tesp) /\
    ECDF := sort (getECDFObsFeatureRange (binECDFs, floor (rat (T / binSize)),
    (floor (rat (T / binSize)) + floor (rat (winSize / binSize))) - 1)) /\ KD
    := KsDistance (baselineCDF, ECDF) .
Warning: "smc_cp3-refactored.maude", line 1079 (mod SMC_CP3): multiple distinct
    parses for statement
eq getCUSUMZt (< ADDR : Adversary | gt: (bl (vp, obsF, K, Zt) :; blList), attrs
    >, vp, obsF, Tstart, Tend, winSize, binSize) = cusumRange (Zt, floor (rat (
    Tstart / binSize)), floor (rat ((Tend - winSize) / binSize))) .
==========================================
rewrite in HCS-TEST-BASELINE-TCPINPKTRATE-CL4 : run((initState(counter) [
    tgenDelay, to baseLineAddr from baseLineAddr : initBase, 0]) 
{0.0 |
nil}, slimit) .
rewrites: 37586875631 in 7524816ms cpu (7524816ms real) (4995055
    rewrites/second)
result Actor: 
< baseLineAddr : BaseLineMonitor | viewPts: cl[4], features: tcpInPktRate,
    baseLine: bl(cl[4], tcpInPktRate, 9.2634773905757306e-2,
    1.0000000000000001e-1 1.0000000000000001e-1 1.0000000000000001e-1
    1.0000000000000001e-1 1.0000000000000001e-1 1.0000000000000001e-1
    1.0000000000000001e-1 1.0000000000000001e-1 1.0000000000000001e-1
    1.0000000000000001e-1 1.0000000000000001e-1 1.0000000000000001e-1
    1.0000000000000001e-1 1.0000000000000001e-1 1.0000000000000001e-1
    1.0000000000000001e-1 1.0000000000000001e-1 1.0000000000000001e-1
    1.0000000000000001e-1 1.0000000000000001e-1 1.0000000000000001e-1
    1.0000000000000001e-1 1.0000000000000001e-1 1.0000000000000001e-1
    1.0000000000000001e-1 1.0000000000000001e-1 1.0000000000000001e-1
    1.0000000000000001e-1 1.0000000000000001e-1 1.0000000000000001e-1
    1.0000000000000001e-1 1.0000000000000001e-1 1.0000000000000001e-1
    1.0000000000000001e-1 1.0000000000000001e-1 1.0000000000000001e-1
    1.0000000000000001e-1 1.0000000000000001e-1 1.0000000000000001e-1
    1.0000000000000001e-1 1.0000000000000001e-1 1.0000000000000001e-1
    1.0000000000000001e-1 1.0000000000000001e-1 1.0000000000000001e-1
    1.0000000000000001e-1 1.0000000000000001e-1 1.0000000000000001e-1
    1.0000000000000001e-1 1.0000000000000001e-1 1.0000000000000001e-1
    1.0000000000000001e-1 1.0000000000000001e-1 1.0000000000000001e-1
    1.0000000000000001e-1 1.0000000000000001e-1 1.0000000000000001e-1
    1.0000000000000001e-1 1.0000000000000001e-1 1.0000000000000001e-1
    1.0000000000000001e-1 1.0000000000000001e-1 1.0000000000000001e-1
    1.0000000000000001e-1 1.0000000000000001e-1 1.0000000000000001e-1
    1.0000000000000001e-1 1.0000000000000001e-1 1.0000000000000001e-1
    1.0000000000000001e-1 1.0000000000000001e-1 1.0000000000000001e-1
    1.0000000000000001e-1 1.0000000000000001e-1 1.0000000000000001e-1
    1.0000000000000001e-1 1.0000000000000001e-1 1.0000000000000001e-1
    1.0000000000000001e-1 1.0000000000000001e-1 1.0000000000000001e-1
    1.0000000000000001e-1 1.0000000000000001e-1 1.0000000000000001e-1
    1.0000000000000001e-1 1.0000000000000001e-1 1.0000000000000001e-1
    1.0000000000000001e-1 1.0000000000000001e-1 1.0000000000000001e-1
    1.0000000000000001e-1 1.0000000000000001e-1 1.0000000000000001e-1
    1.0000000000000001e-1 1.0000000000000001e-1 1.0000000000000001e-1
    1.0000000000000001e-1 1.0000000000000001e-1 1.0000000000000001e-1
    1.0000000000000001e-1 1.0000000000000001e-1 1.0000000000000001e-1
    1.0000000000000001e-1 1.0000000000000001e-1 1.0000000000000001e-1
    1.0000000000000001e-1 1.0000000000000001e-1 1.0000000000000001e-1
    1.0000000000000001e-1 1.0000000000000001e-1 1.0000000000000001e-1
    1.0000000000000001e-1 1.0000000000000001e-1 1.0000000000000001e-1
    1.0000000000000001e-1 1.0000000000000001e-1 1.0000000000000001e-1
    1.0000000000000001e-1 1.0000000000000001e-1 1.0000000000000001e-1
    1.0000000000000001e-1 1.0000000000000001e-1 1.0000000000000001e-1
    1.0000000000000001e-1 1.0000000000000001e-1 1.0000000000000001e-1
    1.0000000000000001e-1 1.0000000000000001e-1 1.0000000000000001e-1
    1.0000000000000001e-1 1.0000000000000001e-1 1.0000000000000001e-1
    1.0000000000000001e-1 1.0000000000000001e-1 1.0000000000000001e-1
    1.0000000000000001e-1 1.0000000000000001e-1 1.0000000000000001e-1
    1.0000000000000001e-1 1.0000000000000001e-1 1.0000000000000001e-1
    1.0000000000000001e-1 1.0000000000000001e-1 1.0000000000000001e-1
    1.0000000000000001e-1 1.0000000000000001e-1 1.0000000000000001e-1
    1.0000000000000001e-1 1.0000000000000001e-1 1.0000000000000001e-1
    1.0000000000000001e-1 1.0000000000000001e-1 1.0000000000000001e-1
    1.0000000000000001e-1 1.0000000000000001e-1 1.0000000000000001e-1
    1.0000000000000001e-1 1.0000000000000001e-1 1.0000000000000001e-1
    1.0000000000000001e-1 1.0000000000000001e-1 1.0000000000000001e-1
    1.0000000000000001e-1 1.0000000000000001e-1 1.0000000000000001e-1
    1.0000000000000001e-1 1.0000000000000001e-1 1.0000000000000001e-1
    1.0000000000000001e-1 1.0000000000000001e-1 1.0000000000000001e-1
    1.0000000000000001e-1 1.0000000000000001e-1 1.0000000000000001e-1
    1.0000000000000001e-1 1.0000000000000001e-1 1.0000000000000001e-1
    1.0000000000000001e-1 1.0000000000000001e-1 1.0000000000000001e-1
    1.0000000000000001e-1 1.0000000000000001e-1 1.0000000000000001e-1
    1.0000000000000001e-1 1.0000000000000001e-1 1.0000000000000001e-1
    1.0000000000000001e-1 1.0000000000000001e-1 1.0000000000000001e-1
    1.0000000000000001e-1 1.0000000000000001e-1 1.0000000000000001e-1
    1.0000000000000001e-1 1.0000000000000001e-1 1.0000000000000001e-1
    1.0000000000000001e-1 1.0000000000000001e-1 1.0000000000000001e-1
    1.0000000000000001e-1 1.0000000000000001e-1 1.0000000000000001e-1
    1.0000000000000001e-1 1.0000000000000001e-1 1.0000000000000001e-1
    1.0000000000000001e-1 1.0000000000000001e-1 1.0000000000000001e-1
    1.0000000000000001e-1 1.0000000000000001e-1 1.0000000000000001e-1
    1.0000000000000001e-1 1.0000000000000001e-1 1.0000000000000001e-1
    1.0000000000000001e-1 1.0000000000000001e-1 1.0000000000000001e-1
    1.0000000000000001e-1 1.0000000000000001e-1 1.0000000000000001e-1
    1.0000000000000001e-1 1.0000000000000001e-1 1.0000000000000001e-1
    1.0000000000000001e-1 1.0000000000000001e-1 1.0000000000000001e-1
    1.0000000000000001e-1 1.0000000000000001e-1 1.0000000000000001e-1
    1.0000000000000001e-1 1.0000000000000001e-1 1.0000000000000001e-1
    1.0000000000000001e-1 1.0000000000000001e-1 1.0000000000000001e-1
    1.0000000000000001e-1 1.0000000000000001e-1 1.0000000000000001e-1
    1.0000000000000001e-1 1.0000000000000001e-1 1.0000000000000001e-1
    1.0000000000000001e-1 1.0000000000000001e-1 1.0000000000000001e-1
    1.0000000000000001e-1 1.0000000000000001e-1 1.0000000000000001e-1
    1.0000000000000001e-1 1.0000000000000001e-1 1.0000000000000001e-1
    1.0000000000000001e-1 1.0000000000000001e-1 1.0000000000000001e-1
    1.0000000000000001e-1 1.0000000000000001e-1 1.0000000000000001e-1
    1.0000000000000001e-1 1.0000000000000001e-1 1.0000000000000001e-1
    1.0000000000000001e-1 1.0000000000000001e-1 1.0000000000000001e-1
    1.0000000000000001e-1 1.0000000000000001e-1 1.0000000000000001e-1
    1.0000000000000001e-1 1.0000000000000001e-1 1.0000000000000001e-1
    1.0000000000000001e-1 1.0000000000000001e-1 1.0000000000000001e-1
    1.0000000000000001e-1 1.0000000000000001e-1 1.0000000000000001e-1
    1.0000000000000001e-1 1.0000000000000001e-1 1.0000000000000001e-1
    1.0000000000000001e-1 1.0000000000000001e-1 1.0000000000000001e-1
    1.0000000000000001e-1 1.0000000000000001e-1 1.0000000000000001e-1
    1.0000000000000001e-1 1.0000000000000001e-1 1.0000000000000001e-1
    1.0000000000000001e-1 1.0000000000000001e-1 1.0000000000000001e-1
    1.0000000000000001e-1 1.0000000000000001e-1 1.0000000000000001e-1
    1.0000000000000001e-1 1.0000000000000001e-1 1.0000000000000001e-1
    1.0000000000000001e-1 1.0000000000000001e-1 1.0000000000000001e-1
    1.0000000000000001e-1 1.0000000000000001e-1 1.0000000000000001e-1
    1.0000000000000001e-1 1.0000000000000001e-1 1.0000000000000001e-1
    1.0000000000000001e-1 1.0000000000000001e-1 1.0000000000000001e-1
    1.0000000000000001e-1 1.0000000000000001e-1 1.0000000000000001e-1
    1.0000000000000001e-1 1.0000000000000001e-1 1.0000000000000001e-1
    1.0000000000000001e-1 1.0000000000000001e-1 1.0000000000000001e-1
    1.0000000000000001e-1 1.0000000000000001e-1 1.0000000000000001e-1
    1.0000000000000001e-1 1.0000000000000001e-1 1.0000000000000001e-1
    1.0000000000000001e-1 1.0000000000000001e-1 1.0000000000000001e-1
    1.0000000000000001e-1 1.0000000000000001e-1 1.0000000000000001e-1
    1.0000000000000001e-1 1.0000000000000001e-1 1.0000000000000001e-1
    1.0000000000000001e-1 1.0000000000000001e-1 1.0000000000000001e-1
    1.0000000000000001e-1 1.0000000000000001e-1 1.0000000000000001e-1
    1.0000000000000001e-1 1.0000000000000001e-1 1.0000000000000001e-1
    1.0000000000000001e-1 1.0000000000000001e-1 1.0000000000000001e-1
    1.0000000000000001e-1 1.0000000000000001e-1 1.0000000000000001e-1
    1.0000000000000001e-1 1.0000000000000001e-1 1.0000000000000001e-1
    1.0000000000000001e-1 1.0000000000000001e-1 1.0000000000000001e-1
    1.0000000000000001e-1 1.0000000000000001e-1 1.0000000000000001e-1
    1.0000000000000001e-1 1.0000000000000001e-1 1.0000000000000001e-1
    1.0000000000000001e-1 1.0000000000000001e-1 1.0000000000000001e-1
    1.0000000000000001e-1 1.0000000000000001e-1 1.0000000000000001e-1
    1.0000000000000001e-1 1.0000000000000001e-1 1.0000000000000001e-1
    1.0000000000000001e-1 1.0000000000000001e-1 1.0000000000000001e-1
    1.0000000000000001e-1 1.0000000000000001e-1 1.0000000000000001e-1
    1.0000000000000001e-1 1.0000000000000001e-1 1.0000000000000001e-1
    1.0000000000000001e-1 1.0000000000000001e-1 1.0000000000000001e-1
    1.0000000000000001e-1 1.0000000000000001e-1 1.0000000000000001e-1
    1.0000000000000001e-1 1.0000000000000001e-1 1.0000000000000001e-1
    1.0000000000000001e-1 1.0000000000000001e-1 1.0000000000000001e-1
    1.0000000000000001e-1 1.0000000000000001e-1 1.0000000000000001e-1
    1.0000000000000001e-1 1.0000000000000001e-1 1.0000000000000001e-1
    1.0000000000000001e-1 1.0000000000000001e-1 1.0000000000000001e-1
    1.0000000000000001e-1 1.0000000000000001e-1 1.0000000000000001e-1
    1.0000000000000001e-1 1.0000000000000001e-1 1.0000000000000001e-1
    1.0000000000000001e-1 1.0000000000000001e-1 1.0000000000000001e-1
    1.0000000000000001e-1 1.0000000000000001e-1 1.0000000000000001e-1
    1.0000000000000001e-1 1.0000000000000001e-1 1.0000000000000001e-1
    1.0000000000000001e-1 1.0000000000000001e-1 1.0000000000000001e-1
    1.0000000000000001e-1 1.0000000000000001e-1 1.0000000000000001e-1
    1.0000000000000001e-1 1.0000000000000001e-1 1.0000000000000001e-1
    1.0000000000000001e-1 1.0000000000000001e-1 1.0000000000000001e-1
    1.0000000000000001e-1 1.0000000000000001e-1 1.0000000000000001e-1
    1.0000000000000001e-1 1.0000000000000001e-1 1.0000000000000001e-1
    1.0000000000000001e-1 1.0000000000000001e-1 1.0000000000000001e-1
    1.0000000000000001e-1 1.0000000000000001e-1 1.0000000000000001e-1
    1.0000000000000001e-1 1.0000000000000001e-1 1.0000000000000001e-1
    1.0000000000000001e-1 1.0000000000000001e-1 1.0000000000000001e-1
    1.0000000000000001e-1 1.0000000000000001e-1 1.0000000000000001e-1
    1.0000000000000001e-1 1.0000000000000001e-1 1.0000000000000001e-1
    1.0000000000000001e-1 1.0000000000000001e-1 1.0000000000000001e-1
    1.0000000000000001e-1 1.0000000000000001e-1 1.0000000000000001e-1
    1.0000000000000001e-1 1.0000000000000001e-1 1.0000000000000001e-1
    1.0000000000000001e-1 1.0000000000000001e-1 1.0000000000000001e-1
    1.0000000000000001e-1 1.0000000000000001e-1 1.0000000000000001e-1
    1.0000000000000001e-1 1.0000000000000001e-1 1.0000000000000001e-1
    1.0000000000000001e-1 1.0000000000000001e-1 1.0000000000000001e-1
    1.0000000000000001e-1 1.0000000000000001e-1 1.0000000000000001e-1
    1.0000000000000001e-1 1.0000000000000001e-1 1.0000000000000001e-1
    1.0000000000000001e-1 1.0000000000000001e-1 1.0000000000000001e-1
    1.0000000000000001e-1 1.0000000000000001e-1 1.0000000000000001e-1
    1.0000000000000001e-1 1.0000000000000001e-1 1.0000000000000001e-1
    1.0000000000000001e-1 1.0000000000000001e-1 1.0000000000000001e-1
    1.0000000000000001e-1 1.0000000000000001e-1 1.0000000000000001e-1
    1.0000000000000001e-1 1.0000000000000001e-1 1.0000000000000001e-1
    1.0000000000000001e-1 1.0000000000000001e-1 1.0000000000000001e-1
    1.0000000000000001e-1 1.0000000000000001e-1 1.0000000000000001e-1
    1.0000000000000001e-1 1.0000000000000001e-1 1.0000000000000001e-1
    1.0000000000000001e-1 1.0000000000000001e-1 1.0000000000000001e-1
    1.0000000000000001e-1 1.0000000000000001e-1 1.0000000000000001e-1
    1.0000000000000001e-1 1.0000000000000001e-1 1.0000000000000001e-1
    1.0000000000000001e-1 1.0000000000000001e-1 1.0000000000000001e-1
    1.0000000000000001e-1 1.0000000000000001e-1 1.0000000000000001e-1
    1.0000000000000001e-1 1.0000000000000001e-1 1.0000000000000001e-1
    1.0000000000000001e-1 1.0000000000000001e-1 1.0000000000000001e-1
    1.0000000000000001e-1 1.0000000000000001e-1 1.0000000000000001e-1
    1.0000000000000001e-1 1.0000000000000001e-1 1.0000000000000001e-1
    1.0000000000000001e-1 1.0000000000000001e-1 1.0000000000000001e-1
    1.0000000000000001e-1 1.0000000000000001e-1 1.0000000000000001e-1
    1.0000000000000001e-1 1.0000000000000001e-1 1.0000000000000001e-1
    1.0000000000000001e-1 1.0000000000000001e-1 1.0000000000000001e-1
    1.0000000000000001e-1 1.0000000000000001e-1 1.0000000000000001e-1
    1.0000000000000001e-1 1.0000000000000001e-1 1.0000000000000001e-1
    1.0000000000000001e-1 1.0000000000000001e-1 1.0000000000000001e-1
    1.0000000000000001e-1 1.0000000000000001e-1 1.0000000000000001e-1
    1.0000000000000001e-1 1.0000000000000001e-1 1.0000000000000001e-1
    1.0000000000000001e-1 1.0000000000000001e-1 1.0000000000000001e-1
    1.0000000000000001e-1 1.0000000000000001e-1 1.0000000000000001e-1
    1.0000000000000001e-1 1.0000000000000001e-1 1.0000000000000001e-1
    1.0000000000000001e-1 1.0000000000000001e-1 1.0000000000000001e-1
    1.0000000000000001e-1 1.0000000000000001e-1 1.0000000000000001e-1
    1.0000000000000001e-1 1.0000000000000001e-1 1.0000000000000001e-1
    1.0000000000000001e-1 1.0000000000000001e-1 1.0000000000000001e-1
    1.0000000000000001e-1 1.0000000000000001e-1 1.0000000000000001e-1
    1.0000000000000001e-1 1.0000000000000001e-1 1.0000000000000001e-1
    1.0000000000000001e-1 1.0000000000000001e-1 1.0000000000000001e-1
    1.0000000000000001e-1 1.0000000000000001e-1 1.0000000000000001e-1
    1.0000000000000001e-1 1.0000000000000001e-1 1.0000000000000001e-1
    1.0000000000000001e-1 1.0000000000000001e-1 1.0000000000000001e-1
    1.0000000000000001e-1 1.0000000000000001e-1 1.0000000000000001e-1
    1.0000000000000001e-1 1.0000000000000001e-1 1.0000000000000001e-1
    1.0000000000000001e-1 1.0000000000000001e-1 1.0000000000000001e-1
    1.0000000000000001e-1 1.0000000000000001e-1 1.0000000000000001e-1
    1.0000000000000001e-1 1.0000000000000001e-1 1.0000000000000001e-1
    1.0000000000000001e-1 1.0000000000000001e-1 1.0000000000000001e-1
    1.0000000000000001e-1 1.0000000000000001e-1 1.0000000000000001e-1
    1.0000000000000001e-1 1.0000000000000001e-1 1.0000000000000001e-1
    1.0000000000000001e-1 1.0000000000000001e-1 1.0000000000000001e-1
    1.0000000000000001e-1 1.0000000000000001e-1 1.0000000000000001e-1
    1.0000000000000001e-1 1.0000000000000001e-1 1.0000000000000001e-1
    1.0000000000000001e-1 1.0000000000000001e-1 1.0000000000000001e-1
    1.0000000000000001e-1 1.0000000000000001e-1 1.0000000000000001e-1
    1.0000000000000001e-1 1.0000000000000001e-1 1.0000000000000001e-1
    1.0000000000000001e-1 1.0000000000000001e-1 1.0000000000000001e-1
    1.0000000000000001e-1 1.0000000000000001e-1 1.0000000000000001e-1
    1.0000000000000001e-1 1.0000000000000001e-1 1.0000000000000001e-1
    1.0000000000000001e-1 1.0000000000000001e-1 1.0000000000000001e-1
    1.0000000000000001e-1 1.0000000000000001e-1 1.0000000000000001e-1
    1.0000000000000001e-1 1.0000000000000001e-1 1.0000000000000001e-1
    1.0000000000000001e-1 1.0000000000000001e-1 1.0000000000000001e-1
    1.0000000000000001e-1 1.0000000000000001e-1 1.0000000000000001e-1
    1.0000000000000001e-1 1.0000000000000001e-1 1.0000000000000001e-1
    1.0000000000000001e-1 1.0000000000000001e-1 1.0000000000000001e-1
    1.0000000000000001e-1 1.0000000000000001e-1 1.0000000000000001e-1
    1.0000000000000001e-1 1.0000000000000001e-1 1.0000000000000001e-1
    1.0000000000000001e-1 1.0000000000000001e-1 1.0000000000000001e-1
    1.0000000000000001e-1 1.0000000000000001e-1 1.0000000000000001e-1
    1.0000000000000001e-1 1.0000000000000001e-1 1.0000000000000001e-1
    1.0000000000000001e-1 1.0000000000000001e-1 1.0000000000000001e-1
    1.0000000000000001e-1 1.0000000000000001e-1 1.0000000000000001e-1
    1.0000000000000001e-1 1.0000000000000001e-1 1.0000000000000001e-1
    1.0000000000000001e-1 1.0000000000000001e-1 1.0000000000000001e-1
    1.0000000000000001e-1 1.0000000000000001e-1 1.0000000000000001e-1
    1.0000000000000001e-1 1.0000000000000001e-1 1.0000000000000001e-1
    1.0000000000000001e-1 1.0000000000000001e-1 1.0000000000000001e-1
    1.0000000000000001e-1 1.0000000000000001e-1 1.0000000000000001e-1
    1.0000000000000001e-1 1.0000000000000001e-1 1.0000000000000001e-1
    1.0000000000000001e-1 1.0000000000000001e-1 1.0000000000000001e-1
    1.0000000000000001e-1 1.0000000000000001e-1 1.0000000000000001e-1
    1.0000000000000001e-1 1.0000000000000001e-1 1.0000000000000001e-1
    1.0000000000000001e-1 1.0000000000000001e-1 1.0000000000000001e-1
    1.0000000000000001e-1 1.0000000000000001e-1 1.0000000000000001e-1
    1.0000000000000001e-1 1.0000000000000001e-1 1.0000000000000001e-1
    1.0000000000000001e-1 1.0000000000000001e-1 1.0000000000000001e-1
    1.0000000000000001e-1 1.0000000000000001e-1 1.0000000000000001e-1
    1.0000000000000001e-1 1.0000000000000001e-1 1.0000000000000001e-1
    1.0000000000000001e-1 1.0000000000000001e-1 1.0000000000000001e-1
    1.0000000000000001e-1 1.0000000000000001e-1 1.0000000000000001e-1
    1.0000000000000001e-1 1.0000000000000001e-1 1.0000000000000001e-1
    1.0000000000000001e-1 1.0000000000000001e-1 1.0000000000000001e-1
    1.0000000000000001e-1 1.0000000000000001e-1 1.0000000000000001e-1
    1.0000000000000001e-1 1.0000000000000001e-1 1.0000000000000001e-1
    1.0000000000000001e-1 1.0000000000000001e-1 1.0000000000000001e-1
    1.0000000000000001e-1 1.0000000000000001e-1 1.0000000000000001e-1
    1.0000000000000001e-1 1.0000000000000001e-1 1.0000000000000001e-1
    1.0000000000000001e-1 1.0000000000000001e-1 1.0000000000000001e-1
    1.0000000000000001e-1 1.0000000000000001e-1 1.0000000000000001e-1
    1.0000000000000001e-1 1.0000000000000001e-1 1.0000000000000001e-1
    1.0000000000000001e-1 1.0000000000000001e-1 1.0000000000000001e-1
    1.0000000000000001e-1 1.0000000000000001e-1 1.0000000000000001e-1
    1.0000000000000001e-1 1.0000000000000001e-1 1.0000000000000001e-1
    1.0000000000000001e-1 1.0000000000000001e-1 1.0000000000000001e-1
    1.0000000000000001e-1 1.0000000000000001e-1 1.0000000000000001e-1
    1.0000000000000001e-1 1.0000000000000001e-1 1.0000000000000001e-1
    1.0000000000000001e-1 1.0000000000000001e-1 1.0000000000000001e-1
    1.0000000000000001e-1 1.0000000000000001e-1 1.0000000000000001e-1
    1.0000000000000001e-1 1.0000000000000001e-1 1.0000000000000001e-1
    1.0000000000000001e-1 1.0000000000000001e-1 1.0000000000000001e-1
    1.0000000000000001e-1 1.0000000000000001e-1 1.0000000000000001e-1
    1.0000000000000001e-1 1.0000000000000001e-1 1.0000000000000001e-1
    1.0000000000000001e-1 1.0000000000000001e-1 1.0000000000000001e-1
    1.0000000000000001e-1 1.0000000000000001e-1 1.0000000000000001e-1
    1.0000000000000001e-1 1.0000000000000001e-1 1.0000000000000001e-1
    1.0000000000000001e-1 1.0000000000000001e-1 1.0000000000000001e-1
    1.0000000000000001e-1 1.0000000000000001e-1 1.0000000000000001e-1
    1.0000000000000001e-1 1.0000000000000001e-1 1.0000000000000001e-1
    1.0000000000000001e-1 1.0000000000000001e-1 1.0000000000000001e-1
    1.0000000000000001e-1 1.0000000000000001e-1 1.0000000000000001e-1
    1.0000000000000001e-1 1.0000000000000001e-1 1.0000000000000001e-1
    1.0000000000000001e-1 1.0000000000000001e-1 1.0000000000000001e-1
    1.0000000000000001e-1 1.0000000000000001e-1 1.0000000000000001e-1
    1.0000000000000001e-1 1.0000000000000001e-1 1.0000000000000001e-1
    1.0000000000000001e-1 1.0000000000000001e-1 1.0000000000000001e-1
    1.0000000000000001e-1 1.0000000000000001e-1 1.0000000000000001e-1
    1.0000000000000001e-1 1.0000000000000001e-1 1.0000000000000001e-1
    1.0000000000000001e-1 1.0000000000000001e-1 1.0000000000000001e-1
    1.0000000000000001e-1 1.0000000000000001e-1 1.0000000000000001e-1
    1.0000000000000001e-1 1.0000000000000001e-1 1.0000000000000001e-1
    1.0000000000000001e-1 1.0000000000000001e-1 1.0000000000000001e-1
    1.0000000000000001e-1 1.0000000000000001e-1 1.0000000000000001e-1
    1.0000000000000001e-1 1.0000000000000001e-1 1.0000000000000001e-1
    1.0000000000000001e-1 1.0000000000000001e-1 1.0000000000000001e-1
    1.0000000000000001e-1 1.0000000000000001e-1 1.0000000000000001e-1
    1.0000000000000001e-1 1.0000000000000001e-1 1.0000000000000001e-1
    1.0000000000000001e-1 1.0000000000000001e-1 1.0000000000000001e-1
    1.0000000000000001e-1 1.0000000000000001e-1 1.0000000000000001e-1
    1.0000000000000001e-1 1.0000000000000001e-1 1.0000000000000001e-1
    1.0000000000000001e-1 1.0000000000000001e-1 1.0000000000000001e-1
    1.0000000000000001e-1 1.0000000000000001e-1 1.0000000000000001e-1
    1.0000000000000001e-1 1.0000000000000001e-1 1.0000000000000001e-1
    1.0000000000000001e-1 1.0000000000000001e-1 1.0000000000000001e-1
    1.0000000000000001e-1 1.0000000000000001e-1 1.0000000000000001e-1
    1.0000000000000001e-1 1.0000000000000001e-1 1.0000000000000001e-1
    1.0000000000000001e-1 1.0000000000000001e-1 1.0000000000000001e-1
    1.0000000000000001e-1 1.0000000000000001e-1 1.0000000000000001e-1
    1.0000000000000001e-1 1.0000000000000001e-1 1.0000000000000001e-1
    1.0000000000000001e-1 1.0000000000000001e-1 1.0000000000000001e-1
    1.0000000000000001e-1 1.0000000000000001e-1 1.0000000000000001e-1
    1.0000000000000001e-1 1.0000000000000001e-1 1.0000000000000001e-1
    1.0000000000000001e-1 1.0000000000000001e-1 1.0000000000000001e-1
    1.0000000000000001e-1 1.0000000000000001e-1 1.0000000000000001e-1
    1.0000000000000001e-1 1.0000000000000001e-1 1.0000000000000001e-1
    1.0000000000000001e-1 1.0000000000000001e-1 1.0000000000000001e-1
    1.0000000000000001e-1 1.0000000000000001e-1 1.0000000000000001e-1
    1.0000000000000001e-1 1.0000000000000001e-1 1.0000000000000001e-1
    1.0000000000000001e-1 1.0000000000000001e-1 1.0000000000000001e-1
    1.0000000000000001e-1 1.0000000000000001e-1 1.0000000000000001e-1
    1.0000000000000001e-1 1.0000000000000001e-1 1.0000000000000001e-1
    1.0000000000000001e-1 1.0000000000000001e-1 1.0000000000000001e-1
    1.0000000000000001e-1 1.0000000000000001e-1 1.0000000000000001e-1
    1.0000000000000001e-1 1.0000000000000001e-1 1.0000000000000001e-1
    1.0000000000000001e-1 1.0000000000000001e-1 1.0000000000000001e-1
    1.0000000000000001e-1 1.0000000000000001e-1 1.0000000000000001e-1
    1.0000000000000001e-1 1.0000000000000001e-1 1.0000000000000001e-1
    1.0000000000000001e-1 1.0000000000000001e-1 1.0000000000000001e-1
    1.0000000000000001e-1 1.0000000000000001e-1 1.0000000000000001e-1
    1.0000000000000001e-1 1.0000000000000001e-1 1.0000000000000001e-1
    1.0000000000000001e-1 1.0000000000000001e-1 1.0000000000000001e-1
    1.0000000000000001e-1 1.0000000000000001e-1 1.0000000000000001e-1
    1.0000000000000001e-1 1.0000000000000001e-1 1.0000000000000001e-1
    1.0000000000000001e-1 1.0000000000000001e-1 1.0000000000000001e-1
    1.0000000000000001e-1 1.0000000000000001e-1 1.0000000000000001e-1
    1.0000000000000001e-1 1.0000000000000001e-1 1.0000000000000001e-1
    1.0000000000000001e-1 1.0000000000000001e-1 1.0000000000000001e-1
    1.0000000000000001e-1 1.0000000000000001e-1 1.0000000000000001e-1
    1.0000000000000001e-1 1.0000000000000001e-1 1.0000000000000001e-1
    1.0000000000000001e-1 1.0000000000000001e-1 1.0000000000000001e-1
    1.0000000000000001e-1 1.0000000000000001e-1 1.0000000000000001e-1
    1.0000000000000001e-1 1.0000000000000001e-1 1.0000000000000001e-1
    1.0000000000000001e-1 1.0000000000000001e-1 1.0000000000000001e-1
    1.0000000000000001e-1 1.0000000000000001e-1 1.0000000000000001e-1
    1.0000000000000001e-1 1.0000000000000001e-1 1.0000000000000001e-1
    1.0000000000000001e-1 1.0000000000000001e-1 1.0000000000000001e-1
    1.0000000000000001e-1 1.0000000000000001e-1 1.0000000000000001e-1
    1.0000000000000001e-1 1.0000000000000001e-1 1.0000000000000001e-1
    1.0000000000000001e-1 1.0000000000000001e-1 1.0000000000000001e-1
    1.0000000000000001e-1 1.0000000000000001e-1 1.0000000000000001e-1
    1.0000000000000001e-1 1.0000000000000001e-1 1.0000000000000001e-1
    1.0000000000000001e-1 1.0000000000000001e-1 1.0000000000000001e-1
    1.0000000000000001e-1 1.0000000000000001e-1 1.0000000000000001e-1
    1.0000000000000001e-1 1.0000000000000001e-1 1.0000000000000001e-1
    1.0000000000000001e-1 1.0000000000000001e-1 1.0000000000000001e-1
    1.0000000000000001e-1 1.0000000000000001e-1 1.0000000000000001e-1
    1.0000000000000001e-1 1.0000000000000001e-1 1.0000000000000001e-1
    1.0000000000000001e-1 1.0000000000000001e-1 1.0000000000000001e-1
    1.0000000000000001e-1 1.0000000000000001e-1 1.0000000000000001e-1
    1.0000000000000001e-1 1.0000000000000001e-1 1.0000000000000001e-1
    1.0000000000000001e-1 1.0000000000000001e-1 1.0000000000000001e-1
    1.0000000000000001e-1 1.0000000000000001e-1 1.0000000000000001e-1
    1.0000000000000001e-1 1.0000000000000001e-1 1.0000000000000001e-1
    1.0000000000000001e-1 1.0000000000000001e-1 1.0000000000000001e-1
    1.0000000000000001e-1 1.0000000000000001e-1 1.0000000000000001e-1
    1.0000000000000001e-1 1.0000000000000001e-1 1.0000000000000001e-1
    1.0000000000000001e-1 1.0000000000000001e-1 1.0000000000000001e-1
    1.0000000000000001e-1 1.0000000000000001e-1 1.0000000000000001e-1
    1.0000000000000001e-1 1.0000000000000001e-1 1.0000000000000001e-1
    1.0000000000000001e-1 1.0000000000000001e-1 1.0000000000000001e-1
    1.0000000000000001e-1 1.0000000000000001e-1 1.0000000000000001e-1
    1.0000000000000001e-1 1.0000000000000001e-1 1.0000000000000001e-1
    1.0000000000000001e-1 1.0000000000000001e-1 1.0000000000000001e-1
    1.0000000000000001e-1 1.0000000000000001e-1 1.0000000000000001e-1
    1.0000000000000001e-1 1.0000000000000001e-1 1.0000000000000001e-1
    1.0000000000000001e-1 1.0000000000000001e-1 1.0000000000000001e-1
    1.0000000000000001e-1 1.0000000000000001e-1 1.0000000000000001e-1
    1.0000000000000001e-1 1.0000000000000001e-1 1.0000000000000001e-1
    1.0000000000000001e-1 1.0000000000000001e-1 1.0000000000000001e-1
    1.0000000000000001e-1 1.0000000000000001e-1 1.0000000000000001e-1
    1.0000000000000001e-1 1.0000000000000001e-1 1.0000000000000001e-1
    1.0000000000000001e-1 1.0000000000000001e-1 1.0000000000000001e-1
    1.0000000000000001e-1 1.0000000000000001e-1 1.0000000000000001e-1
    1.0000000000000001e-1 1.0000000000000001e-1 1.0000000000000001e-1
    1.0000000000000001e-1 1.0000000000000001e-1 1.0000000000000001e-1
    1.0000000000000001e-1 1.0000000000000001e-1 1.0000000000000001e-1
    1.0000000000000001e-1 1.0000000000000001e-1 1.0000000000000001e-1
    1.0000000000000001e-1 1.0000000000000001e-1 1.0000000000000001e-1
    1.0000000000000001e-1 1.0000000000000001e-1 1.0000000000000001e-1
    1.0000000000000001e-1 1.0000000000000001e-1 1.0000000000000001e-1
    1.0000000000000001e-1 1.0000000000000001e-1 1.0000000000000001e-1
    1.0000000000000001e-1 1.0000000000000001e-1 1.0000000000000001e-1
    1.0000000000000001e-1 1.0000000000000001e-1 1.0000000000000001e-1
    1.0000000000000001e-1 1.0000000000000001e-1 1.0000000000000001e-1
    1.0000000000000001e-1 1.0000000000000001e-1 1.0000000000000001e-1
    1.0000000000000001e-1 1.0000000000000001e-1 1.0000000000000001e-1
    1.0000000000000001e-1 1.0000000000000001e-1 1.0000000000000001e-1
    1.0000000000000001e-1 1.0000000000000001e-1 1.0000000000000001e-1
    1.0000000000000001e-1 1.0000000000000001e-1 1.0000000000000001e-1
    1.0000000000000001e-1 1.0000000000000001e-1 1.0000000000000001e-1
    1.0000000000000001e-1 1.0000000000000001e-1 1.0000000000000001e-1
    1.0000000000000001e-1 1.0000000000000001e-1 1.0000000000000001e-1
    1.0000000000000001e-1 1.0000000000000001e-1 1.0000000000000001e-1
    1.0000000000000001e-1 1.0000000000000001e-1 1.0000000000000001e-1
    1.0000000000000001e-1 1.0000000000000001e-1 1.0000000000000001e-1
    1.0000000000000001e-1 1.0000000000000001e-1 1.0000000000000001e-1
    1.0000000000000001e-1 1.0000000000000001e-1 1.0000000000000001e-1
    1.0000000000000001e-1 1.0000000000000001e-1 1.0000000000000001e-1
    1.0000000000000001e-1 1.0000000000000001e-1 1.0000000000000001e-1
    1.0000000000000001e-1 1.0000000000000001e-1 1.0000000000000001e-1
    1.0000000000000001e-1 1.0000000000000001e-1 1.0000000000000001e-1
    1.0000000000000001e-1 1.0000000000000001e-1 1.0000000000000001e-1
    1.0000000000000001e-1 1.0000000000000001e-1 1.0000000000000001e-1
    1.0000000000000001e-1 1.0000000000000001e-1 1.0000000000000001e-1
    1.0000000000000001e-1 1.0000000000000001e-1 1.0000000000000001e-1
    1.0000000000000001e-1 1.0000000000000001e-1 1.0000000000000001e-1
    1.0000000000000001e-1 1.0000000000000001e-1 1.0000000000000001e-1
    1.0000000000000001e-1 1.0000000000000001e-1 1.0000000000000001e-1
    1.0000000000000001e-1 1.0000000000000001e-1 1.0000000000000001e-1
    1.0000000000000001e-1 1.0000000000000001e-1 1.0000000000000001e-1
    1.0000000000000001e-1 1.0000000000000001e-1 1.0000000000000001e-1
    1.0000000000000001e-1 1.0000000000000001e-1 1.0000000000000001e-1
    1.0000000000000001e-1 1.0000000000000001e-1 1.0000000000000001e-1
    1.0000000000000001e-1 1.0000000000000001e-1 1.0000000000000001e-1
    1.0000000000000001e-1 1.0000000000000001e-1 1.0000000000000001e-1
    1.0000000000000001e-1 1.0000000000000001e-1 1.0000000000000001e-1
    1.0000000000000001e-1 1.0000000000000001e-1 1.0000000000000001e-1
    1.0000000000000001e-1 1.0000000000000001e-1 1.0000000000000001e-1
    1.0000000000000001e-1 1.0000000000000001e-1 1.0000000000000001e-1
    1.0000000000000001e-1 1.0000000000000001e-1 1.0000000000000001e-1
    1.0000000000000001e-1 1.0000000000000001e-1 1.0000000000000001e-1
    1.0000000000000001e-1 1.0000000000000001e-1 1.0000000000000001e-1
    1.0000000000000001e-1 1.0000000000000001e-1 1.0000000000000001e-1
    1.0000000000000001e-1 1.0000000000000001e-1 1.0000000000000001e-1
    1.0000000000000001e-1 1.0000000000000001e-1 1.0000000000000001e-1
    1.0000000000000001e-1 1.0000000000000001e-1 1.0000000000000001e-1
    1.0000000000000001e-1 1.0000000000000001e-1 1.0000000000000001e-1
    1.0000000000000001e-1 1.0000000000000001e-1 1.0000000000000001e-1
    1.0000000000000001e-1 1.0000000000000001e-1 1.0000000000000001e-1
    1.0000000000000001e-1 1.0000000000000001e-1 1.0000000000000001e-1
    1.0000000000000001e-1 1.0000000000000001e-1 1.0000000000000001e-1
    1.0000000000000001e-1 1.0000000000000001e-1 1.0000000000000001e-1
    1.0000000000000001e-1 1.0000000000000001e-1 1.0000000000000001e-1
    1.0000000000000001e-1 1.0000000000000001e-1 1.0000000000000001e-1
    1.0000000000000001e-1 1.0000000000000001e-1 1.0000000000000001e-1
    1.0000000000000001e-1 1.0000000000000001e-1 1.0000000000000001e-1
    1.0000000000000001e-1 1.0000000000000001e-1 1.0000000000000001e-1
    1.0000000000000001e-1 1.0000000000000001e-1 1.0000000000000001e-1
    1.0000000000000001e-1 1.0000000000000001e-1 1.0000000000000001e-1
    1.0000000000000001e-1 1.0000000000000001e-1 1.0000000000000001e-1
    1.0000000000000001e-1 1.0000000000000001e-1 1.0000000000000001e-1
    1.0000000000000001e-1 1.0000000000000001e-1 1.0000000000000001e-1
    1.0000000000000001e-1 1.0000000000000001e-1 1.0000000000000001e-1
    1.0000000000000001e-1 1.0000000000000001e-1 1.0000000000000001e-1
    1.0000000000000001e-1 1.0000000000000001e-1 1.0000000000000001e-1
    1.0000000000000001e-1 1.0000000000000001e-1 1.0000000000000001e-1
    1.0000000000000001e-1 1.0000000000000001e-1 1.0000000000000001e-1
    1.0000000000000001e-1 1.0000000000000001e-1 1.0000000000000001e-1
    1.0000000000000001e-1 1.0000000000000001e-1 1.0000000000000001e-1
    1.0000000000000001e-1 1.0000000000000001e-1 1.0000000000000001e-1
    1.0000000000000001e-1 1.0000000000000001e-1 1.0000000000000001e-1
    1.0000000000000001e-1 1.0000000000000001e-1 1.0000000000000001e-1
    1.0000000000000001e-1 1.0000000000000001e-1 1.0000000000000001e-1
    1.0000000000000001e-1 1.0000000000000001e-1 1.0000000000000001e-1
    1.0000000000000001e-1 1.0000000000000001e-1 1.0000000000000001e-1
    1.0000000000000001e-1 1.0000000000000001e-1 1.0000000000000001e-1
    1.0000000000000001e-1 1.0000000000000001e-1 1.0000000000000001e-1
    1.0000000000000001e-1 1.0000000000000001e-1 1.0000000000000001e-1
    1.0000000000000001e-1 1.0000000000000001e-1 1.0000000000000001e-1
    1.0000000000000001e-1 1.0000000000000001e-1 1.0000000000000001e-1
    1.0000000000000001e-1 1.0000000000000001e-1 1.0000000000000001e-1
    1.0000000000000001e-1 1.0000000000000001e-1 1.0000000000000001e-1
    1.0000000000000001e-1 1.0000000000000001e-1 1.0000000000000001e-1
    1.0000000000000001e-1 1.0000000000000001e-1 1.0000000000000001e-1
    1.0000000000000001e-1 1.0000000000000001e-1 1.0000000000000001e-1
    1.0000000000000001e-1 1.0000000000000001e-1 1.0000000000000001e-1
    1.0000000000000001e-1 1.0000000000000001e-1 1.0000000000000001e-1
    1.0000000000000001e-1 1.0000000000000001e-1 1.0000000000000001e-1
    1.0000000000000001e-1 1.0000000000000001e-1 1.0000000000000001e-1
    1.0000000000000001e-1 1.0000000000000001e-1 1.0000000000000001e-1
    1.0000000000000001e-1 1.0000000000000001e-1 1.0000000000000001e-1
    1.0000000000000001e-1 1.0000000000000001e-1 1.0000000000000001e-1
    1.0000000000000001e-1 1.0000000000000001e-1 1.0000000000000001e-1
    1.0000000000000001e-1 1.0000000000000001e-1 1.0000000000000001e-1
    1.0000000000000001e-1 1.0000000000000001e-1 1.0000000000000001e-1
    1.0000000000000001e-1 1.0000000000000001e-1 1.0000000000000001e-1
    1.0000000000000001e-1 1.0000000000000001e-1 1.0000000000000001e-1
    1.0000000000000001e-1 1.0000000000000001e-1 1.0000000000000001e-1
    1.0000000000000001e-1 1.0000000000000001e-1 1.0000000000000001e-1
    1.0000000000000001e-1 1.0000000000000001e-1 1.0000000000000001e-1
    1.0000000000000001e-1 1.0000000000000001e-1 1.0000000000000001e-1
    1.0000000000000001e-1 1.0000000000000001e-1 1.0000000000000001e-1
    1.0000000000000001e-1 1.0000000000000001e-1 1.0000000000000001e-1
    1.0000000000000001e-1 1.0000000000000001e-1 1.0000000000000001e-1
    1.0000000000000001e-1 1.0000000000000001e-1 1.0000000000000001e-1
    1.0000000000000001e-1 1.0000000000000001e-1 1.0000000000000001e-1
    1.0000000000000001e-1 1.0000000000000001e-1 1.0000000000000001e-1
    1.0000000000000001e-1 1.0000000000000001e-1 1.0000000000000001e-1
    1.0000000000000001e-1 1.0000000000000001e-1 1.0000000000000001e-1
    1.0000000000000001e-1 1.0000000000000001e-1 1.0000000000000001e-1
    1.0000000000000001e-1 1.0000000000000001e-1 1.0000000000000001e-1
    1.0000000000000001e-1 1.0000000000000001e-1 1.0000000000000001e-1
    1.0000000000000001e-1 1.0000000000000001e-1 1.0000000000000001e-1
    1.0000000000000001e-1 1.0000000000000001e-1 1.0000000000000001e-1
    1.0000000000000001e-1 1.0000000000000001e-1 1.0000000000000001e-1
    1.0000000000000001e-1 1.0000000000000001e-1 1.0000000000000001e-1
    1.0000000000000001e-1 1.0000000000000001e-1 1.0000000000000001e-1
    1.0000000000000001e-1 1.0000000000000001e-1 1.0000000000000001e-1
    1.0000000000000001e-1 1.0000000000000001e-1 1.0000000000000001e-1
    1.0000000000000001e-1 1.0000000000000001e-1 1.0000000000000001e-1
    1.0000000000000001e-1 1.0000000000000001e-1 1.0000000000000001e-1
    1.0000000000000001e-1 1.0000000000000001e-1 1.0000000000000001e-1
    1.0000000000000001e-1 1.0000000000000001e-1 1.0000000000000001e-1
    1.0000000000000001e-1 1.0000000000000001e-1 1.0000000000000001e-1
    1.0000000000000001e-1 1.0000000000000001e-1 1.0000000000000001e-1
    1.0000000000000001e-1 1.0000000000000001e-1 1.0000000000000001e-1
    1.0000000000000001e-1 1.0000000000000001e-1 1.0000000000000001e-1
    1.0000000000000001e-1 1.0000000000000001e-1 1.0000000000000001e-1
    1.0000000000000001e-1 1.0000000000000001e-1 1.0000000000000001e-1
    1.0000000000000001e-1 1.0000000000000001e-1 1.0000000000000001e-1
    1.0000000000000001e-1 1.0000000000000001e-1 1.0000000000000001e-1
    1.0000000000000001e-1 1.0000000000000001e-1 1.0000000000000001e-1
    1.0000000000000001e-1 1.0000000000000001e-1 1.0000000000000001e-1
    1.0000000000000001e-1 1.0000000000000001e-1 1.0000000000000001e-1
    1.0000000000000001e-1 1.0000000000000001e-1 1.0000000000000001e-1
    1.0000000000000001e-1 1.0000000000000001e-1 1.0000000000000001e-1
    1.0000000000000001e-1 1.0000000000000001e-1 1.0000000000000001e-1
    1.0000000000000001e-1 1.0000000000000001e-1 1.0000000000000001e-1
    1.0000000000000001e-1 1.0000000000000001e-1 1.0000000000000001e-1
    1.0000000000000001e-1 1.0000000000000001e-1 1.0000000000000001e-1
    1.0000000000000001e-1 1.0000000000000001e-1 1.0000000000000001e-1
    1.0000000000000001e-1 1.0000000000000001e-1 1.0000000000000001e-1
    1.0000000000000001e-1 1.0000000000000001e-1 1.0000000000000001e-1
    1.0000000000000001e-1 1.0000000000000001e-1 1.0000000000000001e-1
    1.0000000000000001e-1 1.0000000000000001e-1 1.0000000000000001e-1
    1.0000000000000001e-1 1.0000000000000001e-1 1.0000000000000001e-1
    1.0000000000000001e-1 1.0000000000000001e-1 1.0000000000000001e-1
    1.0000000000000001e-1 1.0000000000000001e-1 1.0000000000000001e-1
    1.0000000000000001e-1 1.0000000000000001e-1 1.0000000000000001e-1
    1.0000000000000001e-1 1.0000000000000001e-1 1.0000000000000001e-1
    1.0000000000000001e-1 1.0000000000000001e-1 1.0000000000000001e-1
    1.0000000000000001e-1 1.0000000000000001e-1 1.0000000000000001e-1
    1.0000000000000001e-1 1.0000000000000001e-1 1.0000000000000001e-1
    1.0000000000000001e-1 1.0000000000000001e-1 1.0000000000000001e-1
    1.0000000000000001e-1 1.0000000000000001e-1 1.0000000000000001e-1
    1.0000000000000001e-1 1.0000000000000001e-1 1.0000000000000001e-1
    1.0000000000000001e-1 1.0000000000000001e-1 1.0000000000000001e-1
    1.0000000000000001e-1 1.0000000000000001e-1 1.0000000000000001e-1
    1.0000000000000001e-1 1.0000000000000001e-1 1.0000000000000001e-1
    1.0000000000000001e-1 1.0000000000000001e-1 1.0000000000000001e-1
    1.0000000000000001e-1 1.0000000000000001e-1 1.0000000000000001e-1
    1.0000000000000001e-1 1.0000000000000001e-1 1.0000000000000001e-1
    1.0000000000000001e-1 1.0000000000000001e-1 1.0000000000000001e-1
    1.0000000000000001e-1 1.0000000000000001e-1 1.0000000000000001e-1
    1.0000000000000001e-1 1.0000000000000001e-1 1.0000000000000001e-1
    1.0000000000000001e-1 1.0000000000000001e-1 1.0000000000000001e-1
    1.0000000000000001e-1 1.0000000000000001e-1 1.0000000000000001e-1
    1.0000000000000001e-1 1.0000000000000001e-1 1.0000000000000001e-1
    1.0000000000000001e-1 1.0000000000000001e-1 1.0000000000000001e-1
    1.0000000000000001e-1 1.0000000000000001e-1 1.0000000000000001e-1
    1.0000000000000001e-1 1.0000000000000001e-1 1.0000000000000001e-1
    1.0000000000000001e-1 1.0000000000000001e-1 1.0000000000000001e-1
    1.0000000000000001e-1 1.0000000000000001e-1 1.0000000000000001e-1
    1.0000000000000001e-1 1.0000000000000001e-1 1.0000000000000001e-1
    1.0000000000000001e-1 1.0000000000000001e-1 1.0000000000000001e-1
    1.0000000000000001e-1 1.0000000000000001e-1 1.0000000000000001e-1
    1.0000000000000001e-1 1.0000000000000001e-1 1.0000000000000001e-1
    1.0000000000000001e-1 1.0000000000000001e-1 1.0000000000000001e-1
    1.0000000000000001e-1 1.0000000000000001e-1 1.0000000000000001e-1
    1.0000000000000001e-1 1.0000000000000001e-1 1.0000000000000001e-1
    1.0000000000000001e-1 1.0000000000000001e-1 1.0000000000000001e-1
    1.0000000000000001e-1 1.0000000000000001e-1 1.0000000000000001e-1
    1.0000000000000001e-1 1.0000000000000001e-1 1.0000000000000001e-1
    1.0000000000000001e-1 1.0000000000000001e-1 1.0000000000000001e-1
    1.0000000000000001e-1 1.0000000000000001e-1 1.0000000000000001e-1
    1.0000000000000001e-1 1.0000000000000001e-1 1.0000000000000001e-1
    1.0000000000000001e-1 1.0000000000000001e-1 1.0000000000000001e-1
    1.0000000000000001e-1 1.0000000000000001e-1 1.0000000000000001e-1
    1.0000000000000001e-1 1.0000000000000001e-1 1.0000000000000001e-1
    1.0000000000000001e-1 1.0000000000000001e-1 1.0000000000000001e-1
    1.0000000000000001e-1 1.0000000000000001e-1 1.0000000000000001e-1
    1.0000000000000001e-1 1.0000000000000001e-1 1.0000000000000001e-1
    1.0000000000000001e-1 1.0000000000000001e-1 1.0000000000000001e-1
    1.0000000000000001e-1 1.0000000000000001e-1 1.0000000000000001e-1
    1.0000000000000001e-1 1.0000000000000001e-1 1.0000000000000001e-1
    1.0000000000000001e-1 1.0000000000000001e-1 1.0000000000000001e-1
    1.0000000000000001e-1 1.0000000000000001e-1 1.0000000000000001e-1
    1.0000000000000001e-1 1.0000000000000001e-1 1.0000000000000001e-1
    1.0000000000000001e-1 1.0000000000000001e-1 1.0000000000000001e-1
    1.0000000000000001e-1 1.0000000000000001e-1 1.0000000000000001e-1
    1.0000000000000001e-1 1.0000000000000001e-1 1.0000000000000001e-1
    1.0000000000000001e-1 1.0000000000000001e-1 1.0000000000000001e-1
    1.0000000000000001e-1 1.0000000000000001e-1 1.0000000000000001e-1
    1.0000000000000001e-1 1.0000000000000001e-1 1.0000000000000001e-1
    1.0000000000000001e-1 1.0000000000000001e-1 1.0000000000000001e-1
    1.0000000000000001e-1 1.0000000000000001e-1 1.0000000000000001e-1
    1.0000000000000001e-1 1.0000000000000001e-1 1.0000000000000001e-1
    1.0000000000000001e-1 1.0000000000000001e-1 1.0000000000000001e-1
    1.0000000000000001e-1 1.0000000000000001e-1 1.0000000000000001e-1
    1.0000000000000001e-1 1.0000000000000001e-1 1.0000000000000001e-1
    1.0000000000000001e-1 1.0000000000000001e-1 1.0000000000000001e-1
    1.0000000000000001e-1 1.0000000000000001e-1 1.0000000000000001e-1
    1.0000000000000001e-1 1.0000000000000001e-1 1.0000000000000001e-1
    1.0000000000000001e-1 1.0000000000000001e-1 1.0000000000000001e-1
    1.0000000000000001e-1 1.0000000000000001e-1 1.0000000000000001e-1
    1.0000000000000001e-1 1.0000000000000001e-1 1.0000000000000001e-1
    1.0000000000000001e-1 1.0000000000000001e-1 1.0000000000000001e-1
    1.0000000000000001e-1 1.0000000000000001e-1 1.0000000000000001e-1
    1.0000000000000001e-1 1.0000000000000001e-1 1.0000000000000001e-1
    1.0000000000000001e-1 1.0000000000000001e-1 1.0000000000000001e-1
    1.0000000000000001e-1 1.0000000000000001e-1 1.0000000000000001e-1
    1.0000000000000001e-1 1.0000000000000001e-1 1.0000000000000001e-1
    1.0000000000000001e-1 1.0000000000000001e-1 1.0000000000000001e-1
    1.0000000000000001e-1 1.0000000000000001e-1 1.0000000000000001e-1
    1.0000000000000001e-1 1.0000000000000001e-1 1.0000000000000001e-1
    1.0000000000000001e-1 1.0000000000000001e-1 1.0000000000000001e-1
    1.0000000000000001e-1 1.0000000000000001e-1 1.0000000000000001e-1
    1.0000000000000001e-1 1.0000000000000001e-1 1.0000000000000001e-1
    1.0000000000000001e-1 1.0000000000000001e-1 1.0000000000000001e-1
    1.0000000000000001e-1 1.0000000000000001e-1 1.0000000000000001e-1
    1.0000000000000001e-1 1.0000000000000001e-1 1.0000000000000001e-1
    1.0000000000000001e-1 1.0000000000000001e-1 1.0000000000000001e-1
    1.0000000000000001e-1 1.0000000000000001e-1 1.0000000000000001e-1
    1.0000000000000001e-1 1.0000000000000001e-1 1.0000000000000001e-1
    1.0000000000000001e-1 1.0000000000000001e-1 1.0000000000000001e-1
    1.0000000000000001e-1 1.0000000000000001e-1 1.0000000000000001e-1
    1.0000000000000001e-1 1.0000000000000001e-1 1.0000000000000001e-1
    1.0000000000000001e-1 1.0000000000000001e-1 1.0000000000000001e-1
    1.0000000000000001e-1 1.0000000000000001e-1 1.0000000000000001e-1
    1.0000000000000001e-1 1.0000000000000001e-1 1.0000000000000001e-1
    1.0000000000000001e-1 1.0000000000000001e-1 1.0000000000000001e-1
    1.0000000000000001e-1 1.0000000000000001e-1 1.0000000000000001e-1
    1.0000000000000001e-1 1.0000000000000001e-1 1.0000000000000001e-1
    1.0000000000000001e-1 1.0000000000000001e-1 1.0000000000000001e-1
    1.0000000000000001e-1 1.0000000000000001e-1 1.0000000000000001e-1
    1.0000000000000001e-1 1.0000000000000001e-1 1.0000000000000001e-1
    1.0000000000000001e-1 1.0000000000000001e-1 1.0000000000000001e-1
    1.0000000000000001e-1 1.0000000000000001e-1 1.0000000000000001e-1
    1.0000000000000001e-1 1.0000000000000001e-1 1.0000000000000001e-1
    1.0000000000000001e-1 1.0000000000000001e-1 1.0000000000000001e-1
    1.0000000000000001e-1 1.0000000000000001e-1 1.0000000000000001e-1
    1.0000000000000001e-1 1.0000000000000001e-1 1.0000000000000001e-1
    1.0000000000000001e-1 1.0000000000000001e-1 1.0000000000000001e-1
    1.0000000000000001e-1 1.0000000000000001e-1 1.0000000000000001e-1
    1.0000000000000001e-1 1.0000000000000001e-1 1.0000000000000001e-1
    1.0000000000000001e-1 1.0000000000000001e-1 1.0000000000000001e-1
    1.0000000000000001e-1 1.0000000000000001e-1 1.0000000000000001e-1
    1.0000000000000001e-1 1.0000000000000001e-1 1.0000000000000001e-1
    1.0000000000000001e-1 1.0000000000000001e-1 1.0000000000000001e-1
    1.0000000000000001e-1 1.0000000000000001e-1 1.0000000000000001e-1
    1.0000000000000001e-1 1.0000000000000001e-1 1.0000000000000001e-1
    1.0000000000000001e-1 1.0000000000000001e-1 1.0000000000000001e-1
    1.0000000000000001e-1 1.0000000000000001e-1 1.0000000000000001e-1
    1.0000000000000001e-1 1.0000000000000001e-1 1.0000000000000001e-1
    1.0000000000000001e-1 1.0000000000000001e-1 1.0000000000000001e-1
    1.0000000000000001e-1 1.0000000000000001e-1 1.0000000000000001e-1
    1.0000000000000001e-1 1.0000000000000001e-1 1.0000000000000001e-1
    1.0000000000000001e-1 1.0000000000000001e-1 1.0000000000000001e-1
    1.0000000000000001e-1 1.0000000000000001e-1 1.0000000000000001e-1
    1.0000000000000001e-1 1.0000000000000001e-1 1.0000000000000001e-1
    1.0000000000000001e-1 1.0000000000000001e-1 1.0000000000000001e-1
    1.0000000000000001e-1 1.0000000000000001e-1 1.0000000000000001e-1
    1.0000000000000001e-1 1.0000000000000001e-1 1.0000000000000001e-1
    1.0000000000000001e-1 1.0000000000000001e-1 1.0000000000000001e-1
    1.0000000000000001e-1 1.0000000000000001e-1 1.0000000000000001e-1
    1.0000000000000001e-1 1.0000000000000001e-1 1.0000000000000001e-1
    1.0000000000000001e-1 1.0000000000000001e-1 1.0000000000000001e-1
    1.0000000000000001e-1 1.0000000000000001e-1 1.0000000000000001e-1
    1.0000000000000001e-1 1.0000000000000001e-1 1.0000000000000001e-1
    1.0000000000000001e-1 1.0000000000000001e-1 1.0000000000000001e-1
    1.0000000000000001e-1 1.0000000000000001e-1 1.0000000000000001e-1
    1.0000000000000001e-1 1.0000000000000001e-1 1.0000000000000001e-1
    1.0000000000000001e-1 1.0000000000000001e-1 1.0000000000000001e-1
    1.0000000000000001e-1 1.0000000000000001e-1 1.0000000000000001e-1
    1.0000000000000001e-1 1.0000000000000001e-1 1.0000000000000001e-1
    1.0000000000000001e-1 1.0000000000000001e-1 1.0000000000000001e-1
    1.0000000000000001e-1 1.0000000000000001e-1 1.0000000000000001e-1
    1.0000000000000001e-1 1.0000000000000001e-1 1.0000000000000001e-1
    1.0000000000000001e-1 1.0000000000000001e-1 1.0000000000000001e-1
    1.0000000000000001e-1 1.0000000000000001e-1 1.0000000000000001e-1
    1.0000000000000001e-1 1.0000000000000001e-1 1.0000000000000001e-1
    1.0000000000000001e-1 1.0000000000000001e-1 1.0000000000000001e-1
    1.0000000000000001e-1 1.0000000000000001e-1 1.0000000000000001e-1
    1.0000000000000001e-1 1.0000000000000001e-1 1.0000000000000001e-1
    1.0000000000000001e-1 1.0000000000000001e-1 1.0000000000000001e-1
    1.0000000000000001e-1 1.0000000000000001e-1 1.0000000000000001e-1
    1.0000000000000001e-1 1.0000000000000001e-1 1.0000000000000001e-1
    1.0000000000000001e-1 1.0000000000000001e-1 1.0000000000000001e-1
    1.0000000000000001e-1 1.0000000000000001e-1 1.0000000000000001e-1
    1.0000000000000001e-1 1.0000000000000001e-1 1.0000000000000001e-1
    1.0000000000000001e-1 1.0000000000000001e-1 1.0000000000000001e-1
    1.0000000000000001e-1 1.0000000000000001e-1 1.0000000000000001e-1
    1.0000000000000001e-1 1.0000000000000001e-1 1.0000000000000001e-1
    1.0000000000000001e-1 1.0000000000000001e-1 1.0000000000000001e-1
    1.0000000000000001e-1 1.0000000000000001e-1 1.0000000000000001e-1
    1.0000000000000001e-1 1.0000000000000001e-1 1.0000000000000001e-1
    1.0000000000000001e-1 1.0000000000000001e-1 1.0000000000000001e-1
    1.0000000000000001e-1 1.0000000000000001e-1 1.0000000000000001e-1
    1.0000000000000001e-1 1.0000000000000001e-1 1.0000000000000001e-1
    1.0000000000000001e-1 1.0000000000000001e-1 1.0000000000000001e-1
    1.0000000000000001e-1 1.0000000000000001e-1 1.0000000000000001e-1
    1.0000000000000001e-1 1.0000000000000001e-1 1.0000000000000001e-1
    1.0000000000000001e-1 1.0000000000000001e-1 1.0000000000000001e-1
    1.0000000000000001e-1 1.0000000000000001e-1 1.0000000000000001e-1
    1.0000000000000001e-1 1.0000000000000001e-1 1.0000000000000001e-1
    1.0000000000000001e-1 1.0000000000000001e-1 1.0000000000000001e-1
    1.0000000000000001e-1 1.0000000000000001e-1 1.0000000000000001e-1
    1.0000000000000001e-1 1.0000000000000001e-1 1.0000000000000001e-1
    1.0000000000000001e-1 1.0000000000000001e-1 1.0000000000000001e-1
    1.0000000000000001e-1 1.0000000000000001e-1 1.0000000000000001e-1
    1.0000000000000001e-1 1.0000000000000001e-1 1.0000000000000001e-1
    1.0000000000000001e-1 1.0000000000000001e-1 1.0000000000000001e-1
    1.0000000000000001e-1 1.0000000000000001e-1 1.0000000000000001e-1
    1.0000000000000001e-1 1.0000000000000001e-1 1.0000000000000001e-1
    1.0000000000000001e-1 1.0000000000000001e-1 1.0000000000000001e-1
    1.0000000000000001e-1 1.0000000000000001e-1 1.0000000000000001e-1
    1.0000000000000001e-1 1.0000000000000001e-1 1.0000000000000001e-1
    1.0000000000000001e-1 1.0000000000000001e-1 1.0000000000000001e-1
    1.0000000000000001e-1 1.0000000000000001e-1 1.0000000000000001e-1
    1.0000000000000001e-1 1.0000000000000001e-1 1.0000000000000001e-1
    1.0000000000000001e-1 1.0000000000000001e-1 1.0000000000000001e-1
    1.0000000000000001e-1 1.0000000000000001e-1 1.0000000000000001e-1
    1.0000000000000001e-1 1.0000000000000001e-1 1.0000000000000001e-1
    1.0000000000000001e-1 1.0000000000000001e-1 1.0000000000000001e-1
    1.0000000000000001e-1 1.0000000000000001e-1 1.0000000000000001e-1
    1.0000000000000001e-1 1.0000000000000001e-1 1.0000000000000001e-1
    1.0000000000000001e-1 1.0000000000000001e-1 1.0000000000000001e-1
    1.0000000000000001e-1 1.0000000000000001e-1 1.0000000000000001e-1
    1.0000000000000001e-1 1.0000000000000001e-1 1.0000000000000001e-1
    1.0000000000000001e-1 1.0000000000000001e-1 1.0000000000000001e-1
    1.0000000000000001e-1 1.0000000000000001e-1 1.0000000000000001e-1
    1.0000000000000001e-1 1.0000000000000001e-1 1.0000000000000001e-1
    1.0000000000000001e-1 1.0000000000000001e-1 1.0000000000000001e-1
    1.0000000000000001e-1 1.0000000000000001e-1 1.0000000000000001e-1
    1.0000000000000001e-1 1.0000000000000001e-1 1.0000000000000001e-1
    1.0000000000000001e-1 1.0000000000000001e-1 1.0000000000000001e-1
    1.0000000000000001e-1 1.0000000000000001e-1 1.0000000000000001e-1
    1.0000000000000001e-1 1.0000000000000001e-1 1.0000000000000001e-1
    1.0000000000000001e-1 1.0000000000000001e-1 1.0000000000000001e-1
    1.0000000000000001e-1 1.0000000000000001e-1 1.0000000000000001e-1
    1.0000000000000001e-1 1.0000000000000001e-1 1.0000000000000001e-1
    1.0000000000000001e-1 1.0000000000000001e-1 1.0000000000000001e-1
    1.0000000000000001e-1 1.0000000000000001e-1 1.0000000000000001e-1
    1.0000000000000001e-1 1.0000000000000001e-1 1.0000000000000001e-1
    1.0000000000000001e-1 1.0000000000000001e-1 1.0000000000000001e-1
    1.0000000000000001e-1 1.0000000000000001e-1 1.0000000000000001e-1
    1.0000000000000001e-1 1.0000000000000001e-1 1.0000000000000001e-1
    1.0000000000000001e-1 1.0000000000000001e-1 1.0000000000000001e-1
    1.0000000000000001e-1 1.0000000000000001e-1 1.0000000000000001e-1
    1.0000000000000001e-1 1.0000000000000001e-1 1.0000000000000001e-1
    1.0000000000000001e-1 1.0000000000000001e-1 1.0000000000000001e-1
    1.0000000000000001e-1 1.0000000000000001e-1 1.0000000000000001e-1
    1.0000000000000001e-1 1.0000000000000001e-1 1.0000000000000001e-1
    1.0000000000000001e-1 1.0000000000000001e-1 1.0000000000000001e-1
    1.0000000000000001e-1 1.0000000000000001e-1 1.0000000000000001e-1
    1.0000000000000001e-1 1.0000000000000001e-1 1.0000000000000001e-1
    1.0000000000000001e-1 1.0000000000000001e-1 1.0000000000000001e-1
    1.0000000000000001e-1 1.0000000000000001e-1 1.0000000000000001e-1
    1.0000000000000001e-1 1.0000000000000001e-1 1.0000000000000001e-1
    1.0000000000000001e-1 1.0000000000000001e-1 1.0000000000000001e-1
    1.0000000000000001e-1 1.0000000000000001e-1 1.0000000000000001e-1
    1.0000000000000001e-1 1.0000000000000001e-1 1.0000000000000001e-1
    1.0000000000000001e-1 1.0000000000000001e-1 1.0000000000000001e-1
    1.0000000000000001e-1 1.0000000000000001e-1 1.0000000000000001e-1
    1.0000000000000001e-1 1.0000000000000001e-1 1.0000000000000001e-1
    1.0000000000000001e-1 1.0000000000000001e-1 1.0000000000000001e-1
    1.0000000000000001e-1 1.0000000000000001e-1 1.0000000000000001e-1
    1.0000000000000001e-1 1.0000000000000001e-1 1.0000000000000001e-1
    1.0000000000000001e-1 1.0000000000000001e-1 1.0000000000000001e-1
    1.0000000000000001e-1 1.0000000000000001e-1 1.0000000000000001e-1
    1.0000000000000001e-1 1.0000000000000001e-1 1.0000000000000001e-1
    1.0000000000000001e-1 1.0000000000000001e-1 1.0000000000000001e-1
    1.0000000000000001e-1 1.0000000000000001e-1 1.0000000000000001e-1
    1.0000000000000001e-1 1.0000000000000001e-1 1.0000000000000001e-1
    1.0000000000000001e-1 1.0000000000000001e-1 1.0000000000000001e-1
    1.0000000000000001e-1 1.0000000000000001e-1 1.0000000000000001e-1
    1.0000000000000001e-1 1.0000000000000001e-1 1.0000000000000001e-1
    1.0000000000000001e-1 1.0000000000000001e-1 1.0000000000000001e-1
    1.0000000000000001e-1 1.0000000000000001e-1 1.0000000000000001e-1
    1.0000000000000001e-1 1.0000000000000001e-1 1.0000000000000001e-1
    1.0000000000000001e-1 1.0000000000000001e-1 1.0000000000000001e-1
    1.0000000000000001e-1 1.0000000000000001e-1 1.0000000000000001e-1
    1.0000000000000001e-1 1.0000000000000001e-1 1.0000000000000001e-1
    1.0000000000000001e-1 1.0000000000000001e-1 1.0000000000000001e-1
    1.0000000000000001e-1 1.0000000000000001e-1 1.0000000000000001e-1
    1.0000000000000001e-1 1.0000000000000001e-1 1.0000000000000001e-1
    1.0000000000000001e-1 1.0000000000000001e-1 1.0000000000000001e-1
    1.0000000000000001e-1 1.0000000000000001e-1 1.0000000000000001e-1
    1.0000000000000001e-1 1.0000000000000001e-1 1.0000000000000001e-1
    1.0000000000000001e-1 1.0000000000000001e-1 1.0000000000000001e-1
    1.0000000000000001e-1 1.0000000000000001e-1 1.0000000000000001e-1
    1.0000000000000001e-1 1.0000000000000001e-1 1.0000000000000001e-1
    1.0000000000000001e-1 1.0000000000000001e-1 1.0000000000000001e-1
    1.0000000000000001e-1 1.0000000000000001e-1 1.0000000000000001e-1
    1.0000000000000001e-1 1.0000000000000001e-1 1.0000000000000001e-1
    1.0000000000000001e-1 1.0000000000000001e-1 1.0000000000000001e-1
    1.0000000000000001e-1 1.0000000000000001e-1 1.0000000000000001e-1
    1.0000000000000001e-1 1.0000000000000001e-1 1.0000000000000001e-1
    1.0000000000000001e-1 1.0000000000000001e-1 1.0000000000000001e-1
    1.0000000000000001e-1 1.0000000000000001e-1 1.0000000000000001e-1
    1.0000000000000001e-1 1.0000000000000001e-1 1.0000000000000001e-1
    1.0000000000000001e-1 1.0000000000000001e-1 1.0000000000000001e-1
    1.0000000000000001e-1 1.0000000000000001e-1 1.0000000000000001e-1
    1.0000000000000001e-1 1.0000000000000001e-1 1.0000000000000001e-1
    1.0000000000000001e-1 1.0000000000000001e-1 1.0000000000000001e-1
    1.0000000000000001e-1 1.0000000000000001e-1 1.0000000000000001e-1
    1.0000000000000001e-1 1.0000000000000001e-1 1.0000000000000001e-1
    1.0000000000000001e-1 1.0000000000000001e-1 1.0000000000000001e-1
    1.0000000000000001e-1 1.0000000000000001e-1 1.0000000000000001e-1
    1.0000000000000001e-1 1.0000000000000001e-1 1.0000000000000001e-1
    1.0000000000000001e-1 1.0000000000000001e-1 1.0000000000000001e-1
    1.0000000000000001e-1 1.0000000000000001e-1 1.0000000000000001e-1
    1.0000000000000001e-1 1.0000000000000001e-1 1.0000000000000001e-1
    1.0000000000000001e-1 1.0000000000000001e-1 1.0000000000000001e-1
    1.0000000000000001e-1 1.0000000000000001e-1 1.0000000000000001e-1
    1.0000000000000001e-1 1.0000000000000001e-1 1.0000000000000001e-1
    1.0000000000000001e-1 1.0000000000000001e-1 1.0000000000000001e-1
    1.0000000000000001e-1 1.0000000000000001e-1 1.0000000000000001e-1
    1.0000000000000001e-1 1.0000000000000001e-1 1.0000000000000001e-1
    1.0000000000000001e-1 1.0000000000000001e-1 1.0000000000000001e-1
    1.0000000000000001e-1 1.0000000000000001e-1 1.0000000000000001e-1
    1.0000000000000001e-1 1.0000000000000001e-1 1.0000000000000001e-1
    1.0000000000000001e-1 1.0000000000000001e-1 1.0000000000000001e-1
    1.0000000000000001e-1 1.0000000000000001e-1 1.0000000000000001e-1
    1.0000000000000001e-1 1.0000000000000001e-1 1.0000000000000001e-1
    1.0000000000000001e-1 1.0000000000000001e-1 1.0000000000000001e-1
    1.0000000000000001e-1 1.0000000000000001e-1 1.0000000000000001e-1
    1.0000000000000001e-1 1.0000000000000001e-1 1.0000000000000001e-1
    1.0000000000000001e-1 1.0000000000000001e-1 1.0000000000000001e-1
    1.0000000000000001e-1 1.0000000000000001e-1 1.0000000000000001e-1
    1.0000000000000001e-1 1.0000000000000001e-1 1.0000000000000001e-1
    1.0000000000000001e-1 1.0000000000000001e-1 1.0000000000000001e-1
    1.0000000000000001e-1 1.0000000000000001e-1 1.0000000000000001e-1
    1.0000000000000001e-1 1.0000000000000001e-1 1.0000000000000001e-1
    1.0000000000000001e-1 1.0000000000000001e-1 1.0000000000000001e-1
    1.0000000000000001e-1 1.0000000000000001e-1 1.0000000000000001e-1
    1.0000000000000001e-1 1.0000000000000001e-1 1.0000000000000001e-1
    1.0000000000000001e-1 1.0000000000000001e-1 1.0000000000000001e-1
    1.0000000000000001e-1 1.0000000000000001e-1 1.0000000000000001e-1
    1.0000000000000001e-1 1.0000000000000001e-1 1.0000000000000001e-1
    1.0000000000000001e-1 1.0000000000000001e-1 1.0000000000000001e-1
    1.0000000000000001e-1 1.0000000000000001e-1 1.0000000000000001e-1
    1.0000000000000001e-1 1.0000000000000001e-1 1.0000000000000001e-1
    1.0000000000000001e-1 1.0000000000000001e-1 1.0000000000000001e-1
    1.0000000000000001e-1 1.0000000000000001e-1 1.0000000000000001e-1
    1.0000000000000001e-1 1.0000000000000001e-1 1.0000000000000001e-1
    1.0000000000000001e-1 1.0000000000000001e-1 1.0000000000000001e-1
    1.0000000000000001e-1 1.0000000000000001e-1 1.0000000000000001e-1
    1.0000000000000001e-1 1.0000000000000001e-1 1.0000000000000001e-1
    1.0000000000000001e-1 1.0000000000000001e-1 1.0000000000000001e-1
    1.0000000000000001e-1 1.0000000000000001e-1 1.0000000000000001e-1
    1.0000000000000001e-1 1.0000000000000001e-1 1.0000000000000001e-1
    1.0000000000000001e-1 1.0000000000000001e-1 1.0000000000000001e-1
    1.0000000000000001e-1 1.0000000000000001e-1 1.0000000000000001e-1
    1.0000000000000001e-1 1.0000000000000001e-1 1.0000000000000001e-1
    1.0000000000000001e-1 1.0000000000000001e-1 1.0000000000000001e-1
    1.0000000000000001e-1 1.0000000000000001e-1 1.0000000000000001e-1
    1.0000000000000001e-1 1.0000000000000001e-1 1.0000000000000001e-1
    1.0000000000000001e-1 1.0000000000000001e-1 1.0000000000000001e-1
    1.0000000000000001e-1 1.0000000000000001e-1 1.0000000000000001e-1
    1.0000000000000001e-1 1.0000000000000001e-1 1.0000000000000001e-1
    1.0000000000000001e-1 1.0000000000000001e-1 1.0000000000000001e-1
    1.0000000000000001e-1 1.0000000000000001e-1 1.0000000000000001e-1
    1.0000000000000001e-1 1.0000000000000001e-1 1.0000000000000001e-1
    1.0000000000000001e-1 1.0000000000000001e-1 1.0000000000000001e-1
    1.0000000000000001e-1 1.0000000000000001e-1 1.0000000000000001e-1
    1.0000000000000001e-1 1.0000000000000001e-1 1.0000000000000001e-1
    1.0000000000000001e-1 1.0000000000000001e-1 1.0000000000000001e-1
    1.0000000000000001e-1 1.0000000000000001e-1 1.0000000000000001e-1
    1.0000000000000001e-1 1.0000000000000001e-1 1.0000000000000001e-1
    1.0000000000000001e-1 1.0000000000000001e-1 1.0000000000000001e-1
    1.0000000000000001e-1 1.0000000000000001e-1 1.0000000000000001e-1
    1.0000000000000001e-1 1.0000000000000001e-1 1.0000000000000001e-1
    1.0000000000000001e-1 1.0000000000000001e-1 1.0000000000000001e-1
    1.0000000000000001e-1 1.0000000000000001e-1 1.0000000000000001e-1
    1.0000000000000001e-1 1.0000000000000001e-1 1.0000000000000001e-1
    1.0000000000000001e-1 1.0000000000000001e-1 1.0000000000000001e-1
    1.0000000000000001e-1 1.0000000000000001e-1 1.0000000000000001e-1
    1.0000000000000001e-1 1.0000000000000001e-1 1.0000000000000001e-1
    1.0000000000000001e-1 1.0000000000000001e-1 1.0000000000000001e-1
    1.0000000000000001e-1 1.0000000000000001e-1 1.0000000000000001e-1
    1.0000000000000001e-1 1.0000000000000001e-1 1.0000000000000001e-1
    1.0000000000000001e-1 1.0000000000000001e-1 1.0000000000000001e-1
    1.0000000000000001e-1 1.0000000000000001e-1 1.0000000000000001e-1
    1.0000000000000001e-1 1.0000000000000001e-1 1.0000000000000001e-1
    1.0000000000000001e-1 1.0000000000000001e-1 1.0000000000000001e-1
    1.0000000000000001e-1 1.0000000000000001e-1 1.0000000000000001e-1
    1.0000000000000001e-1 1.0000000000000001e-1 1.0000000000000001e-1
    1.0000000000000001e-1 1.0000000000000001e-1 1.0000000000000001e-1
    1.0000000000000001e-1 1.0000000000000001e-1 1.0000000000000001e-1
    1.0000000000000001e-1 1.0000000000000001e-1 1.0000000000000001e-1
    1.0000000000000001e-1 1.0000000000000001e-1 1.0000000000000001e-1
    1.0000000000000001e-1 1.0000000000000001e-1 1.0000000000000001e-1
    1.0000000000000001e-1 1.0000000000000001e-1 1.0000000000000001e-1
    1.0000000000000001e-1 1.0000000000000001e-1 1.0000000000000001e-1
    1.0000000000000001e-1 1.0000000000000001e-1 1.0000000000000001e-1
    1.0000000000000001e-1 1.0000000000000001e-1 1.0000000000000001e-1
    1.0000000000000001e-1 1.0000000000000001e-1 1.0000000000000001e-1
    1.0000000000000001e-1 1.0000000000000001e-1 1.0000000000000001e-1
    1.0000000000000001e-1 1.0000000000000001e-1 1.0000000000000001e-1
    1.0000000000000001e-1 1.0000000000000001e-1 1.0000000000000001e-1
    1.0000000000000001e-1 1.0000000000000001e-1 1.0000000000000001e-1
    1.0000000000000001e-1 1.0000000000000001e-1 1.0000000000000001e-1
    1.0000000000000001e-1 1.0000000000000001e-1 1.0000000000000001e-1
    1.0000000000000001e-1 1.0000000000000001e-1 1.0000000000000001e-1
    1.0000000000000001e-1 1.0000000000000001e-1 1.0000000000000001e-1
    1.0000000000000001e-1 1.0000000000000001e-1 1.0000000000000001e-1
    1.0000000000000001e-1 1.0000000000000001e-1 1.0000000000000001e-1
    1.0000000000000001e-1 1.0000000000000001e-1 1.0000000000000001e-1
    1.0000000000000001e-1 1.0000000000000001e-1 1.0000000000000001e-1
    1.0000000000000001e-1 1.0000000000000001e-1 1.0000000000000001e-1
    1.0000000000000001e-1 1.0000000000000001e-1 1.0000000000000001e-1
    1.0000000000000001e-1 1.0000000000000001e-1 1.0000000000000001e-1
    1.0000000000000001e-1 1.0000000000000001e-1 1.0000000000000001e-1
    1.0000000000000001e-1 1.0000000000000001e-1 1.0000000000000001e-1
    1.0000000000000001e-1 1.0000000000000001e-1 1.0000000000000001e-1
    1.0000000000000001e-1 1.0000000000000001e-1 1.0000000000000001e-1
    1.0000000000000001e-1 1.0000000000000001e-1 1.0000000000000001e-1
    1.0000000000000001e-1 1.0000000000000001e-1 1.0000000000000001e-1
    1.0000000000000001e-1 1.0000000000000001e-1 1.0000000000000001e-1
    1.0000000000000001e-1 1.0000000000000001e-1 1.0000000000000001e-1
    1.0000000000000001e-1 1.0000000000000001e-1 1.0000000000000001e-1
    1.0000000000000001e-1 1.0000000000000001e-1 1.0000000000000001e-1
    1.0000000000000001e-1 1.0000000000000001e-1 1.0000000000000001e-1
    1.0000000000000001e-1 1.0000000000000001e-1 1.0000000000000001e-1
    1.0000000000000001e-1 1.0000000000000001e-1 1.0000000000000001e-1
    1.0000000000000001e-1 1.0000000000000001e-1 1.0000000000000001e-1
    1.0000000000000001e-1 1.0000000000000001e-1 1.0000000000000001e-1
    1.0000000000000001e-1 1.0000000000000001e-1 1.0000000000000001e-1
    1.0000000000000001e-1 1.0000000000000001e-1 1.0000000000000001e-1
    1.0000000000000001e-1 1.0000000000000001e-1 1.0000000000000001e-1
    1.0000000000000001e-1 1.0000000000000001e-1 1.0000000000000001e-1
    1.0000000000000001e-1 1.0000000000000001e-1 1.0000000000000001e-1
    1.0000000000000001e-1 1.0000000000000001e-1 1.0000000000000001e-1
    1.0000000000000001e-1 1.0000000000000001e-1 1.0000000000000001e-1
    1.0000000000000001e-1 1.0000000000000001e-1 1.0000000000000001e-1
    1.0000000000000001e-1 1.0000000000000001e-1 1.0000000000000001e-1
    1.0000000000000001e-1 1.0000000000000001e-1 1.0000000000000001e-1
    1.0000000000000001e-1 1.0000000000000001e-1 1.0000000000000001e-1
    1.0000000000000001e-1 1.0000000000000001e-1 1.0000000000000001e-1
    1.0000000000000001e-1 1.0000000000000001e-1 1.0000000000000001e-1
    1.0000000000000001e-1 1.0000000000000001e-1 1.0000000000000001e-1
    1.0000000000000001e-1 1.0000000000000001e-1 1.0000000000000001e-1
    1.0000000000000001e-1 1.0000000000000001e-1 1.0000000000000001e-1
    1.0000000000000001e-1 1.0000000000000001e-1 1.0000000000000001e-1
    1.0000000000000001e-1 1.0000000000000001e-1 1.0000000000000001e-1
    1.0000000000000001e-1 1.0000000000000001e-1 1.0000000000000001e-1
    1.0000000000000001e-1 1.0000000000000001e-1 1.0000000000000001e-1
    1.0000000000000001e-1 1.0000000000000001e-1 1.0000000000000001e-1
    1.0000000000000001e-1 1.0000000000000001e-1 1.0000000000000001e-1
    1.0000000000000001e-1 1.0000000000000001e-1 1.0000000000000001e-1
    1.0000000000000001e-1 1.0000000000000001e-1 1.0000000000000001e-1
    1.0000000000000001e-1 1.0000000000000001e-1 1.0000000000000001e-1
    1.0000000000000001e-1 1.0000000000000001e-1 1.0000000000000001e-1
    1.0000000000000001e-1 1.0000000000000001e-1 1.0000000000000001e-1
    1.0000000000000001e-1 1.0000000000000001e-1 1.0000000000000001e-1
    1.0000000000000001e-1 1.0000000000000001e-1 1.0000000000000001e-1
    1.0000000000000001e-1 1.0000000000000001e-1 1.0000000000000001e-1
    1.0000000000000001e-1 1.0000000000000001e-1 1.0000000000000001e-1
    1.0000000000000001e-1 1.0000000000000001e-1 1.0000000000000001e-1
    1.0000000000000001e-1 1.0000000000000001e-1 1.0000000000000001e-1
    1.0000000000000001e-1 1.0000000000000001e-1 1.0000000000000001e-1
    1.0000000000000001e-1 1.0000000000000001e-1 1.0000000000000001e-1
    1.0000000000000001e-1 1.0000000000000001e-1 1.0000000000000001e-1
    1.0000000000000001e-1 1.0000000000000001e-1 1.0000000000000001e-1
    1.0000000000000001e-1 1.0000000000000001e-1 1.0000000000000001e-1
    1.0000000000000001e-1 1.0000000000000001e-1 1.0000000000000001e-1
    1.0000000000000001e-1 1.0000000000000001e-1 1.0000000000000001e-1
    1.0000000000000001e-1 1.0000000000000001e-1 1.0000000000000001e-1
    1.0000000000000001e-1 1.0000000000000001e-1 1.0000000000000001e-1
    1.0000000000000001e-1 1.0000000000000001e-1 1.0000000000000001e-1
    1.0000000000000001e-1 1.0000000000000001e-1 1.0000000000000001e-1
    1.0000000000000001e-1 1.0000000000000001e-1 1.0000000000000001e-1
    1.0000000000000001e-1 1.0000000000000001e-1 1.0000000000000001e-1
    1.0000000000000001e-1 1.0000000000000001e-1 1.0000000000000001e-1
    1.0000000000000001e-1 1.0000000000000001e-1 1.0000000000000001e-1
    1.0000000000000001e-1 1.0000000000000001e-1 1.0000000000000001e-1
    1.0000000000000001e-1 1.0000000000000001e-1 1.0000000000000001e-1
    1.0000000000000001e-1 1.0000000000000001e-1 1.0000000000000001e-1
    1.0000000000000001e-1 1.0000000000000001e-1 1.0000000000000001e-1
    1.0000000000000001e-1 1.0000000000000001e-1 1.0000000000000001e-1
    1.0000000000000001e-1 1.0000000000000001e-1 1.0000000000000001e-1
    1.0000000000000001e-1 1.0000000000000001e-1 1.0000000000000001e-1
    1.0000000000000001e-1 1.0000000000000001e-1 1.0000000000000001e-1
    1.0000000000000001e-1 1.0000000000000001e-1 1.0000000000000001e-1
    1.0000000000000001e-1 1.0000000000000001e-1 1.0000000000000001e-1
    1.0000000000000001e-1 1.0000000000000001e-1 1.0000000000000001e-1
    1.0000000000000001e-1 1.0000000000000001e-1 1.0000000000000001e-1
    1.0000000000000001e-1 1.0000000000000001e-1 1.0000000000000001e-1
    1.0000000000000001e-1 1.0000000000000001e-1 1.0000000000000001e-1
    1.0000000000000001e-1 1.0000000000000001e-1 1.0000000000000001e-1
    1.0000000000000001e-1 1.0000000000000001e-1 1.0000000000000001e-1
    1.0000000000000001e-1 1.0000000000000001e-1 1.0000000000000001e-1
    1.0000000000000001e-1 1.0000000000000001e-1 1.0000000000000001e-1
    1.0000000000000001e-1 1.0000000000000001e-1 1.0000000000000001e-1
    1.0000000000000001e-1 1.0000000000000001e-1 1.0000000000000001e-1
    1.0000000000000001e-1 1.0000000000000001e-1 1.0000000000000001e-1
    1.0000000000000001e-1 1.0000000000000001e-1 1.0000000000000001e-1
    1.0000000000000001e-1 1.0000000000000001e-1 1.0000000000000001e-1
    1.0000000000000001e-1 1.0000000000000001e-1 1.0000000000000001e-1
    1.0000000000000001e-1 1.0000000000000001e-1 1.0000000000000001e-1
    1.0000000000000001e-1 1.0000000000000001e-1 1.0000000000000001e-1
    1.0000000000000001e-1 1.0000000000000001e-1 1.0000000000000001e-1
    1.0000000000000001e-1 1.0000000000000001e-1 1.0000000000000001e-1
    1.0000000000000001e-1 1.0000000000000001e-1 1.0000000000000001e-1
    1.0000000000000001e-1 1.0000000000000001e-1 1.0000000000000001e-1
    1.0000000000000001e-1 1.0000000000000001e-1 1.0000000000000001e-1
    1.0000000000000001e-1 1.0000000000000001e-1 1.0000000000000001e-1
    1.0000000000000001e-1 1.0000000000000001e-1 1.0000000000000001e-1
    1.0000000000000001e-1 1.0000000000000001e-1 1.0000000000000001e-1
    1.0000000000000001e-1 1.0000000000000001e-1 1.0000000000000001e-1
    1.0000000000000001e-1 1.0000000000000001e-1 1.0000000000000001e-1
    1.0000000000000001e-1 1.0000000000000001e-1 1.0000000000000001e-1
    1.0000000000000001e-1 1.0000000000000001e-1 1.0000000000000001e-1
    1.0000000000000001e-1 1.0000000000000001e-1 1.0000000000000001e-1
    1.0000000000000001e-1 1.0000000000000001e-1 1.0000000000000001e-1
    1.0000000000000001e-1 1.0000000000000001e-1 1.0000000000000001e-1
    1.0000000000000001e-1 1.0000000000000001e-1 1.0000000000000001e-1
    1.0000000000000001e-1 1.0000000000000001e-1 1.0000000000000001e-1
    1.0000000000000001e-1 1.0000000000000001e-1 1.0000000000000001e-1
    1.0000000000000001e-1 1.0000000000000001e-1 1.0000000000000001e-1
    1.0000000000000001e-1 1.0000000000000001e-1 1.0000000000000001e-1
    1.0000000000000001e-1 1.0000000000000001e-1 1.0000000000000001e-1
    1.0000000000000001e-1 1.0000000000000001e-1 1.0000000000000001e-1
    1.0000000000000001e-1 1.0000000000000001e-1 1.0000000000000001e-1
    1.0000000000000001e-1 1.0000000000000001e-1 1.0000000000000001e-1
    1.0000000000000001e-1 1.0000000000000001e-1 1.0000000000000001e-1
    1.0000000000000001e-1 1.0000000000000001e-1 1.0000000000000001e-1
    1.0000000000000001e-1 1.0000000000000001e-1 1.0000000000000001e-1
    1.0000000000000001e-1 1.0000000000000001e-1 1.0000000000000001e-1
    1.0000000000000001e-1 1.0000000000000001e-1 1.0000000000000001e-1
    1.0000000000000001e-1 1.0000000000000001e-1 1.0000000000000001e-1
    1.0000000000000001e-1 1.0000000000000001e-1 1.0000000000000001e-1
    1.0000000000000001e-1 1.0000000000000001e-1 1.0000000000000001e-1
    1.0000000000000001e-1 1.0000000000000001e-1 1.0000000000000001e-1
    1.0000000000000001e-1 1.0000000000000001e-1 1.0000000000000001e-1
    1.0000000000000001e-1 1.0000000000000001e-1 1.0000000000000001e-1
    1.0000000000000001e-1 1.0000000000000001e-1 1.0000000000000001e-1
    1.0000000000000001e-1 1.0000000000000001e-1 1.0000000000000001e-1
    1.0000000000000001e-1 1.0000000000000001e-1 1.0000000000000001e-1
    1.0000000000000001e-1 1.0000000000000001e-1 1.0000000000000001e-1
    1.0000000000000001e-1 1.0000000000000001e-1 1.0000000000000001e-1
    1.0000000000000001e-1 1.0000000000000001e-1 1.0000000000000001e-1
    1.0000000000000001e-1 1.0000000000000001e-1 1.0000000000000001e-1
    1.0000000000000001e-1 1.0000000000000001e-1 1.0000000000000001e-1
    1.0000000000000001e-1 1.0000000000000001e-1 1.0000000000000001e-1
    1.0000000000000001e-1 1.0000000000000001e-1 1.0000000000000001e-1
    1.0000000000000001e-1 1.0000000000000001e-1 1.0000000000000001e-1
    1.0000000000000001e-1 1.0000000000000001e-1 1.0000000000000001e-1
    1.0000000000000001e-1 1.0000000000000001e-1 1.0000000000000001e-1
    1.0000000000000001e-1 1.0000000000000001e-1 1.0000000000000001e-1
    1.0000000000000001e-1 1.0000000000000001e-1 1.0000000000000001e-1
    1.0000000000000001e-1 1.0000000000000001e-1 1.0000000000000001e-1
    1.0000000000000001e-1 1.0000000000000001e-1 1.0000000000000001e-1
    1.0000000000000001e-1 1.0000000000000001e-1 1.0000000000000001e-1
    1.0000000000000001e-1 1.0000000000000001e-1 1.0000000000000001e-1
    1.0000000000000001e-1 1.0000000000000001e-1 1.0000000000000001e-1
    1.0000000000000001e-1 1.0000000000000001e-1 1.0000000000000001e-1
    1.0000000000000001e-1 1.0000000000000001e-1 1.0000000000000001e-1
    1.0000000000000001e-1 1.0000000000000001e-1 1.0000000000000001e-1
    1.0000000000000001e-1 1.0000000000000001e-1 1.0000000000000001e-1
    1.0000000000000001e-1 1.0000000000000001e-1 1.0000000000000001e-1
    1.0000000000000001e-1 1.0000000000000001e-1 1.0000000000000001e-1
    1.0000000000000001e-1 1.0000000000000001e-1 1.0000000000000001e-1
    1.0000000000000001e-1 1.0000000000000001e-1 1.0000000000000001e-1
    1.0000000000000001e-1 1.0000000000000001e-1 1.0000000000000001e-1
    1.0000000000000001e-1 1.0000000000000001e-1 1.0000000000000001e-1
    1.0000000000000001e-1 1.0000000000000001e-1 1.0000000000000001e-1
    1.0000000000000001e-1 1.0000000000000001e-1 1.0000000000000001e-1
    1.0000000000000001e-1 1.0000000000000001e-1 1.0000000000000001e-1
    1.0000000000000001e-1 1.0000000000000001e-1 1.0000000000000001e-1
    1.0000000000000001e-1 1.0000000000000001e-1 1.0000000000000001e-1
    1.0000000000000001e-1 1.0000000000000001e-1 1.0000000000000001e-1
    1.0000000000000001e-1 1.0000000000000001e-1 1.0000000000000001e-1
    1.0000000000000001e-1 1.0000000000000001e-1 1.0000000000000001e-1
    1.0000000000000001e-1 1.0000000000000001e-1 1.0000000000000001e-1
    1.0000000000000001e-1 1.0000000000000001e-1 1.0000000000000001e-1
    1.0000000000000001e-1 1.0000000000000001e-1 1.0000000000000001e-1
    1.0000000000000001e-1 1.0000000000000001e-1 1.0000000000000001e-1
    1.0000000000000001e-1 1.0000000000000001e-1 1.0000000000000001e-1
    1.0000000000000001e-1 1.0000000000000001e-1 1.0000000000000001e-1
    1.0000000000000001e-1 1.0000000000000001e-1 1.0000000000000001e-1
    1.0000000000000001e-1 1.0000000000000001e-1 1.0000000000000001e-1
    1.0000000000000001e-1 1.0000000000000001e-1 1.0000000000000001e-1
    1.0000000000000001e-1 1.0000000000000001e-1 1.0000000000000001e-1
    1.0000000000000001e-1 1.0000000000000001e-1 1.0000000000000001e-1
    1.0000000000000001e-1 1.0000000000000001e-1 1.0000000000000001e-1
    1.0000000000000001e-1 1.0000000000000001e-1 1.0000000000000001e-1
    1.0000000000000001e-1 1.0000000000000001e-1 1.0000000000000001e-1
    1.0000000000000001e-1 1.0000000000000001e-1 1.0000000000000001e-1
    1.0000000000000001e-1 1.0000000000000001e-1 1.0000000000000001e-1
    1.0000000000000001e-1 1.0000000000000001e-1 1.0000000000000001e-1
    1.0000000000000001e-1 1.0000000000000001e-1 1.0000000000000001e-1
    1.0000000000000001e-1 1.0000000000000001e-1 1.0000000000000001e-1
    1.0000000000000001e-1 1.0000000000000001e-1 1.0000000000000001e-1
    1.0000000000000001e-1 1.0000000000000001e-1 1.0000000000000001e-1
    1.0000000000000001e-1 1.0000000000000001e-1 1.0000000000000001e-1
    1.0000000000000001e-1 1.0000000000000001e-1 1.0000000000000001e-1
    1.0000000000000001e-1 1.0000000000000001e-1 1.0000000000000001e-1
    1.0000000000000001e-1 1.0000000000000001e-1 1.0000000000000001e-1
    1.0000000000000001e-1 1.0000000000000001e-1 1.0000000000000001e-1
    1.0000000000000001e-1 1.0000000000000001e-1 1.0000000000000001e-1
    1.0000000000000001e-1 1.0000000000000001e-1 1.0000000000000001e-1
    1.0000000000000001e-1 1.0000000000000001e-1 1.0000000000000001e-1
    1.0000000000000001e-1 1.0000000000000001e-1 1.0000000000000001e-1
    1.0000000000000001e-1 1.0000000000000001e-1 1.0000000000000001e-1
    1.0000000000000001e-1 1.0000000000000001e-1 1.0000000000000001e-1
    1.0000000000000001e-1 1.0000000000000001e-1 1.0000000000000001e-1
    1.0000000000000001e-1 1.0000000000000001e-1 1.0000000000000001e-1
    1.0000000000000001e-1 1.0000000000000001e-1 1.0000000000000001e-1
    1.0000000000000001e-1 1.0000000000000001e-1 1.0000000000000001e-1
    1.0000000000000001e-1 1.0000000000000001e-1 1.0000000000000001e-1
    1.0000000000000001e-1 1.0000000000000001e-1 1.0000000000000001e-1
    1.0000000000000001e-1 1.0000000000000001e-1 1.0000000000000001e-1
    1.0000000000000001e-1 1.0000000000000001e-1 1.0000000000000001e-1
    1.0000000000000001e-1 1.0000000000000001e-1 1.0000000000000001e-1
    1.0000000000000001e-1 1.0000000000000001e-1 1.0000000000000001e-1
    1.0000000000000001e-1 1.0000000000000001e-1 1.0000000000000001e-1
    1.0000000000000001e-1 1.0000000000000001e-1 1.0000000000000001e-1
    1.0000000000000001e-1 1.0000000000000001e-1 1.0000000000000001e-1
    1.0000000000000001e-1 1.0000000000000001e-1 1.0000000000000001e-1
    1.0000000000000001e-1 1.0000000000000001e-1 1.0000000000000001e-1
    1.0000000000000001e-1 1.0000000000000001e-1 1.0000000000000001e-1
    1.0000000000000001e-1 1.0000000000000001e-1 1.0000000000000001e-1
    1.0000000000000001e-1 1.0000000000000001e-1 1.0000000000000001e-1
    1.0000000000000001e-1 1.0000000000000001e-1 1.0000000000000001e-1
    1.0000000000000001e-1 1.0000000000000001e-1 1.0000000000000001e-1
    1.0000000000000001e-1 1.0000000000000001e-1 1.0000000000000001e-1
    1.0000000000000001e-1 1.0000000000000001e-1 1.0000000000000001e-1
    1.0000000000000001e-1 1.0000000000000001e-1 1.0000000000000001e-1
    1.0000000000000001e-1 1.0000000000000001e-1 1.0000000000000001e-1
    1.0000000000000001e-1 1.0000000000000001e-1 1.0000000000000001e-1
    1.0000000000000001e-1 1.0000000000000001e-1 1.0000000000000001e-1
    1.0000000000000001e-1 1.0000000000000001e-1 1.0000000000000001e-1
    1.0000000000000001e-1 1.0000000000000001e-1 1.0000000000000001e-1
    1.0000000000000001e-1 1.0000000000000001e-1 1.0000000000000001e-1
    1.0000000000000001e-1 1.0000000000000001e-1 1.0000000000000001e-1
    1.0000000000000001e-1 1.0000000000000001e-1 1.0000000000000001e-1
    1.0000000000000001e-1 1.0000000000000001e-1 1.0000000000000001e-1
    1.0000000000000001e-1 1.0000000000000001e-1 1.0000000000000001e-1
    1.0000000000000001e-1 1.0000000000000001e-1 1.0000000000000001e-1
    1.0000000000000001e-1 1.0000000000000001e-1 1.0000000000000001e-1
    1.0000000000000001e-1 1.0000000000000001e-1 1.0000000000000001e-1
    1.0000000000000001e-1 1.0000000000000001e-1 1.0000000000000001e-1
    1.0000000000000001e-1 1.0000000000000001e-1 1.0000000000000001e-1
    1.0000000000000001e-1 1.0000000000000001e-1 1.0000000000000001e-1
    1.0000000000000001e-1 1.0000000000000001e-1 1.0000000000000001e-1
    1.0000000000000001e-1 1.0000000000000001e-1 1.0000000000000001e-1
    1.0000000000000001e-1 1.0000000000000001e-1 1.0000000000000001e-1
    1.0000000000000001e-1 1.0000000000000001e-1 1.0000000000000001e-1
    1.0000000000000001e-1 1.0000000000000001e-1 1.0000000000000001e-1
    1.0000000000000001e-1 1.0000000000000001e-1 1.0000000000000001e-1
    1.0000000000000001e-1 1.0000000000000001e-1 1.0000000000000001e-1
    1.0000000000000001e-1 1.0000000000000001e-1 1.0000000000000001e-1
    1.0000000000000001e-1 1.0000000000000001e-1 1.0000000000000001e-1
    1.0000000000000001e-1 1.0000000000000001e-1 1.0000000000000001e-1
    1.0000000000000001e-1 1.0000000000000001e-1 1.0000000000000001e-1
    1.0000000000000001e-1 1.0000000000000001e-1 1.0000000000000001e-1
    1.0000000000000001e-1 1.0000000000000001e-1 1.0000000000000001e-1
    1.0000000000000001e-1 1.0000000000000001e-1 1.0000000000000001e-1
    1.0000000000000001e-1 1.0000000000000001e-1 1.0000000000000001e-1
    1.0000000000000001e-1 1.0000000000000001e-1 1.0000000000000001e-1
    1.0000000000000001e-1 1.0000000000000001e-1 1.0000000000000001e-1
    1.0000000000000001e-1 1.0000000000000001e-1 1.0000000000000001e-1
    1.0000000000000001e-1 1.0000000000000001e-1 1.0000000000000001e-1
    1.0000000000000001e-1 1.0000000000000001e-1 1.0000000000000001e-1
    1.0000000000000001e-1 1.0000000000000001e-1 1.0000000000000001e-1
    1.0000000000000001e-1 1.0000000000000001e-1 1.0000000000000001e-1
    1.0000000000000001e-1 1.0000000000000001e-1 1.0000000000000001e-1
    1.0000000000000001e-1 1.0000000000000001e-1 1.0000000000000001e-1
    1.0000000000000001e-1 1.0000000000000001e-1 1.0000000000000001e-1
    1.0000000000000001e-1 1.0000000000000001e-1 1.0000000000000001e-1
    1.0000000000000001e-1 1.0000000000000001e-1 1.0000000000000001e-1
    1.0000000000000001e-1 1.0000000000000001e-1 1.0000000000000001e-1
    1.0000000000000001e-1 1.0000000000000001e-1 1.0000000000000001e-1
    1.0000000000000001e-1 1.0000000000000001e-1 1.0000000000000001e-1
    1.0000000000000001e-1 1.0000000000000001e-1 1.0000000000000001e-1
    1.0000000000000001e-1 1.0000000000000001e-1 1.0000000000000001e-1
    1.0000000000000001e-1 1.0000000000000001e-1 1.0000000000000001e-1
    1.0000000000000001e-1 1.0000000000000001e-1 1.0000000000000001e-1
    1.0000000000000001e-1 1.0000000000000001e-1 1.0000000000000001e-1
    1.0000000000000001e-1 1.0000000000000001e-1 1.0000000000000001e-1
    1.0000000000000001e-1 1.0000000000000001e-1 1.0000000000000001e-1
    1.0000000000000001e-1 1.0000000000000001e-1 1.0000000000000001e-1
    1.0000000000000001e-1 1.0000000000000001e-1 1.0000000000000001e-1
    1.0000000000000001e-1 1.0000000000000001e-1 1.0000000000000001e-1
    1.0000000000000001e-1 1.0000000000000001e-1 1.0000000000000001e-1
    1.0000000000000001e-1 1.0000000000000001e-1 1.0000000000000001e-1
    1.0000000000000001e-1 1.0000000000000001e-1 1.0000000000000001e-1
    1.0000000000000001e-1 1.0000000000000001e-1 1.0000000000000001e-1
    1.0000000000000001e-1 1.0000000000000001e-1 1.0000000000000001e-1
    1.0000000000000001e-1 1.0000000000000001e-1 1.0000000000000001e-1
    1.0000000000000001e-1 1.0000000000000001e-1 1.0000000000000001e-1
    1.0000000000000001e-1 1.0000000000000001e-1 1.0000000000000001e-1
    1.0000000000000001e-1 1.0000000000000001e-1 1.0000000000000001e-1
    1.0000000000000001e-1 1.0000000000000001e-1 1.0000000000000001e-1
    1.0000000000000001e-1 1.0000000000000001e-1 1.0000000000000001e-1
    1.0000000000000001e-1 1.0000000000000001e-1 1.0000000000000001e-1
    1.0000000000000001e-1 1.0000000000000001e-1 1.0000000000000001e-1
    1.0000000000000001e-1 1.0000000000000001e-1 1.0000000000000001e-1
    1.0000000000000001e-1 1.0000000000000001e-1 1.0000000000000001e-1
    1.0000000000000001e-1 1.0000000000000001e-1 1.0000000000000001e-1
    1.0000000000000001e-1 1.0000000000000001e-1 1.0000000000000001e-1
    1.0000000000000001e-1 1.0000000000000001e-1 1.0000000000000001e-1
    1.0000000000000001e-1 1.0000000000000001e-1 1.0000000000000001e-1
    1.0000000000000001e-1 1.0000000000000001e-1 1.0000000000000001e-1
    1.0000000000000001e-1 1.0000000000000001e-1 1.0000000000000001e-1
    1.0000000000000001e-1 1.0000000000000001e-1 1.0000000000000001e-1
    1.0000000000000001e-1 1.0000000000000001e-1 1.0000000000000001e-1
    1.0000000000000001e-1 1.0000000000000001e-1 1.0000000000000001e-1
    1.0000000000000001e-1 1.0000000000000001e-1 1.0000000000000001e-1
    1.0000000000000001e-1 1.0000000000000001e-1 1.0000000000000001e-1
    1.0000000000000001e-1 1.0000000000000001e-1 1.0000000000000001e-1
    1.0000000000000001e-1 1.0000000000000001e-1 1.0000000000000001e-1
    1.0000000000000001e-1 1.0000000000000001e-1 1.0000000000000001e-1
    1.0000000000000001e-1 1.0000000000000001e-1 1.0000000000000001e-1
    1.0000000000000001e-1 1.0000000000000001e-1 1.0000000000000001e-1
    1.0000000000000001e-1 1.0000000000000001e-1 1.0000000000000001e-1
    1.0000000000000001e-1 1.0000000000000001e-1 1.0000000000000001e-1
    1.0000000000000001e-1 1.0000000000000001e-1 1.0000000000000001e-1
    1.0000000000000001e-1 1.0000000000000001e-1 1.0000000000000001e-1
    1.0000000000000001e-1 1.0000000000000001e-1 1.0000000000000001e-1
    1.0000000000000001e-1 1.0000000000000001e-1 1.0000000000000001e-1
    1.0000000000000001e-1 1.0000000000000001e-1 1.0000000000000001e-1
    1.0000000000000001e-1 1.0000000000000001e-1 1.0000000000000001e-1
    1.0000000000000001e-1 1.0000000000000001e-1 1.0000000000000001e-1
    1.0000000000000001e-1 1.0000000000000001e-1 1.0000000000000001e-1
    1.0000000000000001e-1 1.0000000000000001e-1 1.0000000000000001e-1
    1.0000000000000001e-1 1.0000000000000001e-1 1.0000000000000001e-1
    1.0000000000000001e-1 1.0000000000000001e-1 1.0000000000000001e-1
    1.0000000000000001e-1 1.0000000000000001e-1 1.0000000000000001e-1
    1.0000000000000001e-1 1.0000000000000001e-1 1.0000000000000001e-1
    1.0000000000000001e-1 1.0000000000000001e-1 1.0000000000000001e-1
    1.0000000000000001e-1 1.0000000000000001e-1 1.0000000000000001e-1
    1.0000000000000001e-1 1.0000000000000001e-1 1.0000000000000001e-1
    1.0000000000000001e-1 1.0000000000000001e-1 1.0000000000000001e-1
    1.0000000000000001e-1 1.0000000000000001e-1 1.0000000000000001e-1
    1.0000000000000001e-1 1.0000000000000001e-1 1.0000000000000001e-1
    1.0000000000000001e-1 1.0000000000000001e-1 1.0000000000000001e-1
    1.0000000000000001e-1 1.0000000000000001e-1 1.0000000000000001e-1
    1.0000000000000001e-1 1.0000000000000001e-1 1.0000000000000001e-1
    1.0000000000000001e-1 1.0000000000000001e-1 1.0000000000000001e-1
    1.0000000000000001e-1 1.0000000000000001e-1 1.0000000000000001e-1
    1.0000000000000001e-1 1.0000000000000001e-1 1.0000000000000001e-1
    1.0000000000000001e-1 1.0000000000000001e-1 1.0000000000000001e-1
    1.0000000000000001e-1 1.0000000000000001e-1 1.0000000000000001e-1
    1.0000000000000001e-1 1.0000000000000001e-1 1.0000000000000001e-1
    1.0000000000000001e-1 1.0000000000000001e-1 1.0000000000000001e-1
    1.0000000000000001e-1 1.0000000000000001e-1 1.0000000000000001e-1
    1.0000000000000001e-1 1.0000000000000001e-1 1.0000000000000001e-1
    1.0000000000000001e-1 1.0000000000000001e-1 1.0000000000000001e-1
    1.0000000000000001e-1 1.0000000000000001e-1 1.0000000000000001e-1
    1.0000000000000001e-1 1.0000000000000001e-1 1.0000000000000001e-1
    1.0000000000000001e-1 1.0000000000000001e-1 1.0000000000000001e-1
    1.0000000000000001e-1 1.0000000000000001e-1 1.0000000000000001e-1
    1.0000000000000001e-1 1.0000000000000001e-1 1.0000000000000001e-1
    1.0000000000000001e-1 1.0000000000000001e-1 1.0000000000000001e-1
    1.0000000000000001e-1 1.0000000000000001e-1 1.0000000000000001e-1
    1.0000000000000001e-1 1.0000000000000001e-1 1.0000000000000001e-1
    1.0000000000000001e-1 1.0000000000000001e-1 1.0000000000000001e-1
    1.0000000000000001e-1 1.0000000000000001e-1 1.0000000000000001e-1
    1.0000000000000001e-1 1.0000000000000001e-1 1.0000000000000001e-1
    1.0000000000000001e-1 1.0000000000000001e-1 1.0000000000000001e-1
    1.0000000000000001e-1 1.0000000000000001e-1 1.0000000000000001e-1
    1.0000000000000001e-1 1.0000000000000001e-1 1.0000000000000001e-1
    1.0000000000000001e-1 1.0000000000000001e-1 1.0000000000000001e-1
    1.0000000000000001e-1 1.0000000000000001e-1 1.0000000000000001e-1
    1.0000000000000001e-1 1.0000000000000001e-1 1.0000000000000001e-1
    1.0000000000000001e-1 1.0000000000000001e-1 1.0000000000000001e-1
    1.0000000000000001e-1 1.0000000000000001e-1 1.0000000000000001e-1
    1.0000000000000001e-1 1.0000000000000001e-1 1.0000000000000001e-1
    1.0000000000000001e-1 1.0000000000000001e-1 1.0000000000000001e-1
    1.0000000000000001e-1 1.0000000000000001e-1 1.0000000000000001e-1
    1.0000000000000001e-1 1.0000000000000001e-1 1.0000000000000001e-1
    1.0000000000000001e-1 1.0000000000000001e-1 1.0000000000000001e-1
    1.0000000000000001e-1 1.0000000000000001e-1 1.0000000000000001e-1
    1.0000000000000001e-1 1.0000000000000001e-1 1.0000000000000001e-1
    1.0000000000000001e-1 1.0000000000000001e-1 1.0000000000000001e-1
    1.0000000000000001e-1 1.0000000000000001e-1 1.0000000000000001e-1
    1.0000000000000001e-1 1.0000000000000001e-1 1.0000000000000001e-1
    1.0000000000000001e-1 1.0000000000000001e-1 1.0000000000000001e-1
    1.0000000000000001e-1 1.0000000000000001e-1 1.0000000000000001e-1
    1.0000000000000001e-1 1.0000000000000001e-1 1.0000000000000001e-1
    1.0000000000000001e-1 1.0000000000000001e-1 1.0000000000000001e-1
    1.0000000000000001e-1 1.0000000000000001e-1 1.0000000000000001e-1
    1.0000000000000001e-1 1.0000000000000001e-1 1.0000000000000001e-1
    1.0000000000000001e-1 1.0000000000000001e-1 1.0000000000000001e-1
    1.0000000000000001e-1 1.0000000000000001e-1 1.0000000000000001e-1
    1.0000000000000001e-1 1.0000000000000001e-1 1.0000000000000001e-1
    1.0000000000000001e-1 1.0000000000000001e-1 1.0000000000000001e-1
    1.0000000000000001e-1 1.0000000000000001e-1 1.0000000000000001e-1
    1.0000000000000001e-1 1.0000000000000001e-1 1.0000000000000001e-1
    1.0000000000000001e-1 1.0000000000000001e-1 1.0000000000000001e-1
    1.0000000000000001e-1 1.0000000000000001e-1 1.0000000000000001e-1
    1.0000000000000001e-1 1.0000000000000001e-1 1.0000000000000001e-1
    1.0000000000000001e-1 1.0000000000000001e-1 1.0000000000000001e-1
    1.0000000000000001e-1 1.0000000000000001e-1 1.0000000000000001e-1
    1.0000000000000001e-1 1.0000000000000001e-1 1.0000000000000001e-1
    1.0000000000000001e-1 1.0000000000000001e-1 1.0000000000000001e-1
    1.0000000000000001e-1 1.0000000000000001e-1 1.0000000000000001e-1
    1.0000000000000001e-1 1.0000000000000001e-1 1.0000000000000001e-1
    1.0000000000000001e-1 1.0000000000000001e-1 1.0000000000000001e-1
    1.0000000000000001e-1 1.0000000000000001e-1 1.0000000000000001e-1
    1.0000000000000001e-1 1.0000000000000001e-1 1.0000000000000001e-1
    1.0000000000000001e-1 1.0000000000000001e-1 1.0000000000000001e-1
    1.0000000000000001e-1 1.0000000000000001e-1 1.0000000000000001e-1
    1.0000000000000001e-1 1.0000000000000001e-1 1.0000000000000001e-1
    1.0000000000000001e-1 1.0000000000000001e-1 1.0000000000000001e-1
    1.0000000000000001e-1 1.0000000000000001e-1 1.0000000000000001e-1
    1.0000000000000001e-1 1.0000000000000001e-1 1.0000000000000001e-1
    1.0000000000000001e-1 1.0000000000000001e-1 1.0000000000000001e-1
    1.0000000000000001e-1 1.0000000000000001e-1 1.0000000000000001e-1
    1.0000000000000001e-1 1.0000000000000001e-1 1.0000000000000001e-1
    1.0000000000000001e-1 1.0000000000000001e-1 1.0000000000000001e-1
    1.0000000000000001e-1 1.0000000000000001e-1 1.0000000000000001e-1
    1.0000000000000001e-1 1.0000000000000001e-1 1.0000000000000001e-1
    1.0000000000000001e-1 1.0000000000000001e-1 1.0000000000000001e-1
    1.0000000000000001e-1 1.0000000000000001e-1 1.0000000000000001e-1
    1.0000000000000001e-1 1.0000000000000001e-1 1.0000000000000001e-1
    1.0000000000000001e-1 1.0000000000000001e-1 1.0000000000000001e-1
    1.0000000000000001e-1 1.0000000000000001e-1 1.0000000000000001e-1
    1.0000000000000001e-1 1.0000000000000001e-1 1.0000000000000001e-1
    1.0000000000000001e-1 1.0000000000000001e-1 1.0000000000000001e-1
    1.0000000000000001e-1 1.0000000000000001e-1 1.0000000000000001e-1
    1.0000000000000001e-1 1.0000000000000001e-1 1.0000000000000001e-1
    1.0000000000000001e-1 1.0000000000000001e-1 1.0000000000000001e-1
    1.0000000000000001e-1 1.0000000000000001e-1 1.0000000000000001e-1
    1.0000000000000001e-1 1.0000000000000001e-1 1.0000000000000001e-1
    1.0000000000000001e-1 1.0000000000000001e-1 1.0000000000000001e-1
    1.0000000000000001e-1 1.0000000000000001e-1 1.0000000000000001e-1
    1.0000000000000001e-1 1.0000000000000001e-1 1.0000000000000001e-1
    1.0000000000000001e-1 1.0000000000000001e-1 1.0000000000000001e-1
    1.0000000000000001e-1 1.0000000000000001e-1 1.0000000000000001e-1
    1.0000000000000001e-1 1.0000000000000001e-1 1.0000000000000001e-1
    1.0000000000000001e-1 1.0000000000000001e-1 1.0000000000000001e-1
    1.0000000000000001e-1 1.0000000000000001e-1 1.0000000000000001e-1
    1.0000000000000001e-1 1.0000000000000001e-1 1.0000000000000001e-1
    1.0000000000000001e-1 1.0000000000000001e-1 1.0000000000000001e-1
    1.0000000000000001e-1 1.0000000000000001e-1 1.0000000000000001e-1
    1.0000000000000001e-1 1.0000000000000001e-1 1.0000000000000001e-1
    1.0000000000000001e-1 1.0000000000000001e-1 1.0000000000000001e-1
    1.0000000000000001e-1 1.0000000000000001e-1 1.0000000000000001e-1
    1.0000000000000001e-1 1.0000000000000001e-1 1.0000000000000001e-1
    1.0000000000000001e-1 1.0000000000000001e-1 1.0000000000000001e-1
    1.0000000000000001e-1 1.0000000000000001e-1 1.0000000000000001e-1
    1.0000000000000001e-1 1.0000000000000001e-1 1.0000000000000001e-1
    1.0000000000000001e-1 1.0000000000000001e-1 1.0000000000000001e-1
    1.0000000000000001e-1 1.0000000000000001e-1 1.0000000000000001e-1
    1.0000000000000001e-1 1.0000000000000001e-1 1.0000000000000001e-1
    1.0000000000000001e-1 1.0000000000000001e-1 1.0000000000000001e-1
    1.0000000000000001e-1 1.0000000000000001e-1 1.0000000000000001e-1
    1.0000000000000001e-1 1.0000000000000001e-1 1.0000000000000001e-1
    1.0000000000000001e-1 1.0000000000000001e-1 1.0000000000000001e-1
    1.0000000000000001e-1 1.0000000000000001e-1 1.0000000000000001e-1
    1.0000000000000001e-1 1.0000000000000001e-1 1.0000000000000001e-1
    1.0000000000000001e-1 1.0000000000000001e-1 1.0000000000000001e-1
    1.0000000000000001e-1 1.0000000000000001e-1 1.0000000000000001e-1
    1.0000000000000001e-1 1.0000000000000001e-1 1.0000000000000001e-1
    1.0000000000000001e-1 1.0000000000000001e-1 1.0000000000000001e-1
    1.0000000000000001e-1 1.0000000000000001e-1 1.0000000000000001e-1
    1.0000000000000001e-1 1.0000000000000001e-1 1.0000000000000001e-1
    1.0000000000000001e-1 1.0000000000000001e-1 1.0000000000000001e-1
    1.0000000000000001e-1 1.0000000000000001e-1 1.0000000000000001e-1
    1.0000000000000001e-1 1.0000000000000001e-1 1.0000000000000001e-1
    1.0000000000000001e-1 1.0000000000000001e-1 1.0000000000000001e-1
    1.0000000000000001e-1 1.0000000000000001e-1 1.0000000000000001e-1
    1.0000000000000001e-1 1.0000000000000001e-1 1.0000000000000001e-1
    1.0000000000000001e-1 1.0000000000000001e-1 1.0000000000000001e-1
    1.0000000000000001e-1 1.0000000000000001e-1 1.0000000000000001e-1
    1.0000000000000001e-1 1.0000000000000001e-1 1.0000000000000001e-1
    1.0000000000000001e-1 1.0000000000000001e-1 1.0000000000000001e-1
    1.0000000000000001e-1 1.0000000000000001e-1 1.0000000000000001e-1
    1.0000000000000001e-1 1.0000000000000001e-1 1.0000000000000001e-1
    1.0000000000000001e-1 1.0000000000000001e-1 1.0000000000000001e-1
    1.0000000000000001e-1 1.0000000000000001e-1 1.0000000000000001e-1
    1.0000000000000001e-1 1.0000000000000001e-1 1.0000000000000001e-1
    1.0000000000000001e-1 1.0000000000000001e-1 1.0000000000000001e-1
    1.0000000000000001e-1 1.0000000000000001e-1 1.0000000000000001e-1
    1.0000000000000001e-1 1.0000000000000001e-1 1.0000000000000001e-1
    1.0000000000000001e-1 1.0000000000000001e-1 1.0000000000000001e-1
    1.0000000000000001e-1 1.0000000000000001e-1 1.0000000000000001e-1
    1.0000000000000001e-1 1.0000000000000001e-1 1.0000000000000001e-1
    1.0000000000000001e-1 1.0000000000000001e-1 1.0000000000000001e-1
    1.0000000000000001e-1 1.0000000000000001e-1 1.0000000000000001e-1
    1.0000000000000001e-1 1.0000000000000001e-1 1.0000000000000001e-1
    1.0000000000000001e-1 1.0000000000000001e-1 1.0000000000000001e-1
    1.0000000000000001e-1 1.0000000000000001e-1 1.0000000000000001e-1
    1.0000000000000001e-1 1.0000000000000001e-1 1.0000000000000001e-1
    1.0000000000000001e-1 1.0000000000000001e-1 1.0000000000000001e-1
    1.0000000000000001e-1 1.0000000000000001e-1 1.0000000000000001e-1
    1.0000000000000001e-1 1.0000000000000001e-1 1.0000000000000001e-1
    1.0000000000000001e-1 1.0000000000000001e-1 1.0000000000000001e-1
    1.0000000000000001e-1 1.0000000000000001e-1 1.0000000000000001e-1
    1.0000000000000001e-1 1.0000000000000001e-1 1.0000000000000001e-1
    1.0000000000000001e-1 1.0000000000000001e-1 1.0000000000000001e-1
    1.0000000000000001e-1 1.0000000000000001e-1 1.0000000000000001e-1
    1.0000000000000001e-1 1.0000000000000001e-1 1.0000000000000001e-1
    1.0000000000000001e-1 1.0000000000000001e-1 1.0000000000000001e-1
    1.0000000000000001e-1 1.0000000000000001e-1 1.0000000000000001e-1
    1.0000000000000001e-1 1.0000000000000001e-1 1.0000000000000001e-1
    1.0000000000000001e-1 1.0000000000000001e-1 1.0000000000000001e-1
    1.0000000000000001e-1 1.0000000000000001e-1 1.0000000000000001e-1
    1.0000000000000001e-1 1.0000000000000001e-1 1.0000000000000001e-1
    1.0000000000000001e-1 1.0000000000000001e-1 1.0000000000000001e-1
    1.0000000000000001e-1 1.0000000000000001e-1 1.0000000000000001e-1
    1.0000000000000001e-1 1.0000000000000001e-1 1.0000000000000001e-1
    1.0000000000000001e-1 1.0000000000000001e-1 1.0000000000000001e-1
    1.0000000000000001e-1 1.0000000000000001e-1 1.0000000000000001e-1
    1.0000000000000001e-1 1.0000000000000001e-1 1.0000000000000001e-1
    1.0000000000000001e-1 1.0000000000000001e-1 1.0000000000000001e-1
    1.0000000000000001e-1 1.0000000000000001e-1 1.0000000000000001e-1
    1.0000000000000001e-1 1.0000000000000001e-1 1.0000000000000001e-1
    1.0000000000000001e-1 1.0000000000000001e-1 1.0000000000000001e-1
    1.0000000000000001e-1 1.0000000000000001e-1 1.0000000000000001e-1
    1.0000000000000001e-1 1.0000000000000001e-1 1.0000000000000001e-1
    1.0000000000000001e-1 1.0000000000000001e-1 1.0000000000000001e-1
    1.0000000000000001e-1 1.0000000000000001e-1 1.0000000000000001e-1
    1.0000000000000001e-1 1.0000000000000001e-1 1.0000000000000001e-1
    1.0000000000000001e-1 1.0000000000000001e-1 1.0000000000000001e-1
    1.0000000000000001e-1 1.0000000000000001e-1 1.0000000000000001e-1
    1.0000000000000001e-1 1.0000000000000001e-1 1.0000000000000001e-1
    1.0000000000000001e-1 1.0000000000000001e-1 1.0000000000000001e-1
    1.0000000000000001e-1 1.0000000000000001e-1 1.0000000000000001e-1
    1.0000000000000001e-1 1.0000000000000001e-1 1.0000000000000001e-1
    1.0000000000000001e-1 1.0000000000000001e-1 1.0000000000000001e-1
    1.0000000000000001e-1 1.0000000000000001e-1 1.0000000000000001e-1
    1.0000000000000001e-1 1.0000000000000001e-1 1.0000000000000001e-1
    1.0000000000000001e-1 1.0000000000000001e-1 1.0000000000000001e-1
    1.0000000000000001e-1 1.0000000000000001e-1 1.0000000000000001e-1
    1.0000000000000001e-1 1.0000000000000001e-1 1.0000000000000001e-1
    1.0000000000000001e-1 1.0000000000000001e-1 1.0000000000000001e-1
    1.0000000000000001e-1 1.0000000000000001e-1 1.0000000000000001e-1
    1.0000000000000001e-1 1.0000000000000001e-1 1.0000000000000001e-1
    1.0000000000000001e-1 1.0000000000000001e-1 1.0000000000000001e-1
    1.0000000000000001e-1 1.0000000000000001e-1 1.0000000000000001e-1
    1.0000000000000001e-1 1.0000000000000001e-1 1.0000000000000001e-1
    1.0000000000000001e-1 1.0000000000000001e-1 1.0000000000000001e-1
    1.0000000000000001e-1 1.0000000000000001e-1 1.0000000000000001e-1
    1.0000000000000001e-1 1.0000000000000001e-1 1.0000000000000001e-1
    1.0000000000000001e-1 1.0000000000000001e-1 1.0000000000000001e-1
    1.0000000000000001e-1 1.0000000000000001e-1 1.0000000000000001e-1
    1.0000000000000001e-1 1.0000000000000001e-1 1.0000000000000001e-1
    1.0000000000000001e-1 1.0000000000000001e-1 1.0000000000000001e-1
    1.0000000000000001e-1 1.0000000000000001e-1 1.0000000000000001e-1
    1.0000000000000001e-1 1.0000000000000001e-1 1.0000000000000001e-1
    1.0000000000000001e-1 1.0000000000000001e-1 1.0000000000000001e-1
    1.0000000000000001e-1 1.0000000000000001e-1 1.0000000000000001e-1
    1.0000000000000001e-1 1.0000000000000001e-1 1.0000000000000001e-1
    1.0000000000000001e-1 1.0000000000000001e-1 1.0000000000000001e-1
    1.0000000000000001e-1 1.0000000000000001e-1 1.0000000000000001e-1
    1.0000000000000001e-1 1.0000000000000001e-1 1.0000000000000001e-1
    1.0000000000000001e-1 1.0000000000000001e-1 1.0000000000000001e-1
    1.0000000000000001e-1 1.0000000000000001e-1 1.0000000000000001e-1
    1.0000000000000001e-1 1.0000000000000001e-1 1.0000000000000001e-1
    1.0000000000000001e-1 1.0000000000000001e-1 1.0000000000000001e-1
    1.0000000000000001e-1 1.0000000000000001e-1 1.0000000000000001e-1
    1.0000000000000001e-1 1.0000000000000001e-1 1.0000000000000001e-1
    1.0000000000000001e-1 1.0000000000000001e-1 1.0000000000000001e-1
    1.0000000000000001e-1 1.0000000000000001e-1 1.0000000000000001e-1
    1.0000000000000001e-1 1.0000000000000001e-1 1.0000000000000001e-1
    1.0000000000000001e-1 1.0000000000000001e-1 1.0000000000000001e-1
    1.0000000000000001e-1 1.0000000000000001e-1 1.0000000000000001e-1
    1.0000000000000001e-1 1.0000000000000001e-1 1.0000000000000001e-1
    1.0000000000000001e-1 1.0000000000000001e-1 1.0000000000000001e-1
    1.0000000000000001e-1 1.0000000000000001e-1 1.0000000000000001e-1
    1.0000000000000001e-1 1.0000000000000001e-1 1.0000000000000001e-1
    1.0000000000000001e-1 1.0000000000000001e-1 1.0000000000000001e-1
    1.0000000000000001e-1 1.0000000000000001e-1 1.0000000000000001e-1
    1.0000000000000001e-1 1.0000000000000001e-1 1.0000000000000001e-1
    1.0000000000000001e-1 1.0000000000000001e-1 1.0000000000000001e-1
    1.0000000000000001e-1 1.0000000000000001e-1 1.0000000000000001e-1
    1.0000000000000001e-1 1.0000000000000001e-1 1.0000000000000001e-1
    1.0000000000000001e-1 1.0000000000000001e-1 1.0000000000000001e-1
    1.0000000000000001e-1 1.0000000000000001e-1 1.0000000000000001e-1
    1.0000000000000001e-1 1.0000000000000001e-1 1.0000000000000001e-1
    1.0000000000000001e-1 1.0000000000000001e-1 1.0000000000000001e-1
    1.0000000000000001e-1 1.0000000000000001e-1 1.0000000000000001e-1
    1.0000000000000001e-1 1.0000000000000001e-1 1.0000000000000001e-1
    1.0000000000000001e-1 1.0000000000000001e-1 1.0000000000000001e-1
    1.0000000000000001e-1 1.0000000000000001e-1 1.0000000000000001e-1
    1.0000000000000001e-1 1.0000000000000001e-1 1.0000000000000001e-1
    1.0000000000000001e-1 1.0000000000000001e-1 1.0000000000000001e-1
    1.0000000000000001e-1 1.0000000000000001e-1 1.0000000000000001e-1
    1.0000000000000001e-1 1.0000000000000001e-1 1.0000000000000001e-1
    1.0000000000000001e-1 1.0000000000000001e-1 1.0000000000000001e-1
    1.0000000000000001e-1 1.0000000000000001e-1 1.0000000000000001e-1
    1.0000000000000001e-1 1.0000000000000001e-1 1.0000000000000001e-1
    1.0000000000000001e-1 1.0000000000000001e-1 1.0000000000000001e-1
    1.0000000000000001e-1 1.0000000000000001e-1 1.0000000000000001e-1
    1.0000000000000001e-1 1.0000000000000001e-1 1.0000000000000001e-1
    1.0000000000000001e-1 1.0000000000000001e-1 1.0000000000000001e-1
    1.0000000000000001e-1 1.0000000000000001e-1 1.0000000000000001e-1
    1.0000000000000001e-1 1.0000000000000001e-1 1.0000000000000001e-1
    1.0000000000000001e-1 1.0000000000000001e-1 1.0000000000000001e-1
    1.0000000000000001e-1 1.0000000000000001e-1 1.0000000000000001e-1
    1.0000000000000001e-1 1.0000000000000001e-1 1.0000000000000001e-1
    1.0000000000000001e-1 1.0000000000000001e-1 1.0000000000000001e-1
    1.0000000000000001e-1 1.0000000000000001e-1 1.0000000000000001e-1
    1.0000000000000001e-1 1.0000000000000001e-1 1.0000000000000001e-1
    1.0000000000000001e-1 1.0000000000000001e-1 1.0000000000000001e-1
    1.0000000000000001e-1 1.0000000000000001e-1 1.0000000000000001e-1
    1.0000000000000001e-1 1.0000000000000001e-1 1.0000000000000001e-1
    1.0000000000000001e-1 1.0000000000000001e-1 1.0000000000000001e-1
    1.0000000000000001e-1 1.0000000000000001e-1 1.0000000000000001e-1
    1.0000000000000001e-1 1.0000000000000001e-1 1.0000000000000001e-1
    1.0000000000000001e-1 1.0000000000000001e-1 1.0000000000000001e-1
    1.0000000000000001e-1 1.0000000000000001e-1 1.0000000000000001e-1
    1.0000000000000001e-1 1.0000000000000001e-1 1.0000000000000001e-1
    1.0000000000000001e-1 1.0000000000000001e-1 1.0000000000000001e-1
    1.0000000000000001e-1 1.0000000000000001e-1 1.0000000000000001e-1
    1.0000000000000001e-1 1.0000000000000001e-1 1.0000000000000001e-1
    1.0000000000000001e-1 1.0000000000000001e-1 1.0000000000000001e-1
    1.0000000000000001e-1 1.0000000000000001e-1 1.0000000000000001e-1
    1.0000000000000001e-1 1.0000000000000001e-1 1.0000000000000001e-1
    1.0000000000000001e-1 1.0000000000000001e-1 1.0000000000000001e-1
    1.0000000000000001e-1 1.0000000000000001e-1 1.0000000000000001e-1
    1.0000000000000001e-1 1.0000000000000001e-1 1.0000000000000001e-1
    1.0000000000000001e-1 1.0000000000000001e-1 1.0000000000000001e-1
    1.0000000000000001e-1 1.0000000000000001e-1 1.0000000000000001e-1
    1.0000000000000001e-1 1.0000000000000001e-1 1.0000000000000001e-1
    1.0000000000000001e-1 1.0000000000000001e-1 1.0000000000000001e-1
    1.0000000000000001e-1 1.0000000000000001e-1 1.0000000000000001e-1
    1.0000000000000001e-1 1.0000000000000001e-1 1.0000000000000001e-1
    1.0000000000000001e-1 1.0000000000000001e-1 1.0000000000000001e-1
    1.0000000000000001e-1 1.0000000000000001e-1 1.0000000000000001e-1
    1.0000000000000001e-1 1.0000000000000001e-1 1.0000000000000001e-1
    1.0000000000000001e-1 1.0000000000000001e-1 1.0000000000000001e-1
    1.0000000000000001e-1 1.0000000000000001e-1 1.0000000000000001e-1
    1.0000000000000001e-1 1.0000000000000001e-1 1.0000000000000001e-1
    1.0000000000000001e-1 1.0000000000000001e-1 1.0000000000000001e-1
    1.0000000000000001e-1 1.0000000000000001e-1 1.0000000000000001e-1
    1.0000000000000001e-1 1.0000000000000001e-1 1.0000000000000001e-1
    1.0000000000000001e-1 1.0000000000000001e-1 1.0000000000000001e-1
    1.0000000000000001e-1 1.0000000000000001e-1 1.0000000000000001e-1
    1.0000000000000001e-1 1.0000000000000001e-1 1.0000000000000001e-1
    1.0000000000000001e-1 1.0000000000000001e-1 1.0000000000000001e-1
    1.0000000000000001e-1 1.0000000000000001e-1 1.0000000000000001e-1
    1.0000000000000001e-1 1.0000000000000001e-1 1.0000000000000001e-1
    1.0000000000000001e-1 1.0000000000000001e-1 1.0000000000000001e-1
    1.0000000000000001e-1 1.0000000000000001e-1 1.0000000000000001e-1
    1.0000000000000001e-1 1.0000000000000001e-1 1.0000000000000001e-1
    1.0000000000000001e-1 1.0000000000000001e-1 1.0000000000000001e-1
    1.0000000000000001e-1 1.0000000000000001e-1 1.0000000000000001e-1
    1.0000000000000001e-1 1.0000000000000001e-1 1.0000000000000001e-1
    1.0000000000000001e-1 1.0000000000000001e-1 1.0000000000000001e-1
    1.0000000000000001e-1 1.0000000000000001e-1 1.0000000000000001e-1
    1.0000000000000001e-1 1.0000000000000001e-1 1.0000000000000001e-1
    1.0000000000000001e-1 1.0000000000000001e-1 1.0000000000000001e-1
    1.0000000000000001e-1 1.0000000000000001e-1 1.0000000000000001e-1
    1.0000000000000001e-1 1.0000000000000001e-1 1.0000000000000001e-1
    1.0000000000000001e-1 1.0000000000000001e-1 1.0000000000000001e-1
    1.0000000000000001e-1 1.0000000000000001e-1 1.0000000000000001e-1
    1.0000000000000001e-1 1.0000000000000001e-1 1.0000000000000001e-1
    1.0000000000000001e-1 1.0000000000000001e-1 1.0000000000000001e-1
    1.0000000000000001e-1 1.0000000000000001e-1 1.0000000000000001e-1
    1.0000000000000001e-1 1.0000000000000001e-1 1.0000000000000001e-1
    1.0000000000000001e-1 1.0000000000000001e-1 1.0000000000000001e-1
    1.0000000000000001e-1 1.0000000000000001e-1 1.0000000000000001e-1
    1.0000000000000001e-1 1.0000000000000001e-1 1.0000000000000001e-1
    1.0000000000000001e-1 1.0000000000000001e-1 1.0000000000000001e-1
    1.0000000000000001e-1 1.0000000000000001e-1 1.0000000000000001e-1
    1.0000000000000001e-1 1.0000000000000001e-1 1.0000000000000001e-1
    1.0000000000000001e-1 1.0000000000000001e-1 1.0000000000000001e-1
    1.0000000000000001e-1 1.0000000000000001e-1 1.0000000000000001e-1
    1.0000000000000001e-1 1.0000000000000001e-1 1.0000000000000001e-1
    1.0000000000000001e-1 1.0000000000000001e-1 1.0000000000000001e-1
    1.0000000000000001e-1 1.0000000000000001e-1 1.0000000000000001e-1
    1.0000000000000001e-1 1.0000000000000001e-1 1.0000000000000001e-1
    1.0000000000000001e-1 1.0000000000000001e-1 1.0000000000000001e-1
    1.0000000000000001e-1 1.0000000000000001e-1 1.0000000000000001e-1
    1.0000000000000001e-1 1.0000000000000001e-1 1.0000000000000001e-1
    1.0000000000000001e-1 1.0000000000000001e-1 1.0000000000000001e-1
    1.0000000000000001e-1 1.0000000000000001e-1 1.0000000000000001e-1
    1.0000000000000001e-1 1.0000000000000001e-1 1.0000000000000001e-1
    1.0000000000000001e-1 1.0000000000000001e-1 1.0000000000000001e-1
    1.0000000000000001e-1 1.0000000000000001e-1 1.0000000000000001e-1
    1.0000000000000001e-1 1.0000000000000001e-1 1.0000000000000001e-1
    1.0000000000000001e-1 1.0000000000000001e-1 1.0000000000000001e-1
    1.0000000000000001e-1 1.0000000000000001e-1 1.0000000000000001e-1
    1.0000000000000001e-1 1.0000000000000001e-1 1.0000000000000001e-1
    1.0000000000000001e-1 1.0000000000000001e-1 1.0000000000000001e-1
    1.0000000000000001e-1 1.0000000000000001e-1 1.0000000000000001e-1
    1.0000000000000001e-1 1.0000000000000001e-1 1.0000000000000001e-1
    1.0000000000000001e-1 1.0000000000000001e-1 1.0000000000000001e-1
    1.0000000000000001e-1 1.0000000000000001e-1 1.0000000000000001e-1
    1.0000000000000001e-1 1.0000000000000001e-1 1.0000000000000001e-1
    1.0000000000000001e-1 1.0000000000000001e-1 1.0000000000000001e-1
    1.0000000000000001e-1 1.0000000000000001e-1 1.0000000000000001e-1
    1.0000000000000001e-1 1.0000000000000001e-1 1.0000000000000001e-1
    1.0000000000000001e-1 1.0000000000000001e-1 1.0000000000000001e-1
    1.0000000000000001e-1 1.0000000000000001e-1 1.0000000000000001e-1
    1.0000000000000001e-1 1.0000000000000001e-1 1.0000000000000001e-1
    1.0000000000000001e-1 1.0000000000000001e-1 1.0000000000000001e-1
    1.0000000000000001e-1 1.0000000000000001e-1 1.0000000000000001e-1
    1.0000000000000001e-1 1.0000000000000001e-1 1.0000000000000001e-1
    1.0000000000000001e-1 1.0000000000000001e-1 1.0000000000000001e-1
    1.0000000000000001e-1 1.0000000000000001e-1 1.0000000000000001e-1
    1.0000000000000001e-1 1.0000000000000001e-1 1.0000000000000001e-1
    1.0000000000000001e-1 1.0000000000000001e-1 1.0000000000000001e-1
    1.0000000000000001e-1 1.0000000000000001e-1 1.0000000000000001e-1
    1.0000000000000001e-1 1.0000000000000001e-1 1.0000000000000001e-1
    1.0000000000000001e-1 1.0000000000000001e-1 1.0000000000000001e-1
    1.0000000000000001e-1 1.0000000000000001e-1 1.0000000000000001e-1
    1.0000000000000001e-1 1.0000000000000001e-1 1.0000000000000001e-1
    1.0000000000000001e-1 1.0000000000000001e-1 1.0000000000000001e-1
    1.0000000000000001e-1 1.0000000000000001e-1 1.0000000000000001e-1
    1.0000000000000001e-1 1.0000000000000001e-1 1.0000000000000001e-1
    1.0000000000000001e-1 1.0000000000000001e-1 1.0000000000000001e-1
    1.0000000000000001e-1 1.0000000000000001e-1 1.0000000000000001e-1
    1.0000000000000001e-1 1.0000000000000001e-1 1.0000000000000001e-1
    1.0000000000000001e-1 1.0000000000000001e-1 1.0000000000000001e-1
    1.0000000000000001e-1 1.0000000000000001e-1 1.0000000000000001e-1
    1.0000000000000001e-1 1.0000000000000001e-1 1.0000000000000001e-1
    1.0000000000000001e-1 1.0000000000000001e-1 1.0000000000000001e-1
    1.0000000000000001e-1 1.0000000000000001e-1 1.0000000000000001e-1
    1.0000000000000001e-1 1.0000000000000001e-1 1.0000000000000001e-1
    1.0000000000000001e-1 1.0000000000000001e-1 1.0000000000000001e-1
    1.0000000000000001e-1 1.0000000000000001e-1 1.0000000000000001e-1
    1.0000000000000001e-1 1.0000000000000001e-1 1.0000000000000001e-1
    1.0000000000000001e-1 1.0000000000000001e-1 1.0000000000000001e-1
    1.0000000000000001e-1 1.0000000000000001e-1 1.0000000000000001e-1
    1.0000000000000001e-1 1.0000000000000001e-1 1.0000000000000001e-1
    1.0000000000000001e-1 1.0000000000000001e-1 1.0000000000000001e-1
    1.0000000000000001e-1 1.0000000000000001e-1 1.0000000000000001e-1
    1.0000000000000001e-1 1.0000000000000001e-1 1.0000000000000001e-1
    1.0000000000000001e-1 1.0000000000000001e-1 1.0000000000000001e-1
    1.0000000000000001e-1 1.0000000000000001e-1 1.0000000000000001e-1
    1.0000000000000001e-1 1.0000000000000001e-1 1.0000000000000001e-1
    1.0000000000000001e-1 1.0000000000000001e-1 1.0000000000000001e-1
    1.0000000000000001e-1 1.0000000000000001e-1 1.0000000000000001e-1
    1.0000000000000001e-1 1.0000000000000001e-1 1.0000000000000001e-1
    1.0000000000000001e-1 1.0000000000000001e-1 1.0000000000000001e-1
    1.0000000000000001e-1 1.0000000000000001e-1 1.0000000000000001e-1
    1.0000000000000001e-1 1.0000000000000001e-1 1.0000000000000001e-1
    1.0000000000000001e-1 1.0000000000000001e-1 1.0000000000000001e-1
    1.0000000000000001e-1 1.0000000000000001e-1 1.0000000000000001e-1
    1.0000000000000001e-1 1.0000000000000001e-1 1.0000000000000001e-1
    1.0000000000000001e-1 1.0000000000000001e-1 1.0000000000000001e-1
    1.0000000000000001e-1 1.0000000000000001e-1 1.0000000000000001e-1
    1.0000000000000001e-1 1.0000000000000001e-1 1.0000000000000001e-1
    1.0000000000000001e-1 1.0000000000000001e-1 1.0000000000000001e-1
    1.0000000000000001e-1 1.0000000000000001e-1 1.0000000000000001e-1
    1.0000000000000001e-1 1.0000000000000001e-1 1.0000000000000001e-1
    1.0000000000000001e-1 1.0000000000000001e-1 1.0000000000000001e-1
    1.0000000000000001e-1 1.0000000000000001e-1 1.0000000000000001e-1
    1.0000000000000001e-1 1.0000000000000001e-1 1.0000000000000001e-1
    1.0000000000000001e-1 1.0000000000000001e-1 1.0000000000000001e-1
    1.0000000000000001e-1 1.0000000000000001e-1 1.0000000000000001e-1
    1.0000000000000001e-1 1.0000000000000001e-1 1.0000000000000001e-1
    1.0000000000000001e-1 1.0000000000000001e-1 1.0000000000000001e-1
    1.0000000000000001e-1 1.0000000000000001e-1 1.0000000000000001e-1
    1.0000000000000001e-1 1.0000000000000001e-1 1.0000000000000001e-1
    1.0000000000000001e-1 1.0000000000000001e-1 1.0000000000000001e-1
    1.0000000000000001e-1 1.0000000000000001e-1 1.0000000000000001e-1
    1.0000000000000001e-1 1.0000000000000001e-1 1.0000000000000001e-1
    1.0000000000000001e-1 1.0000000000000001e-1 1.0000000000000001e-1
    1.0000000000000001e-1 1.0000000000000001e-1 1.0000000000000001e-1
    1.0000000000000001e-1 1.0000000000000001e-1 1.0000000000000001e-1
    1.0000000000000001e-1 1.0000000000000001e-1 1.0000000000000001e-1
    1.0000000000000001e-1 1.0000000000000001e-1 1.0000000000000001e-1
    1.0000000000000001e-1 1.0000000000000001e-1 1.0000000000000001e-1
    1.0000000000000001e-1 1.0000000000000001e-1 1.0000000000000001e-1
    1.0000000000000001e-1 1.0000000000000001e-1 1.0000000000000001e-1
    1.0000000000000001e-1 1.0000000000000001e-1 1.0000000000000001e-1
    1.0000000000000001e-1 1.0000000000000001e-1 1.0000000000000001e-1
    1.0000000000000001e-1 1.0000000000000001e-1 1.0000000000000001e-1
    1.0000000000000001e-1 1.0000000000000001e-1 1.0000000000000001e-1
    1.0000000000000001e-1 1.0000000000000001e-1 1.0000000000000001e-1
    1.0000000000000001e-1 1.0000000000000001e-1 1.0000000000000001e-1
    1.0000000000000001e-1 1.0000000000000001e-1 1.0000000000000001e-1
    1.0000000000000001e-1 1.0000000000000001e-1 1.0000000000000001e-1
    1.0000000000000001e-1 1.0000000000000001e-1 1.0000000000000001e-1
    1.0000000000000001e-1 1.0000000000000001e-1 1.0000000000000001e-1
    1.0000000000000001e-1 1.0000000000000001e-1 1.0000000000000001e-1
    1.0000000000000001e-1 1.0000000000000001e-1 1.0000000000000001e-1
    1.0000000000000001e-1 1.0000000000000001e-1 1.0000000000000001e-1
    1.0000000000000001e-1 1.0000000000000001e-1 1.0000000000000001e-1
    1.0000000000000001e-1 1.0000000000000001e-1 1.0000000000000001e-1
    1.0000000000000001e-1 1.0000000000000001e-1 1.0000000000000001e-1
    1.0000000000000001e-1 1.0000000000000001e-1 1.0000000000000001e-1
    1.0000000000000001e-1 1.0000000000000001e-1 1.0000000000000001e-1
    1.0000000000000001e-1 1.0000000000000001e-1 1.0000000000000001e-1
    1.0000000000000001e-1 1.0000000000000001e-1 1.0000000000000001e-1
    1.0000000000000001e-1 1.0000000000000001e-1 1.0000000000000001e-1
    1.0000000000000001e-1 1.0000000000000001e-1 1.0000000000000001e-1
    1.0000000000000001e-1 1.0000000000000001e-1 1.0000000000000001e-1
    1.0000000000000001e-1 1.0000000000000001e-1 1.0000000000000001e-1
    1.0000000000000001e-1 1.0000000000000001e-1 1.0000000000000001e-1
    1.0000000000000001e-1 1.0000000000000001e-1 1.0000000000000001e-1
    1.0000000000000001e-1 1.0000000000000001e-1 1.0000000000000001e-1
    1.0000000000000001e-1 1.0000000000000001e-1 1.0000000000000001e-1
    1.0000000000000001e-1 1.0000000000000001e-1 1.0000000000000001e-1
    1.0000000000000001e-1 1.0000000000000001e-1 1.0000000000000001e-1
    1.0000000000000001e-1 1.0000000000000001e-1 1.0000000000000001e-1
    1.0000000000000001e-1 1.0000000000000001e-1 1.0000000000000001e-1
    1.0000000000000001e-1 1.0000000000000001e-1 1.0000000000000001e-1
    1.0000000000000001e-1 1.0000000000000001e-1 1.0000000000000001e-1
    1.0000000000000001e-1 1.0000000000000001e-1 1.0000000000000001e-1
    1.0000000000000001e-1 1.0000000000000001e-1 1.0000000000000001e-1
    1.0000000000000001e-1 1.0000000000000001e-1 1.0000000000000001e-1
    1.0000000000000001e-1 1.0000000000000001e-1 1.0000000000000001e-1
    1.0000000000000001e-1 1.0000000000000001e-1 1.0000000000000001e-1
    1.0000000000000001e-1 1.0000000000000001e-1 1.0000000000000001e-1
    1.0000000000000001e-1 1.0000000000000001e-1 1.0000000000000001e-1
    1.0000000000000001e-1 1.0000000000000001e-1 1.0000000000000001e-1
    1.0000000000000001e-1 1.0000000000000001e-1 1.0000000000000001e-1
    1.0000000000000001e-1 1.0000000000000001e-1 1.0000000000000001e-1
    1.0000000000000001e-1 1.0000000000000001e-1 1.0000000000000001e-1
    1.0000000000000001e-1 1.0000000000000001e-1 1.0000000000000001e-1
    1.0000000000000001e-1 1.0000000000000001e-1 1.0000000000000001e-1
    1.0000000000000001e-1 1.0000000000000001e-1 1.0000000000000001e-1
    1.0000000000000001e-1 1.0000000000000001e-1 1.0000000000000001e-1
    1.0000000000000001e-1 1.0000000000000001e-1 1.0000000000000001e-1
    1.0000000000000001e-1 1.0000000000000001e-1 1.0000000000000001e-1
    1.0000000000000001e-1 1.0000000000000001e-1 1.0000000000000001e-1
    1.0000000000000001e-1 1.0000000000000001e-1 1.0000000000000001e-1
    1.0000000000000001e-1 1.0000000000000001e-1 1.0000000000000001e-1
    1.0000000000000001e-1 1.0000000000000001e-1 1.0000000000000001e-1
    1.0000000000000001e-1 1.0000000000000001e-1 1.0000000000000001e-1
    1.0000000000000001e-1 1.0000000000000001e-1 1.0000000000000001e-1
    1.0000000000000001e-1 1.0000000000000001e-1 1.0000000000000001e-1
    1.0000000000000001e-1 1.0000000000000001e-1 1.0000000000000001e-1
    1.0000000000000001e-1 1.0000000000000001e-1 1.0000000000000001e-1
    1.0000000000000001e-1 1.0000000000000001e-1 1.0000000000000001e-1
    1.0000000000000001e-1 1.0000000000000001e-1 1.0000000000000001e-1
    1.0000000000000001e-1 1.0000000000000001e-1 1.0000000000000001e-1
    1.0000000000000001e-1 1.0000000000000001e-1 1.0000000000000001e-1
    1.0000000000000001e-1 1.0000000000000001e-1 1.0000000000000001e-1
    1.0000000000000001e-1 1.0000000000000001e-1 1.0000000000000001e-1
    1.0000000000000001e-1 1.0000000000000001e-1 1.0000000000000001e-1
    1.0000000000000001e-1 1.0000000000000001e-1 1.0000000000000001e-1
    1.0000000000000001e-1 1.0000000000000001e-1 1.0000000000000001e-1
    1.0000000000000001e-1 1.0000000000000001e-1 1.0000000000000001e-1
    1.0000000000000001e-1 1.0000000000000001e-1 1.0000000000000001e-1
    1.0000000000000001e-1 1.0000000000000001e-1 1.0000000000000001e-1
    1.0000000000000001e-1 1.0000000000000001e-1 1.0000000000000001e-1
    1.0000000000000001e-1 1.0000000000000001e-1 1.0000000000000001e-1
    1.0000000000000001e-1 1.0000000000000001e-1 1.0000000000000001e-1
    1.0000000000000001e-1 1.0000000000000001e-1 1.0000000000000001e-1
    1.0000000000000001e-1 1.0000000000000001e-1 1.0000000000000001e-1
    1.0000000000000001e-1 1.0000000000000001e-1 1.0000000000000001e-1
    1.0000000000000001e-1 1.0000000000000001e-1 1.0000000000000001e-1
    1.0000000000000001e-1 1.0000000000000001e-1 1.0000000000000001e-1
    1.0000000000000001e-1 1.0000000000000001e-1 1.0000000000000001e-1
    1.0000000000000001e-1 1.0000000000000001e-1 1.0000000000000001e-1
    1.0000000000000001e-1 1.0000000000000001e-1 1.0000000000000001e-1
    1.0000000000000001e-1 1.0000000000000001e-1 1.0000000000000001e-1
    1.0000000000000001e-1 1.0000000000000001e-1 1.0000000000000001e-1
    1.0000000000000001e-1 1.0000000000000001e-1 1.0000000000000001e-1
    1.0000000000000001e-1 1.0000000000000001e-1 1.0000000000000001e-1
    1.0000000000000001e-1 1.0000000000000001e-1 1.0000000000000001e-1
    1.0000000000000001e-1 1.0000000000000001e-1 1.0000000000000001e-1
    1.0000000000000001e-1 1.0000000000000001e-1 1.0000000000000001e-1
    1.0000000000000001e-1 1.0000000000000001e-1 1.0000000000000001e-1
    1.0000000000000001e-1 1.0000000000000001e-1 1.0000000000000001e-1
    1.0000000000000001e-1 1.0000000000000001e-1 1.0000000000000001e-1
    1.0000000000000001e-1 1.0000000000000001e-1 1.0000000000000001e-1
    1.0000000000000001e-1 1.0000000000000001e-1 1.0000000000000001e-1
    1.0000000000000001e-1 1.0000000000000001e-1 1.0000000000000001e-1
    1.0000000000000001e-1 1.0000000000000001e-1 1.0000000000000001e-1
    1.0000000000000001e-1 1.0000000000000001e-1 1.0000000000000001e-1
    1.0000000000000001e-1 1.0000000000000001e-1 1.0000000000000001e-1
    1.0000000000000001e-1 1.0000000000000001e-1 1.0000000000000001e-1
    1.0000000000000001e-1 1.0000000000000001e-1 1.0000000000000001e-1
    1.0000000000000001e-1 1.0000000000000001e-1 1.0000000000000001e-1
    1.0000000000000001e-1 1.0000000000000001e-1 1.0000000000000001e-1
    1.0000000000000001e-1 1.0000000000000001e-1 1.0000000000000001e-1
    1.0000000000000001e-1 1.0000000000000001e-1 1.0000000000000001e-1
    1.0000000000000001e-1 1.0000000000000001e-1 1.0000000000000001e-1
    1.0000000000000001e-1 1.0000000000000001e-1 1.0000000000000001e-1
    1.0000000000000001e-1 1.0000000000000001e-1 1.0000000000000001e-1
    1.0000000000000001e-1 1.0000000000000001e-1 1.0000000000000001e-1
    1.0000000000000001e-1 1.0000000000000001e-1 1.0000000000000001e-1
    1.0000000000000001e-1 1.0000000000000001e-1 1.0000000000000001e-1
    1.0000000000000001e-1 1.0000000000000001e-1 1.0000000000000001e-1
    1.0000000000000001e-1 1.0000000000000001e-1 1.0000000000000001e-1
    1.0000000000000001e-1 1.0000000000000001e-1 1.0000000000000001e-1
    1.0000000000000001e-1 1.0000000000000001e-1 1.0000000000000001e-1
    1.0000000000000001e-1 1.0000000000000001e-1 1.0000000000000001e-1
    1.0000000000000001e-1 1.0000000000000001e-1 1.0000000000000001e-1
    1.0000000000000001e-1 1.0000000000000001e-1 1.0000000000000001e-1
    1.0000000000000001e-1 1.0000000000000001e-1 1.0000000000000001e-1
    1.0000000000000001e-1 1.0000000000000001e-1 1.0000000000000001e-1
    1.0000000000000001e-1 1.0000000000000001e-1 1.0000000000000001e-1
    1.0000000000000001e-1 1.0000000000000001e-1 1.0000000000000001e-1
    1.0000000000000001e-1 1.0000000000000001e-1 1.0000000000000001e-1
    1.0000000000000001e-1 1.0000000000000001e-1 1.0000000000000001e-1
    1.0000000000000001e-1 1.0000000000000001e-1 1.0000000000000001e-1
    1.0000000000000001e-1 1.0000000000000001e-1 1.0000000000000001e-1
    1.0000000000000001e-1 1.0000000000000001e-1 1.0000000000000001e-1
    1.0000000000000001e-1 1.0000000000000001e-1 1.0000000000000001e-1
    1.0000000000000001e-1 1.0000000000000001e-1 1.0000000000000001e-1
    1.0000000000000001e-1 1.0000000000000001e-1 1.0000000000000001e-1
    1.0000000000000001e-1 1.0000000000000001e-1 1.0000000000000001e-1
    1.0000000000000001e-1 1.0000000000000001e-1 1.0000000000000001e-1
    1.0000000000000001e-1 1.0000000000000001e-1 1.0000000000000001e-1
    1.0000000000000001e-1 1.0000000000000001e-1 1.0000000000000001e-1
    1.0000000000000001e-1 1.0000000000000001e-1 1.0000000000000001e-1
    1.0000000000000001e-1 1.0000000000000001e-1 1.0000000000000001e-1
    1.0000000000000001e-1 1.0000000000000001e-1 1.0000000000000001e-1
    1.0000000000000001e-1 1.0000000000000001e-1 1.0000000000000001e-1
    1.0000000000000001e-1 1.0000000000000001e-1 1.0000000000000001e-1
    1.0000000000000001e-1 1.0000000000000001e-1 1.0000000000000001e-1
    1.0000000000000001e-1 1.0000000000000001e-1 1.0000000000000001e-1
    1.0000000000000001e-1 1.0000000000000001e-1 1.0000000000000001e-1
    1.0000000000000001e-1 1.0000000000000001e-1 1.0000000000000001e-1
    1.0000000000000001e-1 1.0000000000000001e-1 1.0000000000000001e-1
    1.0000000000000001e-1 1.0000000000000001e-1 1.0000000000000001e-1
    1.0000000000000001e-1 1.0000000000000001e-1 1.0000000000000001e-1
    1.0000000000000001e-1 1.0000000000000001e-1 1.0000000000000001e-1
    1.0000000000000001e-1 1.0000000000000001e-1 1.0000000000000001e-1
    1.0000000000000001e-1 1.0000000000000001e-1 1.0000000000000001e-1
    1.0000000000000001e-1 1.0000000000000001e-1 1.0000000000000001e-1
    1.0000000000000001e-1 1.0000000000000001e-1 1.0000000000000001e-1
    1.0000000000000001e-1 1.0000000000000001e-1 1.0000000000000001e-1
    1.0000000000000001e-1 1.0000000000000001e-1 1.0000000000000001e-1
    1.0000000000000001e-1 1.0000000000000001e-1 1.0000000000000001e-1
    1.0000000000000001e-1 1.0000000000000001e-1 1.0000000000000001e-1
    1.0000000000000001e-1 1.0000000000000001e-1 1.0000000000000001e-1
    1.0000000000000001e-1 1.0000000000000001e-1 1.0000000000000001e-1
    1.0000000000000001e-1 1.0000000000000001e-1 1.0000000000000001e-1
    1.0000000000000001e-1 1.0000000000000001e-1 1.0000000000000001e-1
    1.0000000000000001e-1 1.0000000000000001e-1 1.0000000000000001e-1
    1.0000000000000001e-1 1.0000000000000001e-1 1.0000000000000001e-1
    1.0000000000000001e-1 1.0000000000000001e-1 1.0000000000000001e-1
    1.0000000000000001e-1 1.0000000000000001e-1 1.0000000000000001e-1
    1.0000000000000001e-1 1.0000000000000001e-1 1.0000000000000001e-1
    1.0000000000000001e-1 1.0000000000000001e-1 1.0000000000000001e-1
    1.0000000000000001e-1 1.0000000000000001e-1 1.0000000000000001e-1
    1.0000000000000001e-1 1.0000000000000001e-1 1.0000000000000001e-1
    1.0000000000000001e-1 1.0000000000000001e-1 1.0000000000000001e-1
    1.0000000000000001e-1 1.0000000000000001e-1 1.0000000000000001e-1
    1.0000000000000001e-1 1.0000000000000001e-1 1.0000000000000001e-1
    1.0000000000000001e-1 1.0000000000000001e-1 1.0000000000000001e-1
    1.0000000000000001e-1 1.0000000000000001e-1 1.0000000000000001e-1
    1.0000000000000001e-1 1.0000000000000001e-1 1.0000000000000001e-1
    1.0000000000000001e-1 1.0000000000000001e-1 1.0000000000000001e-1
    1.0000000000000001e-1 1.0000000000000001e-1 1.0000000000000001e-1
    1.0000000000000001e-1 1.0000000000000001e-1 1.0000000000000001e-1
    1.0000000000000001e-1 1.0000000000000001e-1 1.0000000000000001e-1
    1.0000000000000001e-1 1.0000000000000001e-1 1.0000000000000001e-1
    1.0000000000000001e-1 1.0000000000000001e-1 1.0000000000000001e-1
    1.0000000000000001e-1 1.0000000000000001e-1 1.0000000000000001e-1
    1.0000000000000001e-1 1.0000000000000001e-1 1.0000000000000001e-1
    1.0000000000000001e-1 1.0000000000000001e-1 1.0000000000000001e-1
    1.0000000000000001e-1 1.0000000000000001e-1 1.0000000000000001e-1
    1.0000000000000001e-1 1.0000000000000001e-1 1.0000000000000001e-1
    1.0000000000000001e-1 1.0000000000000001e-1 1.0000000000000001e-1
    1.0000000000000001e-1 1.0000000000000001e-1 1.0000000000000001e-1
    1.0000000000000001e-1 1.0000000000000001e-1 1.0000000000000001e-1
    1.0000000000000001e-1 1.0000000000000001e-1 1.0000000000000001e-1
    1.0000000000000001e-1 1.0000000000000001e-1 1.0000000000000001e-1
    1.0000000000000001e-1 1.0000000000000001e-1 1.0000000000000001e-1
    1.0000000000000001e-1 1.0000000000000001e-1 1.0000000000000001e-1
    1.0000000000000001e-1 1.0000000000000001e-1 1.0000000000000001e-1
    1.0000000000000001e-1 1.0000000000000001e-1 1.0000000000000001e-1
    1.0000000000000001e-1 1.0000000000000001e-1 1.0000000000000001e-1
    1.0000000000000001e-1 1.0000000000000001e-1 1.0000000000000001e-1
    1.0000000000000001e-1 1.0000000000000001e-1 1.0000000000000001e-1
    1.0000000000000001e-1 1.0000000000000001e-1 1.0000000000000001e-1
    1.0000000000000001e-1 1.0000000000000001e-1 1.0000000000000001e-1
    1.0000000000000001e-1 1.0000000000000001e-1 1.0000000000000001e-1
    1.0000000000000001e-1 1.0000000000000001e-1 1.0000000000000001e-1
    1.0000000000000001e-1 1.0000000000000001e-1 1.0000000000000001e-1
    1.0000000000000001e-1 1.0000000000000001e-1 1.0000000000000001e-1
    1.0000000000000001e-1 1.0000000000000001e-1 1.0000000000000001e-1
    1.0000000000000001e-1 1.0000000000000001e-1 1.0000000000000001e-1
    1.0000000000000001e-1 1.0000000000000001e-1 1.0000000000000001e-1
    1.0000000000000001e-1 1.0000000000000001e-1 1.0000000000000001e-1
    1.0000000000000001e-1 1.0000000000000001e-1 1.0000000000000001e-1
    1.0000000000000001e-1 1.0000000000000001e-1 1.0000000000000001e-1
    1.0000000000000001e-1 1.0000000000000001e-1 1.0000000000000001e-1
    1.0000000000000001e-1 1.0000000000000001e-1 1.0000000000000001e-1
    1.0000000000000001e-1 1.0000000000000001e-1 1.0000000000000001e-1
    1.0000000000000001e-1 1.0000000000000001e-1 1.0000000000000001e-1
    1.0000000000000001e-1 1.0000000000000001e-1 1.0000000000000001e-1
    1.0000000000000001e-1 1.0000000000000001e-1 1.0000000000000001e-1
    1.0000000000000001e-1 1.0000000000000001e-1 1.0000000000000001e-1
    1.0000000000000001e-1 1.0000000000000001e-1 1.0000000000000001e-1
    1.0000000000000001e-1 1.0000000000000001e-1 1.0000000000000001e-1
    1.0000000000000001e-1 1.0000000000000001e-1 1.0000000000000001e-1
    1.0000000000000001e-1 1.0000000000000001e-1 1.0000000000000001e-1
    1.0000000000000001e-1 1.0000000000000001e-1 1.0000000000000001e-1
    1.0000000000000001e-1 1.0000000000000001e-1 1.0000000000000001e-1
    1.0000000000000001e-1 1.0000000000000001e-1 1.0000000000000001e-1
    1.0000000000000001e-1 1.0000000000000001e-1 1.0000000000000001e-1
    1.0000000000000001e-1 1.0000000000000001e-1 1.0000000000000001e-1
    1.0000000000000001e-1 1.0000000000000001e-1 1.0000000000000001e-1
    1.0000000000000001e-1 1.0000000000000001e-1 1.0000000000000001e-1
    1.0000000000000001e-1 1.0000000000000001e-1 1.0000000000000001e-1
    1.0000000000000001e-1 1.0000000000000001e-1 1.0000000000000001e-1
    1.0000000000000001e-1 1.0000000000000001e-1 1.0000000000000001e-1
    1.0000000000000001e-1 1.0000000000000001e-1 1.0000000000000001e-1
    1.0000000000000001e-1 1.0000000000000001e-1 1.0000000000000001e-1
    1.0000000000000001e-1 1.0000000000000001e-1 1.0000000000000001e-1
    1.0000000000000001e-1 1.0000000000000001e-1 1.0000000000000001e-1
    1.0000000000000001e-1 1.0000000000000001e-1 1.0000000000000001e-1
    1.0000000000000001e-1 1.0000000000000001e-1 1.0000000000000001e-1
    1.0000000000000001e-1 1.0000000000000001e-1 1.0000000000000001e-1
    1.0000000000000001e-1 1.0000000000000001e-1 1.0000000000000001e-1
    1.0000000000000001e-1 1.0000000000000001e-1 1.0000000000000001e-1
    1.0000000000000001e-1 1.0000000000000001e-1 1.0000000000000001e-1
    1.0000000000000001e-1 1.0000000000000001e-1 1.0000000000000001e-1
    1.0000000000000001e-1 1.0000000000000001e-1 1.0000000000000001e-1
    1.0000000000000001e-1 1.0000000000000001e-1 1.0000000000000001e-1
    1.0000000000000001e-1 1.0000000000000001e-1 1.0000000000000001e-1
    1.0000000000000001e-1 1.0000000000000001e-1 1.0000000000000001e-1
    1.0000000000000001e-1 1.0000000000000001e-1 1.0000000000000001e-1
    1.0000000000000001e-1 1.0000000000000001e-1 1.0000000000000001e-1
    1.0000000000000001e-1 1.0000000000000001e-1 1.0000000000000001e-1
    1.0000000000000001e-1 1.0000000000000001e-1 1.0000000000000001e-1
    1.0000000000000001e-1 1.0000000000000001e-1 1.0000000000000001e-1
    1.0000000000000001e-1 1.0000000000000001e-1 1.0000000000000001e-1
    1.0000000000000001e-1 1.0000000000000001e-1 1.0000000000000001e-1
    1.0000000000000001e-1 1.0000000000000001e-1 1.0000000000000001e-1
    1.0000000000000001e-1 1.0000000000000001e-1 1.0000000000000001e-1
    1.0000000000000001e-1 1.0000000000000001e-1 1.0000000000000001e-1
    1.0000000000000001e-1 1.0000000000000001e-1 1.0000000000000001e-1
    1.0000000000000001e-1 1.0000000000000001e-1 1.0000000000000001e-1
    1.0000000000000001e-1 1.0000000000000001e-1 1.0000000000000001e-1
    1.0000000000000001e-1 1.0000000000000001e-1 1.0000000000000001e-1
    1.0000000000000001e-1 1.0000000000000001e-1 1.0000000000000001e-1
    1.0000000000000001e-1 1.0000000000000001e-1 1.0000000000000001e-1
    1.0000000000000001e-1 1.0000000000000001e-1 1.0000000000000001e-1
    1.0000000000000001e-1 1.0000000000000001e-1 1.0000000000000001e-1
    1.0000000000000001e-1 1.0000000000000001e-1 1.0000000000000001e-1
    1.0000000000000001e-1 1.0000000000000001e-1 1.0000000000000001e-1
    1.0000000000000001e-1 1.0000000000000001e-1 1.0000000000000001e-1
    1.0000000000000001e-1 1.0000000000000001e-1 1.0000000000000001e-1
    1.0000000000000001e-1 1.0000000000000001e-1 1.0000000000000001e-1
    1.0000000000000001e-1 1.0000000000000001e-1 1.0000000000000001e-1
    1.0000000000000001e-1 1.0000000000000001e-1 1.0000000000000001e-1
    1.0000000000000001e-1 1.0000000000000001e-1 1.0000000000000001e-1
    1.0000000000000001e-1 1.0000000000000001e-1 1.0000000000000001e-1
    1.0000000000000001e-1 1.0000000000000001e-1 1.0000000000000001e-1
    1.0000000000000001e-1 1.0000000000000001e-1 1.0000000000000001e-1
    1.0000000000000001e-1 1.0000000000000001e-1 1.0000000000000001e-1
    1.0000000000000001e-1 1.0000000000000001e-1 1.0000000000000001e-1
    1.0000000000000001e-1 1.0000000000000001e-1 1.0000000000000001e-1
    1.0000000000000001e-1 1.0000000000000001e-1 1.0000000000000001e-1
    1.0000000000000001e-1 1.0000000000000001e-1 1.0000000000000001e-1
    1.0000000000000001e-1 1.0000000000000001e-1 1.0000000000000001e-1
    1.0000000000000001e-1 1.0000000000000001e-1 1.0000000000000001e-1
    1.0000000000000001e-1 1.0000000000000001e-1 1.0000000000000001e-1
    1.0000000000000001e-1 1.0000000000000001e-1 1.0000000000000001e-1
    1.0000000000000001e-1 1.0000000000000001e-1 1.0000000000000001e-1
    1.0000000000000001e-1 1.0000000000000001e-1 1.0000000000000001e-1
    1.0000000000000001e-1 1.0000000000000001e-1 1.0000000000000001e-1
    1.0000000000000001e-1 1.0000000000000001e-1 1.0000000000000001e-1
    1.0000000000000001e-1 1.0000000000000001e-1 1.0000000000000001e-1
    1.0000000000000001e-1 1.0000000000000001e-1 1.0000000000000001e-1
    1.0000000000000001e-1 1.0000000000000001e-1 1.0000000000000001e-1
    1.0000000000000001e-1 1.0000000000000001e-1 1.0000000000000001e-1
    1.0000000000000001e-1 1.0000000000000001e-1 1.0000000000000001e-1
    1.0000000000000001e-1 1.0000000000000001e-1 1.0000000000000001e-1
    1.0000000000000001e-1 1.0000000000000001e-1 1.0000000000000001e-1
    1.0000000000000001e-1 1.0000000000000001e-1 1.0000000000000001e-1
    1.0000000000000001e-1 1.0000000000000001e-1 1.0000000000000001e-1
    1.0000000000000001e-1 1.0000000000000001e-1 1.0000000000000001e-1
    1.0000000000000001e-1 1.0000000000000001e-1 1.0000000000000001e-1
    1.0000000000000001e-1 1.0000000000000001e-1 1.0000000000000001e-1
    1.0000000000000001e-1 1.0000000000000001e-1 1.0000000000000001e-1
    1.0000000000000001e-1 1.0000000000000001e-1 1.0000000000000001e-1
    1.0000000000000001e-1 1.0000000000000001e-1 1.0000000000000001e-1
    1.0000000000000001e-1 1.0000000000000001e-1 1.0000000000000001e-1
    1.0000000000000001e-1 1.0000000000000001e-1 1.0000000000000001e-1
    1.0000000000000001e-1 1.0000000000000001e-1 1.0000000000000001e-1
    1.0000000000000001e-1 1.0000000000000001e-1 1.0000000000000001e-1
    1.0000000000000001e-1 1.0000000000000001e-1 1.0000000000000001e-1
    1.0000000000000001e-1 1.0000000000000001e-1 1.0000000000000001e-1
    1.0000000000000001e-1 1.0000000000000001e-1 1.0000000000000001e-1
    1.0000000000000001e-1 1.0000000000000001e-1 1.0000000000000001e-1
    1.0000000000000001e-1 1.0000000000000001e-1 1.0000000000000001e-1
    1.0000000000000001e-1 1.0000000000000001e-1 1.0000000000000001e-1
    1.0000000000000001e-1 1.0000000000000001e-1 1.0000000000000001e-1
    1.0000000000000001e-1 1.0000000000000001e-1 1.0000000000000001e-1
    1.0000000000000001e-1 1.0000000000000001e-1 1.0000000000000001e-1
    1.0000000000000001e-1 1.0000000000000001e-1 1.0000000000000001e-1
    1.0000000000000001e-1 1.0000000000000001e-1 1.0000000000000001e-1
    1.0000000000000001e-1 1.0000000000000001e-1 1.0000000000000001e-1
    1.0000000000000001e-1 1.0000000000000001e-1 1.0000000000000001e-1
    1.0000000000000001e-1 1.0000000000000001e-1 1.0000000000000001e-1
    1.0000000000000001e-1 1.0000000000000001e-1 1.0000000000000001e-1
    1.0000000000000001e-1 1.0000000000000001e-1 1.0000000000000001e-1
    1.0000000000000001e-1 1.0000000000000001e-1 1.0000000000000001e-1
    1.0000000000000001e-1 1.0000000000000001e-1 1.0000000000000001e-1
    1.0000000000000001e-1 1.0000000000000001e-1 1.0000000000000001e-1
    1.0000000000000001e-1 1.0000000000000001e-1 1.0000000000000001e-1
    1.0000000000000001e-1 1.0000000000000001e-1 1.0000000000000001e-1
    1.0000000000000001e-1 1.0000000000000001e-1 1.0000000000000001e-1
    1.0000000000000001e-1 1.0000000000000001e-1 1.0000000000000001e-1
    1.0000000000000001e-1 1.0000000000000001e-1 1.0000000000000001e-1
    1.0000000000000001e-1 1.0000000000000001e-1 1.0000000000000001e-1
    1.0000000000000001e-1 1.0000000000000001e-1 1.0000000000000001e-1
    1.0000000000000001e-1 1.0000000000000001e-1 1.0000000000000001e-1
    1.0000000000000001e-1 1.0000000000000001e-1 1.0000000000000001e-1
    1.0000000000000001e-1 1.0000000000000001e-1 1.0000000000000001e-1
    1.0000000000000001e-1 1.0000000000000001e-1 1.0000000000000001e-1
    1.0000000000000001e-1 1.0000000000000001e-1 1.0000000000000001e-1
    1.0000000000000001e-1 1.0000000000000001e-1 1.0000000000000001e-1
    1.0000000000000001e-1 1.0000000000000001e-1 1.0000000000000001e-1
    1.0000000000000001e-1 1.0000000000000001e-1 1.0000000000000001e-1
    1.0000000000000001e-1 1.0000000000000001e-1 1.0000000000000001e-1
    1.0000000000000001e-1 1.0000000000000001e-1 1.0000000000000001e-1
    1.0000000000000001e-1 1.0000000000000001e-1 1.0000000000000001e-1
    1.0000000000000001e-1 1.0000000000000001e-1 1.0000000000000001e-1
    1.0000000000000001e-1 1.0000000000000001e-1 1.0000000000000001e-1
    1.0000000000000001e-1 1.0000000000000001e-1 1.0000000000000001e-1
    1.0000000000000001e-1 1.0000000000000001e-1 1.0000000000000001e-1
    1.0000000000000001e-1 1.0000000000000001e-1 1.0000000000000001e-1
    1.0000000000000001e-1 1.0000000000000001e-1 1.0000000000000001e-1
    1.0000000000000001e-1 1.0000000000000001e-1 1.0000000000000001e-1
    1.0000000000000001e-1 1.0000000000000001e-1 1.0000000000000001e-1
    1.0000000000000001e-1 1.0000000000000001e-1 1.0000000000000001e-1
    1.0000000000000001e-1 1.0000000000000001e-1 1.0000000000000001e-1
    1.0000000000000001e-1 1.0000000000000001e-1 1.0000000000000001e-1
    1.0000000000000001e-1 1.0000000000000001e-1 1.0000000000000001e-1
    1.0000000000000001e-1 1.0000000000000001e-1 1.0000000000000001e-1
    1.0000000000000001e-1 1.0000000000000001e-1 1.0000000000000001e-1
    1.0000000000000001e-1 1.0000000000000001e-1 1.0000000000000001e-1
    1.0000000000000001e-1 1.0000000000000001e-1 1.0000000000000001e-1
    1.0000000000000001e-1 1.0000000000000001e-1 1.0000000000000001e-1
    1.0000000000000001e-1 1.0000000000000001e-1 1.0000000000000001e-1
    1.0000000000000001e-1 1.0000000000000001e-1 1.0000000000000001e-1
    1.0000000000000001e-1 1.0000000000000001e-1 1.0000000000000001e-1
    1.0000000000000001e-1 1.0000000000000001e-1 1.0000000000000001e-1
    1.0000000000000001e-1 1.0000000000000001e-1 1.0000000000000001e-1
    1.0000000000000001e-1 1.0000000000000001e-1 1.0000000000000001e-1
    1.0000000000000001e-1 1.0000000000000001e-1 1.0000000000000001e-1
    1.0000000000000001e-1 1.0000000000000001e-1 1.0000000000000001e-1
    1.0000000000000001e-1 1.0000000000000001e-1 1.0000000000000001e-1
    1.0000000000000001e-1 1.0000000000000001e-1 1.0000000000000001e-1
    1.0000000000000001e-1 1.0000000000000001e-1 1.0000000000000001e-1
    1.0000000000000001e-1 1.0000000000000001e-1 1.0000000000000001e-1
    1.0000000000000001e-1 1.0000000000000001e-1 1.0000000000000001e-1
    1.0000000000000001e-1 1.0000000000000001e-1 1.0000000000000001e-1
    1.0000000000000001e-1 1.0000000000000001e-1 1.0000000000000001e-1
    1.0000000000000001e-1 1.0000000000000001e-1 1.0000000000000001e-1
    1.0000000000000001e-1 1.0000000000000001e-1 1.0000000000000001e-1
    1.0000000000000001e-1 1.0000000000000001e-1 1.0000000000000001e-1
    1.0000000000000001e-1 1.0000000000000001e-1 1.0000000000000001e-1
    1.0000000000000001e-1 1.0000000000000001e-1 1.0000000000000001e-1
    1.0000000000000001e-1 1.0000000000000001e-1 1.0000000000000001e-1
    1.0000000000000001e-1 1.0000000000000001e-1 1.0000000000000001e-1
    1.0000000000000001e-1 1.0000000000000001e-1 1.0000000000000001e-1
    1.0000000000000001e-1 1.0000000000000001e-1 1.0000000000000001e-1
    1.0000000000000001e-1 1.0000000000000001e-1 1.0000000000000001e-1
    1.0000000000000001e-1 1.0000000000000001e-1 1.0000000000000001e-1
    1.0000000000000001e-1 1.0000000000000001e-1 1.0000000000000001e-1
    1.0000000000000001e-1 1.0000000000000001e-1 1.0000000000000001e-1
    1.0000000000000001e-1 1.0000000000000001e-1 1.0000000000000001e-1
    1.0000000000000001e-1 1.0000000000000001e-1 1.0000000000000001e-1
    1.0000000000000001e-1 1.0000000000000001e-1 1.0000000000000001e-1
    1.0000000000000001e-1 1.0000000000000001e-1 1.0000000000000001e-1
    1.0000000000000001e-1 1.0000000000000001e-1 1.0000000000000001e-1
    1.0000000000000001e-1 1.0000000000000001e-1 1.0000000000000001e-1
    1.0000000000000001e-1 1.0000000000000001e-1 1.0000000000000001e-1
    1.0000000000000001e-1 1.0000000000000001e-1 1.0000000000000001e-1
    1.0000000000000001e-1 1.0000000000000001e-1 1.0000000000000001e-1
    1.0000000000000001e-1 1.0000000000000001e-1 1.0000000000000001e-1
    1.0000000000000001e-1 1.0000000000000001e-1 1.0000000000000001e-1
    1.0000000000000001e-1 1.0000000000000001e-1 1.0000000000000001e-1
    1.0000000000000001e-1 1.0000000000000001e-1 1.0000000000000001e-1
    1.0000000000000001e-1 1.0000000000000001e-1 1.0000000000000001e-1
    1.0000000000000001e-1 1.0000000000000001e-1 1.0000000000000001e-1
    1.0000000000000001e-1 1.0000000000000001e-1 1.0000000000000001e-1
    1.0000000000000001e-1 1.0000000000000001e-1 1.0000000000000001e-1
    1.0000000000000001e-1 1.0000000000000001e-1 1.0000000000000001e-1
    1.0000000000000001e-1 1.0000000000000001e-1 1.0000000000000001e-1
    1.0000000000000001e-1 2.0000000000000001e-1 2.0000000000000001e-1
    2.0000000000000001e-1 2.0000000000000001e-1 2.0000000000000001e-1
    2.0000000000000001e-1 2.0000000000000001e-1 2.0000000000000001e-1
    2.0000000000000001e-1 2.0000000000000001e-1 2.0000000000000001e-1
    2.0000000000000001e-1 2.0000000000000001e-1 2.0000000000000001e-1
    2.0000000000000001e-1 2.0000000000000001e-1 2.0000000000000001e-1
    2.0000000000000001e-1 2.0000000000000001e-1 2.0000000000000001e-1
    2.0000000000000001e-1 2.0000000000000001e-1 2.0000000000000001e-1
    2.0000000000000001e-1 2.0000000000000001e-1 2.0000000000000001e-1
    2.0000000000000001e-1 2.0000000000000001e-1 2.0000000000000001e-1
    2.0000000000000001e-1 2.0000000000000001e-1 2.0000000000000001e-1
    2.0000000000000001e-1 2.0000000000000001e-1 2.0000000000000001e-1
    2.0000000000000001e-1 2.0000000000000001e-1 2.0000000000000001e-1
    2.0000000000000001e-1 2.0000000000000001e-1 2.0000000000000001e-1
    2.0000000000000001e-1 2.0000000000000001e-1 2.0000000000000001e-1
    2.0000000000000001e-1 2.0000000000000001e-1 2.0000000000000001e-1
    2.0000000000000001e-1 2.0000000000000001e-1 2.0000000000000001e-1
    2.0000000000000001e-1 2.0000000000000001e-1 2.0000000000000001e-1
    2.0000000000000001e-1 2.0000000000000001e-1 2.0000000000000001e-1
    2.0000000000000001e-1 2.0000000000000001e-1 2.0000000000000001e-1
    2.0000000000000001e-1 2.0000000000000001e-1 2.0000000000000001e-1
    2.0000000000000001e-1 2.0000000000000001e-1 2.0000000000000001e-1
    2.0000000000000001e-1 2.0000000000000001e-1 2.0000000000000001e-1
    2.0000000000000001e-1 2.0000000000000001e-1 2.0000000000000001e-1
    2.0000000000000001e-1 2.0000000000000001e-1 2.0000000000000001e-1
    2.0000000000000001e-1 2.0000000000000001e-1 2.0000000000000001e-1
    2.0000000000000001e-1 2.0000000000000001e-1 2.0000000000000001e-1
    2.0000000000000001e-1 2.0000000000000001e-1 2.0000000000000001e-1
    2.0000000000000001e-1 2.0000000000000001e-1 2.0000000000000001e-1
    2.0000000000000001e-1 2.0000000000000001e-1 2.0000000000000001e-1
    2.0000000000000001e-1 2.0000000000000001e-1 2.0000000000000001e-1
    2.0000000000000001e-1 2.0000000000000001e-1 2.0000000000000001e-1
    2.0000000000000001e-1 2.0000000000000001e-1 2.0000000000000001e-1
    2.0000000000000001e-1 2.0000000000000001e-1 2.0000000000000001e-1
    2.0000000000000001e-1 2.0000000000000001e-1 2.0000000000000001e-1
    2.0000000000000001e-1 2.0000000000000001e-1 2.0000000000000001e-1
    2.0000000000000001e-1 2.0000000000000001e-1 2.0000000000000001e-1
    2.0000000000000001e-1 2.0000000000000001e-1 2.0000000000000001e-1
    2.0000000000000001e-1 2.0000000000000001e-1 2.0000000000000001e-1
    2.0000000000000001e-1 2.0000000000000001e-1 2.0000000000000001e-1
    2.0000000000000001e-1 2.0000000000000001e-1 2.0000000000000001e-1
    2.0000000000000001e-1 2.0000000000000001e-1 2.0000000000000001e-1
    2.0000000000000001e-1 2.0000000000000001e-1 2.0000000000000001e-1
    2.0000000000000001e-1 2.0000000000000001e-1 2.0000000000000001e-1
    2.0000000000000001e-1 2.0000000000000001e-1 2.0000000000000001e-1
    2.0000000000000001e-1 2.0000000000000001e-1 2.0000000000000001e-1
    2.0000000000000001e-1 2.0000000000000001e-1 2.0000000000000001e-1
    2.0000000000000001e-1 2.0000000000000001e-1 2.0000000000000001e-1
    2.0000000000000001e-1 2.0000000000000001e-1 2.0000000000000001e-1
    2.0000000000000001e-1 2.0000000000000001e-1 2.0000000000000001e-1
    2.0000000000000001e-1 2.0000000000000001e-1 2.0000000000000001e-1
    2.0000000000000001e-1 2.0000000000000001e-1 2.0000000000000001e-1
    2.0000000000000001e-1 2.0000000000000001e-1 2.0000000000000001e-1
    2.0000000000000001e-1 2.0000000000000001e-1 2.0000000000000001e-1
    2.0000000000000001e-1 2.0000000000000001e-1 2.0000000000000001e-1
    2.0000000000000001e-1 2.0000000000000001e-1 2.0000000000000001e-1
    2.0000000000000001e-1 2.0000000000000001e-1 2.0000000000000001e-1
    2.0000000000000001e-1 2.0000000000000001e-1 2.0000000000000001e-1
    2.0000000000000001e-1 2.0000000000000001e-1 2.0000000000000001e-1
    2.0000000000000001e-1 2.0000000000000001e-1 2.0000000000000001e-1
    2.0000000000000001e-1 2.0000000000000001e-1 2.0000000000000001e-1
    2.0000000000000001e-1 2.0000000000000001e-1 2.0000000000000001e-1
    2.0000000000000001e-1 2.0000000000000001e-1 2.0000000000000001e-1
    2.0000000000000001e-1 2.0000000000000001e-1 2.0000000000000001e-1
    2.0000000000000001e-1 2.0000000000000001e-1 2.0000000000000001e-1
    2.0000000000000001e-1 2.0000000000000001e-1 2.0000000000000001e-1
    2.0000000000000001e-1 2.0000000000000001e-1 2.0000000000000001e-1
    2.0000000000000001e-1 2.0000000000000001e-1 2.0000000000000001e-1
    2.0000000000000001e-1 2.0000000000000001e-1 2.0000000000000001e-1
    2.0000000000000001e-1 2.0000000000000001e-1 2.0000000000000001e-1
    2.0000000000000001e-1 2.0000000000000001e-1 2.0000000000000001e-1
    2.0000000000000001e-1 2.0000000000000001e-1 2.0000000000000001e-1
    2.0000000000000001e-1 2.0000000000000001e-1 2.0000000000000001e-1
    2.0000000000000001e-1 2.0000000000000001e-1 2.0000000000000001e-1
    2.0000000000000001e-1 2.0000000000000001e-1 2.0000000000000001e-1
    2.0000000000000001e-1 2.0000000000000001e-1 2.0000000000000001e-1
    2.0000000000000001e-1 2.0000000000000001e-1 2.0000000000000001e-1
    2.0000000000000001e-1 2.0000000000000001e-1 2.0000000000000001e-1
    2.0000000000000001e-1 2.0000000000000001e-1 2.0000000000000001e-1
    2.0000000000000001e-1 2.0000000000000001e-1 2.0000000000000001e-1
    2.0000000000000001e-1 2.0000000000000001e-1 2.0000000000000001e-1
    2.0000000000000001e-1 2.0000000000000001e-1 2.0000000000000001e-1
    2.0000000000000001e-1 2.0000000000000001e-1 2.0000000000000001e-1
    2.0000000000000001e-1 2.0000000000000001e-1 2.0000000000000001e-1
    2.0000000000000001e-1 2.0000000000000001e-1 2.0000000000000001e-1
    2.0000000000000001e-1 2.0000000000000001e-1 2.0000000000000001e-1
    2.0000000000000001e-1 2.0000000000000001e-1 2.0000000000000001e-1
    2.0000000000000001e-1 2.0000000000000001e-1 2.0000000000000001e-1
    2.0000000000000001e-1 2.0000000000000001e-1 2.0000000000000001e-1
    2.0000000000000001e-1 2.0000000000000001e-1 2.0000000000000001e-1
    2.0000000000000001e-1 2.0000000000000001e-1 2.0000000000000001e-1
    2.0000000000000001e-1 2.0000000000000001e-1 2.0000000000000001e-1
    2.0000000000000001e-1 2.0000000000000001e-1 2.0000000000000001e-1
    2.0000000000000001e-1 2.0000000000000001e-1 2.0000000000000001e-1
    2.0000000000000001e-1 2.0000000000000001e-1 2.0000000000000001e-1
    2.0000000000000001e-1 2.0000000000000001e-1 2.0000000000000001e-1
    2.0000000000000001e-1 2.0000000000000001e-1 2.0000000000000001e-1
    2.0000000000000001e-1 2.0000000000000001e-1 2.0000000000000001e-1
    2.0000000000000001e-1 2.0000000000000001e-1 2.0000000000000001e-1
    2.0000000000000001e-1 2.0000000000000001e-1 2.0000000000000001e-1
    2.0000000000000001e-1 2.0000000000000001e-1 2.0000000000000001e-1
    2.0000000000000001e-1 2.0000000000000001e-1 2.0000000000000001e-1
    2.0000000000000001e-1 2.0000000000000001e-1 2.0000000000000001e-1
    2.0000000000000001e-1 2.0000000000000001e-1 2.0000000000000001e-1
    2.0000000000000001e-1 2.0000000000000001e-1 2.0000000000000001e-1
    2.0000000000000001e-1 2.0000000000000001e-1 2.0000000000000001e-1
    2.0000000000000001e-1 2.0000000000000001e-1 2.0000000000000001e-1
    2.0000000000000001e-1 2.0000000000000001e-1 2.0000000000000001e-1
    2.0000000000000001e-1 2.0000000000000001e-1 2.0000000000000001e-1
    2.0000000000000001e-1 2.0000000000000001e-1 2.0000000000000001e-1
    2.0000000000000001e-1 2.0000000000000001e-1 2.0000000000000001e-1
    2.0000000000000001e-1 2.0000000000000001e-1 2.0000000000000001e-1
    2.0000000000000001e-1 2.0000000000000001e-1 2.0000000000000001e-1
    2.0000000000000001e-1 2.0000000000000001e-1 2.0000000000000001e-1
    2.0000000000000001e-1 2.0000000000000001e-1 2.0000000000000001e-1
    2.0000000000000001e-1 2.0000000000000001e-1 2.0000000000000001e-1
    2.0000000000000001e-1 2.0000000000000001e-1 2.0000000000000001e-1
    2.0000000000000001e-1 2.0000000000000001e-1 2.0000000000000001e-1
    2.0000000000000001e-1 2.0000000000000001e-1 2.0000000000000001e-1
    2.0000000000000001e-1 2.0000000000000001e-1 2.0000000000000001e-1
    2.0000000000000001e-1 2.0000000000000001e-1 2.0000000000000001e-1
    2.0000000000000001e-1 2.0000000000000001e-1 2.0000000000000001e-1
    2.0000000000000001e-1 2.0000000000000001e-1 2.0000000000000001e-1
    2.0000000000000001e-1 2.0000000000000001e-1 2.0000000000000001e-1
    2.0000000000000001e-1 2.0000000000000001e-1 2.0000000000000001e-1
    2.0000000000000001e-1 2.0000000000000001e-1 2.0000000000000001e-1
    2.0000000000000001e-1 2.0000000000000001e-1 2.0000000000000001e-1
    2.0000000000000001e-1 2.0000000000000001e-1 2.0000000000000001e-1
    2.0000000000000001e-1 2.0000000000000001e-1 2.0000000000000001e-1
    2.0000000000000001e-1 2.0000000000000001e-1 2.0000000000000001e-1
    2.0000000000000001e-1 2.0000000000000001e-1 2.0000000000000001e-1
    2.0000000000000001e-1 2.0000000000000001e-1 2.0000000000000001e-1
    2.0000000000000001e-1 2.0000000000000001e-1 2.0000000000000001e-1
    2.0000000000000001e-1 2.0000000000000001e-1 2.0000000000000001e-1
    2.0000000000000001e-1 2.0000000000000001e-1 2.0000000000000001e-1
    2.0000000000000001e-1 2.0000000000000001e-1 2.0000000000000001e-1
    2.0000000000000001e-1 2.0000000000000001e-1 2.0000000000000001e-1
    2.0000000000000001e-1 2.0000000000000001e-1 2.0000000000000001e-1
    2.0000000000000001e-1 2.0000000000000001e-1 2.0000000000000001e-1
    2.0000000000000001e-1 2.0000000000000001e-1 2.0000000000000001e-1
    2.0000000000000001e-1 2.0000000000000001e-1 2.0000000000000001e-1
    2.0000000000000001e-1 2.0000000000000001e-1 2.0000000000000001e-1
    2.0000000000000001e-1 2.0000000000000001e-1 2.0000000000000001e-1
    2.0000000000000001e-1 2.0000000000000001e-1 2.0000000000000001e-1
    2.0000000000000001e-1 2.0000000000000001e-1 2.0000000000000001e-1
    2.0000000000000001e-1 2.0000000000000001e-1 2.0000000000000001e-1
    2.0000000000000001e-1 2.0000000000000001e-1 2.0000000000000001e-1
    2.0000000000000001e-1 2.0000000000000001e-1 2.0000000000000001e-1
    2.0000000000000001e-1 2.0000000000000001e-1 2.0000000000000001e-1
    2.0000000000000001e-1 2.0000000000000001e-1 2.0000000000000001e-1
    2.0000000000000001e-1 2.0000000000000001e-1 2.0000000000000001e-1
    2.0000000000000001e-1 2.0000000000000001e-1 2.0000000000000001e-1
    2.0000000000000001e-1 2.0000000000000001e-1 2.0000000000000001e-1
    2.0000000000000001e-1 2.0000000000000001e-1 2.0000000000000001e-1
    2.0000000000000001e-1 2.0000000000000001e-1 2.0000000000000001e-1
    2.0000000000000001e-1 2.0000000000000001e-1 2.0000000000000001e-1
    2.0000000000000001e-1 2.0000000000000001e-1 2.0000000000000001e-1
    2.0000000000000001e-1 2.0000000000000001e-1 2.0000000000000001e-1
    2.0000000000000001e-1 2.0000000000000001e-1 2.0000000000000001e-1
    2.0000000000000001e-1 2.0000000000000001e-1 2.0000000000000001e-1
    2.0000000000000001e-1 2.0000000000000001e-1 2.0000000000000001e-1
    2.0000000000000001e-1 2.0000000000000001e-1 2.0000000000000001e-1
    2.0000000000000001e-1 2.0000000000000001e-1 2.0000000000000001e-1
    2.0000000000000001e-1 2.0000000000000001e-1 2.0000000000000001e-1
    2.0000000000000001e-1 2.0000000000000001e-1 2.0000000000000001e-1
    2.0000000000000001e-1 2.0000000000000001e-1 2.0000000000000001e-1
    2.0000000000000001e-1 2.0000000000000001e-1 2.0000000000000001e-1
    2.0000000000000001e-1 2.0000000000000001e-1 2.0000000000000001e-1
    2.0000000000000001e-1 2.0000000000000001e-1 2.0000000000000001e-1
    2.0000000000000001e-1 2.0000000000000001e-1 2.0000000000000001e-1
    2.0000000000000001e-1 2.0000000000000001e-1 2.0000000000000001e-1
    2.0000000000000001e-1 2.0000000000000001e-1 2.0000000000000001e-1
    2.0000000000000001e-1 2.0000000000000001e-1 2.0000000000000001e-1
    2.0000000000000001e-1 2.0000000000000001e-1 2.0000000000000001e-1
    2.0000000000000001e-1 2.0000000000000001e-1 2.0000000000000001e-1
    2.0000000000000001e-1 2.0000000000000001e-1 2.0000000000000001e-1
    2.0000000000000001e-1 2.0000000000000001e-1 2.0000000000000001e-1
    2.0000000000000001e-1 2.0000000000000001e-1 2.0000000000000001e-1
    2.0000000000000001e-1 2.0000000000000001e-1 2.0000000000000001e-1
    2.0000000000000001e-1 2.0000000000000001e-1 2.0000000000000001e-1
    2.0000000000000001e-1 2.0000000000000001e-1 2.0000000000000001e-1
    2.0000000000000001e-1 2.0000000000000001e-1 2.0000000000000001e-1
    2.0000000000000001e-1 2.0000000000000001e-1 2.0000000000000001e-1
    2.0000000000000001e-1 2.0000000000000001e-1 2.0000000000000001e-1
    2.0000000000000001e-1 2.0000000000000001e-1 2.0000000000000001e-1
    2.0000000000000001e-1 2.0000000000000001e-1 2.0000000000000001e-1
    2.0000000000000001e-1 2.0000000000000001e-1 2.0000000000000001e-1
    2.0000000000000001e-1 2.0000000000000001e-1 2.0000000000000001e-1
    2.0000000000000001e-1 2.0000000000000001e-1 2.0000000000000001e-1
    2.0000000000000001e-1 2.0000000000000001e-1 2.0000000000000001e-1
    2.0000000000000001e-1 2.0000000000000001e-1 2.0000000000000001e-1
    2.0000000000000001e-1 2.0000000000000001e-1 2.0000000000000001e-1
    2.0000000000000001e-1 2.0000000000000001e-1 2.0000000000000001e-1
    2.0000000000000001e-1 2.0000000000000001e-1 2.0000000000000001e-1
    2.0000000000000001e-1 2.0000000000000001e-1 2.0000000000000001e-1
    2.0000000000000001e-1 2.0000000000000001e-1 2.0000000000000001e-1
    2.0000000000000001e-1 2.0000000000000001e-1 2.0000000000000001e-1
    2.0000000000000001e-1 2.0000000000000001e-1 2.0000000000000001e-1
    2.0000000000000001e-1 2.0000000000000001e-1 2.0000000000000001e-1
    2.0000000000000001e-1 2.0000000000000001e-1 2.0000000000000001e-1
    2.0000000000000001e-1 2.0000000000000001e-1 2.0000000000000001e-1
    2.0000000000000001e-1 2.0000000000000001e-1 2.0000000000000001e-1
    2.0000000000000001e-1 2.0000000000000001e-1 2.0000000000000001e-1
    2.0000000000000001e-1 2.0000000000000001e-1 2.0000000000000001e-1
    2.0000000000000001e-1 2.0000000000000001e-1 2.0000000000000001e-1
    2.0000000000000001e-1 2.0000000000000001e-1 2.0000000000000001e-1
    2.0000000000000001e-1 2.0000000000000001e-1 2.0000000000000001e-1
    2.0000000000000001e-1 2.0000000000000001e-1 2.0000000000000001e-1
    2.0000000000000001e-1 2.0000000000000001e-1 2.0000000000000001e-1
    2.0000000000000001e-1 2.0000000000000001e-1 2.0000000000000001e-1
    2.0000000000000001e-1 2.0000000000000001e-1 2.0000000000000001e-1
    2.0000000000000001e-1 2.0000000000000001e-1 2.0000000000000001e-1
    2.0000000000000001e-1 2.0000000000000001e-1 2.0000000000000001e-1
    2.0000000000000001e-1 2.0000000000000001e-1 2.0000000000000001e-1
    2.0000000000000001e-1 2.0000000000000001e-1 2.0000000000000001e-1
    2.0000000000000001e-1 2.0000000000000001e-1 2.0000000000000001e-1
    2.0000000000000001e-1 2.0000000000000001e-1 2.0000000000000001e-1
    2.0000000000000001e-1 2.0000000000000001e-1 2.0000000000000001e-1
    2.0000000000000001e-1 2.0000000000000001e-1 2.0000000000000001e-1
    2.0000000000000001e-1 2.0000000000000001e-1 2.0000000000000001e-1
    2.0000000000000001e-1 2.0000000000000001e-1 2.0000000000000001e-1
    2.0000000000000001e-1 2.0000000000000001e-1 2.0000000000000001e-1
    2.0000000000000001e-1 2.0000000000000001e-1 2.0000000000000001e-1
    2.0000000000000001e-1 2.0000000000000001e-1 2.0000000000000001e-1
    2.0000000000000001e-1 2.0000000000000001e-1 2.0000000000000001e-1
    2.0000000000000001e-1 2.0000000000000001e-1 2.0000000000000001e-1
    2.0000000000000001e-1 2.0000000000000001e-1 2.0000000000000001e-1
    2.0000000000000001e-1 2.0000000000000001e-1 2.0000000000000001e-1
    2.0000000000000001e-1 2.0000000000000001e-1 2.0000000000000001e-1
    2.0000000000000001e-1 2.0000000000000001e-1 2.0000000000000001e-1
    2.0000000000000001e-1 2.0000000000000001e-1 2.0000000000000001e-1
    2.0000000000000001e-1 2.0000000000000001e-1 2.0000000000000001e-1
    2.0000000000000001e-1 2.0000000000000001e-1 2.0000000000000001e-1
    2.0000000000000001e-1 2.0000000000000001e-1 2.0000000000000001e-1
    2.0000000000000001e-1 2.0000000000000001e-1 2.0000000000000001e-1
    2.0000000000000001e-1 2.0000000000000001e-1 2.0000000000000001e-1
    2.0000000000000001e-1 2.0000000000000001e-1 2.0000000000000001e-1
    2.0000000000000001e-1 2.0000000000000001e-1 2.0000000000000001e-1
    2.0000000000000001e-1 2.0000000000000001e-1 2.0000000000000001e-1
    2.0000000000000001e-1 2.0000000000000001e-1 2.0000000000000001e-1
    2.0000000000000001e-1 2.0000000000000001e-1 2.0000000000000001e-1
    2.0000000000000001e-1 2.0000000000000001e-1 2.0000000000000001e-1
    2.0000000000000001e-1 2.0000000000000001e-1 2.0000000000000001e-1
    2.0000000000000001e-1 2.0000000000000001e-1 2.0000000000000001e-1
    2.0000000000000001e-1 2.0000000000000001e-1 2.0000000000000001e-1
    2.0000000000000001e-1 2.0000000000000001e-1 2.0000000000000001e-1
    2.0000000000000001e-1 2.0000000000000001e-1 2.0000000000000001e-1
    2.0000000000000001e-1 2.0000000000000001e-1 2.0000000000000001e-1
    2.0000000000000001e-1 2.0000000000000001e-1 2.0000000000000001e-1
    2.0000000000000001e-1 2.0000000000000001e-1 2.0000000000000001e-1
    2.0000000000000001e-1 2.0000000000000001e-1 2.0000000000000001e-1
    2.0000000000000001e-1 2.0000000000000001e-1 2.0000000000000001e-1
    2.0000000000000001e-1 2.0000000000000001e-1 2.0000000000000001e-1
    2.0000000000000001e-1 2.0000000000000001e-1 2.0000000000000001e-1
    2.0000000000000001e-1 2.0000000000000001e-1 2.0000000000000001e-1
    2.0000000000000001e-1 2.0000000000000001e-1 2.0000000000000001e-1
    2.0000000000000001e-1 2.0000000000000001e-1 2.0000000000000001e-1
    2.0000000000000001e-1 2.0000000000000001e-1 2.0000000000000001e-1
    2.0000000000000001e-1 2.0000000000000001e-1 2.0000000000000001e-1
    2.0000000000000001e-1 2.0000000000000001e-1 2.0000000000000001e-1
    2.0000000000000001e-1 2.0000000000000001e-1 2.0000000000000001e-1
    2.0000000000000001e-1 2.0000000000000001e-1 2.0000000000000001e-1
    2.0000000000000001e-1 2.0000000000000001e-1 2.0000000000000001e-1
    2.0000000000000001e-1 2.0000000000000001e-1 2.0000000000000001e-1
    2.0000000000000001e-1 2.0000000000000001e-1 2.0000000000000001e-1
    2.0000000000000001e-1 2.0000000000000001e-1 2.0000000000000001e-1
    2.0000000000000001e-1 2.0000000000000001e-1 2.0000000000000001e-1
    2.0000000000000001e-1 2.0000000000000001e-1 2.0000000000000001e-1
    2.0000000000000001e-1 2.0000000000000001e-1 2.0000000000000001e-1
    2.0000000000000001e-1 2.0000000000000001e-1 2.0000000000000001e-1
    2.0000000000000001e-1 2.0000000000000001e-1 2.0000000000000001e-1
    2.0000000000000001e-1 2.0000000000000001e-1 2.0000000000000001e-1
    2.0000000000000001e-1 2.0000000000000001e-1 2.0000000000000001e-1
    2.0000000000000001e-1 2.0000000000000001e-1 2.0000000000000001e-1
    2.0000000000000001e-1 2.0000000000000001e-1 2.0000000000000001e-1
    2.0000000000000001e-1 2.0000000000000001e-1 2.0000000000000001e-1
    2.0000000000000001e-1 2.0000000000000001e-1 2.0000000000000001e-1
    2.0000000000000001e-1 2.0000000000000001e-1 2.0000000000000001e-1
    2.0000000000000001e-1 2.0000000000000001e-1 2.0000000000000001e-1
    2.0000000000000001e-1 2.0000000000000001e-1 2.0000000000000001e-1
    2.0000000000000001e-1 2.0000000000000001e-1 2.0000000000000001e-1
    2.0000000000000001e-1 2.0000000000000001e-1 2.0000000000000001e-1
    2.0000000000000001e-1 2.0000000000000001e-1 2.0000000000000001e-1
    2.0000000000000001e-1 2.0000000000000001e-1 2.0000000000000001e-1
    2.0000000000000001e-1 2.0000000000000001e-1 2.0000000000000001e-1
    2.0000000000000001e-1 2.0000000000000001e-1 2.0000000000000001e-1
    2.0000000000000001e-1 2.0000000000000001e-1 2.0000000000000001e-1
    2.0000000000000001e-1 2.0000000000000001e-1 2.0000000000000001e-1
    2.0000000000000001e-1 2.0000000000000001e-1 2.0000000000000001e-1
    2.0000000000000001e-1 2.0000000000000001e-1 2.0000000000000001e-1
    2.0000000000000001e-1 2.0000000000000001e-1 2.0000000000000001e-1
    2.0000000000000001e-1 2.0000000000000001e-1 2.0000000000000001e-1
    2.0000000000000001e-1 2.0000000000000001e-1 2.0000000000000001e-1
    2.0000000000000001e-1 2.0000000000000001e-1 2.0000000000000001e-1
    2.0000000000000001e-1 2.0000000000000001e-1 2.0000000000000001e-1
    2.0000000000000001e-1 2.0000000000000001e-1 2.0000000000000001e-1
    2.0000000000000001e-1 2.0000000000000001e-1 2.0000000000000001e-1
    2.0000000000000001e-1 2.0000000000000001e-1 2.0000000000000001e-1
    2.0000000000000001e-1 2.0000000000000001e-1 2.0000000000000001e-1
    2.0000000000000001e-1 2.0000000000000001e-1 2.0000000000000001e-1
    2.0000000000000001e-1 2.0000000000000001e-1 2.0000000000000001e-1
    2.0000000000000001e-1 2.0000000000000001e-1 2.0000000000000001e-1
    2.0000000000000001e-1 2.0000000000000001e-1 2.0000000000000001e-1
    2.0000000000000001e-1 2.0000000000000001e-1 2.0000000000000001e-1
    2.0000000000000001e-1 2.0000000000000001e-1 2.0000000000000001e-1
    2.0000000000000001e-1 2.0000000000000001e-1 2.0000000000000001e-1
    2.0000000000000001e-1 2.0000000000000001e-1 2.0000000000000001e-1
    2.0000000000000001e-1 2.0000000000000001e-1 2.0000000000000001e-1
    2.0000000000000001e-1 2.0000000000000001e-1 2.0000000000000001e-1
    2.0000000000000001e-1 2.0000000000000001e-1 2.0000000000000001e-1
    2.0000000000000001e-1 2.0000000000000001e-1 2.0000000000000001e-1
    2.0000000000000001e-1 2.0000000000000001e-1 2.0000000000000001e-1
    2.0000000000000001e-1 2.0000000000000001e-1 2.0000000000000001e-1
    2.0000000000000001e-1 2.0000000000000001e-1 2.0000000000000001e-1
    2.0000000000000001e-1 2.0000000000000001e-1 2.0000000000000001e-1
    2.0000000000000001e-1 2.0000000000000001e-1 2.0000000000000001e-1
    2.0000000000000001e-1 2.0000000000000001e-1 2.0000000000000001e-1
    2.0000000000000001e-1 2.0000000000000001e-1 2.0000000000000001e-1
    2.0000000000000001e-1 2.0000000000000001e-1 2.0000000000000001e-1
    2.0000000000000001e-1 2.0000000000000001e-1 2.0000000000000001e-1
    2.0000000000000001e-1 2.0000000000000001e-1 2.0000000000000001e-1
    2.0000000000000001e-1 2.0000000000000001e-1 2.0000000000000001e-1
    2.0000000000000001e-1 2.0000000000000001e-1 2.0000000000000001e-1
    2.0000000000000001e-1 2.0000000000000001e-1 2.0000000000000001e-1
    2.0000000000000001e-1 2.0000000000000001e-1 2.0000000000000001e-1
    2.0000000000000001e-1 2.0000000000000001e-1 2.0000000000000001e-1
    2.0000000000000001e-1 2.0000000000000001e-1 2.0000000000000001e-1
    2.0000000000000001e-1 2.0000000000000001e-1 2.0000000000000001e-1
    2.0000000000000001e-1 2.0000000000000001e-1 2.0000000000000001e-1
    2.0000000000000001e-1 2.0000000000000001e-1 2.0000000000000001e-1
    2.0000000000000001e-1 2.0000000000000001e-1 2.0000000000000001e-1
    2.0000000000000001e-1 2.0000000000000001e-1 2.0000000000000001e-1
    2.0000000000000001e-1 2.0000000000000001e-1 2.0000000000000001e-1
    2.0000000000000001e-1 2.0000000000000001e-1 2.0000000000000001e-1
    2.0000000000000001e-1 2.0000000000000001e-1 2.0000000000000001e-1
    2.0000000000000001e-1 2.0000000000000001e-1 2.0000000000000001e-1
    2.0000000000000001e-1 2.0000000000000001e-1 2.0000000000000001e-1
    2.0000000000000001e-1 2.0000000000000001e-1 2.0000000000000001e-1
    2.0000000000000001e-1 2.0000000000000001e-1 2.0000000000000001e-1
    2.0000000000000001e-1 2.0000000000000001e-1 2.0000000000000001e-1
    2.0000000000000001e-1 2.0000000000000001e-1 2.0000000000000001e-1
    2.0000000000000001e-1 2.0000000000000001e-1 2.0000000000000001e-1
    2.0000000000000001e-1 2.0000000000000001e-1 2.0000000000000001e-1
    2.0000000000000001e-1 2.0000000000000001e-1 2.0000000000000001e-1
    2.0000000000000001e-1 2.0000000000000001e-1 2.0000000000000001e-1
    2.0000000000000001e-1 2.0000000000000001e-1 2.0000000000000001e-1
    2.9999999999999999e-1 2.9999999999999999e-1 2.9999999999999999e-1
    2.9999999999999999e-1 2.9999999999999999e-1 2.9999999999999999e-1
    2.9999999999999999e-1 2.9999999999999999e-1 2.9999999999999999e-1
    2.9999999999999999e-1 2.9999999999999999e-1 2.9999999999999999e-1
    2.9999999999999999e-1 2.9999999999999999e-1 2.9999999999999999e-1
    2.9999999999999999e-1 2.9999999999999999e-1 2.9999999999999999e-1
    2.9999999999999999e-1 2.9999999999999999e-1 2.9999999999999999e-1
    2.9999999999999999e-1 2.9999999999999999e-1 2.9999999999999999e-1
    2.9999999999999999e-1 2.9999999999999999e-1 2.9999999999999999e-1
    2.9999999999999999e-1 2.9999999999999999e-1 2.9999999999999999e-1
    2.9999999999999999e-1 2.9999999999999999e-1 2.9999999999999999e-1
    2.9999999999999999e-1 2.9999999999999999e-1 2.9999999999999999e-1
    2.9999999999999999e-1 2.9999999999999999e-1 2.9999999999999999e-1
    2.9999999999999999e-1 2.9999999999999999e-1 2.9999999999999999e-1
    2.9999999999999999e-1 2.9999999999999999e-1 2.9999999999999999e-1
    2.9999999999999999e-1 2.9999999999999999e-1 2.9999999999999999e-1
    2.9999999999999999e-1 2.9999999999999999e-1 2.9999999999999999e-1
    2.9999999999999999e-1 2.9999999999999999e-1 2.9999999999999999e-1
    2.9999999999999999e-1 2.9999999999999999e-1 2.9999999999999999e-1
    2.9999999999999999e-1 2.9999999999999999e-1 2.9999999999999999e-1
    2.9999999999999999e-1 2.9999999999999999e-1 2.9999999999999999e-1
    2.9999999999999999e-1 2.9999999999999999e-1 2.9999999999999999e-1
    2.9999999999999999e-1 2.9999999999999999e-1 2.9999999999999999e-1
    2.9999999999999999e-1 2.9999999999999999e-1 2.9999999999999999e-1
    2.9999999999999999e-1 2.9999999999999999e-1 2.9999999999999999e-1
    2.9999999999999999e-1 2.9999999999999999e-1 2.9999999999999999e-1
    2.9999999999999999e-1 2.9999999999999999e-1 2.9999999999999999e-1
    2.9999999999999999e-1 2.9999999999999999e-1 2.9999999999999999e-1
    2.9999999999999999e-1 2.9999999999999999e-1 2.9999999999999999e-1
    2.9999999999999999e-1 2.9999999999999999e-1 2.9999999999999999e-1
    2.9999999999999999e-1 2.9999999999999999e-1 2.9999999999999999e-1
    2.9999999999999999e-1 2.9999999999999999e-1 2.9999999999999999e-1
    2.9999999999999999e-1 2.9999999999999999e-1 2.9999999999999999e-1
    2.9999999999999999e-1 2.9999999999999999e-1 2.9999999999999999e-1
    2.9999999999999999e-1 2.9999999999999999e-1 2.9999999999999999e-1
    2.9999999999999999e-1 2.9999999999999999e-1 2.9999999999999999e-1
    2.9999999999999999e-1 2.9999999999999999e-1 2.9999999999999999e-1
    2.9999999999999999e-1 2.9999999999999999e-1 2.9999999999999999e-1
    2.9999999999999999e-1 2.9999999999999999e-1 2.9999999999999999e-1
    2.9999999999999999e-1 2.9999999999999999e-1 2.9999999999999999e-1
    2.9999999999999999e-1 2.9999999999999999e-1 2.9999999999999999e-1
    2.9999999999999999e-1 2.9999999999999999e-1 2.9999999999999999e-1
    2.9999999999999999e-1 2.9999999999999999e-1 2.9999999999999999e-1
    2.9999999999999999e-1 2.9999999999999999e-1 2.9999999999999999e-1
    2.9999999999999999e-1 2.9999999999999999e-1 2.9999999999999999e-1
    2.9999999999999999e-1 2.9999999999999999e-1 2.9999999999999999e-1
    2.9999999999999999e-1 2.9999999999999999e-1 2.9999999999999999e-1
    2.9999999999999999e-1 2.9999999999999999e-1 2.9999999999999999e-1
    2.9999999999999999e-1 2.9999999999999999e-1 2.9999999999999999e-1
    2.9999999999999999e-1 2.9999999999999999e-1 2.9999999999999999e-1
    2.9999999999999999e-1 2.9999999999999999e-1 2.9999999999999999e-1
    2.9999999999999999e-1 2.9999999999999999e-1 2.9999999999999999e-1
    2.9999999999999999e-1 2.9999999999999999e-1 2.9999999999999999e-1
    2.9999999999999999e-1 2.9999999999999999e-1 2.9999999999999999e-1
    2.9999999999999999e-1 2.9999999999999999e-1 2.9999999999999999e-1
    2.9999999999999999e-1 2.9999999999999999e-1 2.9999999999999999e-1
    2.9999999999999999e-1 2.9999999999999999e-1 2.9999999999999999e-1
    2.9999999999999999e-1 2.9999999999999999e-1 2.9999999999999999e-1
    2.9999999999999999e-1 2.9999999999999999e-1 2.9999999999999999e-1
    2.9999999999999999e-1 2.9999999999999999e-1 2.9999999999999999e-1
    2.9999999999999999e-1 2.9999999999999999e-1 2.9999999999999999e-1
    2.9999999999999999e-1 2.9999999999999999e-1 2.9999999999999999e-1
    2.9999999999999999e-1 2.9999999999999999e-1 2.9999999999999999e-1
    2.9999999999999999e-1 2.9999999999999999e-1 2.9999999999999999e-1
    2.9999999999999999e-1 2.9999999999999999e-1 2.9999999999999999e-1
    2.9999999999999999e-1 2.9999999999999999e-1 2.9999999999999999e-1
    2.9999999999999999e-1 2.9999999999999999e-1 2.9999999999999999e-1
    2.9999999999999999e-1 2.9999999999999999e-1 2.9999999999999999e-1
    2.9999999999999999e-1 2.9999999999999999e-1 2.9999999999999999e-1
    2.9999999999999999e-1 2.9999999999999999e-1 2.9999999999999999e-1
    2.9999999999999999e-1 2.9999999999999999e-1 2.9999999999999999e-1
    2.9999999999999999e-1 2.9999999999999999e-1 2.9999999999999999e-1
    2.9999999999999999e-1 2.9999999999999999e-1 2.9999999999999999e-1
    2.9999999999999999e-1 2.9999999999999999e-1 2.9999999999999999e-1
    2.9999999999999999e-1 2.9999999999999999e-1 2.9999999999999999e-1
    2.9999999999999999e-1 2.9999999999999999e-1 2.9999999999999999e-1
    2.9999999999999999e-1 2.9999999999999999e-1 2.9999999999999999e-1
    2.9999999999999999e-1 2.9999999999999999e-1 2.9999999999999999e-1
    2.9999999999999999e-1 2.9999999999999999e-1 2.9999999999999999e-1
    2.9999999999999999e-1 2.9999999999999999e-1 2.9999999999999999e-1
    2.9999999999999999e-1 2.9999999999999999e-1 2.9999999999999999e-1
    2.9999999999999999e-1 2.9999999999999999e-1 2.9999999999999999e-1
    2.9999999999999999e-1 2.9999999999999999e-1 2.9999999999999999e-1
    2.9999999999999999e-1 2.9999999999999999e-1 2.9999999999999999e-1
    2.9999999999999999e-1 2.9999999999999999e-1 2.9999999999999999e-1
    2.9999999999999999e-1 2.9999999999999999e-1 2.9999999999999999e-1
    2.9999999999999999e-1 2.9999999999999999e-1 2.9999999999999999e-1
    2.9999999999999999e-1 2.9999999999999999e-1 2.9999999999999999e-1
    2.9999999999999999e-1 2.9999999999999999e-1 2.9999999999999999e-1
    2.9999999999999999e-1 2.9999999999999999e-1 2.9999999999999999e-1
    2.9999999999999999e-1 2.9999999999999999e-1 2.9999999999999999e-1
    2.9999999999999999e-1 2.9999999999999999e-1 2.9999999999999999e-1
    2.9999999999999999e-1 2.9999999999999999e-1 2.9999999999999999e-1
    2.9999999999999999e-1 2.9999999999999999e-1 2.9999999999999999e-1
    2.9999999999999999e-1 2.9999999999999999e-1 2.9999999999999999e-1
    2.9999999999999999e-1 2.9999999999999999e-1 2.9999999999999999e-1
    2.9999999999999999e-1 2.9999999999999999e-1 2.9999999999999999e-1
    2.9999999999999999e-1 2.9999999999999999e-1 2.9999999999999999e-1
    2.9999999999999999e-1 2.9999999999999999e-1 2.9999999999999999e-1
    2.9999999999999999e-1 2.9999999999999999e-1 2.9999999999999999e-1
    2.9999999999999999e-1 2.9999999999999999e-1 2.9999999999999999e-1
    2.9999999999999999e-1 2.9999999999999999e-1 2.9999999999999999e-1
    2.9999999999999999e-1 2.9999999999999999e-1 2.9999999999999999e-1
    2.9999999999999999e-1 2.9999999999999999e-1 2.9999999999999999e-1
    2.9999999999999999e-1 2.9999999999999999e-1 2.9999999999999999e-1
    2.9999999999999999e-1 2.9999999999999999e-1 2.9999999999999999e-1
    2.9999999999999999e-1 2.9999999999999999e-1 2.9999999999999999e-1
    2.9999999999999999e-1 2.9999999999999999e-1 2.9999999999999999e-1
    2.9999999999999999e-1 2.9999999999999999e-1 2.9999999999999999e-1
    2.9999999999999999e-1 2.9999999999999999e-1 2.9999999999999999e-1
    2.9999999999999999e-1 2.9999999999999999e-1 2.9999999999999999e-1
    2.9999999999999999e-1 2.9999999999999999e-1 2.9999999999999999e-1
    2.9999999999999999e-1 2.9999999999999999e-1 2.9999999999999999e-1
    2.9999999999999999e-1 2.9999999999999999e-1 2.9999999999999999e-1
    2.9999999999999999e-1 2.9999999999999999e-1 2.9999999999999999e-1
    2.9999999999999999e-1 2.9999999999999999e-1 2.9999999999999999e-1
    2.9999999999999999e-1 2.9999999999999999e-1 2.9999999999999999e-1
    2.9999999999999999e-1 2.9999999999999999e-1 2.9999999999999999e-1
    2.9999999999999999e-1 2.9999999999999999e-1 2.9999999999999999e-1
    2.9999999999999999e-1 2.9999999999999999e-1 2.9999999999999999e-1
    2.9999999999999999e-1 2.9999999999999999e-1 2.9999999999999999e-1
    2.9999999999999999e-1 2.9999999999999999e-1 2.9999999999999999e-1
    2.9999999999999999e-1 2.9999999999999999e-1 2.9999999999999999e-1
    2.9999999999999999e-1 2.9999999999999999e-1 2.9999999999999999e-1
    2.9999999999999999e-1 2.9999999999999999e-1 2.9999999999999999e-1
    2.9999999999999999e-1 2.9999999999999999e-1 2.9999999999999999e-1
    2.9999999999999999e-1 2.9999999999999999e-1 2.9999999999999999e-1
    2.9999999999999999e-1 2.9999999999999999e-1 2.9999999999999999e-1
    2.9999999999999999e-1 2.9999999999999999e-1 2.9999999999999999e-1
    2.9999999999999999e-1 2.9999999999999999e-1 2.9999999999999999e-1
    2.9999999999999999e-1 2.9999999999999999e-1 2.9999999999999999e-1
    2.9999999999999999e-1 2.9999999999999999e-1 2.9999999999999999e-1
    2.9999999999999999e-1 2.9999999999999999e-1 2.9999999999999999e-1
    2.9999999999999999e-1 2.9999999999999999e-1 2.9999999999999999e-1
    2.9999999999999999e-1 2.9999999999999999e-1 2.9999999999999999e-1
    2.9999999999999999e-1 2.9999999999999999e-1 2.9999999999999999e-1
    2.9999999999999999e-1 2.9999999999999999e-1 2.9999999999999999e-1
    2.9999999999999999e-1 2.9999999999999999e-1 2.9999999999999999e-1
    2.9999999999999999e-1 2.9999999999999999e-1 2.9999999999999999e-1
    2.9999999999999999e-1 2.9999999999999999e-1 2.9999999999999999e-1
    2.9999999999999999e-1 2.9999999999999999e-1 2.9999999999999999e-1
    2.9999999999999999e-1 2.9999999999999999e-1 2.9999999999999999e-1
    2.9999999999999999e-1 2.9999999999999999e-1 2.9999999999999999e-1
    2.9999999999999999e-1 2.9999999999999999e-1 2.9999999999999999e-1
    2.9999999999999999e-1 2.9999999999999999e-1 2.9999999999999999e-1
    2.9999999999999999e-1 2.9999999999999999e-1 2.9999999999999999e-1
    2.9999999999999999e-1 2.9999999999999999e-1 2.9999999999999999e-1
    2.9999999999999999e-1 2.9999999999999999e-1 2.9999999999999999e-1
    2.9999999999999999e-1 2.9999999999999999e-1 2.9999999999999999e-1
    2.9999999999999999e-1 2.9999999999999999e-1 2.9999999999999999e-1
    2.9999999999999999e-1 2.9999999999999999e-1 2.9999999999999999e-1
    2.9999999999999999e-1 2.9999999999999999e-1 2.9999999999999999e-1
    2.9999999999999999e-1 2.9999999999999999e-1 2.9999999999999999e-1
    2.9999999999999999e-1 2.9999999999999999e-1 2.9999999999999999e-1
    2.9999999999999999e-1 2.9999999999999999e-1 2.9999999999999999e-1
    2.9999999999999999e-1 2.9999999999999999e-1 2.9999999999999999e-1
    2.9999999999999999e-1 2.9999999999999999e-1 2.9999999999999999e-1
    2.9999999999999999e-1 2.9999999999999999e-1 2.9999999999999999e-1
    2.9999999999999999e-1 2.9999999999999999e-1 2.9999999999999999e-1
    2.9999999999999999e-1 2.9999999999999999e-1 2.9999999999999999e-1
    2.9999999999999999e-1 2.9999999999999999e-1 2.9999999999999999e-1
    2.9999999999999999e-1 2.9999999999999999e-1 2.9999999999999999e-1
    2.9999999999999999e-1 2.9999999999999999e-1 2.9999999999999999e-1
    2.9999999999999999e-1 2.9999999999999999e-1 2.9999999999999999e-1
    2.9999999999999999e-1 2.9999999999999999e-1 2.9999999999999999e-1
    2.9999999999999999e-1 2.9999999999999999e-1 2.9999999999999999e-1
    2.9999999999999999e-1 2.9999999999999999e-1 2.9999999999999999e-1
    2.9999999999999999e-1 2.9999999999999999e-1 2.9999999999999999e-1
    2.9999999999999999e-1 2.9999999999999999e-1 2.9999999999999999e-1
    2.9999999999999999e-1 2.9999999999999999e-1 2.9999999999999999e-1
    2.9999999999999999e-1 2.9999999999999999e-1 2.9999999999999999e-1
    2.9999999999999999e-1 2.9999999999999999e-1 2.9999999999999999e-1
    2.9999999999999999e-1 2.9999999999999999e-1 2.9999999999999999e-1
    2.9999999999999999e-1 2.9999999999999999e-1 2.9999999999999999e-1
    2.9999999999999999e-1 2.9999999999999999e-1 2.9999999999999999e-1
    2.9999999999999999e-1 2.9999999999999999e-1 2.9999999999999999e-1
    2.9999999999999999e-1 2.9999999999999999e-1 2.9999999999999999e-1
    2.9999999999999999e-1 2.9999999999999999e-1 2.9999999999999999e-1
    2.9999999999999999e-1 2.9999999999999999e-1 2.9999999999999999e-1
    2.9999999999999999e-1 2.9999999999999999e-1 2.9999999999999999e-1
    2.9999999999999999e-1 2.9999999999999999e-1 2.9999999999999999e-1
    2.9999999999999999e-1 2.9999999999999999e-1 2.9999999999999999e-1
    2.9999999999999999e-1 2.9999999999999999e-1 2.9999999999999999e-1
    2.9999999999999999e-1 2.9999999999999999e-1 2.9999999999999999e-1
    2.9999999999999999e-1 2.9999999999999999e-1 2.9999999999999999e-1
    2.9999999999999999e-1 2.9999999999999999e-1 2.9999999999999999e-1
    2.9999999999999999e-1 2.9999999999999999e-1 2.9999999999999999e-1
    2.9999999999999999e-1 2.9999999999999999e-1 2.9999999999999999e-1
    2.9999999999999999e-1 2.9999999999999999e-1 2.9999999999999999e-1
    2.9999999999999999e-1 2.9999999999999999e-1 2.9999999999999999e-1
    2.9999999999999999e-1 2.9999999999999999e-1 2.9999999999999999e-1
    2.9999999999999999e-1 2.9999999999999999e-1 2.9999999999999999e-1
    2.9999999999999999e-1 2.9999999999999999e-1 2.9999999999999999e-1
    2.9999999999999999e-1 2.9999999999999999e-1 2.9999999999999999e-1
    2.9999999999999999e-1 2.9999999999999999e-1 2.9999999999999999e-1
    2.9999999999999999e-1 2.9999999999999999e-1 2.9999999999999999e-1
    2.9999999999999999e-1 2.9999999999999999e-1 2.9999999999999999e-1
    2.9999999999999999e-1 2.9999999999999999e-1 2.9999999999999999e-1
    2.9999999999999999e-1 2.9999999999999999e-1 2.9999999999999999e-1
    2.9999999999999999e-1 2.9999999999999999e-1 2.9999999999999999e-1
    2.9999999999999999e-1 2.9999999999999999e-1 2.9999999999999999e-1
    2.9999999999999999e-1 2.9999999999999999e-1 2.9999999999999999e-1
    2.9999999999999999e-1 2.9999999999999999e-1 2.9999999999999999e-1
    2.9999999999999999e-1 2.9999999999999999e-1 2.9999999999999999e-1
    2.9999999999999999e-1 2.9999999999999999e-1 2.9999999999999999e-1
    2.9999999999999999e-1 2.9999999999999999e-1 2.9999999999999999e-1
    2.9999999999999999e-1 2.9999999999999999e-1 2.9999999999999999e-1
    2.9999999999999999e-1 2.9999999999999999e-1 2.9999999999999999e-1
    2.9999999999999999e-1 2.9999999999999999e-1 2.9999999999999999e-1
    2.9999999999999999e-1 2.9999999999999999e-1 2.9999999999999999e-1
    2.9999999999999999e-1 2.9999999999999999e-1 2.9999999999999999e-1
    2.9999999999999999e-1 2.9999999999999999e-1 2.9999999999999999e-1
    2.9999999999999999e-1 2.9999999999999999e-1 2.9999999999999999e-1
    2.9999999999999999e-1 2.9999999999999999e-1 2.9999999999999999e-1
    2.9999999999999999e-1 2.9999999999999999e-1 2.9999999999999999e-1
    2.9999999999999999e-1 2.9999999999999999e-1 2.9999999999999999e-1
    2.9999999999999999e-1 2.9999999999999999e-1 2.9999999999999999e-1
    2.9999999999999999e-1 2.9999999999999999e-1 2.9999999999999999e-1
    2.9999999999999999e-1 2.9999999999999999e-1 2.9999999999999999e-1
    2.9999999999999999e-1 2.9999999999999999e-1 2.9999999999999999e-1
    2.9999999999999999e-1 2.9999999999999999e-1 2.9999999999999999e-1
    2.9999999999999999e-1 2.9999999999999999e-1 2.9999999999999999e-1
    2.9999999999999999e-1 2.9999999999999999e-1 2.9999999999999999e-1
    2.9999999999999999e-1 2.9999999999999999e-1 2.9999999999999999e-1
    2.9999999999999999e-1 2.9999999999999999e-1 2.9999999999999999e-1
    2.9999999999999999e-1 2.9999999999999999e-1 2.9999999999999999e-1
    2.9999999999999999e-1 2.9999999999999999e-1 2.9999999999999999e-1
    2.9999999999999999e-1 2.9999999999999999e-1 2.9999999999999999e-1
    2.9999999999999999e-1 2.9999999999999999e-1 2.9999999999999999e-1
    2.9999999999999999e-1 2.9999999999999999e-1 2.9999999999999999e-1
    2.9999999999999999e-1 2.9999999999999999e-1 2.9999999999999999e-1
    2.9999999999999999e-1 2.9999999999999999e-1 2.9999999999999999e-1
    2.9999999999999999e-1 2.9999999999999999e-1 2.9999999999999999e-1
    2.9999999999999999e-1 2.9999999999999999e-1 2.9999999999999999e-1
    2.9999999999999999e-1 2.9999999999999999e-1 2.9999999999999999e-1
    2.9999999999999999e-1 2.9999999999999999e-1 2.9999999999999999e-1
    2.9999999999999999e-1 2.9999999999999999e-1 2.9999999999999999e-1
    2.9999999999999999e-1 2.9999999999999999e-1 2.9999999999999999e-1
    2.9999999999999999e-1 2.9999999999999999e-1 2.9999999999999999e-1
    2.9999999999999999e-1 2.9999999999999999e-1 2.9999999999999999e-1
    2.9999999999999999e-1 2.9999999999999999e-1 2.9999999999999999e-1
    2.9999999999999999e-1 2.9999999999999999e-1 2.9999999999999999e-1
    2.9999999999999999e-1 2.9999999999999999e-1 2.9999999999999999e-1
    2.9999999999999999e-1 2.9999999999999999e-1 2.9999999999999999e-1
    2.9999999999999999e-1 2.9999999999999999e-1 2.9999999999999999e-1
    2.9999999999999999e-1 2.9999999999999999e-1 2.9999999999999999e-1
    2.9999999999999999e-1 2.9999999999999999e-1 2.9999999999999999e-1
    2.9999999999999999e-1 2.9999999999999999e-1 2.9999999999999999e-1
    2.9999999999999999e-1 2.9999999999999999e-1 2.9999999999999999e-1
    2.9999999999999999e-1 2.9999999999999999e-1 2.9999999999999999e-1
    2.9999999999999999e-1 2.9999999999999999e-1 2.9999999999999999e-1
    2.9999999999999999e-1 2.9999999999999999e-1 2.9999999999999999e-1
    2.9999999999999999e-1 2.9999999999999999e-1 2.9999999999999999e-1
    2.9999999999999999e-1 2.9999999999999999e-1 2.9999999999999999e-1
    2.9999999999999999e-1 2.9999999999999999e-1 2.9999999999999999e-1
    2.9999999999999999e-1 2.9999999999999999e-1 2.9999999999999999e-1
    2.9999999999999999e-1 2.9999999999999999e-1 2.9999999999999999e-1
    2.9999999999999999e-1 2.9999999999999999e-1 2.9999999999999999e-1
    2.9999999999999999e-1 2.9999999999999999e-1 2.9999999999999999e-1
    2.9999999999999999e-1 2.9999999999999999e-1 2.9999999999999999e-1
    2.9999999999999999e-1 2.9999999999999999e-1 2.9999999999999999e-1
    2.9999999999999999e-1 2.9999999999999999e-1 2.9999999999999999e-1
    2.9999999999999999e-1 2.9999999999999999e-1 2.9999999999999999e-1
    2.9999999999999999e-1 2.9999999999999999e-1 2.9999999999999999e-1
    2.9999999999999999e-1 2.9999999999999999e-1 2.9999999999999999e-1
    2.9999999999999999e-1 2.9999999999999999e-1 2.9999999999999999e-1
    2.9999999999999999e-1 2.9999999999999999e-1 2.9999999999999999e-1
    2.9999999999999999e-1 2.9999999999999999e-1 2.9999999999999999e-1
    2.9999999999999999e-1 2.9999999999999999e-1 2.9999999999999999e-1
    2.9999999999999999e-1 2.9999999999999999e-1 2.9999999999999999e-1
    2.9999999999999999e-1 2.9999999999999999e-1 2.9999999999999999e-1
    2.9999999999999999e-1 2.9999999999999999e-1 2.9999999999999999e-1
    2.9999999999999999e-1 2.9999999999999999e-1 2.9999999999999999e-1
    2.9999999999999999e-1 2.9999999999999999e-1 2.9999999999999999e-1
    2.9999999999999999e-1 2.9999999999999999e-1 2.9999999999999999e-1
    2.9999999999999999e-1 2.9999999999999999e-1 2.9999999999999999e-1
    2.9999999999999999e-1 2.9999999999999999e-1 2.9999999999999999e-1
    2.9999999999999999e-1 2.9999999999999999e-1 2.9999999999999999e-1
    2.9999999999999999e-1 2.9999999999999999e-1 2.9999999999999999e-1
    2.9999999999999999e-1 2.9999999999999999e-1 2.9999999999999999e-1
    2.9999999999999999e-1 2.9999999999999999e-1 2.9999999999999999e-1
    2.9999999999999999e-1 2.9999999999999999e-1 2.9999999999999999e-1
    2.9999999999999999e-1 2.9999999999999999e-1 2.9999999999999999e-1
    2.9999999999999999e-1 2.9999999999999999e-1 2.9999999999999999e-1
    2.9999999999999999e-1 2.9999999999999999e-1 2.9999999999999999e-1
    2.9999999999999999e-1 2.9999999999999999e-1 2.9999999999999999e-1
    2.9999999999999999e-1 2.9999999999999999e-1 2.9999999999999999e-1
    2.9999999999999999e-1 2.9999999999999999e-1 2.9999999999999999e-1
    2.9999999999999999e-1 2.9999999999999999e-1 2.9999999999999999e-1
    2.9999999999999999e-1 2.9999999999999999e-1 2.9999999999999999e-1
    2.9999999999999999e-1 2.9999999999999999e-1 2.9999999999999999e-1
    2.9999999999999999e-1 2.9999999999999999e-1 2.9999999999999999e-1
    2.9999999999999999e-1 2.9999999999999999e-1 2.9999999999999999e-1
    2.9999999999999999e-1 2.9999999999999999e-1 2.9999999999999999e-1
    2.9999999999999999e-1 2.9999999999999999e-1 2.9999999999999999e-1
    2.9999999999999999e-1 2.9999999999999999e-1 2.9999999999999999e-1
    2.9999999999999999e-1 2.9999999999999999e-1 2.9999999999999999e-1
    2.9999999999999999e-1 2.9999999999999999e-1 2.9999999999999999e-1
    2.9999999999999999e-1 2.9999999999999999e-1 2.9999999999999999e-1
    2.9999999999999999e-1 2.9999999999999999e-1 2.9999999999999999e-1
    2.9999999999999999e-1 2.9999999999999999e-1 2.9999999999999999e-1
    2.9999999999999999e-1 2.9999999999999999e-1 2.9999999999999999e-1
    2.9999999999999999e-1 2.9999999999999999e-1 2.9999999999999999e-1
    2.9999999999999999e-1 2.9999999999999999e-1 2.9999999999999999e-1
    2.9999999999999999e-1 2.9999999999999999e-1 2.9999999999999999e-1
    2.9999999999999999e-1 2.9999999999999999e-1 2.9999999999999999e-1
    2.9999999999999999e-1 2.9999999999999999e-1 2.9999999999999999e-1
    2.9999999999999999e-1 2.9999999999999999e-1 2.9999999999999999e-1
    2.9999999999999999e-1 2.9999999999999999e-1 2.9999999999999999e-1
    2.9999999999999999e-1 2.9999999999999999e-1 2.9999999999999999e-1
    2.9999999999999999e-1 2.9999999999999999e-1 2.9999999999999999e-1
    2.9999999999999999e-1 2.9999999999999999e-1 2.9999999999999999e-1
    2.9999999999999999e-1 2.9999999999999999e-1 2.9999999999999999e-1
    2.9999999999999999e-1 2.9999999999999999e-1 2.9999999999999999e-1
    2.9999999999999999e-1 2.9999999999999999e-1 2.9999999999999999e-1
    2.9999999999999999e-1 2.9999999999999999e-1 2.9999999999999999e-1
    2.9999999999999999e-1 2.9999999999999999e-1 2.9999999999999999e-1
    2.9999999999999999e-1 2.9999999999999999e-1 2.9999999999999999e-1
    2.9999999999999999e-1 2.9999999999999999e-1 2.9999999999999999e-1
    2.9999999999999999e-1 2.9999999999999999e-1 2.9999999999999999e-1
    2.9999999999999999e-1 2.9999999999999999e-1 2.9999999999999999e-1
    2.9999999999999999e-1 2.9999999999999999e-1 2.9999999999999999e-1
    2.9999999999999999e-1 2.9999999999999999e-1 2.9999999999999999e-1
    2.9999999999999999e-1 2.9999999999999999e-1 2.9999999999999999e-1
    2.9999999999999999e-1 2.9999999999999999e-1 2.9999999999999999e-1
    2.9999999999999999e-1 2.9999999999999999e-1 2.9999999999999999e-1
    2.9999999999999999e-1 2.9999999999999999e-1 2.9999999999999999e-1
    2.9999999999999999e-1 2.9999999999999999e-1 2.9999999999999999e-1
    2.9999999999999999e-1 2.9999999999999999e-1 2.9999999999999999e-1
    2.9999999999999999e-1 2.9999999999999999e-1 2.9999999999999999e-1
    2.9999999999999999e-1 2.9999999999999999e-1 2.9999999999999999e-1
    2.9999999999999999e-1 2.9999999999999999e-1 2.9999999999999999e-1
    2.9999999999999999e-1 2.9999999999999999e-1 2.9999999999999999e-1
    2.9999999999999999e-1 2.9999999999999999e-1 2.9999999999999999e-1
    2.9999999999999999e-1 2.9999999999999999e-1 2.9999999999999999e-1
    2.9999999999999999e-1 2.9999999999999999e-1 2.9999999999999999e-1
    2.9999999999999999e-1 2.9999999999999999e-1 2.9999999999999999e-1
    2.9999999999999999e-1 2.9999999999999999e-1 2.9999999999999999e-1
    2.9999999999999999e-1 2.9999999999999999e-1 2.9999999999999999e-1
    2.9999999999999999e-1 2.9999999999999999e-1 2.9999999999999999e-1
    2.9999999999999999e-1 2.9999999999999999e-1 2.9999999999999999e-1
    2.9999999999999999e-1 2.9999999999999999e-1 2.9999999999999999e-1
    2.9999999999999999e-1 2.9999999999999999e-1 2.9999999999999999e-1
    2.9999999999999999e-1 2.9999999999999999e-1 2.9999999999999999e-1
    2.9999999999999999e-1 2.9999999999999999e-1 2.9999999999999999e-1
    2.9999999999999999e-1 2.9999999999999999e-1 2.9999999999999999e-1
    2.9999999999999999e-1 2.9999999999999999e-1 2.9999999999999999e-1
    2.9999999999999999e-1 2.9999999999999999e-1 2.9999999999999999e-1
    2.9999999999999999e-1 2.9999999999999999e-1 2.9999999999999999e-1
    2.9999999999999999e-1 2.9999999999999999e-1 2.9999999999999999e-1
    2.9999999999999999e-1 2.9999999999999999e-1 2.9999999999999999e-1
    2.9999999999999999e-1 2.9999999999999999e-1 2.9999999999999999e-1
    2.9999999999999999e-1 2.9999999999999999e-1 2.9999999999999999e-1
    2.9999999999999999e-1 2.9999999999999999e-1 2.9999999999999999e-1
    2.9999999999999999e-1 2.9999999999999999e-1 2.9999999999999999e-1
    2.9999999999999999e-1 2.9999999999999999e-1 2.9999999999999999e-1
    2.9999999999999999e-1 2.9999999999999999e-1 2.9999999999999999e-1
    2.9999999999999999e-1 2.9999999999999999e-1 2.9999999999999999e-1
    2.9999999999999999e-1 2.9999999999999999e-1 2.9999999999999999e-1
    2.9999999999999999e-1 2.9999999999999999e-1 2.9999999999999999e-1
    2.9999999999999999e-1 2.9999999999999999e-1 2.9999999999999999e-1
    2.9999999999999999e-1 2.9999999999999999e-1 2.9999999999999999e-1
    2.9999999999999999e-1 2.9999999999999999e-1 2.9999999999999999e-1
    2.9999999999999999e-1 2.9999999999999999e-1 2.9999999999999999e-1
    2.9999999999999999e-1 2.9999999999999999e-1 2.9999999999999999e-1
    2.9999999999999999e-1 2.9999999999999999e-1 2.9999999999999999e-1
    2.9999999999999999e-1 2.9999999999999999e-1 2.9999999999999999e-1
    2.9999999999999999e-1 2.9999999999999999e-1 2.9999999999999999e-1
    2.9999999999999999e-1 2.9999999999999999e-1 2.9999999999999999e-1
    2.9999999999999999e-1 2.9999999999999999e-1 2.9999999999999999e-1
    2.9999999999999999e-1 2.9999999999999999e-1 2.9999999999999999e-1
    2.9999999999999999e-1 2.9999999999999999e-1 2.9999999999999999e-1
    2.9999999999999999e-1 2.9999999999999999e-1 4.0000000000000002e-1
    4.0000000000000002e-1 4.0000000000000002e-1 4.0000000000000002e-1
    4.0000000000000002e-1 4.0000000000000002e-1 4.0000000000000002e-1
    4.0000000000000002e-1 4.0000000000000002e-1 4.0000000000000002e-1
    4.0000000000000002e-1 4.0000000000000002e-1 4.0000000000000002e-1
    4.0000000000000002e-1 4.0000000000000002e-1 4.0000000000000002e-1
    4.0000000000000002e-1 4.0000000000000002e-1 4.0000000000000002e-1
    4.0000000000000002e-1 4.0000000000000002e-1 4.0000000000000002e-1
    4.0000000000000002e-1 4.0000000000000002e-1 4.0000000000000002e-1
    4.0000000000000002e-1 4.0000000000000002e-1 4.0000000000000002e-1
    4.0000000000000002e-1 4.0000000000000002e-1 4.0000000000000002e-1
    4.0000000000000002e-1 4.0000000000000002e-1 4.0000000000000002e-1
    4.0000000000000002e-1 4.0000000000000002e-1 4.0000000000000002e-1
    4.0000000000000002e-1 4.0000000000000002e-1 4.0000000000000002e-1
    4.0000000000000002e-1 4.0000000000000002e-1 4.0000000000000002e-1
    4.0000000000000002e-1 4.0000000000000002e-1 4.0000000000000002e-1
    4.0000000000000002e-1 4.0000000000000002e-1 4.0000000000000002e-1
    4.0000000000000002e-1 4.0000000000000002e-1 4.0000000000000002e-1
    4.0000000000000002e-1 4.0000000000000002e-1 4.0000000000000002e-1
    4.0000000000000002e-1 4.0000000000000002e-1 4.0000000000000002e-1
    4.0000000000000002e-1 4.0000000000000002e-1 4.0000000000000002e-1
    4.0000000000000002e-1 4.0000000000000002e-1 4.0000000000000002e-1
    4.0000000000000002e-1 4.0000000000000002e-1 4.0000000000000002e-1
    4.0000000000000002e-1 4.0000000000000002e-1 4.0000000000000002e-1
    4.0000000000000002e-1 4.0000000000000002e-1 4.0000000000000002e-1
    4.0000000000000002e-1 4.0000000000000002e-1 4.0000000000000002e-1
    4.0000000000000002e-1 4.0000000000000002e-1 4.0000000000000002e-1
    4.0000000000000002e-1 4.0000000000000002e-1 4.0000000000000002e-1
    4.0000000000000002e-1 4.0000000000000002e-1 4.0000000000000002e-1
    4.0000000000000002e-1 4.0000000000000002e-1 4.0000000000000002e-1
    4.0000000000000002e-1 4.0000000000000002e-1 4.0000000000000002e-1
    4.0000000000000002e-1 4.0000000000000002e-1 4.0000000000000002e-1
    4.0000000000000002e-1 4.0000000000000002e-1 4.0000000000000002e-1
    4.0000000000000002e-1 4.0000000000000002e-1 4.0000000000000002e-1
    4.0000000000000002e-1 4.0000000000000002e-1 4.0000000000000002e-1
    4.0000000000000002e-1 4.0000000000000002e-1 4.0000000000000002e-1
    4.0000000000000002e-1 4.0000000000000002e-1 4.0000000000000002e-1
    4.0000000000000002e-1 4.0000000000000002e-1 4.0000000000000002e-1
    4.0000000000000002e-1 4.0000000000000002e-1 4.0000000000000002e-1
    4.0000000000000002e-1 4.0000000000000002e-1 4.0000000000000002e-1
    4.0000000000000002e-1 4.0000000000000002e-1 4.0000000000000002e-1
    4.0000000000000002e-1 4.0000000000000002e-1 4.0000000000000002e-1
    4.0000000000000002e-1 4.0000000000000002e-1 4.0000000000000002e-1
    4.0000000000000002e-1 4.0000000000000002e-1 4.0000000000000002e-1
    4.0000000000000002e-1 4.0000000000000002e-1 4.0000000000000002e-1
    4.0000000000000002e-1 4.0000000000000002e-1 4.0000000000000002e-1
    4.0000000000000002e-1 4.0000000000000002e-1 4.0000000000000002e-1
    4.0000000000000002e-1 4.0000000000000002e-1 4.0000000000000002e-1
    4.0000000000000002e-1 4.0000000000000002e-1 4.0000000000000002e-1
    4.0000000000000002e-1 4.0000000000000002e-1 4.0000000000000002e-1
    4.0000000000000002e-1 4.0000000000000002e-1 4.0000000000000002e-1
    4.0000000000000002e-1 4.0000000000000002e-1 4.0000000000000002e-1
    4.0000000000000002e-1 4.0000000000000002e-1 4.0000000000000002e-1
    4.0000000000000002e-1 4.0000000000000002e-1 4.0000000000000002e-1
    4.0000000000000002e-1 4.0000000000000002e-1 4.0000000000000002e-1
    4.0000000000000002e-1 4.0000000000000002e-1 4.0000000000000002e-1
    4.0000000000000002e-1 4.0000000000000002e-1 4.0000000000000002e-1
    4.0000000000000002e-1 4.0000000000000002e-1 4.0000000000000002e-1
    4.0000000000000002e-1 4.0000000000000002e-1 4.0000000000000002e-1
    4.0000000000000002e-1 4.0000000000000002e-1 4.0000000000000002e-1
    4.0000000000000002e-1 4.0000000000000002e-1 4.0000000000000002e-1
    4.0000000000000002e-1 4.0000000000000002e-1 4.0000000000000002e-1
    4.0000000000000002e-1 4.0000000000000002e-1 4.0000000000000002e-1
    4.0000000000000002e-1 4.0000000000000002e-1 4.0000000000000002e-1
    4.0000000000000002e-1 4.0000000000000002e-1 4.0000000000000002e-1
    4.0000000000000002e-1 4.0000000000000002e-1 4.0000000000000002e-1
    4.0000000000000002e-1 4.0000000000000002e-1 4.0000000000000002e-1
    4.0000000000000002e-1 4.0000000000000002e-1 4.0000000000000002e-1
    4.0000000000000002e-1 4.0000000000000002e-1 4.0000000000000002e-1
    4.0000000000000002e-1 4.0000000000000002e-1 4.0000000000000002e-1
    4.0000000000000002e-1 4.0000000000000002e-1 4.0000000000000002e-1
    4.0000000000000002e-1 4.0000000000000002e-1 4.0000000000000002e-1
    4.0000000000000002e-1 4.0000000000000002e-1 4.0000000000000002e-1
    4.0000000000000002e-1 4.0000000000000002e-1 4.0000000000000002e-1
    4.0000000000000002e-1 4.0000000000000002e-1 4.0000000000000002e-1
    4.0000000000000002e-1 4.0000000000000002e-1 4.0000000000000002e-1
    4.0000000000000002e-1 4.0000000000000002e-1 4.0000000000000002e-1
    4.0000000000000002e-1 4.0000000000000002e-1 4.0000000000000002e-1
    4.0000000000000002e-1 4.0000000000000002e-1 4.0000000000000002e-1
    4.0000000000000002e-1 4.0000000000000002e-1 4.0000000000000002e-1
    4.0000000000000002e-1 4.0000000000000002e-1 4.0000000000000002e-1
    4.0000000000000002e-1 4.0000000000000002e-1 4.0000000000000002e-1
    4.0000000000000002e-1 4.0000000000000002e-1 4.0000000000000002e-1
    4.0000000000000002e-1 4.0000000000000002e-1 4.0000000000000002e-1
    4.0000000000000002e-1 4.0000000000000002e-1 4.0000000000000002e-1
    4.0000000000000002e-1 4.0000000000000002e-1 4.0000000000000002e-1
    4.0000000000000002e-1 4.0000000000000002e-1 4.0000000000000002e-1
    4.0000000000000002e-1 4.0000000000000002e-1 4.0000000000000002e-1
    4.0000000000000002e-1 4.0000000000000002e-1 4.0000000000000002e-1
    4.0000000000000002e-1 4.0000000000000002e-1 4.0000000000000002e-1
    4.0000000000000002e-1 4.0000000000000002e-1 4.0000000000000002e-1
    4.0000000000000002e-1 4.0000000000000002e-1 4.0000000000000002e-1
    4.0000000000000002e-1 4.0000000000000002e-1 4.0000000000000002e-1
    4.0000000000000002e-1 4.0000000000000002e-1 4.0000000000000002e-1
    4.0000000000000002e-1 4.0000000000000002e-1 4.0000000000000002e-1
    4.0000000000000002e-1 4.0000000000000002e-1 4.0000000000000002e-1
    4.0000000000000002e-1 4.0000000000000002e-1 4.0000000000000002e-1
    4.0000000000000002e-1 4.0000000000000002e-1 4.0000000000000002e-1
    4.0000000000000002e-1 4.0000000000000002e-1 4.0000000000000002e-1
    4.0000000000000002e-1 4.0000000000000002e-1 4.0000000000000002e-1
    4.0000000000000002e-1 4.0000000000000002e-1 4.0000000000000002e-1
    4.0000000000000002e-1 4.0000000000000002e-1 4.0000000000000002e-1
    4.0000000000000002e-1 4.0000000000000002e-1 4.0000000000000002e-1
    4.0000000000000002e-1 4.0000000000000002e-1 4.0000000000000002e-1
    4.0000000000000002e-1 4.0000000000000002e-1 4.0000000000000002e-1
    4.0000000000000002e-1 4.0000000000000002e-1 4.0000000000000002e-1
    4.0000000000000002e-1 4.0000000000000002e-1 4.0000000000000002e-1
    4.0000000000000002e-1 4.0000000000000002e-1 4.0000000000000002e-1
    4.0000000000000002e-1 4.0000000000000002e-1 4.0000000000000002e-1
    4.0000000000000002e-1 4.0000000000000002e-1 4.0000000000000002e-1
    4.0000000000000002e-1 4.0000000000000002e-1 4.0000000000000002e-1
    4.0000000000000002e-1 4.0000000000000002e-1 4.0000000000000002e-1
    4.0000000000000002e-1 4.0000000000000002e-1 4.0000000000000002e-1
    4.0000000000000002e-1 4.0000000000000002e-1 4.0000000000000002e-1
    4.0000000000000002e-1 4.0000000000000002e-1 4.0000000000000002e-1
    4.0000000000000002e-1 4.0000000000000002e-1 4.0000000000000002e-1
    4.0000000000000002e-1 4.0000000000000002e-1 4.0000000000000002e-1
    4.0000000000000002e-1 4.0000000000000002e-1 4.0000000000000002e-1
    4.0000000000000002e-1 4.0000000000000002e-1 4.0000000000000002e-1
    4.0000000000000002e-1 4.0000000000000002e-1 4.0000000000000002e-1
    4.0000000000000002e-1 4.0000000000000002e-1 4.0000000000000002e-1
    4.0000000000000002e-1 4.0000000000000002e-1 4.0000000000000002e-1
    4.0000000000000002e-1 4.0000000000000002e-1 4.0000000000000002e-1
    4.0000000000000002e-1 4.0000000000000002e-1 4.0000000000000002e-1
    4.0000000000000002e-1 4.0000000000000002e-1 4.0000000000000002e-1
    4.0000000000000002e-1 4.0000000000000002e-1 4.0000000000000002e-1
    4.0000000000000002e-1 4.0000000000000002e-1 4.0000000000000002e-1
    4.0000000000000002e-1 4.0000000000000002e-1 4.0000000000000002e-1
    4.0000000000000002e-1 4.0000000000000002e-1 4.0000000000000002e-1
    4.0000000000000002e-1 4.0000000000000002e-1 4.0000000000000002e-1
    4.0000000000000002e-1 4.0000000000000002e-1 4.0000000000000002e-1
    4.0000000000000002e-1 4.0000000000000002e-1 4.0000000000000002e-1
    4.0000000000000002e-1 4.0000000000000002e-1 4.0000000000000002e-1
    4.0000000000000002e-1 4.0000000000000002e-1 4.0000000000000002e-1
    4.0000000000000002e-1 4.0000000000000002e-1 4.0000000000000002e-1
    4.0000000000000002e-1 4.0000000000000002e-1 4.0000000000000002e-1
    4.0000000000000002e-1 4.0000000000000002e-1 4.0000000000000002e-1
    4.0000000000000002e-1 4.0000000000000002e-1 4.0000000000000002e-1
    4.0000000000000002e-1 4.0000000000000002e-1 4.0000000000000002e-1
    4.0000000000000002e-1 4.0000000000000002e-1 4.0000000000000002e-1
    4.0000000000000002e-1 4.0000000000000002e-1 4.0000000000000002e-1
    4.0000000000000002e-1 4.0000000000000002e-1 4.0000000000000002e-1
    4.0000000000000002e-1 4.0000000000000002e-1 4.0000000000000002e-1
    4.0000000000000002e-1 4.0000000000000002e-1 4.0000000000000002e-1
    4.0000000000000002e-1 4.0000000000000002e-1 4.0000000000000002e-1
    4.0000000000000002e-1 4.0000000000000002e-1 4.0000000000000002e-1
    4.0000000000000002e-1 4.0000000000000002e-1 4.0000000000000002e-1
    4.0000000000000002e-1 4.0000000000000002e-1 4.0000000000000002e-1
    4.0000000000000002e-1 4.0000000000000002e-1 4.0000000000000002e-1
    4.0000000000000002e-1 4.0000000000000002e-1 4.0000000000000002e-1
    4.0000000000000002e-1 4.0000000000000002e-1 4.0000000000000002e-1
    4.0000000000000002e-1 4.0000000000000002e-1 4.0000000000000002e-1
    4.0000000000000002e-1 4.0000000000000002e-1 4.0000000000000002e-1
    4.0000000000000002e-1 4.0000000000000002e-1 4.0000000000000002e-1
    4.0000000000000002e-1 4.0000000000000002e-1 4.0000000000000002e-1
    4.0000000000000002e-1 4.0000000000000002e-1 4.0000000000000002e-1
    4.0000000000000002e-1 4.0000000000000002e-1 4.0000000000000002e-1
    4.0000000000000002e-1 4.0000000000000002e-1 4.0000000000000002e-1
    4.0000000000000002e-1 4.0000000000000002e-1 4.0000000000000002e-1
    4.0000000000000002e-1 4.0000000000000002e-1 4.0000000000000002e-1
    4.0000000000000002e-1 4.0000000000000002e-1 4.0000000000000002e-1
    4.0000000000000002e-1 4.0000000000000002e-1 4.0000000000000002e-1
    4.0000000000000002e-1 4.0000000000000002e-1 4.0000000000000002e-1
    4.0000000000000002e-1 4.0000000000000002e-1 4.0000000000000002e-1
    4.0000000000000002e-1 4.0000000000000002e-1 4.0000000000000002e-1
    4.0000000000000002e-1 4.0000000000000002e-1 4.0000000000000002e-1
    4.0000000000000002e-1 4.0000000000000002e-1 4.0000000000000002e-1
    4.0000000000000002e-1 4.0000000000000002e-1 4.0000000000000002e-1
    4.0000000000000002e-1 4.0000000000000002e-1 4.0000000000000002e-1
    4.0000000000000002e-1 4.0000000000000002e-1 4.0000000000000002e-1
    4.0000000000000002e-1 4.0000000000000002e-1 4.0000000000000002e-1
    4.0000000000000002e-1 4.0000000000000002e-1 4.0000000000000002e-1
    4.0000000000000002e-1 4.0000000000000002e-1 4.0000000000000002e-1
    4.0000000000000002e-1 4.0000000000000002e-1 4.0000000000000002e-1
    4.0000000000000002e-1 4.0000000000000002e-1 4.0000000000000002e-1
    4.0000000000000002e-1 4.0000000000000002e-1 4.0000000000000002e-1
    4.0000000000000002e-1 4.0000000000000002e-1 4.0000000000000002e-1
    4.0000000000000002e-1 4.0000000000000002e-1 4.0000000000000002e-1
    4.0000000000000002e-1 4.0000000000000002e-1 4.0000000000000002e-1
    4.0000000000000002e-1 4.0000000000000002e-1 4.0000000000000002e-1
    4.0000000000000002e-1 4.0000000000000002e-1 4.0000000000000002e-1
    4.0000000000000002e-1 4.0000000000000002e-1 4.0000000000000002e-1
    4.0000000000000002e-1 4.0000000000000002e-1 4.0000000000000002e-1
    4.0000000000000002e-1 4.0000000000000002e-1 4.0000000000000002e-1
    4.0000000000000002e-1 4.0000000000000002e-1 4.0000000000000002e-1
    4.0000000000000002e-1 4.0000000000000002e-1 4.0000000000000002e-1
    4.0000000000000002e-1 4.0000000000000002e-1 4.0000000000000002e-1
    4.0000000000000002e-1 4.0000000000000002e-1 4.0000000000000002e-1
    4.0000000000000002e-1 4.0000000000000002e-1 4.0000000000000002e-1
    4.0000000000000002e-1 4.0000000000000002e-1 4.0000000000000002e-1
    4.0000000000000002e-1 4.0000000000000002e-1 4.0000000000000002e-1
    4.0000000000000002e-1 4.0000000000000002e-1 4.0000000000000002e-1
    4.0000000000000002e-1 4.0000000000000002e-1 4.0000000000000002e-1
    4.0000000000000002e-1 4.0000000000000002e-1 4.0000000000000002e-1
    4.0000000000000002e-1 4.0000000000000002e-1 4.0000000000000002e-1
    4.0000000000000002e-1 4.0000000000000002e-1 4.0000000000000002e-1
    4.0000000000000002e-1 4.0000000000000002e-1 4.0000000000000002e-1
    4.0000000000000002e-1 4.0000000000000002e-1 4.0000000000000002e-1
    4.0000000000000002e-1 4.0000000000000002e-1 4.0000000000000002e-1
    4.0000000000000002e-1 4.0000000000000002e-1 4.0000000000000002e-1
    4.0000000000000002e-1 4.0000000000000002e-1 4.0000000000000002e-1
    4.0000000000000002e-1 4.0000000000000002e-1 4.0000000000000002e-1
    4.0000000000000002e-1 4.0000000000000002e-1 4.0000000000000002e-1
    4.0000000000000002e-1 4.0000000000000002e-1 4.0000000000000002e-1
    4.0000000000000002e-1 4.0000000000000002e-1 4.0000000000000002e-1
    4.0000000000000002e-1 4.0000000000000002e-1 4.0000000000000002e-1
    4.0000000000000002e-1 4.0000000000000002e-1 4.0000000000000002e-1
    4.0000000000000002e-1 4.0000000000000002e-1 4.0000000000000002e-1
    4.0000000000000002e-1 4.0000000000000002e-1 4.0000000000000002e-1
    4.0000000000000002e-1 4.0000000000000002e-1 4.0000000000000002e-1
    4.0000000000000002e-1 4.0000000000000002e-1 4.0000000000000002e-1
    4.0000000000000002e-1 4.0000000000000002e-1 4.0000000000000002e-1
    4.0000000000000002e-1 4.0000000000000002e-1 4.0000000000000002e-1
    4.0000000000000002e-1 4.0000000000000002e-1 4.0000000000000002e-1
    4.0000000000000002e-1 4.0000000000000002e-1 4.0000000000000002e-1
    4.0000000000000002e-1 4.0000000000000002e-1 4.0000000000000002e-1
    4.0000000000000002e-1 4.0000000000000002e-1 4.0000000000000002e-1
    4.0000000000000002e-1 4.0000000000000002e-1 4.0000000000000002e-1
    4.0000000000000002e-1 4.0000000000000002e-1 4.0000000000000002e-1
    4.0000000000000002e-1 4.0000000000000002e-1 4.0000000000000002e-1
    4.0000000000000002e-1 4.0000000000000002e-1 4.0000000000000002e-1
    4.0000000000000002e-1 4.0000000000000002e-1 4.0000000000000002e-1
    4.0000000000000002e-1 4.0000000000000002e-1 4.0000000000000002e-1
    4.0000000000000002e-1 4.0000000000000002e-1 4.0000000000000002e-1
    4.0000000000000002e-1 4.0000000000000002e-1 4.0000000000000002e-1
    4.0000000000000002e-1 4.0000000000000002e-1 4.0000000000000002e-1
    4.0000000000000002e-1 4.0000000000000002e-1 4.0000000000000002e-1
    4.0000000000000002e-1 4.0000000000000002e-1 4.0000000000000002e-1
    4.0000000000000002e-1 4.0000000000000002e-1 4.0000000000000002e-1
    4.0000000000000002e-1 4.0000000000000002e-1 4.0000000000000002e-1
    4.0000000000000002e-1 4.0000000000000002e-1 4.0000000000000002e-1
    4.0000000000000002e-1 4.0000000000000002e-1 4.0000000000000002e-1
    4.0000000000000002e-1 4.0000000000000002e-1 4.0000000000000002e-1
    4.0000000000000002e-1 4.0000000000000002e-1 4.0000000000000002e-1
    4.0000000000000002e-1 4.0000000000000002e-1 4.0000000000000002e-1
    4.0000000000000002e-1 4.0000000000000002e-1 4.0000000000000002e-1
    4.0000000000000002e-1 4.0000000000000002e-1 4.0000000000000002e-1
    4.0000000000000002e-1 4.0000000000000002e-1 4.0000000000000002e-1
    4.0000000000000002e-1 4.0000000000000002e-1 4.0000000000000002e-1
    4.0000000000000002e-1 4.0000000000000002e-1 4.0000000000000002e-1
    4.0000000000000002e-1 4.0000000000000002e-1 4.0000000000000002e-1
    4.0000000000000002e-1 4.0000000000000002e-1 4.0000000000000002e-1
    4.0000000000000002e-1 4.0000000000000002e-1 4.0000000000000002e-1
    4.0000000000000002e-1 4.0000000000000002e-1 4.0000000000000002e-1
    4.0000000000000002e-1 4.0000000000000002e-1 4.0000000000000002e-1
    4.0000000000000002e-1 4.0000000000000002e-1 4.0000000000000002e-1
    4.0000000000000002e-1 4.0000000000000002e-1 4.0000000000000002e-1
    4.0000000000000002e-1 4.0000000000000002e-1 4.0000000000000002e-1
    4.0000000000000002e-1 4.0000000000000002e-1 4.0000000000000002e-1
    4.0000000000000002e-1 4.0000000000000002e-1 4.0000000000000002e-1
    4.0000000000000002e-1 4.0000000000000002e-1 4.0000000000000002e-1
    4.0000000000000002e-1 4.0000000000000002e-1 4.0000000000000002e-1
    4.0000000000000002e-1 4.0000000000000002e-1 4.0000000000000002e-1
    4.0000000000000002e-1 4.0000000000000002e-1 4.0000000000000002e-1
    4.0000000000000002e-1 4.0000000000000002e-1 4.0000000000000002e-1
    4.0000000000000002e-1 4.0000000000000002e-1 4.0000000000000002e-1
    4.0000000000000002e-1 4.0000000000000002e-1 4.0000000000000002e-1
    4.0000000000000002e-1 4.0000000000000002e-1 4.0000000000000002e-1
    4.0000000000000002e-1 4.0000000000000002e-1 4.0000000000000002e-1
    4.0000000000000002e-1 4.0000000000000002e-1 4.0000000000000002e-1
    4.0000000000000002e-1 4.0000000000000002e-1 4.0000000000000002e-1
    4.0000000000000002e-1 4.0000000000000002e-1 4.0000000000000002e-1
    4.0000000000000002e-1 4.0000000000000002e-1 4.0000000000000002e-1
    4.0000000000000002e-1 4.0000000000000002e-1 4.0000000000000002e-1
    4.0000000000000002e-1 4.0000000000000002e-1 4.0000000000000002e-1
    4.0000000000000002e-1 4.0000000000000002e-1 4.0000000000000002e-1
    4.0000000000000002e-1 4.0000000000000002e-1 4.0000000000000002e-1
    4.0000000000000002e-1 4.0000000000000002e-1 4.0000000000000002e-1
    4.0000000000000002e-1 4.0000000000000002e-1 4.0000000000000002e-1
    4.0000000000000002e-1 4.0000000000000002e-1 4.0000000000000002e-1
    4.0000000000000002e-1 4.0000000000000002e-1 4.0000000000000002e-1
    4.0000000000000002e-1 4.0000000000000002e-1 4.0000000000000002e-1
    4.0000000000000002e-1 4.0000000000000002e-1 4.0000000000000002e-1
    4.0000000000000002e-1 4.0000000000000002e-1 4.0000000000000002e-1
    4.0000000000000002e-1 4.0000000000000002e-1 4.0000000000000002e-1
    4.0000000000000002e-1 4.0000000000000002e-1 4.0000000000000002e-1
    4.0000000000000002e-1 4.0000000000000002e-1 4.0000000000000002e-1
    4.0000000000000002e-1 4.0000000000000002e-1 4.0000000000000002e-1
    4.0000000000000002e-1 4.0000000000000002e-1 4.0000000000000002e-1
    4.0000000000000002e-1 4.0000000000000002e-1 4.0000000000000002e-1
    4.0000000000000002e-1 4.0000000000000002e-1 4.0000000000000002e-1
    4.0000000000000002e-1 4.0000000000000002e-1 4.0000000000000002e-1
    4.0000000000000002e-1 4.0000000000000002e-1 4.0000000000000002e-1
    4.0000000000000002e-1 4.0000000000000002e-1 4.0000000000000002e-1
    4.0000000000000002e-1 4.0000000000000002e-1 4.0000000000000002e-1
    4.0000000000000002e-1 4.0000000000000002e-1 4.0000000000000002e-1
    4.0000000000000002e-1 4.0000000000000002e-1 4.0000000000000002e-1
    4.0000000000000002e-1 4.0000000000000002e-1 4.0000000000000002e-1
    4.0000000000000002e-1 4.0000000000000002e-1 4.0000000000000002e-1
    4.0000000000000002e-1 4.0000000000000002e-1 4.0000000000000002e-1
    4.0000000000000002e-1 4.0000000000000002e-1 4.0000000000000002e-1
    4.0000000000000002e-1 4.0000000000000002e-1 4.0000000000000002e-1
    4.0000000000000002e-1 4.0000000000000002e-1 4.0000000000000002e-1
    4.0000000000000002e-1 4.0000000000000002e-1 4.0000000000000002e-1
    4.0000000000000002e-1 4.0000000000000002e-1 4.0000000000000002e-1
    4.0000000000000002e-1 4.0000000000000002e-1 4.0000000000000002e-1
    4.0000000000000002e-1 4.0000000000000002e-1 4.0000000000000002e-1
    4.0000000000000002e-1 4.0000000000000002e-1 4.0000000000000002e-1
    4.0000000000000002e-1 4.0000000000000002e-1 4.0000000000000002e-1
    4.0000000000000002e-1 4.0000000000000002e-1 4.0000000000000002e-1
    4.0000000000000002e-1 4.0000000000000002e-1 4.0000000000000002e-1
    4.0000000000000002e-1 4.0000000000000002e-1 4.0000000000000002e-1
    4.0000000000000002e-1 4.0000000000000002e-1 4.0000000000000002e-1
    4.0000000000000002e-1 4.0000000000000002e-1 4.0000000000000002e-1
    4.0000000000000002e-1 4.0000000000000002e-1 4.0000000000000002e-1
    4.0000000000000002e-1 4.0000000000000002e-1 4.0000000000000002e-1
    4.0000000000000002e-1 4.0000000000000002e-1 4.0000000000000002e-1
    4.0000000000000002e-1 4.0000000000000002e-1 4.0000000000000002e-1
    4.0000000000000002e-1 4.0000000000000002e-1 4.0000000000000002e-1
    4.0000000000000002e-1 4.0000000000000002e-1 4.0000000000000002e-1
    4.0000000000000002e-1 4.0000000000000002e-1 4.0000000000000002e-1
    4.0000000000000002e-1 4.0000000000000002e-1 4.0000000000000002e-1
    4.0000000000000002e-1 4.0000000000000002e-1 4.0000000000000002e-1
    4.0000000000000002e-1 4.0000000000000002e-1 4.0000000000000002e-1
    4.0000000000000002e-1 4.0000000000000002e-1 4.0000000000000002e-1
    4.0000000000000002e-1 4.0000000000000002e-1 4.0000000000000002e-1
    4.0000000000000002e-1 4.0000000000000002e-1 4.0000000000000002e-1
    4.0000000000000002e-1 4.0000000000000002e-1 4.0000000000000002e-1
    4.0000000000000002e-1 4.0000000000000002e-1 4.0000000000000002e-1
    4.0000000000000002e-1 4.0000000000000002e-1 4.0000000000000002e-1
    4.0000000000000002e-1 4.0000000000000002e-1 4.0000000000000002e-1
    4.0000000000000002e-1 4.0000000000000002e-1 4.0000000000000002e-1
    4.0000000000000002e-1 4.0000000000000002e-1 4.0000000000000002e-1
    4.0000000000000002e-1 4.0000000000000002e-1 4.0000000000000002e-1
    4.0000000000000002e-1 4.0000000000000002e-1 4.0000000000000002e-1
    4.0000000000000002e-1 4.0000000000000002e-1 4.0000000000000002e-1
    4.0000000000000002e-1 4.0000000000000002e-1 4.0000000000000002e-1
    4.0000000000000002e-1 4.0000000000000002e-1 4.0000000000000002e-1
    4.0000000000000002e-1 4.0000000000000002e-1 4.0000000000000002e-1
    4.0000000000000002e-1 4.0000000000000002e-1 4.0000000000000002e-1
    4.0000000000000002e-1 4.0000000000000002e-1 4.0000000000000002e-1
    4.0000000000000002e-1 4.0000000000000002e-1 4.0000000000000002e-1
    4.0000000000000002e-1 4.0000000000000002e-1 4.0000000000000002e-1
    4.0000000000000002e-1 4.0000000000000002e-1 4.0000000000000002e-1
    4.0000000000000002e-1 4.0000000000000002e-1 4.0000000000000002e-1
    4.0000000000000002e-1 4.0000000000000002e-1 4.0000000000000002e-1
    4.0000000000000002e-1 4.0000000000000002e-1 4.0000000000000002e-1
    4.0000000000000002e-1 4.0000000000000002e-1 4.0000000000000002e-1
    4.0000000000000002e-1 4.0000000000000002e-1 4.0000000000000002e-1
    4.0000000000000002e-1 4.0000000000000002e-1 4.0000000000000002e-1
    4.0000000000000002e-1 4.0000000000000002e-1 4.0000000000000002e-1
    4.0000000000000002e-1 4.0000000000000002e-1 4.0000000000000002e-1
    4.0000000000000002e-1 4.0000000000000002e-1 4.0000000000000002e-1
    4.0000000000000002e-1 4.0000000000000002e-1 4.0000000000000002e-1
    4.0000000000000002e-1 4.0000000000000002e-1 4.0000000000000002e-1
    4.0000000000000002e-1 4.0000000000000002e-1 4.0000000000000002e-1
    4.0000000000000002e-1 4.0000000000000002e-1 4.0000000000000002e-1
    4.0000000000000002e-1 4.0000000000000002e-1 4.0000000000000002e-1
    4.0000000000000002e-1 4.0000000000000002e-1 4.0000000000000002e-1
    4.0000000000000002e-1 4.0000000000000002e-1 4.0000000000000002e-1
    4.0000000000000002e-1 4.0000000000000002e-1 4.0000000000000002e-1
    4.0000000000000002e-1 4.0000000000000002e-1 4.0000000000000002e-1
    4.0000000000000002e-1 4.0000000000000002e-1 4.0000000000000002e-1
    4.0000000000000002e-1 4.0000000000000002e-1 4.0000000000000002e-1
    4.0000000000000002e-1 4.0000000000000002e-1 4.0000000000000002e-1
    4.0000000000000002e-1 4.0000000000000002e-1 4.0000000000000002e-1
    4.0000000000000002e-1 4.0000000000000002e-1 4.0000000000000002e-1
    4.0000000000000002e-1 4.0000000000000002e-1 4.0000000000000002e-1
    4.0000000000000002e-1 4.0000000000000002e-1 4.0000000000000002e-1
    4.0000000000000002e-1 4.0000000000000002e-1 4.0000000000000002e-1
    4.0000000000000002e-1 4.0000000000000002e-1 4.0000000000000002e-1
    4.0000000000000002e-1 4.0000000000000002e-1 4.0000000000000002e-1
    4.0000000000000002e-1 4.0000000000000002e-1 4.0000000000000002e-1
    4.0000000000000002e-1 4.0000000000000002e-1 4.0000000000000002e-1
    4.0000000000000002e-1 4.0000000000000002e-1 4.0000000000000002e-1
    4.0000000000000002e-1 4.0000000000000002e-1 4.0000000000000002e-1
    4.0000000000000002e-1 4.0000000000000002e-1 4.0000000000000002e-1
    4.0000000000000002e-1 4.0000000000000002e-1 4.0000000000000002e-1
    4.0000000000000002e-1 4.0000000000000002e-1 4.0000000000000002e-1
    4.0000000000000002e-1 4.0000000000000002e-1 4.0000000000000002e-1
    4.0000000000000002e-1 4.0000000000000002e-1 4.0000000000000002e-1
    4.0000000000000002e-1 4.0000000000000002e-1 4.0000000000000002e-1
    4.0000000000000002e-1 4.0000000000000002e-1 4.0000000000000002e-1
    4.0000000000000002e-1 4.0000000000000002e-1 4.0000000000000002e-1
    4.0000000000000002e-1 4.0000000000000002e-1 4.0000000000000002e-1
    4.0000000000000002e-1 4.0000000000000002e-1 4.0000000000000002e-1
    4.0000000000000002e-1 4.0000000000000002e-1 4.0000000000000002e-1
    4.0000000000000002e-1 4.0000000000000002e-1 4.0000000000000002e-1
    4.0000000000000002e-1 4.0000000000000002e-1 4.0000000000000002e-1 5.0e-1
    5.0e-1 5.0e-1 5.0e-1 5.0e-1 5.0e-1 5.0e-1 5.0e-1 5.0e-1 5.0e-1 5.0e-1
    5.0e-1 5.0e-1 5.0e-1 5.0e-1 5.0e-1 5.0e-1 5.0e-1 5.0e-1 5.0e-1 5.0e-1
    5.0e-1 5.0e-1 5.0e-1 5.0e-1 5.0e-1 5.0e-1 5.0e-1 5.0e-1 5.0e-1 5.0e-1
    5.0e-1 5.0e-1 5.0e-1 5.0e-1 5.0e-1 5.0e-1 5.0e-1 5.0e-1 5.0e-1 5.0e-1
    5.0e-1 5.0e-1 5.0e-1 5.0e-1 5.0e-1 5.0e-1 5.0e-1 5.0e-1 5.0e-1 5.0e-1
    5.0e-1 5.0e-1 5.0e-1 5.0e-1 5.0e-1 5.0e-1 5.0e-1 5.0e-1 5.0e-1 5.0e-1
    5.0e-1 5.0e-1 5.0e-1 5.0e-1 5.0e-1 5.0e-1 5.0e-1 5.0e-1 5.0e-1 5.0e-1
    5.0e-1 5.0e-1 5.0e-1 5.0e-1 5.0e-1 5.0e-1 5.0e-1 5.0e-1 5.0e-1 5.0e-1
    5.0e-1 5.0e-1 5.0e-1 5.0e-1 5.0e-1 5.0e-1 5.0e-1 5.0e-1 5.0e-1 5.0e-1
    5.0e-1 5.0e-1 5.0e-1 5.0e-1 5.0e-1 5.0e-1 5.0e-1 5.0e-1 5.0e-1 5.0e-1
    5.0e-1 5.0e-1 5.0e-1 5.0e-1 5.0e-1 5.0e-1 5.0e-1 5.0e-1 5.0e-1 5.0e-1
    5.0e-1 5.0e-1 5.0e-1 5.0e-1 5.0e-1 5.0e-1 5.0e-1 5.0e-1 5.0e-1 5.0e-1
    5.0e-1 5.0e-1 5.0e-1 5.0e-1 5.0e-1 5.0e-1 5.0e-1 5.0e-1 5.0e-1 5.0e-1
    5.0e-1 5.0e-1 5.0e-1 5.0e-1 5.0e-1 5.0e-1 5.0e-1 5.0e-1 5.0e-1 5.0e-1
    5.0e-1 5.0e-1 5.0e-1 5.0e-1 5.0e-1 5.0e-1 5.0e-1 5.0e-1 5.0e-1 5.0e-1
    5.0e-1 5.0e-1 5.0e-1 5.0e-1 5.0e-1 5.0e-1 5.0e-1 5.0e-1 5.0e-1 5.0e-1
    5.0e-1 5.0e-1 5.0e-1 5.0e-1 5.0e-1 5.0e-1 5.0e-1 5.0e-1 5.0e-1 5.0e-1
    5.0e-1 5.0e-1 5.0e-1 5.0e-1 5.0e-1 5.0e-1 5.0e-1 5.0e-1 5.0e-1 5.0e-1
    5.0e-1 5.0e-1 5.0e-1 5.0e-1 5.0e-1 5.0e-1 5.0e-1 5.0e-1 5.0e-1 5.0e-1
    5.0e-1 5.0e-1 5.0e-1 5.0e-1 5.0e-1 5.0e-1 5.0e-1 5.0e-1 5.0e-1 5.0e-1
    5.0e-1 5.0e-1 5.0e-1 5.0e-1 5.0e-1 5.0e-1 5.0e-1 5.0e-1 5.0e-1 5.0e-1
    5.0e-1 5.0e-1 5.0e-1 5.0e-1 5.0e-1 5.0e-1 5.0e-1 5.0e-1 5.0e-1 5.0e-1
    5.0e-1 5.0e-1 5.0e-1 5.0e-1 5.0e-1 5.0e-1 5.0e-1 5.0e-1 5.0e-1 5.0e-1
    5.0e-1 5.0e-1 5.0e-1 5.0e-1 5.0e-1 5.0e-1 5.0e-1 5.0e-1 5.0e-1 5.0e-1
    5.0e-1 5.0e-1 5.0e-1 5.0e-1 5.0e-1 5.0e-1 5.0e-1 5.0e-1 5.0e-1 5.0e-1
    5.0e-1 5.0e-1 5.0e-1 5.0e-1 5.0e-1 5.0e-1 5.0e-1 5.0e-1 5.0e-1 5.0e-1
    5.0e-1 5.0e-1 5.0e-1 5.0e-1 5.0e-1 5.0e-1 5.0e-1 5.0e-1 5.0e-1 5.0e-1
    5.0e-1 5.0e-1 5.0e-1 5.0e-1 5.0e-1 5.0e-1 5.0e-1 5.0e-1 5.0e-1 5.0e-1
    5.0e-1 5.0e-1 5.0e-1 5.0e-1 5.0e-1 5.0e-1 5.0e-1 5.0e-1 5.0e-1 5.0e-1
    5.0e-1 5.0e-1 5.0e-1 5.0e-1 5.0e-1 5.0e-1 5.0e-1 5.0e-1 5.0e-1 5.0e-1
    5.0e-1 5.0e-1 5.0e-1 5.0e-1 5.0e-1 5.0e-1 5.0e-1 5.0e-1 5.0e-1 5.0e-1
    5.0e-1 5.0e-1 5.0e-1 5.0e-1 5.0e-1 5.0e-1 5.0e-1 5.0e-1 5.0e-1 5.0e-1
    5.0e-1 5.0e-1 5.0e-1 5.0e-1 5.0e-1 5.0e-1 5.0e-1 5.0e-1 5.0e-1 5.0e-1
    5.0e-1 5.0e-1 5.0e-1 5.0e-1 5.0e-1 5.0e-1 5.0e-1 5.0e-1 5.0e-1 5.0e-1
    5.0e-1 5.0e-1 5.0e-1 5.0e-1 5.0e-1 5.0e-1 5.0e-1 5.0e-1 5.0e-1 5.0e-1
    5.0e-1 5.0e-1 5.0e-1 5.0e-1 5.0e-1 5.0e-1 5.0e-1 5.0e-1 5.0e-1 5.0e-1
    5.0e-1 5.0e-1 5.0e-1 5.0e-1 5.0e-1 5.0e-1 5.0e-1 5.0e-1 5.0e-1 5.0e-1
    5.0e-1 5.0e-1 5.0e-1 5.0e-1 5.0e-1 5.0e-1 5.0e-1 5.0e-1 5.0e-1 5.0e-1
    5.0e-1 5.0e-1 5.0e-1 5.0e-1 5.0e-1 5.0e-1 5.0e-1 5.0e-1 5.0e-1 5.0e-1
    5.0e-1 5.0e-1 5.0e-1 5.0e-1 5.0e-1 5.0e-1 5.0e-1 5.0e-1 5.0e-1 5.0e-1
    5.0e-1 5.0e-1 5.0e-1 5.0e-1 5.0e-1 5.0e-1 5.0e-1 5.0e-1 5.0e-1 5.0e-1
    5.0e-1 5.0e-1 5.0e-1 5.0e-1 5.0e-1 5.0e-1 5.0e-1 5.0e-1 5.0e-1 5.0e-1
    5.0e-1 5.0e-1 5.0e-1 5.0e-1 5.0e-1 5.0e-1 5.0e-1 5.0e-1 5.0e-1 5.0e-1
    5.0e-1 5.0e-1 5.0e-1 5.0e-1 5.0e-1 5.0e-1 5.0e-1 5.0e-1 5.0e-1 5.0e-1
    5.0e-1 5.0e-1 5.0e-1 5.0e-1 5.0e-1 5.0e-1 5.0e-1 5.0e-1 5.0e-1 5.0e-1
    5.0e-1 5.0e-1 5.0e-1 5.0e-1 5.0e-1 5.0e-1 5.0e-1 5.0e-1 5.0e-1 5.0e-1
    5.0e-1 5.0e-1 5.0e-1 5.0e-1 5.0e-1 5.0e-1 5.0e-1 5.0e-1 5.0e-1 5.0e-1
    5.0e-1 5.0e-1 5.0e-1 5.0e-1 5.0e-1 5.0e-1 5.0e-1 5.0e-1 5.0e-1 5.0e-1
    5.0e-1 5.0e-1 5.0e-1 5.0e-1 5.0e-1 5.0e-1 5.0e-1 5.0e-1 5.0e-1 5.0e-1
    5.0e-1 5.0e-1 5.0e-1 5.0e-1 5.0e-1 5.0e-1 5.0e-1 5.0e-1 5.0e-1 5.0e-1
    5.0e-1 5.0e-1 5.0e-1 5.0e-1 5.0e-1 5.0e-1 5.0e-1 5.0e-1 5.0e-1 5.0e-1
    5.0e-1 5.0e-1 5.0e-1 5.0e-1 5.0e-1 5.0e-1 5.0e-1 5.0e-1 5.0e-1 5.0e-1
    5.0e-1 5.0e-1 5.0e-1 5.0e-1 5.0e-1 5.0e-1 5.0e-1 5.0e-1 5.0e-1 5.0e-1
    5.0e-1 5.0e-1 5.0e-1 5.0e-1 5.0e-1 5.0e-1 5.0e-1 5.0e-1 5.0e-1 5.0e-1
    5.0e-1 5.0e-1 5.0e-1 5.0e-1 5.0e-1 5.0e-1 5.0e-1 5.0e-1 5.0e-1 5.0e-1
    5.0e-1 5.0e-1 5.0e-1 5.0e-1 5.0e-1 5.0e-1 5.0e-1 5.0e-1 5.0e-1 5.0e-1
    5.0e-1 5.0e-1 5.0e-1 5.0e-1 5.0e-1 5.0e-1 5.0e-1 5.0e-1 5.0e-1 5.0e-1
    5.0e-1 5.0e-1 5.0e-1 5.0e-1 5.0e-1 5.0e-1 5.0e-1 5.0e-1 5.0e-1 5.0e-1
    5.0e-1 5.0e-1 5.0e-1 5.0e-1 5.0e-1 5.0e-1 5.0e-1 5.0e-1 5.0e-1 5.0e-1
    5.0e-1 5.0e-1 5.0e-1 5.0e-1 5.0e-1 5.0e-1 5.0e-1 5.0e-1 5.0e-1 5.0e-1
    5.0e-1 5.0e-1 5.0e-1 5.0e-1 5.0e-1 5.0e-1 5.0e-1 5.0e-1 5.0e-1 5.0e-1
    5.0e-1 5.0e-1 5.0e-1 5.0e-1 5.0e-1 5.0e-1 5.0e-1 5.0e-1 5.0e-1 5.0e-1
    5.0e-1 5.0e-1 5.0e-1 5.0e-1 5.0e-1 5.0e-1 5.0e-1 5.0e-1 5.0e-1 5.0e-1
    5.0e-1 5.0e-1 5.0e-1 5.0e-1 5.0e-1 5.0e-1 5.0e-1 5.0e-1 5.0e-1 5.0e-1
    5.0e-1 5.0e-1 5.0e-1 5.0e-1 5.0e-1 5.0e-1 5.0e-1 5.0e-1 5.0e-1 5.0e-1
    5.0e-1 5.0e-1 5.0e-1 5.0e-1 5.0e-1 5.0e-1 5.0e-1 5.0e-1 5.0e-1 5.0e-1
    5.0e-1 5.0e-1 5.0e-1 5.0e-1 5.0e-1 5.0e-1 5.0e-1 5.0e-1 5.0e-1 5.0e-1
    5.0e-1 5.0e-1 5.0e-1 5.0e-1 5.0e-1 5.0e-1 5.0e-1 5.0e-1 5.0e-1 5.0e-1
    5.0e-1 5.0e-1 5.0e-1 5.0e-1 5.0e-1 5.0e-1 5.0e-1 5.0e-1 5.0e-1 5.0e-1
    5.0e-1 5.0e-1 5.0e-1 5.0e-1 5.0e-1 5.0e-1 5.0e-1 5.0e-1 5.0e-1 5.0e-1
    5.0e-1 5.0e-1 5.0e-1 5.0e-1 5.0e-1 5.0e-1 5.0e-1 5.0e-1 5.0e-1 5.0e-1
    5.0e-1 5.0e-1 5.0e-1 5.0e-1 5.0e-1 5.0e-1 5.0e-1 5.0e-1 5.0e-1 5.0e-1
    5.0e-1 5.0e-1 5.0e-1 5.0e-1 5.0e-1 5.0e-1 5.0e-1 5.0e-1 5.0e-1 5.0e-1
    5.0e-1 5.0e-1 5.0e-1 5.0e-1 5.0e-1 5.0e-1 5.0e-1 5.0e-1 5.0e-1 5.0e-1
    5.0e-1 5.0e-1 5.0e-1 5.0e-1 5.0e-1 5.0e-1 5.0e-1 5.0e-1 5.0e-1 5.0e-1
    5.0e-1 5.0e-1 5.0e-1 5.0e-1 5.0e-1 5.0e-1 5.0e-1 5.0e-1 5.0e-1 5.0e-1
    5.0e-1 5.0e-1 5.0e-1 5.0e-1 5.0e-1 5.0e-1 5.0e-1 5.0e-1 5.0e-1 5.0e-1
    5.0e-1 5.0e-1 5.0e-1 5.0e-1 5.0e-1 5.0e-1 5.0e-1 5.0e-1 5.0e-1 5.0e-1
    5.0e-1 5.0e-1 5.0e-1 5.0e-1 5.0e-1 5.0e-1 5.0e-1 5.0e-1 5.0e-1 5.0e-1
    5.0e-1 5.0e-1 5.0e-1 5.0e-1 5.0e-1 5.0e-1 5.0e-1 5.0e-1 5.0e-1 5.0e-1
    5.0e-1 5.0e-1 5.0e-1 5.0e-1 5.0e-1 5.0e-1 5.0e-1 5.0e-1 5.0e-1 5.0e-1
    5.0e-1 5.0e-1 5.0e-1 5.0e-1 5.0e-1 5.0e-1 5.0e-1 5.0e-1 5.0e-1 5.0e-1
    5.0e-1 5.0e-1 5.0e-1 5.0e-1 5.0e-1 5.0e-1 5.0e-1 5.0e-1 5.0e-1 5.0e-1
    5.0e-1 5.0e-1 5.0e-1 5.0e-1 5.0e-1 5.0e-1 5.0e-1 5.0e-1 5.0e-1 5.0e-1
    5.0e-1 5.0e-1 5.0e-1 5.0e-1 5.0e-1 5.0e-1 5.0e-1 5.0e-1 5.0e-1 5.0e-1
    5.0e-1 5.0e-1 5.0e-1 5.0e-1 5.0e-1 5.0e-1 5.0e-1 5.0e-1 5.0e-1 5.0e-1
    5.0e-1 5.0e-1 5.0e-1 5.0e-1 5.0e-1 5.0e-1 5.0e-1 5.0e-1 5.0e-1 5.0e-1
    5.0e-1 5.0e-1 5.0e-1 5.0e-1 5.0e-1 5.0e-1 5.0e-1 5.0e-1 5.0e-1 5.0e-1
    5.0e-1 5.0e-1 5.0e-1 5.0e-1 5.0e-1 5.0e-1 5.0e-1 5.0e-1 5.0e-1 5.0e-1
    5.0e-1 5.0e-1 5.0e-1 5.0e-1 5.0e-1 5.0e-1 5.0e-1 5.0e-1 5.0e-1 5.0e-1
    5.0e-1 5.0e-1 5.0e-1 5.0e-1 5.0e-1 5.0e-1 5.0e-1 5.0e-1 5.0e-1 5.0e-1
    5.0e-1 5.0e-1 5.0e-1 5.0e-1 5.0e-1 5.0e-1 5.0e-1 5.0e-1 5.0e-1 5.0e-1
    5.0e-1 5.0e-1 5.0e-1 5.0e-1 5.0e-1 5.0e-1 5.0e-1 5.0e-1 5.0e-1 5.0e-1
    5.0e-1 5.0e-1 5.0e-1 5.0e-1 5.0e-1 5.0e-1 5.0e-1 5.0e-1 5.0e-1 5.0e-1
    5.0e-1 5.0e-1 5.0e-1 5.0e-1 5.0e-1 5.0e-1 5.0e-1 5.0e-1 5.0e-1 5.0e-1
    5.0e-1 5.0e-1 5.0e-1 5.0e-1 5.0e-1 5.0e-1 5.0e-1 5.0e-1 5.0e-1 5.0e-1
    5.0e-1 5.0e-1 5.0e-1 5.0e-1 5.0e-1 5.0e-1 5.0e-1 5.0e-1 5.0e-1 5.0e-1
    5.0e-1 5.0e-1 5.0e-1 5.0e-1 5.0e-1 5.0e-1 5.0e-1 5.0e-1 5.0e-1 5.0e-1
    5.0e-1 5.0e-1 5.0e-1 5.0e-1 5.0e-1 5.0e-1 5.0e-1 5.0e-1 5.0e-1 5.0e-1
    5.0e-1 5.0e-1 5.0e-1 5.0e-1 5.0e-1 5.0e-1 5.0e-1 5.0e-1 5.0e-1 5.0e-1
    5.0e-1 5.0e-1 5.0e-1 5.0e-1 5.0e-1 5.0e-1 5.0e-1 5.0e-1 5.0e-1 5.0e-1
    5.0e-1 5.0e-1 5.0e-1 5.0e-1 5.0e-1 5.0e-1 5.0e-1 5.0e-1 5.0e-1 5.0e-1
    5.0e-1 5.0e-1 5.0e-1 5.0e-1 5.0e-1 5.0e-1 5.0e-1 5.0e-1 5.0e-1 5.0e-1
    5.0e-1 5.0e-1 5.0e-1 5.0e-1 5.0e-1 5.0e-1 5.0e-1 5.0e-1 5.0e-1 5.0e-1
    5.0e-1 5.0e-1 5.0e-1 5.0e-1 5.0e-1 5.0e-1 5.0e-1 5.0e-1 5.0e-1 5.0e-1
    5.0e-1 5.0e-1 5.0e-1 5.0e-1 5.0e-1 5.0e-1 5.0e-1 5.0e-1 5.0e-1 5.0e-1
    5.0e-1 5.0e-1 5.0e-1 5.0e-1 5.0e-1 5.0e-1 5.0e-1 5.0e-1 5.0e-1 5.0e-1
    5.0e-1 5.0e-1 5.0e-1 5.0e-1 5.0e-1 5.0e-1 5.0e-1 5.0e-1 5.0e-1 5.0e-1
    5.0e-1 5.0e-1 5.0e-1 5.0e-1 5.0e-1 5.0e-1 5.0e-1 5.0e-1 5.0e-1 5.0e-1
    5.0e-1 5.0e-1 5.0e-1 5.0e-1 5.0e-1 5.0e-1 5.0e-1 5.0e-1 5.0e-1 5.0e-1
    5.0e-1 5.0e-1 5.0e-1 5.0e-1 5.0e-1 5.0e-1 5.0e-1 5.0e-1 5.0e-1 5.0e-1
    5.0e-1 5.0e-1 5.0e-1 5.0e-1 5.0e-1 5.0e-1 5.0e-1 5.0e-1 5.0e-1 5.0e-1
    5.0e-1 5.0e-1 5.0e-1 5.0e-1 5.0e-1 5.0e-1 5.0e-1 5.0e-1 5.0e-1 5.0e-1
    5.0e-1 5.0e-1 5.0e-1 5.0e-1 5.0e-1 5.0e-1 5.0e-1 5.0e-1 5.0e-1 5.0e-1
    5.0e-1 5.0e-1 5.0e-1 5.0e-1 5.0e-1 5.0e-1 5.0e-1 5.0e-1 5.0e-1 5.0e-1
    5.0e-1 5.0e-1 5.0e-1 5.0e-1 5.0e-1 5.0e-1 5.0e-1 5.0e-1 5.0e-1 5.0e-1
    5.0e-1 5.0e-1 5.0e-1 5.0e-1 5.0e-1 5.0e-1 5.0e-1 5.0e-1 5.0e-1 5.0e-1
    5.0e-1 5.0e-1 5.0e-1 5.0e-1 5.0e-1 5.0e-1 5.0e-1 5.0e-1 5.0e-1 5.0e-1
    5.0e-1 5.0e-1 5.0e-1 5.0e-1 5.0e-1 5.0e-1 5.0e-1 5.0e-1 5.0e-1 5.0e-1
    5.0e-1 5.0e-1 5.0e-1 5.0e-1 5.0e-1 5.0e-1 5.0e-1 5.0e-1 5.0e-1 5.0e-1
    5.9999999999999998e-1 5.9999999999999998e-1 5.9999999999999998e-1
    5.9999999999999998e-1 5.9999999999999998e-1 5.9999999999999998e-1
    5.9999999999999998e-1 5.9999999999999998e-1 5.9999999999999998e-1
    5.9999999999999998e-1 5.9999999999999998e-1 5.9999999999999998e-1
    5.9999999999999998e-1 5.9999999999999998e-1 5.9999999999999998e-1
    5.9999999999999998e-1 5.9999999999999998e-1 5.9999999999999998e-1
    5.9999999999999998e-1 5.9999999999999998e-1 5.9999999999999998e-1
    5.9999999999999998e-1 5.9999999999999998e-1 5.9999999999999998e-1
    5.9999999999999998e-1 5.9999999999999998e-1 5.9999999999999998e-1
    5.9999999999999998e-1 5.9999999999999998e-1 5.9999999999999998e-1
    5.9999999999999998e-1 5.9999999999999998e-1 5.9999999999999998e-1
    5.9999999999999998e-1 5.9999999999999998e-1 5.9999999999999998e-1
    5.9999999999999998e-1 5.9999999999999998e-1 5.9999999999999998e-1
    5.9999999999999998e-1 5.9999999999999998e-1 5.9999999999999998e-1
    5.9999999999999998e-1 5.9999999999999998e-1 5.9999999999999998e-1
    5.9999999999999998e-1 5.9999999999999998e-1 5.9999999999999998e-1
    5.9999999999999998e-1 5.9999999999999998e-1 5.9999999999999998e-1
    5.9999999999999998e-1 5.9999999999999998e-1 5.9999999999999998e-1
    5.9999999999999998e-1 5.9999999999999998e-1 5.9999999999999998e-1
    5.9999999999999998e-1 5.9999999999999998e-1 5.9999999999999998e-1
    5.9999999999999998e-1 5.9999999999999998e-1 5.9999999999999998e-1
    5.9999999999999998e-1 5.9999999999999998e-1 5.9999999999999998e-1
    5.9999999999999998e-1 5.9999999999999998e-1 5.9999999999999998e-1
    5.9999999999999998e-1 5.9999999999999998e-1 5.9999999999999998e-1
    5.9999999999999998e-1 5.9999999999999998e-1 5.9999999999999998e-1
    5.9999999999999998e-1 5.9999999999999998e-1 5.9999999999999998e-1
    5.9999999999999998e-1 5.9999999999999998e-1 5.9999999999999998e-1
    5.9999999999999998e-1 5.9999999999999998e-1 5.9999999999999998e-1
    5.9999999999999998e-1 5.9999999999999998e-1 5.9999999999999998e-1
    5.9999999999999998e-1 5.9999999999999998e-1 5.9999999999999998e-1
    5.9999999999999998e-1 5.9999999999999998e-1 5.9999999999999998e-1
    5.9999999999999998e-1 5.9999999999999998e-1 5.9999999999999998e-1
    5.9999999999999998e-1 5.9999999999999998e-1 5.9999999999999998e-1
    5.9999999999999998e-1 5.9999999999999998e-1 5.9999999999999998e-1
    5.9999999999999998e-1 5.9999999999999998e-1 5.9999999999999998e-1
    5.9999999999999998e-1 5.9999999999999998e-1 5.9999999999999998e-1
    5.9999999999999998e-1 5.9999999999999998e-1 5.9999999999999998e-1
    5.9999999999999998e-1 5.9999999999999998e-1 5.9999999999999998e-1
    5.9999999999999998e-1 5.9999999999999998e-1 5.9999999999999998e-1
    5.9999999999999998e-1 5.9999999999999998e-1 5.9999999999999998e-1
    5.9999999999999998e-1 5.9999999999999998e-1 5.9999999999999998e-1
    5.9999999999999998e-1 5.9999999999999998e-1 5.9999999999999998e-1
    5.9999999999999998e-1 5.9999999999999998e-1 5.9999999999999998e-1
    5.9999999999999998e-1 5.9999999999999998e-1 5.9999999999999998e-1
    5.9999999999999998e-1 5.9999999999999998e-1 5.9999999999999998e-1
    5.9999999999999998e-1 5.9999999999999998e-1 5.9999999999999998e-1
    5.9999999999999998e-1 5.9999999999999998e-1 5.9999999999999998e-1
    5.9999999999999998e-1 5.9999999999999998e-1 5.9999999999999998e-1
    5.9999999999999998e-1 5.9999999999999998e-1 5.9999999999999998e-1
    5.9999999999999998e-1 5.9999999999999998e-1 5.9999999999999998e-1
    5.9999999999999998e-1 5.9999999999999998e-1 5.9999999999999998e-1
    5.9999999999999998e-1 5.9999999999999998e-1 5.9999999999999998e-1
    5.9999999999999998e-1 5.9999999999999998e-1 5.9999999999999998e-1
    5.9999999999999998e-1 5.9999999999999998e-1 5.9999999999999998e-1
    5.9999999999999998e-1 5.9999999999999998e-1 5.9999999999999998e-1
    5.9999999999999998e-1 5.9999999999999998e-1 5.9999999999999998e-1
    5.9999999999999998e-1 5.9999999999999998e-1 5.9999999999999998e-1
    5.9999999999999998e-1 5.9999999999999998e-1 5.9999999999999998e-1
    5.9999999999999998e-1 5.9999999999999998e-1 5.9999999999999998e-1
    5.9999999999999998e-1 5.9999999999999998e-1 5.9999999999999998e-1
    5.9999999999999998e-1 5.9999999999999998e-1 5.9999999999999998e-1
    5.9999999999999998e-1 5.9999999999999998e-1 5.9999999999999998e-1
    5.9999999999999998e-1 5.9999999999999998e-1 5.9999999999999998e-1
    5.9999999999999998e-1 5.9999999999999998e-1 5.9999999999999998e-1
    5.9999999999999998e-1 5.9999999999999998e-1 5.9999999999999998e-1
    5.9999999999999998e-1 5.9999999999999998e-1 5.9999999999999998e-1
    5.9999999999999998e-1 5.9999999999999998e-1 5.9999999999999998e-1
    5.9999999999999998e-1 5.9999999999999998e-1 5.9999999999999998e-1
    5.9999999999999998e-1 5.9999999999999998e-1 5.9999999999999998e-1
    5.9999999999999998e-1 5.9999999999999998e-1 5.9999999999999998e-1
    5.9999999999999998e-1 5.9999999999999998e-1 5.9999999999999998e-1
    5.9999999999999998e-1 5.9999999999999998e-1 5.9999999999999998e-1
    5.9999999999999998e-1 5.9999999999999998e-1 5.9999999999999998e-1
    5.9999999999999998e-1 5.9999999999999998e-1 5.9999999999999998e-1
    5.9999999999999998e-1 5.9999999999999998e-1 5.9999999999999998e-1
    5.9999999999999998e-1 5.9999999999999998e-1 5.9999999999999998e-1
    5.9999999999999998e-1 5.9999999999999998e-1 5.9999999999999998e-1
    5.9999999999999998e-1 5.9999999999999998e-1 5.9999999999999998e-1
    5.9999999999999998e-1 5.9999999999999998e-1 5.9999999999999998e-1
    5.9999999999999998e-1 5.9999999999999998e-1 5.9999999999999998e-1
    5.9999999999999998e-1 5.9999999999999998e-1 5.9999999999999998e-1
    5.9999999999999998e-1 5.9999999999999998e-1 5.9999999999999998e-1
    5.9999999999999998e-1 5.9999999999999998e-1 5.9999999999999998e-1
    5.9999999999999998e-1 5.9999999999999998e-1 5.9999999999999998e-1
    5.9999999999999998e-1 5.9999999999999998e-1 5.9999999999999998e-1
    5.9999999999999998e-1 5.9999999999999998e-1 5.9999999999999998e-1
    5.9999999999999998e-1 5.9999999999999998e-1 5.9999999999999998e-1
    5.9999999999999998e-1 5.9999999999999998e-1 5.9999999999999998e-1
    5.9999999999999998e-1 5.9999999999999998e-1 5.9999999999999998e-1
    5.9999999999999998e-1 5.9999999999999998e-1 5.9999999999999998e-1
    5.9999999999999998e-1 5.9999999999999998e-1 5.9999999999999998e-1
    5.9999999999999998e-1 5.9999999999999998e-1 5.9999999999999998e-1
    5.9999999999999998e-1 5.9999999999999998e-1 5.9999999999999998e-1
    5.9999999999999998e-1 5.9999999999999998e-1 5.9999999999999998e-1
    5.9999999999999998e-1 5.9999999999999998e-1 5.9999999999999998e-1
    5.9999999999999998e-1 5.9999999999999998e-1 5.9999999999999998e-1
    5.9999999999999998e-1 5.9999999999999998e-1 5.9999999999999998e-1
    5.9999999999999998e-1 5.9999999999999998e-1 5.9999999999999998e-1
    5.9999999999999998e-1 5.9999999999999998e-1 5.9999999999999998e-1
    5.9999999999999998e-1 5.9999999999999998e-1 5.9999999999999998e-1
    5.9999999999999998e-1 5.9999999999999998e-1 5.9999999999999998e-1
    5.9999999999999998e-1 5.9999999999999998e-1 5.9999999999999998e-1
    5.9999999999999998e-1 5.9999999999999998e-1 5.9999999999999998e-1
    5.9999999999999998e-1 5.9999999999999998e-1 5.9999999999999998e-1
    5.9999999999999998e-1 5.9999999999999998e-1 5.9999999999999998e-1
    5.9999999999999998e-1 5.9999999999999998e-1 5.9999999999999998e-1
    5.9999999999999998e-1 5.9999999999999998e-1 5.9999999999999998e-1
    5.9999999999999998e-1 5.9999999999999998e-1 5.9999999999999998e-1
    5.9999999999999998e-1 5.9999999999999998e-1 5.9999999999999998e-1
    5.9999999999999998e-1 5.9999999999999998e-1 5.9999999999999998e-1
    5.9999999999999998e-1 5.9999999999999998e-1 5.9999999999999998e-1
    5.9999999999999998e-1 5.9999999999999998e-1 5.9999999999999998e-1
    5.9999999999999998e-1 5.9999999999999998e-1 5.9999999999999998e-1
    5.9999999999999998e-1 5.9999999999999998e-1 5.9999999999999998e-1
    5.9999999999999998e-1 5.9999999999999998e-1 5.9999999999999998e-1
    5.9999999999999998e-1 5.9999999999999998e-1 5.9999999999999998e-1
    5.9999999999999998e-1 5.9999999999999998e-1 5.9999999999999998e-1
    5.9999999999999998e-1 5.9999999999999998e-1 5.9999999999999998e-1
    5.9999999999999998e-1 5.9999999999999998e-1 5.9999999999999998e-1
    5.9999999999999998e-1 5.9999999999999998e-1 5.9999999999999998e-1
    5.9999999999999998e-1 5.9999999999999998e-1 5.9999999999999998e-1
    5.9999999999999998e-1 5.9999999999999998e-1 5.9999999999999998e-1
    5.9999999999999998e-1 5.9999999999999998e-1 5.9999999999999998e-1
    5.9999999999999998e-1 5.9999999999999998e-1 5.9999999999999998e-1
    5.9999999999999998e-1 5.9999999999999998e-1 5.9999999999999998e-1
    5.9999999999999998e-1 5.9999999999999998e-1 5.9999999999999998e-1
    5.9999999999999998e-1 5.9999999999999998e-1 5.9999999999999998e-1
    5.9999999999999998e-1 5.9999999999999998e-1 5.9999999999999998e-1
    5.9999999999999998e-1 5.9999999999999998e-1 5.9999999999999998e-1
    5.9999999999999998e-1 5.9999999999999998e-1 5.9999999999999998e-1
    5.9999999999999998e-1 5.9999999999999998e-1 5.9999999999999998e-1
    5.9999999999999998e-1 5.9999999999999998e-1 5.9999999999999998e-1
    5.9999999999999998e-1 5.9999999999999998e-1 5.9999999999999998e-1
    5.9999999999999998e-1 5.9999999999999998e-1 5.9999999999999998e-1
    5.9999999999999998e-1 5.9999999999999998e-1 5.9999999999999998e-1
    5.9999999999999998e-1 5.9999999999999998e-1 5.9999999999999998e-1
    5.9999999999999998e-1 5.9999999999999998e-1 5.9999999999999998e-1
    5.9999999999999998e-1 5.9999999999999998e-1 5.9999999999999998e-1
    5.9999999999999998e-1 5.9999999999999998e-1 5.9999999999999998e-1
    5.9999999999999998e-1 5.9999999999999998e-1 5.9999999999999998e-1
    5.9999999999999998e-1 5.9999999999999998e-1 5.9999999999999998e-1
    5.9999999999999998e-1 5.9999999999999998e-1 5.9999999999999998e-1
    5.9999999999999998e-1 5.9999999999999998e-1 5.9999999999999998e-1
    5.9999999999999998e-1 5.9999999999999998e-1 5.9999999999999998e-1
    5.9999999999999998e-1 5.9999999999999998e-1 5.9999999999999998e-1
    5.9999999999999998e-1 5.9999999999999998e-1 5.9999999999999998e-1
    5.9999999999999998e-1 5.9999999999999998e-1 5.9999999999999998e-1
    5.9999999999999998e-1 5.9999999999999998e-1 5.9999999999999998e-1
    5.9999999999999998e-1 5.9999999999999998e-1 5.9999999999999998e-1
    5.9999999999999998e-1 5.9999999999999998e-1 5.9999999999999998e-1
    5.9999999999999998e-1 5.9999999999999998e-1 5.9999999999999998e-1
    5.9999999999999998e-1 5.9999999999999998e-1 5.9999999999999998e-1
    5.9999999999999998e-1 5.9999999999999998e-1 5.9999999999999998e-1
    5.9999999999999998e-1 5.9999999999999998e-1 5.9999999999999998e-1
    5.9999999999999998e-1 5.9999999999999998e-1 5.9999999999999998e-1
    5.9999999999999998e-1 5.9999999999999998e-1 5.9999999999999998e-1
    5.9999999999999998e-1 5.9999999999999998e-1 5.9999999999999998e-1
    5.9999999999999998e-1 5.9999999999999998e-1 5.9999999999999998e-1
    5.9999999999999998e-1 5.9999999999999998e-1 5.9999999999999998e-1
    5.9999999999999998e-1 5.9999999999999998e-1 5.9999999999999998e-1
    5.9999999999999998e-1 5.9999999999999998e-1 5.9999999999999998e-1
    5.9999999999999998e-1 5.9999999999999998e-1 5.9999999999999998e-1
    5.9999999999999998e-1 5.9999999999999998e-1 5.9999999999999998e-1
    5.9999999999999998e-1 5.9999999999999998e-1 5.9999999999999998e-1
    5.9999999999999998e-1 5.9999999999999998e-1 5.9999999999999998e-1
    5.9999999999999998e-1 5.9999999999999998e-1 5.9999999999999998e-1
    5.9999999999999998e-1 5.9999999999999998e-1 5.9999999999999998e-1
    5.9999999999999998e-1 5.9999999999999998e-1 5.9999999999999998e-1
    5.9999999999999998e-1 5.9999999999999998e-1 5.9999999999999998e-1
    5.9999999999999998e-1 5.9999999999999998e-1 5.9999999999999998e-1
    5.9999999999999998e-1 5.9999999999999998e-1 5.9999999999999998e-1
    5.9999999999999998e-1 5.9999999999999998e-1 5.9999999999999998e-1
    5.9999999999999998e-1 5.9999999999999998e-1 5.9999999999999998e-1
    5.9999999999999998e-1 5.9999999999999998e-1 5.9999999999999998e-1
    5.9999999999999998e-1 5.9999999999999998e-1 5.9999999999999998e-1
    5.9999999999999998e-1 5.9999999999999998e-1 5.9999999999999998e-1
    5.9999999999999998e-1 5.9999999999999998e-1 5.9999999999999998e-1
    5.9999999999999998e-1 5.9999999999999998e-1 5.9999999999999998e-1
    5.9999999999999998e-1 5.9999999999999998e-1 5.9999999999999998e-1
    5.9999999999999998e-1 5.9999999999999998e-1 5.9999999999999998e-1
    5.9999999999999998e-1 5.9999999999999998e-1 5.9999999999999998e-1
    5.9999999999999998e-1 5.9999999999999998e-1 5.9999999999999998e-1
    5.9999999999999998e-1 5.9999999999999998e-1 5.9999999999999998e-1
    5.9999999999999998e-1 5.9999999999999998e-1 5.9999999999999998e-1
    5.9999999999999998e-1 5.9999999999999998e-1 5.9999999999999998e-1
    5.9999999999999998e-1 5.9999999999999998e-1 5.9999999999999998e-1
    5.9999999999999998e-1 5.9999999999999998e-1 5.9999999999999998e-1
    5.9999999999999998e-1 5.9999999999999998e-1 5.9999999999999998e-1
    5.9999999999999998e-1 5.9999999999999998e-1 5.9999999999999998e-1
    5.9999999999999998e-1 5.9999999999999998e-1 5.9999999999999998e-1
    5.9999999999999998e-1 5.9999999999999998e-1 5.9999999999999998e-1
    5.9999999999999998e-1 5.9999999999999998e-1 5.9999999999999998e-1
    5.9999999999999998e-1 5.9999999999999998e-1 5.9999999999999998e-1
    5.9999999999999998e-1 5.9999999999999998e-1 5.9999999999999998e-1
    5.9999999999999998e-1 5.9999999999999998e-1 5.9999999999999998e-1
    5.9999999999999998e-1 5.9999999999999998e-1 5.9999999999999998e-1
    5.9999999999999998e-1 5.9999999999999998e-1 5.9999999999999998e-1
    5.9999999999999998e-1 5.9999999999999998e-1 5.9999999999999998e-1
    5.9999999999999998e-1 5.9999999999999998e-1 5.9999999999999998e-1
    5.9999999999999998e-1 5.9999999999999998e-1 5.9999999999999998e-1
    5.9999999999999998e-1 5.9999999999999998e-1 5.9999999999999998e-1
    5.9999999999999998e-1 5.9999999999999998e-1 5.9999999999999998e-1
    5.9999999999999998e-1 5.9999999999999998e-1 5.9999999999999998e-1
    6.9999999999999996e-1 6.9999999999999996e-1 6.9999999999999996e-1
    6.9999999999999996e-1 6.9999999999999996e-1 6.9999999999999996e-1
    6.9999999999999996e-1 6.9999999999999996e-1 6.9999999999999996e-1
    6.9999999999999996e-1 6.9999999999999996e-1 6.9999999999999996e-1
    6.9999999999999996e-1 6.9999999999999996e-1 6.9999999999999996e-1
    6.9999999999999996e-1 6.9999999999999996e-1 6.9999999999999996e-1
    6.9999999999999996e-1 6.9999999999999996e-1 6.9999999999999996e-1
    6.9999999999999996e-1 6.9999999999999996e-1 6.9999999999999996e-1
    6.9999999999999996e-1 6.9999999999999996e-1 6.9999999999999996e-1
    6.9999999999999996e-1 6.9999999999999996e-1 6.9999999999999996e-1
    6.9999999999999996e-1 6.9999999999999996e-1 6.9999999999999996e-1
    6.9999999999999996e-1 6.9999999999999996e-1 6.9999999999999996e-1
    6.9999999999999996e-1 6.9999999999999996e-1 6.9999999999999996e-1
    6.9999999999999996e-1 6.9999999999999996e-1 6.9999999999999996e-1
    6.9999999999999996e-1 6.9999999999999996e-1 6.9999999999999996e-1
    6.9999999999999996e-1 6.9999999999999996e-1 6.9999999999999996e-1
    6.9999999999999996e-1 6.9999999999999996e-1 6.9999999999999996e-1
    6.9999999999999996e-1 6.9999999999999996e-1 6.9999999999999996e-1
    6.9999999999999996e-1 6.9999999999999996e-1 6.9999999999999996e-1
    6.9999999999999996e-1 6.9999999999999996e-1 6.9999999999999996e-1
    6.9999999999999996e-1 6.9999999999999996e-1 6.9999999999999996e-1
    6.9999999999999996e-1 6.9999999999999996e-1 6.9999999999999996e-1
    6.9999999999999996e-1 6.9999999999999996e-1 6.9999999999999996e-1
    6.9999999999999996e-1 6.9999999999999996e-1 6.9999999999999996e-1
    6.9999999999999996e-1 6.9999999999999996e-1 6.9999999999999996e-1
    6.9999999999999996e-1 6.9999999999999996e-1 6.9999999999999996e-1
    6.9999999999999996e-1 6.9999999999999996e-1 6.9999999999999996e-1
    6.9999999999999996e-1 6.9999999999999996e-1 6.9999999999999996e-1
    6.9999999999999996e-1 6.9999999999999996e-1 6.9999999999999996e-1
    6.9999999999999996e-1 6.9999999999999996e-1 6.9999999999999996e-1
    6.9999999999999996e-1 6.9999999999999996e-1 6.9999999999999996e-1
    6.9999999999999996e-1 6.9999999999999996e-1 6.9999999999999996e-1
    6.9999999999999996e-1 6.9999999999999996e-1 6.9999999999999996e-1
    6.9999999999999996e-1 6.9999999999999996e-1 6.9999999999999996e-1
    6.9999999999999996e-1 6.9999999999999996e-1 6.9999999999999996e-1
    6.9999999999999996e-1 6.9999999999999996e-1 6.9999999999999996e-1
    6.9999999999999996e-1 6.9999999999999996e-1 6.9999999999999996e-1
    6.9999999999999996e-1 6.9999999999999996e-1 6.9999999999999996e-1
    6.9999999999999996e-1 6.9999999999999996e-1 6.9999999999999996e-1
    6.9999999999999996e-1 6.9999999999999996e-1 6.9999999999999996e-1
    6.9999999999999996e-1 6.9999999999999996e-1 6.9999999999999996e-1
    6.9999999999999996e-1 6.9999999999999996e-1 6.9999999999999996e-1
    6.9999999999999996e-1 6.9999999999999996e-1 6.9999999999999996e-1
    6.9999999999999996e-1 6.9999999999999996e-1 6.9999999999999996e-1
    6.9999999999999996e-1 6.9999999999999996e-1 6.9999999999999996e-1
    6.9999999999999996e-1 6.9999999999999996e-1 6.9999999999999996e-1
    6.9999999999999996e-1 6.9999999999999996e-1 6.9999999999999996e-1
    6.9999999999999996e-1 6.9999999999999996e-1 6.9999999999999996e-1
    6.9999999999999996e-1 6.9999999999999996e-1 6.9999999999999996e-1
    6.9999999999999996e-1 6.9999999999999996e-1 6.9999999999999996e-1
    6.9999999999999996e-1 6.9999999999999996e-1 6.9999999999999996e-1
    6.9999999999999996e-1 6.9999999999999996e-1 6.9999999999999996e-1
    6.9999999999999996e-1 6.9999999999999996e-1 6.9999999999999996e-1
    6.9999999999999996e-1 6.9999999999999996e-1 6.9999999999999996e-1
    6.9999999999999996e-1 6.9999999999999996e-1 6.9999999999999996e-1
    6.9999999999999996e-1 6.9999999999999996e-1 6.9999999999999996e-1
    6.9999999999999996e-1 6.9999999999999996e-1 6.9999999999999996e-1
    6.9999999999999996e-1 6.9999999999999996e-1 6.9999999999999996e-1
    6.9999999999999996e-1 6.9999999999999996e-1 6.9999999999999996e-1
    6.9999999999999996e-1 6.9999999999999996e-1 6.9999999999999996e-1
    6.9999999999999996e-1 6.9999999999999996e-1 6.9999999999999996e-1
    6.9999999999999996e-1 6.9999999999999996e-1 6.9999999999999996e-1
    6.9999999999999996e-1 6.9999999999999996e-1 6.9999999999999996e-1
    6.9999999999999996e-1 6.9999999999999996e-1 6.9999999999999996e-1
    6.9999999999999996e-1 6.9999999999999996e-1 6.9999999999999996e-1
    6.9999999999999996e-1 6.9999999999999996e-1 6.9999999999999996e-1
    6.9999999999999996e-1 6.9999999999999996e-1 6.9999999999999996e-1
    6.9999999999999996e-1 6.9999999999999996e-1 6.9999999999999996e-1
    6.9999999999999996e-1 6.9999999999999996e-1 6.9999999999999996e-1
    6.9999999999999996e-1 6.9999999999999996e-1 6.9999999999999996e-1
    6.9999999999999996e-1 6.9999999999999996e-1 6.9999999999999996e-1
    6.9999999999999996e-1 6.9999999999999996e-1 6.9999999999999996e-1
    6.9999999999999996e-1 6.9999999999999996e-1 6.9999999999999996e-1
    6.9999999999999996e-1 6.9999999999999996e-1 6.9999999999999996e-1
    6.9999999999999996e-1 6.9999999999999996e-1 6.9999999999999996e-1
    6.9999999999999996e-1 6.9999999999999996e-1 6.9999999999999996e-1
    6.9999999999999996e-1 6.9999999999999996e-1 6.9999999999999996e-1
    6.9999999999999996e-1 6.9999999999999996e-1 6.9999999999999996e-1
    6.9999999999999996e-1 6.9999999999999996e-1 6.9999999999999996e-1
    6.9999999999999996e-1 6.9999999999999996e-1 6.9999999999999996e-1
    6.9999999999999996e-1 6.9999999999999996e-1 6.9999999999999996e-1
    6.9999999999999996e-1 6.9999999999999996e-1 6.9999999999999996e-1
    6.9999999999999996e-1 6.9999999999999996e-1 6.9999999999999996e-1
    6.9999999999999996e-1 6.9999999999999996e-1 6.9999999999999996e-1
    6.9999999999999996e-1 6.9999999999999996e-1 6.9999999999999996e-1
    6.9999999999999996e-1 6.9999999999999996e-1 6.9999999999999996e-1
    6.9999999999999996e-1 6.9999999999999996e-1 6.9999999999999996e-1
    6.9999999999999996e-1 6.9999999999999996e-1 6.9999999999999996e-1
    6.9999999999999996e-1 6.9999999999999996e-1 6.9999999999999996e-1
    6.9999999999999996e-1 6.9999999999999996e-1 6.9999999999999996e-1
    6.9999999999999996e-1 6.9999999999999996e-1 6.9999999999999996e-1
    6.9999999999999996e-1 6.9999999999999996e-1 6.9999999999999996e-1
    6.9999999999999996e-1 6.9999999999999996e-1 6.9999999999999996e-1
    6.9999999999999996e-1 6.9999999999999996e-1 6.9999999999999996e-1
    6.9999999999999996e-1 6.9999999999999996e-1 6.9999999999999996e-1
    6.9999999999999996e-1 6.9999999999999996e-1 6.9999999999999996e-1
    6.9999999999999996e-1 6.9999999999999996e-1 6.9999999999999996e-1
    6.9999999999999996e-1 6.9999999999999996e-1 6.9999999999999996e-1
    6.9999999999999996e-1 6.9999999999999996e-1 6.9999999999999996e-1
    6.9999999999999996e-1 6.9999999999999996e-1 6.9999999999999996e-1
    6.9999999999999996e-1 6.9999999999999996e-1 6.9999999999999996e-1
    6.9999999999999996e-1 6.9999999999999996e-1 6.9999999999999996e-1
    6.9999999999999996e-1 6.9999999999999996e-1 6.9999999999999996e-1
    6.9999999999999996e-1 6.9999999999999996e-1 6.9999999999999996e-1
    6.9999999999999996e-1 6.9999999999999996e-1 6.9999999999999996e-1
    6.9999999999999996e-1 6.9999999999999996e-1 6.9999999999999996e-1
    6.9999999999999996e-1 6.9999999999999996e-1 6.9999999999999996e-1
    6.9999999999999996e-1 6.9999999999999996e-1 6.9999999999999996e-1
    6.9999999999999996e-1 6.9999999999999996e-1 6.9999999999999996e-1
    6.9999999999999996e-1 6.9999999999999996e-1 6.9999999999999996e-1
    6.9999999999999996e-1 6.9999999999999996e-1 6.9999999999999996e-1
    6.9999999999999996e-1 6.9999999999999996e-1 6.9999999999999996e-1
    6.9999999999999996e-1 6.9999999999999996e-1 6.9999999999999996e-1
    6.9999999999999996e-1 6.9999999999999996e-1 6.9999999999999996e-1
    6.9999999999999996e-1 6.9999999999999996e-1 6.9999999999999996e-1
    6.9999999999999996e-1 6.9999999999999996e-1 6.9999999999999996e-1
    6.9999999999999996e-1 6.9999999999999996e-1 6.9999999999999996e-1
    6.9999999999999996e-1 6.9999999999999996e-1 6.9999999999999996e-1
    6.9999999999999996e-1 6.9999999999999996e-1 6.9999999999999996e-1
    6.9999999999999996e-1 6.9999999999999996e-1 6.9999999999999996e-1
    6.9999999999999996e-1 6.9999999999999996e-1 6.9999999999999996e-1
    6.9999999999999996e-1 6.9999999999999996e-1 6.9999999999999996e-1
    6.9999999999999996e-1 6.9999999999999996e-1 6.9999999999999996e-1
    6.9999999999999996e-1 6.9999999999999996e-1 6.9999999999999996e-1
    6.9999999999999996e-1 6.9999999999999996e-1 6.9999999999999996e-1
    6.9999999999999996e-1 6.9999999999999996e-1 6.9999999999999996e-1
    6.9999999999999996e-1 6.9999999999999996e-1 6.9999999999999996e-1
    6.9999999999999996e-1 6.9999999999999996e-1 6.9999999999999996e-1
    6.9999999999999996e-1 6.9999999999999996e-1 6.9999999999999996e-1
    6.9999999999999996e-1 6.9999999999999996e-1 6.9999999999999996e-1
    6.9999999999999996e-1 6.9999999999999996e-1 6.9999999999999996e-1
    6.9999999999999996e-1 6.9999999999999996e-1 6.9999999999999996e-1
    6.9999999999999996e-1 6.9999999999999996e-1 6.9999999999999996e-1
    6.9999999999999996e-1 6.9999999999999996e-1 6.9999999999999996e-1
    6.9999999999999996e-1 6.9999999999999996e-1 6.9999999999999996e-1
    6.9999999999999996e-1 6.9999999999999996e-1 6.9999999999999996e-1
    6.9999999999999996e-1 6.9999999999999996e-1 6.9999999999999996e-1
    6.9999999999999996e-1 6.9999999999999996e-1 6.9999999999999996e-1
    6.9999999999999996e-1 6.9999999999999996e-1 8.0000000000000004e-1
    8.0000000000000004e-1 8.0000000000000004e-1 8.0000000000000004e-1
    8.0000000000000004e-1 8.0000000000000004e-1 8.0000000000000004e-1
    8.0000000000000004e-1 8.0000000000000004e-1 8.0000000000000004e-1
    8.0000000000000004e-1 8.0000000000000004e-1 8.0000000000000004e-1
    8.0000000000000004e-1 8.0000000000000004e-1 8.0000000000000004e-1
    8.0000000000000004e-1 8.0000000000000004e-1 8.0000000000000004e-1
    8.0000000000000004e-1 8.0000000000000004e-1 8.0000000000000004e-1
    8.0000000000000004e-1 8.0000000000000004e-1 8.0000000000000004e-1
    8.0000000000000004e-1 8.0000000000000004e-1 8.0000000000000004e-1
    8.0000000000000004e-1 8.0000000000000004e-1 8.0000000000000004e-1
    8.0000000000000004e-1 8.0000000000000004e-1 8.0000000000000004e-1
    8.0000000000000004e-1 8.0000000000000004e-1 8.0000000000000004e-1
    8.0000000000000004e-1 8.0000000000000004e-1 8.0000000000000004e-1
    8.0000000000000004e-1 8.0000000000000004e-1 8.0000000000000004e-1
    8.0000000000000004e-1 8.0000000000000004e-1 8.0000000000000004e-1
    8.0000000000000004e-1 8.0000000000000004e-1 8.0000000000000004e-1
    8.0000000000000004e-1 8.0000000000000004e-1 8.0000000000000004e-1
    8.0000000000000004e-1 8.0000000000000004e-1 8.0000000000000004e-1
    8.0000000000000004e-1 8.0000000000000004e-1 8.0000000000000004e-1
    8.0000000000000004e-1 8.0000000000000004e-1 8.0000000000000004e-1
    8.0000000000000004e-1 8.0000000000000004e-1 8.0000000000000004e-1
    8.0000000000000004e-1 8.0000000000000004e-1 8.0000000000000004e-1
    8.0000000000000004e-1 8.0000000000000004e-1 8.0000000000000004e-1
    8.0000000000000004e-1 8.0000000000000004e-1 8.0000000000000004e-1
    8.0000000000000004e-1 8.0000000000000004e-1 8.0000000000000004e-1
    8.0000000000000004e-1 8.0000000000000004e-1 8.0000000000000004e-1
    8.0000000000000004e-1 8.0000000000000004e-1 8.0000000000000004e-1
    8.0000000000000004e-1 8.0000000000000004e-1 8.0000000000000004e-1
    8.0000000000000004e-1 8.0000000000000004e-1 8.0000000000000004e-1
    8.0000000000000004e-1 8.0000000000000004e-1 8.0000000000000004e-1
    8.0000000000000004e-1 8.0000000000000004e-1 8.0000000000000004e-1
    8.0000000000000004e-1 8.0000000000000004e-1 8.0000000000000004e-1
    8.0000000000000004e-1 8.0000000000000004e-1 8.0000000000000004e-1
    8.0000000000000004e-1 8.0000000000000004e-1 8.0000000000000004e-1
    8.0000000000000004e-1 8.0000000000000004e-1 8.0000000000000004e-1
    8.0000000000000004e-1 8.0000000000000004e-1 8.0000000000000004e-1
    8.0000000000000004e-1 8.0000000000000004e-1 8.0000000000000004e-1
    8.0000000000000004e-1 8.0000000000000004e-1 8.0000000000000004e-1
    8.0000000000000004e-1 8.0000000000000004e-1 8.0000000000000004e-1
    8.0000000000000004e-1 8.0000000000000004e-1 8.0000000000000004e-1
    8.0000000000000004e-1 8.0000000000000004e-1 8.0000000000000004e-1
    8.0000000000000004e-1 8.0000000000000004e-1 8.0000000000000004e-1
    8.0000000000000004e-1 8.0000000000000004e-1 8.0000000000000004e-1
    8.0000000000000004e-1 8.0000000000000004e-1 8.0000000000000004e-1
    8.0000000000000004e-1 8.0000000000000004e-1 8.0000000000000004e-1
    8.0000000000000004e-1 8.0000000000000004e-1 8.0000000000000004e-1
    8.0000000000000004e-1 8.0000000000000004e-1 8.0000000000000004e-1
    8.0000000000000004e-1 8.0000000000000004e-1 8.0000000000000004e-1
    8.0000000000000004e-1 8.0000000000000004e-1 8.0000000000000004e-1
    8.0000000000000004e-1 8.0000000000000004e-1 8.0000000000000004e-1
    8.0000000000000004e-1 8.0000000000000004e-1 8.0000000000000004e-1
    8.0000000000000004e-1 8.0000000000000004e-1 8.0000000000000004e-1
    8.0000000000000004e-1 8.0000000000000004e-1 8.0000000000000004e-1
    8.0000000000000004e-1 8.0000000000000004e-1 8.0000000000000004e-1
    8.0000000000000004e-1 8.0000000000000004e-1 8.0000000000000004e-1
    8.0000000000000004e-1 8.0000000000000004e-1 8.0000000000000004e-1
    8.0000000000000004e-1 8.0000000000000004e-1 8.0000000000000004e-1
    8.0000000000000004e-1 8.0000000000000004e-1 8.0000000000000004e-1
    8.0000000000000004e-1 8.0000000000000004e-1 8.0000000000000004e-1
    8.0000000000000004e-1 8.0000000000000004e-1 8.0000000000000004e-1
    8.0000000000000004e-1 8.0000000000000004e-1 8.0000000000000004e-1
    8.0000000000000004e-1 8.0000000000000004e-1 8.0000000000000004e-1
    8.0000000000000004e-1 8.0000000000000004e-1 8.0000000000000004e-1
    8.0000000000000004e-1 8.0000000000000004e-1 8.0000000000000004e-1
    8.0000000000000004e-1 8.0000000000000004e-1 8.0000000000000004e-1
    8.0000000000000004e-1 8.0000000000000004e-1 8.0000000000000004e-1
    8.0000000000000004e-1 8.0000000000000004e-1 8.0000000000000004e-1
    8.0000000000000004e-1 8.0000000000000004e-1 8.0000000000000004e-1
    8.0000000000000004e-1 8.0000000000000004e-1 8.0000000000000004e-1
    8.0000000000000004e-1 8.0000000000000004e-1 8.0000000000000004e-1
    8.0000000000000004e-1 8.0000000000000004e-1 8.0000000000000004e-1
    8.0000000000000004e-1 8.0000000000000004e-1 8.0000000000000004e-1
    8.0000000000000004e-1 8.0000000000000004e-1 8.0000000000000004e-1
    8.0000000000000004e-1 8.0000000000000004e-1 8.0000000000000004e-1
    8.0000000000000004e-1 8.0000000000000004e-1 8.0000000000000004e-1
    8.0000000000000004e-1 8.0000000000000004e-1 8.0000000000000004e-1
    8.0000000000000004e-1 8.0000000000000004e-1 8.0000000000000004e-1
    8.0000000000000004e-1 8.0000000000000004e-1 8.0000000000000004e-1
    8.0000000000000004e-1 8.0000000000000004e-1 8.0000000000000004e-1
    8.0000000000000004e-1 8.0000000000000004e-1 8.0000000000000004e-1
    8.0000000000000004e-1 8.0000000000000004e-1 8.0000000000000004e-1
    8.0000000000000004e-1 8.0000000000000004e-1 8.0000000000000004e-1
    8.0000000000000004e-1 8.0000000000000004e-1 8.0000000000000004e-1
    8.0000000000000004e-1 8.0000000000000004e-1 8.0000000000000004e-1
    8.0000000000000004e-1 8.0000000000000004e-1 8.0000000000000004e-1
    8.0000000000000004e-1 8.0000000000000004e-1 8.0000000000000004e-1
    8.0000000000000004e-1 8.0000000000000004e-1 8.0000000000000004e-1
    8.0000000000000004e-1 8.0000000000000004e-1 8.0000000000000004e-1
    8.0000000000000004e-1 8.0000000000000004e-1 8.0000000000000004e-1
    8.0000000000000004e-1 8.0000000000000004e-1 8.0000000000000004e-1
    8.0000000000000004e-1 8.0000000000000004e-1 8.0000000000000004e-1
    8.0000000000000004e-1 8.0000000000000004e-1 8.0000000000000004e-1
    8.0000000000000004e-1 8.0000000000000004e-1 8.0000000000000004e-1
    8.0000000000000004e-1 8.0000000000000004e-1 8.0000000000000004e-1
    8.0000000000000004e-1 8.0000000000000004e-1 8.0000000000000004e-1
    8.0000000000000004e-1 8.0000000000000004e-1 8.0000000000000004e-1
    8.0000000000000004e-1 8.0000000000000004e-1 8.0000000000000004e-1
    8.0000000000000004e-1 8.0000000000000004e-1 8.0000000000000004e-1
    8.0000000000000004e-1 8.0000000000000004e-1 8.0000000000000004e-1
    8.0000000000000004e-1 8.0000000000000004e-1 8.0000000000000004e-1
    8.0000000000000004e-1 8.0000000000000004e-1 8.0000000000000004e-1
    8.0000000000000004e-1 8.0000000000000004e-1 8.0000000000000004e-1
    8.0000000000000004e-1 8.0000000000000004e-1 8.0000000000000004e-1
    8.0000000000000004e-1 8.0000000000000004e-1 8.0000000000000004e-1
    8.0000000000000004e-1 8.0000000000000004e-1 8.0000000000000004e-1
    8.0000000000000004e-1 8.0000000000000004e-1 8.0000000000000004e-1
    8.0000000000000004e-1 8.0000000000000004e-1 8.0000000000000004e-1
    8.0000000000000004e-1 8.0000000000000004e-1 8.0000000000000004e-1
    8.0000000000000004e-1 8.0000000000000004e-1 8.0000000000000004e-1
    8.0000000000000004e-1 8.0000000000000004e-1 8.0000000000000004e-1
    8.0000000000000004e-1 8.0000000000000004e-1 8.0000000000000004e-1
    8.0000000000000004e-1 8.0000000000000004e-1 8.0000000000000004e-1
    8.0000000000000004e-1 8.0000000000000004e-1 8.0000000000000004e-1
    8.0000000000000004e-1 8.0000000000000004e-1 8.0000000000000004e-1
    8.0000000000000004e-1 8.0000000000000004e-1 8.0000000000000004e-1
    8.0000000000000004e-1 8.0000000000000004e-1 8.0000000000000004e-1
    8.0000000000000004e-1 8.0000000000000004e-1 8.0000000000000004e-1
    8.0000000000000004e-1 8.0000000000000004e-1 8.0000000000000004e-1
    8.0000000000000004e-1 8.0000000000000004e-1 8.0000000000000004e-1
    8.0000000000000004e-1 8.0000000000000004e-1 8.0000000000000004e-1
    8.0000000000000004e-1 8.0000000000000004e-1 8.0000000000000004e-1
    8.0000000000000004e-1 8.0000000000000004e-1 8.0000000000000004e-1
    8.0000000000000004e-1 8.0000000000000004e-1 8.0000000000000004e-1
    8.0000000000000004e-1 8.0000000000000004e-1 8.0000000000000004e-1
    8.0000000000000004e-1 8.0000000000000004e-1 8.0000000000000004e-1
    8.0000000000000004e-1 8.0000000000000004e-1 8.0000000000000004e-1
    8.0000000000000004e-1 8.0000000000000004e-1 8.0000000000000004e-1
    8.0000000000000004e-1 8.0000000000000004e-1 8.0000000000000004e-1
    8.0000000000000004e-1 8.0000000000000004e-1 8.0000000000000004e-1
    8.0000000000000004e-1 8.0000000000000004e-1 8.0000000000000004e-1
    8.0000000000000004e-1 8.0000000000000004e-1 8.0000000000000004e-1
    8.0000000000000004e-1 8.0000000000000004e-1 8.0000000000000004e-1
    8.0000000000000004e-1 8.0000000000000004e-1 8.0000000000000004e-1
    8.0000000000000004e-1 8.0000000000000004e-1 8.0000000000000004e-1
    8.0000000000000004e-1 8.0000000000000004e-1 9.0000000000000002e-1
    9.0000000000000002e-1 9.0000000000000002e-1 9.0000000000000002e-1
    9.0000000000000002e-1 9.0000000000000002e-1 9.0000000000000002e-1
    9.0000000000000002e-1 9.0000000000000002e-1 9.0000000000000002e-1
    9.0000000000000002e-1 9.0000000000000002e-1 9.0000000000000002e-1
    9.0000000000000002e-1 9.0000000000000002e-1 9.0000000000000002e-1
    9.0000000000000002e-1 9.0000000000000002e-1 9.0000000000000002e-1
    9.0000000000000002e-1 9.0000000000000002e-1 9.0000000000000002e-1
    9.0000000000000002e-1 9.0000000000000002e-1 9.0000000000000002e-1
    9.0000000000000002e-1 9.0000000000000002e-1 9.0000000000000002e-1
    9.0000000000000002e-1 9.0000000000000002e-1 9.0000000000000002e-1
    9.0000000000000002e-1 9.0000000000000002e-1 9.0000000000000002e-1
    9.0000000000000002e-1 9.0000000000000002e-1 9.0000000000000002e-1
    9.0000000000000002e-1 9.0000000000000002e-1 9.0000000000000002e-1
    9.0000000000000002e-1 9.0000000000000002e-1 9.0000000000000002e-1
    9.0000000000000002e-1 9.0000000000000002e-1 9.0000000000000002e-1
    9.0000000000000002e-1 9.0000000000000002e-1 9.0000000000000002e-1
    9.0000000000000002e-1 9.0000000000000002e-1 9.0000000000000002e-1
    9.0000000000000002e-1 9.0000000000000002e-1 9.0000000000000002e-1
    9.0000000000000002e-1 9.0000000000000002e-1 9.0000000000000002e-1
    9.0000000000000002e-1 9.0000000000000002e-1 9.0000000000000002e-1
    9.0000000000000002e-1 9.0000000000000002e-1 9.0000000000000002e-1
    9.0000000000000002e-1 9.0000000000000002e-1 9.0000000000000002e-1
    9.0000000000000002e-1 9.0000000000000002e-1 9.0000000000000002e-1
    9.0000000000000002e-1 9.0000000000000002e-1 9.0000000000000002e-1
    9.0000000000000002e-1 9.0000000000000002e-1 9.0000000000000002e-1
    9.0000000000000002e-1 9.0000000000000002e-1 9.0000000000000002e-1
    9.0000000000000002e-1 9.0000000000000002e-1 9.0000000000000002e-1
    9.0000000000000002e-1 9.0000000000000002e-1 9.0000000000000002e-1
    9.0000000000000002e-1 9.0000000000000002e-1 9.0000000000000002e-1
    9.0000000000000002e-1 9.0000000000000002e-1 9.0000000000000002e-1
    9.0000000000000002e-1 9.0000000000000002e-1 9.0000000000000002e-1
    9.0000000000000002e-1 9.0000000000000002e-1 9.0000000000000002e-1 1.0 1.0
    1.0 1.0 1.0 1.0 1.0 1.0 1.0 1.0 1.0 1.0 1.0 1.0 1.0 1.0 1.0 1.0 1.0 1.0 1.0
    1.0 1.0 1.0 1.0 1.0 1.0 1.0 1.0 1.0 1.0 1.0 1.0 1.0 1.0 1.0 1.0 1.0 1.0 1.0
    1.0 1.0 1.0 1.0 1.0 1.0 1.0 1.0 1.0 1.0 1.0 1.0 1.0 1.0 1.0 1.0 1.0 1.0 1.0
    1.0 1.0 1.0 1.0 1.0 1.0 1.0 1.0 1.0 1.0 1.0 1.0 1.0 1.0 1.0 1.0 1.0 1.0 1.0
    1.0 1.0 1.0 1.0 1.0 1.0 1.0 1.0 1.0 1.0 1.0 1.0 1.0 1.0 1.0 1.0 1.0 1.0 1.0
    1.0 1.0 1.0 1.0 1.0 1.0 1.0 1.0 1.0 1.0 1.0 1.0 1.0 1.0 1.0 1.0 1.0 1.0 1.0
    1.0 1.0 1.0 1.0 1.0 1.0 1.0 1.0 1.0 1.0 1.0 1.0 1.0 1.0 1.0 1.0 1.0 1.0 1.0
    1.0 1.0 1.0 1.0 1.0 1.0 1.0 1.0 1.0 1.0 1.0 1.0 1.0 1.0 1.0 1.0 1.0 1.0 1.0
    1.0 1.0 1.0 1.0 1.0 1.0 1.0 1.0 1.0 1.0 1.0 1.0 1.0 1.0 1.0 1.0 1.0 1.0 1.0
    1.0 1.0 1.0 1.0 1.0 1.0 1.0 1.0 1.0 1.0 1.0 1.0 1.0 1.0 1.0 1.0 1.0 1.0 1.0
    1.0 1.0 1.0 1.0 1.0 1.0 1.0 1.0 1.0 1.0 1.0 1.0 1.0 1.0 1.0 1.0 1.0 1.0 1.0
    1.0 1.0 1.0 1.0 1.0 1.0 1.0 1.0 1.0 1.0 1.0 1.0 1.0 1.0 1.0 1.0 1.0 1.0 1.0
    1.0 1.0 1.0 1.0 1.0 1.0 1.0 1.0 1.0 1.0 1.0 1.0 1.0 1.0 1.0 1.0 1.0 1.0 1.0
    1.0 1.0 1.0 1.0 1.0 1.0 1.0 1.0 1.0 1.0 1.0 1.0 1.0 1.0 1.0 1.0 1.0 1.0 1.0
    1.0 1.0 1.0 1.0 1.0 1.0 1.0 1.0 1.0 1.0 1.0 1.0 1.0 1.0 1.0 1.0 1.0 1.0 1.0
    1.0 1.0 1.0 1.0 1.0 1.0 1.0 1.0 1.0 1.0 1.0 1.0 1.0 1.0 1.0 1.0 1.0 1.0 1.0
    1.0 1.0 1.0 1.0 1.0 1.0 1.0 1.0 1.0 1.0 1.0 1.0 1.0 1.0 1.0 1.0 1.0 1.0 1.0
    1.0 1.0 1.0 1.0 1.0 1.0 1.0 1.0 1.0 1.0 1.0 1.0 1.0 1.0 1.0 1.0 1.0 1.0 1.0
    1.0 1.0 1.0 1.0 1.0 1.0 1.0 1.0 1.0 1.0 1.0 1.0 1.0 1.0 1.0 1.0 1.0 1.0 1.0
    1.0 1.0 1.0 1.0 1.0 1.0 1.0 1.0 1.0 1.0 1.0 1.0 1.0 1.0 1.0 1.0 1.0 1.0 1.0
    1.0 1.0 1.0 1.0 1.0 1.0 1.0 1.0 1.0 1.0 1.0 1.0 1.0 1.0 1.0 1.0 1.0 1.0 1.0
    1.0 1.0 1.0 1.0 1.0 1.0 1.0 1.0 1.0 1.0 1.0 1.0 1.1000000000000001
    1.1000000000000001 1.1000000000000001 1.1000000000000001 1.1000000000000001
    1.1000000000000001 1.1000000000000001 1.1000000000000001 1.1000000000000001
    1.1000000000000001 1.1000000000000001 1.1000000000000001 1.1000000000000001
    1.1000000000000001 1.1000000000000001 1.1000000000000001 1.1000000000000001
    1.1000000000000001 1.1000000000000001 1.2 1.2 1.2 1.2 1.2 1.2 1.2 1.2 1.2
    1.2 1.2 1.2 1.2 1.2 1.2 1.2 1.2 1.2 1.2 1.2 1.2 1.2 1.2 1.2 1.2 1.2 1.2 1.2
    1.2 1.2 1.2 1.2 1.2 1.2 1.2 1.2 1.2 1.2 1.2 1.2 1.2 1.2 1.2 1.2 1.2 1.2 1.2
    1.2 1.2 1.2 1.2 1.2 1.2 1.2 1.2 1.2 1.2 1.2 1.2 1.2 1.2 1.2 1.2 1.2 1.2 1.2
    1.2 1.2 1.2 1.2 1.2 1.2 1.2 1.2 1.2 1.2 1.2 1.2 1.2 1.2 1.2 1.2 1.2 1.2 1.2
    1.2 1.2 1.2 1.2 1.2 1.2 1.2 1.2 1.2 1.2 1.2 1.2 1.2 1.2 1.2 1.2 1.2 1.2 1.2
    1.2 1.2 1.2 1.2 1.2 1.2 1.2 1.2 1.2 1.2 1.2 1.2 1.2 1.2 1.2 1.2 1.2 1.2 1.2
    1.2 1.2 1.2 1.2 1.2 1.2 1.2 1.2 1.2 1.2 1.2 1.2 1.2 1.2 1.2 1.2 1.2 1.2 1.2
    1.2 1.2 1.2 1.2 1.2 1.2 1.2 1.2 1.2 1.2 1.2 1.2 1.2 1.2 1.2 1.2 1.2 1.2 1.2
    1.2 1.2 1.2 1.2 1.2 1.2 1.2 1.2 1.2 1.2 1.2 1.2 1.2 1.2 1.2 1.2 1.2 1.2 1.2
    1.2 1.2 1.2 1.2 1.2 1.2 1.2 1.2 1.2 1.2 1.2 1.2 1.2 1.2 1.2 1.2 1.2 1.2 1.2
    1.2 1.2 1.2 1.2 1.2 1.2 1.2 1.2 1.2 1.2 1.2 1.2 1.2 1.2 1.2 1.2 1.2 1.2 1.2
    1.2 1.2 1.2 1.2 1.2 1.2 1.2 1.2 1.2 1.2 1.2 1.2 1.2 1.2 1.2 1.2 1.2 1.2 1.2
    1.2 1.2 1.2 1.2 1.2 1.2 1.2 1.2 1.2 1.2 1.2 1.2 1.2 1.2 1.2 1.2 1.2 1.2 1.2
    1.2 1.2 1.2 1.2 1.2 1.2 1.2 1.2 1.2 1.2 1.2 1.2 1.2 1.2 1.2 1.2 1.2 1.2 1.2
    1.2 1.2 1.2 1.2 1.2 1.2 1.2 1.2 1.2 1.2 1.2 1.2 1.2 1.2 1.2 1.2 1.2 1.2 1.2
    1.2 1.2 1.2 1.2 1.2 1.2 1.2 1.2 1.2 1.2 1.2 1.2 1.2 1.2 1.2 1.2 1.2 1.2 1.2
    1.2 1.2 1.2 1.2 1.2 1.2 1.2 1.2 1.2 1.2 1.2 1.2 1.2 1.2 1.2 1.2 1.2 1.2 1.2
    1.2 1.2 1.2 1.2 1.2 1.2 1.2 1.2 1.2 1.2 1.2 1.2 1.2 1.2 1.2 1.2 1.2 1.2 1.2
    1.2 1.2 1.2 1.3 1.3 1.3 1.3 1.3 1.3 1.3 1.3 1.3 1.3 1.3 1.3 1.3 1.3 1.3 1.3
    1.3 1.3 1.3999999999999999 1.3999999999999999 1.3999999999999999
    1.3999999999999999 1.3999999999999999 1.3999999999999999 1.3999999999999999
    1.3999999999999999 1.3999999999999999 1.3999999999999999 1.3999999999999999
    1.3999999999999999 1.3999999999999999 1.3999999999999999 1.3999999999999999
    1.3999999999999999 1.3999999999999999 1.3999999999999999 1.3999999999999999
    1.3999999999999999 1.3999999999999999 1.3999999999999999 1.3999999999999999
    1.3999999999999999 1.3999999999999999 1.3999999999999999 1.3999999999999999
    1.3999999999999999 1.3999999999999999 1.3999999999999999 1.3999999999999999
    1.5 1.5 1.5 1.5 1.5 1.5 1.5 1.5 1.5 1.5 1.5 1.5 1.5 1.5 1.5 1.5 1.5 1.5 1.5
    1.5 1.5 1.5 1.5 1.5 1.5 1.5 1.5 1.5 1.5 1.5 1.5 1.5 1.5 1.5 1.5 1.5 1.5 1.5
    1.5 1.5 1.5 1.5 1.5 1.5 1.5 1.5 1.5 1.5 1.5 1.5 1.5 1.5 1.5 1.5 1.5 1.5 1.5
    1.5 1.5 1.5 1.5 1.5 1.5 1.5 1.5 1.5 1.5 1.5 1.5 1.5 1.5 1.5 1.5 1.5 1.5 1.5
    1.5 1.5 1.5 1.5 1.5 1.5 1.5 1.5 1.5 1.5 1.5 1.5 1.5 1.5 1.5 1.5 1.5 1.5 1.5
    1.5 1.5 1.5 1.5 1.5 1.5 1.5 1.5 1.5 1.5 1.5 1.5 1.6000000000000001
    1.6000000000000001 1.6000000000000001 1.6000000000000001 1.6000000000000001
    1.6000000000000001 1.6000000000000001 1.6000000000000001 1.6000000000000001
    1.6000000000000001 1.6000000000000001 1.6000000000000001 1.6000000000000001
    1.6000000000000001 1.6000000000000001 1.6000000000000001 1.6000000000000001
    1.6000000000000001 1.6000000000000001 1.6000000000000001 1.6000000000000001
    1.6000000000000001 1.6000000000000001 1.6000000000000001 1.6000000000000001
    1.6000000000000001 1.6000000000000001 1.6000000000000001 1.6000000000000001
    1.6000000000000001 1.6000000000000001 1.6000000000000001 1.6000000000000001
    1.6000000000000001 1.6000000000000001 1.6000000000000001 1.6000000000000001
    1.6000000000000001 1.6000000000000001 1.6000000000000001 1.6000000000000001
    1.6000000000000001 1.6000000000000001 1.6000000000000001 1.6000000000000001
    1.6000000000000001 1.6000000000000001 1.6000000000000001 1.6000000000000001
    1.6000000000000001 1.6000000000000001 1.6000000000000001 1.6000000000000001
    1.6000000000000001 1.6000000000000001 1.6000000000000001 1.6000000000000001
    1.6000000000000001 1.6000000000000001 1.6000000000000001 1.6000000000000001
    1.6000000000000001 1.6000000000000001 1.6000000000000001 1.7 1.7 1.7 1.7
    1.7 1.7 1.7 1.7 1.7 1.7 1.7 1.7 1.7 1.7 1.7 1.7 1.7 1.7 1.7 1.7 1.7 1.7 1.7
    1.7 1.7 1.7 1.7 1.7 1.7 1.7 1.7 1.7 1.7 1.7 1.7 1.7 1.7 1.7 1.7 1.7 1.7 1.7
    1.7 1.7 1.7 1.7 1.7 1.7 1.7 1.7 1.7 1.7 1.7 1.7 1.7 1.7 1.7 1.7 1.7 1.7 1.7
    1.7 1.7 1.7 1.7 1.8 1.8 1.8999999999999999 1.8999999999999999
    1.8999999999999999 1.8999999999999999 1.8999999999999999 1.8999999999999999
    1.8999999999999999 1.8999999999999999 1.8999999999999999 1.8999999999999999
    1.8999999999999999 1.8999999999999999 1.8999999999999999 1.8999999999999999
    1.8999999999999999 1.8999999999999999 1.8999999999999999 1.8999999999999999
    1.8999999999999999 1.8999999999999999 1.8999999999999999 2.0 2.0 2.0 2.0
    2.0 2.0 2.0 2.0 2.0 2.0 2.0 2.1000000000000001 2.2000000000000002
    2.2999999999999998 2.2999999999999998 2.2999999999999998 2.3999999999999999
    2.3999999999999999 2.3999999999999999 2.3999999999999999 2.3999999999999999
    2.3999999999999999 2.3999999999999999 2.5 2.6000000000000001
    2.7000000000000002 2.7999999999999998 2.8999999999999999 2.8999999999999999
    2.8999999999999999 3.0 3.0 3.1000000000000001 3.1000000000000001
    3.1000000000000001 3.2000000000000002 3.2000000000000002 3.2999999999999998
    3.2999999999999998 3.2999999999999998 3.3999999999999999 3.3999999999999999
    3.3999999999999999 3.5 3.5 3.5 3.7000000000000002 3.7000000000000002
    3.7999999999999998 3.7999999999999998 3.8999999999999999 3.8999999999999999
    4.0 4.0999999999999996 4.2000000000000002 4.2000000000000002
    4.2000000000000002 4.2999999999999998 4.2999999999999998 4.2999999999999998
    4.4000000000000004 4.4000000000000004 4.4000000000000004 4.4000000000000004
    4.5 4.5 4.5 4.5999999999999996 4.5999999999999996 4.7000000000000002
    4.7000000000000002 4.7000000000000002 4.7000000000000002 4.7999999999999998
    4.9000000000000004 4.9000000000000004 4.9000000000000004 5.0 5.0 5.0
    5.0999999999999996 5.0999999999999996 5.0999999999999996 5.0999999999999996
    5.0999999999999996 5.2000000000000002 5.2000000000000002 5.2000000000000002
    5.2999999999999998 5.2999999999999998 5.2999999999999998 5.2999999999999998
    5.2999999999999998 5.4000000000000004 5.4000000000000004 5.5 5.5 5.5
    5.5999999999999996 5.5999999999999996 5.5999999999999996 5.5999999999999996
    5.5999999999999996 5.5999999999999996 5.5999999999999996 5.7000000000000002
    5.7000000000000002 5.7999999999999998 5.7999999999999998 5.9000000000000004
    6.0 6.0999999999999996 6.0999999999999996 6.0999999999999996
    6.0999999999999996 6.0999999999999996 6.0999999999999996 6.2000000000000002
    6.2000000000000002 6.2000000000000002 6.2000000000000002 6.2000000000000002
    6.2000000000000002 6.2000000000000002 6.2000000000000002 6.2000000000000002
    6.2000000000000002 6.2000000000000002 6.2000000000000002 6.2000000000000002
    6.2000000000000002 6.2000000000000002 6.2000000000000002 6.2000000000000002
    6.2000000000000002 6.2000000000000002 6.2000000000000002 6.2000000000000002
    6.2000000000000002 6.2000000000000002 6.2000000000000002 6.2000000000000002
    6.2000000000000002 6.2000000000000002 6.2000000000000002 6.2000000000000002
    6.2000000000000002 6.2000000000000002 6.2000000000000002 6.2000000000000002
    6.2000000000000002 6.2000000000000002 6.2000000000000002 6.2000000000000002
    6.2000000000000002 6.2000000000000002 6.2000000000000002 6.2000000000000002
    6.2000000000000002 6.2000000000000002 6.2000000000000002 6.2000000000000002
    6.2000000000000002 6.2000000000000002 6.2000000000000002 6.2000000000000002
    6.2000000000000002 6.2000000000000002 6.2000000000000002 6.2000000000000002
    6.2000000000000002 6.2000000000000002 6.2000000000000002 6.2000000000000002
    6.2000000000000002 6.2000000000000002 6.2000000000000002 6.2000000000000002
    6.2000000000000002 6.2000000000000002 6.2000000000000002 6.2000000000000002
    6.2000000000000002 6.2999999999999998 6.2999999999999998 6.4000000000000004
    6.4000000000000004 6.4000000000000004 6.4000000000000004 6.5 6.5 6.5 6.5
    6.5 6.5999999999999996 6.5999999999999996 6.7000000000000002
    6.7000000000000002 6.7000000000000002 6.7000000000000002 6.7000000000000002
    6.7000000000000002 6.7000000000000002 6.7000000000000002 6.7999999999999998
    6.7999999999999998 6.7999999999999998 6.9000000000000004 6.9000000000000004
    6.9000000000000004 6.9000000000000004 6.9000000000000004 7.0 7.0 7.0 7.0
    7.0 7.0999999999999996 7.0999999999999996 7.0999999999999996
    7.0999999999999996 7.0999999999999996 7.0999999999999996 7.0999999999999996
    7.0999999999999996 7.0999999999999996 7.0999999999999996 7.2000000000000002
    7.2000000000000002 7.2000000000000002 7.2000000000000002 7.2999999999999998
    7.2999999999999998 7.2999999999999998 7.2999999999999998 7.2999999999999998
    7.2999999999999998 7.4000000000000004 7.4000000000000004 7.4000000000000004
    7.4000000000000004 7.4000000000000004 7.4000000000000004 7.4000000000000004
    7.5 7.5 7.5 7.5 7.5 7.5 7.5999999999999996 7.5999999999999996
    7.5999999999999996 7.7000000000000002 7.7000000000000002 7.7999999999999998
    7.7999999999999998 7.7999999999999998 8.0 8.0 8.0 8.0 8.0
    8.0999999999999996 8.0999999999999996 8.0999999999999996 8.0999999999999996
    8.0999999999999996 8.0999999999999996 8.1999999999999993 8.1999999999999993
    8.1999999999999993 8.1999999999999993 8.3000000000000007 8.3000000000000007
    8.4000000000000004 8.4000000000000004 8.4000000000000004 8.4000000000000004
    8.4000000000000004 8.4000000000000004 8.5 8.5 8.5999999999999996
    8.5999999999999996 8.5999999999999996 8.5999999999999996 8.6999999999999993
    8.6999999999999993 8.6999999999999993 8.6999999999999993 8.8000000000000007
    8.8000000000000007 8.9000000000000004 8.9000000000000004 8.9000000000000004
    8.9000000000000004 8.9000000000000004 9.0 9.0 9.0 9.0 9.0 9.0
    9.0999999999999996 9.0999999999999996 9.0999999999999996 9.0999999999999996
    9.1999999999999993 9.3000000000000007 9.3000000000000007 9.3000000000000007
    9.3000000000000007 9.3000000000000007 9.4000000000000004 9.4000000000000004
    9.4000000000000004 9.4000000000000004 9.4000000000000004 9.5 9.5
    9.5999999999999996 9.5999999999999996 9.5999999999999996 9.5999999999999996
    9.5999999999999996 9.5999999999999996 9.5999999999999996 9.6999999999999993
    9.8000000000000007 9.8000000000000007 9.8000000000000007 9.8000000000000007
    9.8000000000000007 9.9000000000000004 9.9000000000000004 9.9000000000000004
    9.9000000000000004 1.0e+1 1.01e+1 1.01e+1 1.01e+1 1.0199999999999999e+1
    1.0199999999999999e+1 1.0199999999999999e+1 1.0199999999999999e+1
    1.0199999999999999e+1 1.0199999999999999e+1 1.0199999999999999e+1
    1.0199999999999999e+1 1.0199999999999999e+1 1.0199999999999999e+1
    1.0199999999999999e+1 1.0199999999999999e+1 1.0199999999999999e+1
    1.0199999999999999e+1 1.0199999999999999e+1 1.0199999999999999e+1
    1.0199999999999999e+1 1.0199999999999999e+1 1.0199999999999999e+1
    1.0199999999999999e+1 1.0199999999999999e+1 1.0199999999999999e+1
    1.0199999999999999e+1 1.0199999999999999e+1 1.0199999999999999e+1
    1.0199999999999999e+1 1.0199999999999999e+1 1.0199999999999999e+1
    1.0199999999999999e+1 1.0199999999999999e+1 1.0199999999999999e+1
    1.0199999999999999e+1 1.0199999999999999e+1 1.0199999999999999e+1
    1.0199999999999999e+1 1.0199999999999999e+1 1.0199999999999999e+1
    1.0199999999999999e+1 1.0199999999999999e+1 1.0199999999999999e+1
    1.0199999999999999e+1 1.0199999999999999e+1 1.0199999999999999e+1
    1.0199999999999999e+1 1.0199999999999999e+1 1.0199999999999999e+1
    1.0199999999999999e+1 1.0199999999999999e+1 1.0199999999999999e+1
    1.0199999999999999e+1 1.0199999999999999e+1 1.0199999999999999e+1
    1.0199999999999999e+1 1.0199999999999999e+1 1.0199999999999999e+1
    1.0199999999999999e+1 1.0199999999999999e+1 1.0199999999999999e+1
    1.0199999999999999e+1 1.0199999999999999e+1 1.0300000000000001e+1
    1.0300000000000001e+1 1.04e+1 1.04e+1 1.04e+1 1.04e+1 1.05e+1 1.05e+1
    1.05e+1 1.05e+1 1.06e+1 1.06e+1 1.06e+1 1.0699999999999999e+1
    1.0699999999999999e+1 1.0699999999999999e+1 1.0699999999999999e+1
    1.0699999999999999e+1 1.0699999999999999e+1 1.0699999999999999e+1
    1.0800000000000001e+1 1.0800000000000001e+1 1.0800000000000001e+1
    1.0800000000000001e+1 1.09e+1 1.09e+1 1.09e+1 1.09e+1 1.1e+1 1.1e+1 1.1e+1
    1.11e+1 1.11e+1 1.1199999999999999e+1 1.1199999999999999e+1
    1.1199999999999999e+1 1.1199999999999999e+1 1.1199999999999999e+1
    1.1199999999999999e+1 1.1199999999999999e+1 1.1300000000000001e+1
    1.1300000000000001e+1 1.1300000000000001e+1 1.1300000000000001e+1
    1.1300000000000001e+1 1.14e+1 1.14e+1 1.14e+1 1.14e+1 1.14e+1 1.15e+1
    1.15e+1 1.16e+1 1.16e+1 1.16e+1 1.1699999999999999e+1 1.1699999999999999e+1
    1.1800000000000001e+1 1.1800000000000001e+1 1.1800000000000001e+1
    1.1800000000000001e+1 1.19e+1 1.19e+1 1.19e+1 1.19e+1 1.19e+1 1.19e+1
    1.2e+1 1.2e+1 1.2e+1 1.21e+1 1.21e+1 1.21e+1 1.21e+1 1.2199999999999999e+1
    1.2199999999999999e+1 1.2199999999999999e+1 1.2199999999999999e+1
    1.2199999999999999e+1 1.2199999999999999e+1 1.2199999999999999e+1
    1.2199999999999999e+1 1.2199999999999999e+1 1.2199999999999999e+1
    1.2199999999999999e+1 1.2199999999999999e+1 1.2199999999999999e+1
    1.2199999999999999e+1 1.2199999999999999e+1 1.2199999999999999e+1
    1.2199999999999999e+1 1.2199999999999999e+1 1.2199999999999999e+1
    1.2199999999999999e+1 1.2199999999999999e+1 1.2199999999999999e+1
    1.2199999999999999e+1 1.2199999999999999e+1 1.2199999999999999e+1
    1.2199999999999999e+1 1.2199999999999999e+1 1.2199999999999999e+1
    1.2199999999999999e+1 1.2199999999999999e+1 1.2199999999999999e+1
    1.2199999999999999e+1 1.2199999999999999e+1 1.2199999999999999e+1
    1.2199999999999999e+1 1.2199999999999999e+1 1.2199999999999999e+1
    1.2199999999999999e+1 1.2199999999999999e+1 1.2199999999999999e+1
    1.2199999999999999e+1 1.2199999999999999e+1 1.2199999999999999e+1
    1.2199999999999999e+1 1.2199999999999999e+1 1.2199999999999999e+1
    1.2199999999999999e+1 1.2199999999999999e+1 1.2199999999999999e+1
    1.2199999999999999e+1 1.2199999999999999e+1 1.2199999999999999e+1
    1.2199999999999999e+1 1.2199999999999999e+1 1.2199999999999999e+1
    1.2199999999999999e+1 1.2199999999999999e+1 1.2199999999999999e+1
    1.2199999999999999e+1 1.2199999999999999e+1 1.2199999999999999e+1
    1.2199999999999999e+1 1.2199999999999999e+1 1.2199999999999999e+1
    1.2199999999999999e+1 1.2199999999999999e+1 1.2199999999999999e+1
    1.2199999999999999e+1 1.2199999999999999e+1 1.2199999999999999e+1
    1.2199999999999999e+1 1.2199999999999999e+1 1.2199999999999999e+1
    1.2199999999999999e+1 1.2199999999999999e+1 1.2199999999999999e+1
    1.2300000000000001e+1 1.2300000000000001e+1 1.2300000000000001e+1
    1.2300000000000001e+1 1.2300000000000001e+1 1.24e+1 1.24e+1 1.25e+1 1.25e+1
    1.25e+1 1.25e+1 1.25e+1 1.25e+1 1.26e+1 1.26e+1 1.2699999999999999e+1
    1.2699999999999999e+1 1.2800000000000001e+1 1.2800000000000001e+1
    1.2800000000000001e+1 1.2800000000000001e+1 1.2800000000000001e+1 1.29e+1
    1.3e+1 1.3e+1 1.3e+1 1.3e+1 1.31e+1 1.31e+1 1.31e+1 1.3199999999999999e+1
    1.3199999999999999e+1 1.3199999999999999e+1 1.3199999999999999e+1
    1.3199999999999999e+1 1.3199999999999999e+1 1.3199999999999999e+1
    1.3199999999999999e+1 1.3199999999999999e+1 1.3199999999999999e+1
    1.3199999999999999e+1 1.3199999999999999e+1 1.3199999999999999e+1
    1.3199999999999999e+1 1.3199999999999999e+1 1.3199999999999999e+1
    1.3199999999999999e+1 1.3199999999999999e+1 1.3199999999999999e+1
    1.3199999999999999e+1 1.3199999999999999e+1 1.3199999999999999e+1
    1.3199999999999999e+1 1.3199999999999999e+1 1.3199999999999999e+1
    1.3199999999999999e+1 1.3199999999999999e+1 1.3199999999999999e+1
    1.3199999999999999e+1 1.3300000000000001e+1 1.3300000000000001e+1
    1.3300000000000001e+1 1.3300000000000001e+1 1.34e+1 1.34e+1 1.34e+1 1.34e+1
    1.35e+1 1.36e+1 1.36e+1 1.36e+1 1.36e+1 1.3699999999999999e+1
    1.3800000000000001e+1 1.39e+1 1.39e+1 1.39e+1 1.39e+1 1.4e+1 1.4e+1 1.4e+1
    1.4e+1 1.41e+1 1.41e+1 1.4199999999999999e+1 1.4199999999999999e+1
    1.4300000000000001e+1 1.44e+1 1.44e+1 1.44e+1 1.45e+1 1.45e+1 1.45e+1
    1.4699999999999999e+1 1.4699999999999999e+1 1.4699999999999999e+1
    1.4800000000000001e+1 1.4800000000000001e+1 1.5e+1 1.5e+1 1.51e+1
    1.5199999999999999e+1 1.5300000000000001e+1 1.54e+1 1.55e+1 1.56e+1
    1.5699999999999999e+1 1.5699999999999999e+1 1.5699999999999999e+1
    1.5699999999999999e+1 1.5800000000000001e+1 1.5800000000000001e+1
    1.5800000000000001e+1 1.59e+1 1.6e+1 1.6e+1 1.6300000000000001e+1
    1.6300000000000001e+1 1.6300000000000001e+1 1.6399999999999999e+1
    1.6600000000000001e+1 1.6600000000000001e+1 1.6600000000000001e+1
    1.6699999999999999e+1 1.6800000000000001e+1 1.6800000000000001e+1
    1.6800000000000001e+1 1.6899999999999999e+1 1.7100000000000001e+1
    1.7100000000000001e+1 1.7100000000000001e+1 1.7199999999999999e+1
    1.7300000000000001e+1 1.7300000000000001e+1 1.7399999999999999e+1 1.75e+1
    1.7800000000000001e+1 1.8e+1 1.8e+1 1.8100000000000001e+1
    1.8399999999999999e+1 1.85e+1 1.8600000000000001e+1 1.9e+1
    1.9100000000000001e+1 1.9199999999999999e+1 1.9199999999999999e+1
    1.9300000000000001e+1 1.9399999999999999e+1 1.9699999999999999e+1
    2.0399999999999999e+1 2.0399999999999999e+1 2.0600000000000001e+1
    2.0699999999999999e+1 2.0699999999999999e+1 2.0899999999999999e+1
    2.1100000000000001e+1 2.1800000000000001e+1 2.1899999999999999e+1 2.2e+1
    2.2199999999999999e+1 2.2800000000000001e+1 2.3399999999999999e+1
    2.3399999999999999e+1 2.3399999999999999e+1 2.3699999999999999e+1
    2.3699999999999999e+1 2.3699999999999999e+1 2.3899999999999999e+1
    2.4199999999999999e+1 2.4699999999999999e+1 2.4800000000000001e+1
    2.5399999999999999e+1 2.5399999999999999e+1 2.5399999999999999e+1 2.65e+1
    2.65e+1 2.75e+1 3.8600000000000001e+1 3.8600000000000001e+1
    3.8600000000000001e+1 3.9700000000000003e+1 3.9700000000000003e+1
    4.0700000000000003e+1 4.2700000000000003e+1 4.2700000000000003e+1
    4.5700000000000003e+1 4.6700000000000003e+1 4.9799999999999997e+1
    4.9799999999999997e+1 4.9799999999999997e+1 5.1799999999999997e+1
    5.4200000000000003e+1 5.8700000000000003e+1 5.9e+1 5.9899999999999999e+1
    5.9899999999999999e+1 6.5e+1 6.5e+1 6.5900000000000006e+1
    6.6400000000000006e+1 6.7099999999999994e+1 6.7599999999999994e+1
    6.7599999999999994e+1 6.9099999999999994e+1 6.9099999999999994e+1
    7.2200000000000003e+1 7.9099999999999994e+1 7.9200000000000003e+1
    7.9299999999999997e+1 8.0099999999999994e+1 8.2299999999999997e+1
    8.6299999999999997e+1 8.6299999999999997e+1 8.9400000000000006e+1
    9.3799999999999997e+1 9.55e+1 9.8599999999999994e+1 9.8900000000000006e+1
    9.95e+1 1.0259999999999999e+2 1.0259999999999999e+2 1.0259999999999999e+2
    1.0259999999999999e+2 1.045e+2 1.048e+2 1.07e+2 1.087e+2 1.087e+2 1.118e+2
    1.127e+2 1.127e+2 1.127e+2 1.158e+2 1.178e+2 1.188e+2 1.1990000000000001e+2
    1.2190000000000001e+2 1.25e+2 1.2590000000000001e+2 1.2590000000000001e+2
    1.2590000000000001e+2 1.2640000000000001e+2 1.31e+2 1.3209999999999999e+2
    1.3209999999999999e+2 1.3209999999999999e+2 1.3209999999999999e+2
    1.3330000000000001e+2 1.3509999999999999e+2 1.3509999999999999e+2
    1.3819999999999999e+2 1.3819999999999999e+2 1.3819999999999999e+2
    1.3819999999999999e+2 1.4209999999999999e+2 1.4630000000000001e+2
    1.4630000000000001e+2 1.4630000000000001e+2 1.5130000000000001e+2
    1.5140000000000001e+2 1.525e+2 1.5540000000000001e+2 1.5740000000000001e+2
    1.5740000000000001e+2 1.5840000000000001e+2 1.595e+2 1.615e+2 1.615e+2
    1.7119999999999999e+2 1.7269999999999999e+2 1.7469999999999999e+2
    1.7869999999999999e+2 1.8180000000000001e+2 1.8280000000000001e+2
    1.8359999999999999e+2 1.8380000000000001e+2 1.8380000000000001e+2
    1.8380000000000001e+2 1.8380000000000001e+2 1.8480000000000001e+2
    1.8490000000000001e+2 1.8630000000000001e+2 1.8640000000000001e+2 1.91e+2
    1.9209999999999999e+2 1.95e+2 1.95e+2 1.97e+2 1.9859999999999999e+2
    1.9909999999999999e+2 1.9909999999999999e+2 1.9909999999999999e+2
    1.9909999999999999e+2 1.9930000000000001e+2 2.0109999999999999e+2 2.015e+2
    2.0509999999999999e+2 2.0509999999999999e+2 2.1119999999999999e+2
    2.1130000000000001e+2 2.1230000000000001e+2 2.125e+2 2.1430000000000001e+2
    2.1830000000000001e+2 2.2140000000000001e+2 2.2380000000000001e+2 2.245e+2
    2.245e+2 2.245e+2 2.245e+2 2.275e+2 2.315e+2 2.315e+2 2.3459999999999999e+2
    2.3659999999999999e+2 2.3759999999999999e+2 2.3769999999999999e+2 2.38e+2
    2.3869999999999999e+2 2.3869999999999999e+2 2.4069999999999999e+2
    2.4119999999999999e+2 2.4380000000000001e+2 2.4780000000000001e+2
    2.4780000000000001e+2 2.5190000000000001e+2 2.5390000000000001e+2
    2.5390000000000001e+2 2.57e+2 2.5789999999999998e+2 2.63e+2 2.63e+2 2.63e+2
    2.63e+2 2.64e+2 2.7110000000000002e+2 2.7110000000000002e+2
    2.7410000000000002e+2 2.7619999999999999e+2 2.765e+2 2.7719999999999999e+2
    2.7830000000000001e+2 2.8339999999999998e+2 2.8430000000000001e+2
    2.8430000000000001e+2 2.8939999999999998e+2 2.905e+2 2.915e+2 2.915e+2
    2.915e+2 2.93e+2 2.9660000000000002e+2 2.975e+2 3.0110000000000002e+2
    3.0260000000000002e+2 3.0260000000000002e+2 3.0469999999999999e+2
    3.0469999999999999e+2 3.0469999999999999e+2 3.0669999999999999e+2
    3.0980000000000001e+2 3.1069999999999999e+2 3.1580000000000001e+2
    3.1689999999999998e+2 3.1789999999999998e+2 3.23e+2 3.23e+2
    3.2389999999999998e+2 3.2389999999999998e+2 3.27e+2 3.3110000000000002e+2
    3.3610000000000002e+2 3.3619999999999999e+2 3.3619999999999999e+2
    3.3619999999999999e+2 3.3710000000000002e+2 3.3810000000000002e+2
    3.4019999999999999e+2 3.4219999999999999e+2 3.4219999999999999e+2
    3.4330000000000001e+2 3.4430000000000001e+2 3.4669999999999999e+2
    3.4839999999999998e+2 3.4930000000000001e+2 3.4930000000000001e+2
    3.4930000000000001e+2 3.505e+2 3.5339999999999998e+2 3.5539999999999998e+2
    3.565e+2 3.575e+2 3.575e+2 3.595e+2 3.6260000000000002e+2
    3.6260000000000002e+2 3.6369999999999999e+2 3.6660000000000002e+2
    3.6880000000000001e+2 3.695e+2 3.6969999999999999e+2 3.73e+2
    3.7580000000000001e+2 3.7680000000000001e+2 3.7980000000000001e+2
    3.8169999999999999e+2 3.8180000000000001e+2 3.8180000000000001e+2
    3.8269999999999999e+2 3.8280000000000001e+2 3.89e+2 3.89e+2
    3.8989999999999998e+2 3.9489999999999998e+2 3.9489999999999998e+2 3.95e+2
    3.9510000000000002e+2 3.96e+2 3.9630000000000001e+2 3.9710000000000002e+2
    3.9710000000000002e+2 3.9910000000000002e+2 4.0219999999999999e+2
    4.0219999999999999e+2 4.0310000000000002e+2 4.0310000000000002e+2
    4.0619999999999999e+2 4.0619999999999999e+2 4.0819999999999999e+2
    4.0919999999999999e+2 4.0930000000000001e+2 4.0930000000000001e+2
    4.0930000000000001e+2 4.1030000000000001e+2 4.105e+2 4.1230000000000001e+2
    4.1539999999999998e+2 4.1610000000000002e+2 4.1630000000000001e+2
    4.1630000000000001e+2 4.185e+2 4.1939999999999998e+2 4.1939999999999998e+2
    4.2139999999999998e+2 4.2139999999999998e+2 4.2169999999999999e+2 4.225e+2
    4.255e+2 4.255e+2 4.255e+2 4.325e+2 4.3460000000000002e+2
    4.3669999999999999e+2 4.3669999999999999e+2 4.3719999999999999e+2
    4.3769999999999999e+2 4.3869999999999999e+2 4.3869999999999999e+2
    4.4269999999999999e+2 4.4580000000000001e+2 4.4580000000000001e+2
    4.4780000000000001e+2 4.4780000000000001e+2 4.4780000000000001e+2
    4.4780000000000001e+2 4.4819999999999999e+2 4.4869999999999999e+2
    4.4889999999999998e+2 4.4889999999999998e+2 4.55e+2 4.5589999999999998e+2
    4.5589999999999998e+2 4.5889999999999998e+2 4.6010000000000002e+2 4.62e+2
    4.62e+2 4.6310000000000002e+2 4.6310000000000002e+2 4.6510000000000002e+2
    4.6610000000000002e+2 4.6819999999999999e+2 4.6819999999999999e+2
    4.6910000000000002e+2 4.7219999999999999e+2 4.7419999999999999e+2
    4.7430000000000001e+2 4.7530000000000001e+2 4.7530000000000001e+2
    4.7830000000000001e+2 4.7830000000000001e+2 4.8230000000000001e+2
    4.8539999999999998e+2 4.8539999999999998e+2 4.8539999999999998e+2
    4.8739999999999998e+2 4.8739999999999998e+2 4.895e+2 4.895e+2 4.915e+2
    4.945e+2 4.9460000000000002e+2 4.955e+2 4.955e+2 4.955e+2 4.955e+2
    4.9860000000000002e+2 5.005e+2 5.0060000000000002e+2 5.0060000000000002e+2
    5.0169999999999999e+2 5.0269999999999999e+2 5.0269999999999999e+2
    5.0269999999999999e+2 5.0780000000000001e+2 5.0780000000000001e+2
    5.0780000000000001e+2 5.0780000000000001e+2 5.0780000000000001e+2
    5.0869999999999999e+2 5.1180000000000001e+2 5.1180000000000001e+2
    5.1379999999999995e+2 5.1379999999999995e+2 5.1489999999999998e+2
    5.1529999999999995e+2 5.1589999999999998e+2 5.1789999999999998e+2
    5.1789999999999998e+2 5.21e+2 5.2189999999999998e+2 5.2189999999999998e+2
    5.25e+2 5.2810000000000002e+2 5.3110000000000002e+2 5.3110000000000002e+2
    5.3989999999999998e+2 5.4039999999999998e+2 5.4229999999999995e+2
    5.4429999999999995e+2 5.4739999999999998e+2 5.5329999999999995e+2
    5.5329999999999995e+2 5.5339999999999998e+2 5.5439999999999998e+2 5.555e+2
    5.555e+2 5.575e+2 5.575e+2 5.6060000000000002e+2 5.6060000000000002e+2
    5.615e+2 5.615e+2 5.6179999999999995e+2 5.6660000000000002e+2
    5.6770000000000005e+2 5.6770000000000005e+2 5.7070000000000005e+2 5.71e+2
    5.7379999999999995e+2 5.7470000000000005e+2 5.7520000000000005e+2
    5.7779999999999995e+2 5.7779999999999995e+2 5.7779999999999995e+2
    5.7779999999999995e+2 5.8079999999999995e+2 5.8189999999999998e+2
    5.8389999999999998e+2 5.8789999999999998e+2 5.91e+2 5.93e+2 5.94e+2
    5.9410000000000002e+2 5.9410000000000002e+2 5.9410000000000002e+2
    5.9410000000000002e+2 5.9410000000000002e+2 5.9410000000000002e+2
    5.9410000000000002e+2 5.9410000000000002e+2 5.9410000000000002e+2
    5.9410000000000002e+2 5.9410000000000002e+2 5.9410000000000002e+2
    5.9410000000000002e+2 5.9410000000000002e+2 5.9410000000000002e+2
    5.9410000000000002e+2 5.9410000000000002e+2 5.9410000000000002e+2
    5.9410000000000002e+2 5.9410000000000002e+2 5.9410000000000002e+2
    5.9410000000000002e+2 5.9410000000000002e+2 5.9410000000000002e+2
    5.9410000000000002e+2 5.9410000000000002e+2 5.9410000000000002e+2
    5.9410000000000002e+2 5.9410000000000002e+2 5.9410000000000002e+2
    5.9410000000000002e+2 5.9410000000000002e+2 5.9410000000000002e+2
    5.9410000000000002e+2 5.9410000000000002e+2 5.9410000000000002e+2
    5.9410000000000002e+2 5.9410000000000002e+2 5.9410000000000002e+2
    5.9410000000000002e+2 5.9410000000000002e+2 5.9410000000000002e+2
    5.9410000000000002e+2 5.9410000000000002e+2 5.9410000000000002e+2
    5.9410000000000002e+2 5.9410000000000002e+2 5.9410000000000002e+2
    5.9410000000000002e+2 5.9410000000000002e+2 5.9410000000000002e+2
    5.9410000000000002e+2 5.9410000000000002e+2 5.9410000000000002e+2
    5.9410000000000002e+2 5.9410000000000002e+2 5.9410000000000002e+2
    5.9410000000000002e+2 5.9410000000000002e+2 5.9410000000000002e+2
    5.9410000000000002e+2 5.9410000000000002e+2 5.9410000000000002e+2
    5.9410000000000002e+2 5.9410000000000002e+2 5.9410000000000002e+2
    5.9410000000000002e+2 5.9410000000000002e+2 5.9410000000000002e+2
    5.9410000000000002e+2 5.9410000000000002e+2 5.9410000000000002e+2
    5.9410000000000002e+2 5.9510000000000002e+2 5.9510000000000002e+2
    5.9510000000000002e+2 5.9529999999999995e+2 5.9710000000000002e+2
    6.0110000000000002e+2 6.025e+2 6.0720000000000005e+2 6.0729999999999995e+2
    6.0829999999999995e+2 6.1029999999999995e+2 6.1739999999999998e+2
    6.1739999999999998e+2 6.1939999999999998e+2 6.205e+2 6.205e+2 6.205e+2
    6.205e+2 6.205e+2 6.205e+2 6.205e+2 6.205e+2 6.205e+2 6.205e+2 6.205e+2
    6.205e+2 6.205e+2 6.205e+2 6.205e+2 6.205e+2 6.205e+2 6.205e+2 6.205e+2
    6.205e+2 6.205e+2 6.205e+2 6.205e+2 6.205e+2 6.205e+2 6.205e+2 6.205e+2
    6.205e+2 6.205e+2 6.205e+2 6.205e+2 6.205e+2 6.205e+2 6.205e+2 6.205e+2
    6.205e+2 6.205e+2 6.205e+2 6.205e+2 6.205e+2 6.205e+2 6.205e+2 6.205e+2
    6.205e+2 6.205e+2 6.205e+2 6.205e+2 6.205e+2 6.205e+2 6.205e+2 6.205e+2
    6.205e+2 6.205e+2 6.205e+2 6.205e+2 6.205e+2 6.205e+2 6.205e+2 6.205e+2
    6.205e+2 6.205e+2 6.205e+2 6.205e+2 6.205e+2 6.205e+2 6.205e+2 6.205e+2
    6.205e+2 6.205e+2 6.205e+2 6.205e+2 6.205e+2 6.205e+2 6.205e+2 6.205e+2
    6.205e+2 6.205e+2 6.205e+2 6.205e+2 6.205e+2 6.205e+2 6.205e+2 6.205e+2
    6.205e+2 6.205e+2 6.205e+2 6.205e+2 6.205e+2 6.205e+2 6.205e+2 6.205e+2
    6.205e+2 6.205e+2 6.205e+2 6.205e+2 6.205e+2 6.205e+2 6.205e+2 6.205e+2
    6.205e+2 6.205e+2 6.205e+2 6.205e+2 6.205e+2 6.205e+2 6.205e+2 6.205e+2
    6.205e+2 6.205e+2 6.205e+2 6.205e+2 6.205e+2 6.205e+2 6.205e+2 6.205e+2
    6.205e+2 6.205e+2 6.205e+2 6.205e+2 6.205e+2 6.205e+2 6.205e+2 6.205e+2
    6.205e+2 6.205e+2 6.205e+2 6.205e+2 6.205e+2 6.205e+2 6.205e+2 6.205e+2
    6.205e+2 6.215e+2 6.215e+2 6.3370000000000005e+2 6.3670000000000005e+2
    6.3670000000000005e+2 6.4689999999999998e+2 6.4789999999999998e+2 6.53e+2
    6.6010000000000002e+2 6.6010000000000002e+2 6.6010000000000002e+2
    6.6010000000000002e+2 6.6010000000000002e+2 6.6010000000000002e+2
    6.6010000000000002e+2 6.6010000000000002e+2 6.6010000000000002e+2
    6.6010000000000002e+2 6.6010000000000002e+2 6.6010000000000002e+2
    6.6010000000000002e+2 6.6010000000000002e+2 6.6010000000000002e+2
    6.6010000000000002e+2 6.6010000000000002e+2 6.6010000000000002e+2
    6.6010000000000002e+2 6.6010000000000002e+2 6.6010000000000002e+2
    6.6010000000000002e+2 6.6010000000000002e+2 6.6010000000000002e+2
    6.6010000000000002e+2 6.6010000000000002e+2 6.6010000000000002e+2
    6.6010000000000002e+2 6.6010000000000002e+2 6.6010000000000002e+2
    6.6010000000000002e+2 6.6010000000000002e+2 6.6010000000000002e+2
    6.6010000000000002e+2 6.6010000000000002e+2 6.6010000000000002e+2
    6.6010000000000002e+2 6.6010000000000002e+2 6.6010000000000002e+2
    6.6010000000000002e+2 6.6010000000000002e+2 6.6010000000000002e+2
    6.6010000000000002e+2 6.6010000000000002e+2 6.6110000000000002e+2
    6.6310000000000002e+2 6.7429999999999995e+2 6.865e+2 6.865e+2 6.865e+2
    6.865e+2 6.865e+2 6.865e+2 6.865e+2 6.865e+2 6.865e+2 6.865e+2 6.865e+2
    6.865e+2 6.865e+2 6.865e+2 6.865e+2 6.865e+2 6.865e+2 6.865e+2 6.865e+2
    6.865e+2 6.865e+2 6.865e+2 6.865e+2 6.865e+2 6.865e+2 6.865e+2 6.865e+2
    6.865e+2 6.865e+2 6.865e+2 6.865e+2 6.865e+2 6.865e+2 6.865e+2 6.865e+2
    6.865e+2 6.865e+2 6.865e+2 6.865e+2 6.865e+2 6.865e+2 6.865e+2 6.865e+2
    6.865e+2 6.865e+2 6.865e+2 6.865e+2 6.865e+2 6.865e+2 6.865e+2 6.865e+2
    6.865e+2 6.865e+2 6.865e+2 6.865e+2 6.865e+2 6.865e+2 6.865e+2 6.865e+2
    6.865e+2 6.865e+2 6.865e+2 6.865e+2 6.865e+2 6.865e+2), winSize: 6.0e+1,
    binSize: 1.0e+1, tStart: 0.0, tEnd: 7.211e+3, binStart: 7.211e+3,
    maxBLsize: 1.0e+4 >
Bye.
