		     \||||||||||||||||||/
		   --- Welcome to Maude ---
		     /||||||||||||||||||\
	     Maude 3.5 built: Sep 25 2024 12:00:00
	     Copyright 1997-2024 SRI International
		   Sun Aug 16 00:03:44 2026
Warning: "smc_cp3-refactored.maude", line 140 (mod SMC_CP3): multiple distinct
    parses for statement
eq sumDiff (F F' FL) = (F' - F) + sumDiff (F' FL) .
Warning: "smc_cp3-refactored.maude", line 145 (mod SMC_CP3): multiple distinct
    parses for statement
eq avgDiff (FL) = if (len (FL) == 1) then 0.0 else sumDiff (FL) / float (len (
    FL) - 1) fi .
Warning: "smc_cp3-refactored.maude", line 150 (mod SMC_CP3): multiple distinct
    parses for statement
eq sumSquaredDiff (F FL, F') = (F - F') * (F - F') + sumSquaredDiff (FL, F') .
Warning: "smc_cp3-refactored.maude", line 225 (mod SMC_CP3): multiple distinct
    parses for statement
eq compLatency (Tsent, Trcvd) = Trcvd - Tsent .
Warning: "smc_cp3-refactored.maude", line 291 (mod SMC_CP3): multiple distinct
    parses for statement
eq getGoodput (< ADDR : IrcMonitor | msgRcvd: ircMTL, attrs >, Tstart, Tend) =
    collectGoodput (filterWindow (ircMTL, Tstart, Tend), Tstart, Tend) * 8.0 /
    (Tend - Tstart) .
Warning: "smc_cp3-refactored.maude", line 381 (mod SMC_CP3): multiple distinct
    parses for statement
eq normMED (NL, NL') = if max (lenMsgIdList (NL), lenMsgIdList (NL')) == 0 then
    1.0 else 1.0 - (float (med (NL, NL')) / float (max (lenMsgIdList (NL),
    lenMsgIdList (NL')))) fi .
Warning: "smc_cp3-refactored.maude", line 500 (mod SMC_CP3): multiple distinct
    parses for statement
eq getMTBF (< ADDR : IrcMonitor | msgSent: ircMTL, msgRcvd: ircMTL', attrs >,
    Tn, Tstart, Tend) = getMTBFAux (filterWindow (ircMTL, Tstart - Tn, Tend +
    Tn), filterWindow (ircMTL', Tstart - Tn, Tend + Tn), Tn, Tstart, Tend) .
Warning: "smc_cp3-refactored.maude", line 560 (mod SMC_CP3): multiple distinct
    parses for statement
eq KsDistanceX (F FL, nil, I, J, invN, invN', D) = max2 (D, abs ((float (I) *
    invN) - 1.0)) .
Warning: "smc_cp3-refactored.maude", line 561 (mod SMC_CP3): multiple distinct
    parses for statement
eq KsDistanceX (nil, F' FL', I, J, invN, invN', D) = max2 (D, abs (1.0 - (float
    (J) * invN'))) .
Warning: "smc_cp3-refactored.maude", line 563 (mod SMC_CP3): multiple distinct
    parses for statement
ceq KsDistanceX (F FL, F' FL', I, J, invN, invN', D) = KsDistanceX (FL1, FL2, I
    + C1, J + C2, invN, invN', max2 (D, abs ((float (I + C1) * invN) - (float (
    J + C2) * invN')))) if F == F' /\ prefix (C1, FL1) := skipEqPrefix (F, F
    FL) /\ prefix (C2, FL2) := skipEqPrefix (F', F' FL') .
Warning: "smc_cp3-refactored.maude", line 569 (mod SMC_CP3): multiple distinct
    parses for statement
ceq KsDistanceX (F FL, F' FL', I, J, invN, invN', D) = KsDistanceX (FL, F' FL',
    I + 1, J, invN, invN', max2 (D, abs ((float (I + 1) * invN) - (float (J) *
    invN')))) if F < F' .
Warning: "smc_cp3-refactored.maude", line 573 (mod SMC_CP3): multiple distinct
    parses for statement
ceq KsDistanceX (F FL, F' FL', I, J, invN, invN', D) = KsDistanceX (F FL, FL',
    I, J + 1, invN, invN', max2 (D, abs ((float (I) * invN) - (float (J + 1) *
    invN')))) if F > F' .
Warning: "smc_cp3-refactored.maude", line 583 (mod SMC_CP3): multiple distinct
    parses for statement
eq KsStatisticZ (FL, FL', K) = KsDistance (FL, FL') - K .
Warning: "smc_cp3-refactored.maude", line 679 (mod SMC_CP3): multiple distinct
    parses for statement
eq compObsFeatureX (vp, dnsQueryRate, Fid, TOL, Tstart, Tend) = float (
    countDNSQuery (vp, Fid, TOL, Tstart, Tend)) / (Tend - Tstart) .
Warning: "smc_cp3-refactored.maude", line 693 (mod SMC_CP3): multiple distinct
    parses for statement
eq compObsFeatureX (vp, tcpUpRate, Fid, TOL, Tstart, Tend) = float (
    sizeTCPUpload (vp, Fid, TOL, Tstart, Tend)) / (Tend - Tstart) .
Warning: "smc_cp3-refactored.maude", line 695 (mod SMC_CP3): multiple distinct
    parses for statement
eq compObsFeatureX (vp, tcpDownRate, Fid, TOL, Tstart, Tend) = float (
    sizeTCPDownload (vp, Fid, TOL, Tstart, Tend)) / (Tend - Tstart) .
Warning: "smc_cp3-refactored.maude", line 703 (mod SMC_CP3): multiple distinct
    parses for statement
eq compObsFeatureX (vp, tcpOutPktRate, Fid, TOL, Tstart, Tend) = float (
    countTCPOutPkt (vp, Fid, TOL, Tstart, Tend)) / (Tend - Tstart) .
Warning: "smc_cp3-refactored.maude", line 705 (mod SMC_CP3): multiple distinct
    parses for statement
eq compObsFeatureX (vp, tcpInPktRate, Fid, TOL, Tstart, Tend) = float (
    countTCPInPkt (vp, Fid, TOL, Tstart, Tend)) / (Tend - Tstart) .
Warning: "smc_cp3-refactored.maude", line 724 (mod SMC_CP3): multiple distinct
    parses for statement
eq compObsFeatureX (vp, dnsQueryRate, TOL, Tstart, Tend) = float (countDNSQuery
    (vp, TOL, Tstart, Tend)) / (Tend - Tstart) .
Warning: "smc_cp3-refactored.maude", line 738 (mod SMC_CP3): multiple distinct
    parses for statement
eq compObsFeatureX (vp, tcpUpRate, TOL, Tstart, Tend) = float (sizeTCPUpload (
    vp, TOL, Tstart, Tend)) / (Tend - Tstart) .
Warning: "smc_cp3-refactored.maude", line 740 (mod SMC_CP3): multiple distinct
    parses for statement
eq compObsFeatureX (vp, tcpDownRate, TOL, Tstart, Tend) = float (
    sizeTCPDownload (vp, TOL, Tstart, Tend)) / (Tend - Tstart) .
Warning: "smc_cp3-refactored.maude", line 748 (mod SMC_CP3): multiple distinct
    parses for statement
eq compObsFeatureX (vp, tcpOutPktRate, TOL, Tstart, Tend) = float (
    countTCPOutPkt (vp, TOL, Tstart, Tend)) / (Tend - Tstart) .
Warning: "smc_cp3-refactored.maude", line 750 (mod SMC_CP3): multiple distinct
    parses for statement
eq compObsFeatureX (vp, tcpInPktRate, TOL, Tstart, Tend) = float (countTCPInPkt
    (vp, TOL, Tstart, Tend)) / (Tend - Tstart) .
Warning: "smc_cp3-refactored.maude", line 911 (mod SMC_CP3): multiple distinct
    parses for statement
ceq expectedKObsFeature (vp, obsF, baselineCDF, binECDFs, T, Tend, winSize,
    binSize, Ksum, N) = if KD >= 0.0 then expectedKObsFeature (vp, obsF,
    baselineCDF, binECDFs, T + binSize, Tend, winSize, binSize, Ksum + KD, N +
    1) else expectedKObsFeature (vp, obsF, baselineCDF, binECDFs, T + binSize,
    Tend, winSize, binSize, Ksum, N) fi if (T + winSize) <= (Tend + Tesp) /\
    ECDF := sort (getECDFObsFeatureRange (binECDFs, floor (rat (T / binSize)),
    (floor (rat (T / binSize)) + floor (rat (winSize / binSize))) - 1)) /\ KD
    := KsDistance (baselineCDF, ECDF) .
Warning: "smc_cp3-refactored.maude", line 1079 (mod SMC_CP3): multiple distinct
    parses for statement
eq getCUSUMZt (< ADDR : Adversary | gt: (bl (vp, obsF, K, Zt) :; blList), attrs
    >, vp, obsF, Tstart, Tend, winSize, binSize) = cusumRange (Zt, floor (rat (
    Tstart / binSize)), floor (rat ((Tend - winSize) / binSize))) .
==========================================
rewrite in HCS-TEST-BASELINE-TCPPKTSIZE-IXPN : run((initState(counter) [
    tgenDelay, to baseLineAddr from baseLineAddr : initBase, 0]) 
{0.0 |
nil}, slimit) .
rewrites: 47840765537 in 10880964ms cpu (10880963ms real) (4396739
    rewrites/second)
result Actor: 
< baseLineAddr : BaseLineMonitor | viewPts: ixpN, features: tcpPktSize,
    baseLine: bl(ixpN, tcpPktSize, 7.9682019810691854e-2, 5.2e+1 5.2e+1 5.2e+1
    5.2e+1 5.2e+1 5.2e+1 5.2e+1 5.2e+1 5.2e+1 5.2e+1 5.2e+1 5.2e+1 5.2e+1
    5.2e+1 5.8e+1 5.8e+1 5.8e+1 5.8e+1 5.8e+1 5.8e+1 5.8399999999999999e+1
    5.85e+1 5.85e+1 5.8571428571428569e+1 5.8571428571428569e+1
    5.8666666666666664e+1 5.8666666666666664e+1 5.8666666666666664e+1
    5.8666666666666664e+1 5.8666666666666664e+1 5.8666666666666664e+1
    5.8666666666666664e+1 5.8666666666666664e+1 5.8666666666666664e+1
    5.8666666666666664e+1 5.8666666666666664e+1 5.8666666666666664e+1
    5.8666666666666664e+1 5.8666666666666664e+1 5.8666666666666664e+1
    5.8666666666666664e+1 5.8666666666666664e+1 5.8666666666666664e+1
    5.8666666666666664e+1 5.8666666666666664e+1 5.8666666666666664e+1
    5.8666666666666664e+1 5.8666666666666664e+1 5.8666666666666664e+1
    5.8666666666666664e+1 5.8666666666666664e+1 5.8666666666666664e+1
    5.8666666666666664e+1 5.8666666666666664e+1 5.8666666666666664e+1
    5.8666666666666664e+1 5.8666666666666664e+1 5.8666666666666664e+1
    5.8666666666666664e+1 5.8666666666666664e+1 5.8666666666666664e+1
    5.8666666666666664e+1 5.8666666666666664e+1 5.8666666666666664e+1
    5.8666666666666664e+1 5.8666666666666664e+1 5.8666666666666664e+1
    5.8666666666666664e+1 5.8666666666666664e+1 5.8666666666666664e+1
    5.8666666666666664e+1 5.8666666666666664e+1 5.8666666666666664e+1
    5.8666666666666664e+1 5.8666666666666664e+1 5.8666666666666664e+1
    5.8666666666666664e+1 5.8666666666666664e+1 5.8666666666666664e+1
    5.8666666666666664e+1 5.8666666666666664e+1 5.8666666666666664e+1
    5.8666666666666664e+1 5.8666666666666664e+1 5.8666666666666664e+1
    5.8666666666666664e+1 5.8666666666666664e+1 5.8666666666666664e+1
    5.8666666666666664e+1 5.8666666666666664e+1 5.8666666666666664e+1
    5.8666666666666664e+1 5.8666666666666664e+1 5.8666666666666664e+1
    5.8666666666666664e+1 5.8666666666666664e+1 5.8666666666666664e+1
    5.8666666666666664e+1 5.8666666666666664e+1 5.8666666666666664e+1
    5.8666666666666664e+1 5.8666666666666664e+1 5.8666666666666664e+1
    5.8666666666666664e+1 5.8666666666666664e+1 5.8666666666666664e+1
    5.8666666666666664e+1 5.8666666666666664e+1 5.8666666666666664e+1
    5.8666666666666664e+1 5.8666666666666664e+1 5.8666666666666664e+1
    5.8666666666666664e+1 5.8666666666666664e+1 5.8666666666666664e+1
    5.8666666666666664e+1 5.8666666666666664e+1 5.8666666666666664e+1
    5.8666666666666664e+1 5.8666666666666664e+1 5.8666666666666664e+1
    5.8666666666666664e+1 5.8666666666666664e+1 5.8666666666666664e+1
    5.8666666666666664e+1 5.8666666666666664e+1 5.8666666666666664e+1
    5.8666666666666664e+1 5.8666666666666664e+1 5.8666666666666664e+1
    5.8666666666666664e+1 5.8666666666666664e+1 5.8666666666666664e+1
    5.8666666666666664e+1 5.8666666666666664e+1 5.8666666666666664e+1
    5.8666666666666664e+1 5.8666666666666664e+1 5.8666666666666664e+1
    5.8666666666666664e+1 5.8666666666666664e+1 5.8666666666666664e+1
    5.8666666666666664e+1 5.8666666666666664e+1 5.8666666666666664e+1
    5.8666666666666664e+1 5.8666666666666664e+1 5.8666666666666664e+1
    5.8666666666666664e+1 5.8666666666666664e+1 5.8666666666666664e+1
    5.8666666666666664e+1 5.8666666666666664e+1 5.8666666666666664e+1
    5.8666666666666664e+1 5.8666666666666664e+1 5.8666666666666664e+1
    5.8666666666666664e+1 5.8666666666666664e+1 5.8666666666666664e+1
    5.8666666666666664e+1 5.8666666666666664e+1 5.8666666666666664e+1
    5.8666666666666664e+1 5.8666666666666664e+1 5.8666666666666664e+1
    5.8666666666666664e+1 5.8666666666666664e+1 5.8666666666666664e+1
    5.8666666666666664e+1 5.8666666666666664e+1 5.8666666666666664e+1
    5.8666666666666664e+1 5.8666666666666664e+1 5.8666666666666664e+1
    5.8666666666666664e+1 5.8666666666666664e+1 5.8666666666666664e+1
    5.8666666666666664e+1 5.8666666666666664e+1 5.8666666666666664e+1
    5.8666666666666664e+1 5.8666666666666664e+1 5.8666666666666664e+1
    5.8666666666666664e+1 5.8666666666666664e+1 5.8666666666666664e+1
    5.8666666666666664e+1 5.8666666666666664e+1 5.8666666666666664e+1
    5.8666666666666664e+1 5.8666666666666664e+1 5.8666666666666664e+1
    5.8666666666666664e+1 5.8666666666666664e+1 5.8666666666666664e+1
    5.8666666666666664e+1 5.8666666666666664e+1 5.8666666666666664e+1
    5.8666666666666664e+1 5.8666666666666664e+1 5.8666666666666664e+1
    5.8666666666666664e+1 5.8666666666666664e+1 5.8666666666666664e+1
    5.8666666666666664e+1 5.8666666666666664e+1 5.8666666666666664e+1
    5.8666666666666664e+1 5.8666666666666664e+1 5.8666666666666664e+1
    5.8666666666666664e+1 5.8666666666666664e+1 5.8666666666666664e+1
    5.8666666666666664e+1 5.8666666666666664e+1 5.8666666666666664e+1
    5.8666666666666664e+1 5.8666666666666664e+1 5.8666666666666664e+1
    5.8666666666666664e+1 5.8666666666666664e+1 5.8666666666666664e+1
    5.8666666666666664e+1 5.8666666666666664e+1 5.8666666666666664e+1
    5.8666666666666664e+1 5.8666666666666664e+1 5.8666666666666664e+1
    5.8666666666666664e+1 5.8666666666666664e+1 5.8666666666666664e+1
    5.8666666666666664e+1 5.8666666666666664e+1 5.8666666666666664e+1
    5.8666666666666664e+1 5.8666666666666664e+1 5.8666666666666664e+1
    5.8666666666666664e+1 5.8666666666666664e+1 5.8666666666666664e+1
    5.8666666666666664e+1 5.8666666666666664e+1 5.8666666666666664e+1
    5.8666666666666664e+1 5.8666666666666664e+1 5.8666666666666664e+1
    5.8666666666666664e+1 5.8666666666666664e+1 5.8666666666666664e+1
    5.8666666666666664e+1 5.8666666666666664e+1 5.8666666666666664e+1
    5.8666666666666664e+1 5.8666666666666664e+1 5.8666666666666664e+1
    5.8666666666666664e+1 5.8666666666666664e+1 5.8666666666666664e+1
    5.8666666666666664e+1 5.8666666666666664e+1 5.8666666666666664e+1
    5.8666666666666664e+1 5.8666666666666664e+1 5.8666666666666664e+1
    5.8666666666666664e+1 5.8666666666666664e+1 5.8666666666666664e+1
    5.8666666666666664e+1 5.8666666666666664e+1 5.8666666666666664e+1
    5.8666666666666664e+1 5.8666666666666664e+1 5.8666666666666664e+1
    5.8666666666666664e+1 5.8666666666666664e+1 5.8666666666666664e+1
    5.8666666666666664e+1 5.8666666666666664e+1 5.8666666666666664e+1
    5.8666666666666664e+1 5.8666666666666664e+1 5.8666666666666664e+1
    5.8666666666666664e+1 5.8666666666666664e+1 5.8666666666666664e+1
    5.8666666666666664e+1 5.8666666666666664e+1 5.8666666666666664e+1
    5.8666666666666664e+1 5.8666666666666664e+1 5.8666666666666664e+1
    5.8666666666666664e+1 5.8666666666666664e+1 5.8666666666666664e+1
    5.8666666666666664e+1 5.8666666666666664e+1 5.8666666666666664e+1
    5.8666666666666664e+1 5.8666666666666664e+1 5.8666666666666664e+1
    5.8666666666666664e+1 5.8666666666666664e+1 5.8666666666666664e+1
    5.8666666666666664e+1 5.8666666666666664e+1 5.8666666666666664e+1
    5.8666666666666664e+1 5.8666666666666664e+1 5.8666666666666664e+1
    5.8666666666666664e+1 5.8666666666666664e+1 5.8666666666666664e+1
    5.8666666666666664e+1 5.8666666666666664e+1 5.8666666666666664e+1
    5.8666666666666664e+1 5.8666666666666664e+1 5.8666666666666664e+1
    5.8666666666666664e+1 5.8666666666666664e+1 5.8666666666666664e+1
    5.8666666666666664e+1 5.8666666666666664e+1 5.8666666666666664e+1
    5.8666666666666664e+1 5.8666666666666664e+1 5.8666666666666664e+1
    5.8666666666666664e+1 5.8666666666666664e+1 5.8666666666666664e+1
    5.8666666666666664e+1 5.8666666666666664e+1 5.8666666666666664e+1
    5.8666666666666664e+1 5.8666666666666664e+1 5.8666666666666664e+1
    5.8666666666666664e+1 5.8666666666666664e+1 5.8666666666666664e+1
    5.8666666666666664e+1 5.8666666666666664e+1 5.8666666666666664e+1
    5.8666666666666664e+1 5.8666666666666664e+1 5.8666666666666664e+1
    5.8666666666666664e+1 5.8666666666666664e+1 5.8666666666666664e+1
    5.8666666666666664e+1 5.875e+1 5.8799999999999997e+1 5.8799999999999997e+1
    5.9e+1 5.9e+1 5.9333333333333336e+1 5.9555555555555557e+1
    5.9666666666666664e+1 5.9714285714285715e+1 5.9785714285714285e+1
    5.9785714285714285e+1 6.0e+1 6.0e+1 6.0e+1 6.0e+1 6.0e+1 6.0e+1 6.0e+1
    6.0e+1 6.0090909090909093e+1 6.0090909090909093e+1 6.0090909090909093e+1
    6.0090909090909093e+1 6.0090909090909093e+1 6.0090909090909093e+1
    6.0090909090909093e+1 6.0090909090909093e+1 6.0090909090909093e+1
    6.0090909090909093e+1 6.0090909090909093e+1 6.0090909090909093e+1
    6.0090909090909093e+1 6.0090909090909093e+1 6.0090909090909093e+1
    6.0090909090909093e+1 6.0090909090909093e+1 6.0090909090909093e+1
    6.0090909090909093e+1 6.0090909090909093e+1 6.0090909090909093e+1
    6.0090909090909093e+1 6.0090909090909093e+1 6.0090909090909093e+1
    6.0090909090909093e+1 6.0090909090909093e+1 6.0090909090909093e+1
    6.0090909090909093e+1 6.0090909090909093e+1 6.0100000000000001e+1
    6.0299999999999997e+1 6.0444444444444443e+1 6.0444444444444443e+1 6.05e+1
    6.05e+1 6.0583333333333336e+1 6.0625e+1 6.0625e+1 6.0625e+1 6.0625e+1
    6.0625e+1 6.0625e+1 6.0625e+1 6.0625e+1 6.0625e+1 6.0625e+1 6.0625e+1
    6.0625e+1 6.0625e+1 6.0625e+1 6.0625e+1 6.0625e+1 6.0625e+1 6.0625e+1
    6.0625e+1 6.0625e+1 6.0625e+1 6.0625e+1 6.0625e+1 6.0625e+1 6.0625e+1
    6.0625e+1 6.0625e+1 6.0625e+1 6.0625e+1 6.0625e+1 6.0625e+1 6.0625e+1
    6.0625e+1 6.0625e+1 6.0625e+1 6.0625e+1 6.0625e+1 6.0625e+1 6.0625e+1
    6.0625e+1 6.0625e+1 6.0625e+1 6.0625e+1 6.0625e+1 6.0625e+1 6.0625e+1
    6.0625e+1 6.0625e+1 6.0625e+1 6.0625e+1 6.0625e+1 6.0625e+1 6.0625e+1
    6.0625e+1 6.0625e+1 6.0625e+1 6.0625e+1 6.0625e+1 6.0625e+1 6.0625e+1
    6.0625e+1 6.0625e+1 6.0625e+1 6.0625e+1 6.0625e+1 6.0625e+1 6.0625e+1
    6.0625e+1 6.0625e+1 6.0625e+1 6.0625e+1 6.0625e+1 6.0625e+1 6.0625e+1
    6.0666666666666664e+1 6.0727272727272727e+1 6.081818181818182e+1
    6.0857142857142854e+1 6.1e+1 6.1e+1 6.107692307692308e+1
    6.107692307692308e+1 6.107692307692308e+1 6.107692307692308e+1
    6.107692307692308e+1 6.107692307692308e+1 6.107692307692308e+1
    6.107692307692308e+1 6.1200000000000003e+1 6.1333333333333336e+1
    6.1333333333333336e+1 6.1333333333333336e+1 6.1333333333333336e+1
    6.1333333333333336e+1 6.1333333333333336e+1 6.1333333333333336e+1
    6.1333333333333336e+1 6.1333333333333336e+1 6.1333333333333336e+1
    6.1333333333333336e+1 6.1333333333333336e+1 6.1333333333333336e+1
    6.1333333333333336e+1 6.1333333333333336e+1 6.1333333333333336e+1
    6.1333333333333336e+1 6.1333333333333336e+1 6.1333333333333336e+1
    6.1333333333333336e+1 6.1333333333333336e+1 6.1333333333333336e+1
    6.1333333333333336e+1 6.1333333333333336e+1 6.1333333333333336e+1
    6.1333333333333336e+1 6.1333333333333336e+1 6.1333333333333336e+1
    6.1333333333333336e+1 6.1333333333333336e+1 6.1333333333333336e+1
    6.1333333333333336e+1 6.1333333333333336e+1 6.1333333333333336e+1
    6.1333333333333336e+1 6.1333333333333336e+1 6.1333333333333336e+1
    6.1333333333333336e+1 6.1333333333333336e+1 6.1333333333333336e+1
    6.1333333333333336e+1 6.1333333333333336e+1 6.1333333333333336e+1
    6.1333333333333336e+1 6.1333333333333336e+1 6.1333333333333336e+1
    6.1333333333333336e+1 6.1333333333333336e+1 6.1333333333333336e+1
    6.1333333333333336e+1 6.1333333333333336e+1 6.1333333333333336e+1
    6.1333333333333336e+1 6.1333333333333336e+1 6.1333333333333336e+1
    6.1333333333333336e+1 6.1333333333333336e+1 6.1333333333333336e+1
    6.1333333333333336e+1 6.1333333333333336e+1 6.1333333333333336e+1
    6.1333333333333336e+1 6.1333333333333336e+1 6.1333333333333336e+1
    6.1333333333333336e+1 6.1333333333333336e+1 6.1333333333333336e+1
    6.1333333333333336e+1 6.1333333333333336e+1 6.1333333333333336e+1
    6.1333333333333336e+1 6.1333333333333336e+1 6.1333333333333336e+1
    6.1333333333333336e+1 6.1333333333333336e+1 6.1333333333333336e+1
    6.1333333333333336e+1 6.1333333333333336e+1 6.1333333333333336e+1
    6.1333333333333336e+1 6.1333333333333336e+1 6.1333333333333336e+1
    6.1333333333333336e+1 6.1333333333333336e+1 6.1333333333333336e+1
    6.1333333333333336e+1 6.1333333333333336e+1 6.1333333333333336e+1
    6.1333333333333336e+1 6.1333333333333336e+1 6.1333333333333336e+1
    6.1333333333333336e+1 6.1333333333333336e+1 6.1333333333333336e+1
    6.1333333333333336e+1 6.1333333333333336e+1 6.1333333333333336e+1
    6.1333333333333336e+1 6.1333333333333336e+1 6.1333333333333336e+1
    6.1333333333333336e+1 6.1333333333333336e+1 6.1333333333333336e+1
    6.1333333333333336e+1 6.1333333333333336e+1 6.1333333333333336e+1
    6.1333333333333336e+1 6.1333333333333336e+1 6.1333333333333336e+1
    6.1333333333333336e+1 6.1333333333333336e+1 6.1333333333333336e+1
    6.1333333333333336e+1 6.1333333333333336e+1 6.1333333333333336e+1
    6.1333333333333336e+1 6.1333333333333336e+1 6.1333333333333336e+1
    6.1333333333333336e+1 6.1333333333333336e+1 6.1333333333333336e+1
    6.1333333333333336e+1 6.1333333333333336e+1 6.1333333333333336e+1
    6.1333333333333336e+1 6.1333333333333336e+1 6.1333333333333336e+1
    6.1333333333333336e+1 6.1333333333333336e+1 6.1333333333333336e+1
    6.1333333333333336e+1 6.1333333333333336e+1 6.1333333333333336e+1
    6.1333333333333336e+1 6.1333333333333336e+1 6.1333333333333336e+1
    6.1333333333333336e+1 6.1333333333333336e+1 6.1333333333333336e+1
    6.1333333333333336e+1 6.1333333333333336e+1 6.1333333333333336e+1
    6.1333333333333336e+1 6.1333333333333336e+1 6.1333333333333336e+1
    6.1333333333333336e+1 6.1333333333333336e+1 6.1333333333333336e+1
    6.1333333333333336e+1 6.1333333333333336e+1 6.1333333333333336e+1
    6.1333333333333336e+1 6.1333333333333336e+1 6.1333333333333336e+1
    6.1333333333333336e+1 6.1333333333333336e+1 6.1333333333333336e+1
    6.1333333333333336e+1 6.1333333333333336e+1 6.1333333333333336e+1
    6.1333333333333336e+1 6.1333333333333336e+1 6.1333333333333336e+1
    6.1333333333333336e+1 6.1333333333333336e+1 6.1333333333333336e+1
    6.1333333333333336e+1 6.1333333333333336e+1 6.1333333333333336e+1
    6.1333333333333336e+1 6.1333333333333336e+1 6.15e+1 6.1625e+1 6.175e+1
    6.1799999999999997e+1 6.1799999999999997e+1 6.1799999999999997e+1
    6.1799999999999997e+1 6.1799999999999997e+1 6.1799999999999997e+1
    6.1799999999999997e+1 6.1799999999999997e+1 6.1799999999999997e+1
    6.1799999999999997e+1 6.1799999999999997e+1 6.1799999999999997e+1
    6.1799999999999997e+1 6.1799999999999997e+1 6.1799999999999997e+1
    6.1799999999999997e+1 6.1799999999999997e+1 6.1799999999999997e+1
    6.1799999999999997e+1 6.1799999999999997e+1 6.1799999999999997e+1
    6.1799999999999997e+1 6.1799999999999997e+1 6.1799999999999997e+1
    6.1799999999999997e+1 6.1799999999999997e+1 6.1799999999999997e+1
    6.1799999999999997e+1 6.1799999999999997e+1 6.1799999999999997e+1
    6.1799999999999997e+1 6.1799999999999997e+1 6.1799999999999997e+1
    6.1799999999999997e+1 6.1799999999999997e+1 6.1799999999999997e+1
    6.1799999999999997e+1 6.1799999999999997e+1 6.1799999999999997e+1
    6.1799999999999997e+1 6.1799999999999997e+1 6.1799999999999997e+1
    6.1799999999999997e+1 6.2142857142857146e+1 6.2285714285714285e+1 6.35e+1
    6.7e+1 6.8e+1 6.8166666666666671e+1 7.2125e+1 7.3e+1 7.3e+1 7.3e+1 7.3e+1
    7.4e+1 7.475e+1 7.5e+1 7.5e+1 7.5e+1 7.5e+1 7.5e+1 7.5e+1 7.5e+1 7.5e+1
    7.5e+1 7.5e+1 7.5e+1 7.5e+1 7.5e+1 7.6e+1 7.6e+1 7.6e+1 7.6e+1 7.6e+1
    7.6e+1 7.6e+1 7.6e+1 7.6e+1 7.6e+1 7.6e+1 7.675e+1 7.7e+1 7.7e+1 7.7e+1
    7.7e+1 7.7e+1 7.7666666666666671e+1 7.8e+1 7.8e+1 7.8e+1 7.8e+1 7.825e+1
    7.8666666666666671e+1 7.9e+1 7.9e+1 7.9e+1 7.9e+1 7.9e+1 7.9e+1
    7.9333333333333329e+1 7.975e+1 8.0e+1 8.0e+1 8.0e+1 8.0e+1 8.0e+1 8.0e+1
    8.0e+1 8.05e+1 8.1e+1 8.1e+1 8.1e+1 8.1e+1 8.1e+1 8.1400000000000006e+1
    8.1666666666666671e+1 8.2e+1 8.2e+1 8.2e+1 8.2e+1 8.2e+1 8.2e+1 8.2e+1
    8.2e+1 8.25e+1 8.25e+1 8.25e+1 8.25e+1 8.2666666666666671e+1 8.3e+1 8.3e+1
    8.3e+1 8.3e+1 8.3e+1 8.3e+1 8.3e+1 8.3e+1 8.3e+1 8.3333333333333329e+1
    8.3333333333333329e+1 8.35e+1 8.3666666666666671e+1 8.4e+1 8.4e+1 8.4e+1
    8.4e+1 8.4e+1 8.4e+1 8.4e+1 8.4e+1 8.4e+1 8.4400000000000006e+1 8.45e+1
    8.4599999999999994e+1 8.5e+1 8.5e+1 8.5e+1 8.5e+1 8.5e+1 8.5e+1 8.5e+1
    8.525e+1 8.5400000000000006e+1 8.55e+1 8.55e+1 8.575e+1
    8.5799999999999997e+1 8.6e+1 8.6e+1 8.6e+1 8.6e+1 8.6e+1 8.6e+1 8.6e+1
    8.6e+1 8.6e+1 8.625e+1 8.625e+1 8.625e+1 8.625e+1 8.625e+1 8.625e+1
    8.625e+1 8.625e+1 8.625e+1 8.625e+1 8.625e+1 8.625e+1 8.625e+1 8.625e+1
    8.625e+1 8.625e+1 8.625e+1 8.625e+1 8.625e+1 8.625e+1 8.625e+1 8.625e+1
    8.625e+1 8.625e+1 8.625e+1 8.625e+1 8.625e+1 8.625e+1 8.625e+1 8.625e+1
    8.625e+1 8.625e+1 8.625e+1 8.625e+1 8.625e+1 8.625e+1 8.625e+1 8.625e+1
    8.625e+1 8.625e+1 8.625e+1 8.625e+1 8.625e+1 8.625e+1 8.625e+1 8.625e+1
    8.625e+1 8.625e+1 8.625e+1 8.625e+1 8.625e+1 8.625e+1 8.625e+1 8.625e+1
    8.625e+1 8.625e+1 8.625e+1 8.625e+1 8.625e+1 8.625e+1 8.625e+1 8.625e+1
    8.625e+1 8.625e+1 8.625e+1 8.625e+1 8.625e+1 8.625e+1 8.625e+1 8.625e+1
    8.625e+1 8.625e+1 8.625e+1 8.625e+1 8.625e+1 8.625e+1 8.625e+1 8.625e+1
    8.625e+1 8.625e+1 8.625e+1 8.625e+1 8.625e+1 8.625e+1 8.625e+1 8.625e+1
    8.625e+1 8.625e+1 8.625e+1 8.625e+1 8.625e+1 8.625e+1 8.625e+1 8.625e+1
    8.625e+1 8.625e+1 8.625e+1 8.625e+1 8.625e+1 8.625e+1 8.625e+1 8.625e+1
    8.625e+1 8.625e+1 8.625e+1 8.625e+1 8.625e+1 8.625e+1 8.625e+1
    8.6333333333333329e+1 8.6333333333333329e+1 8.65e+1 8.663636363636364e+1
    8.6857142857142861e+1 8.7e+1 8.7e+1 8.7e+1 8.7e+1 8.7e+1 8.7e+1
    8.7200000000000003e+1 8.75e+1 8.75e+1 8.7666666666666671e+1 8.775e+1
    8.7799999999999997e+1 8.8e+1 8.8e+1 8.8e+1 8.8e+1 8.8e+1 8.8e+1 8.8e+1
    8.8e+1 8.8e+1 8.8166666666666671e+1 8.825e+1 8.8333333333333329e+1 8.85e+1
    8.8571428571428569e+1 8.875e+1 8.9e+1 8.9e+1 8.9e+1 8.9e+1 8.9e+1 8.9e+1
    8.9e+1 8.925e+1 8.9333333333333329e+1 8.95e+1 8.95e+1 8.9599999999999994e+1
    8.9714285714285708e+1 9.0e+1 9.0e+1 9.0e+1 9.0e+1 9.0e+1 9.0e+1 9.0e+1
    9.0e+1 9.0e+1 9.0e+1 9.025e+1 9.0333333333333329e+1 9.0333333333333329e+1
    9.0333333333333329e+1 9.05e+1 9.05e+1 9.0599999999999994e+1
    9.0666666666666671e+1 9.075e+1 9.1e+1 9.1e+1 9.1e+1 9.1e+1 9.1e+1 9.1e+1
    9.1e+1 9.1111111111111114e+1 9.125e+1 9.1333333333333329e+1
    9.1400000000000006e+1 9.15e+1 9.15e+1 9.15e+1 9.1666666666666671e+1
    9.175e+1 9.2e+1 9.2e+1 9.2e+1 9.2e+1 9.2e+1 9.2e+1 9.2e+1 9.2e+1 9.2e+1
    9.2e+1 9.2e+1 9.2125e+1 9.225e+1 9.2333333333333329e+1 9.25e+1 9.25e+1
    9.2799999999999997e+1 9.3e+1 9.3e+1 9.3e+1 9.3e+1 9.3e+1 9.3e+1 9.3e+1
    9.3e+1 9.3e+1 9.3e+1 9.3e+1 9.3e+1 9.3e+1 9.3e+1 9.3e+1 9.3e+1 9.3e+1
    9.3e+1 9.3e+1 9.3e+1 9.3e+1 9.3e+1 9.3e+1 9.3e+1 9.3e+1 9.3e+1 9.3e+1
    9.3e+1 9.3e+1 9.3e+1 9.3e+1 9.3e+1 9.3e+1 9.3e+1 9.3e+1 9.3e+1 9.3e+1
    9.3e+1 9.3e+1 9.3e+1 9.3e+1 9.3e+1 9.3e+1 9.3e+1 9.3e+1 9.3e+1 9.3e+1
    9.3e+1 9.3e+1 9.3e+1 9.3e+1 9.3e+1 9.3e+1 9.3166666666666671e+1
    9.3285714285714292e+1 9.3333333333333329e+1 9.35e+1 9.35e+1
    9.3666666666666671e+1 9.3666666666666671e+1 9.375e+1 9.4e+1 9.4e+1 9.4e+1
    9.4e+1 9.4e+1 9.4e+1 9.4e+1 9.4e+1 9.4e+1 9.4e+1 9.4e+1 9.4e+1 9.4e+1
    9.4e+1 9.4e+1 9.4e+1 9.4e+1 9.4e+1 9.4e+1 9.4e+1 9.4e+1 9.4e+1 9.4e+1
    9.4e+1 9.4e+1 9.4e+1 9.4e+1 9.4e+1 9.4e+1 9.4e+1 9.4e+1 9.4e+1 9.4e+1
    9.4e+1 9.4e+1 9.4e+1 9.4e+1 9.4e+1 9.4e+1 9.4e+1 9.4e+1 9.4e+1 9.4e+1
    9.4e+1 9.4e+1 9.4e+1 9.4e+1 9.4e+1 9.4e+1 9.4e+1 9.4e+1 9.4e+1 9.4e+1
    9.4e+1 9.4e+1 9.4e+1 9.4e+1 9.4e+1 9.4e+1 9.4e+1 9.4e+1 9.4e+1 9.4e+1
    9.4e+1 9.4e+1 9.4e+1 9.4e+1 9.4e+1 9.4e+1 9.4e+1 9.4e+1 9.4e+1 9.4e+1
    9.4e+1 9.4e+1 9.4e+1 9.4e+1 9.4e+1 9.4e+1 9.4e+1 9.4e+1 9.4e+1 9.4e+1
    9.4e+1 9.4e+1 9.4e+1 9.4e+1 9.4e+1 9.4e+1 9.4e+1 9.4e+1 9.4e+1 9.4e+1
    9.4e+1 9.4e+1 9.4e+1 9.4e+1 9.4e+1 9.4e+1 9.4e+1 9.4e+1 9.4e+1 9.4e+1
    9.4e+1 9.4e+1 9.4e+1 9.4e+1 9.4e+1 9.4e+1 9.4e+1 9.4e+1 9.4e+1 9.4e+1
    9.4e+1 9.4e+1 9.4e+1 9.4e+1 9.4e+1 9.4e+1 9.4e+1 9.4e+1 9.4e+1 9.4e+1
    9.4e+1 9.4e+1 9.4e+1 9.4e+1 9.4e+1 9.4e+1 9.4e+1 9.4e+1 9.4e+1 9.4e+1
    9.4e+1 9.4e+1 9.4e+1 9.4e+1 9.4e+1 9.4e+1 9.4e+1 9.4e+1 9.4e+1 9.4e+1
    9.4e+1 9.4e+1 9.4e+1 9.4e+1 9.4e+1 9.4e+1 9.4e+1 9.4e+1 9.4e+1 9.4e+1
    9.4e+1 9.4e+1 9.4e+1 9.4e+1 9.4e+1 9.4e+1 9.4e+1 9.4e+1 9.4e+1 9.4e+1
    9.4e+1 9.4e+1 9.4e+1 9.4e+1 9.4e+1 9.4e+1 9.4e+1 9.4e+1 9.4e+1 9.4e+1
    9.4e+1 9.4e+1 9.4e+1 9.4e+1 9.4e+1 9.4e+1 9.4e+1 9.4e+1 9.4e+1 9.4e+1
    9.4e+1 9.4e+1 9.4e+1 9.4e+1 9.4e+1 9.4e+1 9.4e+1 9.4e+1 9.4e+1 9.4e+1
    9.4e+1 9.4e+1 9.4e+1 9.4e+1 9.4e+1 9.4e+1 9.4e+1 9.4e+1 9.4e+1 9.4e+1
    9.4e+1 9.4e+1 9.4e+1 9.4e+1 9.4e+1 9.4e+1 9.4e+1 9.4e+1 9.4e+1 9.4e+1
    9.4e+1 9.4e+1 9.4e+1 9.4e+1 9.4e+1 9.4e+1 9.4e+1 9.4e+1 9.4e+1 9.4e+1
    9.4e+1 9.4e+1 9.4e+1 9.4e+1 9.4e+1 9.4e+1 9.4e+1 9.4e+1 9.4e+1 9.4e+1
    9.4e+1 9.4e+1 9.4e+1 9.4e+1 9.4e+1 9.4e+1 9.4e+1 9.4e+1 9.4e+1 9.4e+1
    9.4e+1 9.4e+1 9.4e+1 9.4e+1 9.4200000000000003e+1 9.4333333333333329e+1
    9.45e+1 9.45e+1 9.45e+1 9.4571428571428569e+1 9.4625e+1
    9.4714285714285708e+1 9.475e+1 9.5e+1 9.5e+1 9.5e+1 9.5e+1 9.5e+1 9.5e+1
    9.5e+1 9.5e+1 9.5e+1 9.5e+1 9.5e+1 9.5e+1 9.5e+1 9.5e+1 9.5e+1 9.5e+1
    9.5e+1 9.5e+1 9.5e+1 9.5e+1 9.5e+1 9.5e+1 9.5e+1 9.5e+1 9.5e+1 9.5e+1
    9.5e+1 9.5e+1 9.5e+1 9.5e+1 9.5e+1 9.5e+1 9.5e+1 9.5e+1 9.5e+1 9.5e+1
    9.5e+1 9.5e+1 9.5e+1 9.5e+1 9.5e+1 9.5e+1 9.5e+1 9.5e+1 9.5e+1 9.5e+1
    9.5e+1 9.5e+1 9.5e+1 9.5e+1 9.5e+1 9.5e+1 9.5e+1 9.5e+1 9.5e+1 9.5e+1
    9.5e+1 9.5e+1 9.5e+1 9.5e+1 9.525e+1 9.5285714285714292e+1
    9.5400000000000006e+1 9.55e+1 9.55e+1 9.5599999999999994e+1
    9.5666666666666671e+1 9.575e+1 9.5875e+1 9.6e+1 9.6e+1 9.6e+1 9.6e+1 9.6e+1
    9.6e+1 9.6e+1 9.6125e+1 9.6333333333333329e+1 9.6333333333333329e+1
    9.6333333333333329e+1 9.6400000000000006e+1 9.65e+1 9.6666666666666671e+1
    9.675e+1 9.6799999999999997e+1 9.7e+1 9.7e+1 9.7e+1 9.7e+1 9.7e+1 9.7e+1
    9.7e+1 9.7e+1 9.7e+1 9.7e+1 9.7e+1 9.7e+1 9.725e+1 9.725e+1
    9.7333333333333329e+1 9.7333333333333329e+1 9.7333333333333329e+1
    9.7400000000000006e+1 9.75e+1 9.75e+1 9.7666666666666671e+1
    9.7666666666666671e+1 9.7666666666666671e+1 9.775e+1 9.7799999999999997e+1
    9.8e+1 9.8e+1 9.8e+1 9.8e+1 9.8e+1 9.8e+1 9.8e+1 9.8e+1 9.8e+1 9.8e+1
    9.8e+1 9.8142857142857139e+1 9.825e+1 9.8333333333333329e+1
    9.8333333333333329e+1 9.8416666666666671e+1 9.85e+1 9.85e+1 9.85e+1
    9.8599999999999994e+1 9.8666666666666671e+1 9.8888888888888886e+1 9.9e+1
    9.9e+1 9.9e+1 9.9e+1 9.9e+1 9.9e+1 9.9e+1 9.9e+1 9.9e+1 9.9e+1 9.9e+1
    9.9e+1 9.9e+1 9.9e+1 9.9e+1 9.9e+1 9.9e+1 9.9e+1 9.9e+1 9.9e+1 9.9e+1
    9.9e+1 9.9e+1 9.9e+1 9.9e+1 9.9e+1 9.9e+1 9.9e+1 9.9e+1 9.9e+1 9.9e+1
    9.9e+1 9.9e+1 9.9e+1 9.9e+1 9.9e+1 9.9e+1 9.9e+1 9.9e+1 9.9e+1 9.9e+1
    9.9e+1 9.9e+1 9.9e+1 9.9e+1 9.9e+1 9.9e+1 9.9e+1 9.9e+1 9.9e+1 9.9e+1
    9.9e+1 9.9e+1 9.9e+1 9.9e+1 9.9e+1 9.9e+1 9.9e+1 9.9e+1 9.9e+1 9.9e+1
    9.9e+1 9.9e+1 9.9e+1 9.9e+1 9.9e+1 9.9e+1 9.9e+1 9.9e+1 9.9e+1 9.9e+1
    9.9166666666666671e+1 9.9200000000000003e+1 9.925e+1 9.9285714285714292e+1
    9.9333333333333329e+1 9.95e+1 9.95e+1 9.95e+1 9.963636363636364e+1 9.975e+1
    9.9833333333333329e+1 9.9875e+1 1.0e+2 1.0e+2 1.0e+2 1.0e+2 1.0e+2 1.0e+2
    1.0e+2 1.0e+2 1.0e+2 1.0e+2 1.0e+2 1.0e+2 1.0e+2 1.0e+2 1.0e+2 1.0e+2
    1.0e+2 1.0e+2 1.0e+2 1.0e+2 1.0e+2 1.0e+2 1.0e+2 1.0e+2 1.0e+2 1.0e+2
    1.0e+2 1.0e+2 1.0e+2 1.0e+2 1.0e+2 1.0e+2 1.0e+2 1.0e+2 1.0e+2 1.0e+2
    1.0e+2 1.0e+2 1.0e+2 1.0e+2 1.0e+2 1.0e+2 1.0e+2 1.0e+2 1.0e+2 1.0e+2
    1.0e+2 1.0e+2 1.0e+2 1.0e+2 1.0e+2 1.0e+2 1.0e+2 1.0e+2 1.0e+2 1.0e+2
    1.0e+2 1.0e+2 1.0e+2 1.0e+2 1.0e+2 1.0e+2 1.0e+2 1.0e+2 1.0e+2 1.0e+2
    1.0e+2 1.0e+2 1.0e+2 1.0e+2 1.0e+2 1.0e+2 1.0e+2 1.0e+2 1.0e+2 1.0e+2
    1.0e+2 1.0e+2 1.0e+2 1.0e+2 1.0e+2 1.0e+2 1.0e+2 1.0e+2 1.0e+2 1.0e+2
    1.0e+2 1.0e+2 1.0e+2 1.0e+2 1.0e+2 1.0e+2 1.0e+2 1.0e+2 1.0e+2 1.0e+2
    1.0e+2 1.0e+2 1.0e+2 1.0e+2 1.0e+2 1.0e+2 1.0e+2 1.0e+2 1.0e+2 1.0e+2
    1.0e+2 1.0e+2 1.0e+2 1.0e+2 1.0e+2 1.0e+2 1.0e+2 1.0e+2 1.0e+2 1.0e+2
    1.0e+2 1.0e+2 1.0e+2 1.0e+2 1.0e+2 1.0e+2 1.0e+2 1.0e+2 1.0e+2 1.0e+2
    1.0e+2 1.0e+2 1.0e+2 1.0e+2 1.0e+2 1.0e+2 1.0e+2 1.0e+2 1.0e+2 1.0e+2
    1.0e+2 1.0e+2 1.0e+2 1.0e+2 1.0e+2 1.0e+2 1.0e+2 1.0e+2 1.0e+2 1.0e+2
    1.0e+2 1.0e+2 1.0e+2 1.0e+2 1.0e+2 1.0e+2 1.0e+2 1.0e+2 1.0e+2 1.0e+2
    1.0e+2 1.0e+2 1.0e+2 1.0e+2 1.0e+2 1.0e+2 1.0e+2 1.0e+2 1.0e+2 1.0e+2
    1.0e+2 1.0e+2 1.0e+2 1.0e+2 1.0e+2 1.0e+2 1.0e+2 1.0e+2 1.0e+2 1.0e+2
    1.0e+2 1.0e+2 1.0e+2 1.0e+2 1.0e+2 1.0e+2 1.0e+2 1.0e+2 1.0e+2 1.0e+2
    1.0e+2 1.0e+2 1.0e+2 1.0e+2 1.0e+2 1.0e+2 1.0e+2 1.0e+2 1.0e+2 1.0e+2
    1.0e+2 1.0e+2 1.0e+2 1.0e+2 1.0e+2 1.0e+2 1.0e+2 1.0e+2 1.0e+2 1.0e+2
    1.0e+2 1.0e+2 1.0e+2 1.0e+2 1.0e+2 1.0e+2 1.0e+2 1.0e+2 1.0e+2 1.0e+2
    1.0e+2 1.0e+2 1.0e+2 1.0e+2 1.0e+2 1.0e+2 1.0e+2 1.0e+2 1.0e+2 1.0e+2
    1.0e+2 1.0e+2 1.0e+2 1.0e+2 1.0e+2 1.0e+2 1.0e+2 1.0e+2 1.0e+2 1.0e+2
    1.0e+2 1.0e+2 1.0e+2 1.0e+2 1.0e+2 1.0e+2 1.0e+2 1.0e+2 1.0e+2 1.0e+2
    1.0e+2 1.0e+2 1.0e+2 1.0e+2 1.0e+2 1.0e+2 1.0e+2 1.0e+2 1.0e+2 1.0e+2
    1.0e+2 1.0e+2 1.0e+2 1.0e+2 1.0e+2 1.0e+2 1.0e+2 1.0e+2 1.0e+2 1.0e+2
    1.0e+2 1.0e+2 1.0e+2 1.0e+2 1.0e+2 1.0e+2 1.0e+2 1.0e+2 1.0e+2 1.0e+2
    1.0e+2 1.0e+2 1.0e+2 1.0e+2 1.0e+2 1.0e+2 1.0e+2 1.0e+2 1.0e+2 1.0e+2
    1.0e+2 1.0e+2 1.0e+2 1.0e+2 1.0e+2 1.0e+2 1.0e+2 1.0e+2 1.0e+2 1.0e+2
    1.0e+2 1.0e+2 1.0e+2 1.0e+2 1.0e+2 1.0e+2 1.0e+2 1.0e+2 1.0e+2 1.0e+2
    1.0e+2 1.0e+2 1.0e+2 1.0e+2 1.0e+2 1.0e+2 1.0e+2 1.0e+2 1.0e+2 1.0e+2
    1.0e+2 1.0e+2 1.0e+2 1.0e+2 1.0e+2 1.0e+2 1.0e+2 1.0e+2 1.0e+2 1.0e+2
    1.0e+2 1.0e+2 1.0e+2 1.0e+2 1.0e+2 1.0e+2 1.0e+2 1.0e+2 1.0e+2 1.0e+2
    1.0e+2 1.0e+2 1.0e+2 1.0e+2 1.0e+2 1.0e+2 1.0e+2 1.0e+2 1.0e+2 1.0e+2
    1.0e+2 1.0e+2 1.0e+2 1.0e+2 1.0e+2 1.0e+2 1.0e+2 1.0e+2 1.0e+2
    1.0016666666666667e+2 1.002e+2 1.0022222222222223e+2 1.0025e+2
    1.0033333333333333e+2 1.0042857142857143e+2 1.005e+2 1.005e+2 1.005e+2
    1.0059999999999999e+2 1.0066666666666667e+2 1.008e+2 1.01e+2 1.01e+2
    1.01e+2 1.01e+2 1.01e+2 1.01e+2 1.01e+2 1.01e+2 1.01e+2 1.01e+2 1.01e+2
    1.01e+2 1.01e+2 1.01e+2 1.01e+2 1.01e+2 1.01e+2 1.01e+2 1.01e+2 1.01e+2
    1.01e+2 1.01e+2 1.01e+2 1.01e+2 1.01e+2 1.01e+2 1.01e+2 1.01e+2 1.01e+2
    1.01e+2 1.01e+2 1.01e+2 1.01e+2 1.01e+2 1.01e+2 1.01e+2 1.01e+2 1.01e+2
    1.01e+2 1.01e+2 1.01e+2 1.01e+2 1.01e+2 1.01e+2 1.01e+2 1.01e+2 1.01e+2
    1.01e+2 1.01e+2 1.01e+2 1.01e+2 1.01e+2 1.01e+2 1.01e+2 1.01e+2 1.01e+2
    1.01e+2 1.01e+2 1.01e+2 1.01e+2 1.01e+2 1.01e+2 1.01e+2 1.01e+2 1.01e+2
    1.01e+2 1.01e+2 1.01e+2 1.01e+2 1.01e+2 1.01e+2 1.01e+2 1.01e+2 1.01e+2
    1.01e+2 1.01e+2 1.01e+2 1.01e+2 1.01e+2 1.01e+2 1.01e+2 1.01e+2 1.01e+2
    1.01e+2 1.01e+2 1.01e+2 1.01e+2 1.01e+2 1.01e+2 1.01e+2 1.01e+2 1.01e+2
    1.01e+2 1.01e+2 1.01e+2 1.01e+2 1.01e+2 1.01e+2 1.01e+2 1.01e+2 1.01e+2
    1.01e+2 1.01e+2 1.01e+2 1.01e+2 1.01e+2 1.01e+2 1.01e+2 1.01e+2 1.01e+2
    1.01e+2 1.01e+2 1.01e+2 1.01e+2 1.01e+2 1.01e+2 1.01e+2 1.01e+2 1.01e+2
    1.01e+2 1.01e+2 1.01e+2 1.01e+2 1.01e+2 1.01e+2 1.01e+2 1.01e+2 1.01e+2
    1.01e+2 1.01e+2 1.01e+2 1.01e+2 1.01e+2 1.01e+2 1.01e+2 1.01e+2 1.01e+2
    1.01e+2 1.01e+2 1.01e+2 1.01e+2 1.01e+2 1.01e+2 1.01e+2 1.01e+2 1.01e+2
    1.01e+2 1.01e+2 1.01e+2 1.01e+2 1.01e+2 1.01e+2 1.01e+2 1.01e+2 1.01e+2
    1.01e+2 1.01e+2 1.01e+2 1.01e+2 1.01e+2 1.01e+2 1.01e+2 1.01e+2 1.01e+2
    1.01e+2 1.01e+2 1.01e+2 1.01e+2 1.01e+2 1.01e+2 1.01e+2 1.01e+2 1.01e+2
    1.01e+2 1.01e+2 1.01e+2 1.01e+2 1.01e+2 1.01e+2 1.01e+2 1.01e+2 1.01e+2
    1.01e+2 1.01e+2 1.01e+2 1.01e+2 1.01e+2 1.01e+2 1.01e+2 1.01e+2 1.01e+2
    1.01e+2 1.01e+2 1.01e+2 1.01e+2 1.01e+2 1.01e+2 1.01e+2 1.01e+2 1.01e+2
    1.01e+2 1.01e+2 1.01e+2 1.01e+2 1.01e+2 1.01e+2 1.01e+2 1.01e+2 1.01e+2
    1.01e+2 1.01e+2 1.01e+2 1.01e+2 1.01e+2 1.01e+2 1.01e+2 1.01e+2 1.01e+2
    1.01e+2 1.01e+2 1.01e+2 1.01e+2 1.01e+2 1.01e+2 1.01e+2 1.01e+2 1.01e+2
    1.01e+2 1.01e+2 1.01e+2 1.01e+2 1.01e+2 1.01e+2 1.01e+2 1.01e+2 1.01e+2
    1.01e+2 1.01e+2 1.01e+2 1.01e+2 1.01e+2 1.01e+2 1.01e+2 1.01e+2 1.01e+2
    1.01e+2 1.01e+2 1.01e+2 1.01e+2 1.01e+2 1.01e+2 1.01e+2 1.01e+2 1.01e+2
    1.01e+2 1.01e+2 1.01e+2 1.01e+2 1.01e+2 1.01e+2 1.01e+2 1.01e+2 1.01e+2
    1.01e+2 1.01e+2 1.01e+2 1.01e+2 1.01e+2 1.01e+2 1.01e+2 1.01e+2 1.01e+2
    1.01e+2 1.01e+2 1.01e+2 1.01e+2 1.01e+2 1.01e+2 1.01e+2 1.01e+2 1.01e+2
    1.01e+2 1.01e+2 1.01e+2 1.01e+2 1.01e+2 1.01e+2 1.01e+2 1.01e+2 1.01e+2
    1.01e+2 1.01e+2 1.01e+2 1.01e+2 1.01e+2 1.01e+2 1.01e+2 1.01e+2 1.01e+2
    1.01e+2 1.01e+2 1.01e+2 1.01e+2 1.01e+2 1.01e+2 1.01e+2 1.01e+2 1.01e+2
    1.01e+2 1.01e+2 1.01e+2 1.01e+2 1.01e+2 1.01e+2 1.01e+2 1.01e+2 1.01e+2
    1.01e+2 1.01e+2 1.01e+2 1.01e+2 1.01e+2 1.01e+2 1.01e+2 1.01e+2 1.01e+2
    1.01e+2 1.01e+2 1.01e+2 1.01e+2 1.01e+2 1.01e+2 1.01e+2 1.01e+2 1.01e+2
    1.01e+2 1.01e+2 1.01e+2 1.01e+2 1.01e+2 1.01e+2 1.01e+2 1.01e+2 1.01e+2
    1.01e+2 1.01e+2 1.01e+2 1.01e+2 1.01e+2 1.01e+2 1.01e+2 1.01e+2 1.01e+2
    1.01e+2 1.01e+2 1.01e+2 1.01e+2 1.01e+2 1.01e+2 1.01e+2 1.01e+2 1.01e+2
    1.01e+2 1.01e+2 1.01e+2 1.01e+2 1.01e+2 1.01e+2 1.01e+2 1.01e+2 1.01e+2
    1.01e+2 1.01e+2 1.01e+2 1.01e+2 1.01e+2 1.01e+2 1.01e+2 1.01e+2 1.01e+2
    1.01e+2 1.01e+2 1.01e+2 1.01e+2 1.01e+2 1.01e+2 1.01e+2 1.01e+2 1.01e+2
    1.01e+2 1.01e+2 1.01e+2 1.01e+2 1.01e+2 1.01e+2 1.01e+2 1.01e+2 1.01e+2
    1.01e+2 1.01e+2 1.01e+2 1.01e+2 1.01e+2 1.01e+2 1.01e+2 1.01e+2 1.01e+2
    1.01e+2 1.01e+2 1.01e+2 1.01e+2 1.01e+2 1.01e+2 1.01e+2 1.01e+2 1.01e+2
    1.01e+2 1.01e+2 1.01e+2 1.01e+2 1.01e+2 1.01e+2 1.01e+2 1.01e+2 1.01e+2
    1.01e+2 1.01e+2 1.01e+2 1.01e+2 1.01e+2 1.01e+2 1.01e+2 1.01e+2 1.01e+2
    1.01e+2 1.01e+2 1.01e+2 1.01e+2 1.01e+2 1.01e+2 1.01e+2 1.01e+2 1.01e+2
    1.01e+2 1.01e+2 1.01e+2 1.01e+2 1.01e+2 1.01e+2 1.01e+2 1.01e+2 1.01e+2
    1.01e+2 1.01e+2 1.01e+2 1.01e+2 1.01e+2 1.01e+2 1.01e+2 1.01e+2 1.01e+2
    1.01e+2 1.01e+2 1.01e+2 1.01e+2 1.01e+2 1.01e+2 1.01e+2 1.01e+2 1.01e+2
    1.01e+2 1.01e+2 1.01e+2 1.01e+2 1.01e+2 1.01e+2 1.01e+2 1.01e+2 1.01e+2
    1.01e+2 1.01e+2 1.01e+2 1.01e+2 1.01e+2 1.01e+2 1.01e+2 1.01e+2 1.01e+2
    1.01e+2 1.01e+2 1.01e+2 1.01e+2 1.01e+2 1.01e+2 1.01e+2 1.01e+2 1.01e+2
    1.01e+2 1.01e+2 1.01e+2 1.01e+2 1.01e+2 1.01e+2 1.01e+2 1.01e+2 1.01e+2
    1.01e+2 1.01e+2 1.01e+2 1.01e+2 1.01e+2 1.01e+2 1.01e+2 1.01e+2 1.01e+2
    1.01e+2 1.01e+2 1.01e+2 1.01e+2 1.01e+2 1.01e+2 1.01e+2 1.01e+2 1.01e+2
    1.01e+2 1.01e+2 1.01e+2 1.01e+2 1.01e+2 1.01e+2 1.01e+2 1.01e+2 1.01e+2
    1.01e+2 1.01e+2 1.01e+2 1.01e+2 1.01e+2 1.01e+2 1.01e+2 1.01e+2 1.01e+2
    1.01e+2 1.01e+2 1.01e+2 1.01e+2 1.01e+2 1.01e+2 1.01e+2 1.01e+2 1.01e+2
    1.01e+2 1.01e+2 1.01e+2 1.01e+2 1.01e+2 1.01e+2 1.01e+2 1.01e+2 1.01e+2
    1.01e+2 1.01e+2 1.01e+2 1.01e+2 1.01e+2 1.01e+2 1.01e+2 1.01e+2 1.01e+2
    1.01e+2 1.01e+2 1.01e+2 1.01e+2 1.01e+2 1.01e+2 1.01e+2 1.01e+2 1.01e+2
    1.01e+2 1.01e+2 1.01e+2 1.01e+2 1.01e+2 1.01e+2 1.01e+2 1.01e+2 1.01e+2
    1.01e+2 1.01e+2 1.01e+2 1.01e+2 1.01e+2 1.01e+2 1.01e+2 1.01e+2 1.01e+2
    1.01e+2 1.01e+2 1.01e+2 1.01e+2 1.01e+2 1.01e+2 1.01e+2 1.01e+2 1.01e+2
    1.01e+2 1.01e+2 1.01e+2 1.01e+2 1.01e+2 1.01e+2 1.01e+2 1.01e+2 1.01e+2
    1.01e+2 1.01e+2 1.01e+2 1.01e+2 1.01e+2 1.01e+2 1.01e+2 1.01e+2 1.01e+2
    1.01e+2 1.01e+2 1.01e+2 1.01e+2 1.01e+2 1.01e+2 1.01e+2 1.01e+2 1.01e+2
    1.01e+2 1.01e+2 1.01e+2 1.01e+2 1.01e+2 1.01e+2 1.01e+2 1.01e+2 1.01e+2
    1.01e+2 1.01e+2 1.01e+2 1.01e+2 1.01e+2 1.01e+2 1.01e+2 1.01e+2 1.01e+2
    1.01e+2 1.01e+2 1.01e+2 1.01e+2 1.01e+2 1.01e+2 1.01e+2 1.01e+2 1.01e+2
    1.01e+2 1.01e+2 1.01e+2 1.01e+2 1.01e+2 1.01e+2 1.01e+2 1.01e+2 1.01e+2
    1.01e+2 1.01e+2 1.01e+2 1.01e+2 1.01e+2 1.01e+2 1.01e+2 1.01e+2 1.01e+2
    1.01e+2 1.01e+2 1.01e+2 1.01e+2 1.01e+2 1.01e+2 1.01e+2 1.01e+2 1.01e+2
    1.01e+2 1.01e+2 1.01e+2 1.01e+2 1.01e+2 1.01e+2 1.01e+2 1.01e+2 1.01e+2
    1.01e+2 1.01e+2 1.01e+2 1.01e+2 1.01e+2 1.01e+2 1.01e+2 1.01e+2 1.01e+2
    1.01e+2 1.01e+2 1.01e+2 1.01e+2 1.01e+2 1.01e+2 1.01e+2 1.01e+2 1.01e+2
    1.01e+2 1.01e+2 1.01e+2 1.01e+2 1.01e+2 1.01e+2 1.01e+2 1.01e+2 1.01e+2
    1.01e+2 1.01e+2 1.01e+2 1.01e+2 1.01e+2 1.01e+2 1.01e+2 1.01e+2 1.01e+2
    1.01e+2 1.01e+2 1.01e+2 1.01e+2 1.01e+2 1.01e+2 1.01e+2 1.01e+2 1.01e+2
    1.01e+2 1.01e+2 1.01e+2 1.01e+2 1.01e+2 1.01e+2 1.01e+2 1.01e+2 1.01e+2
    1.01e+2 1.01e+2 1.01e+2 1.01e+2 1.01e+2 1.01e+2 1.01e+2 1.01e+2 1.01e+2
    1.01e+2 1.01e+2 1.01e+2 1.01e+2 1.01e+2 1.01e+2 1.01e+2 1.01e+2 1.01e+2
    1.01e+2 1.01e+2 1.01e+2 1.01e+2 1.01e+2 1.01e+2 1.01e+2 1.01e+2 1.01e+2
    1.01e+2 1.01e+2 1.01e+2 1.01e+2 1.01e+2 1.01e+2 1.01e+2 1.01e+2 1.01e+2
    1.01e+2 1.01e+2 1.01e+2 1.01e+2 1.01e+2 1.01e+2 1.01e+2 1.01e+2 1.01e+2
    1.01e+2 1.01e+2 1.01e+2 1.01e+2 1.01e+2 1.01e+2 1.01e+2 1.01e+2 1.01e+2
    1.01e+2 1.01e+2 1.01e+2 1.01e+2 1.01e+2 1.01e+2 1.01e+2 1.01e+2 1.01e+2
    1.01e+2 1.01e+2 1.01e+2 1.01e+2 1.01e+2 1.01e+2 1.01e+2 1.01e+2 1.01e+2
    1.01e+2 1.01e+2 1.01e+2 1.01e+2 1.01e+2 1.01e+2 1.01e+2 1.01e+2 1.01e+2
    1.01e+2 1.01e+2 1.01e+2 1.01e+2 1.01e+2 1.01e+2 1.01e+2 1.01e+2 1.01e+2
    1.01e+2 1.01e+2 1.01e+2 1.01e+2 1.01e+2 1.01e+2 1.01e+2 1.01e+2 1.01e+2
    1.01e+2 1.01e+2 1.01e+2 1.01e+2 1.01e+2 1.01e+2 1.01e+2 1.01e+2 1.01e+2
    1.01e+2 1.01e+2 1.01e+2 1.01e+2 1.01e+2 1.01e+2 1.01e+2 1.01e+2 1.01e+2
    1.01e+2 1.01e+2 1.01e+2 1.01e+2 1.01e+2 1.01e+2 1.01e+2 1.01e+2 1.01e+2
    1.01e+2 1.01e+2 1.01e+2 1.01e+2 1.01e+2 1.01e+2 1.01e+2 1.01e+2 1.01e+2
    1.01e+2 1.01e+2 1.01e+2 1.01e+2 1.01e+2 1.01e+2 1.01e+2 1.01e+2 1.01e+2
    1.01e+2 1.01e+2 1.01e+2 1.01e+2 1.01e+2 1.01e+2 1.01e+2 1.01e+2 1.01e+2
    1.01e+2 1.01e+2 1.01e+2 1.01e+2 1.01e+2 1.01e+2 1.01e+2 1.01e+2 1.01e+2
    1.01e+2 1.01e+2 1.01e+2 1.01e+2 1.01e+2 1.01e+2 1.01e+2 1.01e+2 1.01e+2
    1.01e+2 1.01e+2 1.01e+2 1.01e+2 1.01e+2 1.01e+2 1.01e+2 1.01e+2 1.01e+2
    1.01e+2 1.01e+2 1.01e+2 1.01e+2 1.01e+2 1.01e+2 1.01e+2 1.01e+2 1.01e+2
    1.01e+2 1.01e+2 1.01e+2 1.01e+2 1.01e+2 1.01e+2 1.01e+2 1.01e+2 1.01e+2
    1.01e+2 1.01e+2 1.01e+2 1.01e+2 1.01e+2 1.01e+2 1.01e+2 1.01e+2 1.01e+2
    1.01e+2 1.01e+2 1.01e+2 1.01e+2 1.01e+2 1.01e+2 1.01e+2 1.01e+2 1.01e+2
    1.01e+2 1.01e+2 1.01e+2 1.01e+2 1.01e+2 1.01e+2 1.01e+2 1.01e+2 1.01e+2
    1.01e+2 1.01e+2 1.01e+2 1.01e+2 1.01e+2 1.01e+2 1.01e+2 1.01e+2 1.01e+2
    1.01e+2 1.01e+2 1.01e+2 1.01e+2 1.01e+2 1.01e+2 1.01e+2 1.01e+2 1.01e+2
    1.01e+2 1.01e+2 1.01e+2 1.01e+2 1.01e+2 1.01e+2 1.01e+2 1.01e+2 1.01e+2
    1.01e+2 1.01e+2 1.01e+2 1.01e+2 1.01e+2 1.01e+2 1.01e+2 1.01e+2 1.01e+2
    1.01e+2 1.01e+2 1.01e+2 1.01e+2 1.01e+2 1.01e+2 1.01e+2 1.01e+2 1.01e+2
    1.01e+2 1.01e+2 1.01e+2 1.01e+2 1.01e+2 1.01e+2 1.01e+2 1.01e+2 1.01e+2
    1.01e+2 1.01e+2 1.01e+2 1.01e+2 1.01e+2 1.01e+2 1.01e+2 1.01e+2 1.01e+2
    1.01e+2 1.01e+2 1.01e+2 1.01e+2 1.01e+2 1.01e+2 1.01e+2 1.01e+2 1.01e+2
    1.01e+2 1.01e+2 1.01e+2 1.01e+2 1.01e+2 1.01e+2 1.01e+2 1.01e+2 1.01e+2
    1.01e+2 1.01e+2 1.01e+2 1.01e+2 1.01e+2 1.01e+2 1.01e+2 1.01e+2 1.01e+2
    1.01e+2 1.01e+2 1.01e+2 1.01e+2 1.01e+2 1.01e+2 1.01e+2 1.01e+2 1.01e+2
    1.01e+2 1.01e+2 1.01e+2 1.01e+2 1.01e+2 1.01e+2 1.01e+2 1.01e+2 1.01e+2
    1.01e+2 1.01e+2 1.01e+2 1.01e+2 1.01e+2 1.01e+2 1.01e+2 1.01e+2 1.01e+2
    1.01e+2 1.01e+2 1.01e+2 1.01e+2 1.01e+2 1.01e+2 1.01e+2 1.01e+2 1.01e+2
    1.01e+2 1.01e+2 1.01e+2 1.01e+2 1.01e+2 1.01e+2 1.01e+2 1.01e+2 1.01e+2
    1.01e+2 1.01e+2 1.01e+2 1.01e+2 1.01e+2 1.01e+2 1.01e+2 1.01e+2 1.01e+2
    1.01e+2 1.01e+2 1.01e+2 1.01e+2 1.01e+2 1.01e+2 1.01e+2 1.01e+2 1.01e+2
    1.01e+2 1.01e+2 1.01e+2 1.01e+2 1.01e+2 1.01e+2 1.01e+2 1.01e+2 1.01e+2
    1.01e+2 1.01e+2 1.01e+2 1.01e+2 1.01e+2 1.01e+2 1.01e+2 1.01e+2 1.01e+2
    1.01e+2 1.01e+2 1.01e+2 1.01e+2 1.01e+2 1.01e+2 1.01e+2 1.01e+2 1.01e+2
    1.01e+2 1.01e+2 1.01e+2 1.01e+2 1.01e+2 1.01e+2 1.01e+2 1.01e+2 1.01e+2
    1.01e+2 1.01e+2 1.01e+2 1.01e+2 1.01e+2 1.01e+2 1.01e+2 1.01e+2 1.01e+2
    1.01e+2 1.01e+2 1.01e+2 1.01e+2 1.01e+2 1.01e+2 1.01e+2 1.01e+2 1.01e+2
    1.01e+2 1.01e+2 1.01e+2 1.01e+2 1.01e+2 1.01e+2 1.01e+2 1.01e+2 1.01e+2
    1.01e+2 1.01e+2 1.01e+2 1.01e+2 1.01e+2 1.01e+2 1.01e+2 1.01e+2 1.01e+2
    1.01e+2 1.01e+2 1.01e+2 1.01e+2 1.01e+2 1.01e+2 1.01e+2 1.01e+2 1.01e+2
    1.01e+2 1.01e+2 1.01e+2 1.01e+2 1.01e+2 1.01e+2 1.01e+2 1.01e+2 1.01e+2
    1.01e+2 1.01e+2 1.01e+2 1.01e+2 1.01e+2 1.01e+2 1.01e+2 1.01e+2 1.01e+2
    1.01e+2 1.01e+2 1.01e+2 1.01e+2 1.01e+2 1.01e+2 1.01e+2 1.01e+2 1.01e+2
    1.01e+2 1.01e+2 1.01e+2 1.01e+2 1.01e+2 1.01e+2 1.01e+2 1.01e+2 1.01e+2
    1.01e+2 1.01e+2 1.01e+2 1.01e+2 1.01e+2 1.01e+2 1.01e+2 1.01e+2 1.01e+2
    1.01e+2 1.01e+2 1.01e+2 1.01e+2 1.01e+2 1.01e+2 1.01e+2 1.01e+2 1.01e+2
    1.01e+2 1.01e+2 1.01e+2 1.01e+2 1.01e+2 1.01e+2 1.01e+2 1.01e+2 1.01e+2
    1.01e+2 1.01e+2 1.01e+2 1.01e+2 1.01e+2 1.01e+2 1.01e+2 1.01e+2 1.01e+2
    1.01e+2 1.01e+2 1.01e+2 1.01e+2 1.01e+2 1.01e+2 1.01e+2 1.01e+2 1.01e+2
    1.01e+2 1.01e+2 1.01e+2 1.01e+2 1.01e+2 1.01e+2 1.01e+2 1.01e+2 1.01e+2
    1.01e+2 1.01e+2 1.01e+2 1.01e+2 1.01e+2 1.01e+2 1.01e+2 1.01e+2 1.01e+2
    1.01e+2 1.01e+2 1.01e+2 1.01e+2 1.01e+2 1.01e+2 1.01e+2 1.01e+2 1.01e+2
    1.01e+2 1.01e+2 1.01e+2 1.01e+2 1.01e+2 1.01e+2 1.01e+2 1.01e+2 1.01e+2
    1.01e+2 1.01e+2 1.01e+2 1.01e+2 1.01e+2 1.01e+2 1.01e+2 1.01e+2 1.01e+2
    1.01e+2 1.01e+2 1.01e+2 1.01e+2 1.01e+2 1.01e+2 1.01e+2 1.01e+2 1.01e+2
    1.01e+2 1.01e+2 1.01e+2 1.01e+2 1.01e+2 1.01e+2 1.01e+2 1.01e+2 1.01e+2
    1.01e+2 1.01e+2 1.01e+2 1.01e+2 1.01e+2 1.01e+2 1.01e+2 1.01e+2 1.01e+2
    1.01e+2 1.012e+2 1.0125e+2 1.0133333333333333e+2 1.0140000000000001e+2
    1.015e+2 1.015e+2 1.0157142857142857e+2 1.0166666666666667e+2
    1.0166666666666667e+2 1.0171428571428571e+2 1.018e+2 1.018e+2 1.02e+2
    1.02e+2 1.02e+2 1.02e+2 1.02e+2 1.02e+2 1.02e+2 1.02e+2 1.02e+2 1.02e+2
    1.02e+2 1.02e+2 1.02e+2 1.02e+2 1.02e+2 1.02e+2 1.02e+2 1.02e+2 1.02e+2
    1.02e+2 1.02e+2 1.02e+2 1.02e+2 1.02e+2 1.02e+2 1.02e+2 1.02e+2 1.02e+2
    1.02e+2 1.02e+2 1.02e+2 1.02e+2 1.02e+2 1.02e+2 1.02e+2 1.02e+2 1.02e+2
    1.02e+2 1.02e+2 1.02e+2 1.02e+2 1.02e+2 1.02e+2 1.02e+2 1.02e+2 1.02e+2
    1.02e+2 1.02e+2 1.02e+2 1.02e+2 1.02e+2 1.02e+2 1.02e+2 1.02e+2 1.02e+2
    1.02e+2 1.02e+2 1.02e+2 1.02e+2 1.02e+2 1.02e+2 1.02e+2 1.02e+2 1.02e+2
    1.02e+2 1.02e+2 1.02e+2 1.02e+2 1.02e+2 1.02e+2 1.02e+2 1.02e+2 1.02e+2
    1.02e+2 1.02e+2 1.02e+2 1.02e+2 1.02e+2 1.02e+2 1.02e+2 1.02e+2 1.02e+2
    1.02e+2 1.02e+2 1.02e+2 1.02e+2 1.02e+2 1.02e+2 1.02e+2 1.02e+2 1.02e+2
    1.02e+2 1.02e+2 1.02e+2 1.02e+2 1.02e+2 1.02e+2 1.02e+2 1.02e+2 1.02e+2
    1.02e+2 1.02e+2 1.02e+2 1.02e+2 1.02e+2 1.02e+2 1.02e+2 1.02e+2 1.02e+2
    1.02e+2 1.02e+2 1.02e+2 1.02e+2 1.02e+2 1.02e+2 1.02e+2 1.02e+2 1.02e+2
    1.02e+2 1.02e+2 1.02e+2 1.02e+2 1.02e+2 1.02e+2 1.02e+2 1.02e+2 1.02e+2
    1.02e+2 1.02e+2 1.02e+2 1.02e+2 1.02e+2 1.02e+2 1.02e+2 1.02e+2 1.02e+2
    1.02e+2 1.02e+2 1.02e+2 1.02e+2 1.02e+2 1.02e+2 1.02e+2 1.02e+2 1.02e+2
    1.02e+2 1.02e+2 1.02e+2 1.02e+2 1.02e+2 1.02e+2 1.02e+2 1.02e+2 1.02e+2
    1.02e+2 1.02e+2 1.02e+2 1.02e+2 1.02e+2 1.02e+2 1.02e+2 1.02e+2 1.02e+2
    1.02e+2 1.02e+2 1.02e+2 1.02e+2 1.02e+2 1.02e+2 1.02e+2 1.02e+2 1.02e+2
    1.02e+2 1.02e+2 1.02e+2 1.02e+2 1.02e+2 1.02e+2 1.02e+2 1.02e+2 1.02e+2
    1.02e+2 1.02e+2 1.02e+2 1.02e+2 1.02e+2 1.02e+2 1.02e+2 1.02e+2 1.02e+2
    1.02e+2 1.02e+2 1.02e+2 1.02e+2 1.02e+2 1.02e+2 1.02e+2 1.02e+2 1.02e+2
    1.02e+2 1.02e+2 1.02e+2 1.02e+2 1.02e+2 1.02e+2 1.02e+2 1.02e+2 1.02e+2
    1.02e+2 1.02e+2 1.02e+2 1.02e+2 1.02e+2 1.02e+2 1.02e+2 1.02e+2 1.02e+2
    1.02e+2 1.02e+2 1.02e+2 1.02e+2 1.02e+2 1.02e+2 1.02e+2 1.02e+2 1.02e+2
    1.02e+2 1.02e+2 1.02e+2 1.02e+2 1.02e+2 1.02e+2 1.02e+2 1.02e+2 1.02e+2
    1.02e+2 1.02e+2 1.02e+2 1.02e+2 1.02e+2 1.02e+2 1.02e+2 1.02e+2 1.02e+2
    1.02e+2 1.02e+2 1.02e+2 1.02e+2 1.02e+2 1.02e+2 1.02e+2 1.02e+2 1.02e+2
    1.02e+2 1.02e+2 1.02e+2 1.02e+2 1.02e+2 1.02e+2 1.02e+2 1.02e+2 1.02e+2
    1.02e+2 1.02e+2 1.02e+2 1.02e+2 1.02e+2 1.02e+2 1.02e+2 1.02e+2 1.02e+2
    1.02e+2 1.02e+2 1.02e+2 1.02e+2 1.02e+2 1.02e+2 1.02e+2 1.02e+2 1.02e+2
    1.02e+2 1.02e+2 1.02e+2 1.02e+2 1.02e+2 1.02e+2 1.02e+2 1.02e+2 1.02e+2
    1.02e+2 1.02e+2 1.02e+2 1.02e+2 1.02e+2 1.02e+2 1.02e+2 1.02e+2 1.02e+2
    1.02e+2 1.02e+2 1.02e+2 1.02e+2 1.02e+2 1.02e+2 1.02e+2 1.02e+2 1.02e+2
    1.02e+2 1.02e+2 1.02e+2 1.02e+2 1.02e+2 1.02e+2 1.02e+2 1.02e+2 1.02e+2
    1.02e+2 1.02e+2 1.02e+2 1.02e+2 1.02e+2 1.02e+2 1.02e+2 1.02e+2 1.02e+2
    1.02e+2 1.02e+2 1.02e+2 1.02e+2 1.02e+2 1.02e+2 1.02e+2 1.02e+2 1.02e+2
    1.02e+2 1.02e+2 1.02e+2 1.02e+2 1.02e+2 1.02e+2 1.02e+2 1.02e+2 1.02e+2
    1.02e+2 1.02e+2 1.02e+2 1.02e+2 1.02e+2 1.02e+2 1.02e+2 1.02e+2 1.02e+2
    1.02e+2 1.02e+2 1.02e+2 1.02e+2 1.02e+2 1.02e+2 1.02e+2 1.02e+2 1.02e+2
    1.02e+2 1.02e+2 1.02e+2 1.02e+2 1.02e+2 1.02e+2 1.02e+2 1.02e+2 1.02e+2
    1.02e+2 1.02e+2 1.02e+2 1.02e+2 1.02e+2 1.02e+2 1.02e+2 1.02e+2 1.02e+2
    1.02e+2 1.02e+2 1.02e+2 1.02e+2 1.02e+2 1.02e+2 1.02e+2 1.02e+2 1.02e+2
    1.02e+2 1.02e+2 1.02e+2 1.02e+2 1.02e+2 1.02e+2 1.02e+2 1.02e+2 1.02e+2
    1.02e+2 1.02e+2 1.02e+2 1.02e+2 1.02e+2 1.02e+2 1.02e+2 1.02e+2 1.02e+2
    1.02e+2 1.02e+2 1.02e+2 1.02e+2 1.02e+2 1.02e+2 1.02e+2 1.02e+2 1.02e+2
    1.02e+2 1.02e+2 1.02e+2 1.02e+2 1.02e+2 1.02e+2 1.02e+2 1.02e+2 1.02e+2
    1.02e+2 1.02e+2 1.02e+2 1.02e+2 1.02e+2 1.02e+2 1.02e+2 1.02e+2 1.02e+2
    1.02e+2 1.02e+2 1.02e+2 1.02e+2 1.02e+2 1.02e+2 1.02e+2 1.02e+2 1.02e+2
    1.02e+2 1.02e+2 1.02e+2 1.02e+2 1.02e+2 1.02e+2 1.02e+2 1.02e+2 1.02e+2
    1.02e+2 1.02e+2 1.02e+2 1.02e+2 1.02e+2 1.02e+2 1.02e+2 1.02e+2 1.02e+2
    1.02e+2 1.02e+2 1.02e+2 1.02e+2 1.02e+2 1.02e+2 1.02e+2 1.02e+2 1.02e+2
    1.02e+2 1.02e+2 1.02e+2 1.02e+2 1.02e+2 1.02e+2 1.02e+2
    1.0216666666666667e+2 1.022e+2 1.0225e+2 1.0233333333333333e+2
    1.0242857142857143e+2 1.025e+2 1.025e+2 1.0259999999999999e+2
    1.0266666666666667e+2 1.028e+2 1.03e+2 1.03e+2 1.03e+2 1.03e+2 1.03e+2
    1.03e+2 1.03e+2 1.032e+2 1.0333333333333333e+2 1.0340000000000001e+2
    1.0340000000000001e+2 1.035e+2 1.035e+2 1.035e+2 1.0357142857142857e+2
    1.0359999999999999e+2 1.0366666666666667e+2 1.0371428571428571e+2 1.0375e+2
    1.038e+2 1.04e+2 1.04e+2 1.04e+2 1.04e+2 1.04e+2 1.04e+2 1.04e+2 1.04e+2
    1.04e+2 1.04e+2 1.04e+2 1.04e+2 1.04e+2 1.04125e+2 1.0416666666666667e+2
    1.042e+2 1.0425e+2 1.0428571428571429e+2 1.0433333333333333e+2
    1.0433333333333333e+2 1.0433333333333333e+2 1.04375e+2
    1.0444444444444444e+2 1.045e+2 1.0457142857142857e+2 1.0459999999999999e+2
    1.0466666666666667e+2 1.0471428571428571e+2 1.0475e+2 1.048e+2
    1.0485714285714286e+2 1.05e+2 1.05e+2 1.05e+2 1.05e+2 1.05e+2 1.05e+2
    1.05e+2 1.05e+2 1.0518181818181819e+2 1.052e+2 1.0533333333333333e+2
    1.0540000000000001e+2 1.0540000000000001e+2 1.055e+2 1.055e+2
    1.0554545454545455e+2 1.0559999999999999e+2 1.0566666666666667e+2 1.058e+2
    1.0590000000000001e+2 1.06e+2 1.06e+2 1.06e+2 1.06e+2 1.06e+2 1.06e+2
    1.06e+2 1.06e+2 1.06e+2 1.06125e+2 1.0625e+2 1.0625e+2
    1.0633333333333333e+2 1.0633333333333333e+2 1.0633333333333333e+2
    1.0633333333333333e+2 1.0640000000000001e+2 1.065e+2 1.065e+2 1.065e+2
    1.065e+2 1.065e+2 1.065e+2 1.065e+2 1.065e+2 1.0659999999999999e+2
    1.0666666666666667e+2 1.0666666666666667e+2 1.0675e+2 1.068e+2 1.068e+2
    1.07e+2 1.07e+2 1.07e+2 1.07e+2 1.07e+2 1.07e+2 1.07e+2 1.07e+2 1.07e+2
    1.0714285714285714e+2 1.0716666666666667e+2 1.072e+2 1.0733333333333333e+2
    1.0744444444444444e+2 1.075e+2 1.075e+2 1.0757142857142857e+2
    1.0766666666666667e+2 1.0771428571428571e+2 1.0775e+2 1.0775e+2 1.0775e+2
    1.0783333333333333e+2 1.08e+2 1.08e+2 1.08e+2 1.08e+2 1.08e+2 1.08e+2
    1.08e+2 1.08e+2 1.082e+2 1.0825e+2 1.0825e+2 1.0833333333333333e+2
    1.0833333333333333e+2 1.0833333333333333e+2 1.0840000000000001e+2 1.085e+2
    1.0859999999999999e+2 1.0859999999999999e+2 1.0866666666666667e+2
    1.0866666666666667e+2 1.0875e+2 1.088e+2 1.0883333333333333e+2
    1.0888888888888889e+2 1.09e+2 1.09e+2 1.09e+2 1.09e+2 1.09e+2 1.09e+2
    1.09125e+2 1.092e+2 1.0925e+2 1.0933333333333333e+2 1.0933333333333333e+2
    1.09375e+2 1.0944444444444444e+2 1.095e+2 1.095e+2 1.095e+2
    1.0957142857142857e+2 1.0966666666666667e+2 1.0975e+2 1.0985714285714286e+2
    1.1e+2 1.1e+2 1.1e+2 1.1e+2 1.1e+2 1.1e+2 1.1016666666666667e+2 1.1025e+2
    1.103e+2 1.1033333333333333e+2 1.1033333333333333e+2 1.1040000000000001e+2
    1.1042857142857143e+2 1.105e+2 1.105e+2 1.1059999999999999e+2
    1.1066666666666667e+2 1.1075e+2 1.1075e+2 1.1075e+2 1.1085714285714286e+2
    1.11e+2 1.11e+2 1.11e+2 1.11e+2 1.11e+2 1.11e+2 1.11e+2 1.11e+2 1.11e+2
    1.11e+2 1.11e+2 1.11125e+2 1.112e+2 1.1125e+2 1.1128571428571429e+2
    1.1133333333333333e+2 1.1140000000000001e+2 1.1142857142857143e+2 1.115e+2
    1.115e+2 1.115e+2 1.1159999999999999e+2 1.11625e+2 1.1166666666666667e+2
    1.1175e+2 1.118e+2 1.11875e+2 1.12e+2 1.12e+2 1.12e+2 1.12e+2 1.12e+2
    1.12e+2 1.12e+2 1.12e+2 1.12e+2 1.122e+2 1.1225e+2 1.1233333333333333e+2
    1.1240000000000001e+2 1.125e+2 1.125e+2 1.1259999999999999e+2
    1.1266666666666667e+2 1.1275e+2 1.1275e+2 1.128e+2 1.128e+2 1.13e+2 1.13e+2
    1.13e+2 1.13e+2 1.13e+2 1.13e+2 1.13e+2 1.13125e+2 1.1314285714285714e+2
    1.132e+2 1.1325e+2 1.1325e+2 1.1333333333333333e+2 1.135e+2 1.135e+2
    1.135e+2 1.135e+2 1.1359999999999999e+2 1.13625e+2 1.1371428571428571e+2
    1.138e+2 1.138e+2 1.1385714285714286e+2 1.14e+2 1.14e+2 1.14e+2 1.14e+2
    1.14e+2 1.14e+2 1.14e+2 1.14e+2 1.1409999999999999e+2 1.1414285714285714e+2
    1.1425e+2 1.1433333333333333e+2 1.1433333333333333e+2 1.1440000000000001e+2
    1.1444444444444444e+2 1.145e+2 1.145e+2 1.145e+2 1.14625e+2
    1.1466666666666667e+2 1.1471428571428571e+2 1.1475e+2 1.148e+2 1.148e+2
    1.1485714285714286e+2 1.15e+2 1.15e+2 1.15e+2 1.15e+2 1.15e+2 1.15e+2
    1.15e+2 1.15e+2 1.1516666666666667e+2 1.1522222222222223e+2
    1.1533333333333333e+2 1.1533333333333333e+2 1.1540000000000001e+2 1.155e+2
    1.155e+2 1.1557142857142857e+2 1.15625e+2 1.1566666666666667e+2
    1.1566666666666667e+2 1.1571428571428571e+2 1.1583333333333333e+2 1.16e+2
    1.16e+2 1.16e+2 1.16e+2 1.16e+2 1.16e+2 1.1609999999999999e+2
    1.1616666666666667e+2 1.1625e+2 1.1625e+2 1.1633333333333333e+2
    1.1642857142857143e+2 1.165e+2 1.16625e+2 1.1666666666666667e+2
    1.1666666666666667e+2 1.1675e+2 1.168e+2 1.1685714285714286e+2 1.17e+2
    1.17e+2 1.17e+2 1.17e+2 1.17e+2 1.17e+2 1.17e+2 1.17e+2
    1.1714285714285714e+2 1.1725e+2 1.1728571428571429e+2 1.17375e+2
    1.1740000000000001e+2 1.175e+2 1.1757142857142857e+2 1.1759999999999999e+2
    1.1766666666666667e+2 1.1766666666666667e+2 1.1775e+2 1.178e+2 1.17875e+2
    1.18e+2 1.18e+2 1.18e+2 1.18e+2 1.18e+2 1.1805263157894737e+2 1.182e+2
    1.1833333333333333e+2 1.1833333333333333e+2 1.1840000000000001e+2 1.185e+2
    1.185e+2 1.1857142857142857e+2 1.1859999999999999e+2 1.1866666666666667e+2
    1.188e+2 1.19e+2 1.19e+2 1.19e+2 1.19e+2 1.19e+2 1.1916666666666667e+2
    1.192e+2 1.1925e+2 1.1933333333333333e+2 1.1940000000000001e+2
    1.1942857142857143e+2 1.195e+2 1.195e+2 1.195e+2 1.1959999999999999e+2
    1.1966666666666667e+2 1.1966666666666667e+2 1.1977777777777777e+2 1.198e+2
    1.2e+2 1.2e+2 1.2e+2 1.2e+2 1.2e+2 1.2e+2 1.2e+2 1.2016666666666667e+2
    1.2028571428571429e+2 1.2033333333333333e+2 1.205e+2 1.205e+2 1.205e+2
    1.2066666666666667e+2 1.2066666666666667e+2 1.2075e+2 1.2075e+2
    1.2076923076923077e+2 1.21e+2 1.21e+2 1.21e+2 1.21e+2 1.21e+2 1.21e+2
    1.21e+2 1.21e+2 1.21e+2 1.212e+2 1.2125e+2 1.2133333333333333e+2
    1.2140000000000001e+2 1.2142857142857143e+2 1.215e+2 1.215e+2
    1.2159999999999999e+2 1.2175e+2 1.218e+2 1.22e+2 1.22e+2 1.22e+2 1.22e+2
    1.22e+2 1.22e+2 1.22e+2 1.22e+2 1.22e+2 1.2208333333333333e+2
    1.2216666666666667e+2 1.222e+2 1.222e+2 1.2225e+2 1.2228571428571429e+2
    1.2233333333333333e+2 1.2240000000000001e+2 1.225e+2 1.225e+2
    1.2266666666666667e+2 1.227e+2 1.228e+2 1.22875e+2 1.23e+2 1.23e+2 1.23e+2
    1.23e+2 1.23e+2 1.23e+2 1.23e+2 1.23e+2 1.23e+2 1.2314285714285714e+2
    1.2333333333333333e+2 1.2333333333333333e+2 1.2342857142857143e+2 1.235e+2
    1.235e+2 1.235e+2 1.2359999999999999e+2 1.2366666666666667e+2
    1.2366666666666667e+2 1.2375e+2 1.2375e+2 1.238e+2 1.2383333333333333e+2
    1.23875e+2 1.24e+2 1.24e+2 1.24e+2 1.24e+2 1.24e+2 1.24e+2
    1.2416666666666667e+2 1.242e+2 1.2425e+2 1.2425e+2 1.2428571428571429e+2
    1.2440000000000001e+2 1.245e+2 1.245e+2 1.24625e+2 1.2466666666666667e+2
    1.2475e+2 1.2475e+2 1.248e+2 1.25e+2 1.25e+2 1.25e+2 1.25e+2 1.25e+2
    1.25e+2 1.25e+2 1.25e+2 1.25e+2 1.25e+2 1.25e+2 1.25e+2 1.25e+2 1.25e+2
    1.25e+2 1.25e+2 1.25e+2 1.25125e+2 1.252e+2 1.2525e+2 1.2533333333333333e+2
    1.2533333333333333e+2 1.2533333333333333e+2 1.25375e+2 1.255e+2
    1.2557142857142857e+2 1.2559999999999999e+2 1.2566666666666667e+2 1.2575e+2
    1.258e+2 1.26e+2 1.26e+2 1.26e+2 1.26e+2 1.26e+2 1.26e+2 1.26e+2 1.26e+2
    1.26e+2 1.26e+2 1.26e+2 1.26e+2 1.26e+2 1.26e+2 1.26e+2 1.26e+2 1.26e+2
    1.26e+2 1.26e+2 1.26e+2 1.26e+2 1.26e+2 1.26e+2 1.26e+2 1.26e+2
    1.2608333333333333e+2 1.262e+2 1.2625e+2 1.2625e+2 1.2633333333333333e+2
    1.2640000000000001e+2 1.265e+2 1.265e+2 1.2659999999999999e+2
    1.2666666666666667e+2 1.2666666666666667e+2 1.268e+2 1.27e+2 1.27e+2
    1.27e+2 1.27e+2 1.27e+2 1.27e+2 1.27e+2 1.27e+2 1.27e+2 1.27e+2 1.27e+2
    1.27e+2 1.27e+2 1.27e+2 1.27e+2 1.27e+2 1.2716666666666667e+2 1.273e+2
    1.2733333333333333e+2 1.2740000000000001e+2 1.275e+2 1.2759999999999999e+2
    1.2775e+2 1.2783333333333333e+2 1.28e+2 1.28e+2 1.28e+2 1.28e+2 1.28e+2
    1.28e+2 1.28e+2 1.28e+2 1.28e+2 1.28e+2 1.28e+2 1.28e+2 1.28e+2 1.28e+2
    1.28e+2 1.28e+2 1.2816666666666666e+2 1.2819999999999999e+2 1.2825e+2
    1.2840000000000001e+2 1.285e+2 1.285e+2 1.285e+2 1.2859999999999999e+2
    1.2866666666666666e+2 1.2871428571428572e+2 1.2880000000000001e+2
    1.2885714285714286e+2 1.29e+2 1.29e+2 1.29e+2 1.29e+2 1.29e+2 1.29e+2
    1.29e+2 1.29e+2 1.29e+2 1.29e+2 1.29e+2 1.29125e+2 1.2919999999999999e+2
    1.2925e+2 1.2933333333333334e+2 1.2940000000000001e+2 1.295e+2 1.295e+2
    1.2957142857142858e+2 1.2966666666666666e+2 1.2966666666666666e+2 1.2975e+2
    1.2975e+2 1.2983333333333334e+2 1.3e+2 1.3e+2 1.3e+2 1.3e+2 1.3e+2 1.3e+2
    1.3e+2 1.3e+2 1.3e+2 1.3e+2 1.3e+2 1.3e+2 1.3e+2 1.3009999999999999e+2
    1.3018181818181819e+2 1.3019999999999999e+2 1.3030000000000001e+2
    1.3035714285714286e+2 1.3040000000000001e+2 1.3042857142857142e+2 1.305e+2
    1.305e+2 1.305e+2 1.305e+2 1.3066666666666666e+2 1.3083333333333334e+2
    1.31e+2 1.31e+2 1.31e+2 1.31e+2 1.31e+2 1.31e+2 1.31e+2 1.31e+2 1.31e+2
    1.31e+2 1.31e+2 1.31e+2 1.31e+2 1.3114285714285714e+2 1.3125e+2
    1.3133333333333334e+2 1.31375e+2 1.3142857142857142e+2 1.315e+2 1.315e+2
    1.3159999999999999e+2 1.3168181818181819e+2 1.3183333333333334e+2 1.32e+2
    1.32e+2 1.32e+2 1.32e+2 1.32e+2 1.32e+2 1.32e+2 1.32e+2 1.32e+2 1.32e+2
    1.3208333333333334e+2 1.3216666666666666e+2 1.3216666666666666e+2
    1.3228571428571428e+2 1.3233333333333334e+2 1.3240000000000001e+2 1.325e+2
    1.325e+2 1.325e+2 1.325e+2 1.3257142857142858e+2 1.3266666666666666e+2
    1.3266666666666666e+2 1.3271428571428572e+2 1.3275e+2 1.3289473684210526e+2
    1.33e+2 1.33e+2 1.33e+2 1.33e+2 1.33e+2 1.33e+2 1.33e+2 1.33e+2 1.33e+2
    1.33e+2 1.33e+2 1.3314285714285714e+2 1.3319999999999999e+2
    1.3331578947368422e+2 1.3340000000000001e+2 1.335e+2 1.335e+2 1.335e+2
    1.335e+2 1.335e+2 1.335e+2 1.3359999999999999e+2 1.3366666666666666e+2
    1.3375e+2 1.3380000000000001e+2 1.3385714285714286e+2 1.34e+2 1.34e+2
    1.34e+2 1.34e+2 1.34e+2 1.34e+2 1.34e+2 1.34e+2 1.34e+2 1.34e+2 1.34e+2
    1.3414285714285714e+2 1.3419999999999999e+2 1.3433333333333334e+2
    1.3440000000000001e+2 1.3440000000000001e+2 1.3442857142857142e+2 1.345e+2
    1.345e+2 1.3457142857142858e+2 1.3466666666666666e+2 1.3466666666666666e+2
    1.3475e+2 1.3480000000000001e+2 1.3493333333333334e+2 1.35e+2 1.35e+2
    1.35e+2 1.35e+2 1.35e+2 1.35e+2 1.35e+2 1.35e+2 1.35e+2 1.35e+2 1.35e+2
    1.35e+2 1.3508333333333334e+2 1.3519999999999999e+2 1.3525e+2
    1.3542857142857142e+2 1.355e+2 1.355e+2 1.3566666666666666e+2
    1.3566666666666666e+2 1.3575e+2 1.3580000000000001e+2 1.36e+2 1.36e+2
    1.36e+2 1.36e+2 1.36e+2 1.36e+2 1.36e+2 1.36e+2 1.36e+2 1.36e+2 1.36e+2
    1.36e+2 1.36e+2 1.3611764705882354e+2 1.3619999999999999e+2
    1.3633333333333334e+2 1.36375e+2 1.365e+2 1.365e+2 1.3654545454545453e+2
    1.3659999999999999e+2 1.3666666666666666e+2 1.3671428571428572e+2 1.3675e+2
    1.3680000000000001e+2 1.3688888888888889e+2 1.37e+2 1.37e+2 1.37e+2 1.37e+2
    1.37e+2 1.37e+2 1.37e+2 1.37e+2 1.37e+2 1.37e+2 1.37e+2 1.37e+2 1.37e+2
    1.37e+2 1.37e+2 1.37e+2 1.3716666666666666e+2 1.3725e+2
    1.3733333333333334e+2 1.3742857142857142e+2 1.375e+2 1.375e+2 1.375e+2
    1.375e+2 1.375e+2 1.375e+2 1.375e+2 1.3757142857142858e+2
    1.3766666666666666e+2 1.3766666666666666e+2 1.3775e+2 1.3780000000000001e+2
    1.3783333333333334e+2 1.38e+2 1.38e+2 1.38e+2 1.38e+2 1.38e+2 1.38e+2
    1.38e+2 1.38e+2 1.38e+2 1.38e+2 1.38e+2 1.3814285714285714e+2
    1.3819999999999999e+2 1.3825e+2 1.3833333333333334e+2 1.3833333333333334e+2
    1.385e+2 1.385e+2 1.385e+2 1.385e+2 1.385e+2 1.3866666666666666e+2
    1.3866666666666666e+2 1.3866666666666666e+2 1.3866666666666666e+2
    1.3871428571428572e+2 1.3875e+2 1.3875e+2 1.3880000000000001e+2 1.38875e+2
    1.39e+2 1.39e+2 1.39e+2 1.39e+2 1.39e+2 1.39e+2 1.39e+2 1.39e+2 1.39e+2
    1.39e+2 1.39e+2 1.3908333333333334e+2 1.3916666666666666e+2
    1.3919999999999999e+2 1.3925e+2 1.3925e+2 1.3933333333333334e+2
    1.3940000000000001e+2 1.395e+2 1.395e+2 1.395e+2 1.395e+2
    1.3966666666666666e+2 1.3966666666666666e+2 1.3971428571428572e+2
    1.3980000000000001e+2 1.3983333333333334e+2 1.4e+2 1.4e+2 1.4e+2 1.4e+2
    1.4e+2 1.4e+2 1.4e+2 1.4e+2 1.4e+2 1.4e+2 1.4e+2 1.4e+2 1.4e+2 1.4e+2
    1.4e+2 1.4014285714285714e+2 1.4014285714285714e+2 1.4019999999999999e+2
    1.4025e+2 1.4025e+2 1.4030000000000001e+2 1.4033333333333334e+2
    1.4033333333333334e+2 1.4033333333333334e+2 1.4040000000000001e+2
    1.4040000000000001e+2 1.405e+2 1.405e+2 1.405e+2 1.4057142857142858e+2
    1.4059999999999999e+2 1.4066666666666666e+2 1.4066666666666666e+2
    1.4071428571428572e+2 1.4075e+2 1.4080000000000001e+2 1.4080000000000001e+2
    1.41e+2 1.41e+2 1.41e+2 1.41e+2 1.41e+2 1.41e+2 1.41e+2 1.41e+2 1.41e+2
    1.41e+2 1.41e+2 1.4114285714285714e+2 1.4119999999999999e+2
    1.4130000000000001e+2 1.4133333333333334e+2 1.4140000000000001e+2
    1.4142857142857142e+2 1.415e+2 1.415e+2 1.415e+2 1.4159999999999999e+2
    1.4169999999999999e+2 1.4180000000000001e+2 1.4183333333333334e+2 1.42e+2
    1.42e+2 1.42e+2 1.42e+2 1.42e+2 1.42e+2 1.42e+2 1.42e+2 1.42e+2 1.42e+2
    1.42e+2 1.42e+2 1.42e+2 1.42e+2 1.4211111111111111e+2 1.4219999999999999e+2
    1.4225e+2 1.4230000000000001e+2 1.42375e+2 1.4240000000000001e+2 1.425e+2
    1.425e+2 1.425e+2 1.4257142857142858e+2 1.4266666666666666e+2
    1.4266666666666666e+2 1.4275e+2 1.4277777777777777e+2 1.4283333333333334e+2
    1.43e+2 1.43e+2 1.43e+2 1.43e+2 1.43e+2 1.43e+2 1.43e+2 1.43e+2 1.43e+2
    1.43e+2 1.43e+2 1.43e+2 1.43e+2 1.4316666666666666e+2 1.4322222222222223e+2
    1.4330000000000001e+2 1.4333333333333334e+2 1.4333333333333334e+2
    1.4333333333333334e+2 1.4347058823529412e+2 1.435e+2 1.435e+2 1.43625e+2
    1.4366666666666666e+2 1.4371428571428572e+2 1.4375e+2 1.4375e+2
    1.4380000000000001e+2 1.4383333333333334e+2 1.4390000000000001e+2 1.44e+2
    1.44e+2 1.44e+2 1.44e+2 1.44e+2 1.44e+2 1.44e+2 1.44e+2 1.44e+2 1.44e+2
    1.44e+2 1.44125e+2 1.4414285714285714e+2 1.441764705882353e+2
    1.4419999999999999e+2 1.4419999999999999e+2 1.4425e+2 1.4428571428571428e+2
    1.4433333333333334e+2 1.4433333333333334e+2 1.4440000000000001e+2
    1.4440000000000001e+2 1.445e+2 1.445e+2 1.4459999999999999e+2
    1.4466666666666666e+2 1.4471428571428572e+2 1.4475e+2 1.4475e+2
    1.4480000000000001e+2 1.4483333333333334e+2 1.45e+2 1.45e+2 1.45e+2 1.45e+2
    1.45e+2 1.45e+2 1.45e+2 1.45e+2 1.45e+2 1.45e+2 1.45e+2
    1.4514285714285714e+2 1.4519999999999999e+2 1.4525e+2 1.4528571428571428e+2
    1.4533333333333334e+2 1.4540000000000001e+2 1.4540000000000001e+2
    1.4542857142857142e+2 1.455e+2 1.455e+2 1.455e+2 1.455e+2 1.455e+2
    1.4566666666666666e+2 1.4566666666666666e+2 1.4571428571428572e+2
    1.4580000000000001e+2 1.4590000000000001e+2 1.46e+2 1.46e+2 1.46e+2 1.46e+2
    1.46e+2 1.46e+2 1.46e+2 1.46e+2 1.46e+2 1.46e+2 1.46e+2 1.46125e+2
    1.4616666666666666e+2 1.4619999999999999e+2 1.4633333333333334e+2
    1.4633333333333334e+2 1.4640000000000001e+2 1.4640000000000001e+2 1.465e+2
    1.465e+2 1.465e+2 1.465e+2 1.465e+2 1.465e+2 1.4659999999999999e+2
    1.4666666666666666e+2 1.4666666666666666e+2 1.4675e+2 1.4680000000000001e+2
    1.46875e+2 1.47e+2 1.47e+2 1.47e+2 1.47e+2 1.47e+2 1.47e+2 1.47e+2 1.47e+2
    1.47e+2 1.47e+2 1.47e+2 1.47e+2 1.4725e+2 1.4725e+2 1.4733333333333334e+2
    1.4740000000000001e+2 1.4742857142857142e+2 1.475e+2 1.475e+2
    1.4757142857142858e+2 1.4759999999999999e+2 1.4766666666666666e+2
    1.4766666666666666e+2 1.4775e+2 1.4775e+2 1.4780000000000001e+2
    1.4780000000000001e+2 1.4785714285714286e+2 1.48e+2 1.48e+2 1.48e+2 1.48e+2
    1.48e+2 1.48e+2 1.48e+2 1.48e+2 1.48e+2 1.48e+2 1.48e+2 1.48e+2 1.48e+2
    1.4816666666666666e+2 1.4819999999999999e+2 1.4827777777777777e+2
    1.4833333333333334e+2 1.4833333333333334e+2 1.4833333333333334e+2
    1.4840000000000001e+2 1.4841176470588235e+2 1.485e+2 1.485e+2
    1.4859999999999999e+2 1.4859999999999999e+2 1.4866666666666666e+2
    1.4869999999999999e+2 1.4875e+2 1.4875e+2 1.4880000000000001e+2
    1.4890000000000001e+2 1.49e+2 1.49e+2 1.49e+2 1.49e+2 1.49e+2 1.49e+2
    1.49e+2 1.49e+2 1.49e+2 1.49e+2 1.49e+2 1.49e+2 1.49e+2 1.49e+2 1.49e+2
    1.49e+2 1.49e+2 1.4919999999999999e+2 1.4925e+2 1.4925e+2
    1.4928571428571428e+2 1.4933333333333334e+2 1.4933333333333334e+2
    1.4933333333333334e+2 1.4940000000000001e+2 1.495e+2 1.495e+2 1.495e+2
    1.495e+2 1.4959999999999999e+2 1.4959999999999999e+2 1.4966666666666666e+2
    1.4966666666666666e+2 1.4969999999999999e+2 1.4975e+2 1.4980000000000001e+2
    1.4985714285714286e+2 1.5e+2 1.5e+2 1.5e+2 1.5e+2 1.5e+2 1.5e+2 1.5e+2
    1.5e+2 1.5e+2 1.5e+2 1.5e+2 1.5e+2 1.5e+2 1.5e+2 1.5e+2
    1.5010526315789474e+2 1.5016666666666666e+2 1.5019999999999999e+2 1.5025e+2
    1.5033333333333334e+2 1.5033333333333334e+2 1.5040000000000001e+2
    1.5040000000000001e+2 1.505e+2 1.505e+2 1.505e+2 1.505e+2
    1.5059999999999999e+2 1.5059999999999999e+2 1.50625e+2
    1.5066666666666666e+2 1.5075e+2 1.5077777777777777e+2 1.5083333333333334e+2
    1.51e+2 1.51e+2 1.51e+2 1.51e+2 1.51e+2 1.51e+2 1.51e+2 1.51e+2 1.51e+2
    1.51e+2 1.51e+2 1.51e+2 1.51e+2 1.51e+2 1.5114285714285714e+2
    1.5116666666666666e+2 1.5119999999999999e+2 1.5125e+2 1.5128571428571428e+2
    1.5133333333333334e+2 1.5140000000000001e+2 1.5142857142857142e+2 1.515e+2
    1.515e+2 1.515e+2 1.5157142857142858e+2 1.5159999999999999e+2
    1.5159999999999999e+2 1.5166666666666666e+2 1.5166666666666666e+2
    1.5171428571428572e+2 1.5175e+2 1.5180000000000001e+2 1.5183333333333334e+2
    1.52e+2 1.52e+2 1.52e+2 1.52e+2 1.52e+2 1.52e+2 1.52e+2 1.52e+2 1.52e+2
    1.52e+2 1.5208333333333334e+2 1.5216666666666666e+2 1.5225e+2 1.5225e+2
    1.5233333333333334e+2 1.52375e+2 1.5240000000000001e+2
    1.5244444444444446e+2 1.525e+2 1.525e+2 1.525e+2 1.525e+2
    1.5259999999999999e+2 1.5266666666666666e+2 1.5266666666666666e+2
    1.5266666666666666e+2 1.5266666666666666e+2 1.5266666666666666e+2 1.5275e+2
    1.5275e+2 1.5275e+2 1.5280000000000001e+2 1.53e+2 1.53e+2 1.53e+2 1.53e+2
    1.53e+2 1.53e+2 1.53e+2 1.53e+2 1.53e+2 1.5309999999999999e+2
    1.5316666666666666e+2 1.5319999999999999e+2 1.5325e+2 1.5325e+2
    1.5330769230769232e+2 1.5340000000000001e+2 1.5342857142857142e+2 1.535e+2
    1.535e+2 1.535e+2 1.5355555555555554e+2 1.5358333333333334e+2
    1.5366666666666666e+2 1.5366666666666666e+2 1.5366666666666666e+2
    1.5366666666666666e+2 1.5371428571428572e+2 1.5375e+2 1.5380000000000001e+2
    1.5380000000000001e+2 1.54e+2 1.54e+2 1.54e+2 1.54e+2 1.54e+2 1.54e+2
    1.54e+2 1.54e+2 1.54e+2 1.54e+2 1.54e+2 1.54e+2 1.54e+2
    1.5419999999999999e+2 1.5425e+2 1.5433333333333334e+2 1.54375e+2
    1.5440000000000001e+2 1.545e+2 1.545e+2 1.545e+2 1.5457142857142858e+2
    1.5459999999999999e+2 1.5466666666666666e+2 1.5471428571428572e+2 1.5475e+2
    1.5480000000000001e+2 1.54875e+2 1.55e+2 1.55e+2 1.55e+2 1.55e+2 1.55e+2
    1.55e+2 1.55e+2 1.55e+2 1.55e+2 1.55e+2 1.55e+2 1.55e+2
    1.5508333333333334e+2 1.55125e+2 1.5516666666666666e+2
    1.5519999999999999e+2 1.5525e+2 1.5525e+2 1.5533333333333334e+2
    1.5533333333333334e+2 1.55375e+2 1.5540000000000001e+2
    1.5547058823529412e+2 1.555e+2 1.555e+2 1.555e+2 1.5557142857142858e+2
    1.5559999999999999e+2 1.5566666666666666e+2 1.5569999999999999e+2 1.5575e+2
    1.5580000000000001e+2 1.5583333333333334e+2 1.5588235294117646e+2 1.56e+2
    1.56e+2 1.56e+2 1.56e+2 1.56e+2 1.56e+2 1.56e+2 1.56e+2 1.56e+2
    1.5608333333333334e+2 1.5619999999999999e+2 1.5619999999999999e+2 1.5625e+2
    1.5628571428571428e+2 1.5633333333333334e+2 1.5640000000000001e+2 1.565e+2
    1.565e+2 1.565e+2 1.5657142857142858e+2 1.5666666666666666e+2
    1.5666666666666666e+2 1.5669999999999999e+2 1.5675e+2 1.5675e+2
    1.5680000000000001e+2 1.5680000000000001e+2 1.5683333333333334e+2
    1.5685714285714286e+2 1.57e+2 1.57e+2 1.57e+2 1.57e+2 1.57e+2 1.57e+2
    1.57e+2 1.57e+2 1.5709999999999999e+2 1.5716666666666666e+2
    1.5716666666666666e+2 1.5725e+2 1.5728571428571428e+2 1.5733333333333334e+2
    1.5733333333333334e+2 1.57375e+2 1.575e+2 1.575e+2 1.575e+2 1.575e+2
    1.57625e+2 1.5766666666666666e+2 1.5766666666666666e+2
    1.5777777777777777e+2 1.5780000000000001e+2 1.5780000000000001e+2
    1.5785714285714286e+2 1.5790000000000001e+2 1.58e+2 1.58e+2 1.58e+2 1.58e+2
    1.58e+2 1.58e+2 1.58e+2 1.58e+2 1.58e+2 1.58e+2 1.58e+2 1.58e+2 1.58e+2
    1.58125e+2 1.5814285714285714e+2 1.5816666666666666e+2
    1.5819999999999999e+2 1.5825e+2 1.5828571428571428e+2 1.5833333333333334e+2
    1.5833333333333334e+2 1.5840000000000001e+2 1.5840000000000001e+2 1.585e+2
    1.585e+2 1.585e+2 1.585e+2 1.585e+2 1.5859999999999999e+2
    1.5866666666666666e+2 1.5866666666666666e+2 1.5866666666666666e+2 1.5875e+2
    1.5880000000000001e+2 1.5883333333333334e+2 1.5894736842105263e+2 1.59e+2
    1.59e+2 1.59e+2 1.59e+2 1.59e+2 1.59e+2 1.59e+2 1.59e+2 1.59e+2 1.59e+2
    1.59e+2 1.5906666666666666e+2 1.5914285714285714e+2 1.5919999999999999e+2
    1.5919999999999999e+2 1.5919999999999999e+2 1.5925e+2 1.5925e+2
    1.5933333333333334e+2 1.5940000000000001e+2 1.595e+2 1.595e+2 1.595e+2
    1.595e+2 1.5957142857142858e+2 1.5965000000000001e+2 1.5966666666666666e+2
    1.5966666666666666e+2 1.5977777777777777e+2 1.5983333333333334e+2
    1.5983333333333334e+2 1.5990000000000001e+2 1.6e+2 1.6e+2 1.6e+2 1.6e+2
    1.6e+2 1.6e+2 1.6e+2 1.6e+2 1.6e+2 1.6e+2 1.6009999999999999e+2
    1.6016666666666666e+2 1.6019999999999999e+2 1.6025e+2 1.6025e+2 1.6025e+2
    1.6033333333333334e+2 1.6033333333333334e+2 1.6040000000000001e+2
    1.6040000000000001e+2 1.605e+2 1.605e+2 1.605e+2 1.6058333333333334e+2
    1.6059999999999999e+2 1.6066666666666666e+2 1.6071428571428572e+2 1.6075e+2
    1.6080000000000001e+2 1.6085714285714286e+2 1.61e+2 1.61e+2 1.61e+2 1.61e+2
    1.61e+2 1.61e+2 1.61e+2 1.61e+2 1.6110526315789474e+2 1.6116666666666666e+2
    1.6119999999999999e+2 1.6125e+2 1.6125e+2 1.6131578947368422e+2
    1.6133333333333334e+2 1.6133333333333334e+2 1.6140000000000001e+2
    1.6142857142857142e+2 1.615e+2 1.615e+2 1.6155555555555554e+2
    1.6159999999999999e+2 1.6159999999999999e+2 1.6166666666666666e+2
    1.6171428571428572e+2 1.6175e+2 1.6180000000000001e+2 1.6183333333333334e+2
    1.61875e+2 1.62e+2 1.62e+2 1.62e+2 1.62e+2 1.62e+2 1.62e+2 1.62e+2 1.62e+2
    1.62e+2 1.62e+2 1.62e+2 1.62e+2 1.6214285714285714e+2 1.6219999999999999e+2
    1.6225e+2 1.6228571428571428e+2 1.6233333333333334e+2 1.6233333333333334e+2
    1.62375e+2 1.6240000000000001e+2 1.625e+2 1.625e+2 1.625e+2 1.625e+2
    1.6255555555555554e+2 1.6266666666666666e+2 1.6266666666666666e+2
    1.6266666666666666e+2 1.6266666666666666e+2 1.6275e+2 1.6275e+2
    1.6280000000000001e+2 1.6283333333333334e+2 1.62875e+2 1.63e+2 1.63e+2
    1.63e+2 1.63e+2 1.63e+2 1.63e+2 1.63e+2 1.63e+2 1.6308333333333334e+2
    1.63125e+2 1.6319999999999999e+2 1.6325e+2 1.6330000000000001e+2
    1.6333333333333334e+2 1.6333333333333334e+2 1.6340000000000001e+2
    1.6340000000000001e+2 1.635e+2 1.635e+2 1.635e+2 1.6359999999999999e+2
    1.6359999999999999e+2 1.6366666666666666e+2 1.6366666666666666e+2 1.6375e+2
    1.6380000000000001e+2 1.6383333333333334e+2 1.64e+2 1.64e+2 1.64e+2 1.64e+2
    1.64e+2 1.64e+2 1.64e+2 1.64e+2 1.6414285714285714e+2 1.6414285714285714e+2
    1.6419999999999999e+2 1.6425e+2 1.6433333333333334e+2 1.6440000000000001e+2
    1.6440000000000001e+2 1.6442857142857142e+2 1.645e+2 1.645e+2 1.645e+2
    1.6458333333333334e+2 1.6459999999999999e+2 1.6466666666666666e+2
    1.6471428571428572e+2 1.6475e+2 1.6480000000000001e+2 1.6484210526315789e+2
    1.65e+2 1.65e+2 1.65e+2 1.65e+2 1.65e+2 1.65e+2 1.65e+2 1.65e+2 1.65125e+2
    1.6518181818181819e+2 1.6522222222222223e+2 1.6525e+2 1.6533333333333334e+2
    1.6533333333333334e+2 1.6533333333333334e+2 1.6540000000000001e+2
    1.6541666666666666e+2 1.655e+2 1.655e+2 1.655e+2 1.6559999999999999e+2
    1.6559999999999999e+2 1.6563636363636363e+2 1.6566666666666666e+2
    1.6566666666666666e+2 1.6575e+2 1.6580000000000001e+2 1.6585714285714286e+2
    1.6593333333333334e+2 1.66e+2 1.66e+2 1.66e+2 1.66e+2 1.66e+2 1.66e+2
    1.66e+2 1.66e+2 1.6614285714285714e+2 1.6616666666666666e+2
    1.6619999999999999e+2 1.6625e+2 1.6628571428571428e+2 1.6630000000000001e+2
    1.6633333333333334e+2 1.6633333333333334e+2 1.6642857142857142e+2 1.665e+2
    1.665e+2 1.665e+2 1.6657142857142858e+2 1.6659999999999999e+2
    1.6666666666666666e+2 1.6666666666666666e+2 1.6671428571428572e+2 1.6675e+2
    1.6680000000000001e+2 1.6680000000000001e+2 1.6685714285714286e+2 1.67e+2
    1.67e+2 1.67e+2 1.67e+2 1.67e+2 1.67e+2 1.67e+2 1.67e+2 1.67e+2
    1.6714285714285714e+2 1.6716666666666666e+2 1.6719999999999999e+2
    1.6722222222222223e+2 1.6725e+2 1.6725e+2 1.6733333333333334e+2
    1.6740000000000001e+2 1.6744444444444446e+2 1.675e+2 1.675e+2 1.675e+2
    1.6755555555555554e+2 1.6759999999999999e+2 1.6766666666666666e+2
    1.6766666666666666e+2 1.6769999999999999e+2 1.6775e+2 1.6780000000000001e+2
    1.6780000000000001e+2 1.6780000000000001e+2 1.6785714285714286e+2
    1.6793333333333334e+2 1.68e+2 1.68e+2 1.68e+2 1.68e+2 1.68e+2 1.68e+2
    1.68e+2 1.68e+2 1.68e+2 1.6807142857142858e+2 1.6814285714285714e+2
    1.6816666666666666e+2 1.6819999999999999e+2 1.6825e+2 1.6825e+2
    1.6829411764705881e+2 1.6833333333333334e+2 1.6833333333333334e+2
    1.6840000000000001e+2 1.6840000000000001e+2 1.685e+2 1.685e+2 1.685e+2
    1.6859999999999999e+2 1.6859999999999999e+2 1.6866666666666666e+2
    1.6866666666666666e+2 1.6880000000000001e+2 1.6880000000000001e+2
    1.68875e+2 1.6894117647058823e+2 1.69e+2 1.69e+2 1.69e+2 1.69e+2 1.69e+2
    1.69e+2 1.69e+2 1.69e+2 1.69e+2 1.69e+2 1.69e+2 1.69e+2
    1.6909999999999999e+2 1.6913333333333333e+2 1.6919999999999999e+2 1.6925e+2
    1.6925e+2 1.6933333333333334e+2 1.6940000000000001e+2 1.6946666666666667e+2
    1.695e+2 1.695e+2 1.6957142857142858e+2 1.6959999999999999e+2
    1.6966666666666666e+2 1.6966666666666666e+2 1.6969999999999999e+2 1.6975e+2
    1.6980000000000001e+2 1.6985714285714286e+2 1.7e+2 1.7e+2 1.7e+2 1.7e+2
    1.7e+2 1.7e+2 1.7e+2 1.7e+2 1.7e+2 1.7e+2 1.7011111111111111e+2
    1.7016666666666666e+2 1.7019999999999999e+2 1.7025e+2 1.7033333333333334e+2
    1.7033333333333334e+2 1.7040000000000001e+2 1.7042857142857142e+2 1.705e+2
    1.705e+2 1.7059999999999999e+2 1.7066666666666666e+2 1.7066666666666666e+2
    1.7066666666666666e+2 1.7075e+2 1.7080000000000001e+2 1.7083333333333334e+2
    1.7090000000000001e+2 1.71e+2 1.71e+2 1.71e+2 1.71e+2 1.71e+2 1.71e+2
    1.71e+2 1.71e+2 1.71e+2 1.710625e+2 1.7114285714285714e+2 1.7125e+2
    1.7133333333333334e+2 1.7133333333333334e+2 1.7140000000000001e+2
    1.7142857142857142e+2 1.715e+2 1.7153333333333333e+2 1.7159999999999999e+2
    1.7166666666666666e+2 1.7166666666666666e+2 1.7171428571428572e+2 1.7175e+2
    1.7175e+2 1.7180000000000001e+2 1.7183333333333334e+2 1.7185714285714286e+2
    1.72e+2 1.72e+2 1.72e+2 1.72e+2 1.72e+2 1.72e+2 1.72e+2 1.72e+2 1.72e+2
    1.72e+2 1.7213333333333333e+2 1.7216666666666666e+2 1.7230000000000001e+2
    1.7233333333333334e+2 1.7233333333333334e+2 1.7242857142857142e+2 1.725e+2
    1.725e+2 1.725e+2 1.7259999999999999e+2 1.7266666666666666e+2
    1.7271428571428572e+2 1.7275e+2 1.7280000000000001e+2 1.7280000000000001e+2
    1.7280000000000001e+2 1.7285714285714286e+2 1.73e+2 1.73e+2 1.73e+2 1.73e+2
    1.73e+2 1.73e+2 1.73e+2 1.73e+2 1.73e+2 1.73e+2 1.73e+2
    1.7306666666666666e+2 1.731764705882353e+2 1.7319999999999999e+2 1.7325e+2
    1.7333333333333334e+2 1.7340000000000001e+2 1.735e+2 1.735e+2 1.735e+2
    1.7359999999999999e+2 1.73625e+2 1.7366666666666666e+2 1.7375e+2
    1.7380000000000001e+2 1.7385714285714286e+2 1.7390000000000001e+2 1.74e+2
    1.74e+2 1.74e+2 1.74e+2 1.74e+2 1.74e+2 1.74e+2 1.74e+2 1.74e+2 1.74e+2
    1.74e+2 1.74125e+2 1.7419999999999999e+2 1.7425e+2 1.7430000000000001e+2
    1.7433333333333334e+2 1.7440000000000001e+2 1.745e+2 1.745e+2 1.745e+2
    1.7459999999999999e+2 1.7459999999999999e+2 1.7466666666666666e+2
    1.7466666666666666e+2 1.7480000000000001e+2 1.7483333333333334e+2 1.75e+2
    1.75e+2 1.75e+2 1.75e+2 1.75e+2 1.75e+2 1.75e+2 1.75e+2
    1.7514285714285714e+2 1.7514285714285714e+2 1.7525e+2 1.7528571428571428e+2
    1.7528571428571428e+2 1.7533333333333334e+2 1.7540000000000001e+2
    1.7546666666666667e+2 1.755e+2 1.755e+2 1.755e+2 1.7559999999999999e+2
    1.7566666666666666e+2 1.7568421052631578e+2 1.7571428571428572e+2 1.7575e+2
    1.7580000000000001e+2 1.7585714285714286e+2 1.76e+2 1.76e+2 1.76e+2 1.76e+2
    1.7619999999999999e+2 1.7625e+2 1.7628571428571428e+2 1.7633333333333334e+2
    1.7640000000000001e+2 1.7642857142857142e+2 1.765e+2 1.765e+2 1.765e+2
    1.7657142857142858e+2 1.7666666666666666e+2 1.7675e+2 1.7675e+2
    1.7680000000000001e+2 1.7680000000000001e+2 1.7685714285714286e+2 1.77e+2
    1.77e+2 1.77e+2 1.77e+2 1.77e+2 1.77e+2 1.77e+2 1.7716666666666666e+2
    1.7725e+2 1.7733333333333334e+2 1.7733333333333334e+2 1.7740000000000001e+2
    1.775e+2 1.775e+2 1.7759999999999999e+2 1.7766666666666666e+2
    1.7766666666666666e+2 1.7775e+2 1.7783333333333334e+2 1.78e+2 1.78e+2
    1.78e+2 1.78e+2 1.78e+2 1.78e+2 1.78e+2 1.7808333333333334e+2
    1.7816666666666666e+2 1.7819999999999999e+2 1.7830000000000001e+2
    1.7833333333333334e+2 1.7847368421052633e+2 1.785e+2 1.7858823529411765e+2
    1.7859999999999999e+2 1.7866666666666666e+2 1.7869999999999999e+2 1.7875e+2
    1.7880000000000001e+2 1.78875e+2 1.79e+2 1.79e+2 1.79e+2 1.79e+2 1.79e+2
    1.7919999999999999e+2 1.7925e+2 1.7926666666666668e+2 1.7933333333333334e+2
    1.7940000000000001e+2 1.795e+2 1.795e+2 1.795e+2 1.7957142857142858e+2
    1.7963636363636363e+2 1.7969999999999999e+2 1.7980000000000001e+2
    1.7983333333333334e+2 1.79875e+2 1.8e+2 1.8e+2 1.8e+2 1.8e+2 1.8e+2 1.8e+2
    1.8e+2 1.8016666666666666e+2 1.8019999999999999e+2 1.8028571428571428e+2
    1.8033333333333334e+2 1.8033333333333334e+2 1.8040000000000001e+2 1.805e+2
    1.805e+2 1.805e+2 1.80625e+2 1.8066666666666666e+2 1.8075e+2
    1.8080000000000001e+2 1.81e+2 1.81e+2 1.81e+2 1.81e+2 1.81e+2
    1.8107142857142858e+2 1.8119999999999999e+2 1.8119999999999999e+2
    1.8133333333333334e+2 1.8141666666666666e+2 1.815e+2 1.815e+2 1.815e+2
    1.8155555555555554e+2 1.81625e+2 1.8166666666666666e+2
    1.8166666666666666e+2 1.8166666666666666e+2 1.8169999999999999e+2 1.8175e+2
    1.8183333333333334e+2 1.8185714285714286e+2 1.8185714285714286e+2
    1.8193333333333334e+2 1.82e+2 1.82e+2 1.82e+2 1.82e+2 1.82e+2 1.82e+2
    1.8216666666666666e+2 1.8219999999999999e+2 1.8219999999999999e+2 1.8225e+2
    1.8225e+2 1.8228571428571428e+2 1.8233333333333334e+2 1.8240000000000001e+2
    1.8245454545454547e+2 1.8257142857142858e+2 1.8266666666666666e+2 1.8275e+2
    1.8275e+2 1.8283333333333334e+2 1.83e+2 1.83e+2 1.83e+2 1.83e+2 1.83e+2
    1.83e+2 1.8319999999999999e+2 1.8325e+2 1.8333333333333334e+2
    1.8340000000000001e+2 1.835e+2 1.835e+2 1.835e+2 1.8359999999999999e+2
    1.8366666666666666e+2 1.8375e+2 1.8380000000000001e+2 1.8385714285714286e+2
    1.84e+2 1.84e+2 1.84e+2 1.84e+2 1.84e+2 1.84e+2 1.8409999999999999e+2
    1.8416666666666666e+2 1.8425e+2 1.8433333333333334e+2 1.8433333333333334e+2
    1.8440000000000001e+2 1.845e+2 1.845e+2 1.845e+2 1.845e+2
    1.8452631578947367e+2 1.8466666666666666e+2 1.8475e+2 1.8475e+2
    1.8480000000000001e+2 1.8480000000000001e+2 1.85e+2 1.85e+2 1.85e+2 1.85e+2
    1.85e+2 1.8514285714285714e+2 1.8523529411764707e+2 1.8525e+2
    1.8531818181818181e+2 1.85375e+2 1.855e+2 1.855e+2 1.855e+2
    1.8559999999999999e+2 1.8575e+2 1.8580000000000001e+2 1.8580000000000001e+2
    1.8588888888888889e+2 1.86e+2 1.86e+2 1.86e+2 1.86e+2 1.86e+2 1.86e+2
    1.8607142857142858e+2 1.8616666666666666e+2 1.8628571428571428e+2
    1.8633333333333334e+2 1.8640000000000001e+2 1.865e+2 1.8659999999999999e+2
    1.8666666666666666e+2 1.8675e+2 1.8685714285714286e+2 1.87e+2 1.87e+2
    1.87e+2 1.87e+2 1.87e+2 1.8709999999999999e+2 1.8718181818181819e+2
    1.8719999999999999e+2 1.8733333333333334e+2 1.8733333333333334e+2
    1.8740000000000001e+2 1.8740000000000001e+2 1.875e+2 1.875e+2
    1.8759999999999999e+2 1.8766666666666666e+2 1.8771428571428572e+2 1.8775e+2
    1.8780000000000001e+2 1.8788888888888889e+2 1.88e+2 1.88e+2 1.88e+2 1.88e+2
    1.88e+2 1.88e+2 1.8816666666666666e+2 1.8819999999999999e+2 1.8825e+2
    1.8833333333333334e+2 1.88375e+2 1.8840000000000001e+2
    1.8840000000000001e+2 1.885e+2 1.885e+2 1.8857142857142858e+2
    1.8871428571428572e+2 1.8875e+2 1.8880000000000001e+2 1.8883333333333334e+2
    1.8885714285714286e+2 1.89e+2 1.89e+2 1.89e+2 1.89e+2 1.8914285714285714e+2
    1.8919999999999999e+2 1.8919999999999999e+2 1.8928571428571428e+2
    1.8933333333333334e+2 1.8940000000000001e+2 1.8940000000000001e+2 1.895e+2
    1.895e+2 1.8966666666666666e+2 1.8971428571428572e+2 1.8975e+2
    1.8983333333333334e+2 1.9e+2 1.9e+2 1.9e+2 1.9e+2 1.9e+2 1.9e+2
    1.9019999999999999e+2 1.9025e+2 1.9033333333333334e+2 1.9040000000000001e+2
    1.905e+2 1.9059999999999999e+2 1.9080000000000001e+2 1.9085714285714286e+2
    1.91e+2 1.91e+2 1.91e+2 1.91e+2 1.91e+2 1.9119999999999999e+2 1.9125e+2
    1.9133333333333334e+2 1.9140000000000001e+2 1.9142857142857142e+2 1.915e+2
    1.915e+2 1.9153846153846155e+2 1.9161111111111111e+2 1.9175e+2
    1.9180000000000001e+2 1.9186666666666667e+2 1.92e+2 1.92e+2 1.92e+2 1.92e+2
    1.9223529411764707e+2 1.9233333333333334e+2 1.9240000000000001e+2
    1.9242857142857142e+2 1.925e+2 1.925e+2 1.9258823529411765e+2
    1.9273333333333332e+2 1.9280000000000001e+2 1.93e+2 1.93e+2 1.93e+2 1.93e+2
    1.93e+2 1.93e+2 1.93e+2 1.93e+2 1.93e+2 1.93e+2 1.93e+2 1.93e+2 1.93e+2
    1.93e+2 1.9306666666666666e+2 1.9319999999999999e+2 1.9333333333333334e+2
    1.9333333333333334e+2 1.935e+2 1.935e+2 1.9357142857142858e+2
    1.9359999999999999e+2 1.9366666666666666e+2 1.938235294117647e+2 1.94e+2
    1.94e+2 1.94e+2 1.94e+2 1.94e+2 1.94e+2 1.94e+2 1.94e+2 1.94e+2 1.94e+2
    1.94e+2 1.94e+2 1.94e+2 1.94e+2 1.94e+2 1.94e+2 1.94e+2 1.94e+2 1.94e+2
    1.94e+2 1.94e+2 1.94e+2 1.94e+2 1.94e+2 1.94e+2 1.94e+2 1.94e+2 1.94e+2
    1.9416666666666666e+2 1.9430000000000001e+2 1.9440000000000001e+2 1.945e+2
    1.9459999999999999e+2 1.9473333333333332e+2 1.9493333333333334e+2 1.95e+2
    1.95e+2 1.95e+2 1.95e+2 1.9513333333333333e+2 1.9519999999999999e+2
    1.9525e+2 1.9525e+2 1.9540000000000001e+2 1.955e+2 1.955e+2
    1.9558333333333334e+2 1.9566666666666666e+2 1.9571428571428572e+2 1.9575e+2
    1.9580000000000001e+2 1.96e+2 1.96e+2 1.96e+2 1.96e+2 1.96e+2 1.96e+2
    1.9616666666666666e+2 1.9619999999999999e+2 1.9629411764705881e+2
    1.9642857142857142e+2 1.965e+2 1.9657142857142858e+2 1.9666666666666666e+2
    1.9675e+2 1.9680000000000001e+2 1.97e+2 1.97e+2 1.97e+2 1.97e+2 1.97e+2
    1.9709999999999999e+2 1.9730000000000001e+2 1.9733333333333334e+2 1.975e+2
    1.9759090909090909e+2 1.9775e+2 1.9783333333333334e+2 1.98e+2 1.98e+2
    1.98e+2 1.98e+2 1.9809999999999999e+2 1.9819999999999999e+2
    1.9819999999999999e+2 1.9830000000000001e+2 1.9840000000000001e+2 1.985e+2
    1.985e+2 1.9869999999999999e+2 1.9875e+2 1.9885714285714286e+2 1.99e+2
    1.99e+2 1.99e+2 1.9909999999999999e+2 1.9919999999999999e+2
    1.9940000000000001e+2 1.995e+2 1.9959999999999999e+2 1.9966666666666666e+2
    1.9975e+2 1.9985714285714286e+2 2.0e+2 2.0e+2 2.0e+2 2.0e+2 2.0e+2
    2.0016666666666666e+2 2.0025e+2 2.0033333333333334e+2 2.0033333333333334e+2
    2.0040000000000001e+2 2.005e+2 2.0058823529411765e+2 2.0066666666666666e+2
    2.0069999999999999e+2 2.01e+2 2.01e+2 2.01e+2 2.01e+2 2.01e+2
    2.0110526315789474e+2 2.0125e+2 2.015e+2 2.015e+2 2.0158333333333334e+2
    2.0166666666666666e+2 2.0166666666666666e+2 2.0173333333333332e+2 2.0175e+2
    2.0180000000000001e+2 2.02e+2 2.02e+2 2.02e+2 2.02e+2 2.0219999999999999e+2
    2.0225e+2 2.0240000000000001e+2 2.025e+2 2.0259999999999999e+2
    2.0280000000000001e+2 2.0290000000000001e+2 2.03e+2 2.03e+2 2.03e+2 2.03e+2
    2.03e+2 2.03e+2 2.03e+2 2.0319999999999999e+2 2.0340000000000001e+2
    2.035e+2 2.0366666666666666e+2 2.0380000000000001e+2 2.0388235294117646e+2
    2.04e+2 2.04e+2 2.04e+2 2.04e+2 2.0419999999999999e+2 2.0428571428571428e+2
    2.04375e+2 2.045e+2 2.0457142857142858e+2 2.0475e+2 2.05e+2 2.05e+2 2.05e+2
    2.0508333333333334e+2 2.0525e+2 2.0533333333333334e+2 2.055e+2
    2.0558823529411765e+2 2.0566666666666666e+2 2.0580000000000001e+2 2.06e+2
    2.06e+2 2.06e+2 2.0609999999999999e+2 2.0630000000000001e+2
    2.0640000000000001e+2 2.065e+2 2.0659999999999999e+2 2.0669999999999999e+2
    2.0680000000000001e+2 2.0693333333333334e+2 2.07e+2 2.07e+2 2.07e+2
    2.0705882352941177e+2 2.0725e+2 2.0741666666666666e+2 2.075e+2
    2.0764285714285714e+2 2.0773333333333332e+2 2.078235294117647e+2
    2.0790000000000001e+2 2.08e+2 2.08e+2 2.0809999999999999e+2
    2.0826666666666668e+2 2.085e+2 2.0866666666666666e+2 2.0875e+2
    2.0880000000000001e+2 2.09e+2 2.09e+2 2.09e+2 2.0916666666666666e+2
    2.0919999999999999e+2 2.0933333333333334e+2 2.095e+2 2.095e+2
    2.0966666666666666e+2 2.098125e+2 2.1e+2 2.1e+2 2.1e+2 2.1025e+2 2.105e+2
    2.1059999999999999e+2 2.1080000000000001e+2 2.11e+2 2.11e+2
    2.1123529411764707e+2 2.1140000000000001e+2 2.115e+2 2.1166666666666666e+2
    2.1180000000000001e+2 2.1190000000000001e+2 2.12e+2 2.12e+2 2.12e+2 2.12e+2
    2.12e+2 2.1225e+2 2.1233333333333334e+2 2.1240000000000001e+2 2.125e+2
    2.1259999999999999e+2 2.1280000000000001e+2 2.13e+2 2.13e+2 2.13e+2
    2.1308333333333334e+2 2.1319999999999999e+2 2.1342857142857142e+2 2.135e+2
    2.1358333333333334e+2 2.1380000000000001e+2 2.14e+2 2.14e+2
    2.1413333333333333e+2 2.1433333333333334e+2 2.145e+2 2.1459999999999999e+2
    2.1480000000000001e+2 2.1491666666666666e+2 2.15e+2 2.1525e+2
    2.1540000000000001e+2 2.155e+2 2.1559999999999999e+2 2.1573333333333332e+2
    2.16e+2 2.16e+2 2.16e+2 2.1625e+2 2.1640000000000001e+2 2.165e+2
    2.1659999999999999e+2 2.1685714285714286e+2 2.17e+2 2.17e+2 2.17e+2
    2.1723076923076923e+2 2.1742857142857142e+2 2.175e+2 2.1766666666666666e+2
    2.1786666666666667e+2 2.18e+2 2.18e+2 2.1819999999999999e+2
    2.1833333333333334e+2 2.1859999999999999e+2 2.1880000000000001e+2 2.19e+2
    2.19e+2 2.19e+2 2.19e+2 2.1919999999999999e+2 2.1940000000000001e+2
    2.1966666666666666e+2 2.1993333333333334e+2 2.2e+2 2.2e+2
    2.2030000000000001e+2 2.205e+2 2.2069999999999999e+2 2.2075e+2 2.21e+2
    2.21e+2 2.2109999999999999e+2 2.2133333333333334e+2 2.2142857142857142e+2
    2.2159999999999999e+2 2.22e+2 2.22e+2 2.22e+2 2.22e+2 2.2233333333333334e+2
    2.2240000000000001e+2 2.2259999999999999e+2 2.2271428571428572e+2 2.23e+2
    2.23e+2 2.2340000000000001e+2 2.2359999999999999e+2 2.2380000000000001e+2
    2.24e+2 2.24e+2 2.2419999999999999e+2 2.2453333333333333e+2 2.2475e+2
    2.2516666666666666e+2 2.2540000000000001e+2 2.2559999999999999e+2 2.2575e+2
    2.26e+2 2.2633333333333334e+2 2.2640000000000001e+2 2.2659999999999999e+2
    2.2683333333333334e+2 2.27e+2 2.2719999999999999e+2 2.2740000000000001e+2
    2.275e+2 2.2786666666666667e+2 2.28e+2 2.28e+2 2.2825e+2
    2.2830000000000001e+2 2.2858823529411765e+2 2.2870588235294119e+2 2.29e+2
    2.29e+2 2.2909999999999999e+2 2.2940000000000001e+2 2.2959999999999999e+2
    2.2975e+2 2.2980000000000001e+2 2.3e+2 2.3e+2 2.3033333333333334e+2
    2.3040000000000001e+2 2.3059999999999999e+2 2.3083333333333334e+2 2.31e+2
    2.31e+2 2.3119999999999999e+2 2.3146666666666667e+2 2.315e+2
    2.3180000000000001e+2 2.32e+2 2.32e+2 2.3240000000000001e+2 2.325e+2
    2.33e+2 2.33125e+2 2.3340000000000001e+2 2.33625e+2 2.3390000000000001e+2
    2.34e+2 2.3409999999999999e+2 2.3425e+2 2.345e+2 2.3466666666666666e+2
    2.35e+2 2.35e+2 2.3540000000000001e+2 2.355e+2 2.3583333333333334e+2
    2.36e+2 2.36e+2 2.36e+2 2.3630769230769232e+2 2.365e+2
    2.3688888888888889e+2 2.37e+2 2.37e+2 2.3740000000000001e+2
    2.3759999999999999e+2 2.38e+2 2.3809999999999999e+2 2.3866666666666666e+2
    2.39e+2 2.39125e+2 2.3933333333333334e+2 2.4e+2 2.4016666666666666e+2
    2.4040000000000001e+2 2.4066666666666666e+2 2.41e+2 2.41e+2
    2.4140000000000001e+2 2.4176470588235293e+2 2.42e+2 2.4233333333333334e+2
    2.425e+2 2.4280000000000001e+2 2.43e+2 2.4319999999999999e+2
    2.4346666666666667e+2 2.4359999999999999e+2 2.44e+2 2.4419999999999999e+2
    2.4459999999999999e+2 2.45e+2 2.4519999999999999e+2 2.455e+2
    2.4577777777777777e+2 2.46e+2 2.4633333333333334e+2 2.4680000000000001e+2
    2.47e+2 2.4730000000000001e+2 2.4759999999999999e+2 2.48e+2
    2.4840000000000001e+2 2.485e+2 2.485e+2 2.4880000000000001e+2 2.49e+2
    2.4919999999999999e+2 2.4975e+2 2.5e+2 2.5052941176470588e+2
    2.5080000000000001e+2 2.51e+2 2.5119999999999999e+2 2.5140000000000001e+2
    2.5175e+2 2.52e+2 2.52e+2 2.5230000000000001e+2 2.525e+2 2.53e+2 2.53e+2
    2.5309999999999999e+2 2.5377777777777777e+2 2.54e+2 2.5440000000000001e+2
    2.55e+2 2.5540000000000001e+2 2.56e+2 2.56e+2 2.5639999999999998e+2 2.57e+2
    2.5739999999999998e+2 2.5766666666666669e+2 2.58e+2 2.5833333333333331e+2
    2.585e+2 2.5880000000000001e+2 2.5919999999999999e+2 2.5960000000000002e+2
    2.6e+2 2.6010000000000002e+2 2.6060000000000002e+2 2.61e+2
    2.6106666666666666e+2 2.6160000000000002e+2 2.6189999999999998e+2
    2.6210000000000002e+2 2.6260000000000002e+2 2.63e+2 2.635e+2
    2.6433333333333331e+2 2.65e+2 2.65e+2 2.6589999999999998e+2 2.665e+2
    2.67e+2 2.675e+2 2.6819999999999999e+2 2.69e+2 2.6939999999999998e+2
    2.6980000000000001e+2 2.7060000000000002e+2 2.7139999999999998e+2 2.72e+2
    2.7280000000000001e+2 2.7341666666666669e+2 2.74e+2 2.74e+2 2.75e+2
    2.7519999999999999e+2 2.76e+2 2.7629411764705884e+2 2.77e+2
    2.7760000000000002e+2 2.78e+2 2.7875e+2 2.8e+2 2.8e+2 2.81e+2
    2.8133333333333331e+2 2.83e+2 2.84875e+2 2.85875e+2 2.873125e+2 2.885e+2
    2.9e+2 2.91e+2 2.92e+2 2.93e+2 2.95e+2 2.97e+2 2.98e+2 2.99e+2 2.9975e+2
    3.0e+2 3.015e+2 3.03e+2 3.0533333333333331e+2 3.0684615384615387e+2 3.08e+2
    3.0930769230769232e+2 3.11e+2 3.1275e+2 3.1388888888888891e+2 3.16e+2
    3.17e+2 3.18e+2 3.19e+2 3.2111111111111109e+2 3.23e+2 3.2325e+2 3.245e+2
    3.26375e+2 3.29e+2 3.32e+2 3.3475e+2 3.36e+2 3.4e+2 3.4266666666666669e+2
    3.45e+2 3.4819999999999999e+2 3.52e+2 3.5533333333333331e+2 3.58e+2 3.62e+2
    3.6511111111111109e+2 3.6844444444444446e+2 3.735e+2 3.78e+2
    3.8480000000000001e+2 3.9e+2 3.98e+2 4.0580000000000001e+2 4.14e+2
    4.2576923076923077e+2 4.39e+2 4.54e+2 4.6839999999999998e+2 4.85e+2 5.0e+2
    5.0e+2 5.0e+2 5.0e+2 5.0e+2 5.0e+2 5.0e+2 5.0e+2 5.0e+2 5.0e+2 5.0e+2
    5.0e+2 5.0e+2 5.0e+2 5.0e+2 5.0e+2 5.0e+2 5.0e+2 5.0e+2 5.0e+2 5.0e+2
    5.0e+2 5.0e+2 5.0e+2 5.0e+2 5.0e+2 5.0e+2 5.0e+2 5.0e+2 5.0e+2 5.0e+2
    5.0e+2 5.0e+2 5.0e+2 5.0e+2 5.0e+2 5.0e+2 5.0e+2 5.0e+2 5.0e+2 5.0e+2
    5.0e+2 5.0e+2 5.0e+2 5.0e+2 5.0e+2 5.0e+2 5.0e+2 5.0e+2 5.0e+2 5.0e+2
    5.0e+2 5.0e+2 5.0e+2 5.0e+2 5.0e+2 5.0e+2 5.0e+2 5.0e+2 5.0e+2 5.0e+2
    5.0e+2 5.0e+2 5.0e+2 5.0e+2 5.0e+2 5.0e+2 5.0e+2 5.0e+2 5.0e+2 5.0e+2
    5.0e+2 5.0e+2 5.0e+2 5.0e+2 5.0e+2 5.0e+2 5.0e+2 5.0e+2 5.0e+2 5.0e+2
    5.0e+2 5.0e+2 5.0e+2 5.0e+2 5.0e+2 5.0e+2 5.0e+2 5.0e+2 5.0e+2 5.0e+2
    5.0e+2 5.0e+2 5.0e+2 5.0e+2 5.0e+2 5.0e+2 5.0e+2 5.0e+2 5.0e+2 5.0e+2
    5.0e+2 5.0e+2 5.0e+2 5.0e+2 5.0e+2 5.0e+2 5.0e+2 5.0e+2 5.0e+2 5.0e+2
    5.0e+2 5.0e+2 5.0e+2 5.0e+2 5.0e+2 5.0e+2 5.0e+2 5.0e+2 5.0e+2 5.0e+2
    5.0e+2 5.0e+2 5.0e+2 5.0e+2 5.0e+2 5.0e+2 5.0e+2 5.0e+2 5.0e+2 5.0e+2
    5.0e+2 5.0e+2 5.0e+2 5.0e+2 5.0e+2 5.0e+2 5.0e+2 5.0e+2 5.0e+2 5.0e+2
    5.0e+2 5.0e+2 5.0e+2 5.0e+2 5.0e+2 5.0e+2 5.0e+2 5.0e+2 5.0e+2 5.0e+2
    5.0e+2 5.0e+2 5.0e+2 5.0e+2 5.0e+2 5.0e+2 5.0e+2 5.0e+2 5.0e+2 5.0e+2
    5.0e+2 5.0e+2 5.0e+2 5.0e+2 5.0e+2 5.03e+2 5.03e+2 5.03e+2 5.03e+2 5.03e+2
    5.03e+2 5.03e+2 5.03e+2 5.03e+2 5.03e+2 5.03e+2 5.03e+2 5.03e+2 5.03e+2
    5.03e+2 5.03e+2 5.03e+2 5.03e+2 5.03e+2 5.03e+2 5.03e+2 5.03e+2 5.03e+2
    5.03e+2 5.03e+2 5.03e+2 5.03e+2 5.03e+2 5.03e+2 5.03e+2 5.03e+2 5.03e+2
    5.03e+2 5.03e+2 5.03e+2 5.03e+2 5.03e+2 5.03e+2 5.03e+2 5.03e+2 5.03e+2
    5.03e+2 5.03e+2 5.03e+2 5.03e+2 5.03e+2 5.03e+2 5.03e+2 5.03e+2 5.03e+2
    5.03e+2 5.03e+2 5.03e+2 5.03e+2 5.03e+2 5.03e+2 5.03e+2 5.03e+2 5.03e+2
    5.03e+2 5.03e+2 5.03e+2 5.03e+2 5.03e+2 5.03e+2 5.03e+2 5.03e+2 5.03e+2
    5.03e+2 5.03e+2 5.03e+2 5.03e+2 5.03e+2 5.03e+2 5.03e+2 5.03e+2 5.03e+2
    5.03e+2 5.03e+2 5.03e+2 5.03e+2 5.0342857142857144e+2 5.04e+2 5.04e+2
    5.04e+2 5.04e+2 5.04e+2 5.04e+2 5.04e+2 5.04e+2 5.04e+2 5.04e+2 5.04e+2
    5.04e+2 5.04e+2 5.04e+2 5.04e+2 5.04e+2 5.04e+2 5.04e+2 5.04e+2 5.04e+2
    5.04e+2 5.04e+2 5.04e+2 5.04e+2 5.04e+2 5.04e+2 5.04e+2 5.04e+2 5.04e+2
    5.04e+2 5.04e+2 5.04e+2 5.04e+2 5.04e+2 5.04e+2 5.04e+2 5.04e+2 5.04e+2
    5.06e+2 5.06e+2 5.06e+2 5.06e+2 5.06e+2 5.06e+2 5.06e+2 5.06e+2 5.06e+2
    5.06e+2 5.06e+2 5.06e+2 5.06e+2 5.06e+2 5.06e+2 5.06e+2 5.06e+2 5.06e+2
    5.06e+2 5.06e+2 5.06e+2 5.06e+2 5.06e+2 5.06e+2 5.06e+2 5.06e+2 5.06e+2
    5.06e+2 5.06e+2 5.06e+2 5.06e+2 5.06e+2 5.06e+2 5.06e+2 5.06e+2 5.06e+2
    5.06e+2 5.06e+2 5.06e+2 5.06e+2 5.06e+2 5.06e+2 5.06e+2 5.06e+2 5.06e+2
    5.06e+2 5.06e+2 5.06e+2 5.06e+2 5.06e+2 5.06e+2 5.06e+2 5.06e+2 5.06e+2
    5.06e+2 5.06e+2 5.06e+2 5.06e+2 5.06e+2 5.06e+2 5.06e+2 5.06e+2 5.06e+2
    5.06e+2 5.06e+2 5.06e+2 5.06e+2 5.06e+2 5.06e+2 5.06e+2 5.06e+2 5.06e+2
    5.06e+2 5.06e+2 5.06e+2 5.06e+2 5.06e+2 5.06e+2 5.06e+2 5.31e+2
    5.3466666666666663e+2 5.3466666666666663e+2 5.3466666666666663e+2
    5.3466666666666663e+2 5.3466666666666663e+2 5.3466666666666663e+2
    5.3466666666666663e+2 5.3466666666666663e+2 5.3466666666666663e+2
    5.3466666666666663e+2 5.3466666666666663e+2 5.3466666666666663e+2
    5.3466666666666663e+2 5.3466666666666663e+2 5.3466666666666663e+2 5.35e+2
    5.4683333333333337e+2 5.475e+2 5.475e+2 5.4783333333333337e+2
    5.4783333333333337e+2 5.4783333333333337e+2 5.4783333333333337e+2
    5.4783333333333337e+2 5.4783333333333337e+2 5.4783333333333337e+2
    5.4783333333333337e+2 5.4783333333333337e+2 5.4783333333333337e+2
    5.4783333333333337e+2 5.4783333333333337e+2 5.4783333333333337e+2
    5.4783333333333337e+2 5.4783333333333337e+2 5.4783333333333337e+2
    5.4783333333333337e+2 5.4783333333333337e+2 5.4783333333333337e+2
    5.4783333333333337e+2 5.4783333333333337e+2 5.4783333333333337e+2
    5.4783333333333337e+2 5.4783333333333337e+2 5.4783333333333337e+2
    5.4783333333333337e+2 5.48e+2 5.4816666666666663e+2 5.4816666666666663e+2
    5.4816666666666663e+2 5.4816666666666663e+2 5.4816666666666663e+2
    5.4816666666666663e+2 5.4816666666666663e+2 5.4816666666666663e+2
    5.4816666666666663e+2 5.4816666666666663e+2 5.4816666666666663e+2
    5.4816666666666663e+2 5.4816666666666663e+2 5.4816666666666663e+2
    5.4816666666666663e+2 5.4816666666666663e+2 5.4816666666666663e+2
    5.4816666666666663e+2 5.4816666666666663e+2 5.4816666666666663e+2
    5.4816666666666663e+2 5.4816666666666663e+2 5.4816666666666663e+2
    5.4816666666666663e+2 5.4816666666666663e+2 5.4816666666666663e+2
    5.4816666666666663e+2 5.4816666666666663e+2 5.4816666666666663e+2
    5.4816666666666663e+2 5.4816666666666663e+2 5.4816666666666663e+2
    5.4816666666666663e+2 5.4816666666666663e+2 5.4816666666666663e+2
    5.4816666666666663e+2 5.4816666666666663e+2 5.4816666666666663e+2
    5.4816666666666663e+2 5.4816666666666663e+2 5.4816666666666663e+2
    5.4816666666666663e+2 5.4816666666666663e+2 5.4816666666666663e+2
    5.4816666666666663e+2 5.4816666666666663e+2 5.4816666666666663e+2
    5.4816666666666663e+2 5.4816666666666663e+2 5.4816666666666663e+2
    5.4816666666666663e+2 5.4816666666666663e+2 5.4816666666666663e+2
    5.4816666666666663e+2 5.4816666666666663e+2 5.4816666666666663e+2
    5.4816666666666663e+2 5.4816666666666663e+2 5.4816666666666663e+2
    5.4816666666666663e+2 5.4816666666666663e+2 5.4816666666666663e+2
    5.4816666666666663e+2 5.4816666666666663e+2 5.4816666666666663e+2
    5.4816666666666663e+2 5.4816666666666663e+2 5.4816666666666663e+2
    5.4816666666666663e+2 5.4816666666666663e+2 5.4816666666666663e+2
    5.4816666666666663e+2 5.4816666666666663e+2 5.4816666666666663e+2
    5.4816666666666663e+2 5.4816666666666663e+2 5.4816666666666663e+2
    5.4816666666666663e+2 5.4816666666666663e+2 5.4816666666666663e+2
    5.4816666666666663e+2 5.4816666666666663e+2 5.4816666666666663e+2
    5.4816666666666663e+2 5.4816666666666663e+2 5.4816666666666663e+2
    5.4816666666666663e+2 5.4816666666666663e+2 5.4816666666666663e+2
    5.4816666666666663e+2 5.4816666666666663e+2 5.4816666666666663e+2
    5.4816666666666663e+2 5.4816666666666663e+2 5.4816666666666663e+2
    5.4816666666666663e+2 5.4816666666666663e+2 5.4816666666666663e+2
    5.4816666666666663e+2 5.4816666666666663e+2 5.4816666666666663e+2
    5.4816666666666663e+2 5.4816666666666663e+2 5.4816666666666663e+2
    5.4816666666666663e+2 5.4816666666666663e+2 5.4816666666666663e+2
    5.4816666666666663e+2 5.4816666666666663e+2 5.4816666666666663e+2
    5.4816666666666663e+2 5.4816666666666663e+2 5.4816666666666663e+2
    5.4816666666666663e+2 5.4816666666666663e+2 5.4816666666666663e+2
    5.4816666666666663e+2 5.4816666666666663e+2 5.4816666666666663e+2
    5.4816666666666663e+2 5.4816666666666663e+2 5.4816666666666663e+2
    5.4816666666666663e+2 5.4816666666666663e+2 5.4816666666666663e+2
    5.4816666666666663e+2 5.4816666666666663e+2 5.4816666666666663e+2
    5.4816666666666663e+2 5.4816666666666663e+2 5.4816666666666663e+2
    5.4816666666666663e+2 5.4816666666666663e+2 5.4816666666666663e+2
    5.4816666666666663e+2 5.4816666666666663e+2 5.4816666666666663e+2
    5.4816666666666663e+2 5.4816666666666663e+2 5.4816666666666663e+2
    5.4816666666666663e+2 5.4816666666666663e+2 5.4816666666666663e+2
    5.4816666666666663e+2 5.4816666666666663e+2 5.4816666666666663e+2
    5.4816666666666663e+2 5.4816666666666663e+2 5.4816666666666663e+2
    5.4816666666666663e+2 5.4816666666666663e+2 5.4816666666666663e+2
    5.4816666666666663e+2 5.4816666666666663e+2 5.4816666666666663e+2
    5.4816666666666663e+2 5.4816666666666663e+2 5.4816666666666663e+2
    5.4816666666666663e+2 5.4816666666666663e+2 5.4816666666666663e+2
    5.4816666666666663e+2 5.4816666666666663e+2 5.4816666666666663e+2
    5.4816666666666663e+2 5.4816666666666663e+2 5.4816666666666663e+2
    5.4816666666666663e+2 5.4816666666666663e+2 5.4816666666666663e+2
    5.4816666666666663e+2 5.4816666666666663e+2 5.4816666666666663e+2
    5.4816666666666663e+2 5.4816666666666663e+2 5.4816666666666663e+2
    5.4816666666666663e+2 5.4816666666666663e+2 5.4816666666666663e+2
    5.4816666666666663e+2 5.4816666666666663e+2 5.4816666666666663e+2
    5.4816666666666663e+2 5.4816666666666663e+2 5.4816666666666663e+2
    5.4816666666666663e+2 5.4816666666666663e+2 5.4816666666666663e+2
    5.4816666666666663e+2 5.4816666666666663e+2 5.4816666666666663e+2
    5.4816666666666663e+2 5.4816666666666663e+2 5.4816666666666663e+2
    5.4816666666666663e+2 5.4816666666666663e+2 5.4816666666666663e+2
    5.4816666666666663e+2 5.4816666666666663e+2 5.4816666666666663e+2
    5.4816666666666663e+2 5.4816666666666663e+2 5.4816666666666663e+2
    5.4816666666666663e+2 5.4816666666666663e+2 5.4816666666666663e+2
    5.4816666666666663e+2 5.4816666666666663e+2 5.4816666666666663e+2
    5.4816666666666663e+2 5.4816666666666663e+2 5.4816666666666663e+2
    5.4816666666666663e+2 5.4816666666666663e+2 5.4816666666666663e+2
    5.4816666666666663e+2 5.4816666666666663e+2 5.4816666666666663e+2
    5.4816666666666663e+2 5.4816666666666663e+2 5.4816666666666663e+2
    5.4816666666666663e+2 5.4816666666666663e+2 5.4816666666666663e+2
    5.4816666666666663e+2 5.4816666666666663e+2 5.4816666666666663e+2
    5.4816666666666663e+2 5.4816666666666663e+2 5.4816666666666663e+2
    5.4816666666666663e+2 5.4816666666666663e+2 5.4816666666666663e+2
    5.4816666666666663e+2 5.4816666666666663e+2 5.4816666666666663e+2
    5.4816666666666663e+2 5.4816666666666663e+2 5.4816666666666663e+2
    5.4816666666666663e+2 5.4816666666666663e+2 5.4816666666666663e+2
    5.4816666666666663e+2 5.4816666666666663e+2 5.4816666666666663e+2
    5.4816666666666663e+2 5.4816666666666663e+2 5.4816666666666663e+2
    5.4816666666666663e+2 5.4816666666666663e+2 5.4816666666666663e+2
    5.4816666666666663e+2 5.4816666666666663e+2 5.4816666666666663e+2
    5.4816666666666663e+2 5.4816666666666663e+2 5.4816666666666663e+2
    5.4816666666666663e+2 5.4816666666666663e+2 5.4816666666666663e+2
    5.4816666666666663e+2 5.4816666666666663e+2 5.4816666666666663e+2
    5.4816666666666663e+2 5.4816666666666663e+2 5.4816666666666663e+2
    5.4833333333333337e+2 5.4833333333333337e+2 5.4833333333333337e+2
    5.4833333333333337e+2 5.4833333333333337e+2 5.4833333333333337e+2
    5.4833333333333337e+2 5.4833333333333337e+2 5.4833333333333337e+2
    5.4833333333333337e+2 5.4833333333333337e+2 5.4833333333333337e+2
    5.4833333333333337e+2 5.4833333333333337e+2 5.485e+2 5.485e+2 5.485e+2
    5.485e+2 5.485e+2 5.485e+2 5.485e+2 5.485e+2 5.485e+2 5.485e+2 5.485e+2
    5.485e+2 5.485e+2 5.485e+2 5.485e+2 5.485e+2 5.485e+2 5.485e+2 5.485e+2
    5.485e+2 5.485e+2 5.485e+2 5.485e+2 5.485e+2 5.485e+2 5.485e+2 5.485e+2
    5.485e+2 5.485e+2 5.485e+2 5.485e+2 5.485e+2 5.485e+2 5.485e+2 5.485e+2
    5.485e+2 5.485e+2 5.485e+2 5.485e+2 5.485e+2 5.485e+2 5.485e+2 5.485e+2
    5.485e+2 5.485e+2 5.485e+2 5.485e+2 5.485e+2 5.485e+2 5.485e+2 5.485e+2
    5.485e+2 5.485e+2 5.485e+2 5.485e+2 5.485e+2 5.485e+2 5.485e+2 5.485e+2
    5.485e+2 5.485e+2 5.485e+2 5.485e+2 5.485e+2 5.485e+2 5.485e+2 5.485e+2
    5.485e+2 5.485e+2 5.485e+2 5.485e+2 5.485e+2 5.485e+2 5.485e+2 5.485e+2
    5.485e+2 5.485e+2 5.485e+2 5.485e+2 5.485e+2 5.485e+2 5.485e+2 5.485e+2
    5.485e+2 5.485e+2 5.485e+2 5.485e+2 5.485e+2 5.485e+2 5.485e+2 5.485e+2
    5.485e+2 5.485e+2 5.485e+2 5.485e+2 5.485e+2 5.485e+2 5.485e+2 5.485e+2
    5.485e+2 5.485e+2 5.485e+2 5.485e+2 5.485e+2 5.485e+2 5.485e+2 5.485e+2
    5.485e+2 5.485e+2 5.485e+2 5.485e+2 5.485e+2 5.485e+2 5.485e+2 5.485e+2
    5.485e+2 5.485e+2 5.485e+2 5.485e+2 5.485e+2 5.485e+2 5.485e+2 5.485e+2
    5.485e+2 5.485e+2 5.485e+2 5.485e+2 5.485e+2 5.485e+2 5.485e+2 5.485e+2
    5.485e+2 5.485e+2 5.485e+2 5.485e+2 5.485e+2 5.485e+2 5.485e+2 5.485e+2
    5.485e+2 5.485e+2 5.485e+2 5.485e+2 5.485e+2 5.485e+2 5.485e+2 5.485e+2
    5.485e+2 5.485e+2 5.485e+2 5.485e+2 5.485e+2 5.485e+2 5.485e+2 5.485e+2
    5.485e+2 5.485e+2 5.485e+2 5.485e+2 5.485e+2 5.485e+2 5.485e+2 5.485e+2
    5.485e+2 5.485e+2 5.485e+2 5.485e+2 5.485e+2 5.485e+2 5.485e+2 5.485e+2
    5.485e+2 5.485e+2 5.485e+2 5.485e+2 5.485e+2 5.485e+2 5.485e+2 5.485e+2
    5.485e+2 5.485e+2 5.485e+2 5.485e+2 5.485e+2 5.485e+2 5.485e+2 5.485e+2
    5.485e+2 5.485e+2 5.485e+2 5.485e+2 5.485e+2 5.485e+2 5.485e+2 5.485e+2
    5.485e+2 5.485e+2 5.485e+2 5.485e+2 5.485e+2 5.485e+2 5.485e+2 5.485e+2
    5.485e+2 5.485e+2 5.485e+2 5.485e+2 5.485e+2 5.485e+2 5.485e+2 5.485e+2
    5.485e+2 5.485e+2 5.485e+2 5.485e+2 5.485e+2 5.485e+2 5.485e+2 5.485e+2
    5.485e+2 5.485e+2 5.485e+2 5.485e+2 5.485e+2 5.485e+2 5.485e+2 5.485e+2
    5.485e+2 5.485e+2 5.485e+2 5.485e+2 5.485e+2 5.485e+2 5.485e+2 5.485e+2
    5.485e+2 5.485e+2 5.485e+2 5.485e+2 5.485e+2 5.485e+2 5.485e+2 5.485e+2
    5.485e+2 5.485e+2 5.485e+2 5.485e+2 5.485e+2 5.485e+2 5.485e+2 5.485e+2
    5.485e+2 5.485e+2 5.485e+2 5.485e+2 5.485e+2 5.485e+2 5.485e+2 5.485e+2
    5.485e+2 5.485e+2 5.485e+2 5.485e+2 5.485e+2 5.485e+2 5.485e+2 5.485e+2
    5.485e+2 5.485e+2 5.485e+2 5.485e+2 5.485e+2 5.485e+2 5.485e+2 5.485e+2
    5.485e+2 5.485e+2 5.485e+2 5.485e+2 5.485e+2 5.485e+2 5.485e+2 5.485e+2
    5.485e+2 5.485e+2 5.485e+2 5.485e+2 5.485e+2 5.485e+2 5.485e+2 5.485e+2
    5.485e+2 5.485e+2 5.485e+2 5.485e+2 5.485e+2 5.485e+2 5.485e+2 5.485e+2
    5.485e+2 5.485e+2 5.485e+2 5.485e+2 5.485e+2 5.485e+2 5.485e+2 5.485e+2
    5.485e+2 5.485e+2 5.485e+2 5.485e+2 5.485e+2 5.485e+2 5.485e+2 5.485e+2
    5.485e+2 5.485e+2 5.485e+2 5.485e+2 5.485e+2 5.485e+2 5.485e+2 5.485e+2
    5.485e+2 5.485e+2 5.485e+2 5.485e+2 5.485e+2 5.485e+2 5.485e+2 5.485e+2
    5.485e+2 5.485e+2 5.485e+2 5.485e+2 5.485e+2 5.485e+2 5.485e+2 5.485e+2
    5.485e+2 5.485e+2 5.485e+2 5.485e+2 5.485e+2 5.485e+2 5.485e+2 5.485e+2
    5.485e+2 5.485e+2 5.485e+2 5.485e+2 5.485e+2 5.485e+2 5.485e+2 5.485e+2
    5.485e+2 5.485e+2 5.485e+2 5.485e+2 5.485e+2 5.485e+2 5.485e+2 5.485e+2
    5.485e+2 5.485e+2 5.485e+2 5.485e+2 5.485e+2 5.485e+2 5.485e+2 5.485e+2
    5.485e+2 5.485e+2 5.485e+2 5.485e+2 5.485e+2 5.485e+2 5.485e+2 5.485e+2
    5.485e+2 5.485e+2 5.485e+2 5.485e+2 5.485e+2 5.485e+2 5.485e+2 5.485e+2
    5.485e+2 5.485e+2 5.485e+2 5.485e+2 5.485e+2 5.485e+2 5.485e+2 5.485e+2
    5.485e+2 5.485e+2 5.485e+2 5.485e+2 5.485e+2 5.485e+2 5.485e+2 5.485e+2
    5.485e+2 5.485e+2 5.485e+2 5.485e+2 5.485e+2 5.485e+2 5.485e+2 5.485e+2
    5.485e+2 5.485e+2 5.485e+2 5.485e+2 5.485e+2 5.485e+2 5.485e+2 5.485e+2
    5.485e+2 5.485e+2 5.485e+2 5.485e+2 5.485e+2 5.485e+2 5.485e+2 5.485e+2
    5.485e+2 5.485e+2 5.485e+2 5.485e+2 5.485e+2 5.485e+2 5.485e+2 5.485e+2
    5.485e+2 5.485e+2 5.485e+2 5.485e+2 5.485e+2 5.485e+2 5.485e+2 5.485e+2
    5.485e+2 5.485e+2 5.485e+2 5.485e+2 5.485e+2 5.485e+2 5.485e+2 5.485e+2
    5.485e+2 5.485e+2 5.485e+2 5.485e+2 5.485e+2 5.485e+2 5.485e+2 5.485e+2
    5.485e+2 5.485e+2 5.485e+2 5.485e+2 5.485e+2 5.485e+2 5.485e+2 5.485e+2
    5.485e+2 5.485e+2 5.485e+2 5.485e+2 5.485e+2 5.485e+2 5.485e+2 5.485e+2
    5.485e+2 5.485e+2 5.485e+2 5.485e+2 5.485e+2 5.485e+2 5.485e+2 5.485e+2
    5.485e+2 5.485e+2 5.485e+2 5.485e+2 5.485e+2 5.485e+2 5.485e+2 5.485e+2
    5.485e+2 5.485e+2 5.485e+2 5.485e+2 5.485e+2 5.485e+2 5.485e+2 5.485e+2
    5.485e+2 5.485e+2 5.485e+2 5.485e+2 5.485e+2 5.485e+2 5.485e+2 5.485e+2
    5.485e+2 5.485e+2 5.485e+2 5.485e+2 5.485e+2 5.485e+2 5.485e+2 5.485e+2
    5.485e+2 5.485e+2 5.485e+2 5.485e+2 5.485e+2 5.485e+2 5.485e+2 5.485e+2
    5.485e+2 5.485e+2 5.485e+2 5.485e+2 5.485e+2 5.485e+2 5.485e+2 5.485e+2
    5.485e+2 5.485e+2 5.485e+2 5.485e+2 5.485e+2 5.485e+2 5.485e+2 5.485e+2
    5.485e+2 5.485e+2 5.485e+2 5.485e+2 5.485e+2 5.485e+2 5.485e+2 5.485e+2
    5.485e+2 5.485e+2 5.485e+2 5.485e+2 5.485e+2 5.485e+2 5.485e+2 5.485e+2
    5.485e+2 5.485e+2 5.485e+2 5.485e+2 5.485e+2 5.485e+2 5.485e+2 5.485e+2
    5.485e+2 5.485e+2 5.485e+2 5.485e+2 5.485e+2 5.485e+2 5.485e+2 5.485e+2
    5.485e+2 5.485e+2 5.485e+2 5.485e+2 5.485e+2 5.485e+2 5.485e+2 5.485e+2
    5.485e+2 5.485e+2 5.485e+2 5.485e+2 5.485e+2 5.485e+2 5.485e+2 5.485e+2
    5.485e+2 5.485e+2 5.485e+2 5.485e+2 5.485e+2 5.485e+2 5.485e+2 5.485e+2
    5.485e+2 5.485e+2 5.485e+2 5.485e+2 5.485e+2 5.485e+2 5.485e+2 5.485e+2
    5.485e+2 5.485e+2 5.485e+2 5.485e+2 5.485e+2 5.485e+2 5.485e+2 5.485e+2
    5.485e+2 5.485e+2 5.485e+2 5.485e+2 5.485e+2 5.485e+2 5.485e+2 5.485e+2
    5.485e+2 5.485e+2 5.485e+2 5.485e+2 5.485e+2 5.485e+2 5.485e+2 5.485e+2
    5.485e+2 5.485e+2 5.485e+2 5.485e+2 5.485e+2 5.485e+2 5.485e+2 5.485e+2
    5.485e+2 5.485e+2 5.485e+2 5.485e+2 5.485e+2 5.485e+2 5.485e+2 5.485e+2
    5.485e+2 5.485e+2 5.485e+2 5.485e+2 5.485e+2 5.485e+2 5.485e+2 5.485e+2
    5.485e+2 5.485e+2 5.485e+2 5.485e+2 5.485e+2 5.485e+2 5.485e+2 5.485e+2
    5.485e+2 5.485e+2 5.485e+2 5.485e+2 5.485e+2 5.485e+2 5.485e+2 5.485e+2
    5.485e+2 5.485e+2 5.485e+2 5.485e+2 5.485e+2 5.485e+2 5.485e+2 5.485e+2
    5.485e+2 5.485e+2 5.485e+2 5.485e+2 5.485e+2 5.485e+2 5.485e+2 5.485e+2
    5.485e+2 5.485e+2 5.485e+2 5.485e+2 5.485e+2 5.485e+2 5.485e+2 5.485e+2
    5.485e+2 5.485e+2 5.485e+2 5.485e+2 5.485e+2 5.485e+2 5.485e+2 5.485e+2
    5.485e+2 5.485e+2 5.485e+2 5.485e+2 5.485e+2 5.485e+2 5.485e+2 5.485e+2
    5.485e+2 5.485e+2 5.485e+2 5.485e+2 5.485e+2 5.485e+2 5.485e+2 5.485e+2
    5.485e+2 5.485e+2 5.485e+2 5.485e+2 5.485e+2 5.485e+2 5.485e+2 5.485e+2
    5.485e+2 5.485e+2 5.485e+2 5.485e+2 5.485e+2 5.485e+2 5.485e+2 5.485e+2
    5.485e+2 5.485e+2 5.485e+2 5.485e+2 5.485e+2 5.485e+2 5.485e+2 5.485e+2
    5.485e+2 5.485e+2 5.485e+2 5.485e+2 5.485e+2 5.485e+2 5.485e+2 5.485e+2
    5.485e+2 5.485e+2 5.485e+2 5.485e+2 5.485e+2 5.485e+2 5.485e+2 5.485e+2
    5.485e+2 5.485e+2 5.485e+2 5.485e+2 5.485e+2 5.485e+2 5.485e+2 5.485e+2
    5.485e+2 5.485e+2 5.485e+2 5.485e+2 5.485e+2 5.485e+2 5.485e+2 5.485e+2
    5.485e+2 5.485e+2 5.485e+2 5.485e+2 5.485e+2 5.485e+2 5.485e+2 5.485e+2
    5.485e+2 5.485e+2 5.485e+2 5.485e+2 5.485e+2 5.485e+2 5.485e+2 5.485e+2
    5.485e+2 5.485e+2 5.485e+2 5.485e+2 5.485e+2 5.485e+2 5.485e+2 5.485e+2
    5.485e+2 5.485e+2 5.485e+2 5.485e+2 5.485e+2 5.485e+2 5.485e+2 5.485e+2
    5.485e+2 5.485e+2 5.485e+2 5.485e+2 5.485e+2 5.485e+2 5.485e+2 5.485e+2
    5.485e+2 5.485e+2 5.485e+2 5.485e+2 5.485e+2 5.485e+2 5.485e+2 5.485e+2
    5.485e+2 5.485e+2 5.485e+2 5.485e+2 5.485e+2 5.485e+2 5.485e+2 5.485e+2
    5.485e+2 5.485e+2 5.485e+2 5.485e+2 5.485e+2 5.485e+2 5.485e+2 5.485e+2
    5.485e+2 5.485e+2 5.485e+2 5.485e+2 5.485e+2 5.485e+2 5.485e+2 5.485e+2
    5.485e+2 5.485e+2 5.485e+2 5.485e+2 5.485e+2 5.485e+2 5.485e+2 5.485e+2
    5.485e+2 5.485e+2 5.485e+2 5.485e+2 5.485e+2 5.485e+2 5.485e+2 5.485e+2
    5.485e+2 5.485e+2 5.485e+2 5.485e+2 5.485e+2 5.485e+2 5.485e+2 5.485e+2
    5.485e+2 5.485e+2 5.485e+2 5.485e+2 5.485e+2 5.485e+2 5.485e+2 5.485e+2
    5.485e+2 5.485e+2 5.485e+2 5.485e+2 5.485e+2 5.485e+2 5.485e+2 5.485e+2
    5.485e+2 5.485e+2 5.485e+2 5.485e+2 5.485e+2 5.485e+2 5.485e+2 5.485e+2
    5.485e+2 5.485e+2 5.485e+2 5.485e+2 5.485e+2 5.485e+2 5.485e+2 5.485e+2
    5.485e+2 5.485e+2 5.485e+2 5.485e+2 5.485e+2 5.485e+2 5.485e+2 5.485e+2
    5.485e+2 5.485e+2 5.485e+2 5.485e+2 5.485e+2 5.485e+2 5.485e+2 5.485e+2
    5.485e+2 5.485e+2 5.485e+2 5.485e+2 5.485e+2 5.485e+2 5.485e+2 5.485e+2
    5.485e+2 5.485e+2 5.485e+2 5.485e+2 5.485e+2 5.485e+2 5.485e+2 5.485e+2
    5.485e+2 5.485e+2 5.485e+2 5.485e+2 5.485e+2 5.485e+2 5.485e+2 5.485e+2
    5.485e+2 5.485e+2 5.485e+2 5.485e+2 5.485e+2 5.485e+2 5.485e+2 5.485e+2
    5.485e+2 5.485e+2 5.485e+2 5.485e+2 5.485e+2 5.485e+2 5.485e+2 5.485e+2
    5.485e+2 5.485e+2 5.485e+2 5.485e+2 5.485e+2 5.485e+2 5.485e+2 5.485e+2
    5.485e+2 5.485e+2 5.485e+2 5.485e+2 5.485e+2 5.485e+2 5.485e+2 5.485e+2
    5.485e+2 5.485e+2 5.485e+2 5.485e+2 5.485e+2 5.485e+2 5.485e+2 5.485e+2
    5.485e+2 5.485e+2 5.485e+2 5.485e+2 5.485e+2 5.485e+2 5.485e+2 5.485e+2
    5.485e+2 5.485e+2 5.485e+2 5.485e+2 5.485e+2 5.485e+2 5.485e+2 5.485e+2
    5.485e+2 5.485e+2 5.485e+2 5.485e+2 5.485e+2 5.485e+2 5.485e+2 5.485e+2
    5.485e+2 5.485e+2 5.485e+2 5.485e+2 5.485e+2 5.485e+2 5.485e+2 5.485e+2
    5.485e+2 5.485e+2 5.485e+2 5.485e+2 5.485e+2 5.485e+2 5.485e+2 5.485e+2
    5.485e+2 5.485e+2 5.485e+2 5.485e+2 5.485e+2 5.485e+2 5.485e+2 5.485e+2
    5.485e+2 5.485e+2 5.485e+2 5.485e+2 5.485e+2 5.485e+2 5.485e+2 5.485e+2
    5.485e+2 5.485e+2 5.485e+2 5.485e+2 5.485e+2 5.485e+2 5.485e+2 5.485e+2
    5.485e+2 5.485e+2 5.485e+2 5.485e+2 5.485e+2 5.485e+2 5.485e+2 5.485e+2
    5.485e+2 5.485e+2 5.485e+2 5.485e+2 5.485e+2 5.485e+2 5.485e+2 5.485e+2
    5.485e+2 5.485e+2 5.485e+2 5.485e+2 5.485e+2 5.485e+2 5.485e+2 5.485e+2
    5.485e+2 5.485e+2 5.485e+2 5.485e+2 5.485e+2 5.485e+2 5.485e+2 5.485e+2
    5.485e+2 5.485e+2 5.485e+2 5.485e+2 5.485e+2 5.485e+2 5.485e+2 5.485e+2
    5.485e+2 5.485e+2 5.485e+2 5.485e+2 5.485e+2 5.485e+2 5.485e+2 5.485e+2
    5.485e+2 5.485e+2 5.485e+2 5.485e+2 5.485e+2 5.485e+2 5.485e+2 5.485e+2
    5.485e+2 5.485e+2 5.485e+2 5.485e+2 5.485e+2 5.485e+2 5.485e+2 5.485e+2
    5.485e+2 5.485e+2 5.485e+2 5.485e+2 5.485e+2 5.485e+2 5.485e+2 5.485e+2
    5.485e+2 5.485e+2 5.485e+2 5.485e+2 5.485e+2 5.485e+2 5.485e+2 5.485e+2
    5.485e+2 5.485e+2 5.485e+2 5.485e+2 5.4866666666666663e+2
    5.4866666666666663e+2 5.4866666666666663e+2 5.4866666666666663e+2
    5.4866666666666663e+2 5.4866666666666663e+2 5.4866666666666663e+2
    5.4866666666666663e+2 5.4866666666666663e+2 5.4866666666666663e+2
    5.4866666666666663e+2 5.4866666666666663e+2 5.4866666666666663e+2
    5.4866666666666663e+2 5.4866666666666663e+2 5.4866666666666663e+2
    5.4866666666666663e+2 5.4866666666666663e+2 5.4866666666666663e+2
    5.4866666666666663e+2 5.4866666666666663e+2 5.4866666666666663e+2
    5.4866666666666663e+2 5.4866666666666663e+2 5.4866666666666663e+2
    5.4866666666666663e+2 5.4866666666666663e+2 5.4866666666666663e+2
    5.4866666666666663e+2 5.4866666666666663e+2 5.4866666666666663e+2
    5.4866666666666663e+2 5.4866666666666663e+2 5.4866666666666663e+2
    5.4866666666666663e+2 5.4866666666666663e+2 5.4866666666666663e+2
    5.4866666666666663e+2 5.4866666666666663e+2 5.4866666666666663e+2
    5.4866666666666663e+2 5.4866666666666663e+2 5.4866666666666663e+2
    5.4866666666666663e+2 5.4866666666666663e+2 5.4866666666666663e+2
    5.4866666666666663e+2 5.4866666666666663e+2 5.4866666666666663e+2
    5.4866666666666663e+2 5.4883333333333337e+2 5.4883333333333337e+2
    5.4883333333333337e+2 5.4883333333333337e+2 5.4883333333333337e+2
    5.4883333333333337e+2 5.4883333333333337e+2 5.4883333333333337e+2
    5.4883333333333337e+2 5.4883333333333337e+2 5.4883333333333337e+2
    5.4883333333333337e+2 5.4883333333333337e+2 5.4883333333333337e+2
    5.4883333333333337e+2 5.4883333333333337e+2 5.4883333333333337e+2
    5.4883333333333337e+2 5.4883333333333337e+2 5.4883333333333337e+2
    5.4883333333333337e+2 5.4883333333333337e+2 5.4883333333333337e+2
    5.4883333333333337e+2 5.4883333333333337e+2 5.4883333333333337e+2
    5.4883333333333337e+2 5.4883333333333337e+2 5.4883333333333337e+2
    5.4883333333333337e+2 5.4883333333333337e+2 5.4883333333333337e+2
    5.4883333333333337e+2 5.4883333333333337e+2 5.4883333333333337e+2
    5.4883333333333337e+2 5.4883333333333337e+2 5.4883333333333337e+2
    5.4883333333333337e+2 5.4883333333333337e+2 5.4883333333333337e+2
    5.4883333333333337e+2 5.4883333333333337e+2 5.4883333333333337e+2
    5.4883333333333337e+2 5.4883333333333337e+2 5.4883333333333337e+2
    5.4883333333333337e+2 5.4883333333333337e+2 5.4883333333333337e+2
    5.4883333333333337e+2 5.4883333333333337e+2 5.4883333333333337e+2
    5.4883333333333337e+2 5.4883333333333337e+2 5.4883333333333337e+2
    5.4883333333333337e+2 5.4883333333333337e+2 5.4883333333333337e+2
    5.4883333333333337e+2 5.4883333333333337e+2 5.4883333333333337e+2
    5.4883333333333337e+2 5.4883333333333337e+2 5.4883333333333337e+2
    5.4883333333333337e+2 5.4883333333333337e+2 5.4883333333333337e+2
    5.4883333333333337e+2 5.4883333333333337e+2 5.4883333333333337e+2
    5.4883333333333337e+2 5.4883333333333337e+2 5.4883333333333337e+2
    5.4883333333333337e+2 5.4883333333333337e+2 5.4883333333333337e+2
    5.4883333333333337e+2 5.4883333333333337e+2 5.4883333333333337e+2
    5.4883333333333337e+2 5.4883333333333337e+2 5.4883333333333337e+2
    5.4883333333333337e+2 5.4883333333333337e+2 5.4883333333333337e+2
    5.4883333333333337e+2 5.4883333333333337e+2 5.4883333333333337e+2
    5.4883333333333337e+2 5.4883333333333337e+2 5.4883333333333337e+2
    5.4883333333333337e+2 5.4883333333333337e+2 5.4883333333333337e+2
    5.4883333333333337e+2 5.4883333333333337e+2 5.4883333333333337e+2
    5.4883333333333337e+2 5.4883333333333337e+2 5.4883333333333337e+2
    5.4883333333333337e+2 5.4883333333333337e+2 5.4883333333333337e+2
    5.4883333333333337e+2 5.4883333333333337e+2 5.4883333333333337e+2
    5.4883333333333337e+2 5.4883333333333337e+2 5.4883333333333337e+2
    5.4883333333333337e+2 5.4883333333333337e+2 5.4883333333333337e+2
    5.4883333333333337e+2 5.4883333333333337e+2 5.4883333333333337e+2
    5.4883333333333337e+2 5.4883333333333337e+2 5.4883333333333337e+2
    5.4883333333333337e+2 5.4883333333333337e+2 5.4883333333333337e+2
    5.4883333333333337e+2 5.4883333333333337e+2 5.4883333333333337e+2
    5.4883333333333337e+2 5.4883333333333337e+2 5.4883333333333337e+2
    5.4883333333333337e+2 5.4883333333333337e+2 5.4883333333333337e+2
    5.4883333333333337e+2 5.4883333333333337e+2 5.4883333333333337e+2
    5.4883333333333337e+2 5.4883333333333337e+2 5.4883333333333337e+2
    5.4883333333333337e+2 5.4883333333333337e+2 5.4883333333333337e+2
    5.4883333333333337e+2 5.4883333333333337e+2 5.4883333333333337e+2
    5.4883333333333337e+2 5.4883333333333337e+2 5.4883333333333337e+2
    5.4883333333333337e+2 5.4883333333333337e+2 5.4883333333333337e+2
    5.4883333333333337e+2 5.4883333333333337e+2 5.4883333333333337e+2
    5.4883333333333337e+2 5.4883333333333337e+2 5.4883333333333337e+2
    5.4883333333333337e+2 5.4883333333333337e+2 5.4883333333333337e+2
    5.4883333333333337e+2 5.4883333333333337e+2 5.4883333333333337e+2
    5.4883333333333337e+2 5.4883333333333337e+2 5.4883333333333337e+2
    5.4883333333333337e+2 5.4883333333333337e+2 5.4883333333333337e+2
    5.4883333333333337e+2 5.4883333333333337e+2 5.4883333333333337e+2
    5.4883333333333337e+2 5.4883333333333337e+2 5.4883333333333337e+2
    5.4883333333333337e+2 5.4883333333333337e+2 5.4883333333333337e+2
    5.4883333333333337e+2 5.4883333333333337e+2 5.4883333333333337e+2
    5.4883333333333337e+2 5.4883333333333337e+2 5.4883333333333337e+2
    5.4883333333333337e+2 5.4883333333333337e+2 5.4883333333333337e+2
    5.4883333333333337e+2 5.4883333333333337e+2 5.4883333333333337e+2
    5.4883333333333337e+2 5.4883333333333337e+2 5.4883333333333337e+2
    5.4883333333333337e+2 5.4883333333333337e+2 5.4883333333333337e+2
    5.4883333333333337e+2 5.4883333333333337e+2 5.4883333333333337e+2
    5.4883333333333337e+2 5.4883333333333337e+2 5.4883333333333337e+2
    5.4883333333333337e+2 5.4883333333333337e+2 5.4883333333333337e+2
    5.4883333333333337e+2 5.4883333333333337e+2 5.4883333333333337e+2
    5.4883333333333337e+2 5.4883333333333337e+2 5.4883333333333337e+2
    5.4883333333333337e+2 5.4883333333333337e+2 5.4883333333333337e+2
    5.4883333333333337e+2 5.4883333333333337e+2 5.4883333333333337e+2
    5.4883333333333337e+2 5.4883333333333337e+2 5.4883333333333337e+2
    5.4883333333333337e+2 5.4883333333333337e+2 5.4883333333333337e+2
    5.4883333333333337e+2 5.4883333333333337e+2 5.4883333333333337e+2
    5.4883333333333337e+2 5.4883333333333337e+2 5.4883333333333337e+2
    5.4883333333333337e+2 5.4883333333333337e+2 5.4883333333333337e+2
    5.4883333333333337e+2 5.4883333333333337e+2 5.4883333333333337e+2
    5.4883333333333337e+2 5.4883333333333337e+2 5.4883333333333337e+2
    5.4883333333333337e+2 5.4883333333333337e+2 5.4883333333333337e+2
    5.4883333333333337e+2 5.4883333333333337e+2 5.4883333333333337e+2
    5.4883333333333337e+2 5.4883333333333337e+2 5.4883333333333337e+2
    5.4883333333333337e+2 5.4883333333333337e+2 5.4883333333333337e+2
    5.4883333333333337e+2 5.4883333333333337e+2 5.4883333333333337e+2
    5.4883333333333337e+2 5.4883333333333337e+2 5.4883333333333337e+2
    5.4883333333333337e+2 5.4883333333333337e+2 5.4883333333333337e+2
    5.4883333333333337e+2 5.4883333333333337e+2 5.4883333333333337e+2
    5.4883333333333337e+2 5.4883333333333337e+2 5.4883333333333337e+2
    5.4883333333333337e+2 5.4883333333333337e+2 5.4883333333333337e+2
    5.4883333333333337e+2 5.4883333333333337e+2 5.4883333333333337e+2
    5.4883333333333337e+2 5.4883333333333337e+2 5.4883333333333337e+2
    5.4883333333333337e+2 5.4883333333333337e+2 5.4883333333333337e+2
    5.4883333333333337e+2 5.4883333333333337e+2 5.4883333333333337e+2
    5.4883333333333337e+2 5.4883333333333337e+2 5.4883333333333337e+2
    5.4883333333333337e+2 5.4883333333333337e+2 5.4883333333333337e+2
    5.4883333333333337e+2 5.4883333333333337e+2 5.4883333333333337e+2
    5.4883333333333337e+2 5.4883333333333337e+2 5.4883333333333337e+2
    5.4883333333333337e+2 5.4883333333333337e+2 5.4883333333333337e+2
    5.4883333333333337e+2 5.4883333333333337e+2 5.4883333333333337e+2
    5.4883333333333337e+2 5.4883333333333337e+2 5.4883333333333337e+2
    5.4883333333333337e+2 5.4883333333333337e+2 5.4883333333333337e+2
    5.4883333333333337e+2 5.4883333333333337e+2 5.4883333333333337e+2
    5.4883333333333337e+2 5.4883333333333337e+2 5.4883333333333337e+2
    5.4883333333333337e+2 5.4883333333333337e+2 5.4883333333333337e+2
    5.4883333333333337e+2 5.4883333333333337e+2 5.4883333333333337e+2
    5.4883333333333337e+2 5.4883333333333337e+2 5.4883333333333337e+2
    5.4883333333333337e+2 5.4883333333333337e+2 5.4883333333333337e+2
    5.4883333333333337e+2 5.4883333333333337e+2 5.4883333333333337e+2
    5.4883333333333337e+2 5.4883333333333337e+2 5.4883333333333337e+2
    5.4883333333333337e+2 5.4883333333333337e+2 5.4883333333333337e+2
    5.4883333333333337e+2 5.4883333333333337e+2 5.4883333333333337e+2
    5.4883333333333337e+2 5.4883333333333337e+2 5.4883333333333337e+2
    5.4883333333333337e+2 5.4883333333333337e+2 5.4883333333333337e+2
    5.4883333333333337e+2 5.4883333333333337e+2 5.4883333333333337e+2
    5.4883333333333337e+2 5.4883333333333337e+2 5.4883333333333337e+2
    5.4883333333333337e+2 5.4883333333333337e+2 5.4883333333333337e+2
    5.4883333333333337e+2 5.4883333333333337e+2 5.4883333333333337e+2
    5.4883333333333337e+2 5.4883333333333337e+2 5.4883333333333337e+2
    5.4883333333333337e+2 5.4883333333333337e+2 5.4883333333333337e+2
    5.4883333333333337e+2 5.4883333333333337e+2 5.4883333333333337e+2
    5.4883333333333337e+2 5.4883333333333337e+2 5.4883333333333337e+2
    5.4883333333333337e+2 5.4883333333333337e+2 5.4883333333333337e+2
    5.4883333333333337e+2 5.4883333333333337e+2 5.4883333333333337e+2
    5.4883333333333337e+2 5.4883333333333337e+2 5.4883333333333337e+2
    5.4883333333333337e+2 5.4883333333333337e+2 5.4883333333333337e+2
    5.4883333333333337e+2 5.4883333333333337e+2 5.4883333333333337e+2
    5.4883333333333337e+2 5.4883333333333337e+2 5.4883333333333337e+2
    5.4883333333333337e+2 5.4883333333333337e+2 5.4883333333333337e+2
    5.4883333333333337e+2 5.4883333333333337e+2 5.4883333333333337e+2
    5.4883333333333337e+2 5.4883333333333337e+2 5.4883333333333337e+2
    5.4883333333333337e+2 5.4883333333333337e+2 5.4883333333333337e+2
    5.4883333333333337e+2 5.4883333333333337e+2 5.4883333333333337e+2
    5.4883333333333337e+2 5.4883333333333337e+2 5.4883333333333337e+2
    5.4883333333333337e+2 5.4883333333333337e+2 5.4883333333333337e+2
    5.4883333333333337e+2 5.49e+2 5.4916666666666663e+2 5.4916666666666663e+2
    5.4916666666666663e+2 5.4916666666666663e+2 5.4916666666666663e+2
    5.4916666666666663e+2 5.4916666666666663e+2 5.4916666666666663e+2
    5.4916666666666663e+2 5.4916666666666663e+2 5.4916666666666663e+2
    5.4916666666666663e+2 5.4916666666666663e+2 5.4916666666666663e+2
    5.5133333333333337e+2 5.5133333333333337e+2 5.5133333333333337e+2
    5.5133333333333337e+2 5.5133333333333337e+2 5.5133333333333337e+2
    5.5133333333333337e+2 5.5133333333333337e+2 5.5133333333333337e+2
    5.5133333333333337e+2 5.5133333333333337e+2 5.5133333333333337e+2
    5.5133333333333337e+2 5.5133333333333337e+2 5.5133333333333337e+2
    5.5133333333333337e+2 5.5133333333333337e+2 5.5133333333333337e+2
    5.5133333333333337e+2 5.5133333333333337e+2 5.5133333333333337e+2
    5.5133333333333337e+2 5.5133333333333337e+2 5.5133333333333337e+2
    5.5133333333333337e+2 5.5133333333333337e+2 5.5133333333333337e+2
    5.5133333333333337e+2 5.5133333333333337e+2 5.5133333333333337e+2
    5.5133333333333337e+2 5.5133333333333337e+2 5.5133333333333337e+2
    5.5133333333333337e+2 5.5133333333333337e+2 5.5133333333333337e+2
    5.5133333333333337e+2 5.5133333333333337e+2 5.5133333333333337e+2
    5.5133333333333337e+2 5.5133333333333337e+2 5.5133333333333337e+2
    5.5133333333333337e+2 5.5133333333333337e+2 5.5133333333333337e+2
    5.5133333333333337e+2 5.5133333333333337e+2 5.5133333333333337e+2
    5.5133333333333337e+2 5.5133333333333337e+2 5.5133333333333337e+2
    5.5133333333333337e+2 5.5133333333333337e+2 5.5133333333333337e+2
    5.5133333333333337e+2 5.5133333333333337e+2 5.5133333333333337e+2
    5.5133333333333337e+2 5.5133333333333337e+2 5.5133333333333337e+2
    5.5133333333333337e+2 5.5133333333333337e+2 5.5133333333333337e+2
    5.5133333333333337e+2 5.5133333333333337e+2 5.5133333333333337e+2
    5.5133333333333337e+2 5.5133333333333337e+2 5.5133333333333337e+2
    5.5133333333333337e+2 5.5133333333333337e+2 5.5133333333333337e+2
    5.5133333333333337e+2 5.5133333333333337e+2 5.5133333333333337e+2
    5.5133333333333337e+2 5.5133333333333337e+2 5.5133333333333337e+2
    5.5133333333333337e+2 5.5133333333333337e+2 5.5133333333333337e+2
    5.5133333333333337e+2 5.5133333333333337e+2 5.5133333333333337e+2
    5.5133333333333337e+2 5.5133333333333337e+2 5.5133333333333337e+2
    5.5133333333333337e+2 5.5133333333333337e+2 5.5133333333333337e+2
    5.5133333333333337e+2 5.5133333333333337e+2 5.5133333333333337e+2
    5.5133333333333337e+2 5.5133333333333337e+2 5.5133333333333337e+2
    5.5133333333333337e+2 5.5133333333333337e+2 5.5133333333333337e+2
    5.5133333333333337e+2 5.5133333333333337e+2 5.5133333333333337e+2
    5.5133333333333337e+2 5.5133333333333337e+2 5.5133333333333337e+2
    5.5133333333333337e+2 5.5133333333333337e+2 5.5133333333333337e+2
    5.5133333333333337e+2 5.5133333333333337e+2 5.5133333333333337e+2
    5.5133333333333337e+2 5.5133333333333337e+2 5.5133333333333337e+2
    5.5133333333333337e+2 5.5133333333333337e+2 5.5133333333333337e+2
    5.5133333333333337e+2 5.5133333333333337e+2 5.5133333333333337e+2
    5.5133333333333337e+2 5.5133333333333337e+2 5.5133333333333337e+2
    5.5133333333333337e+2 5.5133333333333337e+2 5.5133333333333337e+2
    5.5133333333333337e+2 5.5133333333333337e+2 5.5133333333333337e+2
    5.5133333333333337e+2 5.5133333333333337e+2 5.5133333333333337e+2
    5.5133333333333337e+2 5.5133333333333337e+2 5.5133333333333337e+2
    5.5133333333333337e+2 5.5133333333333337e+2 5.5133333333333337e+2
    5.5133333333333337e+2 5.5133333333333337e+2 5.5133333333333337e+2
    5.5133333333333337e+2 5.5133333333333337e+2 5.5133333333333337e+2
    5.5133333333333337e+2 5.5133333333333337e+2 5.5133333333333337e+2
    5.5133333333333337e+2 5.5133333333333337e+2 5.5133333333333337e+2
    5.5133333333333337e+2 5.5133333333333337e+2 5.5133333333333337e+2
    5.5133333333333337e+2 5.5133333333333337e+2 5.5133333333333337e+2
    5.5133333333333337e+2 5.5133333333333337e+2 5.5133333333333337e+2
    5.5133333333333337e+2 5.5133333333333337e+2 5.5133333333333337e+2
    5.5133333333333337e+2 5.5133333333333337e+2 5.5133333333333337e+2
    5.5133333333333337e+2 5.5133333333333337e+2 5.5133333333333337e+2
    5.5133333333333337e+2 5.5133333333333337e+2 5.5133333333333337e+2
    5.5133333333333337e+2 5.5133333333333337e+2 5.5133333333333337e+2
    5.5133333333333337e+2 5.5133333333333337e+2 5.5133333333333337e+2
    5.5133333333333337e+2 5.5133333333333337e+2 5.5133333333333337e+2
    5.5133333333333337e+2 5.5133333333333337e+2 5.5133333333333337e+2
    5.5133333333333337e+2 5.5133333333333337e+2 5.5133333333333337e+2
    5.5133333333333337e+2 5.5133333333333337e+2 5.5133333333333337e+2
    5.5133333333333337e+2 5.5133333333333337e+2 5.5133333333333337e+2
    5.5133333333333337e+2 5.5133333333333337e+2 5.5133333333333337e+2
    5.5133333333333337e+2 5.5133333333333337e+2 5.5133333333333337e+2
    5.5133333333333337e+2 5.5133333333333337e+2 5.5133333333333337e+2
    5.5133333333333337e+2 5.5133333333333337e+2 5.5133333333333337e+2
    5.5133333333333337e+2 5.5133333333333337e+2 5.5133333333333337e+2
    5.5133333333333337e+2 5.5133333333333337e+2 5.5133333333333337e+2
    5.5133333333333337e+2 5.5133333333333337e+2 5.5133333333333337e+2
    5.5133333333333337e+2 5.5133333333333337e+2 5.5133333333333337e+2
    5.5133333333333337e+2 5.5133333333333337e+2 5.5133333333333337e+2
    5.5133333333333337e+2 5.5133333333333337e+2 5.5133333333333337e+2
    5.5133333333333337e+2 5.5133333333333337e+2 5.5133333333333337e+2
    5.5133333333333337e+2 5.5133333333333337e+2 5.5133333333333337e+2
    5.5133333333333337e+2 5.5133333333333337e+2 5.5133333333333337e+2
    5.5133333333333337e+2 5.5133333333333337e+2 5.5133333333333337e+2
    5.5133333333333337e+2 5.5133333333333337e+2 5.5133333333333337e+2
    5.5133333333333337e+2 5.5133333333333337e+2 5.5133333333333337e+2
    5.5133333333333337e+2 5.5133333333333337e+2 5.5133333333333337e+2
    5.5133333333333337e+2 5.5133333333333337e+2 5.5133333333333337e+2
    5.5133333333333337e+2 5.5133333333333337e+2 5.5133333333333337e+2
    5.5133333333333337e+2 5.5133333333333337e+2 5.5133333333333337e+2
    5.5133333333333337e+2 5.5133333333333337e+2 5.5133333333333337e+2
    5.5133333333333337e+2 5.5133333333333337e+2 5.5133333333333337e+2
    5.5133333333333337e+2 5.5133333333333337e+2 5.5133333333333337e+2
    5.5133333333333337e+2 5.5133333333333337e+2 5.5133333333333337e+2
    5.5133333333333337e+2 5.5133333333333337e+2 5.5133333333333337e+2
    5.5133333333333337e+2 5.5133333333333337e+2 5.5133333333333337e+2
    5.5133333333333337e+2 5.5133333333333337e+2 5.5133333333333337e+2
    5.5133333333333337e+2 5.5133333333333337e+2 5.5133333333333337e+2
    5.5133333333333337e+2 5.5133333333333337e+2 5.5133333333333337e+2
    5.5133333333333337e+2 5.5133333333333337e+2 5.5133333333333337e+2
    5.5133333333333337e+2 5.5133333333333337e+2 5.5133333333333337e+2
    5.5133333333333337e+2 5.5133333333333337e+2 5.5133333333333337e+2
    5.5133333333333337e+2 5.5133333333333337e+2 5.5133333333333337e+2
    5.5133333333333337e+2 5.5133333333333337e+2 5.5133333333333337e+2
    5.5133333333333337e+2 5.5133333333333337e+2 5.5133333333333337e+2
    5.5133333333333337e+2 5.5133333333333337e+2 5.5133333333333337e+2
    5.5133333333333337e+2 5.5133333333333337e+2 5.5133333333333337e+2
    5.5133333333333337e+2 5.5133333333333337e+2 5.5133333333333337e+2
    5.5133333333333337e+2 5.5133333333333337e+2 5.5133333333333337e+2
    5.5133333333333337e+2 5.5133333333333337e+2 5.5133333333333337e+2
    5.5133333333333337e+2 5.5133333333333337e+2 5.5133333333333337e+2
    5.5133333333333337e+2 5.5133333333333337e+2 5.5133333333333337e+2
    5.5133333333333337e+2 5.5133333333333337e+2 5.5133333333333337e+2
    5.5133333333333337e+2 5.5133333333333337e+2 5.5133333333333337e+2
    5.5133333333333337e+2 5.5133333333333337e+2 5.5133333333333337e+2
    5.5133333333333337e+2 5.5133333333333337e+2 5.5133333333333337e+2
    5.5133333333333337e+2 5.5133333333333337e+2 5.5133333333333337e+2
    5.5216666666666663e+2 5.5533333333333337e+2 5.5533333333333337e+2 5.555e+2
    5.5566666666666663e+2 5.5566666666666663e+2 5.5566666666666663e+2
    5.5566666666666663e+2 5.5566666666666663e+2 5.5566666666666663e+2
    5.5566666666666663e+2 5.5566666666666663e+2 5.5566666666666663e+2
    5.5566666666666663e+2 5.5566666666666663e+2 5.5566666666666663e+2
    5.5566666666666663e+2 5.5566666666666663e+2 5.5566666666666663e+2
    5.5566666666666663e+2 5.5566666666666663e+2 5.5566666666666663e+2
    5.5566666666666663e+2 5.5566666666666663e+2 5.5566666666666663e+2
    5.5566666666666663e+2 5.5566666666666663e+2 5.5566666666666663e+2
    5.5566666666666663e+2 5.5566666666666663e+2 5.5566666666666663e+2
    5.5566666666666663e+2 5.5566666666666663e+2 5.5566666666666663e+2
    5.5566666666666663e+2 5.5566666666666663e+2 5.5566666666666663e+2
    5.5566666666666663e+2 5.5566666666666663e+2 5.5566666666666663e+2
    5.5566666666666663e+2 5.5566666666666663e+2 5.5566666666666663e+2
    5.5566666666666663e+2 5.5566666666666663e+2 5.5566666666666663e+2
    5.5566666666666663e+2 5.5566666666666663e+2 5.5566666666666663e+2
    5.5566666666666663e+2 5.5583333333333337e+2 5.5583333333333337e+2
    5.5583333333333337e+2 5.5583333333333337e+2 5.5583333333333337e+2
    5.5583333333333337e+2 5.5583333333333337e+2 5.5583333333333337e+2 5.56e+2
    5.56e+2 5.56e+2 5.56e+2 5.56e+2 5.56e+2 5.56e+2 5.56e+2 5.56e+2 5.56e+2
    5.56e+2 5.56e+2 5.56e+2 5.56e+2 5.56e+2 5.56e+2 5.56e+2 5.56e+2 5.56e+2
    5.56e+2 5.56e+2 5.56e+2 5.56e+2 5.56e+2 5.56e+2 5.56e+2 5.56e+2 5.56e+2
    5.56e+2 5.56e+2 5.56e+2 5.56e+2 5.56e+2 5.56e+2 5.56e+2 5.56e+2 5.56e+2
    5.56e+2 5.56e+2 5.56e+2 5.56e+2 5.56e+2 5.56e+2 5.56e+2 5.56e+2 5.56e+2
    5.56e+2 5.56e+2 5.56e+2 5.56e+2 5.56e+2 5.56e+2 5.56e+2 5.56e+2 5.56e+2
    5.56e+2 5.56e+2 5.56e+2 5.56e+2 5.56e+2 5.56e+2 5.56e+2 5.56e+2 5.56e+2
    5.56e+2 5.56e+2 5.56e+2 5.56e+2 5.56e+2 5.56e+2 5.56e+2 5.56e+2 5.56e+2
    5.56e+2 5.56e+2 5.56e+2 5.56e+2 5.56e+2 5.56e+2 5.56e+2 5.56e+2 5.56e+2
    5.56e+2 5.56e+2 5.56e+2 5.56e+2 5.56e+2 5.56e+2 5.56e+2 5.56e+2 5.56e+2
    5.56e+2 5.56e+2 5.56e+2 5.56e+2 5.56e+2 5.56e+2 5.56e+2 5.56e+2 5.56e+2
    5.56e+2 5.56e+2 5.56e+2 5.56e+2 5.56e+2 5.56e+2 5.56e+2 5.56e+2 5.56e+2
    5.56e+2 5.56e+2 5.56e+2 5.56e+2 5.56e+2 5.56e+2 5.56e+2 5.56e+2 5.56e+2
    5.56e+2 5.56e+2 5.56e+2 5.56e+2 5.56e+2 5.56e+2 5.56e+2 5.56e+2 5.56e+2
    5.56e+2 5.56e+2 5.56e+2 5.56e+2 5.56e+2 5.56e+2 5.56e+2 5.56e+2 5.56e+2
    5.56e+2 5.56e+2 5.56e+2 5.56e+2 5.56e+2 5.56e+2 5.56e+2 5.56e+2 5.56e+2
    5.56e+2 5.56e+2 5.56e+2 5.56e+2 5.56e+2 5.56e+2 5.56e+2 5.56e+2 5.56e+2
    5.56e+2 5.56e+2 5.56e+2 5.56e+2 5.56e+2 5.56e+2 5.56e+2 5.56e+2 5.56e+2
    5.56e+2 5.56e+2 5.56e+2 5.56e+2 5.56e+2 5.56e+2 5.56e+2 5.56e+2 5.56e+2
    5.56e+2 5.56e+2 5.56e+2 5.56e+2 5.56e+2 5.56e+2 5.56e+2 5.56e+2 5.56e+2
    5.56e+2 5.56e+2 5.56e+2 5.56e+2 5.56e+2 5.56e+2 5.56e+2 5.56e+2 5.56e+2
    5.56e+2 5.56e+2 5.56e+2 5.56e+2 5.56e+2 5.56e+2 5.56e+2 5.56e+2 5.56e+2
    5.56e+2 5.56e+2 5.56e+2 5.56e+2 5.56e+2 5.56e+2 5.56e+2 5.56e+2 5.56e+2
    5.56e+2 5.56e+2 5.56e+2 5.56e+2 5.56e+2 5.56e+2 5.56e+2 5.56e+2 5.56e+2
    5.56e+2 5.56e+2 5.56e+2 5.56e+2 5.56e+2 5.56e+2 5.56e+2 5.56e+2
    5.5616666666666663e+2 5.5616666666666663e+2 5.5616666666666663e+2
    5.5616666666666663e+2 5.5616666666666663e+2 5.5633333333333337e+2
    5.5633333333333337e+2 5.5633333333333337e+2 5.5633333333333337e+2
    5.5633333333333337e+2 5.5633333333333337e+2 5.5633333333333337e+2
    5.5633333333333337e+2 5.5633333333333337e+2 5.5633333333333337e+2
    5.5633333333333337e+2 5.5633333333333337e+2 5.5633333333333337e+2
    5.5633333333333337e+2 5.5633333333333337e+2 5.5633333333333337e+2
    5.5633333333333337e+2 5.5633333333333337e+2 5.5633333333333337e+2
    5.5633333333333337e+2 5.5633333333333337e+2 5.5633333333333337e+2
    5.5633333333333337e+2 5.5633333333333337e+2 5.5633333333333337e+2
    5.5633333333333337e+2 5.5633333333333337e+2 5.5633333333333337e+2
    5.5633333333333337e+2 5.5633333333333337e+2 5.5633333333333337e+2
    5.5633333333333337e+2 5.5633333333333337e+2 5.5633333333333337e+2
    5.5633333333333337e+2 5.5633333333333337e+2 5.5633333333333337e+2
    5.5633333333333337e+2 5.5633333333333337e+2 5.5633333333333337e+2
    5.5633333333333337e+2 5.5633333333333337e+2 5.5633333333333337e+2
    5.5633333333333337e+2 5.5633333333333337e+2 5.5633333333333337e+2 5.61e+2
    5.6166666666666663e+2 5.6166666666666663e+2 5.6166666666666663e+2 5.62e+2
    5.6233333333333337e+2 5.6233333333333337e+2 5.6233333333333337e+2
    5.6233333333333337e+2 5.6233333333333337e+2 5.6233333333333337e+2
    5.6233333333333337e+2 5.6233333333333337e+2 5.6233333333333337e+2
    5.6233333333333337e+2 5.6233333333333337e+2 5.6233333333333337e+2 5.63e+2
    5.63e+2 5.63e+2 5.63e+2 5.63e+2 5.63e+2 5.68e+2 5.68e+2 5.68e+2 5.68e+2
    5.7733333333333337e+2 5.7733333333333337e+2 5.7733333333333337e+2 5.85e+2
    6.1033333333333337e+2 6.39625e+2 6.4739999999999998e+2
    6.4739999999999998e+2 6.4779999999999995e+2 6.4779999999999995e+2
    6.4779999999999995e+2 6.4779999999999995e+2 6.4779999999999995e+2
    6.4779999999999995e+2 6.4779999999999995e+2 6.4779999999999995e+2
    6.4779999999999995e+2 6.4779999999999995e+2 6.4779999999999995e+2
    6.4779999999999995e+2 6.4779999999999995e+2 6.4820000000000005e+2
    6.4820000000000005e+2 6.4820000000000005e+2 6.4860000000000002e+2
    6.5120000000000005e+2 6.5120000000000005e+2 6.5120000000000005e+2
    6.5679999999999995e+2 6.5679999999999995e+2 6.5679999999999995e+2
    6.5679999999999995e+2 7.1579166666666663e+2 7.9675e+2 8.01e+2 8.175e+2
    8.2388888888888891e+2 8.6911764705882354e+2 9.0292857142857144e+2
    9.4531818181818187e+2 9.745454545454545e+2 9.9923076923076928e+2
    1.0253928571428571e+3 1.0465999999999999e+3 1.0718709677419354e+3
    1.088969696969697e+3 1.1063396226415093e+3 1.1146739130434783e+3
    1.1257547169811321e+3 1.1323e+3 1.1407575757575758e+3 1.1528524590163934e+3
    1.1605128205128206e+3 1.1696153846153845e+3 1.177e+3 1.183125e+3
    1.192409090909091e+3 1.1968333333333333e+3 1.2055e+3 1.2111363636363637e+3
    1.2181818181818182e+3 1.222e+3 1.2268783783783783e+3 1.2298269230769231e+3
    1.2313424657534247e+3 1.2374565217391305e+3 1.2427572815533981e+3 1.245e+3
    1.2482602739726028e+3 1.2505897435897436e+3 1.2530555555555557e+3
    1.2559183673469388e+3 1.2589642857142858e+3 1.2604909090909091e+3
    1.2623365384615386e+3 1.2647407407407406e+3 1.2665128205128206e+3
    1.2690952380952381e+3 1.2727e+3 1.2749782608695652e+3 1.2764915254237287e+3
    1.2786507936507937e+3 1.2813565217391304e+3 1.2823023255813953e+3
    1.2841344537815125e+3 1.2853555555555556e+3 1.2862209302325582e+3
    1.2875517241379309e+3 1.2889711538461538e+3 1.2910224719101125e+3
    1.29290756302521e+3 1.2939080459770114e+3 1.2951500000000001e+3
    1.297016129032258e+3 1.298953125e+3 1.3002376237623762e+3
    1.3011267605633802e+3 1.3029595959595961e+3 1.3046363636363637e+3
    1.3056494845360826e+3 1.3069117647058824e+3 1.3082388059701493e+3
    1.3090645161290322e+3 1.3107623762376238e+3 1.3120615384615385e+3
    1.3133157894736842e+3 1.3143925233644859e+3 1.3155865384615386e+3 1.317e+3
    1.3183552631578948e+3 1.3192803738317757e+3 1.3200535714285713e+3
    1.3213235294117646e+3 1.3223529411764705e+3 1.3229041095890411e+3
    1.3242142857142858e+3 1.3255352112676057e+3 1.3261844660194174e+3
    1.3271090909090908e+3 1.3278715596330276e+3 1.3288e+3 1.3301008403361345e+3
    1.3307364341085272e+3 1.3317236842105262e+3 1.3322782608695652e+3
    1.3331465517241379e+3 1.3340759493670887e+3 1.3348706896551723e+3
    1.3354871794871794e+3 1.3366787564766839e+3 1.3372179487179487e+3
    1.338068376068376e+3 1.3385365853658536e+3 1.3397203389830509e+3
    1.340495867768595e+3 1.3415130434782609e+3 1.3424000000000001e+3
    1.3429367088607594e+3 1.3436623376623377e+3 1.3445903614457832e+3
    1.3453614457831325e+3 1.3464285714285713e+3 1.3469638554216867e+3
    1.347828125e+3 1.3482641509433963e+3 1.3489280000000001e+3
    1.3497282608695652e+3 1.3503428571428572e+3 1.351145038167939e+3
    1.3514615384615386e+3 1.3520243902439024e+3 1.3530174418604652e+3
    1.353320987654321e+3 1.3544252336448599e+3 1.3550486111111111e+3
    1.355864e+3 1.3564559999999999e+3 1.3574000000000001e+3
    1.3581263157894737e+3 1.3585597014925372e+3 1.3594264705882354e+3
    1.3599720279720279e+3 1.3609148936170213e+3 1.3614558823529412e+3
    1.3622249999999999e+3 1.3630486111111111e+3 1.3636507936507937e+3
    1.3643846153846155e+3 1.3648775510204082e+3 1.3655957446808511e+3
    1.3662746478873239e+3 1.3668167539267015e+3 1.3675531914893618e+3
    1.3680412371134021e+3 1.3686554054054054e+3 1.369375e+3
    1.3698421052631579e+3 1.370724832214765e+3 1.3714468085106382e+3
    1.371958041958042e+3 1.3729423076923076e+3 1.373421875e+3
    1.3742083333333333e+3 1.3746464646464647e+3 1.3754736842105262e+3
    1.3760068965517241e+3 1.3765724137931034e+3 1.3771858974358975e+3
    1.378018691588785e+3 1.3786272727272728e+3 1.3791326530612246e+3 1.38024e+3
    1.381116129032258e+3 1.3820961538461538e+3 1.3830761904761905e+3
    1.3836428571428571e+3 1.3842865168539327e+3 1.385e+3 1.3860094339622642e+3
    1.386962962962963e+3 1.3876929824561403e+3 1.3892415730337079e+3
    1.3902649572649573e+3 1.3909826086956521e+3 1.3917384615384615e+3
    1.3922096069868996e+3 1.393e+3 1.3943e+3 1.3952348178137652e+3
    1.3958651685393259e+3 1.3965735294117646e+3 1.3974242424242425e+3
    1.3982352941176471e+3 1.3988412698412699e+3 1.3993719008264463e+3
    1.4008270676691729e+3 1.4016507936507937e+3 1.4036526315789474e+3
    1.4053039215686274e+3 1.4076500000000001e+3 1.409090909090909e+3
    1.4107857142857142e+3 1.413625e+3 1.4160147058823529e+3
    1.4220714285714287e+3 1.4459459459459461e+3 1.4602e+3 1.4657272727272727e+3
    1.4678260869565217e+3 1.476625e+3 1.4859154929577464e+3 1.48675e+3
    1.4873308270676691e+3 1.4873308270676691e+3 1.4873383458646617e+3
    1.4873533834586467e+3 1.4873533834586467e+3 1.4881958041958042e+3
    1.4887213114754099e+3 1.4889032258064517e+3 1.4889032258064517e+3
    1.4889032258064517e+3 1.4889032258064517e+3 1.4889032258064517e+3
    1.4889032258064517e+3 1.4889032258064517e+3 1.4889032258064517e+3
    1.4889032258064517e+3 1.4889032258064517e+3 1.4889032258064517e+3
    1.4889032258064517e+3 1.4889032258064517e+3 1.4889032258064517e+3
    1.4889032258064517e+3 1.4889032258064517e+3 1.4889032258064517e+3
    1.4889032258064517e+3 1.4889032258064517e+3 1.4889032258064517e+3
    1.4889032258064517e+3 1.4889032258064517e+3 1.4889032258064517e+3
    1.4889032258064517e+3 1.4889032258064517e+3 1.4889032258064517e+3
    1.4889032258064517e+3 1.4889032258064517e+3 1.4889032258064517e+3
    1.4889032258064517e+3 1.4889032258064517e+3 1.4889032258064517e+3
    1.4889032258064517e+3 1.4889032258064517e+3 1.4889032258064517e+3
    1.4889032258064517e+3 1.4889032258064517e+3 1.4889032258064517e+3
    1.4889032258064517e+3 1.4889032258064517e+3 1.4889032258064517e+3
    1.4889032258064517e+3 1.4896695652173912e+3 1.4907070707070707e+3
    1.4913599999999999e+3 1.4916847290640394e+3 1.4919457627118645e+3
    1.4922821158690176e+3 1.4924717444717444e+3 1.4928243559718969e+3
    1.4929072164948454e+3 1.4929074626865672e+3 1.4930389610389611e+3
    1.4931881188118812e+3 1.4932549019607843e+3 1.4932549019607843e+3
    1.4932549019607843e+3 1.4932549019607843e+3 1.4932549019607843e+3
    1.4932549019607843e+3 1.4932549019607843e+3 1.4932549019607843e+3
    1.4932549019607843e+3 1.4932549019607843e+3 1.4932549019607843e+3
    1.4932549019607843e+3 1.4932549019607843e+3 1.4932549019607843e+3
    1.4932549019607843e+3 1.4932549019607843e+3 1.4932549019607843e+3
    1.4932549019607843e+3 1.4932549019607843e+3 1.4932549019607843e+3
    1.4932549019607843e+3 1.4932549019607843e+3 1.4932549019607843e+3
    1.4932549019607843e+3 1.4932549019607843e+3 1.4932549019607843e+3
    1.4932549019607843e+3 1.4932549019607843e+3 1.4932549019607843e+3
    1.4932549019607843e+3 1.4932549019607843e+3 1.4932549019607843e+3
    1.4932549019607843e+3 1.4932549019607843e+3 1.4932549019607843e+3
    1.4932549019607843e+3 1.4932549019607843e+3 1.4932549019607843e+3
    1.4932549019607843e+3 1.4932549019607843e+3 1.4932549019607843e+3
    1.4932829046898639e+3 1.4933983270839342e+3 1.4935334174022698e+3
    1.4935745296671491e+3 1.4935925925925926e+3 1.4936139476961396e+3
    1.4936687116564417e+3 1.493689692585895e+3 1.4937362270450751e+3
    1.4937691373025516e+3 1.4938467360454115e+3 1.493909947643979e+3
    1.4939261285909713e+3 1.4939912663755458e+3 1.4940165593376264e+3
    1.4940348221044662e+3 1.4940678207256344e+3 1.4940929535232383e+3
    1.4941032346868549e+3 1.4941196581196582e+3 1.4941435406698565e+3
    1.4941435406698565e+3 1.4941602523659305e+3 1.4941672834937083e+3
    1.4941694915254238e+3 1.4942085032032614e+3 1.49422892635315e+3
    1.4942420382165606e+3 1.4942498647917794e+3 1.4942687306501548e+3
    1.49428079612695e+3 1.4942857142857142e+3 1.4943079564968518e+3
    1.494314414866901e+3 1.4943170847136773e+3 1.4943416711016498e+3
    1.4943438530381536e+3 1.4943447661469934e+3 1.494360655737705e+3
    1.494360655737705e+3 1.494360655737705e+3 1.494360655737705e+3
    1.494360655737705e+3 1.494360655737705e+3 1.494360655737705e+3
    1.494360655737705e+3 1.494360655737705e+3 1.494360655737705e+3
    1.494360655737705e+3 1.494360655737705e+3 1.494360655737705e+3
    1.494360655737705e+3 1.494360655737705e+3 1.494360655737705e+3
    1.494360655737705e+3 1.494360655737705e+3 1.494360655737705e+3
    1.494360655737705e+3 1.494360655737705e+3 1.494360655737705e+3
    1.494360655737705e+3 1.494360655737705e+3 1.494360655737705e+3
    1.494360655737705e+3 1.494360655737705e+3 1.494360655737705e+3
    1.494360655737705e+3 1.494360655737705e+3 1.494360655737705e+3
    1.494360655737705e+3 1.494360655737705e+3 1.494360655737705e+3
    1.494360655737705e+3 1.494360655737705e+3 1.494360655737705e+3
    1.494360655737705e+3 1.494360655737705e+3 1.494360655737705e+3
    1.494360655737705e+3 1.494360655737705e+3 1.494360655737705e+3
    1.494360655737705e+3 1.4943693731594446e+3 1.4943698447893569e+3
    1.4943742613263296e+3 1.4943929618768329e+3 1.4943966402239851e+3
    1.4944072507552869e+3 1.49441784989858e+3 1.4944193406593406e+3
    1.4944291381175622e+3 1.4944353665360941e+3 1.4944409657734147e+3
    1.4944491555874954e+3 1.4944576604962583e+3 1.4944596143824908e+3
    1.4944615384615386e+3 1.4944644939965694e+3 1.4944739665509624e+3
    1.4944785034460124e+3 1.4944807411019015e+3 1.4944887620406707e+3
    1.4944913494809689e+3 1.4944960000000001e+3 1.4944981066122925e+3
    1.4945022146507665e+3 1.4945075206210577e+3 1.4945145092924681e+3
    1.4945157667386609e+3 1.4945187990262375e+3 1.4945238784370479e+3
    1.4945241958041959e+3 1.4945257893091591e+3 1.4945335851092527e+3
    1.494536175322726e+3 1.4945367331481948e+3 1.4945396825396826e+3
    1.4945423287314404e+3 1.4945436215587438e+3 1.4945448326410944e+3
    1.4945457695639618e+3 1.4945470439383482e+3 1.494552426035503e+3
    1.4945546592489568e+3 1.4945581281988789e+3 1.4945595593298142e+3
    1.4945652892561984e+3 1.4945662211421629e+3 1.4945662731120517e+3
    1.4945663032008442e+3 1.4945720174032517e+3 1.4945761344537816e+3
    1.4945778000501127e+3 1.4945783507446099e+3 1.4945785819482433e+3
    1.4945826771653544e+3 1.4945826771653544e+3 1.4945826771653544e+3
    1.49458432304038e+3 1.4945851303508207e+3 1.4945899643082091e+3
    1.4945908343125734e+3 1.4945933930225378e+3 1.4945946785783647e+3
    1.4945967631638932e+3 1.4945968586387435e+3 1.4945995076690022e+3
    1.4946003580664412e+3 1.4946010086027884e+3 1.4946023456516928e+3
    1.4946051560379919e+3 1.4946076112663943e+3 1.4946080502426491e+3
    1.494609206660137e+3 1.4946097146097145e+3 1.4946125862429437e+3
    1.4946140512631384e+3 1.4946166293682218e+3 1.4946175793833411e+3
    1.4946181818181817e+3 1.4946204342703249e+3 1.4946204342703249e+3
    1.4946204342703249e+3 1.4946204342703249e+3 1.4946204342703249e+3
    1.4946204342703249e+3 1.4946204342703249e+3 1.4946204342703249e+3
    1.4946204342703249e+3 1.4946204342703249e+3 1.4946204342703249e+3
    1.4946204342703249e+3 1.4946204342703249e+3 1.4946204342703249e+3
    1.4946206530395541e+3 1.4946217554983159e+3 1.4946240737691421e+3
    1.4946259895732767e+3 1.4946263144395998e+3 1.4946275584206285e+3
    1.4946275584206285e+3 1.4946275584206285e+3 1.4946275584206285e+3
    1.4946275584206285e+3 1.4946275584206285e+3 1.4946275584206285e+3
    1.4946275584206285e+3 1.4946275584206285e+3 1.4946275584206285e+3
    1.4946275584206285e+3 1.4946275584206285e+3 1.4946275584206285e+3
    1.4946275584206285e+3 1.4946275584206285e+3 1.4946275584206285e+3
    1.4946275584206285e+3 1.4946275584206285e+3 1.4946275584206285e+3
    1.4946275584206285e+3 1.4946275584206285e+3 1.4946275584206285e+3
    1.4946275584206285e+3 1.4946275584206285e+3 1.4946294740379767e+3
    1.494630013180192e+3 1.4946316050607791e+3 1.4946338416314532e+3
    1.4946354775828461e+3 1.4946362027353177e+3 1.4946365601729522e+3
    1.4946365601729522e+3 1.4946371761854264e+3 1.4946371761854264e+3
    1.4946371761854264e+3 1.4946371761854264e+3 1.4946371761854264e+3
    1.4946371761854264e+3 1.4946371761854264e+3 1.4946371761854264e+3
    1.4946371761854264e+3 1.4946374887892378e+3 1.4946382280557834e+3
    1.4946409672332225e+3 1.494641210710128e+3 1.4946429715950474e+3
    1.4946429715950474e+3 1.4946429715950474e+3 1.4946429715950474e+3
    1.4946429715950474e+3 1.4946429715950474e+3 1.4946429715950474e+3
    1.4946429715950474e+3 1.4946429715950474e+3 1.4946429715950474e+3
    1.4946442884055489e+3 1.4946455839168736e+3 1.4946455839168736e+3
    1.4946474627365601e+3 1.4946497038824305e+3 1.4946508700481304e+3
    1.4946528497409327e+3 1.4946528497409327e+3 1.494653408179631e+3
    1.4946561960106801e+3 1.4946572672610409e+3 1.4946591390261115e+3
    1.4946607467204844e+3 1.4946607467204844e+3 1.4946640456064479e+3
    1.4946648685097775e+3 1.4946666666666667e+3 1.4946671776202338e+3
    1.4946701551111942e+3 1.4946729892394674e+3 1.4946749226006191e+3
    1.4946756901157614e+3 1.4946782669218724e+3 1.4946793575252825e+3
    1.4946807280149685e+3 1.4946830810181334e+3 1.4946853328992349e+3
    1.4946872586872587e+3 1.4946872586872587e+3 1.4946874900398407e+3
    1.4946907929749866e+3 1.494694087403599e+3 1.4946951364175563e+3
    1.4946971655892592e+3 1.4947000481463649e+3 1.4947018701870188e+3
    1.4947027531497899e+3 1.4947076923076922e+3 1.4947076923076922e+3
    1.4947099530115336e+3 1.4947127761767531e+3 1.4947141124140719e+3
    1.4947160299330444e+3 1.4947160299330444e+3 1.4947178502879078e+3
    1.4947212276214834e+3 1.4947212276214834e+3 1.4947227970032109e+3
    1.4947242941791565e+3 1.4947248253535527e+3 1.4947270909696767e+3
    1.4947279693486589e+3 1.4947283990870558e+3 1.4947308533916848e+3
    1.4947308533916848e+3 1.4947334725121782e+3 1.494735861610113e+3
    1.494738049713193e+3 1.494738049713193e+3 1.4947400611620794e+3
    1.4947436332767402e+3 1.4947436332767402e+3 1.4947452264048009e+3
    1.4947467087941022e+3 1.4947480916030534e+3 1.4947480916030534e+3
    1.4947505960896519e+3 1.49475173370319e+3 1.4947528039479587e+3
    1.4947538126361655e+3 1.4947547649301143e+3 1.4947556654305727e+3
    1.494756518251103e+3 1.4947573270808909e+3 1.4947580952380952e+3
    1.4947588257153475e+3 1.4947595212187159e+3 1.4947595212187159e+3
    1.4947608168916581e+3 1.4947614213197969e+3 1.4947614213197969e+3
    1.4947619993379676e+3 1.4947630827783064e+3 1.4947635911773843e+3
    1.4947645478961504e+3 1.4947658495350804e+3 1.4947658495350804e+3
    1.4947680608365019e+3 1.4947690079652425e+3 1.4947706543291474e+3
    1.4947713742875237e+3 1.4947720364741642e+3 1.4947732132808103e+3
    1.494773738469886e+3 1.4947746835443038e+3 1.4947751102400784e+3
    1.4947755102040817e+3 1.4947758858720663e+3 1.4947765726681127e+3
    1.4947768873892871e+3 1.4947768873892871e+3 1.4947771850636027e+3
    1.4947774670395524e+3 1.4947777345270533e+3 1.4947782302850796e+3
    1.4947784604264546e+3 1.4947788892721628e+3 1.4947790893760539e+3
    1.4947794639974168e+3 1.4947796395826747e+3 1.4947812895069533e+3
    1.4947878787878788e+3 1.4947878787878788e+3 1.4947878787878788e+3
    1.4947878787878788e+3 1.4947878787878788e+3 1.4947878787878788e+3
    1.4947878787878788e+3 1.4947878787878788e+3 1.4947878787878788e+3
    1.4947878787878788e+3 1.4947878787878788e+3 1.4947878787878788e+3
    1.4947878787878788e+3 1.4947878787878788e+3 1.4947878787878788e+3
    1.4947878787878788e+3 1.4947878787878788e+3 1.4947878787878788e+3
    1.4947878787878788e+3 1.4947878787878788e+3 1.4947878787878788e+3
    1.4947878787878788e+3 1.4947878787878788e+3 1.4947878787878788e+3
    1.4947878787878788e+3 1.4947878787878788e+3 1.4947878787878788e+3
    1.4947878787878788e+3 1.4947878787878788e+3 1.4947878787878788e+3
    1.4947878787878788e+3 1.4947878787878788e+3 1.4947878787878788e+3
    1.4947878787878788e+3 1.4947878787878788e+3 1.4947878787878788e+3
    1.4947878787878788e+3 1.4947878787878788e+3 1.4947878787878788e+3
    1.4947878787878788e+3 1.4947878787878788e+3 1.4947878787878788e+3
    1.4947878787878788e+3 1.4947878787878788e+3 1.4947878787878788e+3
    1.4947878787878788e+3 1.4947878787878788e+3 1.4947878787878788e+3
    1.4947878787878788e+3 1.4947878787878788e+3 1.4947878787878788e+3
    1.4947878787878788e+3 1.4947878787878788e+3 1.4947878787878788e+3
    1.4947878787878788e+3 1.4947878787878788e+3 1.4947878787878788e+3
    1.4947878787878788e+3 1.4947878787878788e+3 1.4947878787878788e+3
    1.4947878787878788e+3 1.4947878787878788e+3 1.4947878787878788e+3
    1.4947878787878788e+3 1.4947878787878788e+3 1.4947878787878788e+3
    1.4947878787878788e+3 1.4947878787878788e+3 1.4947878787878788e+3
    1.4947878787878788e+3 1.4947878787878788e+3 1.4947878787878788e+3
    1.4947878787878788e+3 1.4947878787878788e+3 1.4947878787878788e+3
    1.4947878787878788e+3 1.4947878787878788e+3 1.4947878787878788e+3
    1.4947878787878788e+3 1.4947878787878788e+3 1.4947878787878788e+3
    1.4947878787878788e+3 1.4947878787878788e+3 1.4947878787878788e+3
    1.4947878787878788e+3 1.4947878787878788e+3 1.4947878787878788e+3
    1.4947878787878788e+3 1.4947878787878788e+3 1.4947878787878788e+3
    1.4947878787878788e+3 1.4947878787878788e+3 1.4947878787878788e+3
    1.4947878787878788e+3 1.4947878787878788e+3 1.4947878787878788e+3
    1.4947878787878788e+3 1.4947878787878788e+3 1.4947878787878788e+3
    1.4947878787878788e+3 1.4947878787878788e+3 1.4947878787878788e+3
    1.4947878787878788e+3 1.4947878787878788e+3 1.4947878787878788e+3
    1.4947878787878788e+3 1.4947878787878788e+3 1.4947878787878788e+3
    1.4947878787878788e+3 1.4947878787878788e+3 1.4947878787878788e+3
    1.4947878787878788e+3 1.4947878787878788e+3 1.4947878787878788e+3
    1.4947878787878788e+3 1.4947878787878788e+3 1.4947878787878788e+3
    1.4947878787878788e+3 1.4947878787878788e+3 1.4947878787878788e+3
    1.4947878787878788e+3 1.4947878787878788e+3 1.4947878787878788e+3
    1.4947878787878788e+3 1.4947878787878788e+3 1.4947878787878788e+3
    1.4947878787878788e+3 1.4947878787878788e+3 1.4947878787878788e+3
    1.4947878787878788e+3 1.4947878787878788e+3 1.4947878787878788e+3
    1.4947878787878788e+3 1.4947878787878788e+3 1.4947878787878788e+3
    1.4947878787878788e+3 1.4947878787878788e+3 1.4947878787878788e+3
    1.4947878787878788e+3 1.4947878787878788e+3 1.4947878787878788e+3
    1.4947878787878788e+3 1.4947878787878788e+3 1.4947878787878788e+3
    1.4947878787878788e+3 1.4947878787878788e+3 1.4947878787878788e+3
    1.4947878787878788e+3 1.4947878787878788e+3 1.4947878787878788e+3
    1.4947878787878788e+3 1.4947878787878788e+3 1.4947878787878788e+3
    1.4947878787878788e+3 1.4947878787878788e+3 1.4947878787878788e+3
    1.4947878787878788e+3 1.4947878787878788e+3 1.4947878787878788e+3
    1.4947878787878788e+3 1.4947878787878788e+3 1.4947878787878788e+3
    1.4947878787878788e+3 1.4947878787878788e+3 1.4947878787878788e+3
    1.4947878787878788e+3 1.4947878787878788e+3 1.4947878787878788e+3
    1.4947878787878788e+3 1.4947878787878788e+3 1.4947878787878788e+3
    1.4947878787878788e+3 1.4947878787878788e+3 1.4947878787878788e+3
    1.4947878787878788e+3 1.4947878787878788e+3 1.4947878787878788e+3
    1.4947878787878788e+3 1.4947878787878788e+3 1.4947878787878788e+3
    1.4947878787878788e+3 1.4947878787878788e+3 1.4947878787878788e+3
    1.4947878787878788e+3 1.4947878787878788e+3 1.4947878787878788e+3
    1.4947878787878788e+3 1.4965940594059407e+3 1.5e+3 1.5e+3), winSize:
    6.0e+1, binSize: 1.0e+1, tStart: 0.0, tEnd: 7.211e+3, binStart: 7.211e+3,
    maxBLsize: 1.0e+4 >
Bye.
