		     \||||||||||||||||||/
		   --- Welcome to Maude ---
		     /||||||||||||||||||\
	     Maude 3.5 built: Sep 25 2024 12:00:00
	     Copyright 1997-2024 SRI International
		   Sun Aug 16 00:03:44 2026
Warning: "smc_cp3-refactored.maude", line 140 (mod SMC_CP3): multiple distinct
    parses for statement
eq sumDiff (F F' FL) = (F' - F) + sumDiff (F' FL) .
Warning: "smc_cp3-refactored.maude", line 145 (mod SMC_CP3): multiple distinct
    parses for statement
eq avgDiff (FL) = if (len (FL) == 1) then 0.0 else sumDiff (FL) / float (len (
    FL) - 1) fi .
Warning: "smc_cp3-refactored.maude", line 150 (mod SMC_CP3): multiple distinct
    parses for statement
eq sumSquaredDiff (F FL, F') = (F - F') * (F - F') + sumSquaredDiff (FL, F') .
Warning: "smc_cp3-refactored.maude", line 225 (mod SMC_CP3): multiple distinct
    parses for statement
eq compLatency (Tsent, Trcvd) = Trcvd - Tsent .
Warning: "smc_cp3-refactored.maude", line 291 (mod SMC_CP3): multiple distinct
    parses for statement
eq getGoodput (< ADDR : IrcMonitor | msgRcvd: ircMTL, attrs >, Tstart, Tend) =
    collectGoodput (filterWindow (ircMTL, Tstart, Tend), Tstart, Tend) * 8.0 /
    (Tend - Tstart) .
Warning: "smc_cp3-refactored.maude", line 381 (mod SMC_CP3): multiple distinct
    parses for statement
eq normMED (NL, NL') = if max (lenMsgIdList (NL), lenMsgIdList (NL')) == 0 then
    1.0 else 1.0 - (float (med (NL, NL')) / float (max (lenMsgIdList (NL),
    lenMsgIdList (NL')))) fi .
Warning: "smc_cp3-refactored.maude", line 500 (mod SMC_CP3): multiple distinct
    parses for statement
eq getMTBF (< ADDR : IrcMonitor | msgSent: ircMTL, msgRcvd: ircMTL', attrs >,
    Tn, Tstart, Tend) = getMTBFAux (filterWindow (ircMTL, Tstart - Tn, Tend +
    Tn), filterWindow (ircMTL', Tstart - Tn, Tend + Tn), Tn, Tstart, Tend) .
Warning: "smc_cp3-refactored.maude", line 560 (mod SMC_CP3): multiple distinct
    parses for statement
eq KsDistanceX (F FL, nil, I, J, invN, invN', D) = max2 (D, abs ((float (I) *
    invN) - 1.0)) .
Warning: "smc_cp3-refactored.maude", line 561 (mod SMC_CP3): multiple distinct
    parses for statement
eq KsDistanceX (nil, F' FL', I, J, invN, invN', D) = max2 (D, abs (1.0 - (float
    (J) * invN'))) .
Warning: "smc_cp3-refactored.maude", line 563 (mod SMC_CP3): multiple distinct
    parses for statement
ceq KsDistanceX (F FL, F' FL', I, J, invN, invN', D) = KsDistanceX (FL1, FL2, I
    + C1, J + C2, invN, invN', max2 (D, abs ((float (I + C1) * invN) - (float (
    J + C2) * invN')))) if F == F' /\ prefix (C1, FL1) := skipEqPrefix (F, F
    FL) /\ prefix (C2, FL2) := skipEqPrefix (F', F' FL') .
Warning: "smc_cp3-refactored.maude", line 569 (mod SMC_CP3): multiple distinct
    parses for statement
ceq KsDistanceX (F FL, F' FL', I, J, invN, invN', D) = KsDistanceX (FL, F' FL',
    I + 1, J, invN, invN', max2 (D, abs ((float (I + 1) * invN) - (float (J) *
    invN')))) if F < F' .
Warning: "smc_cp3-refactored.maude", line 573 (mod SMC_CP3): multiple distinct
    parses for statement
ceq KsDistanceX (F FL, F' FL', I, J, invN, invN', D) = KsDistanceX (F FL, FL',
    I, J + 1, invN, invN', max2 (D, abs ((float (I) * invN) - (float (J + 1) *
    invN')))) if F > F' .
Warning: "smc_cp3-refactored.maude", line 583 (mod SMC_CP3): multiple distinct
    parses for statement
eq KsStatisticZ (FL, FL', K) = KsDistance (FL, FL') - K .
Warning: "smc_cp3-refactored.maude", line 679 (mod SMC_CP3): multiple distinct
    parses for statement
eq compObsFeatureX (vp, dnsQueryRate, Fid, TOL, Tstart, Tend) = float (
    countDNSQuery (vp, Fid, TOL, Tstart, Tend)) / (Tend - Tstart) .
Warning: "smc_cp3-refactored.maude", line 693 (mod SMC_CP3): multiple distinct
    parses for statement
eq compObsFeatureX (vp, tcpUpRate, Fid, TOL, Tstart, Tend) = float (
    sizeTCPUpload (vp, Fid, TOL, Tstart, Tend)) / (Tend - Tstart) .
Warning: "smc_cp3-refactored.maude", line 695 (mod SMC_CP3): multiple distinct
    parses for statement
eq compObsFeatureX (vp, tcpDownRate, Fid, TOL, Tstart, Tend) = float (
    sizeTCPDownload (vp, Fid, TOL, Tstart, Tend)) / (Tend - Tstart) .
Warning: "smc_cp3-refactored.maude", line 703 (mod SMC_CP3): multiple distinct
    parses for statement
eq compObsFeatureX (vp, tcpOutPktRate, Fid, TOL, Tstart, Tend) = float (
    countTCPOutPkt (vp, Fid, TOL, Tstart, Tend)) / (Tend - Tstart) .
Warning: "smc_cp3-refactored.maude", line 705 (mod SMC_CP3): multiple distinct
    parses for statement
eq compObsFeatureX (vp, tcpInPktRate, Fid, TOL, Tstart, Tend) = float (
    countTCPInPkt (vp, Fid, TOL, Tstart, Tend)) / (Tend - Tstart) .
Warning: "smc_cp3-refactored.maude", line 724 (mod SMC_CP3): multiple distinct
    parses for statement
eq compObsFeatureX (vp, dnsQueryRate, TOL, Tstart, Tend) = float (countDNSQuery
    (vp, TOL, Tstart, Tend)) / (Tend - Tstart) .
Warning: "smc_cp3-refactored.maude", line 738 (mod SMC_CP3): multiple distinct
    parses for statement
eq compObsFeatureX (vp, tcpUpRate, TOL, Tstart, Tend) = float (sizeTCPUpload (
    vp, TOL, Tstart, Tend)) / (Tend - Tstart) .
Warning: "smc_cp3-refactored.maude", line 740 (mod SMC_CP3): multiple distinct
    parses for statement
eq compObsFeatureX (vp, tcpDownRate, TOL, Tstart, Tend) = float (
    sizeTCPDownload (vp, TOL, Tstart, Tend)) / (Tend - Tstart) .
Warning: "smc_cp3-refactored.maude", line 748 (mod SMC_CP3): multiple distinct
    parses for statement
eq compObsFeatureX (vp, tcpOutPktRate, TOL, Tstart, Tend) = float (
    countTCPOutPkt (vp, TOL, Tstart, Tend)) / (Tend - Tstart) .
Warning: "smc_cp3-refactored.maude", line 750 (mod SMC_CP3): multiple distinct
    parses for statement
eq compObsFeatureX (vp, tcpInPktRate, TOL, Tstart, Tend) = float (countTCPInPkt
    (vp, TOL, Tstart, Tend)) / (Tend - Tstart) .
Warning: "smc_cp3-refactored.maude", line 911 (mod SMC_CP3): multiple distinct
    parses for statement
ceq expectedKObsFeature (vp, obsF, baselineCDF, binECDFs, T, Tend, winSize,
    binSize, Ksum, N) = if KD >= 0.0 then expectedKObsFeature (vp, obsF,
    baselineCDF, binECDFs, T + binSize, Tend, winSize, binSize, Ksum + KD, N +
    1) else expectedKObsFeature (vp, obsF, baselineCDF, binECDFs, T + binSize,
    Tend, winSize, binSize, Ksum, N) fi if (T + winSize) <= (Tend + Tesp) /\
    ECDF := sort (getECDFObsFeatureRange (binECDFs, floor (rat (T / binSize)),
    (floor (rat (T / binSize)) + floor (rat (winSize / binSize))) - 1)) /\ KD
    := KsDistance (baselineCDF, ECDF) .
Warning: "smc_cp3-refactored.maude", line 1079 (mod SMC_CP3): multiple distinct
    parses for statement
eq getCUSUMZt (< ADDR : Adversary | gt: (bl (vp, obsF, K, Zt) :; blList), attrs
    >, vp, obsF, Tstart, Tend, winSize, binSize) = cusumRange (Zt, floor (rat (
    Tstart / binSize)), floor (rat ((Tend - winSize) / binSize))) .
==========================================
rewrite in HCS-TEST-BASELINE-TCPPKTSIZE-CL4 : run((initState(counter) [
    tgenDelay, to baseLineAddr from baseLineAddr : initBase, 0]) 
{0.0 |
nil}, slimit) .
rewrites: 39206244814 in 8382640ms cpu (8382639ms real) (4677076
    rewrites/second)
result Actor: 
< baseLineAddr : BaseLineMonitor | viewPts: cl[4], features: tcpPktSize,
    baseLine: bl(cl[4], tcpPktSize, 9.8058380122756972e-2, 5.2e+1 5.2e+1 5.2e+1
    5.2e+1 5.2e+1 5.2e+1 5.2e+1 5.2e+1 5.2e+1 5.8e+1 5.8399999999999999e+1
    5.85e+1 5.85e+1 5.8571428571428569e+1 5.8666666666666664e+1
    5.8666666666666664e+1 5.8666666666666664e+1 5.8666666666666664e+1
    5.8666666666666664e+1 5.8666666666666664e+1 5.8666666666666664e+1
    5.8666666666666664e+1 5.8666666666666664e+1 5.8666666666666664e+1
    5.8666666666666664e+1 5.8666666666666664e+1 5.8666666666666664e+1
    5.8666666666666664e+1 5.8666666666666664e+1 5.8666666666666664e+1
    5.8666666666666664e+1 5.8666666666666664e+1 5.8666666666666664e+1
    5.8666666666666664e+1 5.8666666666666664e+1 5.8666666666666664e+1
    5.8666666666666664e+1 5.8666666666666664e+1 5.8666666666666664e+1
    5.8666666666666664e+1 5.8666666666666664e+1 5.8666666666666664e+1
    5.8666666666666664e+1 5.8666666666666664e+1 5.8666666666666664e+1
    5.8666666666666664e+1 5.8666666666666664e+1 5.8666666666666664e+1
    5.8666666666666664e+1 5.8666666666666664e+1 5.8666666666666664e+1
    5.8666666666666664e+1 5.8666666666666664e+1 5.8666666666666664e+1
    5.8666666666666664e+1 5.8666666666666664e+1 5.8666666666666664e+1
    5.8666666666666664e+1 5.8666666666666664e+1 5.8666666666666664e+1
    5.8666666666666664e+1 5.8666666666666664e+1 5.8666666666666664e+1
    5.8666666666666664e+1 5.8666666666666664e+1 5.8666666666666664e+1
    5.8666666666666664e+1 5.8666666666666664e+1 5.8666666666666664e+1
    5.8666666666666664e+1 5.8666666666666664e+1 5.8666666666666664e+1
    5.8666666666666664e+1 5.8666666666666664e+1 5.8666666666666664e+1
    5.8666666666666664e+1 5.8666666666666664e+1 5.8666666666666664e+1
    5.8666666666666664e+1 5.8666666666666664e+1 5.8666666666666664e+1
    5.8666666666666664e+1 5.8666666666666664e+1 5.8666666666666664e+1
    5.8666666666666664e+1 5.8666666666666664e+1 5.8666666666666664e+1
    5.8666666666666664e+1 5.8666666666666664e+1 5.8666666666666664e+1
    5.8666666666666664e+1 5.8666666666666664e+1 5.8666666666666664e+1
    5.8666666666666664e+1 5.8666666666666664e+1 5.8666666666666664e+1
    5.8666666666666664e+1 5.8666666666666664e+1 5.8666666666666664e+1
    5.8666666666666664e+1 5.8666666666666664e+1 5.8666666666666664e+1
    5.8666666666666664e+1 5.8666666666666664e+1 5.8666666666666664e+1
    5.8666666666666664e+1 5.8666666666666664e+1 5.8666666666666664e+1
    5.8666666666666664e+1 5.8666666666666664e+1 5.8666666666666664e+1
    5.8666666666666664e+1 5.8666666666666664e+1 5.8666666666666664e+1
    5.8666666666666664e+1 5.8666666666666664e+1 5.8666666666666664e+1
    5.8666666666666664e+1 5.8666666666666664e+1 5.8666666666666664e+1
    5.8666666666666664e+1 5.8666666666666664e+1 5.8666666666666664e+1
    5.8666666666666664e+1 5.8666666666666664e+1 5.8666666666666664e+1
    5.8666666666666664e+1 5.8666666666666664e+1 5.8666666666666664e+1
    5.8666666666666664e+1 5.8666666666666664e+1 5.8666666666666664e+1
    5.8666666666666664e+1 5.8666666666666664e+1 5.8666666666666664e+1
    5.8666666666666664e+1 5.8666666666666664e+1 5.8666666666666664e+1
    5.8666666666666664e+1 5.8666666666666664e+1 5.8666666666666664e+1
    5.8666666666666664e+1 5.8666666666666664e+1 5.8666666666666664e+1
    5.8666666666666664e+1 5.8666666666666664e+1 5.8666666666666664e+1
    5.8666666666666664e+1 5.8666666666666664e+1 5.8666666666666664e+1
    5.8666666666666664e+1 5.8666666666666664e+1 5.8666666666666664e+1
    5.8666666666666664e+1 5.8666666666666664e+1 5.8666666666666664e+1
    5.8666666666666664e+1 5.8666666666666664e+1 5.8666666666666664e+1
    5.8666666666666664e+1 5.8666666666666664e+1 5.8666666666666664e+1
    5.8666666666666664e+1 5.8666666666666664e+1 5.8666666666666664e+1
    5.8666666666666664e+1 5.8666666666666664e+1 5.8666666666666664e+1
    5.8666666666666664e+1 5.8666666666666664e+1 5.8666666666666664e+1
    5.8666666666666664e+1 5.8666666666666664e+1 5.8666666666666664e+1
    5.8666666666666664e+1 5.8666666666666664e+1 5.8666666666666664e+1
    5.8666666666666664e+1 5.8666666666666664e+1 5.8666666666666664e+1
    5.8666666666666664e+1 5.8666666666666664e+1 5.8666666666666664e+1
    5.8666666666666664e+1 5.8666666666666664e+1 5.8666666666666664e+1
    5.8666666666666664e+1 5.8666666666666664e+1 5.8666666666666664e+1
    5.8666666666666664e+1 5.8666666666666664e+1 5.8666666666666664e+1
    5.8666666666666664e+1 5.8666666666666664e+1 5.8666666666666664e+1
    5.8666666666666664e+1 5.8666666666666664e+1 5.8666666666666664e+1
    5.8666666666666664e+1 5.8666666666666664e+1 5.8666666666666664e+1
    5.8666666666666664e+1 5.8666666666666664e+1 5.8666666666666664e+1
    5.8666666666666664e+1 5.8666666666666664e+1 5.8666666666666664e+1
    5.8666666666666664e+1 5.8666666666666664e+1 5.8666666666666664e+1
    5.8666666666666664e+1 5.8666666666666664e+1 5.8666666666666664e+1
    5.8666666666666664e+1 5.8666666666666664e+1 5.8666666666666664e+1
    5.8666666666666664e+1 5.8666666666666664e+1 5.8666666666666664e+1
    5.8666666666666664e+1 5.8666666666666664e+1 5.8666666666666664e+1
    5.8666666666666664e+1 5.8666666666666664e+1 5.8666666666666664e+1
    5.8666666666666664e+1 5.8666666666666664e+1 5.8666666666666664e+1
    5.8666666666666664e+1 5.8666666666666664e+1 5.8666666666666664e+1
    5.8666666666666664e+1 5.8666666666666664e+1 5.8666666666666664e+1
    5.8666666666666664e+1 5.8666666666666664e+1 5.8666666666666664e+1
    5.8666666666666664e+1 5.8666666666666664e+1 5.8666666666666664e+1
    5.8666666666666664e+1 5.8666666666666664e+1 5.8666666666666664e+1
    5.8666666666666664e+1 5.8666666666666664e+1 5.8666666666666664e+1
    5.8666666666666664e+1 5.8666666666666664e+1 5.8666666666666664e+1
    5.8666666666666664e+1 5.8666666666666664e+1 5.8666666666666664e+1
    5.8666666666666664e+1 5.8666666666666664e+1 5.8666666666666664e+1
    5.8666666666666664e+1 5.8666666666666664e+1 5.8666666666666664e+1
    5.8666666666666664e+1 5.8666666666666664e+1 5.8666666666666664e+1
    5.8666666666666664e+1 5.8666666666666664e+1 5.8666666666666664e+1
    5.8666666666666664e+1 5.8666666666666664e+1 5.8666666666666664e+1
    5.8666666666666664e+1 5.8666666666666664e+1 5.8666666666666664e+1
    5.8666666666666664e+1 5.8666666666666664e+1 5.8666666666666664e+1
    5.8666666666666664e+1 5.8666666666666664e+1 5.8666666666666664e+1
    5.8666666666666664e+1 5.8666666666666664e+1 5.8666666666666664e+1
    5.8666666666666664e+1 5.8666666666666664e+1 5.8666666666666664e+1
    5.8666666666666664e+1 5.8666666666666664e+1 5.8666666666666664e+1
    5.8666666666666664e+1 5.8666666666666664e+1 5.8666666666666664e+1
    5.8666666666666664e+1 5.8666666666666664e+1 5.8666666666666664e+1
    5.8666666666666664e+1 5.8666666666666664e+1 5.8666666666666664e+1
    5.8666666666666664e+1 5.8666666666666664e+1 5.8666666666666664e+1
    5.8666666666666664e+1 5.8666666666666664e+1 5.8666666666666664e+1
    5.8666666666666664e+1 5.8666666666666664e+1 5.8666666666666664e+1
    5.8666666666666664e+1 5.8666666666666664e+1 5.8666666666666664e+1
    5.8666666666666664e+1 5.8666666666666664e+1 5.8666666666666664e+1
    5.8666666666666664e+1 5.8666666666666664e+1 5.8666666666666664e+1
    5.8666666666666664e+1 5.8666666666666664e+1 5.8666666666666664e+1
    5.8666666666666664e+1 5.8666666666666664e+1 5.8666666666666664e+1
    5.8666666666666664e+1 5.8666666666666664e+1 5.8666666666666664e+1
    5.8666666666666664e+1 5.8666666666666664e+1 5.8666666666666664e+1
    5.8666666666666664e+1 5.8666666666666664e+1 5.8666666666666664e+1
    5.8666666666666664e+1 5.8666666666666664e+1 5.8666666666666664e+1
    5.8666666666666664e+1 5.8666666666666664e+1 5.8666666666666664e+1
    5.8666666666666664e+1 5.8666666666666664e+1 5.8666666666666664e+1
    5.8666666666666664e+1 5.8666666666666664e+1 5.8666666666666664e+1
    5.8666666666666664e+1 5.8666666666666664e+1 5.8666666666666664e+1
    5.8666666666666664e+1 5.8666666666666664e+1 5.8666666666666664e+1
    5.8666666666666664e+1 5.8666666666666664e+1 5.8666666666666664e+1
    5.8666666666666664e+1 5.8666666666666664e+1 5.8666666666666664e+1
    5.8666666666666664e+1 5.8666666666666664e+1 5.8666666666666664e+1
    5.8666666666666664e+1 5.8666666666666664e+1 5.8666666666666664e+1
    5.8666666666666664e+1 5.8666666666666664e+1 5.8666666666666664e+1
    5.8666666666666664e+1 5.8666666666666664e+1 5.8666666666666664e+1
    5.8666666666666664e+1 5.8666666666666664e+1 5.8666666666666664e+1
    5.8666666666666664e+1 5.8666666666666664e+1 5.8666666666666664e+1
    5.8666666666666664e+1 5.8666666666666664e+1 5.8666666666666664e+1
    5.8666666666666664e+1 5.8666666666666664e+1 5.8666666666666664e+1
    5.8666666666666664e+1 5.8666666666666664e+1 5.8666666666666664e+1
    5.8666666666666664e+1 5.8666666666666664e+1 5.8666666666666664e+1
    5.8666666666666664e+1 5.8666666666666664e+1 5.8666666666666664e+1
    5.8666666666666664e+1 5.8666666666666664e+1 5.8666666666666664e+1
    5.8666666666666664e+1 5.8666666666666664e+1 5.8666666666666664e+1
    5.8666666666666664e+1 5.8666666666666664e+1 5.8666666666666664e+1
    5.8666666666666664e+1 5.8666666666666664e+1 5.8666666666666664e+1
    5.8666666666666664e+1 5.8666666666666664e+1 5.8666666666666664e+1
    5.8666666666666664e+1 5.8666666666666664e+1 5.8666666666666664e+1
    5.8666666666666664e+1 5.8666666666666664e+1 5.8666666666666664e+1
    5.8799999999999997e+1 5.9e+1 5.9e+1 5.9e+1 5.9333333333333336e+1
    5.9555555555555557e+1 5.9555555555555557e+1 5.9666666666666664e+1 6.0e+1
    6.0e+1 6.0e+1 6.0e+1 6.0e+1 6.0e+1 6.0e+1 6.0e+1 6.0090909090909093e+1
    6.0090909090909093e+1 6.0090909090909093e+1 6.0090909090909093e+1
    6.0090909090909093e+1 6.0090909090909093e+1 6.0090909090909093e+1
    6.0090909090909093e+1 6.0090909090909093e+1 6.0090909090909093e+1
    6.0090909090909093e+1 6.0090909090909093e+1 6.0090909090909093e+1
    6.0090909090909093e+1 6.0090909090909093e+1 6.0090909090909093e+1
    6.0090909090909093e+1 6.0090909090909093e+1 6.0090909090909093e+1
    6.0090909090909093e+1 6.0090909090909093e+1 6.0090909090909093e+1
    6.0090909090909093e+1 6.0090909090909093e+1 6.0090909090909093e+1
    6.0090909090909093e+1 6.0090909090909093e+1 6.0090909090909093e+1
    6.0090909090909093e+1 6.0090909090909093e+1 6.0090909090909093e+1
    6.0090909090909093e+1 6.0090909090909093e+1 6.0100000000000001e+1
    6.0444444444444443e+1 6.0444444444444443e+1 6.0444444444444443e+1 6.05e+1
    6.0555555555555557e+1 6.0555555555555557e+1 6.0625e+1 6.0625e+1 6.0625e+1
    6.0625e+1 6.0625e+1 6.0625e+1 6.0625e+1 6.0625e+1 6.0625e+1 6.0625e+1
    6.0625e+1 6.0625e+1 6.0625e+1 6.0625e+1 6.0625e+1 6.0625e+1 6.0625e+1
    6.0625e+1 6.0625e+1 6.0625e+1 6.0625e+1 6.0625e+1 6.0625e+1 6.0625e+1
    6.0625e+1 6.0625e+1 6.0625e+1 6.0625e+1 6.0625e+1 6.0625e+1 6.0625e+1
    6.0625e+1 6.0625e+1 6.0625e+1 6.0625e+1 6.0625e+1 6.0625e+1 6.0625e+1
    6.0625e+1 6.0625e+1 6.0625e+1 6.0625e+1 6.0625e+1 6.0625e+1 6.0625e+1
    6.0625e+1 6.0625e+1 6.0625e+1 6.0625e+1 6.0625e+1 6.0625e+1 6.0625e+1
    6.0625e+1 6.0625e+1 6.0625e+1 6.0625e+1 6.0625e+1 6.0625e+1 6.0625e+1
    6.0625e+1 6.0625e+1 6.0625e+1 6.0625e+1 6.0625e+1 6.0625e+1 6.0625e+1
    6.0625e+1 6.0625e+1 6.0625e+1 6.0625e+1 6.0625e+1 6.0625e+1 6.0625e+1
    6.0625e+1 6.0625e+1 6.0625e+1 6.0625e+1 6.0625e+1 6.0625e+1 6.0625e+1
    6.0625e+1 6.0625e+1 6.0666666666666664e+1 6.0714285714285715e+1
    6.0727272727272727e+1 6.081818181818182e+1 6.0857142857142854e+1
    6.0857142857142854e+1 6.0909090909090907e+1 6.107692307692308e+1
    6.107692307692308e+1 6.107692307692308e+1 6.107692307692308e+1
    6.107692307692308e+1 6.107692307692308e+1 6.107692307692308e+1
    6.107692307692308e+1 6.107692307692308e+1 6.1333333333333336e+1
    6.1333333333333336e+1 6.1333333333333336e+1 6.1333333333333336e+1
    6.1333333333333336e+1 6.1333333333333336e+1 6.1333333333333336e+1
    6.1333333333333336e+1 6.1333333333333336e+1 6.1333333333333336e+1
    6.1333333333333336e+1 6.1333333333333336e+1 6.1333333333333336e+1
    6.1333333333333336e+1 6.1333333333333336e+1 6.1333333333333336e+1
    6.1333333333333336e+1 6.1333333333333336e+1 6.1333333333333336e+1
    6.1333333333333336e+1 6.1333333333333336e+1 6.1333333333333336e+1
    6.1333333333333336e+1 6.1333333333333336e+1 6.1333333333333336e+1
    6.1333333333333336e+1 6.1333333333333336e+1 6.1333333333333336e+1
    6.1333333333333336e+1 6.1333333333333336e+1 6.1333333333333336e+1
    6.1333333333333336e+1 6.1333333333333336e+1 6.1333333333333336e+1
    6.1333333333333336e+1 6.1333333333333336e+1 6.1333333333333336e+1
    6.1333333333333336e+1 6.1333333333333336e+1 6.1333333333333336e+1
    6.1333333333333336e+1 6.1333333333333336e+1 6.1333333333333336e+1
    6.1333333333333336e+1 6.1333333333333336e+1 6.1333333333333336e+1
    6.1333333333333336e+1 6.1333333333333336e+1 6.1333333333333336e+1
    6.1333333333333336e+1 6.1333333333333336e+1 6.1333333333333336e+1
    6.1333333333333336e+1 6.1333333333333336e+1 6.1333333333333336e+1
    6.1333333333333336e+1 6.1333333333333336e+1 6.1333333333333336e+1
    6.1333333333333336e+1 6.1333333333333336e+1 6.1333333333333336e+1
    6.1333333333333336e+1 6.1333333333333336e+1 6.1333333333333336e+1
    6.1333333333333336e+1 6.1333333333333336e+1 6.1333333333333336e+1
    6.1333333333333336e+1 6.1333333333333336e+1 6.1333333333333336e+1
    6.1333333333333336e+1 6.1333333333333336e+1 6.1333333333333336e+1
    6.1333333333333336e+1 6.1333333333333336e+1 6.1333333333333336e+1
    6.1333333333333336e+1 6.1333333333333336e+1 6.1333333333333336e+1
    6.1333333333333336e+1 6.1333333333333336e+1 6.1333333333333336e+1
    6.1333333333333336e+1 6.1333333333333336e+1 6.1333333333333336e+1
    6.1333333333333336e+1 6.1333333333333336e+1 6.1333333333333336e+1
    6.1333333333333336e+1 6.1333333333333336e+1 6.1333333333333336e+1
    6.1333333333333336e+1 6.1333333333333336e+1 6.1333333333333336e+1
    6.1333333333333336e+1 6.1333333333333336e+1 6.1333333333333336e+1
    6.1333333333333336e+1 6.1333333333333336e+1 6.1333333333333336e+1
    6.1333333333333336e+1 6.1333333333333336e+1 6.1333333333333336e+1
    6.1333333333333336e+1 6.1333333333333336e+1 6.1333333333333336e+1
    6.1333333333333336e+1 6.1333333333333336e+1 6.1333333333333336e+1
    6.1333333333333336e+1 6.1333333333333336e+1 6.1333333333333336e+1
    6.1333333333333336e+1 6.1333333333333336e+1 6.1333333333333336e+1
    6.1333333333333336e+1 6.1333333333333336e+1 6.1333333333333336e+1
    6.1333333333333336e+1 6.1333333333333336e+1 6.1333333333333336e+1
    6.1333333333333336e+1 6.1333333333333336e+1 6.1333333333333336e+1
    6.1333333333333336e+1 6.1333333333333336e+1 6.1333333333333336e+1
    6.1333333333333336e+1 6.1333333333333336e+1 6.1333333333333336e+1
    6.1333333333333336e+1 6.1333333333333336e+1 6.1333333333333336e+1
    6.1333333333333336e+1 6.1333333333333336e+1 6.1333333333333336e+1
    6.1333333333333336e+1 6.1333333333333336e+1 6.1333333333333336e+1
    6.1333333333333336e+1 6.1333333333333336e+1 6.1333333333333336e+1
    6.1333333333333336e+1 6.1333333333333336e+1 6.1333333333333336e+1
    6.1333333333333336e+1 6.1333333333333336e+1 6.1333333333333336e+1
    6.1333333333333336e+1 6.1333333333333336e+1 6.1333333333333336e+1
    6.1333333333333336e+1 6.1333333333333336e+1 6.1333333333333336e+1
    6.1333333333333336e+1 6.1333333333333336e+1 6.1333333333333336e+1
    6.1333333333333336e+1 6.1333333333333336e+1 6.1333333333333336e+1
    6.1333333333333336e+1 6.1333333333333336e+1 6.1333333333333336e+1
    6.1333333333333336e+1 6.1333333333333336e+1 6.1333333333333336e+1
    6.1333333333333336e+1 6.1333333333333336e+1 6.1333333333333336e+1
    6.1333333333333336e+1 6.1333333333333336e+1 6.1333333333333336e+1
    6.1333333333333336e+1 6.1333333333333336e+1 6.1333333333333336e+1
    6.1333333333333336e+1 6.1333333333333336e+1 6.1333333333333336e+1
    6.1333333333333336e+1 6.1333333333333336e+1 6.1333333333333336e+1
    6.1333333333333336e+1 6.1333333333333336e+1 6.1333333333333336e+1
    6.1333333333333336e+1 6.1333333333333336e+1 6.1333333333333336e+1
    6.1333333333333336e+1 6.1333333333333336e+1 6.1333333333333336e+1
    6.1333333333333336e+1 6.1333333333333336e+1 6.1333333333333336e+1
    6.1333333333333336e+1 6.1333333333333336e+1 6.1333333333333336e+1
    6.1333333333333336e+1 6.1333333333333336e+1 6.1333333333333336e+1
    6.1333333333333336e+1 6.1333333333333336e+1 6.1333333333333336e+1
    6.1333333333333336e+1 6.1333333333333336e+1 6.1333333333333336e+1
    6.1333333333333336e+1 6.1333333333333336e+1 6.1333333333333336e+1
    6.1333333333333336e+1 6.1333333333333336e+1 6.1333333333333336e+1
    6.1333333333333336e+1 6.1333333333333336e+1 6.1333333333333336e+1
    6.1333333333333336e+1 6.1333333333333336e+1 6.1333333333333336e+1
    6.1333333333333336e+1 6.1333333333333336e+1 6.1333333333333336e+1
    6.1333333333333336e+1 6.1333333333333336e+1 6.1333333333333336e+1
    6.1333333333333336e+1 6.1333333333333336e+1 6.1333333333333336e+1
    6.1333333333333336e+1 6.1333333333333336e+1 6.1333333333333336e+1
    6.1333333333333336e+1 6.1333333333333336e+1 6.15e+1 6.15e+1 6.1625e+1
    6.1625e+1 6.175e+1 6.1799999999999997e+1 6.1799999999999997e+1
    6.1799999999999997e+1 6.1799999999999997e+1 6.1799999999999997e+1
    6.1799999999999997e+1 6.1799999999999997e+1 6.1799999999999997e+1
    6.1799999999999997e+1 6.1799999999999997e+1 6.1799999999999997e+1
    6.1799999999999997e+1 6.1799999999999997e+1 6.1799999999999997e+1
    6.1799999999999997e+1 6.1799999999999997e+1 6.1799999999999997e+1
    6.1799999999999997e+1 6.1799999999999997e+1 6.1799999999999997e+1
    6.1799999999999997e+1 6.1799999999999997e+1 6.1799999999999997e+1
    6.1799999999999997e+1 6.1799999999999997e+1 6.1799999999999997e+1
    6.1799999999999997e+1 6.1799999999999997e+1 6.1799999999999997e+1
    6.1799999999999997e+1 6.1799999999999997e+1 6.1799999999999997e+1
    6.1799999999999997e+1 6.1799999999999997e+1 6.1799999999999997e+1
    6.1799999999999997e+1 6.1799999999999997e+1 6.1799999999999997e+1
    6.1799999999999997e+1 6.1799999999999997e+1 6.1799999999999997e+1
    6.1799999999999997e+1 6.1799999999999997e+1 6.1799999999999997e+1
    6.1799999999999997e+1 6.1799999999999997e+1 6.1799999999999997e+1
    6.1799999999999997e+1 6.1799999999999997e+1 6.1799999999999997e+1 6.2e+1
    6.2285714285714285e+1 6.625e+1 6.65e+1 6.875e+1 6.975e+1 7.2625e+1 7.275e+1
    7.3e+1 7.3e+1 7.3e+1 7.3e+1 7.3e+1 7.3e+1 7.3e+1 7.3e+1 7.3e+1 7.3e+1
    7.3e+1 7.3e+1 7.3e+1 7.35e+1 7.4e+1 7.4e+1 7.45e+1 7.4818181818181813e+1
    7.5e+1 7.5e+1 7.5e+1 7.5e+1 7.5e+1 7.5e+1 7.6e+1 7.6e+1 7.6e+1 7.6e+1
    7.6e+1 7.6e+1 7.6e+1 7.6e+1 7.6e+1 7.6e+1 7.6e+1 7.6e+1 7.6e+1 7.6e+1
    7.6e+1 7.65e+1 7.6625e+1 7.7e+1 7.7e+1 7.7e+1 7.7e+1 7.7e+1
    7.7666666666666671e+1 7.8e+1 7.8e+1 7.8e+1 7.8e+1 7.8e+1 7.8e+1 7.8e+1
    7.85e+1 7.8875e+1 7.9e+1 7.9e+1 7.9e+1 7.9e+1 7.9e+1 7.9e+1 7.9e+1 7.9e+1
    7.9e+1 7.9e+1 7.9e+1 7.9333333333333329e+1 7.95e+1 8.0e+1 8.0e+1 8.0e+1
    8.0e+1 8.0e+1 8.0e+1 8.0e+1 8.0e+1 8.0e+1 8.0099999999999994e+1
    8.0666666666666671e+1 8.1e+1 8.1e+1 8.1e+1 8.1e+1 8.1e+1 8.1e+1 8.1e+1
    8.1333333333333329e+1 8.15e+1 8.1666666666666671e+1 8.175e+1 8.2e+1 8.2e+1
    8.2e+1 8.2e+1 8.2e+1 8.2e+1 8.2e+1 8.2e+1 8.2e+1 8.2e+1 8.2e+1 8.225e+1
    8.25e+1 8.25e+1 8.25e+1 8.25e+1 8.3e+1 8.3e+1 8.3e+1 8.3e+1 8.3e+1 8.3e+1
    8.3e+1 8.3e+1 8.3e+1 8.3e+1 8.3e+1 8.3e+1 8.3e+1 8.3e+1 8.3e+1 8.3e+1
    8.3e+1 8.3e+1 8.3333333333333329e+1 8.3333333333333329e+1
    8.3333333333333329e+1 8.3400000000000006e+1 8.35e+1 8.4e+1 8.4e+1 8.4e+1
    8.4e+1 8.4e+1 8.4e+1 8.4e+1 8.4e+1 8.4e+1 8.4e+1 8.4e+1 8.4e+1
    8.4230769230769226e+1 8.425e+1 8.45e+1 8.45e+1 8.4599999999999994e+1
    8.4700000000000003e+1 8.475e+1 8.5e+1 8.5e+1 8.5e+1 8.5e+1 8.5e+1 8.5e+1
    8.5e+1 8.5e+1 8.5e+1 8.5e+1 8.5400000000000006e+1 8.5400000000000006e+1
    8.55e+1 8.55e+1 8.575e+1 8.575e+1 8.5777777777777771e+1 8.6e+1 8.6e+1
    8.6e+1 8.6e+1 8.6e+1 8.6e+1 8.6e+1 8.6e+1 8.6e+1 8.6e+1 8.6e+1 8.6e+1
    8.625e+1 8.625e+1 8.625e+1 8.625e+1 8.625e+1 8.625e+1 8.625e+1 8.625e+1
    8.625e+1 8.625e+1 8.625e+1 8.625e+1 8.625e+1 8.625e+1 8.625e+1 8.625e+1
    8.625e+1 8.625e+1 8.625e+1 8.625e+1 8.625e+1 8.625e+1 8.625e+1 8.625e+1
    8.625e+1 8.625e+1 8.625e+1 8.625e+1 8.625e+1 8.625e+1 8.625e+1 8.625e+1
    8.625e+1 8.625e+1 8.625e+1 8.625e+1 8.625e+1 8.625e+1 8.625e+1 8.625e+1
    8.625e+1 8.625e+1 8.625e+1 8.625e+1 8.625e+1 8.625e+1 8.625e+1 8.625e+1
    8.625e+1 8.625e+1 8.625e+1 8.625e+1 8.625e+1 8.625e+1 8.625e+1 8.625e+1
    8.625e+1 8.625e+1 8.625e+1 8.625e+1 8.625e+1 8.625e+1 8.625e+1 8.625e+1
    8.625e+1 8.625e+1 8.625e+1 8.625e+1 8.625e+1 8.625e+1 8.625e+1 8.625e+1
    8.625e+1 8.625e+1 8.625e+1 8.625e+1 8.625e+1 8.625e+1 8.625e+1 8.625e+1
    8.625e+1 8.625e+1 8.625e+1 8.625e+1 8.625e+1 8.625e+1 8.625e+1 8.625e+1
    8.625e+1 8.625e+1 8.625e+1 8.625e+1 8.625e+1 8.625e+1 8.625e+1 8.625e+1
    8.625e+1 8.625e+1 8.625e+1 8.625e+1 8.625e+1 8.625e+1 8.625e+1 8.625e+1
    8.625e+1 8.625e+1 8.625e+1 8.625e+1 8.625e+1 8.625e+1 8.625e+1 8.625e+1
    8.625e+1 8.625e+1 8.625e+1 8.625e+1 8.625e+1 8.625e+1 8.625e+1 8.625e+1
    8.625e+1 8.625e+1 8.625e+1 8.625e+1 8.625e+1 8.625e+1 8.625e+1 8.625e+1
    8.625e+1 8.625e+1 8.625e+1 8.625e+1 8.625e+1 8.625e+1 8.625e+1 8.625e+1
    8.625e+1 8.625e+1 8.625e+1 8.625e+1 8.625e+1 8.625e+1 8.625e+1 8.625e+1
    8.625e+1 8.625e+1 8.625e+1 8.625e+1 8.625e+1 8.625e+1 8.625e+1 8.625e+1
    8.625e+1 8.625e+1 8.625e+1 8.625e+1 8.625e+1 8.625e+1 8.625e+1 8.625e+1
    8.625e+1 8.625e+1 8.625e+1 8.625e+1 8.625e+1 8.625e+1 8.625e+1 8.625e+1
    8.625e+1 8.625e+1 8.625e+1 8.625e+1 8.625e+1 8.625e+1 8.625e+1 8.625e+1
    8.625e+1 8.625e+1 8.625e+1 8.625e+1 8.625e+1 8.625e+1 8.625e+1 8.625e+1
    8.625e+1 8.625e+1 8.625e+1 8.625e+1 8.625e+1 8.625e+1 8.625e+1 8.625e+1
    8.625e+1 8.625e+1 8.625e+1 8.625e+1 8.625e+1 8.625e+1 8.625e+1 8.625e+1
    8.625e+1 8.625e+1 8.625e+1 8.625e+1 8.625e+1 8.625e+1 8.625e+1 8.625e+1
    8.625e+1 8.625e+1 8.625e+1 8.625e+1 8.625e+1 8.625e+1 8.625e+1 8.625e+1
    8.625e+1 8.625e+1 8.625e+1 8.625e+1 8.625e+1 8.625e+1 8.625e+1 8.625e+1
    8.625e+1 8.625e+1 8.625e+1 8.625e+1 8.625e+1 8.625e+1 8.625e+1 8.625e+1
    8.625e+1 8.625e+1 8.625e+1 8.625e+1 8.625e+1 8.625e+1 8.625e+1 8.625e+1
    8.625e+1 8.625e+1 8.625e+1 8.625e+1 8.625e+1 8.625e+1 8.625e+1 8.625e+1
    8.625e+1 8.625e+1 8.625e+1 8.625e+1 8.625e+1 8.625e+1 8.625e+1 8.625e+1
    8.625e+1 8.625e+1 8.625e+1 8.625e+1 8.625e+1 8.625e+1 8.625e+1 8.625e+1
    8.625e+1 8.625e+1 8.625e+1 8.625e+1 8.625e+1 8.625e+1 8.625e+1 8.625e+1
    8.625e+1 8.625e+1 8.625e+1 8.625e+1 8.625e+1 8.625e+1 8.625e+1 8.625e+1
    8.625e+1 8.625e+1 8.625e+1 8.625e+1 8.625e+1 8.625e+1 8.625e+1
    8.6333333333333329e+1 8.65e+1 8.6533333333333331e+1 8.663636363636364e+1
    8.6833333333333329e+1 8.6857142857142861e+1 8.7e+1 8.7e+1 8.7e+1 8.7e+1
    8.7e+1 8.7e+1 8.7e+1 8.7e+1 8.7200000000000003e+1 8.75e+1 8.75e+1
    8.7666666666666671e+1 8.7666666666666671e+1 8.775e+1 8.7799999999999997e+1
    8.8e+1 8.8e+1 8.8e+1 8.8e+1 8.8e+1 8.8e+1 8.8e+1 8.8e+1 8.8e+1 8.8e+1
    8.8e+1 8.825e+1 8.8333333333333329e+1 8.85e+1 8.85e+1 8.85e+1
    8.863636363636364e+1 8.875e+1 8.8833333333333329e+1 8.8833333333333329e+1
    8.9e+1 8.9e+1 8.9e+1 8.9e+1 8.9e+1 8.9e+1 8.9e+1 8.9e+1 8.9e+1 8.9e+1
    8.9e+1 8.925e+1 8.9333333333333329e+1 8.9333333333333329e+1 8.95e+1 8.95e+1
    8.9599999999999994e+1 8.9666666666666671e+1 8.9833333333333329e+1 9.0e+1
    9.0e+1 9.0e+1 9.0e+1 9.0e+1 9.0e+1 9.0e+1 9.0e+1 9.0e+1 9.0e+1 9.0e+1
    9.0e+1 9.0e+1 9.0e+1 9.0200000000000003e+1 9.0333333333333329e+1
    9.0333333333333329e+1 9.0333333333333329e+1 9.0400000000000006e+1 9.05e+1
    9.05e+1 9.05e+1 9.05e+1 9.05e+1 9.0666666666666671e+1 9.0666666666666671e+1
    9.0666666666666671e+1 9.0666666666666671e+1 9.075e+1 9.1e+1 9.1e+1 9.1e+1
    9.1e+1 9.1e+1 9.1e+1 9.1e+1 9.1e+1 9.1e+1 9.1e+1 9.1e+1 9.1e+1 9.1e+1
    9.1e+1 9.1e+1 9.1166666666666671e+1 9.125e+1 9.1333333333333329e+1 9.15e+1
    9.15e+1 9.15e+1 9.1599999999999994e+1 9.175e+1 9.2e+1 9.2e+1 9.2e+1 9.2e+1
    9.2e+1 9.2e+1 9.2e+1 9.2e+1 9.2e+1 9.2e+1 9.2e+1 9.2e+1 9.2e+1 9.2e+1
    9.2e+1 9.2e+1 9.2200000000000003e+1 9.2333333333333329e+1
    9.2333333333333329e+1 9.2333333333333329e+1 9.2400000000000006e+1 9.25e+1
    9.25e+1 9.2666666666666671e+1 9.3e+1 9.3e+1 9.3e+1 9.3e+1 9.3e+1 9.3e+1
    9.3e+1 9.3e+1 9.3e+1 9.3e+1 9.3e+1 9.3e+1 9.3e+1 9.3e+1 9.3e+1 9.3e+1
    9.3e+1 9.3e+1 9.3e+1 9.3e+1 9.3e+1 9.3e+1 9.3e+1 9.3e+1 9.3e+1 9.3e+1
    9.3e+1 9.3e+1 9.3e+1 9.3e+1 9.3e+1 9.3e+1 9.3e+1 9.3e+1 9.3e+1 9.3e+1
    9.3e+1 9.3e+1 9.3e+1 9.3e+1 9.3e+1 9.3e+1 9.3e+1 9.325e+1
    9.3333333333333329e+1 9.3333333333333329e+1 9.3333333333333329e+1 9.35e+1
    9.35e+1 9.35e+1 9.35e+1 9.3666666666666671e+1 9.375e+1
    9.3857142857142861e+1 9.4e+1 9.4e+1 9.4e+1 9.4e+1 9.4e+1 9.4e+1 9.4e+1
    9.4e+1 9.4e+1 9.4e+1 9.4e+1 9.4e+1 9.4e+1 9.4e+1 9.4e+1 9.4e+1 9.4e+1
    9.4e+1 9.4e+1 9.4e+1 9.4e+1 9.4e+1 9.4e+1 9.4e+1 9.4e+1 9.4e+1 9.4e+1
    9.4e+1 9.4e+1 9.4e+1 9.4e+1 9.4e+1 9.4e+1 9.4e+1 9.4e+1 9.4e+1 9.4e+1
    9.4e+1 9.4e+1 9.4e+1 9.4e+1 9.4e+1 9.4e+1 9.4e+1 9.4e+1 9.4e+1 9.4e+1
    9.4e+1 9.4e+1 9.4e+1 9.4e+1 9.4e+1 9.4e+1 9.4e+1 9.4e+1 9.4e+1 9.4e+1
    9.4e+1 9.4e+1 9.4e+1 9.4e+1 9.4e+1 9.4e+1 9.4e+1 9.4e+1 9.4e+1 9.4e+1
    9.4e+1 9.4e+1 9.4e+1 9.4e+1 9.4e+1 9.4e+1 9.4e+1 9.4e+1 9.4e+1 9.4e+1
    9.4e+1 9.4e+1 9.4e+1 9.4e+1 9.4e+1 9.4e+1 9.4e+1 9.4e+1 9.4e+1 9.4e+1
    9.4e+1 9.4e+1 9.4e+1 9.4e+1 9.4e+1 9.4e+1 9.4e+1 9.4e+1 9.4e+1 9.4e+1
    9.4e+1 9.4e+1 9.4e+1 9.4e+1 9.4e+1 9.4e+1 9.4e+1 9.4e+1 9.4e+1 9.4e+1
    9.4e+1 9.4e+1 9.4e+1 9.4e+1 9.4e+1 9.4e+1 9.4e+1 9.4e+1 9.4e+1 9.4e+1
    9.4e+1 9.4e+1 9.4e+1 9.4e+1 9.4e+1 9.4e+1 9.4e+1 9.4e+1 9.4e+1 9.4e+1
    9.4e+1 9.4e+1 9.4e+1 9.4e+1 9.4e+1 9.4e+1 9.4e+1 9.4e+1 9.4e+1 9.4e+1
    9.4e+1 9.4e+1 9.4e+1 9.4e+1 9.4e+1 9.4e+1 9.4e+1 9.4e+1 9.4e+1 9.4e+1
    9.4e+1 9.4e+1 9.4e+1 9.4e+1 9.4e+1 9.4e+1 9.4e+1 9.4e+1 9.4e+1 9.4e+1
    9.4e+1 9.4e+1 9.4e+1 9.4e+1 9.4e+1 9.4e+1 9.4e+1 9.4e+1 9.4e+1 9.4e+1
    9.4e+1 9.4e+1 9.4e+1 9.4e+1 9.4e+1 9.4e+1 9.4e+1 9.4e+1 9.4e+1 9.4e+1
    9.4e+1 9.4e+1 9.4e+1 9.4e+1 9.4e+1 9.4e+1 9.4e+1 9.4e+1 9.4e+1 9.4e+1
    9.4e+1 9.4e+1 9.4e+1 9.4e+1 9.4e+1 9.4e+1 9.4e+1 9.4e+1 9.4e+1 9.4e+1
    9.4e+1 9.4e+1 9.4e+1 9.4e+1 9.4e+1 9.4e+1 9.4e+1 9.4e+1 9.4e+1 9.4e+1
    9.4e+1 9.4e+1 9.4e+1 9.4e+1 9.4e+1 9.4e+1 9.4e+1 9.4e+1 9.4e+1 9.4e+1
    9.4e+1 9.4e+1 9.4e+1 9.4e+1 9.4e+1 9.4e+1 9.4e+1 9.4e+1 9.4e+1 9.4e+1
    9.4e+1 9.4e+1 9.4e+1 9.4e+1 9.4e+1 9.4e+1 9.4e+1 9.4e+1 9.4e+1 9.4e+1
    9.4e+1 9.4e+1 9.4e+1 9.4e+1 9.4e+1 9.4e+1 9.4e+1 9.4e+1 9.4e+1 9.4e+1
    9.4e+1 9.4e+1 9.4e+1 9.4e+1 9.4e+1 9.4e+1 9.4e+1 9.4e+1 9.4e+1 9.4e+1
    9.4e+1 9.4e+1 9.4e+1 9.4e+1 9.4e+1 9.4e+1 9.4e+1 9.4e+1 9.4e+1 9.4e+1
    9.4e+1 9.4e+1 9.4e+1 9.4e+1 9.4e+1 9.4e+1 9.4e+1 9.4e+1 9.4e+1 9.4e+1
    9.4e+1 9.4e+1 9.4e+1 9.4e+1 9.4e+1 9.4e+1 9.4e+1 9.4e+1 9.4e+1 9.4e+1
    9.4e+1 9.4e+1 9.4e+1 9.4e+1 9.4e+1 9.4e+1 9.4e+1 9.4e+1 9.4e+1 9.4e+1
    9.4e+1 9.4e+1 9.4e+1 9.4e+1 9.4e+1 9.4e+1 9.4e+1 9.4e+1 9.4e+1 9.4e+1
    9.4e+1 9.4e+1 9.4e+1 9.4333333333333329e+1 9.45e+1 9.45e+1 9.45e+1 9.45e+1
    9.45e+1 9.4571428571428569e+1 9.4599999999999994e+1 9.4625e+1
    9.4666666666666671e+1 9.475e+1 9.475e+1 9.5e+1 9.5e+1 9.5e+1 9.5e+1 9.5e+1
    9.5e+1 9.5e+1 9.5e+1 9.5e+1 9.5e+1 9.5e+1 9.5e+1 9.5e+1 9.5e+1 9.5e+1
    9.5e+1 9.5e+1 9.5e+1 9.5e+1 9.5e+1 9.5e+1 9.5e+1 9.5e+1 9.5e+1 9.5e+1
    9.5e+1 9.5e+1 9.5e+1 9.5e+1 9.5e+1 9.5e+1 9.5e+1 9.5e+1 9.5e+1 9.5e+1
    9.5e+1 9.5e+1 9.5e+1 9.5e+1 9.5e+1 9.5e+1 9.5e+1 9.5e+1 9.5e+1 9.5e+1
    9.5e+1 9.5e+1 9.5e+1 9.5e+1 9.5e+1 9.5e+1 9.525e+1 9.5428571428571431e+1
    9.55e+1 9.55e+1 9.5666666666666671e+1 9.5666666666666671e+1 9.575e+1
    9.5777777777777771e+1 9.6e+1 9.6e+1 9.6e+1 9.6e+1 9.6e+1 9.6e+1 9.6e+1
    9.6e+1 9.6e+1 9.6e+1 9.625e+1 9.6333333333333329e+1 9.6333333333333329e+1
    9.6333333333333329e+1 9.6333333333333329e+1 9.6333333333333329e+1
    9.6416666666666671e+1 9.65e+1 9.65e+1 9.6599999999999994e+1
    9.6714285714285708e+1 9.675e+1 9.6857142857142861e+1 9.7e+1 9.7e+1 9.7e+1
    9.7e+1 9.7e+1 9.7e+1 9.7e+1 9.7e+1 9.7e+1 9.7e+1 9.7e+1 9.7e+1 9.7e+1
    9.7e+1 9.7e+1 9.7e+1 9.7e+1 9.7e+1 9.7125e+1 9.7200000000000003e+1 9.725e+1
    9.725e+1 9.725e+1 9.7333333333333329e+1 9.7333333333333329e+1 9.75e+1
    9.7666666666666671e+1 9.7666666666666671e+1 9.7666666666666671e+1
    9.7666666666666671e+1 9.7714285714285708e+1 9.775e+1 9.775e+1
    9.7799999999999997e+1 9.7833333333333329e+1 9.8e+1 9.8e+1 9.8e+1 9.8e+1
    9.8e+1 9.8e+1 9.8e+1 9.8e+1 9.8e+1 9.8e+1 9.8e+1 9.8e+1 9.8e+1 9.8e+1
    9.8e+1 9.8e+1 9.8e+1 9.8142857142857139e+1 9.825e+1 9.8285714285714292e+1
    9.8333333333333329e+1 9.8333333333333329e+1 9.85e+1 9.85e+1 9.85e+1 9.85e+1
    9.85e+1 9.8571428571428569e+1 9.8599999999999994e+1 9.9e+1 9.9e+1 9.9e+1
    9.9e+1 9.9e+1 9.9e+1 9.9e+1 9.9e+1 9.9e+1 9.9e+1 9.9e+1 9.9e+1 9.9e+1
    9.9e+1 9.9e+1 9.9e+1 9.9e+1 9.9e+1 9.9e+1 9.9e+1 9.9e+1 9.9e+1 9.9e+1
    9.9e+1 9.9e+1 9.9e+1 9.9e+1 9.9e+1 9.9e+1 9.9e+1 9.9e+1 9.9e+1 9.9e+1
    9.9e+1 9.9e+1 9.9e+1 9.9e+1 9.9e+1 9.9e+1 9.9e+1 9.9e+1 9.9e+1 9.9e+1
    9.9e+1 9.9e+1 9.9e+1 9.9e+1 9.9e+1 9.9e+1 9.9e+1 9.9e+1 9.9e+1 9.9e+1
    9.9e+1 9.9e+1 9.9e+1 9.9e+1 9.9e+1 9.9e+1 9.9e+1 9.9e+1 9.9e+1 9.9e+1
    9.9e+1 9.9e+1 9.9e+1 9.9e+1 9.9142857142857139e+1 9.9200000000000003e+1
    9.9200000000000003e+1 9.9200000000000003e+1 9.925e+1 9.925e+1
    9.9333333333333329e+1 9.9333333333333329e+1 9.9333333333333329e+1 9.95e+1
    9.95e+1 9.95e+1 9.95e+1 9.95e+1 9.95e+1 9.95e+1 9.975e+1 9.9875e+1 1.0e+2
    1.0e+2 1.0e+2 1.0e+2 1.0e+2 1.0e+2 1.0e+2 1.0e+2 1.0e+2 1.0e+2 1.0e+2
    1.0e+2 1.0e+2 1.0e+2 1.0e+2 1.0e+2 1.0e+2 1.0e+2 1.0e+2 1.0e+2 1.0e+2
    1.0e+2 1.0e+2 1.0e+2 1.0e+2 1.0e+2 1.0e+2 1.0e+2 1.0e+2 1.0e+2 1.0e+2
    1.0e+2 1.0e+2 1.0e+2 1.0e+2 1.0e+2 1.0e+2 1.0e+2 1.0e+2 1.0e+2 1.0e+2
    1.0e+2 1.0e+2 1.0e+2 1.0e+2 1.0e+2 1.0e+2 1.0e+2 1.0e+2 1.0e+2 1.0e+2
    1.0e+2 1.0e+2 1.0e+2 1.0e+2 1.0e+2 1.0e+2 1.0e+2 1.0e+2 1.0e+2 1.0e+2
    1.0e+2 1.0e+2 1.0e+2 1.0e+2 1.0e+2 1.0e+2 1.0e+2 1.0e+2 1.0e+2 1.0e+2
    1.0e+2 1.0e+2 1.0e+2 1.0e+2 1.0e+2 1.0e+2 1.0e+2 1.0e+2 1.0e+2 1.0e+2
    1.0e+2 1.0e+2 1.0e+2 1.0e+2 1.0e+2 1.0e+2 1.0e+2 1.0e+2 1.0e+2 1.0e+2
    1.0e+2 1.0e+2 1.0e+2 1.0e+2 1.0e+2 1.0e+2 1.0e+2 1.0e+2 1.0e+2 1.0e+2
    1.0e+2 1.0e+2 1.0e+2 1.0e+2 1.0e+2 1.0e+2 1.0e+2 1.0e+2 1.0e+2 1.0e+2
    1.0e+2 1.0e+2 1.0e+2 1.0e+2 1.0e+2 1.0e+2 1.0e+2 1.0e+2 1.0e+2 1.0e+2
    1.0e+2 1.0e+2 1.0e+2 1.0e+2 1.0e+2 1.0e+2 1.0e+2 1.0e+2 1.0e+2 1.0e+2
    1.0e+2 1.0e+2 1.0e+2 1.0e+2 1.0e+2 1.0e+2 1.0e+2 1.0e+2 1.0e+2 1.0e+2
    1.0e+2 1.0e+2 1.0e+2 1.0e+2 1.0e+2 1.0e+2 1.0e+2 1.0e+2 1.0e+2 1.0e+2
    1.0e+2 1.0e+2 1.0e+2 1.0e+2 1.0e+2 1.0e+2 1.0e+2 1.0e+2 1.0e+2 1.0e+2
    1.0e+2 1.0e+2 1.0e+2 1.0e+2 1.0e+2 1.0e+2 1.0e+2 1.0e+2 1.0e+2 1.0e+2
    1.0e+2 1.0e+2 1.0e+2 1.0e+2 1.0e+2 1.0e+2 1.0e+2 1.0e+2 1.0e+2 1.0e+2
    1.0e+2 1.0e+2 1.0e+2 1.0e+2 1.0e+2 1.0e+2 1.0e+2 1.0e+2 1.0e+2 1.0e+2
    1.0e+2 1.0e+2 1.0e+2 1.0e+2 1.0e+2 1.0e+2 1.0e+2 1.0e+2 1.0e+2 1.0e+2
    1.0e+2 1.0e+2 1.0e+2 1.0e+2 1.0e+2 1.0e+2 1.0e+2 1.0e+2 1.0e+2 1.0e+2
    1.0e+2 1.0e+2 1.0e+2 1.0e+2 1.0e+2 1.0e+2 1.0e+2 1.0e+2 1.0e+2 1.0e+2
    1.0e+2 1.0e+2 1.0e+2 1.0e+2 1.0e+2 1.0e+2 1.0e+2 1.0e+2 1.0e+2 1.0e+2
    1.0e+2 1.0e+2 1.0e+2 1.0e+2 1.0e+2 1.0e+2 1.0e+2 1.0e+2 1.0e+2 1.0e+2
    1.0e+2 1.0e+2 1.0e+2 1.0e+2 1.0e+2 1.0e+2 1.0e+2 1.0e+2 1.0e+2 1.0e+2
    1.0e+2 1.0e+2 1.0e+2 1.0e+2 1.0e+2 1.0e+2 1.0e+2 1.0e+2 1.0e+2 1.0e+2
    1.0e+2 1.0e+2 1.0e+2 1.0e+2 1.0e+2 1.0e+2 1.0e+2 1.0e+2 1.0e+2 1.0e+2
    1.0e+2 1.0e+2 1.0e+2 1.0e+2 1.0e+2 1.0e+2 1.0e+2 1.0e+2 1.0e+2 1.0e+2
    1.0e+2 1.0e+2 1.0e+2 1.0e+2 1.0e+2 1.0e+2 1.0e+2 1.0e+2 1.0e+2 1.0e+2
    1.0e+2 1.0e+2 1.0e+2 1.0e+2 1.0e+2 1.0e+2 1.0e+2 1.0e+2 1.0e+2 1.0e+2
    1.0e+2 1.0e+2 1.0e+2 1.0e+2 1.0e+2 1.0e+2 1.0e+2 1.0e+2 1.0e+2 1.0e+2
    1.0e+2 1.0e+2 1.0e+2 1.0e+2 1.0e+2 1.0e+2 1.0e+2 1.0e+2 1.0e+2 1.0e+2
    1.0e+2 1.0e+2 1.0e+2 1.0e+2 1.0e+2 1.0e+2 1.0e+2 1.0e+2 1.0e+2 1.0e+2
    1.0e+2 1.0e+2 1.0e+2 1.0e+2 1.0e+2 1.0e+2 1.0e+2 1.0e+2 1.0e+2 1.0e+2
    1.0e+2 1.0e+2 1.0e+2 1.0e+2 1.0e+2 1.0e+2 1.0e+2 1.0e+2 1.0e+2 1.0e+2
    1.0e+2 1.0e+2 1.0e+2 1.0e+2 1.0e+2 1.0e+2 1.0e+2 1.0e+2 1.0e+2 1.0e+2
    1.0e+2 1.0e+2 1.0e+2 1.0e+2 1.0e+2 1.0e+2 1.0e+2 1.0e+2 1.0e+2 1.0e+2
    1.0e+2 1.0e+2 1.0e+2 1.0e+2 1.0e+2 1.0e+2 1.0e+2 1.0e+2 1.0e+2 1.0e+2
    1.0e+2 1.0e+2 1.0e+2 1.0e+2 1.0e+2 1.0e+2 1.0e+2 1.0e+2 1.0e+2 1.0e+2
    1.0e+2 1.0e+2 1.0e+2 1.0e+2 1.0e+2 1.0e+2 1.0e+2 1.0e+2 1.0e+2 1.0e+2
    1.0e+2 1.0e+2 1.0e+2 1.0e+2 1.0e+2 1.0e+2 1.0e+2 1.0e+2 1.0e+2 1.0e+2
    1.0e+2 1.0e+2 1.0e+2 1.0e+2 1.0e+2 1.0e+2 1.0e+2 1.0e+2 1.0e+2 1.0e+2
    1.0e+2 1.0e+2 1.0e+2 1.0e+2 1.0e+2 1.0e+2 1.0e+2 1.0e+2 1.0e+2 1.0e+2
    1.0e+2 1.0e+2 1.0e+2 1.0e+2 1.0e+2 1.0e+2 1.0e+2 1.0e+2 1.0e+2 1.0e+2
    1.0e+2 1.0e+2 1.0e+2 1.0e+2 1.0e+2 1.0e+2 1.0016666666666667e+2 1.002e+2
    1.002e+2 1.0025e+2 1.0025e+2 1.0033333333333333e+2 1.0033333333333333e+2
    1.00375e+2 1.0040000000000001e+2 1.005e+2 1.005e+2 1.005e+2 1.005e+2
    1.0059999999999999e+2 1.00625e+2 1.0066666666666667e+2 1.0075e+2
    1.0083333333333333e+2 1.01e+2 1.01e+2 1.01e+2 1.01e+2 1.01e+2 1.01e+2
    1.01e+2 1.01e+2 1.01e+2 1.01e+2 1.01e+2 1.01e+2 1.01e+2 1.01e+2 1.01e+2
    1.01e+2 1.01e+2 1.01e+2 1.01e+2 1.01e+2 1.01e+2 1.01e+2 1.01e+2 1.01e+2
    1.01e+2 1.01e+2 1.01e+2 1.01e+2 1.01e+2 1.01e+2 1.01e+2 1.01e+2 1.01e+2
    1.01e+2 1.01e+2 1.01e+2 1.01e+2 1.01e+2 1.01e+2 1.01e+2 1.01e+2 1.01e+2
    1.01e+2 1.01e+2 1.01e+2 1.01e+2 1.01e+2 1.01e+2 1.01e+2 1.01e+2 1.01e+2
    1.01e+2 1.01e+2 1.01e+2 1.01e+2 1.01e+2 1.01e+2 1.01e+2 1.01e+2 1.01e+2
    1.01e+2 1.01e+2 1.01e+2 1.01e+2 1.01e+2 1.01e+2 1.01e+2 1.01e+2 1.01e+2
    1.01e+2 1.01e+2 1.01e+2 1.01e+2 1.01e+2 1.01e+2 1.01e+2 1.01e+2 1.01e+2
    1.01e+2 1.01e+2 1.01e+2 1.01e+2 1.01e+2 1.01e+2 1.01e+2 1.01e+2 1.01e+2
    1.01e+2 1.01e+2 1.01e+2 1.01e+2 1.01e+2 1.01e+2 1.01e+2 1.01e+2 1.01e+2
    1.01e+2 1.01e+2 1.01e+2 1.01e+2 1.01e+2 1.01e+2 1.01e+2 1.01e+2 1.01e+2
    1.01e+2 1.01e+2 1.01e+2 1.01e+2 1.01e+2 1.01e+2 1.01e+2 1.01e+2 1.01e+2
    1.01e+2 1.01e+2 1.01e+2 1.01e+2 1.01e+2 1.01e+2 1.01e+2 1.01e+2 1.01e+2
    1.01e+2 1.01e+2 1.01e+2 1.01e+2 1.01e+2 1.01e+2 1.01e+2 1.01e+2 1.01e+2
    1.01e+2 1.01e+2 1.01e+2 1.01e+2 1.01e+2 1.01e+2 1.01e+2 1.01e+2 1.01e+2
    1.01e+2 1.01e+2 1.01e+2 1.01e+2 1.01e+2 1.01e+2 1.01e+2 1.01e+2 1.01e+2
    1.01e+2 1.01e+2 1.01e+2 1.01e+2 1.01e+2 1.01e+2 1.01e+2 1.01e+2 1.01e+2
    1.01e+2 1.01e+2 1.01e+2 1.01e+2 1.01e+2 1.01e+2 1.01e+2 1.01e+2 1.01e+2
    1.01e+2 1.01e+2 1.01e+2 1.01e+2 1.01e+2 1.01e+2 1.01e+2 1.01e+2 1.01e+2
    1.01e+2 1.01e+2 1.01e+2 1.01e+2 1.01e+2 1.01e+2 1.01e+2 1.01e+2 1.01e+2
    1.01e+2 1.01e+2 1.01e+2 1.01e+2 1.01e+2 1.01e+2 1.01e+2 1.01e+2 1.01e+2
    1.01e+2 1.01e+2 1.01e+2 1.01e+2 1.01e+2 1.01e+2 1.01e+2 1.01e+2 1.01e+2
    1.01e+2 1.01e+2 1.01e+2 1.01e+2 1.01e+2 1.01e+2 1.01e+2 1.01e+2 1.01e+2
    1.01e+2 1.01e+2 1.01e+2 1.01e+2 1.01e+2 1.01e+2 1.01e+2 1.01e+2 1.01e+2
    1.01e+2 1.01e+2 1.01e+2 1.01e+2 1.01e+2 1.01e+2 1.01e+2 1.01e+2 1.01e+2
    1.01e+2 1.01e+2 1.01e+2 1.01e+2 1.01e+2 1.01e+2 1.01e+2 1.01e+2 1.01e+2
    1.01e+2 1.01e+2 1.01e+2 1.01e+2 1.01e+2 1.01e+2 1.01e+2 1.01e+2 1.01e+2
    1.01e+2 1.01e+2 1.01e+2 1.01e+2 1.01e+2 1.01e+2 1.01e+2 1.01e+2 1.01e+2
    1.01e+2 1.01e+2 1.01e+2 1.01e+2 1.01e+2 1.01e+2 1.01e+2 1.01e+2 1.01e+2
    1.01e+2 1.01e+2 1.01e+2 1.01e+2 1.01e+2 1.01e+2 1.01e+2 1.01e+2 1.01e+2
    1.01e+2 1.01e+2 1.01e+2 1.01e+2 1.01e+2 1.01e+2 1.01e+2 1.01e+2 1.01e+2
    1.01e+2 1.01e+2 1.01e+2 1.01e+2 1.01e+2 1.01e+2 1.01e+2 1.01e+2 1.01e+2
    1.01e+2 1.01e+2 1.01e+2 1.01e+2 1.01e+2 1.01e+2 1.01e+2 1.01e+2 1.01e+2
    1.01e+2 1.01e+2 1.01e+2 1.01e+2 1.01e+2 1.01e+2 1.01e+2 1.01e+2 1.01e+2
    1.01e+2 1.01e+2 1.01e+2 1.01e+2 1.01e+2 1.01e+2 1.01e+2 1.01e+2 1.01e+2
    1.01e+2 1.01e+2 1.01e+2 1.01e+2 1.01e+2 1.01e+2 1.01e+2 1.01e+2 1.01e+2
    1.01e+2 1.01e+2 1.01e+2 1.01e+2 1.01e+2 1.01e+2 1.01e+2 1.01e+2 1.01e+2
    1.01e+2 1.01e+2 1.01e+2 1.01e+2 1.01e+2 1.01e+2 1.01e+2 1.01e+2 1.01e+2
    1.01e+2 1.01e+2 1.01e+2 1.01e+2 1.01e+2 1.01e+2 1.01e+2 1.01e+2 1.01e+2
    1.01e+2 1.01e+2 1.01e+2 1.01e+2 1.01e+2 1.01e+2 1.01e+2 1.01e+2 1.01e+2
    1.01e+2 1.01e+2 1.01e+2 1.01e+2 1.01e+2 1.01e+2 1.01e+2 1.01e+2 1.01e+2
    1.01e+2 1.01e+2 1.01e+2 1.01e+2 1.01e+2 1.01e+2 1.01e+2 1.01e+2 1.01e+2
    1.01e+2 1.01e+2 1.01e+2 1.01e+2 1.01e+2 1.01e+2 1.01e+2 1.01e+2 1.01e+2
    1.01e+2 1.01e+2 1.01e+2 1.01e+2 1.01e+2 1.01e+2 1.01e+2 1.01e+2 1.01e+2
    1.01e+2 1.01e+2 1.01e+2 1.01e+2 1.01e+2 1.01e+2 1.01e+2 1.01e+2 1.01e+2
    1.01e+2 1.01e+2 1.01e+2 1.01e+2 1.01e+2 1.01e+2 1.01e+2 1.01e+2 1.01e+2
    1.01e+2 1.01e+2 1.01e+2 1.01e+2 1.01e+2 1.01e+2 1.01e+2 1.01e+2 1.01e+2
    1.01e+2 1.01e+2 1.01e+2 1.01e+2 1.01e+2 1.01e+2 1.01e+2 1.01e+2 1.01e+2
    1.01e+2 1.01e+2 1.01e+2 1.01e+2 1.01e+2 1.01e+2 1.01e+2 1.01e+2 1.01e+2
    1.01e+2 1.01e+2 1.01e+2 1.01e+2 1.01e+2 1.01e+2 1.01e+2 1.01e+2 1.01e+2
    1.01e+2 1.01e+2 1.01e+2 1.01e+2 1.01e+2 1.01e+2 1.01e+2 1.01e+2 1.01e+2
    1.01e+2 1.01e+2 1.01e+2 1.01e+2 1.01e+2 1.01e+2 1.01e+2 1.01e+2 1.01e+2
    1.01e+2 1.01e+2 1.01e+2 1.01e+2 1.01e+2 1.01e+2 1.01e+2 1.01e+2 1.01e+2
    1.01e+2 1.01e+2 1.01e+2 1.01e+2 1.01e+2 1.01e+2 1.01e+2 1.01e+2 1.01e+2
    1.01e+2 1.01e+2 1.01e+2 1.01e+2 1.01e+2 1.01e+2 1.01e+2 1.01e+2 1.01e+2
    1.01e+2 1.01e+2 1.01e+2 1.01e+2 1.01e+2 1.01e+2 1.01e+2 1.01e+2 1.01e+2
    1.01e+2 1.01e+2 1.01e+2 1.01e+2 1.01e+2 1.01e+2 1.01e+2 1.01e+2 1.01e+2
    1.01e+2 1.01e+2 1.01e+2 1.01e+2 1.01e+2 1.01e+2 1.01e+2 1.01e+2 1.01e+2
    1.01e+2 1.01e+2 1.01e+2 1.01e+2 1.01e+2 1.01e+2 1.01e+2 1.01e+2 1.01e+2
    1.01e+2 1.01e+2 1.01e+2 1.01e+2 1.01e+2 1.01e+2 1.01e+2 1.01e+2 1.01e+2
    1.01e+2 1.01e+2 1.01e+2 1.01e+2 1.01e+2 1.01e+2 1.01e+2 1.01e+2 1.01e+2
    1.01e+2 1.01e+2 1.01e+2 1.01e+2 1.01e+2 1.01e+2 1.01e+2 1.01e+2 1.01e+2
    1.01e+2 1.01e+2 1.01e+2 1.01e+2 1.01e+2 1.01e+2 1.01e+2 1.01e+2 1.01e+2
    1.01e+2 1.01e+2 1.01e+2 1.01e+2 1.01e+2 1.01e+2 1.01e+2 1.01e+2 1.01e+2
    1.01e+2 1.01e+2 1.01e+2 1.01e+2 1.01e+2 1.01e+2 1.01e+2 1.01e+2 1.01e+2
    1.01e+2 1.01e+2 1.01e+2 1.01e+2 1.01e+2 1.01e+2 1.01e+2 1.01e+2 1.01e+2
    1.01e+2 1.01e+2 1.01e+2 1.01e+2 1.01e+2 1.01e+2 1.01e+2 1.01e+2 1.01e+2
    1.01e+2 1.01e+2 1.01e+2 1.01e+2 1.01e+2 1.01e+2 1.01e+2 1.01e+2 1.01e+2
    1.01e+2 1.01e+2 1.01e+2 1.01e+2 1.01e+2 1.01e+2 1.01e+2 1.01e+2 1.01e+2
    1.01e+2 1.01e+2 1.01e+2 1.01e+2 1.01e+2 1.01e+2 1.01e+2 1.01e+2 1.01e+2
    1.01e+2 1.01e+2 1.01e+2 1.01e+2 1.01e+2 1.01e+2 1.01e+2 1.01e+2 1.01e+2
    1.01e+2 1.01e+2 1.01e+2 1.01e+2 1.01e+2 1.01e+2 1.01e+2 1.01e+2 1.01e+2
    1.01e+2 1.01e+2 1.01e+2 1.01e+2 1.01e+2 1.01e+2 1.01e+2 1.01e+2 1.01e+2
    1.01e+2 1.01e+2 1.01e+2 1.01e+2 1.01e+2 1.01e+2 1.01e+2 1.01e+2 1.01e+2
    1.01e+2 1.01e+2 1.01e+2 1.01e+2 1.01e+2 1.01e+2 1.01e+2 1.01e+2 1.01e+2
    1.01e+2 1.01e+2 1.01e+2 1.01e+2 1.01e+2 1.01e+2 1.01e+2 1.01e+2 1.01e+2
    1.01e+2 1.01e+2 1.01e+2 1.01e+2 1.01e+2 1.01e+2 1.01e+2 1.01e+2 1.01e+2
    1.01e+2 1.01e+2 1.01e+2 1.01e+2 1.01e+2 1.01e+2 1.01e+2 1.01e+2 1.01e+2
    1.01e+2 1.01e+2 1.01e+2 1.01e+2 1.01e+2 1.01e+2 1.01e+2 1.01e+2 1.01e+2
    1.01e+2 1.01e+2 1.01e+2 1.01e+2 1.01e+2 1.01e+2 1.01e+2 1.01e+2 1.01e+2
    1.01e+2 1.01e+2 1.01e+2 1.01e+2 1.01e+2 1.01e+2 1.01e+2 1.01e+2 1.01e+2
    1.01e+2 1.01e+2 1.01e+2 1.01e+2 1.01e+2 1.01e+2 1.01e+2 1.01e+2 1.01e+2
    1.01e+2 1.01e+2 1.01e+2 1.01e+2 1.01e+2 1.01e+2 1.01e+2 1.01e+2 1.01e+2
    1.01e+2 1.01e+2 1.01e+2 1.01e+2 1.01e+2 1.01e+2 1.01e+2 1.01e+2 1.01e+2
    1.01e+2 1.01e+2 1.01e+2 1.01e+2 1.01e+2 1.01e+2 1.01e+2 1.01e+2 1.01e+2
    1.01e+2 1.01e+2 1.01e+2 1.01e+2 1.01e+2 1.01e+2 1.01e+2 1.01e+2 1.01e+2
    1.01e+2 1.01e+2 1.01e+2 1.01e+2 1.01e+2 1.01e+2 1.01e+2 1.01e+2 1.01e+2
    1.01e+2 1.01e+2 1.01e+2 1.01e+2 1.01e+2 1.01e+2 1.01e+2 1.01e+2 1.01e+2
    1.01e+2 1.01e+2 1.01e+2 1.01e+2 1.01e+2 1.01e+2 1.01e+2 1.01e+2 1.01e+2
    1.01e+2 1.01e+2 1.01e+2 1.01e+2 1.01e+2 1.01e+2 1.01e+2 1.01e+2 1.01e+2
    1.01e+2 1.01e+2 1.01e+2 1.01e+2 1.01e+2 1.01e+2 1.01e+2 1.01e+2 1.01e+2
    1.01e+2 1.01e+2 1.01e+2 1.01e+2 1.01e+2 1.01e+2 1.01e+2 1.01e+2 1.01e+2
    1.01e+2 1.01e+2 1.01e+2 1.01e+2 1.01e+2 1.01e+2 1.01e+2 1.01e+2 1.01e+2
    1.01e+2 1.01e+2 1.01e+2 1.01e+2 1.01e+2 1.01e+2 1.01e+2 1.01e+2 1.01e+2
    1.01e+2 1.01e+2 1.01e+2 1.01e+2 1.01e+2 1.01e+2 1.01e+2 1.01e+2 1.01e+2
    1.01e+2 1.01e+2 1.01e+2 1.01e+2 1.01e+2 1.01e+2 1.01e+2 1.01e+2 1.01e+2
    1.01e+2 1.01e+2 1.01e+2 1.01e+2 1.01e+2 1.01e+2 1.01e+2 1.01e+2 1.01e+2
    1.01e+2 1.01e+2 1.01e+2 1.01e+2 1.01e+2 1.01e+2 1.01e+2 1.01e+2 1.01e+2
    1.01e+2 1.01e+2 1.01e+2 1.01e+2 1.01e+2 1.01e+2 1.01e+2 1.01e+2 1.01e+2
    1.01e+2 1.01e+2 1.01e+2 1.01e+2 1.01e+2 1.01e+2 1.01e+2 1.01e+2 1.01e+2
    1.01e+2 1.01e+2 1.01e+2 1.01e+2 1.01e+2 1.01e+2 1.01e+2 1.01e+2 1.01e+2
    1.01e+2 1.01e+2 1.01e+2 1.01e+2 1.01e+2 1.01e+2 1.01e+2 1.01e+2 1.01e+2
    1.01e+2 1.01e+2 1.01e+2 1.01e+2 1.01e+2 1.01e+2 1.01e+2 1.01e+2 1.01e+2
    1.01e+2 1.01e+2 1.01e+2 1.01e+2 1.01e+2 1.01e+2 1.01e+2 1.01e+2 1.01e+2
    1.01e+2 1.01e+2 1.01e+2 1.01e+2 1.01e+2 1.01e+2 1.01e+2 1.01e+2 1.01e+2
    1.01e+2 1.01e+2 1.01e+2 1.01e+2 1.01e+2 1.01e+2 1.01e+2 1.01e+2 1.01e+2
    1.01e+2 1.01e+2 1.01e+2 1.01e+2 1.01e+2 1.01e+2 1.01e+2 1.01e+2 1.01e+2
    1.01e+2 1.01e+2 1.01e+2 1.01e+2 1.01e+2 1.01e+2 1.01e+2 1.01e+2 1.01e+2
    1.01e+2 1.01e+2 1.01e+2 1.01e+2 1.01e+2 1.01e+2 1.01e+2 1.01e+2 1.01e+2
    1.01e+2 1.01e+2 1.01e+2 1.01e+2 1.01e+2 1.01e+2 1.01e+2 1.01e+2 1.01e+2
    1.01e+2 1.01e+2 1.01e+2 1.01e+2 1.01e+2 1.01e+2 1.01e+2 1.01e+2 1.01e+2
    1.01e+2 1.01e+2 1.01e+2 1.01e+2 1.01e+2 1.01e+2 1.01e+2 1.01e+2 1.01e+2
    1.01e+2 1.01e+2 1.01e+2 1.01e+2 1.01e+2 1.01e+2 1.01e+2 1.01e+2 1.01e+2
    1.01e+2 1.01e+2 1.01e+2 1.01e+2 1.01e+2 1.01e+2 1.01e+2 1.01e+2 1.01e+2
    1.01e+2 1.01e+2 1.01e+2 1.01e+2 1.01e+2 1.01e+2 1.01e+2 1.01e+2 1.01e+2
    1.01e+2 1.01e+2 1.01e+2 1.01e+2 1.01e+2 1.01e+2 1.01e+2 1.01e+2 1.01e+2
    1.01e+2 1.01e+2 1.01e+2 1.01e+2 1.01e+2 1.01e+2 1.01e+2 1.01e+2 1.01e+2
    1.01e+2 1.01e+2 1.01e+2 1.01e+2 1.01e+2 1.01e+2 1.01e+2 1.01e+2 1.01e+2
    1.01e+2 1.01e+2 1.01e+2 1.01e+2 1.01e+2 1.01e+2 1.01e+2 1.01e+2 1.01e+2
    1.01e+2 1.01e+2 1.01e+2 1.01e+2 1.01e+2 1.01e+2 1.01e+2 1.01e+2 1.01e+2
    1.01e+2 1.01e+2 1.01e+2 1.01e+2 1.01e+2 1.01e+2 1.01e+2 1.01e+2 1.01e+2
    1.01e+2 1.01e+2 1.01e+2 1.01e+2 1.01e+2 1.01e+2 1.01e+2 1.01e+2 1.01e+2
    1.01e+2 1.01e+2 1.01e+2 1.01e+2 1.01e+2 1.01e+2 1.01e+2 1.01e+2 1.01e+2
    1.01e+2 1.01e+2 1.01e+2 1.01e+2 1.01e+2 1.01e+2 1.01e+2 1.01e+2 1.01e+2
    1.01e+2 1.01e+2 1.01e+2 1.01e+2 1.01e+2 1.01e+2 1.01e+2 1.01e+2 1.01e+2
    1.01e+2 1.01e+2 1.01e+2 1.01e+2 1.01e+2 1.01e+2 1.01e+2 1.01e+2 1.01e+2
    1.01e+2 1.01e+2 1.01e+2 1.01e+2 1.01e+2 1.01e+2 1.01e+2 1.01e+2 1.01e+2
    1.01e+2 1.01e+2 1.01e+2 1.01e+2 1.01e+2 1.01e+2 1.01e+2 1.01e+2 1.01e+2
    1.01e+2 1.01e+2 1.01e+2 1.01e+2 1.01e+2 1.01e+2 1.01e+2 1.01e+2 1.01e+2
    1.01e+2 1.01e+2 1.01e+2 1.01e+2 1.01e+2 1.01e+2 1.01e+2 1.01e+2 1.01e+2
    1.01e+2 1.01e+2 1.01e+2 1.01e+2 1.01e+2 1.01e+2 1.01e+2 1.01e+2 1.01e+2
    1.01e+2 1.01e+2 1.01e+2 1.01e+2 1.01e+2 1.01e+2 1.01e+2 1.01e+2 1.01e+2
    1.01e+2 1.01e+2 1.01e+2 1.01e+2 1.01e+2 1.01e+2 1.01e+2 1.01e+2 1.01e+2
    1.01e+2 1.01e+2 1.01e+2 1.01e+2 1.01e+2 1.01e+2 1.01e+2 1.01e+2 1.01e+2
    1.01e+2 1.01e+2 1.01e+2 1.01e+2 1.01e+2 1.01e+2 1.01e+2 1.01e+2 1.01e+2
    1.01e+2 1.01e+2 1.01e+2 1.01e+2 1.01e+2 1.01e+2 1.01e+2 1.01e+2 1.01e+2
    1.01e+2 1.01e+2 1.01e+2 1.01e+2 1.01e+2 1.01e+2 1.01e+2 1.01e+2 1.01e+2
    1.01e+2 1.01e+2 1.01e+2 1.01e+2 1.01e+2 1.01e+2 1.01e+2 1.01e+2 1.01e+2
    1.01e+2 1.01e+2 1.01e+2 1.01e+2 1.01e+2 1.01e+2 1.01e+2 1.01e+2 1.01e+2
    1.01e+2 1.01e+2 1.01e+2 1.01e+2 1.01e+2 1.01e+2 1.01e+2 1.01e+2 1.01e+2
    1.01e+2 1.01e+2 1.01e+2 1.01e+2 1.01e+2 1.01e+2 1.01e+2 1.01e+2 1.01e+2
    1.01e+2 1.01e+2 1.01e+2 1.01e+2 1.01e+2 1.01e+2 1.01e+2 1.01e+2 1.01e+2
    1.01e+2 1.01e+2 1.01e+2 1.01e+2 1.01e+2 1.01e+2 1.01e+2 1.01e+2 1.01e+2
    1.01e+2 1.01e+2 1.01e+2 1.01e+2 1.01e+2 1.01e+2 1.01e+2 1.01e+2 1.01e+2
    1.01e+2 1.01e+2 1.01e+2 1.01e+2 1.01e+2 1.01e+2 1.01e+2 1.01e+2 1.01e+2
    1.01e+2 1.01e+2 1.01e+2 1.01e+2 1.01e+2 1.01e+2 1.01e+2 1.01e+2 1.01e+2
    1.01e+2 1.01e+2 1.01e+2 1.01e+2 1.01e+2 1.01e+2 1.01e+2 1.01e+2 1.01e+2
    1.01e+2 1.01e+2 1.01e+2 1.01e+2 1.01e+2 1.01e+2 1.01e+2 1.01e+2 1.01e+2
    1.01e+2 1.01e+2 1.01e+2 1.01e+2 1.01e+2 1.01e+2 1.01e+2 1.01e+2 1.01e+2
    1.01e+2 1.01e+2 1.01e+2 1.0116666666666667e+2 1.012e+2 1.013e+2
    1.0133333333333333e+2 1.0140000000000001e+2 1.015e+2 1.015e+2 1.015e+2
    1.0159999999999999e+2 1.0166666666666667e+2 1.0171428571428571e+2 1.0175e+2
    1.018e+2 1.02e+2 1.02e+2 1.02e+2 1.02e+2 1.02e+2 1.02e+2 1.02e+2 1.02e+2
    1.02e+2 1.02e+2 1.02e+2 1.02e+2 1.02e+2 1.02e+2 1.02e+2 1.02e+2 1.02e+2
    1.02e+2 1.02e+2 1.02e+2 1.02e+2 1.02e+2 1.02e+2 1.02e+2 1.02e+2 1.02e+2
    1.02e+2 1.02e+2 1.02e+2 1.02e+2 1.02e+2 1.02e+2 1.02e+2 1.02e+2 1.02e+2
    1.02e+2 1.02e+2 1.02e+2 1.02e+2 1.02e+2 1.02e+2 1.02e+2 1.02e+2 1.02e+2
    1.02e+2 1.02e+2 1.02e+2 1.02e+2 1.02e+2 1.02e+2 1.02e+2 1.02e+2 1.02e+2
    1.02e+2 1.02e+2 1.02e+2 1.02e+2 1.02e+2 1.02e+2 1.02e+2 1.02e+2 1.02e+2
    1.02e+2 1.02e+2 1.02e+2 1.02e+2 1.02e+2 1.02e+2 1.02e+2 1.02e+2 1.02e+2
    1.02e+2 1.02e+2 1.02e+2 1.02e+2 1.02e+2 1.02e+2 1.02e+2 1.02e+2 1.02e+2
    1.02e+2 1.02e+2 1.02e+2 1.02e+2 1.02e+2 1.02e+2 1.02e+2 1.02e+2 1.02e+2
    1.02e+2 1.02e+2 1.02e+2 1.02e+2 1.02e+2 1.02e+2 1.02e+2 1.02e+2 1.02e+2
    1.02e+2 1.02e+2 1.02e+2 1.02e+2 1.02e+2 1.02e+2 1.02e+2 1.02e+2 1.02e+2
    1.02e+2 1.02e+2 1.02e+2 1.02e+2 1.02e+2 1.02e+2 1.02e+2 1.02e+2 1.02e+2
    1.02e+2 1.02e+2 1.02e+2 1.02e+2 1.02e+2 1.02e+2 1.02e+2 1.02e+2 1.02e+2
    1.02e+2 1.02e+2 1.02e+2 1.02e+2 1.02e+2 1.02e+2 1.02e+2 1.02e+2 1.02e+2
    1.02e+2 1.02e+2 1.02e+2 1.02e+2 1.02e+2 1.02e+2 1.02e+2 1.02e+2 1.02e+2
    1.02e+2 1.02e+2 1.02e+2 1.02e+2 1.02e+2 1.02e+2 1.02e+2 1.02e+2 1.02e+2
    1.02e+2 1.02e+2 1.02e+2 1.02e+2 1.02e+2 1.02e+2 1.02e+2 1.02e+2 1.02e+2
    1.02e+2 1.02e+2 1.02e+2 1.02e+2 1.02e+2 1.02e+2 1.02e+2 1.02e+2 1.02e+2
    1.02e+2 1.02e+2 1.02e+2 1.02e+2 1.02e+2 1.02e+2 1.02e+2 1.02e+2 1.02e+2
    1.02e+2 1.02e+2 1.02e+2 1.02e+2 1.02e+2 1.02e+2 1.02e+2 1.02e+2 1.02e+2
    1.02e+2 1.02e+2 1.02e+2 1.02e+2 1.02e+2 1.02e+2 1.02e+2 1.02e+2 1.02e+2
    1.02e+2 1.02e+2 1.02e+2 1.02e+2 1.02e+2 1.02e+2 1.02e+2 1.02e+2 1.02e+2
    1.02e+2 1.02e+2 1.02e+2 1.02e+2 1.02e+2 1.02e+2 1.02e+2 1.02e+2 1.02e+2
    1.02e+2 1.02e+2 1.02e+2 1.02e+2 1.02e+2 1.02e+2 1.02e+2 1.02e+2 1.02e+2
    1.02e+2 1.02e+2 1.02e+2 1.02e+2 1.02e+2 1.02e+2 1.02e+2 1.02e+2 1.02e+2
    1.02e+2 1.02e+2 1.02e+2 1.02e+2 1.02e+2 1.02e+2 1.02e+2 1.02e+2 1.02e+2
    1.02e+2 1.02e+2 1.02e+2 1.02e+2 1.02e+2 1.02e+2 1.02e+2 1.02e+2 1.02e+2
    1.02e+2 1.02e+2 1.02e+2 1.02e+2 1.02e+2 1.02e+2 1.02e+2 1.02e+2 1.02e+2
    1.02e+2 1.02e+2 1.02e+2 1.02e+2 1.02e+2 1.02e+2 1.02e+2 1.02e+2 1.02e+2
    1.02e+2 1.02e+2 1.02e+2 1.02e+2 1.02e+2 1.02e+2 1.02e+2 1.02e+2 1.02e+2
    1.02e+2 1.02e+2 1.02e+2 1.02e+2 1.02e+2 1.02e+2 1.02e+2 1.02e+2 1.02e+2
    1.02e+2 1.02e+2 1.02e+2 1.02e+2 1.02e+2 1.02e+2 1.02e+2 1.02e+2 1.02e+2
    1.02e+2 1.02e+2 1.02e+2 1.02e+2 1.02e+2 1.02e+2 1.02e+2 1.02e+2 1.02e+2
    1.02e+2 1.02e+2 1.02e+2 1.02e+2 1.02e+2 1.02e+2 1.02e+2 1.02e+2 1.02e+2
    1.02e+2 1.02e+2 1.02e+2 1.02e+2 1.02e+2 1.02e+2 1.02e+2 1.02e+2 1.02e+2
    1.02e+2 1.02e+2 1.02e+2 1.02e+2 1.02e+2 1.02e+2 1.02e+2 1.02e+2 1.02e+2
    1.02e+2 1.02e+2 1.02e+2 1.02e+2 1.02e+2 1.02e+2 1.02e+2 1.02e+2 1.02e+2
    1.02e+2 1.02e+2 1.02e+2 1.02e+2 1.02e+2 1.02e+2 1.02e+2 1.02e+2 1.02e+2
    1.02e+2 1.02e+2 1.02e+2 1.02e+2 1.02e+2 1.02e+2 1.02e+2 1.02e+2 1.02e+2
    1.02e+2 1.02e+2 1.02e+2 1.02e+2 1.02e+2 1.02e+2 1.02e+2 1.02e+2 1.02e+2
    1.02e+2 1.02e+2 1.02e+2 1.02e+2 1.02e+2 1.02e+2 1.02e+2 1.02e+2 1.02e+2
    1.02e+2 1.02e+2 1.02e+2 1.02e+2 1.02e+2 1.02e+2 1.02e+2 1.02e+2 1.02e+2
    1.02e+2 1.02e+2 1.02e+2 1.02e+2 1.02e+2 1.02e+2 1.02e+2 1.02e+2 1.02e+2
    1.02e+2 1.02e+2 1.02e+2 1.02e+2 1.02e+2 1.02e+2 1.02e+2 1.02e+2 1.02e+2
    1.02e+2 1.02e+2 1.02e+2 1.02e+2 1.02e+2 1.02e+2 1.02e+2 1.02e+2 1.02e+2
    1.02e+2 1.02e+2 1.02e+2 1.02e+2 1.02e+2 1.02e+2 1.02e+2 1.02e+2 1.02e+2
    1.02e+2 1.02e+2 1.02e+2 1.02e+2 1.02e+2 1.02e+2 1.02e+2 1.02e+2 1.02e+2
    1.02e+2 1.02e+2 1.02e+2 1.02e+2 1.02e+2 1.02e+2 1.02e+2 1.02e+2 1.02e+2
    1.02e+2 1.02e+2 1.02e+2 1.02e+2 1.02e+2 1.02e+2 1.02e+2 1.02e+2 1.02e+2
    1.02e+2 1.02e+2 1.02e+2 1.02e+2 1.02e+2 1.02e+2 1.02e+2 1.02e+2 1.02e+2
    1.02e+2 1.02e+2 1.02e+2 1.02e+2 1.02e+2 1.02e+2 1.02e+2 1.02e+2 1.02e+2
    1.02e+2 1.02e+2 1.02e+2 1.02e+2 1.02e+2 1.02e+2 1.02e+2 1.02e+2 1.02e+2
    1.02e+2 1.02e+2 1.02e+2 1.02e+2 1.02e+2 1.02e+2 1.02e+2 1.02e+2 1.02e+2
    1.02e+2 1.02e+2 1.02e+2 1.02e+2 1.02e+2 1.02e+2 1.02e+2 1.02e+2 1.02e+2
    1.02e+2 1.02e+2 1.02e+2 1.02e+2 1.02e+2 1.02e+2 1.02e+2 1.02e+2 1.02e+2
    1.02e+2 1.02e+2 1.02e+2 1.02e+2 1.02e+2 1.02e+2 1.02e+2 1.02e+2 1.02e+2
    1.02e+2 1.02e+2 1.02e+2 1.02e+2 1.02e+2 1.02e+2 1.02e+2 1.02e+2 1.02e+2
    1.02e+2 1.02e+2 1.02e+2 1.02e+2 1.02e+2 1.02e+2 1.02e+2 1.02e+2 1.02e+2
    1.02e+2 1.02e+2 1.02e+2 1.02e+2 1.02e+2 1.02e+2 1.02e+2 1.02e+2 1.02e+2
    1.02e+2 1.02e+2 1.02e+2 1.02e+2 1.02e+2 1.02e+2 1.02e+2 1.02e+2 1.02e+2
    1.02e+2 1.02e+2 1.0209090909090909e+2 1.022e+2 1.022e+2 1.0225e+2
    1.0233333333333333e+2 1.02375e+2 1.0240000000000001e+2 1.025e+2 1.025e+2
    1.025e+2 1.0259999999999999e+2 1.0266666666666667e+2 1.0275e+2 1.028e+2
    1.03e+2 1.03e+2 1.03e+2 1.03e+2 1.03e+2 1.03e+2 1.03e+2 1.03e+2 1.03e+2
    1.0314285714285714e+2 1.0333333333333333e+2 1.0333333333333333e+2
    1.0340000000000001e+2 1.0344444444444444e+2 1.035e+2 1.035e+2
    1.0359999999999999e+2 1.0359999999999999e+2 1.0359999999999999e+2
    1.0366666666666667e+2 1.0371428571428571e+2 1.038e+2 1.0392307692307692e+2
    1.04e+2 1.04e+2 1.04e+2 1.04e+2 1.04e+2 1.04e+2 1.04e+2 1.04e+2 1.04e+2
    1.04e+2 1.04e+2 1.04e+2 1.04e+2 1.04e+2 1.04125e+2 1.0416666666666667e+2
    1.042e+2 1.0425e+2 1.0425e+2 1.0433333333333333e+2 1.0433333333333333e+2
    1.0433333333333333e+2 1.0440000000000001e+2 1.0444444444444444e+2 1.045e+2
    1.045e+2 1.045e+2 1.0457142857142857e+2 1.0466666666666667e+2 1.0475e+2
    1.0475e+2 1.048e+2 1.05e+2 1.05e+2 1.05e+2 1.05e+2 1.05e+2 1.05e+2 1.05e+2
    1.05e+2 1.0508333333333333e+2 1.052e+2 1.0533333333333333e+2
    1.0540000000000001e+2 1.0542857142857143e+2 1.055e+2 1.055e+2 1.055e+2
    1.055e+2 1.0559999999999999e+2 1.0566666666666667e+2 1.0566666666666667e+2
    1.0566666666666667e+2 1.058e+2 1.05875e+2 1.06e+2 1.06e+2 1.06e+2 1.06e+2
    1.06e+2 1.06e+2 1.06e+2 1.06e+2 1.06e+2 1.06e+2 1.06e+2 1.06e+2 1.06e+2
    1.06e+2 1.06e+2 1.06e+2 1.0608333333333333e+2 1.0616666666666667e+2
    1.0625e+2 1.0625e+2 1.0625e+2 1.0627272727272727e+2 1.063e+2
    1.0633333333333333e+2 1.0633333333333333e+2 1.0633333333333333e+2
    1.0633333333333333e+2 1.0633333333333333e+2 1.0640000000000001e+2 1.065e+2
    1.065e+2 1.065e+2 1.065e+2 1.065e+2 1.065e+2 1.065e+2 1.065e+2 1.065e+2
    1.0657142857142857e+2 1.0659999999999999e+2 1.0666666666666667e+2
    1.0666666666666667e+2 1.0675e+2 1.068e+2 1.07e+2 1.07e+2 1.07e+2 1.07e+2
    1.07e+2 1.07e+2 1.07e+2 1.07e+2 1.07e+2 1.07e+2 1.07e+2 1.07e+2 1.07e+2
    1.0713333333333334e+2 1.0716666666666667e+2 1.0716666666666667e+2 1.0725e+2
    1.0740000000000001e+2 1.0744444444444444e+2 1.075e+2 1.075e+2 1.075e+2
    1.0755555555555556e+2 1.0757142857142857e+2 1.0766666666666667e+2
    1.0766666666666667e+2 1.0766666666666667e+2 1.0775e+2 1.0775e+2 1.0775e+2
    1.078e+2 1.0785714285714286e+2 1.0785714285714286e+2 1.08e+2 1.08e+2
    1.08e+2 1.08e+2 1.08e+2 1.08e+2 1.08e+2 1.08e+2 1.0816666666666667e+2
    1.0825e+2 1.0833333333333333e+2 1.0833333333333333e+2 1.0833333333333333e+2
    1.0833333333333333e+2 1.0833333333333333e+2 1.0840000000000001e+2 1.085e+2
    1.0859999999999999e+2 1.08625e+2 1.0866666666666667e+2
    1.0866666666666667e+2 1.0866666666666667e+2 1.0875e+2 1.0875e+2 1.0875e+2
    1.0883333333333333e+2 1.0888888888888889e+2 1.09e+2 1.09e+2 1.09e+2 1.09e+2
    1.09e+2 1.09e+2 1.0909090909090909e+2 1.0916666666666667e+2 1.092e+2
    1.0925e+2 1.0933333333333333e+2 1.0933333333333333e+2 1.0940000000000001e+2
    1.095e+2 1.095e+2 1.095e+2 1.095e+2 1.095e+2 1.095e+2 1.0966666666666667e+2
    1.0975e+2 1.0983333333333333e+2 1.0991666666666667e+2 1.1e+2 1.1e+2 1.1e+2
    1.1e+2 1.1e+2 1.1e+2 1.1e+2 1.1e+2 1.1e+2 1.1e+2 1.103125e+2
    1.1033333333333333e+2 1.1033333333333333e+2 1.1033333333333333e+2
    1.1033333333333333e+2 1.1040000000000001e+2 1.1040000000000001e+2
    1.1042857142857143e+2 1.105e+2 1.105e+2 1.105e+2 1.1059999999999999e+2
    1.1059999999999999e+2 1.1066666666666667e+2 1.1066666666666667e+2 1.1075e+2
    1.1075e+2 1.1083333333333333e+2 1.1085714285714286e+2 1.11e+2 1.11e+2
    1.11e+2 1.11e+2 1.11e+2 1.11e+2 1.11e+2 1.11e+2 1.11e+2 1.11e+2 1.11e+2
    1.11e+2 1.11e+2 1.11e+2 1.11e+2 1.11e+2 1.11e+2 1.11125e+2 1.112e+2
    1.1128571428571429e+2 1.1133333333333333e+2 1.1140000000000001e+2 1.115e+2
    1.115e+2 1.115e+2 1.115e+2 1.1159999999999999e+2 1.1159999999999999e+2
    1.11625e+2 1.1175e+2 1.11875e+2 1.12e+2 1.12e+2 1.12e+2 1.12e+2 1.12e+2
    1.12e+2 1.12e+2 1.12e+2 1.12e+2 1.12e+2 1.12e+2 1.12e+2 1.12e+2 1.12e+2
    1.1216666666666667e+2 1.122e+2 1.1225e+2 1.1233333333333333e+2
    1.1233333333333333e+2 1.1242857142857143e+2 1.1242857142857143e+2 1.125e+2
    1.1259999999999999e+2 1.1266666666666667e+2 1.1271428571428571e+2 1.1275e+2
    1.1275e+2 1.1275e+2 1.128e+2 1.128e+2 1.1285714285714286e+2 1.13e+2 1.13e+2
    1.13e+2 1.13e+2 1.13e+2 1.13e+2 1.13e+2 1.13e+2 1.13e+2
    1.1314285714285714e+2 1.1314285714285714e+2 1.1325e+2 1.1325e+2
    1.1333333333333333e+2 1.135e+2 1.135e+2 1.135e+2 1.135e+2 1.135e+2
    1.1357142857142857e+2 1.1357142857142857e+2 1.1359999999999999e+2
    1.1366666666666667e+2 1.1375e+2 1.138e+2 1.1383333333333333e+2 1.139375e+2
    1.14e+2 1.14e+2 1.14e+2 1.14e+2 1.14e+2 1.14e+2 1.14e+2 1.14e+2 1.14e+2
    1.14e+2 1.14e+2 1.14e+2 1.14e+2 1.1409999999999999e+2 1.142e+2
    1.1433333333333333e+2 1.1440000000000001e+2 1.1440000000000001e+2 1.145e+2
    1.145e+2 1.145e+2 1.145e+2 1.1459999999999999e+2 1.1466666666666667e+2
    1.1466666666666667e+2 1.147e+2 1.1475e+2 1.148e+2 1.148e+2
    1.1483333333333333e+2 1.15e+2 1.15e+2 1.15e+2 1.15e+2 1.15e+2 1.15e+2
    1.15e+2 1.15e+2 1.15e+2 1.15e+2 1.15e+2 1.1516666666666667e+2 1.152e+2
    1.1528571428571429e+2 1.1533333333333333e+2 1.1540000000000001e+2
    1.1540000000000001e+2 1.155e+2 1.155e+2 1.155e+2 1.155e+2
    1.1557142857142857e+2 1.1557142857142857e+2 1.1559999999999999e+2
    1.15625e+2 1.1566666666666667e+2 1.1566666666666667e+2 1.1575e+2 1.16e+2
    1.16e+2 1.16e+2 1.16e+2 1.16e+2 1.16e+2 1.16e+2 1.16e+2 1.16e+2
    1.1616666666666667e+2 1.162e+2 1.1625e+2 1.1633333333333333e+2
    1.1642857142857143e+2 1.165e+2 1.165e+2 1.1659999999999999e+2
    1.1666666666666667e+2 1.1666666666666667e+2 1.1671428571428571e+2 1.168e+2
    1.1685714285714286e+2 1.17e+2 1.17e+2 1.17e+2 1.17e+2 1.17e+2 1.17e+2
    1.17e+2 1.17e+2 1.1709999999999999e+2 1.172e+2 1.172e+2 1.1725e+2 1.1725e+2
    1.1740000000000001e+2 1.1740000000000001e+2 1.175e+2 1.1759999999999999e+2
    1.1759999999999999e+2 1.1766666666666667e+2 1.1766666666666667e+2 1.178e+2
    1.1783333333333333e+2 1.18e+2 1.18e+2 1.18e+2 1.18e+2 1.18e+2 1.18e+2
    1.18e+2 1.18e+2 1.18e+2 1.1805263157894737e+2 1.182e+2 1.1825e+2
    1.1833333333333333e+2 1.1833333333333333e+2 1.1840000000000001e+2 1.185e+2
    1.185e+2 1.185e+2 1.185e+2 1.1859999999999999e+2 1.1866666666666667e+2
    1.1866666666666667e+2 1.1877777777777777e+2 1.19e+2 1.19e+2 1.19e+2
    1.1909999999999999e+2 1.192e+2 1.1925e+2 1.1933333333333333e+2
    1.1933333333333333e+2 1.1940000000000001e+2 1.1940000000000001e+2
    1.1942857142857143e+2 1.1944444444444444e+2 1.195e+2 1.195e+2 1.195e+2
    1.195e+2 1.1959999999999999e+2 1.1966666666666667e+2 1.1971428571428571e+2
    1.198e+2 1.1983333333333333e+2 1.2e+2 1.2e+2 1.2e+2 1.2e+2 1.2e+2 1.2e+2
    1.2e+2 1.2e+2 1.2e+2 1.2028571428571429e+2 1.2028571428571429e+2 1.205e+2
    1.205e+2 1.205e+2 1.205e+2 1.2057142857142857e+2 1.2066666666666667e+2
    1.2066666666666667e+2 1.2075e+2 1.2075e+2 1.2075e+2 1.208e+2 1.21e+2
    1.21e+2 1.21e+2 1.21e+2 1.21e+2 1.21e+2 1.21e+2 1.21e+2 1.21e+2 1.21e+2
    1.21e+2 1.21e+2 1.21e+2 1.212e+2 1.212e+2 1.2125e+2 1.2128571428571429e+2
    1.2140000000000001e+2 1.2140000000000001e+2 1.2142857142857143e+2
    1.2142857142857143e+2 1.215e+2 1.215e+2 1.2158333333333333e+2
    1.2159999999999999e+2 1.2159999999999999e+2 1.2166666666666667e+2 1.218e+2
    1.218e+2 1.21875e+2 1.22e+2 1.22e+2 1.22e+2 1.22e+2 1.22e+2 1.22e+2 1.22e+2
    1.22e+2 1.22e+2 1.22e+2 1.22e+2 1.22e+2 1.22e+2 1.22e+2 1.22e+2 1.22e+2
    1.2214285714285714e+2 1.2216666666666667e+2 1.222e+2 1.2225e+2
    1.2233333333333333e+2 1.2233333333333333e+2 1.2240000000000001e+2 1.225e+2
    1.2257142857142857e+2 1.2266666666666667e+2 1.2266666666666667e+2 1.227e+2
    1.228e+2 1.228e+2 1.2282352941176471e+2 1.23e+2 1.23e+2 1.23e+2 1.23e+2
    1.23e+2 1.23e+2 1.23e+2 1.23e+2 1.23e+2 1.23e+2 1.23e+2
    1.2314285714285714e+2 1.2325e+2 1.2333333333333333e+2 1.2340000000000001e+2
    1.235e+2 1.235e+2 1.235e+2 1.235e+2 1.235e+2 1.23625e+2
    1.2366666666666667e+2 1.2366666666666667e+2 1.2375e+2 1.2375e+2 1.238e+2
    1.2383333333333333e+2 1.23875e+2 1.24e+2 1.24e+2 1.24e+2 1.24e+2 1.24e+2
    1.24e+2 1.24e+2 1.24e+2 1.24e+2 1.24e+2 1.2416666666666667e+2 1.2425e+2
    1.2425e+2 1.2425e+2 1.2428571428571429e+2 1.24375e+2 1.2444444444444444e+2
    1.245e+2 1.245e+2 1.245e+2 1.24625e+2 1.2466666666666667e+2
    1.2466666666666667e+2 1.2475e+2 1.2475e+2 1.2477777777777777e+2 1.25e+2
    1.25e+2 1.25e+2 1.25e+2 1.25e+2 1.25e+2 1.25e+2 1.25e+2 1.25e+2 1.25e+2
    1.25e+2 1.25e+2 1.25e+2 1.25e+2 1.25e+2 1.25e+2 1.25e+2 1.250625e+2
    1.2514285714285714e+2 1.252e+2 1.2525e+2 1.2528571428571429e+2
    1.2533333333333333e+2 1.2533333333333333e+2 1.2533333333333333e+2
    1.2533333333333333e+2 1.255e+2 1.255e+2 1.2559999999999999e+2
    1.2566666666666667e+2 1.2577777777777777e+2 1.26e+2 1.26e+2 1.26e+2 1.26e+2
    1.26e+2 1.26e+2 1.26e+2 1.26e+2 1.26e+2 1.26e+2 1.26e+2 1.26e+2 1.26e+2
    1.26e+2 1.26e+2 1.26e+2 1.26e+2 1.26e+2 1.26e+2 1.26e+2 1.26e+2 1.26e+2
    1.26e+2 1.26e+2 1.262e+2 1.262e+2 1.2625e+2 1.2625e+2 1.2625e+2
    1.2633333333333333e+2 1.2640000000000001e+2 1.2640000000000001e+2
    1.2640000000000001e+2 1.265e+2 1.265e+2 1.2666666666666667e+2
    1.2666666666666667e+2 1.2666666666666667e+2 1.2666666666666667e+2 1.268e+2
    1.2684615384615384e+2 1.27e+2 1.27e+2 1.27e+2 1.27e+2 1.27e+2 1.27e+2
    1.27e+2 1.27e+2 1.27e+2 1.27e+2 1.27e+2 1.27e+2 1.27e+2 1.27e+2 1.27e+2
    1.27e+2 1.27e+2 1.27e+2 1.27e+2 1.27e+2 1.27e+2 1.27e+2
    1.2714285714285714e+2 1.2716666666666667e+2 1.272e+2 1.2733333333333333e+2
    1.2733333333333333e+2 1.2740000000000001e+2 1.2742857142857143e+2 1.275e+2
    1.2766666666666667e+2 1.2775e+2 1.278e+2 1.2783333333333333e+2 1.28e+2
    1.28e+2 1.28e+2 1.28e+2 1.28e+2 1.28e+2 1.28e+2 1.28e+2 1.28e+2 1.28e+2
    1.28e+2 1.28e+2 1.28e+2 1.28e+2 1.28e+2 1.28e+2 1.28e+2 1.28e+2 1.28e+2
    1.28e+2 1.2814285714285714e+2 1.2825e+2 1.2825e+2 1.2840000000000001e+2
    1.285e+2 1.285e+2 1.285e+2 1.285e+2 1.285e+2 1.285e+2 1.2859999999999999e+2
    1.2866666666666666e+2 1.2866666666666666e+2 1.2880000000000001e+2
    1.2883333333333334e+2 1.2885714285714286e+2 1.29e+2 1.29e+2 1.29e+2 1.29e+2
    1.29e+2 1.29e+2 1.29e+2 1.29e+2 1.29e+2 1.29e+2 1.29e+2 1.29e+2 1.29e+2
    1.29e+2 1.29e+2 1.29e+2 1.2914285714285714e+2 1.2925e+2 1.295e+2 1.295e+2
    1.2957142857142858e+2 1.2966666666666666e+2 1.2966666666666666e+2
    1.2966666666666666e+2 1.2975e+2 1.2975e+2 1.3e+2 1.3e+2 1.3e+2 1.3e+2
    1.3e+2 1.3e+2 1.3e+2 1.3e+2 1.3e+2 1.3e+2 1.3e+2 1.3e+2 1.3e+2 1.3e+2
    1.3e+2 1.3019999999999999e+2 1.3019999999999999e+2 1.3033333333333334e+2
    1.3033333333333334e+2 1.3040000000000001e+2 1.3040000000000001e+2
    1.3042857142857142e+2 1.305e+2 1.305e+2 1.305e+2 1.305e+2 1.305e+2 1.305e+2
    1.3066666666666666e+2 1.31e+2 1.31e+2 1.31e+2 1.31e+2 1.31e+2 1.31e+2
    1.31e+2 1.31e+2 1.31e+2 1.31e+2 1.31e+2 1.31e+2 1.31e+2 1.31e+2 1.31e+2
    1.31e+2 1.31e+2 1.31e+2 1.31e+2 1.3119999999999999e+2 1.3133333333333334e+2
    1.3133333333333334e+2 1.31375e+2 1.3140000000000001e+2 1.315e+2
    1.3166666666666666e+2 1.3175e+2 1.3183333333333334e+2 1.32e+2 1.32e+2
    1.32e+2 1.32e+2 1.32e+2 1.32e+2 1.32e+2 1.32e+2 1.32e+2 1.32e+2 1.32e+2
    1.3216666666666666e+2 1.3216666666666666e+2 1.3216666666666666e+2
    1.3233333333333334e+2 1.3233333333333334e+2 1.3233333333333334e+2
    1.3240000000000001e+2 1.325e+2 1.325e+2 1.325e+2 1.3258333333333334e+2
    1.3259999999999999e+2 1.3266666666666666e+2 1.3271428571428572e+2 1.3275e+2
    1.3275e+2 1.3283333333333334e+2 1.33e+2 1.33e+2 1.33e+2 1.33e+2 1.33e+2
    1.33e+2 1.33e+2 1.33e+2 1.33e+2 1.33e+2 1.33e+2 1.33e+2
    1.3316666666666666e+2 1.3319999999999999e+2 1.3333333333333334e+2
    1.3340000000000001e+2 1.335e+2 1.335e+2 1.335e+2 1.335e+2 1.335e+2 1.335e+2
    1.3357142857142858e+2 1.3366666666666666e+2 1.3366666666666666e+2 1.3375e+2
    1.3390000000000001e+2 1.3391666666666666e+2 1.34e+2 1.34e+2 1.34e+2 1.34e+2
    1.34e+2 1.34e+2 1.34e+2 1.34e+2 1.34e+2 1.34e+2 1.3408333333333334e+2
    1.3425e+2 1.3425e+2 1.3433333333333334e+2 1.3440000000000001e+2
    1.3440000000000001e+2 1.3442857142857142e+2 1.345e+2 1.345e+2 1.345e+2
    1.3459999999999999e+2 1.34625e+2 1.3466666666666666e+2
    1.3466666666666666e+2 1.3480000000000001e+2 1.3491666666666666e+2 1.35e+2
    1.35e+2 1.35e+2 1.35e+2 1.35e+2 1.35e+2 1.35e+2 1.35e+2 1.35e+2 1.35e+2
    1.35e+2 1.35e+2 1.35e+2 1.35e+2 1.3516666666666666e+2 1.3519999999999999e+2
    1.3525e+2 1.3533333333333334e+2 1.3547368421052633e+2 1.355e+2
    1.3559999999999999e+2 1.3559999999999999e+2 1.3566666666666666e+2
    1.3566666666666666e+2 1.3566666666666666e+2 1.3575e+2 1.3580000000000001e+2
    1.36e+2 1.36e+2 1.36e+2 1.36e+2 1.36e+2 1.36e+2 1.36e+2 1.36e+2 1.36e+2
    1.36e+2 1.36e+2 1.36e+2 1.36e+2 1.36e+2 1.36e+2 1.3608333333333334e+2
    1.3633333333333334e+2 1.3633333333333334e+2 1.365e+2 1.365e+2 1.365e+2
    1.3659999999999999e+2 1.3666666666666666e+2 1.3666666666666666e+2
    1.3666666666666666e+2 1.3675e+2 1.3675e+2 1.3675e+2 1.36875e+2 1.37e+2
    1.37e+2 1.37e+2 1.37e+2 1.37e+2 1.37e+2 1.37e+2 1.37e+2 1.37e+2 1.37e+2
    1.37e+2 1.37e+2 1.37e+2 1.37e+2 1.37e+2 1.37e+2 1.37e+2 1.37e+2 1.37e+2
    1.37e+2 1.37e+2 1.3725e+2 1.3733333333333334e+2 1.3740000000000001e+2
    1.375e+2 1.375e+2 1.375e+2 1.375e+2 1.375e+2 1.375e+2 1.375e+2 1.375e+2
    1.375e+2 1.375e+2 1.375e+2 1.375e+2 1.375e+2 1.375e+2 1.3759999999999999e+2
    1.3766666666666666e+2 1.3766666666666666e+2 1.3769999999999999e+2 1.3775e+2
    1.3775e+2 1.3777777777777777e+2 1.38e+2 1.38e+2 1.38e+2 1.38e+2 1.38e+2
    1.38e+2 1.38e+2 1.38e+2 1.38e+2 1.38e+2 1.38e+2 1.38e+2 1.38e+2 1.38e+2
    1.38e+2 1.38e+2 1.38e+2 1.3819999999999999e+2 1.3825e+2 1.3825e+2
    1.3833333333333334e+2 1.3840000000000001e+2 1.385e+2 1.385e+2 1.385e+2
    1.385e+2 1.385e+2 1.385e+2 1.3859999999999999e+2 1.3866666666666666e+2
    1.3866666666666666e+2 1.3866666666666666e+2 1.3866666666666666e+2
    1.3869999999999999e+2 1.3871428571428572e+2 1.3875e+2 1.3875e+2 1.3875e+2
    1.3880000000000001e+2 1.3880000000000001e+2 1.3880000000000001e+2
    1.3890000000000001e+2 1.39e+2 1.39e+2 1.39e+2 1.39e+2 1.39e+2 1.39e+2
    1.39e+2 1.39e+2 1.39e+2 1.39e+2 1.39e+2 1.39e+2 1.39e+2 1.39e+2
    1.3908333333333334e+2 1.39125e+2 1.3916666666666666e+2
    1.3916666666666666e+2 1.3925e+2 1.3925e+2 1.3933333333333334e+2
    1.3933333333333334e+2 1.395e+2 1.395e+2 1.395e+2 1.395e+2 1.395e+2
    1.3966666666666666e+2 1.3966666666666666e+2 1.3966666666666666e+2
    1.3966666666666666e+2 1.3975e+2 1.3980000000000001e+2 1.3980000000000001e+2
    1.3983333333333334e+2 1.4e+2 1.4e+2 1.4e+2 1.4e+2 1.4e+2 1.4e+2 1.4e+2
    1.4e+2 1.4e+2 1.4e+2 1.4e+2 1.4e+2 1.4e+2 1.4e+2 1.4e+2 1.4e+2 1.4e+2
    1.4e+2 1.4e+2 1.4014285714285714e+2 1.4016666666666666e+2
    1.4019999999999999e+2 1.4019999999999999e+2 1.4025e+2 1.4025e+2
    1.4033333333333334e+2 1.4033333333333334e+2 1.4033333333333334e+2
    1.4033333333333334e+2 1.4040000000000001e+2 1.4040000000000001e+2 1.405e+2
    1.405e+2 1.405e+2 1.405e+2 1.405e+2 1.4057142857142858e+2
    1.4059999999999999e+2 1.4059999999999999e+2 1.40625e+2
    1.4066666666666666e+2 1.4066666666666666e+2 1.4075e+2 1.4075e+2
    1.4083333333333334e+2 1.41e+2 1.41e+2 1.41e+2 1.41e+2 1.41e+2 1.41e+2
    1.41e+2 1.41e+2 1.41e+2 1.4116666666666666e+2 1.4125e+2
    1.4133333333333334e+2 1.4140000000000001e+2 1.4140000000000001e+2
    1.4140000000000001e+2 1.415e+2 1.415e+2 1.415e+2 1.4159999999999999e+2
    1.41625e+2 1.4166666666666666e+2 1.4175e+2 1.42e+2 1.42e+2 1.42e+2 1.42e+2
    1.42e+2 1.42e+2 1.42e+2 1.42e+2 1.42e+2 1.42e+2 1.42e+2 1.42e+2 1.42e+2
    1.42e+2 1.42e+2 1.42e+2 1.4211111111111111e+2 1.4214285714285714e+2
    1.4225e+2 1.4225e+2 1.4233333333333334e+2 1.42375e+2 1.4240000000000001e+2
    1.425e+2 1.425e+2 1.425e+2 1.425e+2 1.425e+2 1.4259999999999999e+2
    1.4266666666666666e+2 1.4266666666666666e+2 1.4266666666666666e+2 1.4275e+2
    1.4275e+2 1.4275e+2 1.4277777777777777e+2 1.4283333333333334e+2
    1.4283333333333334e+2 1.43e+2 1.43e+2 1.43e+2 1.43e+2 1.43e+2 1.43e+2
    1.43e+2 1.43e+2 1.43e+2 1.43e+2 1.43e+2 1.43e+2 1.43e+2 1.43e+2 1.43e+2
    1.43e+2 1.43e+2 1.43e+2 1.4319999999999999e+2 1.4319999999999999e+2
    1.4330000000000001e+2 1.4333333333333334e+2 1.4333333333333334e+2
    1.4333333333333334e+2 1.4333333333333334e+2 1.43375e+2
    1.4340000000000001e+2 1.435e+2 1.435e+2 1.435e+2 1.435e+2 1.435e+2
    1.4357142857142858e+2 1.43625e+2 1.4366666666666666e+2
    1.4366666666666666e+2 1.4366666666666666e+2 1.4366666666666666e+2
    1.4369999999999999e+2 1.4375e+2 1.4375e+2 1.4375e+2 1.4380000000000001e+2
    1.4380000000000001e+2 1.4383333333333334e+2 1.44e+2 1.44e+2 1.44e+2 1.44e+2
    1.44e+2 1.44e+2 1.44e+2 1.44e+2 1.44e+2 1.44e+2 1.44e+2 1.44e+2 1.44e+2
    1.44e+2 1.4411764705882354e+2 1.4414285714285714e+2 1.4416666666666666e+2
    1.441875e+2 1.4419999999999999e+2 1.4419999999999999e+2
    1.4419999999999999e+2 1.4425e+2 1.4428571428571428e+2 1.4433333333333334e+2
    1.4433333333333334e+2 1.4433333333333334e+2 1.44375e+2
    1.4440000000000001e+2 1.4440000000000001e+2 1.445e+2 1.445e+2 1.445e+2
    1.4459999999999999e+2 1.4466666666666666e+2 1.4466666666666666e+2
    1.4471428571428572e+2 1.4471428571428572e+2 1.4475e+2 1.4475e+2 1.4475e+2
    1.4480000000000001e+2 1.4480000000000001e+2 1.4480000000000001e+2 1.45e+2
    1.45e+2 1.45e+2 1.45e+2 1.45e+2 1.45e+2 1.45e+2 1.45e+2 1.45e+2
    1.4509999999999999e+2 1.4519999999999999e+2 1.4525e+2 1.4525e+2
    1.4528571428571428e+2 1.4533333333333334e+2 1.4533333333333334e+2
    1.4540000000000001e+2 1.4542857142857142e+2 1.4542857142857142e+2 1.455e+2
    1.455e+2 1.455e+2 1.455e+2 1.4559999999999999e+2 1.4566666666666666e+2
    1.4566666666666666e+2 1.4566666666666666e+2 1.4571428571428572e+2 1.4575e+2
    1.4575e+2 1.45875e+2 1.46e+2 1.46e+2 1.46e+2 1.46e+2 1.46e+2 1.46e+2
    1.46e+2 1.46e+2 1.46e+2 1.46e+2 1.46e+2 1.46e+2 1.46e+2 1.46e+2
    1.4606666666666666e+2 1.46125e+2 1.4616666666666666e+2
    1.4616666666666666e+2 1.4619999999999999e+2 1.4619999999999999e+2
    1.4633333333333334e+2 1.4633333333333334e+2 1.4633333333333334e+2
    1.4633333333333334e+2 1.4640000000000001e+2 1.465e+2 1.465e+2 1.465e+2
    1.465e+2 1.465e+2 1.465e+2 1.4657142857142858e+2 1.4666666666666666e+2
    1.4666666666666666e+2 1.4666666666666666e+2 1.4666666666666666e+2
    1.4680000000000001e+2 1.4683333333333334e+2 1.47e+2 1.47e+2 1.47e+2 1.47e+2
    1.47e+2 1.47e+2 1.47e+2 1.47e+2 1.47e+2 1.47e+2 1.47e+2 1.47e+2 1.47e+2
    1.47e+2 1.47e+2 1.4719999999999999e+2 1.4730000000000001e+2
    1.4733333333333334e+2 1.4733333333333334e+2 1.4740000000000001e+2
    1.4742857142857142e+2 1.475e+2 1.475e+2 1.475e+2 1.4757142857142858e+2
    1.4769999999999999e+2 1.4775e+2 1.4780000000000001e+2 1.4780000000000001e+2
    1.4783333333333334e+2 1.4785714285714286e+2 1.48e+2 1.48e+2 1.48e+2 1.48e+2
    1.48e+2 1.48e+2 1.48e+2 1.48e+2 1.48e+2 1.48e+2 1.48e+2 1.48e+2 1.48e+2
    1.48e+2 1.48e+2 1.4809999999999999e+2 1.4819999999999999e+2 1.4825e+2
    1.4833333333333334e+2 1.4833333333333334e+2 1.4833333333333334e+2
    1.4840000000000001e+2 1.4841176470588235e+2 1.485e+2 1.485e+2 1.485e+2
    1.4859999999999999e+2 1.4859999999999999e+2 1.4866666666666666e+2
    1.4866666666666666e+2 1.4866666666666666e+2 1.4866666666666666e+2
    1.4869999999999999e+2 1.4875e+2 1.4875e+2 1.4880000000000001e+2 1.49e+2
    1.49e+2 1.49e+2 1.49e+2 1.49e+2 1.49e+2 1.49e+2 1.49e+2 1.49e+2 1.49e+2
    1.49e+2 1.49e+2 1.49e+2 1.49e+2 1.49e+2 1.49e+2 1.49e+2 1.49e+2 1.49e+2
    1.49e+2 1.49e+2 1.4919999999999999e+2 1.4919999999999999e+2 1.4925e+2
    1.4925e+2 1.4925e+2 1.4928571428571428e+2 1.4928571428571428e+2
    1.4933333333333334e+2 1.4933333333333334e+2 1.4933333333333334e+2
    1.4933333333333334e+2 1.4933333333333334e+2 1.4933333333333334e+2
    1.4940000000000001e+2 1.495e+2 1.495e+2 1.495e+2 1.495e+2
    1.4959999999999999e+2 1.4959999999999999e+2 1.4959999999999999e+2
    1.4966666666666666e+2 1.4975e+2 1.4975e+2 1.4980000000000001e+2
    1.4980000000000001e+2 1.4983333333333334e+2 1.5e+2 1.5e+2 1.5e+2 1.5e+2
    1.5e+2 1.5e+2 1.5e+2 1.5e+2 1.5e+2 1.5e+2 1.5e+2 1.5e+2 1.5e+2 1.5e+2
    1.5e+2 1.5e+2 1.5e+2 1.5010526315789474e+2 1.5014285714285714e+2
    1.5016666666666666e+2 1.5025e+2 1.5025e+2 1.5025e+2 1.5033333333333334e+2
    1.5033333333333334e+2 1.5033333333333334e+2 1.5033333333333334e+2
    1.5033333333333334e+2 1.5033333333333334e+2 1.5040000000000001e+2
    1.5040000000000001e+2 1.505e+2 1.505e+2 1.505e+2 1.505e+2 1.505e+2 1.505e+2
    1.505e+2 1.5059999999999999e+2 1.5059999999999999e+2 1.5059999999999999e+2
    1.50625e+2 1.5075e+2 1.5078947368421052e+2 1.5085714285714286e+2 1.50875e+2
    1.51e+2 1.51e+2 1.51e+2 1.51e+2 1.51e+2 1.51e+2 1.51e+2 1.51e+2 1.51e+2
    1.51e+2 1.51e+2 1.51e+2 1.51e+2 1.51e+2 1.51e+2 1.51e+2
    1.5114285714285714e+2 1.5114285714285714e+2 1.5116666666666666e+2
    1.5128571428571428e+2 1.5130000000000001e+2 1.5133333333333334e+2
    1.5140000000000001e+2 1.5140000000000001e+2 1.5141666666666666e+2 1.515e+2
    1.515e+2 1.515e+2 1.515e+2 1.5159999999999999e+2 1.5159999999999999e+2
    1.5166666666666666e+2 1.5166666666666666e+2 1.5166666666666666e+2
    1.5166666666666666e+2 1.5171428571428572e+2 1.5175e+2 1.5175e+2
    1.5180000000000001e+2 1.5180000000000001e+2 1.5183333333333334e+2
    1.5190000000000001e+2 1.52e+2 1.52e+2 1.52e+2 1.52e+2 1.52e+2 1.52e+2
    1.52e+2 1.52e+2 1.52e+2 1.52e+2 1.5214285714285714e+2 1.5214285714285714e+2
    1.5216666666666666e+2 1.5225e+2 1.5225e+2 1.5228571428571428e+2
    1.5233333333333334e+2 1.5242857142857142e+2 1.5244444444444446e+2 1.525e+2
    1.525e+2 1.525e+2 1.525e+2 1.525e+2 1.525e+2 1.525e+2 1.5259999999999999e+2
    1.5259999999999999e+2 1.5259999999999999e+2 1.5266666666666666e+2
    1.5266666666666666e+2 1.5266666666666666e+2 1.5266666666666666e+2
    1.5271428571428572e+2 1.5275e+2 1.5275e+2 1.5275e+2 1.5275e+2
    1.5280000000000001e+2 1.528125e+2 1.53e+2 1.53e+2 1.53e+2 1.53e+2 1.53e+2
    1.53e+2 1.53e+2 1.53e+2 1.53e+2 1.53e+2 1.53e+2 1.53e+2
    1.5309999999999999e+2 1.5316666666666666e+2 1.5316666666666666e+2
    1.5319999999999999e+2 1.5319999999999999e+2 1.5319999999999999e+2 1.5325e+2
    1.5325e+2 1.5325e+2 1.5328571428571428e+2 1.5340000000000001e+2
    1.5340000000000001e+2 1.535e+2 1.535e+2 1.535e+2 1.535e+2
    1.5357142857142858e+2 1.5366666666666666e+2 1.5366666666666666e+2
    1.5366666666666666e+2 1.5366666666666666e+2 1.5366666666666666e+2 1.5375e+2
    1.5380000000000001e+2 1.5380000000000001e+2 1.5380000000000001e+2 1.54e+2
    1.54e+2 1.54e+2 1.54e+2 1.54e+2 1.54e+2 1.54e+2 1.54e+2 1.54e+2 1.54e+2
    1.54e+2 1.54e+2 1.5419999999999999e+2 1.5425e+2 1.5433333333333334e+2
    1.5433333333333334e+2 1.54375e+2 1.5440000000000001e+2
    1.5440000000000001e+2 1.545e+2 1.545e+2 1.5466666666666666e+2
    1.5466666666666666e+2 1.5466666666666666e+2 1.5475e+2 1.5480000000000001e+2
    1.5483333333333334e+2 1.5491666666666666e+2 1.55e+2 1.55e+2 1.55e+2 1.55e+2
    1.55e+2 1.55e+2 1.55e+2 1.55e+2 1.55e+2 1.55e+2 1.55e+2 1.55e+2 1.55e+2
    1.55e+2 1.55e+2 1.55e+2 1.55e+2 1.5508333333333334e+2 1.55125e+2
    1.5514285714285714e+2 1.5519999999999999e+2 1.5522222222222223e+2
    1.5522222222222223e+2 1.5525e+2 1.5533333333333334e+2 1.5533333333333334e+2
    1.5533333333333334e+2 1.5533333333333334e+2 1.55375e+2
    1.5540000000000001e+2 1.5542857142857142e+2 1.5542857142857142e+2 1.555e+2
    1.555e+2 1.555e+2 1.555e+2 1.555e+2 1.5559999999999999e+2
    1.5559999999999999e+2 1.5566666666666666e+2 1.5566666666666666e+2
    1.5566666666666666e+2 1.5569999999999999e+2 1.5575e+2 1.5583333333333334e+2
    1.5583333333333334e+2 1.5583333333333334e+2 1.5588235294117646e+2 1.56e+2
    1.56e+2 1.56e+2 1.56e+2 1.56e+2 1.56e+2 1.56e+2 1.56e+2 1.56e+2 1.56e+2
    1.56e+2 1.56e+2 1.56e+2 1.56e+2 1.5619999999999999e+2 1.5619999999999999e+2
    1.5625e+2 1.5625e+2 1.5625e+2 1.5625e+2 1.5633333333333334e+2 1.56375e+2
    1.56375e+2 1.5641666666666666e+2 1.565e+2 1.565e+2 1.565e+2 1.565e+2
    1.565e+2 1.5657142857142858e+2 1.5657142857142858e+2 1.5666666666666666e+2
    1.5666666666666666e+2 1.5669999999999999e+2 1.5669999999999999e+2 1.5675e+2
    1.5675e+2 1.5675e+2 1.5680000000000001e+2 1.5680000000000001e+2
    1.5680000000000001e+2 1.5683333333333334e+2 1.5683333333333334e+2
    1.5683333333333334e+2 1.57e+2 1.57e+2 1.57e+2 1.57e+2 1.57e+2 1.57e+2
    1.57e+2 1.57e+2 1.57e+2 1.5709999999999999e+2 1.57125e+2
    1.5716666666666666e+2 1.5716666666666666e+2 1.5725e+2 1.5730000000000001e+2
    1.5733333333333334e+2 1.5733333333333334e+2 1.5733333333333334e+2 1.575e+2
    1.575e+2 1.575e+2 1.575e+2 1.575e+2 1.575e+2 1.575e+2 1.5753333333333333e+2
    1.5759999999999999e+2 1.5759999999999999e+2 1.5766666666666666e+2
    1.5766666666666666e+2 1.5780000000000001e+2 1.5780000000000001e+2
    1.5780000000000001e+2 1.57875e+2 1.5793333333333334e+2 1.58e+2 1.58e+2
    1.58e+2 1.58e+2 1.58e+2 1.58e+2 1.58e+2 1.58e+2 1.58e+2 1.58e+2 1.58e+2
    1.58e+2 1.58e+2 1.58e+2 1.5806666666666666e+2 1.58125e+2
    1.5814285714285714e+2 1.5816666666666666e+2 1.5816666666666666e+2
    1.5822222222222223e+2 1.5822222222222223e+2 1.5825e+2 1.5828571428571428e+2
    1.5828571428571428e+2 1.5833333333333334e+2 1.5833333333333334e+2
    1.5840000000000001e+2 1.5840000000000001e+2 1.5840000000000001e+2
    1.5840000000000001e+2 1.5841666666666666e+2 1.585e+2 1.585e+2 1.585e+2
    1.585e+2 1.585e+2 1.585e+2 1.5859999999999999e+2 1.5859999999999999e+2
    1.5866666666666666e+2 1.5866666666666666e+2 1.5866666666666666e+2
    1.5866666666666666e+2 1.5866666666666666e+2 1.5866666666666666e+2 1.5875e+2
    1.5880000000000001e+2 1.5883333333333334e+2 1.5883333333333334e+2
    1.5883333333333334e+2 1.5885714285714286e+2 1.59e+2 1.59e+2 1.59e+2 1.59e+2
    1.59e+2 1.59e+2 1.59e+2 1.59e+2 1.59e+2 1.59e+2 1.59e+2 1.59e+2 1.59125e+2
    1.5914285714285714e+2 1.5919999999999999e+2 1.5919999999999999e+2
    1.5919999999999999e+2 1.5933333333333334e+2 1.5940000000000001e+2
    1.5946153846153845e+2 1.595e+2 1.595e+2 1.5966666666666666e+2 1.5975e+2
    1.5980000000000001e+2 1.5983333333333334e+2 1.5983333333333334e+2
    1.5983333333333334e+2 1.6e+2 1.6e+2 1.6e+2 1.6e+2 1.6e+2 1.6e+2 1.6e+2
    1.6e+2 1.6e+2 1.6e+2 1.6e+2 1.6e+2 1.6e+2 1.60125e+2 1.6016666666666666e+2
    1.6019999999999999e+2 1.6025e+2 1.6025e+2 1.6025e+2 1.6030000000000001e+2
    1.6033333333333334e+2 1.6033333333333334e+2 1.6040000000000001e+2 1.605e+2
    1.605e+2 1.605e+2 1.605e+2 1.605e+2 1.605e+2 1.6059999999999999e+2
    1.6066666666666666e+2 1.6066666666666666e+2 1.6071428571428572e+2 1.6075e+2
    1.6080000000000001e+2 1.61e+2 1.61e+2 1.61e+2 1.61e+2 1.61e+2 1.61e+2
    1.61e+2 1.61e+2 1.61e+2 1.61e+2 1.61e+2 1.6106666666666666e+2 1.61125e+2
    1.6119999999999999e+2 1.6125e+2 1.6125e+2 1.6130000000000001e+2
    1.6133333333333334e+2 1.6133333333333334e+2 1.6133333333333334e+2
    1.6140000000000001e+2 1.6142857142857142e+2 1.6142857142857142e+2
    1.6144444444444446e+2 1.615e+2 1.6152941176470588e+2 1.6157142857142858e+2
    1.6159999999999999e+2 1.6159999999999999e+2 1.6159999999999999e+2
    1.6159999999999999e+2 1.6166666666666666e+2 1.6166666666666666e+2
    1.6166666666666666e+2 1.6175e+2 1.6175e+2 1.6183333333333334e+2
    1.6183333333333334e+2 1.6183333333333334e+2 1.62e+2 1.62e+2 1.62e+2 1.62e+2
    1.62e+2 1.62e+2 1.62e+2 1.62e+2 1.62e+2 1.62e+2 1.62e+2 1.62e+2 1.62e+2
    1.62e+2 1.62e+2 1.62e+2 1.62e+2 1.62e+2 1.62e+2 1.6219999999999999e+2
    1.6219999999999999e+2 1.6225e+2 1.6225e+2 1.6228571428571428e+2
    1.6228571428571428e+2 1.6230000000000001e+2 1.6233333333333334e+2
    1.6233333333333334e+2 1.6233333333333334e+2 1.62375e+2 1.62375e+2
    1.62375e+2 1.6242857142857142e+2 1.625e+2 1.625e+2 1.625e+2 1.625e+2
    1.625e+2 1.6259999999999999e+2 1.6266666666666666e+2 1.6266666666666666e+2
    1.6266666666666666e+2 1.6266666666666666e+2 1.6266666666666666e+2 1.6275e+2
    1.6275e+2 1.6275e+2 1.6280000000000001e+2 1.6285714285714286e+2 1.63e+2
    1.63e+2 1.63e+2 1.63e+2 1.63e+2 1.63e+2 1.63e+2 1.63e+2 1.63e+2 1.63e+2
    1.63e+2 1.63e+2 1.6309090909090909e+2 1.63125e+2 1.6319999999999999e+2
    1.6325e+2 1.6333333333333334e+2 1.6333333333333334e+2 1.6340000000000001e+2
    1.6341666666666666e+2 1.635e+2 1.635e+2 1.635e+2 1.635e+2
    1.6357142857142858e+2 1.6358333333333334e+2 1.6366666666666666e+2
    1.6366666666666666e+2 1.6366666666666666e+2 1.6375e+2 1.6380000000000001e+2
    1.6383333333333334e+2 1.6383333333333334e+2 1.6390000000000001e+2 1.64e+2
    1.64e+2 1.64e+2 1.64e+2 1.64e+2 1.64e+2 1.64e+2 1.6408333333333334e+2
    1.6414285714285714e+2 1.6416666666666666e+2 1.6425e+2 1.6425e+2 1.6425e+2
    1.6433333333333334e+2 1.6433333333333334e+2 1.6440000000000001e+2
    1.6440000000000001e+2 1.645e+2 1.6459999999999999e+2 1.6459999999999999e+2
    1.6466666666666666e+2 1.6475e+2 1.6476923076923077e+2 1.6480000000000001e+2
    1.6484210526315789e+2 1.65e+2 1.65e+2 1.65e+2 1.65e+2 1.65e+2 1.65e+2
    1.65e+2 1.65e+2 1.6516666666666666e+2 1.6516666666666666e+2
    1.6519999999999999e+2 1.6522222222222223e+2 1.6525e+2 1.6528571428571428e+2
    1.6533333333333334e+2 1.6533333333333334e+2 1.6540000000000001e+2
    1.6540000000000001e+2 1.6541666666666666e+2 1.655e+2 1.655e+2 1.655e+2
    1.655e+2 1.655e+2 1.655e+2 1.6557142857142858e+2 1.6559999999999999e+2
    1.6559999999999999e+2 1.6559999999999999e+2 1.6559999999999999e+2
    1.6559999999999999e+2 1.6566666666666666e+2 1.6575e+2 1.6575e+2 1.6575e+2
    1.6580000000000001e+2 1.6590000000000001e+2 1.6593333333333334e+2 1.66e+2
    1.66e+2 1.66e+2 1.66e+2 1.66e+2 1.66e+2 1.66e+2 1.66e+2 1.66e+2 1.66e+2
    1.66e+2 1.66e+2 1.66e+2 1.66e+2 1.66e+2 1.6606666666666666e+2
    1.6616666666666666e+2 1.6616666666666666e+2 1.6616666666666666e+2 1.6625e+2
    1.6625e+2 1.6633333333333334e+2 1.6633333333333334e+2 1.665e+2 1.665e+2
    1.665e+2 1.665e+2 1.6657142857142858e+2 1.6659999999999999e+2
    1.6666666666666666e+2 1.6666666666666666e+2 1.6666666666666666e+2
    1.6671428571428572e+2 1.6675e+2 1.6680000000000001e+2 1.6680000000000001e+2
    1.6685714285714286e+2 1.6690000000000001e+2 1.67e+2 1.67e+2 1.67e+2 1.67e+2
    1.67e+2 1.67e+2 1.67e+2 1.67e+2 1.67e+2 1.67e+2 1.6708333333333334e+2
    1.6716666666666666e+2 1.6722222222222223e+2 1.6722222222222223e+2 1.6725e+2
    1.6725e+2 1.6725e+2 1.6740000000000001e+2 1.6744444444444446e+2 1.675e+2
    1.675e+2 1.675e+2 1.675e+2 1.6758333333333334e+2 1.6759999999999999e+2
    1.6766666666666666e+2 1.6766666666666666e+2 1.6766666666666666e+2
    1.6766666666666666e+2 1.6766666666666666e+2 1.6775e+2 1.6775e+2
    1.6780000000000001e+2 1.6780000000000001e+2 1.6780000000000001e+2
    1.6780000000000001e+2 1.6785714285714286e+2 1.6791666666666666e+2
    1.6793333333333334e+2 1.68e+2 1.68e+2 1.68e+2 1.68e+2 1.68e+2 1.68e+2
    1.68e+2 1.68e+2 1.68e+2 1.68e+2 1.68e+2 1.6814285714285714e+2
    1.6816666666666666e+2 1.6816666666666666e+2 1.6818181818181819e+2
    1.6819999999999999e+2 1.6822222222222223e+2 1.6825e+2 1.6825e+2 1.6825e+2
    1.6825e+2 1.6833333333333334e+2 1.6833333333333334e+2 1.6833333333333334e+2
    1.68375e+2 1.6840000000000001e+2 1.6840000000000001e+2
    1.6840000000000001e+2 1.685e+2 1.685e+2 1.685e+2 1.685e+2 1.685e+2
    1.6853333333333333e+2 1.6857142857142858e+2 1.6859999999999999e+2
    1.6859999999999999e+2 1.6859999999999999e+2 1.6866666666666666e+2
    1.6866666666666666e+2 1.6875e+2 1.6875e+2 1.6880000000000001e+2
    1.6880000000000001e+2 1.6894117647058823e+2 1.69e+2 1.69e+2 1.69e+2 1.69e+2
    1.69e+2 1.69e+2 1.69e+2 1.69e+2 1.69e+2 1.69e+2 1.69e+2 1.69e+2 1.69e+2
    1.69e+2 1.69e+2 1.6909999999999999e+2 1.6911111111111111e+2
    1.6919999999999999e+2 1.6922222222222223e+2 1.6925e+2 1.6925e+2
    1.6933333333333334e+2 1.6940000000000001e+2 1.695e+2 1.695e+2 1.695e+2
    1.695e+2 1.6959999999999999e+2 1.6959999999999999e+2 1.6966666666666666e+2
    1.6966666666666666e+2 1.6969999999999999e+2 1.6971428571428572e+2 1.6975e+2
    1.6975e+2 1.6985714285714286e+2 1.6990000000000001e+2 1.7e+2 1.7e+2 1.7e+2
    1.7e+2 1.7e+2 1.7e+2 1.7e+2 1.7e+2 1.7e+2 1.7e+2 1.7e+2 1.7e+2 1.7e+2
    1.7e+2 1.7016666666666666e+2 1.7019999999999999e+2 1.7019999999999999e+2
    1.7030000000000001e+2 1.7033333333333334e+2 1.7040000000000001e+2
    1.7042857142857142e+2 1.7042857142857142e+2 1.7042857142857142e+2 1.705e+2
    1.705e+2 1.705e+2 1.705e+2 1.7059999999999999e+2 1.7066666666666666e+2
    1.7066666666666666e+2 1.7066666666666666e+2 1.7066666666666666e+2
    1.7071428571428572e+2 1.7075e+2 1.7086666666666667e+2 1.7088888888888889e+2
    1.709375e+2 1.71e+2 1.71e+2 1.71e+2 1.71e+2 1.71e+2 1.71e+2 1.71e+2 1.71e+2
    1.71e+2 1.7114285714285714e+2 1.7123076923076923e+2 1.7125e+2
    1.7133333333333334e+2 1.7133333333333334e+2 1.7133333333333334e+2
    1.7133333333333334e+2 1.71375e+2 1.7140000000000001e+2 1.715e+2
    1.7166666666666666e+2 1.7166666666666666e+2 1.7166666666666666e+2
    1.7166666666666666e+2 1.7166666666666666e+2 1.7166666666666666e+2 1.7175e+2
    1.7175e+2 1.7175e+2 1.7180000000000001e+2 1.7183333333333334e+2
    1.7183333333333334e+2 1.71875e+2 1.7194117647058823e+2 1.72e+2 1.72e+2
    1.72e+2 1.72e+2 1.72e+2 1.72e+2 1.72e+2 1.72e+2 1.72e+2 1.72e+2 1.72e+2
    1.72e+2 1.72e+2 1.7213333333333333e+2 1.7215789473684211e+2
    1.7216666666666666e+2 1.721764705882353e+2 1.7225e+2 1.7233333333333334e+2
    1.7233333333333334e+2 1.7244444444444446e+2 1.725e+2 1.725e+2 1.725e+2
    1.725e+2 1.7259999999999999e+2 1.7266666666666666e+2 1.7266666666666666e+2
    1.7271428571428572e+2 1.7275e+2 1.7280000000000001e+2 1.7280000000000001e+2
    1.7280000000000001e+2 1.7280000000000001e+2 1.7285714285714286e+2
    1.72875e+2 1.73e+2 1.73e+2 1.73e+2 1.73e+2 1.73e+2 1.73e+2 1.73e+2 1.73e+2
    1.73e+2 1.73e+2 1.73e+2 1.73e+2 1.73e+2 1.73e+2 1.73e+2 1.73e+2
    1.7308333333333334e+2 1.7319999999999999e+2 1.7323529411764707e+2 1.7325e+2
    1.7333333333333334e+2 1.7333333333333334e+2 1.7340000000000001e+2
    1.7340000000000001e+2 1.735e+2 1.735e+2 1.735e+2 1.7359999999999999e+2
    1.7366666666666666e+2 1.7366666666666666e+2 1.738235294117647e+2 1.73875e+2
    1.7390000000000001e+2 1.74e+2 1.74e+2 1.74e+2 1.74e+2 1.74e+2 1.74e+2
    1.74e+2 1.74e+2 1.74e+2 1.74e+2 1.74e+2 1.74e+2 1.74e+2 1.74e+2 1.74e+2
    1.74e+2 1.7416666666666666e+2 1.7416666666666666e+2 1.7422222222222223e+2
    1.7425e+2 1.7426666666666668e+2 1.7430000000000001e+2 1.7430000000000001e+2
    1.7433333333333334e+2 1.7433333333333334e+2 1.7440000000000001e+2
    1.7442857142857142e+2 1.745e+2 1.745e+2 1.745e+2 1.745e+2 1.745e+2
    1.7459999999999999e+2 1.7459999999999999e+2 1.74625e+2
    1.7466666666666666e+2 1.7466666666666666e+2 1.7466666666666666e+2
    1.7480000000000001e+2 1.7480000000000001e+2 1.7483333333333334e+2 1.75e+2
    1.75e+2 1.75e+2 1.75e+2 1.75e+2 1.75e+2 1.75e+2 1.75e+2 1.75e+2
    1.7514285714285714e+2 1.7519999999999999e+2 1.7525e+2 1.7528571428571428e+2
    1.7528571428571428e+2 1.7528571428571428e+2 1.7533333333333334e+2
    1.7533333333333334e+2 1.7533333333333334e+2 1.7540000000000001e+2
    1.7541176470588235e+2 1.755e+2 1.755e+2 1.755e+2 1.755e+2 1.755e+2
    1.7558333333333334e+2 1.7559999999999999e+2 1.75625e+2
    1.7566666666666666e+2 1.7566666666666666e+2 1.7566666666666666e+2 1.7575e+2
    1.7575e+2 1.7580000000000001e+2 1.76e+2 1.76e+2 1.76e+2 1.76e+2 1.76e+2
    1.7619999999999999e+2 1.7625e+2 1.7628571428571428e+2 1.7633333333333334e+2
    1.7633333333333334e+2 1.7640000000000001e+2 1.7642857142857142e+2 1.765e+2
    1.765e+2 1.765e+2 1.765e+2 1.765e+2 1.765e+2 1.7666666666666666e+2
    1.7666666666666666e+2 1.7675e+2 1.7675e+2 1.7680000000000001e+2
    1.7680000000000001e+2 1.7680000000000001e+2 1.7680000000000001e+2
    1.7692307692307693e+2 1.77e+2 1.77e+2 1.77e+2 1.77e+2 1.77e+2 1.77e+2
    1.77e+2 1.7713333333333333e+2 1.7716666666666666e+2 1.7728571428571428e+2
    1.7733333333333334e+2 1.7733333333333334e+2 1.7733333333333334e+2
    1.7733333333333334e+2 1.7740000000000001e+2 1.775e+2 1.775e+2 1.775e+2
    1.77625e+2 1.7766666666666666e+2 1.7766666666666666e+2
    1.7766666666666666e+2 1.7775e+2 1.7780000000000001e+2 1.778235294117647e+2
    1.7784210526315789e+2 1.78e+2 1.78e+2 1.78e+2 1.78e+2 1.78e+2 1.78e+2
    1.78e+2 1.78e+2 1.78e+2 1.78e+2 1.78e+2 1.7811764705882354e+2
    1.7816666666666666e+2 1.7825e+2 1.7826666666666668e+2 1.7840000000000001e+2
    1.7842857142857142e+2 1.785e+2 1.785e+2 1.7859999999999999e+2
    1.7859999999999999e+2 1.7866666666666666e+2 1.7866666666666666e+2
    1.7866666666666666e+2 1.7871428571428572e+2 1.7875e+2 1.7880000000000001e+2
    1.78875e+2 1.79e+2 1.79e+2 1.79e+2 1.79e+2 1.79e+2 1.79e+2 1.7925e+2
    1.7925e+2 1.7925e+2 1.7930000000000001e+2 1.7933333333333334e+2 1.79375e+2
    1.795e+2 1.795e+2 1.795e+2 1.795e+2 1.7957142857142858e+2
    1.7957142857142858e+2 1.7957142857142858e+2 1.7966666666666666e+2
    1.7971428571428572e+2 1.7983333333333334e+2 1.7985714285714286e+2
    1.7990000000000001e+2 1.8e+2 1.8e+2 1.8e+2 1.8e+2 1.8e+2 1.8e+2 1.8e+2
    1.8e+2 1.8e+2 1.8e+2 1.8e+2 1.8014285714285714e+2 1.8019999999999999e+2
    1.8025e+2 1.8033333333333334e+2 1.8033333333333334e+2 1.8033333333333334e+2
    1.8033333333333334e+2 1.8033333333333334e+2 1.8033333333333334e+2
    1.8040000000000001e+2 1.8040000000000001e+2 1.805e+2 1.805e+2 1.805e+2
    1.8069999999999999e+2 1.8075e+2 1.8075e+2 1.8090000000000001e+2 1.81e+2
    1.81e+2 1.81e+2 1.81e+2 1.81e+2 1.81e+2 1.81e+2 1.81e+2 1.81e+2
    1.8116666666666666e+2 1.8119999999999999e+2 1.8119999999999999e+2 1.8125e+2
    1.8133333333333334e+2 1.8147058823529412e+2 1.815e+2 1.815e+2
    1.8154545454545453e+2 1.8157142857142858e+2 1.8159999999999999e+2
    1.81625e+2 1.8166666666666666e+2 1.8166666666666666e+2
    1.8166666666666666e+2 1.8166666666666666e+2 1.8166666666666666e+2
    1.8166666666666666e+2 1.8169999999999999e+2 1.8175e+2 1.8175e+2
    1.8185714285714286e+2 1.819375e+2 1.82e+2 1.82e+2 1.82e+2 1.82e+2 1.82e+2
    1.82e+2 1.82e+2 1.8216666666666666e+2 1.8216666666666666e+2
    1.8219999999999999e+2 1.8219999999999999e+2 1.8225e+2 1.8225e+2
    1.8228571428571428e+2 1.8230000000000001e+2 1.8233333333333334e+2
    1.82375e+2 1.8240000000000001e+2 1.8240000000000001e+2
    1.8245454545454547e+2 1.8257142857142858e+2 1.8259999999999999e+2
    1.8266666666666666e+2 1.8266666666666666e+2 1.8269999999999999e+2 1.8275e+2
    1.8275e+2 1.8280000000000001e+2 1.83e+2 1.83e+2 1.83e+2 1.83e+2 1.83e+2
    1.83e+2 1.8319999999999999e+2 1.8328571428571428e+2 1.8328571428571428e+2
    1.8331578947368422e+2 1.835e+2 1.835e+2 1.835e+2 1.8359999999999999e+2
    1.8359999999999999e+2 1.8359999999999999e+2 1.8366666666666666e+2
    1.8371428571428572e+2 1.8375e+2 1.8380000000000001e+2 1.8385714285714286e+2
    1.83875e+2 1.84e+2 1.84e+2 1.84e+2 1.84e+2 1.84e+2 1.8408333333333334e+2
    1.8416666666666666e+2 1.8425e+2 1.8433333333333334e+2 1.8433333333333334e+2
    1.8440000000000001e+2 1.8440000000000001e+2 1.8441666666666666e+2 1.845e+2
    1.845e+2 1.845e+2 1.845e+2 1.845e+2 1.845e+2 1.845e+2 1.8466666666666666e+2
    1.8466666666666666e+2 1.8475e+2 1.8480000000000001e+2 1.8480000000000001e+2
    1.8480000000000001e+2 1.8480000000000001e+2 1.85e+2 1.85e+2 1.85e+2
    1.8509999999999999e+2 1.85125e+2 1.8525e+2 1.8525e+2 1.8530000000000001e+2
    1.8533333333333334e+2 1.85375e+2 1.855e+2 1.855e+2 1.8558333333333334e+2
    1.8558823529411765e+2 1.8577777777777777e+2 1.8577777777777777e+2
    1.8580000000000001e+2 1.8580000000000001e+2 1.8586666666666667e+2 1.86e+2
    1.86e+2 1.86e+2 1.86e+2 1.86e+2 1.86e+2 1.86e+2 1.8609999999999999e+2
    1.8619999999999999e+2 1.8628571428571428e+2 1.8628571428571428e+2
    1.8633333333333334e+2 1.8640000000000001e+2 1.865e+2 1.865e+2
    1.8659999999999999e+2 1.8659999999999999e+2 1.8666666666666666e+2
    1.8669999999999999e+2 1.8673333333333332e+2 1.8684615384615384e+2
    1.8685714285714286e+2 1.87e+2 1.87e+2 1.87e+2 1.87e+2 1.87e+2 1.87e+2
    1.87e+2 1.8709999999999999e+2 1.8716666666666666e+2 1.8716666666666666e+2
    1.8716666666666666e+2 1.8719999999999999e+2 1.8733333333333334e+2
    1.8733333333333334e+2 1.8733333333333334e+2 1.87375e+2
    1.8740000000000001e+2 1.8740000000000001e+2 1.8741666666666666e+2 1.875e+2
    1.875e+2 1.8759999999999999e+2 1.8769999999999999e+2 1.8771428571428572e+2
    1.8788888888888889e+2 1.8793333333333334e+2 1.88e+2 1.88e+2 1.88e+2 1.88e+2
    1.88e+2 1.88e+2 1.88e+2 1.88e+2 1.8816666666666666e+2 1.8833333333333334e+2
    1.8833333333333334e+2 1.8833333333333334e+2 1.8840000000000001e+2
    1.8840000000000001e+2 1.8840000000000001e+2 1.8840000000000001e+2 1.885e+2
    1.885e+2 1.885e+2 1.885e+2 1.8859999999999999e+2 1.8883333333333334e+2
    1.8883333333333334e+2 1.8885714285714286e+2 1.89e+2 1.89e+2 1.89e+2 1.89e+2
    1.8919999999999999e+2 1.8919999999999999e+2 1.8925e+2 1.8928571428571428e+2
    1.8933333333333334e+2 1.8940000000000001e+2 1.8940000000000001e+2
    1.8940000000000001e+2 1.8941666666666666e+2 1.895e+2 1.8959999999999999e+2
    1.8966666666666666e+2 1.8971428571428572e+2 1.8971428571428572e+2
    1.8971428571428572e+2 1.8975e+2 1.8975e+2 1.9e+2 1.9e+2 1.9e+2 1.9e+2
    1.9e+2 1.9e+2 1.9e+2 1.9e+2 1.9009999999999999e+2 1.9019999999999999e+2
    1.9019999999999999e+2 1.9033333333333334e+2 1.9033333333333334e+2
    1.9033333333333334e+2 1.9059999999999999e+2 1.9069999999999999e+2
    1.9080000000000001e+2 1.9083333333333334e+2 1.9085714285714286e+2 1.91e+2
    1.91e+2 1.91e+2 1.91e+2 1.91e+2 1.91e+2 1.9119999999999999e+2 1.9125e+2
    1.9125e+2 1.9133333333333334e+2 1.9133333333333334e+2 1.9140000000000001e+2
    1.9140000000000001e+2 1.9141666666666666e+2 1.9142857142857142e+2 1.915e+2
    1.915e+2 1.9153846153846155e+2 1.9169999999999999e+2 1.9176470588235293e+2
    1.9180000000000001e+2 1.9180000000000001e+2 1.9183333333333334e+2
    1.9190000000000001e+2 1.92e+2 1.92e+2 1.92e+2 1.92e+2 1.92e+2
    1.9228571428571428e+2 1.9230000000000001e+2 1.9240000000000001e+2
    1.9240000000000001e+2 1.9240000000000001e+2 1.925e+2 1.925e+2 1.925e+2
    1.9259999999999999e+2 1.9280000000000001e+2 1.9291666666666666e+2 1.93e+2
    1.93e+2 1.93e+2 1.93e+2 1.93e+2 1.93e+2 1.93e+2 1.93e+2 1.93e+2 1.93e+2
    1.93e+2 1.93e+2 1.93e+2 1.9311764705882354e+2 1.9319999999999999e+2
    1.9319999999999999e+2 1.9333333333333334e+2 1.9333333333333334e+2
    1.9342857142857142e+2 1.935e+2 1.935e+2 1.935e+2 1.9357142857142858e+2
    1.9358333333333334e+2 1.9359999999999999e+2 1.93625e+2
    1.9366666666666666e+2 1.9369999999999999e+2 1.938235294117647e+2 1.94e+2
    1.94e+2 1.94e+2 1.94e+2 1.94e+2 1.94e+2 1.94e+2 1.94e+2 1.94e+2 1.94e+2
    1.94e+2 1.94e+2 1.94e+2 1.94e+2 1.94e+2 1.94e+2 1.94e+2 1.94e+2 1.94e+2
    1.94125e+2 1.9415384615384616e+2 1.941764705882353e+2 1.9430000000000001e+2
    1.943125e+2 1.9440000000000001e+2 1.9441666666666666e+2
    1.9466666666666666e+2 1.9480000000000001e+2 1.95e+2 1.95e+2 1.95e+2 1.95e+2
    1.95e+2 1.9519999999999999e+2 1.9525e+2 1.9525e+2 1.9525e+2
    1.9526666666666668e+2 1.9530000000000001e+2 1.9540000000000001e+2
    1.9540000000000001e+2 1.955e+2 1.955e+2 1.955e+2 1.9559999999999999e+2
    1.9566666666666666e+2 1.9566666666666666e+2 1.9573333333333332e+2 1.9575e+2
    1.9575e+2 1.9580000000000001e+2 1.9586666666666667e+2 1.96e+2 1.96e+2
    1.96e+2 1.96e+2 1.9616666666666666e+2 1.9633333333333334e+2
    1.9633333333333334e+2 1.965e+2 1.965e+2 1.9658823529411765e+2
    1.9666666666666666e+2 1.9666666666666666e+2 1.9675e+2 1.9675e+2
    1.9690000000000001e+2 1.97e+2 1.97e+2 1.97e+2 1.97e+2 1.97e+2 1.97e+2
    1.97e+2 1.9716666666666666e+2 1.9730000000000001e+2 1.9733333333333334e+2
    1.9759999999999999e+2 1.9780000000000001e+2 1.978235294117647e+2
    1.9783333333333334e+2 1.9791666666666666e+2 1.98e+2 1.98e+2 1.98e+2 1.98e+2
    1.98e+2 1.9805882352941177e+2 1.9816666666666666e+2 1.9816666666666666e+2
    1.9819999999999999e+2 1.9819999999999999e+2 1.9819999999999999e+2
    1.9822222222222223e+2 1.9825e+2 1.9833333333333334e+2 1.9833333333333334e+2
    1.9840000000000001e+2 1.985e+2 1.985e+2 1.9859999999999999e+2
    1.9866666666666666e+2 1.9875e+2 1.9880000000000001e+2 1.99e+2 1.99e+2
    1.99e+2 1.99e+2 1.9915789473684211e+2 1.9929411764705881e+2
    1.9940000000000001e+2 1.995e+2 1.995e+2 1.995e+2 1.9959999999999999e+2
    1.9966666666666666e+2 1.9969999999999999e+2 1.9975e+2 1.9975e+2
    1.9980000000000001e+2 1.99875e+2 2.0e+2 2.0e+2 2.0e+2 2.0e+2 2.0e+2 2.0e+2
    2.0e+2 2.0009999999999999e+2 2.0025e+2 2.0028571428571428e+2
    2.0033333333333334e+2 2.00375e+2 2.0040000000000001e+2 2.005e+2 2.005e+2
    2.0059999999999999e+2 2.0063157894736841e+2 2.0066666666666666e+2 2.01e+2
    2.01e+2 2.01e+2 2.01e+2 2.01e+2 2.01e+2 2.01e+2 2.0109999999999999e+2
    2.0111764705882354e+2 2.0119999999999999e+2 2.0119999999999999e+2 2.015e+2
    2.015e+2 2.015e+2 2.0158333333333334e+2 2.0159999999999999e+2
    2.0159999999999999e+2 2.0166666666666666e+2 2.0166666666666666e+2
    2.0166666666666666e+2 2.0175e+2 2.0175e+2 2.0180000000000001e+2 2.01875e+2
    2.02e+2 2.02e+2 2.02e+2 2.0209999999999999e+2 2.0233333333333334e+2
    2.02375e+2 2.0241666666666666e+2 2.025e+2 2.0259999999999999e+2
    2.0280000000000001e+2 2.03e+2 2.03e+2 2.03e+2 2.03e+2 2.03e+2 2.03e+2
    2.03e+2 2.03e+2 2.03e+2 2.03125e+2 2.0314285714285714e+2
    2.0330000000000001e+2 2.0359999999999999e+2 2.0369999999999999e+2
    2.0383333333333334e+2 2.0388235294117646e+2 2.04e+2 2.04e+2 2.04e+2 2.04e+2
    2.04e+2 2.0425e+2 2.0425e+2 2.0433333333333334e+2 2.04375e+2
    2.0442857142857142e+2 2.045e+2 2.0458333333333334e+2 2.0469999999999999e+2
    2.0475e+2 2.0475e+2 2.05e+2 2.05e+2 2.05e+2 2.05e+2 2.0506666666666666e+2
    2.0509999999999999e+2 2.0525e+2 2.0540000000000001e+2 2.055e+2
    2.0559999999999999e+2 2.05625e+2 2.0575e+2 2.0580000000000001e+2
    2.0591666666666666e+2 2.06e+2 2.06e+2 2.06e+2 2.0646666666666667e+2
    2.065e+2 2.0659999999999999e+2 2.0666666666666666e+2 2.0675e+2
    2.0680000000000001e+2 2.0683333333333334e+2 2.0690000000000001e+2 2.07e+2
    2.07e+2 2.07e+2 2.07e+2 2.07e+2 2.07e+2 2.07e+2 2.0708333333333334e+2
    2.0725e+2 2.0733333333333334e+2 2.075e+2 2.075e+2 2.0764285714285714e+2
    2.0766666666666666e+2 2.0769230769230768e+2 2.0773333333333332e+2
    2.0780000000000001e+2 2.0783333333333334e+2 2.0783333333333334e+2 2.08e+2
    2.08e+2 2.08e+2 2.0830000000000001e+2 2.0842857142857142e+2 2.085e+2
    2.0866666666666666e+2 2.0866666666666666e+2 2.0875e+2 2.0890000000000001e+2
    2.09e+2 2.09e+2 2.09e+2 2.09e+2 2.09e+2 2.0911764705882354e+2
    2.0919999999999999e+2 2.0925e+2 2.0940000000000001e+2 2.095e+2 2.095e+2
    2.095e+2 2.0971428571428572e+2 2.0975e+2 2.0990000000000001e+2 2.1e+2
    2.1e+2 2.1010526315789474e+2 2.1028571428571428e+2 2.1040000000000001e+2
    2.105e+2 2.1071428571428572e+2 2.11e+2 2.11e+2 2.1114285714285714e+2
    2.1140000000000001e+2 2.1159999999999999e+2 2.1176470588235293e+2
    2.1180000000000001e+2 2.1180000000000001e+2 2.1185714285714286e+2 2.12e+2
    2.12e+2 2.12e+2 2.12e+2 2.12e+2 2.12e+2 2.12e+2 2.12e+2 2.12e+2 2.12e+2
    2.1225e+2 2.1233333333333334e+2 2.1233333333333334e+2 2.12625e+2 2.1275e+2
    2.1283333333333334e+2 2.13e+2 2.13e+2 2.13e+2 2.13e+2 2.13e+2
    2.1314285714285714e+2 2.1314285714285714e+2 2.1325e+2 2.1342857142857142e+2
    2.135e+2 2.135e+2 2.135e+2 2.1359999999999999e+2 2.1375e+2
    2.1385714285714286e+2 2.14e+2 2.14e+2 2.14e+2 2.1409999999999999e+2
    2.1416666666666666e+2 2.1430000000000001e+2 2.1440000000000001e+2
    2.1440000000000001e+2 2.145e+2 2.1459999999999999e+2 2.1490000000000001e+2
    2.15e+2 2.1505263157894737e+2 2.1519999999999999e+2 2.1525e+2 2.1525e+2
    2.153125e+2 2.1546153846153845e+2 2.155e+2 2.1557142857142858e+2
    2.1557142857142858e+2 2.1559999999999999e+2 2.1583333333333334e+2 2.16e+2
    2.16e+2 2.16e+2 2.1640000000000001e+2 2.1659999999999999e+2
    2.1680000000000001e+2 2.1680000000000001e+2 2.17e+2 2.17e+2 2.17e+2 2.17e+2
    2.1708333333333334e+2 2.1740000000000001e+2 2.1746153846153845e+2 2.175e+2
    2.1759999999999999e+2 2.1769999999999999e+2 2.1780000000000001e+2 2.18e+2
    2.1809999999999999e+2 2.1825e+2 2.1833333333333334e+2 2.1857142857142858e+2
    2.1869999999999999e+2 2.1880000000000001e+2 2.1891666666666666e+2 2.19e+2
    2.19e+2 2.19e+2 2.19e+2 2.19e+2 2.191764705882353e+2 2.195e+2
    2.1957142857142858e+2 2.1975e+2 2.2e+2 2.2e+2 2.2e+2 2.2e+2 2.20125e+2
    2.2025e+2 2.205e+2 2.2075e+2 2.2075e+2 2.20875e+2 2.21e+2 2.21e+2
    2.2107692307692307e+2 2.2142857142857142e+2 2.22e+2 2.22e+2 2.22e+2
    2.2223076923076923e+2 2.2233333333333334e+2 2.2240000000000001e+2
    2.2259999999999999e+2 2.23e+2 2.2325e+2 2.2340000000000001e+2 2.23625e+2
    2.2380000000000001e+2 2.2385714285714286e+2 2.24e+2 2.24e+2 2.24e+2
    2.2409999999999999e+2 2.2457142857142858e+2 2.2466666666666666e+2
    2.2509999999999999e+2 2.255e+2 2.2559999999999999e+2 2.2566666666666666e+2
    2.26e+2 2.2633333333333334e+2 2.2640000000000001e+2 2.2642857142857142e+2
    2.2666666666666666e+2 2.2680000000000001e+2 2.2683333333333334e+2
    2.2690000000000001e+2 2.2725e+2 2.275e+2 2.2775e+2 2.2790000000000001e+2
    2.28e+2 2.28e+2 2.2825e+2 2.2825e+2 2.2859999999999999e+2
    2.2866666666666666e+2 2.2870588235294119e+2 2.2875e+2 2.29e+2 2.29e+2
    2.29e+2 2.29e+2 2.2925e+2 2.2945454545454547e+2 2.2959999999999999e+2
    2.2971428571428572e+2 2.2975e+2 2.3e+2 2.3e+2 2.3e+2 2.3e+2
    2.3009999999999999e+2 2.3033333333333334e+2 2.3040000000000001e+2
    2.3040000000000001e+2 2.3041666666666666e+2 2.305e+2 2.3080000000000001e+2
    2.3090000000000001e+2 2.31e+2 2.31e+2 2.31e+2 2.3125e+2 2.3125e+2 2.315e+2
    2.315e+2 2.3175e+2 2.3180000000000001e+2 2.32e+2 2.3209999999999999e+2
    2.325e+2 2.33e+2 2.3319999999999999e+2 2.335e+2 2.33625e+2
    2.3392307692307693e+2 2.34e+2 2.34e+2 2.345e+2 2.345e+2
    2.3459999999999999e+2 2.3466666666666666e+2 2.3466666666666666e+2 2.35e+2
    2.3530000000000001e+2 2.3577777777777777e+2 2.36e+2 2.36e+2 2.36e+2
    2.3630769230769232e+2 2.365e+2 2.36625e+2 2.3680000000000001e+2 2.37e+2
    2.37e+2 2.3725e+2 2.3740000000000001e+2 2.3746666666666667e+2 2.375e+2
    2.3758333333333334e+2 2.38e+2 2.38e+2 2.3833333333333334e+2 2.385e+2
    2.3866666666666666e+2 2.39e+2 2.3976923076923077e+2 2.4e+2
    2.4016666666666666e+2 2.4019999999999999e+2 2.4033333333333334e+2
    2.4047058823529412e+2 2.4066666666666666e+2 2.40875e+2 2.41e+2 2.41e+2
    2.4129411764705881e+2 2.4166666666666666e+2 2.42e+2 2.4240000000000001e+2
    2.4259999999999999e+2 2.43e+2 2.43e+2 2.4319999999999999e+2
    2.4340000000000001e+2 2.435e+2 2.4366666666666666e+2 2.4390000000000001e+2
    2.44e+2 2.4419999999999999e+2 2.4459999999999999e+2 2.4485714285714286e+2
    2.45e+2 2.455e+2 2.4559999999999999e+2 2.4566666666666666e+2 2.46e+2
    2.465e+2 2.4666666666666666e+2 2.4719999999999999e+2 2.47375e+2
    2.4759999999999999e+2 2.48e+2 2.48e+2 2.4840000000000001e+2 2.485e+2
    2.485e+2 2.485e+2 2.485e+2 2.4880000000000001e+2 2.4923529411764707e+2
    2.4935294117647058e+2 2.4975e+2 2.5e+2 2.5008333333333334e+2
    2.5033333333333334e+2 2.5040000000000001e+2 2.5052941176470588e+2
    2.5053846153846155e+2 2.5080000000000001e+2 2.5090000000000001e+2 2.51e+2
    2.51e+2 2.5119999999999999e+2 2.5128571428571428e+2 2.5138461538461539e+2
    2.5158823529411765e+2 2.5166666666666666e+2 2.52e+2 2.52e+2 2.52e+2
    2.5219999999999999e+2 2.5246153846153845e+2 2.525e+2 2.52875e+2 2.53e+2
    2.53e+2 2.53e+2 2.53e+2 2.535e+2 2.5375e+2 2.5394117647058823e+2
    2.5440000000000001e+2 2.5466666666666666e+2 2.5480000000000001e+2
    2.5519999999999999e+2 2.5540000000000001e+2 2.555e+2 2.56e+2 2.56e+2
    2.5619999999999999e+2 2.5719999999999999e+2 2.5739999999999998e+2
    2.5760000000000002e+2 2.5775e+2 2.5788888888888891e+2 2.58e+2 2.585e+2
    2.585e+2 2.5853846153846155e+2 2.5880000000000001e+2 2.59e+2
    2.5919999999999999e+2 2.595e+2 2.5960000000000002e+2 2.5980000000000001e+2
    2.6010000000000002e+2 2.6022222222222223e+2 2.6060000000000002e+2
    2.60875e+2 2.61e+2 2.61e+2 2.6160000000000002e+2 2.62e+2 2.625e+2 2.63e+2
    2.63e+2 2.6376923076923077e+2 2.6419999999999999e+2 2.6480000000000001e+2
    2.6480000000000001e+2 2.65e+2 2.6530769230769232e+2 2.6610000000000002e+2
    2.6639999999999998e+2 2.6689999999999998e+2 2.67e+2 2.6722222222222223e+2
    2.6839999999999998e+2 2.6860000000000002e+2 2.6866666666666669e+2
    2.6919999999999999e+2 2.6939999999999998e+2 2.6975e+2 2.7e+2
    2.7080000000000001e+2 2.7119999999999999e+2 2.7177777777777777e+2 2.72e+2
    2.7239999999999998e+2 2.7341666666666669e+2 2.73875e+2 2.74e+2
    2.7411111111111109e+2 2.75e+2 2.75e+2 2.7523076923076923e+2 2.755e+2
    2.76e+2 2.7629411764705884e+2 2.7660000000000002e+2 2.7660000000000002e+2
    2.7666666666666669e+2 2.77e+2 2.7708333333333331e+2 2.7760000000000002e+2
    2.7761538461538464e+2 2.7819999999999999e+2 2.7838461538461536e+2
    2.7983333333333331e+2 2.8e+2 2.8e+2 2.8011111111111109e+2 2.81e+2 2.83e+2
    2.84e+2 2.84375e+2 2.85375e+2 2.8635294117647061e+2 2.8647619047619048e+2
    2.875e+2 2.88e+2 2.885e+2 2.9e+2 2.9030769230769232e+2
    2.9111764705882354e+2 2.9176923076923077e+2 2.92e+2 2.9253846153846155e+2
    2.935e+2 2.9466666666666669e+2 2.97e+2 2.9725e+2 2.975e+2 2.98e+2
    2.9833333333333331e+2 2.9952941176470586e+2 2.9975e+2 2.9975e+2 3.0e+2
    3.0066666666666669e+2 3.015e+2 3.0206666666666666e+2 3.0375e+2 3.04875e+2
    3.05e+2 3.06e+2 3.06e+2 3.0684615384615387e+2 3.07e+2 3.08e+2 3.09e+2
    3.0930769230769232e+2 3.1e+2 3.1111764705882354e+2 3.12375e+2
    3.1307692307692309e+2 3.1475e+2 3.16e+2 3.1688888888888891e+2 3.17e+2
    3.17e+2 3.1707692307692309e+2 3.1790909090909093e+2 3.1888888888888891e+2
    3.1890909090909093e+2 3.205e+2 3.21e+2 3.2239999999999998e+2 3.23e+2
    3.24e+2 3.245e+2 3.25125e+2 3.255e+2 3.2622222222222223e+2 3.27e+2
    3.2914285714285717e+2 3.31e+2 3.3155555555555554e+2 3.33e+2
    3.3493333333333334e+2 3.3507692307692309e+2 3.36e+2 3.39e+2
    3.4033333333333331e+2 3.4222222222222223e+2 3.43e+2 3.4478571428571428e+2
    3.4577777777777777e+2 3.4639999999999998e+2 3.4819999999999999e+2
    3.5133333333333331e+2 3.52e+2 3.525e+2 3.5277777777777777e+2
    3.5392307692307691e+2 3.56e+2 3.56625e+2 3.59e+2 3.61e+2 3.62e+2 3.64e+2
    3.6771428571428572e+2 3.6878571428571428e+2 3.7e+2 3.7221428571428572e+2
    3.7469999999999999e+2 3.7744444444444446e+2 3.8321428571428572e+2
    3.8815789473684208e+2 3.885e+2 3.9233333333333331e+2 3.98e+2
    4.0233333333333331e+2 4.0577777777777777e+2 4.0639999999999998e+2
    4.0744444444444446e+2 4.1e+2 4.2119999999999999e+2 4.3566666666666669e+2
    4.39e+2 4.44e+2 4.5426666666666665e+2 4.7e+2 4.8028571428571428e+2 4.85e+2
    4.9185714285714283e+2 5.0e+2 5.0e+2 5.0e+2 5.0e+2 5.0e+2 5.0e+2 5.0e+2
    5.0e+2 5.0e+2 5.0e+2 5.0e+2 5.0e+2 5.0e+2 5.0e+2 5.0e+2 5.0e+2 5.0e+2
    5.0e+2 5.0e+2 5.0e+2 5.0e+2 5.0e+2 5.0e+2 5.0e+2 5.0e+2 5.0e+2 5.0e+2
    5.0e+2 5.0e+2 5.0e+2 5.0e+2 5.0e+2 5.0e+2 5.0e+2 5.0e+2 5.0e+2 5.0e+2
    5.0e+2 5.0e+2 5.0e+2 5.0e+2 5.0e+2 5.0e+2 5.0e+2 5.0e+2 5.0e+2 5.0e+2
    5.0e+2 5.0e+2 5.0e+2 5.0e+2 5.0e+2 5.0e+2 5.0e+2 5.0e+2 5.0e+2 5.0e+2
    5.0e+2 5.0e+2 5.0e+2 5.0e+2 5.0e+2 5.0e+2 5.0e+2 5.0e+2 5.0e+2 5.0e+2
    5.0e+2 5.0e+2 5.0e+2 5.0e+2 5.0e+2 5.0e+2 5.0e+2 5.0e+2 5.0e+2 5.0e+2
    5.0e+2 5.0e+2 5.0e+2 5.0e+2 5.0e+2 5.0e+2 5.0e+2 5.0e+2 5.0e+2 5.0e+2
    5.0e+2 5.0e+2 5.0e+2 5.0e+2 5.0e+2 5.0e+2 5.0e+2 5.0e+2 5.0e+2 5.0e+2
    5.0e+2 5.0e+2 5.0e+2 5.0e+2 5.0e+2 5.0e+2 5.0e+2 5.0e+2 5.0e+2 5.0e+2
    5.0e+2 5.0e+2 5.0e+2 5.0e+2 5.0e+2 5.0e+2 5.0e+2 5.0e+2 5.0e+2 5.0e+2
    5.0e+2 5.0e+2 5.0e+2 5.0e+2 5.0e+2 5.0e+2 5.0e+2 5.0e+2 5.0e+2 5.0e+2
    5.0e+2 5.0e+2 5.0e+2 5.0e+2 5.0e+2 5.0e+2 5.0e+2 5.0e+2 5.0e+2 5.0e+2
    5.0e+2 5.0e+2 5.0e+2 5.0e+2 5.0e+2 5.0e+2 5.0e+2 5.0e+2 5.0e+2 5.0e+2
    5.0e+2 5.0e+2 5.0e+2 5.0e+2 5.0e+2 5.0e+2 5.0e+2 5.0e+2 5.0e+2 5.0e+2
    5.0e+2 5.0e+2 5.0e+2 5.0e+2 5.0e+2 5.0e+2 5.0e+2 5.0e+2 5.0e+2 5.0e+2
    5.0e+2 5.0e+2 5.0e+2 5.0e+2 5.0e+2 5.0e+2 5.0e+2 5.0e+2 5.0e+2 5.0e+2
    5.0e+2 5.0e+2 5.0e+2 5.0e+2 5.0e+2 5.0e+2 5.0e+2 5.0e+2 5.0e+2 5.0e+2
    5.0e+2 5.0e+2 5.0e+2 5.0e+2 5.0e+2 5.0e+2 5.0e+2 5.0e+2 5.0e+2 5.0e+2
    5.0e+2 5.0e+2 5.0e+2 5.0e+2 5.0e+2 5.0e+2 5.0e+2 5.0e+2
    5.0230769230769232e+2 5.03e+2 5.03e+2 5.03e+2 5.03e+2 5.03e+2 5.03e+2
    5.03e+2 5.03e+2 5.03e+2 5.03e+2 5.03e+2 5.03e+2 5.03e+2 5.03e+2 5.03e+2
    5.03e+2 5.03e+2 5.03e+2 5.03e+2 5.03e+2 5.03e+2 5.03e+2 5.03e+2 5.03e+2
    5.03e+2 5.03e+2 5.03e+2 5.03e+2 5.03e+2 5.03e+2 5.03e+2 5.03e+2 5.03e+2
    5.03e+2 5.03e+2 5.03e+2 5.03e+2 5.03e+2 5.03e+2 5.03e+2 5.03e+2 5.03e+2
    5.03e+2 5.03e+2 5.03e+2 5.03e+2 5.03e+2 5.03e+2 5.03e+2 5.03e+2 5.03e+2
    5.03e+2 5.03e+2 5.03e+2 5.03e+2 5.03e+2 5.03e+2 5.03e+2 5.03e+2 5.03e+2
    5.03e+2 5.03e+2 5.03e+2 5.03e+2 5.03e+2 5.03e+2 5.03e+2 5.03e+2 5.03e+2
    5.03e+2 5.03e+2 5.03e+2 5.03e+2 5.03e+2 5.03e+2 5.03e+2 5.03e+2 5.03e+2
    5.03e+2 5.03e+2 5.03e+2 5.03e+2 5.03e+2 5.03e+2 5.03e+2 5.03e+2 5.03e+2
    5.03e+2 5.03e+2 5.03e+2 5.03e+2 5.03e+2 5.03e+2 5.03e+2 5.03e+2 5.03e+2
    5.03e+2 5.03e+2 5.03e+2 5.03e+2 5.03e+2 5.03e+2 5.03e+2 5.03e+2 5.03e+2
    5.03e+2 5.03e+2 5.03e+2 5.04e+2 5.04e+2 5.04e+2 5.04e+2 5.04e+2 5.04e+2
    5.04e+2 5.04e+2 5.04e+2 5.04e+2 5.04e+2 5.04e+2 5.04e+2 5.04e+2 5.04e+2
    5.04e+2 5.04e+2 5.04e+2 5.04e+2 5.04e+2 5.04e+2 5.04e+2 5.04e+2 5.04e+2
    5.04e+2 5.04e+2 5.04e+2 5.04e+2 5.04e+2 5.04e+2 5.04e+2 5.04e+2 5.04e+2
    5.04e+2 5.04e+2 5.04e+2 5.04e+2 5.04e+2 5.04e+2 5.04e+2 5.04e+2 5.04e+2
    5.04e+2 5.04e+2 5.06e+2 5.06e+2 5.06e+2 5.06e+2 5.06e+2 5.06e+2 5.06e+2
    5.06e+2 5.06e+2 5.06e+2 5.06e+2 5.06e+2 5.06e+2 5.06e+2 5.06e+2 5.06e+2
    5.06e+2 5.06e+2 5.06e+2 5.06e+2 5.06e+2 5.06e+2 5.06e+2 5.06e+2 5.06e+2
    5.06e+2 5.06e+2 5.06e+2 5.06e+2 5.06e+2 5.06e+2 5.06e+2 5.06e+2 5.06e+2
    5.06e+2 5.06e+2 5.06e+2 5.06e+2 5.06e+2 5.06e+2 5.06e+2 5.06e+2 5.06e+2
    5.06e+2 5.06e+2 5.06e+2 5.06e+2 5.06e+2 5.06e+2 5.06e+2 5.06e+2 5.06e+2
    5.06e+2 5.06e+2 5.06e+2 5.06e+2 5.06e+2 5.06e+2 5.06e+2 5.06e+2 5.06e+2
    5.06e+2 5.06e+2 5.06e+2 5.06e+2 5.06e+2 5.06e+2 5.06e+2 5.06e+2 5.06e+2
    5.06e+2 5.06e+2 5.06e+2 5.06e+2 5.06e+2 5.06e+2 5.06e+2 5.06e+2 5.06e+2
    5.06e+2 5.06e+2 5.06e+2 5.06e+2 5.06e+2 5.06e+2 5.06e+2 5.06e+2 5.06e+2
    5.06e+2 5.06e+2 5.06e+2 5.06e+2 5.06e+2 5.06e+2 5.06e+2 5.06e+2 5.06e+2
    5.06e+2 5.06e+2 5.06e+2 5.06e+2 5.06e+2 5.06e+2 5.06e+2 5.06e+2 5.06e+2
    5.06e+2 5.06e+2 5.06e+2 5.1316666666666663e+2 5.2025e+2
    5.3466666666666663e+2 5.3466666666666663e+2 5.3466666666666663e+2
    5.3466666666666663e+2 5.3466666666666663e+2 5.3466666666666663e+2
    5.3466666666666663e+2 5.3466666666666663e+2 5.3466666666666663e+2 5.395e+2
    5.4716666666666663e+2 5.475e+2 5.4766666666666663e+2 5.4783333333333337e+2
    5.4783333333333337e+2 5.4783333333333337e+2 5.4783333333333337e+2
    5.4783333333333337e+2 5.4783333333333337e+2 5.4783333333333337e+2
    5.4783333333333337e+2 5.4783333333333337e+2 5.4783333333333337e+2
    5.4783333333333337e+2 5.4783333333333337e+2 5.4783333333333337e+2
    5.4783333333333337e+2 5.4783333333333337e+2 5.4783333333333337e+2
    5.4783333333333337e+2 5.4783333333333337e+2 5.4783333333333337e+2
    5.4783333333333337e+2 5.4783333333333337e+2 5.4783333333333337e+2
    5.4783333333333337e+2 5.4816666666666663e+2 5.4816666666666663e+2
    5.4816666666666663e+2 5.4816666666666663e+2 5.4816666666666663e+2
    5.4816666666666663e+2 5.4816666666666663e+2 5.4816666666666663e+2
    5.4816666666666663e+2 5.4816666666666663e+2 5.4816666666666663e+2
    5.4816666666666663e+2 5.4816666666666663e+2 5.4816666666666663e+2
    5.4816666666666663e+2 5.4816666666666663e+2 5.4816666666666663e+2
    5.4816666666666663e+2 5.4816666666666663e+2 5.4816666666666663e+2
    5.4816666666666663e+2 5.4816666666666663e+2 5.4816666666666663e+2
    5.4816666666666663e+2 5.4816666666666663e+2 5.4816666666666663e+2
    5.4816666666666663e+2 5.4816666666666663e+2 5.4816666666666663e+2
    5.4816666666666663e+2 5.4816666666666663e+2 5.4816666666666663e+2
    5.4816666666666663e+2 5.4816666666666663e+2 5.4816666666666663e+2
    5.4816666666666663e+2 5.4816666666666663e+2 5.4816666666666663e+2
    5.4816666666666663e+2 5.4816666666666663e+2 5.4816666666666663e+2
    5.4816666666666663e+2 5.4816666666666663e+2 5.4816666666666663e+2
    5.4816666666666663e+2 5.4816666666666663e+2 5.4816666666666663e+2
    5.4816666666666663e+2 5.4816666666666663e+2 5.4816666666666663e+2
    5.4816666666666663e+2 5.4816666666666663e+2 5.4816666666666663e+2
    5.4816666666666663e+2 5.4816666666666663e+2 5.4816666666666663e+2
    5.4816666666666663e+2 5.4816666666666663e+2 5.4816666666666663e+2
    5.4816666666666663e+2 5.4816666666666663e+2 5.4816666666666663e+2
    5.4816666666666663e+2 5.4816666666666663e+2 5.4816666666666663e+2
    5.4816666666666663e+2 5.4816666666666663e+2 5.4816666666666663e+2
    5.4816666666666663e+2 5.4816666666666663e+2 5.4816666666666663e+2
    5.4816666666666663e+2 5.4816666666666663e+2 5.4816666666666663e+2
    5.4816666666666663e+2 5.4816666666666663e+2 5.4816666666666663e+2
    5.4816666666666663e+2 5.4816666666666663e+2 5.4816666666666663e+2
    5.4816666666666663e+2 5.4816666666666663e+2 5.4816666666666663e+2
    5.4816666666666663e+2 5.4816666666666663e+2 5.4816666666666663e+2
    5.4816666666666663e+2 5.4816666666666663e+2 5.4816666666666663e+2
    5.4816666666666663e+2 5.4816666666666663e+2 5.4816666666666663e+2
    5.4816666666666663e+2 5.4816666666666663e+2 5.4816666666666663e+2
    5.4816666666666663e+2 5.4816666666666663e+2 5.4816666666666663e+2
    5.4816666666666663e+2 5.4816666666666663e+2 5.4816666666666663e+2
    5.4816666666666663e+2 5.4816666666666663e+2 5.4816666666666663e+2
    5.4816666666666663e+2 5.4816666666666663e+2 5.4816666666666663e+2
    5.4816666666666663e+2 5.4816666666666663e+2 5.4816666666666663e+2
    5.4816666666666663e+2 5.4816666666666663e+2 5.4816666666666663e+2
    5.4816666666666663e+2 5.4816666666666663e+2 5.4816666666666663e+2
    5.4816666666666663e+2 5.4816666666666663e+2 5.4816666666666663e+2
    5.4816666666666663e+2 5.4816666666666663e+2 5.4816666666666663e+2
    5.4816666666666663e+2 5.4816666666666663e+2 5.4816666666666663e+2
    5.4816666666666663e+2 5.4816666666666663e+2 5.4816666666666663e+2
    5.4816666666666663e+2 5.4816666666666663e+2 5.4816666666666663e+2
    5.4816666666666663e+2 5.4816666666666663e+2 5.4816666666666663e+2
    5.4816666666666663e+2 5.4816666666666663e+2 5.4816666666666663e+2
    5.4816666666666663e+2 5.4816666666666663e+2 5.4816666666666663e+2
    5.4816666666666663e+2 5.4816666666666663e+2 5.4816666666666663e+2
    5.4816666666666663e+2 5.4816666666666663e+2 5.4816666666666663e+2
    5.4816666666666663e+2 5.4816666666666663e+2 5.4816666666666663e+2
    5.4816666666666663e+2 5.4816666666666663e+2 5.4816666666666663e+2
    5.4816666666666663e+2 5.4816666666666663e+2 5.4816666666666663e+2
    5.4816666666666663e+2 5.4816666666666663e+2 5.4816666666666663e+2
    5.4816666666666663e+2 5.4816666666666663e+2 5.4816666666666663e+2
    5.4816666666666663e+2 5.4816666666666663e+2 5.4816666666666663e+2
    5.4816666666666663e+2 5.4816666666666663e+2 5.4816666666666663e+2
    5.4816666666666663e+2 5.4816666666666663e+2 5.4816666666666663e+2
    5.4816666666666663e+2 5.4816666666666663e+2 5.4816666666666663e+2
    5.4816666666666663e+2 5.4816666666666663e+2 5.4816666666666663e+2
    5.4816666666666663e+2 5.4816666666666663e+2 5.4816666666666663e+2
    5.4816666666666663e+2 5.4816666666666663e+2 5.4816666666666663e+2
    5.4816666666666663e+2 5.4816666666666663e+2 5.4816666666666663e+2
    5.4816666666666663e+2 5.4816666666666663e+2 5.4816666666666663e+2
    5.4816666666666663e+2 5.4816666666666663e+2 5.4816666666666663e+2
    5.4816666666666663e+2 5.4816666666666663e+2 5.4816666666666663e+2
    5.4816666666666663e+2 5.4816666666666663e+2 5.4816666666666663e+2
    5.4816666666666663e+2 5.4816666666666663e+2 5.4816666666666663e+2
    5.4816666666666663e+2 5.4816666666666663e+2 5.4816666666666663e+2
    5.4816666666666663e+2 5.4816666666666663e+2 5.4816666666666663e+2
    5.4816666666666663e+2 5.4816666666666663e+2 5.4816666666666663e+2
    5.4816666666666663e+2 5.4816666666666663e+2 5.4816666666666663e+2
    5.4816666666666663e+2 5.4816666666666663e+2 5.4816666666666663e+2
    5.4816666666666663e+2 5.4816666666666663e+2 5.4816666666666663e+2
    5.4816666666666663e+2 5.4816666666666663e+2 5.4816666666666663e+2
    5.4816666666666663e+2 5.4816666666666663e+2 5.4816666666666663e+2
    5.4816666666666663e+2 5.4816666666666663e+2 5.4816666666666663e+2
    5.4816666666666663e+2 5.4816666666666663e+2 5.4816666666666663e+2
    5.4816666666666663e+2 5.4816666666666663e+2 5.4816666666666663e+2
    5.4816666666666663e+2 5.4816666666666663e+2 5.4816666666666663e+2
    5.4816666666666663e+2 5.4816666666666663e+2 5.4816666666666663e+2
    5.4816666666666663e+2 5.4816666666666663e+2 5.4816666666666663e+2
    5.4816666666666663e+2 5.4816666666666663e+2 5.4816666666666663e+2
    5.4816666666666663e+2 5.4816666666666663e+2 5.4816666666666663e+2
    5.4816666666666663e+2 5.4816666666666663e+2 5.4816666666666663e+2
    5.4816666666666663e+2 5.4816666666666663e+2 5.4816666666666663e+2
    5.4816666666666663e+2 5.4816666666666663e+2 5.4816666666666663e+2
    5.4816666666666663e+2 5.4816666666666663e+2 5.4816666666666663e+2
    5.4816666666666663e+2 5.4816666666666663e+2 5.4816666666666663e+2
    5.4816666666666663e+2 5.4816666666666663e+2 5.4816666666666663e+2
    5.4816666666666663e+2 5.4816666666666663e+2 5.4816666666666663e+2
    5.4816666666666663e+2 5.4816666666666663e+2 5.4816666666666663e+2
    5.4816666666666663e+2 5.4816666666666663e+2 5.4816666666666663e+2
    5.4816666666666663e+2 5.4816666666666663e+2 5.4816666666666663e+2
    5.4816666666666663e+2 5.4816666666666663e+2 5.4816666666666663e+2
    5.4816666666666663e+2 5.4816666666666663e+2 5.4816666666666663e+2
    5.4833333333333337e+2 5.4833333333333337e+2 5.4833333333333337e+2
    5.4833333333333337e+2 5.4833333333333337e+2 5.4833333333333337e+2
    5.4833333333333337e+2 5.4833333333333337e+2 5.4833333333333337e+2 5.485e+2
    5.485e+2 5.485e+2 5.485e+2 5.485e+2 5.485e+2 5.485e+2 5.485e+2 5.485e+2
    5.485e+2 5.485e+2 5.485e+2 5.485e+2 5.485e+2 5.485e+2 5.485e+2 5.485e+2
    5.485e+2 5.485e+2 5.485e+2 5.485e+2 5.485e+2 5.485e+2 5.485e+2 5.485e+2
    5.485e+2 5.485e+2 5.485e+2 5.485e+2 5.485e+2 5.485e+2 5.485e+2 5.485e+2
    5.485e+2 5.485e+2 5.485e+2 5.485e+2 5.485e+2 5.485e+2 5.485e+2 5.485e+2
    5.485e+2 5.485e+2 5.485e+2 5.485e+2 5.485e+2 5.485e+2 5.485e+2 5.485e+2
    5.485e+2 5.485e+2 5.485e+2 5.485e+2 5.485e+2 5.485e+2 5.485e+2 5.485e+2
    5.485e+2 5.485e+2 5.485e+2 5.485e+2 5.485e+2 5.485e+2 5.485e+2 5.485e+2
    5.485e+2 5.485e+2 5.485e+2 5.485e+2 5.485e+2 5.485e+2 5.485e+2 5.485e+2
    5.485e+2 5.485e+2 5.485e+2 5.485e+2 5.485e+2 5.485e+2 5.485e+2 5.485e+2
    5.485e+2 5.485e+2 5.485e+2 5.485e+2 5.485e+2 5.485e+2 5.485e+2 5.485e+2
    5.485e+2 5.485e+2 5.485e+2 5.485e+2 5.485e+2 5.485e+2 5.485e+2 5.485e+2
    5.485e+2 5.485e+2 5.485e+2 5.485e+2 5.485e+2 5.485e+2 5.485e+2 5.485e+2
    5.485e+2 5.485e+2 5.485e+2 5.485e+2 5.485e+2 5.485e+2 5.485e+2 5.485e+2
    5.485e+2 5.485e+2 5.485e+2 5.485e+2 5.485e+2 5.485e+2 5.485e+2 5.485e+2
    5.485e+2 5.485e+2 5.485e+2 5.485e+2 5.485e+2 5.485e+2 5.485e+2 5.485e+2
    5.485e+2 5.485e+2 5.485e+2 5.485e+2 5.485e+2 5.485e+2 5.485e+2 5.485e+2
    5.485e+2 5.485e+2 5.485e+2 5.485e+2 5.485e+2 5.485e+2 5.485e+2 5.485e+2
    5.485e+2 5.485e+2 5.485e+2 5.485e+2 5.485e+2 5.485e+2 5.485e+2 5.485e+2
    5.485e+2 5.485e+2 5.485e+2 5.485e+2 5.485e+2 5.485e+2 5.485e+2 5.485e+2
    5.485e+2 5.485e+2 5.485e+2 5.485e+2 5.485e+2 5.485e+2 5.485e+2 5.485e+2
    5.485e+2 5.485e+2 5.485e+2 5.485e+2 5.485e+2 5.485e+2 5.485e+2 5.485e+2
    5.485e+2 5.485e+2 5.485e+2 5.485e+2 5.485e+2 5.485e+2 5.485e+2 5.485e+2
    5.485e+2 5.485e+2 5.485e+2 5.485e+2 5.485e+2 5.485e+2 5.485e+2 5.485e+2
    5.485e+2 5.485e+2 5.485e+2 5.485e+2 5.485e+2 5.485e+2 5.485e+2 5.485e+2
    5.485e+2 5.485e+2 5.485e+2 5.485e+2 5.485e+2 5.485e+2 5.485e+2 5.485e+2
    5.485e+2 5.485e+2 5.485e+2 5.485e+2 5.485e+2 5.485e+2 5.485e+2 5.485e+2
    5.485e+2 5.485e+2 5.485e+2 5.485e+2 5.485e+2 5.485e+2 5.485e+2 5.485e+2
    5.485e+2 5.485e+2 5.485e+2 5.485e+2 5.485e+2 5.485e+2 5.485e+2 5.485e+2
    5.485e+2 5.485e+2 5.485e+2 5.485e+2 5.485e+2 5.485e+2 5.485e+2 5.485e+2
    5.485e+2 5.485e+2 5.485e+2 5.485e+2 5.485e+2 5.485e+2 5.485e+2 5.485e+2
    5.485e+2 5.485e+2 5.485e+2 5.485e+2 5.485e+2 5.485e+2 5.485e+2 5.485e+2
    5.485e+2 5.485e+2 5.485e+2 5.485e+2 5.485e+2 5.485e+2 5.485e+2 5.485e+2
    5.485e+2 5.485e+2 5.485e+2 5.485e+2 5.485e+2 5.485e+2 5.485e+2 5.485e+2
    5.485e+2 5.485e+2 5.485e+2 5.485e+2 5.485e+2 5.485e+2 5.485e+2 5.485e+2
    5.485e+2 5.485e+2 5.485e+2 5.485e+2 5.485e+2 5.485e+2 5.485e+2 5.485e+2
    5.485e+2 5.485e+2 5.485e+2 5.485e+2 5.485e+2 5.485e+2 5.485e+2 5.485e+2
    5.485e+2 5.485e+2 5.485e+2 5.485e+2 5.485e+2 5.485e+2 5.485e+2 5.485e+2
    5.485e+2 5.485e+2 5.485e+2 5.485e+2 5.485e+2 5.485e+2 5.485e+2 5.485e+2
    5.485e+2 5.485e+2 5.485e+2 5.485e+2 5.485e+2 5.485e+2 5.485e+2 5.485e+2
    5.485e+2 5.485e+2 5.485e+2 5.485e+2 5.485e+2 5.485e+2 5.485e+2 5.485e+2
    5.485e+2 5.485e+2 5.485e+2 5.485e+2 5.485e+2 5.485e+2 5.485e+2 5.485e+2
    5.485e+2 5.485e+2 5.485e+2 5.485e+2 5.485e+2 5.485e+2 5.485e+2 5.485e+2
    5.485e+2 5.485e+2 5.485e+2 5.485e+2 5.485e+2 5.485e+2 5.485e+2 5.485e+2
    5.485e+2 5.485e+2 5.485e+2 5.485e+2 5.485e+2 5.485e+2 5.485e+2 5.485e+2
    5.485e+2 5.485e+2 5.485e+2 5.485e+2 5.485e+2 5.485e+2 5.485e+2 5.485e+2
    5.485e+2 5.485e+2 5.485e+2 5.485e+2 5.485e+2 5.485e+2 5.485e+2 5.485e+2
    5.485e+2 5.485e+2 5.485e+2 5.485e+2 5.485e+2 5.485e+2 5.485e+2 5.485e+2
    5.485e+2 5.485e+2 5.485e+2 5.485e+2 5.485e+2 5.485e+2 5.485e+2 5.485e+2
    5.485e+2 5.485e+2 5.485e+2 5.485e+2 5.485e+2 5.485e+2 5.485e+2 5.485e+2
    5.485e+2 5.485e+2 5.485e+2 5.485e+2 5.485e+2 5.485e+2 5.485e+2 5.485e+2
    5.485e+2 5.485e+2 5.485e+2 5.485e+2 5.485e+2 5.485e+2 5.485e+2 5.485e+2
    5.485e+2 5.485e+2 5.485e+2 5.485e+2 5.485e+2 5.485e+2 5.485e+2 5.485e+2
    5.485e+2 5.485e+2 5.485e+2 5.485e+2 5.485e+2 5.485e+2 5.485e+2 5.485e+2
    5.485e+2 5.485e+2 5.485e+2 5.485e+2 5.485e+2 5.485e+2 5.485e+2 5.485e+2
    5.485e+2 5.485e+2 5.485e+2 5.485e+2 5.485e+2 5.485e+2 5.485e+2 5.485e+2
    5.485e+2 5.485e+2 5.485e+2 5.485e+2 5.485e+2 5.485e+2 5.485e+2 5.485e+2
    5.485e+2 5.485e+2 5.485e+2 5.485e+2 5.485e+2 5.485e+2 5.485e+2 5.485e+2
    5.485e+2 5.485e+2 5.485e+2 5.485e+2 5.485e+2 5.485e+2 5.485e+2 5.485e+2
    5.485e+2 5.485e+2 5.485e+2 5.485e+2 5.485e+2 5.485e+2 5.485e+2 5.485e+2
    5.485e+2 5.485e+2 5.485e+2 5.485e+2 5.485e+2 5.485e+2 5.485e+2 5.485e+2
    5.485e+2 5.485e+2 5.485e+2 5.485e+2 5.485e+2 5.485e+2 5.485e+2 5.485e+2
    5.485e+2 5.485e+2 5.485e+2 5.485e+2 5.485e+2 5.485e+2 5.485e+2 5.485e+2
    5.485e+2 5.485e+2 5.485e+2 5.485e+2 5.485e+2 5.485e+2 5.485e+2 5.485e+2
    5.485e+2 5.485e+2 5.485e+2 5.485e+2 5.485e+2 5.485e+2 5.485e+2 5.485e+2
    5.485e+2 5.485e+2 5.485e+2 5.485e+2 5.485e+2 5.485e+2 5.485e+2 5.485e+2
    5.485e+2 5.485e+2 5.485e+2 5.485e+2 5.485e+2 5.485e+2 5.485e+2 5.485e+2
    5.485e+2 5.485e+2 5.485e+2 5.485e+2 5.485e+2 5.485e+2 5.485e+2 5.485e+2
    5.485e+2 5.485e+2 5.485e+2 5.485e+2 5.485e+2 5.485e+2 5.485e+2 5.485e+2
    5.485e+2 5.485e+2 5.485e+2 5.485e+2 5.485e+2 5.485e+2 5.485e+2 5.485e+2
    5.485e+2 5.485e+2 5.485e+2 5.485e+2 5.485e+2 5.485e+2 5.485e+2 5.485e+2
    5.485e+2 5.485e+2 5.485e+2 5.485e+2 5.485e+2 5.485e+2 5.485e+2 5.485e+2
    5.485e+2 5.485e+2 5.485e+2 5.485e+2 5.485e+2 5.485e+2 5.485e+2 5.485e+2
    5.485e+2 5.485e+2 5.485e+2 5.485e+2 5.485e+2 5.485e+2 5.485e+2 5.485e+2
    5.485e+2 5.485e+2 5.485e+2 5.485e+2 5.485e+2 5.485e+2 5.485e+2 5.485e+2
    5.485e+2 5.485e+2 5.485e+2 5.485e+2 5.485e+2 5.485e+2 5.485e+2 5.485e+2
    5.485e+2 5.485e+2 5.485e+2 5.485e+2 5.485e+2 5.485e+2 5.485e+2 5.485e+2
    5.485e+2 5.485e+2 5.485e+2 5.485e+2 5.485e+2 5.485e+2 5.485e+2 5.485e+2
    5.485e+2 5.485e+2 5.485e+2 5.485e+2 5.485e+2 5.485e+2 5.485e+2 5.485e+2
    5.485e+2 5.485e+2 5.485e+2 5.485e+2 5.485e+2 5.485e+2 5.485e+2 5.485e+2
    5.485e+2 5.485e+2 5.485e+2 5.485e+2 5.485e+2 5.485e+2 5.485e+2 5.485e+2
    5.485e+2 5.485e+2 5.485e+2 5.485e+2 5.485e+2 5.485e+2 5.485e+2 5.485e+2
    5.485e+2 5.485e+2 5.485e+2 5.485e+2 5.485e+2 5.485e+2 5.485e+2 5.485e+2
    5.485e+2 5.485e+2 5.485e+2 5.485e+2 5.485e+2 5.485e+2 5.485e+2 5.485e+2
    5.485e+2 5.485e+2 5.485e+2 5.485e+2 5.485e+2 5.485e+2 5.485e+2 5.485e+2
    5.485e+2 5.485e+2 5.485e+2 5.485e+2 5.485e+2 5.485e+2 5.485e+2 5.485e+2
    5.485e+2 5.485e+2 5.485e+2 5.485e+2 5.485e+2 5.485e+2 5.485e+2 5.485e+2
    5.485e+2 5.485e+2 5.485e+2 5.485e+2 5.485e+2 5.485e+2 5.485e+2 5.485e+2
    5.485e+2 5.485e+2 5.485e+2 5.485e+2 5.485e+2 5.485e+2 5.485e+2 5.485e+2
    5.485e+2 5.485e+2 5.485e+2 5.485e+2 5.485e+2 5.485e+2 5.485e+2 5.485e+2
    5.485e+2 5.485e+2 5.485e+2 5.485e+2 5.485e+2 5.485e+2 5.485e+2 5.485e+2
    5.485e+2 5.485e+2 5.485e+2 5.485e+2 5.485e+2 5.485e+2 5.485e+2 5.485e+2
    5.485e+2 5.485e+2 5.485e+2 5.485e+2 5.485e+2 5.485e+2 5.485e+2 5.485e+2
    5.485e+2 5.485e+2 5.485e+2 5.485e+2 5.485e+2 5.485e+2 5.485e+2 5.485e+2
    5.485e+2 5.485e+2 5.485e+2 5.485e+2 5.485e+2 5.485e+2 5.485e+2 5.485e+2
    5.485e+2 5.485e+2 5.485e+2 5.485e+2 5.485e+2 5.485e+2 5.485e+2 5.485e+2
    5.485e+2 5.485e+2 5.485e+2 5.485e+2 5.485e+2 5.485e+2 5.485e+2 5.485e+2
    5.485e+2 5.485e+2 5.485e+2 5.485e+2 5.485e+2 5.485e+2 5.485e+2 5.485e+2
    5.485e+2 5.485e+2 5.485e+2 5.485e+2 5.485e+2 5.485e+2 5.485e+2 5.485e+2
    5.485e+2 5.485e+2 5.485e+2 5.485e+2 5.485e+2 5.485e+2 5.485e+2 5.485e+2
    5.485e+2 5.485e+2 5.485e+2 5.485e+2 5.485e+2 5.485e+2 5.485e+2 5.485e+2
    5.485e+2 5.485e+2 5.485e+2 5.485e+2 5.485e+2 5.485e+2 5.485e+2 5.485e+2
    5.485e+2 5.485e+2 5.485e+2 5.485e+2 5.485e+2 5.485e+2 5.485e+2 5.485e+2
    5.485e+2 5.485e+2 5.485e+2 5.485e+2 5.485e+2 5.485e+2 5.485e+2 5.485e+2
    5.485e+2 5.485e+2 5.485e+2 5.485e+2 5.485e+2 5.485e+2 5.485e+2 5.485e+2
    5.485e+2 5.485e+2 5.485e+2 5.485e+2 5.485e+2 5.485e+2 5.485e+2 5.485e+2
    5.485e+2 5.485e+2 5.485e+2 5.485e+2 5.485e+2 5.485e+2 5.485e+2 5.485e+2
    5.485e+2 5.485e+2 5.485e+2 5.485e+2 5.485e+2 5.485e+2 5.485e+2 5.485e+2
    5.485e+2 5.485e+2 5.485e+2 5.485e+2 5.485e+2 5.485e+2 5.485e+2 5.485e+2
    5.485e+2 5.485e+2 5.485e+2 5.485e+2 5.485e+2 5.485e+2 5.485e+2 5.485e+2
    5.485e+2 5.485e+2 5.485e+2 5.485e+2 5.485e+2 5.485e+2 5.485e+2 5.485e+2
    5.485e+2 5.485e+2 5.485e+2 5.485e+2 5.485e+2 5.485e+2 5.485e+2 5.485e+2
    5.485e+2 5.485e+2 5.485e+2 5.485e+2 5.485e+2 5.485e+2 5.485e+2 5.485e+2
    5.485e+2 5.485e+2 5.485e+2 5.485e+2 5.485e+2 5.485e+2 5.485e+2 5.485e+2
    5.485e+2 5.485e+2 5.485e+2 5.485e+2 5.485e+2 5.485e+2 5.485e+2 5.485e+2
    5.485e+2 5.485e+2 5.485e+2 5.485e+2 5.485e+2 5.485e+2 5.485e+2 5.485e+2
    5.485e+2 5.485e+2 5.485e+2 5.485e+2 5.485e+2 5.485e+2 5.485e+2 5.485e+2
    5.485e+2 5.485e+2 5.485e+2 5.485e+2 5.485e+2 5.485e+2 5.485e+2 5.485e+2
    5.485e+2 5.485e+2 5.485e+2 5.485e+2 5.485e+2 5.485e+2 5.485e+2 5.485e+2
    5.485e+2 5.485e+2 5.485e+2 5.485e+2 5.485e+2 5.485e+2 5.485e+2 5.485e+2
    5.485e+2 5.485e+2 5.485e+2 5.485e+2 5.485e+2 5.485e+2 5.485e+2 5.485e+2
    5.485e+2 5.485e+2 5.485e+2 5.485e+2 5.485e+2 5.485e+2 5.485e+2 5.485e+2
    5.485e+2 5.485e+2 5.485e+2 5.485e+2 5.485e+2 5.485e+2 5.485e+2 5.485e+2
    5.485e+2 5.485e+2 5.485e+2 5.485e+2 5.485e+2 5.485e+2 5.485e+2 5.485e+2
    5.485e+2 5.485e+2 5.485e+2 5.485e+2 5.485e+2 5.485e+2 5.485e+2 5.485e+2
    5.485e+2 5.485e+2 5.485e+2 5.485e+2 5.485e+2 5.485e+2 5.485e+2 5.485e+2
    5.485e+2 5.485e+2 5.485e+2 5.485e+2 5.485e+2 5.485e+2 5.485e+2 5.485e+2
    5.485e+2 5.485e+2 5.485e+2 5.485e+2 5.485e+2 5.485e+2 5.485e+2 5.485e+2
    5.485e+2 5.485e+2 5.485e+2 5.485e+2 5.485e+2 5.485e+2 5.485e+2 5.485e+2
    5.485e+2 5.485e+2 5.485e+2 5.485e+2 5.485e+2 5.485e+2 5.485e+2 5.485e+2
    5.485e+2 5.485e+2 5.485e+2 5.485e+2 5.485e+2 5.485e+2 5.485e+2 5.485e+2
    5.485e+2 5.485e+2 5.485e+2 5.485e+2 5.485e+2 5.485e+2 5.485e+2 5.485e+2
    5.485e+2 5.485e+2 5.485e+2 5.485e+2 5.485e+2 5.485e+2 5.485e+2 5.485e+2
    5.485e+2 5.485e+2 5.485e+2 5.485e+2 5.485e+2 5.485e+2 5.485e+2 5.485e+2
    5.485e+2 5.485e+2 5.485e+2 5.485e+2 5.485e+2 5.485e+2 5.485e+2 5.485e+2
    5.485e+2 5.485e+2 5.485e+2 5.485e+2 5.485e+2 5.485e+2 5.485e+2 5.485e+2
    5.485e+2 5.485e+2 5.485e+2 5.485e+2 5.485e+2 5.485e+2 5.485e+2 5.485e+2
    5.485e+2 5.485e+2 5.485e+2 5.485e+2 5.485e+2 5.485e+2 5.485e+2 5.485e+2
    5.485e+2 5.485e+2 5.485e+2 5.485e+2 5.485e+2 5.485e+2 5.485e+2 5.485e+2
    5.485e+2 5.485e+2 5.485e+2 5.485e+2 5.485e+2 5.485e+2 5.485e+2 5.485e+2
    5.485e+2 5.485e+2 5.4866666666666663e+2 5.4866666666666663e+2
    5.4866666666666663e+2 5.4866666666666663e+2 5.4866666666666663e+2
    5.4866666666666663e+2 5.4866666666666663e+2 5.4866666666666663e+2
    5.4866666666666663e+2 5.4866666666666663e+2 5.4866666666666663e+2
    5.4866666666666663e+2 5.4866666666666663e+2 5.4866666666666663e+2
    5.4866666666666663e+2 5.4866666666666663e+2 5.4866666666666663e+2
    5.4866666666666663e+2 5.4866666666666663e+2 5.4866666666666663e+2
    5.4866666666666663e+2 5.4866666666666663e+2 5.4866666666666663e+2
    5.4866666666666663e+2 5.4866666666666663e+2 5.4866666666666663e+2
    5.4866666666666663e+2 5.4866666666666663e+2 5.4866666666666663e+2
    5.4866666666666663e+2 5.4866666666666663e+2 5.4866666666666663e+2
    5.4866666666666663e+2 5.4866666666666663e+2 5.4866666666666663e+2
    5.4866666666666663e+2 5.4866666666666663e+2 5.4866666666666663e+2
    5.4866666666666663e+2 5.4866666666666663e+2 5.4866666666666663e+2
    5.4866666666666663e+2 5.4866666666666663e+2 5.4866666666666663e+2
    5.4866666666666663e+2 5.4866666666666663e+2 5.4866666666666663e+2
    5.4866666666666663e+2 5.4866666666666663e+2 5.4866666666666663e+2
    5.4866666666666663e+2 5.4866666666666663e+2 5.4866666666666663e+2
    5.4866666666666663e+2 5.4866666666666663e+2 5.4866666666666663e+2
    5.4866666666666663e+2 5.4866666666666663e+2 5.4866666666666663e+2
    5.4866666666666663e+2 5.4866666666666663e+2 5.4866666666666663e+2
    5.4883333333333337e+2 5.4883333333333337e+2 5.4883333333333337e+2
    5.4883333333333337e+2 5.4883333333333337e+2 5.4883333333333337e+2
    5.4883333333333337e+2 5.4883333333333337e+2 5.4883333333333337e+2
    5.4883333333333337e+2 5.4883333333333337e+2 5.4883333333333337e+2
    5.4883333333333337e+2 5.4883333333333337e+2 5.4883333333333337e+2
    5.4883333333333337e+2 5.4883333333333337e+2 5.4883333333333337e+2
    5.4883333333333337e+2 5.4883333333333337e+2 5.4883333333333337e+2
    5.4883333333333337e+2 5.4883333333333337e+2 5.4883333333333337e+2
    5.4883333333333337e+2 5.4883333333333337e+2 5.4883333333333337e+2
    5.4883333333333337e+2 5.4883333333333337e+2 5.4883333333333337e+2
    5.4883333333333337e+2 5.4883333333333337e+2 5.4883333333333337e+2
    5.4883333333333337e+2 5.4883333333333337e+2 5.4883333333333337e+2
    5.4883333333333337e+2 5.4883333333333337e+2 5.4883333333333337e+2
    5.4883333333333337e+2 5.4883333333333337e+2 5.4883333333333337e+2
    5.4883333333333337e+2 5.4883333333333337e+2 5.4883333333333337e+2
    5.4883333333333337e+2 5.4883333333333337e+2 5.4883333333333337e+2
    5.4883333333333337e+2 5.4883333333333337e+2 5.4883333333333337e+2
    5.4883333333333337e+2 5.4883333333333337e+2 5.4883333333333337e+2
    5.4883333333333337e+2 5.4883333333333337e+2 5.4883333333333337e+2
    5.4883333333333337e+2 5.4883333333333337e+2 5.4883333333333337e+2
    5.4883333333333337e+2 5.4883333333333337e+2 5.4883333333333337e+2
    5.4883333333333337e+2 5.4883333333333337e+2 5.4883333333333337e+2
    5.4883333333333337e+2 5.4883333333333337e+2 5.4883333333333337e+2
    5.4883333333333337e+2 5.4883333333333337e+2 5.4883333333333337e+2
    5.4883333333333337e+2 5.4883333333333337e+2 5.4883333333333337e+2
    5.4883333333333337e+2 5.4883333333333337e+2 5.4883333333333337e+2
    5.4883333333333337e+2 5.4883333333333337e+2 5.4883333333333337e+2
    5.4883333333333337e+2 5.4883333333333337e+2 5.4883333333333337e+2
    5.4883333333333337e+2 5.4883333333333337e+2 5.4883333333333337e+2
    5.4883333333333337e+2 5.4883333333333337e+2 5.4883333333333337e+2
    5.4883333333333337e+2 5.4883333333333337e+2 5.4883333333333337e+2
    5.4883333333333337e+2 5.4883333333333337e+2 5.4883333333333337e+2
    5.4883333333333337e+2 5.4883333333333337e+2 5.4883333333333337e+2
    5.4883333333333337e+2 5.4883333333333337e+2 5.4883333333333337e+2
    5.4883333333333337e+2 5.4883333333333337e+2 5.4883333333333337e+2
    5.4883333333333337e+2 5.4883333333333337e+2 5.4883333333333337e+2
    5.4883333333333337e+2 5.4883333333333337e+2 5.4883333333333337e+2
    5.4883333333333337e+2 5.4883333333333337e+2 5.4883333333333337e+2
    5.4883333333333337e+2 5.4883333333333337e+2 5.4883333333333337e+2
    5.4883333333333337e+2 5.4883333333333337e+2 5.4883333333333337e+2
    5.4883333333333337e+2 5.4883333333333337e+2 5.4883333333333337e+2
    5.4883333333333337e+2 5.4883333333333337e+2 5.4883333333333337e+2
    5.4883333333333337e+2 5.4883333333333337e+2 5.4883333333333337e+2
    5.4883333333333337e+2 5.4883333333333337e+2 5.4883333333333337e+2
    5.4883333333333337e+2 5.4883333333333337e+2 5.4883333333333337e+2
    5.4883333333333337e+2 5.4883333333333337e+2 5.4883333333333337e+2
    5.4883333333333337e+2 5.4883333333333337e+2 5.4883333333333337e+2
    5.4883333333333337e+2 5.4883333333333337e+2 5.4883333333333337e+2
    5.4883333333333337e+2 5.4883333333333337e+2 5.4883333333333337e+2
    5.4883333333333337e+2 5.4883333333333337e+2 5.4883333333333337e+2
    5.4883333333333337e+2 5.4883333333333337e+2 5.4883333333333337e+2
    5.4883333333333337e+2 5.4883333333333337e+2 5.4883333333333337e+2
    5.4883333333333337e+2 5.4883333333333337e+2 5.4883333333333337e+2
    5.4883333333333337e+2 5.4883333333333337e+2 5.4883333333333337e+2
    5.4883333333333337e+2 5.4883333333333337e+2 5.4883333333333337e+2
    5.4883333333333337e+2 5.4883333333333337e+2 5.4883333333333337e+2
    5.4883333333333337e+2 5.4883333333333337e+2 5.4883333333333337e+2
    5.4883333333333337e+2 5.4883333333333337e+2 5.4883333333333337e+2
    5.4883333333333337e+2 5.4883333333333337e+2 5.4883333333333337e+2
    5.4883333333333337e+2 5.4883333333333337e+2 5.4883333333333337e+2
    5.4883333333333337e+2 5.4883333333333337e+2 5.4883333333333337e+2
    5.4883333333333337e+2 5.4883333333333337e+2 5.4883333333333337e+2
    5.4883333333333337e+2 5.4883333333333337e+2 5.4883333333333337e+2
    5.4883333333333337e+2 5.4883333333333337e+2 5.4883333333333337e+2
    5.4883333333333337e+2 5.4883333333333337e+2 5.4883333333333337e+2
    5.4883333333333337e+2 5.4883333333333337e+2 5.4883333333333337e+2
    5.4883333333333337e+2 5.4883333333333337e+2 5.4883333333333337e+2
    5.4883333333333337e+2 5.4883333333333337e+2 5.4883333333333337e+2
    5.4883333333333337e+2 5.4883333333333337e+2 5.4883333333333337e+2
    5.4883333333333337e+2 5.4883333333333337e+2 5.4883333333333337e+2
    5.4883333333333337e+2 5.4883333333333337e+2 5.4883333333333337e+2
    5.4883333333333337e+2 5.4883333333333337e+2 5.4883333333333337e+2
    5.4883333333333337e+2 5.4883333333333337e+2 5.4883333333333337e+2
    5.4883333333333337e+2 5.4883333333333337e+2 5.4883333333333337e+2
    5.4883333333333337e+2 5.4883333333333337e+2 5.4883333333333337e+2
    5.4883333333333337e+2 5.4883333333333337e+2 5.4883333333333337e+2
    5.4883333333333337e+2 5.4883333333333337e+2 5.4883333333333337e+2
    5.4883333333333337e+2 5.4883333333333337e+2 5.4883333333333337e+2
    5.4883333333333337e+2 5.4883333333333337e+2 5.4883333333333337e+2
    5.4883333333333337e+2 5.4883333333333337e+2 5.4883333333333337e+2
    5.4883333333333337e+2 5.4883333333333337e+2 5.4883333333333337e+2
    5.4883333333333337e+2 5.4883333333333337e+2 5.4883333333333337e+2
    5.4883333333333337e+2 5.4883333333333337e+2 5.4883333333333337e+2
    5.4883333333333337e+2 5.4883333333333337e+2 5.4883333333333337e+2
    5.4883333333333337e+2 5.4883333333333337e+2 5.4883333333333337e+2
    5.4883333333333337e+2 5.4883333333333337e+2 5.4883333333333337e+2
    5.4883333333333337e+2 5.4883333333333337e+2 5.4883333333333337e+2
    5.4883333333333337e+2 5.4883333333333337e+2 5.4883333333333337e+2
    5.4883333333333337e+2 5.4883333333333337e+2 5.4883333333333337e+2
    5.4883333333333337e+2 5.4883333333333337e+2 5.4883333333333337e+2
    5.4883333333333337e+2 5.4883333333333337e+2 5.4883333333333337e+2
    5.4883333333333337e+2 5.4883333333333337e+2 5.4883333333333337e+2
    5.4883333333333337e+2 5.4883333333333337e+2 5.4883333333333337e+2
    5.4883333333333337e+2 5.4883333333333337e+2 5.4883333333333337e+2
    5.4883333333333337e+2 5.4883333333333337e+2 5.4883333333333337e+2
    5.4883333333333337e+2 5.4883333333333337e+2 5.4883333333333337e+2
    5.4883333333333337e+2 5.4883333333333337e+2 5.4883333333333337e+2
    5.4883333333333337e+2 5.4883333333333337e+2 5.4883333333333337e+2
    5.4883333333333337e+2 5.4883333333333337e+2 5.4883333333333337e+2
    5.4883333333333337e+2 5.4883333333333337e+2 5.4883333333333337e+2
    5.4883333333333337e+2 5.4883333333333337e+2 5.4883333333333337e+2
    5.4883333333333337e+2 5.4883333333333337e+2 5.4883333333333337e+2
    5.4883333333333337e+2 5.4883333333333337e+2 5.4883333333333337e+2
    5.4883333333333337e+2 5.4883333333333337e+2 5.4883333333333337e+2
    5.4883333333333337e+2 5.4883333333333337e+2 5.4883333333333337e+2
    5.4883333333333337e+2 5.4883333333333337e+2 5.4883333333333337e+2
    5.4883333333333337e+2 5.4883333333333337e+2 5.4883333333333337e+2
    5.4883333333333337e+2 5.4883333333333337e+2 5.4883333333333337e+2
    5.4883333333333337e+2 5.4883333333333337e+2 5.4883333333333337e+2
    5.4883333333333337e+2 5.4883333333333337e+2 5.4883333333333337e+2
    5.4883333333333337e+2 5.4883333333333337e+2 5.4883333333333337e+2
    5.4883333333333337e+2 5.4883333333333337e+2 5.4883333333333337e+2
    5.4883333333333337e+2 5.4883333333333337e+2 5.4883333333333337e+2
    5.4883333333333337e+2 5.4883333333333337e+2 5.4883333333333337e+2
    5.4883333333333337e+2 5.4883333333333337e+2 5.4883333333333337e+2
    5.4883333333333337e+2 5.4883333333333337e+2 5.4883333333333337e+2
    5.4883333333333337e+2 5.4883333333333337e+2 5.4883333333333337e+2
    5.4883333333333337e+2 5.4883333333333337e+2 5.4883333333333337e+2
    5.4883333333333337e+2 5.4883333333333337e+2 5.4883333333333337e+2
    5.4883333333333337e+2 5.4883333333333337e+2 5.4883333333333337e+2
    5.4883333333333337e+2 5.4883333333333337e+2 5.4883333333333337e+2
    5.4883333333333337e+2 5.4883333333333337e+2 5.4883333333333337e+2
    5.4883333333333337e+2 5.4883333333333337e+2 5.4883333333333337e+2
    5.4883333333333337e+2 5.4883333333333337e+2 5.4883333333333337e+2
    5.4883333333333337e+2 5.4883333333333337e+2 5.4883333333333337e+2
    5.4883333333333337e+2 5.4883333333333337e+2 5.4883333333333337e+2
    5.4883333333333337e+2 5.4883333333333337e+2 5.4883333333333337e+2
    5.4883333333333337e+2 5.4883333333333337e+2 5.4883333333333337e+2
    5.4883333333333337e+2 5.4883333333333337e+2 5.4883333333333337e+2
    5.4883333333333337e+2 5.4883333333333337e+2 5.4883333333333337e+2
    5.4883333333333337e+2 5.4883333333333337e+2 5.4883333333333337e+2
    5.4883333333333337e+2 5.4883333333333337e+2 5.4883333333333337e+2
    5.4883333333333337e+2 5.4883333333333337e+2 5.4883333333333337e+2
    5.4883333333333337e+2 5.4883333333333337e+2 5.4883333333333337e+2
    5.4883333333333337e+2 5.4883333333333337e+2 5.4883333333333337e+2
    5.4883333333333337e+2 5.4883333333333337e+2 5.4883333333333337e+2
    5.4883333333333337e+2 5.4883333333333337e+2 5.4883333333333337e+2
    5.4883333333333337e+2 5.4883333333333337e+2 5.4883333333333337e+2
    5.4883333333333337e+2 5.4883333333333337e+2 5.4883333333333337e+2
    5.4883333333333337e+2 5.4883333333333337e+2 5.4883333333333337e+2
    5.4883333333333337e+2 5.4883333333333337e+2 5.4883333333333337e+2
    5.4883333333333337e+2 5.4883333333333337e+2 5.4883333333333337e+2
    5.4883333333333337e+2 5.4883333333333337e+2 5.4883333333333337e+2
    5.4883333333333337e+2 5.4883333333333337e+2 5.4883333333333337e+2
    5.4883333333333337e+2 5.4883333333333337e+2 5.4883333333333337e+2
    5.4883333333333337e+2 5.4883333333333337e+2 5.4883333333333337e+2
    5.4883333333333337e+2 5.4883333333333337e+2 5.4883333333333337e+2
    5.4883333333333337e+2 5.4883333333333337e+2 5.4883333333333337e+2
    5.4883333333333337e+2 5.4883333333333337e+2 5.4883333333333337e+2
    5.4883333333333337e+2 5.4883333333333337e+2 5.4883333333333337e+2
    5.4883333333333337e+2 5.4883333333333337e+2 5.4883333333333337e+2
    5.4883333333333337e+2 5.4883333333333337e+2 5.4883333333333337e+2
    5.4883333333333337e+2 5.4883333333333337e+2 5.4883333333333337e+2
    5.4883333333333337e+2 5.4883333333333337e+2 5.4883333333333337e+2
    5.4883333333333337e+2 5.4883333333333337e+2 5.4883333333333337e+2
    5.4883333333333337e+2 5.4883333333333337e+2 5.4883333333333337e+2
    5.4883333333333337e+2 5.4883333333333337e+2 5.4883333333333337e+2
    5.4883333333333337e+2 5.4883333333333337e+2 5.4883333333333337e+2
    5.4883333333333337e+2 5.4883333333333337e+2 5.4883333333333337e+2
    5.4883333333333337e+2 5.4883333333333337e+2 5.4883333333333337e+2
    5.4883333333333337e+2 5.4883333333333337e+2 5.4883333333333337e+2
    5.4883333333333337e+2 5.4916666666666663e+2 5.4916666666666663e+2
    5.4916666666666663e+2 5.4916666666666663e+2 5.4916666666666663e+2
    5.4916666666666663e+2 5.4916666666666663e+2 5.4916666666666663e+2
    5.4916666666666663e+2 5.4916666666666663e+2 5.5133333333333337e+2
    5.5133333333333337e+2 5.5133333333333337e+2 5.5133333333333337e+2
    5.5133333333333337e+2 5.5133333333333337e+2 5.5133333333333337e+2
    5.5133333333333337e+2 5.5133333333333337e+2 5.5133333333333337e+2
    5.5133333333333337e+2 5.5133333333333337e+2 5.5133333333333337e+2
    5.5133333333333337e+2 5.5133333333333337e+2 5.5133333333333337e+2
    5.5133333333333337e+2 5.5133333333333337e+2 5.5133333333333337e+2
    5.5133333333333337e+2 5.5133333333333337e+2 5.5133333333333337e+2
    5.5133333333333337e+2 5.5133333333333337e+2 5.5133333333333337e+2
    5.5133333333333337e+2 5.5133333333333337e+2 5.5133333333333337e+2
    5.5133333333333337e+2 5.5133333333333337e+2 5.5133333333333337e+2
    5.5133333333333337e+2 5.5133333333333337e+2 5.5133333333333337e+2
    5.5133333333333337e+2 5.5133333333333337e+2 5.5133333333333337e+2
    5.5133333333333337e+2 5.5133333333333337e+2 5.5133333333333337e+2
    5.5133333333333337e+2 5.5133333333333337e+2 5.5133333333333337e+2
    5.5133333333333337e+2 5.5133333333333337e+2 5.5133333333333337e+2
    5.5133333333333337e+2 5.5133333333333337e+2 5.5133333333333337e+2
    5.5133333333333337e+2 5.5133333333333337e+2 5.5133333333333337e+2
    5.5133333333333337e+2 5.5133333333333337e+2 5.5133333333333337e+2
    5.5133333333333337e+2 5.5133333333333337e+2 5.5133333333333337e+2
    5.5133333333333337e+2 5.5133333333333337e+2 5.5133333333333337e+2
    5.5133333333333337e+2 5.5133333333333337e+2 5.5133333333333337e+2
    5.5133333333333337e+2 5.5133333333333337e+2 5.5133333333333337e+2
    5.5133333333333337e+2 5.5133333333333337e+2 5.5133333333333337e+2
    5.5133333333333337e+2 5.5133333333333337e+2 5.5133333333333337e+2
    5.5133333333333337e+2 5.5133333333333337e+2 5.5133333333333337e+2
    5.5133333333333337e+2 5.5133333333333337e+2 5.5133333333333337e+2
    5.5133333333333337e+2 5.5133333333333337e+2 5.5133333333333337e+2
    5.5133333333333337e+2 5.5133333333333337e+2 5.5133333333333337e+2
    5.5133333333333337e+2 5.5133333333333337e+2 5.5133333333333337e+2
    5.5133333333333337e+2 5.5133333333333337e+2 5.5133333333333337e+2
    5.5133333333333337e+2 5.5133333333333337e+2 5.5133333333333337e+2
    5.5133333333333337e+2 5.5133333333333337e+2 5.5133333333333337e+2
    5.5133333333333337e+2 5.5133333333333337e+2 5.5133333333333337e+2
    5.5133333333333337e+2 5.5133333333333337e+2 5.5133333333333337e+2
    5.5133333333333337e+2 5.5133333333333337e+2 5.5133333333333337e+2
    5.5133333333333337e+2 5.5133333333333337e+2 5.5133333333333337e+2
    5.5133333333333337e+2 5.5133333333333337e+2 5.5133333333333337e+2
    5.5133333333333337e+2 5.5133333333333337e+2 5.5133333333333337e+2
    5.5133333333333337e+2 5.5133333333333337e+2 5.5133333333333337e+2
    5.5133333333333337e+2 5.5133333333333337e+2 5.5133333333333337e+2
    5.5133333333333337e+2 5.5133333333333337e+2 5.5133333333333337e+2
    5.5133333333333337e+2 5.5133333333333337e+2 5.5133333333333337e+2
    5.5133333333333337e+2 5.5133333333333337e+2 5.5133333333333337e+2
    5.5133333333333337e+2 5.5133333333333337e+2 5.5133333333333337e+2
    5.5133333333333337e+2 5.5133333333333337e+2 5.5133333333333337e+2
    5.5133333333333337e+2 5.5133333333333337e+2 5.5133333333333337e+2
    5.5133333333333337e+2 5.5133333333333337e+2 5.5133333333333337e+2
    5.5133333333333337e+2 5.5133333333333337e+2 5.5133333333333337e+2
    5.5133333333333337e+2 5.5133333333333337e+2 5.5133333333333337e+2
    5.5133333333333337e+2 5.5133333333333337e+2 5.5133333333333337e+2
    5.5133333333333337e+2 5.5133333333333337e+2 5.5133333333333337e+2
    5.5133333333333337e+2 5.5133333333333337e+2 5.5133333333333337e+2
    5.5133333333333337e+2 5.5133333333333337e+2 5.5133333333333337e+2
    5.5133333333333337e+2 5.5133333333333337e+2 5.5133333333333337e+2
    5.5133333333333337e+2 5.5133333333333337e+2 5.5133333333333337e+2
    5.5133333333333337e+2 5.5133333333333337e+2 5.5133333333333337e+2
    5.5133333333333337e+2 5.5133333333333337e+2 5.5133333333333337e+2
    5.5133333333333337e+2 5.5133333333333337e+2 5.5133333333333337e+2
    5.5133333333333337e+2 5.5133333333333337e+2 5.5133333333333337e+2
    5.5133333333333337e+2 5.5133333333333337e+2 5.5133333333333337e+2
    5.5133333333333337e+2 5.5133333333333337e+2 5.5133333333333337e+2
    5.5133333333333337e+2 5.5133333333333337e+2 5.5133333333333337e+2
    5.5133333333333337e+2 5.5133333333333337e+2 5.5133333333333337e+2
    5.5133333333333337e+2 5.5133333333333337e+2 5.5133333333333337e+2
    5.5133333333333337e+2 5.5133333333333337e+2 5.5133333333333337e+2
    5.5133333333333337e+2 5.5133333333333337e+2 5.5133333333333337e+2
    5.5133333333333337e+2 5.5133333333333337e+2 5.5133333333333337e+2
    5.5133333333333337e+2 5.5133333333333337e+2 5.5133333333333337e+2
    5.5133333333333337e+2 5.5133333333333337e+2 5.5133333333333337e+2
    5.5133333333333337e+2 5.5133333333333337e+2 5.5133333333333337e+2
    5.5133333333333337e+2 5.5133333333333337e+2 5.5133333333333337e+2
    5.5133333333333337e+2 5.5133333333333337e+2 5.5133333333333337e+2
    5.5133333333333337e+2 5.5133333333333337e+2 5.5133333333333337e+2
    5.5133333333333337e+2 5.5133333333333337e+2 5.5133333333333337e+2
    5.5133333333333337e+2 5.5133333333333337e+2 5.5133333333333337e+2
    5.5133333333333337e+2 5.5133333333333337e+2 5.5133333333333337e+2
    5.5133333333333337e+2 5.5133333333333337e+2 5.5133333333333337e+2
    5.5133333333333337e+2 5.5133333333333337e+2 5.5133333333333337e+2
    5.5133333333333337e+2 5.5133333333333337e+2 5.5133333333333337e+2
    5.5133333333333337e+2 5.5133333333333337e+2 5.5133333333333337e+2
    5.5133333333333337e+2 5.5133333333333337e+2 5.5133333333333337e+2
    5.5133333333333337e+2 5.5133333333333337e+2 5.5133333333333337e+2
    5.5133333333333337e+2 5.5133333333333337e+2 5.5133333333333337e+2
    5.5133333333333337e+2 5.5133333333333337e+2 5.5133333333333337e+2
    5.5133333333333337e+2 5.5133333333333337e+2 5.5133333333333337e+2
    5.5133333333333337e+2 5.5133333333333337e+2 5.5133333333333337e+2
    5.5133333333333337e+2 5.5133333333333337e+2 5.5133333333333337e+2
    5.5133333333333337e+2 5.5133333333333337e+2 5.5133333333333337e+2
    5.5133333333333337e+2 5.5133333333333337e+2 5.5133333333333337e+2
    5.5133333333333337e+2 5.5133333333333337e+2 5.5133333333333337e+2
    5.5133333333333337e+2 5.5133333333333337e+2 5.5133333333333337e+2
    5.5133333333333337e+2 5.5133333333333337e+2 5.5133333333333337e+2
    5.5133333333333337e+2 5.5133333333333337e+2 5.5133333333333337e+2
    5.5133333333333337e+2 5.5133333333333337e+2 5.5133333333333337e+2
    5.5133333333333337e+2 5.5133333333333337e+2 5.5133333333333337e+2
    5.5133333333333337e+2 5.5133333333333337e+2 5.5133333333333337e+2
    5.5133333333333337e+2 5.5133333333333337e+2 5.5133333333333337e+2
    5.5133333333333337e+2 5.5133333333333337e+2 5.5133333333333337e+2
    5.5133333333333337e+2 5.5133333333333337e+2 5.5133333333333337e+2
    5.5133333333333337e+2 5.5133333333333337e+2 5.5133333333333337e+2
    5.5133333333333337e+2 5.5133333333333337e+2 5.5133333333333337e+2
    5.5133333333333337e+2 5.5133333333333337e+2 5.5133333333333337e+2
    5.5133333333333337e+2 5.5133333333333337e+2 5.5133333333333337e+2
    5.5133333333333337e+2 5.5133333333333337e+2 5.5133333333333337e+2
    5.5133333333333337e+2 5.5133333333333337e+2 5.5133333333333337e+2
    5.5133333333333337e+2 5.5133333333333337e+2 5.5133333333333337e+2
    5.5133333333333337e+2 5.5133333333333337e+2 5.5133333333333337e+2
    5.5133333333333337e+2 5.5133333333333337e+2 5.5133333333333337e+2
    5.5133333333333337e+2 5.5133333333333337e+2 5.5133333333333337e+2
    5.5133333333333337e+2 5.5133333333333337e+2 5.5133333333333337e+2
    5.5133333333333337e+2 5.5133333333333337e+2 5.5133333333333337e+2
    5.5133333333333337e+2 5.5133333333333337e+2 5.5133333333333337e+2
    5.5133333333333337e+2 5.5133333333333337e+2 5.5133333333333337e+2
    5.5133333333333337e+2 5.5133333333333337e+2 5.5133333333333337e+2
    5.5133333333333337e+2 5.5133333333333337e+2 5.5133333333333337e+2
    5.5133333333333337e+2 5.5133333333333337e+2 5.5133333333333337e+2
    5.5133333333333337e+2 5.5133333333333337e+2 5.5133333333333337e+2
    5.5133333333333337e+2 5.5133333333333337e+2 5.5133333333333337e+2
    5.5133333333333337e+2 5.5133333333333337e+2 5.5133333333333337e+2
    5.5133333333333337e+2 5.5133333333333337e+2 5.5133333333333337e+2
    5.5133333333333337e+2 5.5133333333333337e+2 5.5133333333333337e+2
    5.5133333333333337e+2 5.5133333333333337e+2 5.5133333333333337e+2
    5.5133333333333337e+2 5.5133333333333337e+2 5.5133333333333337e+2
    5.5133333333333337e+2 5.5133333333333337e+2 5.5133333333333337e+2
    5.5133333333333337e+2 5.5533333333333337e+2 5.5533333333333337e+2
    5.5533333333333337e+2 5.5533333333333337e+2 5.555e+2 5.5566666666666663e+2
    5.5566666666666663e+2 5.5566666666666663e+2 5.5566666666666663e+2
    5.5566666666666663e+2 5.5566666666666663e+2 5.5566666666666663e+2
    5.5566666666666663e+2 5.5566666666666663e+2 5.5566666666666663e+2
    5.5566666666666663e+2 5.5566666666666663e+2 5.5566666666666663e+2
    5.5566666666666663e+2 5.5566666666666663e+2 5.5566666666666663e+2
    5.5566666666666663e+2 5.5566666666666663e+2 5.5566666666666663e+2
    5.5566666666666663e+2 5.5566666666666663e+2 5.5566666666666663e+2
    5.5566666666666663e+2 5.5566666666666663e+2 5.5566666666666663e+2
    5.5566666666666663e+2 5.5566666666666663e+2 5.5566666666666663e+2
    5.5566666666666663e+2 5.5566666666666663e+2 5.5566666666666663e+2
    5.5566666666666663e+2 5.5566666666666663e+2 5.5566666666666663e+2
    5.5583333333333337e+2 5.5583333333333337e+2 5.5583333333333337e+2
    5.5583333333333337e+2 5.5583333333333337e+2 5.5583333333333337e+2
    5.5583333333333337e+2 5.5583333333333337e+2 5.5583333333333337e+2
    5.5583333333333337e+2 5.56e+2 5.56e+2 5.56e+2 5.56e+2 5.56e+2 5.56e+2
    5.56e+2 5.56e+2 5.56e+2 5.56e+2 5.56e+2 5.56e+2 5.56e+2 5.56e+2 5.56e+2
    5.56e+2 5.56e+2 5.56e+2 5.56e+2 5.56e+2 5.56e+2 5.56e+2 5.56e+2 5.56e+2
    5.56e+2 5.56e+2 5.56e+2 5.56e+2 5.56e+2 5.56e+2 5.56e+2 5.56e+2 5.56e+2
    5.56e+2 5.56e+2 5.56e+2 5.56e+2 5.56e+2 5.56e+2 5.56e+2 5.56e+2 5.56e+2
    5.56e+2 5.56e+2 5.56e+2 5.56e+2 5.56e+2 5.56e+2 5.56e+2 5.56e+2 5.56e+2
    5.56e+2 5.56e+2 5.56e+2 5.56e+2 5.56e+2 5.56e+2 5.56e+2 5.56e+2 5.56e+2
    5.56e+2 5.56e+2 5.56e+2 5.56e+2 5.56e+2 5.56e+2 5.56e+2 5.56e+2 5.56e+2
    5.56e+2 5.56e+2 5.56e+2 5.56e+2 5.56e+2 5.56e+2 5.56e+2 5.56e+2 5.56e+2
    5.56e+2 5.56e+2 5.56e+2 5.56e+2 5.56e+2 5.56e+2 5.56e+2 5.56e+2 5.56e+2
    5.56e+2 5.56e+2 5.56e+2 5.56e+2 5.56e+2 5.56e+2 5.56e+2 5.56e+2 5.56e+2
    5.56e+2 5.56e+2 5.56e+2 5.56e+2 5.56e+2 5.56e+2 5.56e+2 5.56e+2 5.56e+2
    5.56e+2 5.56e+2 5.56e+2 5.56e+2 5.56e+2 5.56e+2 5.56e+2 5.56e+2 5.56e+2
    5.56e+2 5.56e+2 5.56e+2 5.56e+2 5.56e+2 5.56e+2 5.56e+2 5.56e+2 5.56e+2
    5.56e+2 5.56e+2 5.56e+2 5.56e+2 5.56e+2 5.56e+2 5.56e+2 5.56e+2 5.56e+2
    5.56e+2 5.56e+2 5.56e+2 5.56e+2 5.56e+2 5.56e+2 5.56e+2 5.56e+2 5.56e+2
    5.56e+2 5.56e+2 5.56e+2 5.56e+2 5.56e+2 5.56e+2 5.56e+2 5.56e+2 5.56e+2
    5.56e+2 5.56e+2 5.56e+2 5.56e+2 5.56e+2 5.56e+2 5.56e+2 5.56e+2 5.56e+2
    5.56e+2 5.56e+2 5.56e+2 5.56e+2 5.56e+2 5.56e+2 5.56e+2 5.56e+2 5.56e+2
    5.56e+2 5.56e+2 5.56e+2 5.56e+2 5.56e+2 5.56e+2 5.56e+2 5.56e+2 5.56e+2
    5.56e+2 5.56e+2 5.56e+2 5.56e+2 5.56e+2 5.56e+2 5.56e+2 5.56e+2 5.56e+2
    5.56e+2 5.56e+2 5.56e+2 5.56e+2 5.56e+2 5.56e+2 5.56e+2 5.56e+2 5.56e+2
    5.56e+2 5.56e+2 5.56e+2 5.56e+2 5.56e+2 5.56e+2 5.56e+2 5.56e+2 5.56e+2
    5.56e+2 5.56e+2 5.56e+2 5.56e+2 5.56e+2 5.56e+2 5.56e+2 5.56e+2 5.56e+2
    5.56e+2 5.56e+2 5.56e+2 5.56e+2 5.56e+2 5.56e+2 5.56e+2 5.56e+2 5.56e+2
    5.56e+2 5.56e+2 5.56e+2 5.56e+2 5.56e+2 5.56e+2 5.56e+2 5.56e+2 5.56e+2
    5.56e+2 5.56e+2 5.56e+2 5.56e+2 5.56e+2 5.56e+2 5.56e+2 5.56e+2 5.56e+2
    5.56e+2 5.56e+2 5.56e+2 5.56e+2 5.56e+2 5.56e+2 5.56e+2 5.56e+2 5.56e+2
    5.56e+2 5.56e+2 5.56e+2 5.56e+2 5.56e+2 5.56e+2 5.56e+2 5.56e+2 5.56e+2
    5.56e+2 5.56e+2 5.56e+2 5.56e+2 5.56e+2 5.56e+2 5.56e+2 5.56e+2 5.56e+2
    5.56e+2 5.56e+2 5.56e+2 5.56e+2 5.56e+2 5.56e+2 5.56e+2 5.56e+2 5.56e+2
    5.56e+2 5.56e+2 5.56e+2 5.56e+2 5.56e+2 5.56e+2 5.56e+2
    5.5633333333333337e+2 5.5633333333333337e+2 5.5633333333333337e+2
    5.5633333333333337e+2 5.5633333333333337e+2 5.5633333333333337e+2
    5.5633333333333337e+2 5.5633333333333337e+2 5.5633333333333337e+2
    5.5633333333333337e+2 5.5633333333333337e+2 5.5633333333333337e+2
    5.5633333333333337e+2 5.5633333333333337e+2 5.5633333333333337e+2
    5.5633333333333337e+2 5.5633333333333337e+2 5.5633333333333337e+2
    5.5633333333333337e+2 5.5633333333333337e+2 5.5633333333333337e+2
    5.5633333333333337e+2 5.5633333333333337e+2 5.5633333333333337e+2
    5.5633333333333337e+2 5.5633333333333337e+2 5.5633333333333337e+2
    5.5633333333333337e+2 5.5633333333333337e+2 5.5633333333333337e+2
    5.5633333333333337e+2 5.5633333333333337e+2 5.5633333333333337e+2
    5.5633333333333337e+2 5.5633333333333337e+2 5.5633333333333337e+2
    5.5633333333333337e+2 5.5933333333333337e+2 5.61e+2 5.6166666666666663e+2
    5.6166666666666663e+2 5.6233333333333337e+2 5.6233333333333337e+2
    5.6233333333333337e+2 5.6233333333333337e+2 5.6233333333333337e+2
    5.6233333333333337e+2 5.63e+2 5.63e+2 5.6366666666666663e+2 5.68e+2 5.68e+2
    5.7666666666666663e+2 5.7733333333333337e+2 5.7733333333333337e+2
    5.7733333333333337e+2 5.85e+2 6.0971428571428567e+2 6.1e+2 6.11e+2 6.47e+2
    6.4779999999999995e+2 6.4779999999999995e+2 6.4779999999999995e+2
    6.4779999999999995e+2 6.4779999999999995e+2 6.4779999999999995e+2
    6.4779999999999995e+2 6.4820000000000005e+2 6.4820000000000005e+2
    6.4820000000000005e+2 6.5639999999999998e+2 6.5679999999999995e+2
    6.5679999999999995e+2 6.5679999999999995e+2 6.5679999999999995e+2
    6.5720000000000005e+2 6.5720000000000005e+2 6.6985714285714289e+2 7.33e+2
    8.0260000000000002e+2 8.624545454545455e+2 9.0974468085106378e+2
    9.46695652173913e+2 9.63125e+2 1.0133684210526316e+3 1.0351538461538462e+3
    1.0555172413793102e+3 1.0624666666666667e+3 1.0774642857142858e+3 1.1022e+3
    1.1068571428571429e+3 1.1176603773584907e+3 1.1211470588235295e+3
    1.1249000000000001e+3 1.1301346153846155e+3 1.137867924528302e+3
    1.1510925925925926e+3 1.1555e+3 1.1638e+3 1.1726065573770493e+3
    1.177655737704918e+3 1.1808163265306123e+3 1.1846842105263158e+3
    1.1937758620689656e+3 1.1945116279069769e+3 1.2019069767441861e+3
    1.2045955056179776e+3 1.2136595744680851e+3 1.2246818181818182e+3
    1.2291960784313726e+3 1.2323783783783783e+3 1.2379583333333333e+3
    1.2390675675675675e+3 1.2442448979591836e+3 1.2454509803921569e+3
    1.2484193548387098e+3 1.2498737864077671e+3 1.250875e+3
    1.2537866666666666e+3 1.2554124999999999e+3 1.2593793103448277e+3
    1.2604909090909091e+3 1.2632307692307693e+3 1.2639433962264152e+3
    1.2653875e+3 1.2685333333333333e+3 1.271655172413793e+3
    1.275297619047619e+3 1.2779784946236559e+3 1.281e+3 1.2814074074074074e+3
    1.2820140845070423e+3 1.2846483516483515e+3 1.2855164835164835e+3
    1.2863404255319149e+3 1.2876451612903227e+3 1.2882874999999999e+3
    1.2884673913043478e+3 1.29075e+3 1.2922234042553191e+3
    1.2936979166666667e+3 1.2941825396825398e+3 1.2955e+3 1.2962424242424242e+3
    1.2974590163934427e+3 1.29840625e+3 1.299247311827957e+3
    1.3002234042553191e+3 1.3010895522388059e+3 1.3012903225806451e+3
    1.3014375e+3 1.30315625e+3 1.3046930693069307e+3 1.3053846153846155e+3
    1.3060845070422536e+3 1.3067395833333333e+3 1.3072537313432836e+3
    1.3082388059701493e+3 1.308969696969697e+3 1.310016129032258e+3
    1.3118358208955224e+3 1.3121666666666667e+3 1.3132061855670104e+3
    1.3155633802816901e+3 1.317e+3 1.3183333333333333e+3 1.3185656565656566e+3
    1.3197029702970297e+3 1.3201517241379311e+3 1.320536231884058e+3
    1.3217456140350878e+3 1.3221946902654868e+3 1.3223496503496503e+3
    1.3224857142857143e+3 1.3227289719626169e+3 1.3233157894736842e+3
    1.3237719298245613e+3 1.3253177570093458e+3 1.3260956521739131e+3
    1.3266428571428571e+3 1.3283815789473683e+3 1.329922077922078e+3
    1.3304200000000001e+3 1.3306216216216217e+3 1.3310535714285713e+3
    1.331716814159292e+3 1.3318378378378379e+3 1.332027397260274e+3
    1.3328266666666666e+3 1.3329344262295083e+3 1.3333983050847457e+3
    1.3343534482758621e+3 1.3343947368421052e+3 1.3348706896551723e+3
    1.3350506329113923e+3 1.3354217687074829e+3 1.335780487804878e+3
    1.3365533980582525e+3 1.3367439999999999e+3 1.3371009174311926e+3
    1.3379620253164558e+3 1.3382560975609756e+3 1.3383506493506493e+3
    1.3389032258064517e+3 1.339560975609756e+3 1.3399756097560976e+3
    1.3404375e+3 1.3409583333333333e+3 1.3415214723926381e+3
    1.3422638036809815e+3 1.3429274193548388e+3 1.343075e+3
    1.3431382113821139e+3 1.3436623376623377e+3 1.3450602409638554e+3
    1.3457349397590363e+3 1.346148148148148e+3 1.3464444444444443e+3
    1.3475842696629213e+3 1.3479460784313726e+3 1.3486504854368932e+3
    1.3491181102362204e+3 1.3492686567164178e+3 1.3494047619047619e+3
    1.3498214285714287e+3 1.3498515625e+3 1.350953216374269e+3
    1.3517111111111112e+3 1.3524237288135594e+3 1.3528111111111111e+3
    1.3530217391304348e+3 1.3531297709923665e+3 1.353320987654321e+3
    1.3549699248120301e+3 1.355297619047619e+3 1.35625e+3 1.3562978723404256e+3
    1.3563455882352941e+3 1.3565354330708662e+3 1.357294964028777e+3
    1.3578850574712644e+3 1.3581263157894737e+3 1.3582790697674418e+3
    1.3584307692307693e+3 1.359158273381295e+3 1.3594888888888888e+3
    1.3598854961832062e+3 1.3611758241758241e+3 1.3620833333333333e+3
    1.3631280487804879e+3 1.3640068965517241e+3 1.3643846153846155e+3
    1.3648920863309352e+3 1.36525e+3 1.3658645833333333e+3
    1.3661151079136691e+3 1.3666382978723404e+3 1.3668980891719746e+3
    1.3679104477611941e+3 1.3681843971631206e+3 1.3685025380710661e+3
    1.3686554054054054e+3 1.3693265306122448e+3 1.3705668016194331e+3
    1.3708308823529412e+3 1.3716881720430108e+3 1.37228025477707e+3
    1.3726690140845071e+3 1.3729423076923076e+3 1.3733936170212767e+3
    1.3736274509803923e+3 1.3742952380952381e+3 1.3746866666666667e+3
    1.3763945578231292e+3 1.376741935483871e+3 1.3770774647887324e+3
    1.3780761904761905e+3 1.3782229299363057e+3 1.3786272727272728e+3
    1.3792127659574469e+3 1.3816333333333334e+3 1.3820882352941176e+3
    1.3821964285714287e+3 1.382834862385321e+3 1.3836428571428571e+3
    1.3840566037735848e+3 1.3847196261682243e+3 1.3853630952380952e+3
    1.385601851851852e+3 1.3860120481927711e+3 1.3864587155963302e+3
    1.3873947368421052e+3 1.3884912280701753e+3 1.3889032258064517e+3
    1.3891935483870968e+3 1.3901052631578948e+3 1.39028125e+3 1.39105e+3
    1.3915412844036698e+3 1.3919032258064517e+3 1.3919230769230769e+3
    1.392625e+3 1.3931694915254238e+3 1.3945469613259668e+3 1.3950625e+3
    1.3956315789473683e+3 1.3957783783783784e+3 1.3962010869565217e+3
    1.3964117647058824e+3 1.3977391304347825e+3 1.3982352941176471e+3
    1.398912e+3 1.3995671641791046e+3 1.4011021897810219e+3 1.401376e+3
    1.4038358208955224e+3 1.4053039215686274e+3 1.4066102941176471e+3
    1.4089142857142858e+3 1.4107164179104477e+3 1.4109154929577464e+3
    1.4147462686567164e+3 1.4149718309859154e+3 1.4160769230769231e+3
    1.4169861111111111e+3 1.4195205479452054e+3 1.4333333333333333e+3
    1.4508571428571429e+3 1.457e+3 1.4632700729927008e+3 1.4704960000000001e+3
    1.481535864978903e+3 1.4856666666666667e+3 1.4860355029585799e+3
    1.4873308270676691e+3 1.4873308270676691e+3 1.4873308270676691e+3
    1.4873308270676691e+3 1.4873308270676691e+3 1.4873308270676691e+3
    1.4873383458646617e+3 1.4873533834586467e+3 1.4873533834586467e+3
    1.4873533834586467e+3 1.4873533834586467e+3 1.4873533834586467e+3
    1.4887951807228915e+3 1.4889032258064517e+3 1.4889032258064517e+3
    1.4889032258064517e+3 1.4889032258064517e+3 1.4889032258064517e+3
    1.4889032258064517e+3 1.4889032258064517e+3 1.4889032258064517e+3
    1.4889032258064517e+3 1.4889032258064517e+3 1.4889032258064517e+3
    1.4889032258064517e+3 1.4889032258064517e+3 1.4889032258064517e+3
    1.4889032258064517e+3 1.4889032258064517e+3 1.4889032258064517e+3
    1.4889032258064517e+3 1.4889032258064517e+3 1.4889032258064517e+3
    1.4889032258064517e+3 1.4889032258064517e+3 1.4889032258064517e+3
    1.4889032258064517e+3 1.4889032258064517e+3 1.4889032258064517e+3
    1.4889032258064517e+3 1.4889032258064517e+3 1.4889032258064517e+3
    1.4889032258064517e+3 1.4896441717791411e+3 1.4903544303797469e+3
    1.4907027027027027e+3 1.4910339622641509e+3 1.4913599999999999e+3
    1.4915061728395062e+3 1.4917824773413897e+3 1.4922821158690176e+3
    1.4923555555555556e+3 1.4923970223325061e+3 1.4925881470367592e+3
    1.4928243559718969e+3 1.4928704663212436e+3 1.4929865951742627e+3
    1.4931159663865546e+3 1.4932549019607843e+3 1.4932549019607843e+3
    1.4932549019607843e+3 1.4932549019607843e+3 1.4932549019607843e+3
    1.4932549019607843e+3 1.4932549019607843e+3 1.4932549019607843e+3
    1.4932549019607843e+3 1.4932549019607843e+3 1.4932549019607843e+3
    1.4932549019607843e+3 1.4932549019607843e+3 1.4932549019607843e+3
    1.4932549019607843e+3 1.4932549019607843e+3 1.4932549019607843e+3
    1.4932549019607843e+3 1.4932549019607843e+3 1.4932549019607843e+3
    1.4932549019607843e+3 1.4932549019607843e+3 1.4932549019607843e+3
    1.4932549019607843e+3 1.4932549019607843e+3 1.4932549019607843e+3
    1.4932549019607843e+3 1.4932549019607843e+3 1.4933166081284496e+3
    1.4933983270839342e+3 1.4934389721627408e+3 1.4935745296671491e+3
    1.4936081771720612e+3 1.493689692585895e+3 1.4937362270450751e+3
    1.4937691373025516e+3 1.4938571428571429e+3 1.4939781181619255e+3
    1.4940016680567139e+3 1.4940165593376264e+3 1.4940348221044662e+3
    1.4940348221044662e+3 1.4940405135520684e+3 1.4940579374275783e+3
    1.4940678207256344e+3 1.4941000820344545e+3 1.4941183887915936e+3
    1.4941196581196582e+3 1.4941435406698565e+3 1.4941547738693466e+3
    1.4941672834937083e+3 1.4941968652037617e+3 1.49422892635315e+3
    1.4942342733188721e+3 1.4942498647917794e+3 1.4942687306501548e+3
    1.4942875297855442e+3 1.4942875297855442e+3 1.4943079564968518e+3
    1.494314414866901e+3 1.494314414866901e+3 1.4943438530381536e+3
    1.4943447661469934e+3 1.4943447661469934e+3 1.494360655737705e+3
    1.494360655737705e+3 1.494360655737705e+3 1.494360655737705e+3
    1.494360655737705e+3 1.494360655737705e+3 1.494360655737705e+3
    1.494360655737705e+3 1.494360655737705e+3 1.494360655737705e+3
    1.494360655737705e+3 1.494360655737705e+3 1.494360655737705e+3
    1.494360655737705e+3 1.494360655737705e+3 1.494360655737705e+3
    1.494360655737705e+3 1.494360655737705e+3 1.494360655737705e+3
    1.494360655737705e+3 1.494360655737705e+3 1.494360655737705e+3
    1.494360655737705e+3 1.494360655737705e+3 1.494360655737705e+3
    1.494360655737705e+3 1.494360655737705e+3 1.494360655737705e+3
    1.494360655737705e+3 1.494360655737705e+3 1.494360655737705e+3
    1.494360655737705e+3 1.494360655737705e+3 1.494360655737705e+3
    1.494360655737705e+3 1.494360655737705e+3 1.4943693731594446e+3
    1.4943929618768329e+3 1.4943966402239851e+3 1.49441784989858e+3
    1.4944353665360941e+3 1.4944395513086831e+3 1.4944491555874954e+3
    1.4944576604962583e+3 1.4944644939965694e+3 1.4944644939965694e+3
    1.4944738955823293e+3 1.4944739665509624e+3 1.4944785034460124e+3
    1.4944807411019015e+3 1.4944913494809689e+3 1.4944981066122925e+3
    1.4945003584229391e+3 1.4945088359046283e+3 1.4945145092924681e+3
    1.4945157667386609e+3 1.4945229055935206e+3 1.4945238784370479e+3
    1.4945238784370479e+3 1.4945241958041959e+3 1.4945436215587438e+3
    1.4945448326410944e+3 1.4945468956406869e+3 1.4945504910601865e+3
    1.494552426035503e+3 1.4945555145702692e+3 1.4945577867023651e+3
    1.4945662731120517e+3 1.4945663032008442e+3 1.4945671515918195e+3
    1.4945720174032517e+3 1.4945778000501127e+3 1.4945785819482433e+3
    1.4945826771653544e+3 1.4945826771653544e+3 1.49458432304038e+3
    1.4945845258307058e+3 1.4945895953757226e+3 1.4945908343125734e+3
    1.4945933930225378e+3 1.4945946785783647e+3 1.4945953013278856e+3
    1.4945967631638932e+3 1.4945988744420727e+3 1.4945995076690022e+3
    1.4946003580664412e+3 1.4946010086027884e+3 1.4946076112663943e+3
    1.4946125862429437e+3 1.4946126475251012e+3 1.4946140512631384e+3
    1.4946181818181817e+3 1.4946191804333835e+3 1.4946204342703249e+3
    1.4946204342703249e+3 1.4946204342703249e+3 1.4946204342703249e+3
    1.4946204342703249e+3 1.4946204342703249e+3 1.4946204342703249e+3
    1.4946204342703249e+3 1.4946204342703249e+3 1.4946204342703249e+3
    1.4946204342703249e+3 1.4946204342703249e+3 1.4946204342703249e+3
    1.4946204342703249e+3 1.4946204342703249e+3 1.4946204342703249e+3
    1.4946204342703249e+3 1.4946204342703249e+3 1.4946204342703249e+3
    1.4946204342703249e+3 1.4946204342703249e+3 1.4946204342703249e+3
    1.4946204342703249e+3 1.4946204342703249e+3 1.4946204342703249e+3
    1.4946204342703249e+3 1.4946204342703249e+3 1.4946204342703249e+3
    1.4946204342703249e+3 1.4946204342703249e+3 1.4946204342703249e+3
    1.4946204342703249e+3 1.4946204342703249e+3 1.4946204342703249e+3
    1.4946204342703249e+3 1.4946204342703249e+3 1.4946240737691421e+3
    1.4946258807355216e+3 1.4946259895732767e+3 1.4946275584206285e+3
    1.4946275584206285e+3 1.4946275584206285e+3 1.4946275584206285e+3
    1.4946275584206285e+3 1.4946275584206285e+3 1.4946275584206285e+3
    1.4946275584206285e+3 1.4946275584206285e+3 1.4946275584206285e+3
    1.4946275584206285e+3 1.4946275584206285e+3 1.4946275584206285e+3
    1.4946275584206285e+3 1.4946275584206285e+3 1.4946275584206285e+3
    1.4946275584206285e+3 1.4946275584206285e+3 1.4946275584206285e+3
    1.4946275584206285e+3 1.4946275584206285e+3 1.4946275584206285e+3
    1.4946275584206285e+3 1.4946275584206285e+3 1.4946275584206285e+3
    1.4946275584206285e+3 1.4946275584206285e+3 1.4946275584206285e+3
    1.4946275584206285e+3 1.4946275584206285e+3 1.4946275584206285e+3
    1.4946275584206285e+3 1.4946275584206285e+3 1.4946275584206285e+3
    1.4946275584206285e+3 1.4946275584206285e+3 1.4946275584206285e+3
    1.4946275584206285e+3 1.4946275584206285e+3 1.4946275584206285e+3
    1.4946275584206285e+3 1.4946275584206285e+3 1.4946275584206285e+3
    1.4946275584206285e+3 1.4946275584206285e+3 1.4946275584206285e+3
    1.4946275584206285e+3 1.4946275584206285e+3 1.4946275584206285e+3
    1.4946275584206285e+3 1.4946275584206285e+3 1.4946275584206285e+3
    1.4946275584206285e+3 1.4946275584206285e+3 1.4946275584206285e+3
    1.4946275584206285e+3 1.4946275584206285e+3 1.4946275584206285e+3
    1.4946275584206285e+3 1.4946275584206285e+3 1.4946275584206285e+3
    1.4946275584206285e+3 1.4946275584206285e+3 1.4946275584206285e+3
    1.4946275584206285e+3 1.4946275584206285e+3 1.4946294740379767e+3
    1.4946294740379767e+3 1.494630013180192e+3 1.4946316050607791e+3
    1.494632911392405e+3 1.494634101097542e+3 1.4946354775828461e+3
    1.4946354775828461e+3 1.4946362027353177e+3 1.4946365601729522e+3
    1.4946371761854264e+3 1.4946371761854264e+3 1.4946371761854264e+3
    1.4946371761854264e+3 1.4946371761854264e+3 1.4946371761854264e+3
    1.4946371761854264e+3 1.4946371761854264e+3 1.4946371761854264e+3
    1.4946371761854264e+3 1.4946371761854264e+3 1.4946371761854264e+3
    1.4946371761854264e+3 1.4946371761854264e+3 1.4946371761854264e+3
    1.4946371761854264e+3 1.4946371761854264e+3 1.4946371761854264e+3
    1.4946371761854264e+3 1.4946371761854264e+3 1.4946371761854264e+3
    1.4946371761854264e+3 1.4946374887892378e+3 1.4946409672332225e+3
    1.4946423830838091e+3 1.4946429715950474e+3 1.4946429715950474e+3
    1.4946429715950474e+3 1.4946429715950474e+3 1.4946429715950474e+3
    1.4946429715950474e+3 1.4946429715950474e+3 1.4946429715950474e+3
    1.4946429715950474e+3 1.4946429715950474e+3 1.4946429715950474e+3
    1.4946429715950474e+3 1.4946429715950474e+3 1.4946429715950474e+3
    1.4946429715950474e+3 1.4946429715950474e+3 1.4946429715950474e+3
    1.4946429715950474e+3 1.4946429715950474e+3 1.4946429715950474e+3
    1.4946429715950474e+3 1.4946429715950474e+3 1.4946429715950474e+3
    1.4946429715950474e+3 1.4946429715950474e+3 1.4946429715950474e+3
    1.4946429715950474e+3 1.4946429715950474e+3 1.4946429715950474e+3
    1.4946429715950474e+3 1.4946429715950474e+3 1.4946429715950474e+3
    1.4946442884055489e+3 1.4946455839168736e+3 1.4946474627365601e+3
    1.4946495882891124e+3 1.4946497038824305e+3 1.4946528497409327e+3
    1.4946528497409327e+3 1.4946535919846515e+3 1.4946561960106801e+3
    1.4946591390261115e+3 1.4946607467204844e+3 1.4946607467204844e+3
    1.4946640456064479e+3 1.4946671776202338e+3 1.4946701097482246e+3
    1.4946749226006191e+3 1.4946756901157614e+3 1.4946777744718834e+3
    1.4946793575252825e+3 1.4946793575252825e+3 1.4946819352991697e+3
    1.4946819352991697e+3 1.4946872586872587e+3 1.4946872586872587e+3
    1.4946907929749866e+3 1.494694087403599e+3 1.4946971655892592e+3
    1.4947000481463649e+3 1.4947076923076922e+3 1.4947076923076922e+3
    1.4947076923076922e+3 1.4947092576160899e+3 1.4947099530115336e+3
    1.4947141124140719e+3 1.4947160299330444e+3 1.4947160299330444e+3
    1.4947172538392051e+3 1.4947178502879078e+3 1.4947212276214834e+3
    1.4947227970032109e+3 1.4947242941791565e+3 1.4947247780468119e+3
    1.4947308533916848e+3 1.4947330143540669e+3 1.4947400611620794e+3
    1.4947436332767402e+3 1.4947452264048009e+3 1.4947480916030534e+3
    1.4947493845396357e+3 1.4947505960896519e+3 1.4947526694268904e+3
    1.4947528039479587e+3 1.4947547649301143e+3 1.4947556654305727e+3
    1.4947556654305727e+3 1.4947573270808909e+3 1.4947580952380952e+3
    1.4947595212187159e+3 1.4947595212187159e+3 1.4947608168916581e+3
    1.4947608168916581e+3 1.4947614213197969e+3 1.4947625526401036e+3
    1.4947680608365019e+3 1.4947680608365019e+3 1.4947690079652425e+3
    1.4947706543291474e+3 1.4947713742875237e+3 1.4947726475745178e+3
    1.4947732132808103e+3 1.494773360344391e+3 1.4947742273441593e+3
    1.4947751102400784e+3 1.4947755102040817e+3 1.4947758858720663e+3
    1.4947762393925859e+3 1.4947762393925859e+3 1.4947768873892871e+3
    1.4947771850636027e+3 1.4947774670395524e+3 1.4947775167178745e+3
    1.4947777345270533e+3 1.4947786798446875e+3 1.4947794639974168e+3
    1.4947812895069533e+3 1.4947865168539327e+3 1.4947878787878788e+3
    1.4947878787878788e+3 1.4947878787878788e+3 1.4947878787878788e+3
    1.4947878787878788e+3 1.4947878787878788e+3 1.4947878787878788e+3
    1.4947878787878788e+3 1.4947878787878788e+3 1.4947878787878788e+3
    1.4947878787878788e+3 1.4947878787878788e+3 1.4947878787878788e+3
    1.4947878787878788e+3 1.4947878787878788e+3 1.4947878787878788e+3
    1.4947878787878788e+3 1.4947878787878788e+3 1.4947878787878788e+3
    1.4947878787878788e+3 1.4947878787878788e+3 1.4947878787878788e+3
    1.4947878787878788e+3 1.4947878787878788e+3 1.4947878787878788e+3
    1.4947878787878788e+3 1.4947878787878788e+3 1.4947878787878788e+3
    1.4947878787878788e+3 1.4947878787878788e+3 1.4947878787878788e+3
    1.4947878787878788e+3 1.4947878787878788e+3 1.4947878787878788e+3
    1.4947878787878788e+3 1.4947878787878788e+3 1.4947878787878788e+3
    1.4947878787878788e+3 1.4947878787878788e+3 1.4947878787878788e+3
    1.4947878787878788e+3 1.4947878787878788e+3 1.4947878787878788e+3
    1.4947878787878788e+3 1.4947878787878788e+3 1.4947878787878788e+3
    1.4947878787878788e+3 1.4947878787878788e+3 1.4947878787878788e+3
    1.4947878787878788e+3 1.4947878787878788e+3 1.4947878787878788e+3
    1.4947878787878788e+3 1.4947878787878788e+3 1.4947878787878788e+3
    1.4947878787878788e+3 1.4947878787878788e+3 1.4947878787878788e+3
    1.4947878787878788e+3 1.4947878787878788e+3 1.4947878787878788e+3
    1.4947878787878788e+3 1.4947878787878788e+3 1.4947878787878788e+3
    1.4947878787878788e+3 1.4947878787878788e+3 1.4947878787878788e+3
    1.4947878787878788e+3 1.4947878787878788e+3 1.4947878787878788e+3
    1.4947878787878788e+3 1.4947878787878788e+3 1.4947878787878788e+3
    1.4947878787878788e+3 1.4947878787878788e+3 1.4947878787878788e+3
    1.4947878787878788e+3 1.4947878787878788e+3 1.4947878787878788e+3
    1.4947878787878788e+3 1.4947878787878788e+3 1.4947878787878788e+3
    1.4947878787878788e+3 1.4947878787878788e+3 1.4947878787878788e+3
    1.4947878787878788e+3 1.4947878787878788e+3 1.4947878787878788e+3
    1.4947878787878788e+3 1.4947878787878788e+3 1.4947878787878788e+3
    1.4947878787878788e+3 1.4947878787878788e+3 1.4947878787878788e+3
    1.4947878787878788e+3 1.4947878787878788e+3 1.4947878787878788e+3
    1.4947878787878788e+3 1.4947878787878788e+3 1.4947878787878788e+3
    1.4947878787878788e+3 1.4947878787878788e+3 1.4947878787878788e+3
    1.4947878787878788e+3 1.4947878787878788e+3 1.4947878787878788e+3
    1.4947878787878788e+3 1.4947878787878788e+3 1.4947878787878788e+3
    1.4947878787878788e+3 1.4947878787878788e+3 1.4947878787878788e+3
    1.4947878787878788e+3 1.4947878787878788e+3 1.4947878787878788e+3
    1.4947878787878788e+3 1.4947878787878788e+3 1.4947878787878788e+3
    1.4947878787878788e+3 1.4947878787878788e+3 1.4947878787878788e+3
    1.4947878787878788e+3 1.4947878787878788e+3 1.4947878787878788e+3
    1.4947878787878788e+3 1.4947878787878788e+3 1.4947878787878788e+3
    1.4947878787878788e+3 1.4947878787878788e+3 1.4947878787878788e+3
    1.4947878787878788e+3 1.4947878787878788e+3 1.4947878787878788e+3
    1.4947878787878788e+3 1.4947878787878788e+3 1.4947878787878788e+3
    1.4947878787878788e+3 1.4947878787878788e+3 1.4947878787878788e+3
    1.4947878787878788e+3 1.4947878787878788e+3 1.4947878787878788e+3
    1.4947878787878788e+3 1.4947878787878788e+3 1.4947878787878788e+3
    1.4947878787878788e+3 1.4947878787878788e+3 1.4947878787878788e+3
    1.4947878787878788e+3 1.4947878787878788e+3 1.4947878787878788e+3
    1.4947878787878788e+3 1.4947878787878788e+3 1.4947878787878788e+3
    1.4947878787878788e+3 1.4947878787878788e+3 1.4947878787878788e+3
    1.4947878787878788e+3 1.4947878787878788e+3 1.4947878787878788e+3
    1.4947878787878788e+3 1.4947878787878788e+3 1.4947878787878788e+3
    1.4947878787878788e+3 1.4947878787878788e+3 1.4947878787878788e+3
    1.4947878787878788e+3 1.4947878787878788e+3 1.4947878787878788e+3
    1.4947878787878788e+3 1.4947878787878788e+3 1.4947878787878788e+3
    1.4947878787878788e+3 1.4947878787878788e+3 1.4947878787878788e+3
    1.4947878787878788e+3 1.4947878787878788e+3 1.4947878787878788e+3
    1.4947878787878788e+3 1.4947878787878788e+3 1.4947878787878788e+3
    1.4947878787878788e+3 1.4947878787878788e+3 1.4947878787878788e+3
    1.4947878787878788e+3 1.4947878787878788e+3 1.4947878787878788e+3
    1.4947878787878788e+3 1.4947878787878788e+3 1.4947878787878788e+3
    1.4947878787878788e+3 1.4947878787878788e+3 1.4947878787878788e+3
    1.4947878787878788e+3 1.4947878787878788e+3 1.4947878787878788e+3
    1.4947878787878788e+3 1.4947878787878788e+3 1.4947878787878788e+3
    1.4947878787878788e+3 1.4947878787878788e+3 1.4947878787878788e+3
    1.4947878787878788e+3 1.4947878787878788e+3 1.4947878787878788e+3
    1.4947878787878788e+3 1.4947878787878788e+3 1.4947878787878788e+3
    1.4947878787878788e+3 1.4947878787878788e+3 1.4947878787878788e+3
    1.4947878787878788e+3 1.4947878787878788e+3 1.4947878787878788e+3
    1.4947878787878788e+3 1.4947878787878788e+3 1.4947878787878788e+3
    1.4947878787878788e+3 1.4947878787878788e+3 1.4947878787878788e+3
    1.4947878787878788e+3 1.4947878787878788e+3 1.4947878787878788e+3
    1.4947878787878788e+3 1.4947878787878788e+3 1.4947878787878788e+3
    1.4947878787878788e+3 1.5e+3), winSize: 6.0e+1, binSize: 1.0e+1, tStart:
    0.0, tEnd: 7.211e+3, binStart: 7.211e+3, maxBLsize: 1.0e+4 >
Bye.
