		     \||||||||||||||||||/
		   --- Welcome to Maude ---
		     /||||||||||||||||||\
	     Maude 3.5 built: Sep 25 2024 12:00:00
	     Copyright 1997-2024 SRI International
		   Mon Aug 17 01:14:37 2026
Warning: "smc_cp3-refactored.maude", line 140 (mod SMC_CP3): multiple distinct
    parses for statement
eq sumDiff (F F' FL) = (F' - F) + sumDiff (F' FL) .
Warning: "smc_cp3-refactored.maude", line 145 (mod SMC_CP3): multiple distinct
    parses for statement
eq avgDiff (FL) = if (len (FL) == 1) then 0.0 else sumDiff (FL) / float (len (
    FL) - 1) fi .
Warning: "smc_cp3-refactored.maude", line 150 (mod SMC_CP3): multiple distinct
    parses for statement
eq sumSquaredDiff (F FL, F') = (F - F') * (F - F') + sumSquaredDiff (FL, F') .
Warning: "smc_cp3-refactored.maude", line 225 (mod SMC_CP3): multiple distinct
    parses for statement
eq compLatency (Tsent, Trcvd) = Trcvd - Tsent .
Warning: "smc_cp3-refactored.maude", line 291 (mod SMC_CP3): multiple distinct
    parses for statement
eq getGoodput (< ADDR : IrcMonitor | msgRcvd: ircMTL, attrs >, Tstart, Tend) =
    collectGoodput (filterWindow (ircMTL, Tstart, Tend), Tstart, Tend) * 8.0 /
    (Tend - Tstart) .
Warning: "smc_cp3-refactored.maude", line 381 (mod SMC_CP3): multiple distinct
    parses for statement
eq normMED (NL, NL') = if max (lenMsgIdList (NL), lenMsgIdList (NL')) == 0 then
    1.0 else 1.0 - (float (med (NL, NL')) / float (max (lenMsgIdList (NL),
    lenMsgIdList (NL')))) fi .
Warning: "smc_cp3-refactored.maude", line 500 (mod SMC_CP3): multiple distinct
    parses for statement
eq getMTBF (< ADDR : IrcMonitor | msgSent: ircMTL, msgRcvd: ircMTL', attrs >,
    Tn, Tstart, Tend) = getMTBFAux (filterWindow (ircMTL, Tstart - Tn, Tend +
    Tn), filterWindow (ircMTL', Tstart - Tn, Tend + Tn), Tn, Tstart, Tend) .
Warning: "smc_cp3-refactored.maude", line 560 (mod SMC_CP3): multiple distinct
    parses for statement
eq KsDistanceX (F FL, nil, I, J, invN, invN', D) = max2 (D, abs ((float (I) *
    invN) - 1.0)) .
Warning: "smc_cp3-refactored.maude", line 561 (mod SMC_CP3): multiple distinct
    parses for statement
eq KsDistanceX (nil, F' FL', I, J, invN, invN', D) = max2 (D, abs (1.0 - (float
    (J) * invN'))) .
Warning: "smc_cp3-refactored.maude", line 563 (mod SMC_CP3): multiple distinct
    parses for statement
ceq KsDistanceX (F FL, F' FL', I, J, invN, invN', D) = KsDistanceX (FL1, FL2, I
    + C1, J + C2, invN, invN', max2 (D, abs ((float (I + C1) * invN) - (float (
    J + C2) * invN')))) if F == F' /\ prefix (C1, FL1) := skipEqPrefix (F, F
    FL) /\ prefix (C2, FL2) := skipEqPrefix (F', F' FL') .
Warning: "smc_cp3-refactored.maude", line 569 (mod SMC_CP3): multiple distinct
    parses for statement
ceq KsDistanceX (F FL, F' FL', I, J, invN, invN', D) = KsDistanceX (FL, F' FL',
    I + 1, J, invN, invN', max2 (D, abs ((float (I + 1) * invN) - (float (J) *
    invN')))) if F < F' .
Warning: "smc_cp3-refactored.maude", line 573 (mod SMC_CP3): multiple distinct
    parses for statement
ceq KsDistanceX (F FL, F' FL', I, J, invN, invN', D) = KsDistanceX (F FL, FL',
    I, J + 1, invN, invN', max2 (D, abs ((float (I) * invN) - (float (J + 1) *
    invN')))) if F > F' .
Warning: "smc_cp3-refactored.maude", line 583 (mod SMC_CP3): multiple distinct
    parses for statement
eq KsStatisticZ (FL, FL', K) = KsDistance (FL, FL') - K .
Warning: "smc_cp3-refactored.maude", line 679 (mod SMC_CP3): multiple distinct
    parses for statement
eq compObsFeatureX (vp, dnsQueryRate, Fid, TOL, Tstart, Tend) = float (
    countDNSQuery (vp, Fid, TOL, Tstart, Tend)) / (Tend - Tstart) .
Warning: "smc_cp3-refactored.maude", line 693 (mod SMC_CP3): multiple distinct
    parses for statement
eq compObsFeatureX (vp, tcpUpRate, Fid, TOL, Tstart, Tend) = float (
    sizeTCPUpload (vp, Fid, TOL, Tstart, Tend)) / (Tend - Tstart) .
Warning: "smc_cp3-refactored.maude", line 695 (mod SMC_CP3): multiple distinct
    parses for statement
eq compObsFeatureX (vp, tcpDownRate, Fid, TOL, Tstart, Tend) = float (
    sizeTCPDownload (vp, Fid, TOL, Tstart, Tend)) / (Tend - Tstart) .
Warning: "smc_cp3-refactored.maude", line 703 (mod SMC_CP3): multiple distinct
    parses for statement
eq compObsFeatureX (vp, tcpOutPktRate, Fid, TOL, Tstart, Tend) = float (
    countTCPOutPkt (vp, Fid, TOL, Tstart, Tend)) / (Tend - Tstart) .
Warning: "smc_cp3-refactored.maude", line 705 (mod SMC_CP3): multiple distinct
    parses for statement
eq compObsFeatureX (vp, tcpInPktRate, Fid, TOL, Tstart, Tend) = float (
    countTCPInPkt (vp, Fid, TOL, Tstart, Tend)) / (Tend - Tstart) .
Warning: "smc_cp3-refactored.maude", line 724 (mod SMC_CP3): multiple distinct
    parses for statement
eq compObsFeatureX (vp, dnsQueryRate, TOL, Tstart, Tend) = float (countDNSQuery
    (vp, TOL, Tstart, Tend)) / (Tend - Tstart) .
Warning: "smc_cp3-refactored.maude", line 738 (mod SMC_CP3): multiple distinct
    parses for statement
eq compObsFeatureX (vp, tcpUpRate, TOL, Tstart, Tend) = float (sizeTCPUpload (
    vp, TOL, Tstart, Tend)) / (Tend - Tstart) .
Warning: "smc_cp3-refactored.maude", line 740 (mod SMC_CP3): multiple distinct
    parses for statement
eq compObsFeatureX (vp, tcpDownRate, TOL, Tstart, Tend) = float (
    sizeTCPDownload (vp, TOL, Tstart, Tend)) / (Tend - Tstart) .
Warning: "smc_cp3-refactored.maude", line 748 (mod SMC_CP3): multiple distinct
    parses for statement
eq compObsFeatureX (vp, tcpOutPktRate, TOL, Tstart, Tend) = float (
    countTCPOutPkt (vp, TOL, Tstart, Tend)) / (Tend - Tstart) .
Warning: "smc_cp3-refactored.maude", line 750 (mod SMC_CP3): multiple distinct
    parses for statement
eq compObsFeatureX (vp, tcpInPktRate, TOL, Tstart, Tend) = float (countTCPInPkt
    (vp, TOL, Tstart, Tend)) / (Tend - Tstart) .
Warning: "smc_cp3-refactored.maude", line 911 (mod SMC_CP3): multiple distinct
    parses for statement
ceq expectedKObsFeature (vp, obsF, baselineCDF, binECDFs, T, Tend, winSize,
    binSize, Ksum, N) = if KD >= 0.0 then expectedKObsFeature (vp, obsF,
    baselineCDF, binECDFs, T + binSize, Tend, winSize, binSize, Ksum + KD, N +
    1) else expectedKObsFeature (vp, obsF, baselineCDF, binECDFs, T + binSize,
    Tend, winSize, binSize, Ksum, N) fi if (T + winSize) <= (Tend + Tesp) /\
    ECDF := sort (getECDFObsFeatureRange (binECDFs, floor (rat (T / binSize)),
    (floor (rat (T / binSize)) + floor (rat (winSize / binSize))) - 1)) /\ KD
    := KsDistance (baselineCDF, ECDF) .
Warning: "smc_cp3-refactored.maude", line 1079 (mod SMC_CP3): multiple distinct
    parses for statement
eq getCUSUMZt (< ADDR : Adversary | gt: (bl (vp, obsF, K, Zt) :; blList), attrs
    >, vp, obsF, Tstart, Tend, winSize, binSize) = cusumRange (Zt, floor (rat (
    Tstart / binSize)), floor (rat ((Tend - winSize) / binSize))) .
==========================================
rewrite in HCS-TEST-BASELINE-TCPPKTSIZE-SRVN : run((initState(counter) [
    tgenDelay, to baseLineAddr from baseLineAddr : initBase, 0]) 
{0.0 |
nil}, slimit) .
rewrites: 41280685389 in 21584296ms cpu (21584300ms real) (1912533
    rewrites/second)
result Actor: 
< baseLineAddr : BaseLineMonitor | viewPts: srvN, features: tcpPktSize,
    baseLine: bl(srvN, tcpPktSize, 7.1724961607446736e-2, 5.2e+1 5.2e+1 5.2e+1
    5.2e+1 5.2e+1 5.8e+1 5.8e+1 5.8e+1 5.8e+1 5.8e+1 5.8e+1 5.8e+1 5.8e+1
    5.8e+1 5.8e+1 5.8e+1 5.8e+1 5.8e+1 5.8e+1 5.8e+1 5.8e+1 5.8e+1 5.8e+1
    5.8399999999999999e+1 5.8399999999999999e+1 5.8399999999999999e+1 5.85e+1
    5.85e+1 5.85e+1 5.85e+1 5.8571428571428569e+1 5.8571428571428569e+1
    5.8571428571428569e+1 5.8666666666666664e+1 5.8666666666666664e+1
    5.8666666666666664e+1 5.8666666666666664e+1 5.8666666666666664e+1
    5.8666666666666664e+1 5.8666666666666664e+1 5.8666666666666664e+1
    5.8666666666666664e+1 5.8666666666666664e+1 5.8666666666666664e+1
    5.8666666666666664e+1 5.8666666666666664e+1 5.8666666666666664e+1
    5.8666666666666664e+1 5.8666666666666664e+1 5.8666666666666664e+1
    5.8666666666666664e+1 5.8666666666666664e+1 5.8666666666666664e+1
    5.8666666666666664e+1 5.8666666666666664e+1 5.8666666666666664e+1
    5.8666666666666664e+1 5.8666666666666664e+1 5.8666666666666664e+1
    5.8666666666666664e+1 5.8666666666666664e+1 5.8666666666666664e+1
    5.8666666666666664e+1 5.8666666666666664e+1 5.8666666666666664e+1
    5.8666666666666664e+1 5.8666666666666664e+1 5.8666666666666664e+1
    5.8666666666666664e+1 5.8666666666666664e+1 5.8666666666666664e+1
    5.8666666666666664e+1 5.8666666666666664e+1 5.8666666666666664e+1
    5.8666666666666664e+1 5.8666666666666664e+1 5.8666666666666664e+1
    5.8666666666666664e+1 5.8666666666666664e+1 5.8666666666666664e+1
    5.8666666666666664e+1 5.8666666666666664e+1 5.8666666666666664e+1
    5.8666666666666664e+1 5.8666666666666664e+1 5.8666666666666664e+1
    5.8666666666666664e+1 5.8666666666666664e+1 5.8666666666666664e+1
    5.8666666666666664e+1 5.8666666666666664e+1 5.8666666666666664e+1
    5.8666666666666664e+1 5.8666666666666664e+1 5.8666666666666664e+1
    5.8666666666666664e+1 5.8666666666666664e+1 5.8666666666666664e+1
    5.8666666666666664e+1 5.8666666666666664e+1 5.8666666666666664e+1
    5.8666666666666664e+1 5.8666666666666664e+1 5.8666666666666664e+1
    5.8666666666666664e+1 5.8666666666666664e+1 5.8666666666666664e+1
    5.8666666666666664e+1 5.8666666666666664e+1 5.8666666666666664e+1
    5.8666666666666664e+1 5.8666666666666664e+1 5.8666666666666664e+1
    5.8666666666666664e+1 5.8666666666666664e+1 5.8666666666666664e+1
    5.8666666666666664e+1 5.8666666666666664e+1 5.8666666666666664e+1
    5.8666666666666664e+1 5.8666666666666664e+1 5.8666666666666664e+1
    5.8666666666666664e+1 5.8666666666666664e+1 5.8666666666666664e+1
    5.8666666666666664e+1 5.8666666666666664e+1 5.8666666666666664e+1
    5.8666666666666664e+1 5.8666666666666664e+1 5.8666666666666664e+1
    5.8666666666666664e+1 5.8666666666666664e+1 5.8666666666666664e+1
    5.8666666666666664e+1 5.8666666666666664e+1 5.8666666666666664e+1
    5.8666666666666664e+1 5.8666666666666664e+1 5.8666666666666664e+1
    5.8666666666666664e+1 5.8666666666666664e+1 5.8666666666666664e+1
    5.8666666666666664e+1 5.8666666666666664e+1 5.8666666666666664e+1
    5.8666666666666664e+1 5.8666666666666664e+1 5.8666666666666664e+1
    5.8666666666666664e+1 5.8666666666666664e+1 5.8666666666666664e+1
    5.8666666666666664e+1 5.8666666666666664e+1 5.8666666666666664e+1
    5.8666666666666664e+1 5.8666666666666664e+1 5.8666666666666664e+1
    5.8666666666666664e+1 5.8666666666666664e+1 5.8666666666666664e+1
    5.8666666666666664e+1 5.8666666666666664e+1 5.8666666666666664e+1
    5.8666666666666664e+1 5.8666666666666664e+1 5.8666666666666664e+1
    5.8666666666666664e+1 5.8666666666666664e+1 5.8666666666666664e+1
    5.8666666666666664e+1 5.8666666666666664e+1 5.8666666666666664e+1
    5.8666666666666664e+1 5.8666666666666664e+1 5.8666666666666664e+1
    5.8666666666666664e+1 5.8666666666666664e+1 5.8666666666666664e+1
    5.8666666666666664e+1 5.8666666666666664e+1 5.8666666666666664e+1
    5.8666666666666664e+1 5.8666666666666664e+1 5.8666666666666664e+1
    5.8666666666666664e+1 5.8666666666666664e+1 5.8666666666666664e+1
    5.8666666666666664e+1 5.8666666666666664e+1 5.8666666666666664e+1
    5.8666666666666664e+1 5.8666666666666664e+1 5.8666666666666664e+1
    5.8666666666666664e+1 5.8666666666666664e+1 5.8666666666666664e+1
    5.8666666666666664e+1 5.8666666666666664e+1 5.8666666666666664e+1
    5.8666666666666664e+1 5.8666666666666664e+1 5.8666666666666664e+1
    5.8666666666666664e+1 5.8666666666666664e+1 5.8666666666666664e+1
    5.8666666666666664e+1 5.8666666666666664e+1 5.8666666666666664e+1
    5.8666666666666664e+1 5.8666666666666664e+1 5.8666666666666664e+1
    5.8666666666666664e+1 5.8666666666666664e+1 5.8666666666666664e+1
    5.8666666666666664e+1 5.8666666666666664e+1 5.8666666666666664e+1
    5.8666666666666664e+1 5.8666666666666664e+1 5.8666666666666664e+1
    5.8666666666666664e+1 5.8666666666666664e+1 5.8666666666666664e+1
    5.8666666666666664e+1 5.8666666666666664e+1 5.8666666666666664e+1
    5.8666666666666664e+1 5.8666666666666664e+1 5.8666666666666664e+1
    5.8666666666666664e+1 5.8666666666666664e+1 5.8666666666666664e+1
    5.8666666666666664e+1 5.8666666666666664e+1 5.8666666666666664e+1
    5.8666666666666664e+1 5.8666666666666664e+1 5.8666666666666664e+1
    5.8666666666666664e+1 5.8666666666666664e+1 5.8666666666666664e+1
    5.8666666666666664e+1 5.8666666666666664e+1 5.8666666666666664e+1
    5.8666666666666664e+1 5.8666666666666664e+1 5.8666666666666664e+1
    5.8666666666666664e+1 5.8666666666666664e+1 5.8666666666666664e+1
    5.8666666666666664e+1 5.8666666666666664e+1 5.8666666666666664e+1
    5.8666666666666664e+1 5.8666666666666664e+1 5.8666666666666664e+1
    5.8666666666666664e+1 5.8666666666666664e+1 5.8666666666666664e+1
    5.8666666666666664e+1 5.8666666666666664e+1 5.8666666666666664e+1
    5.8666666666666664e+1 5.8666666666666664e+1 5.8666666666666664e+1
    5.8666666666666664e+1 5.8666666666666664e+1 5.8666666666666664e+1
    5.8666666666666664e+1 5.8666666666666664e+1 5.8666666666666664e+1
    5.8666666666666664e+1 5.8666666666666664e+1 5.8666666666666664e+1
    5.8666666666666664e+1 5.8666666666666664e+1 5.8666666666666664e+1
    5.8666666666666664e+1 5.8666666666666664e+1 5.8666666666666664e+1
    5.8666666666666664e+1 5.8666666666666664e+1 5.8666666666666664e+1
    5.8666666666666664e+1 5.8666666666666664e+1 5.8666666666666664e+1
    5.8666666666666664e+1 5.8666666666666664e+1 5.8666666666666664e+1
    5.8666666666666664e+1 5.8666666666666664e+1 5.8666666666666664e+1
    5.8666666666666664e+1 5.8666666666666664e+1 5.8666666666666664e+1
    5.8666666666666664e+1 5.8666666666666664e+1 5.8666666666666664e+1
    5.8666666666666664e+1 5.8666666666666664e+1 5.8666666666666664e+1
    5.8666666666666664e+1 5.8666666666666664e+1 5.8666666666666664e+1
    5.8666666666666664e+1 5.8666666666666664e+1 5.8666666666666664e+1
    5.8666666666666664e+1 5.8666666666666664e+1 5.8666666666666664e+1
    5.8666666666666664e+1 5.8666666666666664e+1 5.8666666666666664e+1
    5.8666666666666664e+1 5.8666666666666664e+1 5.8666666666666664e+1
    5.8666666666666664e+1 5.8666666666666664e+1 5.8666666666666664e+1
    5.8666666666666664e+1 5.8666666666666664e+1 5.8666666666666664e+1
    5.8666666666666664e+1 5.8666666666666664e+1 5.8666666666666664e+1
    5.8666666666666664e+1 5.8666666666666664e+1 5.8666666666666664e+1
    5.8666666666666664e+1 5.8666666666666664e+1 5.8666666666666664e+1
    5.8666666666666664e+1 5.8666666666666664e+1 5.8666666666666664e+1
    5.8666666666666664e+1 5.8666666666666664e+1 5.8666666666666664e+1
    5.8666666666666664e+1 5.8666666666666664e+1 5.8666666666666664e+1
    5.8666666666666664e+1 5.8666666666666664e+1 5.8666666666666664e+1
    5.8666666666666664e+1 5.8666666666666664e+1 5.8666666666666664e+1
    5.8666666666666664e+1 5.8666666666666664e+1 5.8666666666666664e+1
    5.8666666666666664e+1 5.8666666666666664e+1 5.8666666666666664e+1
    5.8666666666666664e+1 5.8666666666666664e+1 5.8666666666666664e+1
    5.8666666666666664e+1 5.8666666666666664e+1 5.8666666666666664e+1
    5.8666666666666664e+1 5.8666666666666664e+1 5.8666666666666664e+1
    5.8666666666666664e+1 5.8666666666666664e+1 5.8666666666666664e+1
    5.8666666666666664e+1 5.8666666666666664e+1 5.8666666666666664e+1
    5.8666666666666664e+1 5.8666666666666664e+1 5.8666666666666664e+1
    5.8666666666666664e+1 5.8666666666666664e+1 5.8666666666666664e+1
    5.8666666666666664e+1 5.8666666666666664e+1 5.8666666666666664e+1
    5.8666666666666664e+1 5.8666666666666664e+1 5.8666666666666664e+1
    5.8666666666666664e+1 5.8666666666666664e+1 5.8666666666666664e+1
    5.8666666666666664e+1 5.8666666666666664e+1 5.8666666666666664e+1
    5.8666666666666664e+1 5.8666666666666664e+1 5.8666666666666664e+1
    5.8666666666666664e+1 5.8666666666666664e+1 5.8666666666666664e+1
    5.8666666666666664e+1 5.8666666666666664e+1 5.8666666666666664e+1
    5.8666666666666664e+1 5.8666666666666664e+1 5.8666666666666664e+1
    5.8666666666666664e+1 5.8666666666666664e+1 5.8666666666666664e+1
    5.8666666666666664e+1 5.8666666666666664e+1 5.8666666666666664e+1
    5.8666666666666664e+1 5.8666666666666664e+1 5.8666666666666664e+1
    5.8666666666666664e+1 5.8666666666666664e+1 5.8666666666666664e+1
    5.8666666666666664e+1 5.8666666666666664e+1 5.8666666666666664e+1
    5.8666666666666664e+1 5.8666666666666664e+1 5.8666666666666664e+1
    5.8666666666666664e+1 5.8666666666666664e+1 5.8666666666666664e+1
    5.8666666666666664e+1 5.8666666666666664e+1 5.8666666666666664e+1
    5.8666666666666664e+1 5.8666666666666664e+1 5.8666666666666664e+1
    5.8666666666666664e+1 5.8666666666666664e+1 5.8666666666666664e+1
    5.8666666666666664e+1 5.8666666666666664e+1 5.8666666666666664e+1
    5.8666666666666664e+1 5.8666666666666664e+1 5.8666666666666664e+1
    5.8666666666666664e+1 5.8666666666666664e+1 5.8666666666666664e+1
    5.8666666666666664e+1 5.8666666666666664e+1 5.8666666666666664e+1
    5.8666666666666664e+1 5.8666666666666664e+1 5.8666666666666664e+1
    5.8666666666666664e+1 5.8666666666666664e+1 5.8666666666666664e+1
    5.8666666666666664e+1 5.8666666666666664e+1 5.8666666666666664e+1
    5.8666666666666664e+1 5.8666666666666664e+1 5.8666666666666664e+1
    5.8666666666666664e+1 5.8666666666666664e+1 5.8666666666666664e+1
    5.8666666666666664e+1 5.8666666666666664e+1 5.8666666666666664e+1
    5.8666666666666664e+1 5.8666666666666664e+1 5.8666666666666664e+1
    5.8666666666666664e+1 5.8666666666666664e+1 5.8666666666666664e+1
    5.8666666666666664e+1 5.8666666666666664e+1 5.8666666666666664e+1
    5.8666666666666664e+1 5.8666666666666664e+1 5.8666666666666664e+1
    5.8666666666666664e+1 5.8666666666666664e+1 5.8666666666666664e+1
    5.8666666666666664e+1 5.8666666666666664e+1 5.8666666666666664e+1
    5.8666666666666664e+1 5.8666666666666664e+1 5.8666666666666664e+1
    5.8666666666666664e+1 5.8666666666666664e+1 5.8666666666666664e+1
    5.8666666666666664e+1 5.8666666666666664e+1 5.8666666666666664e+1
    5.8666666666666664e+1 5.8666666666666664e+1 5.8666666666666664e+1
    5.8666666666666664e+1 5.8666666666666664e+1 5.8666666666666664e+1
    5.8666666666666664e+1 5.8666666666666664e+1 5.8666666666666664e+1
    5.8666666666666664e+1 5.8666666666666664e+1 5.8666666666666664e+1
    5.8666666666666664e+1 5.8666666666666664e+1 5.8666666666666664e+1
    5.8666666666666664e+1 5.8666666666666664e+1 5.8666666666666664e+1
    5.8666666666666664e+1 5.8666666666666664e+1 5.8666666666666664e+1
    5.8666666666666664e+1 5.8666666666666664e+1 5.8666666666666664e+1
    5.8666666666666664e+1 5.8666666666666664e+1 5.8666666666666664e+1
    5.8666666666666664e+1 5.8666666666666664e+1 5.8666666666666664e+1
    5.8666666666666664e+1 5.8666666666666664e+1 5.8666666666666664e+1
    5.8666666666666664e+1 5.8666666666666664e+1 5.8666666666666664e+1
    5.8666666666666664e+1 5.8666666666666664e+1 5.8666666666666664e+1
    5.8666666666666664e+1 5.8666666666666664e+1 5.8666666666666664e+1
    5.8666666666666664e+1 5.8666666666666664e+1 5.8666666666666664e+1
    5.8666666666666664e+1 5.8666666666666664e+1 5.8666666666666664e+1
    5.8666666666666664e+1 5.8666666666666664e+1 5.8666666666666664e+1
    5.8666666666666664e+1 5.8666666666666664e+1 5.8666666666666664e+1
    5.8666666666666664e+1 5.8666666666666664e+1 5.8666666666666664e+1
    5.8666666666666664e+1 5.8666666666666664e+1 5.8666666666666664e+1
    5.8666666666666664e+1 5.8666666666666664e+1 5.8666666666666664e+1
    5.8666666666666664e+1 5.8666666666666664e+1 5.8666666666666664e+1
    5.8666666666666664e+1 5.8666666666666664e+1 5.8666666666666664e+1
    5.8666666666666664e+1 5.8666666666666664e+1 5.8666666666666664e+1
    5.8666666666666664e+1 5.8666666666666664e+1 5.8666666666666664e+1
    5.8666666666666664e+1 5.8666666666666664e+1 5.8666666666666664e+1
    5.8666666666666664e+1 5.8666666666666664e+1 5.8666666666666664e+1
    5.8666666666666664e+1 5.8666666666666664e+1 5.8666666666666664e+1
    5.8666666666666664e+1 5.8666666666666664e+1 5.8666666666666664e+1
    5.8666666666666664e+1 5.8666666666666664e+1 5.8666666666666664e+1
    5.8666666666666664e+1 5.8666666666666664e+1 5.8666666666666664e+1
    5.8666666666666664e+1 5.8666666666666664e+1 5.8666666666666664e+1
    5.8666666666666664e+1 5.8666666666666664e+1 5.8666666666666664e+1
    5.8666666666666664e+1 5.8666666666666664e+1 5.8666666666666664e+1
    5.8666666666666664e+1 5.8666666666666664e+1 5.8666666666666664e+1
    5.8666666666666664e+1 5.8666666666666664e+1 5.8666666666666664e+1
    5.8666666666666664e+1 5.8666666666666664e+1 5.8666666666666664e+1
    5.8666666666666664e+1 5.8666666666666664e+1 5.8666666666666664e+1
    5.8666666666666664e+1 5.8666666666666664e+1 5.8666666666666664e+1
    5.8666666666666664e+1 5.8666666666666664e+1 5.8666666666666664e+1
    5.8666666666666664e+1 5.8666666666666664e+1 5.8666666666666664e+1
    5.8666666666666664e+1 5.8666666666666664e+1 5.8666666666666664e+1
    5.8666666666666664e+1 5.8666666666666664e+1 5.8666666666666664e+1
    5.8666666666666664e+1 5.8666666666666664e+1 5.8666666666666664e+1
    5.8666666666666664e+1 5.8666666666666664e+1 5.8666666666666664e+1
    5.8666666666666664e+1 5.8666666666666664e+1 5.8666666666666664e+1
    5.8666666666666664e+1 5.8666666666666664e+1 5.8666666666666664e+1
    5.8666666666666664e+1 5.8666666666666664e+1 5.8666666666666664e+1 5.875e+1
    5.8799999999999997e+1 5.8799999999999997e+1 5.8799999999999997e+1
    5.8857142857142854e+1 5.8857142857142854e+1 5.9e+1 5.9e+1 5.9e+1
    5.9399999999999999e+1 5.95e+1 5.9555555555555557e+1 5.9555555555555557e+1
    5.9555555555555557e+1 5.9666666666666664e+1 5.975e+1 5.9785714285714285e+1
    5.9785714285714285e+1 5.9785714285714285e+1 5.9785714285714285e+1 6.0e+1
    6.0e+1 6.0e+1 6.0e+1 6.0e+1 6.0e+1 6.0e+1 6.0e+1 6.0e+1 6.0e+1 6.0e+1
    6.0e+1 6.0e+1 6.0090909090909093e+1 6.0090909090909093e+1
    6.0090909090909093e+1 6.0090909090909093e+1 6.0090909090909093e+1
    6.0090909090909093e+1 6.0090909090909093e+1 6.0090909090909093e+1
    6.0090909090909093e+1 6.0090909090909093e+1 6.0090909090909093e+1
    6.0090909090909093e+1 6.0090909090909093e+1 6.0090909090909093e+1
    6.0090909090909093e+1 6.0090909090909093e+1 6.0090909090909093e+1
    6.0090909090909093e+1 6.0090909090909093e+1 6.0090909090909093e+1
    6.0090909090909093e+1 6.0090909090909093e+1 6.0090909090909093e+1
    6.0090909090909093e+1 6.0090909090909093e+1 6.0090909090909093e+1
    6.0090909090909093e+1 6.0090909090909093e+1 6.0090909090909093e+1
    6.0090909090909093e+1 6.0090909090909093e+1 6.0090909090909093e+1
    6.0090909090909093e+1 6.0090909090909093e+1 6.0090909090909093e+1
    6.0090909090909093e+1 6.0090909090909093e+1 6.0090909090909093e+1
    6.0090909090909093e+1 6.0090909090909093e+1 6.0090909090909093e+1
    6.0090909090909093e+1 6.0090909090909093e+1 6.0090909090909093e+1
    6.0090909090909093e+1 6.0090909090909093e+1 6.0090909090909093e+1
    6.0090909090909093e+1 6.0090909090909093e+1 6.0090909090909093e+1
    6.0090909090909093e+1 6.0090909090909093e+1 6.0090909090909093e+1
    6.0100000000000001e+1 6.0299999999999997e+1 6.0299999999999997e+1
    6.0333333333333336e+1 6.0444444444444443e+1 6.0444444444444443e+1
    6.0444444444444443e+1 6.0444444444444443e+1 6.05e+1 6.05e+1
    6.0555555555555557e+1 6.0600000000000001e+1 6.0600000000000001e+1 6.0625e+1
    6.0625e+1 6.0625e+1 6.0625e+1 6.0625e+1 6.0625e+1 6.0625e+1 6.0625e+1
    6.0625e+1 6.0625e+1 6.0625e+1 6.0625e+1 6.0625e+1 6.0625e+1 6.0625e+1
    6.0625e+1 6.0625e+1 6.0625e+1 6.0625e+1 6.0625e+1 6.0625e+1 6.0625e+1
    6.0625e+1 6.0625e+1 6.0625e+1 6.0625e+1 6.0625e+1 6.0625e+1 6.0625e+1
    6.0625e+1 6.0625e+1 6.0625e+1 6.0625e+1 6.0625e+1 6.0625e+1 6.0625e+1
    6.0625e+1 6.0625e+1 6.0625e+1 6.0625e+1 6.0625e+1 6.0625e+1 6.0625e+1
    6.0625e+1 6.0625e+1 6.0625e+1 6.0625e+1 6.0625e+1 6.0625e+1 6.0625e+1
    6.0625e+1 6.0625e+1 6.0625e+1 6.0625e+1 6.0625e+1 6.0625e+1 6.0625e+1
    6.0625e+1 6.0625e+1 6.0625e+1 6.0625e+1 6.0625e+1 6.0625e+1 6.0625e+1
    6.0625e+1 6.0625e+1 6.0625e+1 6.0625e+1 6.0625e+1 6.0625e+1 6.0625e+1
    6.0625e+1 6.0625e+1 6.0625e+1 6.0625e+1 6.0625e+1 6.0625e+1 6.0625e+1
    6.0625e+1 6.0625e+1 6.0625e+1 6.0625e+1 6.0625e+1 6.0625e+1 6.0625e+1
    6.0625e+1 6.0625e+1 6.0625e+1 6.0625e+1 6.0625e+1 6.0625e+1 6.0625e+1
    6.0625e+1 6.0625e+1 6.0625e+1 6.0625e+1 6.0625e+1 6.0625e+1 6.0625e+1
    6.0625e+1 6.0625e+1 6.0625e+1 6.0625e+1 6.0625e+1 6.0625e+1 6.0625e+1
    6.0625e+1 6.0625e+1 6.0625e+1 6.0625e+1 6.0625e+1 6.0625e+1 6.0625e+1
    6.0625e+1 6.0625e+1 6.0625e+1 6.0625e+1 6.0625e+1 6.0625e+1 6.0625e+1
    6.0625e+1 6.0625e+1 6.0625e+1 6.0625e+1 6.0625e+1 6.0625e+1 6.0625e+1
    6.0625e+1 6.0625e+1 6.0625e+1 6.0625e+1 6.0625e+1 6.0625e+1 6.0625e+1
    6.0625e+1 6.0636363636363633e+1 6.0714285714285715e+1 6.0727272727272727e+1
    6.075e+1 6.075e+1 6.081818181818182e+1 6.0857142857142854e+1
    6.0899999999999999e+1 6.1e+1 6.1e+1 6.1e+1 6.107692307692308e+1
    6.107692307692308e+1 6.107692307692308e+1 6.107692307692308e+1
    6.107692307692308e+1 6.107692307692308e+1 6.107692307692308e+1
    6.107692307692308e+1 6.107692307692308e+1 6.107692307692308e+1
    6.107692307692308e+1 6.107692307692308e+1 6.107692307692308e+1
    6.107692307692308e+1 6.1166666666666664e+1 6.1166666666666664e+1
    6.1333333333333336e+1 6.1333333333333336e+1 6.1333333333333336e+1
    6.1333333333333336e+1 6.1333333333333336e+1 6.1333333333333336e+1
    6.1333333333333336e+1 6.1333333333333336e+1 6.1333333333333336e+1
    6.1333333333333336e+1 6.1333333333333336e+1 6.1333333333333336e+1
    6.1333333333333336e+1 6.1333333333333336e+1 6.1333333333333336e+1
    6.1333333333333336e+1 6.1333333333333336e+1 6.1333333333333336e+1
    6.1333333333333336e+1 6.1333333333333336e+1 6.1333333333333336e+1
    6.1333333333333336e+1 6.1333333333333336e+1 6.1333333333333336e+1
    6.1333333333333336e+1 6.1333333333333336e+1 6.1333333333333336e+1
    6.1333333333333336e+1 6.1333333333333336e+1 6.1333333333333336e+1
    6.1333333333333336e+1 6.1333333333333336e+1 6.1333333333333336e+1
    6.1333333333333336e+1 6.1333333333333336e+1 6.1333333333333336e+1
    6.1333333333333336e+1 6.1333333333333336e+1 6.1333333333333336e+1
    6.1333333333333336e+1 6.1333333333333336e+1 6.1333333333333336e+1
    6.1333333333333336e+1 6.1333333333333336e+1 6.1333333333333336e+1
    6.1333333333333336e+1 6.1333333333333336e+1 6.1333333333333336e+1
    6.1333333333333336e+1 6.1333333333333336e+1 6.1333333333333336e+1
    6.1333333333333336e+1 6.1333333333333336e+1 6.1333333333333336e+1
    6.1333333333333336e+1 6.1333333333333336e+1 6.1333333333333336e+1
    6.1333333333333336e+1 6.1333333333333336e+1 6.1333333333333336e+1
    6.1333333333333336e+1 6.1333333333333336e+1 6.1333333333333336e+1
    6.1333333333333336e+1 6.1333333333333336e+1 6.1333333333333336e+1
    6.1333333333333336e+1 6.1333333333333336e+1 6.1333333333333336e+1
    6.1333333333333336e+1 6.1333333333333336e+1 6.1333333333333336e+1
    6.1333333333333336e+1 6.1333333333333336e+1 6.1333333333333336e+1
    6.1333333333333336e+1 6.1333333333333336e+1 6.1333333333333336e+1
    6.1333333333333336e+1 6.1333333333333336e+1 6.1333333333333336e+1
    6.1333333333333336e+1 6.1333333333333336e+1 6.1333333333333336e+1
    6.1333333333333336e+1 6.1333333333333336e+1 6.1333333333333336e+1
    6.1333333333333336e+1 6.1333333333333336e+1 6.1333333333333336e+1
    6.1333333333333336e+1 6.1333333333333336e+1 6.1333333333333336e+1
    6.1333333333333336e+1 6.1333333333333336e+1 6.1333333333333336e+1
    6.1333333333333336e+1 6.1333333333333336e+1 6.1333333333333336e+1
    6.1333333333333336e+1 6.1333333333333336e+1 6.1333333333333336e+1
    6.1333333333333336e+1 6.1333333333333336e+1 6.1333333333333336e+1
    6.1333333333333336e+1 6.1333333333333336e+1 6.1333333333333336e+1
    6.1333333333333336e+1 6.1333333333333336e+1 6.1333333333333336e+1
    6.1333333333333336e+1 6.1333333333333336e+1 6.1333333333333336e+1
    6.1333333333333336e+1 6.1333333333333336e+1 6.1333333333333336e+1
    6.1333333333333336e+1 6.1333333333333336e+1 6.1333333333333336e+1
    6.1333333333333336e+1 6.1333333333333336e+1 6.1333333333333336e+1
    6.1333333333333336e+1 6.1333333333333336e+1 6.1333333333333336e+1
    6.1333333333333336e+1 6.1333333333333336e+1 6.1333333333333336e+1
    6.1333333333333336e+1 6.1333333333333336e+1 6.1333333333333336e+1
    6.1333333333333336e+1 6.1333333333333336e+1 6.1333333333333336e+1
    6.1333333333333336e+1 6.1333333333333336e+1 6.1333333333333336e+1
    6.1333333333333336e+1 6.1333333333333336e+1 6.1333333333333336e+1
    6.1333333333333336e+1 6.1333333333333336e+1 6.1333333333333336e+1
    6.1333333333333336e+1 6.1333333333333336e+1 6.1333333333333336e+1
    6.1333333333333336e+1 6.1333333333333336e+1 6.1333333333333336e+1
    6.1333333333333336e+1 6.1333333333333336e+1 6.1333333333333336e+1
    6.1333333333333336e+1 6.1333333333333336e+1 6.1333333333333336e+1
    6.1333333333333336e+1 6.1333333333333336e+1 6.1333333333333336e+1
    6.1333333333333336e+1 6.1333333333333336e+1 6.1333333333333336e+1
    6.1333333333333336e+1 6.1333333333333336e+1 6.1333333333333336e+1
    6.1333333333333336e+1 6.1333333333333336e+1 6.1333333333333336e+1
    6.1333333333333336e+1 6.1333333333333336e+1 6.1333333333333336e+1
    6.1333333333333336e+1 6.1333333333333336e+1 6.1333333333333336e+1
    6.1333333333333336e+1 6.1333333333333336e+1 6.1333333333333336e+1
    6.1333333333333336e+1 6.1333333333333336e+1 6.1333333333333336e+1
    6.1333333333333336e+1 6.1333333333333336e+1 6.1333333333333336e+1
    6.1333333333333336e+1 6.1333333333333336e+1 6.1333333333333336e+1
    6.1333333333333336e+1 6.1333333333333336e+1 6.1333333333333336e+1
    6.1333333333333336e+1 6.1333333333333336e+1 6.1333333333333336e+1
    6.1333333333333336e+1 6.1333333333333336e+1 6.1333333333333336e+1
    6.1333333333333336e+1 6.1333333333333336e+1 6.1333333333333336e+1
    6.1333333333333336e+1 6.1333333333333336e+1 6.1333333333333336e+1
    6.1333333333333336e+1 6.1333333333333336e+1 6.1333333333333336e+1
    6.1333333333333336e+1 6.1333333333333336e+1 6.1333333333333336e+1
    6.1333333333333336e+1 6.1333333333333336e+1 6.1333333333333336e+1
    6.1333333333333336e+1 6.1333333333333336e+1 6.1333333333333336e+1
    6.1333333333333336e+1 6.1333333333333336e+1 6.1333333333333336e+1
    6.1333333333333336e+1 6.1333333333333336e+1 6.1333333333333336e+1
    6.1333333333333336e+1 6.1333333333333336e+1 6.1333333333333336e+1
    6.1333333333333336e+1 6.1333333333333336e+1 6.1333333333333336e+1
    6.1333333333333336e+1 6.1333333333333336e+1 6.1333333333333336e+1
    6.1333333333333336e+1 6.1333333333333336e+1 6.1333333333333336e+1
    6.1333333333333336e+1 6.1333333333333336e+1 6.1333333333333336e+1
    6.1333333333333336e+1 6.1333333333333336e+1 6.1333333333333336e+1
    6.1333333333333336e+1 6.1333333333333336e+1 6.1333333333333336e+1
    6.1333333333333336e+1 6.1333333333333336e+1 6.1333333333333336e+1
    6.1333333333333336e+1 6.1333333333333336e+1 6.1333333333333336e+1
    6.1333333333333336e+1 6.1333333333333336e+1 6.1333333333333336e+1
    6.1333333333333336e+1 6.1333333333333336e+1 6.1333333333333336e+1
    6.1333333333333336e+1 6.1333333333333336e+1 6.1333333333333336e+1
    6.1333333333333336e+1 6.1333333333333336e+1 6.1333333333333336e+1
    6.1333333333333336e+1 6.1333333333333336e+1 6.1333333333333336e+1
    6.1333333333333336e+1 6.1333333333333336e+1 6.1333333333333336e+1
    6.1333333333333336e+1 6.1333333333333336e+1 6.1333333333333336e+1
    6.1333333333333336e+1 6.1333333333333336e+1 6.1333333333333336e+1
    6.1333333333333336e+1 6.1333333333333336e+1 6.1333333333333336e+1
    6.1333333333333336e+1 6.1333333333333336e+1 6.1333333333333336e+1
    6.1333333333333336e+1 6.1333333333333336e+1 6.1333333333333336e+1
    6.1333333333333336e+1 6.1333333333333336e+1 6.1333333333333336e+1
    6.1333333333333336e+1 6.1333333333333336e+1 6.1333333333333336e+1
    6.1333333333333336e+1 6.1333333333333336e+1 6.1333333333333336e+1
    6.1333333333333336e+1 6.1333333333333336e+1 6.1333333333333336e+1
    6.1333333333333336e+1 6.1333333333333336e+1 6.1333333333333336e+1
    6.1333333333333336e+1 6.1333333333333336e+1 6.1333333333333336e+1
    6.1333333333333336e+1 6.1333333333333336e+1 6.1333333333333336e+1
    6.1333333333333336e+1 6.1333333333333336e+1 6.1333333333333336e+1
    6.1333333333333336e+1 6.1333333333333336e+1 6.1333333333333336e+1
    6.1333333333333336e+1 6.1333333333333336e+1 6.1333333333333336e+1
    6.1333333333333336e+1 6.1333333333333336e+1 6.1333333333333336e+1
    6.1333333333333336e+1 6.1333333333333336e+1 6.15e+1 6.1545454545454547e+1
    6.1625e+1 6.175e+1 6.175e+1 6.1799999999999997e+1 6.1799999999999997e+1
    6.1799999999999997e+1 6.1799999999999997e+1 6.1799999999999997e+1
    6.1799999999999997e+1 6.1799999999999997e+1 6.1799999999999997e+1
    6.1799999999999997e+1 6.1799999999999997e+1 6.1799999999999997e+1
    6.1799999999999997e+1 6.1799999999999997e+1 6.1799999999999997e+1
    6.1799999999999997e+1 6.1799999999999997e+1 6.1799999999999997e+1
    6.1799999999999997e+1 6.1799999999999997e+1 6.1799999999999997e+1
    6.1799999999999997e+1 6.1799999999999997e+1 6.1799999999999997e+1
    6.1799999999999997e+1 6.1799999999999997e+1 6.1799999999999997e+1
    6.1799999999999997e+1 6.1799999999999997e+1 6.1799999999999997e+1
    6.1799999999999997e+1 6.1799999999999997e+1 6.1799999999999997e+1
    6.1799999999999997e+1 6.1799999999999997e+1 6.1799999999999997e+1
    6.1799999999999997e+1 6.1799999999999997e+1 6.1799999999999997e+1
    6.1799999999999997e+1 6.1799999999999997e+1 6.1799999999999997e+1
    6.1799999999999997e+1 6.1799999999999997e+1 6.1799999999999997e+1
    6.1799999999999997e+1 6.1799999999999997e+1 6.1799999999999997e+1
    6.1799999999999997e+1 6.1799999999999997e+1 6.1799999999999997e+1
    6.1799999999999997e+1 6.1799999999999997e+1 6.1799999999999997e+1
    6.1799999999999997e+1 6.1799999999999997e+1 6.1799999999999997e+1
    6.1799999999999997e+1 6.1799999999999997e+1 6.1799999999999997e+1
    6.1799999999999997e+1 6.1799999999999997e+1 6.1799999999999997e+1
    6.1799999999999997e+1 6.1799999999999997e+1 6.1799999999999997e+1
    6.1799999999999997e+1 6.1799999999999997e+1 6.1799999999999997e+1
    6.1799999999999997e+1 6.1799999999999997e+1 6.1799999999999997e+1
    6.1799999999999997e+1 6.1799999999999997e+1 6.1799999999999997e+1
    6.1799999999999997e+1 6.1799999999999997e+1 6.1799999999999997e+1
    6.1799999999999997e+1 6.1799999999999997e+1 6.2e+1 6.2142857142857146e+1
    6.2285714285714285e+1 6.2285714285714285e+1 6.3e+1 6.35e+1 6.6e+1 6.7e+1
    6.7e+1 6.775e+1 6.8e+1 6.8e+1 6.8e+1 6.8e+1 6.95e+1 7.25e+1 7.3e+1 7.3e+1
    7.3e+1 7.3e+1 7.3e+1 7.3e+1 7.3e+1 7.3e+1 7.4e+1 7.425e+1 7.475e+1 7.5e+1
    7.5e+1 7.5e+1 7.5e+1 7.5e+1 7.5e+1 7.5e+1 7.5e+1 7.5e+1 7.5e+1 7.5e+1
    7.5e+1 7.5e+1 7.5e+1 7.5e+1 7.5e+1 7.5e+1 7.5e+1 7.5e+1 7.5e+1 7.5e+1
    7.5e+1 7.5e+1 7.55e+1 7.6e+1 7.6e+1 7.6e+1 7.6e+1 7.6e+1 7.6e+1 7.6e+1
    7.6e+1 7.6e+1 7.6e+1 7.6e+1 7.6e+1 7.6e+1 7.6e+1 7.6e+1 7.6e+1 7.6e+1
    7.6e+1 7.6e+1 7.6e+1 7.65e+1 7.7e+1 7.7e+1 7.7e+1 7.7e+1 7.7e+1 7.7e+1
    7.7e+1 7.7e+1 7.7e+1 7.75e+1 7.75e+1 7.8e+1 7.8e+1 7.8e+1 7.8e+1 7.8e+1
    7.8e+1 7.8e+1 7.8e+1 7.8e+1 7.8333333333333329e+1 7.85e+1 7.9e+1 7.9e+1
    7.9e+1 7.9e+1 7.9e+1 7.9e+1 7.9e+1 7.9e+1 7.9e+1 7.9e+1 7.9e+1 7.9e+1
    7.925e+1 7.9375e+1 7.975e+1 8.0e+1 8.0e+1 8.0e+1 8.0e+1 8.0e+1 8.0e+1
    8.0e+1 8.0e+1 8.0e+1 8.0e+1 8.0e+1 8.0e+1 8.0e+1 8.05e+1
    8.0666666666666671e+1 8.1e+1 8.1e+1 8.1e+1 8.1e+1 8.1e+1 8.1e+1 8.1e+1
    8.1e+1 8.1e+1 8.1333333333333329e+1 8.15e+1 8.1625e+1 8.175e+1 8.2e+1
    8.2e+1 8.2e+1 8.2e+1 8.2e+1 8.2e+1 8.2e+1 8.2e+1 8.2e+1 8.2e+1 8.2e+1
    8.2e+1 8.2e+1 8.2e+1 8.225e+1 8.25e+1 8.25e+1 8.25e+1 8.25e+1 8.25e+1
    8.25e+1 8.2666666666666671e+1 8.2666666666666671e+1 8.3e+1 8.3e+1 8.3e+1
    8.3e+1 8.3e+1 8.3e+1 8.3e+1 8.3e+1 8.3e+1 8.3e+1 8.3e+1 8.3e+1 8.3e+1
    8.3e+1 8.3e+1 8.3e+1 8.3e+1 8.325e+1 8.3333333333333329e+1
    8.3333333333333329e+1 8.35e+1 8.35e+1 8.35e+1 8.3666666666666671e+1 8.4e+1
    8.4e+1 8.4e+1 8.4e+1 8.4e+1 8.4e+1 8.4e+1 8.4e+1 8.4e+1 8.4e+1 8.4e+1
    8.4e+1 8.4e+1 8.4e+1 8.4e+1 8.4333333333333329e+1 8.45e+1 8.45e+1 8.45e+1
    8.4599999999999994e+1 8.4700000000000003e+1 8.5e+1 8.5e+1 8.5e+1 8.5e+1
    8.5e+1 8.5e+1 8.5e+1 8.5e+1 8.5e+1 8.5e+1 8.5e+1 8.5e+1 8.5e+1 8.525e+1
    8.525e+1 8.5400000000000006e+1 8.5400000000000006e+1 8.55e+1 8.55e+1
    8.55e+1 8.5666666666666671e+1 8.575e+1 8.5777777777777771e+1
    8.5833333333333329e+1 8.6e+1 8.6e+1 8.6e+1 8.6e+1 8.6e+1 8.6e+1 8.6e+1
    8.6e+1 8.6e+1 8.6e+1 8.6e+1 8.6e+1 8.6e+1 8.6e+1 8.6e+1 8.6e+1 8.625e+1
    8.625e+1 8.625e+1 8.625e+1 8.625e+1 8.625e+1 8.625e+1 8.625e+1 8.625e+1
    8.625e+1 8.625e+1 8.625e+1 8.625e+1 8.625e+1 8.625e+1 8.625e+1 8.625e+1
    8.625e+1 8.625e+1 8.625e+1 8.625e+1 8.625e+1 8.625e+1 8.625e+1 8.625e+1
    8.625e+1 8.625e+1 8.625e+1 8.625e+1 8.625e+1 8.625e+1 8.625e+1 8.625e+1
    8.625e+1 8.625e+1 8.625e+1 8.625e+1 8.625e+1 8.625e+1 8.625e+1 8.625e+1
    8.625e+1 8.625e+1 8.625e+1 8.625e+1 8.625e+1 8.625e+1 8.625e+1 8.625e+1
    8.625e+1 8.625e+1 8.625e+1 8.625e+1 8.625e+1 8.625e+1 8.625e+1 8.625e+1
    8.625e+1 8.625e+1 8.625e+1 8.625e+1 8.625e+1 8.625e+1 8.625e+1 8.625e+1
    8.625e+1 8.625e+1 8.625e+1 8.625e+1 8.625e+1 8.625e+1 8.625e+1 8.625e+1
    8.625e+1 8.625e+1 8.625e+1 8.625e+1 8.625e+1 8.625e+1 8.625e+1 8.625e+1
    8.625e+1 8.625e+1 8.625e+1 8.625e+1 8.625e+1 8.625e+1 8.625e+1 8.625e+1
    8.625e+1 8.625e+1 8.625e+1 8.625e+1 8.625e+1 8.625e+1 8.625e+1 8.625e+1
    8.625e+1 8.625e+1 8.625e+1 8.625e+1 8.625e+1 8.625e+1 8.625e+1 8.625e+1
    8.625e+1 8.625e+1 8.625e+1 8.625e+1 8.625e+1 8.625e+1 8.625e+1 8.625e+1
    8.625e+1 8.625e+1 8.625e+1 8.625e+1 8.625e+1 8.625e+1 8.625e+1 8.625e+1
    8.625e+1 8.625e+1 8.625e+1 8.625e+1 8.625e+1 8.625e+1 8.625e+1 8.625e+1
    8.625e+1 8.625e+1 8.625e+1 8.625e+1 8.625e+1 8.625e+1 8.625e+1 8.625e+1
    8.625e+1 8.625e+1 8.625e+1 8.625e+1 8.625e+1 8.625e+1 8.625e+1 8.625e+1
    8.625e+1 8.625e+1 8.625e+1 8.625e+1 8.625e+1 8.625e+1 8.625e+1 8.625e+1
    8.625e+1 8.625e+1 8.625e+1 8.625e+1 8.625e+1 8.625e+1 8.625e+1 8.625e+1
    8.625e+1 8.625e+1 8.625e+1 8.625e+1 8.625e+1 8.625e+1 8.625e+1 8.625e+1
    8.625e+1 8.625e+1 8.625e+1 8.625e+1 8.625e+1 8.625e+1 8.625e+1 8.625e+1
    8.625e+1 8.625e+1 8.625e+1 8.625e+1 8.625e+1 8.625e+1 8.625e+1 8.625e+1
    8.625e+1 8.625e+1 8.625e+1 8.625e+1 8.625e+1 8.625e+1 8.625e+1 8.625e+1
    8.625e+1 8.625e+1 8.625e+1 8.625e+1 8.625e+1 8.625e+1 8.625e+1
    8.6333333333333329e+1 8.6333333333333329e+1 8.6333333333333329e+1 8.65e+1
    8.65e+1 8.6599999999999994e+1 8.663636363636364e+1 8.6833333333333329e+1
    8.6857142857142861e+1 8.7e+1 8.7e+1 8.7e+1 8.7e+1 8.7e+1 8.7e+1 8.7e+1
    8.7e+1 8.7e+1 8.7e+1 8.7e+1 8.7e+1 8.7285714285714292e+1 8.75e+1 8.75e+1
    8.75e+1 8.7571428571428569e+1 8.7666666666666671e+1 8.7666666666666671e+1
    8.775e+1 8.775e+1 8.7799999999999997e+1 8.8e+1 8.8e+1 8.8e+1 8.8e+1 8.8e+1
    8.8e+1 8.8e+1 8.8e+1 8.8e+1 8.8e+1 8.8e+1 8.8e+1 8.8e+1 8.8e+1 8.8e+1
    8.8e+1 8.8e+1 8.8166666666666671e+1 8.825e+1 8.825e+1 8.8333333333333329e+1
    8.8333333333333329e+1 8.85e+1 8.85e+1 8.85e+1 8.8666666666666671e+1
    8.875e+1 8.8833333333333329e+1 8.9e+1 8.9e+1 8.9e+1 8.9e+1 8.9e+1 8.9e+1
    8.9e+1 8.9e+1 8.9e+1 8.9e+1 8.9e+1 8.9e+1 8.9166666666666671e+1 8.925e+1
    8.9333333333333329e+1 8.95e+1 8.95e+1 8.95e+1 8.95e+1 8.9583333333333329e+1
    8.9666666666666671e+1 8.9666666666666671e+1 8.9833333333333329e+1
    8.9833333333333329e+1 9.0e+1 9.0e+1 9.0e+1 9.0e+1 9.0e+1 9.0e+1 9.0e+1
    9.0e+1 9.0e+1 9.0e+1 9.0e+1 9.0e+1 9.0e+1 9.0e+1 9.0e+1 9.0e+1 9.0e+1
    9.0200000000000003e+1 9.025e+1 9.0333333333333329e+1 9.0333333333333329e+1
    9.0333333333333329e+1 9.0333333333333329e+1 9.0333333333333329e+1 9.05e+1
    9.05e+1 9.05e+1 9.05e+1 9.05e+1 9.0599999999999994e+1 9.0666666666666671e+1
    9.0666666666666671e+1 9.075e+1 9.0875e+1 9.1e+1 9.1e+1 9.1e+1 9.1e+1 9.1e+1
    9.1e+1 9.1e+1 9.1e+1 9.1e+1 9.1e+1 9.1e+1 9.1e+1 9.1e+1
    9.1111111111111114e+1 9.1200000000000003e+1 9.1285714285714292e+1
    9.1333333333333329e+1 9.1333333333333329e+1 9.1400000000000006e+1 9.15e+1
    9.15e+1 9.15e+1 9.15e+1 9.15e+1 9.15e+1 9.1599999999999994e+1
    9.1666666666666671e+1 9.175e+1 9.175e+1 9.2e+1 9.2e+1 9.2e+1 9.2e+1 9.2e+1
    9.2e+1 9.2e+1 9.2e+1 9.2e+1 9.2e+1 9.2e+1 9.2e+1 9.2e+1 9.2e+1 9.2e+1
    9.2e+1 9.2e+1 9.2e+1 9.2166666666666671e+1 9.225e+1 9.2333333333333329e+1
    9.2333333333333329e+1 9.2400000000000006e+1 9.25e+1 9.25e+1 9.25e+1
    9.2714285714285708e+1 9.2799999999999997e+1 9.3e+1 9.3e+1 9.3e+1 9.3e+1
    9.3e+1 9.3e+1 9.3e+1 9.3e+1 9.3e+1 9.3e+1 9.3e+1 9.3e+1 9.3e+1 9.3e+1
    9.3e+1 9.3e+1 9.3e+1 9.3e+1 9.3e+1 9.3e+1 9.3e+1 9.3e+1 9.3e+1 9.3e+1
    9.3e+1 9.3e+1 9.3e+1 9.3e+1 9.3e+1 9.3e+1 9.3e+1 9.3e+1 9.3e+1 9.3e+1
    9.3e+1 9.3e+1 9.3200000000000003e+1 9.325e+1 9.3285714285714292e+1
    9.3333333333333329e+1 9.3333333333333329e+1 9.35e+1 9.35e+1 9.35e+1 9.35e+1
    9.3666666666666671e+1 9.3666666666666671e+1 9.3666666666666671e+1 9.375e+1
    9.375e+1 9.3875e+1 9.4e+1 9.4e+1 9.4e+1 9.4e+1 9.4e+1 9.4e+1 9.4e+1 9.4e+1
    9.4e+1 9.4e+1 9.4e+1 9.4e+1 9.4e+1 9.4e+1 9.4e+1 9.4e+1 9.4e+1 9.4e+1
    9.4e+1 9.4e+1 9.4e+1 9.4e+1 9.4e+1 9.4e+1 9.4e+1 9.4e+1 9.4e+1 9.4e+1
    9.4e+1 9.4e+1 9.4e+1 9.4e+1 9.4e+1 9.4e+1 9.4e+1 9.4e+1 9.4e+1 9.4e+1
    9.4e+1 9.4e+1 9.4e+1 9.4e+1 9.4e+1 9.4e+1 9.4e+1 9.4e+1 9.4e+1 9.4e+1
    9.4e+1 9.4e+1 9.4e+1 9.4e+1 9.4e+1 9.4e+1 9.4e+1 9.4e+1 9.4e+1 9.4e+1
    9.4e+1 9.4e+1 9.4e+1 9.4e+1 9.4e+1 9.4e+1 9.4e+1 9.4e+1 9.4e+1 9.4e+1
    9.4e+1 9.4e+1 9.4e+1 9.4e+1 9.4e+1 9.4e+1 9.4e+1 9.4e+1 9.4e+1 9.4e+1
    9.4e+1 9.4e+1 9.4e+1 9.4e+1 9.4e+1 9.4e+1 9.4e+1 9.4e+1 9.4e+1 9.4e+1
    9.4e+1 9.4e+1 9.4e+1 9.4e+1 9.4e+1 9.4e+1 9.4e+1 9.4e+1 9.4e+1 9.4e+1
    9.4e+1 9.4e+1 9.4e+1 9.4e+1 9.4e+1 9.4e+1 9.4e+1 9.4e+1 9.4e+1 9.4e+1
    9.4e+1 9.4e+1 9.4e+1 9.4e+1 9.4e+1 9.4e+1 9.4e+1 9.4e+1 9.4e+1 9.4e+1
    9.4e+1 9.4e+1 9.4e+1 9.4e+1 9.4e+1 9.4e+1 9.4e+1 9.4099999999999994e+1
    9.4200000000000003e+1 9.4200000000000003e+1 9.4333333333333329e+1 9.45e+1
    9.45e+1 9.45e+1 9.45e+1 9.45e+1 9.45e+1 9.4545454545454547e+1
    9.4599999999999994e+1 9.4599999999999994e+1 9.4666666666666671e+1
    9.4714285714285708e+1 9.475e+1 9.475e+1 9.4799999999999997e+1 9.5e+1 9.5e+1
    9.5e+1 9.5e+1 9.5e+1 9.5e+1 9.5e+1 9.5e+1 9.5e+1 9.5e+1 9.5e+1 9.5e+1
    9.5e+1 9.5e+1 9.5e+1 9.5e+1 9.5e+1 9.5e+1 9.5e+1 9.5e+1 9.5e+1 9.5e+1
    9.5e+1 9.5e+1 9.5e+1 9.5e+1 9.5e+1 9.5e+1 9.5e+1 9.5e+1 9.5e+1 9.5e+1
    9.5e+1 9.5e+1 9.5e+1 9.5e+1 9.5e+1 9.5e+1 9.5e+1 9.5e+1 9.525e+1 9.525e+1
    9.5285714285714292e+1 9.5333333333333329e+1 9.5400000000000006e+1 9.55e+1
    9.55e+1 9.55e+1 9.55e+1 9.5571428571428569e+1 9.5599999999999994e+1
    9.5666666666666671e+1 9.5714285714285708e+1 9.575e+1 9.5777777777777771e+1
    9.5888888888888886e+1 9.6e+1 9.6e+1 9.6e+1 9.6e+1 9.6e+1 9.6e+1 9.6e+1
    9.6e+1 9.6e+1 9.6e+1 9.6e+1 9.6e+1 9.6e+1 9.6099999999999994e+1
    9.6200000000000003e+1 9.625e+1 9.6333333333333329e+1 9.6333333333333329e+1
    9.6333333333333329e+1 9.6333333333333329e+1 9.6333333333333329e+1
    9.6400000000000006e+1 9.65e+1 9.65e+1 9.6599999999999994e+1
    9.6666666666666671e+1 9.675e+1 9.675e+1 9.6799999999999997e+1
    9.6799999999999997e+1 9.7e+1 9.7e+1 9.7e+1 9.7e+1 9.7e+1 9.7e+1 9.7e+1
    9.7e+1 9.7e+1 9.7e+1 9.7e+1 9.7e+1 9.7e+1 9.7e+1 9.7e+1 9.7e+1
    9.7099999999999994e+1 9.725e+1 9.725e+1 9.725e+1 9.725e+1
    9.7333333333333329e+1 9.7333333333333329e+1 9.7333333333333329e+1
    9.7333333333333329e+1 9.7333333333333329e+1 9.7400000000000006e+1
    9.7428571428571431e+1 9.75e+1 9.75e+1 9.75e+1 9.7599999999999994e+1
    9.7666666666666671e+1 9.7666666666666671e+1 9.7666666666666671e+1
    9.7666666666666671e+1 9.7666666666666671e+1 9.7714285714285708e+1 9.775e+1
    9.7799999999999997e+1 9.7799999999999997e+1 9.8e+1 9.8e+1 9.8e+1 9.8e+1
    9.8e+1 9.8e+1 9.8e+1 9.8e+1 9.8e+1 9.8e+1 9.8e+1 9.8e+1 9.8e+1 9.8e+1
    9.8e+1 9.8e+1 9.8e+1 9.8142857142857139e+1 9.8200000000000003e+1 9.825e+1
    9.8285714285714292e+1 9.8333333333333329e+1 9.8333333333333329e+1
    9.8333333333333329e+1 9.8333333333333329e+1 9.85e+1 9.85e+1 9.85e+1 9.85e+1
    9.85e+1 9.85e+1 9.8599999999999994e+1 9.8666666666666671e+1
    9.8666666666666671e+1 9.875e+1 9.8833333333333329e+1 9.9e+1 9.9e+1 9.9e+1
    9.9e+1 9.9e+1 9.9e+1 9.9e+1 9.9e+1 9.9e+1 9.9e+1 9.9e+1 9.9e+1 9.9e+1
    9.9e+1 9.9e+1 9.9e+1 9.9e+1 9.9e+1 9.9e+1 9.9e+1 9.9e+1 9.9e+1 9.9e+1
    9.9e+1 9.9e+1 9.9e+1 9.9e+1 9.9e+1 9.9e+1 9.9e+1 9.9e+1 9.9e+1 9.9e+1
    9.9e+1 9.9e+1 9.9e+1 9.9e+1 9.9e+1 9.9e+1 9.9e+1 9.9e+1 9.9e+1 9.9e+1
    9.9e+1 9.9e+1 9.9e+1 9.9e+1 9.9e+1 9.9e+1 9.9e+1 9.9125e+1
    9.9166666666666671e+1 9.9200000000000003e+1 9.9200000000000003e+1 9.925e+1
    9.925e+1 9.925e+1 9.9333333333333329e+1 9.9333333333333329e+1
    9.9400000000000006e+1 9.95e+1 9.95e+1 9.95e+1 9.95e+1 9.95e+1 9.95e+1
    9.963636363636364e+1 9.9666666666666671e+1 9.9799999999999997e+1
    9.9833333333333329e+1 9.9857142857142861e+1 9.9875e+1 1.0e+2 1.0e+2 1.0e+2
    1.0e+2 1.0e+2 1.0e+2 1.0e+2 1.0e+2 1.0e+2 1.0e+2 1.0e+2 1.0e+2 1.0e+2
    1.0e+2 1.0e+2 1.0e+2 1.0e+2 1.0e+2 1.0e+2 1.0e+2 1.0e+2 1.0e+2 1.0e+2
    1.0e+2 1.0e+2 1.0e+2 1.0e+2 1.0e+2 1.0e+2 1.0e+2 1.0e+2 1.0e+2 1.0e+2
    1.0e+2 1.0e+2 1.0e+2 1.0e+2 1.0e+2 1.0e+2 1.0e+2 1.0e+2 1.0e+2 1.0e+2
    1.0e+2 1.0e+2 1.0e+2 1.0e+2 1.0e+2 1.0e+2 1.0e+2 1.0e+2 1.0e+2 1.0e+2
    1.0e+2 1.0e+2 1.0e+2 1.0e+2 1.0e+2 1.0e+2 1.0e+2 1.0e+2 1.0e+2 1.0e+2
    1.0e+2 1.0e+2 1.0e+2 1.0e+2 1.0e+2 1.0e+2 1.0e+2 1.0e+2 1.0e+2 1.0e+2
    1.0e+2 1.0e+2 1.0e+2 1.0e+2 1.0e+2 1.0e+2 1.0e+2 1.0e+2 1.0e+2 1.0e+2
    1.0e+2 1.0e+2 1.0e+2 1.0e+2 1.0e+2 1.0e+2 1.0e+2 1.0e+2 1.0e+2 1.0e+2
    1.0e+2 1.0e+2 1.0e+2 1.0e+2 1.0e+2 1.0e+2 1.0e+2 1.0e+2 1.0e+2 1.0e+2
    1.0e+2 1.0e+2 1.0e+2 1.0e+2 1.0e+2 1.0e+2 1.0e+2 1.0e+2 1.0e+2 1.0e+2
    1.0e+2 1.0e+2 1.0e+2 1.0e+2 1.0e+2 1.0e+2 1.0e+2 1.0e+2 1.0e+2 1.0e+2
    1.0e+2 1.0e+2 1.0e+2 1.0e+2 1.0e+2 1.0e+2 1.0e+2 1.0e+2 1.0e+2 1.0e+2
    1.0e+2 1.0e+2 1.0e+2 1.0e+2 1.0e+2 1.0e+2 1.0e+2 1.0e+2 1.0e+2 1.0e+2
    1.0e+2 1.0e+2 1.0e+2 1.0e+2 1.0e+2 1.0e+2 1.0e+2 1.0e+2 1.0e+2 1.0e+2
    1.0e+2 1.0e+2 1.0e+2 1.0016666666666667e+2 1.002e+2 1.002e+2 1.002e+2
    1.002e+2 1.0025e+2 1.0025e+2 1.0033333333333333e+2 1.0033333333333333e+2
    1.0033333333333333e+2 1.0042857142857143e+2 1.005e+2 1.005e+2 1.005e+2
    1.005e+2 1.005e+2 1.005e+2 1.0059999999999999e+2 1.0059999999999999e+2
    1.0066666666666667e+2 1.0066666666666667e+2 1.008e+2 1.0085714285714286e+2
    1.01e+2 1.01e+2 1.01e+2 1.01e+2 1.01e+2 1.01e+2 1.01e+2 1.01e+2 1.01e+2
    1.01e+2 1.01e+2 1.01e+2 1.01e+2 1.01e+2 1.01e+2 1.01e+2 1.01e+2 1.01e+2
    1.01e+2 1.01e+2 1.01e+2 1.01e+2 1.01e+2 1.01e+2 1.01e+2 1.01e+2 1.01e+2
    1.01e+2 1.01e+2 1.01e+2 1.01e+2 1.01e+2 1.01e+2 1.01e+2 1.01e+2 1.01e+2
    1.01e+2 1.01e+2 1.01e+2 1.01e+2 1.01e+2 1.01e+2 1.01e+2 1.01e+2 1.01e+2
    1.01e+2 1.01e+2 1.01e+2 1.01e+2 1.01e+2 1.01e+2 1.01e+2 1.01e+2 1.01e+2
    1.01e+2 1.01e+2 1.01e+2 1.01e+2 1.01e+2 1.01e+2 1.01e+2 1.01e+2 1.01e+2
    1.01e+2 1.01e+2 1.01e+2 1.01e+2 1.01e+2 1.01e+2 1.01e+2 1.01e+2 1.01e+2
    1.01e+2 1.01e+2 1.01e+2 1.01e+2 1.01e+2 1.01e+2 1.01e+2 1.01e+2 1.01e+2
    1.01e+2 1.01e+2 1.01e+2 1.01e+2 1.01e+2 1.01e+2 1.01e+2 1.01e+2 1.01e+2
    1.01e+2 1.01e+2 1.01e+2 1.01e+2 1.01e+2 1.01e+2 1.01e+2 1.01e+2 1.01e+2
    1.01e+2 1.01e+2 1.01e+2 1.01e+2 1.01e+2 1.01e+2 1.01e+2 1.01e+2 1.01e+2
    1.01e+2 1.01e+2 1.01e+2 1.01e+2 1.01e+2 1.01e+2 1.01e+2 1.01e+2 1.01e+2
    1.01e+2 1.01e+2 1.01e+2 1.01e+2 1.01e+2 1.01e+2 1.01e+2 1.01e+2 1.01e+2
    1.01e+2 1.01e+2 1.01e+2 1.01e+2 1.01e+2 1.01e+2 1.01e+2 1.01e+2 1.01e+2
    1.01e+2 1.01e+2 1.01e+2 1.01e+2 1.01e+2 1.01e+2 1.01e+2 1.01e+2 1.01e+2
    1.01e+2 1.01e+2 1.01e+2 1.01e+2 1.01e+2 1.01e+2 1.01e+2 1.01e+2 1.01e+2
    1.01e+2 1.01e+2 1.01e+2 1.01e+2 1.01e+2 1.01e+2 1.01e+2 1.01e+2 1.01e+2
    1.01e+2 1.01e+2 1.01e+2 1.01e+2 1.01e+2 1.01e+2 1.01e+2 1.01e+2 1.01e+2
    1.01e+2 1.01e+2 1.01e+2 1.01e+2 1.01e+2 1.01e+2 1.01e+2 1.01e+2 1.01e+2
    1.01e+2 1.01e+2 1.01e+2 1.01e+2 1.01e+2 1.01e+2 1.01e+2 1.01e+2 1.01e+2
    1.01e+2 1.01e+2 1.01e+2 1.01e+2 1.01e+2 1.01e+2 1.01e+2 1.01e+2 1.01e+2
    1.01e+2 1.01e+2 1.01e+2 1.01e+2 1.01e+2 1.01e+2 1.01e+2 1.01e+2 1.01e+2
    1.01e+2 1.01e+2 1.01e+2 1.01e+2 1.01e+2 1.01e+2 1.01e+2 1.01e+2 1.01e+2
    1.01e+2 1.01e+2 1.01e+2 1.01e+2 1.01e+2 1.01e+2 1.01e+2 1.01e+2 1.01e+2
    1.01e+2 1.01e+2 1.01e+2 1.01e+2 1.01e+2 1.01e+2 1.01e+2 1.01e+2 1.01e+2
    1.01e+2 1.01e+2 1.01e+2 1.01e+2 1.01e+2 1.01e+2 1.01e+2 1.01e+2 1.01e+2
    1.01e+2 1.01e+2 1.01e+2 1.01e+2 1.01e+2 1.01e+2 1.01e+2 1.01e+2 1.01e+2
    1.01e+2 1.01e+2 1.01e+2 1.01e+2 1.01e+2 1.01e+2 1.01e+2 1.01e+2 1.01e+2
    1.01e+2 1.01e+2 1.01e+2 1.01e+2 1.01e+2 1.01e+2 1.01e+2 1.01e+2 1.01e+2
    1.01e+2 1.01e+2 1.01e+2 1.01e+2 1.01e+2 1.01e+2 1.01e+2 1.01e+2 1.01e+2
    1.01e+2 1.01e+2 1.01e+2 1.01e+2 1.01e+2 1.01e+2 1.01e+2 1.01e+2 1.01e+2
    1.01e+2 1.01e+2 1.01e+2 1.01e+2 1.01e+2 1.01e+2 1.01e+2 1.01e+2 1.01e+2
    1.01e+2 1.01e+2 1.01e+2 1.01e+2 1.01e+2 1.01e+2 1.01e+2 1.01e+2 1.01e+2
    1.01e+2 1.01e+2 1.01e+2 1.01e+2 1.01e+2 1.01e+2 1.01e+2 1.01e+2 1.01e+2
    1.01e+2 1.01e+2 1.01e+2 1.01e+2 1.01e+2 1.01e+2 1.01e+2 1.01e+2 1.01e+2
    1.01e+2 1.01e+2 1.01e+2 1.01e+2 1.01e+2 1.01e+2 1.01e+2 1.01e+2 1.01e+2
    1.01e+2 1.01e+2 1.01e+2 1.01e+2 1.01e+2 1.01e+2 1.01e+2 1.01e+2 1.01e+2
    1.01e+2 1.01e+2 1.01e+2 1.01e+2 1.01e+2 1.01e+2 1.01e+2 1.01e+2 1.01e+2
    1.01e+2 1.01e+2 1.01e+2 1.01e+2 1.01e+2 1.01e+2 1.01e+2 1.01e+2 1.01e+2
    1.01e+2 1.01e+2 1.01e+2 1.01e+2 1.01e+2 1.01e+2 1.01e+2 1.01e+2 1.01e+2
    1.01e+2 1.01e+2 1.01e+2 1.01e+2 1.01e+2 1.01e+2 1.01e+2 1.01e+2 1.01e+2
    1.01e+2 1.01e+2 1.01e+2 1.01e+2 1.01e+2 1.01e+2 1.01e+2 1.01e+2 1.01e+2
    1.01e+2 1.01e+2 1.01e+2 1.01e+2 1.01e+2 1.01e+2 1.01e+2 1.01e+2 1.01e+2
    1.01e+2 1.01e+2 1.01e+2 1.01e+2 1.01e+2 1.01e+2 1.01e+2 1.01e+2 1.01e+2
    1.01e+2 1.01e+2 1.01e+2 1.01e+2 1.01e+2 1.01e+2 1.01e+2 1.01e+2 1.01e+2
    1.01e+2 1.01e+2 1.01e+2 1.01e+2 1.01e+2 1.01e+2 1.01e+2 1.01e+2 1.01e+2
    1.01e+2 1.01e+2 1.01e+2 1.01e+2 1.01e+2 1.01e+2 1.01e+2 1.01e+2 1.01e+2
    1.01e+2 1.01e+2 1.01e+2 1.01e+2 1.01e+2 1.01e+2 1.01e+2 1.01e+2 1.01e+2
    1.01e+2 1.01e+2 1.01e+2 1.01e+2 1.01e+2 1.01e+2 1.01e+2 1.01e+2 1.01e+2
    1.01e+2 1.01e+2 1.01e+2 1.01e+2 1.01e+2 1.01e+2 1.01e+2 1.01e+2 1.01e+2
    1.01e+2 1.01e+2 1.01e+2 1.01e+2 1.01e+2 1.01e+2 1.01e+2 1.01e+2 1.01e+2
    1.01e+2 1.01e+2 1.01e+2 1.01e+2 1.01e+2 1.01e+2 1.01e+2 1.01e+2 1.01e+2
    1.01e+2 1.01e+2 1.01e+2 1.01e+2 1.0116666666666667e+2 1.012e+2
    1.0122222222222223e+2 1.0125e+2 1.0133333333333333e+2 1.0133333333333333e+2
    1.0140000000000001e+2 1.0140000000000001e+2 1.015e+2 1.015e+2 1.015e+2
    1.015e+2 1.0157142857142857e+2 1.0159999999999999e+2 1.0166666666666667e+2
    1.0166666666666667e+2 1.0166666666666667e+2 1.0171428571428571e+2 1.0175e+2
    1.018e+2 1.018e+2 1.018e+2 1.02e+2 1.02e+2 1.02e+2 1.02e+2 1.02e+2 1.02e+2
    1.02e+2 1.02e+2 1.02e+2 1.02e+2 1.02e+2 1.02e+2 1.02e+2 1.02e+2 1.02e+2
    1.02e+2 1.02e+2 1.02e+2 1.02e+2 1.02e+2 1.02e+2 1.02e+2 1.02e+2 1.02e+2
    1.02e+2 1.02e+2 1.02e+2 1.02e+2 1.02e+2 1.02e+2 1.02e+2 1.02e+2 1.02e+2
    1.02e+2 1.02e+2 1.02e+2 1.02e+2 1.02e+2 1.02e+2 1.02e+2 1.02e+2 1.02e+2
    1.02e+2 1.02e+2 1.02e+2 1.02e+2 1.02e+2 1.02e+2 1.02e+2 1.02e+2 1.02e+2
    1.02e+2 1.02e+2 1.02e+2 1.02e+2 1.02e+2 1.02e+2 1.02e+2 1.02e+2 1.02e+2
    1.02e+2 1.02e+2 1.02e+2 1.02e+2 1.02e+2 1.02e+2 1.02e+2 1.02e+2 1.02e+2
    1.02e+2 1.02e+2 1.02e+2 1.02e+2 1.02e+2 1.02e+2 1.02e+2 1.02e+2 1.02e+2
    1.02e+2 1.02e+2 1.02e+2 1.02e+2 1.02e+2 1.02e+2 1.02e+2 1.02e+2 1.02e+2
    1.02e+2 1.02e+2 1.02e+2 1.02e+2 1.02e+2 1.02e+2 1.02e+2 1.02e+2 1.02e+2
    1.02e+2 1.02e+2 1.02e+2 1.02e+2 1.02e+2 1.02e+2 1.02e+2 1.02e+2 1.02e+2
    1.02e+2 1.02e+2 1.02e+2 1.02e+2 1.02e+2 1.02e+2 1.02e+2 1.02e+2 1.02e+2
    1.02e+2 1.02e+2 1.02e+2 1.02e+2 1.02e+2 1.02e+2 1.02e+2 1.02e+2 1.02e+2
    1.02e+2 1.02e+2 1.02e+2 1.02e+2 1.02e+2 1.02e+2 1.0216666666666667e+2
    1.022e+2 1.022e+2 1.0225e+2 1.0225e+2 1.0225e+2 1.02375e+2
    1.0240000000000001e+2 1.025e+2 1.025e+2 1.025e+2 1.025e+2
    1.0257142857142857e+2 1.0259999999999999e+2 1.02625e+2
    1.0266666666666667e+2 1.0275e+2 1.02875e+2 1.03e+2 1.03e+2 1.03e+2 1.03e+2
    1.03e+2 1.03e+2 1.03e+2 1.03e+2 1.03e+2 1.03e+2 1.03e+2 1.03e+2 1.03e+2
    1.0316666666666667e+2 1.0333333333333333e+2 1.0333333333333333e+2
    1.0333333333333333e+2 1.0340000000000001e+2 1.0340000000000001e+2
    1.0341176470588235e+2 1.035e+2 1.035e+2 1.035e+2 1.035e+2 1.035e+2 1.035e+2
    1.0357142857142857e+2 1.0359999999999999e+2 1.0359999999999999e+2
    1.0359999999999999e+2 1.0366666666666667e+2 1.0371428571428571e+2 1.0375e+2
    1.0375e+2 1.038e+2 1.038e+2 1.0383333333333333e+2 1.04e+2 1.04e+2 1.04e+2
    1.04e+2 1.04e+2 1.04e+2 1.04e+2 1.04e+2 1.04e+2 1.04e+2 1.04e+2 1.04e+2
    1.04e+2 1.04e+2 1.04e+2 1.04e+2 1.04e+2 1.04e+2 1.04e+2 1.04e+2 1.04e+2
    1.04e+2 1.04e+2 1.04e+2 1.04125e+2 1.0416666666666667e+2
    1.0416666666666667e+2 1.042e+2 1.042e+2 1.0425e+2 1.0425e+2
    1.0428571428571429e+2 1.0433333333333333e+2 1.0433333333333333e+2
    1.0433333333333333e+2 1.0433333333333333e+2 1.0433333333333333e+2
    1.0433333333333333e+2 1.04375e+2 1.0440000000000001e+2
    1.0444444444444444e+2 1.045e+2 1.045e+2 1.045e+2 1.0457142857142857e+2
    1.0459999999999999e+2 1.0459999999999999e+2 1.0459999999999999e+2
    1.0466666666666667e+2 1.0471428571428571e+2 1.0475e+2 1.0475e+2 1.048e+2
    1.048e+2 1.0483333333333333e+2 1.0485714285714286e+2 1.05e+2 1.05e+2
    1.05e+2 1.05e+2 1.05e+2 1.05e+2 1.05e+2 1.05e+2 1.05e+2 1.05e+2 1.05e+2
    1.05e+2 1.05e+2 1.05e+2 1.05e+2 1.0514285714285714e+2 1.052e+2 1.052e+2
    1.0525e+2 1.0525e+2 1.0533333333333333e+2 1.0533333333333333e+2
    1.0540000000000001e+2 1.0540000000000001e+2 1.055e+2 1.055e+2 1.055e+2
    1.055e+2 1.0554545454545455e+2 1.0557142857142857e+2 1.0559999999999999e+2
    1.0566666666666667e+2 1.0566666666666667e+2 1.0575e+2 1.0583333333333333e+2
    1.0585714285714286e+2 1.06e+2 1.06e+2 1.06e+2 1.06e+2 1.06e+2 1.06e+2
    1.06e+2 1.06e+2 1.06e+2 1.06e+2 1.06e+2 1.06e+2 1.06e+2 1.06e+2 1.06e+2
    1.06e+2 1.06e+2 1.06125e+2 1.0616666666666667e+2 1.0625e+2 1.0625e+2
    1.0625e+2 1.0633333333333333e+2 1.0633333333333333e+2 1.0633333333333333e+2
    1.0633333333333333e+2 1.0633333333333333e+2 1.0633333333333333e+2
    1.0633333333333333e+2 1.0633333333333333e+2 1.0640000000000001e+2
    1.0642857142857143e+2 1.065e+2 1.065e+2 1.065e+2 1.065e+2 1.065e+2 1.065e+2
    1.065e+2 1.065e+2 1.065e+2 1.065e+2 1.065e+2 1.065e+2 1.065e+2 1.065e+2
    1.0659999999999999e+2 1.0666666666666667e+2 1.0666666666666667e+2
    1.0666666666666667e+2 1.0666666666666667e+2 1.0666666666666667e+2
    1.0673333333333333e+2 1.0675e+2 1.068e+2 1.068e+2 1.068e+2 1.07e+2 1.07e+2
    1.07e+2 1.07e+2 1.07e+2 1.07e+2 1.07e+2 1.07e+2 1.07e+2 1.07e+2 1.07e+2
    1.07e+2 1.07e+2 1.07e+2 1.0709999999999999e+2 1.0714285714285714e+2
    1.0716666666666667e+2 1.0716666666666667e+2 1.0716666666666667e+2 1.072e+2
    1.0725e+2 1.0733333333333333e+2 1.0742857142857143e+2 1.075e+2 1.075e+2
    1.075e+2 1.075e+2 1.0755555555555556e+2 1.0757142857142857e+2 1.07625e+2
    1.0766666666666667e+2 1.0766666666666667e+2 1.0775e+2 1.0775e+2 1.0775e+2
    1.0775e+2 1.0775e+2 1.0775e+2 1.0775e+2 1.078e+2 1.0785714285714286e+2
    1.08e+2 1.08e+2 1.08e+2 1.08e+2 1.08e+2 1.08e+2 1.08e+2 1.08e+2 1.08e+2
    1.08e+2 1.08e+2 1.08e+2 1.08e+2 1.08e+2 1.0814285714285714e+2 1.082e+2
    1.082e+2 1.0825e+2 1.0825e+2 1.0825e+2 1.083e+2 1.0833333333333333e+2
    1.0833333333333333e+2 1.0833333333333333e+2 1.0833333333333333e+2
    1.08375e+2 1.0842857142857143e+2 1.085e+2 1.085e+2 1.0857142857142857e+2
    1.0859999999999999e+2 1.0859999999999999e+2 1.08625e+2
    1.0866666666666667e+2 1.0866666666666667e+2 1.0866666666666667e+2 1.0875e+2
    1.0875e+2 1.0875e+2 1.088e+2 1.0883333333333333e+2 1.0885714285714286e+2
    1.08875e+2 1.09e+2 1.09e+2 1.09e+2 1.09e+2 1.09e+2 1.09e+2 1.09e+2 1.09e+2
    1.09e+2 1.09e+2 1.09e+2 1.09e+2 1.09125e+2 1.0914285714285714e+2 1.092e+2
    1.0925e+2 1.0928571428571429e+2 1.0933333333333333e+2 1.0933333333333333e+2
    1.0933333333333333e+2 1.0933333333333333e+2 1.0940000000000001e+2
    1.0942857142857143e+2 1.095e+2 1.095e+2 1.095e+2 1.095e+2 1.095e+2 1.095e+2
    1.095e+2 1.0957142857142857e+2 1.0966666666666667e+2 1.0966666666666667e+2
    1.0975e+2 1.098e+2 1.0985714285714286e+2 1.09875e+2 1.1e+2 1.1e+2 1.1e+2
    1.1e+2 1.1e+2 1.1e+2 1.1e+2 1.1e+2 1.1e+2 1.1e+2 1.1e+2 1.10125e+2 1.102e+2
    1.1025e+2 1.1028571428571429e+2 1.103e+2 1.1033333333333333e+2
    1.1033333333333333e+2 1.1033333333333333e+2 1.1033333333333333e+2
    1.10375e+2 1.1040000000000001e+2 1.1040000000000001e+2
    1.1044444444444444e+2 1.105e+2 1.105e+2 1.105e+2 1.1058823529411765e+2
    1.1059999999999999e+2 1.1059999999999999e+2 1.1066666666666667e+2 1.1075e+2
    1.1075e+2 1.1075e+2 1.1075e+2 1.1075e+2 1.1083333333333333e+2 1.11e+2
    1.11e+2 1.11e+2 1.11e+2 1.11e+2 1.11e+2 1.11e+2 1.11e+2 1.11e+2 1.11e+2
    1.11e+2 1.11e+2 1.11e+2 1.11e+2 1.11e+2 1.11e+2 1.11e+2 1.11e+2 1.11e+2
    1.11e+2 1.1111111111111111e+2 1.11125e+2 1.1116666666666667e+2 1.112e+2
    1.1125e+2 1.1125e+2 1.1128571428571429e+2 1.1133333333333333e+2
    1.1133333333333333e+2 1.1133333333333333e+2 1.1140000000000001e+2
    1.1140000000000001e+2 1.1142857142857143e+2 1.115e+2 1.115e+2 1.115e+2
    1.115e+2 1.115e+2 1.1157142857142857e+2 1.1159999999999999e+2 1.11625e+2
    1.1166666666666667e+2 1.1166666666666667e+2 1.1166666666666667e+2 1.1175e+2
    1.118e+2 1.118e+2 1.1185714285714286e+2 1.1185714285714286e+2 1.12e+2
    1.12e+2 1.12e+2 1.12e+2 1.12e+2 1.12e+2 1.12e+2 1.12e+2 1.12e+2 1.12e+2
    1.12e+2 1.12e+2 1.12e+2 1.12e+2 1.12e+2 1.12e+2 1.12e+2 1.122e+2 1.122e+2
    1.1225e+2 1.1225e+2 1.1225e+2 1.1233333333333333e+2 1.1233333333333333e+2
    1.12375e+2 1.1240000000000001e+2 1.1244444444444444e+2 1.125e+2 1.125e+2
    1.1257142857142857e+2 1.1259999999999999e+2 1.1266666666666667e+2
    1.1266666666666667e+2 1.1271428571428571e+2 1.1275e+2 1.1275e+2 1.1275e+2
    1.128e+2 1.128e+2 1.128e+2 1.1285714285714286e+2 1.13e+2 1.13e+2 1.13e+2
    1.13e+2 1.13e+2 1.13e+2 1.13e+2 1.13e+2 1.13e+2 1.13e+2 1.13e+2 1.13e+2
    1.13e+2 1.13125e+2 1.13125e+2 1.1314285714285714e+2 1.132e+2 1.132e+2
    1.1325e+2 1.1325e+2 1.1325e+2 1.133e+2 1.1333333333333333e+2
    1.1333333333333333e+2 1.135e+2 1.135e+2 1.135e+2 1.135e+2 1.135e+2 1.135e+2
    1.135e+2 1.1357142857142857e+2 1.1357142857142857e+2 1.1359999999999999e+2
    1.1359999999999999e+2 1.1366666666666667e+2 1.1366666666666667e+2 1.1375e+2
    1.138e+2 1.138e+2 1.138e+2 1.1383333333333333e+2 1.13875e+2 1.14e+2 1.14e+2
    1.14e+2 1.14e+2 1.14e+2 1.14e+2 1.14e+2 1.14e+2 1.14e+2 1.14e+2 1.14e+2
    1.14e+2 1.14e+2 1.14e+2 1.14e+2 1.1409999999999999e+2 1.1414285714285714e+2
    1.142e+2 1.1425e+2 1.1433333333333333e+2 1.1433333333333333e+2
    1.1433333333333333e+2 1.1433333333333333e+2 1.1433333333333333e+2
    1.1440000000000001e+2 1.1440000000000001e+2 1.1441666666666667e+2
    1.1444444444444444e+2 1.145e+2 1.145e+2 1.145e+2 1.145e+2 1.145e+2
    1.1459999999999999e+2 1.14625e+2 1.1466666666666667e+2
    1.1466666666666667e+2 1.1466666666666667e+2 1.1475e+2 1.1475e+2 1.148e+2
    1.148e+2 1.148e+2 1.148e+2 1.1483333333333333e+2 1.1485714285714286e+2
    1.1490000000000001e+2 1.15e+2 1.15e+2 1.15e+2 1.15e+2 1.15e+2 1.15e+2
    1.15e+2 1.15e+2 1.15e+2 1.15e+2 1.15e+2 1.15e+2 1.1514285714285714e+2
    1.1516666666666667e+2 1.152e+2 1.1528571428571429e+2 1.1533333333333333e+2
    1.1533333333333333e+2 1.1540000000000001e+2 1.1540000000000001e+2
    1.1540000000000001e+2 1.155e+2 1.155e+2 1.155e+2 1.155e+2
    1.1555555555555556e+2 1.1559999999999999e+2 1.1559999999999999e+2
    1.15625e+2 1.1566666666666667e+2 1.1566666666666667e+2
    1.1566666666666667e+2 1.157e+2 1.1571428571428571e+2 1.158e+2
    1.1583333333333333e+2 1.16e+2 1.16e+2 1.16e+2 1.16e+2 1.16e+2 1.16e+2
    1.16e+2 1.16e+2 1.16e+2 1.16e+2 1.16e+2 1.16e+2 1.16e+2
    1.1616666666666667e+2 1.1616666666666667e+2 1.1625e+2 1.1625e+2 1.1625e+2
    1.1633333333333333e+2 1.1633333333333333e+2 1.1640000000000001e+2
    1.1642857142857143e+2 1.165e+2 1.165e+2 1.1659999999999999e+2
    1.1666666666666667e+2 1.1666666666666667e+2 1.1666666666666667e+2
    1.1666666666666667e+2 1.1671428571428571e+2 1.1675e+2 1.168e+2 1.168e+2
    1.1683333333333333e+2 1.1685714285714286e+2 1.17e+2 1.17e+2 1.17e+2 1.17e+2
    1.17e+2 1.17e+2 1.17e+2 1.17e+2 1.17e+2 1.17e+2 1.17e+2 1.17e+2 1.17e+2
    1.17e+2 1.1709999999999999e+2 1.1714285714285714e+2 1.172e+2 1.1725e+2
    1.1725e+2 1.1728571428571429e+2 1.1733333333333333e+2 1.17375e+2 1.17375e+2
    1.1740000000000001e+2 1.175e+2 1.175e+2 1.1757142857142857e+2
    1.1759999999999999e+2 1.1759999999999999e+2 1.1764705882352941e+2
    1.1766666666666667e+2 1.1771428571428571e+2 1.1775e+2 1.178e+2
    1.1781818181818181e+2 1.17875e+2 1.18e+2 1.18e+2 1.18e+2 1.18e+2 1.18e+2
    1.18e+2 1.18e+2 1.18e+2 1.18e+2 1.18e+2 1.1805263157894737e+2
    1.1816666666666667e+2 1.182e+2 1.1825e+2 1.1833333333333333e+2
    1.1833333333333333e+2 1.1833333333333333e+2 1.1840000000000001e+2
    1.1840000000000001e+2 1.185e+2 1.185e+2 1.185e+2 1.185e+2
    1.1857142857142857e+2 1.1859999999999999e+2 1.1859999999999999e+2
    1.1866666666666667e+2 1.1866666666666667e+2 1.1875e+2 1.1885714285714286e+2
    1.19e+2 1.19e+2 1.19e+2 1.19e+2 1.19e+2 1.19e+2 1.19e+2 1.19e+2
    1.1908333333333333e+2 1.1911111111111111e+2 1.1916666666666667e+2 1.192e+2
    1.1921428571428571e+2 1.1928571428571429e+2 1.1933333333333333e+2
    1.1940000000000001e+2 1.1940000000000001e+2 1.1942857142857143e+2
    1.1944444444444444e+2 1.195e+2 1.195e+2 1.195e+2 1.195e+2 1.195e+2
    1.1959999999999999e+2 1.1966666666666667e+2 1.1966666666666667e+2
    1.1966666666666667e+2 1.1966666666666667e+2 1.1971428571428571e+2
    1.1977777777777777e+2 1.198e+2 1.198e+2 1.1983333333333333e+2 1.2e+2 1.2e+2
    1.2e+2 1.2e+2 1.2e+2 1.2e+2 1.2e+2 1.2e+2 1.2e+2 1.2e+2 1.2e+2 1.2e+2
    1.20125e+2 1.2016666666666667e+2 1.202e+2 1.2028571428571429e+2
    1.2029411764705883e+2 1.2042857142857143e+2 1.2042857142857143e+2 1.205e+2
    1.205e+2 1.205e+2 1.205e+2 1.2057142857142857e+2 1.2066666666666667e+2
    1.2066666666666667e+2 1.2066666666666667e+2 1.2071428571428571e+2 1.2075e+2
    1.2075e+2 1.2075e+2 1.2075e+2 1.208e+2 1.2091666666666667e+2 1.21e+2
    1.21e+2 1.21e+2 1.21e+2 1.21e+2 1.21e+2 1.21e+2 1.21e+2 1.21e+2 1.21e+2
    1.21e+2 1.21e+2 1.21e+2 1.21e+2 1.21e+2 1.2114285714285714e+2 1.212e+2
    1.2125e+2 1.2128571428571429e+2 1.2133333333333333e+2 1.2133333333333333e+2
    1.2140000000000001e+2 1.2140000000000001e+2 1.2142857142857143e+2 1.215e+2
    1.215e+2 1.215e+2 1.215e+2 1.2158333333333333e+2 1.2159999999999999e+2
    1.2166666666666667e+2 1.2175e+2 1.218e+2 1.218e+2 1.22e+2 1.22e+2 1.22e+2
    1.22e+2 1.22e+2 1.22e+2 1.22e+2 1.22e+2 1.22e+2 1.22e+2 1.22e+2 1.22e+2
    1.22e+2 1.22e+2 1.22e+2 1.22e+2 1.22e+2 1.2209999999999999e+2
    1.2214285714285714e+2 1.2216666666666667e+2 1.2216666666666667e+2 1.222e+2
    1.222e+2 1.222e+2 1.2225e+2 1.2225e+2 1.2228571428571429e+2
    1.2233333333333333e+2 1.2233333333333333e+2 1.2233333333333333e+2
    1.2240000000000001e+2 1.2240000000000001e+2 1.225e+2 1.225e+2 1.225e+2
    1.2257142857142857e+2 1.2266666666666667e+2 1.2266666666666667e+2 1.227e+2
    1.228e+2 1.2283333333333333e+2 1.2283333333333333e+2 1.2294736842105263e+2
    1.23e+2 1.23e+2 1.23e+2 1.23e+2 1.23e+2 1.23e+2 1.23e+2 1.23e+2 1.23e+2
    1.23e+2 1.23e+2 1.23e+2 1.23e+2 1.23e+2 1.23e+2 1.23e+2 1.23e+2
    1.2314285714285714e+2 1.2322222222222223e+2 1.2333333333333333e+2
    1.2333333333333333e+2 1.2333333333333333e+2 1.2342105263157895e+2
    1.2342857142857143e+2 1.235e+2 1.235e+2 1.235e+2 1.235e+2 1.235e+2
    1.2357142857142857e+2 1.2359999999999999e+2 1.2366666666666667e+2
    1.2366666666666667e+2 1.2366666666666667e+2 1.2366666666666667e+2 1.2375e+2
    1.2375e+2 1.2375e+2 1.238e+2 1.238e+2 1.238e+2 1.2383333333333333e+2
    1.23875e+2 1.24e+2 1.24e+2 1.24e+2 1.24e+2 1.24e+2 1.24e+2 1.24e+2 1.24e+2
    1.24e+2 1.24e+2 1.24e+2 1.24e+2 1.2416666666666667e+2 1.242e+2 1.2425e+2
    1.2425e+2 1.2425e+2 1.2425e+2 1.2428571428571429e+2 1.2428571428571429e+2
    1.24375e+2 1.2444444444444444e+2 1.245e+2 1.245e+2 1.245e+2 1.245e+2
    1.24625e+2 1.2466666666666667e+2 1.2466666666666667e+2 1.2475e+2 1.2475e+2
    1.2475e+2 1.248e+2 1.2483333333333333e+2 1.2485714285714286e+2 1.25e+2
    1.25e+2 1.25e+2 1.25e+2 1.25e+2 1.25e+2 1.25e+2 1.25e+2 1.25e+2 1.25e+2
    1.25e+2 1.25e+2 1.25e+2 1.25e+2 1.25e+2 1.25e+2 1.25e+2 1.25e+2 1.25e+2
    1.25e+2 1.25e+2 1.25e+2 1.25e+2 1.25e+2 1.25e+2 1.25e+2 1.25e+2 1.25e+2
    1.25e+2 1.25e+2 1.25e+2 1.2514285714285714e+2 1.2516666666666667e+2
    1.252e+2 1.252e+2 1.2525e+2 1.2533333333333333e+2 1.2533333333333333e+2
    1.2533333333333333e+2 1.2533333333333333e+2 1.2533333333333333e+2
    1.2533333333333333e+2 1.255e+2 1.255e+2 1.255e+2 1.2557142857142857e+2
    1.2559999999999999e+2 1.2559999999999999e+2 1.2559999999999999e+2
    1.2566666666666667e+2 1.2566666666666667e+2 1.2575e+2 1.258e+2
    1.2583333333333333e+2 1.26e+2 1.26e+2 1.26e+2 1.26e+2 1.26e+2 1.26e+2
    1.26e+2 1.26e+2 1.26e+2 1.26e+2 1.26e+2 1.26e+2 1.26e+2 1.26e+2 1.26e+2
    1.26e+2 1.26e+2 1.26e+2 1.26e+2 1.26e+2 1.26e+2 1.26e+2 1.26e+2 1.26e+2
    1.26e+2 1.26e+2 1.26e+2 1.26e+2 1.26e+2 1.26e+2 1.26e+2 1.26e+2 1.26e+2
    1.26e+2 1.26e+2 1.26e+2 1.26e+2 1.26e+2 1.26e+2 1.26e+2 1.26e+2 1.26e+2
    1.26e+2 1.26e+2 1.26e+2 1.26e+2 1.26125e+2 1.262e+2 1.262e+2 1.2625e+2
    1.2625e+2 1.2625e+2 1.263e+2 1.2633333333333333e+2 1.2633333333333333e+2
    1.2640000000000001e+2 1.2640000000000001e+2 1.265e+2 1.265e+2 1.265e+2
    1.265e+2 1.2659999999999999e+2 1.2666666666666667e+2 1.2666666666666667e+2
    1.2666666666666667e+2 1.2671428571428571e+2 1.268e+2 1.268e+2
    1.2685714285714286e+2 1.27e+2 1.27e+2 1.27e+2 1.27e+2 1.27e+2 1.27e+2
    1.27e+2 1.27e+2 1.27e+2 1.27e+2 1.27e+2 1.27e+2 1.27e+2 1.27e+2 1.27e+2
    1.27e+2 1.27e+2 1.27e+2 1.27e+2 1.27e+2 1.27e+2 1.27e+2 1.27e+2 1.27e+2
    1.27e+2 1.27e+2 1.27e+2 1.27e+2 1.27e+2 1.2714285714285714e+2
    1.2716666666666667e+2 1.272e+2 1.2733333333333333e+2 1.2733333333333333e+2
    1.2740000000000001e+2 1.2740000000000001e+2 1.2742857142857143e+2 1.275e+2
    1.275e+2 1.2766666666666667e+2 1.2766666666666667e+2 1.2775e+2 1.278e+2
    1.28e+2 1.28e+2 1.28e+2 1.28e+2 1.28e+2 1.28e+2 1.28e+2 1.28e+2 1.28e+2
    1.28e+2 1.28e+2 1.28e+2 1.28e+2 1.28e+2 1.28e+2 1.28e+2 1.28e+2 1.28e+2
    1.28e+2 1.28e+2 1.28e+2 1.28e+2 1.28e+2 1.28e+2 1.28e+2 1.28e+2 1.28e+2
    1.28e+2 1.2814285714285714e+2 1.2814285714285714e+2 1.2816666666666666e+2
    1.2819999999999999e+2 1.2819999999999999e+2 1.2825e+2 1.2833333333333334e+2
    1.2840000000000001e+2 1.2842857142857142e+2 1.285e+2 1.285e+2 1.285e+2
    1.285e+2 1.285e+2 1.2859999999999999e+2 1.2866666666666666e+2
    1.2866666666666666e+2 1.2866666666666666e+2 1.2875e+2 1.2880000000000001e+2
    1.2883333333333334e+2 1.2885714285714286e+2 1.29e+2 1.29e+2 1.29e+2 1.29e+2
    1.29e+2 1.29e+2 1.29e+2 1.29e+2 1.29e+2 1.29e+2 1.29e+2 1.29e+2 1.29e+2
    1.29e+2 1.29e+2 1.29e+2 1.29e+2 1.29e+2 1.29e+2 1.29e+2 1.29e+2 1.29e+2
    1.2914285714285714e+2 1.2916666666666666e+2 1.2919999999999999e+2 1.2925e+2
    1.2928571428571428e+2 1.2933333333333334e+2 1.2936363636363637e+2
    1.2940000000000001e+2 1.295e+2 1.295e+2 1.295e+2 1.295e+2
    1.2957142857142858e+2 1.2959999999999999e+2 1.2959999999999999e+2
    1.2966666666666666e+2 1.2966666666666666e+2 1.2966666666666666e+2 1.2975e+2
    1.2975e+2 1.2975e+2 1.2980000000000001e+2 1.2985714285714286e+2 1.3e+2
    1.3e+2 1.3e+2 1.3e+2 1.3e+2 1.3e+2 1.3e+2 1.3e+2 1.3e+2 1.3e+2 1.3e+2
    1.3e+2 1.3e+2 1.3e+2 1.3e+2 1.3e+2 1.3e+2 1.3e+2 1.3e+2 1.3e+2 1.3e+2
    1.3e+2 1.3e+2 1.3014285714285714e+2 1.3018181818181819e+2
    1.3019999999999999e+2 1.3019999999999999e+2 1.3025e+2 1.3030000000000001e+2
    1.3033333333333334e+2 1.3040000000000001e+2 1.3040000000000001e+2
    1.3041666666666666e+2 1.3042857142857142e+2 1.3042857142857142e+2 1.305e+2
    1.305e+2 1.305e+2 1.305e+2 1.305e+2 1.305e+2 1.305e+2 1.3059999999999999e+2
    1.3066666666666666e+2 1.3075e+2 1.3083333333333334e+2 1.31e+2 1.31e+2
    1.31e+2 1.31e+2 1.31e+2 1.31e+2 1.31e+2 1.31e+2 1.31e+2 1.31e+2 1.31e+2
    1.31e+2 1.31e+2 1.31e+2 1.31e+2 1.31e+2 1.31e+2 1.31e+2 1.31e+2 1.31e+2
    1.31e+2 1.31e+2 1.31e+2 1.31e+2 1.3111111111111111e+2 1.3119999999999999e+2
    1.3125e+2 1.3133333333333334e+2 1.3133333333333334e+2 1.3133333333333334e+2
    1.31375e+2 1.3140000000000001e+2 1.3142857142857142e+2 1.314375e+2 1.315e+2
    1.315e+2 1.315e+2 1.3157142857142858e+2 1.3159999999999999e+2
    1.3166666666666666e+2 1.3175e+2 1.3180000000000001e+2 1.32e+2 1.32e+2
    1.32e+2 1.32e+2 1.32e+2 1.32e+2 1.32e+2 1.32e+2 1.32e+2 1.32e+2 1.32e+2
    1.32e+2 1.32e+2 1.32e+2 1.32e+2 1.32e+2 1.32e+2 1.32e+2 1.32e+2 1.32e+2
    1.3213333333333333e+2 1.3216666666666666e+2 1.3216666666666666e+2
    1.3216666666666666e+2 1.3219999999999999e+2 1.3228571428571428e+2
    1.3233333333333334e+2 1.3233333333333334e+2 1.3240000000000001e+2
    1.3242857142857142e+2 1.325e+2 1.325e+2 1.325e+2 1.325e+2 1.325e+2 1.325e+2
    1.325e+2 1.3257142857142858e+2 1.3258823529411765e+2 1.3259999999999999e+2
    1.3266666666666666e+2 1.3266666666666666e+2 1.3271428571428572e+2
    1.3271428571428572e+2 1.3275e+2 1.3275e+2 1.3280000000000001e+2 1.33e+2
    1.33e+2 1.33e+2 1.33e+2 1.33e+2 1.33e+2 1.33e+2 1.33e+2 1.33e+2 1.33e+2
    1.33e+2 1.33e+2 1.33e+2 1.33e+2 1.33e+2 1.33e+2 1.33e+2 1.33e+2 1.33e+2
    1.33e+2 1.33e+2 1.3314285714285714e+2 1.3316666666666666e+2
    1.3319999999999999e+2 1.3322222222222223e+2 1.3333333333333334e+2
    1.3333333333333334e+2 1.3346666666666667e+2 1.335e+2 1.335e+2 1.335e+2
    1.335e+2 1.335e+2 1.335e+2 1.335e+2 1.335e+2 1.335e+2 1.335e+2
    1.3357142857142858e+2 1.3359999999999999e+2 1.3359999999999999e+2
    1.3366666666666666e+2 1.3371428571428572e+2 1.3375e+2 1.3375e+2
    1.3380000000000001e+2 1.3383333333333334e+2 1.3385714285714286e+2 1.34e+2
    1.34e+2 1.34e+2 1.34e+2 1.34e+2 1.34e+2 1.34e+2 1.34e+2 1.34e+2 1.34e+2
    1.34e+2 1.34e+2 1.34e+2 1.34e+2 1.34e+2 1.34e+2 1.34e+2 1.34e+2 1.34e+2
    1.34e+2 1.34125e+2 1.3419999999999999e+2 1.3419999999999999e+2
    1.3422222222222223e+2 1.3425e+2 1.3433333333333334e+2 1.3440000000000001e+2
    1.3440000000000001e+2 1.3440000000000001e+2 1.3442857142857142e+2
    1.3442857142857142e+2 1.345e+2 1.345e+2 1.345e+2 1.345e+2 1.345e+2
    1.3459999999999999e+2 1.3466666666666666e+2 1.3466666666666666e+2
    1.3466666666666666e+2 1.3475e+2 1.3475e+2 1.3480000000000001e+2
    1.3480000000000001e+2 1.3483333333333334e+2 1.35e+2 1.35e+2 1.35e+2 1.35e+2
    1.35e+2 1.35e+2 1.35e+2 1.35e+2 1.35e+2 1.35e+2 1.35e+2 1.35e+2 1.35e+2
    1.35e+2 1.35e+2 1.35e+2 1.35e+2 1.35e+2 1.35e+2 1.35e+2 1.35e+2 1.35e+2
    1.35e+2 1.35e+2 1.3514285714285714e+2 1.3519999999999999e+2 1.3525e+2
    1.3525e+2 1.3533333333333334e+2 1.3542857142857142e+2 1.355e+2 1.355e+2
    1.355e+2 1.3557142857142858e+2 1.3559999999999999e+2 1.3566666666666666e+2
    1.3566666666666666e+2 1.3566666666666666e+2 1.3573684210526315e+2 1.3575e+2
    1.3580000000000001e+2 1.36e+2 1.36e+2 1.36e+2 1.36e+2 1.36e+2 1.36e+2
    1.36e+2 1.36e+2 1.36e+2 1.36e+2 1.36e+2 1.36e+2 1.36e+2 1.36e+2 1.36e+2
    1.36e+2 1.36e+2 1.36e+2 1.36e+2 1.36e+2 1.36e+2 1.36e+2 1.36e+2 1.36e+2
    1.36e+2 1.3614285714285714e+2 1.3619999999999999e+2 1.3626666666666668e+2
    1.3633333333333334e+2 1.3633333333333334e+2 1.3633333333333334e+2
    1.3640000000000001e+2 1.365e+2 1.365e+2 1.365e+2 1.365e+2 1.365e+2
    1.3655555555555554e+2 1.3659999999999999e+2 1.3666666666666666e+2
    1.3666666666666666e+2 1.3669999999999999e+2 1.3675e+2 1.3675e+2 1.3675e+2
    1.3680000000000001e+2 1.3680000000000001e+2 1.3680000000000001e+2
    1.36875e+2 1.37e+2 1.37e+2 1.37e+2 1.37e+2 1.37e+2 1.37e+2 1.37e+2 1.37e+2
    1.37e+2 1.37e+2 1.37e+2 1.37e+2 1.37e+2 1.37e+2 1.37e+2 1.37e+2 1.37e+2
    1.37e+2 1.37e+2 1.37e+2 1.37e+2 1.37e+2 1.37e+2 1.37e+2 1.37e+2 1.37e+2
    1.37e+2 1.37e+2 1.37e+2 1.37e+2 1.37125e+2 1.3725e+2 1.3725e+2
    1.3730000000000001e+2 1.3733333333333334e+2 1.3733333333333334e+2
    1.3740000000000001e+2 1.375e+2 1.375e+2 1.375e+2 1.375e+2 1.375e+2 1.375e+2
    1.375e+2 1.375e+2 1.375e+2 1.375e+2 1.375e+2 1.375e+2 1.375e+2 1.375e+2
    1.3757142857142858e+2 1.3766666666666666e+2 1.3766666666666666e+2
    1.3766666666666666e+2 1.3766666666666666e+2 1.3775e+2 1.3775e+2
    1.3777777777777777e+2 1.3780000000000001e+2 1.3783333333333334e+2 1.38e+2
    1.38e+2 1.38e+2 1.38e+2 1.38e+2 1.38e+2 1.38e+2 1.38e+2 1.38e+2 1.38e+2
    1.38e+2 1.38e+2 1.38e+2 1.38e+2 1.38e+2 1.38e+2 1.38e+2 1.38e+2 1.38e+2
    1.38e+2 1.38e+2 1.38e+2 1.3819999999999999e+2 1.3819999999999999e+2
    1.3819999999999999e+2 1.3825e+2 1.3825e+2 1.3833333333333334e+2
    1.3833333333333334e+2 1.3840000000000001e+2 1.3840000000000001e+2 1.385e+2
    1.385e+2 1.385e+2 1.385e+2 1.385e+2 1.385e+2 1.385e+2 1.3853333333333333e+2
    1.3859999999999999e+2 1.3866666666666666e+2 1.3866666666666666e+2
    1.3866666666666666e+2 1.3866666666666666e+2 1.3866666666666666e+2
    1.3866666666666666e+2 1.3869999999999999e+2 1.3871428571428572e+2 1.3875e+2
    1.3875e+2 1.3875e+2 1.3880000000000001e+2 1.3880000000000001e+2
    1.3880000000000001e+2 1.3886666666666667e+2 1.3894736842105263e+2 1.39e+2
    1.39e+2 1.39e+2 1.39e+2 1.39e+2 1.39e+2 1.39e+2 1.39e+2 1.39e+2 1.39e+2
    1.39e+2 1.39e+2 1.39e+2 1.39e+2 1.39e+2 1.39e+2 1.39e+2 1.39e+2 1.39e+2
    1.39e+2 1.3908333333333334e+2 1.39125e+2 1.3916666666666666e+2
    1.3916666666666666e+2 1.3919999999999999e+2 1.3925e+2 1.3925e+2 1.3925e+2
    1.3925e+2 1.3933333333333334e+2 1.3933333333333334e+2 1.39375e+2
    1.3942857142857142e+2 1.395e+2 1.395e+2 1.395e+2 1.395e+2 1.395e+2 1.395e+2
    1.3958333333333334e+2 1.3966666666666666e+2 1.3966666666666666e+2
    1.3966666666666666e+2 1.3966666666666666e+2 1.3971428571428572e+2 1.3975e+2
    1.3980000000000001e+2 1.3980000000000001e+2 1.3983333333333334e+2
    1.3994117647058823e+2 1.4e+2 1.4e+2 1.4e+2 1.4e+2 1.4e+2 1.4e+2 1.4e+2
    1.4e+2 1.4e+2 1.4e+2 1.4e+2 1.4e+2 1.4e+2 1.4e+2 1.4e+2 1.4e+2 1.4e+2
    1.4e+2 1.4e+2 1.4e+2 1.4e+2 1.4e+2 1.4e+2 1.4e+2 1.4e+2
    1.4014285714285714e+2 1.4014285714285714e+2 1.4014285714285714e+2
    1.4019999999999999e+2 1.4019999999999999e+2 1.4019999999999999e+2 1.4025e+2
    1.4025e+2 1.4025e+2 1.4028571428571428e+2 1.4033333333333334e+2
    1.4033333333333334e+2 1.4033333333333334e+2 1.4033333333333334e+2
    1.4033333333333334e+2 1.40375e+2 1.4040000000000001e+2
    1.4040000000000001e+2 1.4040000000000001e+2 1.4040000000000001e+2 1.405e+2
    1.405e+2 1.405e+2 1.405e+2 1.4057142857142858e+2 1.4059999999999999e+2
    1.4059999999999999e+2 1.4059999999999999e+2 1.4066666666666666e+2
    1.4066666666666666e+2 1.4066666666666666e+2 1.4066666666666666e+2
    1.4071428571428572e+2 1.4075e+2 1.4075e+2 1.4076470588235293e+2
    1.4080000000000001e+2 1.4080000000000001e+2 1.4083333333333334e+2 1.41e+2
    1.41e+2 1.41e+2 1.41e+2 1.41e+2 1.41e+2 1.41e+2 1.41e+2 1.41e+2 1.41e+2
    1.41e+2 1.41e+2 1.41e+2 1.41e+2 1.41e+2 1.41e+2 1.41e+2 1.41e+2 1.41e+2
    1.4106666666666666e+2 1.4114285714285714e+2 1.4119999999999999e+2
    1.4119999999999999e+2 1.4125e+2 1.4133333333333334e+2 1.4133333333333334e+2
    1.4140000000000001e+2 1.4140000000000001e+2 1.4140000000000001e+2
    1.4142857142857142e+2 1.415e+2 1.415e+2 1.415e+2 1.415e+2 1.415e+2
    1.4159999999999999e+2 1.4159999999999999e+2 1.4166666666666666e+2
    1.4169999999999999e+2 1.4175e+2 1.4180000000000001e+2 1.4183333333333334e+2
    1.4183333333333334e+2 1.42e+2 1.42e+2 1.42e+2 1.42e+2 1.42e+2 1.42e+2
    1.42e+2 1.42e+2 1.42e+2 1.42e+2 1.42e+2 1.42e+2 1.42e+2 1.42e+2 1.42e+2
    1.42e+2 1.42e+2 1.42e+2 1.42e+2 1.42e+2 1.42e+2 1.42e+2 1.42e+2 1.42e+2
    1.42e+2 1.42e+2 1.4211111111111111e+2 1.4219999999999999e+2
    1.4219999999999999e+2 1.4225e+2 1.4225e+2 1.4228571428571428e+2
    1.4233333333333334e+2 1.42375e+2 1.4240000000000001e+2 1.425e+2 1.425e+2
    1.425e+2 1.425e+2 1.425e+2 1.425e+2 1.425e+2 1.4257142857142858e+2
    1.4266666666666666e+2 1.4266666666666666e+2 1.4266666666666666e+2
    1.4269999999999999e+2 1.4275e+2 1.4275e+2 1.4277777777777777e+2
    1.4283333333333334e+2 1.4283333333333334e+2 1.42875e+2 1.43e+2 1.43e+2
    1.43e+2 1.43e+2 1.43e+2 1.43e+2 1.43e+2 1.43e+2 1.43e+2 1.43e+2 1.43e+2
    1.43e+2 1.43e+2 1.43e+2 1.43e+2 1.43e+2 1.43e+2 1.43e+2 1.43e+2 1.43e+2
    1.43e+2 1.43e+2 1.43e+2 1.4309999999999999e+2 1.4319999999999999e+2
    1.4319999999999999e+2 1.4325e+2 1.4328571428571428e+2 1.4333333333333334e+2
    1.4333333333333334e+2 1.4333333333333334e+2 1.4333333333333334e+2
    1.4333333333333334e+2 1.43375e+2 1.4340000000000001e+2 1.435e+2 1.435e+2
    1.435e+2 1.435e+2 1.435e+2 1.4359999999999999e+2 1.4366666666666666e+2
    1.4366666666666666e+2 1.4366666666666666e+2 1.4371428571428572e+2 1.4375e+2
    1.4375e+2 1.4375e+2 1.4380000000000001e+2 1.4380000000000001e+2 1.438125e+2
    1.4383333333333334e+2 1.4383333333333334e+2 1.4393333333333334e+2 1.44e+2
    1.44e+2 1.44e+2 1.44e+2 1.44e+2 1.44e+2 1.44e+2 1.44e+2 1.44e+2 1.44e+2
    1.44e+2 1.44e+2 1.44e+2 1.44e+2 1.44e+2 1.44e+2 1.44e+2 1.44e+2 1.44e+2
    1.44e+2 1.44e+2 1.44125e+2 1.4414285714285714e+2 1.4416666666666666e+2
    1.4416666666666666e+2 1.4419999999999999e+2 1.4419999999999999e+2
    1.4419999999999999e+2 1.4419999999999999e+2 1.4419999999999999e+2 1.4425e+2
    1.4425e+2 1.4428571428571428e+2 1.4433333333333334e+2 1.4433333333333334e+2
    1.4433333333333334e+2 1.44375e+2 1.44375e+2 1.4440000000000001e+2
    1.4440000000000001e+2 1.445e+2 1.445e+2 1.445e+2 1.445e+2
    1.4457142857142858e+2 1.4463636363636363e+2 1.4466666666666666e+2
    1.4466666666666666e+2 1.4466666666666666e+2 1.4471428571428572e+2 1.4475e+2
    1.4475e+2 1.4475e+2 1.4480000000000001e+2 1.4480000000000001e+2
    1.4480000000000001e+2 1.44875e+2 1.45e+2 1.45e+2 1.45e+2 1.45e+2 1.45e+2
    1.45e+2 1.45e+2 1.45e+2 1.45e+2 1.45e+2 1.45e+2 1.45e+2 1.45e+2 1.45e+2
    1.45e+2 1.45e+2 1.45e+2 1.45e+2 1.45e+2 1.45e+2 1.45e+2 1.45e+2
    1.4509999999999999e+2 1.4516666666666666e+2 1.4519999999999999e+2
    1.4519999999999999e+2 1.4525e+2 1.4528571428571428e+2 1.4528571428571428e+2
    1.4533333333333334e+2 1.4533333333333334e+2 1.4540000000000001e+2
    1.4540000000000001e+2 1.4540000000000001e+2 1.4541176470588235e+2
    1.4542857142857142e+2 1.455e+2 1.455e+2 1.455e+2 1.455e+2 1.455e+2 1.455e+2
    1.455e+2 1.455e+2 1.455e+2 1.4558333333333334e+2 1.4566666666666666e+2
    1.4566666666666666e+2 1.4566666666666666e+2 1.4569230769230768e+2
    1.4571428571428572e+2 1.4575e+2 1.4580000000000001e+2 1.45875e+2 1.46e+2
    1.46e+2 1.46e+2 1.46e+2 1.46e+2 1.46e+2 1.46e+2 1.46e+2 1.46e+2 1.46e+2
    1.46e+2 1.46e+2 1.46e+2 1.46e+2 1.46e+2 1.46e+2 1.46e+2 1.46e+2 1.46e+2
    1.46e+2 1.46e+2 1.4609999999999999e+2 1.4614285714285714e+2
    1.4616666666666666e+2 1.4619999999999999e+2 1.4619999999999999e+2 1.4625e+2
    1.4633333333333334e+2 1.4633333333333334e+2 1.4633333333333334e+2
    1.46375e+2 1.4640000000000001e+2 1.4640000000000001e+2
    1.4640000000000001e+2 1.4642857142857142e+2 1.465e+2 1.465e+2 1.465e+2
    1.465e+2 1.465e+2 1.465e+2 1.465e+2 1.465e+2 1.465e+2 1.4658333333333334e+2
    1.4659999999999999e+2 1.4666666666666666e+2 1.4666666666666666e+2
    1.4666666666666666e+2 1.4673333333333332e+2 1.4675e+2 1.4680000000000001e+2
    1.4685714285714286e+2 1.4690000000000001e+2 1.47e+2 1.47e+2 1.47e+2 1.47e+2
    1.47e+2 1.47e+2 1.47e+2 1.47e+2 1.47e+2 1.47e+2 1.47e+2 1.47e+2 1.47e+2
    1.47e+2 1.47e+2 1.47e+2 1.47e+2 1.47e+2 1.47e+2 1.47e+2 1.47e+2
    1.4711764705882354e+2 1.4725e+2 1.4725e+2 1.4728571428571428e+2
    1.4733333333333334e+2 1.4733333333333334e+2 1.4740000000000001e+2
    1.4740000000000001e+2 1.4742857142857142e+2 1.475e+2 1.475e+2 1.475e+2
    1.475e+2 1.475e+2 1.4757142857142858e+2 1.4759999999999999e+2
    1.4764705882352942e+2 1.4766666666666666e+2 1.4766666666666666e+2
    1.4766666666666666e+2 1.476875e+2 1.4775e+2 1.4775e+2 1.4775e+2
    1.4780000000000001e+2 1.4780000000000001e+2 1.4780000000000001e+2
    1.4780000000000001e+2 1.4785714285714286e+2 1.4788888888888889e+2 1.48e+2
    1.48e+2 1.48e+2 1.48e+2 1.48e+2 1.48e+2 1.48e+2 1.48e+2 1.48e+2 1.48e+2
    1.48e+2 1.48e+2 1.48e+2 1.48e+2 1.48e+2 1.48e+2 1.48e+2 1.48e+2 1.48e+2
    1.48e+2 1.48e+2 1.48e+2 1.48e+2 1.4809999999999999e+2 1.4816666666666666e+2
    1.481764705882353e+2 1.4819999999999999e+2 1.4825e+2 1.4828571428571428e+2
    1.4833333333333334e+2 1.4833333333333334e+2 1.4833333333333334e+2
    1.4833333333333334e+2 1.4833333333333334e+2 1.4840000000000001e+2
    1.4840000000000001e+2 1.4840000000000001e+2 1.4841666666666666e+2 1.485e+2
    1.485e+2 1.485e+2 1.4857142857142858e+2 1.4859999999999999e+2
    1.4859999999999999e+2 1.4859999999999999e+2 1.4866666666666666e+2
    1.4866666666666666e+2 1.4866666666666666e+2 1.4869999999999999e+2
    1.4872727272727272e+2 1.4875e+2 1.4875e+2 1.4875e+2 1.4880000000000001e+2
    1.4885714285714286e+2 1.4890000000000001e+2 1.49e+2 1.49e+2 1.49e+2 1.49e+2
    1.49e+2 1.49e+2 1.49e+2 1.49e+2 1.49e+2 1.49e+2 1.49e+2 1.49e+2 1.49e+2
    1.49e+2 1.49e+2 1.49e+2 1.49e+2 1.49e+2 1.49e+2 1.49e+2 1.49e+2 1.49e+2
    1.49e+2 1.49e+2 1.49e+2 1.49e+2 1.49e+2 1.49e+2 1.49e+2 1.49e+2 1.49e+2
    1.49e+2 1.4919999999999999e+2 1.4919999999999999e+2 1.4925e+2 1.4925e+2
    1.4925e+2 1.4928571428571428e+2 1.4928571428571428e+2 1.4933333333333334e+2
    1.4933333333333334e+2 1.4933333333333334e+2 1.4933333333333334e+2
    1.4933333333333334e+2 1.4940000000000001e+2 1.4940000000000001e+2
    1.4942105263157896e+2 1.495e+2 1.495e+2 1.495e+2 1.495e+2 1.495e+2 1.495e+2
    1.4957142857142858e+2 1.4959999999999999e+2 1.4959999999999999e+2
    1.49625e+2 1.4966666666666666e+2 1.4966666666666666e+2
    1.4966666666666666e+2 1.4966666666666666e+2 1.4975e+2 1.4975e+2
    1.4980000000000001e+2 1.4980000000000001e+2 1.4985714285714286e+2
    1.4985714285714286e+2 1.5e+2 1.5e+2 1.5e+2 1.5e+2 1.5e+2 1.5e+2 1.5e+2
    1.5e+2 1.5e+2 1.5e+2 1.5e+2 1.5e+2 1.5e+2 1.5e+2 1.5e+2 1.5e+2 1.5e+2
    1.5e+2 1.5e+2 1.5e+2 1.5e+2 1.5e+2 1.5e+2 1.5e+2 1.50125e+2
    1.5016666666666666e+2 1.5019999999999999e+2 1.5019999999999999e+2
    1.5019999999999999e+2 1.5025e+2 1.5025e+2 1.5033333333333334e+2
    1.5033333333333334e+2 1.5033333333333334e+2 1.5033333333333334e+2
    1.5033333333333334e+2 1.5040000000000001e+2 1.5040000000000001e+2 1.505e+2
    1.505e+2 1.505e+2 1.505e+2 1.505e+2 1.505e+2 1.505e+2 1.505e+2
    1.5057142857142858e+2 1.5059999999999999e+2 1.5059999999999999e+2
    1.5059999999999999e+2 1.5066666666666666e+2 1.5066666666666666e+2
    1.5066666666666666e+2 1.5075e+2 1.5075e+2 1.5077777777777777e+2
    1.5080000000000001e+2 1.5083333333333334e+2 1.5090000000000001e+2 1.51e+2
    1.51e+2 1.51e+2 1.51e+2 1.51e+2 1.51e+2 1.51e+2 1.51e+2 1.51e+2 1.51e+2
    1.51e+2 1.51e+2 1.51e+2 1.51e+2 1.51e+2 1.51e+2 1.51e+2 1.51e+2 1.51e+2
    1.51e+2 1.51e+2 1.51e+2 1.51e+2 1.51e+2 1.51e+2 1.5109090909090909e+2
    1.5114285714285714e+2 1.5116666666666666e+2 1.5116666666666666e+2
    1.5119999999999999e+2 1.5119999999999999e+2 1.5125e+2 1.5128571428571428e+2
    1.5130000000000001e+2 1.5133333333333334e+2 1.5133333333333334e+2
    1.5140000000000001e+2 1.5142857142857142e+2 1.5142857142857142e+2 1.515e+2
    1.515e+2 1.515e+2 1.515e+2 1.515e+2 1.515e+2 1.5155555555555554e+2
    1.5157142857142858e+2 1.5159999999999999e+2 1.5159999999999999e+2
    1.5159999999999999e+2 1.5166666666666666e+2 1.5166666666666666e+2
    1.5166666666666666e+2 1.5166666666666666e+2 1.5168421052631578e+2
    1.5171428571428572e+2 1.5175e+2 1.5175e+2 1.5175e+2 1.5180000000000001e+2
    1.5183333333333334e+2 1.5183333333333334e+2 1.52e+2 1.52e+2 1.52e+2 1.52e+2
    1.52e+2 1.52e+2 1.52e+2 1.52e+2 1.52e+2 1.52e+2 1.52e+2 1.52e+2 1.52e+2
    1.52e+2 1.52e+2 1.52e+2 1.52e+2 1.52e+2 1.52e+2 1.5214285714285714e+2
    1.5214285714285714e+2 1.5219999999999999e+2 1.5225e+2 1.5225e+2 1.5225e+2
    1.5228571428571428e+2 1.5233333333333334e+2 1.5233333333333334e+2
    1.52375e+2 1.52375e+2 1.5240000000000001e+2 1.5241666666666666e+2
    1.5244444444444446e+2 1.525e+2 1.525e+2 1.525e+2 1.525e+2 1.525e+2 1.525e+2
    1.525e+2 1.5258333333333334e+2 1.5259999999999999e+2 1.5259999999999999e+2
    1.5264705882352942e+2 1.5266666666666666e+2 1.5266666666666666e+2
    1.5266666666666666e+2 1.5266666666666666e+2 1.5266666666666666e+2
    1.5266666666666666e+2 1.5266666666666666e+2 1.5266666666666666e+2
    1.5271428571428572e+2 1.5275e+2 1.5275e+2 1.5275e+2 1.5275e+2
    1.5280000000000001e+2 1.5280000000000001e+2 1.5283333333333334e+2 1.53e+2
    1.53e+2 1.53e+2 1.53e+2 1.53e+2 1.53e+2 1.53e+2 1.53e+2 1.53e+2 1.53e+2
    1.53e+2 1.53e+2 1.53e+2 1.53e+2 1.53e+2 1.53e+2 1.5308333333333334e+2
    1.5314285714285714e+2 1.5316666666666666e+2 1.5319999999999999e+2
    1.5319999999999999e+2 1.5325e+2 1.5325e+2 1.5325e+2 1.5326666666666668e+2
    1.5328571428571428e+2 1.5333333333333334e+2 1.5336363636363637e+2
    1.5340000000000001e+2 1.5340000000000001e+2 1.535e+2 1.535e+2 1.535e+2
    1.535e+2 1.535e+2 1.535e+2 1.535e+2 1.5357142857142858e+2
    1.5357142857142858e+2 1.5359999999999999e+2 1.5361538461538461e+2
    1.5366666666666666e+2 1.5366666666666666e+2 1.5366666666666666e+2
    1.5366666666666666e+2 1.5366666666666666e+2 1.5366666666666666e+2
    1.5366666666666666e+2 1.5369999999999999e+2 1.5375e+2 1.5375e+2
    1.5380000000000001e+2 1.5380000000000001e+2 1.5380000000000001e+2
    1.5380000000000001e+2 1.54e+2 1.54e+2 1.54e+2 1.54e+2 1.54e+2 1.54e+2
    1.54e+2 1.54e+2 1.54e+2 1.54e+2 1.54e+2 1.54e+2 1.54e+2 1.54e+2 1.54e+2
    1.54e+2 1.54e+2 1.54e+2 1.54e+2 1.54e+2 1.54e+2 1.54e+2 1.54e+2
    1.5409999999999999e+2 1.5416666666666666e+2 1.5425e+2 1.5425e+2
    1.5430000000000001e+2 1.5433333333333334e+2 1.5433333333333334e+2
    1.54375e+2 1.5440000000000001e+2 1.5440000000000001e+2 1.545e+2 1.545e+2
    1.545e+2 1.545e+2 1.545e+2 1.545e+2 1.545e+2 1.5459999999999999e+2
    1.5459999999999999e+2 1.5459999999999999e+2 1.5466666666666666e+2
    1.5466666666666666e+2 1.5471428571428572e+2 1.5475e+2 1.5475e+2
    1.5480000000000001e+2 1.5480000000000001e+2 1.5480000000000001e+2
    1.54875e+2 1.5488888888888889e+2 1.55e+2 1.55e+2 1.55e+2 1.55e+2 1.55e+2
    1.55e+2 1.55e+2 1.55e+2 1.55e+2 1.55e+2 1.55e+2 1.55e+2 1.55e+2 1.55e+2
    1.55e+2 1.55e+2 1.55e+2 1.55e+2 1.55e+2 1.55e+2 1.5508333333333334e+2
    1.5511111111111111e+2 1.5514285714285714e+2 1.5516666666666666e+2
    1.5519999999999999e+2 1.5519999999999999e+2 1.5522222222222223e+2
    1.5523529411764707e+2 1.5525e+2 1.5525e+2 1.5533333333333334e+2
    1.5533333333333334e+2 1.5533333333333334e+2 1.5533333333333334e+2
    1.5536842105263159e+2 1.55375e+2 1.5540000000000001e+2
    1.5540000000000001e+2 1.5546153846153845e+2 1.555e+2 1.555e+2 1.555e+2
    1.555e+2 1.555e+2 1.555e+2 1.555e+2 1.5559999999999999e+2
    1.5566666666666666e+2 1.5566666666666666e+2 1.5566666666666666e+2
    1.5569999999999999e+2 1.5575e+2 1.5575e+2 1.5580000000000001e+2
    1.5583333333333334e+2 1.5583333333333334e+2 1.5583333333333334e+2
    1.5585714285714286e+2 1.56e+2 1.56e+2 1.56e+2 1.56e+2 1.56e+2 1.56e+2
    1.56e+2 1.56e+2 1.56e+2 1.56e+2 1.56e+2 1.56e+2 1.56e+2 1.56e+2 1.56e+2
    1.56e+2 1.56e+2 1.5605882352941177e+2 1.5616666666666666e+2
    1.5619999999999999e+2 1.5619999999999999e+2 1.5619999999999999e+2 1.5625e+2
    1.5625e+2 1.5625e+2 1.5633333333333334e+2 1.5633333333333334e+2
    1.5635294117647058e+2 1.5638461538461539e+2 1.5647058823529412e+2 1.565e+2
    1.565e+2 1.565e+2 1.565e+2 1.565e+2 1.5655555555555554e+2
    1.5657142857142858e+2 1.5666666666666666e+2 1.5666666666666666e+2
    1.5666666666666666e+2 1.5666666666666666e+2 1.5669999999999999e+2
    1.5671428571428572e+2 1.5675e+2 1.5675e+2 1.5676470588235293e+2
    1.5680000000000001e+2 1.5680000000000001e+2 1.5680000000000001e+2
    1.5680000000000001e+2 1.5683333333333334e+2 1.5683333333333334e+2
    1.5685714285714286e+2 1.5693333333333334e+2 1.57e+2 1.57e+2 1.57e+2 1.57e+2
    1.57e+2 1.57e+2 1.57e+2 1.57e+2 1.57e+2 1.57e+2 1.57e+2 1.57e+2 1.57e+2
    1.57e+2 1.57e+2 1.57e+2 1.5709999999999999e+2 1.57125e+2
    1.5716666666666666e+2 1.5716666666666666e+2 1.5716666666666666e+2
    1.5722222222222223e+2 1.5725e+2 1.5725e+2 1.5728571428571428e+2
    1.5733333333333334e+2 1.5733333333333334e+2 1.5733333333333334e+2
    1.5733333333333334e+2 1.5733333333333334e+2 1.5740000000000001e+2
    1.5742857142857142e+2 1.575e+2 1.575e+2 1.575e+2 1.575e+2 1.575e+2
    1.5753333333333333e+2 1.5759999999999999e+2 1.5766666666666666e+2
    1.5766666666666666e+2 1.5766666666666666e+2 1.5766666666666666e+2 1.5775e+2
    1.5777777777777777e+2 1.5780000000000001e+2 1.5780000000000001e+2
    1.5780000000000001e+2 1.5780000000000001e+2 1.578235294117647e+2
    1.5785714285714286e+2 1.5790000000000001e+2 1.58e+2 1.58e+2 1.58e+2 1.58e+2
    1.58e+2 1.58e+2 1.58e+2 1.58e+2 1.58e+2 1.58e+2 1.58e+2 1.58e+2 1.58e+2
    1.58e+2 1.58e+2 1.58e+2 1.58e+2 1.58e+2 1.58e+2 1.58e+2 1.58e+2 1.58e+2
    1.58e+2 1.58e+2 1.58e+2 1.58125e+2 1.5814285714285714e+2
    1.5814285714285714e+2 1.5816666666666666e+2 1.5819999999999999e+2
    1.5819999999999999e+2 1.5822222222222223e+2 1.5825e+2 1.5828571428571428e+2
    1.5828571428571428e+2 1.5833333333333334e+2 1.5833333333333334e+2
    1.5833333333333334e+2 1.5840000000000001e+2 1.5840000000000001e+2
    1.5840000000000001e+2 1.5840000000000001e+2 1.5842857142857142e+2 1.585e+2
    1.585e+2 1.585e+2 1.585e+2 1.585e+2 1.585e+2 1.585e+2 1.585e+2
    1.5859999999999999e+2 1.5859999999999999e+2 1.5859999999999999e+2
    1.5866666666666666e+2 1.5866666666666666e+2 1.5866666666666666e+2
    1.5866666666666666e+2 1.5866666666666666e+2 1.5875e+2 1.5875e+2 1.5875e+2
    1.5880000000000001e+2 1.5883333333333334e+2 1.5883333333333334e+2
    1.58875e+2 1.59e+2 1.59e+2 1.59e+2 1.59e+2 1.59e+2 1.59e+2 1.59e+2 1.59e+2
    1.59e+2 1.59e+2 1.59e+2 1.59e+2 1.59e+2 1.59e+2 1.59e+2 1.59e+2 1.59e+2
    1.59e+2 1.59e+2 1.5906666666666666e+2 1.59125e+2 1.5914285714285714e+2
    1.5916666666666666e+2 1.5919999999999999e+2 1.5919999999999999e+2
    1.5919999999999999e+2 1.5919999999999999e+2 1.5919999999999999e+2 1.5925e+2
    1.5925e+2 1.5925e+2 1.5928571428571428e+2 1.5933333333333334e+2
    1.5940000000000001e+2 1.5940000000000001e+2 1.595e+2 1.595e+2 1.595e+2
    1.595e+2 1.595e+2 1.595e+2 1.595e+2 1.5957142857142858e+2
    1.5957142857142858e+2 1.5959999999999999e+2 1.5966666666666666e+2
    1.5966666666666666e+2 1.5966666666666666e+2 1.5966666666666666e+2 1.5975e+2
    1.5980000000000001e+2 1.5980000000000001e+2 1.5983333333333334e+2
    1.5983333333333334e+2 1.5983333333333334e+2 1.5990000000000001e+2 1.6e+2
    1.6e+2 1.6e+2 1.6e+2 1.6e+2 1.6e+2 1.6e+2 1.6e+2 1.6e+2 1.6e+2 1.6e+2
    1.6e+2 1.6e+2 1.6e+2 1.6e+2 1.6e+2 1.6e+2 1.6e+2 1.6e+2 1.6e+2
    1.6013333333333333e+2 1.6016666666666666e+2 1.6016666666666666e+2
    1.6019999999999999e+2 1.6025e+2 1.6025e+2 1.6025e+2 1.6025e+2 1.6025e+2
    1.6030000000000001e+2 1.6033333333333334e+2 1.6033333333333334e+2
    1.6033333333333334e+2 1.6040000000000001e+2 1.6040000000000001e+2
    1.6040000000000001e+2 1.6044444444444446e+2 1.605e+2 1.605e+2 1.605e+2
    1.605e+2 1.605e+2 1.6055000000000001e+2 1.6059999999999999e+2
    1.6059999999999999e+2 1.6059999999999999e+2 1.6066666666666666e+2
    1.6066666666666666e+2 1.6071428571428572e+2 1.6075e+2 1.6075e+2 1.6075e+2
    1.6080000000000001e+2 1.6084210526315789e+2 1.6088888888888889e+2 1.61e+2
    1.61e+2 1.61e+2 1.61e+2 1.61e+2 1.61e+2 1.61e+2 1.61e+2 1.61e+2 1.61e+2
    1.61e+2 1.61e+2 1.61e+2 1.61e+2 1.61e+2 1.6108333333333334e+2 1.61125e+2
    1.6116666666666666e+2 1.6119999999999999e+2 1.6119999999999999e+2 1.6125e+2
    1.6125e+2 1.6128571428571428e+2 1.6131578947368422e+2 1.6133333333333334e+2
    1.6133333333333334e+2 1.6133333333333334e+2 1.6133333333333334e+2
    1.6140000000000001e+2 1.6140000000000001e+2 1.6142857142857142e+2
    1.6142857142857142e+2 1.615e+2 1.615e+2 1.615e+2 1.615e+2
    1.6152941176470588e+2 1.6159999999999999e+2 1.6159999999999999e+2
    1.6159999999999999e+2 1.61625e+2 1.6166666666666666e+2
    1.6166666666666666e+2 1.6166666666666666e+2 1.6175e+2 1.6175e+2 1.6175e+2
    1.6180000000000001e+2 1.6180000000000001e+2 1.6183333333333334e+2
    1.6183333333333334e+2 1.6185714285714286e+2 1.6194117647058823e+2 1.62e+2
    1.62e+2 1.62e+2 1.62e+2 1.62e+2 1.62e+2 1.62e+2 1.62e+2 1.62e+2 1.62e+2
    1.62e+2 1.62e+2 1.62e+2 1.62e+2 1.62e+2 1.62e+2 1.62e+2 1.62e+2 1.62e+2
    1.62e+2 1.62e+2 1.6208333333333334e+2 1.6214285714285714e+2
    1.6219999999999999e+2 1.6219999999999999e+2 1.6219999999999999e+2 1.6225e+2
    1.6225e+2 1.6228571428571428e+2 1.6228571428571428e+2 1.6233333333333334e+2
    1.6233333333333334e+2 1.62375e+2 1.62375e+2 1.62375e+2
    1.6240000000000001e+2 1.6240000000000001e+2 1.625e+2 1.625e+2 1.625e+2
    1.625e+2 1.625e+2 1.625e+2 1.625e+2 1.6254545454545453e+2
    1.6259999999999999e+2 1.6266666666666666e+2 1.6266666666666666e+2
    1.6266666666666666e+2 1.6266666666666666e+2 1.6266666666666666e+2
    1.6266666666666666e+2 1.6266666666666666e+2 1.6275e+2 1.6275e+2 1.6275e+2
    1.6275e+2 1.6280000000000001e+2 1.6280000000000001e+2 1.6283333333333334e+2
    1.6286666666666667e+2 1.63e+2 1.63e+2 1.63e+2 1.63e+2 1.63e+2 1.63e+2
    1.63e+2 1.63e+2 1.63e+2 1.63e+2 1.63e+2 1.63e+2 1.63e+2 1.63e+2 1.63e+2
    1.63e+2 1.63e+2 1.6309090909090909e+2 1.6310526315789474e+2
    1.6316666666666666e+2 1.6316666666666666e+2 1.6319999999999999e+2 1.6325e+2
    1.6325e+2 1.6330000000000001e+2 1.6333333333333334e+2 1.6333333333333334e+2
    1.6333333333333334e+2 1.6333333333333334e+2 1.63375e+2
    1.6340000000000001e+2 1.6340000000000001e+2 1.6341666666666666e+2 1.635e+2
    1.635e+2 1.635e+2 1.635e+2 1.635e+2 1.6354545454545453e+2
    1.6359999999999999e+2 1.6359999999999999e+2 1.6364285714285714e+2
    1.6366666666666666e+2 1.6366666666666666e+2 1.6366666666666666e+2 1.6375e+2
    1.6375e+2 1.6380000000000001e+2 1.6383333333333334e+2 1.6383333333333334e+2
    1.6390000000000001e+2 1.64e+2 1.64e+2 1.64e+2 1.64e+2 1.64e+2 1.64e+2
    1.64e+2 1.64e+2 1.64e+2 1.64e+2 1.64e+2 1.64e+2 1.64e+2
    1.6408333333333334e+2 1.6414285714285714e+2 1.6414285714285714e+2
    1.6414285714285714e+2 1.6416666666666666e+2 1.6419999999999999e+2 1.6425e+2
    1.6425e+2 1.6430000000000001e+2 1.6433333333333334e+2 1.6436363636363637e+2
    1.6440000000000001e+2 1.6440000000000001e+2 1.6440000000000001e+2
    1.6440000000000001e+2 1.6442857142857142e+2 1.645e+2 1.645e+2 1.645e+2
    1.645e+2 1.645e+2 1.645e+2 1.6459999999999999e+2 1.6459999999999999e+2
    1.6459999999999999e+2 1.6466666666666666e+2 1.6466666666666666e+2
    1.6471428571428572e+2 1.6475e+2 1.6475e+2 1.6480000000000001e+2
    1.6480000000000001e+2 1.6480000000000001e+2 1.6485714285714286e+2
    1.6491666666666666e+2 1.65e+2 1.65e+2 1.65e+2 1.65e+2 1.65e+2 1.65e+2
    1.65e+2 1.65e+2 1.65e+2 1.65e+2 1.65e+2 1.65e+2 1.65e+2 1.65e+2
    1.6513333333333333e+2 1.6516666666666666e+2 1.6518181818181819e+2
    1.6519999999999999e+2 1.6525e+2 1.6525e+2 1.6528571428571428e+2
    1.6530000000000001e+2 1.6533333333333334e+2 1.6533333333333334e+2
    1.6533333333333334e+2 1.6533333333333334e+2 1.6535294117647058e+2
    1.6540000000000001e+2 1.6540000000000001e+2 1.6540000000000001e+2
    1.6545454545454547e+2 1.655e+2 1.655e+2 1.655e+2 1.655e+2 1.655e+2
    1.6557142857142858e+2 1.6559999999999999e+2 1.6559999999999999e+2
    1.6559999999999999e+2 1.6559999999999999e+2 1.6566666666666666e+2
    1.6566666666666666e+2 1.6566666666666666e+2 1.6566666666666666e+2 1.6575e+2
    1.6575e+2 1.6575e+2 1.6580000000000001e+2 1.6580000000000001e+2 1.65875e+2
    1.6590909090909091e+2 1.66e+2 1.66e+2 1.66e+2 1.66e+2 1.66e+2 1.66e+2
    1.66e+2 1.66e+2 1.66e+2 1.66e+2 1.66e+2 1.66e+2 1.66e+2 1.66e+2 1.66e+2
    1.66e+2 1.6616666666666666e+2 1.6616666666666666e+2 1.6616666666666666e+2
    1.6619999999999999e+2 1.6625e+2 1.6625e+2 1.6625e+2 1.6628571428571428e+2
    1.6630000000000001e+2 1.6633333333333334e+2 1.6633333333333334e+2
    1.6633333333333334e+2 1.6633333333333334e+2 1.6640000000000001e+2
    1.6642857142857142e+2 1.665e+2 1.665e+2 1.665e+2 1.665e+2 1.665e+2 1.665e+2
    1.6657142857142858e+2 1.6659999999999999e+2 1.6659999999999999e+2
    1.6666666666666666e+2 1.6666666666666666e+2 1.6666666666666666e+2
    1.6666666666666666e+2 1.6666666666666666e+2 1.6669999999999999e+2
    1.6671428571428572e+2 1.6673333333333332e+2 1.6675e+2 1.6677777777777777e+2
    1.6680000000000001e+2 1.6680000000000001e+2 1.6680000000000001e+2
    1.6683333333333334e+2 1.6690000000000001e+2 1.67e+2 1.67e+2 1.67e+2 1.67e+2
    1.67e+2 1.67e+2 1.67e+2 1.67e+2 1.67e+2 1.67e+2 1.67e+2 1.67e+2 1.67e+2
    1.67e+2 1.67e+2 1.67e+2 1.6708333333333334e+2 1.6714285714285714e+2
    1.6716666666666666e+2 1.671764705882353e+2 1.6719999999999999e+2
    1.6719999999999999e+2 1.6722222222222223e+2 1.6725e+2 1.6725e+2 1.6725e+2
    1.6725e+2 1.6726666666666668e+2 1.6733333333333334e+2 1.6733333333333334e+2
    1.6740000000000001e+2 1.6740000000000001e+2 1.6744444444444446e+2 1.675e+2
    1.675e+2 1.675e+2 1.675e+2 1.675e+2 1.675e+2 1.675e+2 1.6758333333333334e+2
    1.6759999999999999e+2 1.6766666666666666e+2 1.6766666666666666e+2
    1.6766666666666666e+2 1.6766666666666666e+2 1.6766666666666666e+2
    1.6769999999999999e+2 1.6775e+2 1.6775e+2 1.6780000000000001e+2
    1.6780000000000001e+2 1.6780000000000001e+2 1.6780000000000001e+2
    1.6780000000000001e+2 1.6783333333333334e+2 1.6785714285714286e+2
    1.67875e+2 1.68e+2 1.68e+2 1.68e+2 1.68e+2 1.68e+2 1.68e+2 1.68e+2 1.68e+2
    1.68e+2 1.68e+2 1.68e+2 1.68e+2 1.68e+2 1.68e+2 1.68e+2 1.68e+2 1.68e+2
    1.68e+2 1.6807142857142858e+2 1.6811111111111111e+2 1.6814285714285714e+2
    1.6816666666666666e+2 1.6816666666666666e+2 1.6819999999999999e+2
    1.6819999999999999e+2 1.6825e+2 1.6825e+2 1.6825e+2 1.6825e+2
    1.6829411764705881e+2 1.6833333333333334e+2 1.6833333333333334e+2
    1.6833333333333334e+2 1.6835294117647058e+2 1.6840000000000001e+2
    1.6840000000000001e+2 1.685e+2 1.685e+2 1.685e+2 1.685e+2 1.685e+2 1.685e+2
    1.6857142857142858e+2 1.6859999999999999e+2 1.6859999999999999e+2
    1.6866666666666666e+2 1.6866666666666666e+2 1.6866666666666666e+2
    1.6869999999999999e+2 1.6875e+2 1.6880000000000001e+2 1.6880000000000001e+2
    1.6881818181818181e+2 1.68875e+2 1.68875e+2 1.6891666666666666e+2 1.69e+2
    1.69e+2 1.69e+2 1.69e+2 1.69e+2 1.69e+2 1.69e+2 1.69e+2 1.69e+2 1.69e+2
    1.69e+2 1.69e+2 1.69e+2 1.69e+2 1.69e+2 1.69e+2 1.69e+2 1.69e+2 1.69e+2
    1.69e+2 1.69e+2 1.69e+2 1.69e+2 1.6909999999999999e+2 1.6911111111111111e+2
    1.6914285714285714e+2 1.6919999999999999e+2 1.6919999999999999e+2 1.6925e+2
    1.6925e+2 1.6925e+2 1.6925e+2 1.6933333333333334e+2 1.6935714285714286e+2
    1.6940000000000001e+2 1.6941666666666666e+2 1.695e+2 1.695e+2 1.695e+2
    1.695e+2 1.695e+2 1.6957142857142858e+2 1.6959999999999999e+2
    1.6959999999999999e+2 1.6959999999999999e+2 1.6966666666666666e+2
    1.6966666666666666e+2 1.6966666666666666e+2 1.6966666666666666e+2
    1.6969999999999999e+2 1.6975e+2 1.6975e+2 1.6980000000000001e+2
    1.6985714285714286e+2 1.6985714285714286e+2 1.7e+2 1.7e+2 1.7e+2 1.7e+2
    1.7e+2 1.7e+2 1.7e+2 1.7e+2 1.7e+2 1.7e+2 1.7e+2 1.7e+2 1.7e+2 1.7e+2
    1.7e+2 1.7e+2 1.7e+2 1.7e+2 1.7e+2 1.7009999999999999e+2
    1.7016666666666666e+2 1.7016666666666666e+2 1.7019999999999999e+2
    1.7019999999999999e+2 1.7025e+2 1.7029411764705881e+2 1.7033333333333334e+2
    1.7033333333333334e+2 1.7033333333333334e+2 1.7035294117647058e+2
    1.7040000000000001e+2 1.7042857142857142e+2 1.7042857142857142e+2 1.705e+2
    1.705e+2 1.705e+2 1.705e+2 1.7055555555555554e+2 1.7059999999999999e+2
    1.7066666666666666e+2 1.7066666666666666e+2 1.7066666666666666e+2
    1.7066666666666666e+2 1.7066666666666666e+2 1.7071428571428572e+2 1.7075e+2
    1.7077777777777777e+2 1.7080000000000001e+2 1.7083333333333334e+2
    1.7088888888888889e+2 1.7091666666666666e+2 1.71e+2 1.71e+2 1.71e+2 1.71e+2
    1.71e+2 1.71e+2 1.71e+2 1.71e+2 1.71e+2 1.71e+2 1.71e+2 1.71e+2 1.71e+2
    1.71e+2 1.71e+2 1.71e+2 1.71e+2 1.71e+2 1.7109999999999999e+2
    1.7114285714285714e+2 1.7116666666666666e+2 1.7119999999999999e+2 1.7125e+2
    1.7130000000000001e+2 1.7133333333333334e+2 1.7133333333333334e+2
    1.7133333333333334e+2 1.7140000000000001e+2 1.7140000000000001e+2 1.715e+2
    1.715e+2 1.715e+2 1.715e+2 1.7159999999999999e+2 1.7159999999999999e+2
    1.7164705882352942e+2 1.7166666666666666e+2 1.7166666666666666e+2
    1.7166666666666666e+2 1.7171428571428572e+2 1.7175e+2 1.7175e+2 1.7175e+2
    1.7175e+2 1.7180000000000001e+2 1.7180000000000001e+2 1.7183333333333334e+2
    1.7183333333333334e+2 1.7184210526315789e+2 1.7188235294117646e+2 1.72e+2
    1.72e+2 1.72e+2 1.72e+2 1.72e+2 1.72e+2 1.72e+2 1.72e+2 1.72e+2 1.72e+2
    1.72e+2 1.72e+2 1.72e+2 1.72e+2 1.72e+2 1.72e+2 1.72e+2 1.72e+2
    1.7209999999999999e+2 1.7216666666666666e+2 1.7216666666666666e+2
    1.7219999999999999e+2 1.7228571428571428e+2 1.7233333333333334e+2
    1.7233333333333334e+2 1.7233333333333334e+2 1.7233333333333334e+2
    1.7240000000000001e+2 1.7244444444444446e+2 1.725e+2 1.725e+2 1.725e+2
    1.725e+2 1.725e+2 1.7257142857142858e+2 1.7259999999999999e+2
    1.7266666666666666e+2 1.7266666666666666e+2 1.7266666666666666e+2
    1.7271428571428572e+2 1.7275e+2 1.7275e+2 1.7280000000000001e+2
    1.7280000000000001e+2 1.7280000000000001e+2 1.7280000000000001e+2
    1.7280000000000001e+2 1.7281818181818181e+2 1.7283333333333334e+2
    1.72875e+2 1.7291666666666666e+2 1.73e+2 1.73e+2 1.73e+2 1.73e+2 1.73e+2
    1.73e+2 1.73e+2 1.73e+2 1.73e+2 1.73e+2 1.73e+2 1.73e+2 1.73e+2 1.73e+2
    1.73e+2 1.73e+2 1.73e+2 1.73e+2 1.73e+2 1.73e+2 1.7314285714285714e+2
    1.731764705882353e+2 1.7319999999999999e+2 1.7319999999999999e+2 1.7325e+2
    1.7325e+2 1.7333333333333334e+2 1.7333333333333334e+2 1.7340000000000001e+2
    1.7341666666666666e+2 1.735e+2 1.735e+2 1.735e+2 1.735e+2 1.735e+2
    1.7353333333333333e+2 1.7359999999999999e+2 1.73625e+2
    1.7366666666666666e+2 1.7366666666666666e+2 1.7366666666666666e+2
    1.7371428571428572e+2 1.7377777777777777e+2 1.7380000000000001e+2
    1.7380000000000001e+2 1.7385714285714286e+2 1.73875e+2
    1.7394117647058823e+2 1.74e+2 1.74e+2 1.74e+2 1.74e+2 1.74e+2 1.74e+2
    1.74e+2 1.74e+2 1.74e+2 1.74e+2 1.74e+2 1.74e+2 1.74e+2 1.74e+2 1.74e+2
    1.74e+2 1.74e+2 1.74e+2 1.74e+2 1.74e+2 1.74e+2 1.7413333333333333e+2
    1.7416666666666666e+2 1.7419999999999999e+2 1.7425e+2 1.7426666666666668e+2
    1.7430000000000001e+2 1.7433333333333334e+2 1.7433333333333334e+2
    1.7433333333333334e+2 1.7440000000000001e+2 1.745e+2 1.745e+2 1.745e+2
    1.745e+2 1.745e+2 1.7457142857142858e+2 1.7459999999999999e+2
    1.7459999999999999e+2 1.7459999999999999e+2 1.74625e+2
    1.7466666666666666e+2 1.7466666666666666e+2 1.7466666666666666e+2
    1.7471428571428572e+2 1.7480000000000001e+2 1.7483333333333334e+2
    1.7485714285714286e+2 1.75e+2 1.75e+2 1.75e+2 1.75e+2 1.75e+2 1.75e+2
    1.75e+2 1.75e+2 1.75e+2 1.75e+2 1.75e+2 1.75e+2 1.75e+2
    1.7509999999999999e+2 1.7514285714285714e+2 1.7514285714285714e+2
    1.7519999999999999e+2 1.7525e+2 1.7525e+2 1.7528571428571428e+2
    1.7528571428571428e+2 1.7528571428571428e+2 1.7533333333333334e+2
    1.7533333333333334e+2 1.7533333333333334e+2 1.7540000000000001e+2
    1.7540000000000001e+2 1.755e+2 1.755e+2 1.755e+2 1.755e+2 1.755e+2 1.755e+2
    1.755e+2 1.7557142857142858e+2 1.7559999999999999e+2 1.7561538461538461e+2
    1.7566666666666666e+2 1.7566666666666666e+2 1.7568421052631578e+2
    1.7571428571428572e+2 1.7575e+2 1.7575e+2 1.7577777777777777e+2
    1.7580000000000001e+2 1.7580000000000001e+2 1.758235294117647e+2 1.76e+2
    1.76e+2 1.76e+2 1.76e+2 1.76e+2 1.76e+2 1.76e+2 1.76e+2
    1.7614285714285714e+2 1.7619999999999999e+2 1.7619999999999999e+2 1.7625e+2
    1.7628571428571428e+2 1.7629411764705881e+2 1.7633333333333334e+2
    1.7633333333333334e+2 1.7633333333333334e+2 1.7640000000000001e+2
    1.7642857142857142e+2 1.765e+2 1.765e+2 1.765e+2 1.765e+2 1.765e+2 1.765e+2
    1.765e+2 1.7658333333333334e+2 1.7666666666666666e+2 1.7666666666666666e+2
    1.7672727272727272e+2 1.7675e+2 1.7675e+2 1.7675e+2 1.7680000000000001e+2
    1.7680000000000001e+2 1.7680000000000001e+2 1.7680000000000001e+2
    1.7690000000000001e+2 1.77e+2 1.77e+2 1.77e+2 1.77e+2 1.77e+2 1.77e+2
    1.77e+2 1.77e+2 1.77e+2 1.77e+2 1.77e+2 1.77e+2 1.7707692307692307e+2
    1.7714285714285714e+2 1.7716666666666666e+2 1.7725e+2 1.7733333333333334e+2
    1.7733333333333334e+2 1.7733333333333334e+2 1.7733333333333334e+2
    1.7735294117647058e+2 1.7740000000000001e+2 1.7746666666666667e+2 1.775e+2
    1.775e+2 1.775e+2 1.7759999999999999e+2 1.7759999999999999e+2
    1.7766666666666666e+2 1.7766666666666666e+2 1.7766666666666666e+2 1.7775e+2
    1.7775e+2 1.7780000000000001e+2 1.7784210526315789e+2 1.7790000000000001e+2
    1.78e+2 1.78e+2 1.78e+2 1.78e+2 1.78e+2 1.78e+2 1.78e+2 1.78e+2 1.78e+2
    1.78e+2 1.78e+2 1.78e+2 1.78e+2 1.78125e+2 1.7816666666666666e+2
    1.7816666666666666e+2 1.7819999999999999e+2 1.7825e+2 1.7828571428571428e+2
    1.7833333333333334e+2 1.7833333333333334e+2 1.7841666666666666e+2 1.785e+2
    1.785e+2 1.785e+2 1.7857142857142858e+2 1.7859999999999999e+2
    1.7859999999999999e+2 1.7859999999999999e+2 1.7866666666666666e+2
    1.7866666666666666e+2 1.7869999999999999e+2 1.7875e+2 1.7875e+2
    1.7880000000000001e+2 1.788235294117647e+2 1.78875e+2 1.79e+2 1.79e+2
    1.79e+2 1.79e+2 1.79e+2 1.79e+2 1.79e+2 1.79e+2 1.79e+2
    1.7914285714285714e+2 1.7919999999999999e+2 1.7925e+2 1.7925e+2 1.7925e+2
    1.7930000000000001e+2 1.7933333333333334e+2 1.79375e+2
    1.7940000000000001e+2 1.7941666666666666e+2 1.795e+2 1.795e+2 1.795e+2
    1.795e+2 1.795e+2 1.7957142857142858e+2 1.7957142857142858e+2
    1.7959999999999999e+2 1.7966666666666666e+2 1.7969999999999999e+2 1.7975e+2
    1.7980000000000001e+2 1.7983333333333334e+2 1.7985714285714286e+2
    1.7985714285714286e+2 1.7991666666666666e+2 1.8e+2 1.8e+2 1.8e+2 1.8e+2
    1.8e+2 1.8e+2 1.8e+2 1.8e+2 1.8e+2 1.8e+2 1.8e+2 1.8e+2
    1.8009999999999999e+2 1.8016666666666666e+2 1.8019999999999999e+2
    1.8019999999999999e+2 1.8025e+2 1.8030000000000001e+2 1.8033333333333334e+2
    1.8033333333333334e+2 1.8033333333333334e+2 1.8033333333333334e+2
    1.8040000000000001e+2 1.8040000000000001e+2 1.805e+2 1.805e+2 1.805e+2
    1.805e+2 1.805e+2 1.8058333333333334e+2 1.80625e+2 1.8066666666666666e+2
    1.8066666666666666e+2 1.8071428571428572e+2 1.8075e+2 1.8080000000000001e+2
    1.8085714285714286e+2 1.81e+2 1.81e+2 1.81e+2 1.81e+2 1.81e+2 1.81e+2
    1.81e+2 1.81e+2 1.81e+2 1.81e+2 1.8109999999999999e+2 1.8116666666666666e+2
    1.8119999999999999e+2 1.8119999999999999e+2 1.8126666666666668e+2
    1.8133333333333334e+2 1.8133333333333334e+2 1.8140000000000001e+2
    1.8142857142857142e+2 1.815e+2 1.815e+2 1.815e+2 1.815e+2 1.815e+2
    1.8154545454545453e+2 1.8157142857142858e+2 1.81625e+2
    1.8166666666666666e+2 1.8166666666666666e+2 1.8166666666666666e+2
    1.8166666666666666e+2 1.8166666666666666e+2 1.8166666666666666e+2
    1.8166666666666666e+2 1.8171428571428572e+2 1.8175e+2 1.8175e+2
    1.8180000000000001e+2 1.8185714285714286e+2 1.8185714285714286e+2
    1.8185714285714286e+2 1.8185714285714286e+2 1.8190000000000001e+2
    1.819375e+2 1.82e+2 1.82e+2 1.82e+2 1.82e+2 1.82e+2 1.82e+2 1.82e+2 1.82e+2
    1.82e+2 1.82e+2 1.82e+2 1.82e+2 1.8216666666666666e+2 1.8216666666666666e+2
    1.8219999999999999e+2 1.8219999999999999e+2 1.8219999999999999e+2 1.8225e+2
    1.8225e+2 1.8225e+2 1.8225e+2 1.8228571428571428e+2 1.8233333333333334e+2
    1.8233333333333334e+2 1.8240000000000001e+2 1.8240000000000001e+2
    1.8240000000000001e+2 1.825e+2 1.8257142857142858e+2 1.8259999999999999e+2
    1.8266666666666666e+2 1.8266666666666666e+2 1.8275e+2 1.8275e+2 1.8275e+2
    1.8280000000000001e+2 1.8285714285714286e+2 1.83e+2 1.83e+2 1.83e+2 1.83e+2
    1.83e+2 1.83e+2 1.83e+2 1.83e+2 1.83e+2 1.83e+2 1.83e+2
    1.8311111111111111e+2 1.8314285714285714e+2 1.8325e+2 1.8325e+2
    1.8330000000000001e+2 1.8335294117647058e+2 1.8340000000000001e+2
    1.8340000000000001e+2 1.835e+2 1.835e+2 1.835e+2 1.835e+2 1.835e+2
    1.8359999999999999e+2 1.8359999999999999e+2 1.83625e+2
    1.8366666666666666e+2 1.8366666666666666e+2 1.8375e+2 1.8375e+2
    1.8377777777777777e+2 1.8380000000000001e+2 1.8383333333333334e+2
    1.8385714285714286e+2 1.8391666666666666e+2 1.84e+2 1.84e+2 1.84e+2 1.84e+2
    1.84e+2 1.84e+2 1.84e+2 1.84e+2 1.84e+2 1.84e+2 1.8409999999999999e+2
    1.8414285714285714e+2 1.8416666666666666e+2 1.8419999999999999e+2 1.8425e+2
    1.8428571428571428e+2 1.8433333333333334e+2 1.8433333333333334e+2
    1.8433333333333334e+2 1.8440000000000001e+2 1.8440000000000001e+2 1.845e+2
    1.845e+2 1.845e+2 1.845e+2 1.845e+2 1.845e+2 1.845e+2 1.845e+2
    1.8457142857142858e+2 1.8466666666666666e+2 1.8466666666666666e+2
    1.8470588235294119e+2 1.8475e+2 1.8475e+2 1.8478571428571428e+2
    1.8480000000000001e+2 1.8480000000000001e+2 1.8480000000000001e+2
    1.8494117647058823e+2 1.85e+2 1.85e+2 1.85e+2 1.85e+2 1.85e+2 1.85e+2
    1.85e+2 1.85e+2 1.8509999999999999e+2 1.8514285714285714e+2
    1.8516666666666666e+2 1.8523529411764707e+2 1.8525e+2 1.8525e+2
    1.8529411764705881e+2 1.8533333333333334e+2 1.8533333333333334e+2
    1.8541666666666666e+2 1.855e+2 1.855e+2 1.855e+2 1.855e+2 1.855e+2
    1.8558333333333334e+2 1.8559999999999999e+2 1.8566666666666666e+2 1.8575e+2
    1.8577777777777777e+2 1.8580000000000001e+2 1.8580000000000001e+2
    1.8584615384615384e+2 1.8595454545454547e+2 1.86e+2 1.86e+2 1.86e+2 1.86e+2
    1.86e+2 1.86e+2 1.86e+2 1.86e+2 1.86e+2 1.86e+2 1.86e+2 1.86e+2
    1.8611111111111111e+2 1.8616666666666666e+2 1.8619999999999999e+2
    1.8628571428571428e+2 1.8628571428571428e+2 1.8633333333333334e+2
    1.8640000000000001e+2 1.8641176470588235e+2 1.865e+2 1.865e+2
    1.8659999999999999e+2 1.8666666666666666e+2 1.8666666666666666e+2
    1.8669999999999999e+2 1.8675e+2 1.8680000000000001e+2 1.8685714285714286e+2
    1.87e+2 1.87e+2 1.87e+2 1.87e+2 1.87e+2 1.87e+2 1.87e+2 1.87e+2 1.87e+2
    1.87e+2 1.8716666666666666e+2 1.8716666666666666e+2 1.8719999999999999e+2
    1.8719999999999999e+2 1.8725e+2 1.8733333333333334e+2 1.8733333333333334e+2
    1.8733333333333334e+2 1.8733333333333334e+2 1.8740000000000001e+2
    1.8740000000000001e+2 1.8741666666666666e+2 1.875e+2 1.875e+2 1.875e+2
    1.8752941176470588e+2 1.8759999999999999e+2 1.8766666666666666e+2
    1.8766666666666666e+2 1.8769999999999999e+2 1.8771428571428572e+2 1.8775e+2
    1.8775e+2 1.8775e+2 1.8783333333333334e+2 1.8788888888888889e+2
    1.8790000000000001e+2 1.88e+2 1.88e+2 1.88e+2 1.88e+2 1.88e+2 1.88e+2
    1.88e+2 1.88e+2 1.88e+2 1.88e+2 1.8806666666666666e+2 1.8816666666666666e+2
    1.8819999999999999e+2 1.8819999999999999e+2 1.8825e+2 1.8826315789473685e+2
    1.8833333333333334e+2 1.8833333333333334e+2 1.8833333333333334e+2
    1.8840000000000001e+2 1.8840000000000001e+2 1.8840000000000001e+2
    1.8840000000000001e+2 1.8844444444444446e+2 1.885e+2 1.885e+2 1.885e+2
    1.885e+2 1.8857142857142858e+2 1.8866666666666666e+2 1.8875e+2 1.8875e+2
    1.8875e+2 1.8880000000000001e+2 1.8883333333333334e+2 1.8883333333333334e+2
    1.8883333333333334e+2 1.8886666666666667e+2 1.89e+2 1.89e+2 1.89e+2 1.89e+2
    1.89e+2 1.89e+2 1.89e+2 1.89e+2 1.8914285714285714e+2 1.8916666666666666e+2
    1.8919999999999999e+2 1.8919999999999999e+2 1.8919999999999999e+2
    1.8928571428571428e+2 1.8928571428571428e+2 1.8933333333333334e+2
    1.8933333333333334e+2 1.8940000000000001e+2 1.8940000000000001e+2
    1.8940000000000001e+2 1.8946666666666667e+2 1.895e+2 1.895e+2
    1.8957142857142858e+2 1.8966666666666666e+2 1.8969999999999999e+2
    1.8971428571428572e+2 1.8971428571428572e+2 1.8980000000000001e+2
    1.8980000000000001e+2 1.8991666666666666e+2 1.9e+2 1.9e+2 1.9e+2 1.9e+2
    1.9e+2 1.9e+2 1.9e+2 1.9e+2 1.9e+2 1.9e+2 1.9009999999999999e+2
    1.9019999999999999e+2 1.9019999999999999e+2 1.9025e+2 1.9030000000000001e+2
    1.9033333333333334e+2 1.9040000000000001e+2 1.9042857142857142e+2 1.905e+2
    1.905e+2 1.9059999999999999e+2 1.9069999999999999e+2 1.9080000000000001e+2
    1.9083333333333334e+2 1.9085714285714286e+2 1.9091666666666666e+2 1.91e+2
    1.91e+2 1.91e+2 1.91e+2 1.91e+2 1.91e+2 1.91e+2 1.91e+2 1.91125e+2
    1.9119999999999999e+2 1.9125e+2 1.9125e+2 1.9133333333333334e+2
    1.9133333333333334e+2 1.9140000000000001e+2 1.9140000000000001e+2
    1.9142857142857142e+2 1.9142857142857142e+2 1.915e+2 1.915e+2 1.915e+2
    1.915e+2 1.9153846153846155e+2 1.9159999999999999e+2 1.9166666666666666e+2
    1.9173333333333332e+2 1.9175e+2 1.9180000000000001e+2 1.9180000000000001e+2
    1.9186666666666667e+2 1.92e+2 1.92e+2 1.92e+2 1.92e+2 1.92e+2 1.92e+2
    1.92e+2 1.9219999999999999e+2 1.9225e+2 1.9233333333333334e+2
    1.9240000000000001e+2 1.9240000000000001e+2 1.9240000000000001e+2 1.925e+2
    1.925e+2 1.925e+2 1.925e+2 1.925e+2 1.9258823529411765e+2
    1.9269230769230768e+2 1.9275e+2 1.9280000000000001e+2 1.9280000000000001e+2
    1.9291666666666666e+2 1.93e+2 1.93e+2 1.93e+2 1.93e+2 1.93e+2 1.93e+2
    1.93e+2 1.93e+2 1.93e+2 1.93e+2 1.93e+2 1.93e+2 1.93e+2 1.93e+2 1.93e+2
    1.93e+2 1.9306666666666666e+2 1.9316666666666666e+2 1.9319999999999999e+2
    1.9325e+2 1.9333333333333334e+2 1.9333333333333334e+2 1.93375e+2
    1.9347058823529412e+2 1.935e+2 1.935e+2 1.935e+2 1.9357142857142858e+2
    1.9358333333333334e+2 1.9359999999999999e+2 1.93625e+2
    1.9366666666666666e+2 1.9375e+2 1.9383333333333334e+2 1.9390000000000001e+2
    1.94e+2 1.94e+2 1.94e+2 1.94e+2 1.94e+2 1.94e+2 1.94e+2 1.94e+2 1.94e+2
    1.94e+2 1.94e+2 1.94e+2 1.94e+2 1.94e+2 1.94e+2 1.94e+2 1.94e+2 1.94e+2
    1.94e+2 1.94e+2 1.94e+2 1.94e+2 1.94e+2 1.94125e+2 1.9416666666666666e+2
    1.9419999999999999e+2 1.9428571428571428e+2 1.9433333333333334e+2
    1.9440000000000001e+2 1.9442857142857142e+2 1.945e+2 1.9459999999999999e+2
    1.9466666666666666e+2 1.9473333333333332e+2 1.9480000000000001e+2 1.95e+2
    1.95e+2 1.95e+2 1.95e+2 1.95e+2 1.95e+2 1.95e+2 1.9513333333333333e+2
    1.9518181818181819e+2 1.9519999999999999e+2 1.9525e+2 1.9525e+2 1.9525e+2
    1.9528571428571428e+2 1.9540000000000001e+2 1.9540000000000001e+2 1.955e+2
    1.955e+2 1.955e+2 1.9552941176470588e+2 1.9559999999999999e+2
    1.9566666666666666e+2 1.9569999999999999e+2 1.9571428571428572e+2 1.9575e+2
    1.9575e+2 1.9575e+2 1.9580000000000001e+2 1.9585714285714286e+2 1.96e+2
    1.96e+2 1.96e+2 1.96e+2 1.96e+2 1.96e+2 1.96e+2 1.96e+2 1.96e+2 1.96e+2
    1.9616666666666666e+2 1.9616666666666666e+2 1.9619999999999999e+2
    1.9619999999999999e+2 1.9625e+2 1.9633333333333334e+2 1.9640000000000001e+2
    1.965e+2 1.965e+2 1.965e+2 1.9658333333333334e+2 1.9659999999999999e+2
    1.9666666666666666e+2 1.9669999999999999e+2 1.9675e+2 1.9675e+2
    1.9690000000000001e+2 1.97e+2 1.97e+2 1.97e+2 1.97e+2 1.97e+2 1.97e+2
    1.97e+2 1.97e+2 1.97e+2 1.9708333333333334e+2 1.9714285714285714e+2
    1.9730000000000001e+2 1.9733333333333334e+2 1.9733333333333334e+2
    1.9742857142857142e+2 1.975e+2 1.975e+2 1.9759999999999999e+2
    1.9769999999999999e+2 1.9780000000000001e+2 1.9783333333333334e+2
    1.9790000000000001e+2 1.98e+2 1.98e+2 1.98e+2 1.98e+2 1.98e+2 1.98e+2
    1.98e+2 1.98e+2 1.9816666666666666e+2 1.9816666666666666e+2
    1.9819999999999999e+2 1.9819999999999999e+2 1.9822222222222223e+2
    1.9828571428571428e+2 1.9833333333333334e+2 1.9840000000000001e+2
    1.9840000000000001e+2 1.985e+2 1.985e+2 1.9853333333333333e+2
    1.9866666666666666e+2 1.9869999999999999e+2 1.9875e+2 1.9880000000000001e+2
    1.9880000000000001e+2 1.9890000000000001e+2 1.99e+2 1.99e+2 1.99e+2 1.99e+2
    1.99e+2 1.9908333333333334e+2 1.9915789473684211e+2 1.9919999999999999e+2
    1.9929411764705881e+2 1.9940000000000001e+2 1.995e+2 1.995e+2 1.995e+2
    1.9959999999999999e+2 1.9966666666666666e+2 1.9966666666666666e+2 1.9975e+2
    1.9975e+2 1.9980000000000001e+2 1.99875e+2 2.0e+2 2.0e+2 2.0e+2 2.0e+2
    2.0e+2 2.0e+2 2.0e+2 2.0e+2 2.0006666666666666e+2 2.00125e+2
    2.0019999999999999e+2 2.0025e+2 2.0027272727272728e+2 2.0033333333333334e+2
    2.0033333333333334e+2 2.0033333333333334e+2 2.00375e+2
    2.0040000000000001e+2 2.005e+2 2.005e+2 2.005e+2 2.0059999999999999e+2
    2.0066666666666666e+2 2.0066666666666666e+2 2.0069999999999999e+2
    2.0078571428571428e+2 2.01e+2 2.01e+2 2.01e+2 2.01e+2 2.01e+2 2.01e+2
    2.01e+2 2.01e+2 2.01e+2 2.0109999999999999e+2 2.0113333333333333e+2
    2.0119999999999999e+2 2.0129411764705881e+2 2.0133333333333334e+2 2.015e+2
    2.015e+2 2.015e+2 2.0158333333333334e+2 2.0159999999999999e+2
    2.0159999999999999e+2 2.0166666666666666e+2 2.0166666666666666e+2
    2.0166666666666666e+2 2.0169999999999999e+2 2.0175e+2 2.0175e+2 2.0175e+2
    2.0180000000000001e+2 2.0180000000000001e+2 2.02e+2 2.02e+2 2.02e+2 2.02e+2
    2.02e+2 2.0213636363636363e+2 2.0219999999999999e+2 2.0225e+2 2.0225e+2
    2.0233333333333334e+2 2.0240000000000001e+2 2.025e+2 2.025e+2
    2.0259999999999999e+2 2.0275e+2 2.0280000000000001e+2 2.0283333333333334e+2
    2.0290000000000001e+2 2.03e+2 2.03e+2 2.03e+2 2.03e+2 2.03e+2 2.03e+2
    2.03e+2 2.03e+2 2.03e+2 2.03e+2 2.03e+2 2.03e+2 2.0308333333333334e+2
    2.0313333333333333e+2 2.0325e+2 2.0330000000000001e+2 2.0340000000000001e+2
    2.035e+2 2.035e+2 2.0366666666666666e+2 2.0369999999999999e+2
    2.0380000000000001e+2 2.0380000000000001e+2 2.0388235294117646e+2 2.04e+2
    2.04e+2 2.04e+2 2.04e+2 2.04e+2 2.04e+2 2.04e+2 2.0413333333333333e+2
    2.0419999999999999e+2 2.0425e+2 2.0428571428571428e+2 2.0433333333333334e+2
    2.0441666666666666e+2 2.045e+2 2.045e+2 2.0457142857142858e+2
    2.0459999999999999e+2 2.0475e+2 2.0486666666666667e+2 2.05e+2 2.05e+2
    2.05e+2 2.05e+2 2.05e+2 2.05e+2 2.0509999999999999e+2 2.0525e+2
    2.0533333333333334e+2 2.0540000000000001e+2 2.0540000000000001e+2 2.055e+2
    2.0557142857142858e+2 2.0559999999999999e+2 2.0566666666666666e+2
    2.0573333333333332e+2 2.0580000000000001e+2 2.0591666666666666e+2 2.06e+2
    2.06e+2 2.06e+2 2.06e+2 2.06e+2 2.06e+2 2.0619999999999999e+2 2.0625e+2
    2.0633333333333334e+2 2.0640000000000001e+2 2.065e+2 2.065e+2
    2.0659999999999999e+2 2.0659999999999999e+2 2.0666666666666666e+2 2.0675e+2
    2.0680000000000001e+2 2.0683333333333334e+2 2.0692857142857142e+2 2.07e+2
    2.07e+2 2.07e+2 2.07e+2 2.07e+2 2.07e+2 2.07e+2 2.0716666666666666e+2
    2.0725e+2 2.0740000000000001e+2 2.0747058823529412e+2 2.075e+2 2.075e+2
    2.0759999999999999e+2 2.0766666666666666e+2 2.0769230769230768e+2
    2.0780000000000001e+2 2.0780000000000001e+2 2.0783333333333334e+2
    2.0783333333333334e+2 2.0793333333333334e+2 2.08e+2 2.08e+2 2.08e+2 2.08e+2
    2.08125e+2 2.0819999999999999e+2 2.0828571428571428e+2
    2.0842857142857142e+2 2.085e+2 2.0866666666666666e+2 2.0866666666666666e+2
    2.0875e+2 2.0875e+2 2.0880000000000001e+2 2.09e+2 2.09e+2 2.09e+2 2.09e+2
    2.09e+2 2.09e+2 2.09125e+2 2.0916666666666666e+2 2.0919999999999999e+2
    2.0925e+2 2.0933333333333334e+2 2.0941666666666666e+2 2.095e+2 2.095e+2
    2.095e+2 2.0959999999999999e+2 2.0971428571428572e+2 2.0980000000000001e+2
    2.09875e+2 2.1e+2 2.1e+2 2.1e+2 2.1e+2 2.1005882352941177e+2
    2.1019999999999999e+2 2.1030000000000001e+2 2.1040000000000001e+2 2.105e+2
    2.105e+2 2.10625e+2 2.1076470588235293e+2 2.1085714285714286e+2 2.11e+2
    2.11e+2 2.11e+2 2.1111764705882354e+2 2.1133333333333334e+2
    2.1140000000000001e+2 2.1141666666666666e+2 2.115e+2 2.1159999999999999e+2
    2.1159999999999999e+2 2.1175e+2 2.1180000000000001e+2 2.1180000000000001e+2
    2.1190000000000001e+2 2.12e+2 2.12e+2 2.12e+2 2.12e+2 2.12e+2 2.12e+2
    2.12e+2 2.12e+2 2.12e+2 2.1209999999999999e+2 2.1225e+2
    2.1233333333333334e+2 2.1233333333333334e+2 2.1240000000000001e+2 2.125e+2
    2.125e+2 2.125e+2 2.1266666666666666e+2 2.1280000000000001e+2
    2.1284999999999999e+2 2.13e+2 2.13e+2 2.13e+2 2.13e+2 2.13e+2 2.13e+2
    2.1309999999999999e+2 2.1314285714285714e+2 2.1325e+2 2.1340000000000001e+2
    2.1342857142857142e+2 2.135e+2 2.135e+2 2.1359999999999999e+2 2.1375e+2
    2.1385714285714286e+2 2.14e+2 2.14e+2 2.14e+2 2.14e+2 2.14125e+2 2.1425e+2
    2.1433333333333334e+2 2.1440000000000001e+2 2.145e+2 2.145e+2
    2.1459999999999999e+2 2.1475e+2 2.1480000000000001e+2 2.1491666666666666e+2
    2.15e+2 2.15e+2 2.1505263157894737e+2 2.1525e+2 2.1530000000000001e+2
    2.1542857142857142e+2 2.155e+2 2.1557142857142858e+2 2.1557142857142858e+2
    2.1559999999999999e+2 2.1559999999999999e+2 2.1580000000000001e+2
    2.1591666666666666e+2 2.16e+2 2.16e+2 2.16e+2 2.16e+2 2.1611111111111111e+2
    2.1628571428571428e+2 2.1633333333333334e+2 2.1640000000000001e+2
    2.1647058823529412e+2 2.165e+2 2.1658333333333334e+2 2.1666666666666666e+2
    2.1680000000000001e+2 2.1693333333333334e+2 2.17e+2 2.17e+2 2.17e+2 2.17e+2
    2.17e+2 2.1709999999999999e+2 2.1730000000000001e+2 2.1740000000000001e+2
    2.175e+2 2.175e+2 2.1759999999999999e+2 2.1766666666666666e+2 2.1775e+2
    2.1785714285714286e+2 2.18e+2 2.18e+2 2.18e+2 2.18e+2 2.1819999999999999e+2
    2.1823076923076923e+2 2.1828571428571428e+2 2.1833333333333334e+2
    2.1844444444444446e+2 2.1859999999999999e+2 2.1875e+2 2.1880000000000001e+2
    2.19e+2 2.19e+2 2.19e+2 2.19e+2 2.19e+2 2.19e+2 2.19e+2
    2.1916666666666666e+2 2.1933333333333334e+2 2.1940000000000001e+2 2.195e+2
    2.1966666666666666e+2 2.1980000000000001e+2 2.1993333333333334e+2 2.2e+2
    2.2e+2 2.2e+2 2.2009999999999999e+2 2.2025e+2 2.2035714285714286e+2
    2.205e+2 2.2058333333333334e+2 2.2069999999999999e+2 2.2075e+2 2.2075e+2
    2.2080000000000001e+2 2.21e+2 2.21e+2 2.21e+2 2.21e+2 2.2122222222222223e+2
    2.2133333333333334e+2 2.2140000000000001e+2 2.2140000000000001e+2 2.215e+2
    2.2159999999999999e+2 2.2180000000000001e+2 2.22e+2 2.22e+2 2.22e+2 2.22e+2
    2.22e+2 2.22e+2 2.2208333333333334e+2 2.2233333333333334e+2
    2.2233333333333334e+2 2.2240000000000001e+2 2.2252941176470588e+2
    2.2259999999999999e+2 2.2266666666666666e+2 2.2280000000000001e+2 2.23e+2
    2.23e+2 2.23e+2 2.2319999999999999e+2 2.2340000000000001e+2 2.235e+2
    2.2359999999999999e+2 2.2366666666666666e+2 2.2383333333333334e+2 2.24e+2
    2.24e+2 2.24e+2 2.24e+2 2.2409999999999999e+2 2.2428571428571428e+2
    2.245e+2 2.2463636363636363e+2 2.2475e+2 2.25e+2 2.2516666666666666e+2
    2.2525e+2 2.2540000000000001e+2 2.255e+2 2.2559999999999999e+2
    2.2566666666666666e+2 2.2580000000000001e+2 2.26e+2 2.26e+2
    2.2633333333333334e+2 2.2633333333333334e+2 2.2640000000000001e+2 2.265e+2
    2.2659999999999999e+2 2.2680000000000001e+2 2.2683333333333334e+2 2.27e+2
    2.27e+2 2.27e+2 2.2730000000000001e+2 2.2740000000000001e+2
    2.2740000000000001e+2 2.275e+2 2.2759999999999999e+2 2.2783333333333334e+2
    2.2793333333333334e+2 2.28e+2 2.28e+2 2.28e+2 2.2825e+2 2.2825e+2
    2.2830000000000001e+2 2.28375e+2 2.285e+2 2.2866666666666666e+2
    2.2870588235294119e+2 2.2880000000000001e+2 2.29e+2 2.29e+2 2.29e+2 2.29e+2
    2.2919999999999999e+2 2.2933333333333334e+2 2.2941666666666666e+2
    2.2953846153846155e+2 2.2971428571428572e+2 2.2975e+2 2.2975e+2
    2.2990000000000001e+2 2.3e+2 2.3e+2 2.3e+2 2.3e+2 2.3019999999999999e+2
    2.3033333333333334e+2 2.3040000000000001e+2 2.305e+2 2.305e+2
    2.3080000000000001e+2 2.3083333333333334e+2 2.3090000000000001e+2 2.31e+2
    2.31e+2 2.31e+2 2.3119999999999999e+2 2.3125e+2 2.3141666666666666e+2
    2.315e+2 2.315e+2 2.3173333333333332e+2 2.3180000000000001e+2
    2.3183333333333334e+2 2.32e+2 2.32e+2 2.3209999999999999e+2
    2.3233333333333334e+2 2.3240000000000001e+2 2.325e+2 2.33e+2 2.33e+2
    2.33e+2 2.3319999999999999e+2 2.3333333333333334e+2 2.335e+2 2.33625e+2
    2.3380000000000001e+2 2.3391666666666666e+2 2.34e+2 2.34e+2 2.34e+2
    2.3419999999999999e+2 2.3425e+2 2.345e+2 2.3458333333333334e+2
    2.3459999999999999e+2 2.3466666666666666e+2 2.3480000000000001e+2 2.35e+2
    2.35e+2 2.35e+2 2.3540000000000001e+2 2.3546666666666667e+2
    2.3559999999999999e+2 2.3580000000000001e+2 2.3583333333333334e+2 2.36e+2
    2.36e+2 2.36e+2 2.36e+2 2.36e+2 2.3606666666666666e+2 2.3630769230769232e+2
    2.3633333333333334e+2 2.3640000000000001e+2 2.3655555555555554e+2
    2.3669999999999999e+2 2.37e+2 2.37e+2 2.37e+2 2.37e+2 2.3725e+2
    2.3740000000000001e+2 2.375e+2 2.3759999999999999e+2 2.3775e+2 2.38e+2
    2.38e+2 2.3819999999999999e+2 2.3859999999999999e+2 2.3888888888888889e+2
    2.39e+2 2.39e+2 2.3919999999999999e+2 2.3925e+2 2.395e+2 2.4e+2 2.4e+2
    2.4009999999999999e+2 2.4019999999999999e+2 2.4040000000000001e+2
    2.4059999999999999e+2 2.4066666666666666e+2 2.4083333333333334e+2 2.41e+2
    2.41e+2 2.41e+2 2.4125e+2 2.4159999999999999e+2 2.4175e+2
    2.4183333333333334e+2 2.42e+2 2.4216666666666666e+2 2.4233333333333334e+2
    2.425e+2 2.4253333333333333e+2 2.4275e+2 2.4280000000000001e+2 2.43e+2
    2.43e+2 2.4309999999999999e+2 2.4326666666666668e+2 2.435e+2 2.435e+2
    2.4366666666666666e+2 2.4390000000000001e+2 2.44e+2 2.4415384615384616e+2
    2.445e+2 2.4459999999999999e+2 2.4480000000000001e+2 2.45e+2
    2.4519999999999999e+2 2.455e+2 2.455e+2 2.455e+2 2.4566666666666666e+2
    2.46e+2 2.46e+2 2.4616666666666666e+2 2.4633333333333334e+2 2.46625e+2
    2.46875e+2 2.47e+2 2.47e+2 2.4719999999999999e+2 2.4740000000000001e+2
    2.4759999999999999e+2 2.4780000000000001e+2 2.48e+2 2.4822222222222223e+2
    2.485e+2 2.485e+2 2.485e+2 2.485e+2 2.485e+2 2.4880000000000001e+2
    2.48875e+2 2.49e+2 2.49e+2 2.4919999999999999e+2 2.4940000000000001e+2
    2.4980000000000001e+2 2.5e+2 2.5008333333333334e+2 2.5040000000000001e+2
    2.5059999999999999e+2 2.5080000000000001e+2 2.51e+2 2.51e+2 2.51e+2
    2.5119999999999999e+2 2.5138461538461539e+2 2.5144444444444446e+2
    2.5159999999999999e+2 2.52e+2 2.52e+2 2.52e+2 2.52e+2 2.52e+2
    2.5233333333333334e+2 2.5246153846153845e+2 2.5275e+2 2.53e+2 2.53e+2
    2.53e+2 2.53e+2 2.5309999999999999e+2 2.5359999999999999e+2
    2.5380000000000001e+2 2.54e+2 2.54e+2 2.5440000000000001e+2
    2.5466666666666666e+2 2.5490000000000001e+2 2.55e+2 2.5540000000000001e+2
    2.555e+2 2.56e+2 2.56e+2 2.56e+2 2.5619999999999999e+2 2.565e+2
    2.5684615384615387e+2 2.57e+2 2.5730000000000001e+2 2.575e+2
    2.5760000000000002e+2 2.57875e+2 2.58e+2 2.58e+2 2.5826666666666665e+2
    2.585e+2 2.585e+2 2.5860000000000002e+2 2.5884615384615387e+2 2.59e+2
    2.5925e+2 2.595e+2 2.5980000000000001e+2 2.6e+2 2.6e+2 2.6e+2
    2.6030000000000001e+2 2.6060000000000002e+2 2.60875e+2 2.61e+2 2.61e+2
    2.6107692307692309e+2 2.6146153846153845e+2 2.6160000000000002e+2
    2.6180000000000001e+2 2.62e+2 2.62e+2 2.62375e+2 2.6260000000000002e+2
    2.6280000000000001e+2 2.63e+2 2.6314285714285717e+2 2.635e+2 2.64e+2
    2.6471428571428572e+2 2.65e+2 2.65e+2 2.65e+2 2.6519999999999999e+2
    2.6554545454545456e+2 2.6610000000000002e+2 2.6647058823529414e+2
    2.6680000000000001e+2 2.67e+2 2.6710000000000002e+2 2.6760000000000002e+2
    2.68e+2 2.6839999999999998e+2 2.6860000000000002e+2 2.69e+2
    2.6939999999999998e+2 2.6960000000000002e+2 2.6980000000000001e+2 2.7e+2
    2.7022222222222223e+2 2.7089999999999998e+2 2.7119999999999999e+2
    2.7180000000000001e+2 2.72e+2 2.7239999999999998e+2 2.73e+2
    2.7319999999999999e+2 2.7360000000000002e+2 2.7380000000000001e+2 2.74e+2
    2.74e+2 2.7439999999999998e+2 2.75e+2 2.7519999999999999e+2 2.755e+2
    2.76e+2 2.76e+2 2.7639999999999998e+2 2.7666666666666669e+2 2.77e+2
    2.7739999999999998e+2 2.7761538461538464e+2 2.78e+2 2.78375e+2 2.7875e+2
    2.795e+2 2.8e+2 2.8e+2 2.8e+2 2.805e+2 2.81e+2 2.8123076923076923e+2
    2.82e+2 2.83e+2 2.84e+2 2.84875e+2 2.85e+2 2.86e+2 2.87e+2 2.88e+2 2.88e+2
    2.8975e+2 2.9e+2 2.905e+2 2.91e+2 2.9160000000000002e+2 2.92e+2 2.93e+2
    2.94e+2 2.9476923076923077e+2 2.9575e+2 2.97e+2 2.9722222222222223e+2
    2.98e+2 2.9833333333333331e+2 2.99e+2 2.9975e+2 2.9975e+2 3.0e+2 3.0025e+2
    3.01e+2 3.02e+2 3.03e+2 3.0430769230769232e+2 3.05875e+2 3.06e+2 3.07e+2
    3.08e+2 3.085e+2 3.09e+2 3.1e+2 3.11e+2 3.1230769230769232e+2 3.1275e+2
    3.1307692307692309e+2 3.15e+2 3.16e+2 3.16e+2 3.17e+2 3.17e+2
    3.1790909090909093e+2 3.1890909090909093e+2 3.19e+2 3.2e+2 3.215e+2
    3.2244444444444446e+2 3.23e+2 3.23e+2 3.2384615384615387e+2 3.24125e+2
    3.25e+2 3.2622222222222223e+2 3.28375e+2 3.29e+2 3.31e+2
    3.3223076923076923e+2 3.3375e+2 3.35e+2 3.3584615384615387e+2
    3.3714285714285717e+2 3.3922222222222223e+2 3.41e+2 3.43e+2
    3.4438461538461536e+2 3.4514285714285717e+2 3.47e+2 3.5e+2 3.52e+2
    3.53625e+2 3.5533333333333331e+2 3.5671428571428572e+2
    3.5811111111111109e+2 3.61e+2 3.63e+2 3.64e+2 3.6564285714285717e+2 3.68e+2
    3.7e+2 3.735e+2 3.7560000000000002e+2 3.8e+2 3.82e+2 3.8578571428571428e+2
    3.885e+2 3.9089999999999998e+2 3.9489999999999998e+2 4.005e+2 4.05e+2
    4.0822222222222223e+2 4.1311111111111109e+2 4.17e+2 4.2576923076923077e+2
    4.3636363636363637e+2 4.41e+2 4.5255555555555554e+2 4.54e+2
    4.6463636363636363e+2 4.7089999999999998e+2 4.8060000000000002e+2
    4.9128571428571428e+2 5.0e+2 5.0e+2 5.0e+2 5.0e+2 5.0e+2 5.0e+2 5.0e+2
    5.0e+2 5.0e+2 5.0e+2 5.0e+2 5.0e+2 5.0e+2 5.0e+2 5.0e+2 5.0e+2 5.0e+2
    5.0e+2 5.0e+2 5.0e+2 5.0e+2 5.0e+2 5.0e+2 5.0e+2 5.0e+2 5.0e+2 5.0e+2
    5.03e+2 5.03e+2 5.03e+2 5.03e+2 5.03e+2 5.03e+2 5.03e+2 5.03e+2 5.03e+2
    5.03e+2 5.03e+2 5.03e+2 5.03e+2 5.03e+2 5.03e+2 5.03e+2 5.03e+2 5.03e+2
    5.03e+2 5.03e+2 5.03e+2 5.03e+2 5.03e+2 5.03e+2 5.03e+2 5.03e+2 5.03e+2
    5.03e+2 5.03e+2 5.03e+2 5.03e+2 5.03e+2 5.03e+2 5.03e+2
    5.0342857142857144e+2 5.04e+2 5.04e+2 5.04e+2 5.04e+2 5.04e+2 5.04e+2
    5.04e+2 5.04e+2 5.04e+2 5.04e+2 5.04e+2 5.04e+2 5.04e+2 5.04e+2 5.04e+2
    5.04e+2 5.04e+2 5.06e+2 5.06e+2 5.06e+2 5.06e+2 5.06e+2 5.06e+2 5.06e+2
    5.06e+2 5.06e+2 5.06e+2 5.06e+2 5.06e+2 5.06e+2 5.06e+2 5.06e+2 5.06e+2
    5.06e+2 5.06e+2 5.06e+2 5.06e+2 5.06e+2 5.06e+2 5.06e+2 5.06e+2 5.06e+2
    5.06e+2 5.06e+2 5.06e+2 5.06e+2 5.06e+2 5.06e+2 5.06e+2
    5.0830000000000001e+2 5.34e+2 5.3466666666666663e+2 5.3466666666666663e+2
    5.3466666666666663e+2 5.3466666666666663e+2 5.3466666666666663e+2 5.35e+2
    5.4e+2 5.47e+2 5.475e+2 5.4783333333333337e+2 5.4783333333333337e+2
    5.4783333333333337e+2 5.4783333333333337e+2 5.4783333333333337e+2
    5.4783333333333337e+2 5.4783333333333337e+2 5.4783333333333337e+2
    5.4783333333333337e+2 5.4816666666666663e+2 5.4816666666666663e+2
    5.4816666666666663e+2 5.4816666666666663e+2 5.4816666666666663e+2
    5.4816666666666663e+2 5.4816666666666663e+2 5.4816666666666663e+2
    5.4816666666666663e+2 5.4816666666666663e+2 5.4816666666666663e+2
    5.4816666666666663e+2 5.4816666666666663e+2 5.4816666666666663e+2
    5.4816666666666663e+2 5.4816666666666663e+2 5.4816666666666663e+2
    5.4816666666666663e+2 5.4816666666666663e+2 5.4816666666666663e+2
    5.4816666666666663e+2 5.4816666666666663e+2 5.4816666666666663e+2
    5.4816666666666663e+2 5.4816666666666663e+2 5.4816666666666663e+2
    5.4816666666666663e+2 5.4816666666666663e+2 5.4816666666666663e+2
    5.4816666666666663e+2 5.4816666666666663e+2 5.4816666666666663e+2
    5.4816666666666663e+2 5.4816666666666663e+2 5.4816666666666663e+2
    5.4816666666666663e+2 5.4816666666666663e+2 5.4816666666666663e+2
    5.4816666666666663e+2 5.4816666666666663e+2 5.4816666666666663e+2
    5.4816666666666663e+2 5.4816666666666663e+2 5.4816666666666663e+2
    5.4816666666666663e+2 5.4816666666666663e+2 5.4816666666666663e+2
    5.4816666666666663e+2 5.4816666666666663e+2 5.4816666666666663e+2
    5.4816666666666663e+2 5.4816666666666663e+2 5.4816666666666663e+2
    5.4816666666666663e+2 5.4816666666666663e+2 5.4816666666666663e+2
    5.4816666666666663e+2 5.4816666666666663e+2 5.4816666666666663e+2
    5.4816666666666663e+2 5.4816666666666663e+2 5.4816666666666663e+2
    5.4816666666666663e+2 5.4816666666666663e+2 5.4816666666666663e+2
    5.4816666666666663e+2 5.4816666666666663e+2 5.4816666666666663e+2
    5.4816666666666663e+2 5.4816666666666663e+2 5.4816666666666663e+2
    5.4816666666666663e+2 5.4816666666666663e+2 5.4816666666666663e+2
    5.4816666666666663e+2 5.4816666666666663e+2 5.4816666666666663e+2
    5.4816666666666663e+2 5.4816666666666663e+2 5.4816666666666663e+2
    5.4816666666666663e+2 5.4816666666666663e+2 5.4816666666666663e+2
    5.4816666666666663e+2 5.4816666666666663e+2 5.4816666666666663e+2
    5.4833333333333337e+2 5.4833333333333337e+2 5.4833333333333337e+2
    5.4833333333333337e+2 5.4833333333333337e+2 5.4833333333333337e+2
    5.4833333333333337e+2 5.4833333333333337e+2 5.485e+2 5.485e+2 5.485e+2
    5.485e+2 5.485e+2 5.485e+2 5.485e+2 5.485e+2 5.485e+2 5.485e+2 5.485e+2
    5.485e+2 5.485e+2 5.485e+2 5.485e+2 5.485e+2 5.485e+2 5.485e+2 5.485e+2
    5.485e+2 5.485e+2 5.485e+2 5.485e+2 5.485e+2 5.485e+2 5.485e+2 5.485e+2
    5.485e+2 5.485e+2 5.485e+2 5.485e+2 5.485e+2 5.485e+2 5.485e+2 5.485e+2
    5.485e+2 5.485e+2 5.485e+2 5.485e+2 5.485e+2 5.485e+2 5.485e+2 5.485e+2
    5.485e+2 5.485e+2 5.485e+2 5.485e+2 5.485e+2 5.485e+2 5.485e+2 5.485e+2
    5.485e+2 5.485e+2 5.485e+2 5.485e+2 5.485e+2 5.485e+2 5.485e+2 5.485e+2
    5.485e+2 5.485e+2 5.485e+2 5.485e+2 5.485e+2 5.485e+2 5.485e+2 5.485e+2
    5.485e+2 5.485e+2 5.485e+2 5.485e+2 5.485e+2 5.485e+2 5.485e+2 5.485e+2
    5.485e+2 5.485e+2 5.485e+2 5.485e+2 5.485e+2 5.485e+2 5.485e+2 5.485e+2
    5.485e+2 5.485e+2 5.485e+2 5.485e+2 5.485e+2 5.485e+2 5.485e+2 5.485e+2
    5.485e+2 5.485e+2 5.485e+2 5.485e+2 5.485e+2 5.485e+2 5.485e+2 5.485e+2
    5.485e+2 5.485e+2 5.485e+2 5.485e+2 5.485e+2 5.485e+2 5.485e+2 5.485e+2
    5.485e+2 5.485e+2 5.485e+2 5.485e+2 5.485e+2 5.485e+2 5.485e+2 5.485e+2
    5.485e+2 5.485e+2 5.485e+2 5.485e+2 5.485e+2 5.485e+2 5.485e+2 5.485e+2
    5.485e+2 5.485e+2 5.485e+2 5.485e+2 5.485e+2 5.485e+2 5.485e+2 5.485e+2
    5.485e+2 5.485e+2 5.485e+2 5.485e+2 5.485e+2 5.485e+2 5.485e+2 5.485e+2
    5.485e+2 5.485e+2 5.485e+2 5.485e+2 5.485e+2 5.485e+2 5.485e+2 5.485e+2
    5.485e+2 5.485e+2 5.485e+2 5.485e+2 5.485e+2 5.485e+2 5.485e+2 5.485e+2
    5.485e+2 5.485e+2 5.485e+2 5.485e+2 5.485e+2 5.485e+2 5.485e+2 5.485e+2
    5.485e+2 5.485e+2 5.485e+2 5.485e+2 5.485e+2 5.485e+2 5.485e+2 5.485e+2
    5.485e+2 5.485e+2 5.485e+2 5.485e+2 5.485e+2 5.485e+2 5.485e+2 5.485e+2
    5.485e+2 5.485e+2 5.485e+2 5.485e+2 5.485e+2 5.485e+2 5.485e+2 5.485e+2
    5.485e+2 5.485e+2 5.485e+2 5.485e+2 5.485e+2 5.485e+2 5.485e+2 5.485e+2
    5.485e+2 5.485e+2 5.485e+2 5.485e+2 5.485e+2 5.485e+2 5.485e+2 5.485e+2
    5.485e+2 5.485e+2 5.485e+2 5.485e+2 5.485e+2 5.485e+2 5.485e+2 5.485e+2
    5.485e+2 5.485e+2 5.485e+2 5.485e+2 5.485e+2 5.485e+2 5.485e+2 5.485e+2
    5.485e+2 5.485e+2 5.485e+2 5.485e+2 5.485e+2 5.485e+2 5.485e+2 5.485e+2
    5.485e+2 5.485e+2 5.485e+2 5.485e+2 5.485e+2 5.485e+2 5.485e+2 5.485e+2
    5.485e+2 5.485e+2 5.485e+2 5.485e+2 5.485e+2 5.485e+2 5.485e+2 5.485e+2
    5.485e+2 5.485e+2 5.485e+2 5.485e+2 5.485e+2 5.485e+2 5.485e+2 5.485e+2
    5.485e+2 5.485e+2 5.485e+2 5.485e+2 5.485e+2 5.485e+2 5.485e+2 5.485e+2
    5.485e+2 5.485e+2 5.485e+2 5.485e+2 5.485e+2 5.485e+2 5.485e+2 5.485e+2
    5.485e+2 5.485e+2 5.485e+2 5.485e+2 5.485e+2 5.485e+2 5.485e+2 5.485e+2
    5.485e+2 5.485e+2 5.485e+2 5.485e+2 5.485e+2 5.485e+2 5.485e+2 5.485e+2
    5.485e+2 5.485e+2 5.485e+2 5.485e+2 5.485e+2 5.485e+2 5.485e+2 5.485e+2
    5.485e+2 5.485e+2 5.485e+2 5.485e+2 5.485e+2 5.485e+2 5.485e+2 5.485e+2
    5.485e+2 5.485e+2 5.485e+2 5.485e+2 5.485e+2 5.485e+2 5.485e+2 5.485e+2
    5.485e+2 5.485e+2 5.485e+2 5.485e+2 5.485e+2 5.485e+2 5.485e+2 5.485e+2
    5.485e+2 5.485e+2 5.485e+2 5.485e+2 5.485e+2 5.485e+2 5.485e+2 5.485e+2
    5.485e+2 5.485e+2 5.485e+2 5.485e+2 5.485e+2 5.485e+2 5.485e+2 5.485e+2
    5.485e+2 5.485e+2 5.485e+2 5.485e+2 5.485e+2 5.485e+2 5.485e+2 5.485e+2
    5.485e+2 5.485e+2 5.485e+2 5.485e+2 5.485e+2 5.485e+2 5.485e+2 5.485e+2
    5.485e+2 5.485e+2 5.485e+2 5.485e+2 5.485e+2 5.485e+2 5.485e+2 5.485e+2
    5.485e+2 5.485e+2 5.485e+2 5.485e+2 5.485e+2 5.485e+2 5.485e+2 5.485e+2
    5.485e+2 5.485e+2 5.485e+2 5.485e+2 5.485e+2 5.4866666666666663e+2
    5.4866666666666663e+2 5.4866666666666663e+2 5.4866666666666663e+2
    5.4866666666666663e+2 5.4866666666666663e+2 5.4866666666666663e+2
    5.4866666666666663e+2 5.4866666666666663e+2 5.4866666666666663e+2
    5.4866666666666663e+2 5.4866666666666663e+2 5.4866666666666663e+2
    5.4883333333333337e+2 5.4883333333333337e+2 5.4883333333333337e+2
    5.4883333333333337e+2 5.4883333333333337e+2 5.4883333333333337e+2
    5.4883333333333337e+2 5.4883333333333337e+2 5.4883333333333337e+2
    5.4883333333333337e+2 5.4883333333333337e+2 5.4883333333333337e+2
    5.4883333333333337e+2 5.4883333333333337e+2 5.4883333333333337e+2
    5.4883333333333337e+2 5.4883333333333337e+2 5.4883333333333337e+2
    5.4883333333333337e+2 5.4883333333333337e+2 5.4883333333333337e+2
    5.4883333333333337e+2 5.4883333333333337e+2 5.4883333333333337e+2
    5.4883333333333337e+2 5.4883333333333337e+2 5.4883333333333337e+2
    5.4883333333333337e+2 5.4883333333333337e+2 5.4883333333333337e+2
    5.4883333333333337e+2 5.4883333333333337e+2 5.4883333333333337e+2
    5.4883333333333337e+2 5.4883333333333337e+2 5.4883333333333337e+2
    5.4883333333333337e+2 5.4883333333333337e+2 5.4883333333333337e+2
    5.4883333333333337e+2 5.4883333333333337e+2 5.4883333333333337e+2
    5.4883333333333337e+2 5.4883333333333337e+2 5.4883333333333337e+2
    5.4883333333333337e+2 5.4883333333333337e+2 5.4883333333333337e+2
    5.4883333333333337e+2 5.4883333333333337e+2 5.4883333333333337e+2
    5.4883333333333337e+2 5.4883333333333337e+2 5.4883333333333337e+2
    5.4883333333333337e+2 5.4883333333333337e+2 5.4883333333333337e+2
    5.4883333333333337e+2 5.4883333333333337e+2 5.4883333333333337e+2
    5.4883333333333337e+2 5.4883333333333337e+2 5.4883333333333337e+2
    5.4883333333333337e+2 5.4883333333333337e+2 5.4883333333333337e+2
    5.4883333333333337e+2 5.4883333333333337e+2 5.4883333333333337e+2
    5.4883333333333337e+2 5.4883333333333337e+2 5.4883333333333337e+2
    5.4883333333333337e+2 5.4883333333333337e+2 5.4883333333333337e+2
    5.4883333333333337e+2 5.4883333333333337e+2 5.4883333333333337e+2
    5.4883333333333337e+2 5.4883333333333337e+2 5.4883333333333337e+2
    5.4883333333333337e+2 5.4883333333333337e+2 5.4883333333333337e+2
    5.4883333333333337e+2 5.4883333333333337e+2 5.4883333333333337e+2
    5.4883333333333337e+2 5.4883333333333337e+2 5.4883333333333337e+2
    5.4883333333333337e+2 5.4883333333333337e+2 5.4883333333333337e+2
    5.4883333333333337e+2 5.4883333333333337e+2 5.4883333333333337e+2
    5.4883333333333337e+2 5.4883333333333337e+2 5.4883333333333337e+2
    5.4883333333333337e+2 5.4883333333333337e+2 5.4883333333333337e+2
    5.4883333333333337e+2 5.4883333333333337e+2 5.4883333333333337e+2
    5.4883333333333337e+2 5.4883333333333337e+2 5.4883333333333337e+2
    5.4883333333333337e+2 5.4916666666666663e+2 5.4916666666666663e+2
    5.4916666666666663e+2 5.4916666666666663e+2 5.4916666666666663e+2
    5.4916666666666663e+2 5.4916666666666663e+2 5.4916666666666663e+2
    5.5133333333333337e+2 5.5133333333333337e+2 5.5133333333333337e+2
    5.5133333333333337e+2 5.5133333333333337e+2 5.5133333333333337e+2
    5.5133333333333337e+2 5.5133333333333337e+2 5.5133333333333337e+2
    5.5133333333333337e+2 5.5133333333333337e+2 5.5133333333333337e+2
    5.5133333333333337e+2 5.5133333333333337e+2 5.5133333333333337e+2
    5.5133333333333337e+2 5.5133333333333337e+2 5.5133333333333337e+2
    5.5133333333333337e+2 5.5133333333333337e+2 5.5133333333333337e+2
    5.5133333333333337e+2 5.5133333333333337e+2 5.5133333333333337e+2
    5.5133333333333337e+2 5.5133333333333337e+2 5.5133333333333337e+2
    5.5133333333333337e+2 5.5133333333333337e+2 5.5133333333333337e+2
    5.5133333333333337e+2 5.5133333333333337e+2 5.5133333333333337e+2
    5.5133333333333337e+2 5.5133333333333337e+2 5.5133333333333337e+2
    5.5133333333333337e+2 5.5133333333333337e+2 5.5133333333333337e+2
    5.5133333333333337e+2 5.5133333333333337e+2 5.5133333333333337e+2
    5.5133333333333337e+2 5.5133333333333337e+2 5.5133333333333337e+2
    5.5133333333333337e+2 5.5133333333333337e+2 5.5133333333333337e+2
    5.5133333333333337e+2 5.5133333333333337e+2 5.5133333333333337e+2
    5.5133333333333337e+2 5.5133333333333337e+2 5.5133333333333337e+2
    5.5133333333333337e+2 5.5133333333333337e+2 5.5133333333333337e+2
    5.5133333333333337e+2 5.5133333333333337e+2 5.5133333333333337e+2
    5.5133333333333337e+2 5.5133333333333337e+2 5.5133333333333337e+2
    5.5133333333333337e+2 5.5133333333333337e+2 5.5133333333333337e+2
    5.5133333333333337e+2 5.5133333333333337e+2 5.5133333333333337e+2
    5.5133333333333337e+2 5.5133333333333337e+2 5.5133333333333337e+2
    5.5133333333333337e+2 5.5133333333333337e+2 5.5133333333333337e+2
    5.5133333333333337e+2 5.5133333333333337e+2 5.5133333333333337e+2
    5.5133333333333337e+2 5.5133333333333337e+2 5.5133333333333337e+2
    5.5133333333333337e+2 5.5133333333333337e+2 5.5133333333333337e+2
    5.5133333333333337e+2 5.5133333333333337e+2 5.5133333333333337e+2
    5.5133333333333337e+2 5.5133333333333337e+2 5.5133333333333337e+2
    5.5133333333333337e+2 5.5133333333333337e+2 5.5133333333333337e+2
    5.5133333333333337e+2 5.5133333333333337e+2 5.5133333333333337e+2
    5.5133333333333337e+2 5.5133333333333337e+2 5.5133333333333337e+2
    5.5133333333333337e+2 5.5133333333333337e+2 5.5133333333333337e+2
    5.5133333333333337e+2 5.5133333333333337e+2 5.5133333333333337e+2
    5.5133333333333337e+2 5.5133333333333337e+2 5.5133333333333337e+2
    5.5133333333333337e+2 5.5133333333333337e+2 5.5133333333333337e+2
    5.5133333333333337e+2 5.5133333333333337e+2 5.5133333333333337e+2
    5.5133333333333337e+2 5.5133333333333337e+2 5.5133333333333337e+2
    5.5133333333333337e+2 5.5133333333333337e+2 5.5133333333333337e+2
    5.5133333333333337e+2 5.5133333333333337e+2 5.5133333333333337e+2
    5.5133333333333337e+2 5.5133333333333337e+2 5.5133333333333337e+2
    5.5133333333333337e+2 5.5133333333333337e+2 5.5133333333333337e+2
    5.5133333333333337e+2 5.5133333333333337e+2 5.5133333333333337e+2
    5.5133333333333337e+2 5.5133333333333337e+2 5.5133333333333337e+2
    5.5133333333333337e+2 5.5133333333333337e+2 5.5133333333333337e+2
    5.5133333333333337e+2 5.5133333333333337e+2 5.5133333333333337e+2
    5.5133333333333337e+2 5.5133333333333337e+2 5.5133333333333337e+2
    5.5133333333333337e+2 5.5133333333333337e+2 5.5133333333333337e+2
    5.5133333333333337e+2 5.5133333333333337e+2 5.5133333333333337e+2
    5.5133333333333337e+2 5.5133333333333337e+2 5.5133333333333337e+2
    5.5133333333333337e+2 5.5133333333333337e+2 5.5216666666666663e+2
    5.5533333333333337e+2 5.5566666666666663e+2 5.5566666666666663e+2
    5.5566666666666663e+2 5.5566666666666663e+2 5.5566666666666663e+2
    5.5566666666666663e+2 5.5566666666666663e+2 5.5566666666666663e+2
    5.5566666666666663e+2 5.5566666666666663e+2 5.5566666666666663e+2
    5.5566666666666663e+2 5.5566666666666663e+2 5.5566666666666663e+2
    5.5566666666666663e+2 5.5566666666666663e+2 5.5566666666666663e+2
    5.5566666666666663e+2 5.5566666666666663e+2 5.5566666666666663e+2
    5.5566666666666663e+2 5.5566666666666663e+2 5.5566666666666663e+2
    5.5566666666666663e+2 5.5583333333333337e+2 5.5583333333333337e+2
    5.5583333333333337e+2 5.5583333333333337e+2 5.56e+2 5.56e+2 5.56e+2 5.56e+2
    5.56e+2 5.56e+2 5.56e+2 5.56e+2 5.56e+2 5.56e+2 5.56e+2 5.56e+2 5.56e+2
    5.56e+2 5.56e+2 5.56e+2 5.56e+2 5.56e+2 5.56e+2 5.56e+2 5.56e+2 5.56e+2
    5.56e+2 5.56e+2 5.56e+2 5.56e+2 5.56e+2 5.56e+2 5.56e+2 5.56e+2 5.56e+2
    5.56e+2 5.56e+2 5.56e+2 5.56e+2 5.56e+2 5.56e+2 5.56e+2 5.56e+2 5.56e+2
    5.56e+2 5.56e+2 5.56e+2 5.56e+2 5.56e+2 5.56e+2 5.56e+2 5.56e+2 5.56e+2
    5.56e+2 5.56e+2 5.56e+2 5.56e+2 5.56e+2 5.56e+2 5.56e+2 5.56e+2 5.56e+2
    5.56e+2 5.56e+2 5.56e+2 5.56e+2 5.56e+2 5.56e+2 5.56e+2 5.56e+2 5.56e+2
    5.56e+2 5.56e+2 5.56e+2 5.56e+2 5.56e+2 5.56e+2 5.56e+2 5.56e+2 5.56e+2
    5.56e+2 5.56e+2 5.56e+2 5.56e+2 5.56e+2 5.56e+2 5.56e+2 5.56e+2 5.56e+2
    5.56e+2 5.56e+2 5.56e+2 5.56e+2 5.56e+2 5.56e+2 5.56e+2 5.56e+2 5.56e+2
    5.56e+2 5.56e+2 5.56e+2 5.56e+2 5.56e+2 5.56e+2 5.56e+2 5.56e+2 5.56e+2
    5.5633333333333337e+2 5.5633333333333337e+2 5.5633333333333337e+2
    5.5633333333333337e+2 5.5633333333333337e+2 5.5633333333333337e+2
    5.5633333333333337e+2 5.5633333333333337e+2 5.5633333333333337e+2
    5.5633333333333337e+2 5.5633333333333337e+2 5.5633333333333337e+2
    5.5633333333333337e+2 5.5633333333333337e+2 5.5633333333333337e+2
    5.5633333333333337e+2 5.5633333333333337e+2 5.5633333333333337e+2
    5.5633333333333337e+2 5.5633333333333337e+2 5.5633333333333337e+2
    5.5633333333333337e+2 5.5633333333333337e+2 5.5633333333333337e+2
    5.6166666666666663e+2 5.6166666666666663e+2 5.6233333333333337e+2
    5.6233333333333337e+2 5.6233333333333337e+2 5.6233333333333337e+2 5.63e+2
    5.6516666666666663e+2 5.68e+2 5.68e+2 5.7666666666666663e+2
    5.7733333333333337e+2 6.1033333333333337e+2 6.39625e+2
    6.4779999999999995e+2 6.4779999999999995e+2 6.4779999999999995e+2
    6.4779999999999995e+2 6.4779999999999995e+2 6.4779999999999995e+2
    6.4779999999999995e+2 6.4820000000000005e+2 6.5591304347826087e+2
    6.5720000000000005e+2 7.1e+2 7.61125e+2 8.0260000000000002e+2
    8.340344827586207e+2 8.669545454545455e+2 8.8881818181818187e+2
    9.0203125e+2 9.2291304347826087e+2 9.4531818181818187e+2
    9.6231818181818187e+2 9.745454545454545e+2 9.85e+2 1.00788e+3 1.0225e+3
    1.0286785714285713e+3 1.0390232558139535e+3 1.0507692307692307e+3
    1.0660714285714287e+3 1.0774642857142858e+3 1.0876129032258063e+3
    1.0946363636363637e+3 1.1022e+3 1.1090555555555557e+3 1.1138431372549019e+3
    1.1211470588235295e+3 1.1257547169811321e+3 1.1284489795918366e+3
    1.1336129032258063e+3 1.1379444444444443e+3 1.1434727272727273e+3
    1.1510925925925926e+3 1.1553589743589744e+3 1.159e+3 1.1655714285714287e+3
    1.169125e+3 1.1715250000000001e+3 1.1762162162162163e+3
    1.1795737704918033e+3 1.1810526315789473e+3 1.188765625e+3
    1.192409090909091e+3 1.1945116279069769e+3 1.1998307692307692e+3
    1.2045955056179776e+3 1.208703125e+3 1.2105409836065573e+3
    1.2132380952380952e+3 1.2171739130434783e+3 1.2190149253731342e+3 1.2215e+3
    1.2243478260869565e+3 1.2268666666666666e+3 1.2284347826086957e+3
    1.2299305555555557e+3 1.230671052631579e+3 1.2328108108108108e+3
    1.2360845070422536e+3 1.2390675675675675e+3 1.2427236842105262e+3
    1.2440599999999999e+3 1.2451919191919192e+3 1.2472432432432433e+3
    1.2483846153846155e+3 1.2504782608695652e+3 1.2509479166666667e+3
    1.2524025974025974e+3 1.2537866666666666e+3 1.2554124999999999e+3
    1.2565432098765432e+3 1.2581666666666667e+3 1.2596486486486488e+3
    1.2602815533980583e+3 1.2609272727272728e+3 1.262060975609756e+3
    1.2632307692307693e+3 1.2643859649122808e+3 1.2653875e+3
    1.2665128205128206e+3 1.2681587301587301e+3 1.2695344827586207e+3
    1.2708269230769231e+3 1.2727e+3 1.2742068965517242e+3 1.2754363636363637e+3
    1.2760740740740741e+3 1.2777032967032967e+3 1.2786507936507937e+3
    1.2811666666666667e+3 1.2816428571428571e+3 1.2822957746478874e+3
    1.2831735537190082e+3 1.2842698412698412e+3 1.2848833333333334e+3
    1.2854869565217391e+3 1.2858983050847457e+3 1.2865967741935483e+3
    1.2875517241379309e+3 1.2884461538461539e+3 1.2891610169491526e+3
    1.29075e+3 1.291247311827957e+3 1.2925e+3 1.2932686567164178e+3
    1.2936979166666667e+3 1.2942249999999999e+3 1.2950449438202247e+3
    1.2956470588235295e+3 1.297016129032258e+3 1.2982558139534883e+3
    1.299030303030303e+3 1.299855072463768e+3 1.3002747252747254e+3
    1.3006914893617022e+3 1.3013125e+3 1.302943820224719e+3
    1.3036060606060605e+3 1.304515625e+3 1.3048725490196077e+3
    1.3056494845360826e+3 1.30625e+3 1.3069117647058824e+3
    1.3075827814569536e+3 1.3082551020408164e+3 1.308969696969697e+3
    1.3094626865671642e+3 1.3106237623762377e+3 1.3115588235294117e+3
    1.3119528301886792e+3 1.3125e+3 1.3133157894736842e+3 1.3141290322580646e+3
    1.3143925233644859e+3 1.315e+3 1.3159014084507041e+3 1.3165980392156862e+3
    1.3171089108910892e+3 1.3178142857142857e+3 1.3185172413793102e+3
    1.3191818181818182e+3 1.3195799999999999e+3 1.3199930069930069e+3
    1.3202463768115942e+3 1.3213157894736842e+3 1.321921052631579e+3
    1.3223529411764705e+3 1.32271875e+3 1.3229903846153845e+3
    1.3237719298245613e+3 1.3244245283018868e+3 1.32525e+3
    1.3256764705882354e+3 1.3260654205607477e+3 1.3266428571428571e+3
    1.3269448275862069e+3 1.327424778761062e+3 1.3277619047619048e+3
    1.3284791666666667e+3 1.3288e+3 1.3294900662251655e+3 1.3303265306122448e+3
    1.3306216216216217e+3 1.3309826086956521e+3 1.3316224489795918e+3
    1.3318378378378379e+3 1.3322782608695652e+3 1.3328266666666666e+3
    1.333152380952381e+3 1.3335169491525423e+3 1.3341666666666667e+3
    1.3346830985915492e+3 1.3350256410256411e+3 1.3353741496598639e+3
    1.3360258620689656e+3 1.3366568047337278e+3 1.3369610389610389e+3
    1.3372179487179487e+3 1.3378455284552845e+3 1.338126050420168e+3 1.3383e+3
    1.3387619047619048e+3 1.3391923076923076e+3 1.3399756097560976e+3
    1.3403658536585365e+3 1.3412972972972973e+3 1.3415130434782609e+3
    1.3419130434782608e+3 1.3422916666666667e+3 1.3425294117647059e+3
    1.3429367088607594e+3 1.3431382113821139e+3 1.3437741935483871e+3
    1.3444186046511627e+3 1.3449801980198019e+3 1.3451932773109243e+3
    1.3457349397590363e+3 1.3461011235955057e+3 1.3465258620689656e+3
    1.3468699186991869e+3 1.3472741935483871e+3 1.3477e+3 1.3479460784313726e+3
    1.3482085889570553e+3 1.348664e+3 1.3490625e+3 1.3493220338983051e+3
    1.3498214285714287e+3 1.350090909090909e+3 1.3503837209302326e+3
    1.350953216374269e+3 1.3511777777777777e+3 1.3513714285714286e+3
    1.3515802469135801e+3 1.3519921875e+3 1.3523461538461538e+3
    1.3528085106382978e+3 1.3530574712643679e+3 1.3532592592592594e+3
    1.3538089887640449e+3 1.354375e+3 1.3548846153846155e+3
    1.3549895833333333e+3 1.3554580152671756e+3 1.355864e+3
    1.3562978723404256e+3 1.3564961832061069e+3 1.3569848484848485e+3
    1.3577348484848485e+3 1.3580344827586207e+3 1.3582790697674418e+3
    1.3585373134328358e+3 1.3589923664122136e+3 1.3593642857142856e+3
    1.3597518796992481e+3 1.3599720279720279e+3 1.3605111111111112e+3
    1.361010752688172e+3 1.3612117647058824e+3 1.3615454545454545e+3
    1.3620833333333333e+3 1.3623953488372092e+3 1.3630218978102189e+3
    1.3633510638297873e+3 1.3636432748538011e+3 1.3640652173913043e+3
    1.3643846153846155e+3 1.3646861313868612e+3 1.3648920863309352e+3
    1.36525e+3 1.3657142857142858e+3 1.366e+3 1.3665838926174497e+3
    1.3668666666666666e+3 1.3672121212121212e+3 1.3675913978494623e+3
    1.3679347826086957e+3 1.3683263888888889e+3 1.3685208333333333e+3
    1.3689019607843138e+3 1.3693398058252428e+3 1.3696603773584907e+3
    1.3699375e+3 1.3705108695652175e+3 1.3708308823529412e+3
    1.3712150537634409e+3 1.3716274509803923e+3 1.3717987012987012e+3
    1.3723440860215053e+3 1.373e+3 1.3732941176470588e+3 1.3737171052631579e+3
    1.3742083333333333e+3 1.3744742268041236e+3 1.3746732026143791e+3
    1.3748762886597938e+3 1.3755535714285713e+3 1.3759191919191919e+3
    1.3762269938650306e+3 1.3765724137931034e+3 1.3768545454545454e+3
    1.3771990049751244e+3 1.3777058823529412e+3 1.3780966183574878e+3
    1.3784444444444443e+3 1.3788666666666666e+3 1.3790483870967741e+3
    1.3794645161290323e+3 1.3801379310344828e+3 1.3806513761467891e+3
    1.3810180722891566e+3 1.3816333333333334e+3 1.3820961538461538e+3
    1.3823942307692307e+3 1.3831926605504586e+3 1.383625e+3 1.384e+3
    1.3842865168539327e+3 1.3846846846846847e+3 1.3850540540540539e+3
    1.3858245614035088e+3 1.3860413223140497e+3 1.3867699115044247e+3
    1.3873910614525139e+3 1.3876871165644172e+3 1.3884912280701753e+3
    1.3891935483870968e+3 1.3899333333333334e+3 1.3901437125748503e+3
    1.3903928571428571e+3 1.3909494382022472e+3 1.3913565217391304e+3
    1.3916752136752136e+3 1.391921875e+3 1.3922096069868996e+3
    1.3924639999999999e+3 1.3931694915254238e+3 1.3941005586592178e+3
    1.3946480446927374e+3 1.3951675675675676e+3 1.3955575221238937e+3
    1.3958651685393259e+3 1.3964117647058824e+3 1.3968548387096773e+3
    1.397248e+3 1.397672131147541e+3 1.3979677419354839e+3
    1.3985126050420167e+3 1.3988412698412699e+3 1.3990615384615385e+3
    1.3995671641791046e+3 1.4003846153846155e+3 1.4011056910569105e+3
    1.4014761904761904e+3 1.4025e+3 1.403724409448819e+3 1.4045481481481481e+3
    1.4058196721311476e+3 1.4068702290076335e+3 1.4076500000000001e+3
    1.4086363636363637e+3 1.409484375e+3 1.4109154929577464e+3
    1.4117037037037037e+3 1.4145e+3 1.4157857142857142e+3 1.4182278481012659e+3
    1.4206744186046512e+3 1.4361666666666667e+3 1.4582068965517242e+3 1.4635e+3
    1.473e+3 1.4784545454545455e+3 1.4859154929577464e+3 1.4885e+3
    1.4889032258064517e+3 1.4889032258064517e+3 1.4889032258064517e+3
    1.4889032258064517e+3 1.4889032258064517e+3 1.4889032258064517e+3
    1.4889032258064517e+3 1.4889032258064517e+3 1.4889032258064517e+3
    1.4889032258064517e+3 1.4889032258064517e+3 1.4889032258064517e+3
    1.4889032258064517e+3 1.4889032258064517e+3 1.4889032258064517e+3
    1.4896441717791411e+3 1.4920919540229886e+3 1.4929072164948454e+3
    1.4932142857142858e+3 1.4932549019607843e+3 1.4932549019607843e+3
    1.4932549019607843e+3 1.4932549019607843e+3 1.4932549019607843e+3
    1.4932549019607843e+3 1.4932549019607843e+3 1.4932549019607843e+3
    1.4932549019607843e+3 1.4932549019607843e+3 1.4932549019607843e+3
    1.4932549019607843e+3 1.4935334174022698e+3 1.4936687116564417e+3
    1.4937691373025516e+3 1.4939261285909713e+3 1.4939781181619255e+3
    1.4940796393688956e+3 1.4941435406698565e+3 1.4941968652037617e+3
    1.4942687306501548e+3 1.4943079564968518e+3 1.4943438530381536e+3
    1.494360655737705e+3 1.494360655737705e+3 1.494360655737705e+3
    1.494360655737705e+3 1.494360655737705e+3 1.494360655737705e+3
    1.494360655737705e+3 1.494360655737705e+3 1.494360655737705e+3
    1.494360655737705e+3 1.494360655737705e+3 1.494360655737705e+3
    1.494360655737705e+3 1.494360655737705e+3 1.4943693731594446e+3
    1.4943966402239851e+3 1.49441784989858e+3 1.4944454388984509e+3
    1.4944576604962583e+3 1.4944596143824908e+3 1.4944627766599597e+3
    1.4944785034460124e+3 1.4944887620406707e+3 1.4945031712473574e+3
    1.4945140865524252e+3 1.4945187990262375e+3 1.4945280752154611e+3
    1.494536175322726e+3 1.4945396825396826e+3 1.4945436215587438e+3
    1.4945468956406869e+3 1.494552426035503e+3 1.4945662211421629e+3
    1.4945720174032517e+3 1.4945783507446099e+3 1.4945826771653544e+3
    1.4945895953757226e+3 1.4945967631638932e+3 1.4946010086027884e+3
    1.4946051560379919e+3 1.4946097146097145e+3 1.4946140512631384e+3
    1.4946172939979654e+3 1.4946204342703249e+3 1.4946204342703249e+3
    1.4946204342703249e+3 1.4946204342703249e+3 1.4946204342703249e+3
    1.4946204342703249e+3 1.4946221206259891e+3 1.4946259895732767e+3
    1.4946275584206285e+3 1.4946275584206285e+3 1.4946275584206285e+3
    1.4946275584206285e+3 1.4946275584206285e+3 1.4946275584206285e+3
    1.4946275584206285e+3 1.4946275584206285e+3 1.4946275584206285e+3
    1.4946275584206285e+3 1.4946275584206285e+3 1.4946275584206285e+3
    1.4946275584206285e+3 1.4946275584206285e+3 1.4946308979012151e+3
    1.494634101097542e+3 1.4946365601729522e+3 1.4946371761854264e+3
    1.4946371761854264e+3 1.4946371761854264e+3 1.4946371761854264e+3
    1.4946371761854264e+3 1.4946371761854264e+3 1.4946371761854264e+3
    1.4946382280557834e+3 1.494641210710128e+3 1.4946429715950474e+3
    1.4946429715950474e+3 1.4946429715950474e+3 1.4946429715950474e+3
    1.4946429715950474e+3 1.4946429715950474e+3 1.4946429715950474e+3
    1.4946442884055489e+3 1.4946459143968871e+3 1.4946504997542193e+3
    1.4946528497409327e+3 1.4946561960106801e+3 1.4946591390261115e+3
    1.4946648685097775e+3 1.4946701097482246e+3 1.4946756901157614e+3
    1.4946807280149685e+3 1.4946895582956142e+3 1.4946951364175563e+3
    1.4947027531497899e+3 1.4947076923076922e+3 1.4947127761767531e+3
    1.4947160299330444e+3 1.4947212276214834e+3 1.4947257240204428e+3
    1.4947283990870558e+3 1.4947308533916848e+3 1.494738049713193e+3
    1.4947452264048009e+3 1.49475173370319e+3 1.4947538126361655e+3
    1.4947573270808909e+3 1.4947595212187159e+3 1.4947625526401036e+3
    1.4947645478961504e+3 1.4947670136108886e+3 1.4947713742875237e+3
    1.4947726475745178e+3 1.4947746835443038e+3 1.4947755102040817e+3
    1.4947769975327387e+3 1.4947784604264546e+3 1.4947796395826747e+3
    1.4947868113864427e+3 1.4947878787878788e+3 1.4947878787878788e+3
    1.4947878787878788e+3 1.4947878787878788e+3 1.4947878787878788e+3
    1.4947878787878788e+3 1.4947878787878788e+3 1.4947878787878788e+3
    1.4947878787878788e+3 1.4947878787878788e+3 1.4947878787878788e+3
    1.4947878787878788e+3 1.4947878787878788e+3 1.4947878787878788e+3
    1.4947878787878788e+3 1.4947878787878788e+3 1.4947878787878788e+3
    1.4947878787878788e+3 1.4947878787878788e+3 1.4947878787878788e+3
    1.4947878787878788e+3 1.4947878787878788e+3 1.4947878787878788e+3
    1.4947878787878788e+3 1.4947878787878788e+3 1.4947878787878788e+3
    1.4947878787878788e+3 1.4947878787878788e+3 1.4947878787878788e+3
    1.4947878787878788e+3 1.4947878787878788e+3 1.4947878787878788e+3
    1.4947878787878788e+3 1.4947878787878788e+3 1.4947878787878788e+3 1.5e+3),
    winSize: 6.0e+1, binSize: 1.0e+1, tStart: 0.0, tEnd: 7.211e+3, binStart:
    7.211e+3, maxBLsize: 1.0e+4 >
Bye.
