		     \||||||||||||||||||/
		   --- Welcome to Maude ---
		     /||||||||||||||||||\
	     Maude 3.5 built: Sep 25 2024 12:00:00
	     Copyright 1997-2024 SRI International
		   Mon Aug 17 01:14:37 2026
Warning: "smc_cp3-refactored.maude", line 140 (mod SMC_CP3): multiple distinct
    parses for statement
eq sumDiff (F F' FL) = (F' - F) + sumDiff (F' FL) .
Warning: "smc_cp3-refactored.maude", line 145 (mod SMC_CP3): multiple distinct
    parses for statement
eq avgDiff (FL) = if (len (FL) == 1) then 0.0 else sumDiff (FL) / float (len (
    FL) - 1) fi .
Warning: "smc_cp3-refactored.maude", line 150 (mod SMC_CP3): multiple distinct
    parses for statement
eq sumSquaredDiff (F FL, F') = (F - F') * (F - F') + sumSquaredDiff (FL, F') .
Warning: "smc_cp3-refactored.maude", line 225 (mod SMC_CP3): multiple distinct
    parses for statement
eq compLatency (Tsent, Trcvd) = Trcvd - Tsent .
Warning: "smc_cp3-refactored.maude", line 291 (mod SMC_CP3): multiple distinct
    parses for statement
eq getGoodput (< ADDR : IrcMonitor | msgRcvd: ircMTL, attrs >, Tstart, Tend) =
    collectGoodput (filterWindow (ircMTL, Tstart, Tend), Tstart, Tend) * 8.0 /
    (Tend - Tstart) .
Warning: "smc_cp3-refactored.maude", line 381 (mod SMC_CP3): multiple distinct
    parses for statement
eq normMED (NL, NL') = if max (lenMsgIdList (NL), lenMsgIdList (NL')) == 0 then
    1.0 else 1.0 - (float (med (NL, NL')) / float (max (lenMsgIdList (NL),
    lenMsgIdList (NL')))) fi .
Warning: "smc_cp3-refactored.maude", line 500 (mod SMC_CP3): multiple distinct
    parses for statement
eq getMTBF (< ADDR : IrcMonitor | msgSent: ircMTL, msgRcvd: ircMTL', attrs >,
    Tn, Tstart, Tend) = getMTBFAux (filterWindow (ircMTL, Tstart - Tn, Tend +
    Tn), filterWindow (ircMTL', Tstart - Tn, Tend + Tn), Tn, Tstart, Tend) .
Warning: "smc_cp3-refactored.maude", line 560 (mod SMC_CP3): multiple distinct
    parses for statement
eq KsDistanceX (F FL, nil, I, J, invN, invN', D) = max2 (D, abs ((float (I) *
    invN) - 1.0)) .
Warning: "smc_cp3-refactored.maude", line 561 (mod SMC_CP3): multiple distinct
    parses for statement
eq KsDistanceX (nil, F' FL', I, J, invN, invN', D) = max2 (D, abs (1.0 - (float
    (J) * invN'))) .
Warning: "smc_cp3-refactored.maude", line 563 (mod SMC_CP3): multiple distinct
    parses for statement
ceq KsDistanceX (F FL, F' FL', I, J, invN, invN', D) = KsDistanceX (FL1, FL2, I
    + C1, J + C2, invN, invN', max2 (D, abs ((float (I + C1) * invN) - (float (
    J + C2) * invN')))) if F == F' /\ prefix (C1, FL1) := skipEqPrefix (F, F
    FL) /\ prefix (C2, FL2) := skipEqPrefix (F', F' FL') .
Warning: "smc_cp3-refactored.maude", line 569 (mod SMC_CP3): multiple distinct
    parses for statement
ceq KsDistanceX (F FL, F' FL', I, J, invN, invN', D) = KsDistanceX (FL, F' FL',
    I + 1, J, invN, invN', max2 (D, abs ((float (I + 1) * invN) - (float (J) *
    invN')))) if F < F' .
Warning: "smc_cp3-refactored.maude", line 573 (mod SMC_CP3): multiple distinct
    parses for statement
ceq KsDistanceX (F FL, F' FL', I, J, invN, invN', D) = KsDistanceX (F FL, FL',
    I, J + 1, invN, invN', max2 (D, abs ((float (I) * invN) - (float (J + 1) *
    invN')))) if F > F' .
Warning: "smc_cp3-refactored.maude", line 583 (mod SMC_CP3): multiple distinct
    parses for statement
eq KsStatisticZ (FL, FL', K) = KsDistance (FL, FL') - K .
Warning: "smc_cp3-refactored.maude", line 679 (mod SMC_CP3): multiple distinct
    parses for statement
eq compObsFeatureX (vp, dnsQueryRate, Fid, TOL, Tstart, Tend) = float (
    countDNSQuery (vp, Fid, TOL, Tstart, Tend)) / (Tend - Tstart) .
Warning: "smc_cp3-refactored.maude", line 693 (mod SMC_CP3): multiple distinct
    parses for statement
eq compObsFeatureX (vp, tcpUpRate, Fid, TOL, Tstart, Tend) = float (
    sizeTCPUpload (vp, Fid, TOL, Tstart, Tend)) / (Tend - Tstart) .
Warning: "smc_cp3-refactored.maude", line 695 (mod SMC_CP3): multiple distinct
    parses for statement
eq compObsFeatureX (vp, tcpDownRate, Fid, TOL, Tstart, Tend) = float (
    sizeTCPDownload (vp, Fid, TOL, Tstart, Tend)) / (Tend - Tstart) .
Warning: "smc_cp3-refactored.maude", line 703 (mod SMC_CP3): multiple distinct
    parses for statement
eq compObsFeatureX (vp, tcpOutPktRate, Fid, TOL, Tstart, Tend) = float (
    countTCPOutPkt (vp, Fid, TOL, Tstart, Tend)) / (Tend - Tstart) .
Warning: "smc_cp3-refactored.maude", line 705 (mod SMC_CP3): multiple distinct
    parses for statement
eq compObsFeatureX (vp, tcpInPktRate, Fid, TOL, Tstart, Tend) = float (
    countTCPInPkt (vp, Fid, TOL, Tstart, Tend)) / (Tend - Tstart) .
Warning: "smc_cp3-refactored.maude", line 724 (mod SMC_CP3): multiple distinct
    parses for statement
eq compObsFeatureX (vp, dnsQueryRate, TOL, Tstart, Tend) = float (countDNSQuery
    (vp, TOL, Tstart, Tend)) / (Tend - Tstart) .
Warning: "smc_cp3-refactored.maude", line 738 (mod SMC_CP3): multiple distinct
    parses for statement
eq compObsFeatureX (vp, tcpUpRate, TOL, Tstart, Tend) = float (sizeTCPUpload (
    vp, TOL, Tstart, Tend)) / (Tend - Tstart) .
Warning: "smc_cp3-refactored.maude", line 740 (mod SMC_CP3): multiple distinct
    parses for statement
eq compObsFeatureX (vp, tcpDownRate, TOL, Tstart, Tend) = float (
    sizeTCPDownload (vp, TOL, Tstart, Tend)) / (Tend - Tstart) .
Warning: "smc_cp3-refactored.maude", line 748 (mod SMC_CP3): multiple distinct
    parses for statement
eq compObsFeatureX (vp, tcpOutPktRate, TOL, Tstart, Tend) = float (
    countTCPOutPkt (vp, TOL, Tstart, Tend)) / (Tend - Tstart) .
Warning: "smc_cp3-refactored.maude", line 750 (mod SMC_CP3): multiple distinct
    parses for statement
eq compObsFeatureX (vp, tcpInPktRate, TOL, Tstart, Tend) = float (countTCPInPkt
    (vp, TOL, Tstart, Tend)) / (Tend - Tstart) .
Warning: "smc_cp3-refactored.maude", line 911 (mod SMC_CP3): multiple distinct
    parses for statement
ceq expectedKObsFeature (vp, obsF, baselineCDF, binECDFs, T, Tend, winSize,
    binSize, Ksum, N) = if KD >= 0.0 then expectedKObsFeature (vp, obsF,
    baselineCDF, binECDFs, T + binSize, Tend, winSize, binSize, Ksum + KD, N +
    1) else expectedKObsFeature (vp, obsF, baselineCDF, binECDFs, T + binSize,
    Tend, winSize, binSize, Ksum, N) fi if (T + winSize) <= (Tend + Tesp) /\
    ECDF := sort (getECDFObsFeatureRange (binECDFs, floor (rat (T / binSize)),
    (floor (rat (T / binSize)) + floor (rat (winSize / binSize))) - 1)) /\ KD
    := KsDistance (baselineCDF, ECDF) .
Warning: "smc_cp3-refactored.maude", line 1079 (mod SMC_CP3): multiple distinct
    parses for statement
eq getCUSUMZt (< ADDR : Adversary | gt: (bl (vp, obsF, K, Zt) :; blList), attrs
    >, vp, obsF, Tstart, Tend, winSize, binSize) = cusumRange (Zt, floor (rat (
    Tstart / binSize)), floor (rat ((Tend - winSize) / binSize))) .
==========================================
rewrite in HCS-TEST-BASELINE-TCPPKTINTERARRIVAL-SRVN : run((initState(counter)
    [tgenDelay, to baseLineAddr from baseLineAddr : initBase, 0]) 
{0.0 |
nil}, slimit) .
rewrites: 40086527982 in 18973148ms cpu (18973146ms real) (2112803
    rewrites/second)
result Actor: 
< baseLineAddr : BaseLineMonitor | viewPts: srvN, features: tcpPktInterarrival,
    baseLine: bl(srvN, tcpPktInterarrival, 8.9380742538318472e-2,
    5.9072090152767487e-6 1.2111999939616699e-5 1.2111999984137418e-5
    1.211199999269066e-5 1.2111999997917641e-5 1.2111999997917641e-5
    1.2111999997917641e-5 1.2111999999470738e-5 1.2112000000169634e-5
    1.2112000000402598e-5 1.2112000000402598e-5 1.2112000000402598e-5
    1.2112000000402598e-5 1.2112000000402598e-5 1.2112000000402598e-5
    1.2112000000402598e-5 1.2112000000402598e-5 1.2112000000402598e-5
    1.2112000000402598e-5 1.2112000000402598e-5 1.2112000000402598e-5
    1.2112000000402598e-5 1.2112000000402598e-5 1.2112000000402598e-5
    1.2112000000402598e-5 1.2112000000402598e-5 1.2112000000402598e-5
    1.2112000000402598e-5 1.2112000000402598e-5 1.2112000000402598e-5
    1.2112000000402598e-5 1.2112000007391543e-5 1.2112000009577829e-5
    1.2112000025478086e-5 3.3104938211181434e-5 5.7115633580906433e-5
    8.0868015174928587e-5 1.4420609932130901e-4 1.5712107870058389e-4
    1.8452603143259694e-4 2.007535595112131e-4 2.3642903579457197e-4
    2.615444158777791e-4 2.8571316670422675e-4 3.3618037442276617e-4
    3.4857103862510251e-4 3.4857103862510251e-4 3.4857103862510251e-4
    3.4857103862510251e-4 3.4857103862510251e-4 3.4857103862510251e-4
    3.4857103862847937e-4 3.4857103862847937e-4 3.4857103862960493e-4
    3.4857103862960493e-4 3.4857103862960493e-4 3.4857103862960493e-4
    3.4857103862960493e-4 3.4857103862960493e-4 3.4857103862960493e-4
    3.4857103862960493e-4 3.4857103862960493e-4 3.4857103862960493e-4
    3.8816136157038272e-4 4.1577602996767382e-4 4.4727131398758502e-4
    4.6774052407272393e-4 5.3473703974304954e-4 5.5956818627883641e-4
    5.5956818627883641e-4 5.5956818627883641e-4 5.5956818627883641e-4
    5.5956818627883641e-4 5.5956818627883641e-4 5.5956818627883641e-4
    5.5956818627883641e-4 5.5956818627883641e-4 5.5956818627883641e-4
    5.5956818627883641e-4 5.5956818627883641e-4 5.5956818627883641e-4
    5.5956818627977598e-4 5.5956818627977598e-4 5.5956818627977598e-4
    5.5956818628071555e-4 5.5956818628071555e-4 5.5956818628071555e-4
    5.5956818628071555e-4 5.755534411946428e-4 6.0593535462727616e-4
    6.7839266091596073e-4 7.1477133212143734e-4 7.2060588763633859e-4
    7.3037234289760622e-4 7.3256494190788285e-4 7.3681289927836444e-4
    7.3681289927836444e-4 7.3681289927836444e-4 7.3681289927836444e-4
    7.3681289927836444e-4 7.3681289927836444e-4 7.3681289927836444e-4
    7.3681289927836444e-4 7.3681289927836444e-4 7.3681289927836444e-4
    7.3681289927836444e-4 7.3681289927836444e-4 7.3681289927836444e-4
    7.3681289927836444e-4 7.3681289927836444e-4 7.3681289927836444e-4
    7.3681289927836444e-4 7.3681289927836444e-4 7.3681289927836444e-4
    7.3681289927836444e-4 7.3681289927836444e-4 7.3681289927836444e-4
    7.3681289927836444e-4 7.3681289927836444e-4 7.3681289927836444e-4
    7.3681289927836444e-4 7.3681289927836444e-4 7.3681289928096793e-4
    7.3681289928096793e-4 7.3681289928096793e-4 7.3681289928096793e-4
    7.3681289928096793e-4 7.3681289928118488e-4 7.3681289928183573e-4
    7.3681289928183573e-4 7.3681289928183573e-4 7.3681289928183573e-4
    7.5694742958051515e-4 7.5694742958051515e-4 7.5694742958051515e-4
    7.5694742958051515e-4 7.5694742958225074e-4 7.5694742958398644e-4
    7.5694742958398644e-4 7.5694742958398644e-4 7.5694742958398644e-4
    7.6872891738241167e-4 7.8811471811680519e-4 8.0356558954279415e-4
    8.1834907035595772e-4 8.2660372929151376e-4 8.303133785189749e-4
    8.3150462967600941e-4 8.3517737471706422e-4 8.388537327408801e-4
    8.4183485944555386e-4 8.4589069866100662e-4 8.4801282083811329e-4
    8.5024429804310604e-4 8.5173126902760195e-4 8.5326981375677727e-4
    8.5495557411916412e-4 8.5689965753315493e-4 8.5802778055859359e-4
    8.5891804678651148e-4 8.5912857647007298e-4 8.6000764190530038e-4
    8.6080449393412782e-4 8.6173007724578063e-4 8.6218761539683054e-4
    8.6265309927263363e-4 8.630140836213664e-4 8.6331720605280899e-4
    8.6419826683080869e-4 8.64925236143878e-4 8.6548311350113461e-4
    8.6567053362422502e-4 8.6586429702558017e-4 8.6628388079097024e-4
    8.6646981093460259e-4 8.6658431123060129e-4 8.6680875268087623e-4
    8.6728768234141038e-4 8.6754693821273663e-4 8.6767873607974575e-4
    8.6803152532005374e-4 8.6813015295088931e-4 8.6840753813714137e-4
    8.6856559482225131e-4 8.6882909148558571e-4 8.6900726765459704e-4
    8.6936647042821797e-4 8.694443570288952e-4 8.6957430131735162e-4
    8.6973100325538543e-4 8.7022380138766125e-4 8.7055956883447954e-4
    8.7098884378078271e-4 8.7133576875983746e-4 8.7142047008749359e-4
    8.7186881388894651e-4 8.72502700646122e-4 8.7395572507239616e-4
    8.7482149755771445e-4 8.7528218103452701e-4 8.7556806610035519e-4
    8.7572575694460308e-4 8.7623722527156375e-4 8.7669193607050428e-4
    8.7703196662490155e-4 8.7718579653993042e-4 8.7726986154009357e-4
    8.7729202715444677e-4 8.7733172802237987e-4 8.774399984708785e-4
    8.7747332871761772e-4 8.7751600137295856e-4 8.7756029953432128e-4
    8.7758864490870326e-4 8.7760819330151704e-4 8.7763005382418449e-4
    8.7766341797319142e-4 8.7768898822969106e-4 8.7771605729992908e-4
    8.7773397322497132e-4 8.7773928072622178e-4 8.7778075391838171e-4
    8.7778788797697406e-4 8.77805564813489e-4 8.7782042975963724e-4
    8.7783215006110964e-4 8.7784124320184546e-4 8.778545193857683e-4
    8.7787680662607787e-4 8.7789818869368481e-4 8.7792867188165311e-4
    8.779411315799734e-4 8.7796446284633901e-4 8.779728336615058e-4
    8.7800359180392924e-4 8.7802118151234702e-4 8.7804176888206075e-4
    8.7805861478781346e-4 8.7807403458789468e-4 8.7807879453302945e-4
    8.7810227925978887e-4 8.781181189815889e-4 8.781339703895438e-4
    8.7815228518467578e-4 8.7821824996276441e-4 8.7822781969006559e-4
    8.7824742103067188e-4 8.7826766402610121e-4 8.7828312446430832e-4
    8.783192670671269e-4 8.7834232545143701e-4 8.7838943210545768e-4
    8.7841543415633709e-4 8.7843874702767967e-4 8.7844659786602455e-4
    8.7845858813738302e-4 8.7848048949175676e-4 8.7852968824097893e-4
    8.7854058805313562e-4 8.7860330634729317e-4 8.7863160726939281e-4
    8.7866073123260557e-4 8.7868597665967418e-4 8.7879660151422671e-4
    8.7887472844917129e-4 8.7905693937825045e-4 8.7924932452935122e-4
    8.7944827947540279e-4 8.7961832876276027e-4 8.796644798607083e-4
    8.7974631255647868e-4 8.7979504263555226e-4 8.8003481617303099e-4
    8.8029916670066572e-4 8.8046618402360538e-4 8.8058040141474861e-4
    8.8071253739758148e-4 8.8087010043654814e-4 8.8102249154455655e-4
    8.8134457847546506e-4 8.8144118011586369e-4 8.8153424747507299e-4
    8.8158826326235201e-4 8.8172526362957746e-4 8.8178088175022045e-4
    8.8187056267873475e-4 8.8192703540502322e-4 8.8203219023345262e-4
    8.8216300581073204e-4 8.8242902103052899e-4 8.8247156659418998e-4
    8.8267660163195919e-4 8.8274289424228531e-4 8.8281075261024023e-4
    8.8295059712273848e-4 8.8319940077464935e-4 8.8343487863125185e-4
    8.8355515561879623e-4 8.837196138444316e-4 8.8393523450202498e-4
    8.8418389472294675e-4 8.8460649150985747e-4 8.8485976486786327e-4
    8.8509667456400734e-4 8.8553507146477096e-4 8.8587486787974911e-4
    8.8687029840398273e-4 8.8777775752086469e-4 8.8797610865708589e-4
    8.8855038506197872e-4 8.8926180313380276e-4 8.9026641447581946e-4
    8.9204909183238546e-4 8.9322628413087085e-4 8.9732944728659685e-4
    9.0042230682190231e-4 9.0442552059638017e-4 9.1071327979825038e-4
    9.3238125449563391e-4 1.0000000002037268e-3 1.0109690870840383e-3
    1.1417160687155307e-3 1.1511766734396847e-3 1.2999995731252986e-3
    1.4797048158819708e-3 1.6301431569183057e-3 1.7593070048494358e-3
    1.8124725748432115e-3 1.8207748935310519e-3 1.8852593954503771e-3
    1.9273234565844177e-3 1.9887096740213955e-3 2.0564363203746205e-3
    2.1291361797890298e-3 2.2657982542792104e-3 2.2929555343704664e-3
    2.3629748490991407e-3 2.4471252407095687e-3 2.5331398181114477e-3
    2.6533502486348593e-3 2.7233704133876649e-3 2.8553059484941264e-3
    2.9113492653038975e-3 2.9468966806831531e-3 3.0496812965660554e-3
    3.0771669060327051e-3 3.2261458606610868e-3 3.3586214987268693e-3
    3.5244895929065745e-3 3.555990240342258e-3 3.6564216865612896e-3
    3.7030078548190458e-3 3.7115733841631875e-3 3.8079445101874836e-3
    3.8690063101833871e-3 3.9265990882692376e-3 3.9340448836211427e-3
    3.9846615134651545e-3 4.0520991505158619e-3 4.0826957863559906e-3
    4.160686955181821e-3 4.2096266516498376e-3 4.3430176551019512e-3
    4.4151626544817191e-3 4.430763827534585e-3 4.5186419589836905e-3
    4.663095058980239e-3 4.694243848187501e-3 4.7817095866356301e-3
    4.9550764707782949e-3 4.9736663655858141e-3 5.0572842643648577e-3
    5.2505810837267727e-3 5.280446781095331e-3 5.3946051307271455e-3
    5.5033991953273975e-3 5.5941859111981376e-3 5.6344940833861819e-3
    5.7510069844113332e-3 5.7830239925635851e-3 5.90651801952022e-3
    5.9580981790957359e-3 6.1861057672103923e-3 6.2475770165595652e-3
    6.3643591829298735e-3 6.5079224415105844e-3 6.5657659803802842e-3
    6.6803932702257313e-3 6.7424903727766961e-3 6.8946627883785068e-3
    7.0812021277301285e-3 7.4148633294498726e-3 7.733604423037832e-3
    8.0104949287211329e-3 8.4018178371975828e-3 9.1805847646810428e-3
    9.3946080125463672e-3 9.5321100061482866e-3 1.019450785666878e-2
    1.0288095984422953e-2 1.0650477061896405e-2 1.0874886976072209e-2
    1.1296131457460102e-2 1.1554659222099417e-2 1.2000000000000011e-2
    1.2000000000000011e-2 1.2303499950212427e-2 1.2410782624829152e-2
    1.2499999999818101e-2 1.2499999999818101e-2 1.2499999999818101e-2
    1.2499999999818101e-2 1.2499999999818101e-2 1.2499999999988631e-2
    1.2499999999988631e-2 1.2500000000017053e-2 1.2500000000045475e-2
    1.2500000000045475e-2 1.2500000000045475e-2 1.2500000000045475e-2
    1.2500000000045475e-2 1.2500000000045475e-2 1.2518452503536536e-2
    1.3583823227893137e-2 1.3834463526412341e-2 1.5316168105073302e-2
    1.5388474806968588e-2 1.5457121001276164e-2 1.5471068131596155e-2
    1.5491060038129945e-2 1.551351063619677e-2 1.5520229006142472e-2
    1.5535963276647635e-2 1.5545265141781783e-2 1.5553684734868511e-2
    1.5576154599784786e-2 1.5594408723018205e-2 1.5608805934789416e-2
    1.56155835240952e-2 1.5623554327248712e-2 1.5631403883844541e-2
    1.564178147259554e-2 1.5654963649240017e-2 1.5670956415988258e-2
    1.5678225574561111e-2 1.5687853595522938e-2 1.5694519129738183e-2
    1.570283149021634e-2 1.570800443846565e-2 1.5713453431999369e-2
    1.5725268236309375e-2 1.5727886831314208e-2 1.5739060761688961e-2
    1.5751899686317e-2 1.5757488901044781e-2 1.5763344023374277e-2
    1.5764843187980659e-2 1.5773996369944143e-2 1.5779596144511743e-2
    1.5784554438369014e-2 1.5790751251415713e-2 1.579503475841193e-2
    1.5802802444568442e-2 1.5812524602779376e-2 1.5823240527083726e-2
    1.5837722500691598e-2 1.5839360985893336e-2 1.5846267168058148e-2
    1.5848969851049333e-2 1.5853116283778945e-2 1.5861694245099756e-2
    1.586616965033727e-2 1.5872119912131666e-2 1.5876773095271801e-2
    1.5881597839779715e-2 1.5883875461440766e-2 1.5895639207580341e-2
    1.5898774184847753e-2 1.5914567444724526e-2 1.5918479539664077e-2
    1.5926024346185841e-2 1.5930806131109421e-2 1.5931856226870877e-2
    1.5933233057467078e-2 1.5938549710710959e-2 1.5941971437541724e-2
    1.5945601367434392e-2 1.5954806363765783e-2 1.5959954794197984e-2
    1.5968319727676317e-2 1.5978302677240208e-2 1.598230068839257e-2
    1.5987134067131592e-2 1.5990094713743019e-2 1.5994567428933237e-2
    1.6000601935957093e-2 1.6009647830401263e-2 1.6013008760644709e-2
    1.6018987764482517e-2 1.6021955364976748e-2 1.602693370250563e-2
    1.6038387836033507e-2 1.6044529628800319e-2 1.6049613718678302e-2
    1.6054577516456447e-2 1.6058411890867319e-2 1.6064993586837772e-2
    1.6069283075921703e-2 1.60742680070598e-2 1.6080947568980264e-2
    1.6083827566035325e-2 1.6090581661956094e-2 1.6094366728225395e-2
    1.6102022914462093e-2 1.6108077797298392e-2 1.6113378396767075e-2
    1.6121156793133196e-2 1.6124032933817034e-2 1.6127379003137321e-2
    1.6133781503242517e-2 1.614733321964934e-2 1.6154857833157621e-2
    1.6161879143510305e-2 1.6173569530110399e-2 1.6178495696181017e-2
    1.6188254554663217e-2 1.6197843735578015e-2 1.6201589473268996e-2
    1.6212530960501681e-2 1.6219140738940041e-2 1.6227843129627217e-2
    1.6240527758782264e-2 1.6244141081491154e-2 1.6252606094099065e-2
    1.6265927054822289e-2 1.6281692363008915e-2 1.6303137774533145e-2
    1.6328448038393617e-2 1.6349918345326842e-2 1.6367942908345867e-2
    1.6469008170133748e-2 1.6536959831682907e-2 1.6666666666424135e-2
    1.6724307031381613e-2 1.7518871605683932e-2 1.8657809199227077e-2
    1.9838311964611312e-2 1.9999999999890862e-2 1.9999999999890862e-2
    1.9999999999890862e-2 1.9999999999890862e-2 1.9999999999890862e-2
    1.9999999999890862e-2 1.9999999999890862e-2 1.9999999999890862e-2
    1.9999999999890862e-2 1.9999999999890862e-2 1.9999999999890862e-2
    1.9999999999890862e-2 1.9999999999890862e-2 1.9999999999890862e-2
    1.9999999999890862e-2 1.9999999999890862e-2 1.9999999999890862e-2
    1.9999999999890862e-2 1.9999999999890862e-2 1.9999999999890862e-2
    1.9999999999890862e-2 1.9999999999890862e-2 1.9999999999890862e-2
    1.9999999999890862e-2 1.9999999999890862e-2 1.9999999999890862e-2
    1.9999999999890862e-2 1.9999999999890862e-2 1.9999999999890862e-2
    1.9999999999890862e-2 1.9999999999890862e-2 1.9999999999890862e-2
    1.9999999999890862e-2 1.9999999999890862e-2 1.9999999999890862e-2
    1.9999999999890862e-2 1.9999999999890862e-2 1.9999999999890862e-2
    1.9999999999890862e-2 1.9999999999890862e-2 1.9999999999890862e-2
    1.9999999999890862e-2 1.9999999999890862e-2 1.9999999999890862e-2
    1.9999999999890862e-2 1.9999999999890862e-2 1.9999999999890862e-2
    1.9999999999890862e-2 1.9999999999890862e-2 1.9999999999890862e-2
    1.9999999999890862e-2 1.9999999999890862e-2 1.9999999999890862e-2
    1.9999999999890862e-2 1.9999999999890862e-2 1.9999999999890862e-2
    1.9999999999890862e-2 1.9999999999890862e-2 1.9999999999890862e-2
    1.9999999999890862e-2 1.9999999999890862e-2 1.9999999999890862e-2
    1.9999999999890862e-2 1.9999999999890862e-2 1.9999999999890862e-2
    1.9999999999890862e-2 1.9999999999890862e-2 1.9999999999890862e-2
    1.9999999999890862e-2 1.9999999999890862e-2 1.9999999999890862e-2
    1.9999999999890862e-2 1.9999999999890862e-2 1.9999999999890862e-2
    1.9999999999890862e-2 1.9999999999890862e-2 1.9999999999890862e-2
    1.9999999999890862e-2 1.9999999999890862e-2 1.9999999999890862e-2
    1.9999999999890862e-2 1.9999999999890862e-2 1.9999999999890862e-2
    1.9999999999890862e-2 1.9999999999890862e-2 1.9999999999890862e-2
    1.9999999999890862e-2 1.9999999999890862e-2 1.9999999999890862e-2
    1.9999999999890862e-2 1.9999999999890862e-2 1.9999999999890862e-2
    1.9999999999890862e-2 1.9999999999890862e-2 1.9999999999890862e-2
    1.9999999999890862e-2 1.9999999999890862e-2 1.9999999999890862e-2
    1.9999999999890862e-2 1.9999999999890862e-2 1.9999999999890862e-2
    1.9999999999890862e-2 1.9999999999890862e-2 1.9999999999890862e-2
    1.9999999999890862e-2 1.9999999999890862e-2 1.9999999999890862e-2
    1.9999999999890862e-2 1.9999999999890862e-2 1.9999999999890862e-2
    1.9999999999890862e-2 1.9999999999890862e-2 1.9999999999890862e-2
    1.9999999999890862e-2 1.9999999999890862e-2 1.9999999999890862e-2
    1.9999999999890862e-2 1.9999999999890862e-2 1.9999999999890862e-2
    1.9999999999890862e-2 1.9999999999890862e-2 1.9999999999890862e-2
    1.9999999999890862e-2 1.9999999999890862e-2 1.9999999999890862e-2
    1.9999999999890862e-2 1.9999999999890862e-2 1.9999999999890862e-2
    1.9999999999890862e-2 1.9999999999890862e-2 1.9999999999890862e-2
    1.9999999999890862e-2 1.9999999999890862e-2 1.9999999999890862e-2
    1.9999999999890862e-2 1.9999999999890862e-2 1.9999999999890862e-2
    1.9999999999890862e-2 1.9999999999890862e-2 1.9999999999890862e-2
    1.9999999999890862e-2 1.9999999999890862e-2 1.9999999999890862e-2
    1.9999999999890862e-2 1.9999999999890862e-2 1.9999999999890862e-2
    1.9999999999890862e-2 1.9999999999890862e-2 1.9999999999890862e-2
    1.9999999999890862e-2 1.9999999999890862e-2 1.9999999999890862e-2
    1.9999999999890862e-2 1.9999999999890862e-2 1.9999999999890862e-2
    1.9999999999890862e-2 1.9999999999890862e-2 1.9999999999890862e-2
    1.9999999999890862e-2 1.9999999999890862e-2 1.9999999999890862e-2
    1.9999999999890862e-2 1.9999999999890862e-2 1.9999999999890862e-2
    1.9999999999890862e-2 1.9999999999890862e-2 1.9999999999890862e-2
    1.9999999999890862e-2 1.9999999999890862e-2 1.9999999999890862e-2
    1.9999999999890862e-2 1.9999999999890862e-2 1.9999999999890862e-2
    1.9999999999890862e-2 1.9999999999890862e-2 1.9999999999890862e-2
    1.9999999999890862e-2 1.9999999999890862e-2 1.9999999999890862e-2
    1.9999999999890862e-2 1.9999999999890862e-2 1.9999999999890862e-2
    1.9999999999890862e-2 1.9999999999890862e-2 1.9999999999890862e-2
    1.9999999999890862e-2 1.9999999999890862e-2 1.9999999999890862e-2
    1.9999999999890862e-2 1.9999999999890862e-2 1.9999999999890862e-2
    1.9999999999890862e-2 1.9999999999890862e-2 1.9999999999890862e-2
    1.9999999999890862e-2 1.9999999999890862e-2 1.9999999999890862e-2
    1.9999999999890862e-2 1.9999999999890862e-2 1.9999999999890862e-2
    1.9999999999890862e-2 1.9999999999890862e-2 1.9999999999890862e-2
    1.9999999999890862e-2 1.9999999999890862e-2 1.9999999999890862e-2
    1.9999999999890862e-2 1.9999999999890862e-2 1.9999999999890862e-2
    1.9999999999890862e-2 1.9999999999890862e-2 1.9999999999890862e-2
    1.9999999999890862e-2 1.9999999999890862e-2 1.9999999999890862e-2
    1.9999999999890862e-2 1.9999999999890862e-2 1.9999999999890862e-2
    1.9999999999890862e-2 1.9999999999890862e-2 1.9999999999890862e-2
    1.9999999999890862e-2 1.9999999999890862e-2 1.9999999999890862e-2
    1.9999999999890862e-2 1.9999999999890862e-2 1.9999999999890862e-2
    1.9999999999890862e-2 1.9999999999890862e-2 1.9999999999890862e-2
    1.9999999999890862e-2 1.9999999999890862e-2 1.9999999999890862e-2
    1.9999999999890862e-2 1.9999999999890862e-2 1.9999999999890862e-2
    1.9999999999890862e-2 1.9999999999890862e-2 1.9999999999890862e-2
    1.9999999999890862e-2 1.9999999999890862e-2 1.9999999999890862e-2
    1.9999999999890862e-2 1.9999999999890862e-2 1.9999999999890862e-2
    1.9999999999890862e-2 1.9999999999890862e-2 1.9999999999890862e-2
    1.9999999999890862e-2 1.9999999999890862e-2 1.9999999999890862e-2
    1.9999999999890862e-2 1.9999999999890862e-2 1.9999999999890862e-2
    1.9999999999890862e-2 1.9999999999890862e-2 1.9999999999890862e-2
    1.9999999999890862e-2 1.9999999999890862e-2 1.9999999999890862e-2
    1.9999999999890862e-2 1.9999999999890862e-2 1.9999999999890862e-2
    1.9999999999890862e-2 1.9999999999890862e-2 1.9999999999890862e-2
    1.9999999999890862e-2 1.9999999999890862e-2 1.9999999999890862e-2
    1.9999999999890862e-2 1.9999999999890862e-2 1.9999999999890862e-2
    1.9999999999890862e-2 1.9999999999890862e-2 1.9999999999890862e-2
    1.9999999999890862e-2 1.9999999999890862e-2 1.9999999999890862e-2
    1.9999999999890862e-2 1.9999999999890862e-2 1.9999999999890862e-2
    1.9999999999890862e-2 1.9999999999890862e-2 1.9999999999890862e-2
    1.9999999999890862e-2 1.9999999999890862e-2 1.9999999999890862e-2
    1.9999999999890862e-2 1.9999999999890862e-2 1.9999999999890862e-2
    1.9999999999890862e-2 1.9999999999890862e-2 1.9999999999890862e-2
    1.9999999999890862e-2 1.9999999999890862e-2 1.9999999999890862e-2
    1.9999999999890862e-2 1.9999999999890862e-2 1.9999999999890862e-2
    1.9999999999890862e-2 1.9999999999890862e-2 1.9999999999890862e-2
    1.9999999999890862e-2 1.9999999999890862e-2 1.9999999999890862e-2
    1.9999999999890862e-2 1.9999999999890862e-2 1.9999999999890862e-2
    1.9999999999890862e-2 1.9999999999890862e-2 1.9999999999890862e-2
    1.9999999999890862e-2 1.9999999999890862e-2 1.9999999999890862e-2
    1.9999999999890862e-2 1.9999999999890862e-2 1.9999999999890862e-2
    1.9999999999890862e-2 1.9999999999890862e-2 1.9999999999890862e-2
    1.9999999999890862e-2 1.9999999999890862e-2 1.9999999999890862e-2
    1.9999999999890862e-2 1.9999999999890862e-2 1.9999999999890862e-2
    1.9999999999890862e-2 1.9999999999890862e-2 1.9999999999890862e-2
    1.9999999999890862e-2 1.9999999999890862e-2 1.9999999999890862e-2
    1.9999999999890862e-2 1.9999999999890862e-2 1.9999999999890862e-2
    1.9999999999890862e-2 1.9999999999890862e-2 1.9999999999890862e-2
    1.9999999999890862e-2 1.9999999999890862e-2 1.9999999999890862e-2
    1.9999999999890862e-2 1.9999999999890862e-2 1.9999999999890862e-2
    1.9999999999890862e-2 1.9999999999890862e-2 1.9999999999890862e-2
    1.9999999999890862e-2 1.9999999999890862e-2 1.9999999999890862e-2
    1.9999999999890862e-2 1.9999999999890862e-2 1.9999999999890862e-2
    1.9999999999890862e-2 1.9999999999890862e-2 1.9999999999890862e-2
    1.9999999999890862e-2 1.9999999999890862e-2 1.9999999999890862e-2
    1.9999999999890862e-2 1.9999999999890862e-2 1.9999999999890862e-2
    1.9999999999890862e-2 1.9999999999890862e-2 1.9999999999890862e-2
    1.9999999999890862e-2 1.9999999999890862e-2 1.9999999999890862e-2
    1.9999999999890862e-2 1.9999999999890862e-2 1.9999999999890862e-2
    1.9999999999890862e-2 1.9999999999890862e-2 1.9999999999890862e-2
    1.9999999999890862e-2 1.9999999999890862e-2 1.9999999999890862e-2
    1.9999999999890862e-2 1.9999999999890862e-2 1.9999999999890862e-2
    1.9999999999890862e-2 1.9999999999890862e-2 1.9999999999890862e-2
    1.9999999999890862e-2 1.9999999999890862e-2 1.9999999999890862e-2
    1.9999999999890862e-2 1.9999999999890862e-2 1.9999999999890862e-2
    1.9999999999890862e-2 1.9999999999890862e-2 1.9999999999890862e-2
    1.9999999999890862e-2 1.9999999999890862e-2 1.9999999999890862e-2
    1.9999999999890862e-2 1.9999999999890862e-2 1.9999999999890862e-2
    1.9999999999890862e-2 1.9999999999890862e-2 1.9999999999890862e-2
    1.9999999999890862e-2 1.9999999999890862e-2 1.9999999999890862e-2
    1.9999999999890862e-2 1.9999999999890862e-2 1.9999999999890862e-2
    1.9999999999890862e-2 1.9999999999890862e-2 1.9999999999890862e-2
    1.9999999999890862e-2 1.9999999999890862e-2 1.9999999999890862e-2
    1.9999999999890862e-2 1.9999999999890862e-2 1.9999999999890862e-2
    1.9999999999890862e-2 1.9999999999890862e-2 1.9999999999890862e-2
    1.9999999999890862e-2 1.9999999999890862e-2 1.9999999999890862e-2
    1.9999999999890862e-2 1.9999999999890862e-2 1.9999999999890862e-2
    1.9999999999890862e-2 1.9999999999890862e-2 1.9999999999890862e-2
    1.9999999999890862e-2 1.9999999999890862e-2 1.9999999999890862e-2
    1.9999999999890862e-2 1.9999999999890862e-2 1.9999999999890862e-2
    1.9999999999890862e-2 1.9999999999890862e-2 1.9999999999890862e-2
    1.9999999999890862e-2 1.9999999999890862e-2 1.9999999999890862e-2
    1.9999999999890862e-2 1.9999999999890862e-2 1.9999999999890862e-2
    1.9999999999890862e-2 1.9999999999890862e-2 1.9999999999890862e-2
    1.9999999999890862e-2 1.9999999999890862e-2 1.9999999999890862e-2
    1.9999999999890862e-2 1.9999999999890862e-2 1.9999999999890862e-2
    1.9999999999890862e-2 1.9999999999890862e-2 1.9999999999890862e-2
    1.9999999999890862e-2 1.9999999999890862e-2 1.9999999999890862e-2
    1.9999999999890862e-2 1.9999999999890862e-2 1.9999999999890862e-2
    1.9999999999890862e-2 1.9999999999890862e-2 1.9999999999890862e-2
    1.9999999999890862e-2 1.9999999999890862e-2 1.9999999999890862e-2
    1.9999999999890862e-2 1.9999999999890862e-2 1.9999999999890862e-2
    1.9999999999890862e-2 1.9999999999890862e-2 1.9999999999890862e-2
    1.9999999999890862e-2 1.9999999999890862e-2 1.9999999999890862e-2
    1.9999999999890862e-2 1.9999999999890862e-2 1.9999999999890862e-2
    1.9999999999890862e-2 1.9999999999890862e-2 1.9999999999890862e-2
    1.9999999999890862e-2 1.9999999999890862e-2 1.9999999999890862e-2
    1.9999999999890862e-2 1.9999999999890862e-2 1.9999999999890862e-2
    1.9999999999890862e-2 1.9999999999890862e-2 1.9999999999890862e-2
    1.9999999999890862e-2 1.9999999999890862e-2 1.9999999999890862e-2
    1.9999999999890862e-2 1.9999999999890862e-2 1.9999999999890862e-2
    1.9999999999890862e-2 1.9999999999890862e-2 1.9999999999890862e-2
    1.9999999999890862e-2 1.9999999999890862e-2 1.9999999999890862e-2
    1.9999999999890862e-2 1.9999999999890862e-2 1.9999999999890862e-2
    1.9999999999890862e-2 1.9999999999890862e-2 1.9999999999890862e-2
    1.9999999999890862e-2 1.9999999999890862e-2 1.9999999999890862e-2
    1.9999999999890862e-2 1.9999999999890862e-2 1.9999999999890862e-2
    1.9999999999890862e-2 1.9999999999890862e-2 1.9999999999890862e-2
    1.9999999999890862e-2 1.9999999999890862e-2 1.9999999999890862e-2
    1.9999999999890862e-2 1.9999999999890862e-2 1.9999999999890862e-2
    1.9999999999890862e-2 1.9999999999890862e-2 1.9999999999890862e-2
    1.9999999999890862e-2 1.9999999999890862e-2 1.9999999999890862e-2
    1.9999999999890862e-2 1.9999999999890862e-2 1.9999999999890862e-2
    1.9999999999890862e-2 1.9999999999890862e-2 1.9999999999890862e-2
    1.9999999999890862e-2 1.9999999999890862e-2 1.9999999999890862e-2
    1.9999999999890862e-2 1.9999999999890862e-2 1.9999999999890862e-2
    1.9999999999890862e-2 1.9999999999890862e-2 1.9999999999890862e-2
    1.9999999999890862e-2 1.9999999999890862e-2 1.9999999999890862e-2
    1.9999999999890862e-2 1.9999999999890862e-2 1.9999999999890862e-2
    1.9999999999890862e-2 1.9999999999890862e-2 1.9999999999890862e-2
    1.9999999999890862e-2 1.9999999999890862e-2 1.9999999999890862e-2
    1.9999999999890862e-2 1.9999999999890862e-2 1.9999999999890862e-2
    1.9999999999890862e-2 1.9999999999890862e-2 1.9999999999890862e-2
    1.9999999999890862e-2 1.9999999999890862e-2 1.9999999999890862e-2
    1.9999999999890862e-2 1.9999999999890862e-2 1.9999999999890862e-2
    1.9999999999890862e-2 1.9999999999890862e-2 1.9999999999890862e-2
    1.9999999999890862e-2 1.9999999999890862e-2 1.9999999999890862e-2
    1.9999999999890862e-2 1.9999999999890862e-2 1.9999999999890862e-2
    1.9999999999890862e-2 1.9999999999890862e-2 1.9999999999890862e-2
    1.9999999999890862e-2 1.9999999999890862e-2 1.9999999999890862e-2
    1.9999999999890862e-2 1.9999999999890862e-2 1.9999999999890862e-2
    1.9999999999890862e-2 1.9999999999890862e-2 1.9999999999890862e-2
    1.9999999999890862e-2 1.9999999999890862e-2 1.9999999999890862e-2
    1.999999999998181e-2 1.999999999998181e-2 1.999999999998181e-2
    1.999999999998181e-2 1.999999999998181e-2 1.999999999998181e-2
    1.999999999998181e-2 1.999999999998181e-2 1.999999999998181e-2
    1.999999999998181e-2 1.999999999998181e-2 1.999999999998181e-2
    1.999999999998181e-2 1.999999999998181e-2 1.999999999998181e-2
    1.999999999998181e-2 1.999999999998181e-2 1.999999999998181e-2
    1.999999999998181e-2 1.999999999998181e-2 1.999999999998181e-2
    1.999999999998181e-2 1.999999999998181e-2 1.999999999998181e-2
    1.999999999998181e-2 1.999999999998181e-2 1.999999999998181e-2
    1.999999999998181e-2 1.999999999998181e-2 1.999999999998181e-2
    1.999999999998181e-2 1.999999999998181e-2 1.999999999998181e-2
    1.999999999998181e-2 1.999999999998181e-2 1.999999999998181e-2
    1.999999999998181e-2 1.999999999998181e-2 1.999999999998181e-2
    1.999999999998181e-2 1.999999999998181e-2 1.999999999998181e-2
    1.999999999998181e-2 1.999999999998181e-2 1.999999999998181e-2
    1.999999999998181e-2 1.999999999998181e-2 1.999999999998181e-2
    1.999999999998181e-2 1.999999999998181e-2 1.999999999998181e-2
    1.999999999998181e-2 1.999999999998181e-2 1.999999999998181e-2
    1.999999999998181e-2 1.999999999998181e-2 1.999999999998181e-2
    1.999999999998181e-2 1.999999999998181e-2 1.999999999998181e-2
    1.999999999998181e-2 1.999999999998181e-2 1.999999999998181e-2
    1.999999999998181e-2 1.999999999998181e-2 1.999999999998181e-2
    1.999999999998181e-2 1.999999999998181e-2 1.999999999998181e-2
    1.999999999998181e-2 1.999999999998181e-2 1.999999999998181e-2
    1.999999999998181e-2 1.999999999998181e-2 1.999999999998181e-2
    1.999999999998181e-2 1.999999999998181e-2 1.999999999998181e-2
    1.999999999998181e-2 1.999999999998181e-2 1.999999999998181e-2
    1.999999999998181e-2 1.999999999998181e-2 1.999999999998181e-2
    1.999999999998181e-2 1.999999999998181e-2 1.999999999998181e-2
    1.999999999998181e-2 1.999999999998181e-2 1.999999999998181e-2
    1.999999999998181e-2 1.999999999998181e-2 1.999999999998181e-2
    1.999999999998181e-2 1.999999999998181e-2 1.999999999998181e-2
    1.999999999998181e-2 1.999999999998181e-2 1.999999999998181e-2
    1.999999999998181e-2 1.999999999998181e-2 1.999999999998181e-2
    1.999999999998181e-2 1.999999999998181e-2 1.999999999998181e-2
    1.999999999998181e-2 1.999999999998181e-2 1.999999999998181e-2
    1.999999999998181e-2 1.999999999998181e-2 1.999999999998181e-2
    1.999999999998181e-2 1.999999999998181e-2 1.999999999998181e-2
    1.999999999998181e-2 1.999999999998181e-2 1.999999999998181e-2
    1.999999999998181e-2 1.999999999998181e-2 1.999999999998181e-2
    1.999999999998181e-2 1.999999999998181e-2 1.999999999998181e-2
    1.999999999998181e-2 1.999999999998181e-2 1.999999999998181e-2
    1.999999999998181e-2 1.999999999998181e-2 1.999999999998181e-2
    1.999999999998181e-2 1.999999999998181e-2 1.999999999998181e-2
    1.999999999998181e-2 1.999999999998181e-2 1.999999999998181e-2
    1.999999999998181e-2 1.999999999998181e-2 1.999999999998181e-2
    1.999999999998181e-2 1.999999999998181e-2 1.999999999998181e-2
    1.999999999998181e-2 1.999999999998181e-2 1.999999999998181e-2
    1.999999999998181e-2 1.999999999998181e-2 1.999999999998181e-2
    1.999999999998181e-2 1.999999999998181e-2 1.999999999998181e-2
    1.999999999998181e-2 1.999999999998181e-2 1.999999999998181e-2
    1.999999999998181e-2 1.999999999998181e-2 1.999999999998181e-2
    1.999999999998181e-2 1.999999999998181e-2 1.999999999998181e-2
    1.999999999998181e-2 1.999999999998181e-2 1.999999999998181e-2
    1.999999999998181e-2 1.999999999998181e-2 1.999999999998181e-2
    1.999999999998181e-2 1.999999999998181e-2 1.999999999998181e-2
    1.999999999998181e-2 1.999999999998181e-2 1.999999999998181e-2
    1.999999999998181e-2 1.999999999998181e-2 1.999999999998181e-2
    1.999999999998181e-2 1.999999999998181e-2 1.999999999998181e-2
    1.999999999998181e-2 1.999999999998181e-2 1.999999999998181e-2
    1.999999999998181e-2 1.999999999998181e-2 1.999999999998181e-2
    1.999999999998181e-2 1.999999999998181e-2 1.999999999998181e-2
    1.999999999998181e-2 1.999999999998181e-2 1.999999999998181e-2
    1.999999999998181e-2 1.999999999998181e-2 1.999999999998181e-2
    1.999999999998181e-2 1.999999999998181e-2 1.999999999998181e-2
    1.999999999998181e-2 1.999999999998181e-2 1.999999999998181e-2
    1.999999999998181e-2 1.999999999998181e-2 1.999999999998181e-2
    1.999999999998181e-2 1.999999999998181e-2 1.999999999998181e-2
    1.999999999998181e-2 1.999999999998181e-2 1.999999999998181e-2
    1.999999999998181e-2 1.999999999998181e-2 1.999999999998181e-2
    1.999999999998181e-2 1.999999999998181e-2 1.999999999998181e-2
    1.999999999998181e-2 1.999999999998181e-2 1.999999999998181e-2
    1.999999999998181e-2 1.999999999998181e-2 1.999999999998181e-2
    1.999999999998181e-2 1.999999999998181e-2 1.999999999998181e-2
    1.999999999998181e-2 1.999999999998181e-2 1.999999999998181e-2
    1.999999999998181e-2 1.999999999998181e-2 1.999999999998181e-2
    1.999999999998181e-2 1.999999999998181e-2 1.999999999998181e-2
    1.999999999998181e-2 1.999999999998181e-2 1.999999999998181e-2
    1.999999999998181e-2 1.999999999998181e-2 1.999999999998181e-2
    1.999999999998181e-2 1.999999999998181e-2 1.999999999998181e-2
    1.999999999998181e-2 1.999999999998181e-2 1.999999999998181e-2
    1.999999999998181e-2 1.999999999998181e-2 1.999999999998181e-2
    1.999999999998181e-2 1.999999999998181e-2 1.999999999998181e-2
    1.999999999998181e-2 1.999999999998181e-2 1.999999999998181e-2
    1.999999999998181e-2 1.999999999998181e-2 1.999999999998181e-2
    1.999999999998181e-2 1.999999999998181e-2 1.999999999998181e-2
    1.999999999998181e-2 1.999999999998181e-2 1.999999999998181e-2
    1.999999999998181e-2 1.999999999998181e-2 1.999999999998181e-2
    1.999999999998181e-2 1.999999999998181e-2 1.999999999998181e-2
    1.999999999998181e-2 1.999999999998181e-2 1.999999999998181e-2
    1.999999999998181e-2 1.999999999998181e-2 1.999999999998181e-2
    1.999999999998181e-2 1.999999999998181e-2 1.999999999998181e-2
    1.999999999998181e-2 1.999999999998181e-2 1.999999999998181e-2
    1.999999999998181e-2 1.999999999998181e-2 1.999999999998181e-2
    1.999999999998181e-2 1.999999999998181e-2 1.999999999998181e-2
    1.999999999998181e-2 1.999999999998181e-2 1.999999999998181e-2
    1.999999999998181e-2 1.999999999998181e-2 1.999999999998181e-2
    1.999999999998181e-2 1.999999999998181e-2 1.999999999998181e-2
    1.999999999998181e-2 1.999999999998181e-2 1.999999999998181e-2
    1.999999999998181e-2 1.999999999998181e-2 1.999999999998181e-2
    1.999999999998181e-2 1.999999999998181e-2 1.999999999998181e-2
    1.999999999998181e-2 1.999999999998181e-2 1.999999999998181e-2
    1.999999999998181e-2 1.999999999998181e-2 1.999999999998181e-2
    1.999999999998181e-2 1.999999999998181e-2 1.999999999998181e-2
    1.999999999998181e-2 1.999999999998181e-2 1.999999999998181e-2
    1.999999999998181e-2 1.999999999998181e-2 1.999999999998181e-2
    1.999999999998181e-2 1.999999999998181e-2 1.999999999998181e-2
    1.999999999998181e-2 1.999999999998181e-2 1.999999999998181e-2
    1.999999999998181e-2 1.999999999998181e-2 1.999999999998181e-2
    1.999999999998181e-2 1.999999999998181e-2 1.999999999998181e-2
    1.999999999998181e-2 1.999999999998181e-2 1.999999999998181e-2
    1.999999999998181e-2 1.999999999998181e-2 1.999999999998181e-2
    1.999999999998181e-2 1.999999999998181e-2 1.999999999998181e-2
    1.999999999998181e-2 1.999999999998181e-2 1.999999999998181e-2
    1.999999999998181e-2 1.999999999998181e-2 1.999999999998181e-2
    1.999999999998181e-2 1.999999999998181e-2 1.999999999998181e-2
    1.999999999998181e-2 1.999999999998181e-2 1.999999999998181e-2
    1.999999999998181e-2 1.999999999998181e-2 1.999999999998181e-2
    1.999999999998181e-2 1.999999999998181e-2 1.999999999998181e-2
    1.999999999998181e-2 1.999999999998181e-2 1.999999999998181e-2
    1.999999999998181e-2 1.999999999998181e-2 1.999999999998181e-2
    1.999999999998181e-2 1.999999999998181e-2 1.999999999998181e-2
    1.999999999998181e-2 1.999999999998181e-2 1.999999999998181e-2
    1.999999999998181e-2 1.999999999998181e-2 1.999999999998181e-2
    1.999999999998181e-2 1.999999999998181e-2 1.999999999998181e-2
    1.999999999998181e-2 1.999999999998181e-2 1.999999999998181e-2
    1.999999999998181e-2 1.999999999998181e-2 1.999999999998181e-2
    1.999999999998181e-2 1.999999999998181e-2 1.999999999998181e-2
    1.999999999998181e-2 1.999999999998181e-2 1.999999999998181e-2
    1.999999999998181e-2 1.999999999998181e-2 1.999999999998181e-2
    1.999999999998181e-2 1.999999999998181e-2 1.999999999998181e-2
    1.999999999998181e-2 1.999999999998181e-2 1.999999999998181e-2
    1.999999999998181e-2 1.999999999998181e-2 1.999999999998181e-2
    1.999999999998181e-2 1.999999999998181e-2 1.999999999998181e-2
    1.999999999998181e-2 1.999999999998181e-2 1.999999999998181e-2
    1.999999999998181e-2 1.999999999998181e-2 1.999999999998181e-2
    1.999999999998181e-2 1.999999999998181e-2 1.999999999998181e-2
    1.999999999998181e-2 1.999999999998181e-2 1.999999999998181e-2
    1.999999999998181e-2 1.999999999998181e-2 1.999999999998181e-2
    1.999999999998181e-2 1.999999999998181e-2 1.999999999998181e-2
    1.999999999998181e-2 1.999999999998181e-2 1.999999999998181e-2
    1.999999999998181e-2 1.999999999998181e-2 1.999999999998181e-2
    1.999999999998181e-2 1.999999999998181e-2 1.999999999998181e-2
    1.999999999998181e-2 1.999999999998181e-2 1.999999999998181e-2
    1.999999999998181e-2 1.999999999998181e-2 1.999999999998181e-2
    1.999999999998181e-2 1.999999999998181e-2 1.999999999998181e-2
    1.999999999998181e-2 1.999999999998181e-2 1.999999999998181e-2
    1.999999999998181e-2 1.999999999998181e-2 1.999999999998181e-2
    1.999999999998181e-2 1.999999999998181e-2 1.999999999998181e-2
    1.999999999998181e-2 1.999999999998181e-2 1.999999999998181e-2
    1.999999999998181e-2 1.999999999998181e-2 1.999999999998181e-2
    1.999999999998181e-2 1.999999999998181e-2 1.999999999998181e-2
    1.999999999998181e-2 1.999999999998181e-2 1.999999999998181e-2
    1.999999999998181e-2 1.999999999998181e-2 1.999999999998181e-2
    1.999999999998181e-2 1.999999999998181e-2 1.999999999998181e-2
    1.999999999998181e-2 1.999999999998181e-2 1.999999999998181e-2
    1.999999999998181e-2 1.999999999998181e-2 1.999999999998181e-2
    1.999999999998181e-2 1.999999999998181e-2 1.999999999998181e-2
    1.999999999998181e-2 1.999999999998181e-2 1.999999999998181e-2
    1.999999999998181e-2 1.999999999998181e-2 1.999999999998181e-2
    1.999999999998181e-2 1.999999999998181e-2 1.999999999998181e-2
    1.999999999998181e-2 1.999999999998181e-2 1.999999999998181e-2
    1.999999999998181e-2 1.999999999998181e-2 1.999999999998181e-2
    1.999999999998181e-2 1.999999999998181e-2 1.999999999998181e-2
    1.999999999998181e-2 1.999999999998181e-2 1.999999999998181e-2
    1.999999999998181e-2 1.999999999998181e-2 1.999999999998181e-2
    1.999999999998181e-2 1.999999999998181e-2 1.999999999998181e-2
    1.999999999998181e-2 1.999999999998181e-2 1.999999999998181e-2
    1.999999999998181e-2 1.999999999998181e-2 1.999999999998181e-2
    1.999999999998181e-2 1.999999999998181e-2 1.999999999998181e-2
    1.999999999998181e-2 1.999999999998181e-2 1.999999999998181e-2
    1.999999999998181e-2 1.999999999998181e-2 1.999999999998181e-2
    1.999999999998181e-2 1.999999999998181e-2 1.999999999998181e-2
    1.999999999998181e-2 1.999999999998181e-2 1.999999999998181e-2
    1.999999999998181e-2 1.999999999998181e-2 1.999999999998181e-2
    1.999999999998181e-2 1.999999999998181e-2 1.999999999998181e-2
    1.999999999998181e-2 1.999999999998181e-2 1.999999999998181e-2
    1.999999999998181e-2 1.999999999998181e-2 1.999999999998181e-2
    1.999999999998181e-2 1.999999999998181e-2 1.999999999998181e-2
    1.999999999998181e-2 1.999999999998181e-2 1.999999999998181e-2
    1.999999999998181e-2 1.999999999998181e-2 1.999999999998181e-2
    1.999999999998181e-2 1.999999999998181e-2 1.999999999998181e-2
    1.999999999998181e-2 1.999999999998181e-2 1.999999999998181e-2
    1.999999999998181e-2 1.999999999998181e-2 1.999999999998181e-2
    1.999999999998181e-2 1.999999999998181e-2 1.999999999998181e-2
    1.999999999998181e-2 1.999999999998181e-2 1.999999999998181e-2
    1.999999999998181e-2 1.999999999998181e-2 1.999999999998181e-2
    1.999999999998181e-2 1.999999999998181e-2 1.999999999998181e-2
    1.999999999998181e-2 1.999999999998181e-2 1.999999999998181e-2
    1.999999999998181e-2 1.999999999998181e-2 1.999999999998181e-2
    1.999999999998181e-2 1.999999999998181e-2 1.999999999998181e-2
    1.999999999998181e-2 1.999999999998181e-2 1.999999999998181e-2
    1.999999999998181e-2 1.999999999998181e-2 1.999999999998181e-2
    1.999999999998181e-2 1.999999999998181e-2 1.999999999998181e-2
    1.999999999998181e-2 1.999999999998181e-2 1.999999999998181e-2
    1.999999999998181e-2 1.999999999998181e-2 1.999999999998181e-2
    1.999999999998181e-2 1.999999999998181e-2 1.999999999998181e-2
    1.999999999998181e-2 1.999999999998181e-2 1.999999999998181e-2
    1.999999999998181e-2 1.999999999998181e-2 1.999999999998181e-2
    1.999999999998181e-2 1.999999999998181e-2 1.999999999998181e-2
    1.999999999998181e-2 1.999999999998181e-2 1.999999999998181e-2
    1.999999999998181e-2 1.999999999998181e-2 1.999999999998181e-2
    1.999999999998181e-2 1.999999999998181e-2 1.999999999998181e-2
    1.999999999998181e-2 1.999999999998181e-2 1.999999999998181e-2
    1.999999999998181e-2 1.999999999998181e-2 1.999999999998181e-2
    1.999999999998181e-2 1.999999999998181e-2 1.999999999998181e-2
    1.999999999998181e-2 1.999999999998181e-2 1.999999999998181e-2
    1.999999999998181e-2 1.999999999998181e-2 1.999999999998181e-2
    1.999999999998181e-2 1.999999999998181e-2 1.999999999998181e-2
    1.999999999998181e-2 1.999999999998181e-2 1.999999999998181e-2
    1.999999999998181e-2 1.999999999998181e-2 1.999999999998181e-2
    1.999999999998181e-2 1.999999999998181e-2 1.999999999998181e-2
    1.999999999998181e-2 1.999999999998181e-2 1.999999999998181e-2
    1.999999999998181e-2 1.999999999998181e-2 2.0000000000004549e-2
    2.0000000000004549e-2 2.0000000000004549e-2 2.0000000000004549e-2
    2.0000000000004549e-2 2.0000000000004549e-2 2.0000000000004549e-2
    2.0000000000004549e-2 2.0000000000004549e-2 2.0000000000004549e-2
    2.0000000000004549e-2 2.0000000000004549e-2 2.0000000000004549e-2
    2.0000000000004549e-2 2.0000000000004549e-2 2.0000000000004549e-2
    2.0000000000004549e-2 2.0000000000004549e-2 2.0000000000004549e-2
    2.0000000000004549e-2 2.0000000000004549e-2 2.0000000000004549e-2
    2.0000000000004549e-2 2.0000000000004549e-2 2.0000000000004549e-2
    2.0000000000004549e-2 2.0000000000004549e-2 2.0000000000004549e-2
    2.0000000000004549e-2 2.0000000000004549e-2 2.0000000000004549e-2
    2.0000000000004549e-2 2.0000000000004549e-2 2.0000000000004549e-2
    2.0000000000004549e-2 2.0000000000004549e-2 2.0000000000004549e-2
    2.0000000000004549e-2 2.0000000000004549e-2 2.0000000000004549e-2
    2.0000000000004549e-2 2.0000000000004549e-2 2.0000000000004549e-2
    2.0000000000004549e-2 2.0000000000004549e-2 2.0000000000004549e-2
    2.0000000000004549e-2 2.0000000000004549e-2 2.0000000000004549e-2
    2.0000000000004549e-2 2.0000000000004549e-2 2.0000000000004549e-2
    2.0000000000004549e-2 2.0000000000004549e-2 2.0000000000004549e-2
    2.0000000000004549e-2 2.0000000000004549e-2 2.0000000000004549e-2
    2.0000000000004549e-2 2.0000000000004549e-2 2.0000000000004549e-2
    2.0000000000004549e-2 2.0000000000004549e-2 2.0000000000004549e-2
    2.0000000000004549e-2 2.0000000000004549e-2 2.0000000000004549e-2
    2.0000000000004549e-2 2.0000000000004549e-2 2.0000000000004549e-2
    2.0000000000004549e-2 2.0000000000004549e-2 2.0000000000004549e-2
    2.0000000000004549e-2 2.0000000000004549e-2 2.0000000000004549e-2
    2.0000000000004549e-2 2.0000000000004549e-2 2.0000000000004549e-2
    2.0000000000004549e-2 2.0000000000004549e-2 2.0000000000004549e-2
    2.0000000000004549e-2 2.0000000000004549e-2 2.0000000000004549e-2
    2.0000000000004549e-2 2.0000000000004549e-2 2.0000000000004549e-2
    2.0000000000004549e-2 2.0000000000004549e-2 2.0000000000004549e-2
    2.0000000000004549e-2 2.0000000000004549e-2 2.0000000000004549e-2
    2.0000000000004549e-2 2.0000000000004549e-2 2.0000000000004549e-2
    2.0000000000004549e-2 2.0000000000004549e-2 2.0000000000004549e-2
    2.0000000000004549e-2 2.0000000000004549e-2 2.0000000000004549e-2
    2.0000000000004549e-2 2.0000000000004549e-2 2.0000000000004549e-2
    2.0000000000004549e-2 2.0000000000004549e-2 2.0000000000004549e-2
    2.0000000000004549e-2 2.0000000000004549e-2 2.0000000000004549e-2
    2.0000000000004549e-2 2.0000000000004549e-2 2.0000000000004549e-2
    2.0000000000004549e-2 2.0000000000004549e-2 2.0000000000004549e-2
    2.0000000000004549e-2 2.0000000000004549e-2 2.0000000000004549e-2
    2.0000000000004549e-2 2.0000000000004549e-2 2.0000000000004549e-2
    2.0000000000004549e-2 2.0000000000004549e-2 2.0000000000004549e-2
    2.0000000000004549e-2 2.0000000000004549e-2 2.0000000000004549e-2
    2.0000000000004549e-2 2.0000000000004549e-2 2.0000000000004549e-2
    2.0000000000004549e-2 2.0000000000004549e-2 2.0445306161946064e-2
    2.0514945192189771e-2 2.0570027393963148e-2 2.0676688123595948e-2
    2.0700949812559582e-2 2.0730800408083876e-2 2.0772858859345433e-2
    2.0781271265226071e-2 2.0826690401842523e-2 2.0861889842611465e-2
    2.0887055885320176e-2 2.0911694194486092e-2 2.0917651156499534e-2
    2.0939422153939329e-2 2.0970551533215104e-2 2.102070389286818e-2
    2.103185843695125e-2 2.1047954113024996e-2 2.1065739513611941e-2
    2.1090386306999182e-2 2.1179890780198701e-2 2.123537614321928e-2
    2.1373038870941937e-2 2.2027954838222286e-2 2.266565339021492e-2
    2.3013686043441339e-2 2.3146452747823787e-2 2.3300031375299568e-2
    2.3395355603982371e-2 2.366192680946929e-2 2.3999999999999976e-2
    2.3999999999999976e-2 2.3999999999999976e-2 2.3999999999999976e-2
    2.4083778881959006e-2 2.4999999999863576e-2 2.4999999999863576e-2
    2.4999999999863576e-2 2.4999999999977263e-2 2.4999999999977263e-2
    2.5000000000005684e-2 2.5000000000090949e-2 2.5000000000090949e-2
    2.5000000000090949e-2 2.5264854011264031e-2 2.5629023180505875e-2
    2.5982848448454117e-2 2.6371629188462618e-2 2.6532684901247612e-2
    2.7178062446833885e-2 2.7603641616621065e-2 2.7927367148326582e-2
    2.8125851923505252e-2 2.8375095059990359e-2 2.849579642338369e-2
    2.8736109786213028e-2 2.9064266298284177e-2 2.9447156576140495e-2
    2.9792412581035023e-2 3.0197408208550769e-2 3.0309391454352408e-2
    3.0338610302351299e-2 3.0364472921528714e-2 3.0385143494868316e-2
    3.0397308833774634e-2 3.0403480781160397e-2 3.040986588166561e-2
    3.0418864472054646e-2 3.0423258965811328e-2 3.0429909088866225e-2
    3.0433553554985338e-2 3.043933387175457e-2 3.0456650242172145e-2
    3.0460842083505708e-2 3.0462013768556062e-2 3.0470080383111053e-2
    3.0475896807274694e-2 3.0482742396657159e-2 3.0490369347603519e-2
    3.0493804994193852e-2 3.0498305722403529e-2 3.0502350791721256e-2
    3.0506316930768662e-2 3.0511680906101901e-2 3.051951792303953e-2
    3.0523615732818143e-2 3.0526750294181209e-2 3.0528723261340929e-2
    3.0534465842038117e-2 3.0538936263155847e-2 3.0542687773959187e-2
    3.0548976309887621e-2 3.0553475102275723e-2 3.0555489312519057e-2
    3.0557180654056992e-2 3.0559079468957862e-2 3.0562092366380966e-2
    3.0566186409714646e-2 3.0568220831128201e-2 3.0571645349027676e-2
    3.0574210816610048e-2 3.057617502361154e-2 3.0580306783235756e-2
    3.0585246960015411e-2 3.0588992097364098e-2 3.059395788659458e-2
    3.0597157145621168e-2 3.059829837820871e-2 3.0601473251522293e-2
    3.0603477900740472e-2 3.0613026308856206e-2 3.0616552592164226e-2
    3.0621904404881661e-2 3.0623580443261744e-2 3.0628235702351958e-2
    3.0630824913032484e-2 3.0633962162085027e-2 3.0642195901691593e-2
    3.0643729787925622e-2 3.0646672708371625e-2 3.0648788084818079e-2
    3.0650149884422717e-2 3.065056654872933e-2 3.0654823405029674e-2
    3.065927931220358e-2 3.0660883576501874e-2 3.0665131302612281e-2
    3.0668364714756535e-2 3.0670670400070321e-2 3.0672677383336122e-2
    3.0675615226584796e-2 3.067735507187308e-2 3.0681191587291323e-2
    3.068298409198178e-2 3.0685450588293861e-2 3.0689186464314844e-2
    3.0691152049087123e-2 3.0693313977963044e-2 3.0695859784145796e-2
    3.0697948208550468e-2 3.0698963606994312e-2 3.0701108308051062e-2
    3.0703095375429257e-2 3.0704099928129835e-2 3.0707894731676788e-2
    3.0709809829431833e-2 3.0710781554944333e-2 3.071157180170303e-2
    3.0715090300134307e-2 3.0717302711764205e-2 3.0719119363993741e-2
    3.0720681706497999e-2 3.0722603393087411e-2 3.0725101742746119e-2
    3.0726299165735327e-2 3.0728572208090554e-2 3.0730658910215425e-2
    3.0733232779539321e-2 3.0735165262058217e-2 3.0739340429818185e-2
    3.0741521088657464e-2 3.0742597560106333e-2 3.0745576817935216e-2
    3.0747511797130755e-2 3.0748735933229909e-2 3.075125862716277e-2
    3.0753630927620179e-2 3.0755493224584523e-2 3.0757577790268442e-2
    3.0760817102645888e-2 3.0762296344505557e-2 3.07658865178837e-2
    3.0767999510999289e-2 3.0768711731923304e-2 3.0769789589461045e-2
    3.0772494425718833e-2 3.0773004590400888e-2 3.0774436918818537e-2
    3.077726358333166e-2 3.0779574037410384e-2 3.0780771007357544e-2
    3.0782271395082716e-2 3.0783972517212987e-2 3.0786015588915916e-2
    3.0788661450287691e-2 3.0790008682743064e-2 3.079095227894868e-2
    3.0792955950005307e-2 3.0794165444376631e-2 3.0795095111291932e-2
    3.0796201983548599e-2 3.0797782339959667e-2 3.0798826230693521e-2
    3.080127854877901e-2 3.0802376366712753e-2 3.0804136868709975e-2
    3.0807601975311627e-2 3.080856222715056e-2 3.0811345721758698e-2
    3.0813155849955365e-2 3.0815548347050026e-2 3.0818644272585516e-2
    3.0819409654895935e-2 3.0821417775086957e-2 3.0822941747032928e-2
    3.082413487300073e-2 3.0825539708018823e-2 3.0826849488676089e-2
    3.0830045478675554e-2 3.0833463345743439e-2 3.0834948101187365e-2
    3.08359627806567e-2 3.0836595783853227e-2 3.0837686711151946e-2
    3.0837991518941028e-2 3.0839304731671291e-2 3.0840913418387572e-2
    3.0844121074248203e-2 3.0845414688997153e-2 3.0846483809682468e-2
    3.0850298485574967e-2 3.0850981264165966e-2 3.0852835474888707e-2
    3.0854718419504934e-2 3.0856812999672911e-2 3.0859059441581849e-2
    3.0860324058949118e-2 3.0863221602430713e-2 3.0864079860521088e-2
    3.0865904400002364e-2 3.0867953940969528e-2 3.0869257986466891e-2
    3.0871351527821389e-2 3.0874474429936072e-2 3.0875715341153409e-2
    3.0878401595145988e-2 3.0879132588097491e-2 3.0880547394758651e-2
    3.0881345258649162e-2 3.0884332838923001e-2 3.0885536456707996e-2
    3.0886555128290638e-2 3.0888224585169155e-2 3.0891108485775476e-2
    3.0891643302084049e-2 3.0893239907072712e-2 3.089415520730654e-2
    3.0895487582256465e-2 3.0896201867321338e-2 3.089942800886547e-2
    3.0901580907197967e-2 3.0902586215688643e-2 3.0903523875167593e-2
    3.0904120107948074e-2 3.090555809842499e-2 3.0906722558711408e-2
    3.0908817806903244e-2 3.0910856978266565e-2 3.0911199802190481e-2
    3.0913440452877694e-2 3.0915496684883692e-2 3.091618889811798e-2
    3.0916628669842794e-2 3.0918483768459737e-2 3.0919506221167126e-2
    3.0920333064159422e-2 3.0921041747509054e-2 3.0921700360446874e-2
    3.0922428381472855e-2 3.0923968099841659e-2 3.092575235973527e-2
    3.0926912874463142e-2 3.09274771668413e-2 3.0928644812320272e-2
    3.0929577657540602e-2 3.0930328571571408e-2 3.0932224742173275e-2
    3.0933891262890256e-2 3.0934920686149781e-2 3.0937398532842053e-2
    3.0939962028772545e-2 3.0941321640966635e-2 3.0941849543694389e-2
    3.0945503111979633e-2 3.0948101789874727e-2 3.0949113409747042e-2
    3.0950980540723094e-2 3.0951916310414163e-2 3.0955054758351253e-2
    3.0957035701007385e-2 3.0959133222192275e-2 3.096022595696013e-2
    3.0962139572324077e-2 3.0963204760041663e-2 3.0964366015155065e-2
    3.0965526287218381e-2 3.0966556863404548e-2 3.0970618654919235e-2
    3.0971831910392211e-2 3.0973669176319163e-2 3.0975680549090612e-2
    3.0977939851936753e-2 3.0979474557852882e-2 3.098081539337727e-2
    3.0983594411736703e-2 3.0984430637317928e-2 3.0985487626139729e-2
    3.0986618225483653e-2 3.0988306496936957e-2 3.0989062997548444e-2
    3.0990115886396552e-2 3.0990550333171996e-2 3.0991838051249943e-2
    3.0992740339267282e-2 3.0993976430693237e-2 3.0996650944189241e-2
    3.09977728514923e-2 3.0999036170669569e-2 3.1000312901824145e-2
    3.1002429425711853e-2 3.1002860316903025e-2 3.1005421594755944e-2
    3.100659979440934e-2 3.1008421005935816e-2 3.1008827480491163e-2
    3.1010633908105472e-2 3.1011217365933891e-2 3.1013454260573781e-2
    3.1014478139468338e-2 3.1016369596576016e-2 3.1017652099080806e-2
    3.1017838762892325e-2 3.101843400531834e-2 3.1020216401429934e-2
    3.1023496001239437e-2 3.1024085206766472e-2 3.1024567063468567e-2
    3.1026996306309229e-2 3.1028507337623523e-2 3.1029501623379474e-2
    3.1031231002695375e-2 3.1033140120598546e-2 3.1033995765180105e-2
    3.1034830830094506e-2 3.1038396050576011e-2 3.1040358225852521e-2
    3.1043079988421596e-2 3.1044133125305962e-2 3.1045199541949842e-2
    3.10463802167457e-2 3.1048567584548437e-2 3.1049092827743152e-2
    3.1050475139409173e-2 3.1051343705030376e-2 3.1051884228190829e-2
    3.1053528139750597e-2 3.1055904444201587e-2 3.1056403236561891e-2
    3.105742832804026e-2 3.1059463149972544e-2 3.106097978525213e-2
    3.1062780836464299e-2 3.1064432609355208e-2 3.1065872894487256e-2
    3.1066604580189505e-2 3.1067383544268523e-2 3.1070121513124604e-2
    3.1070706640662138e-2 3.1072015690142507e-2 3.1074304413948539e-2
    3.1076379234377782e-2 3.1079177521557238e-2 3.1081057219125796e-2
    3.1082266701787375e-2 3.1083278195865205e-2 3.1083855483799994e-2
    3.1084616770385765e-2 3.1085361163832204e-2 3.1087470493730507e-2
    3.1088008520555377e-2 3.1089544247834056e-2 3.1090652085367765e-2
    3.1093123523608785e-2 3.1095678822263533e-2 3.1096377070753078e-2
    3.1097298538725227e-2 3.1099410777187586e-2 3.1100141184424501e-2
    3.110279778502445e-2 3.1103410491141403e-2 3.1104174399388285e-2
    3.1105629855119332e-2 3.1107857789872167e-2 3.1109093526936249e-2
    3.1109912106899174e-2 3.1111904471345042e-2 3.1113855082381292e-2
    3.1118782098019437e-2 3.1119519671392482e-2 3.1120093188519604e-2
    3.112156921292808e-2 3.1123317428864539e-2 3.1125111643026077e-2
    3.1125766041441238e-2 3.1129194076640943e-2 3.1129975886869943e-2
    3.1133295436234221e-2 3.1133728410196682e-2 3.1134257553560474e-2
    3.1135598906075757e-2 3.1137847502350269e-2 3.1140631262815077e-2
    3.1141620143216642e-2 3.1144285193477117e-2 3.1148215098824039e-2
    3.1150400574915693e-2 3.1152041159657529e-2 3.1153137453884483e-2
    3.1157202252188654e-2 3.1158823830025995e-2 3.1161007326545587e-2
    3.1162189283804764e-2 3.1166262211996809e-2 3.1168230449793555e-2
    3.1169359236855598e-2 3.1171805208451531e-2 3.1175892493592983e-2
    3.1178273703062587e-2 3.1181436201222823e-2 3.1183418962200449e-2
    3.1185468234525615e-2 3.1187266863753393e-2 3.1189315981009713e-2
    3.1191073087256882e-2 3.1194559240020681e-2 3.1195583472026556e-2
    3.1197581118476592e-2 3.1200216249658297e-2 3.1201798897654953e-2
    3.1204148634060402e-2 3.1204988642684839e-2 3.1207182950311108e-2
    3.1208074161744054e-2 3.1209783144504399e-2 3.1211061087257502e-2
    3.1211934005909825e-2 3.1212858346520989e-2 3.1214065244057565e-2
    3.1215278175068306e-2 3.1217515067964996e-2 3.1220960371079798e-2
    3.122796524178284e-2 3.1230946186951769e-2 3.1236567665473558e-2
    3.123946177970538e-2 3.1241025088775132e-2 3.1245720589140547e-2
    3.1246845256418965e-2 3.1251744732571751e-2 3.1254816574346478e-2
    3.1256331304120977e-2 3.1258701640581421e-2 3.1262851078963649e-2
    3.1272774027456762e-2 3.1281839646908338e-2 3.1286058391856386e-2
    3.1288836954445287e-2 3.1291858063923428e-2 3.1298329316769014e-2
    3.1302410985404094e-2 3.1305462478485424e-2 3.130757761255154e-2
    3.1310659085193038e-2 3.1319135458716119e-2 3.1320019588179093e-2
    3.1322633886404785e-2 3.1326250970323599e-2 3.1332452388141974e-2
    3.1340828486690953e-2 3.1347209432396994e-2 3.1349725409143048e-2
    3.1356486387570236e-2 3.1362479085373707e-2 3.1366271281967784e-2
    3.1372748901503655e-2 3.1377557913288001e-2 3.1384835725305038e-2
    3.1393819297818482e-2 3.1397392051573547e-2 3.1406652665008708e-2
    3.1414228399171407e-2 3.1417658397458581e-2 3.1424577611081382e-2
    3.1439406771823997e-2 3.1451281793579255e-2 3.145695944306226e-2
    3.1469327950844672e-2 3.1471611314941583e-2 3.148381920891552e-2
    3.1497010247903745e-2 3.1513622084958115e-2 3.1531031843428536e-2
    3.1538322038159095e-2 3.1589535414696002e-2 3.1598236403169722e-2
    3.1609253187184549e-2 3.1616156703404362e-2 3.1634731654719417e-2
    3.1654837787755241e-2 3.1682004095879769e-2 3.1697725249884595e-2
    3.1762907470010759e-2 3.1795079301332407e-2 3.1896914553954048e-2
    3.198096295264044e-2 3.2110957914338649e-2 3.2198569661978822e-2
    3.23414413617229e-2 3.2573109931747009e-2 3.2666051445714939e-2
    3.2894716084251853e-2 3.310247215757188e-2 3.3255169664452619e-2
    3.3366828917952389e-2 3.3656206803805114e-2 3.3780034454761465e-2
    3.3880222673380318e-2 3.3991600777670369e-2 3.4157597765800088e-2
    3.4334912818887155e-2 3.4419453147945332e-2 3.4564549081177835e-2
    3.4661926874461339e-2 3.481213751911838e-2 3.5040893619073664e-2
    3.535048968662869e-2 3.5586799818712017e-2 3.5675438316156077e-2
    3.5940423620609854e-2 3.6182357484182089e-2 3.6452167508657242e-2
    3.6687040847271521e-2 3.6862912848231219e-2 3.6935112906705647e-2
    3.712591444250344e-2 3.7269948445044311e-2 3.740043447355116e-2
    3.7648460665313369e-2 3.7738619587503089e-2 3.7926735747536688e-2
    3.8110027381496277e-2 3.8487296763257677e-2 3.866849675834394e-2
    3.8830978710829335e-2 3.9043512695812237e-2 3.9100220362360112e-2
    3.925563127377095e-2 3.9465420056204306e-2 3.9578313662881288e-2
    3.9764860709594896e-2 3.9837064242032517e-2 4.0066746248580892e-2
    4.013062233660037e-2 4.0216873202146834e-2 4.0355444945194059e-2
    4.0532928251162011e-2 4.0603980976189211e-2 4.0614962965112987e-2
    4.0634504473170331e-2 4.0663526476161373e-2 4.0678856059457758e-2
    4.0689212294940567e-2 4.0699731263581874e-2 4.0708298640443751e-2
    4.0713024121032504e-2 4.0744119934818933e-2 4.0756216501449671e-2
    4.0763296072782396e-2 4.0771799900312544e-2 4.0781708717834896e-2
    4.0794975474606567e-2 4.0805318336272954e-2 4.0807895568832464e-2
    4.081852823761286e-2 4.0822797278678991e-2 4.08304710918325e-2
    4.0834435831584415e-2 4.0840055786702578e-2 4.084654920616989e-2
    4.0853731159889627e-2 4.0862534494105297e-2 4.086814433207072e-2
    4.0873528033595598e-2 4.0883839620467675e-2 4.0890224011339647e-2
    4.0895759434230662e-2 4.0901360867640811e-2 4.09048440362767e-2
    4.09096230346222e-2 4.0913326463851263e-2 4.0918286324192782e-2
    4.0924935275900985e-2 4.0932408568930136e-2 4.0938134891803202e-2
    4.0940584896437336e-2 4.0942462753112828e-2 4.0950857649894111e-2
    4.0955048361411173e-2 4.0960263211729853e-2 4.0966832091726246e-2
    4.0980132156164473e-2 4.0988560425224328e-2 4.0992205732891307e-2
    4.0999619669037202e-2 4.1007384148542769e-2 4.1008572571778736e-2
    4.1018408725070309e-2 4.1026013663440608e-2 4.1030662488121074e-2
    4.1039647648782797e-2 4.1045335562406159e-2 4.1048640055123542e-2
    4.1054183297546842e-2 4.1064628960384653e-2 4.1071978909201334e-2
    4.1082007092427375e-2 4.1089957699265746e-2 4.1096457181386846e-2
    4.1100064210941888e-2 4.1108193084558785e-2 4.1116878998006236e-2
    4.1128516335296204e-2 4.1138802370142002e-2 4.1158914950983672e-2
    4.11721404474166e-2 4.1196053340627259e-2 4.1205352337025637e-2
    4.1229757096819718e-2 4.1246977222044734e-2 4.1262118246177856e-2
    4.1310655954160676e-2 4.1405222349069959e-2 4.1498717210454748e-2
    4.1615905643084261e-2 4.1766705423024755e-2 4.1857052669779744e-2
    4.1931196812641271e-2 4.2071590916748391e-2 4.2117489488919906e-2
    4.2165623180197856e-2 4.2270867031398297e-2 4.2356702168575143e-2
    4.2514130579717847e-2 4.2599553702170827e-2 4.2759367553751128e-2
    4.2864358041212851e-2 4.2960260207601991e-2 4.3142871364356357e-2
    4.3172119687441023e-2 4.3426052959687107e-2 4.350905804616214e-2
    4.3558634660676644e-2 4.3791117139379776e-2 4.3955302291972594e-2
    4.3988588947099991e-2 4.419681576814978e-2 4.4291695793632131e-2
    4.4386112302163383e-2 4.4517484495172323e-2 4.4565937930201471e-2
    4.4642771344424799e-2 4.4722589345852271e-2 4.4782720303987569e-2
    4.4959956481165374e-2 4.5074387269486593e-2 4.5188230516667025e-2
    4.528321886851755e-2 4.5361053703157482e-2 4.54216542989343e-2
    4.5460356513785882e-2 4.554384712699619e-2 4.5597298001912798e-2
    4.564087260598626e-2 4.5679237907087548e-2 4.5702380893544614e-2
    4.5739250187471436e-2 4.5841394720334321e-2 4.5891394822654315e-2
    4.5952264503545587e-2 4.6070700717943204e-2 4.6269113701006857e-2
    4.6387862227116522e-2 4.6534994362008593e-2 4.6641376548239542e-2
    4.6780021020534898e-2 4.6888379206398177e-2 4.7016145434523572e-2
    4.7104382474860054e-2 4.7197474730843549e-2 4.7420625627001424e-2
    4.7640241268348496e-2 4.7713447532215819e-2 4.7803086124106865e-2
    4.7963979047889502e-2 4.8255347378366023e-2 4.8390505216566682e-2
    4.8486818091739999e-2 4.8574171408626507e-2 4.8756172291772461e-2
    4.887160594301096e-2 4.89102451840581e-2 4.9027565699563014e-2
    4.9338293710981418e-2 4.9512944901759205e-2 4.9560673100885605e-2
    4.9730651115406782e-2 4.9960919240087047e-2 5.0075733014481615e-2
    5.0182741736448648e-2 5.0256737956321705e-2 5.0421717873333737e-2
    5.048982761620837e-2 5.0610569066249583e-2 5.0792236172591848e-2
    5.0968287066190575e-2 5.1063138394688463e-2 5.1312986666645861e-2
    5.1439969578712497e-2 5.1533254298077938e-2 5.1663989436534052e-2
    5.1830309496180185e-2 5.1952447067842078e-2 5.2064610262466934e-2
    5.2134734165986935e-2 5.2269321403847088e-2 5.2421838405086976e-2
    5.2678899603659721e-2 5.2773384359156059e-2 5.2920174263765045e-2
    5.3025776937259142e-2 5.3147005430060824e-2 5.3231419577824186e-2
    5.3295962472264126e-2 5.3425452588918544e-2 5.3511330481188391e-2
    5.3626945254946157e-2 5.3798112455976051e-2 5.3964319224207663e-2
    5.3978710995050298e-2 5.4046698999446578e-2 5.4144926410254944e-2
    5.4229019101245175e-2 5.4373763943516652e-2 5.4543456421927775e-2
    5.4652838755322286e-2 5.4729194669675331e-2 5.4801303979392139e-2
    5.5128818803318783e-2 5.518862220609299e-2 5.5241252947286872e-2
    5.540165316361443e-2 5.5590525742109091e-2 5.5678134979231853e-2
    5.5778650864548501e-2 5.5905283785274026e-2 5.598928193796656e-2
    5.6087909346395029e-2 5.6332003488707254e-2 5.6357411655851168e-2
    5.640427953074742e-2 5.6494231935022302e-2 5.6704365587234941e-2
    5.6819829835095044e-2 5.6884465805532358e-2 5.7016583009918145e-2
    5.7155282419468052e-2 5.7233846313640521e-2 5.7424140303702069e-2
    5.752329835618978e-2 5.7674882319792627e-2 5.7821878427971991e-2
    5.7893895015091346e-2 5.8058085431789343e-2 5.8210575984864829e-2
    5.8500211100174442e-2 5.8592468562006693e-2 5.8689269552870196e-2
    5.8747465789047153e-2 5.881182527878271e-2 5.8934776638592451e-2
    5.9304133200271281e-2 5.946725921384078e-2 5.9689366195479363e-2
    5.9836572138920019e-2 6.000482198765706e-2 6.0146734461656762e-2
    6.0291456159750498e-2 6.0323462921587634e-2 6.0344639119193744e-2
    6.0366144951027913e-2 6.0386733921518498e-2 6.0396311073835328e-2
    6.0415094383632538e-2 6.0425660257237723e-2 6.0446419442120959e-2
    6.0459534483925381e-2 6.0485807129680325e-2 6.0492026874499061e-2
    6.0504929861508572e-2 6.0513915614592406e-2 6.0519256588577264e-2
    6.0523198288365165e-2 6.0527465396944535e-2 6.0532919530373874e-2
    6.0539357499465041e-2 6.0546310990957863e-2 6.0553125520073081e-2
    6.0558784577324332e-2 6.0570438180244913e-2 6.0576236852513135e-2
    6.0581472187095642e-2 6.0588022981846734e-2 6.0590647542767329e-2
    6.0596152458401775e-2 6.0598683773605444e-2 6.0604144373276846e-2
    6.0606947799783484e-2 6.0611510783814992e-2 6.0627543844020693e-2
    6.0635583656448944e-2 6.0640797650421518e-2 6.064265852804359e-2
    6.0647020167754175e-2 6.0647881585964569e-2 6.0649521864888811e-2
    6.0652144897630933e-2 6.0655451635966529e-2 6.0656772206129972e-2
    6.0664052472930052e-2 6.0666625845442468e-2 6.0670481099199002e-2
    6.0672677006550657e-2 6.0674812753859442e-2 6.0680277054984799e-2
    6.0684332243795325e-2 6.0686398610869219e-2 6.0689454704818978e-2
    6.0690083102599601e-2 6.0690506118589838e-2 6.0692765861517728e-2
    6.0695030491842772e-2 6.069637842119846e-2 6.0697747691392578e-2
    6.0702399886167768e-2 6.0704651115656816e-2 6.0708429298074407e-2
    6.0710216954703355e-2 6.0713407809089404e-2 6.0718585746684539e-2
    6.072189229007563e-2 6.0726049822847017e-2 6.0728162416069154e-2
    6.0729812055342336e-2 6.0732121957471463e-2 6.0735148943876993e-2
    6.0737193884051521e-2 6.0740105756394769e-2 6.074112874102866e-2
    6.0744304232629831e-2 6.0747677093331731e-2 6.0754754176590119e-2
    6.0756582226531464e-2 6.0758428940516751e-2 6.0763539525396482e-2
    6.0765907100403638e-2 6.0768140404888982e-2 6.0770489759988777e-2
    6.0773590792905452e-2 6.0774574471224696e-2 6.0778713669094486e-2
    6.0781381279866764e-2 6.0783214739331015e-2 6.0786141905964541e-2
    6.0787377587985247e-2 6.078978262758028e-2 6.0791734662871022e-2
    6.0793624730195006e-2 6.0796015192408959e-2 6.0798552345659118e-2
    6.0801109719477608e-2 6.080213912673571e-2 6.0807013230260054e-2
    6.0808666683328738e-2 6.0809911244632531e-2 6.081143549403123e-2
    6.0812622247340187e-2 6.0814049227246869e-2 6.081601161198099e-2
    6.0816668544930508e-2 6.0820810363793498e-2 6.0825468998245924e-2
    6.0826530061717676e-2 6.0827789237919205e-2 6.0829119701338641e-2
    6.0831286262327922e-2 6.0832163278064399e-2 6.0833350906253511e-2
    6.0836693912278861e-2 6.0837630007426924e-2 6.0841538689146546e-2
    6.0844230157044876e-2 6.0844617493330588e-2 6.0847180749874497e-2
    6.0848929205121749e-2 6.0849847037388827e-2 6.0852288967301625e-2
    6.0853414736357081e-2 6.0854747016037436e-2 6.0857462693093112e-2
    6.0858335411012376e-2 6.0860192660887456e-2 6.0863459797474206e-2
    6.0864350624342478e-2 6.0867474655424303e-2 6.0871777457123244e-2
    6.0873508050917735e-2 6.0875130486692797e-2 6.0875737497781301e-2
    6.0878351029145961e-2 6.0882220546432109e-2 6.0883452897087409e-2
    6.0884584393988916e-2 6.0887984020155272e-2 6.0889089643296757e-2
    6.0890247299198563e-2 6.0891752422776335e-2 6.0893290087733476e-2
    6.0895177470683848e-2 6.0897484295423965e-2 6.0899514014181477e-2
    6.090190388249539e-2 6.0902533642547496e-2 6.0905025642265777e-2
    6.0905988076228823e-2 6.090687728692501e-2 6.0909352090751177e-2
    6.0911907863101078e-2 6.0913880080647687e-2 6.0915475718502421e-2
    6.0916008640788277e-2 6.091807025518392e-2 6.0919918194031197e-2
    6.0920935882677441e-2 6.092141869248735e-2 6.0924630118506684e-2
    6.0926783060267553e-2 6.09274727785305e-2 6.0929027883958042e-2
    6.0930359798476275e-2 6.0930520302463265e-2 6.0932401504061318e-2
    6.0934166694967949e-2 6.0937134281175531e-2 6.0937778601328318e-2
    6.0941196540397868e-2 6.0942048709269635e-2 6.0944244090251232e-2
    6.094687518043429e-2 6.0949469976549153e-2 6.0952029990971823e-2
    6.0953236253681098e-2 6.0955007399267437e-2 6.0955967986046744e-2
    6.095974241446811e-2 6.096173361008065e-2 6.0963488690731538e-2
    6.0965415329519601e-2 6.0967864466268416e-2 6.0968835810399469e-2
    6.0969868391566706e-2 6.0970455973802018e-2 6.0971838989985372e-2
    6.0973254533791987e-2 6.0973661873958918e-2 6.0974557026156617e-2
    6.0975857768274487e-2 6.097636493450409e-2 6.0976738282761289e-2
    6.0977018008770756e-2 6.0978284244413317e-2 6.0980456640294278e-2
    6.0981299550121548e-2 6.0983261358160235e-2 6.0983850073171197e-2
    6.09875075679156e-2 6.0990450547706132e-2 6.0992108403752354e-2
    6.0993699876689789e-2 6.0994876739187021e-2 6.0996483636245102e-2
    6.0998369807293784e-2 6.100067216084426e-2 6.1004213779142447e-2
    6.1004907532606012e-2 6.1006238222944376e-2 6.1008178445490557e-2
    6.1009916214061377e-2 6.1011418277303164e-2 6.1013156808030544e-2
    6.1016004406155844e-2 6.1017015500056004e-2 6.1019931900773372e-2
    6.1022621061235606e-2 6.1023474615012674e-2 6.1024661285955517e-2
    6.102565483070066e-2 6.1026665568164162e-2 6.1027418544881584e-2
    6.1032251817096039e-2 6.1034866565023549e-2 6.1036641045461693e-2
    6.1038791163582573e-2 6.1040045132813248e-2 6.1041824462790828e-2
    6.1043417570999736e-2 6.1045153708164435e-2 6.1045959578450493e-2
    6.1046314000577695e-2 6.1047105051329709e-2 6.1048322507076591e-2
    6.1049778084907302e-2 6.1053227078446071e-2 6.1054739945120673e-2
    6.1056655752963707e-2 6.1059071888848848e-2 6.1059714282540277e-2
    6.1061742452693579e-2 6.1062830989158101e-2 6.1065389607847465e-2
    6.1066931997174834e-2 6.106877649949638e-2 6.1070238764841633e-2
    6.1073983167261758e-2 6.1076117927768792e-2 6.1076726253986635e-2
    6.1078928117012765e-2 6.1080501743077775e-2 6.1082284192139014e-2
    6.1085499309882607e-2 6.1087945545068578e-2 6.10892967001746e-2
    6.1093066812645702e-2 6.1094587590730498e-2 6.1095757183011301e-2
    6.1097028707052914e-2 6.1099150628137977e-2 6.1101138279809675e-2
    6.1102827503267086e-2 6.1103615367983366e-2 6.1107139306841418e-2
    6.1108437361099277e-2 6.1111659336196077e-2 6.1112553637713063e-2
    6.1113829746318515e-2 6.1116582518934592e-2 6.1118209154225646e-2
    6.1118965997593477e-2 6.1120842763330074e-2 6.1121564088352898e-2
    6.11229984720012e-2 6.1125390947154301e-2 6.1127093633331242e-2
    6.1128896858690496e-2 6.1130043491289143e-2 6.1132947638498081e-2
    6.1134236166253686e-2 6.1136088006833234e-2 6.1136857923429488e-2
    6.1140107163737412e-2 6.1141632337694318e-2 6.1143347690176597e-2
    6.1144708379288204e-2 6.1148106227847165e-2 6.1149516959176253e-2
    6.1150895723955045e-2 6.1151478092710931e-2 6.1152912536726944e-2
    6.1153541351814056e-2 6.1155069511414695e-2 6.1156973259585357e-2
    6.1159506774629335e-2 6.1159906830425825e-2 6.1160415199234798e-2
    6.1161829182537986e-2 6.1164178515809908e-2 6.1166573842911021e-2
    6.1167864638036917e-2 6.1169836089447926e-2 6.1175223445388838e-2
    6.1177776376098336e-2 6.1180328596037725e-2 6.1182622996057034e-2
    6.1184519536927461e-2 6.1186457487110602e-2 6.1188489447431493e-2
    6.1190358453586668e-2 6.1194348934577647e-2 6.1199039507755515e-2
    6.1202024850899761e-2 6.1204408571484237e-2 6.1205736650208564e-2
    6.1207483412090369e-2 6.1209766743040461e-2 6.1210676374078808e-2
    6.1211409777115477e-2 6.1213406942291236e-2 6.1215040740535187e-2
    6.1215930165872123e-2 6.1217227296765486e-2 6.121917678092359e-2
    6.1220155387218256e-2 6.1223162704209244e-2 6.1226365865884702e-2
    6.1227618005432305e-2 6.1229946981711691e-2 6.1231084599910446e-2
    6.1234186276124092e-2 6.1235805584374248e-2 6.1237249677105865e-2
    6.1238358254740888e-2 6.1239412382519731e-2 6.124066705046971e-2
    6.1245179067327626e-2 6.1247639240718854e-2 6.1251240931539996e-2
    6.1252019987250605e-2 6.1253891481328537e-2 6.1256439434600907e-2
    6.1258755859853409e-2 6.1260498632994619e-2 6.1260994919010159e-2
    6.1263679293801943e-2 6.1265345069955401e-2 6.1270394022471919e-2
    6.1271599101473839e-2 6.1273104779047571e-2 6.127387465130596e-2
    6.1275945558463718e-2 6.1278079428120691e-2 6.1279688830836676e-2
    6.1281516144617854e-2 6.128284562259978e-2 6.1284093010044671e-2
    6.128522897597577e-2 6.1287803888565882e-2 6.1292322095596319e-2
    6.1295095780224074e-2 6.1297504365029454e-2 6.1298818575551195e-2
    6.1300407026919856e-2 6.1301893940481023e-2 6.1303530510940618e-2
    6.1304280505964925e-2 6.1304940523427831e-2 6.1306636382511215e-2
    6.1308372188960902e-2 6.1310466395752883e-2 6.1312548295290981e-2
    6.1316534125992916e-2 6.132014739796432e-2 6.132293806755721e-2
    6.1324911515384883e-2 6.1328378769758274e-2 6.132958268517541e-2
    6.1331392910574323e-2 6.1332367749400873e-2 6.1333471654052119e-2
    6.1336902920913872e-2 6.1337967418296557e-2 6.1341167809814579e-2
    6.134270672225739e-2 6.1344264401365457e-2 6.134618370257764e-2
    6.1348183323389094e-2 6.1351327792976917e-2 6.1353751836880598e-2
    6.1357271179531381e-2 6.1360098554189335e-2 6.1362887275208777e-2
    6.1365836214349656e-2 6.1369426431838292e-2 6.1371038231698094e-2
    6.13722844482254e-2 6.1374016262561781e-2 6.1381121720387455e-2
    6.1385200167023868e-2 6.1386397150499761e-2 6.1390418665354218e-2
    6.1393047369620035e-2 6.1395238743273239e-2 6.1397463953994702e-2
    6.1399340027037397e-2 6.1400701426236992e-2 6.1403185611804169e-2
    6.1408006282363203e-2 6.1414279822656681e-2 6.1418264004259981e-2
    6.1419632829824877e-2 6.1423365788925821e-2 6.1426547270002629e-2
    6.1428774253272422e-2 6.1430976816154725e-2 6.1434616197516334e-2
    6.1435831378730654e-2 6.1437688073965546e-2 6.1439876241138336e-2
    6.1447948829709276e-2 6.1450942407304865e-2 6.1454137003693177e-2
    6.1455869440976585e-2 6.1459572212811509e-2 6.14624995334907e-2
    6.14695648525867e-2 6.1474325721746936e-2 6.1476083933030168e-2
    6.1478717518525627e-2 6.148198894561574e-2 6.1483635704462358e-2
    6.1487899229177856e-2 6.1496107191487681e-2 6.1499680665065171e-2
    6.1501674269266005e-2 6.1503722577299413e-2 6.1506521283035909e-2
    6.1513061217510767e-2 6.1514693605431603e-2 6.1517919879463534e-2
    6.152145691203259e-2 6.1523235130835019e-2 6.1527871071007212e-2
    6.1531176288326606e-2 6.153820426055745e-2 6.1543805437167975e-2
    6.1547930240976712e-2 6.1551074104045256e-2 6.1553416361675772e-2
    6.1556837847547285e-2 6.1562615197350748e-2 6.1565740257229606e-2
    6.157243419875158e-2 6.1576501962008479e-2 6.1592609215267657e-2
    6.1606126468859657e-2 6.1613542067334492e-2 6.1617654422718715e-2
    6.1626413885960574e-2 6.1630009909549699e-2 6.163433023766629e-2
    6.1655489611212033e-2 6.1669518277085444e-2 6.1686920653301058e-2
    6.169497788573608e-2 6.1704645003374026e-2 6.1707807037071134e-2
    6.1723093877844804e-2 6.1740186107954287e-2 6.1758221400168622e-2
    6.1767969707489101e-2 6.1778824059956605e-2 6.1790818711642714e-2
    6.1810009625560269e-2 6.1845213619335482e-2 6.1878537928350852e-2
    6.1914780217529886e-2 6.2005943276631115e-2 6.209511473128905e-2
    6.2159728507594991e-2 6.2230581019321107e-2 6.233124467317671e-2
    6.2549285723889625e-2 6.2621658561002436e-2 6.2738166438590051e-2
    6.2951066579316955e-2 6.3138103356310427e-2 6.330113167814938e-2
    6.3462454441693711e-2 6.3593870492429524e-2 6.3753851143126344e-2
    6.3860575756360352e-2 6.4052949300314105e-2 6.4402979126602936e-2
    6.4542560961434417e-2 6.5131770832563968e-2 6.5199165615013044e-2
    6.5338982574821944e-2 6.548428102761937e-2 6.5553835587812984e-2
    6.5681886633701891e-2 6.5837125978153679e-2 6.5941736484135136e-2
    6.6056251359630849e-2 6.6286872733497204e-2 6.6399158965969901e-2
    6.6677491943782793e-2 6.6897221201903806e-2 6.7096705254932568e-2
    6.7240255677155317e-2 6.7398203280920499e-2 6.747999979105164e-2
    6.7626336334141446e-2 6.7757899133726471e-2 6.8215226815156682e-2
    6.8316386822927108e-2 6.85644245258204e-2 6.8747034541543087e-2
    6.8876511275691624e-2 6.9158520517328945e-2 6.9377369026050156e-2
    6.9605384432803216e-2 7.0152155130238369e-2 7.0360720717071126e-2
    7.0553079460961704e-2 7.075825565614062e-2 7.0928814163996115e-2
    7.1177148997681933e-2 7.1218699349638662e-2 7.1391244237228035e-2
    7.1575257021519859e-2 7.1861591345323009e-2 7.2150386220356091e-2
    7.2576042448445371e-2 7.2762022050043798e-2 7.300447050772485e-2
    7.3144850714364093e-2 7.3313012263005489e-2 7.355850444033811e-2
    7.366265881519371e-2 7.3725319888509944e-2 7.4027298263037347e-2
    7.4341540670546644e-2 7.4532018895139718e-2 7.4693889019039367e-2
    7.4907389246420833e-2 7.5083006506538333e-2 7.5149891404880542e-2
    7.5387949675443239e-2 7.5552257151997537e-2 7.5602349303982117e-2
    7.565491021907178e-2 7.5815661257047001e-2 7.5859133578134674e-2
    7.6066483342796531e-2 7.6381794547664e-2 7.6573054743560548e-2
    7.6820966572842722e-2 7.6891880386827371e-2 7.7119609040037021e-2
    7.7486144430276654e-2 7.7635194910492311e-2 7.7806700204603382e-2
    7.8156835300230043e-2 7.8497624794506782e-2 7.898075727719818e-2
    7.919618865066784e-2 7.9396939342365511e-2 7.9551108694848258e-2
    7.9871456716310296e-2 8.0571042955311437e-2 8.0675303018142588e-2
    8.080147406013849e-2 8.1032459332666562e-2 8.1255799747453686e-2
    8.1468419613975135e-2 8.1678001269921738e-2 8.1783004993502662e-2
    8.2168881468122457e-2 8.2529119482421476e-2 8.286012317439917e-2
    8.297039398368132e-2 8.331330189512301e-2 8.3496991146202973e-2
    8.3811729248257805e-2 8.4003492643948519e-2 8.4345233412150972e-2
    8.470903314767049e-2 8.506465462046546e-2 8.5425503580742829e-2
    8.6134461565122972e-2 8.63868557682963e-2 8.6709540298261348e-2
    8.7154396266574466e-2 8.795827154264399e-2 8.8403633657557684e-2
    8.8982123699644963e-2 8.9357614850446979e-2 8.9720032960030949e-2
    9.0094717102147115e-2 9.0347993250361469e-2 9.080174200934657e-2
    9.1339489423558698e-2 9.2057772641725794e-2 9.2507021789288046e-2
    9.2653344732157875e-2 9.3007403165011049e-2 9.3667549015596221e-2
    9.416871894265344e-2 9.4535386754040177e-2 9.4859981257871234e-2
    9.5190141012268678e-2 9.604640132176262e-2 9.6255989007381179e-2
    9.6781069446263385e-2 9.7153601228678277e-2 9.756323385340393e-2
    9.8027164533888822e-2 9.821856357763481e-2 9.8862287448111902e-2
    1.001428028092629e-1 1.0036622606685341e-1 1.0095490027354496e-1
    1.0125265792066784e-1 1.0177984366530524e-1 1.0228945633682225e-1
    1.0333228777309329e-1 1.0363712755795657e-1 1.0418618185770395e-1
    1.0546548787407863e-1 1.0560991768302125e-1 1.0639761925479403e-1
    1.0687007714210976e-1 1.0733617842416406e-1 1.0792377158462949e-1
    1.087024834779832e-1 1.0980316195298799e-1 1.1079896463724416e-1
    1.1121303305867514e-1 1.1221994139938689e-1 1.1265728108984494e-1
    1.1421978751809174e-1 1.1470995476353771e-1 1.1558143570744682e-1
    1.1598745298783797e-1 1.1651565625425064e-1 1.1686427567153146e-1
    1.1744121724234606e-1 1.1782660004109112e-1 1.1849472540643546e-1
    1.1872461318552041e-1 1.1908568833791833e-1 1.1926725913312226e-1
    1.1981885697354347e-1 1.2155701189687483e-1 1.2230339942116077e-1
    1.2353207725413995e-1 1.2456284218910696e-1 1.2635302471585805e-1
    1.2714913905446898e-1 1.2942493007122721e-1 1.3082358481766104e-1
    1.3167600180278036e-1 1.3229518862139381e-1 1.3353574017628489e-1
    1.3596590659707886e-1 1.3821561588974873e-1 1.3868138807902142e-1
    1.3884398688545238e-1 1.3908654159195066e-1 1.393068960551318e-1
    1.398029597843389e-1 1.4077231953979208e-1 1.4129574629993158e-1
    1.4227128302082162e-1 1.4554320114821168e-1 1.477495623498076e-1
    1.4858254534874504e-1 1.492772683509429e-1 1.5123556692704251e-1
    1.5211336307054807e-1 1.5471781476799151e-1 1.5689132223309976e-1
    1.5977758817277901e-1 1.6568742679145484e-1 1.6982413222423057e-1
    1.7131693097934284e-1 1.7289910015508289e-1 1.7472788483763088e-1
    1.7784251344119184e-1 1.7832555606219103e-1 1.8021291667400874e-1
    1.8453284638496825e-1 1.8657928271022683e-1 1.8940393969114666e-1
    1.9109323461711589e-1 1.9241501801394517e-1 1.9478312190616151e-1
    1.9760748545998771e-1 1.9798293318884438e-1 1.9923465485802203e-1
    2.0415428395153867e-1 2.0621721594183587e-1 2.0784669595013838e-1
    2.0813118659225438e-1 2.087860120429923e-1 2.0996126497470868e-1
    2.1212727468946468e-1 2.1622404645236201e-1 2.1983903105681499e-1
    2.2261525476749608e-1 2.2336801306067855e-1 2.2405814240892141e-1
    2.2519986556108051e-1 2.2852247816300064e-1 2.2943062028753047e-1
    2.3106538258016371e-1 2.3381289887083767e-1 2.3432407304051139e-1
    2.375405684888392e-1 2.3824132635544712e-1 2.3884150233694032e-1
    2.3972468780671494e-1 2.3999780970784326e-1 2.403233633154245e-1
    2.4236811114513496e-1 2.4372564064833568e-1 2.4390618907636963e-1
    2.4444071169827195e-1 2.4621768700916588e-1 2.4796977624571975e-1
    2.4849531384620605e-1 2.4942970300638151e-1 2.5102947841895168e-1
    2.5236245400878943e-1 2.5255462534323669e-1 2.5282262496826163e-1
    2.5319627613862394e-1 2.5448201778619312e-1 2.5509662268243782e-1
    2.5566571401209742e-1 2.5754331765285149e-1 2.5892366044185372e-1
    2.5929733743214456e-1 2.5979877829120762e-1 2.604530649327072e-1
    2.6141548688615834e-1 2.6194973550334705e-1 2.6303204146678483e-1
    2.6385844202296638e-1 2.6473048220507489e-1 2.6658107763428646e-1
    2.6775834224508799e-1 2.6972064303458865e-1 2.7109782808028365e-1
    2.7156878711078508e-1 2.7194897201496299e-1 2.7257641281655443e-1
    2.7475907016964307e-1 2.7720218814546471e-1 2.7761411592225865e-1
    2.7776134502654615e-1 2.7786692464107748e-1 2.7795415396344147e-1
    2.780800407920449e-1 2.7845199388250169e-1 2.7919396156064774e-1
    2.7979570079105542e-1 2.8001464556685579e-1 2.8148911167520257e-1
    2.8203755493096749e-1 2.8228660529085514e-1 2.8277695741336273e-1
    2.8353546301392879e-1 2.8365506387640543e-1 2.8399164588683395e-1
    2.8477891365976876e-1 2.8641484418403707e-1 2.8704306736858598e-1
    2.8763925003227087e-1 2.8827100115156806e-1 2.8847232661670813e-1
    2.8874833876034245e-1 2.8949488331181783e-1 2.9016938392735231e-1
    2.9089298623178667e-1 2.9145863549042084e-1 2.9195450132761636e-1
    2.9290527661108473e-1 2.93900809447526e-1 2.9427504140130623e-1
    2.9461199010165728e-1 2.9505233164019906e-1 2.9545167928325911e-1
    2.9589864742956706e-1 2.9599760884987819e-1 2.9643506555166821e-1
    2.9747574316140274e-1 2.9810535923401665e-1 2.9820241083280052e-1
    2.9855393725688373e-1 2.9899006496680158e-1 3.0046729105921105e-1
    3.0091636649755554e-1 3.011932033812425e-1 3.0217472589881961e-1
    3.0296631395615098e-1 3.0350459813193992e-1 3.0411217429041748e-1
    3.0447138567024012e-1 3.0536634647830851e-1 3.0578961541912331e-1
    3.0742951811606128e-1 3.0872324477437968e-1 3.0935549950179897e-1
    3.1010273349966155e-1 3.1058405977101855e-1 3.112004363692904e-1
    3.1160987859895894e-1 3.1181177800499427e-1 3.1285355538590109e-1
    3.1390467344590434e-1 3.1434057316073449e-1 3.1512067677374489e-1
    3.1536133963769925e-1 3.163064932394164e-1 3.1746595832695534e-1
    3.1806499916769504e-1 3.1872096298654168e-1 3.1993838022663112e-1
    3.2073803448969962e-1 3.2102276381152073e-1 3.219544470957072e-1
    3.2226195692808485e-1 3.2258051595575427e-1 3.2317533547364974e-1
    3.2395928872952379e-1 3.2462156805567327e-1 3.2524429053422532e-1
    3.2589325939392844e-1 3.2627614871129978e-1 3.2712267630526526e-1
    3.2789597313621421e-1 3.285229312134561e-1 3.2907535681212607e-1
    3.29602105327164e-1 3.3038140633642699e-1 3.3105564950108146e-1
    3.3195375411348021e-1 3.3339673633847156e-1 3.3444815068620909e-1
    3.3477239236634659e-1 3.3501671704334512e-1 3.3584511428588565e-1
    3.3612470177771075e-1 3.3670873225938441e-1 3.376053555717094e-1
    3.3804261937874003e-1 3.3866782394397887e-1 3.3883675759814952e-1
    3.3940865636042061e-1 3.3975519281169192e-1 3.4015953128012671e-1
    3.4146969326320686e-1 3.4260383745153045e-1 3.4298196597893593e-1
    3.4314612242991416e-1 3.44265123283094e-1 3.4453386665818797e-1
    3.4493932740640176e-1 3.4531064888293866e-1 3.4555130735270723e-1
    3.4594245692150333e-1 3.4599315773539274e-1 3.4618426424601073e-1
    3.4658369380764498e-1 3.4718848734610219e-1 3.4741475682017153e-1
    3.4764853331200191e-1 3.4819591596061628e-1 3.4911179880353099e-1
    3.4997769158030678e-1 3.5027537516748453e-1 3.5097538785757931e-1
    3.5125877998697774e-1 3.5208471177799894e-1 3.5234895839585079e-1
    3.5345447794777729e-1 3.5395154414866492e-1 3.5438079072931333e-1
    3.5452307208314388e-1 3.5479154345306241e-1 3.5506912583189532e-1
    3.5527917414962457e-1 3.5574903715979644e-1 3.5602724591737051e-1
    3.5638306538421605e-1 3.571283147948634e-1 3.5738505454851704e-1
    3.5801442580203813e-1 3.5814717131609086e-1 3.5888507674189896e-1
    3.5955807798978234e-1 3.5992827151302564e-1 3.6019435635755925e-1
    3.6086991699471582e-1 3.6167039067373075e-1 3.6191126778177413e-1
    3.6231786672092881e-1 3.631586880523669e-1 3.6348412634692473e-1
    3.6391326149266334e-1 3.643443152497336e-1 3.6495669421234805e-1
    3.6524586238586682e-1 3.6542758954712035e-1 3.6554507983394369e-1
    3.6590759019939223e-1 3.6620461285069311e-1 3.6675821451569846e-1
    3.6683530685790672e-1 3.6695626058428843e-1 3.6729764629136397e-1
    3.6751302184005397e-1 3.6761796039682587e-1 3.680259879300008e-1
    3.6861839807711888e-1 3.6879294802964491e-1 3.6914820107366803e-1
    3.6930458595275517e-1 3.6949132350950409e-1 3.6975537613118703e-1
    3.7022710524861679e-1 3.7041867300159637e-1 3.7052064265691342e-1
    3.709609578466132e-1 3.7148953629030579e-1 3.7159652522644715e-1
    3.7202854520425416e-1 3.7242292788691472e-1 3.7262789201110991e-1
    3.7305415424771127e-1 3.7325313022785167e-1 3.7348756346744433e-1
    3.7387925553048262e-1 3.7408104951327914e-1 3.7430111391769183e-1
    3.7459241476674587e-1 3.7516007892853459e-1 3.7547014581295196e-1
    3.7559877206611092e-1 3.7585693921809593e-1 3.7631045526216311e-1
    3.764461771668266e-1 3.7664811465505671e-1 3.7674473500068084e-1
    3.7704535763997171e-1 3.7717923985469909e-1 3.774434346603357e-1
    3.7753326343844101e-1 3.7775066772163962e-1 3.7835374717334552e-1
    3.7920244062130831e-1 3.7949419236997528e-1 3.797899668599598e-1
    3.8012353730912518e-1 3.8053822776348056e-1 3.8078264235007903e-1
    3.8108019815711358e-1 3.8120602591088187e-1 3.8153058417628927e-1
    3.818628777316917e-1 3.8303892831856956e-1 3.8339554624942213e-1
    3.8357167867779934e-1 3.8411226205055626e-1 3.8430126270410864e-1
    3.8457324168931256e-1 3.854137206426837e-1 3.8563250574588892e-1
    3.8621418417844988e-1 3.8632073239193687e-1 3.8641297860203849e-1
    3.8664994545693582e-1 3.8673065261627926e-1 3.8699097443804931e-1
    3.8726425725189983e-1 3.8750763826777757e-1 3.8790588531953418e-1
    3.8807526868384912e-1 3.8824360673581598e-1 3.8833528579516496e-1
    3.8857736295608447e-1 3.8875739973164775e-1 3.8899914045926209e-1
    3.8925653938901761e-1 3.8938035610410032e-1 3.8943237421381127e-1
    3.8985600534655612e-1 3.9027132128946751e-1 3.9041612154348759e-1
    3.9056175680128613e-1 3.9088577202664965e-1 3.9135159120069252e-1
    3.9188051557264525e-1 3.9230464894555755e-1 3.9268937815934024e-1
    3.9301534169391578e-1 3.9336950414999944e-1 3.9392955363938298e-1
    3.9396602400831232e-1 3.9409994474029492e-1 3.9421993696981061e-1
    3.9444080760300232e-1 3.9475610444099274e-1 3.9528842388641089e-1
    3.9541508250820495e-1 3.9574273389063008e-1 3.9639225436726716e-1
    3.9657895043168617e-1 3.9682181418759555e-1 3.9718981114829432e-1
    3.9766435469838063e-1 3.9782480476371629e-1 3.982011077385193e-1
    3.9859103154075409e-1 3.9882473398116264e-1 3.9897327854787756e-1
    3.9918145246694858e-1 3.9942745010830549e-1 3.9988387470163744e-1
    4.0039592853372596e-1 4.0053509582211128e-1 4.0099378209536307e-1
    4.0128181591788031e-1 4.0145913973116298e-1 4.0186529758167516e-1
    4.0216635687395158e-1 4.0243712648725705e-1 4.0249585255619991e-1
    4.0263296624935663e-1 4.0274849728923812e-1 4.0285437588498496e-1
    4.0307034272138315e-1 4.0354118583428544e-1 4.0376910618260808e-1
    4.038514088948596e-1 4.039077593469253e-1 4.0418786203411272e-1
    4.0449579616464082e-1 4.0474565994438511e-1 4.0527656758050318e-1
    4.0578028746056755e-1 4.0646481895945336e-1 4.0665889858650595e-1
    4.067381947866538e-1 4.0701003512544454e-1 4.0727787973582963e-1
    4.0749101829123902e-1 4.0769854108936798e-1 4.0795111325223843e-1
    4.0808436166389583e-1 4.0830247083795257e-1 4.0896214937339437e-1
    4.0926059041617513e-1 4.09977731712518e-1 4.1013954819735382e-1
    4.1047390820809099e-1 4.1067774085027509e-1 4.1097079129469255e-1
    4.1111346730535431e-1 4.1130578293987957e-1 4.1157760879165534e-1
    4.1174209193904687e-1 4.1231794932547117e-1 4.1261242869101505e-1
    4.1301436581647977e-1 4.1323770142920085e-1 4.1352693378155436e-1
    4.1368106471297023e-1 4.1408595467764825e-1 4.1442840221646871e-1
    4.1481236869685745e-1 4.1511874482255606e-1 4.1525187360223625e-1
    4.1551553758139498e-1 4.1588651580018954e-1 4.1597122729136671e-1
    4.1622927204789067e-1 4.165021204299677e-1 4.1670163840150565e-1
    4.1676096927795925e-1 4.1707279420838211e-1 4.1730335887905312e-1
    4.1751862466440393e-1 4.1782366591340697e-1 4.1799729014438858e-1
    4.1852451582376993e-1 4.1871472452558839e-1 4.18829286977208e-1
    4.1924119466197723e-1 4.1947726761463855e-1 4.1978514897265184e-1
    4.2000273160842233e-1 4.2008560910637077e-1 4.2016040458202042e-1
    4.2025688955345686e-1 4.2047027048083691e-1 4.2064641951248466e-1
    4.2123412616345174e-1 4.2136287032927711e-1 4.2165046228456049e-1
    4.2192741509515225e-1 4.2230847570994634e-1 4.2265159326258361e-1
    4.2308529122712052e-1 4.2321309136847657e-1 4.2339957348953511e-1
    4.2354014433188542e-1 4.2387850288144413e-1 4.2403310540048506e-1
    4.2439905920582532e-1 4.2448919555818065e-1 4.2470718736979812e-1
    4.2498724005089833e-1 4.2512137303451297e-1 4.2531134825146311e-1
    4.2597800248321699e-1 4.2625298525754263e-1 4.2661191663838899e-1
    4.2690159217467488e-1 4.2700416821896525e-1 4.2716058994543954e-1
    4.2743597406708239e-1 4.2777286353696453e-1 4.2816083468395455e-1
    4.2884563079187499e-1 4.2933036323231799e-1 4.2949874570822266e-1
    4.2960816844611649e-1 4.3002255995168071e-1 4.3041858924112197e-1
    4.3075617021897661e-1 4.3088591421118588e-1 4.3107023552233337e-1
    4.3118786769023892e-1 4.3187267556783937e-1 4.3196963301175184e-1
    4.3231344991226645e-1 4.3251659473654319e-1 4.3265321024980286e-1
    4.3277744568695198e-1 4.3290616508261337e-1 4.3296330258354748e-1
    4.3309678097402787e-1 4.3323960575162346e-1 4.3338050004189832e-1
    4.3364942617840413e-1 4.3394657843115664e-1 4.3403743026067332e-1
    4.3413667897560043e-1 4.3427713507076582e-1 4.3458604289546798e-1
    4.3473605617090372e-1 4.3494627435555028e-1 4.3507537390970746e-1
    4.3514225622483799e-1 4.353327577378473e-1 4.3556619989269368e-1
    4.3586354844986391e-1 4.3617017633654209e-1 4.3627770334803373e-1
    4.3668551385680338e-1 4.3689037858092145e-1 4.3706110940248283e-1
    4.3727523101870247e-1 4.3738566820690478e-1 4.3748667685552145e-1
    4.3771479895758603e-1 4.379736166064403e-1 4.383284708443777e-1
    4.3860981669959642e-1 4.3873426367494833e-1 4.3890577405963427e-1
    4.3901348086183134e-1 4.3922113057649564e-1 4.3930093553161798e-1
    4.3947021419165011e-1 4.396689743973845e-1 4.3992406470511014e-1
    4.4065330085929116e-1 4.4087142083450698e-1 4.4114303689676926e-1
    4.4132110665820318e-1 4.41485302043085e-1 4.4154145996137434e-1
    4.4170987177113391e-1 4.4175820514439174e-1 4.4181626246790984e-1
    4.4209515018681284e-1 4.421625775825801e-1 4.4223550547020651e-1
    4.4238198047813526e-1 4.4255358570565778e-1 4.4261312152027837e-1
    4.42751369990944e-1 4.4312097971136871e-1 4.4320145772450237e-1
    4.4342539772969758e-1 4.4355212647224107e-1 4.4397399898139156e-1
    4.4407062374053069e-1 4.4416820192350315e-1 4.442500595769161e-1
    4.4484664172705379e-1 4.4494808320629481e-1 4.450095397406244e-1
    4.4512350535592304e-1 4.4520460333074297e-1 4.4526950719693414e-1
    4.453725900466452e-1 4.4552055034835741e-1 4.4561566623679028e-1
    4.4574450804816479e-1 4.4602345666381943e-1 4.4618107314323019e-1
    4.4635034864421125e-1 4.4670560118075547e-1 4.471396967148642e-1
    4.4746912076003093e-1 4.4772263451696664e-1 4.479126506528246e-1
    4.4794655334056765e-1 4.4810876960838186e-1 4.4816073065116641e-1
    4.4833176367613059e-1 4.4840740158034009e-1 4.4853040952913192e-1
    4.4882225942937892e-1 4.4912865239192407e-1 4.4928071237030631e-1
    4.4959591185415776e-1 4.4984645334924217e-1 4.4994760516159921e-1
    4.5015382870873177e-1 4.5028852840011624e-1 4.5048536600524536e-1
    4.5075231190250115e-1 4.5086850621759245e-1 4.5090108813970303e-1
    4.5105007785398565e-1 4.5113599153860789e-1 4.5122474348599179e-1
    4.5127928589374733e-1 4.5145794538923667e-1 4.5159585268837482e-1
    4.5175491492915915e-1 4.5187305505163522e-1 4.5209148446686714e-1
    4.5217881621946227e-1 4.5255046204298804e-1 4.5271564828085914e-1
    4.5283280428936579e-1 4.5287021425110652e-1 4.5294980702623583e-1
    4.5308124350140133e-1 4.5317008959173111e-1 4.533149949917667e-1
    4.5340817274124845e-1 4.5350124319165014e-1 4.5368069525809712e-1
    4.5378850108502483e-1 4.5406349661908507e-1 4.5432298578483216e-1
    4.5441607916831117e-1 4.5472300310048769e-1 4.5482803264285898e-1
    4.5492729685910099e-1 4.552327067533497e-1 4.5537207023951648e-1
    4.5543885096076842e-1 4.5560029112014244e-1 4.5596623375882295e-1
    4.5627072834140975e-1 4.5632564852676238e-1 4.5652550519935176e-1
    4.5687764317618629e-1 4.5713443438616624e-1 4.5737750538119143e-1
    4.5752965125802803e-1 4.5763173267810736e-1 4.5777325820660864e-1
    4.5794848112734599e-1 4.5820963092332284e-1 4.58492028150431e-1
    4.5862000112851498e-1 4.5877409635489708e-1 4.5892386038287275e-1
    4.5925329642946622e-1 4.5958009260484689e-1 4.5963154509388976e-1
    4.6037456792498688e-1 4.60554647034499e-1 4.6073886986096113e-1
    4.6113077548125148e-1 4.6188133674170079e-1 4.6215660662493163e-1
    4.6239366632995493e-1 4.6262048201444689e-1 4.6290418152340052e-1
    4.6331322514379281e-1 4.6352630828499741e-1 4.6358559897064172e-1
    4.6375574883057363e-1 4.6404429704029504e-1 4.6448784550995531e-1
    4.6488218365877604e-1 4.6514940914282005e-1 4.6546556090411983e-1
    4.6581715881221236e-1 4.6629937079868e-1 4.6642886456402266e-1
    4.6651495786946384e-1 4.6653225289567973e-1 4.6660112116533192e-1
    4.6669635140036309e-1 4.6687445797851979e-1 4.6702014909203626e-1
    4.6742098914389563e-1 4.6763305113892362e-1 4.6801847262304364e-1
    4.6847872773417165e-1 4.686022620467914e-1 4.690044815379224e-1
    4.6925316375129777e-1 4.6948996665196319e-1 4.69757107525614e-1
    4.7007220613143375e-1 4.7015036868846699e-1 4.7026474304129806e-1
    4.7046607639776994e-1 4.7063538478662603e-1 4.7074969593995775e-1
    4.7100561985604372e-1 4.7113532072012276e-1 4.7166855769925559e-1
    4.7201914531491901e-1 4.7207320536467989e-1 4.7227639044031094e-1
    4.7256069031644937e-1 4.7268271324420702e-1 4.7285694854177301e-1
    4.7299126868870189e-1 4.7327176832141049e-1 4.7359184273045685e-1
    4.7411467589164302e-1 4.7473606079347519e-1 4.7489023772289907e-1
    4.7495074821608796e-1 4.7550169121748492e-1 4.7573957040374093e-1
    4.7610078489503088e-1 4.761605306932159e-1 4.768602200351274e-1
    4.7696688238238494e-1 4.7734720111887846e-1 4.7764374424448097e-1
    4.7784825414934556e-1 4.7820415868687227e-1 4.7846664057612998e-1
    4.7853767576301226e-1 4.7873377495898239e-1 4.7879513479415436e-1
    4.7902679426050554e-1 4.7927798247314968e-1 4.7945295341857919e-1
    4.7990053518969944e-1 4.8007286307141234e-1 4.8050833943950588e-1
    4.8071906400127773e-1 4.8088165458732746e-1 4.8129275347231931e-1
    4.8139601631787216e-1 4.8163742783082042e-1 4.8175646040697628e-1
    4.8186539561419295e-1 4.8220327924557044e-1 4.8232273830589917e-1
    4.8246162158936085e-1 4.8276775292080337e-1 4.8320812866591545e-1
    4.8358487218677382e-1 4.8385361339801747e-1 4.8442907080319247e-1
    4.8503292660864517e-1 4.852308804868864e-1 4.8550372398058245e-1
    4.8565368282238019e-1 4.8586420156382498e-1 4.8600481808625773e-1
    4.8617724879386515e-1 4.8640375759562932e-1 4.866987720760676e-1
    4.8704547166332901e-1 4.8728002769793322e-1 4.8765372883242109e-1
    4.8772610780360992e-1 4.8787323435008145e-1 4.8826725685850964e-1
    4.8863630205882047e-1 4.8888572863015967e-1 4.8900375393350259e-1
    4.8917365914842648e-1 4.8961682877383544e-1 4.8983627991997813e-1
    4.8999307540819548e-1 4.900814299837748e-1 4.9015458879816831e-1
    4.9045933332590719e-1 4.9061471828798114e-1 4.907052130913851e-1
    4.9095718391312071e-1 4.9114747524675872e-1 4.9129984827358647e-1
    4.9142104198629322e-1 4.9174273503166432e-1 4.9201100385046931e-1
    4.9211558716352655e-1 4.9256043254194992e-1 4.9277454659409159e-1
    4.9304871525355337e-1 4.9322898316486885e-1 4.9348509153945391e-1
    4.9380631512455392e-1 4.9411211056519733e-1 4.9436344925121983e-1
    4.944694179880571e-1 4.9466207957937058e-1 4.9494922654446327e-1
    4.9510022160271905e-1 4.9514303998125797e-1 4.9552148745210112e-1
    4.9591612408122193e-1 4.9610283947617972e-1 4.9629593942479133e-1
    4.9645758814574492e-1 4.9660473470551852e-1 4.9679814753362733e-1
    4.9691731226656088e-1 4.9708407989530978e-1 4.9716909609621024e-1
    4.9757833241590432e-1 4.9776866189545721e-1 4.9805223486382599e-1
    4.9834916970946452e-1 4.985463220102247e-1 4.9874975776290537e-1
    4.9902810991618807e-1 4.9908995619330199e-1 4.9920901068327855e-1
    4.9942837182588845e-1 4.9952133845880992e-1 4.9963916155047627e-1
    4.9971845232377948e-1 4.99764350717669e-1 4.9987804559104915e-1
    5.0000579063018646e-1 5.0008398089630646e-1 5.0011858988036695e-1
    5.0020323453554738e-1 5.0034688330138122e-1 5.0065654259328263e-1
    5.0089516715590321e-1 5.0093790047781683e-1 5.01041024233291e-1
    5.0136553769875392e-1 5.0172361201561622e-1 5.0181261425832413e-1
    5.018723075571011e-1 5.0199265953278882e-1 5.0211992281850015e-1
    5.0219667229989029e-1 5.0229931981489662e-1 5.0237689705045341e-1
    5.024685946120826e-1 5.0264492986862019e-1 5.0303550746857584e-1
    5.0327675869689303e-1 5.0351192802881017e-1 5.0375347216569411e-1
    5.0397717882437321e-1 5.0403779993030184e-1 5.0435865744185548e-1
    5.0470049973409914e-1 5.0497919744237962e-1 5.0517346904581995e-1
    5.0525828637728409e-1 5.0536111915165138e-1 5.0548624049483803e-1
    5.0559884995670601e-1 5.0585399350944726e-1 5.0615196614613267e-1
    5.0628487500690811e-1 5.0639171069485656e-1 5.065590806341127e-1
    5.0668272104477097e-1 5.0684809811134202e-1 5.0701936248798218e-1
    5.0711113691519516e-1 5.0734581675726531e-1 5.0747057751004832e-1
    5.0761241030486415e-1 5.0790120138844941e-1 5.0811890094958778e-1
    5.0815544546846714e-1 5.0826057473659603e-1 5.0839621962710835e-1
    5.0853125281735501e-1 5.0870914756444563e-1 5.0899768553792257e-1
    5.0917469458747489e-1 5.0951046540457257e-1 5.0969262407521199e-1
    5.097959702948679e-1 5.0988681411551318e-1 5.1014209023942381e-1
    5.1030440224094487e-1 5.1053412548390043e-1 5.1069366622907963e-1
    5.1081021833769569e-1 5.1096601551371634e-1 5.1123809175624046e-1
    5.1145881681128458e-1 5.1155194485562039e-1 5.1174566688205236e-1
    5.118824451253865e-1 5.1208671946105822e-1 5.121185307399827e-1
    5.1232240443651533e-1 5.1260626064108039e-1 5.1276563838164813e-1
    5.130465170158881e-1 5.1332940819371031e-1 5.1347220749125377e-1
    5.135768901081974e-1 5.1371168670595224e-1 5.1379969347807575e-1
    5.1384606796879473e-1 5.1395918823527609e-1 5.1401507292410475e-1
    5.1409051053977761e-1 5.1430193381033207e-1 5.1437575248154133e-1
    5.1453843594464388e-1 5.1462090058430476e-1 5.1477141919410008e-1
    5.1489098707933023e-1 5.1497631253459986e-1 5.150755066390249e-1
    5.1513981091834793e-1 5.1523451735157422e-1 5.1532403381536696e-1
    5.1561635007365114e-1 5.1579227937205963e-1 5.1595697362169324e-1
    5.1629493386428749e-1 5.1636223906229539e-1 5.1648648363405103e-1
    5.1686843044884279e-1 5.1702687467720432e-1 5.1719915531628302e-1
    5.17270059731475e-1 5.1734965481336981e-1 5.1739362885180951e-1
    5.1761740694121272e-1 5.1772886670505613e-1 5.1781876606388066e-1
    5.1787775446869744e-1 5.1804763047963809e-1 5.1814119570772166e-1
    5.1819941206522346e-1 5.183547698336497e-1 5.1844678384548548e-1
    5.1858808146762381e-1 5.1866000943419166e-1 5.1884010469390773e-1
    5.1908897328576131e-1 5.1934099199024786e-1 5.1955632976548971e-1
    5.1970964165885192e-1 5.1985783287327647e-1 5.201299933940946e-1
    5.202493087062976e-1 5.2054680546148624e-1 5.2075349017828065e-1
    5.2088057074454097e-1 5.2111769803276631e-1 5.2130040734860472e-1
    5.2141027891661906e-1 5.2156827410107909e-1 5.2188532693975909e-1
    5.2207878144723252e-1 5.2236412764805862e-1 5.2262285109684725e-1
    5.2268383850228672e-1 5.2285506645907276e-1 5.2327651613022685e-1
    5.2338817295744122e-1 5.2345800420254007e-1 5.2360020426668696e-1
    5.2390363981839982e-1 5.239631516236235e-1 5.2400280025459423e-1
    5.2407247495213793e-1 5.2415841048251521e-1 5.2426098446286618e-1
    5.2442475907612329e-1 5.2472884557346333e-1 5.2492532850262186e-1
    5.2505092318224345e-1 5.2515722887385441e-1 5.2539730666533369e-1
    5.2562529502256439e-1 5.258363245566865e-1 5.260429722138269e-1
    5.2634132178627624e-1 5.2665831681851061e-1 5.2679725591000148e-1
    5.27030091813396e-1 5.2715696803534229e-1 5.2722656370625287e-1
    5.2754912637325713e-1 5.2774230562067714e-1 5.2800668580726373e-1
    5.2807870473459062e-1 5.282964599349953e-1 5.2845084497251571e-1
    5.2863001953812727e-1 5.2867717887568233e-1 5.2873761721679735e-1
    5.2877579882374448e-1 5.2892000189805388e-1 5.2911300105656012e-1
    5.2925542958951155e-1 5.2951530999707752e-1 5.2969532283709164e-1
    5.2986410820939356e-1 5.3006141669003326e-1 5.3023808302219144e-1
    5.3041339770096685e-1 5.3063884651277882e-1 5.3085629867412842e-1
    5.3092036469515735e-1 5.3128709258040707e-1 5.317008819432405e-1
    5.3201245458590818e-1 5.3215661425406324e-1 5.3227008140765975e-1
    5.3249480580097952e-1 5.3259779576246402e-1 5.3271899932456612e-1
    5.3309272629389348e-1 5.3322286039754851e-1 5.3336483850844985e-1
    5.3351446795093382e-1 5.337640475091171e-1 5.3390087921882745e-1
    5.34036761160678e-1 5.3430950716074221e-1 5.3467436576122251e-1
    5.3477189884675425e-1 5.3490319051188739e-1 5.350510666461229e-1
    5.3520031536581059e-1 5.3531111045962954e-1 5.3541365784686989e-1
    5.3575837712583052e-1 5.3580225058758513e-1 5.3608754636055289e-1
    5.3627862680473803e-1 5.3641278130011083e-1 5.3647320557604417e-1
    5.3660870410851658e-1 5.366858584501415e-1 5.3691237285094451e-1
    5.3701622424759166e-1 5.3722815875880769e-1 5.3745604002054648e-1
    5.3755199662817987e-1 5.3768786338822694e-1 5.3773825231972594e-1
    5.3795540485316451e-1 5.3802605865666919e-1 5.3819587311772921e-1
    5.3839275560423827e-1 5.3851296164793894e-1 5.3859070153498578e-1
    5.3879738032589686e-1 5.3900988107420744e-1 5.3918145599563005e-1
    5.3934083727036908e-1 5.3938055642434146e-1 5.3954266686650953e-1
    5.397745187559243e-1 5.4007687051721909e-1 5.4026589281334558e-1
    5.4036656473903122e-1 5.4045434254915237e-1 5.4057973844309493e-1
    5.4065073395458962e-1 5.4069925300533817e-1 5.4098604026067831e-1
    5.4119596189994723e-1 5.4129033416419203e-1 5.4181538521627526e-1
    5.4191096950307838e-1 5.4207600245963472e-1 5.4243921749476998e-1
    5.4265490017878615e-1 5.4271357205794224e-1 5.4297022206248713e-1
    5.4328046762657323e-1 5.4337809873634668e-1 5.4350648227608123e-1
    5.4366703604916566e-1 5.4379061366749482e-1 5.4390300606993536e-1
    5.4404374724929638e-1 5.4423265993800185e-1 5.4445050053527666e-1
    5.4462569389005466e-1 5.447518794474604e-1 5.4505148467652964e-1
    5.4510975593049282e-1 5.4526629151740735e-1 5.4536477812325757e-1
    5.4550928063066417e-1 5.456917555423908e-1 5.4579299062664755e-1
    5.4590428642423683e-1 5.4613232480248064e-1 5.4621766531963656e-1
    5.4629358980776033e-1 5.4650531640319444e-1 5.4686334673814685e-1
    5.4710642516873187e-1 5.4721836956351966e-1 5.47708502215149e-1
    5.4778917786222792e-1 5.4792975384925735e-1 5.4823457160339539e-1
    5.4833700862193591e-1 5.4866194856387862e-1 5.491004237024697e-1
    5.4923558479201651e-1 5.4955412755195232e-1 5.4978096949757438e-1
    5.5008081780997597e-1 5.5024104236602511e-1 5.5069254200381168e-1
    5.5102212070509127e-1 5.5116187596894406e-1 5.5134763962176492e-1
    5.5142413307724136e-1 5.5159568460674724e-1 5.5181522737211708e-1
    5.5207879621301414e-1 5.5227720372209888e-1 5.524780235689225e-1
    5.525739561080627e-1 5.5287777160090934e-1 5.5304281776980702e-1
    5.5330352661912907e-1 5.5352298518634291e-1 5.5375016728771698e-1
    5.5414133700739965e-1 5.5431608645420738e-1 5.5441009750353487e-1
    5.5481894259565934e-1 5.5499047695506454e-1 5.5538034748711751e-1
    5.5564481413652667e-1 5.5581389745553422e-1 5.5623470414270237e-1
    5.5640894757844506e-1 5.5684918071665379e-1 5.5698116030052913e-1
    5.5745363144812166e-1 5.5784849687742366e-1 5.5801255311362186e-1
    5.5823764689577926e-1 5.5838598743639523e-1 5.5871670170629595e-1
    5.588708500101347e-1 5.5951405384090236e-1 5.5990948474002589e-1
    5.6006940863563015e-1 5.60184719391845e-1 5.6061125227060982e-1
    5.6080633917437284e-1 5.6098657145730613e-1 5.6117729698765595e-1
    5.61380993010971e-1 5.61570517203269e-1 5.6171192215320587e-1
    5.6180523530821869e-1 5.6208779072274717e-1 5.6249436905814165e-1
    5.626661959979401e-1 5.6283270820022158e-1 5.6294899003324872e-1
    5.6318002775822151e-1 5.6344466772576141e-1 5.6387635804897906e-1
    5.6406358869858197e-1 5.6424143651061476e-1 5.6488867822653788e-1
    5.6525640222717755e-1 5.6539537714718335e-1 5.6553587122201843e-1
    5.6577298929583519e-1 5.659823291269277e-1 5.6633467710735208e-1
    5.6645663503174248e-1 5.6670736527576082e-1 5.671941100255935e-1
    5.6751264114329425e-1 5.6806496314094246e-1 5.6817825866428395e-1
    5.6826345694001001e-1 5.6850758287100689e-1 5.6852760710766725e-1
    5.688808025158778e-1 5.6919704856111575e-1 5.6941977907554664e-1
    5.6951703574265722e-1 5.6964998666398969e-1 5.7001551058673228e-1
    5.7042828275825741e-1 5.7070885791914738e-1 5.7101920538899653e-1
    5.7122322231034184e-1 5.7149475064579747e-1 5.7163973433519766e-1
    5.718645689315357e-1 5.7203352386638928e-1 5.7223826595609351e-1
    5.7234164136607435e-1 5.7289565492104089e-1 5.7293079914930445e-1
    5.7320000573872676e-1 5.7339945676903881e-1 5.7351151988622306e-1
    5.7360742796919972e-1 5.737590165637646e-1 5.7380987883880152e-1
    5.7398147783708608e-1 5.7409638112110573e-1 5.7451365656321618e-1
    5.7489720542266043e-1 5.7503187205871398e-1 5.7518730697744436e-1
    5.7528868056302107e-1 5.7566051360536874e-1 5.7585113098755558e-1
    5.7619772047510198e-1 5.7626521997079294e-1 5.7633950889794505e-1
    5.7636514360423718e-1 5.7650387661461922e-1 5.766872494120131e-1
    5.7684022130752055e-1 5.7700187163022243e-1 5.7716734562034777e-1
    5.773250616147152e-1 5.7768076373874711e-1 5.7778777087170441e-1
    5.7791917874794763e-1 5.7802925095029423e-1 5.7816302957508015e-1
    5.7823682487514816e-1 5.7830313245744946e-1 5.784722241578818e-1
    5.7884670108878711e-1 5.7921392970074526e-1 5.7939971288489933e-1
    5.7961317019161085e-1 5.7972883387943897e-1 5.799429715258384e-1
    5.8005122658647046e-1 5.8035979015435912e-1 5.8055669209247185e-1
    5.808634537864843e-1 5.8140404796254841e-1 5.8182667643666264e-1
    5.8209056459747899e-1 5.8226902939457592e-1 5.8254241592067046e-1
    5.8277382806615852e-1 5.8322046741068334e-1 5.8351799718223318e-1
    5.8403940534501753e-1 5.8439875015260023e-1 5.8465942659531722e-1
    5.8485024788802775e-1 5.8491301478414925e-1 5.8495620471321674e-1
    5.8524328235099732e-1 5.8550921819884627e-1 5.8568026158497688e-1
    5.8587134352183057e-1 5.8604730818473605e-1 5.8625175283340136e-1
    5.8647672844858789e-1 5.86648727901255e-1 5.8671255732077854e-1
    5.868560550356311e-1 5.8695685475413484e-1 5.8717727375725104e-1
    5.8742359462241278e-1 5.8776311489428834e-1 5.8797724955004471e-1
    5.8814159537808208e-1 5.8828048129258348e-1 5.8857128276239179e-1
    5.8900422213134029e-1 5.8913567954175505e-1 5.893687099827124e-1
    5.8954330442442626e-1 5.8978669492878244e-1 5.900569030409315e-1
    5.9024250034281067e-1 5.904490598223775e-1 5.9055817984075731e-1
    5.9084182413947317e-1 5.9118937534578564e-1 5.9130658588543383e-1
    5.9144338139178998e-1 5.9182626063757193e-1 5.9195875706258705e-1
    5.9250775780713283e-1 5.9260879519937204e-1 5.9293265549204077e-1
    5.9324669322838663e-1 5.9332691202923471e-1 5.9341234050504377e-1
    5.9380000824286783e-1 5.9403756831509535e-1 5.943977876487142e-1
    5.9450761841068811e-1 5.9471795487987578e-1 5.9489302965675961e-1
    5.9512674570270163e-1 5.9517880018170788e-1 5.9540695528064846e-1
    5.9553943949583754e-1 5.9570586939616987e-1 5.9586259748342785e-1
    5.9596827575969658e-1 5.9601867589078339e-1 5.9614653345448054e-1
    5.9625496794576194e-1 5.9667941705429262e-1 5.9690041689318607e-1
    5.9724348349986522e-1 5.973729632264243e-1 5.9766128435402222e-1
    5.9780063982657339e-1 5.9802585048849077e-1 5.983331447447805e-1
    5.9842191740551698e-1 5.9868459122549211e-1 5.9888723469974403e-1
    5.9907543802765673e-1 5.9915141953560025e-1 5.9951745134964896e-1
    5.9962022482409338e-1 5.9996378454729893e-1 6.001980425479897e-1
    6.0054762518302596e-1 6.0069836206889704e-1 6.0136867399808125e-1
    6.0156126665827159e-1 6.0162147326725512e-1 6.0174382854038411e-1
    6.0188080795267684e-1 6.0197211255823879e-1 6.021109391261813e-1
    6.0218744860697948e-1 6.0236643089358821e-1 6.025470417816905e-1
    6.0269779347845542e-1 6.0286767170334443e-1 6.0312299792678914e-1
    6.0335607461795671e-1 6.0373369629643192e-1 6.0381441008195746e-1
    6.0398901544219064e-1 6.0413427991740964e-1 6.0453014390022874e-1
    6.0491520175305591e-1 6.0530865634544695e-1 6.0560759645886719e-1
    6.0578486868564596e-1 6.0610245601274071e-1 6.0634350718870944e-1
    6.0651958879841716e-1 6.0663941239636188e-1 6.067508287431167e-1
    6.069633313088616e-1 6.0729550275414113e-1 6.0761511947900237e-1
    6.0774812078458729e-1 6.0797603352493756e-1 6.081335768278352e-1
    6.0850034365183903e-1 6.087505523549096e-1 6.0890620081097169e-1
    6.0937880421761292e-1 6.0945941401091663e-1 6.0968858102310497e-1
    6.0980305483768205e-1 6.0985307184526505e-1 6.0991729191005106e-1
    6.1002003762990853e-1 6.1021399370933982e-1 6.1049560993894503e-1
    6.105774719982876e-1 6.1069732436330271e-1 6.1077695806547383e-1
    6.1096176223293241e-1 6.1119990412308567e-1 6.1131405033453723e-1
    6.1144749023378608e-1 6.1171213648725598e-1 6.1188138939787673e-1
    6.1221274075565324e-1 6.1260409463505994e-1 6.1305642595338705e-1
    6.1329041569680542e-1 6.1340162459423486e-1 6.1356291928441353e-1
    6.1392244218985648e-1 6.1402713222863292e-1 6.1418955912458018e-1
    6.1425580894092491e-1 6.1454169919723733e-1 6.1466826124833251e-1
    6.1486578193225794e-1 6.149551006569709e-1 6.1497793154463087e-1
    6.1501333916099943e-1 6.1508787295565526e-1 6.1549133949647516e-1
    6.1573260595784107e-1 6.1579508534557847e-1 6.1591802293093101e-1
    6.1620435724523759e-1 6.1647705222139848e-1 6.1670682410311362e-1
    6.1682027181045251e-1 6.1693308243553702e-1 6.171481920495353e-1
    6.1723617058257529e-1 6.1742306102839639e-1 6.1763685024711124e-1
    6.1786236787694093e-1 6.1814978527733422e-1 6.1860173715223632e-1
    6.1875289797694677e-1 6.1917134069535673e-1 6.1939112361311088e-1
    6.1943729924061175e-1 6.1957770940171031e-1 6.1983352874553277e-1
    6.2003316141012221e-1 6.2028090167696059e-1 6.203526354610176e-1
    6.203953406899857e-1 6.2043872899773145e-1 6.2051539219340734e-1
    6.2082140461573609e-1 6.209041095128669e-1 6.2101906148412434e-1
    6.2121689868147056e-1 6.2142208473151328e-1 6.2157561174633102e-1
    6.2203242292090566e-1 6.2225863868245923e-1 6.2248969078751137e-1
    6.2276158925718827e-1 6.2286019043153829e-1 6.2294763860424085e-1
    6.2311588623327097e-1 6.231656491692904e-1 6.2348612984143459e-1
    6.236608674309666e-1 6.2372284087662899e-1 6.2390483505202254e-1
    6.2419210762428434e-1 6.2424706832065824e-1 6.2444598742968083e-1
    6.2459133097941533e-1 6.2464700914207627e-1 6.2473318568584502e-1
    6.2498989025827822e-1 6.2517227505338724e-1 6.2581214121269113e-1
    6.2605729357049067e-1 6.263900707401262e-1 6.2677980154577584e-1
    6.2697685116418966e-1 6.2705325247168275e-1 6.2718697783429889e-1
    6.2733071490261716e-1 6.2745511332445858e-1 6.2752266366942422e-1
    6.2759230253413989e-1 6.2782358946415118e-1 6.2799021793796328e-1
    6.2837322478296498e-1 6.2854069420165037e-1 6.286588745762336e-1
    6.2881444529060515e-1 6.2905220638268389e-1 6.2923701806153598e-1
    6.2931134253606813e-1 6.2945111557664035e-1 6.2956642743080238e-1
    6.2983346546110397e-1 6.3003429175423009e-1 6.3021912347312536e-1
    6.3052220223380573e-1 6.3063539725681039e-1 6.3081003646200107e-1
    6.3107346643016626e-1 6.3131184293852127e-1 6.3147220396372594e-1
    6.3172131976898527e-1 6.3186597130932876e-1 6.3200727982221649e-1
    6.321684117165205e-1 6.3239493779612332e-1 6.3261673653596517e-1
    6.3268529705097043e-1 6.3275398068381294e-1 6.3296614740378188e-1
    6.331213976823814e-1 6.3336401367314465e-1 6.3348531627785376e-1
    6.3355844584089027e-1 6.3366106161596947e-1 6.3386223340489778e-1
    6.3397480317412791e-1 6.3403904111500897e-1 6.3424377621413441e-1
    6.3437890785705042e-1 6.3453260719727822e-1 6.3466707920906629e-1
    6.3515307363541074e-1 6.3548755091106268e-1 6.3582702679051095e-1
    6.3631567830634594e-1 6.3645044746573898e-1 6.3660349360884538e-1
    6.3671294420022861e-1 6.3681908076184546e-1 6.3687502376565897e-1
    6.3694798918578499e-1 6.3705358398039447e-1 6.373793877354339e-1
    6.3750214610581679e-1 6.3751262108921347e-1 6.3760064059963706e-1
    6.3785897796287827e-1 6.3806459133825733e-1 6.3828949283163183e-1
    6.3883759360409642e-1 6.3907551964935772e-1 6.3935238894771373e-1
    6.3976910836627277e-1 6.4011845797514455e-1 6.4046511687162522e-1
    6.4070707034538832e-1 6.4119787547710161e-1 6.416397862981934e-1
    6.4183181477595885e-1 6.4239159559606795e-1 6.4268238338364525e-1
    6.42742514915426e-1 6.4289644913233956e-1 6.4320279548039916e-1
    6.4348508067496368e-1 6.4371870584562363e-1 6.4399805377233865e-1
    6.4408595940216173e-1 6.4442100133865921e-1 6.4468518915125772e-1
    6.4493318819605905e-1 6.4501013973317223e-1 6.451621022360996e-1
    6.4527458455061903e-1 6.4566330159764873e-1 6.4574494876034383e-1
    6.4581351568819756e-1 6.4587290568189404e-1 6.460069437792878e-1
    6.461649279053745e-1 6.4644872912388318e-1 6.4701282142270122e-1
    6.4719510702019534e-1 6.474021500280287e-1 6.4761134593962721e-1
    6.4774174121362194e-1 6.4830882912139842e-1 6.4844907336328106e-1
    6.4857490880253865e-1 6.4885708348294269e-1 6.4913586782047006e-1
    6.4949350226392455e-1 6.4962325369337615e-1 6.5004204286783951e-1
    6.5037869101624068e-1 6.5047483008139451e-1 6.5081457608243909e-1
    6.5108867566542961e-1 6.5121396735152559e-1 6.5145570568802214e-1
    6.5168088098132815e-1 6.5192147318858973e-1 6.5204179038191801e-1
    6.5237326056376332e-1 6.5282185838213991e-1 6.5290809726794963e-1
    6.532924017363777e-1 6.5365291545583659e-1 6.5376454356906577e-1
    6.5391199845687098e-1 6.5406241216423955e-1 6.5429916214107686e-1
    6.5449128500978304e-1 6.549665073663391e-1 6.5509603927424676e-1
    6.5515171735945188e-1 6.5529179093987722e-1 6.5543948867849622e-1
    6.5553856017335088e-1 6.5556800171883367e-1 6.5589538538080727e-1
    6.5619555349128078e-1 6.5645441168597551e-1 6.5657432262358562e-1
    6.5700508557433746e-1 6.5726117059764677e-1 6.5733325611408111e-1
    6.5747098270597348e-1 6.5752909874481702e-1 6.5779756151982838e-1
    6.5802382028847817e-1 6.5820899274945077e-1 6.5841179163513175e-1
    6.5854868386111887e-1 6.5870422818877405e-1 6.5927801592829383e-1
    6.5939946257855231e-1 6.5946860380501515e-1 6.5976796960928497e-1
    6.5986300164210354e-1 6.6004106961527209e-1 6.6024050296828751e-1
    6.6039796372903459e-1 6.6051218972097558e-1 6.6062705410786293e-1
    6.6066791081097365e-1 6.6085713076222419e-1 6.6122341809289409e-1
    6.614306584541737e-1 6.6191581134125954e-1 6.6252858404446413e-1
    6.6263449395266127e-1 6.6282409231111417e-1 6.6298598380690232e-1
    6.6342624400986094e-1 6.6366023501377636e-1 6.6397401984911331e-1
    6.6428953346288233e-1 6.6438419921866754e-1 6.6487663713996881e-1
    6.6516116843740747e-1 6.6531678178962461e-1 6.6583313198568961e-1
    6.6638136545807358e-1 6.6666217934143646e-1 6.6681595705819874e-1
    6.6706316242213382e-1 6.6757472736760193e-1 6.676830525612526e-1
    6.6790730826828204e-1 6.682250526167991e-1 6.6828614675398512e-1
    6.6833894137802086e-1 6.6851351424845362e-1 6.6871398572548058e-1
    6.6913745149520309e-1 6.6950396931250522e-1 6.6972260472396428e-1
    6.6984054939584892e-1 6.6998580470908564e-1 6.7014488824059459e-1
    6.7034482801843542e-1 6.7053569197860274e-1 6.7063168773219417e-1
    6.7099587426992002e-1 6.7124543008747295e-1 6.715189049623892e-1
    6.7153372529049771e-1 6.7190262589491567e-1 6.720114477556568e-1
    6.7230353330783799e-1 6.7251371830589046e-1 6.7298877536248058e-1
    6.7323541755229144e-1 6.7337133877198796e-1 6.7364744743215654e-1
    6.7381112357855144e-1 6.7410786398082634e-1 6.7424267657338532e-1
    6.7443318965575194e-1 6.7454874127186792e-1 6.7471556867803884e-1
    6.7494170996808733e-1 6.7551708612427319e-1 6.7569907740885859e-1
    6.7591198359023108e-1 6.7630055125849664e-1 6.7643391796889318e-1
    6.7666816691900589e-1 6.7670582667030676e-1 6.7684905079616187e-1
    6.7715664467336212e-1 6.7760172424445952e-1 6.7782091191838845e-1
    6.7808860780545499e-1 6.7838540922684842e-1 6.7864616277493417e-1
    6.7871015253784606e-1 6.7877176749112778e-1 6.7905953417221099e-1
    6.793070823687799e-1 6.7941660489373135e-1 6.798525723936889e-1
    6.7997301617080141e-1 6.8016917657574338e-1 6.8032513569364284e-1
    6.8084283982846372e-1 6.8116342020844711e-1 6.813901715491284e-1
    6.8164211960340093e-1 6.8199280122852157e-1 6.8211833603629657e-1
    6.8241037277292504e-1 6.8249677459815372e-1 6.8278980493757691e-1
    6.8292813096419336e-1 6.8317489462219783e-1 6.832838397187645e-1
    6.8347412225876625e-1 6.8354466045270279e-1 6.8411222284373707e-1
    6.8425696098041622e-1 6.8430614088195152e-1 6.8439252792541083e-1
    6.8464366617042638e-1 6.8470932943283613e-1 6.8503485756900773e-1
    6.8524407191150449e-1 6.8545116811983464e-1 6.855081353209016e-1
    6.8567182157624174e-1 6.8595517813335194e-1 6.8628301144003168e-1
    6.8639000923863025e-1 6.8662145439835021e-1 6.869896789064569e-1
    6.8719309348289248e-1 6.8728038028939409e-1 6.8740602072652601e-1
    6.8743010241008629e-1 6.8753785131879597e-1 6.8764089726209932e-1
    6.8791872227406459e-1 6.8810060236278658e-1 6.8822948184807353e-1
    6.8853480191092908e-1 6.8864251005879851e-1 6.8887817644726967e-1
    6.8916987246360473e-1 6.892888421792378e-1 6.8949103812747126e-1
    6.8964078488605607e-1 6.8982113417569058e-1 6.904087854413774e-1
    6.9083221368600789e-1 6.9107697868693663e-1 6.9128689083249306e-1
    6.9163319028444903e-1 6.9183109163782319e-1 6.9217945401999259e-1
    6.9249296956799555e-1 6.92567820266628e-1 6.9268288874178552e-1
    6.9278755990659524e-1 6.9289178550374686e-1 6.9334092445610118e-1
    6.935603475726061e-1 6.9390125922758339e-1 6.9409056027117388e-1
    6.9451210572249999e-1 6.9476986524945716e-1 6.948943190511474e-1
    6.9506928359656972e-1 6.9516085866193866e-1 6.9537231777712805e-1
    6.9567239790126223e-1 6.9597478008528113e-1 6.9628315816273489e-1
    6.9643232341487804e-1 6.9656704582818441e-1 6.9673491169903301e-1
    6.9694656783599385e-1 6.972589443967081e-1 6.9740525649220741e-1
    6.9764101915728816e-1 6.9777103571008903e-1 6.9807252391784558e-1
    6.9848385298477789e-1 6.9926190216974649e-1 6.9968397943421223e-1
    6.9988510579374141e-1 7.0024718686017873e-1 7.0038167164557308e-1
    7.0050198976021727e-1 7.0071159815652206e-1 7.0090123051079445e-1
    7.0120877150250438e-1 7.0171643794921168e-1 7.0194920766198265e-1
    7.0201194679093537e-1 7.0221101652030027e-1 7.022900545698576e-1
    7.0259529720384639e-1 7.0270969565945052e-1 7.0288791082220992e-1
    7.0305936689339887e-1 7.0330243045698027e-1 7.0348461875113344e-1
    7.0366631224998044e-1 7.0380837815375541e-1 7.0402244172544215e-1
    7.0413696504476775e-1 7.0428269621645867e-1 7.0452024896810272e-1
    7.0482298926193232e-1 7.0509569002519534e-1 7.0538713950577403e-1
    7.0567589436434253e-1 7.057689498064974e-1 7.0592490801052254e-1
    7.0603290327465273e-1 7.0620316629248236e-1 7.0641930446508927e-1
    7.0681467324844305e-1 7.0692897594693704e-1 7.0703292244187266e-1
    7.0713273658088838e-1 7.0723304293574074e-1 7.0734647414959306e-1
    7.0749512055142705e-1 7.0780512352243929e-1 7.0794843276565766e-1
    7.08215216692614e-1 7.0838720729645954e-1 7.0849541205747557e-1
    7.0868758923851216e-1 7.0872183755000151e-1 7.0876776713722778e-1
    7.0885622334757992e-1 7.08876670844926e-1 7.0912848988752686e-1
    7.0923729921779943e-1 7.0943785611507337e-1 7.0965388195785251e-1
    7.0988152075877531e-1 7.1011157511636869e-1 7.104112514668941e-1
    7.1050396966038531e-1 7.107058196774233e-1 7.1075774200770481e-1
    7.1109820963965831e-1 7.11231211926588e-1 7.1139569719416618e-1
    7.1154126020136188e-1 7.1164059486032527e-1 7.118200638311204e-1
    7.1188227915763491e-1 7.1192016361379096e-1 7.1203810162549941e-1
    7.1214816097225209e-1 7.1230056573761302e-1 7.1246710832353222e-1
    7.1254428924330571e-1 7.1258253338419308e-1 7.1279743359305447e-1
    7.1290925431601082e-1 7.1314347183924842e-1 7.1350919953488301e-1
    7.1362889197710566e-1 7.1383631568812689e-1 7.1411073932035329e-1
    7.1454187706954797e-1 7.1460201518129907e-1 7.1467919646383959e-1
    7.1488287158750352e-1 7.1502729525400355e-1 7.1527677891357855e-1
    7.1541967548243213e-1 7.1547836906514328e-1 7.1560296577627014e-1
    7.159325228049056e-1 7.1626601584289351e-1 7.1645497666684765e-1
    7.1692950089345686e-1 7.170480147403282e-1 7.171921666819685e-1
    7.1732174652552205e-1 7.1742929653070553e-1 7.1750168690141436e-1
    7.175998160400241e-1 7.1775827650890278e-1 7.1801144767778169e-1
    7.1817815710933663e-1 7.1857670431245424e-1 7.1871155687340438e-1
    7.1901306366867679e-1 7.1919292047794603e-1 7.1922805821274471e-1
    7.195291987107918e-1 7.1967566425631113e-1 7.1983302254336323e-1
    7.2010095198484947e-1 7.2046381692383543e-1 7.206861597755051e-1
    7.2091236750065946e-1 7.2127638417146045e-1 7.2139611490274547e-1
    7.2151327098991813e-1 7.2175427462934749e-1 7.2205700620529945e-1
    7.2221592891518027e-1 7.2238971863480406e-1 7.2281416218599281e-1
    7.2301842253587401e-1 7.2334186599105976e-1 7.2369980426416203e-1
    7.2394131177448307e-1 7.2418315712224057e-1 7.2452471890128434e-1
    7.2500185434247599e-1 7.2512956357068103e-1 7.2522656981267342e-1
    7.2557311500817634e-1 7.2569875244806259e-1 7.2606384237769817e-1
    7.2636886741383933e-1 7.2650684962445666e-1 7.2659752873200889e-1
    7.2689594807742708e-1 7.2696224006502708e-1 7.2723673073409145e-1
    7.2745187371990028e-1 7.2782769212972198e-1 7.2797149226693136e-1
    7.2824019377602867e-1 7.2848861140391818e-1 7.2876728868516238e-1
    7.2913321964594091e-1 7.292548304058073e-1 7.2935684839727732e-1
    7.2949568461717718e-1 7.2976336096118233e-1 7.2989621517068115e-1
    7.3046551000149407e-1 7.3087883862360914e-1 7.3100864168463886e-1
    7.3123770034464997e-1 7.3156074272305882e-1 7.316285959113884e-1
    7.3177285542624304e-1 7.318745303511085e-1 7.3210513043237702e-1
    7.322795252950729e-1 7.3251137445422498e-1 7.3256073937409383e-1
    7.3275311935276477e-1 7.3314168545055669e-1 7.3381702454091946e-1
    7.3431514668653919e-1 7.3447532570584628e-1 7.3459722001410099e-1
    7.3489981062799159e-1 7.3514498263551786e-1 7.3524886943861967e-1
    7.3546409811638114e-1 7.3562638102424671e-1 7.3582450955554024e-1
    7.3606836528188069e-1 7.3607906679315727e-1 7.3625506760696557e-1
    7.3637334654499265e-1 7.3652997862887382e-1 7.3679467777930896e-1
    7.3692701325890086e-1 7.3713825456196802e-1 7.3740235370622842e-1
    7.3763073972769333e-1 7.3777728943325982e-1 7.3792803881724467e-1
    7.3797891374772462e-1 7.3824901957391376e-1 7.3855070237908649e-1
    7.38807344035043e-1 7.3912647999312264e-1 7.3930973682424583e-1
    7.3950514868141681e-1 7.3995549992832821e-1 7.4016536107885456e-1
    7.4033147100401819e-1 7.4069634068822177e-1 7.4078801545152195e-1
    7.4089894431952941e-1 7.4109294180857432e-1 7.4134381587055032e-1
    7.4164886971743726e-1 7.4180770657970163e-1 7.4198131818150159e-1
    7.4225213647878263e-1 7.4255701370930183e-1 7.4284728834431413e-1
    7.4315009538076993e-1 7.4329274674500989e-1 7.4363363365915802e-1
    7.4386856421297121e-1 7.4411880254380469e-1 7.441950923931826e-1
    7.442811907816187e-1 7.4451098319150333e-1 7.4460731455324469e-1
    7.4473481001503694e-1 7.4488787543252022e-1 7.4507041006438612e-1
    7.451864380671116e-1 7.455125316434229e-1 7.457063190283536e-1
    7.4603005936945588e-1 7.4616986924441642e-1 7.4631151040252919e-1
    7.4643889031376598e-1 7.4656383911819835e-1 7.4664276719899392e-1
    7.4706311959172511e-1 7.4711319236985219e-1 7.4731904442483532e-1
    7.4736265721016282e-1 7.4758314715825236e-1 7.4795681069787989e-1
    7.4809402558772342e-1 7.4819185417830647e-1 7.4859256631134485e-1
    7.4877456345143401e-1 7.489714106965607e-1 7.4911652820959973e-1
    7.4916899247224522e-1 7.4952835392059569e-1 7.4978294172396998e-1
    7.5004014233604721e-1 7.501149356228578e-1 7.5051998061241776e-1
    7.5066567626378045e-1 7.5085797200111104e-1 7.5109286545587872e-1
    7.5120625677354835e-1 7.5170333463711358e-1 7.5196311743328204e-1
    7.5216988687702724e-1 7.5225688664841073e-1 7.5237845252624014e-1
    7.5269575140925682e-1 7.5280344535894983e-1 7.5290546366736633e-1
    7.5301261658983598e-1 7.5319300829869462e-1 7.5329873061446051e-1
    7.5343908268779258e-1 7.5351441143528874e-1 7.5360997747195924e-1
    7.5369073354701754e-1 7.5377672247486771e-1 7.5394684645188037e-1
    7.5416316834006081e-1 7.5423213265922739e-1 7.5446027105707414e-1
    7.5450476920468645e-1 7.5481166516116593e-1 7.5499488949792848e-1
    7.5506092442261974e-1 7.5511559623561197e-1 7.5530393644963956e-1
    7.5552226136660461e-1 7.5567295441343652e-1 7.5576654657394704e-1
    7.5594348329093464e-1 7.5632899152909283e-1 7.5659230197536753e-1
    7.5712236651270359e-1 7.5743090539448787e-1 7.5769652862204984e-1
    7.5798163107733019e-1 7.580574586749208e-1 7.5818090237335123e-1
    7.582929472722526e-1 7.5866130231606799e-1 7.5900540842404651e-1
    7.5928381472184425e-1 7.5947284457020037e-1 7.5977974490498923e-1
    7.5997348246548568e-1 7.6009669406436664e-1 7.6023087287656688e-1
    7.6042698579190726e-1 7.6055159321810029e-1 7.6092865184273251e-1
    7.6100450943549736e-1 7.6109269778703492e-1 7.6115309761808025e-1
    7.6129044801347034e-1 7.616778572984747e-1 7.6189100084829986e-1
    7.6212403737861223e-1 7.626598315351657e-1 7.6291466496859361e-1
    7.6304641374853033e-1 7.6321750495933172e-1 7.6333124854772905e-1
    7.6353747336106603e-1 7.637744202787482e-1 7.639741704277867e-1
    7.6411217394979758e-1 7.6423133549980726e-1 7.6456468992694226e-1
    7.6494708175741266e-1 7.6502401019934041e-1 7.6525051633679042e-1
    7.6544178677390429e-1 7.6552692077993922e-1 7.6578022389089206e-1
    7.658598920287919e-1 7.6620881535613994e-1 7.6631997063395829e-1
    7.66384227685598e-1 7.665318925388015e-1 7.666854394149899e-1
    7.669292037224219e-1 7.6697516939907473e-1 7.6706673253492375e-1
    7.672048061656116e-1 7.6735801855011232e-1 7.678149716051621e-1
    7.6801453495329497e-1 7.6805536549915654e-1 7.6815304606796941e-1
    7.6842789576894577e-1 7.6877155704260081e-1 7.6909848981379336e-1
    7.6916298931465377e-1 7.6925985644044204e-1 7.694546770278976e-1
    7.6954926204048202e-1 7.6964631200098665e-1 7.7000294244145251e-1
    7.7021943724466835e-1 7.7042611858592458e-1 7.7066466241194576e-1
    7.7083716378469291e-1 7.7109952198787013e-1 7.7124439159130509e-1
    7.7152542963442883e-1 7.7201880291756553e-1 7.7216569463280393e-1
    7.7242026423694676e-1 7.7248954734204744e-1 7.7253246718942137e-1
    7.7279577657861864e-1 7.7315047176830376e-1 7.7334456224281212e-1
    7.7348244260052268e-1 7.7375560316122005e-1 7.7411989339793763e-1
    7.7416841918155421e-1 7.7426798289655252e-1 7.7438023879242079e-1
    7.7470944472219117e-1 7.7493587581138856e-1 7.7536099211142251e-1
    7.7554371712813008e-1 7.756067168814601e-1 7.7568694721144815e-1
    7.7584328947300996e-1 7.7603941191455306e-1 7.7608506068060834e-1
    7.7618840061904848e-1 7.7626524506194983e-1 7.7661594630451092e-1
    7.7684372404746682e-1 7.7691806850107237e-1 7.7708558607882883e-1
    7.7729435109149558e-1 7.7746608699355879e-1 7.7764738437842118e-1
    7.7783733772764663e-1 7.7802769643421921e-1 7.7812982480463688e-1
    7.7821749922700945e-1 7.7828965239677927e-1 7.7847008661447037e-1
    7.7856286124642793e-1 7.7867352782985633e-1 7.788351246408638e-1
    7.7895730004612618e-1 7.7898860791265179e-1 7.790280797471496e-1
    7.7908496910863001e-1 7.7918314857982873e-1 7.7927257660545968e-1
    7.7949800995444696e-1 7.7976498937136962e-1 7.7984668869167861e-1
    7.8003139976882652e-1 7.8053760800331573e-1 7.8069368278238471e-1
    7.8081827425629469e-1 7.8096063196335308e-1 7.8108400480524709e-1
    7.811776069681855e-1 7.8126613784780197e-1 7.8159381036202835e-1
    7.817047052600401e-1 7.8189014032647142e-1 7.8199266248620913e-1
    7.821227519342876e-1 7.8261727729073349e-1 7.8278661536060101e-1
    7.8288337389978391e-1 7.8300929036249722e-1 7.8304447628124763e-1
    7.8318993502913747e-1 7.8328841116922376e-1 7.8350915138776145e-1
    7.8357604363686228e-1 7.8360587395471681e-1 7.8366654486708287e-1
    7.8380055020843431e-1 7.8394123390853565e-1 7.8398635724043597e-1
    7.8407309161639205e-1 7.8422423457792922e-1 7.8438701057875737e-1
    7.8446586222617043e-1 7.8478907062261982e-1 7.8515320836795577e-1
    7.8523538599248843e-1 7.8557717624044021e-1 7.8591361007076754e-1
    7.8596466452127056e-1 7.863873562884578e-1 7.8658457568644735e-1
    7.8673047331221824e-1 7.8714126235479398e-1 7.8726560831935122e-1
    7.8746189126741228e-1 7.8777699733564077e-1 7.8789127013173621e-1
    7.8806616947840669e-1 7.8837133444085339e-1 7.8845338042710866e-1
    7.8863360121613368e-1 7.8867329185582746e-1 7.888879747779356e-1
    7.8898026313373748e-1 7.8940867799412284e-1 7.8954940734944434e-1
    7.8965066818356411e-1 7.8996535383180344e-1 7.9012300787474032e-1
    7.9031866591321887e-1 7.9051036717792156e-1 7.9098612962980042e-1
    7.9105977986440246e-1 7.9112628076224856e-1 7.911627662592764e-1
    7.9162299399995395e-1 7.917188489561795e-1 7.9191427371097234e-1
    7.9221854554089077e-1 7.9249742620879715e-1 7.9286998027315092e-1
    7.9313367431254844e-1 7.933786379666995e-1 7.9360892974145003e-1
    7.937220488813016e-1 7.939071576004153e-1 7.9399865341643561e-1
    7.9408004135293597e-1 7.9430387423690263e-1 7.9450208673299327e-1
    7.9467794517455559e-1 7.948391054744206e-1 7.9495751421307304e-1
    7.9525259913481772e-1 7.9531066868745859e-1 7.9541249775207912e-1
    7.9553512272968874e-1 7.9566165117873877e-1 7.9585219243239813e-1
    7.962501748794466e-1 7.9639807220246439e-1 7.9651722045895845e-1
    7.9674496977245979e-1 7.9731480043164993e-1 7.9758573706872737e-1
    7.9780282114279544e-1 7.9817774174402989e-1 7.984092034466812e-1
    7.9856490947063974e-1 7.9882391030096189e-1 7.9910001158408961e-1
    7.9935679037075713e-1 8.0002089490077799e-1 8.0010765650183657e-1
    8.0032365362861435e-1 8.0049083946905741e-1 8.0057338012378898e-1
    8.0084045164930251e-1 8.009319656093794e-1 8.0123291311713274e-1
    8.0170655687243197e-1 8.0174166646702361e-1 8.0193342770953679e-1
    8.0211577007446522e-1 8.0219072126150914e-1 8.0229771639585579e-1
    8.0268314950221376e-1 8.0273197887697734e-1 8.0277548134358767e-1
    8.031405473030746e-1 8.0327671923168964e-1 8.0338798717175453e-1
    8.0391540553891905e-1 8.0411016629105603e-1 8.0460834056384556e-1
    8.0484475010289314e-1 8.0495795101523981e-1 8.0534522390425989e-1
    8.0560398986150561e-1 8.0582809613835182e-1 8.0602975161548329e-1
    8.0617721896178407e-1 8.0624419133873748e-1 8.0639984180243118e-1
    8.06538991613858e-1 8.0668610154225462e-1 8.0672631051382071e-1
    8.0685977416624155e-1 8.0699126204166938e-1 8.0730129748744728e-1
    8.075205478305959e-1 8.0778355104234834e-1 8.0797018697137446e-1
    8.0854324436281133e-1 8.0890351596030996e-1 8.0896044487678864e-1
    8.0912180169682157e-1 8.0931154982633369e-1 8.0967546783222133e-1
    8.1013482991572039e-1 8.1048395420093589e-1 8.1071944256639961e-1
    8.108245747125693e-1 8.1098037316639549e-1 8.1109969673485061e-1
    8.1113078614998813e-1 8.1146504067964997e-1 8.1167983712583691e-1
    8.1206633711087761e-1 8.1224839462174714e-1 8.1230499235338849e-1
    8.1261750180901038e-1 8.131480322626885e-1 8.1322892097078792e-1
    8.1332038672907936e-1 8.135396488375477e-1 8.1403935355665458e-1
    8.1413150554372749e-1 8.143409933327348e-1 8.1450021964394637e-1
    8.1460873124011746e-1 8.1483747582984101e-1 8.1505849958077969e-1
    8.1538802168834079e-1 8.1606272706965233e-1 8.1613314090682254e-1
    8.1651732017202705e-1 8.1703203196492624e-1 8.1727477312815611e-1
    8.175537745117254e-1 8.1786388938460275e-1 8.1792769752408079e-1
    8.1841091019616996e-1 8.1864996306618798e-1 8.1893353606609609e-1
    8.1920947466501692e-1 8.1954134712663695e-1 8.1988588913074112e-1
    8.2001438341932142e-1 8.2011749865632733e-1 8.203552406464496e-1
    8.2083226545910293e-1 8.2121094020161955e-1 8.2151231660568558e-1
    8.216408380944813e-1 8.2173052298328131e-1 8.2192919022817734e-1
    8.2211225928691078e-1 8.2265664195923216e-1 8.22840985697878e-1
    8.2299719969805663e-1 8.2330926927277559e-1 8.2381178802302202e-1
    8.2424428198310129e-1 8.2446786514031245e-1 8.2504577642345112e-1
    8.2523675716693101e-1 8.2537955548330122e-1 8.2569055987960382e-1
    8.257943604396587e-1 8.2602055070192359e-1 8.2615783320682112e-1
    8.2638897077465245e-1 8.2655761586095522e-1 8.2693725889809377e-1
    8.2733165945887777e-1 8.2764607252602218e-1 8.2770919299809975e-1
    8.2801532463194727e-1 8.2824390844075424e-1 8.2836463682019712e-1
    8.2849894449304884e-1 8.2908093992523391e-1 8.2949000725457156e-1
    8.2997429862161376e-1 8.3034957080678851e-1 8.3091550030035755e-1
    8.3112109461532668e-1 8.3139665739527113e-1 8.3158575528159417e-1
    8.3226480459127283e-1 8.3244797270508575e-1 8.324996141151132e-1
    8.3274744115560684e-1 8.332562980574949e-1 8.3341399865739729e-1
    8.3364458364900429e-1 8.3406499425101244e-1 8.341761457723309e-1
    8.345612358358494e-1 8.3462684484757943e-1 8.3514851269555945e-1
    8.3549631208541086e-1 8.3585077337676239e-1 8.3622105120726209e-1
    8.3643392163332919e-1 8.3675489687179549e-1 8.3699326356818349e-1
    8.3742690609716419e-1 8.3772098471308709e-1 8.3778404326600742e-1
    8.3816593526080396e-1 8.3834480599570171e-1 8.3843056840966956e-1
    8.3866057018803986e-1 8.3890098029678484e-1 8.3920016890405436e-1
    8.3935896502384821e-1 8.3969372764488526e-1 8.3993631342909791e-1
    8.4008373312981632e-1 8.4033054140300834e-1 8.4068371786245488e-1
    8.4097134825307351e-1 8.4113300472358787e-1 8.4127843446694894e-1
    8.4144400136149977e-1 8.4160316965492254e-1 8.4202378188937244e-1
    8.4210761501230991e-1 8.4216490323788096e-1 8.4230821427223646e-1
    8.4246134055977828e-1 8.4291908873467492e-1 8.4323003111785511e-1
    8.4347293699865988e-1 8.4355456404812557e-1 8.4412981328174885e-1
    8.4434207568335751e-1 8.448860281876478e-1 8.4502266923469838e-1
    8.4538567465278902e-1 8.4554462518485707e-1 8.4567780940515802e-1
    8.4608681989507772e-1 8.4644662588470965e-1 8.4667252737119725e-1
    8.4670232798143841e-1 8.4691402457247023e-1 8.4765618428264133e-1
    8.4801830147865886e-1 8.4830937001814688e-1 8.4850753022821124e-1
    8.487600065615879e-1 8.4882238717849157e-1 8.489810817364245e-1
    8.4935915042322974e-1 8.4960584158056918e-1 8.5006186789386062e-1
    8.5019084056366412e-1 8.5046636185484203e-1 8.5062323154234032e-1
    8.5084199369964608e-1 8.5106225012220549e-1 8.5150034119290774e-1
    8.5164541834508001e-1 8.5200284216371069e-1 8.5224414796781878e-1
    8.5303952352465728e-1 8.5365275250442207e-1 8.5402938195407585e-1
    8.5456583608606707e-1 8.5474488631350853e-1 8.5481925852385154e-1
    8.5500774649062805e-1 8.5538217981604703e-1 8.5594018146775852e-1
    8.5601888393756032e-1 8.5621511424998076e-1 8.5642639700957568e-1
    8.5677955653864046e-1 8.5739093327356386e-1 8.5768795050008906e-1
    8.5772855893979538e-1 8.5811024989625362e-1 8.5830632614442948e-1
    8.5893323162163138e-1 8.5913908577458642e-1 8.5920489404554701e-1
    8.6039356123856126e-1 8.6073806151177579e-1 8.6091395203941701e-1
    8.61193847178788e-1 8.6130368265876311e-1 8.6180193517193404e-1
    8.6186242967829052e-1 8.6199356934212124e-1 8.6214278186364224e-1
    8.6241772248922643e-1 8.6298662569890894e-1 8.6318197005766706e-1
    8.6335638734532372e-1 8.6360204332738377e-1 8.6371855940606934e-1
    8.6386170655714523e-1 8.6420065938039314e-1 8.6474488069249844e-1
    8.6481598153841333e-1 8.6497587100649298e-1 8.651013264084213e-1
    8.6515322927448324e-1 8.6532111771921338e-1 8.65557104642102e-1
    8.6584716935165795e-1 8.6598998087156365e-1 8.6614028757185224e-1
    8.6675268234448599e-1 8.669974898605558e-1 8.6773723054687935e-1
    8.6789158125694399e-1 8.6819539451698802e-1 8.6831605412658064e-1
    8.6851019666403317e-1 8.6877409641995962e-1 8.6892627145907686e-1
    8.6905805445816697e-1 8.6936892287631051e-1 8.6962873824959386e-1
    8.6981310335581841e-1 8.7011415285010119e-1 8.7040281556080568e-1
    8.7050097010906025e-1 8.7058734049487607e-1 8.7074677268310552e-1
    8.7088042685672917e-1 8.7101105917718091e-1 8.7130938398799374e-1
    8.7136077664885647e-1 8.7167020966506925e-1 8.7191266829821956e-1
    8.7226279558162789e-1 8.7246080457634889e-1 8.7266850839880916e-1
    8.7282872847371051e-1 8.7310057705553845e-1 8.7342435654966266e-1
    8.7372494343844664e-1 8.7386984289802661e-1 8.7417439540986375e-1
    8.7427648640198186e-1 8.7437323107665832e-1 8.7446414362518354e-1
    8.7478401941686457e-1 8.7496668592739302e-1 8.751912185110996e-1
    8.7541212527355583e-1 8.7558947851852054e-1 8.7571775466913093e-1
    8.759892881038468e-1 8.7603237972492332e-1 8.7610317999481901e-1
    8.7612873215439324e-1 8.7633896280440238e-1 8.7648131387332895e-1
    8.7655049712975597e-1 8.7662184517193964e-1 8.7713360451303402e-1
    8.7736869480031598e-1 8.7764642702029505e-1 8.7783270314344009e-1
    8.7791135884504001e-1 8.7815766166875164e-1 8.7847385782106358e-1
    8.7861515512071264e-1 8.7892976776061005e-1 8.7915028977755583e-1
    8.7928237986047209e-1 8.7967966578446521e-1 8.7974376457259496e-1
    8.7989984317012693e-1 8.800394207513591e-1 8.8012620345218695e-1
    8.802446244550437e-1 8.8040599264252251e-1 8.8060593699566425e-1
    8.8110363065683828e-1 8.812140778656814e-1 8.8160660752151898e-1
    8.8165320878529618e-1 8.8195963838894509e-1 8.8215557580224413e-1
    8.8273024093962249e-1 8.8305853502333775e-1 8.8331302632468578e-1
    8.8341522316204646e-1 8.8388333907960259e-1 8.8422833425680181e-1
    8.8460727793624494e-1 8.8473803438394327e-1 8.8481542491984533e-1
    8.849051294318997e-1 8.8505619823730997e-1 8.8525425544521563e-1
    8.8545234086063829e-1 8.8554350325887299e-1 8.8581865388423464e-1
    8.8596396173102221e-1 8.8638087990384518e-1 8.8655248471695813e-1
    8.8680112916057396e-1 8.8707485384493334e-1 8.8726705245916393e-1
    8.8772670450234725e-1 8.8791667568284538e-1 8.8859183092514671e-1
    8.8867484318450352e-1 8.8915254831499624e-1 8.8979976215123313e-1
    8.9053676140406424e-1 8.9069923222979241e-1 8.9085554913856413e-1
    8.9098528301051372e-1 8.9114054259152908e-1 8.9143023315523351e-1
    8.9158027062676415e-1 8.9170682470130491e-1 8.9186700551978704e-1
    8.9232833554223134e-1 8.9241571207730885e-1 8.9270847273492104e-1
    8.9298504977472881e-1 8.931127869467067e-1 8.9335512966317765e-1
    8.9350825777564746e-1 8.9369329470207504e-1 8.9378218978627044e-1
    8.9385969489558192e-1 8.9395576800360543e-1 8.9404232918450366e-1
    8.9431408505492982e-1 8.9449708149792662e-1 8.9476251175225718e-1
    8.9482512339348186e-1 8.9536514783376331e-1 8.9554427763850986e-1
    8.9575576828628978e-1 8.9596963417504105e-1 8.9657030724044617e-1
    8.9690507285500387e-1 8.972045235827214e-1 8.9798763308278595e-1
    8.9807896881120541e-1 8.9833761573941051e-1 8.987593351293981e-1
    8.9891430627812952e-1 8.9900370850518807e-1 8.9924077772455902e-1
    8.9941014378863271e-1 8.9964691524281604e-1 8.9985535733967481e-1
    8.9999164166579249e-1 9.0035113758008267e-1 9.0067566699627832e-1
    9.0112676035963502e-1 9.013717371724852e-1 9.0159275900748526e-1
    9.0202550807637749e-1 9.0241574373885669e-1 9.0253710753368066e-1
    9.0289194366851011e-1 9.0306552352020242e-1 9.037026622690324e-1
    9.0404136168831428e-1 9.0431973669728904e-1 9.0457418754522223e-1
    9.0513150835033684e-1 9.0569135283365343e-1 9.0599548620195947e-1
    9.0649879548054746e-1 9.0697200868567052e-1 9.0716383664293976e-1
    9.0735864672598154e-1 9.0748332076489646e-1 9.0784956785397042e-1
    9.0804536478044606e-1 9.0826030746065956e-1 9.0872443418382842e-1
    9.0940529777629564e-1 9.0977669825515473e-1 9.103456476546512e-1
    9.1064101448409929e-1 9.1085396273956576e-1 9.1104480109067609e-1
    9.1137913810649707e-1 9.1152224931192904e-1 9.1167003762120657e-1
    9.1179669956954967e-1 9.1202428969726113e-1 9.1222593391444207e-1
    9.1234102808830353e-1 9.127620317549372e-1 9.1289726081736766e-1
    9.1323365407919255e-1 9.1346001069746308e-1 9.1386870111273311e-1
    9.1426647584610232e-1 9.1473992675819316e-1 9.1493837883574869e-1
    9.1511894700787322e-1 9.153586030988663e-1 9.1552440700286297e-1
    9.1569663992231654e-1 9.1576846092702913e-1 9.1615611135694053e-1
    9.1636658883089694e-1 9.1668320603059783e-1 9.170484621641819e-1
    9.1728543470899238e-1 9.1761672862401156e-1 9.1777170525386154e-1
    9.1816112247059734e-1 9.1888996522084199e-1 9.1919762820234041e-1
    9.1940152641336681e-1 9.1968511613231385e-1 9.1990373426165206e-1
    9.2019307404264816e-1 9.2045494588791144e-1 9.2050532177988009e-1
    9.2088342041570281e-1 9.2114555520371366e-1 9.2121510365096682e-1
    9.2124755803775993e-1 9.2149022688045079e-1 9.2174960533569106e-1
    9.2213168584112282e-1 9.2230574164250356e-1 9.2245078065923281e-1
    9.2270853456882052e-1 9.2289766183444044e-1 9.2299254096606087e-1
    9.2340099705029388e-1 9.2356316197947308e-1 9.2372452657552151e-1
    9.2385555483620663e-1 9.2394874690053252e-1 9.2413046336223492e-1
    9.2438287781660622e-1 9.2442677188423006e-1 9.2466417979394466e-1
    9.2476750892155901e-1 9.2501119815653965e-1 9.250819522188749e-1
    9.2529597073480541e-1 9.2541223810633255e-1 9.2581977488077882e-1
    9.2611106337658711e-1 9.2624808210004828e-1 9.2649268334425872e-1
    9.2667088327948477e-1 9.2700507794643272e-1 9.2719616467340005e-1
    9.2757707633736575e-1 9.2794496480814814e-1 9.2811508609593152e-1
    9.2823722879787363e-1 9.283121091602311e-1 9.2844243894751344e-1
    9.285232177581596e-1 9.2885530561945873e-1 9.2934177969509624e-1
    9.2947885518078688e-1 9.2997163252675819e-1 9.305163344713947e-1
    9.3071203264062208e-1 9.3084207141373554e-1 9.3091409963744809e-1
    9.3107017239199197e-1 9.3122073094565394e-1 9.3130405783500692e-1
    9.3142070771210683e-1 9.3144531737571867e-1 9.3156138113211762e-1
    9.3166545477049567e-1 9.3173805516431685e-1 9.3178119034265749e-1
    9.3182702135709405e-1 9.3193364306656201e-1 9.3277400206655636e-1
    9.332463422363162e-1 9.3356541061950793e-1 9.3398777331040039e-1
    9.343615182113657e-1 9.3438489604250208e-1 9.3475875645599449e-1
    9.3481584761272529e-1 9.3517742605563403e-1 9.3520180011723819e-1
    9.3524114898464172e-1 9.3531973077651853e-1 9.3545286962528607e-1
    9.3558103450115071e-1 9.356135680953912e-1 9.3571419173765336e-1
    9.3583983009330041e-1 9.3594718499252849e-1 9.3645184780336876e-1
    9.3668017993167041e-1 9.3673206543765752e-1 9.3682317294337736e-1
    9.3690654721487066e-1 9.3698205020064051e-1 9.373788662222069e-1
    9.3762450702524802e-1 9.3779652510363576e-1 9.3797406693634655e-1
    9.3829551789099241e-1 9.383217821085964e-1 9.384312943572013e-1
    9.3873109624252848e-1 9.3924416961731372e-1 9.3966398944633056e-1
    9.3986669666800382e-1 9.4012908813147078e-1 9.408038027104989e-1
    9.4099743115930323e-1 9.4117778513464145e-1 9.4148280470417378e-1
    9.4156365408180132e-1 9.4163194475186174e-1 9.4182470491273307e-1
    9.4197661682221678e-1 9.4225238124272437e-1 9.4260183225469518e-1
    9.4267191502821235e-1 9.42800157702959e-1 9.4291440963828188e-1
    9.4297902036487358e-1 9.4300807529616582e-1 9.430387996943409e-1
    9.4307410774824041e-1 9.4330378092928413e-1 9.4333220636857129e-1
    9.434199253093235e-1 9.4365683836444703e-1 9.437880298912944e-1
    9.4401801504672278e-1 9.4414834350222265e-1 9.4442051906323599e-1
    9.4474754852467413e-1 9.4530870811277057e-1 9.4594079891676297e-1
    9.467563319179817e-1 9.4694431918503597e-1 9.4705023392371002e-1
    9.475068293243567e-1 9.4768672116078956e-1 9.4777989972990329e-1
    9.4816575037273454e-1 9.4831050752725332e-1 9.4867942210002332e-1
    9.4890859563392382e-1 9.4908370127097896e-1 9.4925397987644833e-1
    9.4928274594639106e-1 9.4941749801273545e-1 9.4961018092650795e-1
    9.4973812771877419e-1 9.4983169812712731e-1 9.4994245847938141e-1
    9.5032730356042516e-1 9.5042120282573705e-1 9.5059317808391242e-1
    9.5069370840701595e-1 9.51015173162159e-1 9.5121873018348424e-1
    9.5135710797612771e-1 9.514540444774866e-1 9.5171460494066196e-1
    9.5187265285940159e-1 9.5236882686630353e-1 9.524859803492518e-1
    9.5285790718495866e-1 9.5300268264088572e-1 9.5310294101506898e-1
    9.5323835147912306e-1 9.5344592595185729e-1 9.5364179661792148e-1
    9.5374401130523745e-1 9.5389120236745839e-1 9.5412518118519074e-1
    9.5431331584950385e-1 9.5457878405341035e-1 9.5480475716485669e-1
    9.5502345078307371e-1 9.5558123847945353e-1 9.5589856538990714e-1
    9.5624002876026482e-1 9.5636611144894756e-1 9.5705488319942689e-1
    9.5734722706592379e-1 9.5755432603755253e-1 9.5775842871756012e-1
    9.5784734533442262e-1 9.5801031242757517e-1 9.583530680717558e-1
    9.5845369906195776e-1 9.5888952400611061e-1 9.5904664316705635e-1
    9.5938692588219965e-1 9.5946802878734161e-1 9.5952276761963728e-1
    9.5958800241753905e-1 9.598041101183169e-1 9.5987490606098902e-1
    9.6008290426935616e-1 9.6018687711719508e-1 9.6036567416263097e-1
    9.6044591424080339e-1 9.606613603620644e-1 9.6076944815688747e-1
    9.609411927367546e-1 9.6106624003289198e-1 9.6122788661445413e-1
    9.6128156968461553e-1 9.6137562292369694e-1 9.6154585511734092e-1
    9.6170700124472808e-1 9.6232769705266041e-1 9.6279706114037256e-1
    9.6310338540895046e-1 9.6331627992044055e-1 9.6340105770877926e-1
    9.634762861010131e-1 9.6353507217820933e-1 9.6392228367596999e-1
    9.6422729719215572e-1 9.6463709681603405e-1 9.6478876778712674e-1
    9.65024967700856e-1 9.6534584300729875e-1 9.6558069014463399e-1
    9.6567369994223407e-1 9.6586907135656475e-1 9.6614351085679573e-1
    9.6626639713239071e-1 9.667811788111067e-1 9.6705137644789829e-1
    9.6726661566924577e-1 9.6746388806295724e-1 9.675942931883128e-1
    9.6778929565516592e-1 9.6791416702444621e-1 9.6794152608044892e-1
    9.6811801808189557e-1 9.6821379130597052e-1 9.6870634270976552e-1
    9.6926875723856942e-1 9.6943836061982436e-1 9.6956273200503351e-1
    9.6965254021488367e-1 9.6972948977472695e-1 9.6990610639176744e-1
    9.7018402441840412e-1 9.7058004112880425e-1 9.7078876455316276e-1
    9.7124537365577146e-1 9.7133299407763241e-1 9.7138010053367907e-1
    9.7144096242573141e-1 9.7161877317794276e-1 9.7191666594271742e-1
    9.7212163303101984e-1 9.722121839201413e-1 9.7252719711123059e-1
    9.7269220030974568e-1 9.7293686314919792e-1 9.7304411065088059e-1
    9.7315807824835632e-1 9.7331065378845472e-1 9.7341202625960122e-1
    9.7355149410523156e-1 9.7373882242910825e-1 9.7379661671127449e-1
    9.7395984197464713e-1 9.742674384218617e-1 9.7437322470062782e-1
    9.7457884033217723e-1 9.7495621686721279e-1 9.7515519855139132e-1
    9.7542729509755843e-1 9.7557729720483621e-1 9.7565836444937304e-1
    9.7600573555564551e-1 9.7613547719683991e-1 9.7645107428161282e-1
    9.7670311458779224e-1 9.7779082024353559e-1 9.7848379060849311e-1
    9.7884846428951278e-1 9.7923494680917433e-1 9.7956676897008166e-1
    9.7965877021506453e-1 9.7971639174582903e-1 9.8023602209559613e-1
    9.8065877027111781e-1 9.8088911459520511e-1 9.8113560937736111e-1
    9.8139323161331049e-1 9.8152487061980764e-1 9.8201508634326728e-1
    9.8217960051639841e-1 9.8250709845981676e-1 9.8256582847251495e-1
    9.8296592469132515e-1 9.8359183136471984e-1 9.8397265289545432e-1
    9.8464674654314877e-1 9.8480423333353428e-1 9.8531810148193699e-1
    9.8549432041242346e-1 9.8583256988022183e-1 9.8588361260203783e-1
    9.8604507608360692e-1 9.8614970126607204e-1 9.8622831815297707e-1
    9.863182169050333e-1 9.8679279809152831e-1 9.8771830293065122e-1
    9.877467591900313e-1 9.8829696369411979e-1 9.8854496212762955e-1
    9.8868864522194144e-1 9.8891095535818752e-1 9.8909539732164831e-1
    9.8933531672946629e-1 9.8954807735020722e-1 9.8993658134583029e-1
    9.9031276175537641e-1 9.9051360055921123e-1 9.9125419457095632e-1
    9.9150777559290348e-1 9.9172655442143876e-1 9.9226493999334964e-1
    9.9247095471426816e-1 9.9256934158113708e-1 9.928667700331365e-1
    9.936896855581836e-1 9.9395059437623934e-1 9.9439939080144768e-1
    9.9487733501200637e-1 9.950569927102606e-1 9.9528501047352624e-1
    9.9544936286448704e-1 9.9550014294686662e-1 9.9599311365648191e-1
    9.9607866432631909e-1 9.9620651826637641e-1 9.9680422245371247e-1
    9.9715635253539858e-1 9.9745969759042052e-1 9.9823634873473566e-1
    9.9895384235915119e-1 9.9966575474950337e-1 9.9992208286624062e-1
    1.0002641761430293 1.0004378037698416 1.0005439705707886 1.0007245408001577
    1.000780710942698 1.0010112457332778 1.0013564070132475 1.0016209813893511
    1.0021968955470584 1.0023446451314157 1.0025516037959885 1.0027124000845207
    1.0029652866615777 1.0030772722348047 1.0031617748134392 1.0031778503083841
    1.0032559977960318 1.0034625933505399 1.0035079638358866 1.0038505684011625
    1.0045352972240948 1.0047227281455662 1.0049827773282232 1.0055354029556838
    1.0058777534073329 1.0063235628099139 1.0063985490634195 1.0065406026699861
    1.0066806790952114 1.0069448188882233 1.0070849662335604 1.0074307479966591
    1.0078030895539087 1.0081100321162921 1.0082489016917862 1.0084600897296241
    1.0088303166617152 1.0089714460503576 1.0089878080619503 1.0092096185470383
    1.0094905139592356 1.0100155843735723 1.0106061996135396 1.0112381593409623
    1.0116530916724773 1.0117082017643497 1.0121172514323575 1.0122915496529257
    1.0125966040400727 1.01268231638174 1.0128783164862398 1.0130172058577955
    1.0135322661351509 1.0139590847478757 1.0141447982704708 1.0144126446959187
    1.014542843206679 1.0146382818730519 1.0147077395622546 1.0147636280890613
    1.0148014523784437 1.0148759401851446 1.0151811961422683 1.0156260420921512
    1.0160886033143015 1.0162884540960577 1.0163920820525618 1.0167265141220696
    1.0172780202406102 1.0173053619391288 1.0173913693496615 1.0177315158540523
    1.0180406622998817 1.0181834768541194 1.0183986789532355 1.018681664637711
    1.0191985875079581 1.0194385403684854 1.0197472002843522 1.0198155042897952
    1.01995075435525 1.0200887787967885 1.020209520476653 1.0203777680811374
    1.0204888407683614 1.0206814615370863 1.0209141974298745 1.0212960322704541
    1.0214775054114398 1.0215721274041374 1.0218730668011631 1.0220435663147782
    1.0222766208605663 1.0225563986616888 1.0227829426916628 1.0229223207356231
    1.0232216715949107 1.0237809351738179 1.0240582995393197 1.0242385962240275
    1.0244496379435886 1.0246643338678609 1.025115697608004 1.0255653703028556
    1.0259210470791373 1.0263421065707008 1.0264282562753968 1.0264765815735284
    1.0268903012860391 1.0272746563406534 1.0274199026859736 1.0280312287339559
    1.02843710526231 1.0284804434891726 1.0285168330442502 1.0285781265058176
    1.0286267501537623 1.0287343065572827 1.0290834872106416 1.0295016969510773
    1.0304889186333337 1.0309234315872244 1.0316888571589065 1.0317555035255963
    1.0319261471059462 1.0320236077159279 1.0321550001498678 1.032201896004949
    1.0324017538232511 1.0325334835183639 1.0326093084243742 1.0326699431523896
    1.0328152024090482 1.0329193188719425 1.0333063920813998 1.0337668526124162
    1.03396300560496 1.0342606097306999 1.0343702388368001 1.0345356952811358
    1.0346292356219351 1.0347115892611782 1.0348924650160143 1.0359501070210513
    1.0361622515014801 1.036666691745836 1.0369685296434779 1.0370542449426725
    1.0376797353133953 1.0380557789178511 1.0381373038069341 1.0383664536942498
    1.0385132327526663 1.0388943276451754 1.0392968047663089 1.0399029966661797
    1.0401322611355175 1.0402929952256923 1.0407591643409433 1.0409472339840704
    1.0412489122036277 1.0415933637933676 1.0420255809382297 1.0423262724432714
    1.0426962711761973 1.0434951983133942 1.0435983213009195 1.0444885789338514
    1.0446627281163501 1.0449437819321248 1.0453323163947061 1.0457058424867682
    1.0458383598244836 1.0459301308680249 1.0461652496909664 1.0466024901118545
    1.0467493841924806 1.0468878497702765 1.0469722369177059 1.0475521858193702
    1.0476589876596791 1.0485059736162536 1.0486663116425916 1.0492723402140656
    1.0494266430376098 1.049901065391623 1.0502752331645637 1.0506357645402074
    1.0511532095817528 1.0518370782582167 1.0524698688655008 1.0526343820002921
    1.0530394920870094 1.0534366489068674 1.053974574373933 1.0542788604765778
    1.0545505735703955 1.0550630904363061 1.0552612049346604 1.0553283823593727
    1.0555477448282697 1.055626083068637 1.0557525719959813 1.0559925298049166
    1.0561410527693624 1.0562582190686953 1.0564309190399399 1.0567007329909757
    1.0571412251937156 1.0571908320969214 1.0573243090419737 1.0573968038674195
    1.0574792790536907 1.0575807255036125 1.0580533428038166 1.0581887362827729
    1.0582503914936296 1.0582933506437939 1.0586564031730177 1.0592211850758986
    1.0600274995009387 1.0601586473283835 1.0602324188675993 1.0604926058767887
    1.0608566130458712 1.0609711958456387 1.0610656090279007 1.0613676425464291
    1.0614903265491193 1.061709994992422 1.06203298558994 1.0621967095970224
    1.0622495903383222 1.062307669175425 1.0624702389786762 1.063034348950282
    1.0633282122658525 1.0633720951562802 1.0635134737563932 1.0636135912102418
    1.0643877469827316 1.0644721600988305 1.0647779743115149 1.0648409129176799
    1.064886565163371 1.0651750832341047 1.0653720586281754 1.0654840591876564
    1.0655519597778038 1.0661706087792351 1.0663836532314235 1.066794262706531
    1.0670246960795566 1.0672153249656731 1.0674661597823842 1.0677559971510391
    1.0680305302812485 1.0682881825123332 1.068500663310715 1.0687432477968741
    1.0689266673589373 1.0691100184400568 1.069389455869636 1.0695028095453836
    1.0695608547369488 1.0696717210842053 1.0697379907392133 1.0701553084178386
    1.0705772111273291 1.0708938670947343 1.0710652026070118 1.0711958719093673
    1.0715575635743335 1.0718228392067561 1.0719036154698454 1.0721357042675095
    1.072247722785687 1.072671953646412 1.0728288989579855 1.072983484014685
    1.073326211429438 1.0735740008389598 1.0750456777540194 1.0753946221316255
    1.0756882830364702 1.0760856061094728 1.0763424014567136 1.0767777788289226
    1.0769005662407705 1.077279185166276 1.0773707764318488 1.0777347514942335
    1.07777756465984 1.0778298275020006 1.0781191110252735 1.0782208578317949
    1.0786328815396093 1.0793912920990654 1.079477765337894 1.079564602035892
    1.0796801098884317 1.0799177701900589 1.0804601504618339 1.0805283033074982
    1.0806519578593452 1.0808725031470203 1.081212712057436 1.0817599674516412
    1.0818185460131342 1.0819719034078996 1.0822758418025842 1.0824088213469492
    1.082559634657311 1.0832546059616055 1.0838781419793122 1.084243288338655
    1.0844753915300014 1.0847473834595576 1.0849923085693913 1.0853902954170962
    1.0859279999859457 1.0862333249850167 1.0870888338860567 1.0872520445636837
    1.0877352230145334 1.0878582180377332 1.0879815961900223 1.0881161116476505
    1.0882801176381431 1.0884876107800967 1.0885582575841302 1.0891982431575928
    1.0894262708621341 1.0897630082927208 1.0898280718778703 1.090482927805321
    1.090685594869683 1.0911555103592718 1.091248991082125 1.0915892686283162
    1.0921079547828185 1.0922453783781141 1.0925129524261397 1.0929239374239841
    1.093306702396863 1.0935208777026932 1.0940735635343419 1.0945373663653299
    1.0950664842430342 1.0955596855281631 1.0958348477535245 1.0959728366145403
    1.0961187395558909 1.0962857547277356 1.0964393298885018 1.0966025222251119
    1.0969005527477749 1.0971099632228287 1.0974115476778934 1.097527980829524
    1.0980555477666105 1.0982510643128383 1.0985049803072495 1.0989274513249256
    1.0993544888534643 1.0995360992711198 1.1001631900128359 1.1003585554714064
    1.1006998668548476 1.1008569580009862 1.1011200132800998 1.1013715808380766
    1.1021712919805964 1.102322105255189 1.1025579486752446 1.1027364818694676
    1.1029532295325832 1.1032240677227492 1.1035267437291623 1.1036529081257869
    1.1043477049853598 1.1044319933544102 1.1046451603215246 1.1046772544173109
    1.1047068659236932 1.1047685482490881 1.1048707319125697 1.1053457789060606
    1.1057405277558376 1.1059305944227162 1.1066237098090521 1.1069717956726208
    1.1074529587284425 1.1076668812514185 1.1080344829711066 1.1081038399977388
    1.1088121403787821 1.1090633301649671 1.1093021696058258 1.1093389635899105
    1.1099751469151671 1.1103702448956159 1.1104510139532198 1.1111233569939334
    1.1115346142114049 1.1121777318208843 1.1125034755404157 1.1125502210221385
    1.1126288469448202 1.1129709570026534 1.1134161563772327 1.1134434798817503
    1.1136385060027578 1.1141696540355821 1.1146812166804239 1.1150199204611064
    1.1152783197628651 1.1155376679585061 1.1156562265409775 1.1158223032132355
    1.1163956011916223 1.116761293818513 1.1173321687846769 1.1176093879688171
    1.1177314402574059 1.1177875593692381 1.1180434939531552 1.118114819782204
    1.1183086148201256 1.1186609460384196 1.1189111823950952 1.119825435606117
    1.1199671173166279 1.1201645250184811 1.1202298157971693 1.1204032228824019
    1.1211090192905431 1.121282990155305 1.1215429104495993 1.1220836570576498
    1.1229138235404055 1.122995968201792 1.1230998490738784 1.1231449075876299
    1.1232494241855875 1.1235130755573144 1.123647628652634 1.1239705415806838
    1.1241367450977293 1.1247890170247956 1.1249394043380221 1.1251338079019402
    1.1258422197020082 1.1259731046790193 1.1261559365843254 1.1264709454604827
    1.1266347852819081 1.1266893468607253 1.1267945067641318 1.1269419022790186
    1.1269820874947203 1.1270891843912978 1.127328731047631 1.1274265298735979
    1.1275383345876304 1.1276283868595101 1.1277314517604584 1.1279229462440981
    1.1279814422137862 1.1282749862722474 1.1284077033316993 1.1284861799655914
    1.1289139656378211 1.1294699955991745 1.1298698093202499 1.1300928382751181
    1.1302114424179308 1.1307085086699165 1.1310266325719112 1.1310807401574039
    1.1311286239957554 1.1315505196706519 1.131625818815337 1.1320171294214276
    1.1322324230306247 1.1323547914060328 1.1325731364322564 1.1333484033733612
    1.1334486236601151 1.133598594922296 1.133871286635743 1.1341230321804687
    1.1343293159600876 1.1350294143018118 1.1350507890056178 1.1351216782410121
    1.1352912288813968 1.1360461507031232 1.1365807375494796 1.1367775871713093
    1.1370318752642075 1.1374292212196149 1.137739099911544 1.1378795112233699
    1.1380626526835158 1.1382702625969614 1.1383996408842449 1.1385443617274404
    1.1386471745066729 1.1389132293807052 1.1394990928429252 1.139980347497294
    1.1408983808090625 1.1415774653756412 1.1421285085351087 1.1423764840117656
    1.1428358387554909 1.1430109180821395 1.1431554577702627 1.1432548414538057
    1.1433639339838919 1.1434864706504111 1.1436898722503581 1.144202169125117
    1.1443033846648707 1.1443563800479903 1.1444433184023182 1.1446962304528694
    1.1449622495051048 1.145589179234126 1.1456620199297893 1.1457166253065745
    1.1457577895099738 1.1461311213253111 1.1462518338285008 1.1462821629184874
    1.1463380574223265 1.1465893880417752 1.1467758648386084 1.146824213142801
    1.1469001143068454 1.1471677730122565 1.1473082927806217 1.1474477151396627
    1.1478346108127273 1.1479426949874778 1.1481020748582782 1.1484530325669766
    1.1493513025804662 1.1495326732990634 1.1497580130991991 1.1500858237046714
    1.1503144960577174 1.1511781479712226 1.1512678484514904 1.1513374008920152
    1.1515163391098515 1.1517835481827206 1.1520612158475767 1.1522650287077643
    1.1523711386002258 1.1525013340269652 1.1525986459955675 1.1527023732642192
    1.1531093584776499 1.1532013722571719 1.1532516445939629 1.1533238221906383
    1.1534833701546934 1.1544333786995935 1.1548944616967276 1.1550600508281605
    1.1553567994516811 1.1554756294099964 1.1555599286484721 1.1557139538838783
    1.155786802521743 1.156107535754586 1.1561408796126216 1.1561716569283818
    1.1562258572009796 1.1562992542626489 1.1564257180192499 1.1565513371306224
    1.1565967382857707 1.1567546112646596 1.1569738503919456 1.157921693401325
    1.1584591308332015 1.1593328075376803 1.1595013320952603 1.1597209190867943
    1.1598530805366474 1.1601260960048552 1.1610910610489555 1.1611620855550426
    1.1612058288731077 1.1613724736656326 1.1614611377356852 1.1617398302624053
    1.1623235578078948 1.162802093374997 1.1629537223459141 1.1630286057711601
    1.1630729645253268 1.1633434714501618 1.1634801806551422 1.163934754844983
    1.164419626318886 1.1645343553035445 1.1646238473847137 1.1649545229005525
    1.1650445102604863 1.1655176906873521 1.1657157592801013 1.1658810675956677
    1.1661025551173907 1.1666010349724729 1.1667057226789364 1.167163113535518
    1.1672299791451526 1.1674470882291341 1.1675919225604048 1.1676823411489561
    1.1677477130421721 1.168426025761073 1.1688078242343312 1.169102852855076
    1.1693745943292535 1.1694463308488139 1.1698905551619798 1.1704145458876156
    1.1709327106552792 1.1714244025475637 1.1722820797300528 1.1723289159929209
    1.1726232469927709 1.1731202690722058 1.1739657321456132 1.1742653191217112
    1.1744284152952673 1.1745772241774073 1.1746665920803896 1.1748364676515355
    1.1751734306651542 1.1752669159013749 1.1755119414815454 1.1756061385828747
    1.1757948108399958 1.1760169308046586 1.1763892189946432 1.1767718319316762
    1.1774569612470032 1.1775586627094299 1.1776955559198352 1.1780469579014721
    1.1786386184495314 1.1786918377911206 1.1789174234824713 1.1790478442926162
    1.1792022751697826 1.1797920687933281 1.1798966492429674 1.1803595426810196
    1.1815321786919715 1.1821871551002612 1.1823135909830853 1.1828501969685021
    1.1832989449728433 1.1838009677127048 1.1840601727470812 1.1843516924883262
    1.1844978206827363 1.1848761647508126 1.1849839798204205 1.1855196407507265
    1.1860400798198043 1.1861666782519933 1.1863144244837258 1.1866394821593076
    1.1870860556206821 1.187417359325309 1.1877495406639356 1.1880283764280648
    1.1884137866099991 1.188466048000737 1.1892620711917385 1.1894414985760022
    1.1900605564422524 1.1903443232816546 1.1908757756883688 1.1909218454377424
    1.1912703323491769 1.191375453947694 1.1914694994386537 1.1915824628350493
    1.1917191297479046 1.1918176220754806 1.1920109541394293 1.1921319343324892
    1.1922855105674444 1.1926202084392312 1.19281626591453 1.1931534796332925
    1.1933526752348673 1.1939532778047579 1.1940328593862952 1.1948829169807271
    1.1950149662864078 1.1950880961636585 1.1957487688036963 1.1972926559548926
    1.1979690984799163 1.1984033701199743 1.1985143913643697 1.1986393895031142
    1.1991966158507097 1.1994228401262261 1.1998262152728103 1.2003851085921724
    1.2006206794055743 1.2006938322979863 1.2010557631251686 1.2020871531583908
    1.2023552254158858 1.203051563192427 1.2032034213712905 1.2033422408718253
    1.2034099609410684 1.2035544678763992 1.2039241854790816 1.2040349994921145
    1.2042082792325648 1.2042792809777438 1.2047754095231842 1.2049304757574646
    1.2050230909096302 1.2050823901367949 1.2055073513283787 1.2055828359320002
    1.2057773976279349 1.205991195770548 1.2071310631328287 1.2073410531792206
    1.2082309118868579 1.2083829668558224 1.2085592674445707 1.2086781819048156
    1.2088710570931955 1.2093486842613856 1.2095041471627286 1.2096778304489817
    1.2098771616617796 1.2099860108565583 1.2105836979542801 1.2106816125653495
    1.2108193213263501 1.2114680700772926 1.2120558247625013 1.2123466185325924
    1.2126491995360085 1.2129007845889646 1.2132892694933919 1.2137295728593926
    1.2138489996974993 1.2140619998548572 1.2144932800444792 1.2146298670623992
    1.2152584291175497 1.2157579642526799 1.2164335013445842 1.2165402339162159
    1.2166686450996735 1.2166925937276574 1.21718215005194 1.2172105536350499
    1.2175138054178205 1.2178025552921099 1.2185115950735508 1.2191346941483516
    1.219857554094824 1.2200982721592482 1.2202366889397354 1.2204025444423223
    1.2207893763538777 1.2212269862496083 1.2215957619944675 1.2220198354572338
    1.2222013887316279 1.2222966975414238 1.2224778962115124 1.2230939133014544
    1.2232486240359322 1.2233604719843356 1.2237373975587615 1.2237976757732838
    1.2240177817048448 1.2241935794723759 1.2245576695815998 1.2246249574318426
    1.2246905725278339 1.2250643880743155 1.2254834573020941 1.2263882379652387
    1.2265032201058603 1.227227663468875 1.2278049524056769 1.2279139823587382
    1.2283023577783752 1.2287090836265027 1.2292629696900501 1.2298733067260141
    1.2298848370036077 1.229914413937119 1.2299800236946226 1.2300628174538701
    1.2301174938130923 1.2304610537787084 1.2311079458879248 1.231328284678284
    1.2315109371174913 1.2316784381995214 1.2317533195446881 1.2320949724720169
    1.2321911184714434 1.2325553335553194 1.2334137228228126 1.2335273743507666
    1.233630642798289 1.2345833953052534 1.2351807198163443 1.2353437612420879
    1.235727905656131 1.2363029797602394 1.236945773139928 1.2371312517043407
    1.237521045914582 1.2381427296231777 1.2383649500064167 1.2384718815595079
    1.2387529910460215 1.2388016042790695 1.2390407580924148 1.2394531369143806
    1.2395781046012417 1.2401457345824383 1.240506926106832 1.2410187612424124
    1.2415323297855789 1.2424064502345875 1.242520223858784 1.2426505590261903
    1.2429525574888582 1.2431074925236014 1.2436536698343541 1.2441004748649902
    1.2444090072740437 1.2446939912124435 1.2448733834917221 1.244904400029327
    1.2449728728752234 1.245252798707952 1.2464051007165315 1.2466932581388133
    1.2470541528858317 1.2471895968610625 1.2474351218570519 1.2476895787594913
    1.2479888948995115 1.2482476541360938 1.2483895732622321 1.2488945683662678
    1.2492670593377624 1.2494870962702105 1.2496469895699192 1.2499191865317698
    1.2504991992464056 1.2505559244855249 1.2509350640170851 1.2511633548090231
    1.2513494724779168 1.2514588380084508 1.2517855502868163 1.2523485497178626
    1.2524284692148058 1.2525140158846853 1.2527363153765561 1.2534320699188963
    1.2539007309987937 1.254348471656249 1.2545364669011481 1.2548271077439495
    1.2549172418830494 1.2550989898742653 1.2551876582086454 1.2557997180818867
    1.2559678283533913 1.2562354453912121 1.2563046146920898 1.2563335329487018
    1.2564010440222773 1.256735942153812 1.2568788081423463 1.2569099110341995
    1.2573148746532752 1.2576032304452838 1.2577724202397804 1.2578090091766172
    1.2578587906336907 1.2580358686536783 1.2580996635522752 1.2583837320206233
    1.2587754553662762 1.2588986175788932 1.2595295878930171 1.2595873565178408
    1.2597497930794361 1.2600953596765976 1.260453869171215 1.2605310780093835
    1.2607443265945524 1.2613004271259645 1.2613744941698617 1.2622849370997453
    1.2625211824719631 1.2629866161226004 1.2639564311996878 1.2641040351410993
    1.2644878779001374 1.2647238427891156 1.2650148463825643 1.2650898577996941
    1.2651372814962087 1.2652252500824943 1.2656866427196718 1.2660821243114242
    1.2661868168055055 1.2662658158366564 1.2663791061545453 1.2665037607011698
    1.2668260792894064 1.267038998859789 1.2671629801728461 1.2672609539709658
    1.2673066909408892 1.2674590055042547 1.2679409685133578 1.2682328614207563
    1.268332503604779 1.2692277561065226 1.269609225076844 1.2699374526780958
    1.2703924808860165 1.2708126954833194 1.2709515116433068 1.2715355392342644
    1.2718792830060466 1.2721108185990357 1.2722686868528399 1.2727815957192661
    1.2734075319182012 1.2736497566449543 1.2742927360229714 1.2745908280818186
    1.2746460899388694 1.2748971717165507 1.2756317041740772 1.275770380998108
    1.2758430359021986 1.2762836257574235 1.2763495394652637 1.2765740612494483
    1.2767407418830967 1.2775911129940141 1.2777487785757331 1.2782643724522131
    1.2783770878229137 1.2793649139471199 1.2797619135110381 1.279867256137474
    1.280384071138633 1.2809991086414811 1.2811500651717627 1.2812498264467649
    1.2813548621920745 1.2819768942423253 1.2823225405093883 1.282596201936667
    1.2832248765758778 1.283281812676887 1.2833672186655651 1.2835127267708231
    1.2841908715243637 1.2844529210296969 1.2845183807554956 1.2845962104314215
    1.2847548364021351 1.2856501541862795 1.2862896171301146 1.2863783510843707
    1.2867260159888247 1.2870717523774147 1.2872605574586942 1.2873777990816677
    1.2875316130523089 1.2884570827794353 1.2890924660753929 1.2891185449817992
    1.2892221220964271 1.289315796730989 1.2894093158270152 1.2898951999846133
    1.2903601610191799 1.2908032270291869 1.290923578436491 1.2912412231114883
    1.2916465893807469 1.2918082920654601 1.2923627480644426 1.29262579485885
    1.2934984864262105 1.2938202464578612 1.2938715930666149 1.294302046462144
    1.2951673476149153 1.2952901484936774 1.2953977718886449 1.2954412064921428
    1.2954660022053872 1.2955215238084652 1.2956543372697524 1.2957478779037501
    1.296237938776964 1.2965933272604162 1.2967242285025349 1.2969507624854941
    1.2971844773226167 1.2973204457926386 1.2975478595779653 1.297919311575394
    1.2980492113890705 1.2982615823464585 1.2988254392871568 1.2993907833709728
    1.2997225647959341 1.3000183703481223 1.30018173371991 1.3003762880619736
    1.3008306872149358 1.3008725063455131 1.3011802247114506 1.3016719894941389
    1.301711074306013 1.3019417040802825 1.3021263239175844 1.302604232786637
    1.3035233529465131 1.3039772761393189 1.3044304435576124 1.3044827039803815
    1.3045333810587505 1.3046344460639374 1.3049579635403461 1.3051772068773364
    1.3052123499939323 1.3053160174047662 1.3054293784957736 1.3056427710470189
    1.3058106106379455 1.3060364582896369 1.3061840810393863 1.3065585136030222
    1.3066365350547737 1.3067731593237113 1.3068878481764385 1.3071097264639775
    1.3072065854892116 1.3072895943391813 1.3075152221427808 1.3076553720937227
    1.3077847250284322 1.3081687260654462 1.3083902821038464 1.3086207120247308
    1.3088628401859144 1.3094291295116949 1.3098815472807472 1.3100836642542162
    1.3106261907218766 1.310797719182877 1.3113308591284425 1.311674527462076
    1.3117531724761389 1.3121272682470591 1.3125951842685026 1.312814193830339
    1.3131712665220523 1.3133715506658064 1.3134821714998908 1.3141162349450799
    1.3143110132785165 1.3146233594460075 1.3148370861037317 1.3151314356839141
    1.3152007452902883 1.3153016506933757 1.3153211830293305 1.3154383441991133
    1.3156468829715777 1.3162546580671914 1.316514991168636 1.3166938531336427
    1.3168063590695738 1.3170129050076866 1.3171387706495352 1.3173663679436687
    1.3174428966296545 1.317643802933435 1.3178176262217676 1.3181618906286789
    1.3186589311322223 1.3193158956046318 1.3194320144085785 1.3197988177180378
    1.3200854098174204 1.3203743080681307 1.3207699097358727 1.3209557776228393
    1.3213011662299843 1.3217336501120371 1.3219415742065395 1.3226001760667714
    1.3231887809406544 1.3240645393805608 1.3243201154256894 1.3251650722369959
    1.3252391000417316 1.3254078419700819 1.3256613358895266 1.3257493308544326
    1.325848767806292 1.326306977173014 1.3263671523538203 1.3265113987570203
    1.3265988954297541 1.3270187882625493 1.3272500790515551 1.3273790083332122
    1.3277378796647099 1.3277947286471772 1.3278709791261463 1.328136825870206
    1.3288047412956037 1.3289400621830889 1.3291922793275717 1.3294502672680437
    1.3295978308153735 1.3306495476869844 1.3307794530150887 1.3309153033646453
    1.3310468584087023 1.3310814279712606 1.3311737735119777 1.3313325084032841
    1.3316114754794399 1.3318169665823234 1.3318868864969773 1.3319230658395707
    1.3320494200019311 1.3328455238335664 1.3331265613054863 1.3331868270729501
    1.3333348723692022 1.3340283507463482 1.3341209762718791 1.3348895638919203
    1.3350201938137616 1.3353630029822245 1.3355520812876118 1.3360108332844902
    1.3361284246122522 1.3362503992129859 1.3364712610571889 1.3366511588163423
    1.3368562759899305 1.3377045428417962 1.3378187052063975 1.3378707659309537
    1.3379751593820401 1.3380266399896452 1.3381506605270868 1.3391918057791827
    1.3394936055925275 1.339807197315622 1.3398900676511403 1.3401064651752677
    1.3409799047710749 1.3413176805206604 1.3418777749416873 1.3420460676458268
    1.3422179320449079 1.3424645718478132 1.342948091971266 1.3430970220152478
    1.3434472684634133 1.3434888711433683 1.343681697087959 1.3439246869811541
    1.3439632559020538 1.3440364195765142 1.3442449409179971 1.3443304828206237
    1.3446059247517042 1.3447363666899339 1.3451823613171201 1.3453088040068149
    1.3454223292430469 1.3455407689889398 1.3456616447401757 1.3458367983140047
    1.34684522146212 1.3472798809593012 1.3476795408131921 1.3478751672955696
    1.3480103523402249 1.3482766137972249 1.3483546572880794 1.3486387622712073
    1.348852694913512 1.3489662788230135 1.3491543601339799 1.3494475001836821
    1.3497042311454379 1.3497891877617196 1.349876652050807 1.3504555158366203
    1.3507233789362847 1.3507528430612485 1.3508389296295717 1.3509263859380098
    1.3513543652836233 1.3521954625853141 1.3523274137739161 1.3524189091056844
    1.3526718153625552 1.3529570976440937 1.3531440494617917 1.3532747909957834
    1.3533166414806146 1.3534582584203843 1.3535282365996106 1.3535932330830747
    1.3541309276621178 1.354692516157229 1.3547361798167117 1.3548210794335016
    1.35509144175406 1.3554236809551412 1.3557380239019039 1.3558613255498813
    1.3560715452727892 1.3561954256801072 1.3564502450193079 1.3566810539304395
    1.3568252399517557 1.3569413478496699 1.3570024083420549 1.3571185269591599
    1.3575492171182002 1.3579614360312917 1.3581323991633478 1.3587491012760438
    1.3588994181384577 1.3592969454799848 1.3600606632793528 1.3603472024786925
    1.3611290344772158 1.3612477395525275 1.3615721553940603 1.361680707830601
    1.3618098225244466 1.3630112026149335 1.3635099729857756 1.3636499349657545
    1.3636830951996519 1.3638935043836682 1.3640503460543576 1.36414086556609
    1.3649507086192443 1.3652859027243949 1.3655810215635937 1.365865698520065
    1.3662097070127857 1.3662748505916169 1.3666142904632059 1.3674940616817171
    1.3678618072803146 1.3687278295019116 1.3688410737518097 1.3697360088972346
    1.3698262495158815 1.3698753874734848 1.3699834915917866 1.3703121125305189
    1.3704351067913845 1.3707716125090883 1.3711416973304722 1.3713768502724633
    1.3715624384257505 1.3717501348362475 1.3718465646057538 1.3719260393590809
    1.3731954907666022 1.3737274138034992 1.3739660998650833 1.3742375352774616
    1.3745043294311472 1.3748959748724019 1.3751655690356301 1.3752308894103749
    1.3754396168718206 1.3757441530545549 1.3758384063463609 1.3758945539238083
    1.3761259533675911 1.3761448849522064 1.376192128873754 1.3762668732460952
    1.3766865581628736 1.3772716993616996 1.377539592107496 1.377698947428371
    1.3787226334654861 1.3788955754231211 1.3790971803623506 1.379211613784173
    1.3793429059558093 1.3794062140133672 1.3794725232264682 1.3795491415617107
    1.3795845724951807 1.3796626761507771 1.3796876796902022 1.3800238091284882
    1.3802318129515698 1.3805248738744638 1.3806118228309061 1.3810942665031689
    1.3812809372657284 1.3814136414058946 1.3822450865987777 1.3824612785620047
    1.3826768426608094 1.3830978868507373 1.3838121585768022 1.3841448668338974
    1.3842140564202055 1.3845283214409392 1.384563673595532 1.3848420197895392
    1.3855797354459356 1.3861686962277417 1.3864091282694062 1.3866136425000151
    1.386956080429627 1.3874156199569445 1.3875815900887574 1.387832005988912
    1.3885450582398642 1.3888755476176811 1.389412759939205 1.3896463597409365
    1.3899515392219353 1.3905236969343377 1.3907161006561068 1.3910523241295323
    1.391341253036747 1.3914072770700538 1.3915580083777666 1.391610784910237
    1.3917335405300038 1.3918364173734972 1.3920716509588602 1.3924744850648494
    1.3926298476533703 1.3932175333739907 1.393383833363623 1.3936008618289635
    1.3941154556616009 1.394473285496133 1.3948582159328378 1.3949960550748333
    1.3952529179964586 1.395358474312161 1.3954662250758703 1.3957965519471796
    1.3961969761444379 1.3966297745720113 1.396937135396729 1.3970820962009232
    1.3972700648580485 1.3975357229523979 1.3978576719056945 1.3980245821069048
    1.3980977409852131 1.3981708024077004 1.398475467993497 1.3985973192172121
    1.3987716276364495 1.3988477110833344 1.3989530653152087 1.3990499446404101
    1.3996224862725284 1.399709899163281 1.3998868413214496 1.3999785925134347
    1.4000768059858728 1.4004116774599236 1.4004789223680356 1.4005663026126058
    1.4006109023974205 1.4007800306732179 1.4009955314756097 1.4010443918770761
    1.4010954553872352 1.4011641223933793 1.4012548277792121 1.4013174078600059
    1.4013983328173709 1.4017376672895352 1.4021258739248879 1.4024095106578898
    1.4029580480979955 1.4031193645350868 1.4036160279971681 1.4038838404294438
    1.4040025890644756 1.4041190456535635 1.4045582864375319 1.4051366821158808
    1.4053111595040377 1.4056237860059551 1.4057854107090861 1.4059919192247565
    1.4066030596119163 1.407028663508936 1.4070792709875661 1.4072445921487358
    1.4080872743930741 1.4086192707918599 1.4092094771925359 1.4093956106378756
    1.4095865839361976 1.4098176573207639 1.4100532701029806 1.4103794603664028
    1.4110325525902379 1.4112880581743639 1.4121365897977967 1.4124820684208619
    1.4129020971088591 1.413011964620523 1.4131714331788772 1.4132342371812456
    1.4133157550261557 1.4139800739567363 1.4143073750043413 1.4144245109984392
    1.4145230306778558 1.4145588119117747 1.4146270113692481 1.4146799673159574
    1.4148540411622434 1.4150050533075955 1.4152439186575521 1.4155347585014169
    1.4159892127183866 1.416155904631978 1.4163607297326053 1.4165323535432133
    1.4166487907148924 1.4175986264079257 1.4176909714783126 1.417779318034017
    1.4179402689064773 1.4183555962689525 1.4187721893522394 1.4189558062081233
    1.4190805114759921 1.4192208720104038 1.4192539440262408 1.4194252524428521
    1.4196268826410232 1.4197491507646192 1.420423307590075 1.4211718290886437
    1.4213548559448554 1.4219400614634652 1.4222817202248734 1.4225106982446505
    1.4226591892826643 1.423108188131794 1.4233905991361553 1.4234883397809124
    1.4237434518122047 1.4246389843134846 1.4247928515236101 1.4250995280902619
    1.4261486393049079 1.426774406626123 1.427430625130728 1.4276957111288084
    1.4284526366339378 1.4296625601131381 1.4298435995099983 1.4301076457819875
    1.4301857722143108 1.4308385755870403 1.4311228956937612 1.4312328082253885
    1.4313291004993971 1.4315007051893076 1.4315697669325345 1.4317831067133966
    1.4318575269054237 1.4320748399325869 1.4323546934407811 1.4331559626298258
    1.4332206966604037 1.4335053649792826 1.4339886359515277 1.4340186425884895
    1.4341251077445349 1.4342965288152527 1.43432345420869 1.4343837576034275
    1.4344983081235416 1.4345454624672129 1.4348010405671328 1.4349654769018041
    1.4351769655368116 1.4355775070493109 1.4368561012854286 1.4370383582907682
    1.4371160943536172 1.4380894349969064 1.4389160254768285 1.4401212481628438
    1.4407847288782705 1.4410437242032517 1.4411983591742477 1.4413356678935922
    1.4421235980396887 1.4422438043967531 1.4423227731963379 1.4423985978488265
    1.4425519660044301 1.4432345622497753 1.4434709805715102 1.4436821374948523
    1.4441019485749322 1.4444522447879535 1.4446010268743521 1.4446305601062703
    1.4446941035253986 1.4449497309788057 1.4454459816033705 1.4457604547715164
    1.4466680743713975 1.447812874466831 1.4483459811666155 1.4484220327200887
    1.4486305527640866 1.4489771599002097 1.4491568316851726 1.4494309513424923
    1.4496423133109602 1.4502248789937464 1.4504396880276544 1.4504902596998364
    1.4508938370227422 1.4514218285855804 1.4516479796053319 1.4518329269451442
    1.4522251143082485 1.4525010408689922 1.4528893214185701 1.4529933267826891
    1.4531675834984223 1.4536340550598652 1.4538593028280502 1.4542372398820589
    1.4548779423469871 1.4549986396232271 1.455438669312116 1.455562435578031
    1.4557156282562573 1.4561096628600354 1.4563898324398299 1.4564330709217757
    1.4568129575909552 1.4573498070431015 1.4576722192135396 1.4596083083653866
    1.4598016454375891 1.4598674912863316 1.4598921026270091 1.460020405241039
    1.4601742345724535 1.4609576292698421 1.4612490086686876 1.4613947154375637
    1.4615603828367512 1.4624320613849704 1.4626280108748233 1.4628374013826715
    1.4631381351794062 1.4632590046530822 1.4633435526525318 1.4639637500624303
    1.4641022900780929 1.4641892189491046 1.4644957977303874 1.4649506186328836
    1.4655481066811262 1.465855898442366 1.4661677123500947 1.4663518553727499
    1.4667073995597093 1.4672444680267289 1.4677090902672716 1.4678720597219581
    1.4695946310336392 1.4704860414495671 1.4705666985460994 1.470668125280099
    1.471550818175956 1.4717399691284299 1.4721509104999011 1.4723830556016158
    1.4729292248553065 1.4735391409796648 1.4746274796990746 1.4749030603541844
    1.4749977246683557 1.4753042644675589 1.4758269164758531 1.4759784001103071
    1.4761247694947315 1.4763077518229692 1.4766671473847357 1.4771381948097542
    1.4774444382620118 1.4775715417939257 1.4783184383120442 1.4785063050876488
    1.4786447342576139 1.4792674929603891 1.4793633652341214 1.4801997981425301
    1.4804887061014598 1.4812172104848287 1.4819458466240576 1.4820731036161305
    1.4826502116023221 1.4829242207581501 1.483069010148256 1.4831782040678718
    1.4832601377362153 1.4833106229718094 1.4833300642458198 1.4837444348238478
    1.4843201308384171 1.4846792100106541 1.4850382425742055 1.4852919372031579
    1.4855932792882716 1.4856534804384864 1.4857608441906602 1.4859947546759333
    1.4866882746009651 1.4884670224706498 1.4892871680190183 1.4894853649359827
    1.490223117570622 1.4907362060170271 1.4908585865878194 1.4909704188303294
    1.4914412319310941 1.4915544646999024 1.4919686807984363 1.4923161059953902
    1.4924071204704887 1.4936012423386273 1.4951296548824757 1.4954097634636128
    1.4960957961908814 1.4964875360403767 1.496754078218828 1.4970615787639872
    1.4973775088333241 1.497635532768254 1.4977385260128055 1.4978652789650369
    1.4986840743744096 1.4991731568164823 1.4993070964893378 1.499451995434947
    1.5001053357610772 1.5007222486802334 1.5010756497154034 1.5011596335614741
    1.5013144811677193 1.5014442830273764 1.5019359639568393 1.5024608120439553
    1.5028708055932838 1.5030006767725581 1.5030539513682015 1.5032975645094666
    1.5034520286815678 1.5037889437295842 1.5039647526458566 1.5040173572180719
    1.5041133335142831 1.5041585369946233 1.5043980846547129 1.5046604661579295
    1.5047874732898283 1.5051650072705343 1.5052466798151727 1.5052996216256058
    1.5054013582637709 1.5058267031028361 1.5059192745732919 1.5061361075325597
    1.5069026946835038 1.5070359101273425 1.5070715481772368 1.5073156369824119
    1.5073640032858293 1.5074459121287873 1.5077202229949762 1.5082812157176022
    1.5088185437869015 1.5089117334485991 1.5092743005563232 1.5093842078623918
    1.5101784462800425 1.510705903713794 1.5108583951444388 1.5115099504384304
    1.5122553012733988 1.512786440254422 1.5134562717321387 1.5135262488779138
    1.5135999902213371 1.5136445112160573 1.5145601617477951 1.5147795818946179
    1.5148849501266342 1.5149836915159995 1.5150762207959816 1.5152774726708231
    1.5155089299178144 1.5164540078283153 1.5165710702269735 1.5166199056839105
    1.5167533919325251 1.5168060043467051 1.5171337947322361 1.5177018154581674
    1.5182550024936063 1.5187084410103124 1.5188422535738937 1.5189535268495091
    1.5190667583679898 1.5195035735368947 1.5198733741400094 1.5202346852720439
    1.5203630937605339 1.5204767852907026 1.5205997955636121 1.5207741998362507
    1.5209174235189948 1.5210890525012246 1.5212399092785744 1.5214500314423276
    1.5218571716736733 1.5219755585447956 1.5222054035184556 1.5223793891289006
    1.5236049929534601 1.5246526271994754 1.5250175812722471 1.5252886718654775
    1.5253822112244961 1.5255186612293983 1.5260615656151004 1.5261443361984219
    1.5264511951652366 1.5269227034079904 1.5274693408389795 1.5275273724787439
    1.528090879103426 1.5290322098135221 1.5290780195443858 1.5295930507580426
    1.5299649703089624 1.5299965933591011 1.5301351145971012 1.5301846303436606
    1.5303431229428195 1.5308333090321866 1.5309776984253176 1.5325805331991433
    1.5328310949292547 1.5330900660187581 1.5340408867223232 1.5342963714301732
    1.5349616654513283 1.5351557883774603 1.535415847389288 1.5356147500781845
    1.5358687043168782 1.5360310941226392 1.5362569752633135 1.5363750602223263
    1.5370078833831637 1.5372172871128289 1.5379965949280934 1.5392731298118936
    1.5395489508637183 1.5398290625274966 1.5403345126651402 1.5405438871221122
    1.5405985405244185 1.5408694381252037 1.5410564768688346 1.5413075690874696
    1.5414748228295139 1.5415182777137488 1.5416379954253898 1.5417344424123864
    1.5419783352791456 1.5421237038282054 1.5423722177406773 1.5427173074011382
    1.543607727872768 1.5439480392733458 1.5443908657747063 1.5446518962806295
    1.5448311473449696 1.5449679932314098 1.5454258098802143 1.5456801405750866
    1.5457946559511129 1.546099768394015 1.5462478463952039 1.5463381950401829
    1.5468527723414809 1.5468644673885137 1.5469410301298923 1.5480239026258005
    1.5481382795391254 1.5484338362278816 1.5485835206959564 1.5493506184093349
    1.5494157138916762 1.5497180348857 1.5498999400780729 1.5499910159761612
    1.5503947295117844 1.5505071495804259 1.5505240353045338 1.5508872271548171
    1.5511715221590747 1.5513447473325261 1.5513854674051799 1.551426854356502
    1.5515943318687277 1.5518011453956813 1.5523100246652273 1.5525080657592298
    1.5530567633282772 1.5539977535900107 1.5545219660825751 1.5554535316059628
    1.5559185310503381 1.556073162416169 1.5562757292498948 1.556522902169263
    1.5575708481496804 1.5577644897712162 1.557919388373648 1.5580033884075419
    1.5581184239267714 1.5584782265530066 1.5588047824974638 1.5596313030928286
    1.5599118490179837 1.5601062971246393 1.5602832364675123 1.5609248449871302
    1.561522843235889 1.5630348620418317 1.5636708620618265 1.564074136883562
    1.564222347342195 1.5644987855835097 1.5650054911334337 1.565372158525679
    1.5655954210603416 1.5659287504927306 1.566092423659029 1.5663227125834283
    1.5665304872433126 1.5666594189933676 1.5671009079165401 1.5672907787047734
    1.567447244301017 1.5681898539298345 1.5683339267054179 1.5689050301723229
    1.5689556634349173 1.5690171406240894 1.5691908722333665 1.5692642324888766
    1.5694287524601502 1.5700400611269743 1.5701761987927512 1.5702738306429183
    1.5704521848809101 1.5705390388287057 1.570722224282612 1.5709415017443007
    1.5717239822333795 1.5722193581402735 1.5726094370099872 1.5728563579391448
    1.5729933001002792 1.5736278763336788 1.5743230507318913 1.5748089671352319
    1.5749060191840727 1.5752039954535575 1.575438597710854 1.5755449183439851
    1.5755801543976606 1.5758602948926637 1.5769673423410495 1.5772942769889369
    1.5776325602626002 1.5776965572646078 1.5779885065821873 1.5785657503552102
    1.5793650079256623 1.5796897998125132 1.5799922451455586 1.5801865292029713
    1.5805990851612819 1.5807320441539332 1.580887860618668 1.5812782307618818
    1.5815773040262116 1.5816807987600896 1.5820882830170375 1.582142788188321
    1.5824305458394519 1.5833166206198257 1.5837976220177552 1.5841281803476857
    1.5842671774495103 1.5843257593328417 1.5843702658119128 1.5844690325152442
    1.5849080433764584 1.5857183735287588 1.5859035223320461 1.5868465246109054
    1.5869806793290309 1.5882704884191601 1.5886073568435677 1.5886836227412005
    1.5888154455237782 1.5890037271456094 1.5902283888632383 1.5908464630996904
    1.5913311235331093 1.5916293584771968 1.5918226721586659 1.5919575415300642
    1.5920252296298258 1.5922902199599775 1.5925138525562943 1.5926810317788522
    1.5927411037878301 1.592794536284714 1.5929262367567389 1.5936444463434327
    1.5939812879130386 1.5941686322751707 1.5942631313954128 1.5943784838061106
    1.5944716486348323 1.5945795229146285 1.5949378649484061 1.5952990704540753
    1.5963640585640859 1.5965449821699735 1.5967843957805599 1.5970006510106032
    1.5970525292671784 1.5971835909737517 1.5975503877859107 1.5979230682693015
    1.5980871780823236 1.5984636466455413 1.5986049299503975 1.5988494057534506
    1.5992818737031484 1.5994127173027664 1.6000240870565297 1.6003114299456911
    1.601324197203515 1.601582174782531 1.6020116472138397 1.6032423460825158
    1.6033694708185067 1.6040814154526744 1.6054354566136908 1.6055191449665926
    1.6058800354282994 1.6067028050886165 1.6074237049847397 1.6075572189583909
    1.607720497492835 1.6078405441649011 1.6080960737695023 1.608659054265172
    1.6091446877174651 1.60963948194767 1.6097617563249513 1.6099411751996739
    1.6103850202071954 1.6105821057832599 1.6116418523188258 1.6117907680524393
    1.6120360097140747 1.6121508870071466 1.6125596583191508 1.6127711729825023
    1.613638519655342 1.61425804010496 1.6143542882231485 1.6160720129113997
    1.6163090991813078 1.6164604125694193 1.6165605926192939 1.6166746099088414
    1.6169937502900211 1.6172847645079855 1.6173313114829853 1.6174480754684737
    1.6176327923999452 1.6178301988529711 1.6179762758591096 1.6184162517755794
    1.6187081470059184 1.6192197686007148 1.6196632227049121 1.6204325170917855
    1.6208469477940071 1.6209082297420991 1.6209695796111192 1.6215736638703977
    1.6221249819152945 1.6222943718082206 1.6227103881975988 1.62283627422615
    1.6228896233442356 1.6231457537198821 1.623233295400117 1.6235809929777929
    1.6240163547909561 1.6244569385457339 1.6245338735733033 1.6247373841299009
    1.6252948920126074 1.6266943004722634 1.6270542036559164 1.6271363263134238
    1.6274112776937955 1.6275513099408652 1.628164006902125 1.628359978095159
    1.6295416667403515 1.6300269704890979 1.6300624606127485 1.630163370083892
    1.6303414298163261 1.6304980404323941 1.6307768109403469 1.6309338017057371
    1.6315555745388792 1.6316677213169442 1.6317672015072162 1.6319265230236852
    1.6320442444772425 1.6320847087999937 1.6321546732288728 1.6325319526686446
    1.6328307839439731 1.6333233685264759 1.6334294712239625 1.6335248548882078
    1.6335826088732119 1.6337500543676811 1.6340505568449164 1.6343039683302778
    1.634946653773568 1.6355961164865676 1.6357563760067251 1.6364737870965655
    1.6368807184549798 1.6369832425792386 1.6370971794956859 1.6372182096677079
    1.63740450691148 1.6375639777595552 1.6381964861500364 1.6384309038126048
    1.6385443646618114 1.6386462248244698 1.6393927932258521 1.6397332000121121
    1.6399481937096425 1.640021426206469 1.6401184290360409 1.6404441912847005
    1.6411523721935737 1.6413523568635355 1.6425091382143364 1.6438390035274704
    1.6442992287904019 1.6449506463454782 1.6452826903671394 1.6457867609859023
    1.6461611540022205 1.6466786607933273 1.6468621035769502 1.6470269347084923
    1.6477001239990159 1.6485913020305816 1.6490288450519681 1.6500703376265164
    1.65043208840043 1.6505496107007276 1.6509823173382756 1.6511511893736497
    1.6513356587749968 1.6515631742681762 1.6517763238457519 1.651841416454469
    1.6518922567324807 1.651936742669136 1.6519896104386134 1.6523612887683612
    1.6530214162957009 1.6533994906012595 1.6535280601264049 1.6539174239817385
    1.6540454712825152 1.6541484511007951 1.6558661838757587 1.6560778376840972
    1.6562863041838227 1.6566128628294337 1.6567783140344545 1.6569924340053603
    1.6571562120858729 1.6576039960718276 1.6577876984911768 1.6580858145160164
    1.6582097530827014 1.6592089313417091 1.659663230321712 1.6601248344270516
    1.6604455806385885 1.6615394154270688 1.6628044961409614 1.6631098411052487
    1.6633572045802794 1.6640686685332184 1.6645540673366668 1.6649355780774386
    1.6650545038700784 1.6652174509385076 1.6655161157955263 1.6660860653278557
    1.6661398567753167 1.6661948103963671 1.6662812890328194 1.6663350026691053
    1.6665207616922544 1.6671315603443873 1.6675142268625223 1.6677552900698629
    1.6681479423734042 1.6688226095041956 1.6689104221518392 1.6694109983087402
    1.6699099208142343 1.6700181054645782 1.6700968396417466 1.6705061873907652
    1.6722527647565737 1.6723535133656544 1.6730813763918377 1.6738629670454657
    1.6740001734463021 1.6745266386496951 1.6747190034419872 1.6756993456690736
    1.676419770335815 1.6772461344060048 1.6775050077653759 1.6779328786484258
    1.6786604204897231 1.6794436826867241 1.6798609400730129 1.6799162069310114
    1.6800025441295929 1.6800780006788045 1.6802134426797153 1.6821368096416336
    1.6828512219499316 1.683489105711601 1.6837251109969884 1.6839565213136667
    1.6844595191599581 1.6845018133610381 1.6846513595960459 1.684684650066083
    1.6851428111769564 1.6851923397848623 1.6852819216566786 1.6853741181381339
    1.6858626823978284 1.6866166510904463 1.6867151380924041 1.6867909255036768
    1.6886807384258873 1.6890617415252565 1.6893172910440626 1.6908824637408544
    1.6911111026167873 1.6912839441348524 1.6916261991922852 1.6917823224104722
    1.6919454271410359 1.692699479503176 1.6930824442406447 1.6943250876599905
    1.6944435029930294 1.6947766979308199 1.6950781277183751 1.6955259648151695
    1.6964732392943915 1.6966025759164041 1.6970990777746919 1.697231838095604
    1.6975340957171283 1.6989394197790944 1.7000331283944945 1.700615735782776
    1.7008074141317593 1.7011812473475174 1.7012501244794749 1.7013516778154856
    1.7015412444596223 1.7019163205523 1.7024287889201635 1.7035165706010957
    1.70369288215079 1.7040965334463181 1.7043649863206838 1.7048024046659975
    1.7056768580808239 1.7061522075048288 1.7062915083440657 1.7063484710286048
    1.7066890083694943 1.7068254987207183 1.7075859331430365 1.7082421606839944
    1.7091585944075178 1.7095733613467019 1.7097378537736556 1.711983263852062
    1.7129763357756929 1.7139531772080545 1.7145159037063991 1.7148711412455668
    1.7152880137651891 1.7156355340543996 1.7157201970088256 1.7158876274315844
    1.7160942707287177 1.7165875776560522 1.7168436123008253 1.7177905281812855
    1.7178174911360657 1.7182041954708893 1.7184498561932742 1.7191279631125933
    1.7193652285359349 1.7196036534480754 1.7199422178413972 1.7201508221035056
    1.720333420362067 1.7206655417141974 1.7211586102698675 1.7215167703570842
    1.7220743567191676 1.7223280149271887 1.7224080861011317 1.722586651504298
    1.7227622672962752 1.7234967015849179 1.7242815929794233 1.7243988002991046
    1.7244736629196269 1.7245663280915324 1.7247029913049119 1.7250233451128831
    1.7255773173223132 1.7267564155685249 1.7269227806500567 1.7270327310250195
    1.7273080581824161 1.7274520939567992 1.7276606502164213 1.7280233006307146
    1.7283970524807046 1.7289586688196779 1.7292463653189771 1.7294368604504142
    1.7296102081416849 1.7307943619392063 1.7309440123643072 1.7313445507449312
    1.7315334486143912 1.7329262456830747 1.7333340953218794 1.7340215331457027
    1.7343889741305247 1.735055919031159 1.7355873267808022 1.7357448642995905
    1.7361357774129829 1.7363276303985913 1.7371682125949519 1.7379405029073496
    1.7381700786660985 1.7393028664686425 1.7398989506737053 1.739995651864092
    1.7400877511606723 1.7405783456454174 1.7408583938574793 1.742751371660006
    1.7432969840053829 1.7435094164936042 1.7436887748564913 1.7441599083558685
    1.7444711634821033 1.7450662652352094 1.7454311456561982 1.7456676907860356
    1.7457731641517058 1.7459712002130345 1.7466878558954591 1.7471540546376521
    1.7477343668884715 1.7485164173558587 1.7487035054056719 1.7494576202198004
    1.7496866262533786 1.7505565890334083 1.751331263407792 1.7514698274397233
    1.7515391418150101 1.7515776512171215 1.7517123351592545 1.7517951772928426
    1.7520023351585223 1.7522052984722905 1.7526202782559419 1.7538502219078054
    1.7540758738632576 1.7546973794246696 1.7548135688309685 1.7549998288902771
    1.7551100222207765 1.7559336915230688 1.7561130799122111 1.7562008205020903
    1.7573200099834594 1.7575920333058093 1.7576608811262304 1.7579522359874318
    1.7586174813629896 1.7589210093716248 1.7590538954053954 1.759159435841563
    1.7596063284308912 1.7602011422879968 1.7602641438957107 1.7604862996614656
    1.7608760850674419 1.7611472560187393 1.7612529674622692 1.7614035963204515
    1.7616492282482796 1.7619385953904612 1.7622562297434285 1.7626039074751816
    1.7626605190350044 1.7633478202177457 1.7634726908344192 1.7635835052783477
    1.7641822211562612 1.7647713281362485 1.7657421742796942 1.7673657760528272
    1.7675346495989288 1.7685840134612136 1.7689154468424022 1.7698298889490616
    1.7700858352483919 1.7701815544230612 1.7702770887339057 1.7703634158735895
    1.7705006406137045 1.7716831612185615 1.7720521031292265 1.7721816894447784
    1.7726929926388948 1.7727674896406143 1.7729588764345863 1.7731410105920986
    1.7740484776111316 1.7742196080855137 1.7742507513152304 1.7745334279201568
    1.774964774225009 1.7750377107491659 1.7764753169130927 1.7772351070205634
    1.777437855833 1.7780804018962044 1.7785820219462039 1.779858061282539
    1.7799815892087281 1.7803626311782257 1.7807560051257194 1.7808831011875554
    1.7810051942440623 1.7824315538679609 1.7826015298409401 1.7826856621879414
    1.7828065362904453 1.7843643438183789 1.7855184520781222 1.7857599620749625
    1.7864303257073999 1.7872965880887932 1.7874094961230564 1.7875406111132861
    1.7876877448247797 1.7879953839865266 1.788276573552442 1.7883951357340873
    1.7884574806269029 1.7885907927254721 1.7888154825673155 1.7891874237024012
    1.7898027654100588 1.7898957484994753 1.7900445793438848 1.7901810563422866
    1.7915603949825254 1.7922912705391052 1.7924274673202945 1.7926337708050823
    1.7929241730019498 1.7939215573354279 1.7945313477734999 1.7957603319608098
    1.7976151734807597 1.7979220390448063 1.7986080144311019 1.799196626664525
    1.7993918217617306 1.7997173709528624 1.7997846697642501 1.7999258044796136
    1.8000814055717456 1.8004984284236798 1.8007511286662747 1.8008214926212305
    1.8014700816635014 1.8023000600937849 1.8024305217481924 1.8025736318020904
    1.802660166511771 1.8027567896751862 1.8029245382069803 1.8033404501975838
    1.8040972801638417 1.8044991751776251 1.8047507899811535 1.8055285979556477
    1.8058867612455742 1.8060134969705359 1.8062450303641526 1.8064085424295324
    1.8065859617944018 1.8069839573960054 1.8072209743337833 1.807333238984332
    1.807422576006229 1.8075021276129821 1.808246406618764 1.8084060823054642
    1.8085024315037117 1.8088629317406912 1.8092953927362032 1.8098249338969861
    1.8109928779460915 1.811097522457203 1.8112855011725515 1.813335179340811
    1.8144697754775432 1.8147353667834143 1.8148444624099891 1.8152249899364203
    1.8155859518401485 1.8157462948972807 1.8160137297134498 1.8164207607230007
    1.816748280279171 1.8180798489313474 1.8183049246852079 1.8185841764097859
    1.820095471324521 1.8207705383917225 1.8210311040345459 1.8215029097385316
    1.8217408500611327 1.8227298283532036 1.8233109196584678 1.8235552572736349
    1.8237475273749624 1.823880253000425 1.8243994888262023 1.8247187540700907
    1.8258497929314217 1.8262630805090794 1.8263162611914936 1.8263867771787166
    1.8264432364576351 1.8267447621562951 1.8279148192364119 1.8280518228621077
    1.8282010492717746 1.828761983598246 1.8289091056931284 1.8291804553367303
    1.8298112050893907 1.8302777545561639 1.8304415876692701 1.8306636960764422
    1.8312740966927776 1.8316455348359948 1.8320729529739765 1.8323807417909848
    1.8326649744003589 1.8327620632505841 1.8328541271944232 1.8330617321772706
    1.833820220958114 1.8343642792188461 1.8347186119044636 1.83485047503018
    1.8349290997975003 1.8352972798216798 1.8359905407984116 1.8366705810415926
    1.8369674072673661 1.8384325588275714 1.8392324836246796 1.8397896531253082
    1.840636422203507 1.8408335115327645 1.8423715997125327 1.84285791452603
    1.8432119850297113 1.844235124241095 1.8446230808440305 1.844703699728234
    1.8447818955355615 1.8449896036745486 1.8455493239932821 1.8456795325312214
    1.8457386677117675 1.8475858304009307 1.848061742348591 1.8483658474852973
    1.8486580344053891 1.8487926927465803 1.8500852356271025 1.8504503926156985
    1.8510415859153908 1.8515973373314409 1.8523895629552953 1.8524625424267924
    1.8526299170871425 1.8530916827213559 1.8540745905030842 1.8553071577636728
    1.8554036535530032 1.8557625676166936 1.8558476725694164 1.8562062664838095
    1.857527330617927 1.8576969356103064 1.8578088762346852 1.8578485719324362
    1.8594186496708669 1.8601255703412487 1.8601464461298747 1.8602392973493806
    1.8603323852363853 1.8604308099652371 1.8611150050735432 1.8613817469906735
    1.8615757668497583 1.862102407072689 1.8625118990917144 1.8633179061616829
    1.8634824923472593 1.8636723334075214 1.8645325370192343 1.864784176642085
    1.8650308221345995 1.8651196481830539 1.8651868731157417 1.8675680842770817
    1.8682735047173082 1.8688831910283625 1.8704401770293146 1.870929662813495
    1.8719118571438229 1.8738424849924893 1.8747322164682145 1.8754608182852621
    1.876180841832678 1.8763256984953842 1.8764463166042351 1.8769387549917156
    1.8771643369812712 1.8773712209807247 1.8777361301026758 1.8779187446303696
    1.8785554187688263 1.878640820592409 1.8789277301046241 1.8789969819910766
    1.8798993094784844 1.8804034531941909 1.8821975408360458 1.8827167275819647
    1.8828847285238528 1.8833676074139476 1.8836113488883655 1.8836485773062464
    1.8837913349049511 1.8838974080620876 1.8849817963573514 1.8852823514600914
    1.8858475379117863 1.8865565409396368 1.8867807922731572 1.8871629833864365
    1.8876438118434749 1.887804616212577 1.888329628593965 1.8891294499433571
    1.8906439982712868 1.8907295653679626 1.8907905802616369 1.890908881581197
    1.8916951489198937 1.8920421395960147 1.8930725524742229 1.8933256735937221
    1.8943935102950491 1.8952585503797081 1.8954839788873414 1.8957989040276289
    1.8961718178064377 1.8966869569717346 1.8978113499820968 1.8983719617010593
    1.8988676817289729 1.8990042249473844 1.8994884166942636 1.9004486955514039
    1.9011415299621148 1.9014962405244205 1.9016375451697058 1.9018998578058017
    1.902782007424624 1.9030987138849014 1.9041323842645852 1.905473742760402
    1.90667171014602 1.9068190610686695 1.9070778244222311 1.9077662983330583
    1.9079920601741378 1.9083153411969913 1.9089798664770872 1.9092377478607432
    1.9097145990492208 1.9104018176846693 1.9116176558329698 1.9126208617544762
    1.9129868450051315 1.9153161520767981 1.9157285303829212 1.9168222684638749
    1.9169528072443427 1.9171571628585298 1.9185828139893601 1.9189057271655088
    1.9192184038824962 1.9202814521222535 1.9205361257242355 1.9207059030077289
    1.9209935812926535 1.9210613928142948 1.9211119970755135 1.9212886159698428
    1.9214188415229358 1.921561058730731 1.9218742397962767 1.9221683907192073
    1.9225157901382772 1.9230415955897417 1.9232119824234057 1.9233854807953321
    1.92348510418542 1.9242522545514475 1.9248517413668651 1.9249579226432161
    1.9250342804430147 1.9255598586614724 1.9259831326648964 1.9260867050306842
    1.9268783120660373 1.9270024345353249 1.9271281855477962 1.9273252129099774
    1.9273761209391864 1.9275474252223528 1.9276812043677864 1.9281142876928545
    1.9284676315876368 1.9287214933993937 1.9296044310809748 1.9297558619327901
    1.9299811309523041 1.9301306294836043 1.9307981523152193 1.9311095643084628
    1.9325290164210855 1.9330191164575201 1.9336994544789832 1.9356444218136251
    1.9359559988303772 1.9360196651455226 1.9362831747207565 1.936574364957778
    1.9367900814225625 1.9373854960808785 1.9382260687443704 1.9391598183162841
    1.93953641572989 1.9396398864195135 1.9397607414209688 1.9405523309790738
    1.9406120855547897 1.9412029041483265 1.9452355985966581 1.9457577594172335
    1.9484115963250588 1.9490079100805815 1.9492774504645543 1.9501330774603503
    1.9502399156515366 1.9503275996373759 1.9504101176985387 1.9512009006098197
    1.9515367144631455 1.9517263226213402 1.9518947628462513 1.9520021820269164
    1.9529283284624626 1.9534845698592107 1.9554741690848232 1.9556362482284158
    1.9557870272487889 1.9565171744719918 1.9574955053901704 1.9577452970397644
    1.9578665008568805 1.9582806554416834 1.9589460842199173 1.9590860258288103
    1.9591705472650414 1.9601333237033032 1.9602773906210587 1.9609531934662907
    1.9611352716736974 1.9617111887085532 1.9619989968608327 1.9621147094591531
    1.9632325511677209 1.9634486598877174 1.9639206928644852 1.9639462343759078
    1.9642362803588185 1.96447019217876 1.9678449233422726 1.9679365965673696
    1.9680539166271047 1.9681470090839865 1.9685476118269207 1.96864384295327
    1.9687642061505812 1.9688666227268641 1.9693045459810037 1.9694558308895769
    1.9696227840630247 1.9708823275342411 1.9722836478017598 1.9725894728680942
    1.9727177607011981 1.9740655757942704 1.974524387982304 1.9748725341386641
    1.9749905954903966 1.9752637852669976 1.9759482976390548 1.9770735661334886
    1.9775239321286335 1.9777177504258816 1.9779384303299423 1.9779975249428219
    1.9782822598266041 1.9789251765018889 1.9791338028270502 1.9792081216129798
    1.9793363880701804 1.98045460874215 1.9808522381542086 1.9825143463551171
    1.9827044368849442 1.9832518207515477 1.983986093578892 1.9843891377232694
    1.9849145253471305 1.9856377685741791 1.9872323853088574 1.9883982855955384
    1.9892717987150945 1.9911442397424253 1.9917993892709092 1.992190320201189
    1.9924021397882825 1.9929975276463665 1.9931334288345965 1.9932280133239146
    1.9933359472231587 1.9934231688130239 1.9940026356441649 1.9941603318252419
    1.9945188425540437 1.9946208259218565 1.9968668160636298 1.9970369786184772
    1.9974896531306285 1.9979153222125206 1.998613755133988 1.999060461714862
    1.9992528796249189 1.9997163706502761 2.0001473773716802 2.0003302441768938
    2.0007668917160117 2.0008864620684412 2.0024121417518472 2.0034569670532014
    2.0035869998755516 2.0036962296171623 2.0038365876907847 2.0039038886386606
    2.0041732446738934 2.004551004930363 2.0048672383957182 2.0051202891779667
    2.0055145013314095 2.0058935256965924 2.0061915968844914 2.0067961520812787
    2.0075552852023293 2.0121022020609871 2.0124214401757854 2.0128074658396145
    2.012918894430868 2.0130298803617279 2.0131209934689309 2.0132187397790062
    2.0134731833192063 2.0145770392415443 2.0153066409834444 2.0156442813893136
    2.0159126115722756 2.0164697954747055 2.0165370634163651 2.0166165629143507
    2.0168698179970761 2.0170616282647984 2.0171057135270871 2.0172015069957183
    2.0178857103849928 2.0180457921618049 2.0196157986056278 2.022115189454174
    2.0228817336920883 2.0230898445101957 2.0233062024856281 2.0245401033935195
    2.0247228044142958 2.0249580321951726 2.0250293301740689 2.0251321406378033
    2.0259211229846414 2.026560149402485 2.027271006647728 2.0274125938182501
    2.027686527915364 2.0279414034551642 2.0286821762740979 2.029284758388485
    2.0294162674977088 2.0296872778750035 2.0298834207403615 2.0306796790231374
    2.0313459819811519 2.031942054838737 2.032093129435907 2.0324259436067678
    2.0333007978678665 2.0334778404046574 2.0339513272456315 2.0343520413384795
    2.0348779140863371 2.0350572847085764 2.0352978574704443 2.0356230123310297
    2.0373090453548741 2.0385733289658674 2.0402485737567986 2.0409566517218991
    2.0416639528051141 2.0417683336560608 2.042006161209732 2.042700826567966
    2.042992280766498 2.044454331700706 2.0458533681071458 2.0460970944573091
    2.0473015176233957 2.0478817417497339 2.0480696928640705 2.04906613045326
    2.0495900089235874 2.0497066341674781 2.0497614475256114 2.0499194324819427
    2.0503070005931172 2.0504016226517101 2.0504969531631709 2.0513266894861317
    2.0524938801584844 2.0526501600888878 2.052874602629648 2.0531261173052684
    2.0537974907728085 2.0539704203142719 2.0547982069011823 2.05517862433256
    2.0560590096638407 2.057043905880922 2.0571459735346402 2.0572374334190044
    2.0577182173674373 2.0600654643752327 2.0603026223666348 2.0608523734042592
    2.0609427777603742 2.0619800072227008 2.0622101346780255 2.062861866897947
    2.0631611842417215 2.0634091143281239 2.0642949660768863 2.0651810443467866
    2.0660669321056653 2.0673774307533677 2.0679206668114603 2.0682304554031057
    2.0700972539359555 2.0707813603962677 2.0714924700766155 2.0717905538155414
    2.072145435526636 2.0727759701414925 2.075186030303712 2.0757765939911224
    2.076608961522652 2.0770961062426068 2.077290821560382 2.0776600830960583
    2.0784008689079769 2.0807064578843892 2.0809789544507566 2.0812065259850669
    2.0824371338752599 2.0851359467293755 2.0855246961818161 2.0862682477120416
    2.0897388896319171 2.0899013104687469 2.0909525790806356 2.0921562602799781
    2.0922339083469219 2.0923750127976746 2.0927903592094026 2.0936073372376995
    2.0938990085909004 2.0940959805393788 2.0944542758501634 2.0954949583432003
    2.0958903378847253 2.0974342171193712 2.0976775361245927 2.0984616995879151
    2.0996060396955727 2.1002060131995677 2.1009612308751762 2.1011430868090124
    2.1026869665214085 2.1029454481690664 2.1031091292412989 2.1032015301252613
    2.1034185437265478 2.1036220515179593 2.1042516642964983 2.1043238189166686
    2.1046635609054647 2.1048600849662762 2.1049681967820106 2.1050587214659231
    2.1053599654222239 2.1057845083782922 2.1065448986671527 2.1075355973282512
    2.1077376905875553 2.1079595526866797 2.1083251449664808 2.1084808153586323
    2.1086197326650713 2.1091149612278364 2.1109120419869214 2.1114971779015832
    2.1119173679987093 2.112141866219948 2.1127121397444171 2.1129269473733907
    2.1139839817433312 2.1144238011145262 2.1145682026628947 2.1158420862974103
    2.1180690072927368 2.1183938565632161 2.1193728491352886 2.1201356570109056
    2.1204437235664764 2.1211514420154649 2.1213939994477187 2.1216881290474703
    2.1221126950007942 2.1223407745485474 2.1224990126462822 2.1225726388038311
    2.1227467385847376 2.123931741163839 2.1243316557944731 2.1245257650146718
    2.1253347631740951 2.1267648869734046 2.1269433670699982 2.1270768612450865
    2.1281827854236326 2.1284970671028987 2.1288091008614174 2.129314320813819
    2.1306334936261919 2.1312329659394891 2.1315317528640207 2.1317764856803478
    2.1335732746142639 2.1349498956233219 2.1358611671817016 2.1370875217496632
    2.1371902586436136 2.1373539608125611 2.1375599335833613 2.1381232018165974
    2.1383193120925625 2.1387210394360636 2.1388219434030589 2.1403795169217119
    2.1406881031864486 2.1451965506994384 2.1462785789416614 2.1472789908355026
    2.1479240128692254 2.1482278999069422 2.1489344508739427 2.1493916093483372
    2.1499337769309932 2.1503600240257583 2.1523956562907642 2.152483280500519
    2.152951173976362 2.15365085193298 2.1542972913216545 2.1543721976383949
    2.1544609916323765 2.1546973381214727 2.1549291443175278 2.1557141745188346
    2.1562441575409443 2.157781108009317 2.1585925075414707 2.1587090112118403
    2.1587496713323162 2.1591447245473319 2.1595219347179104 2.1600624412330944
    2.1606329086768405 2.160783788582497 2.1609588595429159 2.1610254205243109
    2.1611787305137113 2.1613302820466438 2.1614698401502515 2.1616762876853195
    2.1618070523624433 2.1621189070974651 2.1633789467971383 2.1637249295179117
    2.1644217538366775 2.1649136121656434 2.1661933752254754 2.1667963371587575
    2.1675962581960753 2.1692205763361776 2.1696234072096181 2.1700568397964162
    2.1703962248775497 2.170654876134904 2.1722545109226608 2.172627013779826
    2.1729090500718939 2.1732325641212356 2.174138863250846 2.1744016813975882
    2.1756331694089872 2.1763180704701881 2.1764147661536981 2.1767405778753073
    2.1780009678474621 2.1785439857035649 2.1796235715510193 2.179680428175061
    2.1808838184172905 2.1813676480551294 2.1822261284385149 2.1830760968641698
    2.1833249775834247 2.1848106787533652 2.1860708343729129 2.186168863961214
    2.1863322125311129 2.1864830208514832 2.1869869542499032 2.1872993042234157
    2.1875567706206311 2.1886394929385156 2.1892051179850114 2.189411128764732
    2.1895101623417759 2.1895650438605117 2.1897541013814816 2.1900591050632556
    2.1903503822374355 2.1904526364025969 2.1913901145466212 2.191954644056807
    2.1923096595257903 2.1929215908028254 2.1934550088967626 2.1937041026294537
    2.1944567747689994 2.1947174823319529 2.1954631038042862 2.1955980120328604
    2.1961477213445733 2.1975547493689191 2.1980639746146835 2.1990790329251126
    2.199297760872696 2.2013315067525241 2.2016960177352871 2.2022676901181817
    2.202344817840526 2.2024248215911371 2.202499289309344 2.2025826388320411
    2.2026280075624527 2.2029041488455428 2.2039009711393192 2.2041719896382119
    2.2043765915897211 2.2045889170993198 2.207051437704346 2.2075392375641059
    2.2077434894931685 2.2081384060805171 2.2092782851468655 2.2103882414429941
    2.2107864885742856 2.2109748154698536 2.212113187727482 2.2132334154549937
    2.2137896299824433 2.2139771949009628 2.2149534790203234 2.2169375728325726
    2.2177471205532129 2.2182196904454941 2.2190794086639776 2.2197389189777823
    2.2201357835741269 2.2215816820707914 2.222728304256028 2.2229107054554333
    2.2233378490330629 2.2234688536964313 2.2236451125660701 2.2238508398304475
    2.224298746813171 2.2253763671828892 2.2255767414171714 2.2267496220219982
    2.2273547194862053 2.2276232562451241 2.2279248112969676 2.2284001173668457
    2.2297002906898342 2.2299708916325471 2.2306682928853356 2.2308710166917081
    2.2310069249851949 2.2310950740538829 2.2314981582899236 2.231945246540969
    2.2320231953459975 2.2320924151100976 2.2321883079561076 2.232650610586461
    2.2330327140498412 2.2335213674018632 2.2343346027046209 2.2346058357966285
    2.2347556085328506 2.2357469126766318 2.2365564715528308 2.236739740711831
    2.2373316709790743 2.2394765442077187 2.2398750808915793 2.2399618125228549
    2.2402415072638178 2.2405229798823711 2.2414132054353786 2.2421579538937522
    2.2436779264999132 2.2440997741496176 2.244807177566448 2.2461999218571691
    2.2467768828275894 2.2471400250412139 2.2472441384416015 2.2473419934858612
    2.2477854812001397 2.2481679330962834 2.2482988841090901 2.2486378545827392
    2.2488482692309995 2.2489194774019929 2.2491051423442818 2.2506185523602653
    2.2520743852246596 2.2522444638730121 2.2524040150998794 2.2532191051811878
    2.2542504148366334 2.2550951510983168 2.2557865621248538 2.2562136316544184
    2.2569065830932686 2.257985648863496 2.2586980348653469 2.2591173692567281
    2.2593009058834923 2.2594122261039047 2.2594530350004334 2.2595486641366733
    2.2603804238078737 2.2606805950381386 2.2617449433500192 2.2622297584107969
    2.2626095914747779 2.2636248961398451 2.2638703075244848 2.2640285245179257
    2.2647279009916019 2.2657237887096926 2.266685426171231 2.2667599547183386
    2.2671864459530298 2.2673571452696706 2.2674291089142571 2.2675590267058396
    2.2677401766489993 2.2694388201575748 2.2701853988971834 2.2702966750174105
    2.2711739078488336 2.2714658700986092 2.2723362899096173 2.2728245460679468
    2.2730142398651196 2.2730718193952271 2.2731548291854629 2.2732415626621787
    2.2732753871963118 2.27421749342678 2.2752872720846349 2.2755551361083994
    2.2764419772344504 2.2773781306350429 2.2780872278331117 2.2794288480699834
    2.2797095357217643 2.2803220995276092 2.2817022545759755 2.2841483191332372
    2.2853505596146988 2.2856197651881303 2.2857779163191481 2.2862323240506157
    2.2874386620849236 2.2881498655166674 2.2892020288707045 2.2909284678068311
    2.291148719992028 2.2912152776977259 2.2917946473277575 2.2926088028702147
    2.2937680089610999 2.2943069163182677 2.2949849521155556 2.2955425072642015
    2.2957528652768247 2.2964226946398867 2.2976169507473969 2.2981189392012311
    2.2984224333132866 2.2986754500652751 2.2990205260930452 2.299119590585633
    2.299314808996769 2.3017822060501203 2.3041299369227395 2.3057054200471612
    2.3059695758647649 2.3078362806302266 2.312590004224603 2.3128962574205616
    2.3131329439450354 2.3134109959896847 2.3136907687511439 2.3138414215349599
    2.3140626900413963 2.3153845530202943 2.3167063649200372 2.3168182513576312
    2.3181121476300177 2.3185540347071765 2.3186882291056463 2.3187596144789495
    2.3189632830753908 2.3191116825269091 2.3193668916959118 2.3201924440327275
    2.3203867623536403 2.3208464696408555 2.3217135829710358 2.3228499844130397
    2.3243187849948299 2.3249317164522836 2.3252745321026396 2.3253804599635259
    2.3260636317800163 2.3272091385582598 2.3275216098397777 2.3287844124865842
    2.3293081610815229 2.3294755519179184 2.3299158875530943 2.3305205924639267
    2.3309851363087546 2.3312314970351053 2.3313147709472637 2.3328459035757874
    2.3330047986865452 2.33342893170067 2.3337037800033613 2.3339328377810489
    2.336057178531064 2.3363484441651963 2.3381605887348087 2.3396084157546588
    2.3398146206542001 2.3399891903301295 2.3402370946369047 2.3426617111240375
    2.342937567773788 2.3431304117198408 2.3444241944857822 2.3445859051353941
    2.3447960223957884 2.3456507403979003 2.3465769304126902 2.347113441713494
    2.349596748725844 2.350189604646554 2.3504249062981821 2.351288053748855
    2.3521082640741042 2.3528253317829999 2.3569202575299641 2.3580805803842395
    2.3583667119246456 2.3584802943789782 2.3593843839449278 2.3604010980035355
    2.3612784649361629 2.3615547497829539 2.3617240287607046 2.3620906966639268
    2.3628212917359028 2.3630343268747915 2.363135588514524 2.3632439503435307
    2.3634965067009639 2.3635834638462256 2.3636815680682353 2.3641307109088907
    2.3643985333296769 2.3651115859826555 2.3653820397167542 2.3654679884749235
    2.365581922614107 2.3662409583027206 2.3670746853246101 2.3680558997637036
    2.3687575711149598 2.3690807170235075 2.3701041587106979 2.3703508660515809
    2.3723290667045753 2.3734827959198128 2.3736390727142407 2.3738458865725534
    2.3740211307479058 2.3745050153985403 2.3760605687339194 2.3767260752150037
    2.3768254334115682 2.3768942177202348 2.3778864278759784 2.3780742481840207
    2.3783901447634435 2.3787973957099666 2.3803236331435378 2.3806936598516586
    2.3808500167494153 2.380979968039052 2.3811728769701404 2.3812470046593717
    2.3820449986392873 2.38349270711592 2.3849775005346601 2.3858051682652026
    2.3864020175915357 2.3865122988030976 2.3870149853942166 2.3885197579118844
    2.3886923268003861 2.3892850293549373 2.3900060898080633 2.3904991684453307
    2.3908950544282561 2.3912672978519822 2.3922133642754488 2.3929573239435058
    2.3946654202188711 2.3956555840068177 2.3962708948119769 2.396600955968097
    2.3971440481401864 2.3973575304971746 2.398688287790113 2.3995160484578264
    2.4005731164393183 2.4008080118780981 2.4009930500409005 2.4015300612300052
    2.4017324978449324 2.402289836997852 2.4035016588099247 2.4037844158539579
    2.4042306841952268 2.404387042278131 2.4061550895106243 2.4064668006019474
    2.4093033454753368 2.410210941187946 2.410284017763388 2.4112205522590862
    2.4116933530844022 2.4136314034080897 2.4150927124593786 2.4188453105170993
    2.4201491094047469 2.4214481437926829 2.4229464028539951 2.4235850137415582
    2.4242303682576676 2.4244732423603637 2.4248903750820432 2.425532746133058
    2.4262266183377506 2.426329859313531 2.4264076833928812 2.4294240675490073
    2.4306422110803396 2.4307913195688116 2.4309304513304824 2.4321012116700635
    2.4342440398049803 2.4354625710475375 2.4361186397621473 2.4366836979986601
    2.4369296326544827 2.4371609295930057 2.4376788742697499 2.4401970910539603
    2.4442865385897221 2.4459326325098991 2.4469743229924461 2.4492487977693145
    2.449591702167254 2.4519381199763757 2.4528568552838501 2.4548373305051427
    2.4555087245917093 2.4563666142757938 2.458084039738651 2.4604162316695692
    2.4608301574194207 2.4622868664730504 2.4632696243884311 2.4636245671841834
    2.4648373619957056 2.4656965197018508 2.4658679864012356 2.4672759781810023
    2.4673912095136075 2.4689719112578814 2.4700285161394882 2.4707668488534487
    2.4709279926114505 2.4736905111644774 2.4762462833289951 2.4770535061406918
    2.4774834541726705 2.478594652829694 2.4814272348576196 2.4842204224335851
    2.4846774766907629 2.4900588789987523 2.4934367684806298 2.49442001330317
    2.4945700850183052 2.4948650568147364 2.4949901033511801 2.4951470014248494
    2.4990906741451226 2.500481263225462 2.5007202251294984 2.5020709419719651
    2.5027434479152362 2.5042150459967161 2.5044440294702022 2.5047203261316704
    2.5052281542410433 2.505833474165835 2.5060730768300346 2.5062559843175527
    2.5064245463766688 2.5070894533427008 2.5072800385919813 2.5073717179961932
    2.5077121277381593 2.5093933229628269 2.5106790438719222 2.511252545432626
    2.5143648940617518 2.5157283232956615 2.5159728622882085 2.5162701721668177
    2.5187076195547888 2.5209886571953271 2.521456685957522 2.5222833838233782
    2.5249424151050639 2.5250274724015376 2.5261785450322045 2.5266887217039766
    2.5270464865519293 2.5287220429436275 2.529919040810455 2.5300935742600359
    2.5302760031739431 2.5306714489925071 2.5310101934016225 2.5312097791969186
    2.5324848047735031 2.5337840996498926 2.5348230957894202 2.5350158670550322
    2.5355551777940946 2.5359702391427845 2.5363873075810566 2.5400328546541004
    2.5402406591708768 2.540309502719083 2.5409875282120993 2.5431032654439605
    2.5441578718933897 2.5445890434542284 2.5458000802285219 2.5483855543002392
    2.548786540445235 2.5492559336321392 2.5493521378947812 2.5495288055960827
    2.5503851888931117 2.5538997639932859 2.5545850391663407 2.5547932604335983
    2.5555159020232168 2.5598978106724339 2.5615475422097611 2.5648115163461966
    2.5691224755928488 2.5700474503025057 2.5727392201288999 2.5730184001001533
    2.5735307732238653 2.5758084661210887 2.5767484923253505 2.5785516501905477
    2.5787728413985178 2.5799215806637221 2.5817678759558476 2.5819359099095891
    2.5826835589077746 2.5838068740008566 2.5843076191667933 2.5861389099812491
    2.5891877229079228 2.5898243657600992 2.5907015034773053 2.592583088563515
    2.5942760466765926 2.5944924345062645 2.595449539632682 2.600644334017185
    2.6021726109438532 2.6032107207265276 2.6033159660455567 2.6034115294906619
    2.6046416492508797 2.6069357917309994 2.6074859874256617 2.607893345511608
    2.6086290394413667 2.6101397559915918 2.6105356339021455 2.6121087752403582
    2.6152569840346587 2.6165086459018312 2.6203634076346134 2.621338549582712
    2.6233837024119566 2.6247407049489389 2.6249536244204137 2.6265033476524877
    2.6277384094364606 2.6294477551908435 2.6299946621914692 2.6301360120390505
    2.6302883160191186 2.6307070971462281 2.6326556221570172 2.6331376214320699
    2.6366055996501623 2.6383869430092091 2.6387525092677606 2.6390336167789124
    2.6401166619061769 2.6431815658450737 2.6434558897935858 2.6438015195203661
    2.6451025838756927 2.6453313499008195 2.6454677697541533 2.6459701610292541
    2.6488364155326658 2.6494264960158489 2.6503983801496815 2.652164995880959
    2.6560019823051939 2.6564320650854825 2.6592219022895733 2.6611709115962867
    2.6619109098392073 2.6622108670781017 2.6629323791989918 2.6632323189096496
    2.6637991784721939 2.6640049684601763 2.665473521880358 2.6693359904141594
    2.6700902240482947 2.6712008886318017 2.6721428768608653 2.6731889077133624
    2.6735271850636764 2.6737459186206252 2.6742278304327556 2.6747704075870238
    2.6773725918847049 2.6783043024827671 2.6810486680965369 2.6822225214341415
    2.6839238410636121 2.6840053034711673 2.6842135673264997 2.6855984879803145
    2.6872607170889751 2.687546098860063 2.6879659189256322 2.6881413090136448
    2.6887503667071542 2.6894669999063203 2.6895719114660324 2.6903837769905294
    2.691042821152223 2.6917942648979079 2.69406745223705 2.6947236413663327
    2.6976935087204765 2.6982312206946517 2.6992390070522561 2.6997380267947242
    2.7008274728646597 2.7013085190731849 2.7014425833898108 2.7015603607805474
    2.7017588380983093 2.7046229132878352 2.7047457846699672 2.7050604891808994
    2.7051502546612483 2.7053062493334892 2.7053848154488755 2.7057218713625844
    2.7058462887689529 2.7064241212832107 2.7076298708675495 2.7080298364035116
    2.7081989196328018 2.7082305704420833 2.7091766485937114 2.7095259765355877
    2.710756280523583 2.7111040990062065 2.7137737061734697 2.7140360211345373
    2.7156529124234416 2.7179791442895294 2.719931816491453 2.7217238840387381
    2.7220069719221556 2.722165133098315 2.7228088402921458 2.7231190331281141
    2.7238329232406309 2.7251289262271712 2.7269897762971596 2.7290733889000194
    2.7295408234313072 2.7309651970899722 2.7315920925963533 2.7322220268936235
    2.7330528699919037 2.7347542334594741 2.734922947927771 2.7353923322934861
    2.7388641584596676 2.7391938656530024 2.739369268291739 2.7397532810987286
    2.7403401326054109 2.7404002086025989 2.7435175103940614 2.7441944081803342
    2.7449826131191912 2.7460939515847258 2.746216985091678 2.7464017332569406
    2.7474385548880491 2.7491964240198286 2.7505122607488679 2.7518393858927084
    2.7520827825305787 2.7526812878717237 2.7538443984581895 2.7540641287105245
    2.7546772716497117 2.7573756775668699 2.760554887219314 2.7611123283948302
    2.7614865217187798 2.7622584548265272 2.762394930075061 2.7629361923478655
    2.7632052972461736 2.7654976220052654 2.7668225020174759 2.7680401619354598
    2.7712408874217545 2.7725888661502722 2.7764507047049847 2.779230091656435
    2.7800131713270275 2.7805934562720722 2.781648154325012 2.7829539219860067
    2.7889101641076195 2.7893201576312094 2.7910579025333391 2.7919622874746892
    2.7920986981642577 2.7921813859508497 2.7923580296637738 2.7928881223331246
    2.7941111184515344 2.7951310551834467 2.795758623614347 2.7968832191336332
    2.7984654712848474 2.8003906275192398 2.8005710638476558 2.8007554144110145
    2.8009946907332051 2.8011250822755756 2.8013352143777865 2.8019712565364898
    2.8043303329112632 2.804836827802319 2.8049889595567947 2.8050753174604779
    2.8053197692692229 2.8055330700390186 2.8057315468896982 2.8067042891671008
    2.8109383376379355 2.8115967319965116 2.8133612441292066 2.813621720597439
    2.8158258176899835 2.8167922842103508 2.818322815494696 2.8185929921359607
    2.8209996602499814 2.8212580760761625 2.8216584207493725 2.8222304777805221
    2.8224380624387777 2.8240349736681765 2.8242120987325734 2.8245973168121736
    2.824704317013508 2.8248637265502716 2.8253307787190352 2.8269265298895334
    2.8274830481477693 2.8278688969445511 2.829207888856935 2.8294432198346797
    2.8299161009136546 2.8315180933956299 2.8324083367799631 2.8363245277923852
    2.8378177614488322 2.8385896954998771 2.838817182268258 2.839786421581266
    2.8420889863136836 2.8444275318846244 2.8451586256792325 2.8454293165744957
    2.8455620758707028 2.8456373891374369 2.8457735920937921 2.8462427049043981
    2.8467443858195716 2.8468762377237908 2.8477522112789302 2.8484553375586756
    2.8494933268805958 2.8519910236991564 2.8533982233420829 2.8538644964846753
    2.8549403510173761 2.8585419153696421 2.8629559874013921 2.8643734387096629
    2.8681762774140225 2.8684057153560238 2.8685959923136202 2.8737460150368861
    2.8783295848371893 2.8786210291598593 2.8788696108033776 2.8793546462010227
    2.8810876132611156 2.8822273305613635 2.882901677940481 2.8833471126055201
    2.8843291274521712 2.884571612063155 2.8852421997498823 2.8885238044721859
    2.8903156338197959 2.8912287206464193 2.8919213556682735 2.8920339755204623
    2.8921895069843231 2.8947565126720747 2.8959664080424545 2.8975062158187939
    2.9003086729934751 2.9033102364912793 2.9037501829191115 2.9043374188378266
    2.9059964647804009 2.9063524422384339 2.9065763966818849 2.906690246106185
    2.908778468051878 2.9091894566696888 2.9124683523280814 2.9192152305301229
    2.9195720872651996 2.9201127069090944 2.9226356890087573 2.9249408830723951
    2.9268657352304217 2.9272985570032688 2.9275445253547332 2.9284098528428331
    2.9303677439279454 2.9308121028905894 2.9318927438948017 2.9368115146980927
    2.9387293524512117 2.9391837458044088 2.9399092773492157 2.9400038714359198
    2.9400917684690739 2.9403238587462397 2.9407462634648027 2.9424364739170414
    2.9429853742381056 2.9434237347128751 2.9436782100204559 2.9445616450195757
    2.9473482108905955 2.9500424243651651 2.9503559909092778 2.950581311572023
    2.9507026050672116 2.9511816199265013 2.9542526122966137 2.9561888835482932
    2.9566970441408862 2.9579966507089921 2.9604369229291478 2.9607722502846627
    2.9633377912075503 2.9640773007463395 2.9643974547898324 2.9673960647442073
    2.9679514748806923 2.9680873089534998 2.9687880608880732 2.9709449989046939
    2.9710769322103565 2.971290690588527 2.9731554995044767 2.9740847286608791
    2.9798048126847334 2.9807081769877186 2.9808342782225736 2.9809833489071025
    2.9810479420463403 2.9813734508147718 2.9827786895955342 2.9847941809540921
    2.9901587330807615 2.9912232889460029 2.9927802002927515 2.9942098334828793
    2.9949796176447308 2.995319709926207 2.9962174796968006 2.9975698940394673
    2.9977097573694969 2.9999600081498556 3.0031994697246773 3.0038959859052738
    3.004096065111014 3.0049965510097536 3.0051996231325879 3.0053767465697092
    3.0054992721752569 3.0057138056636177 3.0071897400447369 3.0077337843385976
    3.0121484613080156 3.0124771989821966 3.0126595655771475 3.014571935556281
    3.0163927600813167 3.0170028794938921 3.0178906065516458 3.0185845060029046
    3.0217317287765582 3.0232534036940706 3.0233824339911735 3.0236534223919684
    3.0242955077255829 3.0247620572654341 3.0256909868260209 3.0273576588051583
    3.0284867267788891 3.028901268706818 3.0306720539460152 3.0322302201229832
    3.0351831027442131 3.0377622113614962 3.0400005223073094 3.0412224965750738
    3.047614318047787 3.0478236761650805 3.047916222134063 3.0480947435435155
    3.0482620268203391 3.0495587613070256 3.0496898018812622 3.0499386282632863
    3.050250400672212 3.0525249528782297 3.0530742100281714 3.0536378543880951
    3.0538765342826082 3.0553504620014187 3.0565304007523082 3.0604513575826786
    3.062683238313106 3.0645062703199528 3.0655066267427173 3.0660415138377175
    3.0687390007897193 3.0690882057483577 3.0693912304052446 3.0695912820551712
    3.070855013518667 3.0720557245117561 3.0745910389691744 3.0753972939171113
    3.0756088261045988 3.0767014883440424 3.0774094445769151 3.0783884840195412
    3.0789982223218431 3.0791283225019015 3.079483256882213 3.0858637599294525
    3.0872481621054249 3.0875121687063256 3.0878620953644713 3.0888965246017506
    3.0915777233104222 3.0917911399050886 3.0922184126599555 3.0922812418205772
    3.092975431857667 3.0931151478562242 3.0938360976933836 3.0943165026119459
    3.0944270870309083 3.0971370274123728 3.1003410069661186 3.1029804624713506
    3.1031561482783823 3.1042732046660908 3.1054920035630857 3.1077994308197958
    3.108042912448127 3.1081827413238443 3.1102684781694734 3.1107355311573883
    3.1116914867413166 3.1117394279483506 3.1136924335764888 3.1197840082644084
    3.1199820967157166 3.121882684213233 3.1227512790694618 3.124169044258148
    3.1243406465906296 3.1273511126619269 3.1280056849036555 3.1282252117446965
    3.1319531895314867 3.134986647831397 3.1367175535255378 3.1377195160075644
    3.1387171615757929 3.140776218551764 3.1409521401879275 3.1424298318006549
    3.1431777178795528 3.143347872238337 3.1444442866036297 3.1447178309993737
    3.1449091244394367 3.1458160445038175 3.1459535809708541 3.1473892524939706
    3.1490021012941347 3.151417546081575 3.1518935545515583 3.1519614279074326
    3.1529688700829865 3.1571765777422343 3.1599965180607796 3.1622030384041864
    3.1632310706602311 3.1646009826255672 3.1649161153682144 3.168885166642383
    3.1691566957360919 3.1693364872514089 3.1700928482944923 3.1702591603385977
    3.1715967460322645 3.1750218130083945 3.1766286365706642 3.1776189821180196
    3.1802557148903361 3.1805291791251875 3.182133981556035 3.183828441895912
    3.1855176282844013 3.1865151089359642 3.1867139673561269 3.1870678224511266
    3.1872877266896467 3.1879515076877851 3.1881741365452854 3.1914075279684653
    3.1929676091179622 3.1949422978312518 3.1950873719223032 3.1972964662714674
    3.1986035178354086 3.1991572907909358 3.1999767970200992 3.2022792442103309
    3.206680418713745 3.2077563969660332 3.2091744755983505 3.2118278141449537
    3.2136180997679276 3.2181813218658135 3.2183808270901864 3.2185396583854526
    3.2186435798703315 3.2263110565417037 3.2265492968030003 3.229014860487041
    3.2292680891118835 3.2301502102700397 3.2346877034342469 3.2392424336840122
    3.2418720568657591 3.2422228505083694 3.2423929920687442 3.2429289483034154
    3.24342946298475 3.2454760936552702 3.2455476503196223 3.2459395811786749
    3.2463652074165452 3.2479486212546362 3.2503208073126189 3.2506929651904102
    3.250968929191913 3.2529879615859727 3.2553904350370431 3.2565560825214561
    3.2580464294815101 3.2583098512320703 3.2627546817805069 3.2632278834232693
    3.2640595812345055 3.2643389987242699 3.2681681959034847 3.2723272155958512
    3.273964812897475 3.2769597702560986 3.2837009457795148 3.2871962634246046
    3.2889426326773901 3.2900209121412445 3.2904231581173917 3.2921705618573469
    3.2927134168135126 3.2932970197994109 3.2949901665047037 3.2952883686398309
    3.2957340688481054 3.2963360036237646 3.2965501971953017 3.3012926020319355
    3.3036335197818971 3.3046417184923484 3.3117326739120472 3.3127849512334251
    3.3138931704489778 3.3183697905566305 3.3186043350218597 3.3191485274214756
    3.3232086181342311 3.3285981606313726 3.3297093609785406 3.3300205251853185
    3.3302123317776022 3.3321693116240567 3.3341105105764655 3.3358172714006287
    3.3399048321361988 3.3418130010068126 3.3443077809042734 3.3452541949077386
    3.3459558500658204 3.3479540563430419 3.3491268813417605 3.3496318002082717
    3.3499338241290388 3.3529037940745638 3.3560321870581902 3.3613769918941898
    3.3618540396047365 3.3632003520731359 3.3656544811648246 3.3669612269661684
    3.3672084914287552 3.3692942213288006 3.3723111382097386 3.3728638370303088
    3.3772807022473899 3.3798557873615209 3.3878543062314748 3.3924290712902803
    3.4010792053404657 3.402055761396241 3.4025957497763102 3.4056249233781273
    3.406780208960754 3.4094609372299374 3.411214021424712 3.4144791665189587
    3.414748667603817 3.4150164156835672 3.4212759111528612 3.4250090297264251
    3.4271400591442216 3.427737300213721 3.4340580046216473 3.4346298143454987
    3.436823722423469 3.437831131830535 3.43870093295061 3.4405633276755907
    3.4475372297954436 3.4546458586710287 3.4580454255401492 3.4601900082498105
    3.4621546518251307 3.4625267721880846 3.462798207420974 3.4636092527607616
    3.4694082642422472 3.4701039290912377 3.4731077167552939 3.4743086343903542
    3.4797489468342064 3.4818650561951472 3.4834018607287476 3.4837512680597911
    3.4858551553525103 3.4900333486648378 3.4937171542378564 3.4983329916467483
    3.5017599382954359 3.5029901559655627 3.5032366066600389 3.5042853560512413
    3.5100786698201318 3.5168657766716933 3.5224133705728491 3.5246973858307911
    3.5340882182882751 3.5363015447292128 3.5382370162938059 3.538522912604094
    3.5432138016903991 3.5436618355233804 3.5493620480813206 3.5496006742869213
    3.5617148248870762 3.5781692691516582 3.5791828104152046 3.5826577295656534
    3.5883331559584803 3.5889941893344712 3.5898531132233984 3.5953412479950657
    3.5982902489427033 3.6012660778333156 3.6092041019119279 3.6171747841549404
    3.6204687258459671 3.6226591504964745 3.6231177085242052 3.6239246739341979
    3.6241374086685028 3.6244570947646935 3.6294532587548929 3.6355180282653237
    3.639670254174689 3.6458340822523496 3.6473539369335413 3.6496032554434805
    3.6497692745833774 3.6508495976731865 3.6526706245963396 3.6553379995916657
    3.6555285928047851 3.6614514400463349 3.6681661378017907 3.6686332527679042
    3.6695063180845864 3.671208805157903 3.6803219642351905 3.6863350724322572
    3.6869379670609987 3.6899409202819697 3.6948286048609589 3.6963898409023841
    3.6970398247831326 3.6987960359698775 3.699262686685195 3.702300853214183
    3.7081658394549777 3.7105528513491493 3.7132846189563224 3.7175657395791859
    3.7177664958819605 3.7180592370702925 3.7185135265672216 3.7204231886657908
    3.7265897812826552 3.7354745190436915 3.736547117880491 3.7421748053545798
    3.7440785727320076 3.7445288897554292 3.7479857339360478 3.7507677879112862
    3.7574742541200976 3.7587785383329901 3.7661747958655383 3.7665408230836306
    3.7703597447543871 3.7715543630843058 3.7778864720489764 3.7781016285086935
    3.7873893032561909 3.7882412934318381 3.7946020434605998 3.7952620523906262
    3.7968270600881624 3.8028860554364314 3.8035651544129223 3.8037884868666652
    3.8105979307114239 3.8114928497893743 3.8119776675157482 3.8128567053213374
    3.8152639953320886 3.8172566229300173 3.8238670166801967 3.8242440793865171
    3.8243640476284781 3.8246647101659619 3.8288389280933188 3.833065899989947
    3.8337775964873799 3.8399008473124923 3.8400399616830327 3.8460761534770427
    3.8463146399312791 3.8464819965702191 3.848882453895385 3.8535697130632798
    3.8537552482457613 3.8574306186646936 3.8705238551960974 3.8730953833301101
    3.8766595263684849 3.877099438616824 3.8790673875275843 3.8829521900011059
    3.888167291265745 3.8882805454159097 3.8925370003858006 3.8934546438777033
    3.8937812534961722 3.900286917026051 3.9028415145003237 3.909320072285027
    3.9112603293933716 3.9114869418563103 3.9117546075362952 3.9118536936830424
    3.9121356612204181 3.9156261812668163 3.9272115716555618 3.9278260379488756
    3.9323709645750569 3.9359922026808363 3.9404262571169966 3.9438717997518324
    3.9442426120544951 3.9443514896443048 3.9500780103758188 3.9508721002716527
    3.9675685159400018 3.9681378081368166 3.9716018865506157 3.9726272238494857
    3.9757028735737094 3.9760237124254445 3.9761985912671207 3.9860511992205829
    3.9962196954297724 4.0038143534020492 4.0053380573347113 4.005923327724247
    4.0061968144059392 4.0080375806824122 4.0100315743870851 4.0148680191099402
    4.0167796373748388 4.0257736555818155 4.026855180014536 4.0294059543102776
    4.0333621485108324 4.0412334606271543 4.0491711909895685 4.0493206493816842
    4.05014584789933 4.0589010750677517 4.0625847493815854 4.063928498221685
    4.0643955636264764 4.0650339861845168 4.0663144352224663 4.0664637958308276
    4.0667513112254028 4.0768649448850738 4.0799229880667554 4.0884568291048708
    4.0964047974232471 4.1003543296733369 4.1056150688083903 4.1091174981630303
    4.1108406821635981 4.1191956789123196 4.1216171687865426 4.1297528151612823
    4.1337079801446635 4.1410068888144451 4.141950725440438 4.1469617029742949
    4.1481178822737093 4.1496268648661498 4.1506541019352881 4.1511310534970107
    4.1534312579760808 4.1685545333715197 4.1696995737370344 4.1737286816739925
    4.1782220705896407 4.1812756821711901 4.1843605462664186 4.1849420291537172
    4.1883319296312038 4.1918882582557444 4.1932654126580928 4.1941273058350816
    4.1946290597231837 4.2019664945850081 4.2079904258000624 4.2094518103136807
    4.2100544283448471 4.2102399329874061 4.2104931310793745 4.2132128880832624
    4.2225253359942485 4.2315275704704618 4.2316436498034449 4.2319064831529118
    4.2363517537916096 4.236641499636022 4.2368633771342843 4.2379376946332741
    4.2389679248572065 4.2412248063990319 4.2431290228083753 4.2437131157976182
    4.2451485426608997 4.251851016540968 4.2545478406011625 4.2549481787698369
    4.258481145973974 4.2590217206234229 4.2681960009249451 4.2703874948251723
    4.2763495814140242 4.2772674795569401 4.2854700720308756 4.2956068456346657
    4.2958137441673898 4.2964042362095825 4.302537369476596 4.3029928750539739
    4.3032431795031698 4.3034917815821245 4.3083015034162599 4.3097337033457563
    4.3126287373065679 4.3213770586621649 4.3235835304283228 4.3236770019186679
    4.3368340721394816 4.3375213579988667 4.3382600629365697 4.3394376521730464
    4.340701760799675 4.3431926282419226 4.3453659529050128 4.3458378258483208
    4.348298710920858 4.35286327934773 4.3535249013900739 4.3549962027749416
    4.3551833688281931 4.355590484197478 4.3595351416347512 4.3681340504972468
    4.3715332840321253 4.3728697351925803 4.375724996339784 4.3764644438745677
    4.3784649157528293 4.3790313623171642 4.3808756701212133 4.3811462864141504
    4.3836541098380621 4.3852682502379139 4.3922804363073737 4.3923855842756439
    4.392515173213269 4.3928720526027973 4.4003301886468762 4.4020880249263428
    4.4055176549181851 4.4066199846638483 4.407110193723156 4.4072812254989913
    4.4134876473931399 4.4166392147835722 4.4252072672834402 4.4257840801155908
    4.4277104175891964 4.4304148328212705 4.4311413312684635 4.4318801081985839
    4.4321385075104445 4.4336184109579335 4.43463225361279 4.4362344169339849
    4.4495556917299837 4.4519920590056472 4.4525551048704983 4.4559172963708988
    4.4587418149789073 4.4641346010935194 4.4684205981445757 4.4690316885188395
    4.4708262870963154 4.4713202081222789 4.4766259527505099 4.4822839953476432
    4.4923520934048611 4.4958996869854673 4.4964819722945322 4.5007200432764876
    4.5099750350336762 4.5102551185427728 4.5138013153073189 4.5183277730905047
    4.5240742729974954 4.5247630939168033 4.5256966746445499 4.5308894757799862
    4.5346896399692014 4.5349472597499698 4.543234390931957 4.5464396954902213
    4.5489987342256768 4.5530946889048209 4.5567654687856702 4.5585279936708503
    4.5592678177201833 4.5611916838801108 4.5633156631201928 4.5708046031850245
    4.5718243888250072 4.577038835122039 4.5804416065225269 4.5864303742673656
    4.5937082306336379 4.5951239900728069 4.6100183334204665 4.6131475071859427
    4.6133587041949795 4.6134965356291104 4.6169895834047878 4.6174359873200075
    4.6211305399065168 4.6224476670686272 4.6225990135599204 4.6241482874056601
    4.6263376626693571 4.631134561053841 4.6377545864877732 4.6378480981502435
    4.648408896440742 4.6504619077086318 4.6538176401891178 4.6559520739237996
    4.6661973166465032 4.6674242832323216 4.6815881878965229 4.6829053895489778
    4.6908733204513737 4.6954540405113221 4.7049258446745625 4.7159162643911259
    4.7166923480840524 4.7177505802492306 4.7208008307397904 4.723969888929787
    4.7245533227696797 4.7295263421374329 4.7308382364362842 4.7368975393087567
    4.7477273892582161 4.7549989436774922 4.7627259583759951 4.7649884832545126
    4.7656086248762222 4.7827104604989472 4.7925766991265846 4.7953553520173955
    4.8006259634339585 4.8033529498479766 4.804680185085374 4.8054406146050042
    4.8063413423915335 4.8138726511042478 4.8264746867084796 4.8275189634664457
    4.8468084101741624 4.8487209252007233 4.8498074631841064 4.8541499515104078
    4.8626629493724067 4.8733274083392644 4.8871699237840858 4.8967487570005233
    4.904084257302884 4.9044589919294594 4.9108220703949428 4.9116376133733866
    4.9189813380330634 4.9221862956142104 4.9224959756547833 4.9240230259069904
    4.9381128419432798 4.9436620699552805 4.9489916826769331 4.9615925749812959
    4.9819884189755612 4.9868376957500686 4.9922151213222605 5.0085939655828042
    5.0235544656791262 5.0415649695009961 5.0604671440328275 5.0727152395133999
    5.0902440783829661 5.093954819460123 5.1036422750605652 5.1085572528645571
    5.1091602767255608 5.1199301944188846 5.127511182694434 5.1299531646518517
    5.1655384632904315 5.1709206285981963 5.1752510202627491 5.1757104536020506
    5.1793212716168 5.1885190559150942 5.20610091146591 5.2064870014964981
    5.2071992887804299 5.2149154175443755 5.2220167155167019 5.2222599656193438
    5.2225089438823034 5.2248785188492093 5.2410246358344921 5.2423720007193424
    5.2427281814312607 5.243580725204481 5.247488412581788 5.2532541879572818
    5.2537879970468566 5.2580696592333425 5.2636056272340284 5.2681528358280048
    5.2773517111181718 5.2820592561429294 5.2989714695672774 5.3096425462672414
    5.3311188649188352 5.3462594444129081 5.3478384899790399 5.3484824347292488
    5.3497251949202109 5.3633770844301125 5.3635360688983837 5.3637499181406838
    5.3680051984592865 5.3758554344426557 5.377617415108034 5.3779708547870086
    5.3816885796836686 5.387279212897738 5.3893395719233013 5.3900010020761329
    5.39879821525426 5.4213864063137862 5.4477602167471559 5.4533250098447752
    5.4630190411080548 5.4906066899220605 5.5214540454362577 5.5220784483590251
    5.5365564724710339 5.5405331374847719 5.5500826851975944 5.5580162371488768
    5.562783148910512 5.5689897143520284 5.5814857922032388 5.5904925352433565
    5.5908746972363588 5.5913804270303444 5.6000836545645143 5.6070293536809004
    5.609989779280113 5.6365199206951502 5.6369441368158277 5.6431443954547831
    5.6575299104333681 5.664332564412689 5.6783998580876869 5.6953108162897479
    5.6958212051140436 5.7074904982187036 5.7090218656130673 5.7209989895313242
    5.7414440633865524 5.7600249396837171 5.7601310217796708 5.7605650808418432
    5.7638069746171823 5.7788649163530863 5.8004415433289864 5.8268730135687292
    5.8561335057511315 5.8590638418013441 5.8744760450745162 5.881657051296088
    5.8885904471126196 5.914024140078709 5.9166649648191481 5.9180175711739764
    5.9375054431056924 5.9527552963626249 5.9528920925125703 5.9534890010244226
    5.9712761499945373 5.9774657851894517 5.9866129695283234 5.9871592276349475
    5.9951206847968024 6.0094760783285892 6.009904605938118 6.0101540848090735
    6.0105720307519732 6.0298835735138709 6.0457402374096318 6.0847103412991146
    6.0981124161762637 6.1161414724083443 6.1243769692657111 6.1246313317665511
    6.125358140468613 6.1320897484720263 6.1544709275478624 6.1549890099806817
    6.1556548802227411 6.1580699197775175 6.1656336677297077 6.1957669135417746
    6.2152675355600877 6.2256480938664964 6.2372641106057927 6.2408535659315021
    6.2453974738186844 6.2694021640318169 6.2706440931387988 6.2953200566271335
    6.3146927401189714 6.3226553947943103 6.3270845995677973 6.3274487370712507
    6.3351216754665529 6.3353789966333807 6.3356459922099475 6.3431047694612062
    6.3638995985966176 6.3695162524782063 6.373594434338429 6.3848889569080711
    6.3927500305816238 6.4101694320625029 6.4422501287072009 6.4526256565591211
    6.4597440130169161 6.4906879336049315 6.4918897521467898 6.4926434480730677
    6.5357460631141748 6.5860240016545504 6.5956332808658544 6.6245512164177853
    6.6370425854606765 6.6458872008806793 6.66299507238773 6.6964072771115752
    6.7010099801814249 6.7017194258673953 6.7060593958362915 6.7204425963732319
    6.7386237344217079 6.7544690876375171 6.7552191980917087 6.7768510252217311
    6.8083383210705506 6.8189554767282061 6.8275086906905926 6.8475442080225548
    6.8478499560847013 6.8484420255999794 6.8502249426146591 6.8508023606727875
    6.853278375159789 6.8568718588567208 6.8683118315748288 6.9009329864570645
    6.9015362595175702 6.9047218835962667 6.9247144035907695 6.9676183424797955
    6.9902992176612315 7.0281431272242116 7.0441265498184293 7.0447460682762539
    7.0735380371042993 7.0860390445122903 7.0886128615620692 7.097931829924164
    7.1110802048565347 7.1397294837506706 7.1597489405476153 7.1661801998400279
    7.2014673479513931 7.241461548289692 7.2436248152616827 7.2687277285549499
    7.2692321774779884 7.284082244402839 7.2958798979570929 7.3051931518177753
    7.310625717075709 7.3224942434173954 7.3498183906776831 7.3793617618044891
    7.3803111679371796 7.3981113974412551 7.440195373991628 7.4553053250385801
    7.4773889012967629 7.5261929160324144 7.6182615880964022 7.6212461303443888
    7.6257918181308924 7.6541819696512903 7.6785041466582697 7.7271759200666565
    7.8306767076880988 7.8885835913333722 7.9180657008440676 7.9415926905376182
    7.9461433360620504 7.9466878228122368 7.9915837965072569 8.0205692225063103
    8.029604741429921 8.0682869400666277 8.1085939536555998 8.1332148475207759
    8.1524172798199288 8.1530115924120992 8.1538803165210538 8.1784597227060658
    8.188907080952049 8.2065818438386486 8.2239895562374841 8.253258377423208
    8.2626436888463104 8.276671936644334 8.277013597356131 8.277765891012109
    8.2821048552077627 8.2825462924547537 8.3017363514159115 8.3127942515952782
    8.3212309564341922 8.344672979031202 8.3823614945042664 8.3830780244795733
    8.3948006291830097 8.3983544360470432 8.4144636309420093 8.4358717215045544
    8.4873896133397011 8.509582651287019 8.5298743227449449 8.5399744730602833
    8.5681129059687464 8.5686167938154085 8.5701127817837914 8.5709149484855516
    8.6069797950476641 8.7621919966272799 8.8553172292768068 8.9385519688554496
    8.9387948436332181 8.9640307884587855 8.9931559630445008 9.0375549759901332
    9.079448147012954 9.2338819439693509 9.2753084870611815 9.3788520917491951
    9.5042500852230205 9.7919926688264241), winSize: 6.0e+1, binSize: 1.0e+1,
    tStart: 0.0, tEnd: 7.211e+3, binStart: 7.211e+3, maxBLsize: 1.0e+4 >
Bye.
