		     \||||||||||||||||||/
		   --- Welcome to Maude ---
		     /||||||||||||||||||\
	     Maude 3.5 built: Sep 25 2024 12:00:00
	     Copyright 1997-2024 SRI International
		   Mon Aug 17 01:14:37 2026
Warning: "smc_cp3-refactored.maude", line 140 (mod SMC_CP3): multiple distinct
    parses for statement
eq sumDiff (F F' FL) = (F' - F) + sumDiff (F' FL) .
Warning: "smc_cp3-refactored.maude", line 145 (mod SMC_CP3): multiple distinct
    parses for statement
eq avgDiff (FL) = if (len (FL) == 1) then 0.0 else sumDiff (FL) / float (len (
    FL) - 1) fi .
Warning: "smc_cp3-refactored.maude", line 150 (mod SMC_CP3): multiple distinct
    parses for statement
eq sumSquaredDiff (F FL, F') = (F - F') * (F - F') + sumSquaredDiff (FL, F') .
Warning: "smc_cp3-refactored.maude", line 225 (mod SMC_CP3): multiple distinct
    parses for statement
eq compLatency (Tsent, Trcvd) = Trcvd - Tsent .
Warning: "smc_cp3-refactored.maude", line 291 (mod SMC_CP3): multiple distinct
    parses for statement
eq getGoodput (< ADDR : IrcMonitor | msgRcvd: ircMTL, attrs >, Tstart, Tend) =
    collectGoodput (filterWindow (ircMTL, Tstart, Tend), Tstart, Tend) * 8.0 /
    (Tend - Tstart) .
Warning: "smc_cp3-refactored.maude", line 381 (mod SMC_CP3): multiple distinct
    parses for statement
eq normMED (NL, NL') = if max (lenMsgIdList (NL), lenMsgIdList (NL')) == 0 then
    1.0 else 1.0 - (float (med (NL, NL')) / float (max (lenMsgIdList (NL),
    lenMsgIdList (NL')))) fi .
Warning: "smc_cp3-refactored.maude", line 500 (mod SMC_CP3): multiple distinct
    parses for statement
eq getMTBF (< ADDR : IrcMonitor | msgSent: ircMTL, msgRcvd: ircMTL', attrs >,
    Tn, Tstart, Tend) = getMTBFAux (filterWindow (ircMTL, Tstart - Tn, Tend +
    Tn), filterWindow (ircMTL', Tstart - Tn, Tend + Tn), Tn, Tstart, Tend) .
Warning: "smc_cp3-refactored.maude", line 560 (mod SMC_CP3): multiple distinct
    parses for statement
eq KsDistanceX (F FL, nil, I, J, invN, invN', D) = max2 (D, abs ((float (I) *
    invN) - 1.0)) .
Warning: "smc_cp3-refactored.maude", line 561 (mod SMC_CP3): multiple distinct
    parses for statement
eq KsDistanceX (nil, F' FL', I, J, invN, invN', D) = max2 (D, abs (1.0 - (float
    (J) * invN'))) .
Warning: "smc_cp3-refactored.maude", line 563 (mod SMC_CP3): multiple distinct
    parses for statement
ceq KsDistanceX (F FL, F' FL', I, J, invN, invN', D) = KsDistanceX (FL1, FL2, I
    + C1, J + C2, invN, invN', max2 (D, abs ((float (I + C1) * invN) - (float (
    J + C2) * invN')))) if F == F' /\ prefix (C1, FL1) := skipEqPrefix (F, F
    FL) /\ prefix (C2, FL2) := skipEqPrefix (F', F' FL') .
Warning: "smc_cp3-refactored.maude", line 569 (mod SMC_CP3): multiple distinct
    parses for statement
ceq KsDistanceX (F FL, F' FL', I, J, invN, invN', D) = KsDistanceX (FL, F' FL',
    I + 1, J, invN, invN', max2 (D, abs ((float (I + 1) * invN) - (float (J) *
    invN')))) if F < F' .
Warning: "smc_cp3-refactored.maude", line 573 (mod SMC_CP3): multiple distinct
    parses for statement
ceq KsDistanceX (F FL, F' FL', I, J, invN, invN', D) = KsDistanceX (F FL, FL',
    I, J + 1, invN, invN', max2 (D, abs ((float (I) * invN) - (float (J + 1) *
    invN')))) if F > F' .
Warning: "smc_cp3-refactored.maude", line 583 (mod SMC_CP3): multiple distinct
    parses for statement
eq KsStatisticZ (FL, FL', K) = KsDistance (FL, FL') - K .
Warning: "smc_cp3-refactored.maude", line 679 (mod SMC_CP3): multiple distinct
    parses for statement
eq compObsFeatureX (vp, dnsQueryRate, Fid, TOL, Tstart, Tend) = float (
    countDNSQuery (vp, Fid, TOL, Tstart, Tend)) / (Tend - Tstart) .
Warning: "smc_cp3-refactored.maude", line 693 (mod SMC_CP3): multiple distinct
    parses for statement
eq compObsFeatureX (vp, tcpUpRate, Fid, TOL, Tstart, Tend) = float (
    sizeTCPUpload (vp, Fid, TOL, Tstart, Tend)) / (Tend - Tstart) .
Warning: "smc_cp3-refactored.maude", line 695 (mod SMC_CP3): multiple distinct
    parses for statement
eq compObsFeatureX (vp, tcpDownRate, Fid, TOL, Tstart, Tend) = float (
    sizeTCPDownload (vp, Fid, TOL, Tstart, Tend)) / (Tend - Tstart) .
Warning: "smc_cp3-refactored.maude", line 703 (mod SMC_CP3): multiple distinct
    parses for statement
eq compObsFeatureX (vp, tcpOutPktRate, Fid, TOL, Tstart, Tend) = float (
    countTCPOutPkt (vp, Fid, TOL, Tstart, Tend)) / (Tend - Tstart) .
Warning: "smc_cp3-refactored.maude", line 705 (mod SMC_CP3): multiple distinct
    parses for statement
eq compObsFeatureX (vp, tcpInPktRate, Fid, TOL, Tstart, Tend) = float (
    countTCPInPkt (vp, Fid, TOL, Tstart, Tend)) / (Tend - Tstart) .
Warning: "smc_cp3-refactored.maude", line 724 (mod SMC_CP3): multiple distinct
    parses for statement
eq compObsFeatureX (vp, dnsQueryRate, TOL, Tstart, Tend) = float (countDNSQuery
    (vp, TOL, Tstart, Tend)) / (Tend - Tstart) .
Warning: "smc_cp3-refactored.maude", line 738 (mod SMC_CP3): multiple distinct
    parses for statement
eq compObsFeatureX (vp, tcpUpRate, TOL, Tstart, Tend) = float (sizeTCPUpload (
    vp, TOL, Tstart, Tend)) / (Tend - Tstart) .
Warning: "smc_cp3-refactored.maude", line 740 (mod SMC_CP3): multiple distinct
    parses for statement
eq compObsFeatureX (vp, tcpDownRate, TOL, Tstart, Tend) = float (
    sizeTCPDownload (vp, TOL, Tstart, Tend)) / (Tend - Tstart) .
Warning: "smc_cp3-refactored.maude", line 748 (mod SMC_CP3): multiple distinct
    parses for statement
eq compObsFeatureX (vp, tcpOutPktRate, TOL, Tstart, Tend) = float (
    countTCPOutPkt (vp, TOL, Tstart, Tend)) / (Tend - Tstart) .
Warning: "smc_cp3-refactored.maude", line 750 (mod SMC_CP3): multiple distinct
    parses for statement
eq compObsFeatureX (vp, tcpInPktRate, TOL, Tstart, Tend) = float (countTCPInPkt
    (vp, TOL, Tstart, Tend)) / (Tend - Tstart) .
Warning: "smc_cp3-refactored.maude", line 911 (mod SMC_CP3): multiple distinct
    parses for statement
ceq expectedKObsFeature (vp, obsF, baselineCDF, binECDFs, T, Tend, winSize,
    binSize, Ksum, N) = if KD >= 0.0 then expectedKObsFeature (vp, obsF,
    baselineCDF, binECDFs, T + binSize, Tend, winSize, binSize, Ksum + KD, N +
    1) else expectedKObsFeature (vp, obsF, baselineCDF, binECDFs, T + binSize,
    Tend, winSize, binSize, Ksum, N) fi if (T + winSize) <= (Tend + Tesp) /\
    ECDF := sort (getECDFObsFeatureRange (binECDFs, floor (rat (T / binSize)),
    (floor (rat (T / binSize)) + floor (rat (winSize / binSize))) - 1)) /\ KD
    := KsDistance (baselineCDF, ECDF) .
Warning: "smc_cp3-refactored.maude", line 1079 (mod SMC_CP3): multiple distinct
    parses for statement
eq getCUSUMZt (< ADDR : Adversary | gt: (bl (vp, obsF, K, Zt) :; blList), attrs
    >, vp, obsF, Tstart, Tend, winSize, binSize) = cusumRange (Zt, floor (rat (
    Tstart / binSize)), floor (rat ((Tend - winSize) / binSize))) .
==========================================
rewrite in HCS-TEST-BASELINE-TCPPKTSIZE-CL2 : run((initState(counter) [
    tgenDelay, to baseLineAddr from baseLineAddr : initBase, 0]) 
{0.0 |
nil}, slimit) .
rewrites: 39595803715 in 19009156ms cpu (19009160ms real) (2082985
    rewrites/second)
result Actor: 
< baseLineAddr : BaseLineMonitor | viewPts: cl[2], features: tcpPktSize,
    baseLine: bl(cl[2], tcpPktSize, 1.0859738201695514e-1, 5.2e+1 5.2e+1 5.2e+1
    5.2e+1 5.2e+1 5.2e+1 5.2e+1 5.2e+1 5.2e+1 5.2e+1 5.2e+1 5.2e+1 5.2e+1
    5.2e+1 5.2e+1 5.2e+1 5.2e+1 5.8e+1 5.8e+1 5.8e+1 5.8399999999999999e+1
    5.8399999999999999e+1 5.85e+1 5.85e+1 5.8571428571428569e+1
    5.8571428571428569e+1 5.8666666666666664e+1 5.8666666666666664e+1
    5.8666666666666664e+1 5.8666666666666664e+1 5.8666666666666664e+1
    5.8666666666666664e+1 5.8666666666666664e+1 5.8666666666666664e+1
    5.8666666666666664e+1 5.8666666666666664e+1 5.8666666666666664e+1
    5.8666666666666664e+1 5.8666666666666664e+1 5.8666666666666664e+1
    5.8666666666666664e+1 5.8666666666666664e+1 5.8666666666666664e+1
    5.8666666666666664e+1 5.8666666666666664e+1 5.8666666666666664e+1
    5.8666666666666664e+1 5.8666666666666664e+1 5.8666666666666664e+1
    5.8666666666666664e+1 5.8666666666666664e+1 5.8666666666666664e+1
    5.8666666666666664e+1 5.8666666666666664e+1 5.8666666666666664e+1
    5.8666666666666664e+1 5.8666666666666664e+1 5.8666666666666664e+1
    5.8666666666666664e+1 5.8666666666666664e+1 5.8666666666666664e+1
    5.8666666666666664e+1 5.8666666666666664e+1 5.8666666666666664e+1
    5.8666666666666664e+1 5.8666666666666664e+1 5.8666666666666664e+1
    5.8666666666666664e+1 5.8666666666666664e+1 5.8666666666666664e+1
    5.8666666666666664e+1 5.8666666666666664e+1 5.8666666666666664e+1
    5.8666666666666664e+1 5.8666666666666664e+1 5.8666666666666664e+1
    5.8666666666666664e+1 5.8666666666666664e+1 5.8666666666666664e+1
    5.8666666666666664e+1 5.8666666666666664e+1 5.8666666666666664e+1
    5.8666666666666664e+1 5.8666666666666664e+1 5.8666666666666664e+1
    5.8666666666666664e+1 5.8666666666666664e+1 5.8666666666666664e+1
    5.8666666666666664e+1 5.8666666666666664e+1 5.8666666666666664e+1
    5.8666666666666664e+1 5.8666666666666664e+1 5.8666666666666664e+1
    5.8666666666666664e+1 5.8666666666666664e+1 5.8666666666666664e+1
    5.8666666666666664e+1 5.8666666666666664e+1 5.8666666666666664e+1
    5.8666666666666664e+1 5.8666666666666664e+1 5.8666666666666664e+1
    5.8666666666666664e+1 5.8666666666666664e+1 5.8666666666666664e+1
    5.8666666666666664e+1 5.8666666666666664e+1 5.8666666666666664e+1
    5.8666666666666664e+1 5.8666666666666664e+1 5.8666666666666664e+1
    5.8666666666666664e+1 5.8666666666666664e+1 5.8666666666666664e+1
    5.8666666666666664e+1 5.8666666666666664e+1 5.8666666666666664e+1
    5.8666666666666664e+1 5.8666666666666664e+1 5.8666666666666664e+1
    5.8666666666666664e+1 5.8666666666666664e+1 5.8666666666666664e+1
    5.8666666666666664e+1 5.8666666666666664e+1 5.8666666666666664e+1
    5.8666666666666664e+1 5.8666666666666664e+1 5.8666666666666664e+1
    5.8666666666666664e+1 5.8666666666666664e+1 5.8666666666666664e+1
    5.8666666666666664e+1 5.8666666666666664e+1 5.8666666666666664e+1
    5.8666666666666664e+1 5.8666666666666664e+1 5.8666666666666664e+1
    5.8666666666666664e+1 5.8666666666666664e+1 5.8666666666666664e+1
    5.8666666666666664e+1 5.8666666666666664e+1 5.8666666666666664e+1
    5.8666666666666664e+1 5.8666666666666664e+1 5.8666666666666664e+1
    5.8666666666666664e+1 5.8666666666666664e+1 5.8666666666666664e+1
    5.8666666666666664e+1 5.8666666666666664e+1 5.8666666666666664e+1
    5.8666666666666664e+1 5.8666666666666664e+1 5.8666666666666664e+1
    5.8666666666666664e+1 5.8666666666666664e+1 5.8666666666666664e+1
    5.8666666666666664e+1 5.8666666666666664e+1 5.8666666666666664e+1
    5.8666666666666664e+1 5.8666666666666664e+1 5.8666666666666664e+1
    5.8666666666666664e+1 5.8666666666666664e+1 5.8666666666666664e+1
    5.8666666666666664e+1 5.8666666666666664e+1 5.8666666666666664e+1
    5.8666666666666664e+1 5.8666666666666664e+1 5.8666666666666664e+1
    5.8666666666666664e+1 5.8666666666666664e+1 5.8666666666666664e+1
    5.8666666666666664e+1 5.8666666666666664e+1 5.8666666666666664e+1
    5.8666666666666664e+1 5.8666666666666664e+1 5.8666666666666664e+1
    5.8666666666666664e+1 5.8666666666666664e+1 5.8666666666666664e+1
    5.8666666666666664e+1 5.8666666666666664e+1 5.8666666666666664e+1
    5.8666666666666664e+1 5.8666666666666664e+1 5.8666666666666664e+1
    5.8666666666666664e+1 5.8666666666666664e+1 5.8666666666666664e+1
    5.8666666666666664e+1 5.8666666666666664e+1 5.8666666666666664e+1
    5.8666666666666664e+1 5.8666666666666664e+1 5.8666666666666664e+1
    5.8666666666666664e+1 5.8666666666666664e+1 5.8666666666666664e+1
    5.8666666666666664e+1 5.8666666666666664e+1 5.8666666666666664e+1
    5.8666666666666664e+1 5.8666666666666664e+1 5.8666666666666664e+1
    5.8666666666666664e+1 5.8666666666666664e+1 5.8666666666666664e+1
    5.8666666666666664e+1 5.8666666666666664e+1 5.8666666666666664e+1
    5.8666666666666664e+1 5.8666666666666664e+1 5.8666666666666664e+1
    5.8666666666666664e+1 5.8666666666666664e+1 5.8666666666666664e+1
    5.8666666666666664e+1 5.8666666666666664e+1 5.8666666666666664e+1
    5.8666666666666664e+1 5.8666666666666664e+1 5.8666666666666664e+1
    5.8666666666666664e+1 5.8666666666666664e+1 5.8666666666666664e+1
    5.8666666666666664e+1 5.8666666666666664e+1 5.8666666666666664e+1
    5.8666666666666664e+1 5.8666666666666664e+1 5.8666666666666664e+1
    5.8666666666666664e+1 5.8666666666666664e+1 5.8666666666666664e+1
    5.8666666666666664e+1 5.8666666666666664e+1 5.8666666666666664e+1
    5.8666666666666664e+1 5.8666666666666664e+1 5.8666666666666664e+1
    5.8666666666666664e+1 5.8666666666666664e+1 5.8666666666666664e+1
    5.8666666666666664e+1 5.8666666666666664e+1 5.8666666666666664e+1
    5.8666666666666664e+1 5.8666666666666664e+1 5.8666666666666664e+1
    5.8666666666666664e+1 5.8666666666666664e+1 5.8666666666666664e+1
    5.8666666666666664e+1 5.8666666666666664e+1 5.8666666666666664e+1
    5.8666666666666664e+1 5.8666666666666664e+1 5.8666666666666664e+1
    5.8666666666666664e+1 5.8666666666666664e+1 5.8666666666666664e+1
    5.8666666666666664e+1 5.8666666666666664e+1 5.8666666666666664e+1
    5.8666666666666664e+1 5.8666666666666664e+1 5.8666666666666664e+1
    5.8666666666666664e+1 5.8666666666666664e+1 5.8666666666666664e+1
    5.8666666666666664e+1 5.8666666666666664e+1 5.8666666666666664e+1
    5.8666666666666664e+1 5.8666666666666664e+1 5.8666666666666664e+1
    5.8666666666666664e+1 5.8666666666666664e+1 5.8666666666666664e+1
    5.8666666666666664e+1 5.8666666666666664e+1 5.8666666666666664e+1
    5.8666666666666664e+1 5.8666666666666664e+1 5.8666666666666664e+1
    5.8666666666666664e+1 5.8666666666666664e+1 5.8666666666666664e+1
    5.8666666666666664e+1 5.8666666666666664e+1 5.8666666666666664e+1
    5.8666666666666664e+1 5.8666666666666664e+1 5.8666666666666664e+1
    5.8666666666666664e+1 5.8666666666666664e+1 5.8666666666666664e+1
    5.8666666666666664e+1 5.8666666666666664e+1 5.8666666666666664e+1
    5.8666666666666664e+1 5.8666666666666664e+1 5.8666666666666664e+1
    5.8666666666666664e+1 5.8666666666666664e+1 5.8666666666666664e+1
    5.8666666666666664e+1 5.8666666666666664e+1 5.8666666666666664e+1
    5.8666666666666664e+1 5.8666666666666664e+1 5.8666666666666664e+1
    5.8666666666666664e+1 5.8666666666666664e+1 5.8666666666666664e+1
    5.8666666666666664e+1 5.8666666666666664e+1 5.8666666666666664e+1
    5.8666666666666664e+1 5.8666666666666664e+1 5.8666666666666664e+1
    5.8666666666666664e+1 5.8666666666666664e+1 5.8666666666666664e+1
    5.8666666666666664e+1 5.8666666666666664e+1 5.8666666666666664e+1
    5.8666666666666664e+1 5.8666666666666664e+1 5.8666666666666664e+1
    5.8666666666666664e+1 5.8666666666666664e+1 5.8666666666666664e+1
    5.8666666666666664e+1 5.8666666666666664e+1 5.8666666666666664e+1
    5.8666666666666664e+1 5.8666666666666664e+1 5.8666666666666664e+1
    5.8666666666666664e+1 5.8666666666666664e+1 5.8666666666666664e+1
    5.8666666666666664e+1 5.8666666666666664e+1 5.8666666666666664e+1
    5.8666666666666664e+1 5.8666666666666664e+1 5.8666666666666664e+1
    5.8666666666666664e+1 5.8666666666666664e+1 5.8666666666666664e+1
    5.8666666666666664e+1 5.8666666666666664e+1 5.8666666666666664e+1
    5.8666666666666664e+1 5.8666666666666664e+1 5.8666666666666664e+1
    5.8666666666666664e+1 5.8666666666666664e+1 5.8666666666666664e+1
    5.8666666666666664e+1 5.8666666666666664e+1 5.8666666666666664e+1
    5.8666666666666664e+1 5.8666666666666664e+1 5.8666666666666664e+1
    5.8666666666666664e+1 5.8666666666666664e+1 5.8666666666666664e+1
    5.8666666666666664e+1 5.8666666666666664e+1 5.8666666666666664e+1
    5.8666666666666664e+1 5.8666666666666664e+1 5.8666666666666664e+1
    5.8666666666666664e+1 5.8666666666666664e+1 5.8666666666666664e+1
    5.8666666666666664e+1 5.8666666666666664e+1 5.8666666666666664e+1
    5.8666666666666664e+1 5.8666666666666664e+1 5.8666666666666664e+1
    5.8666666666666664e+1 5.8666666666666664e+1 5.8666666666666664e+1
    5.8666666666666664e+1 5.8666666666666664e+1 5.8666666666666664e+1
    5.8666666666666664e+1 5.8666666666666664e+1 5.8666666666666664e+1
    5.8666666666666664e+1 5.8666666666666664e+1 5.8666666666666664e+1
    5.8666666666666664e+1 5.8666666666666664e+1 5.8666666666666664e+1
    5.8666666666666664e+1 5.8666666666666664e+1 5.8666666666666664e+1
    5.8666666666666664e+1 5.8666666666666664e+1 5.8666666666666664e+1
    5.8666666666666664e+1 5.8666666666666664e+1 5.8666666666666664e+1
    5.8666666666666664e+1 5.8666666666666664e+1 5.8666666666666664e+1
    5.8666666666666664e+1 5.8666666666666664e+1 5.8666666666666664e+1
    5.8666666666666664e+1 5.8666666666666664e+1 5.8666666666666664e+1
    5.8666666666666664e+1 5.8666666666666664e+1 5.8666666666666664e+1
    5.8666666666666664e+1 5.8666666666666664e+1 5.8666666666666664e+1
    5.8666666666666664e+1 5.8666666666666664e+1 5.8666666666666664e+1
    5.8666666666666664e+1 5.8666666666666664e+1 5.8666666666666664e+1
    5.8666666666666664e+1 5.8666666666666664e+1 5.8666666666666664e+1
    5.8666666666666664e+1 5.8666666666666664e+1 5.8666666666666664e+1
    5.8666666666666664e+1 5.8666666666666664e+1 5.8666666666666664e+1
    5.8666666666666664e+1 5.8666666666666664e+1 5.8666666666666664e+1 5.875e+1
    5.875e+1 5.9e+1 5.9e+1 5.9e+1 5.9e+1 5.9e+1 5.95e+1 5.9555555555555557e+1
    5.9666666666666664e+1 5.975e+1 5.9785714285714285e+1 5.9785714285714285e+1
    5.9875e+1 6.0e+1 6.0e+1 6.0e+1 6.0e+1 6.0e+1 6.0e+1 6.0e+1 6.0e+1 6.0e+1
    6.0e+1 6.0e+1 6.0e+1 6.0083333333333336e+1 6.0090909090909093e+1
    6.0090909090909093e+1 6.0090909090909093e+1 6.0090909090909093e+1
    6.0090909090909093e+1 6.0090909090909093e+1 6.0090909090909093e+1
    6.0090909090909093e+1 6.0090909090909093e+1 6.0090909090909093e+1
    6.0090909090909093e+1 6.0090909090909093e+1 6.0090909090909093e+1
    6.0090909090909093e+1 6.0090909090909093e+1 6.0090909090909093e+1
    6.0090909090909093e+1 6.0090909090909093e+1 6.0090909090909093e+1
    6.0090909090909093e+1 6.0090909090909093e+1 6.0090909090909093e+1
    6.0090909090909093e+1 6.0090909090909093e+1 6.0090909090909093e+1
    6.0090909090909093e+1 6.0090909090909093e+1 6.0090909090909093e+1
    6.0090909090909093e+1 6.0090909090909093e+1 6.0100000000000001e+1
    6.0299999999999997e+1 6.0299999999999997e+1 6.0333333333333336e+1
    6.0333333333333336e+1 6.0444444444444443e+1 6.0444444444444443e+1
    6.0444444444444443e+1 6.05e+1 6.05e+1 6.0600000000000001e+1 6.0625e+1
    6.0625e+1 6.0625e+1 6.0625e+1 6.0625e+1 6.0625e+1 6.0625e+1 6.0625e+1
    6.0625e+1 6.0625e+1 6.0625e+1 6.0625e+1 6.0625e+1 6.0625e+1 6.0625e+1
    6.0625e+1 6.0625e+1 6.0625e+1 6.0625e+1 6.0625e+1 6.0625e+1 6.0625e+1
    6.0625e+1 6.0625e+1 6.0625e+1 6.0625e+1 6.0625e+1 6.0625e+1 6.0625e+1
    6.0625e+1 6.0625e+1 6.0625e+1 6.0625e+1 6.0625e+1 6.0625e+1 6.0625e+1
    6.0625e+1 6.0625e+1 6.0625e+1 6.0625e+1 6.0625e+1 6.0625e+1 6.0625e+1
    6.0625e+1 6.0625e+1 6.0625e+1 6.0625e+1 6.0625e+1 6.0625e+1 6.0625e+1
    6.0625e+1 6.0625e+1 6.0625e+1 6.0625e+1 6.0625e+1 6.0625e+1 6.0625e+1
    6.0625e+1 6.0625e+1 6.0625e+1 6.0625e+1 6.0625e+1 6.0625e+1 6.0625e+1
    6.0625e+1 6.0625e+1 6.0625e+1 6.0625e+1 6.0625e+1 6.0625e+1 6.0625e+1
    6.0625e+1 6.0625e+1 6.0625e+1 6.0625e+1 6.0625e+1 6.0625e+1 6.0625e+1
    6.0625e+1 6.0625e+1 6.0625e+1 6.0625e+1 6.0625e+1 6.0625e+1 6.0625e+1
    6.0625e+1 6.0625e+1 6.0625e+1 6.0625e+1 6.0625e+1 6.0625e+1 6.0625e+1
    6.0625e+1 6.0625e+1 6.0666666666666664e+1 6.0727272727272727e+1 6.075e+1
    6.0857142857142854e+1 6.0857142857142854e+1 6.1e+1 6.1e+1
    6.107692307692308e+1 6.107692307692308e+1 6.107692307692308e+1
    6.107692307692308e+1 6.107692307692308e+1 6.107692307692308e+1
    6.107692307692308e+1 6.107692307692308e+1 6.107692307692308e+1
    6.107692307692308e+1 6.107692307692308e+1 6.107692307692308e+1
    6.1166666666666664e+1 6.1166666666666664e+1 6.1200000000000003e+1
    6.1333333333333336e+1 6.1333333333333336e+1 6.1333333333333336e+1
    6.1333333333333336e+1 6.1333333333333336e+1 6.1333333333333336e+1
    6.1333333333333336e+1 6.1333333333333336e+1 6.1333333333333336e+1
    6.1333333333333336e+1 6.1333333333333336e+1 6.1333333333333336e+1
    6.1333333333333336e+1 6.1333333333333336e+1 6.1333333333333336e+1
    6.1333333333333336e+1 6.1333333333333336e+1 6.1333333333333336e+1
    6.1333333333333336e+1 6.1333333333333336e+1 6.1333333333333336e+1
    6.1333333333333336e+1 6.1333333333333336e+1 6.1333333333333336e+1
    6.1333333333333336e+1 6.1333333333333336e+1 6.1333333333333336e+1
    6.1333333333333336e+1 6.1333333333333336e+1 6.1333333333333336e+1
    6.1333333333333336e+1 6.1333333333333336e+1 6.1333333333333336e+1
    6.1333333333333336e+1 6.1333333333333336e+1 6.1333333333333336e+1
    6.1333333333333336e+1 6.1333333333333336e+1 6.1333333333333336e+1
    6.1333333333333336e+1 6.1333333333333336e+1 6.1333333333333336e+1
    6.1333333333333336e+1 6.1333333333333336e+1 6.1333333333333336e+1
    6.1333333333333336e+1 6.1333333333333336e+1 6.1333333333333336e+1
    6.1333333333333336e+1 6.1333333333333336e+1 6.1333333333333336e+1
    6.1333333333333336e+1 6.1333333333333336e+1 6.1333333333333336e+1
    6.1333333333333336e+1 6.1333333333333336e+1 6.1333333333333336e+1
    6.1333333333333336e+1 6.1333333333333336e+1 6.1333333333333336e+1
    6.1333333333333336e+1 6.1333333333333336e+1 6.1333333333333336e+1
    6.1333333333333336e+1 6.1333333333333336e+1 6.1333333333333336e+1
    6.1333333333333336e+1 6.1333333333333336e+1 6.1333333333333336e+1
    6.1333333333333336e+1 6.1333333333333336e+1 6.1333333333333336e+1
    6.1333333333333336e+1 6.1333333333333336e+1 6.1333333333333336e+1
    6.1333333333333336e+1 6.1333333333333336e+1 6.1333333333333336e+1
    6.1333333333333336e+1 6.1333333333333336e+1 6.1333333333333336e+1
    6.1333333333333336e+1 6.1333333333333336e+1 6.1333333333333336e+1
    6.1333333333333336e+1 6.1333333333333336e+1 6.1333333333333336e+1
    6.1333333333333336e+1 6.1333333333333336e+1 6.1333333333333336e+1
    6.1333333333333336e+1 6.1333333333333336e+1 6.1333333333333336e+1
    6.1333333333333336e+1 6.1333333333333336e+1 6.1333333333333336e+1
    6.1333333333333336e+1 6.1333333333333336e+1 6.1333333333333336e+1
    6.1333333333333336e+1 6.1333333333333336e+1 6.1333333333333336e+1
    6.1333333333333336e+1 6.1333333333333336e+1 6.1333333333333336e+1
    6.1333333333333336e+1 6.1333333333333336e+1 6.1333333333333336e+1
    6.1333333333333336e+1 6.1333333333333336e+1 6.1333333333333336e+1
    6.1333333333333336e+1 6.1333333333333336e+1 6.1333333333333336e+1
    6.1333333333333336e+1 6.1333333333333336e+1 6.1333333333333336e+1
    6.1333333333333336e+1 6.1333333333333336e+1 6.1333333333333336e+1
    6.1333333333333336e+1 6.1333333333333336e+1 6.1333333333333336e+1
    6.1333333333333336e+1 6.1333333333333336e+1 6.1333333333333336e+1
    6.1333333333333336e+1 6.1333333333333336e+1 6.1333333333333336e+1
    6.1333333333333336e+1 6.1333333333333336e+1 6.1333333333333336e+1
    6.1333333333333336e+1 6.1333333333333336e+1 6.1333333333333336e+1
    6.1333333333333336e+1 6.1333333333333336e+1 6.1333333333333336e+1
    6.1333333333333336e+1 6.1333333333333336e+1 6.1333333333333336e+1
    6.1333333333333336e+1 6.1333333333333336e+1 6.1333333333333336e+1
    6.1333333333333336e+1 6.1333333333333336e+1 6.1333333333333336e+1
    6.1333333333333336e+1 6.1333333333333336e+1 6.1333333333333336e+1
    6.1333333333333336e+1 6.1333333333333336e+1 6.1333333333333336e+1
    6.1333333333333336e+1 6.1333333333333336e+1 6.1333333333333336e+1
    6.1333333333333336e+1 6.1333333333333336e+1 6.1333333333333336e+1
    6.1333333333333336e+1 6.1333333333333336e+1 6.1333333333333336e+1
    6.1333333333333336e+1 6.1333333333333336e+1 6.1333333333333336e+1
    6.1333333333333336e+1 6.1333333333333336e+1 6.1333333333333336e+1
    6.1333333333333336e+1 6.1333333333333336e+1 6.1333333333333336e+1
    6.1333333333333336e+1 6.1333333333333336e+1 6.1333333333333336e+1
    6.1333333333333336e+1 6.1333333333333336e+1 6.1333333333333336e+1
    6.1333333333333336e+1 6.1333333333333336e+1 6.1333333333333336e+1
    6.1333333333333336e+1 6.1333333333333336e+1 6.1333333333333336e+1
    6.1333333333333336e+1 6.1333333333333336e+1 6.1333333333333336e+1
    6.1333333333333336e+1 6.1333333333333336e+1 6.1333333333333336e+1
    6.1333333333333336e+1 6.1333333333333336e+1 6.1333333333333336e+1
    6.1333333333333336e+1 6.1333333333333336e+1 6.1333333333333336e+1
    6.1333333333333336e+1 6.1333333333333336e+1 6.1333333333333336e+1
    6.1333333333333336e+1 6.1333333333333336e+1 6.1333333333333336e+1
    6.1333333333333336e+1 6.1333333333333336e+1 6.1333333333333336e+1
    6.1333333333333336e+1 6.1333333333333336e+1 6.1333333333333336e+1
    6.1333333333333336e+1 6.1333333333333336e+1 6.1333333333333336e+1
    6.1333333333333336e+1 6.1333333333333336e+1 6.1333333333333336e+1
    6.1333333333333336e+1 6.1333333333333336e+1 6.1333333333333336e+1
    6.1333333333333336e+1 6.1333333333333336e+1 6.1333333333333336e+1
    6.1333333333333336e+1 6.1333333333333336e+1 6.1333333333333336e+1
    6.1333333333333336e+1 6.1333333333333336e+1 6.15e+1 6.1625e+1 6.175e+1
    6.175e+1 6.175e+1 6.1799999999999997e+1 6.1799999999999997e+1
    6.1799999999999997e+1 6.1799999999999997e+1 6.1799999999999997e+1
    6.1799999999999997e+1 6.1799999999999997e+1 6.1799999999999997e+1
    6.1799999999999997e+1 6.1799999999999997e+1 6.1799999999999997e+1
    6.1799999999999997e+1 6.1799999999999997e+1 6.1799999999999997e+1
    6.1799999999999997e+1 6.1799999999999997e+1 6.1799999999999997e+1
    6.1799999999999997e+1 6.1799999999999997e+1 6.1799999999999997e+1
    6.1799999999999997e+1 6.1799999999999997e+1 6.1799999999999997e+1
    6.1799999999999997e+1 6.1799999999999997e+1 6.1799999999999997e+1
    6.1799999999999997e+1 6.1799999999999997e+1 6.1799999999999997e+1
    6.1799999999999997e+1 6.1799999999999997e+1 6.1799999999999997e+1
    6.1799999999999997e+1 6.1799999999999997e+1 6.1799999999999997e+1
    6.1799999999999997e+1 6.1799999999999997e+1 6.1799999999999997e+1
    6.1799999999999997e+1 6.1799999999999997e+1 6.1799999999999997e+1
    6.1799999999999997e+1 6.1799999999999997e+1 6.1799999999999997e+1
    6.1799999999999997e+1 6.1799999999999997e+1 6.1799999999999997e+1
    6.1799999999999997e+1 6.1799999999999997e+1 6.1799999999999997e+1
    6.1799999999999997e+1 6.1799999999999997e+1 6.2e+1 6.2285714285714285e+1
    6.2285714285714285e+1 6.2285714285714285e+1 6.4125e+1 6.625e+1 7.025e+1
    7.3e+1 7.3e+1 7.3e+1 7.45e+1 7.475e+1 7.475e+1 7.5e+1 7.5e+1 7.5e+1 7.5e+1
    7.5e+1 7.5e+1 7.5e+1 7.5e+1 7.5e+1 7.5e+1 7.5e+1 7.5e+1 7.5e+1 7.5e+1
    7.5e+1 7.5e+1 7.5e+1 7.5e+1 7.5e+1 7.5e+1 7.5e+1 7.5e+1 7.5e+1 7.5e+1
    7.5e+1 7.5e+1 7.55e+1 7.6e+1 7.6e+1 7.6e+1 7.6e+1 7.6e+1 7.6e+1 7.6e+1
    7.6e+1 7.6e+1 7.6e+1 7.6e+1 7.6e+1 7.6e+1 7.6e+1 7.6e+1 7.6e+1 7.65e+1
    7.7e+1 7.7e+1 7.7e+1 7.7e+1 7.7e+1 7.7e+1 7.7e+1 7.7e+1 7.7e+1 7.7e+1
    7.7e+1 7.7e+1 7.75e+1 7.7666666666666671e+1 7.8e+1 7.8e+1 7.8e+1 7.8e+1
    7.8e+1 7.825e+1 7.85e+1 7.85e+1 7.85e+1 7.9e+1 7.9e+1 7.9e+1 7.9e+1 7.9e+1
    7.9e+1 7.9e+1 7.9e+1 7.9e+1 7.9333333333333329e+1 7.9599999999999994e+1
    7.975e+1 8.0e+1 8.0e+1 8.0e+1 8.0e+1 8.0e+1 8.0e+1 8.0e+1 8.0e+1 8.0e+1
    8.0e+1 8.0e+1 8.0e+1 8.0e+1 8.0e+1 8.05e+1 8.1e+1 8.1e+1 8.1e+1 8.1e+1
    8.1e+1 8.1e+1 8.1e+1 8.1e+1 8.1e+1 8.175e+1 8.2e+1 8.2e+1 8.2e+1 8.2e+1
    8.2e+1 8.2e+1 8.2e+1 8.2e+1 8.2e+1 8.2e+1 8.2e+1 8.2e+1 8.25e+1 8.25e+1
    8.25e+1 8.25e+1 8.25e+1 8.25e+1 8.2666666666666671e+1 8.3e+1 8.3e+1 8.3e+1
    8.3e+1 8.3e+1 8.3e+1 8.3e+1 8.3e+1 8.3e+1 8.3e+1 8.3e+1 8.325e+1
    8.3333333333333329e+1 8.35e+1 8.35e+1 8.3666666666666671e+1 8.4e+1 8.4e+1
    8.4e+1 8.4e+1 8.4e+1 8.4e+1 8.4e+1 8.4e+1 8.4e+1 8.4e+1 8.4e+1 8.4e+1
    8.4e+1 8.4e+1 8.4e+1 8.4e+1 8.4e+1 8.4400000000000006e+1 8.45e+1 8.45e+1
    8.45e+1 8.4599999999999994e+1 8.4700000000000003e+1 8.5e+1 8.5e+1 8.5e+1
    8.5e+1 8.5e+1 8.5e+1 8.5e+1 8.5e+1 8.5e+1 8.525e+1 8.5400000000000006e+1
    8.55e+1 8.55e+1 8.5666666666666671e+1 8.5777777777777771e+1 8.6e+1 8.6e+1
    8.6e+1 8.6e+1 8.6e+1 8.6e+1 8.6e+1 8.6e+1 8.6e+1 8.6e+1 8.6e+1 8.6e+1
    8.6e+1 8.6200000000000003e+1 8.625e+1 8.625e+1 8.625e+1 8.625e+1 8.625e+1
    8.625e+1 8.625e+1 8.625e+1 8.625e+1 8.625e+1 8.625e+1 8.625e+1 8.625e+1
    8.625e+1 8.625e+1 8.625e+1 8.625e+1 8.625e+1 8.625e+1 8.625e+1 8.625e+1
    8.625e+1 8.625e+1 8.625e+1 8.625e+1 8.625e+1 8.625e+1 8.625e+1 8.625e+1
    8.625e+1 8.625e+1 8.625e+1 8.625e+1 8.625e+1 8.625e+1 8.625e+1 8.625e+1
    8.625e+1 8.625e+1 8.625e+1 8.625e+1 8.625e+1 8.625e+1 8.625e+1 8.625e+1
    8.625e+1 8.625e+1 8.625e+1 8.625e+1 8.625e+1 8.625e+1 8.625e+1 8.625e+1
    8.625e+1 8.625e+1 8.625e+1 8.625e+1 8.625e+1 8.625e+1 8.625e+1 8.625e+1
    8.625e+1 8.625e+1 8.625e+1 8.625e+1 8.625e+1 8.625e+1 8.625e+1 8.625e+1
    8.625e+1 8.625e+1 8.625e+1 8.625e+1 8.625e+1 8.625e+1 8.625e+1 8.625e+1
    8.625e+1 8.625e+1 8.625e+1 8.625e+1 8.625e+1 8.625e+1 8.625e+1 8.625e+1
    8.625e+1 8.625e+1 8.625e+1 8.625e+1 8.625e+1 8.625e+1 8.625e+1 8.625e+1
    8.625e+1 8.625e+1 8.625e+1 8.625e+1 8.625e+1 8.625e+1 8.625e+1 8.625e+1
    8.625e+1 8.625e+1 8.625e+1 8.625e+1 8.625e+1 8.625e+1 8.625e+1 8.625e+1
    8.625e+1 8.625e+1 8.625e+1 8.625e+1 8.625e+1 8.625e+1 8.625e+1 8.625e+1
    8.625e+1 8.625e+1 8.625e+1 8.625e+1 8.625e+1 8.625e+1 8.625e+1 8.625e+1
    8.625e+1 8.625e+1 8.625e+1 8.625e+1 8.625e+1 8.625e+1 8.625e+1 8.625e+1
    8.625e+1 8.625e+1 8.625e+1 8.625e+1 8.625e+1 8.625e+1 8.625e+1 8.625e+1
    8.625e+1 8.625e+1 8.625e+1 8.625e+1 8.625e+1 8.625e+1 8.6333333333333329e+1
    8.6333333333333329e+1 8.65e+1 8.65e+1 8.65e+1 8.6599999999999994e+1
    8.663636363636364e+1 8.6857142857142861e+1 8.7e+1 8.7e+1 8.7e+1 8.7e+1
    8.7e+1 8.7e+1 8.7e+1 8.7e+1 8.7e+1 8.725e+1 8.7285714285714292e+1 8.75e+1
    8.75e+1 8.7666666666666671e+1 8.7799999999999997e+1 8.7799999999999997e+1
    8.8e+1 8.8e+1 8.8e+1 8.8e+1 8.8e+1 8.8e+1 8.8e+1 8.8e+1 8.8e+1 8.8e+1
    8.8e+1 8.8e+1 8.8e+1 8.8e+1 8.825e+1 8.825e+1 8.8333333333333329e+1
    8.8333333333333329e+1 8.85e+1 8.85e+1 8.85e+1 8.8599999999999994e+1
    8.863636363636364e+1 8.8666666666666671e+1 8.8833333333333329e+1 8.9e+1
    8.9e+1 8.9e+1 8.9e+1 8.9e+1 8.9e+1 8.9e+1 8.9e+1 8.9e+1
    8.9166666666666671e+1 8.925e+1 8.9333333333333329e+1 8.95e+1 8.95e+1
    8.95e+1 8.95e+1 8.95e+1 8.9583333333333329e+1 8.9666666666666671e+1
    8.9666666666666671e+1 8.9714285714285708e+1 8.9833333333333329e+1 9.0e+1
    9.0e+1 9.0e+1 9.0e+1 9.0e+1 9.0e+1 9.0e+1 9.0e+1 9.0e+1 9.0e+1 9.0e+1
    9.0e+1 9.025e+1 9.0333333333333329e+1 9.0333333333333329e+1
    9.0333333333333329e+1 9.0333333333333329e+1 9.0333333333333329e+1 9.05e+1
    9.05e+1 9.05e+1 9.0599999999999994e+1 9.0666666666666671e+1 9.075e+1 9.1e+1
    9.1e+1 9.1e+1 9.1e+1 9.1e+1 9.1e+1 9.1e+1 9.1e+1 9.1166666666666671e+1
    9.1333333333333329e+1 9.1333333333333329e+1 9.15e+1 9.15e+1 9.15e+1 9.15e+1
    9.1571428571428569e+1 9.1599999999999994e+1 9.1666666666666671e+1 9.175e+1
    9.175e+1 9.1857142857142861e+1 9.2e+1 9.2e+1 9.2e+1 9.2e+1 9.2e+1 9.2e+1
    9.2e+1 9.2e+1 9.2e+1 9.2e+1 9.2e+1 9.2e+1 9.2e+1 9.2e+1 9.2e+1 9.2e+1
    9.2e+1 9.2166666666666671e+1 9.225e+1 9.2333333333333329e+1 9.25e+1 9.25e+1
    9.2714285714285708e+1 9.2799999999999997e+1 9.3e+1 9.3e+1 9.3e+1 9.3e+1
    9.3e+1 9.3e+1 9.3e+1 9.3e+1 9.3e+1 9.3e+1 9.3e+1 9.3e+1 9.3e+1 9.3e+1
    9.3e+1 9.3e+1 9.3e+1 9.3e+1 9.3e+1 9.3e+1 9.3e+1 9.3e+1 9.3e+1 9.3e+1
    9.3e+1 9.3e+1 9.3e+1 9.3e+1 9.3e+1 9.3e+1 9.3e+1 9.3e+1 9.3e+1 9.3e+1
    9.3e+1 9.3e+1 9.3e+1 9.3e+1 9.3e+1 9.3e+1 9.3e+1 9.3e+1 9.3e+1 9.3e+1
    9.3e+1 9.3e+1 9.3e+1 9.3e+1 9.3e+1 9.3e+1 9.3e+1 9.325e+1
    9.3333333333333329e+1 9.3333333333333329e+1 9.3333333333333329e+1 9.35e+1
    9.35e+1 9.35e+1 9.3666666666666671e+1 9.3666666666666671e+1
    9.3666666666666671e+1 9.375e+1 9.375e+1 9.3857142857142861e+1 9.4e+1 9.4e+1
    9.4e+1 9.4e+1 9.4e+1 9.4e+1 9.4e+1 9.4e+1 9.4e+1 9.4e+1 9.4e+1 9.4e+1
    9.4e+1 9.4e+1 9.4e+1 9.4e+1 9.4e+1 9.4e+1 9.4e+1 9.4e+1 9.4e+1 9.4e+1
    9.4e+1 9.4e+1 9.4e+1 9.4e+1 9.4e+1 9.4e+1 9.4e+1 9.4e+1 9.4e+1 9.4e+1
    9.4e+1 9.4e+1 9.4e+1 9.4e+1 9.4e+1 9.4e+1 9.4e+1 9.4e+1 9.4e+1 9.4e+1
    9.4e+1 9.4e+1 9.4e+1 9.4e+1 9.4e+1 9.4e+1 9.4e+1 9.4e+1 9.4e+1 9.4e+1
    9.4e+1 9.4e+1 9.4e+1 9.4e+1 9.4e+1 9.4e+1 9.4e+1 9.4e+1 9.4e+1 9.4e+1
    9.4e+1 9.4e+1 9.4e+1 9.4e+1 9.4e+1 9.4e+1 9.4e+1 9.4e+1 9.4e+1 9.4e+1
    9.4e+1 9.4e+1 9.4e+1 9.4e+1 9.4e+1 9.4e+1 9.4e+1 9.4e+1 9.4e+1 9.4e+1
    9.4e+1 9.4e+1 9.4e+1 9.4e+1 9.4e+1 9.4e+1 9.4e+1 9.4e+1 9.4e+1 9.4e+1
    9.4e+1 9.4e+1 9.4e+1 9.4e+1 9.4e+1 9.4e+1 9.4e+1 9.4e+1 9.4e+1 9.4e+1
    9.4e+1 9.4e+1 9.4e+1 9.4e+1 9.4e+1 9.4e+1 9.4e+1 9.4e+1 9.4e+1 9.4e+1
    9.4e+1 9.4e+1 9.4e+1 9.4e+1 9.4e+1 9.4e+1 9.4e+1 9.4e+1 9.4e+1 9.4e+1
    9.4e+1 9.4e+1 9.4e+1 9.4e+1 9.4e+1 9.4e+1 9.4e+1 9.4e+1 9.4e+1 9.4e+1
    9.4e+1 9.4e+1 9.4e+1 9.4e+1 9.4e+1 9.4e+1 9.4e+1 9.4e+1 9.4e+1 9.4e+1
    9.4e+1 9.4e+1 9.4e+1 9.4e+1 9.4e+1 9.4e+1 9.4e+1 9.4e+1 9.4e+1 9.4e+1
    9.4e+1 9.4e+1 9.4e+1 9.4e+1 9.4142857142857139e+1 9.4333333333333329e+1
    9.45e+1 9.45e+1 9.45e+1 9.45e+1 9.4599999999999994e+1 9.4714285714285708e+1
    9.475e+1 9.475e+1 9.5e+1 9.5e+1 9.5e+1 9.5e+1 9.5e+1 9.5e+1 9.5e+1 9.5e+1
    9.5e+1 9.5e+1 9.5e+1 9.5e+1 9.5e+1 9.5e+1 9.5e+1 9.5e+1 9.5e+1 9.5e+1
    9.5e+1 9.5e+1 9.5e+1 9.5e+1 9.5e+1 9.5e+1 9.5e+1 9.5e+1 9.5e+1 9.5e+1
    9.5e+1 9.5e+1 9.5e+1 9.5e+1 9.5e+1 9.5e+1 9.5e+1 9.5e+1 9.5e+1 9.5e+1
    9.5e+1 9.5e+1 9.5e+1 9.5e+1 9.5e+1 9.5e+1 9.5e+1 9.5e+1 9.5e+1 9.5e+1
    9.5e+1 9.5e+1 9.5e+1 9.5e+1 9.5e+1 9.5e+1 9.5e+1 9.5e+1 9.5e+1 9.5e+1
    9.5e+1 9.5e+1 9.5e+1 9.5e+1 9.525e+1 9.5333333333333329e+1
    9.5333333333333329e+1 9.5400000000000006e+1 9.55e+1 9.5571428571428569e+1
    9.5599999999999994e+1 9.5599999999999994e+1 9.5666666666666671e+1
    9.5714285714285708e+1 9.5799999999999997e+1 9.6e+1 9.6e+1 9.6e+1 9.6e+1
    9.6e+1 9.6e+1 9.6e+1 9.6e+1 9.6e+1 9.6166666666666671e+1
    9.6166666666666671e+1 9.625e+1 9.6333333333333329e+1 9.6400000000000006e+1
    9.65e+1 9.6599999999999994e+1 9.6666666666666671e+1 9.675e+1
    9.6799999999999997e+1 9.7e+1 9.7e+1 9.7e+1 9.7e+1 9.7e+1 9.7e+1 9.7e+1
    9.7e+1 9.7e+1 9.7e+1 9.7e+1 9.7e+1 9.7e+1 9.7e+1 9.7e+1 9.7e+1 9.7e+1
    9.7e+1 9.7e+1 9.725e+1 9.725e+1 9.7333333333333329e+1 9.7333333333333329e+1
    9.7333333333333329e+1 9.7333333333333329e+1 9.7400000000000006e+1
    9.7400000000000006e+1 9.7428571428571431e+1 9.75e+1 9.75e+1 9.75e+1 9.75e+1
    9.7666666666666671e+1 9.7666666666666671e+1 9.7666666666666671e+1 9.775e+1
    9.7799999999999997e+1 9.8e+1 9.8e+1 9.8e+1 9.8e+1 9.8e+1 9.8e+1 9.8e+1
    9.8e+1 9.8e+1 9.8e+1 9.8e+1 9.8e+1 9.8e+1 9.8e+1 9.8e+1 9.8e+1
    9.8142857142857139e+1 9.8333333333333329e+1 9.8333333333333329e+1
    9.8333333333333329e+1 9.85e+1 9.85e+1 9.85e+1 9.8571428571428569e+1
    9.8666666666666671e+1 9.875e+1 9.9e+1 9.9e+1 9.9e+1 9.9e+1 9.9e+1 9.9e+1
    9.9e+1 9.9e+1 9.9e+1 9.9e+1 9.9e+1 9.9e+1 9.9e+1 9.9e+1 9.9e+1 9.9e+1
    9.9e+1 9.9e+1 9.9e+1 9.9e+1 9.9e+1 9.9e+1 9.9e+1 9.9e+1 9.9e+1 9.9e+1
    9.9e+1 9.9e+1 9.9e+1 9.9e+1 9.9e+1 9.9e+1 9.9e+1 9.9e+1 9.9e+1 9.9e+1
    9.9e+1 9.9e+1 9.9e+1 9.9e+1 9.9e+1 9.9e+1 9.9e+1 9.9e+1 9.9e+1 9.9e+1
    9.9e+1 9.9e+1 9.9e+1 9.9e+1 9.9e+1 9.9e+1 9.9e+1 9.9e+1 9.9e+1 9.9e+1
    9.9e+1 9.9e+1 9.9e+1 9.9e+1 9.9e+1 9.9e+1 9.9e+1 9.9e+1 9.9e+1 9.9e+1
    9.9e+1 9.9e+1 9.9e+1 9.9e+1 9.9e+1 9.9e+1 9.9e+1 9.9166666666666671e+1
    9.9222222222222229e+1 9.925e+1 9.9333333333333329e+1 9.95e+1 9.95e+1
    9.95e+1 9.95e+1 9.95e+1 9.9599999999999994e+1 9.975e+1
    9.9833333333333329e+1 9.9857142857142861e+1 9.9875e+1 1.0e+2 1.0e+2 1.0e+2
    1.0e+2 1.0e+2 1.0e+2 1.0e+2 1.0e+2 1.0e+2 1.0e+2 1.0e+2 1.0e+2 1.0e+2
    1.0e+2 1.0e+2 1.0e+2 1.0e+2 1.0e+2 1.0e+2 1.0e+2 1.0e+2 1.0e+2 1.0e+2
    1.0e+2 1.0e+2 1.0e+2 1.0e+2 1.0e+2 1.0e+2 1.0e+2 1.0e+2 1.0e+2 1.0e+2
    1.0e+2 1.0e+2 1.0e+2 1.0e+2 1.0e+2 1.0e+2 1.0e+2 1.0e+2 1.0e+2 1.0e+2
    1.0e+2 1.0e+2 1.0e+2 1.0e+2 1.0e+2 1.0e+2 1.0e+2 1.0e+2 1.0e+2 1.0e+2
    1.0e+2 1.0e+2 1.0e+2 1.0e+2 1.0e+2 1.0e+2 1.0e+2 1.0e+2 1.0e+2 1.0e+2
    1.0e+2 1.0e+2 1.0e+2 1.0e+2 1.0e+2 1.0e+2 1.0e+2 1.0e+2 1.0e+2 1.0e+2
    1.0e+2 1.0e+2 1.0e+2 1.0e+2 1.0e+2 1.0e+2 1.0e+2 1.0e+2 1.0e+2 1.0e+2
    1.0e+2 1.0e+2 1.0e+2 1.0e+2 1.0e+2 1.0e+2 1.0e+2 1.0e+2 1.0e+2 1.0e+2
    1.0e+2 1.0e+2 1.0e+2 1.0e+2 1.0e+2 1.0e+2 1.0e+2 1.0e+2 1.0e+2 1.0e+2
    1.0e+2 1.0e+2 1.0e+2 1.0e+2 1.0e+2 1.0e+2 1.0e+2 1.0e+2 1.0e+2 1.0e+2
    1.0e+2 1.0e+2 1.0e+2 1.0e+2 1.0e+2 1.0e+2 1.0e+2 1.0e+2 1.0e+2 1.0e+2
    1.0e+2 1.0e+2 1.0e+2 1.0e+2 1.0e+2 1.0e+2 1.0e+2 1.0e+2 1.0e+2 1.0e+2
    1.0e+2 1.0e+2 1.0e+2 1.0e+2 1.0e+2 1.0e+2 1.0e+2 1.0e+2 1.0e+2 1.0e+2
    1.0e+2 1.0e+2 1.0e+2 1.0e+2 1.0e+2 1.0e+2 1.0e+2 1.0e+2 1.0e+2 1.0e+2
    1.0e+2 1.0e+2 1.0e+2 1.0e+2 1.0e+2 1.0e+2 1.0e+2 1.0e+2 1.0e+2 1.0e+2
    1.0e+2 1.0e+2 1.0e+2 1.0e+2 1.0e+2 1.0e+2 1.0e+2 1.0e+2 1.0e+2 1.0e+2
    1.0e+2 1.0e+2 1.0e+2 1.0e+2 1.0e+2 1.0e+2 1.0e+2 1.0e+2 1.0e+2 1.0e+2
    1.0e+2 1.0e+2 1.0e+2 1.0e+2 1.0e+2 1.0e+2 1.0e+2 1.0e+2 1.0e+2 1.0e+2
    1.0e+2 1.0e+2 1.0e+2 1.0e+2 1.0e+2 1.0e+2 1.0e+2 1.0e+2 1.0e+2 1.0e+2
    1.0e+2 1.0e+2 1.0e+2 1.0e+2 1.0e+2 1.0e+2 1.0e+2 1.0e+2 1.0e+2 1.0e+2
    1.0e+2 1.0e+2 1.0e+2 1.0e+2 1.0e+2 1.0e+2 1.0e+2 1.0e+2 1.0e+2 1.0e+2
    1.0e+2 1.0e+2 1.0e+2 1.0e+2 1.0e+2 1.0e+2 1.0e+2 1.0e+2 1.0e+2 1.0e+2
    1.0e+2 1.0e+2 1.0e+2 1.0e+2 1.0e+2 1.0e+2 1.0e+2 1.0e+2 1.0e+2 1.0e+2
    1.0e+2 1.0e+2 1.0e+2 1.0e+2 1.0e+2 1.0e+2 1.0e+2 1.0e+2 1.0e+2 1.0e+2
    1.0e+2 1.0e+2 1.0e+2 1.0e+2 1.0e+2 1.0e+2 1.0e+2 1.0e+2 1.0e+2 1.0e+2
    1.0e+2 1.0e+2 1.0e+2 1.0e+2 1.0e+2 1.0e+2 1.0e+2 1.0e+2 1.0e+2 1.0e+2
    1.0e+2 1.0e+2 1.0e+2 1.0e+2 1.0e+2 1.0e+2 1.0e+2 1.0e+2 1.0e+2 1.0e+2
    1.0e+2 1.0e+2 1.0e+2 1.0e+2 1.0014285714285714e+2 1.002e+2 1.002e+2
    1.002e+2 1.0022222222222223e+2 1.0025e+2 1.0033333333333333e+2
    1.0033333333333333e+2 1.0033333333333333e+2 1.0044444444444444e+2 1.005e+2
    1.005e+2 1.005e+2 1.005e+2 1.005e+2 1.005e+2 1.0059999999999999e+2
    1.0066666666666667e+2 1.0075e+2 1.008e+2 1.0085714285714286e+2 1.01e+2
    1.01e+2 1.01e+2 1.01e+2 1.01e+2 1.01e+2 1.01e+2 1.01e+2 1.01e+2 1.01e+2
    1.01e+2 1.01e+2 1.01e+2 1.01e+2 1.01e+2 1.01e+2 1.01e+2 1.01e+2 1.01e+2
    1.01e+2 1.01e+2 1.01e+2 1.01e+2 1.01e+2 1.01e+2 1.01e+2 1.01e+2 1.01e+2
    1.01e+2 1.01e+2 1.01e+2 1.01e+2 1.01e+2 1.01e+2 1.01e+2 1.01e+2 1.01e+2
    1.01e+2 1.01e+2 1.01e+2 1.01e+2 1.01e+2 1.01e+2 1.01e+2 1.01e+2 1.01e+2
    1.01e+2 1.01e+2 1.01e+2 1.01e+2 1.01e+2 1.01e+2 1.01e+2 1.01e+2 1.01e+2
    1.01e+2 1.01e+2 1.01e+2 1.01e+2 1.01e+2 1.01e+2 1.01e+2 1.01e+2 1.01e+2
    1.01e+2 1.01e+2 1.01e+2 1.01e+2 1.01e+2 1.01e+2 1.01e+2 1.01e+2 1.01e+2
    1.01e+2 1.01e+2 1.01e+2 1.01e+2 1.01e+2 1.01e+2 1.01e+2 1.01e+2 1.01e+2
    1.01e+2 1.01e+2 1.01e+2 1.01e+2 1.01e+2 1.01e+2 1.01e+2 1.01e+2 1.01e+2
    1.01e+2 1.01e+2 1.01e+2 1.01e+2 1.01e+2 1.01e+2 1.01e+2 1.01e+2 1.01e+2
    1.01e+2 1.01e+2 1.01e+2 1.01e+2 1.01e+2 1.01e+2 1.01e+2 1.01e+2 1.01e+2
    1.01e+2 1.01e+2 1.01e+2 1.01e+2 1.01e+2 1.01e+2 1.01e+2 1.01e+2 1.01e+2
    1.01e+2 1.01e+2 1.01e+2 1.01e+2 1.01e+2 1.01e+2 1.01e+2 1.01e+2 1.01e+2
    1.01e+2 1.01e+2 1.01e+2 1.01e+2 1.01e+2 1.01e+2 1.01e+2 1.01e+2 1.01e+2
    1.01e+2 1.01e+2 1.01e+2 1.01e+2 1.01e+2 1.01e+2 1.01e+2 1.01e+2 1.01e+2
    1.01e+2 1.01e+2 1.01e+2 1.01e+2 1.01e+2 1.01e+2 1.01e+2 1.01e+2 1.01e+2
    1.01e+2 1.01e+2 1.01e+2 1.01e+2 1.01e+2 1.01e+2 1.01e+2 1.01e+2 1.01e+2
    1.01e+2 1.01e+2 1.01e+2 1.01e+2 1.01e+2 1.01e+2 1.01e+2 1.01e+2 1.01e+2
    1.01e+2 1.01e+2 1.01e+2 1.01e+2 1.01e+2 1.01e+2 1.01e+2 1.01e+2 1.01e+2
    1.01e+2 1.01e+2 1.01e+2 1.01e+2 1.01e+2 1.01e+2 1.01e+2 1.01e+2 1.01e+2
    1.01e+2 1.01e+2 1.01e+2 1.01e+2 1.01e+2 1.01e+2 1.01e+2 1.01e+2 1.01e+2
    1.01e+2 1.01e+2 1.01e+2 1.01e+2 1.01e+2 1.01e+2 1.01e+2 1.01e+2 1.01e+2
    1.01e+2 1.01e+2 1.01e+2 1.01e+2 1.01e+2 1.01e+2 1.01e+2 1.01e+2 1.01e+2
    1.01e+2 1.01e+2 1.01e+2 1.01e+2 1.01e+2 1.01e+2 1.01e+2 1.01e+2 1.01e+2
    1.01e+2 1.01e+2 1.01e+2 1.01e+2 1.01e+2 1.01e+2 1.01e+2 1.01e+2 1.01e+2
    1.01e+2 1.01e+2 1.01e+2 1.01e+2 1.01e+2 1.01e+2 1.01e+2 1.01e+2 1.01e+2
    1.01e+2 1.01e+2 1.01e+2 1.01e+2 1.01e+2 1.01e+2 1.01e+2 1.01e+2 1.01e+2
    1.01e+2 1.01e+2 1.01e+2 1.01e+2 1.01e+2 1.01e+2 1.01e+2 1.01e+2 1.01e+2
    1.01e+2 1.01e+2 1.01e+2 1.01e+2 1.01e+2 1.01e+2 1.01e+2 1.01e+2 1.01e+2
    1.01e+2 1.01e+2 1.01e+2 1.01e+2 1.01e+2 1.01e+2 1.01e+2 1.01e+2 1.01e+2
    1.01e+2 1.01e+2 1.01e+2 1.01e+2 1.01e+2 1.01e+2 1.01e+2 1.01e+2 1.01e+2
    1.01e+2 1.01e+2 1.01e+2 1.01e+2 1.01e+2 1.01e+2 1.01e+2 1.01e+2 1.01e+2
    1.01e+2 1.01e+2 1.01e+2 1.01e+2 1.01e+2 1.01e+2 1.01e+2 1.01e+2 1.01e+2
    1.01e+2 1.01e+2 1.01e+2 1.01e+2 1.01e+2 1.01e+2 1.01e+2 1.01e+2 1.01e+2
    1.01e+2 1.01e+2 1.01e+2 1.01e+2 1.01e+2 1.01e+2 1.01e+2 1.01e+2 1.01e+2
    1.01e+2 1.01e+2 1.01e+2 1.01e+2 1.01e+2 1.01e+2 1.01e+2 1.01e+2 1.01e+2
    1.01e+2 1.01e+2 1.01e+2 1.01e+2 1.01e+2 1.01e+2 1.01e+2 1.01e+2 1.01e+2
    1.01e+2 1.01e+2 1.01e+2 1.01e+2 1.01e+2 1.01e+2 1.01e+2 1.01e+2 1.01e+2
    1.01e+2 1.01e+2 1.01e+2 1.01e+2 1.01e+2 1.01e+2 1.01e+2 1.01e+2 1.01e+2
    1.01e+2 1.01e+2 1.01e+2 1.01e+2 1.01e+2 1.01e+2 1.01e+2 1.01e+2 1.01e+2
    1.01e+2 1.01e+2 1.01e+2 1.01e+2 1.01e+2 1.01e+2 1.01e+2 1.01e+2 1.01e+2
    1.01e+2 1.01e+2 1.01e+2 1.01e+2 1.01e+2 1.01e+2 1.01e+2 1.01e+2 1.01e+2
    1.01e+2 1.01e+2 1.01e+2 1.01e+2 1.01e+2 1.01e+2 1.01e+2 1.01e+2 1.01e+2
    1.01e+2 1.01e+2 1.01e+2 1.01e+2 1.01e+2 1.01e+2 1.01e+2 1.01e+2 1.01e+2
    1.01e+2 1.01e+2 1.01e+2 1.01e+2 1.01e+2 1.01e+2 1.01e+2 1.01e+2 1.01e+2
    1.01e+2 1.01e+2 1.01e+2 1.01e+2 1.01e+2 1.01e+2 1.01e+2 1.01e+2 1.01e+2
    1.01e+2 1.01e+2 1.01e+2 1.01e+2 1.01e+2 1.01e+2 1.01e+2 1.01e+2 1.01e+2
    1.01e+2 1.01e+2 1.01e+2 1.01e+2 1.01e+2 1.01e+2 1.01e+2 1.01e+2 1.01e+2
    1.01e+2 1.01e+2 1.01e+2 1.01e+2 1.01e+2 1.01e+2 1.01e+2 1.01e+2 1.01e+2
    1.01e+2 1.01e+2 1.01e+2 1.01e+2 1.01e+2 1.01e+2 1.01e+2 1.01e+2 1.01e+2
    1.01e+2 1.01e+2 1.01e+2 1.01e+2 1.01e+2 1.01e+2 1.01e+2 1.01e+2 1.01e+2
    1.01e+2 1.01e+2 1.01e+2 1.01e+2 1.01e+2 1.01e+2 1.01e+2 1.01e+2 1.01e+2
    1.01e+2 1.01e+2 1.01e+2 1.01e+2 1.01e+2 1.01e+2 1.01e+2 1.01e+2 1.01e+2
    1.01e+2 1.01e+2 1.01e+2 1.01e+2 1.01e+2 1.01e+2 1.01e+2 1.01e+2 1.01e+2
    1.01e+2 1.01e+2 1.01e+2 1.01e+2 1.01e+2 1.01e+2 1.01e+2 1.01e+2 1.01e+2
    1.01e+2 1.01e+2 1.01e+2 1.01e+2 1.01e+2 1.01e+2 1.01e+2 1.01e+2 1.01e+2
    1.01e+2 1.01e+2 1.01e+2 1.01e+2 1.01e+2 1.01e+2 1.01e+2 1.01e+2 1.01e+2
    1.01e+2 1.01e+2 1.01e+2 1.01e+2 1.01e+2 1.01e+2 1.01e+2 1.01e+2 1.01e+2
    1.01e+2 1.01e+2 1.01e+2 1.01e+2 1.01e+2 1.01e+2 1.01e+2 1.01e+2 1.01e+2
    1.01e+2 1.01e+2 1.01e+2 1.01e+2 1.01e+2 1.01e+2 1.01e+2 1.01e+2 1.01e+2
    1.01e+2 1.01e+2 1.01e+2 1.01e+2 1.01e+2 1.01e+2 1.01e+2 1.01e+2 1.01e+2
    1.01e+2 1.01e+2 1.01e+2 1.01e+2 1.01e+2 1.01e+2 1.01e+2 1.01e+2 1.01e+2
    1.01e+2 1.01e+2 1.01e+2 1.01e+2 1.01e+2 1.01e+2 1.01e+2 1.01e+2 1.01e+2
    1.01e+2 1.01e+2 1.01e+2 1.01e+2 1.01e+2 1.01e+2 1.01e+2 1.01e+2 1.01e+2
    1.01e+2 1.01e+2 1.01e+2 1.01e+2 1.01e+2 1.01e+2 1.01e+2 1.01e+2 1.01e+2
    1.01e+2 1.01e+2 1.01e+2 1.01e+2 1.01e+2 1.01e+2 1.01e+2 1.01e+2 1.01e+2
    1.01e+2 1.01e+2 1.01e+2 1.01e+2 1.01e+2 1.01e+2 1.01e+2 1.01e+2 1.01e+2
    1.01e+2 1.01e+2 1.01e+2 1.01e+2 1.01e+2 1.01e+2 1.01e+2 1.01e+2 1.01e+2
    1.01e+2 1.01e+2 1.01e+2 1.01e+2 1.01e+2 1.01e+2 1.01e+2 1.01e+2 1.01e+2
    1.01e+2 1.01e+2 1.01e+2 1.01e+2 1.01e+2 1.01e+2 1.01e+2 1.01e+2 1.01e+2
    1.01e+2 1.01e+2 1.01e+2 1.01e+2 1.01e+2 1.01e+2 1.01e+2 1.01e+2 1.01e+2
    1.01e+2 1.01e+2 1.01e+2 1.01e+2 1.01e+2 1.01e+2 1.01e+2 1.01e+2 1.01e+2
    1.01e+2 1.01e+2 1.01e+2 1.01e+2 1.01e+2 1.01e+2 1.01e+2 1.01e+2 1.01e+2
    1.01e+2 1.01e+2 1.01e+2 1.01e+2 1.01e+2 1.01e+2 1.01e+2 1.01e+2 1.01e+2
    1.01e+2 1.01e+2 1.01e+2 1.01e+2 1.01e+2 1.01e+2 1.01e+2 1.01e+2 1.01e+2
    1.01e+2 1.01e+2 1.01e+2 1.01e+2 1.01e+2 1.01e+2 1.01e+2 1.01e+2 1.01e+2
    1.01e+2 1.01e+2 1.01e+2 1.01e+2 1.01e+2 1.01e+2 1.01e+2 1.01e+2 1.01e+2
    1.01e+2 1.01e+2 1.01e+2 1.01e+2 1.01e+2 1.01e+2 1.01e+2 1.01e+2 1.01e+2
    1.01e+2 1.01e+2 1.01e+2 1.01e+2 1.01e+2 1.01e+2 1.01e+2 1.01e+2 1.01e+2
    1.01e+2 1.01e+2 1.01e+2 1.01e+2 1.01e+2 1.01e+2 1.01e+2 1.01e+2 1.01e+2
    1.01e+2 1.01e+2 1.01e+2 1.01e+2 1.01e+2 1.01e+2 1.01e+2 1.01e+2 1.01e+2
    1.01e+2 1.01e+2 1.01e+2 1.01e+2 1.01e+2 1.01e+2 1.01e+2 1.01e+2 1.01e+2
    1.01e+2 1.01e+2 1.01e+2 1.01e+2 1.01e+2 1.01e+2 1.01e+2 1.01e+2 1.01e+2
    1.01e+2 1.01e+2 1.01e+2 1.01e+2 1.01e+2 1.01e+2 1.01e+2 1.01e+2 1.01e+2
    1.01e+2 1.01e+2 1.01e+2 1.01e+2 1.01e+2 1.01e+2 1.01e+2 1.01e+2 1.01e+2
    1.01e+2 1.01e+2 1.01e+2 1.01e+2 1.01e+2 1.01e+2 1.01e+2 1.01e+2 1.01e+2
    1.01e+2 1.01e+2 1.01e+2 1.01e+2 1.01e+2 1.01e+2 1.01e+2 1.01e+2 1.01e+2
    1.01e+2 1.01e+2 1.01e+2 1.01e+2 1.01e+2 1.01e+2 1.01e+2 1.01e+2 1.01e+2
    1.01e+2 1.01e+2 1.01e+2 1.01e+2 1.01e+2 1.01e+2 1.01e+2 1.01e+2 1.01e+2
    1.01e+2 1.01e+2 1.01e+2 1.01e+2 1.01e+2 1.01e+2 1.01e+2 1.01e+2 1.01e+2
    1.01e+2 1.01e+2 1.01e+2 1.01e+2 1.01e+2 1.01e+2 1.01e+2 1.01e+2 1.01e+2
    1.01e+2 1.01e+2 1.01e+2 1.01e+2 1.01e+2 1.01e+2 1.01e+2 1.01e+2 1.01e+2
    1.01e+2 1.01e+2 1.01e+2 1.01e+2 1.01e+2 1.01e+2 1.01e+2 1.01e+2 1.01e+2
    1.01e+2 1.01e+2 1.01e+2 1.01e+2 1.01e+2 1.01e+2 1.01e+2 1.01e+2 1.01e+2
    1.01e+2 1.01e+2 1.01e+2 1.01e+2 1.01e+2 1.01e+2 1.01e+2 1.01e+2 1.01e+2
    1.01e+2 1.01e+2 1.01e+2 1.01e+2 1.01e+2 1.01e+2 1.01e+2 1.01e+2 1.01e+2
    1.01e+2 1.01e+2 1.01e+2 1.01e+2 1.01e+2 1.01e+2 1.01e+2 1.01e+2 1.01e+2
    1.01e+2 1.01e+2 1.01e+2 1.01e+2 1.01e+2 1.01e+2 1.01e+2 1.01e+2 1.01e+2
    1.01e+2 1.01e+2 1.01e+2 1.01e+2 1.01e+2 1.01e+2 1.01e+2 1.01e+2 1.01e+2
    1.01e+2 1.01e+2 1.01e+2 1.01e+2 1.01e+2 1.01e+2 1.01e+2 1.01e+2 1.01e+2
    1.01e+2 1.01e+2 1.01e+2 1.01e+2 1.01e+2 1.01e+2 1.01e+2 1.01e+2 1.01e+2
    1.01e+2 1.01e+2 1.01e+2 1.01e+2 1.01e+2 1.01e+2 1.01e+2 1.01e+2 1.01e+2
    1.01e+2 1.01e+2 1.01e+2 1.01e+2 1.01e+2 1.01e+2 1.01e+2 1.01e+2 1.01e+2
    1.01e+2 1.01e+2 1.01e+2 1.01e+2 1.01e+2 1.01e+2 1.01e+2 1.01e+2 1.01e+2
    1.01e+2 1.01e+2 1.01e+2 1.01e+2 1.01e+2 1.01e+2 1.01e+2 1.01e+2 1.01e+2
    1.01e+2 1.01e+2 1.01e+2 1.01e+2 1.01e+2 1.01e+2 1.01e+2 1.01e+2 1.01e+2
    1.01e+2 1.01e+2 1.01e+2 1.01e+2 1.01e+2 1.01e+2 1.01e+2 1.01e+2 1.01e+2
    1.01e+2 1.01e+2 1.01e+2 1.01e+2 1.01e+2 1.01e+2 1.01e+2 1.01e+2 1.01e+2
    1.01e+2 1.01e+2 1.01e+2 1.01e+2 1.01e+2 1.01e+2 1.01e+2 1.01e+2 1.01e+2
    1.01e+2 1.01e+2 1.01e+2 1.01e+2 1.01e+2 1.01e+2 1.01e+2 1.01e+2 1.01e+2
    1.01e+2 1.01e+2 1.01e+2 1.01e+2 1.01e+2 1.01e+2 1.01e+2 1.01e+2 1.01e+2
    1.01e+2 1.01e+2 1.01e+2 1.01e+2 1.01e+2 1.01e+2 1.01e+2 1.01e+2 1.01e+2
    1.01e+2 1.01e+2 1.01e+2 1.01e+2 1.01e+2 1.01e+2 1.01e+2 1.01e+2 1.01e+2
    1.01e+2 1.01e+2 1.01e+2 1.01e+2 1.01e+2 1.01e+2 1.01e+2 1.01e+2 1.01e+2
    1.01e+2 1.01e+2 1.01e+2 1.01e+2 1.01e+2 1.01e+2 1.01e+2 1.01e+2 1.01e+2
    1.01e+2 1.01e+2 1.01e+2 1.01e+2 1.01e+2 1.01e+2 1.01e+2 1.01e+2 1.01e+2
    1.01e+2 1.01e+2 1.01e+2 1.01e+2 1.01e+2 1.01e+2 1.01e+2 1.01e+2 1.01e+2
    1.01e+2 1.01e+2 1.01e+2 1.01e+2 1.01e+2 1.01e+2 1.01e+2 1.01e+2 1.01e+2
    1.01e+2 1.01e+2 1.01e+2 1.01e+2 1.01e+2 1.01e+2 1.01e+2 1.01e+2 1.01e+2
    1.01e+2 1.01e+2 1.01e+2 1.01e+2 1.01e+2 1.01e+2 1.01e+2 1.01e+2 1.01e+2
    1.01e+2 1.01e+2 1.01e+2 1.01e+2 1.01e+2 1.01e+2 1.01e+2 1.01e+2 1.01e+2
    1.01e+2 1.01e+2 1.01e+2 1.01e+2 1.01e+2 1.01e+2 1.01e+2 1.01e+2 1.01e+2
    1.01e+2 1.01e+2 1.01e+2 1.01e+2 1.01e+2 1.01e+2 1.01e+2 1.01e+2 1.01e+2
    1.01e+2 1.01e+2 1.01e+2 1.01e+2 1.01e+2 1.01e+2 1.01e+2 1.01e+2 1.01e+2
    1.01e+2 1.01e+2 1.01e+2 1.01e+2 1.01e+2 1.01e+2 1.01e+2 1.01e+2 1.01e+2
    1.01e+2 1.01e+2 1.01e+2 1.01e+2 1.01e+2 1.01e+2 1.01e+2 1.01e+2 1.01e+2
    1.01e+2 1.01e+2 1.01e+2 1.01e+2 1.01e+2 1.01e+2 1.01e+2 1.01e+2 1.01e+2
    1.01e+2 1.01e+2 1.01e+2 1.01e+2 1.01e+2 1.01e+2 1.01e+2 1.01e+2 1.01e+2
    1.01e+2 1.01e+2 1.01e+2 1.01e+2 1.01e+2 1.01e+2 1.01e+2 1.01e+2 1.01e+2
    1.01e+2 1.01e+2 1.01e+2 1.01e+2 1.01e+2 1.01e+2 1.01e+2 1.01e+2 1.01e+2
    1.01e+2 1.01e+2 1.01e+2 1.01e+2 1.01e+2 1.01e+2 1.01e+2 1.01e+2 1.01e+2
    1.01e+2 1.01e+2 1.01e+2 1.01e+2 1.01e+2 1.01e+2 1.01e+2 1.01e+2 1.01e+2
    1.01e+2 1.01e+2 1.01e+2 1.01e+2 1.01e+2 1.01e+2 1.01e+2 1.01e+2 1.01e+2
    1.01e+2 1.01e+2 1.01e+2 1.01e+2 1.01e+2 1.01e+2 1.01e+2 1.01e+2 1.01e+2
    1.01e+2 1.01e+2 1.01e+2 1.01e+2 1.01e+2 1.01e+2 1.01e+2 1.01e+2 1.01e+2
    1.01e+2 1.01e+2 1.01e+2 1.01e+2 1.01e+2 1.01e+2 1.01e+2 1.01e+2 1.01e+2
    1.01e+2 1.01e+2 1.01e+2 1.01e+2 1.01e+2 1.01e+2 1.01e+2 1.01e+2 1.01e+2
    1.01e+2 1.01e+2 1.01e+2 1.01e+2 1.01e+2 1.01e+2 1.01e+2 1.01e+2 1.01e+2
    1.01e+2 1.01e+2 1.01e+2 1.01e+2 1.01e+2 1.01e+2 1.01e+2 1.01e+2 1.01e+2
    1.01e+2 1.01e+2 1.01e+2 1.01e+2 1.01e+2 1.01e+2 1.01e+2 1.01e+2 1.01e+2
    1.01e+2 1.01e+2 1.01e+2 1.01e+2 1.01e+2 1.01e+2 1.01e+2 1.01e+2 1.01e+2
    1.01e+2 1.01e+2 1.01e+2 1.01e+2 1.01e+2 1.01e+2 1.01e+2 1.01e+2 1.01e+2
    1.01e+2 1.01e+2 1.01e+2 1.01e+2 1.01e+2 1.01e+2 1.01e+2 1.01e+2 1.01e+2
    1.01e+2 1.01e+2 1.01e+2 1.01e+2 1.01e+2 1.01e+2 1.01e+2 1.01e+2 1.01e+2
    1.01e+2 1.01e+2 1.01e+2 1.01e+2 1.01e+2 1.01e+2 1.01e+2 1.01e+2 1.01e+2
    1.01e+2 1.01e+2 1.01e+2 1.01e+2 1.01e+2 1.01e+2 1.01e+2 1.01e+2 1.01e+2
    1.01e+2 1.01e+2 1.01e+2 1.01e+2 1.01e+2 1.01e+2 1.01e+2 1.01e+2 1.01e+2
    1.01e+2 1.01e+2 1.01e+2 1.01e+2 1.01e+2 1.01e+2 1.01e+2 1.01e+2 1.01e+2
    1.01e+2 1.01e+2 1.01e+2 1.01e+2 1.01e+2 1.01e+2 1.01e+2 1.01e+2 1.01e+2
    1.01e+2 1.01e+2 1.01e+2 1.01e+2 1.01e+2 1.01e+2 1.01e+2 1.01e+2 1.01e+2
    1.01e+2 1.01e+2 1.01e+2 1.01e+2 1.01e+2 1.01e+2 1.01e+2 1.01e+2 1.01e+2
    1.01e+2 1.01e+2 1.01e+2 1.01e+2 1.01e+2 1.01e+2 1.01e+2 1.01e+2 1.01e+2
    1.01e+2 1.01e+2 1.01e+2 1.01e+2 1.01e+2 1.01e+2 1.01e+2 1.01e+2 1.01e+2
    1.01e+2 1.01e+2 1.01e+2 1.01e+2 1.01e+2 1.01e+2 1.01e+2 1.01e+2 1.01e+2
    1.01e+2 1.01e+2 1.01e+2 1.01e+2 1.01e+2 1.01e+2 1.01e+2 1.01e+2 1.01e+2
    1.01e+2 1.01e+2 1.01e+2 1.01e+2 1.01e+2 1.01e+2 1.01e+2 1.01e+2 1.01e+2
    1.01e+2 1.01e+2 1.01e+2 1.01e+2 1.01e+2 1.01e+2 1.01e+2 1.01e+2 1.01e+2
    1.01e+2 1.01e+2 1.01e+2 1.01e+2 1.01e+2 1.01e+2 1.01e+2 1.01e+2 1.01e+2
    1.01e+2 1.01e+2 1.01e+2 1.01e+2 1.01e+2 1.01e+2 1.01e+2 1.01e+2 1.01e+2
    1.01e+2 1.01e+2 1.01e+2 1.01e+2 1.01e+2 1.01e+2 1.01e+2 1.01e+2 1.01e+2
    1.01e+2 1.01e+2 1.01e+2 1.01e+2 1.01e+2 1.01e+2 1.01e+2 1.01e+2 1.01e+2
    1.01e+2 1.01e+2 1.01e+2 1.01e+2 1.01e+2 1.01e+2 1.01e+2 1.01e+2 1.01e+2
    1.01e+2 1.01e+2 1.01e+2 1.01e+2 1.01e+2 1.01e+2 1.01e+2 1.01e+2 1.01e+2
    1.01e+2 1.01e+2 1.01e+2 1.01e+2 1.01e+2 1.01e+2 1.01e+2 1.01e+2 1.01e+2
    1.01e+2 1.01e+2 1.01e+2 1.01e+2 1.01e+2 1.01e+2 1.01e+2 1.01e+2 1.01e+2
    1.01e+2 1.01e+2 1.01e+2 1.01e+2 1.01e+2 1.01e+2 1.01e+2 1.01e+2 1.01e+2
    1.01e+2 1.01e+2 1.01e+2 1.01e+2 1.01e+2 1.01e+2 1.01e+2 1.01e+2 1.01e+2
    1.01e+2 1.01e+2 1.01e+2 1.01e+2 1.01e+2 1.01e+2 1.01e+2 1.01e+2 1.01e+2
    1.01e+2 1.01e+2 1.01e+2 1.01e+2 1.01e+2 1.01e+2 1.01e+2 1.01e+2 1.01e+2
    1.01e+2 1.01e+2 1.01e+2 1.01e+2 1.01e+2 1.01e+2 1.01e+2 1.01e+2 1.01e+2
    1.01e+2 1.01e+2 1.01e+2 1.01e+2 1.01e+2 1.01e+2 1.01e+2 1.01e+2 1.01e+2
    1.01e+2 1.01e+2 1.01e+2 1.01e+2 1.01e+2 1.01e+2 1.01e+2 1.01e+2 1.01e+2
    1.01e+2 1.01e+2 1.01e+2 1.01e+2 1.01e+2 1.01e+2 1.01e+2 1.01e+2 1.01e+2
    1.01e+2 1.01e+2 1.01e+2 1.01e+2 1.01e+2 1.01e+2 1.01e+2 1.01e+2 1.01e+2
    1.01e+2 1.01e+2 1.01e+2 1.01e+2 1.01e+2 1.01e+2 1.01e+2 1.01e+2 1.01e+2
    1.01e+2 1.01e+2 1.01e+2 1.01e+2 1.01e+2 1.01e+2 1.01e+2 1.01e+2 1.01e+2
    1.01e+2 1.01e+2 1.01e+2 1.01e+2 1.01e+2 1.01e+2 1.01e+2 1.01e+2 1.01e+2
    1.01e+2 1.01e+2 1.01e+2 1.01e+2 1.01e+2 1.01e+2 1.01e+2 1.01e+2 1.01e+2
    1.01e+2 1.01e+2 1.01e+2 1.01e+2 1.01e+2 1.01e+2 1.01e+2 1.01e+2 1.01e+2
    1.01e+2 1.01e+2 1.01e+2 1.01e+2 1.01e+2 1.01e+2 1.01e+2 1.01e+2 1.01e+2
    1.01e+2 1.01e+2 1.01e+2 1.01e+2 1.01e+2 1.01e+2 1.01e+2 1.01e+2 1.01e+2
    1.01e+2 1.01e+2 1.01e+2 1.01e+2 1.01e+2 1.01e+2 1.01e+2 1.01e+2 1.01e+2
    1.01e+2 1.01e+2 1.01e+2 1.01e+2 1.01e+2 1.01e+2 1.012e+2 1.012e+2
    1.0122222222222223e+2 1.0125e+2 1.0128571428571429e+2 1.0133333333333333e+2
    1.0140000000000001e+2 1.015e+2 1.015e+2 1.0157142857142857e+2
    1.0159999999999999e+2 1.0166666666666667e+2 1.0166666666666667e+2
    1.0166666666666667e+2 1.0166666666666667e+2 1.0175e+2 1.018e+2 1.02e+2
    1.02e+2 1.02e+2 1.02e+2 1.02e+2 1.02e+2 1.02e+2 1.02e+2 1.02e+2 1.02e+2
    1.02e+2 1.02e+2 1.02e+2 1.02e+2 1.02e+2 1.02e+2 1.02e+2 1.02e+2 1.02e+2
    1.02e+2 1.02e+2 1.02e+2 1.02e+2 1.02e+2 1.02e+2 1.02e+2 1.02e+2 1.02e+2
    1.02e+2 1.02e+2 1.02e+2 1.02e+2 1.02e+2 1.02e+2 1.02e+2 1.02e+2 1.02e+2
    1.02e+2 1.02e+2 1.02e+2 1.02e+2 1.02e+2 1.02e+2 1.02e+2 1.02e+2 1.02e+2
    1.02e+2 1.02e+2 1.02e+2 1.02e+2 1.02e+2 1.02e+2 1.02e+2 1.02e+2 1.02e+2
    1.02e+2 1.02e+2 1.02e+2 1.02e+2 1.02e+2 1.02e+2 1.02e+2 1.02e+2 1.02e+2
    1.02e+2 1.02e+2 1.02e+2 1.02e+2 1.02e+2 1.02e+2 1.02e+2 1.02e+2 1.02e+2
    1.02e+2 1.02e+2 1.02e+2 1.02e+2 1.02e+2 1.02e+2 1.02e+2 1.02e+2 1.02e+2
    1.02e+2 1.02e+2 1.02e+2 1.02e+2 1.02e+2 1.02e+2 1.02e+2 1.02e+2 1.02e+2
    1.02e+2 1.02e+2 1.02e+2 1.02e+2 1.02e+2 1.02e+2 1.02e+2 1.02e+2 1.02e+2
    1.02e+2 1.02e+2 1.02e+2 1.02e+2 1.02e+2 1.02e+2 1.02e+2 1.02e+2 1.02e+2
    1.02e+2 1.02e+2 1.02e+2 1.02e+2 1.02e+2 1.02e+2 1.02e+2 1.02e+2 1.02e+2
    1.02e+2 1.02e+2 1.02e+2 1.02e+2 1.02e+2 1.02e+2 1.02e+2 1.02e+2 1.02e+2
    1.02e+2 1.02e+2 1.02e+2 1.02e+2 1.02e+2 1.02e+2 1.02e+2 1.02e+2 1.02e+2
    1.02e+2 1.02e+2 1.02e+2 1.02e+2 1.02e+2 1.02e+2 1.02e+2 1.02e+2 1.02e+2
    1.02e+2 1.02e+2 1.02e+2 1.02e+2 1.02e+2 1.02e+2 1.02e+2 1.02e+2 1.02e+2
    1.02e+2 1.02e+2 1.02e+2 1.02e+2 1.02e+2 1.02e+2 1.02e+2 1.02e+2 1.02e+2
    1.02e+2 1.02e+2 1.02e+2 1.02e+2 1.02e+2 1.02e+2 1.02e+2 1.02e+2 1.02e+2
    1.02e+2 1.02e+2 1.02e+2 1.02e+2 1.02e+2 1.02e+2 1.02e+2 1.02e+2 1.02e+2
    1.02e+2 1.02e+2 1.02e+2 1.02e+2 1.02e+2 1.02e+2 1.02e+2 1.02e+2 1.02e+2
    1.02e+2 1.02e+2 1.02e+2 1.02e+2 1.02e+2 1.02e+2 1.02e+2 1.02e+2 1.02e+2
    1.02e+2 1.02e+2 1.02e+2 1.02e+2 1.02e+2 1.02e+2 1.02e+2 1.02e+2 1.02e+2
    1.02e+2 1.02e+2 1.02e+2 1.02e+2 1.02e+2 1.02e+2 1.02e+2 1.02e+2 1.02e+2
    1.02e+2 1.02e+2 1.02e+2 1.02e+2 1.02e+2 1.02e+2 1.02e+2 1.02e+2 1.02e+2
    1.02e+2 1.02e+2 1.02e+2 1.02e+2 1.02e+2 1.02e+2 1.02e+2 1.02e+2 1.02e+2
    1.02e+2 1.02e+2 1.02e+2 1.02e+2 1.02e+2 1.02e+2 1.02e+2 1.02e+2 1.02e+2
    1.02e+2 1.02e+2 1.02e+2 1.02e+2 1.02e+2 1.02e+2 1.02e+2 1.02e+2 1.02e+2
    1.02e+2 1.02e+2 1.02e+2 1.02e+2 1.02e+2 1.02e+2 1.02e+2 1.02e+2 1.02e+2
    1.02e+2 1.02e+2 1.02e+2 1.02e+2 1.02e+2 1.02e+2 1.02e+2 1.02e+2 1.02e+2
    1.02e+2 1.02e+2 1.02e+2 1.02e+2 1.02e+2 1.02e+2 1.02e+2 1.02e+2 1.02e+2
    1.02e+2 1.02e+2 1.02e+2 1.02e+2 1.02e+2 1.02e+2 1.02e+2 1.02e+2 1.02e+2
    1.02e+2 1.02e+2 1.02e+2 1.02e+2 1.02e+2 1.02e+2 1.02e+2 1.02e+2 1.02e+2
    1.02e+2 1.02e+2 1.02e+2 1.02e+2 1.02e+2 1.02e+2 1.02e+2 1.02e+2 1.02e+2
    1.02e+2 1.02e+2 1.02e+2 1.02e+2 1.02e+2 1.02e+2 1.02e+2 1.02e+2 1.02e+2
    1.02e+2 1.02e+2 1.02e+2 1.02e+2 1.02e+2 1.02e+2 1.02e+2 1.02e+2 1.02e+2
    1.02e+2 1.02e+2 1.02e+2 1.02e+2 1.02e+2 1.02e+2 1.02e+2 1.02e+2 1.02e+2
    1.02e+2 1.02e+2 1.02e+2 1.02e+2 1.02e+2 1.02e+2 1.02e+2 1.02e+2 1.02e+2
    1.02e+2 1.02e+2 1.02e+2 1.02e+2 1.02e+2 1.02e+2 1.02e+2 1.02e+2 1.02e+2
    1.02e+2 1.02e+2 1.02e+2 1.02e+2 1.02e+2 1.02e+2 1.02e+2 1.02e+2 1.02e+2
    1.02e+2 1.02e+2 1.02e+2 1.02e+2 1.02e+2 1.02e+2 1.02e+2 1.02e+2 1.02e+2
    1.02e+2 1.02e+2 1.02e+2 1.02e+2 1.02e+2 1.02e+2 1.02e+2 1.02e+2 1.02e+2
    1.02e+2 1.02e+2 1.02e+2 1.02e+2 1.02e+2 1.02e+2 1.02e+2 1.02e+2 1.02e+2
    1.02e+2 1.02e+2 1.02e+2 1.02e+2 1.02e+2 1.02e+2 1.02e+2 1.02e+2 1.02e+2
    1.02e+2 1.02e+2 1.02e+2 1.02e+2 1.02e+2 1.02e+2 1.02e+2 1.02e+2 1.02e+2
    1.02e+2 1.02e+2 1.02e+2 1.02e+2 1.02e+2 1.02e+2 1.02e+2 1.02e+2 1.02e+2
    1.02e+2 1.02e+2 1.02e+2 1.02e+2 1.02e+2 1.02e+2 1.02e+2 1.02e+2 1.02e+2
    1.02e+2 1.02e+2 1.02e+2 1.02e+2 1.02e+2 1.02e+2 1.02e+2 1.02e+2 1.02e+2
    1.02e+2 1.02e+2 1.02e+2 1.02e+2 1.02e+2 1.02e+2 1.02e+2 1.02e+2 1.02e+2
    1.02e+2 1.02e+2 1.02e+2 1.02e+2 1.02e+2 1.02e+2 1.02e+2 1.02e+2 1.02e+2
    1.02e+2 1.02e+2 1.02e+2 1.02e+2 1.02e+2 1.02e+2 1.02e+2 1.02e+2 1.02e+2
    1.02e+2 1.02e+2 1.02e+2 1.02e+2 1.02e+2 1.02e+2 1.02e+2 1.02e+2 1.02e+2
    1.02e+2 1.02e+2 1.02e+2 1.02e+2 1.02e+2 1.02e+2 1.02e+2 1.02e+2 1.02e+2
    1.02e+2 1.02e+2 1.02e+2 1.02e+2 1.02e+2 1.02e+2 1.02e+2 1.02e+2 1.02e+2
    1.02e+2 1.02e+2 1.02e+2 1.02e+2 1.02e+2 1.02e+2 1.02e+2 1.02e+2 1.02e+2
    1.02e+2 1.02e+2 1.02e+2 1.02e+2 1.02e+2 1.02e+2 1.02e+2 1.02e+2 1.02e+2
    1.02e+2 1.02e+2 1.02e+2 1.02e+2 1.02e+2 1.02e+2 1.02e+2 1.02e+2 1.02e+2
    1.02e+2 1.02e+2 1.02e+2 1.02e+2 1.02e+2 1.02e+2 1.02e+2 1.02e+2 1.02e+2
    1.02e+2 1.02e+2 1.02e+2 1.02e+2 1.02e+2 1.02e+2 1.02e+2 1.02e+2 1.02e+2
    1.02e+2 1.02e+2 1.02e+2 1.02e+2 1.02e+2 1.02e+2 1.02e+2 1.02e+2 1.02e+2
    1.02e+2 1.02e+2 1.02e+2 1.02e+2 1.0216666666666667e+2 1.022e+2 1.0225e+2
    1.0225e+2 1.02375e+2 1.025e+2 1.025e+2 1.025e+2 1.025e+2
    1.0259999999999999e+2 1.0259999999999999e+2 1.0259999999999999e+2
    1.0271428571428571e+2 1.02875e+2 1.03e+2 1.03e+2 1.03e+2 1.03e+2 1.03e+2
    1.03e+2 1.03e+2 1.03e+2 1.03e+2 1.03125e+2 1.0333333333333333e+2
    1.0333333333333333e+2 1.0340000000000001e+2 1.0340000000000001e+2
    1.0342857142857143e+2 1.035e+2 1.035e+2 1.0357142857142857e+2
    1.0359999999999999e+2 1.0359999999999999e+2 1.0375e+2 1.0375e+2 1.038e+2
    1.0390000000000001e+2 1.04e+2 1.04e+2 1.04e+2 1.04e+2 1.04e+2 1.04e+2
    1.04e+2 1.04e+2 1.04e+2 1.04e+2 1.04e+2 1.04e+2 1.04e+2 1.04e+2 1.04e+2
    1.04e+2 1.04e+2 1.04e+2 1.04e+2 1.04e+2 1.04e+2 1.04e+2 1.04e+2 1.04125e+2
    1.0416666666666667e+2 1.042e+2 1.042e+2 1.0425e+2 1.0425e+2
    1.0433333333333333e+2 1.0433333333333333e+2 1.0433333333333333e+2
    1.0433333333333333e+2 1.0433333333333333e+2 1.0433333333333333e+2
    1.0433333333333333e+2 1.0440000000000001e+2 1.045e+2 1.045e+2 1.045e+2
    1.045e+2 1.0457142857142857e+2 1.0459999999999999e+2 1.0459999999999999e+2
    1.0459999999999999e+2 1.0459999999999999e+2 1.0466666666666667e+2
    1.0466666666666667e+2 1.0471428571428571e+2 1.0475e+2 1.0475e+2 1.048e+2
    1.048e+2 1.0483333333333333e+2 1.05e+2 1.05e+2 1.05e+2 1.05e+2 1.05e+2
    1.05e+2 1.05e+2 1.05e+2 1.05e+2 1.0516666666666667e+2 1.052e+2 1.0525e+2
    1.0533333333333333e+2 1.0533333333333333e+2 1.0542857142857143e+2 1.055e+2
    1.055e+2 1.055e+2 1.055e+2 1.0555555555555556e+2 1.0559999999999999e+2
    1.0571428571428571e+2 1.0585714285714286e+2 1.05875e+2 1.06e+2 1.06e+2
    1.06e+2 1.06e+2 1.06e+2 1.06e+2 1.06e+2 1.06e+2 1.06e+2 1.06e+2 1.06125e+2
    1.0625e+2 1.0625e+2 1.0633333333333333e+2 1.0633333333333333e+2
    1.0633333333333333e+2 1.0633333333333333e+2 1.0633333333333333e+2
    1.0633333333333333e+2 1.0640000000000001e+2 1.0642857142857143e+2 1.065e+2
    1.065e+2 1.065e+2 1.065e+2 1.065e+2 1.065e+2 1.065e+2 1.065e+2 1.065e+2
    1.065e+2 1.0654545454545455e+2 1.0666666666666667e+2 1.0666666666666667e+2
    1.0671428571428571e+2 1.0675e+2 1.0677777777777777e+2 1.068e+2 1.068e+2
    1.07e+2 1.07e+2 1.07e+2 1.07e+2 1.07e+2 1.07e+2 1.07e+2 1.07e+2 1.07e+2
    1.07e+2 1.07e+2 1.0714285714285714e+2 1.0714285714285714e+2
    1.0716666666666667e+2 1.0716666666666667e+2 1.072e+2 1.0725e+2
    1.0740000000000001e+2 1.0740000000000001e+2 1.075e+2 1.075e+2 1.075e+2
    1.075e+2 1.07625e+2 1.0766666666666667e+2 1.0775e+2 1.0775e+2 1.0775e+2
    1.0775e+2 1.0775e+2 1.0775e+2 1.0783333333333333e+2 1.0790000000000001e+2
    1.08e+2 1.08e+2 1.08e+2 1.08e+2 1.08e+2 1.08e+2 1.08e+2 1.08e+2 1.08e+2
    1.08e+2 1.08e+2 1.08e+2 1.0814285714285714e+2 1.082e+2 1.082e+2 1.082e+2
    1.0825e+2 1.0828571428571429e+2 1.0833333333333333e+2 1.0833333333333333e+2
    1.0842857142857143e+2 1.085e+2 1.085e+2 1.085e+2 1.085e+2
    1.0859999999999999e+2 1.0866666666666667e+2 1.0866666666666667e+2
    1.0866666666666667e+2 1.0875e+2 1.088e+2 1.088e+2 1.0883333333333333e+2
    1.0885714285714286e+2 1.0888888888888889e+2 1.09e+2 1.09e+2 1.09e+2 1.09e+2
    1.09e+2 1.09e+2 1.09e+2 1.09e+2 1.09e+2 1.09e+2 1.09e+2 1.09e+2
    1.0914285714285714e+2 1.0916666666666667e+2 1.0925e+2 1.0925e+2 1.0925e+2
    1.0933333333333333e+2 1.0933333333333333e+2 1.0933333333333333e+2
    1.0933333333333333e+2 1.0940000000000001e+2 1.095e+2 1.095e+2 1.095e+2
    1.095e+2 1.095e+2 1.095e+2 1.0957142857142857e+2 1.0958333333333333e+2
    1.0975e+2 1.0975e+2 1.0975e+2 1.0985714285714286e+2 1.0985714285714286e+2
    1.0991666666666667e+2 1.1e+2 1.1e+2 1.1e+2 1.1e+2 1.1e+2
    1.1016666666666667e+2 1.102e+2 1.102e+2 1.1025e+2 1.1028571428571429e+2
    1.1033333333333333e+2 1.1033333333333333e+2 1.1033333333333333e+2 1.105e+2
    1.105e+2 1.1059999999999999e+2 1.1059999999999999e+2 1.1066666666666667e+2
    1.1075e+2 1.1075e+2 1.1075e+2 1.1075e+2 1.11e+2 1.11e+2 1.11e+2 1.11e+2
    1.11e+2 1.11e+2 1.11e+2 1.11e+2 1.11e+2 1.11e+2 1.11e+2 1.11e+2 1.11e+2
    1.11e+2 1.11125e+2 1.1114285714285714e+2 1.112e+2 1.1125e+2 1.1125e+2
    1.1125e+2 1.1128571428571429e+2 1.113e+2 1.1133333333333333e+2 1.11375e+2
    1.1140000000000001e+2 1.115e+2 1.115e+2 1.115e+2 1.115e+2 1.115e+2 1.115e+2
    1.1159999999999999e+2 1.11625e+2 1.11625e+2 1.1166666666666667e+2
    1.1166666666666667e+2 1.1166666666666667e+2 1.1175e+2 1.118e+2 1.118e+2
    1.1183333333333333e+2 1.12e+2 1.12e+2 1.12e+2 1.12e+2 1.12e+2 1.12e+2
    1.12e+2 1.12e+2 1.12e+2 1.12e+2 1.12e+2 1.12e+2 1.1225e+2 1.1225e+2
    1.12375e+2 1.1242857142857143e+2 1.125e+2 1.125e+2 1.1266666666666667e+2
    1.1266666666666667e+2 1.1266666666666667e+2 1.1275e+2 1.1275e+2 1.128e+2
    1.128e+2 1.128e+2 1.13e+2 1.13e+2 1.13e+2 1.13e+2 1.13e+2 1.13e+2 1.13e+2
    1.13e+2 1.13e+2 1.13125e+2 1.13125e+2 1.132e+2 1.132e+2 1.132e+2 1.1325e+2
    1.1325e+2 1.1333333333333333e+2 1.1333333333333333e+2 1.1333333333333333e+2
    1.1340000000000001e+2 1.135e+2 1.135e+2 1.135e+2 1.1359999999999999e+2
    1.1359999999999999e+2 1.1366666666666667e+2 1.1375e+2 1.1375e+2
    1.1383333333333333e+2 1.1385714285714286e+2 1.14e+2 1.14e+2 1.14e+2 1.14e+2
    1.14e+2 1.14e+2 1.14e+2 1.14e+2 1.14e+2 1.14e+2 1.14e+2
    1.1414285714285714e+2 1.1425e+2 1.1425e+2 1.1433333333333333e+2
    1.1433333333333333e+2 1.1433333333333333e+2 1.1440000000000001e+2
    1.1440000000000001e+2 1.1440000000000001e+2 1.145e+2 1.145e+2 1.145e+2
    1.145e+2 1.1457142857142857e+2 1.1459999999999999e+2 1.1466666666666667e+2
    1.1466666666666667e+2 1.1475e+2 1.148e+2 1.148e+2 1.148e+2
    1.1483333333333333e+2 1.1483333333333333e+2 1.15e+2 1.15e+2 1.15e+2 1.15e+2
    1.15e+2 1.15e+2 1.15e+2 1.15e+2 1.15e+2 1.15e+2 1.15e+2
    1.1509999999999999e+2 1.1514285714285714e+2 1.152e+2 1.1525e+2
    1.1533333333333333e+2 1.1540000000000001e+2 1.1540000000000001e+2 1.155e+2
    1.155e+2 1.155e+2 1.1557142857142857e+2 1.15625e+2 1.1566666666666667e+2
    1.1566666666666667e+2 1.1566666666666667e+2 1.1566666666666667e+2
    1.1566666666666667e+2 1.1571428571428571e+2 1.158e+2 1.16e+2 1.16e+2
    1.16e+2 1.16e+2 1.16e+2 1.16e+2 1.16e+2 1.16e+2 1.16e+2 1.16e+2 1.16e+2
    1.16e+2 1.16e+2 1.1616666666666667e+2 1.162e+2 1.1625e+2 1.1625e+2
    1.1625e+2 1.1633333333333333e+2 1.1633333333333333e+2 1.1640000000000001e+2
    1.165e+2 1.165e+2 1.1666666666666667e+2 1.1666666666666667e+2
    1.1666666666666667e+2 1.1666666666666667e+2 1.1671428571428571e+2 1.1675e+2
    1.168e+2 1.168e+2 1.1685714285714286e+2 1.17e+2 1.17e+2 1.17e+2 1.17e+2
    1.17e+2 1.17e+2 1.17e+2 1.17e+2 1.17e+2 1.17e+2 1.17e+2 1.172e+2 1.1725e+2
    1.1733333333333333e+2 1.1733333333333333e+2 1.17375e+2 1.17375e+2 1.175e+2
    1.1759999999999999e+2 1.1759999999999999e+2 1.1766666666666667e+2
    1.1766666666666667e+2 1.1766666666666667e+2 1.1775e+2 1.178e+2 1.178e+2
    1.17875e+2 1.18e+2 1.18e+2 1.18e+2 1.18e+2 1.18e+2 1.18e+2 1.18e+2 1.18e+2
    1.1808333333333333e+2 1.1825e+2 1.1833333333333333e+2 1.1833333333333333e+2
    1.1840000000000001e+2 1.185e+2 1.185e+2 1.185e+2 1.1857142857142857e+2
    1.1859999999999999e+2 1.1866666666666667e+2 1.1866666666666667e+2 1.188e+2
    1.188e+2 1.19e+2 1.19e+2 1.19e+2 1.19e+2 1.19e+2 1.19e+2 1.19e+2 1.19e+2
    1.19e+2 1.19e+2 1.1916666666666667e+2 1.192e+2 1.1925e+2 1.1925e+2
    1.1925e+2 1.1933333333333333e+2 1.1940000000000001e+2 1.1942857142857143e+2
    1.195e+2 1.195e+2 1.195e+2 1.195e+2 1.1959999999999999e+2
    1.1966666666666667e+2 1.1966666666666667e+2 1.1966666666666667e+2
    1.1966666666666667e+2 1.1977777777777777e+2 1.198e+2 1.1983333333333333e+2
    1.1983333333333333e+2 1.2e+2 1.2e+2 1.2e+2 1.2e+2 1.2e+2 1.2e+2 1.2e+2
    1.2e+2 1.2e+2 1.2e+2 1.20125e+2 1.2016666666666667e+2 1.202e+2 1.2025e+2
    1.2042857142857143e+2 1.205e+2 1.205e+2 1.205e+2 1.205e+2
    1.2057142857142857e+2 1.2066666666666667e+2 1.2066666666666667e+2 1.2075e+2
    1.2075e+2 1.2075e+2 1.2075e+2 1.208e+2 1.2088235294117646e+2 1.21e+2
    1.21e+2 1.21e+2 1.21e+2 1.21e+2 1.21e+2 1.21e+2 1.21e+2 1.21e+2
    1.2114285714285714e+2 1.2125e+2 1.2133333333333333e+2 1.2133333333333333e+2
    1.215e+2 1.215e+2 1.215e+2 1.2175e+2 1.2175e+2 1.22e+2 1.22e+2 1.22e+2
    1.22e+2 1.22e+2 1.22e+2 1.22e+2 1.22e+2 1.22e+2 1.22e+2 1.22e+2 1.22e+2
    1.2205882352941177e+2 1.2208333333333333e+2 1.2214285714285714e+2
    1.2216666666666667e+2 1.2216666666666667e+2 1.222e+2 1.222e+2 1.2225e+2
    1.2225e+2 1.2228571428571429e+2 1.2233333333333333e+2 1.2233333333333333e+2
    1.2233333333333333e+2 1.2240000000000001e+2 1.225e+2 1.225e+2 1.225e+2
    1.2266666666666667e+2 1.2266666666666667e+2 1.227e+2 1.2283333333333333e+2
    1.2285714285714286e+2 1.2294736842105263e+2 1.23e+2 1.23e+2 1.23e+2 1.23e+2
    1.23e+2 1.23e+2 1.23e+2 1.23e+2 1.23e+2 1.23e+2 1.23e+2 1.23e+2 1.23e+2
    1.23e+2 1.23e+2 1.23e+2 1.23e+2 1.23e+2 1.23e+2 1.23e+2 1.23e+2 1.23e+2
    1.23e+2 1.23e+2 1.2308333333333333e+2 1.2325e+2 1.2333333333333333e+2
    1.2333333333333333e+2 1.2342857142857143e+2 1.2342857142857143e+2 1.235e+2
    1.235e+2 1.235e+2 1.235e+2 1.2359999999999999e+2 1.2366666666666667e+2
    1.2366666666666667e+2 1.2366666666666667e+2 1.2375e+2 1.2375e+2 1.238e+2
    1.238e+2 1.238e+2 1.2383333333333333e+2 1.23875e+2 1.24e+2 1.24e+2 1.24e+2
    1.24e+2 1.24e+2 1.24e+2 1.24e+2 1.24e+2 1.24e+2 1.24e+2 1.24e+2 1.24e+2
    1.24e+2 1.24e+2 1.2416666666666667e+2 1.2425e+2 1.2425e+2 1.2425e+2
    1.2425e+2 1.2428571428571429e+2 1.243e+2 1.2440000000000001e+2 1.245e+2
    1.245e+2 1.24625e+2 1.2466666666666667e+2 1.2475e+2 1.2475e+2
    1.2477777777777777e+2 1.248e+2 1.248e+2 1.2485714285714286e+2 1.25e+2
    1.25e+2 1.25e+2 1.25e+2 1.25e+2 1.25e+2 1.25e+2 1.25e+2 1.25e+2 1.25e+2
    1.25e+2 1.25e+2 1.25e+2 1.25e+2 1.25e+2 1.25e+2 1.25e+2 1.25e+2 1.25e+2
    1.25e+2 1.25e+2 1.25e+2 1.25e+2 1.25e+2 1.25e+2 1.25e+2 1.25e+2 1.25e+2
    1.25e+2 1.25e+2 1.25e+2 1.25e+2 1.2514285714285714e+2 1.2516666666666667e+2
    1.252e+2 1.252e+2 1.252e+2 1.2525e+2 1.2525e+2 1.2533333333333333e+2
    1.2533333333333333e+2 1.2533333333333333e+2 1.2533333333333333e+2 1.255e+2
    1.2559999999999999e+2 1.2559999999999999e+2 1.25625e+2
    1.2566666666666667e+2 1.2566666666666667e+2 1.2575e+2 1.258e+2 1.26e+2
    1.26e+2 1.26e+2 1.26e+2 1.26e+2 1.26e+2 1.26e+2 1.26e+2 1.26e+2 1.26e+2
    1.26e+2 1.26e+2 1.26e+2 1.26e+2 1.26e+2 1.26e+2 1.26e+2 1.26e+2 1.26e+2
    1.26e+2 1.26e+2 1.26e+2 1.26e+2 1.26e+2 1.26e+2 1.26e+2 1.26e+2 1.26e+2
    1.26e+2 1.26e+2 1.26e+2 1.26e+2 1.26e+2 1.26e+2 1.26e+2 1.26e+2 1.26e+2
    1.26e+2 1.26e+2 1.26e+2 1.262e+2 1.2625e+2 1.2625e+2 1.2625e+2
    1.2633333333333333e+2 1.2633333333333333e+2 1.26375e+2
    1.2641666666666667e+2 1.265e+2 1.265e+2 1.2666666666666667e+2 1.2675e+2
    1.268e+2 1.268e+2 1.27e+2 1.27e+2 1.27e+2 1.27e+2 1.27e+2 1.27e+2 1.27e+2
    1.27e+2 1.27e+2 1.27e+2 1.27e+2 1.27e+2 1.27e+2 1.27e+2 1.27e+2 1.27e+2
    1.27e+2 1.27e+2 1.27e+2 1.27e+2 1.27e+2 1.27e+2 1.27e+2 1.27e+2 1.27e+2
    1.27e+2 1.27e+2 1.27e+2 1.27e+2 1.27e+2 1.2733333333333333e+2
    1.2733333333333333e+2 1.2733333333333333e+2 1.2740000000000001e+2
    1.2740000000000001e+2 1.2740000000000001e+2 1.2766666666666667e+2
    1.2766666666666667e+2 1.2775e+2 1.2783333333333333e+2 1.28e+2 1.28e+2
    1.28e+2 1.28e+2 1.28e+2 1.28e+2 1.28e+2 1.28e+2 1.28e+2 1.28e+2 1.28e+2
    1.28e+2 1.28e+2 1.28e+2 1.28e+2 1.28e+2 1.28e+2 1.28e+2 1.28e+2 1.28e+2
    1.28e+2 1.28e+2 1.28e+2 1.28e+2 1.28e+2 1.2814285714285714e+2
    1.2816666666666666e+2 1.2819999999999999e+2 1.2821052631578948e+2
    1.2826666666666668e+2 1.2842857142857142e+2 1.285e+2 1.285e+2
    1.2866666666666666e+2 1.2866666666666666e+2 1.2869999999999999e+2
    1.2871428571428572e+2 1.2875e+2 1.2885714285714286e+2 1.29e+2 1.29e+2
    1.29e+2 1.29e+2 1.29e+2 1.29e+2 1.29e+2 1.29e+2 1.29e+2 1.29e+2 1.29e+2
    1.29e+2 1.29e+2 1.29e+2 1.29e+2 1.29e+2 1.29e+2 1.29e+2 1.29e+2 1.29e+2
    1.29e+2 1.2916666666666666e+2 1.2919999999999999e+2 1.2925e+2 1.2925e+2
    1.2933333333333334e+2 1.2933333333333334e+2 1.2942857142857142e+2 1.295e+2
    1.295e+2 1.295e+2 1.295e+2 1.295e+2 1.2957142857142858e+2
    1.2959999999999999e+2 1.2966666666666666e+2 1.2966666666666666e+2
    1.2966666666666666e+2 1.2966666666666666e+2 1.2966666666666666e+2
    1.2980000000000001e+2 1.2983333333333334e+2 1.2990000000000001e+2 1.3e+2
    1.3e+2 1.3e+2 1.3e+2 1.3e+2 1.3e+2 1.3e+2 1.3e+2 1.3e+2 1.3e+2 1.3e+2
    1.3e+2 1.3e+2 1.3e+2 1.3e+2 1.3e+2 1.3e+2 1.3e+2 1.3e+2 1.3e+2 1.3e+2
    1.3e+2 1.3e+2 1.3e+2 1.3e+2 1.3e+2 1.3016666666666666e+2
    1.3016666666666666e+2 1.3019999999999999e+2 1.3025e+2 1.3033333333333334e+2
    1.3033333333333334e+2 1.3040000000000001e+2 1.3041666666666666e+2
    1.3042857142857142e+2 1.3042857142857142e+2 1.305e+2 1.305e+2 1.305e+2
    1.305e+2 1.305e+2 1.305e+2 1.3066666666666666e+2 1.3085714285714286e+2
    1.31e+2 1.31e+2 1.31e+2 1.31e+2 1.31e+2 1.31e+2 1.31e+2 1.31e+2 1.31e+2
    1.31e+2 1.31e+2 1.31e+2 1.31e+2 1.31e+2 1.31e+2 1.31e+2 1.31e+2 1.31e+2
    1.31e+2 1.3109999999999999e+2 1.3114285714285714e+2 1.3125e+2
    1.3128571428571428e+2 1.3133333333333334e+2 1.31375e+2
    1.3140000000000001e+2 1.3142857142857142e+2 1.315e+2 1.315e+2 1.315e+2
    1.315e+2 1.3159999999999999e+2 1.3166666666666666e+2 1.3168181818181819e+2
    1.3175e+2 1.32e+2 1.32e+2 1.32e+2 1.32e+2 1.32e+2 1.32e+2 1.32e+2 1.32e+2
    1.32e+2 1.32e+2 1.32e+2 1.32e+2 1.32e+2 1.32e+2 1.32e+2 1.32e+2 1.32e+2
    1.32e+2 1.32e+2 1.32e+2 1.32e+2 1.32e+2 1.32e+2 1.32e+2
    1.3213333333333333e+2 1.3216666666666666e+2 1.3216666666666666e+2
    1.3216666666666666e+2 1.3216666666666666e+2 1.3219999999999999e+2
    1.3242857142857142e+2 1.325e+2 1.325e+2 1.325e+2 1.325e+2 1.325e+2 1.325e+2
    1.325e+2 1.325e+2 1.325e+2 1.3257142857142858e+2 1.3266666666666666e+2
    1.3266666666666666e+2 1.3266666666666666e+2 1.3270588235294119e+2 1.3275e+2
    1.3275e+2 1.33e+2 1.33e+2 1.33e+2 1.33e+2 1.33e+2 1.33e+2 1.33e+2 1.33e+2
    1.33e+2 1.33e+2 1.33e+2 1.33e+2 1.33e+2 1.33e+2 1.33e+2 1.33e+2 1.33e+2
    1.33e+2 1.33e+2 1.33e+2 1.33e+2 1.33e+2 1.33e+2 1.3314285714285714e+2
    1.3316666666666666e+2 1.3319999999999999e+2 1.3319999999999999e+2
    1.3328571428571428e+2 1.3333333333333334e+2 1.3340000000000001e+2 1.335e+2
    1.335e+2 1.335e+2 1.335e+2 1.335e+2 1.335e+2 1.335e+2 1.335e+2 1.335e+2
    1.335e+2 1.335e+2 1.335e+2 1.335e+2 1.335e+2 1.335e+2 1.3359999999999999e+2
    1.3359999999999999e+2 1.3366666666666666e+2 1.3366666666666666e+2
    1.3371428571428572e+2 1.3375e+2 1.3380000000000001e+2 1.3380000000000001e+2
    1.3383333333333334e+2 1.3385714285714286e+2 1.34e+2 1.34e+2 1.34e+2 1.34e+2
    1.34e+2 1.34e+2 1.34e+2 1.34e+2 1.34e+2 1.34e+2 1.34e+2 1.34e+2 1.34e+2
    1.34e+2 1.34e+2 1.34e+2 1.34e+2 1.34e+2 1.34e+2 1.34e+2
    1.3419999999999999e+2 1.3433333333333334e+2 1.3433333333333334e+2
    1.3440000000000001e+2 1.3440000000000001e+2 1.3442857142857142e+2 1.345e+2
    1.345e+2 1.345e+2 1.345e+2 1.345e+2 1.34625e+2 1.3466666666666666e+2
    1.3475e+2 1.3480000000000001e+2 1.3480000000000001e+2 1.35e+2 1.35e+2
    1.35e+2 1.35e+2 1.35e+2 1.35e+2 1.35e+2 1.35e+2 1.35e+2 1.35e+2 1.35e+2
    1.35e+2 1.35e+2 1.35e+2 1.35e+2 1.35e+2 1.35e+2 1.35e+2 1.35e+2 1.35e+2
    1.35e+2 1.3508333333333334e+2 1.3519999999999999e+2 1.3525e+2
    1.3533333333333334e+2 1.3540000000000001e+2 1.355e+2 1.355e+2 1.355e+2
    1.355e+2 1.355e+2 1.3566666666666666e+2 1.3566666666666666e+2
    1.3566666666666666e+2 1.3569230769230768e+2 1.3575e+2 1.36e+2 1.36e+2
    1.36e+2 1.36e+2 1.36e+2 1.36e+2 1.36e+2 1.36e+2 1.36e+2 1.36e+2 1.36e+2
    1.36e+2 1.36e+2 1.36e+2 1.36e+2 1.36e+2 1.36e+2 1.36e+2 1.36e+2 1.36e+2
    1.36e+2 1.36e+2 1.36e+2 1.36e+2 1.36e+2 1.36e+2 1.36e+2 1.36e+2
    1.3616666666666666e+2 1.3619999999999999e+2 1.3628571428571428e+2
    1.3633333333333334e+2 1.36375e+2 1.3640000000000001e+2 1.365e+2 1.365e+2
    1.365e+2 1.365e+2 1.3655555555555554e+2 1.3659999999999999e+2
    1.3666666666666666e+2 1.3666666666666666e+2 1.3666666666666666e+2
    1.3669999999999999e+2 1.3680000000000001e+2 1.3680000000000001e+2
    1.3683333333333334e+2 1.3688888888888889e+2 1.37e+2 1.37e+2 1.37e+2 1.37e+2
    1.37e+2 1.37e+2 1.37e+2 1.37e+2 1.37e+2 1.37e+2 1.37e+2 1.37e+2 1.37e+2
    1.37e+2 1.37e+2 1.37e+2 1.37e+2 1.37e+2 1.37e+2 1.37e+2 1.37e+2 1.37e+2
    1.37e+2 1.37e+2 1.37e+2 1.37e+2 1.3719999999999999e+2 1.3725e+2
    1.3733333333333334e+2 1.3733333333333334e+2 1.375e+2 1.375e+2 1.375e+2
    1.375e+2 1.375e+2 1.375e+2 1.375e+2 1.3759999999999999e+2
    1.3766666666666666e+2 1.3766666666666666e+2 1.3766666666666666e+2 1.3775e+2
    1.3775e+2 1.3780000000000001e+2 1.3780000000000001e+2 1.3780000000000001e+2
    1.38e+2 1.38e+2 1.38e+2 1.38e+2 1.38e+2 1.38e+2 1.38e+2 1.38e+2 1.38e+2
    1.38e+2 1.38e+2 1.38e+2 1.38e+2 1.38e+2 1.38e+2 1.38e+2 1.38e+2 1.38e+2
    1.38e+2 1.3816666666666666e+2 1.3819999999999999e+2 1.3819999999999999e+2
    1.3819999999999999e+2 1.3825e+2 1.3833333333333334e+2 1.3833333333333334e+2
    1.3840000000000001e+2 1.385e+2 1.385e+2 1.385e+2 1.385e+2 1.385e+2 1.385e+2
    1.385e+2 1.3859999999999999e+2 1.3866666666666666e+2 1.3866666666666666e+2
    1.3866666666666666e+2 1.3866666666666666e+2 1.3866666666666666e+2
    1.3880000000000001e+2 1.3883333333333334e+2 1.39e+2 1.39e+2 1.39e+2 1.39e+2
    1.39e+2 1.39e+2 1.39e+2 1.39e+2 1.39e+2 1.39e+2 1.39e+2 1.39e+2 1.39e+2
    1.39e+2 1.39e+2 1.39e+2 1.39e+2 1.39e+2 1.39e+2 1.3919999999999999e+2
    1.3925e+2 1.3925e+2 1.3925e+2 1.3925e+2 1.3925e+2 1.3933333333333334e+2
    1.3940000000000001e+2 1.3942857142857142e+2 1.395e+2 1.395e+2 1.395e+2
    1.395e+2 1.395e+2 1.3966666666666666e+2 1.3966666666666666e+2
    1.3971428571428572e+2 1.3971428571428572e+2 1.3980000000000001e+2
    1.3980000000000001e+2 1.3983333333333334e+2 1.4e+2 1.4e+2 1.4e+2 1.4e+2
    1.4e+2 1.4e+2 1.4e+2 1.4e+2 1.4e+2 1.4e+2 1.4e+2 1.4e+2 1.4e+2 1.4e+2
    1.4e+2 1.4e+2 1.4e+2 1.4e+2 1.4e+2 1.4e+2 1.4e+2 1.4025e+2 1.4025e+2
    1.4025e+2 1.4025e+2 1.4025e+2 1.4031578947368422e+2 1.4033333333333334e+2
    1.4033333333333334e+2 1.4040000000000001e+2 1.4041666666666666e+2 1.405e+2
    1.405e+2 1.405e+2 1.4057142857142858e+2 1.4059999999999999e+2
    1.4066666666666666e+2 1.4066666666666666e+2 1.4066666666666666e+2 1.4075e+2
    1.4075e+2 1.4075e+2 1.4080000000000001e+2 1.4080000000000001e+2
    1.4080000000000001e+2 1.4083333333333334e+2 1.41e+2 1.41e+2 1.41e+2 1.41e+2
    1.41e+2 1.41e+2 1.41e+2 1.41e+2 1.41e+2 1.41e+2 1.41e+2 1.41e+2 1.41e+2
    1.41e+2 1.41e+2 1.41e+2 1.41e+2 1.41e+2 1.41e+2 1.41e+2 1.41e+2
    1.4116666666666666e+2 1.4119999999999999e+2 1.4125e+2 1.4133333333333334e+2
    1.4133333333333334e+2 1.4140000000000001e+2 1.415e+2 1.415e+2 1.415e+2
    1.415e+2 1.415e+2 1.415e+2 1.415e+2 1.4159999999999999e+2 1.4175e+2
    1.4175e+2 1.4183333333333334e+2 1.4183333333333334e+2 1.42e+2 1.42e+2
    1.42e+2 1.42e+2 1.42e+2 1.42e+2 1.42e+2 1.42e+2 1.42e+2 1.42e+2 1.42e+2
    1.42e+2 1.42e+2 1.42e+2 1.42e+2 1.42e+2 1.42e+2 1.42e+2 1.42e+2 1.42e+2
    1.42e+2 1.42e+2 1.42e+2 1.42e+2 1.42e+2 1.42e+2 1.4219999999999999e+2
    1.4225e+2 1.4225e+2 1.4225e+2 1.4228571428571428e+2 1.4233333333333334e+2
    1.4240000000000001e+2 1.4240000000000001e+2 1.4241666666666666e+2 1.425e+2
    1.425e+2 1.425e+2 1.4252941176470588e+2 1.4266666666666666e+2
    1.4266666666666666e+2 1.4273684210526315e+2 1.4275e+2 1.43e+2 1.43e+2
    1.43e+2 1.43e+2 1.43e+2 1.43e+2 1.43e+2 1.43e+2 1.43e+2 1.43e+2 1.43e+2
    1.43e+2 1.43e+2 1.43e+2 1.43e+2 1.43e+2 1.43e+2 1.43e+2 1.43e+2 1.43e+2
    1.4319999999999999e+2 1.4328571428571428e+2 1.4333333333333334e+2
    1.4333333333333334e+2 1.4333333333333334e+2 1.4333333333333334e+2
    1.4333333333333334e+2 1.4340000000000001e+2 1.435e+2 1.435e+2 1.435e+2
    1.435e+2 1.435e+2 1.435e+2 1.435e+2 1.4366666666666666e+2
    1.4366666666666666e+2 1.4375e+2 1.4375e+2 1.4380000000000001e+2
    1.4383333333333334e+2 1.4390000000000001e+2 1.44e+2 1.44e+2 1.44e+2 1.44e+2
    1.44e+2 1.44e+2 1.44e+2 1.44e+2 1.44e+2 1.44e+2 1.44e+2 1.44e+2 1.44e+2
    1.44e+2 1.44e+2 1.44e+2 1.44e+2 1.44e+2 1.44e+2 1.44e+2 1.44e+2 1.44e+2
    1.4409999999999999e+2 1.44125e+2 1.4414285714285714e+2
    1.4416666666666666e+2 1.4419999999999999e+2 1.4419999999999999e+2 1.4425e+2
    1.4425e+2 1.4425e+2 1.4433333333333334e+2 1.4433333333333334e+2
    1.4433333333333334e+2 1.4433333333333334e+2 1.44375e+2
    1.4440000000000001e+2 1.445e+2 1.445e+2 1.445e+2 1.445e+2 1.445e+2 1.445e+2
    1.4459999999999999e+2 1.4466666666666666e+2 1.4466666666666666e+2
    1.4466666666666666e+2 1.4466666666666666e+2 1.4471428571428572e+2
    1.4480000000000001e+2 1.4485714285714286e+2 1.45e+2 1.45e+2 1.45e+2 1.45e+2
    1.45e+2 1.45e+2 1.45e+2 1.45e+2 1.45e+2 1.45e+2 1.45e+2 1.45e+2 1.45e+2
    1.45e+2 1.45e+2 1.45e+2 1.45e+2 1.45e+2 1.45e+2 1.45e+2 1.45e+2 1.45e+2
    1.45e+2 1.45e+2 1.45e+2 1.45e+2 1.4509999999999999e+2 1.451764705882353e+2
    1.4519999999999999e+2 1.4519999999999999e+2 1.4525e+2 1.4533333333333334e+2
    1.4533333333333334e+2 1.4540000000000001e+2 1.4540000000000001e+2 1.455e+2
    1.455e+2 1.455e+2 1.455e+2 1.455e+2 1.455e+2 1.455e+2 1.455e+2 1.455e+2
    1.455e+2 1.455e+2 1.4559999999999999e+2 1.4566666666666666e+2
    1.4566666666666666e+2 1.4575e+2 1.4575e+2 1.4580000000000001e+2
    1.4580000000000001e+2 1.46e+2 1.46e+2 1.46e+2 1.46e+2 1.46e+2 1.46e+2
    1.46e+2 1.46e+2 1.46e+2 1.46e+2 1.46e+2 1.46e+2 1.46e+2 1.46e+2 1.46e+2
    1.46e+2 1.46e+2 1.46e+2 1.46e+2 1.46e+2 1.46e+2 1.46e+2
    1.4619999999999999e+2 1.4625e+2 1.4633333333333334e+2 1.4633333333333334e+2
    1.4640000000000001e+2 1.4640000000000001e+2 1.4640000000000001e+2 1.465e+2
    1.465e+2 1.465e+2 1.465e+2 1.465e+2 1.465e+2 1.465e+2 1.4658333333333334e+2
    1.4659999999999999e+2 1.4666666666666666e+2 1.4666666666666666e+2 1.4675e+2
    1.46875e+2 1.47e+2 1.47e+2 1.47e+2 1.47e+2 1.47e+2 1.47e+2 1.47e+2 1.47e+2
    1.47e+2 1.47e+2 1.47e+2 1.47e+2 1.47e+2 1.47e+2 1.47e+2 1.47e+2 1.47e+2
    1.4725e+2 1.4725e+2 1.4725e+2 1.4733333333333334e+2 1.4733333333333334e+2
    1.47375e+2 1.4740000000000001e+2 1.4746666666666667e+2 1.475e+2 1.475e+2
    1.475e+2 1.475e+2 1.475e+2 1.4757142857142858e+2 1.4766666666666666e+2
    1.4766666666666666e+2 1.4766666666666666e+2 1.4766666666666666e+2
    1.4771428571428572e+2 1.4775e+2 1.4780000000000001e+2 1.4780000000000001e+2
    1.4780000000000001e+2 1.4790000000000001e+2 1.48e+2 1.48e+2 1.48e+2 1.48e+2
    1.48e+2 1.48e+2 1.48e+2 1.48e+2 1.48e+2 1.48e+2 1.48e+2 1.48e+2 1.48e+2
    1.48e+2 1.48e+2 1.48e+2 1.48e+2 1.48e+2 1.48e+2 1.48e+2 1.48e+2 1.48e+2
    1.48e+2 1.48e+2 1.48e+2 1.48e+2 1.48e+2 1.48e+2 1.4816666666666666e+2
    1.4816666666666666e+2 1.4819999999999999e+2 1.4825e+2 1.4828571428571428e+2
    1.4833333333333334e+2 1.4833333333333334e+2 1.4833333333333334e+2
    1.4833333333333334e+2 1.4833333333333334e+2 1.4833333333333334e+2
    1.4840000000000001e+2 1.4840000000000001e+2 1.4840000000000001e+2 1.485e+2
    1.485e+2 1.4857142857142858e+2 1.4859999999999999e+2 1.4859999999999999e+2
    1.4866666666666666e+2 1.4866666666666666e+2 1.4866666666666666e+2 1.4875e+2
    1.4875e+2 1.4875e+2 1.4875e+2 1.4878571428571428e+2 1.4885714285714286e+2
    1.49e+2 1.49e+2 1.49e+2 1.49e+2 1.49e+2 1.49e+2 1.49e+2 1.49e+2 1.49e+2
    1.49e+2 1.49e+2 1.49e+2 1.49e+2 1.49e+2 1.49e+2 1.49e+2 1.49e+2 1.49e+2
    1.49e+2 1.49e+2 1.49e+2 1.49e+2 1.49e+2 1.49e+2 1.49e+2 1.49e+2
    1.4909999999999999e+2 1.4925e+2 1.4925e+2 1.4925e+2 1.4933333333333334e+2
    1.4933333333333334e+2 1.4940000000000001e+2 1.4940000000000001e+2
    1.4942857142857142e+2 1.495e+2 1.495e+2 1.495e+2 1.495e+2 1.495e+2 1.495e+2
    1.4958333333333334e+2 1.4966666666666666e+2 1.4966666666666666e+2
    1.4966666666666666e+2 1.4975e+2 1.4975e+2 1.4980000000000001e+2
    1.4985714285714286e+2 1.4985714285714286e+2 1.5e+2 1.5e+2 1.5e+2 1.5e+2
    1.5e+2 1.5e+2 1.5e+2 1.5e+2 1.5e+2 1.5e+2 1.5e+2 1.5e+2 1.5e+2 1.5e+2
    1.5e+2 1.5e+2 1.5e+2 1.5e+2 1.5e+2 1.5e+2 1.5e+2 1.5e+2 1.5e+2
    1.5019999999999999e+2 1.5019999999999999e+2 1.5025e+2 1.5025e+2
    1.5033333333333334e+2 1.5033333333333334e+2 1.5033333333333334e+2 1.505e+2
    1.505e+2 1.505e+2 1.505e+2 1.505e+2 1.5052631578947367e+2
    1.5059999999999999e+2 1.5066666666666666e+2 1.5080000000000001e+2
    1.5080000000000001e+2 1.5091666666666666e+2 1.51e+2 1.51e+2 1.51e+2 1.51e+2
    1.51e+2 1.51e+2 1.51e+2 1.51e+2 1.51e+2 1.51e+2 1.51e+2 1.51e+2 1.51e+2
    1.51e+2 1.51e+2 1.51e+2 1.51e+2 1.51e+2 1.51e+2 1.51e+2
    1.5114285714285714e+2 1.5116666666666666e+2 1.5116666666666666e+2
    1.5119999999999999e+2 1.5119999999999999e+2 1.5125e+2 1.5128571428571428e+2
    1.5133333333333334e+2 1.5133333333333334e+2 1.5141666666666666e+2
    1.5142857142857142e+2 1.515e+2 1.515e+2 1.515e+2 1.515e+2 1.515e+2
    1.5159999999999999e+2 1.5166666666666666e+2 1.5166666666666666e+2
    1.5166666666666666e+2 1.5168421052631578e+2 1.5171428571428572e+2 1.5175e+2
    1.5175e+2 1.5183333333333334e+2 1.52e+2 1.52e+2 1.52e+2 1.52e+2 1.52e+2
    1.52e+2 1.52e+2 1.52e+2 1.52e+2 1.52e+2 1.52e+2 1.52e+2 1.52e+2 1.52e+2
    1.52e+2 1.52e+2 1.52e+2 1.52e+2 1.52e+2 1.52e+2 1.5208333333333334e+2
    1.5216666666666666e+2 1.5225e+2 1.5225e+2 1.5228571428571428e+2
    1.5233333333333334e+2 1.5233333333333334e+2 1.5235294117647058e+2
    1.5240000000000001e+2 1.5246666666666667e+2 1.525e+2 1.525e+2 1.525e+2
    1.525e+2 1.525e+2 1.525e+2 1.525e+2 1.5257142857142858e+2
    1.5259999999999999e+2 1.52625e+2 1.5266666666666666e+2
    1.5266666666666666e+2 1.5266666666666666e+2 1.5275e+2 1.5275e+2
    1.5280000000000001e+2 1.5280000000000001e+2 1.53e+2 1.53e+2 1.53e+2 1.53e+2
    1.53e+2 1.53e+2 1.53e+2 1.53e+2 1.53e+2 1.53e+2 1.53e+2 1.53e+2
    1.5314285714285714e+2 1.5319999999999999e+2 1.5325e+2 1.5325e+2
    1.5333333333333334e+2 1.5333333333333334e+2 1.5340000000000001e+2
    1.5340000000000001e+2 1.535e+2 1.535e+2 1.535e+2 1.535e+2
    1.5363157894736841e+2 1.5366666666666666e+2 1.5366666666666666e+2
    1.5366666666666666e+2 1.5366666666666666e+2 1.5366666666666666e+2
    1.5366666666666666e+2 1.5366666666666666e+2 1.5369999999999999e+2
    1.5372727272727272e+2 1.5375e+2 1.5380000000000001e+2 1.54e+2 1.54e+2
    1.54e+2 1.54e+2 1.54e+2 1.54e+2 1.54e+2 1.54e+2 1.54e+2 1.54e+2 1.54e+2
    1.54e+2 1.54e+2 1.54e+2 1.54e+2 1.54e+2 1.54e+2 1.54e+2 1.54e+2 1.54e+2
    1.54e+2 1.54e+2 1.54e+2 1.54e+2 1.54e+2 1.5409999999999999e+2 1.5425e+2
    1.5428571428571428e+2 1.5433333333333334e+2 1.5433333333333334e+2
    1.5440000000000001e+2 1.545e+2 1.545e+2 1.545e+2 1.545e+2 1.545e+2 1.545e+2
    1.545e+2 1.5457142857142858e+2 1.5459999999999999e+2 1.5459999999999999e+2
    1.5466666666666666e+2 1.5469999999999999e+2 1.5475e+2 1.5477777777777777e+2
    1.5480000000000001e+2 1.5483333333333334e+2 1.54875e+2 1.55e+2 1.55e+2
    1.55e+2 1.55e+2 1.55e+2 1.55e+2 1.55e+2 1.55e+2 1.55e+2 1.55e+2 1.55e+2
    1.55e+2 1.55e+2 1.55e+2 1.55e+2 1.55e+2 1.55e+2 1.55e+2 1.55e+2
    1.5509090909090909e+2 1.551764705882353e+2 1.5519999999999999e+2
    1.5519999999999999e+2 1.5519999999999999e+2 1.5525e+2 1.5525e+2 1.5525e+2
    1.5533333333333334e+2 1.5533333333333334e+2 1.5533333333333334e+2
    1.5533333333333334e+2 1.5536363636363637e+2 1.55375e+2
    1.5540000000000001e+2 1.5540000000000001e+2 1.5546153846153845e+2 1.555e+2
    1.555e+2 1.555e+2 1.555e+2 1.555e+2 1.555e+2 1.555e+2 1.555e+2
    1.5557142857142858e+2 1.5566666666666666e+2 1.5566666666666666e+2 1.5575e+2
    1.5575e+2 1.5580000000000001e+2 1.5583333333333334e+2 1.56e+2 1.56e+2
    1.56e+2 1.56e+2 1.56e+2 1.56e+2 1.56e+2 1.56e+2 1.56e+2 1.56e+2 1.56e+2
    1.56e+2 1.56e+2 1.56e+2 1.5605882352941177e+2 1.5616666666666666e+2
    1.5619999999999999e+2 1.5625e+2 1.5625e+2 1.5633333333333334e+2
    1.5633333333333334e+2 1.5640000000000001e+2 1.565e+2 1.565e+2 1.565e+2
    1.565e+2 1.565e+2 1.565e+2 1.565e+2 1.565e+2 1.5658333333333334e+2
    1.5666666666666666e+2 1.5666666666666666e+2 1.5666666666666666e+2
    1.5666666666666666e+2 1.5675e+2 1.5675e+2 1.5676470588235293e+2
    1.5680000000000001e+2 1.5680000000000001e+2 1.5683333333333334e+2
    1.5685714285714286e+2 1.57e+2 1.57e+2 1.57e+2 1.57e+2 1.57e+2 1.57e+2
    1.57e+2 1.57e+2 1.57e+2 1.57e+2 1.57e+2 1.57e+2 1.57e+2 1.57e+2 1.57e+2
    1.57e+2 1.57e+2 1.57e+2 1.57e+2 1.57e+2 1.57e+2 1.5716666666666666e+2
    1.5716666666666666e+2 1.5725e+2 1.5725e+2 1.5725e+2 1.5725e+2
    1.5733333333333334e+2 1.5733333333333334e+2 1.5733333333333334e+2
    1.5733333333333334e+2 1.5740000000000001e+2 1.5742857142857142e+2 1.575e+2
    1.575e+2 1.575e+2 1.5759999999999999e+2 1.5766666666666666e+2
    1.5766666666666666e+2 1.5766666666666666e+2 1.5766666666666666e+2
    1.5772727272727272e+2 1.5775e+2 1.5780000000000001e+2 1.5785714285714286e+2
    1.58e+2 1.58e+2 1.58e+2 1.58e+2 1.58e+2 1.58e+2 1.58e+2 1.58e+2 1.58e+2
    1.58e+2 1.58e+2 1.58e+2 1.58e+2 1.58e+2 1.58e+2 1.58e+2 1.58e+2 1.58e+2
    1.58e+2 1.58e+2 1.58e+2 1.58e+2 1.58125e+2 1.5814285714285714e+2
    1.5819999999999999e+2 1.5825e+2 1.5831578947368422e+2 1.5833333333333334e+2
    1.5840000000000001e+2 1.5840000000000001e+2 1.585e+2 1.585e+2 1.585e+2
    1.585e+2 1.585e+2 1.585e+2 1.5859999999999999e+2 1.5866666666666666e+2
    1.5866666666666666e+2 1.5875e+2 1.5875e+2 1.5875e+2 1.5880000000000001e+2
    1.5883333333333334e+2 1.5883333333333334e+2 1.59e+2 1.59e+2 1.59e+2 1.59e+2
    1.59e+2 1.59e+2 1.59e+2 1.59e+2 1.59e+2 1.59e+2 1.59e+2 1.59e+2 1.59e+2
    1.59e+2 1.5914285714285714e+2 1.5916666666666666e+2 1.5919999999999999e+2
    1.5919999999999999e+2 1.5919999999999999e+2 1.5919999999999999e+2 1.5925e+2
    1.5925e+2 1.5925e+2 1.5928571428571428e+2 1.5933333333333334e+2
    1.5933333333333334e+2 1.5940000000000001e+2 1.595e+2 1.595e+2 1.595e+2
    1.595e+2 1.595e+2 1.595e+2 1.595e+2 1.5966666666666666e+2
    1.5966666666666666e+2 1.5966666666666666e+2 1.5977777777777777e+2
    1.5983333333333334e+2 1.5984210526315789e+2 1.5995454545454547e+2 1.6e+2
    1.6e+2 1.6e+2 1.6e+2 1.6e+2 1.6e+2 1.6e+2 1.6e+2 1.6e+2 1.6e+2 1.6e+2
    1.6e+2 1.6e+2 1.6e+2 1.6e+2 1.6e+2 1.6e+2 1.6016666666666666e+2
    1.601764705882353e+2 1.6021052631578948e+2 1.6025e+2 1.6030000000000001e+2
    1.6033333333333334e+2 1.6033333333333334e+2 1.6044444444444446e+2 1.605e+2
    1.605e+2 1.605e+2 1.605e+2 1.6058333333333334e+2 1.6059999999999999e+2
    1.6066666666666666e+2 1.6066666666666666e+2 1.6066666666666666e+2 1.6075e+2
    1.6075e+2 1.6075e+2 1.6080000000000001e+2 1.6083333333333334e+2 1.61e+2
    1.61e+2 1.61e+2 1.61e+2 1.61e+2 1.61e+2 1.61e+2 1.61e+2 1.61e+2
    1.6116666666666666e+2 1.6119999999999999e+2 1.6121428571428572e+2 1.6125e+2
    1.6128571428571428e+2 1.6133333333333334e+2 1.6133333333333334e+2
    1.6133333333333334e+2 1.6140000000000001e+2 1.6140000000000001e+2
    1.6142857142857142e+2 1.615e+2 1.615e+2 1.615e+2 1.615e+2
    1.6159999999999999e+2 1.6166666666666666e+2 1.6166666666666666e+2
    1.6166666666666666e+2 1.6175e+2 1.6175e+2 1.6176470588235293e+2
    1.6183333333333334e+2 1.62e+2 1.62e+2 1.62e+2 1.62e+2 1.62e+2 1.62e+2
    1.62e+2 1.62e+2 1.62e+2 1.62e+2 1.62e+2 1.62e+2 1.6208333333333334e+2
    1.6216666666666666e+2 1.6219999999999999e+2 1.6219999999999999e+2 1.6225e+2
    1.6233333333333334e+2 1.62375e+2 1.6240000000000001e+2
    1.6247058823529412e+2 1.625e+2 1.625e+2 1.625e+2 1.625e+2 1.625e+2 1.625e+2
    1.625e+2 1.6255555555555554e+2 1.6259999999999999e+2 1.6264705882352942e+2
    1.6266666666666666e+2 1.6266666666666666e+2 1.6266666666666666e+2
    1.6266666666666666e+2 1.6266666666666666e+2 1.6275e+2 1.6275e+2
    1.6280000000000001e+2 1.6283333333333334e+2 1.6290000000000001e+2 1.63e+2
    1.63e+2 1.63e+2 1.63e+2 1.63e+2 1.63e+2 1.63e+2 1.63e+2 1.63e+2
    1.6311764705882354e+2 1.6316666666666666e+2 1.6325e+2 1.6333333333333334e+2
    1.6333333333333334e+2 1.6333333333333334e+2 1.6333333333333334e+2
    1.6333333333333334e+2 1.6340000000000001e+2 1.6340000000000001e+2 1.635e+2
    1.635e+2 1.635e+2 1.635e+2 1.6357142857142858e+2 1.6359999999999999e+2
    1.6359999999999999e+2 1.6366666666666666e+2 1.6375e+2 1.6375e+2
    1.6380000000000001e+2 1.64e+2 1.64e+2 1.64e+2 1.64e+2 1.64e+2 1.64e+2
    1.64e+2 1.64e+2 1.64e+2 1.64e+2 1.64e+2 1.6411111111111111e+2
    1.6414285714285714e+2 1.6416666666666666e+2 1.6416666666666666e+2
    1.6419999999999999e+2 1.6425e+2 1.6433333333333334e+2 1.6433333333333334e+2
    1.64375e+2 1.6440000000000001e+2 1.645e+2 1.645e+2 1.645e+2 1.645e+2
    1.645e+2 1.645e+2 1.6464705882352942e+2 1.6466666666666666e+2
    1.6466666666666666e+2 1.6475e+2 1.6480000000000001e+2 1.65e+2 1.65e+2
    1.65e+2 1.65e+2 1.65e+2 1.65e+2 1.65e+2 1.65e+2 1.65e+2 1.65e+2 1.65e+2
    1.65e+2 1.65e+2 1.65e+2 1.6511111111111111e+2 1.6516666666666666e+2
    1.6519999999999999e+2 1.6525e+2 1.6525e+2 1.6533333333333334e+2
    1.6533333333333334e+2 1.6533333333333334e+2 1.6533333333333334e+2
    1.6540000000000001e+2 1.655e+2 1.655e+2 1.6559999999999999e+2
    1.6566666666666666e+2 1.6566666666666666e+2 1.6566666666666666e+2
    1.6568421052631578e+2 1.6580000000000001e+2 1.6580000000000001e+2
    1.6585714285714286e+2 1.6594117647058823e+2 1.66e+2 1.66e+2 1.66e+2 1.66e+2
    1.66e+2 1.66e+2 1.66e+2 1.66e+2 1.66e+2 1.6611764705882354e+2
    1.6619999999999999e+2 1.6625e+2 1.6628571428571428e+2 1.6630000000000001e+2
    1.6633333333333334e+2 1.6633333333333334e+2 1.6633333333333334e+2
    1.6633333333333334e+2 1.6642105263157896e+2 1.665e+2 1.665e+2 1.665e+2
    1.665e+2 1.665e+2 1.6657142857142858e+2 1.6657142857142858e+2
    1.6659999999999999e+2 1.6666666666666666e+2 1.6669999999999999e+2
    1.6671428571428572e+2 1.6677777777777777e+2 1.6680000000000001e+2
    1.6680000000000001e+2 1.6690000000000001e+2 1.67e+2 1.67e+2 1.67e+2 1.67e+2
    1.67e+2 1.67e+2 1.67e+2 1.67e+2 1.67e+2 1.67e+2 1.67e+2 1.67e+2 1.67e+2
    1.67e+2 1.67125e+2 1.6716666666666666e+2 1.6718181818181819e+2
    1.6719999999999999e+2 1.6719999999999999e+2 1.6725e+2 1.6733333333333334e+2
    1.6733333333333334e+2 1.6740000000000001e+2 1.675e+2 1.675e+2 1.675e+2
    1.675e+2 1.675e+2 1.6758333333333334e+2 1.6759999999999999e+2
    1.6766666666666666e+2 1.6766666666666666e+2 1.6766666666666666e+2 1.6775e+2
    1.6780000000000001e+2 1.6783333333333334e+2 1.6790000000000001e+2 1.68e+2
    1.68e+2 1.68e+2 1.68e+2 1.68e+2 1.68e+2 1.68e+2 1.68e+2 1.68e+2 1.68e+2
    1.68e+2 1.68e+2 1.68e+2 1.68e+2 1.68e+2 1.68e+2 1.6808333333333334e+2
    1.6816666666666666e+2 1.6825e+2 1.6825e+2 1.6828571428571428e+2
    1.6829411764705881e+2 1.6833333333333334e+2 1.6833333333333334e+2
    1.68375e+2 1.6846666666666667e+2 1.685e+2 1.685e+2 1.685e+2 1.685e+2
    1.6857142857142858e+2 1.6859999999999999e+2 1.6866666666666666e+2
    1.6866666666666666e+2 1.6866666666666666e+2 1.6871428571428572e+2
    1.6880000000000001e+2 1.6888235294117646e+2 1.69e+2 1.69e+2 1.69e+2 1.69e+2
    1.69e+2 1.69e+2 1.69e+2 1.69e+2 1.69e+2 1.69e+2 1.69e+2 1.69e+2 1.69e+2
    1.69e+2 1.69e+2 1.69e+2 1.69e+2 1.69e+2 1.6913333333333333e+2
    1.6919999999999999e+2 1.6919999999999999e+2 1.6919999999999999e+2 1.6925e+2
    1.6930000000000001e+2 1.6933333333333334e+2 1.6940000000000001e+2
    1.6940000000000001e+2 1.6940000000000001e+2 1.6941666666666666e+2 1.695e+2
    1.695e+2 1.695e+2 1.695e+2 1.6957142857142858e+2 1.6959999999999999e+2
    1.6966666666666666e+2 1.6966666666666666e+2 1.6966666666666666e+2
    1.6966666666666666e+2 1.6975e+2 1.6980000000000001e+2 1.6983333333333334e+2
    1.6986666666666667e+2 1.7e+2 1.7e+2 1.7e+2 1.7e+2 1.7e+2 1.7e+2 1.7e+2
    1.7e+2 1.7e+2 1.7e+2 1.7e+2 1.7e+2 1.7e+2 1.7e+2 1.7e+2
    1.7016666666666666e+2 1.7016666666666666e+2 1.7025e+2 1.7025e+2
    1.7033333333333334e+2 1.7033333333333334e+2 1.7033333333333334e+2
    1.7033333333333334e+2 1.7040000000000001e+2 1.7040000000000001e+2 1.705e+2
    1.705e+2 1.705e+2 1.7058333333333334e+2 1.7059999999999999e+2
    1.7066666666666666e+2 1.7069999999999999e+2 1.7071428571428572e+2
    1.7077777777777777e+2 1.7080000000000001e+2 1.7083333333333334e+2
    1.7088888888888889e+2 1.7091666666666666e+2 1.71e+2 1.71e+2 1.71e+2 1.71e+2
    1.71e+2 1.71e+2 1.71e+2 1.71e+2 1.71e+2 1.71e+2 1.71e+2 1.71e+2 1.71e+2
    1.71e+2 1.71e+2 1.71e+2 1.71e+2 1.71e+2 1.7114285714285714e+2 1.7125e+2
    1.7125e+2 1.7133333333333334e+2 1.715e+2 1.715e+2 1.715e+2 1.715e+2
    1.7155555555555554e+2 1.7159999999999999e+2 1.7159999999999999e+2
    1.7166666666666666e+2 1.7171428571428572e+2 1.7175e+2 1.7175e+2 1.7175e+2
    1.7175e+2 1.7180000000000001e+2 1.7180000000000001e+2 1.7183333333333334e+2
    1.7193333333333334e+2 1.72e+2 1.72e+2 1.72e+2 1.72e+2 1.72e+2 1.72e+2
    1.72e+2 1.72e+2 1.72e+2 1.72e+2 1.72e+2 1.72e+2 1.72e+2 1.72e+2 1.72e+2
    1.72e+2 1.7208333333333334e+2 1.7209999999999999e+2 1.7211111111111111e+2
    1.7225e+2 1.7230000000000001e+2 1.7233333333333334e+2 1.7233333333333334e+2
    1.7233333333333334e+2 1.7244444444444446e+2 1.725e+2 1.725e+2 1.725e+2
    1.7266666666666666e+2 1.7266666666666666e+2 1.7266666666666666e+2 1.7275e+2
    1.7280000000000001e+2 1.7280000000000001e+2 1.7280000000000001e+2
    1.72875e+2 1.7291666666666666e+2 1.73e+2 1.73e+2 1.73e+2 1.73e+2 1.73e+2
    1.73e+2 1.73e+2 1.73e+2 1.73e+2 1.73e+2 1.73e+2 1.73e+2
    1.7308333333333334e+2 1.7319999999999999e+2 1.7319999999999999e+2 1.7325e+2
    1.7333333333333334e+2 1.7333333333333334e+2 1.7340000000000001e+2
    1.7342857142857142e+2 1.735e+2 1.735e+2 1.735e+2 1.735e+2
    1.7366666666666666e+2 1.7380000000000001e+2 1.7380000000000001e+2
    1.7380000000000001e+2 1.7390000000000001e+2 1.74e+2 1.74e+2 1.74e+2 1.74e+2
    1.74e+2 1.74e+2 1.74e+2 1.74e+2 1.74e+2 1.74e+2 1.74e+2 1.74e+2 1.74e+2
    1.74e+2 1.74e+2 1.74e+2 1.74e+2 1.74e+2 1.74e+2 1.74e+2 1.74e+2 1.7425e+2
    1.7425e+2 1.7433333333333334e+2 1.7433333333333334e+2 1.7433333333333334e+2
    1.7440000000000001e+2 1.7440000000000001e+2 1.745e+2 1.7457142857142858e+2
    1.7458333333333334e+2 1.7459999999999999e+2 1.74625e+2
    1.7466666666666666e+2 1.7466666666666666e+2 1.7466666666666666e+2
    1.7480000000000001e+2 1.7483333333333334e+2 1.7491666666666666e+2 1.75e+2
    1.75e+2 1.75e+2 1.75e+2 1.75e+2 1.75e+2 1.75e+2 1.75e+2
    1.7508333333333334e+2 1.7514285714285714e+2 1.7519999999999999e+2 1.7525e+2
    1.7525e+2 1.7528571428571428e+2 1.7530000000000001e+2 1.7533333333333334e+2
    1.7533333333333334e+2 1.7540000000000001e+2 1.755e+2 1.755e+2 1.755e+2
    1.755e+2 1.7566666666666666e+2 1.7568421052631578e+2 1.7571428571428572e+2
    1.7575e+2 1.7580000000000001e+2 1.7580000000000001e+2 1.76e+2 1.76e+2
    1.76e+2 1.76e+2 1.76e+2 1.76e+2 1.76e+2 1.76e+2 1.7605882352941177e+2
    1.7619999999999999e+2 1.7619999999999999e+2 1.7619999999999999e+2
    1.7619999999999999e+2 1.7625e+2 1.7633333333333334e+2 1.7633333333333334e+2
    1.7633333333333334e+2 1.7640000000000001e+2 1.7640000000000001e+2
    1.7641666666666666e+2 1.765e+2 1.765e+2 1.765e+2 1.765e+2
    1.7657142857142858e+2 1.7668421052631578e+2 1.7675e+2 1.7675e+2
    1.7680000000000001e+2 1.7685714285714286e+2 1.77e+2 1.77e+2 1.77e+2 1.77e+2
    1.77e+2 1.77e+2 1.77e+2 1.7709090909090909e+2 1.7711764705882354e+2
    1.7716666666666666e+2 1.7719999999999999e+2 1.7730000000000001e+2
    1.7733333333333334e+2 1.7733333333333334e+2 1.7733333333333334e+2 1.775e+2
    1.775e+2 1.7759999999999999e+2 1.7759999999999999e+2 1.7766666666666666e+2
    1.7766666666666666e+2 1.7775e+2 1.7775e+2 1.7783333333333334e+2 1.77875e+2
    1.7791666666666666e+2 1.78e+2 1.78e+2 1.78e+2 1.78e+2 1.78e+2 1.78e+2
    1.78e+2 1.78e+2 1.78e+2 1.78e+2 1.78e+2 1.78e+2 1.7809999999999999e+2
    1.7816666666666666e+2 1.7825e+2 1.7828571428571428e+2 1.7833333333333334e+2
    1.7833333333333334e+2 1.7836363636363637e+2 1.785e+2 1.785e+2
    1.7857142857142858e+2 1.7859999999999999e+2 1.7859999999999999e+2
    1.7859999999999999e+2 1.78625e+2 1.7866666666666666e+2 1.7875e+2
    1.7880000000000001e+2 1.7886666666666667e+2 1.79e+2 1.79e+2 1.79e+2 1.79e+2
    1.79e+2 1.79e+2 1.79e+2 1.79e+2 1.79e+2 1.7914285714285714e+2
    1.7916666666666666e+2 1.7925e+2 1.7933333333333334e+2 1.7933333333333334e+2
    1.7940000000000001e+2 1.795e+2 1.795e+2 1.795e+2 1.795e+2
    1.7959999999999999e+2 1.7969999999999999e+2 1.7969999999999999e+2
    1.7980000000000001e+2 1.7980000000000001e+2 1.7983333333333334e+2
    1.7983333333333334e+2 1.7983333333333334e+2 1.7990000000000001e+2 1.8e+2
    1.8e+2 1.8e+2 1.8e+2 1.8e+2 1.8e+2 1.8e+2 1.8e+2 1.8009999999999999e+2
    1.8014285714285714e+2 1.8016666666666666e+2 1.8019999999999999e+2 1.8025e+2
    1.8033333333333334e+2 1.805e+2 1.805e+2 1.805e+2 1.805e+2 1.805e+2
    1.80625e+2 1.8066666666666666e+2 1.8066666666666666e+2
    1.8066666666666666e+2 1.8071428571428572e+2 1.8080000000000001e+2
    1.8085714285714286e+2 1.81e+2 1.81e+2 1.81e+2 1.81e+2 1.81e+2 1.81e+2
    1.81e+2 1.8116666666666666e+2 1.8119999999999999e+2 1.8126666666666668e+2
    1.8133333333333334e+2 1.81375e+2 1.8140000000000001e+2
    1.8142857142857142e+2 1.815e+2 1.815e+2 1.815e+2 1.815e+2 1.815e+2
    1.8154545454545453e+2 1.8159999999999999e+2 1.8166666666666666e+2
    1.8166666666666666e+2 1.8166666666666666e+2 1.8166666666666666e+2
    1.8173333333333332e+2 1.8175e+2 1.8175e+2 1.8180000000000001e+2
    1.8185714285714286e+2 1.8185714285714286e+2 1.8185714285714286e+2
    1.8190000000000001e+2 1.82e+2 1.82e+2 1.82e+2 1.82e+2 1.82e+2 1.82e+2
    1.82e+2 1.82e+2 1.82e+2 1.82e+2 1.8216666666666666e+2 1.8219999999999999e+2
    1.8219999999999999e+2 1.8225e+2 1.8230000000000001e+2 1.8233333333333334e+2
    1.8240000000000001e+2 1.825e+2 1.8259999999999999e+2 1.8275e+2
    1.8276470588235293e+2 1.8284615384615384e+2 1.83e+2 1.83e+2 1.83e+2 1.83e+2
    1.83e+2 1.83e+2 1.83e+2 1.83e+2 1.83e+2 1.8309999999999999e+2
    1.8333333333333334e+2 1.8340000000000001e+2 1.835e+2 1.835e+2 1.835e+2
    1.835e+2 1.8359999999999999e+2 1.8366666666666666e+2 1.8375e+2
    1.8380000000000001e+2 1.8383333333333334e+2 1.8390000000000001e+2 1.84e+2
    1.84e+2 1.84e+2 1.84e+2 1.84e+2 1.84e+2 1.84e+2 1.84e+2 1.84e+2
    1.8409999999999999e+2 1.8416666666666666e+2 1.8419999999999999e+2
    1.8419999999999999e+2 1.8426666666666668e+2 1.8433333333333334e+2
    1.8433333333333334e+2 1.8440000000000001e+2 1.8440000000000001e+2 1.845e+2
    1.845e+2 1.845e+2 1.8457142857142858e+2 1.8466666666666666e+2
    1.8466666666666666e+2 1.8468421052631578e+2 1.8475e+2 1.8475e+2
    1.8480000000000001e+2 1.85e+2 1.85e+2 1.85e+2 1.85e+2 1.85e+2 1.85e+2
    1.85e+2 1.85e+2 1.85e+2 1.8505882352941177e+2 1.8509999999999999e+2
    1.8516666666666666e+2 1.8516666666666666e+2 1.8525e+2 1.8525e+2 1.8525e+2
    1.8530000000000001e+2 1.8533333333333334e+2 1.8540000000000001e+2 1.855e+2
    1.855e+2 1.855e+2 1.855e+2 1.855e+2 1.8566666666666666e+2 1.8575e+2
    1.8575e+2 1.8580000000000001e+2 1.8588888888888889e+2 1.86e+2 1.86e+2
    1.86e+2 1.86e+2 1.86e+2 1.86e+2 1.86e+2 1.86e+2 1.8608333333333334e+2
    1.8616666666666666e+2 1.8619999999999999e+2 1.8619999999999999e+2 1.8625e+2
    1.8640000000000001e+2 1.865e+2 1.865e+2 1.8657142857142858e+2
    1.8666666666666666e+2 1.8666666666666666e+2 1.8666666666666666e+2
    1.8669999999999999e+2 1.8680000000000001e+2 1.87e+2 1.87e+2 1.87e+2 1.87e+2
    1.87e+2 1.87e+2 1.8719999999999999e+2 1.8719999999999999e+2 1.8725e+2
    1.8733333333333334e+2 1.8733333333333334e+2 1.875e+2 1.875e+2 1.875e+2
    1.875e+2 1.8766666666666666e+2 1.8766666666666666e+2 1.8771428571428572e+2
    1.8775e+2 1.8775e+2 1.8775e+2 1.8790000000000001e+2 1.8790000000000001e+2
    1.88e+2 1.88e+2 1.88e+2 1.88e+2 1.88e+2 1.88e+2 1.88e+2
    1.8819999999999999e+2 1.8819999999999999e+2 1.8825e+2 1.8833333333333334e+2
    1.8833333333333334e+2 1.8833333333333334e+2 1.8833333333333334e+2
    1.88375e+2 1.8840000000000001e+2 1.885e+2 1.885e+2 1.885e+2
    1.8859999999999999e+2 1.8875e+2 1.8875e+2 1.8875e+2 1.8880000000000001e+2
    1.8880000000000001e+2 1.8883333333333334e+2 1.8886666666666667e+2
    1.8891666666666666e+2 1.89e+2 1.89e+2 1.89e+2 1.89e+2 1.89e+2 1.89e+2
    1.89e+2 1.89e+2 1.8919999999999999e+2 1.8925e+2 1.8928571428571428e+2
    1.8930000000000001e+2 1.8933333333333334e+2 1.8940000000000001e+2
    1.8940000000000001e+2 1.895e+2 1.895e+2 1.895e+2 1.8959999999999999e+2
    1.8966666666666666e+2 1.8975e+2 1.8983333333333334e+2 1.8991666666666666e+2
    1.9e+2 1.9e+2 1.9e+2 1.9e+2 1.9e+2 1.9e+2 1.9e+2 1.9008333333333334e+2
    1.9019999999999999e+2 1.9025e+2 1.9030000000000001e+2 1.9033333333333334e+2
    1.9040000000000001e+2 1.9041666666666666e+2 1.905e+2 1.905e+2 1.905e+2
    1.9059999999999999e+2 1.9080000000000001e+2 1.9083333333333334e+2 1.91e+2
    1.91e+2 1.91e+2 1.91e+2 1.91e+2 1.91e+2 1.91e+2 1.91125e+2
    1.9119999999999999e+2 1.9133333333333334e+2 1.9140000000000001e+2 1.915e+2
    1.915e+2 1.915e+2 1.915e+2 1.9159999999999999e+2 1.9166666666666666e+2
    1.9166666666666666e+2 1.9175e+2 1.9185714285714286e+2 1.92e+2 1.92e+2
    1.92e+2 1.92e+2 1.92e+2 1.92e+2 1.9219999999999999e+2 1.9225e+2
    1.9228571428571428e+2 1.9240000000000001e+2 1.9240000000000001e+2
    1.9240000000000001e+2 1.925e+2 1.925e+2 1.925e+2 1.9259999999999999e+2
    1.9266666666666666e+2 1.9269230769230768e+2 1.9275e+2 1.9280000000000001e+2
    1.9280000000000001e+2 1.9283333333333334e+2 1.93e+2 1.93e+2 1.93e+2 1.93e+2
    1.93e+2 1.93e+2 1.93e+2 1.93e+2 1.93e+2 1.93e+2 1.93e+2 1.93e+2 1.93e+2
    1.93e+2 1.93e+2 1.93e+2 1.93e+2 1.93e+2 1.93e+2 1.93e+2
    1.9316666666666666e+2 1.9330000000000001e+2 1.9330000000000001e+2
    1.9333333333333334e+2 1.9340000000000001e+2 1.935e+2 1.9359999999999999e+2
    1.9366666666666666e+2 1.9375e+2 1.9383333333333334e+2 1.9390000000000001e+2
    1.94e+2 1.94e+2 1.94e+2 1.94e+2 1.94e+2 1.94e+2 1.94e+2 1.94e+2 1.94e+2
    1.94e+2 1.94e+2 1.94e+2 1.94e+2 1.94e+2 1.94e+2 1.94e+2 1.94e+2 1.94e+2
    1.94e+2 1.94e+2 1.94e+2 1.94e+2 1.94e+2 1.9416666666666666e+2
    1.9419999999999999e+2 1.9433333333333334e+2 1.9440000000000001e+2 1.945e+2
    1.945e+2 1.9454545454545453e+2 1.9466666666666666e+2 1.95e+2 1.95e+2
    1.95e+2 1.95e+2 1.95e+2 1.95e+2 1.95e+2 1.95e+2 1.9509999999999999e+2
    1.9516666666666666e+2 1.951764705882353e+2 1.9525e+2 1.9540000000000001e+2
    1.9540000000000001e+2 1.9546666666666667e+2 1.955e+2 1.9558333333333334e+2
    1.9566666666666666e+2 1.9576470588235293e+2 1.9585714285714286e+2 1.96e+2
    1.96e+2 1.96e+2 1.96e+2 1.96e+2 1.96e+2 1.96e+2 1.96e+2 1.96e+2 1.96e+2
    1.9616666666666666e+2 1.9619999999999999e+2 1.9619999999999999e+2
    1.9622222222222223e+2 1.9633333333333334e+2 1.9633333333333334e+2
    1.9642857142857142e+2 1.965e+2 1.965e+2 1.965e+2 1.9659999999999999e+2
    1.9666666666666666e+2 1.9680000000000001e+2 1.9690000000000001e+2 1.97e+2
    1.97e+2 1.97e+2 1.97e+2 1.97e+2 1.97e+2 1.97e+2 1.9709999999999999e+2
    1.9733333333333334e+2 1.975e+2 1.975e+2 1.975e+2 1.975e+2
    1.9757142857142858e+2 1.9775e+2 1.98e+2 1.98e+2 1.98e+2 1.98e+2 1.98e+2
    1.98e+2 1.98e+2 1.9825e+2 1.9840000000000001e+2 1.9840000000000001e+2
    1.985e+2 1.985e+2 1.9866666666666666e+2 1.9875e+2 1.9880000000000001e+2
    1.9883333333333334e+2 1.99e+2 1.99e+2 1.99e+2 1.99e+2 1.9908333333333334e+2
    1.9919999999999999e+2 1.9919999999999999e+2 1.9925e+2 1.9940000000000001e+2
    1.995e+2 1.995e+2 1.995e+2 1.9959999999999999e+2 1.9966666666666666e+2
    1.9966666666666666e+2 1.9969999999999999e+2 1.9980000000000001e+2
    1.9986666666666667e+2 1.9990000000000001e+2 2.0e+2 2.0e+2 2.0e+2 2.0e+2
    2.0e+2 2.0e+2 2.0e+2 2.0011111111111111e+2 2.0019999999999999e+2
    2.0027272727272728e+2 2.0033333333333334e+2 2.0033333333333334e+2
    2.0040000000000001e+2 2.0040000000000001e+2 2.005e+2 2.005e+2
    2.0066666666666666e+2 2.0066666666666666e+2 2.0078571428571428e+2
    2.0080000000000001e+2 2.01e+2 2.01e+2 2.01e+2 2.01e+2 2.01e+2 2.01e+2
    2.01e+2 2.01e+2 2.0109999999999999e+2 2.0119999999999999e+2 2.0125e+2
    2.0130000000000001e+2 2.015e+2 2.015e+2 2.0155000000000001e+2
    2.0166666666666666e+2 2.0166666666666666e+2 2.0169999999999999e+2
    2.0180000000000001e+2 2.02e+2 2.02e+2 2.02e+2 2.02e+2 2.0219999999999999e+2
    2.0219999999999999e+2 2.0219999999999999e+2 2.0225e+2 2.0233333333333334e+2
    2.0240000000000001e+2 2.025e+2 2.0275e+2 2.03e+2 2.03e+2 2.03e+2 2.03e+2
    2.03e+2 2.03e+2 2.03e+2 2.03e+2 2.0309999999999999e+2 2.0342857142857142e+2
    2.035e+2 2.0366666666666666e+2 2.0366666666666666e+2 2.0380000000000001e+2
    2.04e+2 2.04e+2 2.04e+2 2.04e+2 2.04e+2 2.04e+2 2.0413333333333333e+2
    2.0419999999999999e+2 2.0419999999999999e+2 2.0428571428571428e+2
    2.0444444444444446e+2 2.0457142857142858e+2 2.0469999999999999e+2
    2.0480000000000001e+2 2.05e+2 2.05e+2 2.05e+2 2.05e+2 2.05e+2
    2.0519999999999999e+2 2.0530000000000001e+2 2.0533333333333334e+2
    2.0533333333333334e+2 2.0545833333333334e+2 2.055e+2 2.0557142857142858e+2
    2.0566666666666666e+2 2.0566666666666666e+2 2.0573333333333332e+2
    2.058235294117647e+2 2.06e+2 2.06e+2 2.06e+2 2.06e+2 2.06e+2 2.06e+2
    2.06e+2 2.0609999999999999e+2 2.0619999999999999e+2 2.0633333333333334e+2
    2.0633333333333334e+2 2.0640000000000001e+2 2.065e+2 2.065e+2 2.065e+2
    2.0666666666666666e+2 2.0675e+2 2.0680000000000001e+2 2.0686666666666667e+2
    2.07e+2 2.07e+2 2.07e+2 2.07e+2 2.07e+2 2.07e+2 2.07e+2
    2.0733333333333334e+2 2.075e+2 2.0757894736842104e+2 2.0759999999999999e+2
    2.0775e+2 2.0783333333333334e+2 2.0791666666666666e+2 2.08e+2 2.08e+2
    2.08e+2 2.08e+2 2.0816666666666666e+2 2.0825e+2 2.0842857142857142e+2
    2.085e+2 2.0875e+2 2.0880000000000001e+2 2.09e+2 2.09e+2 2.09e+2 2.09e+2
    2.09e+2 2.0909999999999999e+2 2.0916666666666666e+2 2.0925e+2
    2.0942857142857142e+2 2.095e+2 2.095e+2 2.0966666666666666e+2 2.09875e+2
    2.0991666666666666e+2 2.1e+2 2.1e+2 2.1e+2 2.1e+2 2.1e+2
    2.1019999999999999e+2 2.1033333333333334e+2 2.105e+2 2.105e+2
    2.1080000000000001e+2 2.1085714285714286e+2 2.11e+2 2.11e+2 2.11e+2
    2.1111764705882354e+2 2.1133333333333334e+2 2.1140000000000001e+2 2.115e+2
    2.1159999999999999e+2 2.1159999999999999e+2 2.1169230769230768e+2
    2.1190000000000001e+2 2.12e+2 2.12e+2 2.12e+2 2.12e+2 2.12e+2
    2.1219999999999999e+2 2.1225e+2 2.1225e+2 2.1240000000000001e+2
    2.1242857142857142e+2 2.125e+2 2.125e+2 2.1275e+2 2.1285714285714286e+2
    2.13e+2 2.13e+2 2.13e+2 2.1309999999999999e+2 2.135e+2 2.135e+2
    2.1359999999999999e+2 2.1375e+2 2.14e+2 2.14e+2 2.14e+2 2.14e+2
    2.1413333333333333e+2 2.145e+2 2.145e+2 2.145e+2 2.1466666666666666e+2
    2.1483333333333334e+2 2.15e+2 2.15e+2 2.1519999999999999e+2
    2.1540000000000001e+2 2.1553333333333333e+2 2.1580000000000001e+2 2.16e+2
    2.16e+2 2.16e+2 2.1605882352941177e+2 2.1619999999999999e+2
    2.1633333333333334e+2 2.1666666666666666e+2 2.1685714285714286e+2 2.17e+2
    2.17e+2 2.17e+2 2.17e+2 2.1709999999999999e+2 2.1725e+2
    2.1740000000000001e+2 2.175e+2 2.175e+2 2.1757894736842104e+2
    2.1759999999999999e+2 2.1766666666666666e+2 2.1766666666666666e+2
    2.1780000000000001e+2 2.18e+2 2.18e+2 2.18e+2 2.1814285714285714e+2
    2.1840000000000001e+2 2.1840000000000001e+2 2.1869999999999999e+2
    2.1883333333333334e+2 2.19e+2 2.19e+2 2.19e+2 2.19e+2 2.19e+2
    2.1916666666666666e+2 2.1933333333333334e+2 2.1940000000000001e+2 2.195e+2
    2.1966666666666666e+2 2.1988888888888889e+2 2.2e+2 2.2e+2
    2.2035714285714286e+2 2.2066666666666666e+2 2.2069999999999999e+2 2.2075e+2
    2.21e+2 2.21e+2 2.21e+2 2.2130000000000001e+2 2.2133333333333334e+2
    2.2140000000000001e+2 2.2140000000000001e+2 2.215e+2 2.2166666666666666e+2
    2.2180000000000001e+2 2.2183333333333334e+2 2.22e+2 2.22e+2 2.22e+2 2.22e+2
    2.22e+2 2.22e+2 2.22e+2 2.22e+2 2.2240000000000001e+2 2.2259999999999999e+2
    2.2266666666666666e+2 2.2280000000000001e+2 2.23e+2 2.23e+2 2.23e+2 2.23e+2
    2.2340000000000001e+2 2.235e+2 2.2359999999999999e+2 2.2366666666666666e+2
    2.2390000000000001e+2 2.24e+2 2.24e+2 2.24e+2 2.2406666666666666e+2
    2.2428571428571428e+2 2.24625e+2 2.25e+2 2.25e+2 2.2525e+2
    2.2533333333333334e+2 2.255e+2 2.255e+2 2.2559999999999999e+2
    2.2566666666666666e+2 2.2575e+2 2.2583333333333334e+2 2.26e+2
    2.2633333333333334e+2 2.2633333333333334e+2 2.2640000000000001e+2 2.265e+2
    2.27e+2 2.27e+2 2.27e+2 2.27e+2 2.2740000000000001e+2 2.275e+2
    2.2766666666666666e+2 2.2780000000000001e+2 2.28e+2 2.28e+2 2.2825e+2
    2.2840000000000001e+2 2.2840000000000001e+2 2.2858823529411765e+2
    2.2866666666666666e+2 2.2892307692307693e+2 2.29e+2 2.29e+2
    2.2919999999999999e+2 2.2933333333333334e+2 2.2940000000000001e+2
    2.2940000000000001e+2 2.295e+2 2.2953846153846155e+2 2.2980000000000001e+2
    2.3e+2 2.3e+2 2.3e+2 2.3009999999999999e+2 2.305e+2 2.3075e+2 2.30875e+2
    2.3090000000000001e+2 2.31e+2 2.31e+2 2.3119999999999999e+2 2.315e+2
    2.315e+2 2.315e+2 2.3171428571428572e+2 2.3180000000000001e+2
    2.3183333333333334e+2 2.32e+2 2.32e+2 2.3219999999999999e+2
    2.3240000000000001e+2 2.3240000000000001e+2 2.325e+2 2.325e+2 2.3275e+2
    2.33e+2 2.33125e+2 2.3330000000000001e+2 2.335e+2 2.3366666666666666e+2
    2.3380000000000001e+2 2.34e+2 2.34e+2 2.34e+2 2.3416666666666666e+2
    2.3419999999999999e+2 2.3425e+2 2.3433333333333334e+2 2.345e+2
    2.3480000000000001e+2 2.35e+2 2.35e+2 2.35e+2 2.3530000000000001e+2
    2.3541666666666666e+2 2.355e+2 2.3580000000000001e+2 2.36e+2 2.36e+2
    2.36e+2 2.3609999999999999e+2 2.3619999999999999e+2 2.3640000000000001e+2
    2.3655555555555554e+2 2.3680000000000001e+2 2.37e+2 2.37e+2 2.37e+2 2.37e+2
    2.37e+2 2.3759999999999999e+2 2.3775e+2 2.3790000000000001e+2 2.38e+2
    2.38e+2 2.3813333333333333e+2 2.3833333333333334e+2 2.3866666666666666e+2
    2.39e+2 2.39e+2 2.3919999999999999e+2 2.3925e+2 2.3930000000000001e+2
    2.3980000000000001e+2 2.4e+2 2.4059999999999999e+2 2.4080000000000001e+2
    2.41e+2 2.41125e+2 2.4125e+2 2.4159999999999999e+2 2.4169999999999999e+2
    2.4176470588235293e+2 2.42e+2 2.42e+2 2.4233333333333334e+2 2.425e+2
    2.4266666666666666e+2 2.43e+2 2.43e+2 2.4325e+2 2.435e+2
    2.4359999999999999e+2 2.44e+2 2.44e+2 2.445e+2 2.4459999999999999e+2
    2.4459999999999999e+2 2.4490000000000001e+2 2.45e+2 2.45e+2
    2.4516666666666666e+2 2.4519999999999999e+2 2.455e+2 2.455e+2 2.455e+2
    2.4580000000000001e+2 2.46e+2 2.46e+2 2.4633333333333334e+2
    2.4680000000000001e+2 2.47e+2 2.4719999999999999e+2 2.4740000000000001e+2
    2.475e+2 2.48e+2 2.4823076923076923e+2 2.485e+2 2.485e+2
    2.4859999999999999e+2 2.4880000000000001e+2 2.49e+2 2.49e+2 2.49e+2
    2.4919999999999999e+2 2.4959999999999999e+2 2.5e+2 2.5e+2
    2.5059999999999999e+2 2.51e+2 2.51e+2 2.51e+2 2.5140000000000001e+2
    2.515e+2 2.5159999999999999e+2 2.52e+2 2.52e+2 2.52e+2
    2.5230000000000001e+2 2.53e+2 2.53e+2 2.53e+2 2.53e+2 2.5307692307692307e+2
    2.5375e+2 2.5380000000000001e+2 2.54e+2 2.54e+2 2.5430000000000001e+2
    2.5440000000000001e+2 2.55e+2 2.5519999999999999e+2 2.555e+2 2.56e+2
    2.56e+2 2.56e+2 2.5633333333333331e+2 2.5680000000000001e+2 2.57e+2 2.57e+2
    2.575e+2 2.575e+2 2.5760000000000002e+2 2.57875e+2 2.58e+2
    2.5833333333333331e+2 2.585e+2 2.5860000000000002e+2 2.59e+2
    2.5919999999999999e+2 2.595e+2 2.6e+2 2.6e+2 2.6e+2 2.6e+2
    2.6019999999999999e+2 2.6060000000000002e+2 2.60875e+2 2.61e+2 2.61e+2
    2.6130000000000001e+2 2.6160000000000002e+2 2.6180000000000001e+2
    2.6189999999999998e+2 2.62e+2 2.6260000000000002e+2 2.63e+2 2.635e+2
    2.64e+2 2.6480000000000001e+2 2.65e+2 2.6539999999999998e+2
    2.6560000000000002e+2 2.66e+2 2.6660000000000002e+2 2.67e+2 2.67e+2
    2.6725e+2 2.6775e+2 2.68e+2 2.69e+2 2.69e+2 2.6939999999999998e+2
    2.6980000000000001e+2 2.7e+2 2.7019999999999999e+2 2.7139999999999998e+2
    2.7180000000000001e+2 2.7239999999999998e+2 2.7319999999999999e+2
    2.7360000000000002e+2 2.7380000000000001e+2 2.74e+2 2.7476923076923077e+2
    2.75e+2 2.7511111111111109e+2 2.7519999999999999e+2 2.7539999999999998e+2
    2.76e+2 2.77e+2 2.7739999999999998e+2 2.7760000000000002e+2
    2.7833333333333331e+2 2.79e+2 2.795e+2 2.8007692307692309e+2 2.81e+2
    2.8123076923076923e+2 2.82e+2 2.82e+2 2.845e+2 2.85e+2 2.85e+2 2.85e+2
    2.87e+2 2.874375e+2 2.88e+2 2.88e+2 2.9e+2 2.91e+2 2.91e+2 2.92e+2 2.92e+2
    2.93e+2 2.95e+2 2.9575e+2 2.97125e+2 2.975e+2 2.9892307692307691e+2 2.99e+2
    3.0e+2 3.0025e+2 3.0153846153846155e+2 3.0225e+2 3.035e+2 3.06e+2 3.07e+2
    3.08e+2 3.1e+2 3.1233333333333331e+2 3.1375e+2 3.16e+2
    3.1880000000000001e+2 3.1890909090909093e+2 3.19625e+2 3.205e+2 3.22e+2
    3.2275e+2 3.23e+2 3.235e+2 3.255e+2 3.28375e+2 3.29e+2 3.32e+2 3.32625e+2
    3.3292857142857144e+2 3.35e+2 3.36e+2 3.3611111111111109e+2 3.39e+2 3.4e+2
    3.42e+2 3.4330769230769232e+2 3.52e+2 3.53625e+2 3.5671428571428572e+2
    3.61e+2 3.655e+2 3.6733333333333331e+2 3.6844444444444446e+2
    3.7560000000000002e+2 3.8055555555555554e+2 3.8360000000000002e+2
    3.8480000000000001e+2 3.8588888888888891e+2 3.9489999999999998e+2 4.005e+2
    4.025e+2 4.1311111111111109e+2 4.1744444444444446e+2 4.28e+2
    4.5255555555555554e+2 4.54e+2 4.6463636363636363e+2 4.65875e+2
    4.8060000000000002e+2 4.9260000000000002e+2 5.0e+2 5.0e+2 5.0e+2 5.0e+2
    5.0e+2 5.0e+2 5.0e+2 5.0e+2 5.0e+2 5.0e+2 5.0e+2 5.0e+2 5.0e+2 5.0e+2
    5.0e+2 5.0e+2 5.0e+2 5.0e+2 5.0e+2 5.0e+2 5.0e+2 5.0e+2 5.0e+2 5.0e+2
    5.0e+2 5.0e+2 5.0e+2 5.0e+2 5.0e+2 5.0e+2 5.0e+2 5.0e+2 5.0e+2 5.0e+2
    5.0e+2 5.0e+2 5.0e+2 5.0e+2 5.0e+2 5.0e+2 5.0e+2 5.0e+2 5.0e+2 5.0e+2
    5.0e+2 5.0e+2 5.0e+2 5.0e+2 5.0e+2 5.0e+2 5.0e+2 5.0e+2 5.0e+2 5.0e+2
    5.0e+2 5.0e+2 5.0e+2 5.0e+2 5.0e+2 5.0e+2 5.0e+2 5.0e+2 5.0e+2 5.0e+2
    5.0e+2 5.0e+2 5.0e+2 5.0e+2 5.0e+2 5.0e+2 5.0e+2 5.0e+2 5.0e+2 5.0e+2
    5.03e+2 5.03e+2 5.03e+2 5.03e+2 5.03e+2 5.03e+2 5.03e+2 5.03e+2 5.03e+2
    5.03e+2 5.03e+2 5.03e+2 5.03e+2 5.03e+2 5.03e+2 5.03e+2 5.03e+2 5.03e+2
    5.03e+2 5.03e+2 5.03e+2 5.03e+2 5.03e+2 5.03e+2 5.03e+2 5.03e+2 5.03e+2
    5.03e+2 5.03e+2 5.03e+2 5.03e+2 5.03e+2 5.03e+2 5.03e+2 5.03e+2 5.03e+2
    5.03e+2 5.03e+2 5.03e+2 5.03e+2 5.03e+2 5.03e+2 5.03e+2 5.03e+2 5.03e+2
    5.03e+2 5.03e+2 5.03e+2 5.03e+2 5.03e+2 5.03e+2 5.03e+2 5.03e+2 5.03e+2
    5.03e+2 5.03e+2 5.03e+2 5.03e+2 5.03e+2 5.03e+2 5.03e+2 5.03e+2 5.03e+2
    5.03e+2 5.03e+2 5.03e+2 5.03e+2 5.03e+2 5.03e+2 5.03e+2 5.03e+2 5.03e+2
    5.03e+2 5.03e+2 5.03e+2 5.03e+2 5.03e+2 5.03e+2 5.03e+2 5.03e+2 5.03e+2
    5.03e+2 5.03e+2 5.03e+2 5.03e+2 5.03e+2 5.03e+2 5.03e+2 5.03e+2 5.03e+2
    5.03e+2 5.03e+2 5.03e+2 5.03e+2 5.03e+2 5.04e+2 5.04e+2 5.04e+2 5.04e+2
    5.04e+2 5.04e+2 5.04e+2 5.04e+2 5.04e+2 5.04e+2 5.04e+2 5.04e+2 5.04e+2
    5.04e+2 5.04e+2 5.04e+2 5.04e+2 5.04e+2 5.04e+2 5.04e+2 5.04e+2 5.04e+2
    5.04e+2 5.04e+2 5.04e+2 5.04e+2 5.04e+2 5.04e+2 5.04e+2 5.04e+2 5.04e+2
    5.04e+2 5.04e+2 5.04e+2 5.04e+2 5.04e+2 5.04e+2 5.06e+2 5.06e+2 5.06e+2
    5.06e+2 5.06e+2 5.06e+2 5.06e+2 5.06e+2 5.06e+2 5.06e+2 5.06e+2 5.06e+2
    5.06e+2 5.06e+2 5.06e+2 5.06e+2 5.06e+2 5.06e+2 5.06e+2 5.06e+2 5.06e+2
    5.06e+2 5.06e+2 5.06e+2 5.06e+2 5.06e+2 5.06e+2 5.06e+2 5.06e+2 5.06e+2
    5.06e+2 5.06e+2 5.06e+2 5.06e+2 5.06e+2 5.06e+2 5.06e+2 5.06e+2 5.06e+2
    5.06e+2 5.06e+2 5.06e+2 5.06e+2 5.06e+2 5.06e+2 5.06e+2 5.06e+2 5.06e+2
    5.06e+2 5.06e+2 5.06e+2 5.06e+2 5.06e+2 5.06e+2 5.06e+2 5.06e+2 5.06e+2
    5.06e+2 5.06e+2 5.06e+2 5.06e+2 5.06e+2 5.06e+2 5.06e+2 5.06e+2 5.06e+2
    5.06e+2 5.06e+2 5.06e+2 5.06e+2 5.06e+2 5.06e+2 5.06e+2 5.06e+2 5.06e+2
    5.06e+2 5.06e+2 5.06e+2 5.06e+2 5.06e+2 5.06e+2 5.06e+2 5.06e+2 5.06e+2
    5.06e+2 5.06e+2 5.06e+2 5.34e+2 5.3466666666666663e+2 5.3466666666666663e+2
    5.3466666666666663e+2 5.3466666666666663e+2 5.3466666666666663e+2
    5.3466666666666663e+2 5.3466666666666663e+2 5.3466666666666663e+2
    5.3466666666666663e+2 5.3466666666666663e+2 5.3466666666666663e+2
    5.3466666666666663e+2 5.3466666666666663e+2 5.3466666666666663e+2
    5.3466666666666663e+2 5.35e+2 5.4233333333333337e+2 5.47e+2 5.475e+2
    5.475e+2 5.475e+2 5.4783333333333337e+2 5.4783333333333337e+2
    5.4783333333333337e+2 5.4783333333333337e+2 5.4783333333333337e+2
    5.4783333333333337e+2 5.4783333333333337e+2 5.4783333333333337e+2
    5.4783333333333337e+2 5.4783333333333337e+2 5.4783333333333337e+2
    5.4783333333333337e+2 5.4783333333333337e+2 5.4783333333333337e+2
    5.4783333333333337e+2 5.4783333333333337e+2 5.4783333333333337e+2
    5.4783333333333337e+2 5.4783333333333337e+2 5.4783333333333337e+2
    5.4783333333333337e+2 5.4783333333333337e+2 5.4783333333333337e+2 5.48e+2
    5.48e+2 5.48e+2 5.4816666666666663e+2 5.4816666666666663e+2
    5.4816666666666663e+2 5.4816666666666663e+2 5.4816666666666663e+2
    5.4816666666666663e+2 5.4816666666666663e+2 5.4816666666666663e+2
    5.4816666666666663e+2 5.4816666666666663e+2 5.4816666666666663e+2
    5.4816666666666663e+2 5.4816666666666663e+2 5.4816666666666663e+2
    5.4816666666666663e+2 5.4816666666666663e+2 5.4816666666666663e+2
    5.4816666666666663e+2 5.4816666666666663e+2 5.4816666666666663e+2
    5.4816666666666663e+2 5.4816666666666663e+2 5.4816666666666663e+2
    5.4816666666666663e+2 5.4816666666666663e+2 5.4816666666666663e+2
    5.4816666666666663e+2 5.4816666666666663e+2 5.4816666666666663e+2
    5.4816666666666663e+2 5.4816666666666663e+2 5.4816666666666663e+2
    5.4816666666666663e+2 5.4816666666666663e+2 5.4816666666666663e+2
    5.4816666666666663e+2 5.4816666666666663e+2 5.4816666666666663e+2
    5.4816666666666663e+2 5.4816666666666663e+2 5.4816666666666663e+2
    5.4816666666666663e+2 5.4816666666666663e+2 5.4816666666666663e+2
    5.4816666666666663e+2 5.4816666666666663e+2 5.4816666666666663e+2
    5.4816666666666663e+2 5.4816666666666663e+2 5.4816666666666663e+2
    5.4816666666666663e+2 5.4816666666666663e+2 5.4816666666666663e+2
    5.4816666666666663e+2 5.4816666666666663e+2 5.4816666666666663e+2
    5.4816666666666663e+2 5.4816666666666663e+2 5.4816666666666663e+2
    5.4816666666666663e+2 5.4816666666666663e+2 5.4816666666666663e+2
    5.4816666666666663e+2 5.4816666666666663e+2 5.4816666666666663e+2
    5.4816666666666663e+2 5.4816666666666663e+2 5.4816666666666663e+2
    5.4816666666666663e+2 5.4816666666666663e+2 5.4816666666666663e+2
    5.4816666666666663e+2 5.4816666666666663e+2 5.4816666666666663e+2
    5.4816666666666663e+2 5.4816666666666663e+2 5.4816666666666663e+2
    5.4816666666666663e+2 5.4816666666666663e+2 5.4816666666666663e+2
    5.4816666666666663e+2 5.4816666666666663e+2 5.4816666666666663e+2
    5.4816666666666663e+2 5.4816666666666663e+2 5.4816666666666663e+2
    5.4816666666666663e+2 5.4816666666666663e+2 5.4816666666666663e+2
    5.4816666666666663e+2 5.4816666666666663e+2 5.4816666666666663e+2
    5.4816666666666663e+2 5.4816666666666663e+2 5.4816666666666663e+2
    5.4816666666666663e+2 5.4816666666666663e+2 5.4816666666666663e+2
    5.4816666666666663e+2 5.4816666666666663e+2 5.4816666666666663e+2
    5.4816666666666663e+2 5.4816666666666663e+2 5.4816666666666663e+2
    5.4816666666666663e+2 5.4816666666666663e+2 5.4816666666666663e+2
    5.4816666666666663e+2 5.4816666666666663e+2 5.4816666666666663e+2
    5.4816666666666663e+2 5.4816666666666663e+2 5.4816666666666663e+2
    5.4816666666666663e+2 5.4816666666666663e+2 5.4816666666666663e+2
    5.4816666666666663e+2 5.4816666666666663e+2 5.4816666666666663e+2
    5.4816666666666663e+2 5.4816666666666663e+2 5.4816666666666663e+2
    5.4816666666666663e+2 5.4816666666666663e+2 5.4816666666666663e+2
    5.4816666666666663e+2 5.4816666666666663e+2 5.4816666666666663e+2
    5.4816666666666663e+2 5.4816666666666663e+2 5.4816666666666663e+2
    5.4816666666666663e+2 5.4816666666666663e+2 5.4816666666666663e+2
    5.4816666666666663e+2 5.4816666666666663e+2 5.4816666666666663e+2
    5.4816666666666663e+2 5.4816666666666663e+2 5.4816666666666663e+2
    5.4816666666666663e+2 5.4816666666666663e+2 5.4816666666666663e+2
    5.4816666666666663e+2 5.4816666666666663e+2 5.4816666666666663e+2
    5.4816666666666663e+2 5.4816666666666663e+2 5.4816666666666663e+2
    5.4816666666666663e+2 5.4816666666666663e+2 5.4816666666666663e+2
    5.4816666666666663e+2 5.4816666666666663e+2 5.4816666666666663e+2
    5.4816666666666663e+2 5.4816666666666663e+2 5.4816666666666663e+2
    5.4816666666666663e+2 5.4816666666666663e+2 5.4816666666666663e+2
    5.4816666666666663e+2 5.4816666666666663e+2 5.4816666666666663e+2
    5.4816666666666663e+2 5.4816666666666663e+2 5.4816666666666663e+2
    5.4816666666666663e+2 5.4816666666666663e+2 5.4816666666666663e+2
    5.4816666666666663e+2 5.4816666666666663e+2 5.4816666666666663e+2
    5.4816666666666663e+2 5.4816666666666663e+2 5.4816666666666663e+2
    5.4816666666666663e+2 5.4816666666666663e+2 5.4816666666666663e+2
    5.4816666666666663e+2 5.4816666666666663e+2 5.4816666666666663e+2
    5.4816666666666663e+2 5.4816666666666663e+2 5.4816666666666663e+2
    5.4816666666666663e+2 5.4816666666666663e+2 5.4816666666666663e+2
    5.4816666666666663e+2 5.4816666666666663e+2 5.4816666666666663e+2
    5.4816666666666663e+2 5.4816666666666663e+2 5.4816666666666663e+2
    5.4816666666666663e+2 5.4816666666666663e+2 5.4816666666666663e+2
    5.4816666666666663e+2 5.4816666666666663e+2 5.4816666666666663e+2
    5.4816666666666663e+2 5.4816666666666663e+2 5.4816666666666663e+2
    5.4816666666666663e+2 5.4816666666666663e+2 5.4816666666666663e+2
    5.4816666666666663e+2 5.4816666666666663e+2 5.4816666666666663e+2
    5.4816666666666663e+2 5.4816666666666663e+2 5.4816666666666663e+2
    5.4816666666666663e+2 5.4816666666666663e+2 5.4816666666666663e+2
    5.4816666666666663e+2 5.4816666666666663e+2 5.4816666666666663e+2
    5.4816666666666663e+2 5.4816666666666663e+2 5.4816666666666663e+2
    5.4816666666666663e+2 5.4816666666666663e+2 5.4816666666666663e+2
    5.4816666666666663e+2 5.4816666666666663e+2 5.4816666666666663e+2
    5.4816666666666663e+2 5.4816666666666663e+2 5.4816666666666663e+2
    5.4816666666666663e+2 5.4816666666666663e+2 5.4816666666666663e+2
    5.4816666666666663e+2 5.4816666666666663e+2 5.4816666666666663e+2
    5.4816666666666663e+2 5.4816666666666663e+2 5.4816666666666663e+2
    5.4816666666666663e+2 5.4816666666666663e+2 5.4816666666666663e+2
    5.4816666666666663e+2 5.4816666666666663e+2 5.4816666666666663e+2
    5.4816666666666663e+2 5.4816666666666663e+2 5.4816666666666663e+2
    5.4816666666666663e+2 5.4816666666666663e+2 5.4816666666666663e+2
    5.4816666666666663e+2 5.4816666666666663e+2 5.4816666666666663e+2
    5.4816666666666663e+2 5.4816666666666663e+2 5.4816666666666663e+2
    5.4816666666666663e+2 5.4816666666666663e+2 5.4816666666666663e+2
    5.4816666666666663e+2 5.4816666666666663e+2 5.4816666666666663e+2
    5.4816666666666663e+2 5.4816666666666663e+2 5.4816666666666663e+2
    5.4816666666666663e+2 5.4816666666666663e+2 5.4816666666666663e+2
    5.4816666666666663e+2 5.4816666666666663e+2 5.4816666666666663e+2
    5.4816666666666663e+2 5.4816666666666663e+2 5.4816666666666663e+2
    5.4816666666666663e+2 5.4816666666666663e+2 5.4816666666666663e+2
    5.4816666666666663e+2 5.4816666666666663e+2 5.4816666666666663e+2
    5.4816666666666663e+2 5.4816666666666663e+2 5.4816666666666663e+2
    5.4816666666666663e+2 5.4816666666666663e+2 5.4816666666666663e+2
    5.4816666666666663e+2 5.4816666666666663e+2 5.4816666666666663e+2
    5.4816666666666663e+2 5.4816666666666663e+2 5.4816666666666663e+2
    5.4816666666666663e+2 5.4816666666666663e+2 5.4816666666666663e+2
    5.4816666666666663e+2 5.4816666666666663e+2 5.4816666666666663e+2
    5.4816666666666663e+2 5.4816666666666663e+2 5.4816666666666663e+2
    5.4816666666666663e+2 5.4816666666666663e+2 5.4816666666666663e+2
    5.4816666666666663e+2 5.4816666666666663e+2 5.4816666666666663e+2
    5.4816666666666663e+2 5.4816666666666663e+2 5.4816666666666663e+2
    5.4816666666666663e+2 5.4816666666666663e+2 5.4816666666666663e+2
    5.4816666666666663e+2 5.4816666666666663e+2 5.4816666666666663e+2
    5.4816666666666663e+2 5.4816666666666663e+2 5.4816666666666663e+2
    5.4816666666666663e+2 5.4816666666666663e+2 5.4816666666666663e+2
    5.4816666666666663e+2 5.4816666666666663e+2 5.4816666666666663e+2
    5.4816666666666663e+2 5.4816666666666663e+2 5.4816666666666663e+2
    5.4816666666666663e+2 5.4816666666666663e+2 5.4816666666666663e+2
    5.4816666666666663e+2 5.4816666666666663e+2 5.4816666666666663e+2
    5.4816666666666663e+2 5.4816666666666663e+2 5.4816666666666663e+2
    5.4816666666666663e+2 5.4816666666666663e+2 5.4816666666666663e+2
    5.4816666666666663e+2 5.4816666666666663e+2 5.4816666666666663e+2
    5.4816666666666663e+2 5.4833333333333337e+2 5.4833333333333337e+2
    5.4833333333333337e+2 5.4833333333333337e+2 5.4833333333333337e+2
    5.4833333333333337e+2 5.4833333333333337e+2 5.4833333333333337e+2
    5.4833333333333337e+2 5.4833333333333337e+2 5.4833333333333337e+2
    5.4833333333333337e+2 5.4833333333333337e+2 5.4833333333333337e+2
    5.4833333333333337e+2 5.4833333333333337e+2 5.4833333333333337e+2 5.485e+2
    5.485e+2 5.485e+2 5.485e+2 5.485e+2 5.485e+2 5.485e+2 5.485e+2 5.485e+2
    5.485e+2 5.485e+2 5.485e+2 5.485e+2 5.485e+2 5.485e+2 5.485e+2 5.485e+2
    5.485e+2 5.485e+2 5.485e+2 5.485e+2 5.485e+2 5.485e+2 5.485e+2 5.485e+2
    5.485e+2 5.485e+2 5.485e+2 5.485e+2 5.485e+2 5.485e+2 5.485e+2 5.485e+2
    5.485e+2 5.485e+2 5.485e+2 5.485e+2 5.485e+2 5.485e+2 5.485e+2 5.485e+2
    5.485e+2 5.485e+2 5.485e+2 5.485e+2 5.485e+2 5.485e+2 5.485e+2 5.485e+2
    5.485e+2 5.485e+2 5.485e+2 5.485e+2 5.485e+2 5.485e+2 5.485e+2 5.485e+2
    5.485e+2 5.485e+2 5.485e+2 5.485e+2 5.485e+2 5.485e+2 5.485e+2 5.485e+2
    5.485e+2 5.485e+2 5.485e+2 5.485e+2 5.485e+2 5.485e+2 5.485e+2 5.485e+2
    5.485e+2 5.485e+2 5.485e+2 5.485e+2 5.485e+2 5.485e+2 5.485e+2 5.485e+2
    5.485e+2 5.485e+2 5.485e+2 5.485e+2 5.485e+2 5.485e+2 5.485e+2 5.485e+2
    5.485e+2 5.485e+2 5.485e+2 5.485e+2 5.485e+2 5.485e+2 5.485e+2 5.485e+2
    5.485e+2 5.485e+2 5.485e+2 5.485e+2 5.485e+2 5.485e+2 5.485e+2 5.485e+2
    5.485e+2 5.485e+2 5.485e+2 5.485e+2 5.485e+2 5.485e+2 5.485e+2 5.485e+2
    5.485e+2 5.485e+2 5.485e+2 5.485e+2 5.485e+2 5.485e+2 5.485e+2 5.485e+2
    5.485e+2 5.485e+2 5.485e+2 5.485e+2 5.485e+2 5.485e+2 5.485e+2 5.485e+2
    5.485e+2 5.485e+2 5.485e+2 5.485e+2 5.485e+2 5.485e+2 5.485e+2 5.485e+2
    5.485e+2 5.485e+2 5.485e+2 5.485e+2 5.485e+2 5.485e+2 5.485e+2 5.485e+2
    5.485e+2 5.485e+2 5.485e+2 5.485e+2 5.485e+2 5.485e+2 5.485e+2 5.485e+2
    5.485e+2 5.485e+2 5.485e+2 5.485e+2 5.485e+2 5.485e+2 5.485e+2 5.485e+2
    5.485e+2 5.485e+2 5.485e+2 5.485e+2 5.485e+2 5.485e+2 5.485e+2 5.485e+2
    5.485e+2 5.485e+2 5.485e+2 5.485e+2 5.485e+2 5.485e+2 5.485e+2 5.485e+2
    5.485e+2 5.485e+2 5.485e+2 5.485e+2 5.485e+2 5.485e+2 5.485e+2 5.485e+2
    5.485e+2 5.485e+2 5.485e+2 5.485e+2 5.485e+2 5.485e+2 5.485e+2 5.485e+2
    5.485e+2 5.485e+2 5.485e+2 5.485e+2 5.485e+2 5.485e+2 5.485e+2 5.485e+2
    5.485e+2 5.485e+2 5.485e+2 5.485e+2 5.485e+2 5.485e+2 5.485e+2 5.485e+2
    5.485e+2 5.485e+2 5.485e+2 5.485e+2 5.485e+2 5.485e+2 5.485e+2 5.485e+2
    5.485e+2 5.485e+2 5.485e+2 5.485e+2 5.485e+2 5.485e+2 5.485e+2 5.485e+2
    5.485e+2 5.485e+2 5.485e+2 5.485e+2 5.485e+2 5.485e+2 5.485e+2 5.485e+2
    5.485e+2 5.485e+2 5.485e+2 5.485e+2 5.485e+2 5.485e+2 5.485e+2 5.485e+2
    5.485e+2 5.485e+2 5.485e+2 5.485e+2 5.485e+2 5.485e+2 5.485e+2 5.485e+2
    5.485e+2 5.485e+2 5.485e+2 5.485e+2 5.485e+2 5.485e+2 5.485e+2 5.485e+2
    5.485e+2 5.485e+2 5.485e+2 5.485e+2 5.485e+2 5.485e+2 5.485e+2 5.485e+2
    5.485e+2 5.485e+2 5.485e+2 5.485e+2 5.485e+2 5.485e+2 5.485e+2 5.485e+2
    5.485e+2 5.485e+2 5.485e+2 5.485e+2 5.485e+2 5.485e+2 5.485e+2 5.485e+2
    5.485e+2 5.485e+2 5.485e+2 5.485e+2 5.485e+2 5.485e+2 5.485e+2 5.485e+2
    5.485e+2 5.485e+2 5.485e+2 5.485e+2 5.485e+2 5.485e+2 5.485e+2 5.485e+2
    5.485e+2 5.485e+2 5.485e+2 5.485e+2 5.485e+2 5.485e+2 5.485e+2 5.485e+2
    5.485e+2 5.485e+2 5.485e+2 5.485e+2 5.485e+2 5.485e+2 5.485e+2 5.485e+2
    5.485e+2 5.485e+2 5.485e+2 5.485e+2 5.485e+2 5.485e+2 5.485e+2 5.485e+2
    5.485e+2 5.485e+2 5.485e+2 5.485e+2 5.485e+2 5.485e+2 5.485e+2 5.485e+2
    5.485e+2 5.485e+2 5.485e+2 5.485e+2 5.485e+2 5.485e+2 5.485e+2 5.485e+2
    5.485e+2 5.485e+2 5.485e+2 5.485e+2 5.485e+2 5.485e+2 5.485e+2 5.485e+2
    5.485e+2 5.485e+2 5.485e+2 5.485e+2 5.485e+2 5.485e+2 5.485e+2 5.485e+2
    5.485e+2 5.485e+2 5.485e+2 5.485e+2 5.485e+2 5.485e+2 5.485e+2 5.485e+2
    5.485e+2 5.485e+2 5.485e+2 5.485e+2 5.485e+2 5.485e+2 5.485e+2 5.485e+2
    5.485e+2 5.485e+2 5.485e+2 5.485e+2 5.485e+2 5.485e+2 5.485e+2 5.485e+2
    5.485e+2 5.485e+2 5.485e+2 5.485e+2 5.485e+2 5.485e+2 5.485e+2 5.485e+2
    5.485e+2 5.485e+2 5.485e+2 5.485e+2 5.485e+2 5.485e+2 5.485e+2 5.485e+2
    5.485e+2 5.485e+2 5.485e+2 5.485e+2 5.485e+2 5.485e+2 5.485e+2 5.485e+2
    5.485e+2 5.485e+2 5.485e+2 5.485e+2 5.485e+2 5.485e+2 5.485e+2 5.485e+2
    5.485e+2 5.485e+2 5.485e+2 5.485e+2 5.485e+2 5.485e+2 5.485e+2 5.485e+2
    5.485e+2 5.485e+2 5.485e+2 5.485e+2 5.485e+2 5.485e+2 5.485e+2 5.485e+2
    5.485e+2 5.485e+2 5.485e+2 5.485e+2 5.485e+2 5.485e+2 5.485e+2 5.485e+2
    5.485e+2 5.485e+2 5.485e+2 5.485e+2 5.485e+2 5.485e+2 5.485e+2 5.485e+2
    5.485e+2 5.485e+2 5.485e+2 5.485e+2 5.485e+2 5.485e+2 5.485e+2 5.485e+2
    5.485e+2 5.485e+2 5.485e+2 5.485e+2 5.485e+2 5.485e+2 5.485e+2 5.485e+2
    5.485e+2 5.485e+2 5.485e+2 5.485e+2 5.485e+2 5.485e+2 5.485e+2 5.485e+2
    5.485e+2 5.485e+2 5.485e+2 5.485e+2 5.485e+2 5.485e+2 5.485e+2 5.485e+2
    5.485e+2 5.485e+2 5.485e+2 5.485e+2 5.485e+2 5.485e+2 5.485e+2 5.485e+2
    5.485e+2 5.485e+2 5.485e+2 5.485e+2 5.485e+2 5.485e+2 5.485e+2 5.485e+2
    5.485e+2 5.485e+2 5.485e+2 5.485e+2 5.485e+2 5.485e+2 5.485e+2 5.485e+2
    5.485e+2 5.485e+2 5.485e+2 5.485e+2 5.485e+2 5.485e+2 5.485e+2 5.485e+2
    5.485e+2 5.485e+2 5.485e+2 5.485e+2 5.485e+2 5.485e+2 5.485e+2 5.485e+2
    5.485e+2 5.485e+2 5.485e+2 5.485e+2 5.485e+2 5.485e+2 5.485e+2 5.485e+2
    5.485e+2 5.485e+2 5.485e+2 5.485e+2 5.485e+2 5.485e+2 5.485e+2 5.485e+2
    5.485e+2 5.485e+2 5.485e+2 5.485e+2 5.485e+2 5.485e+2 5.485e+2 5.485e+2
    5.485e+2 5.485e+2 5.485e+2 5.485e+2 5.485e+2 5.485e+2 5.485e+2 5.485e+2
    5.485e+2 5.485e+2 5.485e+2 5.485e+2 5.485e+2 5.485e+2 5.485e+2 5.485e+2
    5.485e+2 5.485e+2 5.485e+2 5.485e+2 5.485e+2 5.485e+2 5.485e+2 5.485e+2
    5.485e+2 5.485e+2 5.485e+2 5.485e+2 5.485e+2 5.485e+2 5.485e+2 5.485e+2
    5.485e+2 5.485e+2 5.485e+2 5.485e+2 5.485e+2 5.485e+2 5.485e+2 5.485e+2
    5.485e+2 5.485e+2 5.485e+2 5.485e+2 5.485e+2 5.485e+2 5.485e+2 5.485e+2
    5.485e+2 5.485e+2 5.485e+2 5.485e+2 5.485e+2 5.485e+2 5.485e+2 5.485e+2
    5.485e+2 5.485e+2 5.485e+2 5.485e+2 5.485e+2 5.485e+2 5.485e+2 5.485e+2
    5.485e+2 5.485e+2 5.485e+2 5.485e+2 5.485e+2 5.485e+2 5.485e+2 5.485e+2
    5.485e+2 5.485e+2 5.485e+2 5.485e+2 5.485e+2 5.485e+2 5.485e+2 5.485e+2
    5.485e+2 5.485e+2 5.485e+2 5.485e+2 5.485e+2 5.485e+2 5.485e+2 5.485e+2
    5.485e+2 5.485e+2 5.485e+2 5.485e+2 5.485e+2 5.485e+2 5.485e+2 5.485e+2
    5.485e+2 5.485e+2 5.485e+2 5.485e+2 5.485e+2 5.485e+2 5.485e+2 5.485e+2
    5.485e+2 5.485e+2 5.485e+2 5.485e+2 5.485e+2 5.485e+2 5.485e+2 5.485e+2
    5.485e+2 5.485e+2 5.485e+2 5.485e+2 5.485e+2 5.485e+2 5.485e+2 5.485e+2
    5.485e+2 5.485e+2 5.485e+2 5.485e+2 5.485e+2 5.485e+2 5.485e+2 5.485e+2
    5.485e+2 5.485e+2 5.485e+2 5.485e+2 5.485e+2 5.485e+2 5.485e+2 5.485e+2
    5.485e+2 5.485e+2 5.485e+2 5.485e+2 5.485e+2 5.485e+2 5.485e+2 5.485e+2
    5.485e+2 5.485e+2 5.485e+2 5.485e+2 5.485e+2 5.485e+2 5.485e+2 5.485e+2
    5.485e+2 5.485e+2 5.485e+2 5.485e+2 5.485e+2 5.485e+2 5.485e+2 5.485e+2
    5.485e+2 5.485e+2 5.485e+2 5.485e+2 5.485e+2 5.485e+2 5.485e+2 5.485e+2
    5.485e+2 5.485e+2 5.485e+2 5.485e+2 5.485e+2 5.485e+2 5.485e+2 5.485e+2
    5.485e+2 5.485e+2 5.485e+2 5.485e+2 5.485e+2 5.485e+2 5.485e+2 5.485e+2
    5.485e+2 5.485e+2 5.485e+2 5.485e+2 5.485e+2 5.485e+2 5.485e+2 5.485e+2
    5.485e+2 5.485e+2 5.485e+2 5.485e+2 5.485e+2 5.485e+2 5.485e+2 5.485e+2
    5.485e+2 5.485e+2 5.485e+2 5.485e+2 5.485e+2 5.485e+2 5.485e+2 5.485e+2
    5.485e+2 5.485e+2 5.485e+2 5.485e+2 5.485e+2 5.485e+2 5.485e+2 5.485e+2
    5.485e+2 5.485e+2 5.485e+2 5.485e+2 5.485e+2 5.485e+2 5.485e+2 5.485e+2
    5.485e+2 5.485e+2 5.485e+2 5.485e+2 5.485e+2 5.485e+2 5.485e+2 5.485e+2
    5.485e+2 5.485e+2 5.485e+2 5.485e+2 5.485e+2 5.485e+2 5.485e+2 5.485e+2
    5.485e+2 5.485e+2 5.485e+2 5.485e+2 5.485e+2 5.485e+2 5.485e+2 5.485e+2
    5.485e+2 5.485e+2 5.485e+2 5.485e+2 5.485e+2 5.485e+2 5.485e+2 5.485e+2
    5.485e+2 5.485e+2 5.485e+2 5.485e+2 5.485e+2 5.485e+2 5.485e+2 5.485e+2
    5.485e+2 5.485e+2 5.485e+2 5.485e+2 5.485e+2 5.485e+2 5.485e+2 5.485e+2
    5.485e+2 5.485e+2 5.485e+2 5.485e+2 5.485e+2 5.485e+2 5.485e+2 5.485e+2
    5.485e+2 5.485e+2 5.485e+2 5.485e+2 5.485e+2 5.485e+2 5.485e+2 5.485e+2
    5.485e+2 5.485e+2 5.485e+2 5.485e+2 5.485e+2 5.485e+2 5.485e+2 5.485e+2
    5.485e+2 5.485e+2 5.485e+2 5.485e+2 5.485e+2 5.485e+2 5.485e+2 5.485e+2
    5.485e+2 5.485e+2 5.485e+2 5.485e+2 5.485e+2 5.485e+2 5.485e+2 5.485e+2
    5.485e+2 5.485e+2 5.485e+2 5.485e+2 5.485e+2 5.485e+2 5.485e+2 5.485e+2
    5.485e+2 5.485e+2 5.485e+2 5.485e+2 5.485e+2 5.485e+2 5.485e+2 5.485e+2
    5.485e+2 5.485e+2 5.485e+2 5.485e+2 5.485e+2 5.485e+2 5.485e+2 5.485e+2
    5.485e+2 5.485e+2 5.485e+2 5.485e+2 5.485e+2 5.485e+2 5.485e+2 5.485e+2
    5.485e+2 5.485e+2 5.485e+2 5.485e+2 5.485e+2 5.485e+2 5.485e+2 5.485e+2
    5.485e+2 5.485e+2 5.485e+2 5.485e+2 5.485e+2 5.485e+2 5.485e+2 5.485e+2
    5.485e+2 5.485e+2 5.485e+2 5.485e+2 5.485e+2 5.485e+2 5.485e+2 5.485e+2
    5.485e+2 5.485e+2 5.485e+2 5.485e+2 5.485e+2 5.485e+2 5.485e+2 5.485e+2
    5.485e+2 5.485e+2 5.485e+2 5.485e+2 5.485e+2 5.485e+2 5.485e+2 5.485e+2
    5.485e+2 5.485e+2 5.485e+2 5.485e+2 5.485e+2 5.485e+2 5.485e+2 5.485e+2
    5.485e+2 5.485e+2 5.485e+2 5.485e+2 5.485e+2 5.485e+2 5.485e+2 5.485e+2
    5.485e+2 5.485e+2 5.485e+2 5.485e+2 5.485e+2 5.485e+2 5.485e+2 5.485e+2
    5.485e+2 5.485e+2 5.485e+2 5.485e+2 5.485e+2 5.485e+2 5.485e+2 5.485e+2
    5.485e+2 5.485e+2 5.485e+2 5.485e+2 5.485e+2 5.485e+2 5.485e+2 5.485e+2
    5.485e+2 5.485e+2 5.485e+2 5.485e+2 5.485e+2 5.485e+2 5.485e+2 5.485e+2
    5.485e+2 5.485e+2 5.485e+2 5.485e+2 5.485e+2 5.485e+2 5.485e+2 5.485e+2
    5.485e+2 5.485e+2 5.485e+2 5.485e+2 5.485e+2 5.485e+2 5.485e+2 5.485e+2
    5.485e+2 5.485e+2 5.485e+2 5.485e+2 5.485e+2 5.485e+2 5.485e+2 5.485e+2
    5.485e+2 5.485e+2 5.485e+2 5.485e+2 5.485e+2 5.485e+2 5.485e+2 5.485e+2
    5.485e+2 5.485e+2 5.485e+2 5.485e+2 5.485e+2 5.485e+2 5.485e+2 5.485e+2
    5.485e+2 5.485e+2 5.485e+2 5.485e+2 5.485e+2 5.485e+2 5.485e+2 5.485e+2
    5.485e+2 5.485e+2 5.485e+2 5.485e+2 5.485e+2 5.485e+2 5.485e+2 5.485e+2
    5.485e+2 5.485e+2 5.485e+2 5.485e+2 5.485e+2 5.485e+2 5.485e+2 5.485e+2
    5.485e+2 5.485e+2 5.485e+2 5.485e+2 5.485e+2 5.485e+2 5.485e+2 5.485e+2
    5.485e+2 5.485e+2 5.485e+2 5.485e+2 5.485e+2 5.485e+2 5.485e+2 5.485e+2
    5.485e+2 5.485e+2 5.485e+2 5.485e+2 5.485e+2 5.485e+2 5.485e+2 5.485e+2
    5.485e+2 5.485e+2 5.485e+2 5.485e+2 5.485e+2 5.485e+2 5.485e+2 5.485e+2
    5.485e+2 5.485e+2 5.485e+2 5.485e+2 5.485e+2 5.485e+2 5.485e+2 5.485e+2
    5.485e+2 5.485e+2 5.485e+2 5.485e+2 5.485e+2 5.485e+2 5.485e+2 5.485e+2
    5.485e+2 5.485e+2 5.485e+2 5.485e+2 5.485e+2 5.485e+2 5.485e+2 5.485e+2
    5.485e+2 5.485e+2 5.485e+2 5.485e+2 5.485e+2 5.485e+2 5.485e+2 5.485e+2
    5.485e+2 5.485e+2 5.485e+2 5.485e+2 5.485e+2 5.485e+2 5.485e+2 5.485e+2
    5.485e+2 5.485e+2 5.485e+2 5.485e+2 5.485e+2 5.485e+2 5.485e+2 5.485e+2
    5.485e+2 5.485e+2 5.485e+2 5.485e+2 5.485e+2 5.485e+2 5.485e+2 5.485e+2
    5.485e+2 5.485e+2 5.485e+2 5.485e+2 5.485e+2 5.485e+2 5.485e+2 5.485e+2
    5.485e+2 5.485e+2 5.485e+2 5.485e+2 5.485e+2 5.485e+2 5.485e+2 5.485e+2
    5.485e+2 5.485e+2 5.485e+2 5.485e+2 5.485e+2 5.485e+2 5.485e+2 5.485e+2
    5.485e+2 5.485e+2 5.485e+2 5.485e+2 5.485e+2 5.485e+2 5.485e+2 5.485e+2
    5.485e+2 5.485e+2 5.485e+2 5.485e+2 5.485e+2 5.485e+2 5.485e+2 5.485e+2
    5.485e+2 5.485e+2 5.485e+2 5.485e+2 5.485e+2 5.485e+2 5.485e+2 5.485e+2
    5.485e+2 5.485e+2 5.485e+2 5.485e+2 5.485e+2 5.485e+2 5.485e+2 5.485e+2
    5.485e+2 5.485e+2 5.485e+2 5.485e+2 5.485e+2 5.485e+2 5.485e+2 5.485e+2
    5.485e+2 5.485e+2 5.485e+2 5.485e+2 5.485e+2 5.485e+2 5.485e+2 5.485e+2
    5.485e+2 5.485e+2 5.485e+2 5.485e+2 5.485e+2 5.485e+2 5.485e+2 5.485e+2
    5.485e+2 5.485e+2 5.485e+2 5.485e+2 5.485e+2 5.485e+2 5.485e+2 5.485e+2
    5.485e+2 5.485e+2 5.485e+2 5.485e+2 5.485e+2 5.485e+2 5.485e+2 5.485e+2
    5.485e+2 5.485e+2 5.485e+2 5.485e+2 5.485e+2 5.485e+2 5.485e+2 5.485e+2
    5.485e+2 5.485e+2 5.485e+2 5.485e+2 5.485e+2 5.485e+2 5.485e+2 5.485e+2
    5.485e+2 5.485e+2 5.485e+2 5.485e+2 5.485e+2 5.485e+2 5.485e+2 5.485e+2
    5.485e+2 5.485e+2 5.485e+2 5.485e+2 5.485e+2 5.485e+2 5.485e+2 5.485e+2
    5.485e+2 5.485e+2 5.485e+2 5.485e+2 5.485e+2 5.485e+2 5.485e+2 5.485e+2
    5.485e+2 5.485e+2 5.485e+2 5.485e+2 5.485e+2 5.485e+2 5.485e+2 5.485e+2
    5.485e+2 5.485e+2 5.485e+2 5.485e+2 5.485e+2 5.485e+2 5.485e+2 5.485e+2
    5.485e+2 5.485e+2 5.485e+2 5.485e+2 5.485e+2 5.485e+2 5.485e+2 5.485e+2
    5.485e+2 5.485e+2 5.485e+2 5.485e+2 5.485e+2 5.485e+2 5.485e+2 5.485e+2
    5.485e+2 5.485e+2 5.485e+2 5.485e+2 5.485e+2 5.485e+2 5.485e+2 5.485e+2
    5.485e+2 5.485e+2 5.485e+2 5.485e+2 5.485e+2 5.485e+2 5.485e+2 5.485e+2
    5.485e+2 5.485e+2 5.485e+2 5.485e+2 5.485e+2 5.485e+2 5.485e+2 5.485e+2
    5.485e+2 5.485e+2 5.485e+2 5.485e+2 5.485e+2 5.485e+2 5.485e+2 5.485e+2
    5.485e+2 5.485e+2 5.485e+2 5.485e+2 5.485e+2 5.485e+2 5.485e+2 5.485e+2
    5.485e+2 5.485e+2 5.485e+2 5.485e+2 5.485e+2 5.485e+2 5.485e+2 5.485e+2
    5.485e+2 5.485e+2 5.485e+2 5.485e+2 5.485e+2 5.485e+2 5.485e+2 5.485e+2
    5.485e+2 5.485e+2 5.485e+2 5.485e+2 5.485e+2 5.485e+2 5.485e+2 5.485e+2
    5.485e+2 5.485e+2 5.485e+2 5.485e+2 5.485e+2 5.485e+2 5.485e+2 5.485e+2
    5.485e+2 5.485e+2 5.485e+2 5.485e+2 5.485e+2 5.485e+2 5.485e+2 5.485e+2
    5.485e+2 5.485e+2 5.485e+2 5.485e+2 5.485e+2 5.485e+2 5.485e+2 5.485e+2
    5.485e+2 5.485e+2 5.485e+2 5.485e+2 5.485e+2 5.485e+2 5.485e+2 5.485e+2
    5.485e+2 5.485e+2 5.485e+2 5.485e+2 5.485e+2 5.485e+2 5.4866666666666663e+2
    5.4866666666666663e+2 5.4866666666666663e+2 5.4866666666666663e+2
    5.4866666666666663e+2 5.4866666666666663e+2 5.4866666666666663e+2
    5.4866666666666663e+2 5.4866666666666663e+2 5.4866666666666663e+2
    5.4866666666666663e+2 5.4866666666666663e+2 5.4866666666666663e+2
    5.4866666666666663e+2 5.4866666666666663e+2 5.4866666666666663e+2
    5.4866666666666663e+2 5.4866666666666663e+2 5.4866666666666663e+2
    5.4866666666666663e+2 5.4866666666666663e+2 5.4866666666666663e+2
    5.4866666666666663e+2 5.4866666666666663e+2 5.4866666666666663e+2
    5.4866666666666663e+2 5.4866666666666663e+2 5.4866666666666663e+2
    5.4866666666666663e+2 5.4866666666666663e+2 5.4883333333333337e+2
    5.4883333333333337e+2 5.4883333333333337e+2 5.4883333333333337e+2
    5.4883333333333337e+2 5.4883333333333337e+2 5.4883333333333337e+2
    5.4883333333333337e+2 5.4883333333333337e+2 5.4883333333333337e+2
    5.4883333333333337e+2 5.4883333333333337e+2 5.4883333333333337e+2
    5.4883333333333337e+2 5.4883333333333337e+2 5.4883333333333337e+2
    5.4883333333333337e+2 5.4883333333333337e+2 5.4883333333333337e+2
    5.4883333333333337e+2 5.4883333333333337e+2 5.4883333333333337e+2
    5.4883333333333337e+2 5.4883333333333337e+2 5.4883333333333337e+2
    5.4883333333333337e+2 5.4883333333333337e+2 5.4883333333333337e+2
    5.4883333333333337e+2 5.4883333333333337e+2 5.4883333333333337e+2
    5.4883333333333337e+2 5.4883333333333337e+2 5.4883333333333337e+2
    5.4883333333333337e+2 5.4883333333333337e+2 5.4883333333333337e+2
    5.4883333333333337e+2 5.4883333333333337e+2 5.4883333333333337e+2
    5.4883333333333337e+2 5.4883333333333337e+2 5.4883333333333337e+2
    5.4883333333333337e+2 5.4883333333333337e+2 5.4883333333333337e+2
    5.4883333333333337e+2 5.4883333333333337e+2 5.4883333333333337e+2
    5.4883333333333337e+2 5.4883333333333337e+2 5.4883333333333337e+2
    5.4883333333333337e+2 5.4883333333333337e+2 5.4883333333333337e+2
    5.4883333333333337e+2 5.4883333333333337e+2 5.4883333333333337e+2
    5.4883333333333337e+2 5.4883333333333337e+2 5.4883333333333337e+2
    5.4883333333333337e+2 5.4883333333333337e+2 5.4883333333333337e+2
    5.4883333333333337e+2 5.4883333333333337e+2 5.4883333333333337e+2
    5.4883333333333337e+2 5.4883333333333337e+2 5.4883333333333337e+2
    5.4883333333333337e+2 5.4883333333333337e+2 5.4883333333333337e+2
    5.4883333333333337e+2 5.4883333333333337e+2 5.4883333333333337e+2
    5.4883333333333337e+2 5.4883333333333337e+2 5.4883333333333337e+2
    5.4883333333333337e+2 5.4883333333333337e+2 5.4883333333333337e+2
    5.4883333333333337e+2 5.4883333333333337e+2 5.4883333333333337e+2
    5.4883333333333337e+2 5.4883333333333337e+2 5.4883333333333337e+2
    5.4883333333333337e+2 5.4883333333333337e+2 5.4883333333333337e+2
    5.4883333333333337e+2 5.4883333333333337e+2 5.4883333333333337e+2
    5.4883333333333337e+2 5.4883333333333337e+2 5.4883333333333337e+2
    5.4883333333333337e+2 5.4883333333333337e+2 5.4883333333333337e+2
    5.4883333333333337e+2 5.4883333333333337e+2 5.4883333333333337e+2
    5.4883333333333337e+2 5.4883333333333337e+2 5.4883333333333337e+2
    5.4883333333333337e+2 5.4883333333333337e+2 5.4883333333333337e+2
    5.4883333333333337e+2 5.4883333333333337e+2 5.4883333333333337e+2
    5.4883333333333337e+2 5.4883333333333337e+2 5.4883333333333337e+2
    5.4883333333333337e+2 5.4883333333333337e+2 5.4883333333333337e+2
    5.4883333333333337e+2 5.4883333333333337e+2 5.4883333333333337e+2
    5.4883333333333337e+2 5.4883333333333337e+2 5.4883333333333337e+2
    5.4883333333333337e+2 5.4883333333333337e+2 5.4883333333333337e+2
    5.4883333333333337e+2 5.4883333333333337e+2 5.4883333333333337e+2
    5.4883333333333337e+2 5.4883333333333337e+2 5.4883333333333337e+2
    5.4883333333333337e+2 5.4883333333333337e+2 5.4883333333333337e+2
    5.4883333333333337e+2 5.4883333333333337e+2 5.4883333333333337e+2
    5.4883333333333337e+2 5.4883333333333337e+2 5.4883333333333337e+2
    5.4883333333333337e+2 5.4883333333333337e+2 5.4883333333333337e+2
    5.4883333333333337e+2 5.4883333333333337e+2 5.4883333333333337e+2
    5.4883333333333337e+2 5.4883333333333337e+2 5.4883333333333337e+2
    5.4883333333333337e+2 5.4883333333333337e+2 5.4883333333333337e+2
    5.4883333333333337e+2 5.4883333333333337e+2 5.4883333333333337e+2
    5.4883333333333337e+2 5.4883333333333337e+2 5.4883333333333337e+2
    5.4883333333333337e+2 5.4883333333333337e+2 5.4883333333333337e+2
    5.4883333333333337e+2 5.4883333333333337e+2 5.4883333333333337e+2
    5.4883333333333337e+2 5.4883333333333337e+2 5.4883333333333337e+2
    5.4883333333333337e+2 5.4883333333333337e+2 5.4883333333333337e+2
    5.4883333333333337e+2 5.4883333333333337e+2 5.4883333333333337e+2
    5.4883333333333337e+2 5.4883333333333337e+2 5.4883333333333337e+2
    5.4883333333333337e+2 5.4883333333333337e+2 5.4883333333333337e+2
    5.4883333333333337e+2 5.4883333333333337e+2 5.4883333333333337e+2
    5.4883333333333337e+2 5.4883333333333337e+2 5.4883333333333337e+2
    5.4883333333333337e+2 5.4883333333333337e+2 5.4883333333333337e+2
    5.4883333333333337e+2 5.4883333333333337e+2 5.4883333333333337e+2
    5.4883333333333337e+2 5.4883333333333337e+2 5.4883333333333337e+2
    5.4883333333333337e+2 5.4883333333333337e+2 5.4883333333333337e+2
    5.4883333333333337e+2 5.4883333333333337e+2 5.4883333333333337e+2
    5.4883333333333337e+2 5.4883333333333337e+2 5.4883333333333337e+2
    5.4883333333333337e+2 5.4883333333333337e+2 5.4883333333333337e+2
    5.4883333333333337e+2 5.4883333333333337e+2 5.4883333333333337e+2
    5.4883333333333337e+2 5.4883333333333337e+2 5.4883333333333337e+2
    5.4883333333333337e+2 5.4883333333333337e+2 5.4883333333333337e+2
    5.4883333333333337e+2 5.4883333333333337e+2 5.4883333333333337e+2
    5.4883333333333337e+2 5.4883333333333337e+2 5.4883333333333337e+2
    5.4883333333333337e+2 5.4883333333333337e+2 5.4883333333333337e+2
    5.4883333333333337e+2 5.4883333333333337e+2 5.4883333333333337e+2
    5.4883333333333337e+2 5.4883333333333337e+2 5.4883333333333337e+2
    5.4883333333333337e+2 5.4883333333333337e+2 5.4883333333333337e+2
    5.4883333333333337e+2 5.4883333333333337e+2 5.4883333333333337e+2
    5.4883333333333337e+2 5.4883333333333337e+2 5.4883333333333337e+2
    5.4883333333333337e+2 5.4883333333333337e+2 5.4883333333333337e+2
    5.4883333333333337e+2 5.4883333333333337e+2 5.4883333333333337e+2
    5.4883333333333337e+2 5.4883333333333337e+2 5.4883333333333337e+2
    5.4883333333333337e+2 5.4883333333333337e+2 5.4883333333333337e+2
    5.4883333333333337e+2 5.4883333333333337e+2 5.4883333333333337e+2
    5.4883333333333337e+2 5.4883333333333337e+2 5.4883333333333337e+2
    5.4883333333333337e+2 5.4883333333333337e+2 5.4883333333333337e+2
    5.4883333333333337e+2 5.4883333333333337e+2 5.4883333333333337e+2
    5.4883333333333337e+2 5.4883333333333337e+2 5.4883333333333337e+2
    5.4883333333333337e+2 5.4883333333333337e+2 5.4883333333333337e+2
    5.4883333333333337e+2 5.4883333333333337e+2 5.4883333333333337e+2
    5.4883333333333337e+2 5.4883333333333337e+2 5.4883333333333337e+2
    5.4883333333333337e+2 5.4883333333333337e+2 5.4883333333333337e+2
    5.4883333333333337e+2 5.4883333333333337e+2 5.4883333333333337e+2
    5.4883333333333337e+2 5.4883333333333337e+2 5.4883333333333337e+2
    5.4883333333333337e+2 5.4883333333333337e+2 5.4883333333333337e+2
    5.4883333333333337e+2 5.4883333333333337e+2 5.4883333333333337e+2
    5.4883333333333337e+2 5.4883333333333337e+2 5.4883333333333337e+2
    5.4883333333333337e+2 5.4883333333333337e+2 5.4883333333333337e+2
    5.4883333333333337e+2 5.4883333333333337e+2 5.4883333333333337e+2
    5.4883333333333337e+2 5.4883333333333337e+2 5.4883333333333337e+2
    5.4883333333333337e+2 5.4883333333333337e+2 5.4883333333333337e+2
    5.4883333333333337e+2 5.4883333333333337e+2 5.4883333333333337e+2
    5.4883333333333337e+2 5.4883333333333337e+2 5.4883333333333337e+2
    5.4883333333333337e+2 5.4883333333333337e+2 5.4883333333333337e+2
    5.4883333333333337e+2 5.4883333333333337e+2 5.4883333333333337e+2
    5.4883333333333337e+2 5.4883333333333337e+2 5.4883333333333337e+2
    5.4883333333333337e+2 5.4883333333333337e+2 5.4883333333333337e+2
    5.4883333333333337e+2 5.4883333333333337e+2 5.4883333333333337e+2
    5.4883333333333337e+2 5.4883333333333337e+2 5.4883333333333337e+2
    5.4883333333333337e+2 5.4883333333333337e+2 5.4883333333333337e+2
    5.4883333333333337e+2 5.4883333333333337e+2 5.4883333333333337e+2
    5.4883333333333337e+2 5.4883333333333337e+2 5.4883333333333337e+2
    5.4883333333333337e+2 5.4883333333333337e+2 5.4883333333333337e+2
    5.4883333333333337e+2 5.4883333333333337e+2 5.4883333333333337e+2
    5.4883333333333337e+2 5.4883333333333337e+2 5.4883333333333337e+2
    5.4883333333333337e+2 5.4883333333333337e+2 5.4883333333333337e+2
    5.4883333333333337e+2 5.4883333333333337e+2 5.4883333333333337e+2
    5.4883333333333337e+2 5.4883333333333337e+2 5.4883333333333337e+2
    5.4883333333333337e+2 5.4883333333333337e+2 5.4883333333333337e+2
    5.4883333333333337e+2 5.4883333333333337e+2 5.4883333333333337e+2
    5.4883333333333337e+2 5.4883333333333337e+2 5.4883333333333337e+2
    5.4883333333333337e+2 5.4883333333333337e+2 5.4883333333333337e+2
    5.4883333333333337e+2 5.4883333333333337e+2 5.4883333333333337e+2
    5.4883333333333337e+2 5.4883333333333337e+2 5.4883333333333337e+2
    5.4883333333333337e+2 5.4883333333333337e+2 5.4883333333333337e+2
    5.4883333333333337e+2 5.4883333333333337e+2 5.4883333333333337e+2
    5.4883333333333337e+2 5.4883333333333337e+2 5.4883333333333337e+2
    5.4883333333333337e+2 5.4883333333333337e+2 5.4883333333333337e+2
    5.4883333333333337e+2 5.4883333333333337e+2 5.4883333333333337e+2
    5.4883333333333337e+2 5.4883333333333337e+2 5.4883333333333337e+2
    5.4883333333333337e+2 5.4883333333333337e+2 5.4883333333333337e+2
    5.4883333333333337e+2 5.4883333333333337e+2 5.4883333333333337e+2
    5.4883333333333337e+2 5.4883333333333337e+2 5.4883333333333337e+2
    5.4883333333333337e+2 5.4883333333333337e+2 5.4883333333333337e+2
    5.4883333333333337e+2 5.4883333333333337e+2 5.4883333333333337e+2
    5.4883333333333337e+2 5.4883333333333337e+2 5.4883333333333337e+2
    5.4883333333333337e+2 5.4883333333333337e+2 5.4883333333333337e+2
    5.4883333333333337e+2 5.4883333333333337e+2 5.4883333333333337e+2
    5.4883333333333337e+2 5.4883333333333337e+2 5.4883333333333337e+2
    5.4883333333333337e+2 5.4883333333333337e+2 5.4883333333333337e+2
    5.4883333333333337e+2 5.4883333333333337e+2 5.4883333333333337e+2
    5.4883333333333337e+2 5.4883333333333337e+2 5.4883333333333337e+2
    5.4916666666666663e+2 5.4916666666666663e+2 5.4916666666666663e+2
    5.4916666666666663e+2 5.4916666666666663e+2 5.4916666666666663e+2
    5.4916666666666663e+2 5.4916666666666663e+2 5.4916666666666663e+2
    5.4916666666666663e+2 5.4916666666666663e+2 5.4916666666666663e+2
    5.4916666666666663e+2 5.4916666666666663e+2 5.4916666666666663e+2
    5.4916666666666663e+2 5.4916666666666663e+2 5.4916666666666663e+2
    5.4916666666666663e+2 5.4916666666666663e+2 5.5133333333333337e+2
    5.5133333333333337e+2 5.5133333333333337e+2 5.5133333333333337e+2
    5.5133333333333337e+2 5.5133333333333337e+2 5.5133333333333337e+2
    5.5133333333333337e+2 5.5133333333333337e+2 5.5133333333333337e+2
    5.5133333333333337e+2 5.5133333333333337e+2 5.5133333333333337e+2
    5.5133333333333337e+2 5.5133333333333337e+2 5.5133333333333337e+2
    5.5133333333333337e+2 5.5133333333333337e+2 5.5133333333333337e+2
    5.5133333333333337e+2 5.5133333333333337e+2 5.5133333333333337e+2
    5.5133333333333337e+2 5.5133333333333337e+2 5.5133333333333337e+2
    5.5133333333333337e+2 5.5133333333333337e+2 5.5133333333333337e+2
    5.5133333333333337e+2 5.5133333333333337e+2 5.5133333333333337e+2
    5.5133333333333337e+2 5.5133333333333337e+2 5.5133333333333337e+2
    5.5133333333333337e+2 5.5133333333333337e+2 5.5133333333333337e+2
    5.5133333333333337e+2 5.5133333333333337e+2 5.5133333333333337e+2
    5.5133333333333337e+2 5.5133333333333337e+2 5.5133333333333337e+2
    5.5133333333333337e+2 5.5133333333333337e+2 5.5133333333333337e+2
    5.5133333333333337e+2 5.5133333333333337e+2 5.5133333333333337e+2
    5.5133333333333337e+2 5.5133333333333337e+2 5.5133333333333337e+2
    5.5133333333333337e+2 5.5133333333333337e+2 5.5133333333333337e+2
    5.5133333333333337e+2 5.5133333333333337e+2 5.5133333333333337e+2
    5.5133333333333337e+2 5.5133333333333337e+2 5.5133333333333337e+2
    5.5133333333333337e+2 5.5133333333333337e+2 5.5133333333333337e+2
    5.5133333333333337e+2 5.5133333333333337e+2 5.5133333333333337e+2
    5.5133333333333337e+2 5.5133333333333337e+2 5.5133333333333337e+2
    5.5133333333333337e+2 5.5133333333333337e+2 5.5133333333333337e+2
    5.5133333333333337e+2 5.5133333333333337e+2 5.5133333333333337e+2
    5.5133333333333337e+2 5.5133333333333337e+2 5.5133333333333337e+2
    5.5133333333333337e+2 5.5133333333333337e+2 5.5133333333333337e+2
    5.5133333333333337e+2 5.5133333333333337e+2 5.5133333333333337e+2
    5.5133333333333337e+2 5.5133333333333337e+2 5.5133333333333337e+2
    5.5133333333333337e+2 5.5133333333333337e+2 5.5133333333333337e+2
    5.5133333333333337e+2 5.5133333333333337e+2 5.5133333333333337e+2
    5.5133333333333337e+2 5.5133333333333337e+2 5.5133333333333337e+2
    5.5133333333333337e+2 5.5133333333333337e+2 5.5133333333333337e+2
    5.5133333333333337e+2 5.5133333333333337e+2 5.5133333333333337e+2
    5.5133333333333337e+2 5.5133333333333337e+2 5.5133333333333337e+2
    5.5133333333333337e+2 5.5133333333333337e+2 5.5133333333333337e+2
    5.5133333333333337e+2 5.5133333333333337e+2 5.5133333333333337e+2
    5.5133333333333337e+2 5.5133333333333337e+2 5.5133333333333337e+2
    5.5133333333333337e+2 5.5133333333333337e+2 5.5133333333333337e+2
    5.5133333333333337e+2 5.5133333333333337e+2 5.5133333333333337e+2
    5.5133333333333337e+2 5.5133333333333337e+2 5.5133333333333337e+2
    5.5133333333333337e+2 5.5133333333333337e+2 5.5133333333333337e+2
    5.5133333333333337e+2 5.5133333333333337e+2 5.5133333333333337e+2
    5.5133333333333337e+2 5.5133333333333337e+2 5.5133333333333337e+2
    5.5133333333333337e+2 5.5133333333333337e+2 5.5133333333333337e+2
    5.5133333333333337e+2 5.5133333333333337e+2 5.5133333333333337e+2
    5.5133333333333337e+2 5.5133333333333337e+2 5.5133333333333337e+2
    5.5133333333333337e+2 5.5133333333333337e+2 5.5133333333333337e+2
    5.5133333333333337e+2 5.5133333333333337e+2 5.5133333333333337e+2
    5.5133333333333337e+2 5.5133333333333337e+2 5.5133333333333337e+2
    5.5133333333333337e+2 5.5133333333333337e+2 5.5133333333333337e+2
    5.5133333333333337e+2 5.5133333333333337e+2 5.5133333333333337e+2
    5.5133333333333337e+2 5.5133333333333337e+2 5.5133333333333337e+2
    5.5133333333333337e+2 5.5133333333333337e+2 5.5133333333333337e+2
    5.5133333333333337e+2 5.5133333333333337e+2 5.5133333333333337e+2
    5.5133333333333337e+2 5.5133333333333337e+2 5.5133333333333337e+2
    5.5133333333333337e+2 5.5133333333333337e+2 5.5133333333333337e+2
    5.5133333333333337e+2 5.5133333333333337e+2 5.5133333333333337e+2
    5.5133333333333337e+2 5.5133333333333337e+2 5.5133333333333337e+2
    5.5133333333333337e+2 5.5133333333333337e+2 5.5133333333333337e+2
    5.5133333333333337e+2 5.5133333333333337e+2 5.5133333333333337e+2
    5.5133333333333337e+2 5.5133333333333337e+2 5.5133333333333337e+2
    5.5133333333333337e+2 5.5133333333333337e+2 5.5133333333333337e+2
    5.5133333333333337e+2 5.5133333333333337e+2 5.5133333333333337e+2
    5.5133333333333337e+2 5.5133333333333337e+2 5.5133333333333337e+2
    5.5133333333333337e+2 5.5133333333333337e+2 5.5133333333333337e+2
    5.5133333333333337e+2 5.5133333333333337e+2 5.5133333333333337e+2
    5.5133333333333337e+2 5.5133333333333337e+2 5.5133333333333337e+2
    5.5133333333333337e+2 5.5133333333333337e+2 5.5133333333333337e+2
    5.5133333333333337e+2 5.5133333333333337e+2 5.5133333333333337e+2
    5.5133333333333337e+2 5.5133333333333337e+2 5.5133333333333337e+2
    5.5133333333333337e+2 5.5133333333333337e+2 5.5133333333333337e+2
    5.5133333333333337e+2 5.5133333333333337e+2 5.5133333333333337e+2
    5.5133333333333337e+2 5.5133333333333337e+2 5.5133333333333337e+2
    5.5133333333333337e+2 5.5133333333333337e+2 5.5133333333333337e+2
    5.5133333333333337e+2 5.5133333333333337e+2 5.5133333333333337e+2
    5.5133333333333337e+2 5.5133333333333337e+2 5.5133333333333337e+2
    5.5133333333333337e+2 5.5133333333333337e+2 5.5133333333333337e+2
    5.5533333333333337e+2 5.5533333333333337e+2 5.5533333333333337e+2 5.555e+2
    5.555e+2 5.5566666666666663e+2 5.5566666666666663e+2 5.5566666666666663e+2
    5.5566666666666663e+2 5.5566666666666663e+2 5.5566666666666663e+2
    5.5566666666666663e+2 5.5566666666666663e+2 5.5566666666666663e+2
    5.5566666666666663e+2 5.5566666666666663e+2 5.5566666666666663e+2
    5.5566666666666663e+2 5.5566666666666663e+2 5.5566666666666663e+2
    5.5566666666666663e+2 5.5566666666666663e+2 5.5566666666666663e+2
    5.5566666666666663e+2 5.5566666666666663e+2 5.5566666666666663e+2
    5.5566666666666663e+2 5.5566666666666663e+2 5.5566666666666663e+2
    5.5566666666666663e+2 5.5566666666666663e+2 5.5566666666666663e+2
    5.5566666666666663e+2 5.5566666666666663e+2 5.5566666666666663e+2
    5.5566666666666663e+2 5.5566666666666663e+2 5.5566666666666663e+2
    5.5566666666666663e+2 5.5566666666666663e+2 5.5566666666666663e+2
    5.5566666666666663e+2 5.56e+2 5.56e+2 5.56e+2 5.56e+2 5.56e+2 5.56e+2
    5.56e+2 5.56e+2 5.56e+2 5.56e+2 5.56e+2 5.56e+2 5.56e+2 5.56e+2 5.56e+2
    5.56e+2 5.56e+2 5.56e+2 5.56e+2 5.56e+2 5.56e+2 5.56e+2 5.56e+2 5.56e+2
    5.56e+2 5.56e+2 5.56e+2 5.56e+2 5.56e+2 5.56e+2 5.56e+2 5.56e+2 5.56e+2
    5.56e+2 5.56e+2 5.56e+2 5.56e+2 5.56e+2 5.56e+2 5.56e+2 5.56e+2 5.56e+2
    5.56e+2 5.56e+2 5.56e+2 5.56e+2 5.56e+2 5.56e+2 5.56e+2 5.56e+2 5.56e+2
    5.56e+2 5.56e+2 5.56e+2 5.56e+2 5.56e+2 5.56e+2 5.56e+2 5.56e+2 5.56e+2
    5.56e+2 5.56e+2 5.56e+2 5.56e+2 5.56e+2 5.56e+2 5.56e+2 5.56e+2 5.56e+2
    5.56e+2 5.56e+2 5.56e+2 5.56e+2 5.56e+2 5.56e+2 5.56e+2 5.56e+2 5.56e+2
    5.56e+2 5.56e+2 5.56e+2 5.56e+2 5.56e+2 5.56e+2 5.56e+2 5.56e+2 5.56e+2
    5.56e+2 5.56e+2 5.56e+2 5.56e+2 5.56e+2 5.56e+2 5.56e+2 5.56e+2 5.56e+2
    5.56e+2 5.56e+2 5.56e+2 5.56e+2 5.56e+2 5.56e+2 5.56e+2 5.56e+2 5.56e+2
    5.56e+2 5.56e+2 5.56e+2 5.56e+2 5.56e+2 5.56e+2 5.56e+2 5.56e+2 5.56e+2
    5.56e+2 5.56e+2 5.56e+2 5.56e+2 5.56e+2 5.56e+2 5.56e+2 5.56e+2 5.56e+2
    5.56e+2 5.56e+2 5.56e+2 5.56e+2 5.56e+2 5.56e+2 5.56e+2 5.56e+2 5.56e+2
    5.56e+2 5.56e+2 5.56e+2 5.56e+2 5.56e+2 5.56e+2 5.56e+2 5.56e+2 5.56e+2
    5.5616666666666663e+2 5.5633333333333337e+2 5.5633333333333337e+2
    5.5633333333333337e+2 5.5633333333333337e+2 5.5633333333333337e+2
    5.5633333333333337e+2 5.5633333333333337e+2 5.5633333333333337e+2
    5.5633333333333337e+2 5.5633333333333337e+2 5.5633333333333337e+2
    5.5633333333333337e+2 5.5633333333333337e+2 5.5633333333333337e+2
    5.5633333333333337e+2 5.5633333333333337e+2 5.5633333333333337e+2
    5.5633333333333337e+2 5.5633333333333337e+2 5.5633333333333337e+2
    5.5633333333333337e+2 5.5633333333333337e+2 5.5633333333333337e+2
    5.5633333333333337e+2 5.5633333333333337e+2 5.5633333333333337e+2
    5.5633333333333337e+2 5.5633333333333337e+2 5.5633333333333337e+2
    5.5633333333333337e+2 5.5633333333333337e+2 5.5633333333333337e+2
    5.5633333333333337e+2 5.5633333333333337e+2 5.5633333333333337e+2
    5.5633333333333337e+2 5.5633333333333337e+2 5.5633333333333337e+2
    5.5633333333333337e+2 5.5633333333333337e+2 5.5633333333333337e+2
    5.5633333333333337e+2 5.5633333333333337e+2 5.5633333333333337e+2
    5.5633333333333337e+2 5.5633333333333337e+2 5.5633333333333337e+2
    5.5633333333333337e+2 5.5633333333333337e+2 5.5633333333333337e+2
    5.5633333333333337e+2 5.5633333333333337e+2 5.5633333333333337e+2
    5.6166666666666663e+2 5.6166666666666663e+2 5.6166666666666663e+2
    5.6166666666666663e+2 5.6166666666666663e+2 5.6166666666666663e+2
    5.6166666666666663e+2 5.6166666666666663e+2 5.62e+2 5.6233333333333337e+2
    5.6233333333333337e+2 5.6233333333333337e+2 5.6233333333333337e+2
    5.6233333333333337e+2 5.6233333333333337e+2 5.6233333333333337e+2
    5.6233333333333337e+2 5.6233333333333337e+2 5.6233333333333337e+2
    5.6233333333333337e+2 5.6233333333333337e+2 5.63e+2 5.63e+2 5.63e+2 5.63e+2
    5.68e+2 5.68e+2 5.68e+2 5.7733333333333337e+2 5.78e+2 5.95e+2
    6.1033333333333337e+2 6.29e+2 6.4739999999999998e+2 6.4739999999999998e+2
    6.4739999999999998e+2 6.4739999999999998e+2 6.4779999999999995e+2
    6.4779999999999995e+2 6.4779999999999995e+2 6.4779999999999995e+2
    6.4779999999999995e+2 6.4779999999999995e+2 6.4779999999999995e+2
    6.4779999999999995e+2 6.4779999999999995e+2 6.4779999999999995e+2
    6.4779999999999995e+2 6.4779999999999995e+2 6.4779999999999995e+2
    6.4779999999999995e+2 6.4779999999999995e+2 6.4779999999999995e+2
    6.4779999999999995e+2 6.4779999999999995e+2 6.4779999999999995e+2
    6.4779999999999995e+2 6.4779999999999995e+2 6.4779999999999995e+2
    6.4779999999999995e+2 6.4779999999999995e+2 6.4820000000000005e+2
    6.4820000000000005e+2 6.4860000000000002e+2 6.5120000000000005e+2
    6.5679999999999995e+2 7.1e+2 7.9675e+2 7.9675e+2 8.1288888888888891e+2
    8.38e+2 8.7736363636363637e+2 8.8881818181818187e+2 9.1739999999999998e+2
    9.3066666666666663e+2 9.4531818181818187e+2 9.6019230769230774e+2
    9.8061538461538464e+2 1.0108571428571429e+3 1.0253928571428571e+3
    1.0315250000000001e+3 1.0502857142857142e+3 1.056e+3 1.0772142857142858e+3
    1.0819285714285713e+3 1.0877241379310344e+3 1.0946363636363637e+3
    1.0981176470588234e+3 1.1125e+3 1.1220571428571429e+3 1.1257435897435898e+3
    1.12975e+3 1.1323e+3 1.1379444444444443e+3 1.1437777777777778e+3
    1.1552456140350878e+3 1.1655714285714287e+3 1.1668205128205129e+3 1.1775e+3
    1.1810526315789473e+3 1.1852222222222222e+3 1.1925882352941176e+3
    1.1968333333333333e+3 1.1998307692307692e+3 1.2100869565217392e+3
    1.2117906976744187e+3 1.2171739130434783e+3 1.218784090909091e+3 1.2215e+3
    1.222e+3 1.2287826086956522e+3 1.2299305555555557e+3 1.230671052631579e+3
    1.23724e+3 1.2436624999999999e+3 1.250171875e+3 1.2508541666666667e+3
    1.2515416666666667e+3 1.258439024390244e+3 1.2600493827160494e+3
    1.2609272727272728e+3 1.2647407407407406e+3 1.2654941176470588e+3
    1.2673103448275863e+3 1.2695344827586207e+3 1.2738073394495414e+3
    1.2760740740740741e+3 1.277340909090909e+3 1.2777261904761904e+3
    1.28103125e+3 1.2823666666666666e+3 1.283867469879518e+3
    1.2844947368421053e+3 1.2851182795698924e+3 1.2853571428571429e+3
    1.2857777777777778e+3 1.2862e+3 1.286453125e+3 1.2875517241379309e+3
    1.2884461538461539e+3 1.2910535714285713e+3 1.2927090909090909e+3
    1.2941752577319587e+3 1.2944842105263158e+3 1.2947878787878788e+3
    1.297016129032258e+3 1.2987459016393443e+3 1.3002376237623762e+3
    1.302828125e+3 1.302948717948718e+3 1.3038854166666667e+3 1.304515625e+3
    1.3054949494949494e+3 1.3061515151515152e+3 1.3065294117647059e+3
    1.3082019230769231e+3 1.308323076923077e+3 1.3090555555555557e+3
    1.3114925373134329e+3 1.3116306306306305e+3 1.3118142857142857e+3
    1.3127837837837837e+3 1.3140799999999999e+3 1.3143310344827587e+3
    1.3164117647058824e+3 1.3169626168224299e+3 1.3183552631578948e+3
    1.3188802816901409e+3 1.3195799999999999e+3 1.3199930069930069e+3
    1.3209214285714286e+3 1.32271875e+3 1.3229041095890411e+3
    1.3230506329113923e+3 1.324948717948718e+3 1.3255833333333333e+3
    1.326018691588785e+3 1.3261844660194174e+3 1.326859649122807e+3
    1.3273965517241379e+3 1.3275588235294117e+3 1.3276827586206896e+3
    1.3279868421052631e+3 1.3284358974358975e+3 1.3288e+3 1.3297017543859649e+3
    1.330851851851852e+3 1.3313524590163934e+3 1.3332086956521739e+3
    1.3333493975903614e+3 1.3341666666666667e+3 1.3344366197183099e+3
    1.3350521739130436e+3 1.3371125e+3 1.3374615384615386e+3
    1.338126050420168e+3 1.3383902439024391e+3 1.3388333333333333e+3
    1.3401585365853659e+3 1.3414222222222222e+3 1.3415130434782609e+3
    1.342780487804878e+3 1.343e+3 1.3438347826086956e+3 1.3443466666666666e+3
    1.3446854838709678e+3 1.3449918032786886e+3 1.3453461538461538e+3
    1.3465076923076922e+3 1.3467926829268292e+3 1.3469878048780488e+3
    1.3475555555555557e+3 1.3478222222222223e+3 1.3479367088607594e+3
    1.3482085889570553e+3 1.348493670886076e+3 1.3497282608695652e+3 1.3508e+3
    1.3511777777777777e+3 1.3514450867052024e+3 1.3520243902439024e+3
    1.3521052631578948e+3 1.3540487804878048e+3 1.354547619047619e+3
    1.3563082706766918e+3 1.3565555555555557e+3 1.3574000000000001e+3
    1.3582268041237114e+3 1.3588e+3 1.3591363636363637e+3 1.3596641791044776e+3
    1.361010752688172e+3 1.3611348314606741e+3 1.3614927536231885e+3
    1.361984962406015e+3 1.3620222222222221e+3 1.3623111111111111e+3
    1.3626323529411766e+3 1.3630218978102189e+3 1.3643563218390805e+3
    1.36475e+3 1.3648775510204082e+3 1.3651666666666667e+3 1.36525e+3
    1.3666021505376343e+3 1.3667096774193549e+3 1.3669313725490197e+3
    1.3675913978494623e+3 1.3676370967741937e+3 1.3683333333333333e+3
    1.3690095238095239e+3 1.36918954248366e+3 1.3694736842105262e+3
    1.3696700000000001e+3 1.3703505154639174e+3 1.3709470198675497e+3
    1.3712150537634409e+3 1.3714166666666667e+3 1.372e+3 1.3723440860215053e+3
    1.3743544303797469e+3 1.3746428571428571e+3 1.3753181818181818e+3
    1.3759801980198019e+3 1.3760068965517241e+3 1.3765442176870749e+3
    1.3772641509433963e+3 1.3785e+3 1.3788224299065421e+3 1.3792027027027027e+3
    1.3801379310344828e+3 1.3810180722891566e+3 1.3815595238095239e+3
    1.3822378048780488e+3 1.3830761904761905e+3 1.3832682926829268e+3
    1.3833827751196172e+3 1.3843571428571429e+3 1.3846476190476189e+3
    1.3858983050847457e+3 1.3873910614525139e+3 1.3875040650406504e+3
    1.3884861111111111e+3 1.3898245614035088e+3 1.3901344537815125e+3 1.3905e+3
    1.3909378531073446e+3 1.391219696969697e+3 1.3915652173913043e+3
    1.3916120689655172e+3 1.3920462962962963e+3 1.3921802325581396e+3
    1.3923693693693695e+3 1.3941173184357542e+3 1.3952868852459017e+3
    1.396046875e+3 1.3968e+3 1.3971083333333333e+3 1.397672131147541e+3
    1.3979677419354839e+3 1.3985522388059701e+3 1.3988412698412699e+3
    1.399048e+3 1.3996153846153845e+3 1.4008270676691729e+3
    1.4012903225806451e+3 1.4017247191011236e+3 1.4025e+3 1.4042238805970148e+3
    1.405016393442623e+3 1.4061617647058824e+3 1.4086363636363637e+3
    1.409090909090909e+3 1.409171875e+3 1.4107887323943662e+3
    1.4145070422535211e+3 1.4173414634146341e+3 1.4220714285714287e+3
    1.4359583333333333e+3 1.4492222222222222e+3 1.4564444444444443e+3 1.4602e+3
    1.4632700729927008e+3 1.467741935483871e+3 1.4690588235294117e+3
    1.4732539682539682e+3 1.4799230769230769e+3 1.4859154929577464e+3
    1.4859154929577464e+3 1.4873082706766918e+3 1.4873082706766918e+3
    1.4873308270676691e+3 1.4881958041958042e+3 1.4889032258064517e+3
    1.4889032258064517e+3 1.4889032258064517e+3 1.4889032258064517e+3
    1.4889032258064517e+3 1.4889032258064517e+3 1.4889032258064517e+3
    1.4889032258064517e+3 1.4889032258064517e+3 1.4889032258064517e+3
    1.4889032258064517e+3 1.4889032258064517e+3 1.4889032258064517e+3
    1.4889032258064517e+3 1.4889032258064517e+3 1.4889032258064517e+3
    1.4889032258064517e+3 1.4889032258064517e+3 1.4889032258064517e+3
    1.4889032258064517e+3 1.4889032258064517e+3 1.4889032258064517e+3
    1.4889032258064517e+3 1.4889032258064517e+3 1.4889032258064517e+3
    1.4889032258064517e+3 1.4889032258064517e+3 1.4889032258064517e+3
    1.4889032258064517e+3 1.4889032258064517e+3 1.4889032258064517e+3
    1.4889032258064517e+3 1.4889032258064517e+3 1.4889032258064517e+3
    1.4889032258064517e+3 1.4889032258064517e+3 1.4889032258064517e+3
    1.4889032258064517e+3 1.4889032258064517e+3 1.4889032258064517e+3
    1.4889032258064517e+3 1.4889032258064517e+3 1.4889032258064517e+3
    1.4889032258064517e+3 1.4889032258064517e+3 1.4889032258064517e+3
    1.4889032258064517e+3 1.4889032258064517e+3 1.4889032258064517e+3
    1.4889032258064517e+3 1.4889032258064517e+3 1.4889032258064517e+3
    1.4889032258064517e+3 1.4889032258064517e+3 1.4889032258064517e+3
    1.4889032258064517e+3 1.4889032258064517e+3 1.4889032258064517e+3
    1.4889032258064517e+3 1.4896695652173912e+3 1.4908266666666666e+3
    1.4910649350649351e+3 1.4913599999999999e+3 1.4918095238095239e+3
    1.4919457627118645e+3 1.4920919540229886e+3 1.4924717444717444e+3
    1.4924717444717444e+3 1.4928243559718969e+3 1.4929073724007562e+3
    1.4931447698744769e+3 1.4932549019607843e+3 1.4932549019607843e+3
    1.4932549019607843e+3 1.4932549019607843e+3 1.4932549019607843e+3
    1.4932549019607843e+3 1.4932549019607843e+3 1.4932549019607843e+3
    1.4932549019607843e+3 1.4932549019607843e+3 1.4932549019607843e+3
    1.4932549019607843e+3 1.4932549019607843e+3 1.4932549019607843e+3
    1.4932549019607843e+3 1.4932549019607843e+3 1.4932549019607843e+3
    1.4932549019607843e+3 1.4932549019607843e+3 1.4932549019607843e+3
    1.4932549019607843e+3 1.4932549019607843e+3 1.4932549019607843e+3
    1.4932549019607843e+3 1.4932549019607843e+3 1.4932549019607843e+3
    1.4932549019607843e+3 1.4932549019607843e+3 1.4932549019607843e+3
    1.4932549019607843e+3 1.4932549019607843e+3 1.4932549019607843e+3
    1.4932549019607843e+3 1.4932549019607843e+3 1.4932549019607843e+3
    1.4932549019607843e+3 1.4932549019607843e+3 1.4932549019607843e+3
    1.4932549019607843e+3 1.4932549019607843e+3 1.4932549019607843e+3
    1.4932549019607843e+3 1.4932549019607843e+3 1.4932549019607843e+3
    1.4932549019607843e+3 1.4932549019607843e+3 1.4932549019607843e+3
    1.4932549019607843e+3 1.4932549019607843e+3 1.4932549019607843e+3
    1.4932549019607843e+3 1.4932549019607843e+3 1.4932549019607843e+3
    1.4932549019607843e+3 1.4932549019607843e+3 1.4932829046898639e+3
    1.4932880143112702e+3 1.4934389721627408e+3 1.4934389721627408e+3
    1.4935334174022698e+3 1.4935745296671491e+3 1.4935925925925926e+3
    1.4936139476961396e+3 1.4936139476961396e+3 1.4936687116564417e+3
    1.4936687116564417e+3 1.4937362270450751e+3 1.4937362270450751e+3
    1.493779679144385e+3 1.493904404873477e+3 1.493904404873477e+3
    1.493909947643979e+3 1.4939261285909713e+3 1.4939261285909713e+3
    1.4939386106623585e+3 1.4939781181619255e+3 1.4940016680567139e+3
    1.4940165593376264e+3 1.4940348221044662e+3 1.4940348221044662e+3
    1.4940579374275783e+3 1.4940796393688956e+3 1.4941000820344545e+3
    1.4941032346868549e+3 1.4941435406698565e+3 1.4941435406698565e+3
    1.4941458145814581e+3 1.4941547738693466e+3 1.4941602523659305e+3
    1.4941602523659305e+3 1.4941672834937083e+3 1.4941694915254238e+3
    1.4941968652037617e+3 1.4942185792349726e+3 1.4942225219150371e+3
    1.49422892635315e+3 1.4942467532467533e+3 1.4942498647917794e+3
    1.4942498647917794e+3 1.4942498647917794e+3 1.4942590431738622e+3
    1.4942687306501548e+3 1.4942825484764544e+3 1.4942875297855442e+3
    1.4943170847136773e+3 1.4943170847136773e+3 1.4943350107836088e+3
    1.4943350107836088e+3 1.4943416711016498e+3 1.4943438530381536e+3
    1.4943447661469934e+3 1.4943447661469934e+3 1.4943463238248291e+3
    1.494360655737705e+3 1.494360655737705e+3 1.494360655737705e+3
    1.494360655737705e+3 1.494360655737705e+3 1.494360655737705e+3
    1.494360655737705e+3 1.494360655737705e+3 1.494360655737705e+3
    1.494360655737705e+3 1.494360655737705e+3 1.494360655737705e+3
    1.494360655737705e+3 1.494360655737705e+3 1.494360655737705e+3
    1.494360655737705e+3 1.494360655737705e+3 1.494360655737705e+3
    1.494360655737705e+3 1.494360655737705e+3 1.494360655737705e+3
    1.494360655737705e+3 1.494360655737705e+3 1.494360655737705e+3
    1.494360655737705e+3 1.494360655737705e+3 1.494360655737705e+3
    1.494360655737705e+3 1.494360655737705e+3 1.494360655737705e+3
    1.494360655737705e+3 1.494360655737705e+3 1.494360655737705e+3
    1.494360655737705e+3 1.494360655737705e+3 1.494360655737705e+3
    1.494360655737705e+3 1.494360655737705e+3 1.494360655737705e+3
    1.494360655737705e+3 1.494360655737705e+3 1.494360655737705e+3
    1.494360655737705e+3 1.494360655737705e+3 1.494360655737705e+3
    1.494360655737705e+3 1.494360655737705e+3 1.494360655737705e+3
    1.494360655737705e+3 1.494360655737705e+3 1.494360655737705e+3
    1.494360655737705e+3 1.4943709597215316e+3 1.4943929618768329e+3
    1.4943966402239851e+3 1.4944072507552869e+3 1.4944112078758046e+3
    1.4944136562127828e+3 1.4944193406593406e+3 1.4944193406593406e+3
    1.4944291381175622e+3 1.4944291381175622e+3 1.4944353665360941e+3
    1.4944353665360941e+3 1.4944395513086831e+3 1.4944454388984509e+3
    1.4944491555874954e+3 1.4944576604962583e+3 1.4944576604962583e+3
    1.4944603226868621e+3 1.4944615384615386e+3 1.4944644939965694e+3
    1.4944739797828529e+3 1.4944739797828529e+3 1.4944785034460124e+3
    1.4944785034460124e+3 1.4944865192365949e+3 1.4944887620406707e+3
    1.4944913494809689e+3 1.4944913494809689e+3 1.4944913494809689e+3
    1.4944993128721942e+3 1.4944993128721942e+3 1.4945022146507665e+3
    1.4945031712473574e+3 1.4945031712473574e+3 1.4945140865524252e+3
    1.4945157667386609e+3 1.4945159781761497e+3 1.4945199131064446e+3
    1.4945257893091591e+3 1.4945257893091591e+3 1.4945280752154611e+3
    1.4945280752154611e+3 1.4945304454434001e+3 1.4945304454434001e+3
    1.4945335851092527e+3 1.494536175322726e+3 1.4945423287314404e+3
    1.4945436215587438e+3 1.4945436215587438e+3 1.4945468956406869e+3
    1.494552426035503e+3 1.4945546592489568e+3 1.4945546592489568e+3
    1.4945555145702692e+3 1.4945581281988789e+3 1.4945595593298142e+3
    1.4945612648221345e+3 1.4945652892561984e+3 1.4945652892561984e+3
    1.4945662731120517e+3 1.4945686929414385e+3 1.4945706141487433e+3
    1.4945706141487433e+3 1.4945726033326121e+3 1.4945761344537816e+3
    1.4945783507446099e+3 1.4945785819482433e+3 1.4945796285875069e+3
    1.4945826771653544e+3 1.4945826771653544e+3 1.4945826771653544e+3
    1.4945826771653544e+3 1.4945842374616172e+3 1.49458432304038e+3
    1.49458432304038e+3 1.49458432304038e+3 1.4945845258307058e+3
    1.4945851303508207e+3 1.4945851303508207e+3 1.4945899643082091e+3
    1.4945908343125734e+3 1.4945908343125734e+3 1.4945946785783647e+3
    1.4945946785783647e+3 1.4945967631638932e+3 1.4945967631638932e+3
    1.4945995076690022e+3 1.4946003580664412e+3 1.4946010086027884e+3
    1.4946023456516928e+3 1.4946023456516928e+3 1.4946051560379919e+3
    1.4946065654091133e+3 1.4946080502426491e+3 1.4946084761045988e+3
    1.494609206660137e+3 1.494609206660137e+3 1.4946097146097145e+3
    1.4946125862429437e+3 1.4946125862429437e+3 1.4946140512631384e+3
    1.4946166293682218e+3 1.4946172939979654e+3 1.4946181818181817e+3
    1.494620055197792e+3 1.4946204342703249e+3 1.4946204342703249e+3
    1.4946204342703249e+3 1.4946204342703249e+3 1.4946204342703249e+3
    1.4946204342703249e+3 1.4946204342703249e+3 1.4946204342703249e+3
    1.4946204342703249e+3 1.4946206530395541e+3 1.4946206530395541e+3
    1.4946217554983159e+3 1.4946217554983159e+3 1.4946221206259891e+3
    1.4946258807355216e+3 1.4946259895732767e+3 1.4946259895732767e+3
    1.4946263144395998e+3 1.4946275584206285e+3 1.4946275584206285e+3
    1.4946275584206285e+3 1.4946275584206285e+3 1.4946275584206285e+3
    1.4946275584206285e+3 1.4946275584206285e+3 1.4946294740379767e+3
    1.4946308979012151e+3 1.4946316050607791e+3 1.4946316050607791e+3
    1.494632911392405e+3 1.4946338416314532e+3 1.4946354775828461e+3
    1.4946360279031596e+3 1.4946365601729522e+3 1.4946365601729522e+3
    1.4946371761854264e+3 1.4946371761854264e+3 1.4946374887892378e+3
    1.4946382280557834e+3 1.4946393571766189e+3 1.4946409672332225e+3
    1.494641210710128e+3 1.4946438302841573e+3 1.4946442884055489e+3
    1.4946452881561036e+3 1.4946455839168736e+3 1.4946480794898414e+3
    1.4946482281763181e+3 1.4946504997542193e+3 1.4946528497409327e+3
    1.4946528497409327e+3 1.494654478976234e+3 1.4946578165938865e+3
    1.4946588705954762e+3 1.4946591390261115e+3 1.4946591390261115e+3
    1.4946625290923196e+3 1.4946640456064479e+3 1.4946640456064479e+3
    1.4946648685097775e+3 1.4946648685097775e+3 1.4946666666666667e+3
    1.4946671776202338e+3 1.4946671776202338e+3 1.4946701097482246e+3
    1.4946701551111942e+3 1.4946701551111942e+3 1.4946729892394674e+3
    1.4946732734592754e+3 1.4946749226006191e+3 1.4946769825918761e+3
    1.4946779184247539e+3 1.4946793575252825e+3 1.4946807280149685e+3
    1.4946830810181334e+3 1.4946834573554665e+3 1.4946838377334193e+3
    1.4946853328992349e+3 1.4946872586872587e+3 1.4946872586872587e+3
    1.4946874900398407e+3 1.4946893798243279e+3 1.4946907929749866e+3
    1.4946915430493959e+3 1.4946919881305637e+3 1.4946951364175563e+3
    1.4946958468042776e+3 1.4946971655892592e+3 1.4946982809721399e+3
    1.4947000481463649e+3 1.4947027531497899e+3 1.4947049769112366e+3
    1.4947052965142598e+3 1.4947076923076922e+3 1.4947076923076922e+3
    1.4947109910658633e+3 1.4947141124140719e+3 1.4947144686299616e+3
    1.4947160299330444e+3 1.4947160299330444e+3 1.4947178502879078e+3
    1.4947189765458422e+3 1.4947195806813927e+3 1.4947202631098119e+3
    1.4947212276214834e+3 1.4947212276214834e+3 1.4947212276214834e+3
    1.4947212276214834e+3 1.4947212276214834e+3 1.4947227970032109e+3
    1.4947227970032109e+3 1.4947247780468119e+3 1.4947248253535527e+3
    1.4947266223811957e+3 1.4947279693486589e+3 1.4947279693486589e+3
    1.4947283990870558e+3 1.4947283990870558e+3 1.4947308533916848e+3
    1.4947308533916848e+3 1.4947320061255743e+3 1.4947341098169718e+3
    1.494735861610113e+3 1.494735861610113e+3 1.494738049713193e+3
    1.4947384521260324e+3 1.4947403704792707e+3 1.4947436332767402e+3
    1.4947437926330151e+3 1.4947452264048009e+3 1.4947452264048009e+3
    1.4947467087941022e+3 1.4947467087941022e+3 1.4947480916030534e+3
    1.4947480916030534e+3 1.4947480916030534e+3 1.4947480916030534e+3
    1.4947505202312138e+3 1.4947505960896519e+3 1.4947538126361655e+3
    1.4947547649301143e+3 1.4947547649301143e+3 1.4947547649301143e+3
    1.4947556654305727e+3 1.494756518251103e+3 1.4947573270808909e+3
    1.4947580952380952e+3 1.4947580952380952e+3 1.4947580952380952e+3
    1.4947587607922803e+3 1.4947588257153475e+3 1.4947592559787422e+3
    1.4947595212187159e+3 1.494759909987883e+3 1.4947605901951451e+3
    1.4947614213197969e+3 1.4947619993379676e+3 1.4947622033139276e+3
    1.4947625526401036e+3 1.4947630827783064e+3 1.4947630827783064e+3
    1.4947645478961504e+3 1.4947645478961504e+3 1.4947670136108886e+3
    1.4947671133647229e+3 1.4947680608365019e+3 1.4947680608365019e+3
    1.4947697180867913e+3 1.4947698686938493e+3 1.4947706543291474e+3
    1.4947711195556856e+3 1.4947713742875237e+3 1.4947720364741642e+3
    1.4947723202170964e+3 1.4947728582656537e+3 1.4947732132808103e+3
    1.4947742701163068e+3 1.4947751102400784e+3 1.4947751102400784e+3
    1.4947762393925859e+3 1.4947765726681127e+3 1.4947769975327387e+3
    1.4947774670395524e+3 1.4947779886148007e+3 1.4947782302850796e+3
    1.4947782302850796e+3 1.4947784604264546e+3 1.4947786210237364e+3
    1.4947790893760539e+3 1.494779177416907e+3 1.4947794639974168e+3
    1.4947798079900899e+3 1.4947799696509862e+3 1.4947804646752015e+3
    1.4947842866988283e+3 1.4947852450732694e+3 1.4947865622631978e+3
    1.4947866819747417e+3 1.4947867503788698e+3 1.4947868113864427e+3
    1.4947869384809669e+3 1.4947870560378847e+3 1.4947870728312973e+3
    1.4947878787878788e+3 1.4947878787878788e+3 1.4947878787878788e+3
    1.4947878787878788e+3 1.4947878787878788e+3 1.4947878787878788e+3
    1.4947878787878788e+3 1.4947878787878788e+3 1.4947878787878788e+3
    1.4947878787878788e+3 1.4947878787878788e+3 1.4947878787878788e+3
    1.4947878787878788e+3 1.4947878787878788e+3 1.4947878787878788e+3
    1.4947878787878788e+3 1.4947878787878788e+3 1.4947878787878788e+3
    1.4947878787878788e+3 1.4947878787878788e+3 1.4947878787878788e+3
    1.4947878787878788e+3 1.4947878787878788e+3 1.4947878787878788e+3
    1.4947878787878788e+3 1.4947878787878788e+3 1.4947878787878788e+3
    1.4947878787878788e+3 1.4947878787878788e+3 1.4947878787878788e+3
    1.4947878787878788e+3 1.4947878787878788e+3 1.4947878787878788e+3
    1.4947878787878788e+3 1.4947878787878788e+3 1.4947878787878788e+3
    1.4947878787878788e+3 1.4947878787878788e+3 1.4947878787878788e+3
    1.4947878787878788e+3 1.4947878787878788e+3 1.4947878787878788e+3
    1.4947878787878788e+3 1.4947878787878788e+3 1.4947878787878788e+3
    1.4947878787878788e+3 1.4947878787878788e+3 1.4947878787878788e+3
    1.4947878787878788e+3 1.4947878787878788e+3 1.4947878787878788e+3
    1.4947878787878788e+3 1.4947878787878788e+3 1.4947878787878788e+3
    1.4947878787878788e+3 1.4947878787878788e+3 1.4947878787878788e+3
    1.4947878787878788e+3 1.4947878787878788e+3 1.4947878787878788e+3
    1.4947878787878788e+3 1.4947878787878788e+3 1.4947878787878788e+3
    1.4947878787878788e+3 1.4947878787878788e+3 1.4947878787878788e+3
    1.4947878787878788e+3 1.4947878787878788e+3 1.4947878787878788e+3
    1.4947878787878788e+3 1.4947878787878788e+3 1.4947878787878788e+3
    1.4947878787878788e+3 1.4947878787878788e+3 1.4947878787878788e+3
    1.4947878787878788e+3 1.4947878787878788e+3 1.4947878787878788e+3
    1.4947878787878788e+3 1.4947878787878788e+3 1.4947878787878788e+3
    1.4947878787878788e+3 1.4947878787878788e+3 1.4947878787878788e+3
    1.4947878787878788e+3 1.4947878787878788e+3 1.4947878787878788e+3
    1.4947878787878788e+3 1.4947878787878788e+3 1.4947878787878788e+3
    1.4947878787878788e+3 1.4947878787878788e+3 1.4947878787878788e+3
    1.4947878787878788e+3 1.4947878787878788e+3 1.4947878787878788e+3
    1.4947878787878788e+3 1.4947878787878788e+3 1.4947878787878788e+3
    1.4947878787878788e+3 1.4947878787878788e+3 1.4947878787878788e+3
    1.4947878787878788e+3 1.4947878787878788e+3 1.4947878787878788e+3
    1.4947878787878788e+3 1.4947878787878788e+3 1.4947878787878788e+3
    1.4947878787878788e+3 1.4947878787878788e+3 1.4947878787878788e+3
    1.4947878787878788e+3 1.4947878787878788e+3 1.4947878787878788e+3
    1.4947878787878788e+3 1.4947878787878788e+3 1.4947878787878788e+3
    1.4947878787878788e+3 1.4947878787878788e+3 1.4947878787878788e+3
    1.4947878787878788e+3 1.4947878787878788e+3 1.4947878787878788e+3
    1.4947878787878788e+3 1.4947878787878788e+3 1.4947878787878788e+3
    1.4947878787878788e+3 1.4947878787878788e+3 1.4947878787878788e+3
    1.498590909090909e+3 1.5e+3), winSize: 6.0e+1, binSize: 1.0e+1, tStart:
    0.0, tEnd: 7.211e+3, binStart: 7.211e+3, maxBLsize: 1.0e+4 >
Bye.
