		     \||||||||||||||||||/
		   --- Welcome to Maude ---
		     /||||||||||||||||||\
	     Maude 3.5 built: Sep 25 2024 12:00:00
	     Copyright 1997-2024 SRI International
		   Mon Aug 17 01:14:37 2026
Warning: "smc_cp3-refactored.maude", line 140 (mod SMC_CP3): multiple distinct
    parses for statement
eq sumDiff (F F' FL) = (F' - F) + sumDiff (F' FL) .
Warning: "smc_cp3-refactored.maude", line 145 (mod SMC_CP3): multiple distinct
    parses for statement
eq avgDiff (FL) = if (len (FL) == 1) then 0.0 else sumDiff (FL) / float (len (
    FL) - 1) fi .
Warning: "smc_cp3-refactored.maude", line 150 (mod SMC_CP3): multiple distinct
    parses for statement
eq sumSquaredDiff (F FL, F') = (F - F') * (F - F') + sumSquaredDiff (FL, F') .
Warning: "smc_cp3-refactored.maude", line 225 (mod SMC_CP3): multiple distinct
    parses for statement
eq compLatency (Tsent, Trcvd) = Trcvd - Tsent .
Warning: "smc_cp3-refactored.maude", line 291 (mod SMC_CP3): multiple distinct
    parses for statement
eq getGoodput (< ADDR : IrcMonitor | msgRcvd: ircMTL, attrs >, Tstart, Tend) =
    collectGoodput (filterWindow (ircMTL, Tstart, Tend), Tstart, Tend) * 8.0 /
    (Tend - Tstart) .
Warning: "smc_cp3-refactored.maude", line 381 (mod SMC_CP3): multiple distinct
    parses for statement
eq normMED (NL, NL') = if max (lenMsgIdList (NL), lenMsgIdList (NL')) == 0 then
    1.0 else 1.0 - (float (med (NL, NL')) / float (max (lenMsgIdList (NL),
    lenMsgIdList (NL')))) fi .
Warning: "smc_cp3-refactored.maude", line 500 (mod SMC_CP3): multiple distinct
    parses for statement
eq getMTBF (< ADDR : IrcMonitor | msgSent: ircMTL, msgRcvd: ircMTL', attrs >,
    Tn, Tstart, Tend) = getMTBFAux (filterWindow (ircMTL, Tstart - Tn, Tend +
    Tn), filterWindow (ircMTL', Tstart - Tn, Tend + Tn), Tn, Tstart, Tend) .
Warning: "smc_cp3-refactored.maude", line 560 (mod SMC_CP3): multiple distinct
    parses for statement
eq KsDistanceX (F FL, nil, I, J, invN, invN', D) = max2 (D, abs ((float (I) *
    invN) - 1.0)) .
Warning: "smc_cp3-refactored.maude", line 561 (mod SMC_CP3): multiple distinct
    parses for statement
eq KsDistanceX (nil, F' FL', I, J, invN, invN', D) = max2 (D, abs (1.0 - (float
    (J) * invN'))) .
Warning: "smc_cp3-refactored.maude", line 563 (mod SMC_CP3): multiple distinct
    parses for statement
ceq KsDistanceX (F FL, F' FL', I, J, invN, invN', D) = KsDistanceX (FL1, FL2, I
    + C1, J + C2, invN, invN', max2 (D, abs ((float (I + C1) * invN) - (float (
    J + C2) * invN')))) if F == F' /\ prefix (C1, FL1) := skipEqPrefix (F, F
    FL) /\ prefix (C2, FL2) := skipEqPrefix (F', F' FL') .
Warning: "smc_cp3-refactored.maude", line 569 (mod SMC_CP3): multiple distinct
    parses for statement
ceq KsDistanceX (F FL, F' FL', I, J, invN, invN', D) = KsDistanceX (FL, F' FL',
    I + 1, J, invN, invN', max2 (D, abs ((float (I + 1) * invN) - (float (J) *
    invN')))) if F < F' .
Warning: "smc_cp3-refactored.maude", line 573 (mod SMC_CP3): multiple distinct
    parses for statement
ceq KsDistanceX (F FL, F' FL', I, J, invN, invN', D) = KsDistanceX (F FL, FL',
    I, J + 1, invN, invN', max2 (D, abs ((float (I) * invN) - (float (J + 1) *
    invN')))) if F > F' .
Warning: "smc_cp3-refactored.maude", line 583 (mod SMC_CP3): multiple distinct
    parses for statement
eq KsStatisticZ (FL, FL', K) = KsDistance (FL, FL') - K .
Warning: "smc_cp3-refactored.maude", line 679 (mod SMC_CP3): multiple distinct
    parses for statement
eq compObsFeatureX (vp, dnsQueryRate, Fid, TOL, Tstart, Tend) = float (
    countDNSQuery (vp, Fid, TOL, Tstart, Tend)) / (Tend - Tstart) .
Warning: "smc_cp3-refactored.maude", line 693 (mod SMC_CP3): multiple distinct
    parses for statement
eq compObsFeatureX (vp, tcpUpRate, Fid, TOL, Tstart, Tend) = float (
    sizeTCPUpload (vp, Fid, TOL, Tstart, Tend)) / (Tend - Tstart) .
Warning: "smc_cp3-refactored.maude", line 695 (mod SMC_CP3): multiple distinct
    parses for statement
eq compObsFeatureX (vp, tcpDownRate, Fid, TOL, Tstart, Tend) = float (
    sizeTCPDownload (vp, Fid, TOL, Tstart, Tend)) / (Tend - Tstart) .
Warning: "smc_cp3-refactored.maude", line 703 (mod SMC_CP3): multiple distinct
    parses for statement
eq compObsFeatureX (vp, tcpOutPktRate, Fid, TOL, Tstart, Tend) = float (
    countTCPOutPkt (vp, Fid, TOL, Tstart, Tend)) / (Tend - Tstart) .
Warning: "smc_cp3-refactored.maude", line 705 (mod SMC_CP3): multiple distinct
    parses for statement
eq compObsFeatureX (vp, tcpInPktRate, Fid, TOL, Tstart, Tend) = float (
    countTCPInPkt (vp, Fid, TOL, Tstart, Tend)) / (Tend - Tstart) .
Warning: "smc_cp3-refactored.maude", line 724 (mod SMC_CP3): multiple distinct
    parses for statement
eq compObsFeatureX (vp, dnsQueryRate, TOL, Tstart, Tend) = float (countDNSQuery
    (vp, TOL, Tstart, Tend)) / (Tend - Tstart) .
Warning: "smc_cp3-refactored.maude", line 738 (mod SMC_CP3): multiple distinct
    parses for statement
eq compObsFeatureX (vp, tcpUpRate, TOL, Tstart, Tend) = float (sizeTCPUpload (
    vp, TOL, Tstart, Tend)) / (Tend - Tstart) .
Warning: "smc_cp3-refactored.maude", line 740 (mod SMC_CP3): multiple distinct
    parses for statement
eq compObsFeatureX (vp, tcpDownRate, TOL, Tstart, Tend) = float (
    sizeTCPDownload (vp, TOL, Tstart, Tend)) / (Tend - Tstart) .
Warning: "smc_cp3-refactored.maude", line 748 (mod SMC_CP3): multiple distinct
    parses for statement
eq compObsFeatureX (vp, tcpOutPktRate, TOL, Tstart, Tend) = float (
    countTCPOutPkt (vp, TOL, Tstart, Tend)) / (Tend - Tstart) .
Warning: "smc_cp3-refactored.maude", line 750 (mod SMC_CP3): multiple distinct
    parses for statement
eq compObsFeatureX (vp, tcpInPktRate, TOL, Tstart, Tend) = float (countTCPInPkt
    (vp, TOL, Tstart, Tend)) / (Tend - Tstart) .
Warning: "smc_cp3-refactored.maude", line 911 (mod SMC_CP3): multiple distinct
    parses for statement
ceq expectedKObsFeature (vp, obsF, baselineCDF, binECDFs, T, Tend, winSize,
    binSize, Ksum, N) = if KD >= 0.0 then expectedKObsFeature (vp, obsF,
    baselineCDF, binECDFs, T + binSize, Tend, winSize, binSize, Ksum + KD, N +
    1) else expectedKObsFeature (vp, obsF, baselineCDF, binECDFs, T + binSize,
    Tend, winSize, binSize, Ksum, N) fi if (T + winSize) <= (Tend + Tesp) /\
    ECDF := sort (getECDFObsFeatureRange (binECDFs, floor (rat (T / binSize)),
    (floor (rat (T / binSize)) + floor (rat (winSize / binSize))) - 1)) /\ KD
    := KsDistance (baselineCDF, ECDF) .
Warning: "smc_cp3-refactored.maude", line 1079 (mod SMC_CP3): multiple distinct
    parses for statement
eq getCUSUMZt (< ADDR : Adversary | gt: (bl (vp, obsF, K, Zt) :; blList), attrs
    >, vp, obsF, Tstart, Tend, winSize, binSize) = cusumRange (Zt, floor (rat (
    Tstart / binSize)), floor (rat ((Tend - winSize) / binSize))) .
==========================================
rewrite in HCS-TEST-BASELINE-TCPOUTPKTRATE-CL1 : run((initState(counter) [
    tgenDelay, to baseLineAddr from baseLineAddr : initBase, 0]) 
{0.0 |
nil}, slimit) .
rewrites: 37964111344 in 16355948ms cpu (16355946ms real) (2321119
    rewrites/second)
result Actor: 
< baseLineAddr : BaseLineMonitor | viewPts: cl[1], features: tcpOutPktRate,
    baseLine: bl(cl[1], tcpOutPktRate, 7.0146792146685941e-2,
    1.0000000000000001e-1 1.0000000000000001e-1 1.0000000000000001e-1
    1.0000000000000001e-1 1.0000000000000001e-1 1.0000000000000001e-1
    1.0000000000000001e-1 1.0000000000000001e-1 1.0000000000000001e-1
    1.0000000000000001e-1 1.0000000000000001e-1 1.0000000000000001e-1
    1.0000000000000001e-1 1.0000000000000001e-1 1.0000000000000001e-1
    1.0000000000000001e-1 1.0000000000000001e-1 1.0000000000000001e-1
    1.0000000000000001e-1 1.0000000000000001e-1 1.0000000000000001e-1
    1.0000000000000001e-1 1.0000000000000001e-1 1.0000000000000001e-1
    1.0000000000000001e-1 1.0000000000000001e-1 1.0000000000000001e-1
    1.0000000000000001e-1 1.0000000000000001e-1 1.0000000000000001e-1
    1.0000000000000001e-1 1.0000000000000001e-1 1.0000000000000001e-1
    1.0000000000000001e-1 1.0000000000000001e-1 1.0000000000000001e-1
    1.0000000000000001e-1 1.0000000000000001e-1 1.0000000000000001e-1
    1.0000000000000001e-1 1.0000000000000001e-1 1.0000000000000001e-1
    1.0000000000000001e-1 1.0000000000000001e-1 1.0000000000000001e-1
    1.0000000000000001e-1 1.0000000000000001e-1 1.0000000000000001e-1
    1.0000000000000001e-1 1.0000000000000001e-1 1.0000000000000001e-1
    1.0000000000000001e-1 1.0000000000000001e-1 1.0000000000000001e-1
    1.0000000000000001e-1 1.0000000000000001e-1 1.0000000000000001e-1
    1.0000000000000001e-1 1.0000000000000001e-1 1.0000000000000001e-1
    1.0000000000000001e-1 1.0000000000000001e-1 1.0000000000000001e-1
    1.0000000000000001e-1 1.0000000000000001e-1 1.0000000000000001e-1
    1.0000000000000001e-1 1.0000000000000001e-1 1.0000000000000001e-1
    1.0000000000000001e-1 1.0000000000000001e-1 1.0000000000000001e-1
    1.0000000000000001e-1 1.0000000000000001e-1 1.0000000000000001e-1
    1.0000000000000001e-1 1.0000000000000001e-1 1.0000000000000001e-1
    1.0000000000000001e-1 1.0000000000000001e-1 1.0000000000000001e-1
    1.0000000000000001e-1 1.0000000000000001e-1 1.0000000000000001e-1
    1.0000000000000001e-1 1.0000000000000001e-1 1.0000000000000001e-1
    1.0000000000000001e-1 1.0000000000000001e-1 1.0000000000000001e-1
    1.0000000000000001e-1 1.0000000000000001e-1 1.0000000000000001e-1
    1.0000000000000001e-1 1.0000000000000001e-1 1.0000000000000001e-1
    1.0000000000000001e-1 1.0000000000000001e-1 1.0000000000000001e-1
    1.0000000000000001e-1 1.0000000000000001e-1 1.0000000000000001e-1
    1.0000000000000001e-1 1.0000000000000001e-1 1.0000000000000001e-1
    1.0000000000000001e-1 1.0000000000000001e-1 1.0000000000000001e-1
    1.0000000000000001e-1 1.0000000000000001e-1 1.0000000000000001e-1
    1.0000000000000001e-1 1.0000000000000001e-1 1.0000000000000001e-1
    1.0000000000000001e-1 1.0000000000000001e-1 1.0000000000000001e-1
    1.0000000000000001e-1 1.0000000000000001e-1 1.0000000000000001e-1
    1.0000000000000001e-1 1.0000000000000001e-1 1.0000000000000001e-1
    1.0000000000000001e-1 1.0000000000000001e-1 1.0000000000000001e-1
    1.0000000000000001e-1 1.0000000000000001e-1 1.0000000000000001e-1
    1.0000000000000001e-1 1.0000000000000001e-1 1.0000000000000001e-1
    1.0000000000000001e-1 1.0000000000000001e-1 1.0000000000000001e-1
    1.0000000000000001e-1 1.0000000000000001e-1 1.0000000000000001e-1
    1.0000000000000001e-1 1.0000000000000001e-1 1.0000000000000001e-1
    1.0000000000000001e-1 1.0000000000000001e-1 1.0000000000000001e-1
    1.0000000000000001e-1 1.0000000000000001e-1 1.0000000000000001e-1
    1.0000000000000001e-1 1.0000000000000001e-1 1.0000000000000001e-1
    1.0000000000000001e-1 1.0000000000000001e-1 1.0000000000000001e-1
    1.0000000000000001e-1 1.0000000000000001e-1 1.0000000000000001e-1
    1.0000000000000001e-1 1.0000000000000001e-1 1.0000000000000001e-1
    1.0000000000000001e-1 1.0000000000000001e-1 1.0000000000000001e-1
    1.0000000000000001e-1 1.0000000000000001e-1 1.0000000000000001e-1
    1.0000000000000001e-1 1.0000000000000001e-1 1.0000000000000001e-1
    1.0000000000000001e-1 1.0000000000000001e-1 1.0000000000000001e-1
    1.0000000000000001e-1 1.0000000000000001e-1 1.0000000000000001e-1
    1.0000000000000001e-1 1.0000000000000001e-1 1.0000000000000001e-1
    1.0000000000000001e-1 1.0000000000000001e-1 1.0000000000000001e-1
    1.0000000000000001e-1 1.0000000000000001e-1 1.0000000000000001e-1
    1.0000000000000001e-1 1.0000000000000001e-1 1.0000000000000001e-1
    1.0000000000000001e-1 1.0000000000000001e-1 1.0000000000000001e-1
    1.0000000000000001e-1 1.0000000000000001e-1 1.0000000000000001e-1
    1.0000000000000001e-1 1.0000000000000001e-1 1.0000000000000001e-1
    1.0000000000000001e-1 1.0000000000000001e-1 1.0000000000000001e-1
    1.0000000000000001e-1 1.0000000000000001e-1 1.0000000000000001e-1
    1.0000000000000001e-1 1.0000000000000001e-1 1.0000000000000001e-1
    1.0000000000000001e-1 1.0000000000000001e-1 1.0000000000000001e-1
    1.0000000000000001e-1 1.0000000000000001e-1 1.0000000000000001e-1
    1.0000000000000001e-1 1.0000000000000001e-1 1.0000000000000001e-1
    1.0000000000000001e-1 1.0000000000000001e-1 1.0000000000000001e-1
    1.0000000000000001e-1 1.0000000000000001e-1 1.0000000000000001e-1
    1.0000000000000001e-1 1.0000000000000001e-1 1.0000000000000001e-1
    1.0000000000000001e-1 1.0000000000000001e-1 1.0000000000000001e-1
    1.0000000000000001e-1 1.0000000000000001e-1 1.0000000000000001e-1
    1.0000000000000001e-1 1.0000000000000001e-1 1.0000000000000001e-1
    1.0000000000000001e-1 1.0000000000000001e-1 1.0000000000000001e-1
    1.0000000000000001e-1 1.0000000000000001e-1 1.0000000000000001e-1
    1.0000000000000001e-1 1.0000000000000001e-1 1.0000000000000001e-1
    1.0000000000000001e-1 1.0000000000000001e-1 1.0000000000000001e-1
    1.0000000000000001e-1 1.0000000000000001e-1 1.0000000000000001e-1
    1.0000000000000001e-1 1.0000000000000001e-1 1.0000000000000001e-1
    1.0000000000000001e-1 1.0000000000000001e-1 1.0000000000000001e-1
    1.0000000000000001e-1 1.0000000000000001e-1 1.0000000000000001e-1
    1.0000000000000001e-1 1.0000000000000001e-1 1.0000000000000001e-1
    1.0000000000000001e-1 1.0000000000000001e-1 1.0000000000000001e-1
    1.0000000000000001e-1 1.0000000000000001e-1 1.0000000000000001e-1
    1.0000000000000001e-1 1.0000000000000001e-1 1.0000000000000001e-1
    1.0000000000000001e-1 1.0000000000000001e-1 1.0000000000000001e-1
    1.0000000000000001e-1 1.0000000000000001e-1 1.0000000000000001e-1
    1.0000000000000001e-1 1.0000000000000001e-1 1.0000000000000001e-1
    1.0000000000000001e-1 1.0000000000000001e-1 1.0000000000000001e-1
    1.0000000000000001e-1 1.0000000000000001e-1 1.0000000000000001e-1
    1.0000000000000001e-1 1.0000000000000001e-1 1.0000000000000001e-1
    1.0000000000000001e-1 1.0000000000000001e-1 1.0000000000000001e-1
    1.0000000000000001e-1 1.0000000000000001e-1 1.0000000000000001e-1
    1.0000000000000001e-1 1.0000000000000001e-1 1.0000000000000001e-1
    1.0000000000000001e-1 1.0000000000000001e-1 1.0000000000000001e-1
    1.0000000000000001e-1 1.0000000000000001e-1 1.0000000000000001e-1
    1.0000000000000001e-1 1.0000000000000001e-1 1.0000000000000001e-1
    1.0000000000000001e-1 1.0000000000000001e-1 1.0000000000000001e-1
    1.0000000000000001e-1 1.0000000000000001e-1 1.0000000000000001e-1
    1.0000000000000001e-1 1.0000000000000001e-1 1.0000000000000001e-1
    1.0000000000000001e-1 1.0000000000000001e-1 1.0000000000000001e-1
    1.0000000000000001e-1 1.0000000000000001e-1 1.0000000000000001e-1
    1.0000000000000001e-1 1.0000000000000001e-1 1.0000000000000001e-1
    1.0000000000000001e-1 1.0000000000000001e-1 1.0000000000000001e-1
    1.0000000000000001e-1 1.0000000000000001e-1 1.0000000000000001e-1
    1.0000000000000001e-1 1.0000000000000001e-1 1.0000000000000001e-1
    1.0000000000000001e-1 1.0000000000000001e-1 1.0000000000000001e-1
    1.0000000000000001e-1 1.0000000000000001e-1 1.0000000000000001e-1
    1.0000000000000001e-1 1.0000000000000001e-1 1.0000000000000001e-1
    1.0000000000000001e-1 1.0000000000000001e-1 1.0000000000000001e-1
    1.0000000000000001e-1 1.0000000000000001e-1 1.0000000000000001e-1
    1.0000000000000001e-1 1.0000000000000001e-1 1.0000000000000001e-1
    1.0000000000000001e-1 1.0000000000000001e-1 1.0000000000000001e-1
    1.0000000000000001e-1 1.0000000000000001e-1 1.0000000000000001e-1
    1.0000000000000001e-1 1.0000000000000001e-1 1.0000000000000001e-1
    1.0000000000000001e-1 1.0000000000000001e-1 1.0000000000000001e-1
    1.0000000000000001e-1 1.0000000000000001e-1 1.0000000000000001e-1
    1.0000000000000001e-1 1.0000000000000001e-1 1.0000000000000001e-1
    1.0000000000000001e-1 1.0000000000000001e-1 1.0000000000000001e-1
    1.0000000000000001e-1 1.0000000000000001e-1 1.0000000000000001e-1
    1.0000000000000001e-1 1.0000000000000001e-1 1.0000000000000001e-1
    1.0000000000000001e-1 1.0000000000000001e-1 1.0000000000000001e-1
    1.0000000000000001e-1 1.0000000000000001e-1 1.0000000000000001e-1
    1.0000000000000001e-1 1.0000000000000001e-1 1.0000000000000001e-1
    1.0000000000000001e-1 1.0000000000000001e-1 1.0000000000000001e-1
    1.0000000000000001e-1 1.0000000000000001e-1 1.0000000000000001e-1
    1.0000000000000001e-1 1.0000000000000001e-1 1.0000000000000001e-1
    1.0000000000000001e-1 1.0000000000000001e-1 1.0000000000000001e-1
    1.0000000000000001e-1 1.0000000000000001e-1 1.0000000000000001e-1
    1.0000000000000001e-1 1.0000000000000001e-1 1.0000000000000001e-1
    1.0000000000000001e-1 1.0000000000000001e-1 1.0000000000000001e-1
    1.0000000000000001e-1 1.0000000000000001e-1 1.0000000000000001e-1
    1.0000000000000001e-1 1.0000000000000001e-1 1.0000000000000001e-1
    1.0000000000000001e-1 1.0000000000000001e-1 1.0000000000000001e-1
    1.0000000000000001e-1 1.0000000000000001e-1 1.0000000000000001e-1
    1.0000000000000001e-1 1.0000000000000001e-1 1.0000000000000001e-1
    1.0000000000000001e-1 1.0000000000000001e-1 1.0000000000000001e-1
    1.0000000000000001e-1 1.0000000000000001e-1 1.0000000000000001e-1
    1.0000000000000001e-1 1.0000000000000001e-1 1.0000000000000001e-1
    1.0000000000000001e-1 1.0000000000000001e-1 1.0000000000000001e-1
    1.0000000000000001e-1 1.0000000000000001e-1 1.0000000000000001e-1
    1.0000000000000001e-1 1.0000000000000001e-1 1.0000000000000001e-1
    1.0000000000000001e-1 1.0000000000000001e-1 1.0000000000000001e-1
    1.0000000000000001e-1 1.0000000000000001e-1 1.0000000000000001e-1
    1.0000000000000001e-1 1.0000000000000001e-1 1.0000000000000001e-1
    1.0000000000000001e-1 1.0000000000000001e-1 1.0000000000000001e-1
    1.0000000000000001e-1 1.0000000000000001e-1 1.0000000000000001e-1
    1.0000000000000001e-1 1.0000000000000001e-1 1.0000000000000001e-1
    1.0000000000000001e-1 1.0000000000000001e-1 1.0000000000000001e-1
    1.0000000000000001e-1 1.0000000000000001e-1 1.0000000000000001e-1
    1.0000000000000001e-1 1.0000000000000001e-1 1.0000000000000001e-1
    1.0000000000000001e-1 1.0000000000000001e-1 1.0000000000000001e-1
    1.0000000000000001e-1 1.0000000000000001e-1 1.0000000000000001e-1
    1.0000000000000001e-1 1.0000000000000001e-1 1.0000000000000001e-1
    1.0000000000000001e-1 1.0000000000000001e-1 1.0000000000000001e-1
    1.0000000000000001e-1 1.0000000000000001e-1 1.0000000000000001e-1
    1.0000000000000001e-1 1.0000000000000001e-1 1.0000000000000001e-1
    1.0000000000000001e-1 1.0000000000000001e-1 1.0000000000000001e-1
    1.0000000000000001e-1 1.0000000000000001e-1 1.0000000000000001e-1
    1.0000000000000001e-1 1.0000000000000001e-1 1.0000000000000001e-1
    1.0000000000000001e-1 1.0000000000000001e-1 1.0000000000000001e-1
    1.0000000000000001e-1 1.0000000000000001e-1 1.0000000000000001e-1
    1.0000000000000001e-1 1.0000000000000001e-1 1.0000000000000001e-1
    1.0000000000000001e-1 1.0000000000000001e-1 1.0000000000000001e-1
    1.0000000000000001e-1 1.0000000000000001e-1 1.0000000000000001e-1
    1.0000000000000001e-1 1.0000000000000001e-1 1.0000000000000001e-1
    1.0000000000000001e-1 1.0000000000000001e-1 1.0000000000000001e-1
    1.0000000000000001e-1 1.0000000000000001e-1 1.0000000000000001e-1
    1.0000000000000001e-1 1.0000000000000001e-1 1.0000000000000001e-1
    1.0000000000000001e-1 1.0000000000000001e-1 1.0000000000000001e-1
    1.0000000000000001e-1 1.0000000000000001e-1 1.0000000000000001e-1
    1.0000000000000001e-1 1.0000000000000001e-1 1.0000000000000001e-1
    1.0000000000000001e-1 1.0000000000000001e-1 1.0000000000000001e-1
    1.0000000000000001e-1 1.0000000000000001e-1 1.0000000000000001e-1
    1.0000000000000001e-1 1.0000000000000001e-1 1.0000000000000001e-1
    1.0000000000000001e-1 1.0000000000000001e-1 1.0000000000000001e-1
    1.0000000000000001e-1 1.0000000000000001e-1 1.0000000000000001e-1
    1.0000000000000001e-1 1.0000000000000001e-1 1.0000000000000001e-1
    1.0000000000000001e-1 1.0000000000000001e-1 1.0000000000000001e-1
    1.0000000000000001e-1 1.0000000000000001e-1 1.0000000000000001e-1
    1.0000000000000001e-1 1.0000000000000001e-1 1.0000000000000001e-1
    1.0000000000000001e-1 1.0000000000000001e-1 1.0000000000000001e-1
    1.0000000000000001e-1 1.0000000000000001e-1 1.0000000000000001e-1
    1.0000000000000001e-1 1.0000000000000001e-1 1.0000000000000001e-1
    1.0000000000000001e-1 1.0000000000000001e-1 1.0000000000000001e-1
    1.0000000000000001e-1 1.0000000000000001e-1 1.0000000000000001e-1
    1.0000000000000001e-1 1.0000000000000001e-1 1.0000000000000001e-1
    1.0000000000000001e-1 1.0000000000000001e-1 1.0000000000000001e-1
    1.0000000000000001e-1 1.0000000000000001e-1 1.0000000000000001e-1
    1.0000000000000001e-1 1.0000000000000001e-1 1.0000000000000001e-1
    1.0000000000000001e-1 1.0000000000000001e-1 1.0000000000000001e-1
    1.0000000000000001e-1 1.0000000000000001e-1 1.0000000000000001e-1
    1.0000000000000001e-1 1.0000000000000001e-1 1.0000000000000001e-1
    1.0000000000000001e-1 1.0000000000000001e-1 1.0000000000000001e-1
    1.0000000000000001e-1 1.0000000000000001e-1 1.0000000000000001e-1
    1.0000000000000001e-1 1.0000000000000001e-1 1.0000000000000001e-1
    1.0000000000000001e-1 1.0000000000000001e-1 1.0000000000000001e-1
    1.0000000000000001e-1 1.0000000000000001e-1 1.0000000000000001e-1
    1.0000000000000001e-1 1.0000000000000001e-1 1.0000000000000001e-1
    1.0000000000000001e-1 1.0000000000000001e-1 1.0000000000000001e-1
    1.0000000000000001e-1 1.0000000000000001e-1 1.0000000000000001e-1
    1.0000000000000001e-1 1.0000000000000001e-1 1.0000000000000001e-1
    1.0000000000000001e-1 1.0000000000000001e-1 1.0000000000000001e-1
    1.0000000000000001e-1 1.0000000000000001e-1 1.0000000000000001e-1
    1.0000000000000001e-1 1.0000000000000001e-1 1.0000000000000001e-1
    1.0000000000000001e-1 1.0000000000000001e-1 1.0000000000000001e-1
    1.0000000000000001e-1 1.0000000000000001e-1 1.0000000000000001e-1
    1.0000000000000001e-1 1.0000000000000001e-1 1.0000000000000001e-1
    1.0000000000000001e-1 1.0000000000000001e-1 1.0000000000000001e-1
    1.0000000000000001e-1 1.0000000000000001e-1 1.0000000000000001e-1
    1.0000000000000001e-1 1.0000000000000001e-1 1.0000000000000001e-1
    1.0000000000000001e-1 1.0000000000000001e-1 1.0000000000000001e-1
    1.0000000000000001e-1 1.0000000000000001e-1 1.0000000000000001e-1
    1.0000000000000001e-1 1.0000000000000001e-1 1.0000000000000001e-1
    1.0000000000000001e-1 1.0000000000000001e-1 1.0000000000000001e-1
    1.0000000000000001e-1 1.0000000000000001e-1 1.0000000000000001e-1
    1.0000000000000001e-1 1.0000000000000001e-1 1.0000000000000001e-1
    1.0000000000000001e-1 1.0000000000000001e-1 1.0000000000000001e-1
    1.0000000000000001e-1 1.0000000000000001e-1 1.0000000000000001e-1
    1.0000000000000001e-1 1.0000000000000001e-1 1.0000000000000001e-1
    1.0000000000000001e-1 1.0000000000000001e-1 1.0000000000000001e-1
    1.0000000000000001e-1 1.0000000000000001e-1 1.0000000000000001e-1
    1.0000000000000001e-1 1.0000000000000001e-1 1.0000000000000001e-1
    1.0000000000000001e-1 1.0000000000000001e-1 1.0000000000000001e-1
    1.0000000000000001e-1 1.0000000000000001e-1 1.0000000000000001e-1
    1.0000000000000001e-1 1.0000000000000001e-1 1.0000000000000001e-1
    1.0000000000000001e-1 1.0000000000000001e-1 1.0000000000000001e-1
    1.0000000000000001e-1 1.0000000000000001e-1 1.0000000000000001e-1
    1.0000000000000001e-1 1.0000000000000001e-1 1.0000000000000001e-1
    1.0000000000000001e-1 1.0000000000000001e-1 1.0000000000000001e-1
    1.0000000000000001e-1 1.0000000000000001e-1 1.0000000000000001e-1
    1.0000000000000001e-1 1.0000000000000001e-1 1.0000000000000001e-1
    1.0000000000000001e-1 1.0000000000000001e-1 1.0000000000000001e-1
    1.0000000000000001e-1 1.0000000000000001e-1 1.0000000000000001e-1
    1.0000000000000001e-1 1.0000000000000001e-1 1.0000000000000001e-1
    1.0000000000000001e-1 1.0000000000000001e-1 1.0000000000000001e-1
    1.0000000000000001e-1 1.0000000000000001e-1 1.0000000000000001e-1
    1.0000000000000001e-1 1.0000000000000001e-1 1.0000000000000001e-1
    1.0000000000000001e-1 1.0000000000000001e-1 1.0000000000000001e-1
    1.0000000000000001e-1 1.0000000000000001e-1 1.0000000000000001e-1
    1.0000000000000001e-1 1.0000000000000001e-1 1.0000000000000001e-1
    1.0000000000000001e-1 1.0000000000000001e-1 1.0000000000000001e-1
    1.0000000000000001e-1 1.0000000000000001e-1 1.0000000000000001e-1
    1.0000000000000001e-1 1.0000000000000001e-1 1.0000000000000001e-1
    1.0000000000000001e-1 1.0000000000000001e-1 1.0000000000000001e-1
    1.0000000000000001e-1 1.0000000000000001e-1 1.0000000000000001e-1
    1.0000000000000001e-1 1.0000000000000001e-1 1.0000000000000001e-1
    1.0000000000000001e-1 1.0000000000000001e-1 1.0000000000000001e-1
    1.0000000000000001e-1 1.0000000000000001e-1 1.0000000000000001e-1
    1.0000000000000001e-1 1.0000000000000001e-1 1.0000000000000001e-1
    1.0000000000000001e-1 1.0000000000000001e-1 1.0000000000000001e-1
    1.0000000000000001e-1 1.0000000000000001e-1 1.0000000000000001e-1
    1.0000000000000001e-1 1.0000000000000001e-1 1.0000000000000001e-1
    1.0000000000000001e-1 1.0000000000000001e-1 1.0000000000000001e-1
    1.0000000000000001e-1 1.0000000000000001e-1 1.0000000000000001e-1
    1.0000000000000001e-1 1.0000000000000001e-1 1.0000000000000001e-1
    1.0000000000000001e-1 1.0000000000000001e-1 1.0000000000000001e-1
    1.0000000000000001e-1 1.0000000000000001e-1 1.0000000000000001e-1
    1.0000000000000001e-1 1.0000000000000001e-1 1.0000000000000001e-1
    1.0000000000000001e-1 1.0000000000000001e-1 1.0000000000000001e-1
    1.0000000000000001e-1 1.0000000000000001e-1 1.0000000000000001e-1
    1.0000000000000001e-1 1.0000000000000001e-1 1.0000000000000001e-1
    1.0000000000000001e-1 1.0000000000000001e-1 1.0000000000000001e-1
    1.0000000000000001e-1 1.0000000000000001e-1 1.0000000000000001e-1
    1.0000000000000001e-1 1.0000000000000001e-1 1.0000000000000001e-1
    1.0000000000000001e-1 1.0000000000000001e-1 1.0000000000000001e-1
    1.0000000000000001e-1 1.0000000000000001e-1 1.0000000000000001e-1
    1.0000000000000001e-1 1.0000000000000001e-1 1.0000000000000001e-1
    1.0000000000000001e-1 1.0000000000000001e-1 1.0000000000000001e-1
    1.0000000000000001e-1 1.0000000000000001e-1 1.0000000000000001e-1
    1.0000000000000001e-1 1.0000000000000001e-1 1.0000000000000001e-1
    1.0000000000000001e-1 1.0000000000000001e-1 1.0000000000000001e-1
    1.0000000000000001e-1 1.0000000000000001e-1 1.0000000000000001e-1
    1.0000000000000001e-1 1.0000000000000001e-1 1.0000000000000001e-1
    1.0000000000000001e-1 1.0000000000000001e-1 1.0000000000000001e-1
    1.0000000000000001e-1 1.0000000000000001e-1 1.0000000000000001e-1
    1.0000000000000001e-1 1.0000000000000001e-1 1.0000000000000001e-1
    1.0000000000000001e-1 1.0000000000000001e-1 1.0000000000000001e-1
    1.0000000000000001e-1 1.0000000000000001e-1 1.0000000000000001e-1
    1.0000000000000001e-1 1.0000000000000001e-1 1.0000000000000001e-1
    1.0000000000000001e-1 1.0000000000000001e-1 1.0000000000000001e-1
    1.0000000000000001e-1 1.0000000000000001e-1 1.0000000000000001e-1
    1.0000000000000001e-1 1.0000000000000001e-1 1.0000000000000001e-1
    1.0000000000000001e-1 1.0000000000000001e-1 1.0000000000000001e-1
    1.0000000000000001e-1 1.0000000000000001e-1 1.0000000000000001e-1
    1.0000000000000001e-1 1.0000000000000001e-1 1.0000000000000001e-1
    1.0000000000000001e-1 1.0000000000000001e-1 1.0000000000000001e-1
    1.0000000000000001e-1 1.0000000000000001e-1 1.0000000000000001e-1
    1.0000000000000001e-1 1.0000000000000001e-1 1.0000000000000001e-1
    1.0000000000000001e-1 1.0000000000000001e-1 1.0000000000000001e-1
    1.0000000000000001e-1 1.0000000000000001e-1 1.0000000000000001e-1
    1.0000000000000001e-1 1.0000000000000001e-1 1.0000000000000001e-1
    1.0000000000000001e-1 1.0000000000000001e-1 1.0000000000000001e-1
    1.0000000000000001e-1 1.0000000000000001e-1 1.0000000000000001e-1
    1.0000000000000001e-1 1.0000000000000001e-1 1.0000000000000001e-1
    1.0000000000000001e-1 1.0000000000000001e-1 1.0000000000000001e-1
    1.0000000000000001e-1 1.0000000000000001e-1 1.0000000000000001e-1
    1.0000000000000001e-1 1.0000000000000001e-1 1.0000000000000001e-1
    1.0000000000000001e-1 1.0000000000000001e-1 1.0000000000000001e-1
    1.0000000000000001e-1 1.0000000000000001e-1 1.0000000000000001e-1
    1.0000000000000001e-1 1.0000000000000001e-1 1.0000000000000001e-1
    1.0000000000000001e-1 1.0000000000000001e-1 1.0000000000000001e-1
    1.0000000000000001e-1 1.0000000000000001e-1 1.0000000000000001e-1
    1.0000000000000001e-1 1.0000000000000001e-1 1.0000000000000001e-1
    1.0000000000000001e-1 1.0000000000000001e-1 1.0000000000000001e-1
    1.0000000000000001e-1 1.0000000000000001e-1 1.0000000000000001e-1
    1.0000000000000001e-1 1.0000000000000001e-1 1.0000000000000001e-1
    1.0000000000000001e-1 1.0000000000000001e-1 1.0000000000000001e-1
    1.0000000000000001e-1 1.0000000000000001e-1 1.0000000000000001e-1
    1.0000000000000001e-1 1.0000000000000001e-1 1.0000000000000001e-1
    1.0000000000000001e-1 1.0000000000000001e-1 1.0000000000000001e-1
    1.0000000000000001e-1 1.0000000000000001e-1 1.0000000000000001e-1
    1.0000000000000001e-1 1.0000000000000001e-1 1.0000000000000001e-1
    1.0000000000000001e-1 1.0000000000000001e-1 1.0000000000000001e-1
    1.0000000000000001e-1 1.0000000000000001e-1 1.0000000000000001e-1
    1.0000000000000001e-1 1.0000000000000001e-1 1.0000000000000001e-1
    1.0000000000000001e-1 1.0000000000000001e-1 1.0000000000000001e-1
    1.0000000000000001e-1 1.0000000000000001e-1 1.0000000000000001e-1
    1.0000000000000001e-1 1.0000000000000001e-1 1.0000000000000001e-1
    1.0000000000000001e-1 1.0000000000000001e-1 1.0000000000000001e-1
    1.0000000000000001e-1 1.0000000000000001e-1 1.0000000000000001e-1
    1.0000000000000001e-1 1.0000000000000001e-1 1.0000000000000001e-1
    1.0000000000000001e-1 1.0000000000000001e-1 1.0000000000000001e-1
    1.0000000000000001e-1 1.0000000000000001e-1 1.0000000000000001e-1
    1.0000000000000001e-1 1.0000000000000001e-1 1.0000000000000001e-1
    1.0000000000000001e-1 1.0000000000000001e-1 1.0000000000000001e-1
    1.0000000000000001e-1 1.0000000000000001e-1 1.0000000000000001e-1
    1.0000000000000001e-1 1.0000000000000001e-1 1.0000000000000001e-1
    1.0000000000000001e-1 1.0000000000000001e-1 1.0000000000000001e-1
    1.0000000000000001e-1 1.0000000000000001e-1 1.0000000000000001e-1
    1.0000000000000001e-1 1.0000000000000001e-1 1.0000000000000001e-1
    1.0000000000000001e-1 1.0000000000000001e-1 1.0000000000000001e-1
    1.0000000000000001e-1 1.0000000000000001e-1 1.0000000000000001e-1
    1.0000000000000001e-1 1.0000000000000001e-1 1.0000000000000001e-1
    1.0000000000000001e-1 1.0000000000000001e-1 1.0000000000000001e-1
    1.0000000000000001e-1 1.0000000000000001e-1 1.0000000000000001e-1
    1.0000000000000001e-1 1.0000000000000001e-1 1.0000000000000001e-1
    1.0000000000000001e-1 1.0000000000000001e-1 1.0000000000000001e-1
    1.0000000000000001e-1 1.0000000000000001e-1 1.0000000000000001e-1
    1.0000000000000001e-1 1.0000000000000001e-1 1.0000000000000001e-1
    1.0000000000000001e-1 1.0000000000000001e-1 1.0000000000000001e-1
    1.0000000000000001e-1 1.0000000000000001e-1 1.0000000000000001e-1
    1.0000000000000001e-1 1.0000000000000001e-1 1.0000000000000001e-1
    1.0000000000000001e-1 1.0000000000000001e-1 1.0000000000000001e-1
    1.0000000000000001e-1 1.0000000000000001e-1 1.0000000000000001e-1
    1.0000000000000001e-1 1.0000000000000001e-1 1.0000000000000001e-1
    1.0000000000000001e-1 1.0000000000000001e-1 1.0000000000000001e-1
    1.0000000000000001e-1 1.0000000000000001e-1 1.0000000000000001e-1
    1.0000000000000001e-1 1.0000000000000001e-1 1.0000000000000001e-1
    1.0000000000000001e-1 1.0000000000000001e-1 1.0000000000000001e-1
    1.0000000000000001e-1 1.0000000000000001e-1 1.0000000000000001e-1
    1.0000000000000001e-1 1.0000000000000001e-1 1.0000000000000001e-1
    1.0000000000000001e-1 1.0000000000000001e-1 1.0000000000000001e-1
    1.0000000000000001e-1 1.0000000000000001e-1 1.0000000000000001e-1
    1.0000000000000001e-1 1.0000000000000001e-1 1.0000000000000001e-1
    1.0000000000000001e-1 1.0000000000000001e-1 1.0000000000000001e-1
    1.0000000000000001e-1 1.0000000000000001e-1 1.0000000000000001e-1
    1.0000000000000001e-1 1.0000000000000001e-1 1.0000000000000001e-1
    1.0000000000000001e-1 1.0000000000000001e-1 1.0000000000000001e-1
    1.0000000000000001e-1 1.0000000000000001e-1 1.0000000000000001e-1
    1.0000000000000001e-1 1.0000000000000001e-1 1.0000000000000001e-1
    1.0000000000000001e-1 1.0000000000000001e-1 1.0000000000000001e-1
    1.0000000000000001e-1 1.0000000000000001e-1 1.0000000000000001e-1
    1.0000000000000001e-1 1.0000000000000001e-1 1.0000000000000001e-1
    1.0000000000000001e-1 1.0000000000000001e-1 1.0000000000000001e-1
    1.0000000000000001e-1 1.0000000000000001e-1 1.0000000000000001e-1
    1.0000000000000001e-1 1.0000000000000001e-1 1.0000000000000001e-1
    1.0000000000000001e-1 1.0000000000000001e-1 1.0000000000000001e-1
    1.0000000000000001e-1 1.0000000000000001e-1 1.0000000000000001e-1
    1.0000000000000001e-1 1.0000000000000001e-1 1.0000000000000001e-1
    1.0000000000000001e-1 1.0000000000000001e-1 1.0000000000000001e-1
    1.0000000000000001e-1 1.0000000000000001e-1 1.0000000000000001e-1
    1.0000000000000001e-1 1.0000000000000001e-1 1.0000000000000001e-1
    1.0000000000000001e-1 1.0000000000000001e-1 1.0000000000000001e-1
    1.0000000000000001e-1 1.0000000000000001e-1 1.0000000000000001e-1
    1.0000000000000001e-1 1.0000000000000001e-1 1.0000000000000001e-1
    1.0000000000000001e-1 1.0000000000000001e-1 1.0000000000000001e-1
    1.0000000000000001e-1 1.0000000000000001e-1 1.0000000000000001e-1
    1.0000000000000001e-1 1.0000000000000001e-1 1.0000000000000001e-1
    1.0000000000000001e-1 1.0000000000000001e-1 1.0000000000000001e-1
    1.0000000000000001e-1 1.0000000000000001e-1 1.0000000000000001e-1
    1.0000000000000001e-1 1.0000000000000001e-1 1.0000000000000001e-1
    1.0000000000000001e-1 1.0000000000000001e-1 1.0000000000000001e-1
    1.0000000000000001e-1 1.0000000000000001e-1 1.0000000000000001e-1
    1.0000000000000001e-1 1.0000000000000001e-1 1.0000000000000001e-1
    1.0000000000000001e-1 1.0000000000000001e-1 1.0000000000000001e-1
    1.0000000000000001e-1 1.0000000000000001e-1 1.0000000000000001e-1
    1.0000000000000001e-1 1.0000000000000001e-1 1.0000000000000001e-1
    1.0000000000000001e-1 1.0000000000000001e-1 1.0000000000000001e-1
    1.0000000000000001e-1 1.0000000000000001e-1 1.0000000000000001e-1
    1.0000000000000001e-1 1.0000000000000001e-1 1.0000000000000001e-1
    1.0000000000000001e-1 1.0000000000000001e-1 1.0000000000000001e-1
    1.0000000000000001e-1 1.0000000000000001e-1 1.0000000000000001e-1
    1.0000000000000001e-1 1.0000000000000001e-1 1.0000000000000001e-1
    1.0000000000000001e-1 1.0000000000000001e-1 1.0000000000000001e-1
    1.0000000000000001e-1 1.0000000000000001e-1 1.0000000000000001e-1
    1.0000000000000001e-1 1.0000000000000001e-1 1.0000000000000001e-1
    1.0000000000000001e-1 1.0000000000000001e-1 1.0000000000000001e-1
    1.0000000000000001e-1 1.0000000000000001e-1 1.0000000000000001e-1
    1.0000000000000001e-1 1.0000000000000001e-1 1.0000000000000001e-1
    1.0000000000000001e-1 1.0000000000000001e-1 1.0000000000000001e-1
    1.0000000000000001e-1 1.0000000000000001e-1 1.0000000000000001e-1
    1.0000000000000001e-1 1.0000000000000001e-1 1.0000000000000001e-1
    1.0000000000000001e-1 1.0000000000000001e-1 1.0000000000000001e-1
    1.0000000000000001e-1 1.0000000000000001e-1 1.0000000000000001e-1
    1.0000000000000001e-1 1.0000000000000001e-1 1.0000000000000001e-1
    1.0000000000000001e-1 1.0000000000000001e-1 1.0000000000000001e-1
    1.0000000000000001e-1 1.0000000000000001e-1 1.0000000000000001e-1
    1.0000000000000001e-1 1.0000000000000001e-1 1.0000000000000001e-1
    1.0000000000000001e-1 1.0000000000000001e-1 1.0000000000000001e-1
    1.0000000000000001e-1 1.0000000000000001e-1 1.0000000000000001e-1
    1.0000000000000001e-1 1.0000000000000001e-1 1.0000000000000001e-1
    1.0000000000000001e-1 1.0000000000000001e-1 1.0000000000000001e-1
    1.0000000000000001e-1 1.0000000000000001e-1 1.0000000000000001e-1
    1.0000000000000001e-1 1.0000000000000001e-1 1.0000000000000001e-1
    1.0000000000000001e-1 1.0000000000000001e-1 1.0000000000000001e-1
    1.0000000000000001e-1 1.0000000000000001e-1 1.0000000000000001e-1
    1.0000000000000001e-1 1.0000000000000001e-1 1.0000000000000001e-1
    1.0000000000000001e-1 1.0000000000000001e-1 1.0000000000000001e-1
    1.0000000000000001e-1 1.0000000000000001e-1 1.0000000000000001e-1
    1.0000000000000001e-1 1.0000000000000001e-1 1.0000000000000001e-1
    1.0000000000000001e-1 1.0000000000000001e-1 1.0000000000000001e-1
    1.0000000000000001e-1 1.0000000000000001e-1 1.0000000000000001e-1
    1.0000000000000001e-1 1.0000000000000001e-1 1.0000000000000001e-1
    1.0000000000000001e-1 1.0000000000000001e-1 1.0000000000000001e-1
    1.0000000000000001e-1 1.0000000000000001e-1 1.0000000000000001e-1
    1.0000000000000001e-1 1.0000000000000001e-1 1.0000000000000001e-1
    1.0000000000000001e-1 1.0000000000000001e-1 1.0000000000000001e-1
    1.0000000000000001e-1 1.0000000000000001e-1 1.0000000000000001e-1
    1.0000000000000001e-1 1.0000000000000001e-1 1.0000000000000001e-1
    1.0000000000000001e-1 1.0000000000000001e-1 1.0000000000000001e-1
    1.0000000000000001e-1 1.0000000000000001e-1 1.0000000000000001e-1
    1.0000000000000001e-1 1.0000000000000001e-1 1.0000000000000001e-1
    1.0000000000000001e-1 1.0000000000000001e-1 1.0000000000000001e-1
    1.0000000000000001e-1 1.0000000000000001e-1 1.0000000000000001e-1
    1.0000000000000001e-1 1.0000000000000001e-1 1.0000000000000001e-1
    1.0000000000000001e-1 1.0000000000000001e-1 1.0000000000000001e-1
    1.0000000000000001e-1 1.0000000000000001e-1 1.0000000000000001e-1
    1.0000000000000001e-1 1.0000000000000001e-1 1.0000000000000001e-1
    1.0000000000000001e-1 1.0000000000000001e-1 1.0000000000000001e-1
    1.0000000000000001e-1 1.0000000000000001e-1 1.0000000000000001e-1
    1.0000000000000001e-1 1.0000000000000001e-1 1.0000000000000001e-1
    1.0000000000000001e-1 1.0000000000000001e-1 1.0000000000000001e-1
    1.0000000000000001e-1 1.0000000000000001e-1 1.0000000000000001e-1
    1.0000000000000001e-1 1.0000000000000001e-1 1.0000000000000001e-1
    1.0000000000000001e-1 1.0000000000000001e-1 1.0000000000000001e-1
    1.0000000000000001e-1 1.0000000000000001e-1 1.0000000000000001e-1
    1.0000000000000001e-1 1.0000000000000001e-1 1.0000000000000001e-1
    1.0000000000000001e-1 1.0000000000000001e-1 1.0000000000000001e-1
    1.0000000000000001e-1 1.0000000000000001e-1 1.0000000000000001e-1
    1.0000000000000001e-1 1.0000000000000001e-1 1.0000000000000001e-1
    1.0000000000000001e-1 1.0000000000000001e-1 1.0000000000000001e-1
    1.0000000000000001e-1 1.0000000000000001e-1 1.0000000000000001e-1
    1.0000000000000001e-1 1.0000000000000001e-1 1.0000000000000001e-1
    1.0000000000000001e-1 1.0000000000000001e-1 1.0000000000000001e-1
    1.0000000000000001e-1 1.0000000000000001e-1 1.0000000000000001e-1
    1.0000000000000001e-1 1.0000000000000001e-1 1.0000000000000001e-1
    1.0000000000000001e-1 1.0000000000000001e-1 1.0000000000000001e-1
    1.0000000000000001e-1 1.0000000000000001e-1 1.0000000000000001e-1
    1.0000000000000001e-1 1.0000000000000001e-1 1.0000000000000001e-1
    1.0000000000000001e-1 1.0000000000000001e-1 1.0000000000000001e-1
    1.0000000000000001e-1 1.0000000000000001e-1 1.0000000000000001e-1
    1.0000000000000001e-1 1.0000000000000001e-1 1.0000000000000001e-1
    1.0000000000000001e-1 1.0000000000000001e-1 1.0000000000000001e-1
    1.0000000000000001e-1 1.0000000000000001e-1 1.0000000000000001e-1
    1.0000000000000001e-1 1.0000000000000001e-1 1.0000000000000001e-1
    1.0000000000000001e-1 1.0000000000000001e-1 1.0000000000000001e-1
    1.0000000000000001e-1 1.0000000000000001e-1 1.0000000000000001e-1
    1.0000000000000001e-1 1.0000000000000001e-1 1.0000000000000001e-1
    1.0000000000000001e-1 1.0000000000000001e-1 1.0000000000000001e-1
    1.0000000000000001e-1 1.0000000000000001e-1 1.0000000000000001e-1
    1.0000000000000001e-1 1.0000000000000001e-1 1.0000000000000001e-1
    1.0000000000000001e-1 1.0000000000000001e-1 1.0000000000000001e-1
    1.0000000000000001e-1 1.0000000000000001e-1 1.0000000000000001e-1
    1.0000000000000001e-1 1.0000000000000001e-1 1.0000000000000001e-1
    1.0000000000000001e-1 1.0000000000000001e-1 1.0000000000000001e-1
    1.0000000000000001e-1 1.0000000000000001e-1 1.0000000000000001e-1
    1.0000000000000001e-1 1.0000000000000001e-1 1.0000000000000001e-1
    1.0000000000000001e-1 1.0000000000000001e-1 1.0000000000000001e-1
    1.0000000000000001e-1 1.0000000000000001e-1 1.0000000000000001e-1
    1.0000000000000001e-1 1.0000000000000001e-1 1.0000000000000001e-1
    1.0000000000000001e-1 1.0000000000000001e-1 1.0000000000000001e-1
    1.0000000000000001e-1 1.0000000000000001e-1 1.0000000000000001e-1
    1.0000000000000001e-1 1.0000000000000001e-1 1.0000000000000001e-1
    1.0000000000000001e-1 1.0000000000000001e-1 1.0000000000000001e-1
    1.0000000000000001e-1 1.0000000000000001e-1 1.0000000000000001e-1
    1.0000000000000001e-1 1.0000000000000001e-1 1.0000000000000001e-1
    1.0000000000000001e-1 1.0000000000000001e-1 1.0000000000000001e-1
    1.0000000000000001e-1 1.0000000000000001e-1 1.0000000000000001e-1
    1.0000000000000001e-1 1.0000000000000001e-1 1.0000000000000001e-1
    1.0000000000000001e-1 1.0000000000000001e-1 1.0000000000000001e-1
    1.0000000000000001e-1 1.0000000000000001e-1 1.0000000000000001e-1
    1.0000000000000001e-1 1.0000000000000001e-1 1.0000000000000001e-1
    1.0000000000000001e-1 1.0000000000000001e-1 1.0000000000000001e-1
    1.0000000000000001e-1 1.0000000000000001e-1 1.0000000000000001e-1
    1.0000000000000001e-1 1.0000000000000001e-1 1.0000000000000001e-1
    1.0000000000000001e-1 1.0000000000000001e-1 1.0000000000000001e-1
    1.0000000000000001e-1 1.0000000000000001e-1 1.0000000000000001e-1
    1.0000000000000001e-1 1.0000000000000001e-1 1.0000000000000001e-1
    1.0000000000000001e-1 1.0000000000000001e-1 1.0000000000000001e-1
    1.0000000000000001e-1 1.0000000000000001e-1 1.0000000000000001e-1
    1.0000000000000001e-1 1.0000000000000001e-1 1.0000000000000001e-1
    1.0000000000000001e-1 1.0000000000000001e-1 1.0000000000000001e-1
    1.0000000000000001e-1 1.0000000000000001e-1 1.0000000000000001e-1
    1.0000000000000001e-1 1.0000000000000001e-1 1.0000000000000001e-1
    1.0000000000000001e-1 1.0000000000000001e-1 1.0000000000000001e-1
    1.0000000000000001e-1 1.0000000000000001e-1 1.0000000000000001e-1
    1.0000000000000001e-1 1.0000000000000001e-1 1.0000000000000001e-1
    1.0000000000000001e-1 1.0000000000000001e-1 1.0000000000000001e-1
    1.0000000000000001e-1 1.0000000000000001e-1 1.0000000000000001e-1
    1.0000000000000001e-1 1.0000000000000001e-1 1.0000000000000001e-1
    1.0000000000000001e-1 1.0000000000000001e-1 1.0000000000000001e-1
    1.0000000000000001e-1 1.0000000000000001e-1 1.0000000000000001e-1
    1.0000000000000001e-1 1.0000000000000001e-1 1.0000000000000001e-1
    1.0000000000000001e-1 1.0000000000000001e-1 1.0000000000000001e-1
    1.0000000000000001e-1 1.0000000000000001e-1 1.0000000000000001e-1
    2.0000000000000001e-1 2.0000000000000001e-1 2.0000000000000001e-1
    2.0000000000000001e-1 2.0000000000000001e-1 2.0000000000000001e-1
    2.0000000000000001e-1 2.0000000000000001e-1 2.0000000000000001e-1
    2.0000000000000001e-1 2.0000000000000001e-1 2.0000000000000001e-1
    2.0000000000000001e-1 2.0000000000000001e-1 2.0000000000000001e-1
    2.0000000000000001e-1 2.0000000000000001e-1 2.0000000000000001e-1
    2.0000000000000001e-1 2.0000000000000001e-1 2.0000000000000001e-1
    2.0000000000000001e-1 2.0000000000000001e-1 2.0000000000000001e-1
    2.0000000000000001e-1 2.0000000000000001e-1 2.0000000000000001e-1
    2.0000000000000001e-1 2.0000000000000001e-1 2.0000000000000001e-1
    2.0000000000000001e-1 2.0000000000000001e-1 2.0000000000000001e-1
    2.0000000000000001e-1 2.0000000000000001e-1 2.0000000000000001e-1
    2.0000000000000001e-1 2.0000000000000001e-1 2.0000000000000001e-1
    2.0000000000000001e-1 2.0000000000000001e-1 2.0000000000000001e-1
    2.0000000000000001e-1 2.0000000000000001e-1 2.0000000000000001e-1
    2.0000000000000001e-1 2.0000000000000001e-1 2.0000000000000001e-1
    2.0000000000000001e-1 2.0000000000000001e-1 2.0000000000000001e-1
    2.0000000000000001e-1 2.0000000000000001e-1 2.0000000000000001e-1
    2.0000000000000001e-1 2.0000000000000001e-1 2.0000000000000001e-1
    2.0000000000000001e-1 2.0000000000000001e-1 2.0000000000000001e-1
    2.0000000000000001e-1 2.0000000000000001e-1 2.0000000000000001e-1
    2.0000000000000001e-1 2.0000000000000001e-1 2.0000000000000001e-1
    2.0000000000000001e-1 2.0000000000000001e-1 2.0000000000000001e-1
    2.0000000000000001e-1 2.0000000000000001e-1 2.0000000000000001e-1
    2.0000000000000001e-1 2.0000000000000001e-1 2.0000000000000001e-1
    2.0000000000000001e-1 2.0000000000000001e-1 2.0000000000000001e-1
    2.0000000000000001e-1 2.0000000000000001e-1 2.0000000000000001e-1
    2.0000000000000001e-1 2.0000000000000001e-1 2.0000000000000001e-1
    2.0000000000000001e-1 2.0000000000000001e-1 2.0000000000000001e-1
    2.0000000000000001e-1 2.0000000000000001e-1 2.0000000000000001e-1
    2.0000000000000001e-1 2.0000000000000001e-1 2.0000000000000001e-1
    2.0000000000000001e-1 2.0000000000000001e-1 2.0000000000000001e-1
    2.0000000000000001e-1 2.0000000000000001e-1 2.0000000000000001e-1
    2.0000000000000001e-1 2.0000000000000001e-1 2.0000000000000001e-1
    2.0000000000000001e-1 2.0000000000000001e-1 2.0000000000000001e-1
    2.0000000000000001e-1 2.0000000000000001e-1 2.0000000000000001e-1
    2.0000000000000001e-1 2.0000000000000001e-1 2.0000000000000001e-1
    2.0000000000000001e-1 2.0000000000000001e-1 2.0000000000000001e-1
    2.0000000000000001e-1 2.0000000000000001e-1 2.0000000000000001e-1
    2.0000000000000001e-1 2.0000000000000001e-1 2.0000000000000001e-1
    2.0000000000000001e-1 2.0000000000000001e-1 2.0000000000000001e-1
    2.0000000000000001e-1 2.0000000000000001e-1 2.0000000000000001e-1
    2.0000000000000001e-1 2.0000000000000001e-1 2.0000000000000001e-1
    2.0000000000000001e-1 2.0000000000000001e-1 2.0000000000000001e-1
    2.0000000000000001e-1 2.0000000000000001e-1 2.0000000000000001e-1
    2.0000000000000001e-1 2.0000000000000001e-1 2.0000000000000001e-1
    2.0000000000000001e-1 2.0000000000000001e-1 2.0000000000000001e-1
    2.0000000000000001e-1 2.0000000000000001e-1 2.0000000000000001e-1
    2.0000000000000001e-1 2.0000000000000001e-1 2.0000000000000001e-1
    2.0000000000000001e-1 2.0000000000000001e-1 2.0000000000000001e-1
    2.0000000000000001e-1 2.0000000000000001e-1 2.0000000000000001e-1
    2.0000000000000001e-1 2.0000000000000001e-1 2.0000000000000001e-1
    2.0000000000000001e-1 2.0000000000000001e-1 2.0000000000000001e-1
    2.0000000000000001e-1 2.0000000000000001e-1 2.0000000000000001e-1
    2.0000000000000001e-1 2.0000000000000001e-1 2.0000000000000001e-1
    2.0000000000000001e-1 2.0000000000000001e-1 2.0000000000000001e-1
    2.0000000000000001e-1 2.0000000000000001e-1 2.0000000000000001e-1
    2.0000000000000001e-1 2.0000000000000001e-1 2.0000000000000001e-1
    2.0000000000000001e-1 2.0000000000000001e-1 2.0000000000000001e-1
    2.0000000000000001e-1 2.0000000000000001e-1 2.0000000000000001e-1
    2.0000000000000001e-1 2.0000000000000001e-1 2.0000000000000001e-1
    2.0000000000000001e-1 2.0000000000000001e-1 2.0000000000000001e-1
    2.0000000000000001e-1 2.0000000000000001e-1 2.0000000000000001e-1
    2.0000000000000001e-1 2.0000000000000001e-1 2.0000000000000001e-1
    2.0000000000000001e-1 2.0000000000000001e-1 2.0000000000000001e-1
    2.0000000000000001e-1 2.0000000000000001e-1 2.0000000000000001e-1
    2.0000000000000001e-1 2.0000000000000001e-1 2.0000000000000001e-1
    2.0000000000000001e-1 2.0000000000000001e-1 2.0000000000000001e-1
    2.0000000000000001e-1 2.0000000000000001e-1 2.0000000000000001e-1
    2.9999999999999999e-1 2.9999999999999999e-1 2.9999999999999999e-1
    2.9999999999999999e-1 2.9999999999999999e-1 2.9999999999999999e-1
    2.9999999999999999e-1 2.9999999999999999e-1 2.9999999999999999e-1
    2.9999999999999999e-1 2.9999999999999999e-1 2.9999999999999999e-1
    2.9999999999999999e-1 2.9999999999999999e-1 2.9999999999999999e-1
    2.9999999999999999e-1 2.9999999999999999e-1 2.9999999999999999e-1
    2.9999999999999999e-1 2.9999999999999999e-1 2.9999999999999999e-1
    2.9999999999999999e-1 2.9999999999999999e-1 2.9999999999999999e-1
    2.9999999999999999e-1 2.9999999999999999e-1 2.9999999999999999e-1
    2.9999999999999999e-1 2.9999999999999999e-1 2.9999999999999999e-1
    2.9999999999999999e-1 2.9999999999999999e-1 2.9999999999999999e-1
    2.9999999999999999e-1 2.9999999999999999e-1 2.9999999999999999e-1
    2.9999999999999999e-1 2.9999999999999999e-1 2.9999999999999999e-1
    2.9999999999999999e-1 2.9999999999999999e-1 2.9999999999999999e-1
    2.9999999999999999e-1 2.9999999999999999e-1 2.9999999999999999e-1
    2.9999999999999999e-1 2.9999999999999999e-1 2.9999999999999999e-1
    2.9999999999999999e-1 2.9999999999999999e-1 2.9999999999999999e-1
    2.9999999999999999e-1 2.9999999999999999e-1 2.9999999999999999e-1
    2.9999999999999999e-1 2.9999999999999999e-1 2.9999999999999999e-1
    2.9999999999999999e-1 2.9999999999999999e-1 2.9999999999999999e-1
    2.9999999999999999e-1 2.9999999999999999e-1 2.9999999999999999e-1
    2.9999999999999999e-1 2.9999999999999999e-1 2.9999999999999999e-1
    2.9999999999999999e-1 2.9999999999999999e-1 2.9999999999999999e-1
    2.9999999999999999e-1 2.9999999999999999e-1 2.9999999999999999e-1
    2.9999999999999999e-1 2.9999999999999999e-1 2.9999999999999999e-1
    2.9999999999999999e-1 2.9999999999999999e-1 2.9999999999999999e-1
    2.9999999999999999e-1 2.9999999999999999e-1 2.9999999999999999e-1
    2.9999999999999999e-1 2.9999999999999999e-1 2.9999999999999999e-1
    2.9999999999999999e-1 2.9999999999999999e-1 2.9999999999999999e-1
    2.9999999999999999e-1 2.9999999999999999e-1 2.9999999999999999e-1
    2.9999999999999999e-1 2.9999999999999999e-1 2.9999999999999999e-1
    2.9999999999999999e-1 2.9999999999999999e-1 2.9999999999999999e-1
    2.9999999999999999e-1 2.9999999999999999e-1 2.9999999999999999e-1
    2.9999999999999999e-1 2.9999999999999999e-1 2.9999999999999999e-1
    2.9999999999999999e-1 2.9999999999999999e-1 2.9999999999999999e-1
    2.9999999999999999e-1 2.9999999999999999e-1 2.9999999999999999e-1
    2.9999999999999999e-1 2.9999999999999999e-1 2.9999999999999999e-1
    2.9999999999999999e-1 2.9999999999999999e-1 2.9999999999999999e-1
    2.9999999999999999e-1 2.9999999999999999e-1 2.9999999999999999e-1
    2.9999999999999999e-1 2.9999999999999999e-1 2.9999999999999999e-1
    2.9999999999999999e-1 2.9999999999999999e-1 2.9999999999999999e-1
    2.9999999999999999e-1 2.9999999999999999e-1 2.9999999999999999e-1
    2.9999999999999999e-1 2.9999999999999999e-1 2.9999999999999999e-1
    2.9999999999999999e-1 2.9999999999999999e-1 2.9999999999999999e-1
    2.9999999999999999e-1 2.9999999999999999e-1 2.9999999999999999e-1
    2.9999999999999999e-1 2.9999999999999999e-1 2.9999999999999999e-1
    2.9999999999999999e-1 2.9999999999999999e-1 2.9999999999999999e-1
    2.9999999999999999e-1 2.9999999999999999e-1 2.9999999999999999e-1
    2.9999999999999999e-1 2.9999999999999999e-1 2.9999999999999999e-1
    2.9999999999999999e-1 2.9999999999999999e-1 2.9999999999999999e-1
    2.9999999999999999e-1 2.9999999999999999e-1 2.9999999999999999e-1
    2.9999999999999999e-1 2.9999999999999999e-1 2.9999999999999999e-1
    2.9999999999999999e-1 2.9999999999999999e-1 2.9999999999999999e-1
    2.9999999999999999e-1 2.9999999999999999e-1 2.9999999999999999e-1
    2.9999999999999999e-1 2.9999999999999999e-1 2.9999999999999999e-1
    2.9999999999999999e-1 2.9999999999999999e-1 2.9999999999999999e-1
    2.9999999999999999e-1 2.9999999999999999e-1 2.9999999999999999e-1
    2.9999999999999999e-1 2.9999999999999999e-1 2.9999999999999999e-1
    2.9999999999999999e-1 2.9999999999999999e-1 2.9999999999999999e-1
    2.9999999999999999e-1 2.9999999999999999e-1 2.9999999999999999e-1
    2.9999999999999999e-1 2.9999999999999999e-1 2.9999999999999999e-1
    2.9999999999999999e-1 2.9999999999999999e-1 2.9999999999999999e-1
    2.9999999999999999e-1 2.9999999999999999e-1 2.9999999999999999e-1
    2.9999999999999999e-1 2.9999999999999999e-1 2.9999999999999999e-1
    2.9999999999999999e-1 2.9999999999999999e-1 2.9999999999999999e-1
    2.9999999999999999e-1 2.9999999999999999e-1 2.9999999999999999e-1
    2.9999999999999999e-1 2.9999999999999999e-1 2.9999999999999999e-1
    2.9999999999999999e-1 2.9999999999999999e-1 2.9999999999999999e-1
    2.9999999999999999e-1 2.9999999999999999e-1 2.9999999999999999e-1
    2.9999999999999999e-1 2.9999999999999999e-1 2.9999999999999999e-1
    2.9999999999999999e-1 2.9999999999999999e-1 2.9999999999999999e-1
    2.9999999999999999e-1 2.9999999999999999e-1 2.9999999999999999e-1
    2.9999999999999999e-1 2.9999999999999999e-1 2.9999999999999999e-1
    2.9999999999999999e-1 2.9999999999999999e-1 2.9999999999999999e-1
    2.9999999999999999e-1 2.9999999999999999e-1 2.9999999999999999e-1
    2.9999999999999999e-1 2.9999999999999999e-1 2.9999999999999999e-1
    2.9999999999999999e-1 2.9999999999999999e-1 2.9999999999999999e-1
    2.9999999999999999e-1 2.9999999999999999e-1 2.9999999999999999e-1
    2.9999999999999999e-1 2.9999999999999999e-1 2.9999999999999999e-1
    2.9999999999999999e-1 2.9999999999999999e-1 2.9999999999999999e-1
    2.9999999999999999e-1 2.9999999999999999e-1 2.9999999999999999e-1
    2.9999999999999999e-1 2.9999999999999999e-1 2.9999999999999999e-1
    2.9999999999999999e-1 2.9999999999999999e-1 2.9999999999999999e-1
    2.9999999999999999e-1 2.9999999999999999e-1 2.9999999999999999e-1
    2.9999999999999999e-1 2.9999999999999999e-1 2.9999999999999999e-1
    2.9999999999999999e-1 2.9999999999999999e-1 2.9999999999999999e-1
    2.9999999999999999e-1 2.9999999999999999e-1 2.9999999999999999e-1
    2.9999999999999999e-1 2.9999999999999999e-1 2.9999999999999999e-1
    2.9999999999999999e-1 2.9999999999999999e-1 2.9999999999999999e-1
    2.9999999999999999e-1 2.9999999999999999e-1 2.9999999999999999e-1
    2.9999999999999999e-1 2.9999999999999999e-1 2.9999999999999999e-1
    2.9999999999999999e-1 2.9999999999999999e-1 2.9999999999999999e-1
    2.9999999999999999e-1 2.9999999999999999e-1 2.9999999999999999e-1
    2.9999999999999999e-1 2.9999999999999999e-1 2.9999999999999999e-1
    2.9999999999999999e-1 2.9999999999999999e-1 2.9999999999999999e-1
    2.9999999999999999e-1 2.9999999999999999e-1 2.9999999999999999e-1
    2.9999999999999999e-1 2.9999999999999999e-1 2.9999999999999999e-1
    2.9999999999999999e-1 2.9999999999999999e-1 2.9999999999999999e-1
    2.9999999999999999e-1 2.9999999999999999e-1 2.9999999999999999e-1
    2.9999999999999999e-1 2.9999999999999999e-1 2.9999999999999999e-1
    2.9999999999999999e-1 2.9999999999999999e-1 2.9999999999999999e-1
    2.9999999999999999e-1 2.9999999999999999e-1 2.9999999999999999e-1
    2.9999999999999999e-1 2.9999999999999999e-1 2.9999999999999999e-1
    2.9999999999999999e-1 2.9999999999999999e-1 2.9999999999999999e-1
    2.9999999999999999e-1 2.9999999999999999e-1 2.9999999999999999e-1
    2.9999999999999999e-1 2.9999999999999999e-1 2.9999999999999999e-1
    2.9999999999999999e-1 2.9999999999999999e-1 2.9999999999999999e-1
    2.9999999999999999e-1 2.9999999999999999e-1 2.9999999999999999e-1
    2.9999999999999999e-1 2.9999999999999999e-1 2.9999999999999999e-1
    2.9999999999999999e-1 2.9999999999999999e-1 2.9999999999999999e-1
    2.9999999999999999e-1 2.9999999999999999e-1 2.9999999999999999e-1
    2.9999999999999999e-1 2.9999999999999999e-1 2.9999999999999999e-1
    2.9999999999999999e-1 2.9999999999999999e-1 2.9999999999999999e-1
    2.9999999999999999e-1 2.9999999999999999e-1 2.9999999999999999e-1
    2.9999999999999999e-1 2.9999999999999999e-1 2.9999999999999999e-1
    2.9999999999999999e-1 2.9999999999999999e-1 2.9999999999999999e-1
    2.9999999999999999e-1 2.9999999999999999e-1 2.9999999999999999e-1
    2.9999999999999999e-1 2.9999999999999999e-1 2.9999999999999999e-1
    2.9999999999999999e-1 2.9999999999999999e-1 2.9999999999999999e-1
    2.9999999999999999e-1 2.9999999999999999e-1 2.9999999999999999e-1
    2.9999999999999999e-1 2.9999999999999999e-1 2.9999999999999999e-1
    2.9999999999999999e-1 2.9999999999999999e-1 2.9999999999999999e-1
    2.9999999999999999e-1 2.9999999999999999e-1 2.9999999999999999e-1
    2.9999999999999999e-1 2.9999999999999999e-1 2.9999999999999999e-1
    2.9999999999999999e-1 2.9999999999999999e-1 2.9999999999999999e-1
    2.9999999999999999e-1 2.9999999999999999e-1 2.9999999999999999e-1
    2.9999999999999999e-1 2.9999999999999999e-1 2.9999999999999999e-1
    2.9999999999999999e-1 2.9999999999999999e-1 2.9999999999999999e-1
    2.9999999999999999e-1 2.9999999999999999e-1 2.9999999999999999e-1
    2.9999999999999999e-1 2.9999999999999999e-1 2.9999999999999999e-1
    2.9999999999999999e-1 2.9999999999999999e-1 2.9999999999999999e-1
    2.9999999999999999e-1 2.9999999999999999e-1 2.9999999999999999e-1
    2.9999999999999999e-1 2.9999999999999999e-1 2.9999999999999999e-1
    2.9999999999999999e-1 2.9999999999999999e-1 2.9999999999999999e-1
    2.9999999999999999e-1 2.9999999999999999e-1 2.9999999999999999e-1
    2.9999999999999999e-1 2.9999999999999999e-1 2.9999999999999999e-1
    2.9999999999999999e-1 2.9999999999999999e-1 2.9999999999999999e-1
    2.9999999999999999e-1 2.9999999999999999e-1 2.9999999999999999e-1
    2.9999999999999999e-1 2.9999999999999999e-1 2.9999999999999999e-1
    2.9999999999999999e-1 2.9999999999999999e-1 2.9999999999999999e-1
    2.9999999999999999e-1 2.9999999999999999e-1 2.9999999999999999e-1
    2.9999999999999999e-1 2.9999999999999999e-1 2.9999999999999999e-1
    2.9999999999999999e-1 2.9999999999999999e-1 2.9999999999999999e-1
    2.9999999999999999e-1 2.9999999999999999e-1 2.9999999999999999e-1
    2.9999999999999999e-1 2.9999999999999999e-1 2.9999999999999999e-1
    2.9999999999999999e-1 2.9999999999999999e-1 2.9999999999999999e-1
    2.9999999999999999e-1 2.9999999999999999e-1 2.9999999999999999e-1
    2.9999999999999999e-1 2.9999999999999999e-1 2.9999999999999999e-1
    2.9999999999999999e-1 2.9999999999999999e-1 2.9999999999999999e-1
    2.9999999999999999e-1 2.9999999999999999e-1 2.9999999999999999e-1
    2.9999999999999999e-1 2.9999999999999999e-1 2.9999999999999999e-1
    2.9999999999999999e-1 2.9999999999999999e-1 2.9999999999999999e-1
    2.9999999999999999e-1 2.9999999999999999e-1 2.9999999999999999e-1
    2.9999999999999999e-1 2.9999999999999999e-1 2.9999999999999999e-1
    2.9999999999999999e-1 2.9999999999999999e-1 2.9999999999999999e-1
    2.9999999999999999e-1 2.9999999999999999e-1 2.9999999999999999e-1
    2.9999999999999999e-1 2.9999999999999999e-1 2.9999999999999999e-1
    2.9999999999999999e-1 2.9999999999999999e-1 2.9999999999999999e-1
    2.9999999999999999e-1 2.9999999999999999e-1 2.9999999999999999e-1
    2.9999999999999999e-1 2.9999999999999999e-1 2.9999999999999999e-1
    2.9999999999999999e-1 2.9999999999999999e-1 2.9999999999999999e-1
    2.9999999999999999e-1 2.9999999999999999e-1 2.9999999999999999e-1
    2.9999999999999999e-1 2.9999999999999999e-1 2.9999999999999999e-1
    2.9999999999999999e-1 2.9999999999999999e-1 2.9999999999999999e-1
    2.9999999999999999e-1 2.9999999999999999e-1 2.9999999999999999e-1
    2.9999999999999999e-1 2.9999999999999999e-1 2.9999999999999999e-1
    2.9999999999999999e-1 2.9999999999999999e-1 2.9999999999999999e-1
    2.9999999999999999e-1 2.9999999999999999e-1 2.9999999999999999e-1
    2.9999999999999999e-1 2.9999999999999999e-1 2.9999999999999999e-1
    2.9999999999999999e-1 2.9999999999999999e-1 2.9999999999999999e-1
    2.9999999999999999e-1 2.9999999999999999e-1 2.9999999999999999e-1
    2.9999999999999999e-1 2.9999999999999999e-1 2.9999999999999999e-1
    2.9999999999999999e-1 2.9999999999999999e-1 2.9999999999999999e-1
    2.9999999999999999e-1 2.9999999999999999e-1 2.9999999999999999e-1
    2.9999999999999999e-1 2.9999999999999999e-1 2.9999999999999999e-1
    2.9999999999999999e-1 2.9999999999999999e-1 2.9999999999999999e-1
    2.9999999999999999e-1 2.9999999999999999e-1 2.9999999999999999e-1
    2.9999999999999999e-1 2.9999999999999999e-1 4.0000000000000002e-1
    4.0000000000000002e-1 4.0000000000000002e-1 4.0000000000000002e-1
    4.0000000000000002e-1 4.0000000000000002e-1 4.0000000000000002e-1
    4.0000000000000002e-1 4.0000000000000002e-1 4.0000000000000002e-1
    4.0000000000000002e-1 4.0000000000000002e-1 4.0000000000000002e-1
    4.0000000000000002e-1 4.0000000000000002e-1 4.0000000000000002e-1
    4.0000000000000002e-1 4.0000000000000002e-1 4.0000000000000002e-1
    4.0000000000000002e-1 4.0000000000000002e-1 4.0000000000000002e-1
    4.0000000000000002e-1 4.0000000000000002e-1 4.0000000000000002e-1
    4.0000000000000002e-1 4.0000000000000002e-1 4.0000000000000002e-1
    4.0000000000000002e-1 4.0000000000000002e-1 4.0000000000000002e-1
    4.0000000000000002e-1 4.0000000000000002e-1 4.0000000000000002e-1
    4.0000000000000002e-1 4.0000000000000002e-1 4.0000000000000002e-1
    4.0000000000000002e-1 4.0000000000000002e-1 4.0000000000000002e-1 5.0e-1
    5.0e-1 5.0e-1 5.0e-1 5.0e-1 5.0e-1 5.0e-1 5.0e-1 5.0e-1 5.0e-1 5.0e-1
    5.0e-1 5.0e-1 5.0e-1 5.0e-1 5.0e-1 5.0e-1 5.0e-1 5.0e-1 5.0e-1 5.0e-1
    5.0e-1 5.0e-1 5.0e-1 5.0e-1 5.0e-1 5.0e-1 5.0e-1 5.0e-1 5.0e-1 5.0e-1
    5.0e-1 5.0e-1 5.0e-1 5.0e-1 5.0e-1 5.0e-1 5.0e-1 5.0e-1 5.0e-1 5.0e-1
    5.0e-1 5.0e-1 5.0e-1 5.0e-1 5.0e-1 5.0e-1 5.0e-1 5.0e-1 5.0e-1 5.0e-1
    5.0e-1 5.0e-1 5.0e-1 5.0e-1 5.0e-1 5.0e-1 5.0e-1 5.0e-1 5.0e-1 5.0e-1
    5.0e-1 5.0e-1 5.0e-1 5.0e-1 5.0e-1 5.0e-1 5.0e-1 5.0e-1 5.0e-1 5.0e-1
    5.0e-1 5.0e-1 5.0e-1 5.0e-1 5.0e-1 5.0e-1 5.0e-1 5.0e-1 5.0e-1 5.0e-1
    5.0e-1 5.0e-1 5.0e-1 5.0e-1 5.0e-1 5.0e-1 5.0e-1 5.0e-1 5.0e-1 5.0e-1
    5.0e-1 5.0e-1 5.0e-1 5.0e-1 5.0e-1 5.0e-1 5.0e-1 5.0e-1 5.0e-1 5.0e-1
    5.0e-1 5.0e-1 5.0e-1 5.0e-1 5.0e-1 5.0e-1 5.0e-1 5.0e-1 5.0e-1 5.0e-1
    5.0e-1 5.0e-1 5.0e-1 5.0e-1 5.0e-1 5.0e-1 5.0e-1 5.0e-1 5.0e-1 5.0e-1
    5.0e-1 5.0e-1 5.0e-1 5.0e-1 5.0e-1 5.0e-1 5.0e-1 5.0e-1 5.0e-1 5.0e-1
    5.0e-1 5.0e-1 5.0e-1 5.0e-1 5.0e-1 5.0e-1 5.0e-1 5.0e-1 5.0e-1 5.0e-1
    5.0e-1 5.0e-1 5.0e-1 5.0e-1 5.0e-1 5.0e-1 5.0e-1 5.0e-1 5.0e-1 5.0e-1
    5.0e-1 5.0e-1 5.0e-1 5.0e-1 5.0e-1 5.0e-1 5.0e-1 5.0e-1 5.0e-1 5.0e-1
    5.0e-1 5.0e-1 5.0e-1 5.0e-1 5.0e-1 5.0e-1 5.9999999999999998e-1
    5.9999999999999998e-1 5.9999999999999998e-1 5.9999999999999998e-1
    5.9999999999999998e-1 5.9999999999999998e-1 5.9999999999999998e-1
    5.9999999999999998e-1 5.9999999999999998e-1 5.9999999999999998e-1
    5.9999999999999998e-1 5.9999999999999998e-1 5.9999999999999998e-1
    5.9999999999999998e-1 5.9999999999999998e-1 5.9999999999999998e-1
    5.9999999999999998e-1 5.9999999999999998e-1 5.9999999999999998e-1
    5.9999999999999998e-1 5.9999999999999998e-1 5.9999999999999998e-1
    5.9999999999999998e-1 5.9999999999999998e-1 5.9999999999999998e-1
    5.9999999999999998e-1 5.9999999999999998e-1 5.9999999999999998e-1
    5.9999999999999998e-1 5.9999999999999998e-1 5.9999999999999998e-1
    5.9999999999999998e-1 5.9999999999999998e-1 5.9999999999999998e-1
    5.9999999999999998e-1 5.9999999999999998e-1 5.9999999999999998e-1
    5.9999999999999998e-1 5.9999999999999998e-1 5.9999999999999998e-1
    5.9999999999999998e-1 5.9999999999999998e-1 5.9999999999999998e-1
    5.9999999999999998e-1 5.9999999999999998e-1 5.9999999999999998e-1
    5.9999999999999998e-1 5.9999999999999998e-1 5.9999999999999998e-1
    5.9999999999999998e-1 5.9999999999999998e-1 5.9999999999999998e-1
    5.9999999999999998e-1 5.9999999999999998e-1 5.9999999999999998e-1
    5.9999999999999998e-1 5.9999999999999998e-1 5.9999999999999998e-1
    5.9999999999999998e-1 5.9999999999999998e-1 5.9999999999999998e-1
    5.9999999999999998e-1 5.9999999999999998e-1 5.9999999999999998e-1
    5.9999999999999998e-1 5.9999999999999998e-1 5.9999999999999998e-1
    5.9999999999999998e-1 5.9999999999999998e-1 5.9999999999999998e-1
    5.9999999999999998e-1 5.9999999999999998e-1 5.9999999999999998e-1
    5.9999999999999998e-1 5.9999999999999998e-1 5.9999999999999998e-1
    5.9999999999999998e-1 5.9999999999999998e-1 5.9999999999999998e-1
    5.9999999999999998e-1 5.9999999999999998e-1 5.9999999999999998e-1
    5.9999999999999998e-1 5.9999999999999998e-1 5.9999999999999998e-1
    5.9999999999999998e-1 5.9999999999999998e-1 5.9999999999999998e-1
    5.9999999999999998e-1 5.9999999999999998e-1 5.9999999999999998e-1
    5.9999999999999998e-1 5.9999999999999998e-1 5.9999999999999998e-1
    5.9999999999999998e-1 5.9999999999999998e-1 5.9999999999999998e-1
    5.9999999999999998e-1 5.9999999999999998e-1 5.9999999999999998e-1
    5.9999999999999998e-1 5.9999999999999998e-1 5.9999999999999998e-1
    5.9999999999999998e-1 5.9999999999999998e-1 5.9999999999999998e-1
    5.9999999999999998e-1 5.9999999999999998e-1 5.9999999999999998e-1
    5.9999999999999998e-1 5.9999999999999998e-1 5.9999999999999998e-1
    5.9999999999999998e-1 5.9999999999999998e-1 5.9999999999999998e-1
    5.9999999999999998e-1 5.9999999999999998e-1 5.9999999999999998e-1
    5.9999999999999998e-1 5.9999999999999998e-1 5.9999999999999998e-1
    5.9999999999999998e-1 5.9999999999999998e-1 5.9999999999999998e-1
    5.9999999999999998e-1 5.9999999999999998e-1 5.9999999999999998e-1
    5.9999999999999998e-1 5.9999999999999998e-1 5.9999999999999998e-1
    5.9999999999999998e-1 5.9999999999999998e-1 5.9999999999999998e-1
    5.9999999999999998e-1 5.9999999999999998e-1 5.9999999999999998e-1
    5.9999999999999998e-1 5.9999999999999998e-1 5.9999999999999998e-1
    5.9999999999999998e-1 5.9999999999999998e-1 5.9999999999999998e-1
    5.9999999999999998e-1 5.9999999999999998e-1 5.9999999999999998e-1
    5.9999999999999998e-1 5.9999999999999998e-1 5.9999999999999998e-1
    5.9999999999999998e-1 5.9999999999999998e-1 5.9999999999999998e-1
    5.9999999999999998e-1 5.9999999999999998e-1 5.9999999999999998e-1
    5.9999999999999998e-1 5.9999999999999998e-1 5.9999999999999998e-1
    5.9999999999999998e-1 5.9999999999999998e-1 5.9999999999999998e-1
    5.9999999999999998e-1 5.9999999999999998e-1 5.9999999999999998e-1
    5.9999999999999998e-1 5.9999999999999998e-1 5.9999999999999998e-1
    5.9999999999999998e-1 5.9999999999999998e-1 5.9999999999999998e-1
    5.9999999999999998e-1 5.9999999999999998e-1 5.9999999999999998e-1
    5.9999999999999998e-1 5.9999999999999998e-1 5.9999999999999998e-1
    5.9999999999999998e-1 5.9999999999999998e-1 5.9999999999999998e-1
    5.9999999999999998e-1 5.9999999999999998e-1 5.9999999999999998e-1
    5.9999999999999998e-1 5.9999999999999998e-1 5.9999999999999998e-1
    5.9999999999999998e-1 5.9999999999999998e-1 5.9999999999999998e-1
    5.9999999999999998e-1 5.9999999999999998e-1 5.9999999999999998e-1
    5.9999999999999998e-1 5.9999999999999998e-1 5.9999999999999998e-1
    5.9999999999999998e-1 5.9999999999999998e-1 5.9999999999999998e-1
    5.9999999999999998e-1 5.9999999999999998e-1 5.9999999999999998e-1
    5.9999999999999998e-1 5.9999999999999998e-1 5.9999999999999998e-1
    5.9999999999999998e-1 5.9999999999999998e-1 5.9999999999999998e-1
    5.9999999999999998e-1 5.9999999999999998e-1 5.9999999999999998e-1
    5.9999999999999998e-1 5.9999999999999998e-1 5.9999999999999998e-1
    5.9999999999999998e-1 5.9999999999999998e-1 5.9999999999999998e-1
    5.9999999999999998e-1 5.9999999999999998e-1 5.9999999999999998e-1
    5.9999999999999998e-1 5.9999999999999998e-1 5.9999999999999998e-1
    5.9999999999999998e-1 5.9999999999999998e-1 5.9999999999999998e-1
    5.9999999999999998e-1 5.9999999999999998e-1 5.9999999999999998e-1
    5.9999999999999998e-1 5.9999999999999998e-1 5.9999999999999998e-1
    5.9999999999999998e-1 5.9999999999999998e-1 5.9999999999999998e-1
    5.9999999999999998e-1 5.9999999999999998e-1 5.9999999999999998e-1
    5.9999999999999998e-1 5.9999999999999998e-1 5.9999999999999998e-1
    5.9999999999999998e-1 5.9999999999999998e-1 5.9999999999999998e-1
    5.9999999999999998e-1 5.9999999999999998e-1 5.9999999999999998e-1
    5.9999999999999998e-1 5.9999999999999998e-1 5.9999999999999998e-1
    5.9999999999999998e-1 5.9999999999999998e-1 5.9999999999999998e-1
    5.9999999999999998e-1 5.9999999999999998e-1 5.9999999999999998e-1
    5.9999999999999998e-1 5.9999999999999998e-1 5.9999999999999998e-1
    5.9999999999999998e-1 5.9999999999999998e-1 5.9999999999999998e-1
    5.9999999999999998e-1 5.9999999999999998e-1 5.9999999999999998e-1
    5.9999999999999998e-1 5.9999999999999998e-1 5.9999999999999998e-1
    5.9999999999999998e-1 5.9999999999999998e-1 5.9999999999999998e-1
    5.9999999999999998e-1 5.9999999999999998e-1 5.9999999999999998e-1
    5.9999999999999998e-1 5.9999999999999998e-1 5.9999999999999998e-1
    5.9999999999999998e-1 5.9999999999999998e-1 5.9999999999999998e-1
    5.9999999999999998e-1 5.9999999999999998e-1 5.9999999999999998e-1
    5.9999999999999998e-1 5.9999999999999998e-1 5.9999999999999998e-1
    5.9999999999999998e-1 5.9999999999999998e-1 5.9999999999999998e-1
    5.9999999999999998e-1 5.9999999999999998e-1 5.9999999999999998e-1
    5.9999999999999998e-1 5.9999999999999998e-1 5.9999999999999998e-1
    5.9999999999999998e-1 5.9999999999999998e-1 5.9999999999999998e-1
    5.9999999999999998e-1 5.9999999999999998e-1 5.9999999999999998e-1
    5.9999999999999998e-1 5.9999999999999998e-1 5.9999999999999998e-1
    5.9999999999999998e-1 5.9999999999999998e-1 5.9999999999999998e-1
    5.9999999999999998e-1 5.9999999999999998e-1 5.9999999999999998e-1
    5.9999999999999998e-1 5.9999999999999998e-1 5.9999999999999998e-1
    5.9999999999999998e-1 5.9999999999999998e-1 5.9999999999999998e-1
    5.9999999999999998e-1 5.9999999999999998e-1 5.9999999999999998e-1
    5.9999999999999998e-1 5.9999999999999998e-1 5.9999999999999998e-1
    5.9999999999999998e-1 5.9999999999999998e-1 5.9999999999999998e-1
    5.9999999999999998e-1 5.9999999999999998e-1 5.9999999999999998e-1
    5.9999999999999998e-1 5.9999999999999998e-1 5.9999999999999998e-1
    5.9999999999999998e-1 5.9999999999999998e-1 5.9999999999999998e-1
    5.9999999999999998e-1 5.9999999999999998e-1 5.9999999999999998e-1
    5.9999999999999998e-1 5.9999999999999998e-1 5.9999999999999998e-1
    5.9999999999999998e-1 5.9999999999999998e-1 5.9999999999999998e-1
    5.9999999999999998e-1 5.9999999999999998e-1 5.9999999999999998e-1
    5.9999999999999998e-1 5.9999999999999998e-1 5.9999999999999998e-1
    5.9999999999999998e-1 5.9999999999999998e-1 5.9999999999999998e-1
    5.9999999999999998e-1 5.9999999999999998e-1 5.9999999999999998e-1
    5.9999999999999998e-1 5.9999999999999998e-1 5.9999999999999998e-1
    5.9999999999999998e-1 5.9999999999999998e-1 5.9999999999999998e-1
    5.9999999999999998e-1 5.9999999999999998e-1 5.9999999999999998e-1
    5.9999999999999998e-1 5.9999999999999998e-1 5.9999999999999998e-1
    5.9999999999999998e-1 5.9999999999999998e-1 5.9999999999999998e-1
    5.9999999999999998e-1 5.9999999999999998e-1 5.9999999999999998e-1
    5.9999999999999998e-1 5.9999999999999998e-1 5.9999999999999998e-1
    5.9999999999999998e-1 5.9999999999999998e-1 5.9999999999999998e-1
    5.9999999999999998e-1 5.9999999999999998e-1 5.9999999999999998e-1
    5.9999999999999998e-1 5.9999999999999998e-1 5.9999999999999998e-1
    5.9999999999999998e-1 5.9999999999999998e-1 5.9999999999999998e-1
    5.9999999999999998e-1 5.9999999999999998e-1 5.9999999999999998e-1
    5.9999999999999998e-1 5.9999999999999998e-1 5.9999999999999998e-1
    5.9999999999999998e-1 5.9999999999999998e-1 5.9999999999999998e-1
    5.9999999999999998e-1 5.9999999999999998e-1 5.9999999999999998e-1
    5.9999999999999998e-1 5.9999999999999998e-1 5.9999999999999998e-1
    5.9999999999999998e-1 5.9999999999999998e-1 5.9999999999999998e-1
    5.9999999999999998e-1 5.9999999999999998e-1 5.9999999999999998e-1
    5.9999999999999998e-1 5.9999999999999998e-1 5.9999999999999998e-1
    5.9999999999999998e-1 5.9999999999999998e-1 5.9999999999999998e-1
    5.9999999999999998e-1 5.9999999999999998e-1 5.9999999999999998e-1
    5.9999999999999998e-1 5.9999999999999998e-1 5.9999999999999998e-1
    5.9999999999999998e-1 5.9999999999999998e-1 5.9999999999999998e-1
    5.9999999999999998e-1 5.9999999999999998e-1 5.9999999999999998e-1
    5.9999999999999998e-1 5.9999999999999998e-1 5.9999999999999998e-1
    5.9999999999999998e-1 5.9999999999999998e-1 5.9999999999999998e-1
    5.9999999999999998e-1 5.9999999999999998e-1 5.9999999999999998e-1
    5.9999999999999998e-1 5.9999999999999998e-1 5.9999999999999998e-1
    5.9999999999999998e-1 5.9999999999999998e-1 5.9999999999999998e-1
    5.9999999999999998e-1 5.9999999999999998e-1 5.9999999999999998e-1
    5.9999999999999998e-1 5.9999999999999998e-1 5.9999999999999998e-1
    5.9999999999999998e-1 5.9999999999999998e-1 5.9999999999999998e-1
    5.9999999999999998e-1 5.9999999999999998e-1 5.9999999999999998e-1
    5.9999999999999998e-1 5.9999999999999998e-1 5.9999999999999998e-1
    5.9999999999999998e-1 5.9999999999999998e-1 5.9999999999999998e-1
    5.9999999999999998e-1 5.9999999999999998e-1 5.9999999999999998e-1
    5.9999999999999998e-1 5.9999999999999998e-1 5.9999999999999998e-1
    5.9999999999999998e-1 5.9999999999999998e-1 5.9999999999999998e-1
    5.9999999999999998e-1 5.9999999999999998e-1 5.9999999999999998e-1
    5.9999999999999998e-1 5.9999999999999998e-1 5.9999999999999998e-1
    5.9999999999999998e-1 5.9999999999999998e-1 5.9999999999999998e-1
    5.9999999999999998e-1 5.9999999999999998e-1 5.9999999999999998e-1
    5.9999999999999998e-1 5.9999999999999998e-1 5.9999999999999998e-1
    5.9999999999999998e-1 5.9999999999999998e-1 5.9999999999999998e-1
    5.9999999999999998e-1 5.9999999999999998e-1 5.9999999999999998e-1
    5.9999999999999998e-1 5.9999999999999998e-1 5.9999999999999998e-1
    5.9999999999999998e-1 5.9999999999999998e-1 5.9999999999999998e-1
    5.9999999999999998e-1 5.9999999999999998e-1 5.9999999999999998e-1
    5.9999999999999998e-1 5.9999999999999998e-1 5.9999999999999998e-1
    5.9999999999999998e-1 5.9999999999999998e-1 5.9999999999999998e-1
    5.9999999999999998e-1 5.9999999999999998e-1 5.9999999999999998e-1
    5.9999999999999998e-1 5.9999999999999998e-1 5.9999999999999998e-1
    5.9999999999999998e-1 5.9999999999999998e-1 5.9999999999999998e-1
    5.9999999999999998e-1 5.9999999999999998e-1 5.9999999999999998e-1
    5.9999999999999998e-1 5.9999999999999998e-1 5.9999999999999998e-1
    5.9999999999999998e-1 5.9999999999999998e-1 5.9999999999999998e-1
    5.9999999999999998e-1 5.9999999999999998e-1 5.9999999999999998e-1
    5.9999999999999998e-1 5.9999999999999998e-1 5.9999999999999998e-1
    5.9999999999999998e-1 5.9999999999999998e-1 5.9999999999999998e-1
    5.9999999999999998e-1 5.9999999999999998e-1 5.9999999999999998e-1
    5.9999999999999998e-1 5.9999999999999998e-1 5.9999999999999998e-1
    5.9999999999999998e-1 5.9999999999999998e-1 5.9999999999999998e-1
    5.9999999999999998e-1 5.9999999999999998e-1 5.9999999999999998e-1
    5.9999999999999998e-1 5.9999999999999998e-1 5.9999999999999998e-1
    5.9999999999999998e-1 5.9999999999999998e-1 5.9999999999999998e-1
    5.9999999999999998e-1 5.9999999999999998e-1 5.9999999999999998e-1
    5.9999999999999998e-1 5.9999999999999998e-1 5.9999999999999998e-1
    5.9999999999999998e-1 5.9999999999999998e-1 5.9999999999999998e-1
    5.9999999999999998e-1 5.9999999999999998e-1 5.9999999999999998e-1
    5.9999999999999998e-1 5.9999999999999998e-1 5.9999999999999998e-1
    5.9999999999999998e-1 5.9999999999999998e-1 5.9999999999999998e-1
    5.9999999999999998e-1 5.9999999999999998e-1 5.9999999999999998e-1
    5.9999999999999998e-1 5.9999999999999998e-1 5.9999999999999998e-1
    5.9999999999999998e-1 5.9999999999999998e-1 5.9999999999999998e-1
    5.9999999999999998e-1 5.9999999999999998e-1 5.9999999999999998e-1
    5.9999999999999998e-1 5.9999999999999998e-1 5.9999999999999998e-1
    5.9999999999999998e-1 5.9999999999999998e-1 5.9999999999999998e-1
    5.9999999999999998e-1 5.9999999999999998e-1 5.9999999999999998e-1
    5.9999999999999998e-1 5.9999999999999998e-1 5.9999999999999998e-1
    5.9999999999999998e-1 5.9999999999999998e-1 5.9999999999999998e-1
    5.9999999999999998e-1 5.9999999999999998e-1 5.9999999999999998e-1
    5.9999999999999998e-1 5.9999999999999998e-1 5.9999999999999998e-1
    5.9999999999999998e-1 5.9999999999999998e-1 5.9999999999999998e-1
    5.9999999999999998e-1 5.9999999999999998e-1 5.9999999999999998e-1
    5.9999999999999998e-1 5.9999999999999998e-1 5.9999999999999998e-1
    5.9999999999999998e-1 5.9999999999999998e-1 5.9999999999999998e-1
    5.9999999999999998e-1 5.9999999999999998e-1 5.9999999999999998e-1
    5.9999999999999998e-1 5.9999999999999998e-1 5.9999999999999998e-1
    5.9999999999999998e-1 5.9999999999999998e-1 5.9999999999999998e-1
    5.9999999999999998e-1 5.9999999999999998e-1 5.9999999999999998e-1
    5.9999999999999998e-1 5.9999999999999998e-1 5.9999999999999998e-1
    5.9999999999999998e-1 5.9999999999999998e-1 5.9999999999999998e-1
    5.9999999999999998e-1 5.9999999999999998e-1 5.9999999999999998e-1
    5.9999999999999998e-1 5.9999999999999998e-1 5.9999999999999998e-1
    5.9999999999999998e-1 5.9999999999999998e-1 5.9999999999999998e-1
    5.9999999999999998e-1 5.9999999999999998e-1 5.9999999999999998e-1
    5.9999999999999998e-1 5.9999999999999998e-1 5.9999999999999998e-1
    5.9999999999999998e-1 5.9999999999999998e-1 5.9999999999999998e-1
    5.9999999999999998e-1 5.9999999999999998e-1 5.9999999999999998e-1
    5.9999999999999998e-1 5.9999999999999998e-1 5.9999999999999998e-1
    5.9999999999999998e-1 5.9999999999999998e-1 5.9999999999999998e-1
    5.9999999999999998e-1 5.9999999999999998e-1 5.9999999999999998e-1
    5.9999999999999998e-1 5.9999999999999998e-1 5.9999999999999998e-1
    5.9999999999999998e-1 5.9999999999999998e-1 5.9999999999999998e-1
    5.9999999999999998e-1 5.9999999999999998e-1 5.9999999999999998e-1
    5.9999999999999998e-1 5.9999999999999998e-1 5.9999999999999998e-1
    5.9999999999999998e-1 5.9999999999999998e-1 5.9999999999999998e-1
    5.9999999999999998e-1 5.9999999999999998e-1 5.9999999999999998e-1
    5.9999999999999998e-1 5.9999999999999998e-1 5.9999999999999998e-1
    5.9999999999999998e-1 5.9999999999999998e-1 5.9999999999999998e-1
    5.9999999999999998e-1 5.9999999999999998e-1 5.9999999999999998e-1
    5.9999999999999998e-1 5.9999999999999998e-1 5.9999999999999998e-1
    5.9999999999999998e-1 5.9999999999999998e-1 5.9999999999999998e-1
    5.9999999999999998e-1 5.9999999999999998e-1 5.9999999999999998e-1
    5.9999999999999998e-1 5.9999999999999998e-1 5.9999999999999998e-1
    5.9999999999999998e-1 5.9999999999999998e-1 5.9999999999999998e-1
    5.9999999999999998e-1 5.9999999999999998e-1 5.9999999999999998e-1
    5.9999999999999998e-1 5.9999999999999998e-1 5.9999999999999998e-1
    5.9999999999999998e-1 5.9999999999999998e-1 5.9999999999999998e-1
    5.9999999999999998e-1 5.9999999999999998e-1 5.9999999999999998e-1
    5.9999999999999998e-1 5.9999999999999998e-1 5.9999999999999998e-1
    5.9999999999999998e-1 5.9999999999999998e-1 5.9999999999999998e-1
    5.9999999999999998e-1 5.9999999999999998e-1 5.9999999999999998e-1
    5.9999999999999998e-1 5.9999999999999998e-1 5.9999999999999998e-1
    5.9999999999999998e-1 5.9999999999999998e-1 5.9999999999999998e-1
    5.9999999999999998e-1 5.9999999999999998e-1 5.9999999999999998e-1
    5.9999999999999998e-1 5.9999999999999998e-1 5.9999999999999998e-1
    5.9999999999999998e-1 5.9999999999999998e-1 5.9999999999999998e-1
    5.9999999999999998e-1 5.9999999999999998e-1 5.9999999999999998e-1
    5.9999999999999998e-1 5.9999999999999998e-1 5.9999999999999998e-1
    5.9999999999999998e-1 5.9999999999999998e-1 5.9999999999999998e-1
    5.9999999999999998e-1 5.9999999999999998e-1 5.9999999999999998e-1
    5.9999999999999998e-1 5.9999999999999998e-1 5.9999999999999998e-1
    5.9999999999999998e-1 5.9999999999999998e-1 5.9999999999999998e-1
    5.9999999999999998e-1 5.9999999999999998e-1 5.9999999999999998e-1
    5.9999999999999998e-1 5.9999999999999998e-1 5.9999999999999998e-1
    5.9999999999999998e-1 5.9999999999999998e-1 5.9999999999999998e-1
    5.9999999999999998e-1 5.9999999999999998e-1 5.9999999999999998e-1
    5.9999999999999998e-1 5.9999999999999998e-1 5.9999999999999998e-1
    5.9999999999999998e-1 5.9999999999999998e-1 5.9999999999999998e-1
    5.9999999999999998e-1 5.9999999999999998e-1 5.9999999999999998e-1
    5.9999999999999998e-1 5.9999999999999998e-1 5.9999999999999998e-1
    5.9999999999999998e-1 5.9999999999999998e-1 5.9999999999999998e-1
    5.9999999999999998e-1 5.9999999999999998e-1 5.9999999999999998e-1
    5.9999999999999998e-1 5.9999999999999998e-1 5.9999999999999998e-1
    5.9999999999999998e-1 5.9999999999999998e-1 5.9999999999999998e-1
    5.9999999999999998e-1 5.9999999999999998e-1 5.9999999999999998e-1
    5.9999999999999998e-1 5.9999999999999998e-1 5.9999999999999998e-1
    5.9999999999999998e-1 5.9999999999999998e-1 5.9999999999999998e-1
    5.9999999999999998e-1 5.9999999999999998e-1 5.9999999999999998e-1
    5.9999999999999998e-1 5.9999999999999998e-1 5.9999999999999998e-1
    5.9999999999999998e-1 5.9999999999999998e-1 5.9999999999999998e-1
    5.9999999999999998e-1 5.9999999999999998e-1 5.9999999999999998e-1
    5.9999999999999998e-1 5.9999999999999998e-1 5.9999999999999998e-1
    5.9999999999999998e-1 5.9999999999999998e-1 5.9999999999999998e-1
    5.9999999999999998e-1 5.9999999999999998e-1 5.9999999999999998e-1
    5.9999999999999998e-1 5.9999999999999998e-1 5.9999999999999998e-1
    5.9999999999999998e-1 5.9999999999999998e-1 5.9999999999999998e-1
    5.9999999999999998e-1 5.9999999999999998e-1 5.9999999999999998e-1
    5.9999999999999998e-1 5.9999999999999998e-1 5.9999999999999998e-1
    5.9999999999999998e-1 5.9999999999999998e-1 5.9999999999999998e-1
    5.9999999999999998e-1 5.9999999999999998e-1 5.9999999999999998e-1
    5.9999999999999998e-1 5.9999999999999998e-1 5.9999999999999998e-1
    5.9999999999999998e-1 5.9999999999999998e-1 5.9999999999999998e-1
    5.9999999999999998e-1 5.9999999999999998e-1 5.9999999999999998e-1
    5.9999999999999998e-1 5.9999999999999998e-1 5.9999999999999998e-1
    5.9999999999999998e-1 5.9999999999999998e-1 5.9999999999999998e-1
    5.9999999999999998e-1 5.9999999999999998e-1 5.9999999999999998e-1
    5.9999999999999998e-1 5.9999999999999998e-1 5.9999999999999998e-1
    5.9999999999999998e-1 5.9999999999999998e-1 5.9999999999999998e-1
    5.9999999999999998e-1 5.9999999999999998e-1 5.9999999999999998e-1
    5.9999999999999998e-1 5.9999999999999998e-1 5.9999999999999998e-1
    5.9999999999999998e-1 5.9999999999999998e-1 5.9999999999999998e-1
    5.9999999999999998e-1 5.9999999999999998e-1 5.9999999999999998e-1
    5.9999999999999998e-1 5.9999999999999998e-1 5.9999999999999998e-1
    5.9999999999999998e-1 5.9999999999999998e-1 5.9999999999999998e-1
    5.9999999999999998e-1 5.9999999999999998e-1 5.9999999999999998e-1
    5.9999999999999998e-1 5.9999999999999998e-1 5.9999999999999998e-1
    5.9999999999999998e-1 5.9999999999999998e-1 5.9999999999999998e-1
    5.9999999999999998e-1 5.9999999999999998e-1 5.9999999999999998e-1
    5.9999999999999998e-1 5.9999999999999998e-1 5.9999999999999998e-1
    5.9999999999999998e-1 5.9999999999999998e-1 5.9999999999999998e-1
    5.9999999999999998e-1 5.9999999999999998e-1 5.9999999999999998e-1
    5.9999999999999998e-1 5.9999999999999998e-1 5.9999999999999998e-1
    5.9999999999999998e-1 5.9999999999999998e-1 5.9999999999999998e-1
    5.9999999999999998e-1 5.9999999999999998e-1 5.9999999999999998e-1
    5.9999999999999998e-1 5.9999999999999998e-1 5.9999999999999998e-1
    5.9999999999999998e-1 5.9999999999999998e-1 5.9999999999999998e-1
    5.9999999999999998e-1 5.9999999999999998e-1 5.9999999999999998e-1
    5.9999999999999998e-1 5.9999999999999998e-1 5.9999999999999998e-1
    5.9999999999999998e-1 5.9999999999999998e-1 5.9999999999999998e-1
    5.9999999999999998e-1 5.9999999999999998e-1 5.9999999999999998e-1
    5.9999999999999998e-1 5.9999999999999998e-1 5.9999999999999998e-1
    5.9999999999999998e-1 5.9999999999999998e-1 5.9999999999999998e-1
    5.9999999999999998e-1 5.9999999999999998e-1 5.9999999999999998e-1
    5.9999999999999998e-1 5.9999999999999998e-1 5.9999999999999998e-1
    5.9999999999999998e-1 5.9999999999999998e-1 5.9999999999999998e-1
    5.9999999999999998e-1 5.9999999999999998e-1 5.9999999999999998e-1
    5.9999999999999998e-1 5.9999999999999998e-1 5.9999999999999998e-1
    5.9999999999999998e-1 5.9999999999999998e-1 5.9999999999999998e-1
    5.9999999999999998e-1 5.9999999999999998e-1 5.9999999999999998e-1
    5.9999999999999998e-1 5.9999999999999998e-1 5.9999999999999998e-1
    5.9999999999999998e-1 5.9999999999999998e-1 5.9999999999999998e-1
    5.9999999999999998e-1 5.9999999999999998e-1 5.9999999999999998e-1
    5.9999999999999998e-1 5.9999999999999998e-1 5.9999999999999998e-1
    5.9999999999999998e-1 5.9999999999999998e-1 5.9999999999999998e-1
    5.9999999999999998e-1 5.9999999999999998e-1 5.9999999999999998e-1
    5.9999999999999998e-1 5.9999999999999998e-1 5.9999999999999998e-1
    5.9999999999999998e-1 5.9999999999999998e-1 5.9999999999999998e-1
    5.9999999999999998e-1 5.9999999999999998e-1 5.9999999999999998e-1
    5.9999999999999998e-1 5.9999999999999998e-1 5.9999999999999998e-1
    5.9999999999999998e-1 5.9999999999999998e-1 5.9999999999999998e-1
    5.9999999999999998e-1 5.9999999999999998e-1 5.9999999999999998e-1
    5.9999999999999998e-1 5.9999999999999998e-1 5.9999999999999998e-1
    5.9999999999999998e-1 5.9999999999999998e-1 5.9999999999999998e-1
    5.9999999999999998e-1 5.9999999999999998e-1 5.9999999999999998e-1
    5.9999999999999998e-1 5.9999999999999998e-1 5.9999999999999998e-1
    5.9999999999999998e-1 5.9999999999999998e-1 5.9999999999999998e-1
    5.9999999999999998e-1 5.9999999999999998e-1 5.9999999999999998e-1
    5.9999999999999998e-1 5.9999999999999998e-1 5.9999999999999998e-1
    5.9999999999999998e-1 5.9999999999999998e-1 5.9999999999999998e-1
    5.9999999999999998e-1 5.9999999999999998e-1 5.9999999999999998e-1
    5.9999999999999998e-1 5.9999999999999998e-1 5.9999999999999998e-1
    5.9999999999999998e-1 5.9999999999999998e-1 5.9999999999999998e-1
    5.9999999999999998e-1 5.9999999999999998e-1 5.9999999999999998e-1
    5.9999999999999998e-1 5.9999999999999998e-1 5.9999999999999998e-1
    5.9999999999999998e-1 5.9999999999999998e-1 5.9999999999999998e-1
    5.9999999999999998e-1 5.9999999999999998e-1 5.9999999999999998e-1
    5.9999999999999998e-1 5.9999999999999998e-1 5.9999999999999998e-1
    5.9999999999999998e-1 5.9999999999999998e-1 5.9999999999999998e-1
    5.9999999999999998e-1 5.9999999999999998e-1 5.9999999999999998e-1
    5.9999999999999998e-1 5.9999999999999998e-1 5.9999999999999998e-1
    5.9999999999999998e-1 5.9999999999999998e-1 5.9999999999999998e-1
    5.9999999999999998e-1 5.9999999999999998e-1 5.9999999999999998e-1
    5.9999999999999998e-1 5.9999999999999998e-1 5.9999999999999998e-1
    5.9999999999999998e-1 5.9999999999999998e-1 5.9999999999999998e-1
    5.9999999999999998e-1 5.9999999999999998e-1 5.9999999999999998e-1
    5.9999999999999998e-1 5.9999999999999998e-1 5.9999999999999998e-1
    5.9999999999999998e-1 5.9999999999999998e-1 5.9999999999999998e-1
    5.9999999999999998e-1 5.9999999999999998e-1 5.9999999999999998e-1
    5.9999999999999998e-1 5.9999999999999998e-1 5.9999999999999998e-1
    5.9999999999999998e-1 5.9999999999999998e-1 5.9999999999999998e-1
    5.9999999999999998e-1 5.9999999999999998e-1 5.9999999999999998e-1
    5.9999999999999998e-1 5.9999999999999998e-1 5.9999999999999998e-1
    5.9999999999999998e-1 5.9999999999999998e-1 5.9999999999999998e-1
    5.9999999999999998e-1 5.9999999999999998e-1 5.9999999999999998e-1
    5.9999999999999998e-1 5.9999999999999998e-1 5.9999999999999998e-1
    5.9999999999999998e-1 5.9999999999999998e-1 5.9999999999999998e-1
    5.9999999999999998e-1 5.9999999999999998e-1 5.9999999999999998e-1
    5.9999999999999998e-1 5.9999999999999998e-1 5.9999999999999998e-1
    5.9999999999999998e-1 5.9999999999999998e-1 5.9999999999999998e-1
    5.9999999999999998e-1 5.9999999999999998e-1 5.9999999999999998e-1
    5.9999999999999998e-1 5.9999999999999998e-1 5.9999999999999998e-1
    5.9999999999999998e-1 5.9999999999999998e-1 5.9999999999999998e-1
    5.9999999999999998e-1 5.9999999999999998e-1 5.9999999999999998e-1
    5.9999999999999998e-1 5.9999999999999998e-1 5.9999999999999998e-1
    5.9999999999999998e-1 5.9999999999999998e-1 5.9999999999999998e-1
    5.9999999999999998e-1 5.9999999999999998e-1 5.9999999999999998e-1
    5.9999999999999998e-1 5.9999999999999998e-1 5.9999999999999998e-1
    5.9999999999999998e-1 5.9999999999999998e-1 5.9999999999999998e-1
    5.9999999999999998e-1 5.9999999999999998e-1 5.9999999999999998e-1
    5.9999999999999998e-1 5.9999999999999998e-1 5.9999999999999998e-1
    5.9999999999999998e-1 5.9999999999999998e-1 5.9999999999999998e-1
    5.9999999999999998e-1 5.9999999999999998e-1 5.9999999999999998e-1
    5.9999999999999998e-1 5.9999999999999998e-1 5.9999999999999998e-1
    5.9999999999999998e-1 5.9999999999999998e-1 5.9999999999999998e-1
    5.9999999999999998e-1 5.9999999999999998e-1 5.9999999999999998e-1
    5.9999999999999998e-1 5.9999999999999998e-1 5.9999999999999998e-1
    5.9999999999999998e-1 5.9999999999999998e-1 5.9999999999999998e-1
    5.9999999999999998e-1 5.9999999999999998e-1 5.9999999999999998e-1
    5.9999999999999998e-1 5.9999999999999998e-1 5.9999999999999998e-1
    5.9999999999999998e-1 5.9999999999999998e-1 5.9999999999999998e-1
    5.9999999999999998e-1 5.9999999999999998e-1 5.9999999999999998e-1
    5.9999999999999998e-1 5.9999999999999998e-1 5.9999999999999998e-1
    5.9999999999999998e-1 5.9999999999999998e-1 5.9999999999999998e-1
    5.9999999999999998e-1 5.9999999999999998e-1 5.9999999999999998e-1
    5.9999999999999998e-1 5.9999999999999998e-1 5.9999999999999998e-1
    5.9999999999999998e-1 5.9999999999999998e-1 5.9999999999999998e-1
    5.9999999999999998e-1 5.9999999999999998e-1 5.9999999999999998e-1
    5.9999999999999998e-1 5.9999999999999998e-1 5.9999999999999998e-1
    5.9999999999999998e-1 5.9999999999999998e-1 5.9999999999999998e-1
    5.9999999999999998e-1 5.9999999999999998e-1 5.9999999999999998e-1
    5.9999999999999998e-1 5.9999999999999998e-1 5.9999999999999998e-1
    5.9999999999999998e-1 5.9999999999999998e-1 5.9999999999999998e-1
    5.9999999999999998e-1 5.9999999999999998e-1 5.9999999999999998e-1
    5.9999999999999998e-1 5.9999999999999998e-1 5.9999999999999998e-1
    5.9999999999999998e-1 5.9999999999999998e-1 5.9999999999999998e-1
    5.9999999999999998e-1 5.9999999999999998e-1 5.9999999999999998e-1
    5.9999999999999998e-1 5.9999999999999998e-1 5.9999999999999998e-1
    5.9999999999999998e-1 5.9999999999999998e-1 5.9999999999999998e-1
    5.9999999999999998e-1 5.9999999999999998e-1 5.9999999999999998e-1
    5.9999999999999998e-1 5.9999999999999998e-1 5.9999999999999998e-1
    5.9999999999999998e-1 5.9999999999999998e-1 5.9999999999999998e-1
    5.9999999999999998e-1 5.9999999999999998e-1 5.9999999999999998e-1
    5.9999999999999998e-1 5.9999999999999998e-1 5.9999999999999998e-1
    5.9999999999999998e-1 5.9999999999999998e-1 5.9999999999999998e-1
    5.9999999999999998e-1 5.9999999999999998e-1 5.9999999999999998e-1
    5.9999999999999998e-1 5.9999999999999998e-1 5.9999999999999998e-1
    5.9999999999999998e-1 5.9999999999999998e-1 5.9999999999999998e-1
    5.9999999999999998e-1 5.9999999999999998e-1 5.9999999999999998e-1
    5.9999999999999998e-1 5.9999999999999998e-1 5.9999999999999998e-1
    5.9999999999999998e-1 5.9999999999999998e-1 5.9999999999999998e-1
    5.9999999999999998e-1 5.9999999999999998e-1 5.9999999999999998e-1
    5.9999999999999998e-1 5.9999999999999998e-1 5.9999999999999998e-1
    5.9999999999999998e-1 5.9999999999999998e-1 5.9999999999999998e-1
    5.9999999999999998e-1 5.9999999999999998e-1 5.9999999999999998e-1
    5.9999999999999998e-1 5.9999999999999998e-1 5.9999999999999998e-1
    5.9999999999999998e-1 5.9999999999999998e-1 5.9999999999999998e-1
    5.9999999999999998e-1 5.9999999999999998e-1 5.9999999999999998e-1
    5.9999999999999998e-1 5.9999999999999998e-1 5.9999999999999998e-1
    5.9999999999999998e-1 5.9999999999999998e-1 5.9999999999999998e-1
    5.9999999999999998e-1 5.9999999999999998e-1 5.9999999999999998e-1
    5.9999999999999998e-1 5.9999999999999998e-1 5.9999999999999998e-1
    5.9999999999999998e-1 5.9999999999999998e-1 5.9999999999999998e-1
    5.9999999999999998e-1 5.9999999999999998e-1 5.9999999999999998e-1
    5.9999999999999998e-1 5.9999999999999998e-1 5.9999999999999998e-1
    5.9999999999999998e-1 5.9999999999999998e-1 5.9999999999999998e-1
    5.9999999999999998e-1 5.9999999999999998e-1 5.9999999999999998e-1
    5.9999999999999998e-1 5.9999999999999998e-1 5.9999999999999998e-1
    5.9999999999999998e-1 5.9999999999999998e-1 5.9999999999999998e-1
    5.9999999999999998e-1 5.9999999999999998e-1 5.9999999999999998e-1
    5.9999999999999998e-1 5.9999999999999998e-1 5.9999999999999998e-1
    5.9999999999999998e-1 5.9999999999999998e-1 5.9999999999999998e-1
    5.9999999999999998e-1 5.9999999999999998e-1 5.9999999999999998e-1
    5.9999999999999998e-1 5.9999999999999998e-1 5.9999999999999998e-1
    5.9999999999999998e-1 5.9999999999999998e-1 5.9999999999999998e-1
    5.9999999999999998e-1 5.9999999999999998e-1 5.9999999999999998e-1
    5.9999999999999998e-1 5.9999999999999998e-1 5.9999999999999998e-1
    5.9999999999999998e-1 5.9999999999999998e-1 5.9999999999999998e-1
    5.9999999999999998e-1 5.9999999999999998e-1 5.9999999999999998e-1
    5.9999999999999998e-1 5.9999999999999998e-1 5.9999999999999998e-1
    5.9999999999999998e-1 5.9999999999999998e-1 5.9999999999999998e-1
    5.9999999999999998e-1 5.9999999999999998e-1 5.9999999999999998e-1
    5.9999999999999998e-1 5.9999999999999998e-1 5.9999999999999998e-1
    5.9999999999999998e-1 5.9999999999999998e-1 5.9999999999999998e-1
    5.9999999999999998e-1 5.9999999999999998e-1 5.9999999999999998e-1
    5.9999999999999998e-1 5.9999999999999998e-1 5.9999999999999998e-1
    5.9999999999999998e-1 5.9999999999999998e-1 5.9999999999999998e-1
    5.9999999999999998e-1 5.9999999999999998e-1 5.9999999999999998e-1
    5.9999999999999998e-1 5.9999999999999998e-1 5.9999999999999998e-1
    5.9999999999999998e-1 5.9999999999999998e-1 5.9999999999999998e-1
    5.9999999999999998e-1 5.9999999999999998e-1 5.9999999999999998e-1
    5.9999999999999998e-1 5.9999999999999998e-1 5.9999999999999998e-1
    5.9999999999999998e-1 5.9999999999999998e-1 5.9999999999999998e-1
    5.9999999999999998e-1 5.9999999999999998e-1 5.9999999999999998e-1
    5.9999999999999998e-1 5.9999999999999998e-1 5.9999999999999998e-1
    5.9999999999999998e-1 5.9999999999999998e-1 5.9999999999999998e-1
    5.9999999999999998e-1 5.9999999999999998e-1 5.9999999999999998e-1
    5.9999999999999998e-1 5.9999999999999998e-1 5.9999999999999998e-1
    5.9999999999999998e-1 5.9999999999999998e-1 5.9999999999999998e-1
    5.9999999999999998e-1 5.9999999999999998e-1 5.9999999999999998e-1
    5.9999999999999998e-1 5.9999999999999998e-1 5.9999999999999998e-1
    5.9999999999999998e-1 5.9999999999999998e-1 5.9999999999999998e-1
    5.9999999999999998e-1 5.9999999999999998e-1 5.9999999999999998e-1
    5.9999999999999998e-1 5.9999999999999998e-1 5.9999999999999998e-1
    5.9999999999999998e-1 5.9999999999999998e-1 5.9999999999999998e-1
    5.9999999999999998e-1 5.9999999999999998e-1 5.9999999999999998e-1
    5.9999999999999998e-1 5.9999999999999998e-1 5.9999999999999998e-1
    5.9999999999999998e-1 5.9999999999999998e-1 5.9999999999999998e-1
    5.9999999999999998e-1 5.9999999999999998e-1 5.9999999999999998e-1
    5.9999999999999998e-1 5.9999999999999998e-1 5.9999999999999998e-1
    5.9999999999999998e-1 5.9999999999999998e-1 5.9999999999999998e-1
    5.9999999999999998e-1 5.9999999999999998e-1 5.9999999999999998e-1
    5.9999999999999998e-1 5.9999999999999998e-1 5.9999999999999998e-1
    5.9999999999999998e-1 5.9999999999999998e-1 5.9999999999999998e-1
    5.9999999999999998e-1 5.9999999999999998e-1 5.9999999999999998e-1
    5.9999999999999998e-1 5.9999999999999998e-1 5.9999999999999998e-1
    5.9999999999999998e-1 5.9999999999999998e-1 5.9999999999999998e-1
    5.9999999999999998e-1 5.9999999999999998e-1 5.9999999999999998e-1
    5.9999999999999998e-1 5.9999999999999998e-1 5.9999999999999998e-1
    5.9999999999999998e-1 5.9999999999999998e-1 5.9999999999999998e-1
    5.9999999999999998e-1 5.9999999999999998e-1 5.9999999999999998e-1
    5.9999999999999998e-1 5.9999999999999998e-1 5.9999999999999998e-1
    5.9999999999999998e-1 5.9999999999999998e-1 5.9999999999999998e-1
    5.9999999999999998e-1 5.9999999999999998e-1 5.9999999999999998e-1
    5.9999999999999998e-1 5.9999999999999998e-1 5.9999999999999998e-1
    5.9999999999999998e-1 5.9999999999999998e-1 5.9999999999999998e-1
    5.9999999999999998e-1 5.9999999999999998e-1 5.9999999999999998e-1
    5.9999999999999998e-1 5.9999999999999998e-1 5.9999999999999998e-1
    5.9999999999999998e-1 5.9999999999999998e-1 5.9999999999999998e-1
    5.9999999999999998e-1 5.9999999999999998e-1 5.9999999999999998e-1
    5.9999999999999998e-1 5.9999999999999998e-1 5.9999999999999998e-1
    5.9999999999999998e-1 5.9999999999999998e-1 5.9999999999999998e-1
    5.9999999999999998e-1 5.9999999999999998e-1 5.9999999999999998e-1
    5.9999999999999998e-1 5.9999999999999998e-1 5.9999999999999998e-1
    5.9999999999999998e-1 5.9999999999999998e-1 5.9999999999999998e-1
    5.9999999999999998e-1 5.9999999999999998e-1 5.9999999999999998e-1
    5.9999999999999998e-1 5.9999999999999998e-1 5.9999999999999998e-1
    5.9999999999999998e-1 5.9999999999999998e-1 5.9999999999999998e-1
    5.9999999999999998e-1 5.9999999999999998e-1 5.9999999999999998e-1
    5.9999999999999998e-1 5.9999999999999998e-1 5.9999999999999998e-1
    5.9999999999999998e-1 5.9999999999999998e-1 5.9999999999999998e-1
    5.9999999999999998e-1 5.9999999999999998e-1 5.9999999999999998e-1
    5.9999999999999998e-1 5.9999999999999998e-1 5.9999999999999998e-1
    5.9999999999999998e-1 5.9999999999999998e-1 5.9999999999999998e-1
    5.9999999999999998e-1 5.9999999999999998e-1 5.9999999999999998e-1
    5.9999999999999998e-1 5.9999999999999998e-1 5.9999999999999998e-1
    5.9999999999999998e-1 5.9999999999999998e-1 5.9999999999999998e-1
    5.9999999999999998e-1 5.9999999999999998e-1 5.9999999999999998e-1
    5.9999999999999998e-1 5.9999999999999998e-1 5.9999999999999998e-1
    5.9999999999999998e-1 5.9999999999999998e-1 5.9999999999999998e-1
    5.9999999999999998e-1 5.9999999999999998e-1 5.9999999999999998e-1
    5.9999999999999998e-1 5.9999999999999998e-1 5.9999999999999998e-1
    5.9999999999999998e-1 5.9999999999999998e-1 5.9999999999999998e-1
    5.9999999999999998e-1 5.9999999999999998e-1 5.9999999999999998e-1
    5.9999999999999998e-1 5.9999999999999998e-1 5.9999999999999998e-1
    5.9999999999999998e-1 5.9999999999999998e-1 5.9999999999999998e-1
    5.9999999999999998e-1 5.9999999999999998e-1 5.9999999999999998e-1
    5.9999999999999998e-1 5.9999999999999998e-1 5.9999999999999998e-1
    5.9999999999999998e-1 5.9999999999999998e-1 5.9999999999999998e-1
    5.9999999999999998e-1 5.9999999999999998e-1 5.9999999999999998e-1
    5.9999999999999998e-1 5.9999999999999998e-1 5.9999999999999998e-1
    5.9999999999999998e-1 5.9999999999999998e-1 5.9999999999999998e-1
    5.9999999999999998e-1 5.9999999999999998e-1 5.9999999999999998e-1
    5.9999999999999998e-1 5.9999999999999998e-1 5.9999999999999998e-1
    5.9999999999999998e-1 5.9999999999999998e-1 5.9999999999999998e-1
    5.9999999999999998e-1 5.9999999999999998e-1 5.9999999999999998e-1
    5.9999999999999998e-1 5.9999999999999998e-1 5.9999999999999998e-1
    5.9999999999999998e-1 5.9999999999999998e-1 5.9999999999999998e-1
    5.9999999999999998e-1 5.9999999999999998e-1 5.9999999999999998e-1
    5.9999999999999998e-1 5.9999999999999998e-1 5.9999999999999998e-1
    5.9999999999999998e-1 5.9999999999999998e-1 5.9999999999999998e-1
    5.9999999999999998e-1 5.9999999999999998e-1 5.9999999999999998e-1
    5.9999999999999998e-1 5.9999999999999998e-1 5.9999999999999998e-1
    5.9999999999999998e-1 5.9999999999999998e-1 5.9999999999999998e-1
    5.9999999999999998e-1 5.9999999999999998e-1 5.9999999999999998e-1
    5.9999999999999998e-1 5.9999999999999998e-1 5.9999999999999998e-1
    5.9999999999999998e-1 5.9999999999999998e-1 5.9999999999999998e-1
    5.9999999999999998e-1 5.9999999999999998e-1 5.9999999999999998e-1
    5.9999999999999998e-1 5.9999999999999998e-1 5.9999999999999998e-1
    5.9999999999999998e-1 5.9999999999999998e-1 5.9999999999999998e-1
    5.9999999999999998e-1 5.9999999999999998e-1 5.9999999999999998e-1
    5.9999999999999998e-1 5.9999999999999998e-1 5.9999999999999998e-1
    5.9999999999999998e-1 5.9999999999999998e-1 5.9999999999999998e-1
    5.9999999999999998e-1 5.9999999999999998e-1 5.9999999999999998e-1
    5.9999999999999998e-1 5.9999999999999998e-1 5.9999999999999998e-1
    5.9999999999999998e-1 5.9999999999999998e-1 5.9999999999999998e-1
    5.9999999999999998e-1 5.9999999999999998e-1 5.9999999999999998e-1
    5.9999999999999998e-1 5.9999999999999998e-1 5.9999999999999998e-1
    5.9999999999999998e-1 5.9999999999999998e-1 5.9999999999999998e-1
    5.9999999999999998e-1 5.9999999999999998e-1 5.9999999999999998e-1
    5.9999999999999998e-1 5.9999999999999998e-1 5.9999999999999998e-1
    5.9999999999999998e-1 5.9999999999999998e-1 5.9999999999999998e-1
    5.9999999999999998e-1 5.9999999999999998e-1 5.9999999999999998e-1
    5.9999999999999998e-1 5.9999999999999998e-1 5.9999999999999998e-1
    5.9999999999999998e-1 5.9999999999999998e-1 5.9999999999999998e-1
    5.9999999999999998e-1 5.9999999999999998e-1 5.9999999999999998e-1
    5.9999999999999998e-1 5.9999999999999998e-1 5.9999999999999998e-1
    5.9999999999999998e-1 5.9999999999999998e-1 5.9999999999999998e-1
    5.9999999999999998e-1 5.9999999999999998e-1 5.9999999999999998e-1
    5.9999999999999998e-1 5.9999999999999998e-1 5.9999999999999998e-1
    5.9999999999999998e-1 5.9999999999999998e-1 5.9999999999999998e-1
    5.9999999999999998e-1 5.9999999999999998e-1 5.9999999999999998e-1
    5.9999999999999998e-1 5.9999999999999998e-1 5.9999999999999998e-1
    5.9999999999999998e-1 5.9999999999999998e-1 5.9999999999999998e-1
    5.9999999999999998e-1 5.9999999999999998e-1 5.9999999999999998e-1
    5.9999999999999998e-1 5.9999999999999998e-1 5.9999999999999998e-1
    5.9999999999999998e-1 5.9999999999999998e-1 5.9999999999999998e-1
    5.9999999999999998e-1 5.9999999999999998e-1 5.9999999999999998e-1
    5.9999999999999998e-1 5.9999999999999998e-1 5.9999999999999998e-1
    5.9999999999999998e-1 5.9999999999999998e-1 5.9999999999999998e-1
    5.9999999999999998e-1 5.9999999999999998e-1 5.9999999999999998e-1
    5.9999999999999998e-1 5.9999999999999998e-1 5.9999999999999998e-1
    5.9999999999999998e-1 5.9999999999999998e-1 5.9999999999999998e-1
    5.9999999999999998e-1 5.9999999999999998e-1 5.9999999999999998e-1
    5.9999999999999998e-1 5.9999999999999998e-1 5.9999999999999998e-1
    5.9999999999999998e-1 5.9999999999999998e-1 5.9999999999999998e-1
    5.9999999999999998e-1 5.9999999999999998e-1 5.9999999999999998e-1
    5.9999999999999998e-1 5.9999999999999998e-1 5.9999999999999998e-1
    5.9999999999999998e-1 5.9999999999999998e-1 5.9999999999999998e-1
    5.9999999999999998e-1 5.9999999999999998e-1 5.9999999999999998e-1
    5.9999999999999998e-1 5.9999999999999998e-1 5.9999999999999998e-1
    5.9999999999999998e-1 5.9999999999999998e-1 5.9999999999999998e-1
    5.9999999999999998e-1 5.9999999999999998e-1 5.9999999999999998e-1
    5.9999999999999998e-1 5.9999999999999998e-1 5.9999999999999998e-1
    5.9999999999999998e-1 5.9999999999999998e-1 5.9999999999999998e-1
    5.9999999999999998e-1 5.9999999999999998e-1 5.9999999999999998e-1
    5.9999999999999998e-1 5.9999999999999998e-1 5.9999999999999998e-1
    5.9999999999999998e-1 5.9999999999999998e-1 5.9999999999999998e-1
    5.9999999999999998e-1 5.9999999999999998e-1 5.9999999999999998e-1
    5.9999999999999998e-1 5.9999999999999998e-1 5.9999999999999998e-1
    5.9999999999999998e-1 5.9999999999999998e-1 5.9999999999999998e-1
    5.9999999999999998e-1 5.9999999999999998e-1 5.9999999999999998e-1
    5.9999999999999998e-1 5.9999999999999998e-1 5.9999999999999998e-1
    5.9999999999999998e-1 5.9999999999999998e-1 5.9999999999999998e-1
    5.9999999999999998e-1 5.9999999999999998e-1 5.9999999999999998e-1
    5.9999999999999998e-1 5.9999999999999998e-1 5.9999999999999998e-1
    5.9999999999999998e-1 5.9999999999999998e-1 5.9999999999999998e-1
    5.9999999999999998e-1 5.9999999999999998e-1 5.9999999999999998e-1
    5.9999999999999998e-1 5.9999999999999998e-1 5.9999999999999998e-1
    5.9999999999999998e-1 5.9999999999999998e-1 5.9999999999999998e-1
    5.9999999999999998e-1 5.9999999999999998e-1 5.9999999999999998e-1
    5.9999999999999998e-1 5.9999999999999998e-1 5.9999999999999998e-1
    5.9999999999999998e-1 5.9999999999999998e-1 5.9999999999999998e-1
    5.9999999999999998e-1 5.9999999999999998e-1 5.9999999999999998e-1
    5.9999999999999998e-1 5.9999999999999998e-1 5.9999999999999998e-1
    5.9999999999999998e-1 5.9999999999999998e-1 5.9999999999999998e-1
    5.9999999999999998e-1 5.9999999999999998e-1 5.9999999999999998e-1
    5.9999999999999998e-1 5.9999999999999998e-1 5.9999999999999998e-1
    5.9999999999999998e-1 5.9999999999999998e-1 5.9999999999999998e-1
    5.9999999999999998e-1 5.9999999999999998e-1 5.9999999999999998e-1
    5.9999999999999998e-1 5.9999999999999998e-1 5.9999999999999998e-1
    5.9999999999999998e-1 5.9999999999999998e-1 5.9999999999999998e-1
    5.9999999999999998e-1 5.9999999999999998e-1 5.9999999999999998e-1
    5.9999999999999998e-1 5.9999999999999998e-1 5.9999999999999998e-1
    5.9999999999999998e-1 5.9999999999999998e-1 5.9999999999999998e-1
    5.9999999999999998e-1 5.9999999999999998e-1 5.9999999999999998e-1
    5.9999999999999998e-1 5.9999999999999998e-1 5.9999999999999998e-1
    5.9999999999999998e-1 5.9999999999999998e-1 5.9999999999999998e-1
    5.9999999999999998e-1 5.9999999999999998e-1 5.9999999999999998e-1
    5.9999999999999998e-1 5.9999999999999998e-1 5.9999999999999998e-1
    5.9999999999999998e-1 5.9999999999999998e-1 5.9999999999999998e-1
    5.9999999999999998e-1 5.9999999999999998e-1 5.9999999999999998e-1
    5.9999999999999998e-1 5.9999999999999998e-1 5.9999999999999998e-1
    5.9999999999999998e-1 5.9999999999999998e-1 5.9999999999999998e-1
    5.9999999999999998e-1 5.9999999999999998e-1 5.9999999999999998e-1
    5.9999999999999998e-1 5.9999999999999998e-1 5.9999999999999998e-1
    5.9999999999999998e-1 5.9999999999999998e-1 5.9999999999999998e-1
    5.9999999999999998e-1 5.9999999999999998e-1 5.9999999999999998e-1
    5.9999999999999998e-1 5.9999999999999998e-1 5.9999999999999998e-1
    5.9999999999999998e-1 5.9999999999999998e-1 5.9999999999999998e-1
    5.9999999999999998e-1 5.9999999999999998e-1 5.9999999999999998e-1
    5.9999999999999998e-1 5.9999999999999998e-1 5.9999999999999998e-1
    5.9999999999999998e-1 5.9999999999999998e-1 5.9999999999999998e-1
    5.9999999999999998e-1 5.9999999999999998e-1 5.9999999999999998e-1
    5.9999999999999998e-1 5.9999999999999998e-1 5.9999999999999998e-1
    5.9999999999999998e-1 5.9999999999999998e-1 5.9999999999999998e-1
    5.9999999999999998e-1 5.9999999999999998e-1 5.9999999999999998e-1
    5.9999999999999998e-1 5.9999999999999998e-1 5.9999999999999998e-1
    5.9999999999999998e-1 5.9999999999999998e-1 5.9999999999999998e-1
    5.9999999999999998e-1 5.9999999999999998e-1 5.9999999999999998e-1
    5.9999999999999998e-1 5.9999999999999998e-1 5.9999999999999998e-1
    5.9999999999999998e-1 5.9999999999999998e-1 5.9999999999999998e-1
    5.9999999999999998e-1 5.9999999999999998e-1 5.9999999999999998e-1
    5.9999999999999998e-1 5.9999999999999998e-1 5.9999999999999998e-1
    5.9999999999999998e-1 5.9999999999999998e-1 5.9999999999999998e-1
    5.9999999999999998e-1 5.9999999999999998e-1 5.9999999999999998e-1
    5.9999999999999998e-1 5.9999999999999998e-1 5.9999999999999998e-1
    5.9999999999999998e-1 5.9999999999999998e-1 5.9999999999999998e-1
    5.9999999999999998e-1 5.9999999999999998e-1 5.9999999999999998e-1
    5.9999999999999998e-1 5.9999999999999998e-1 5.9999999999999998e-1
    5.9999999999999998e-1 5.9999999999999998e-1 5.9999999999999998e-1
    5.9999999999999998e-1 5.9999999999999998e-1 5.9999999999999998e-1
    5.9999999999999998e-1 5.9999999999999998e-1 5.9999999999999998e-1
    5.9999999999999998e-1 5.9999999999999998e-1 5.9999999999999998e-1
    5.9999999999999998e-1 5.9999999999999998e-1 5.9999999999999998e-1
    5.9999999999999998e-1 5.9999999999999998e-1 5.9999999999999998e-1
    5.9999999999999998e-1 5.9999999999999998e-1 5.9999999999999998e-1
    5.9999999999999998e-1 5.9999999999999998e-1 5.9999999999999998e-1
    5.9999999999999998e-1 5.9999999999999998e-1 5.9999999999999998e-1
    5.9999999999999998e-1 5.9999999999999998e-1 5.9999999999999998e-1
    5.9999999999999998e-1 5.9999999999999998e-1 5.9999999999999998e-1
    5.9999999999999998e-1 5.9999999999999998e-1 5.9999999999999998e-1
    5.9999999999999998e-1 5.9999999999999998e-1 5.9999999999999998e-1
    5.9999999999999998e-1 5.9999999999999998e-1 5.9999999999999998e-1
    5.9999999999999998e-1 5.9999999999999998e-1 5.9999999999999998e-1
    5.9999999999999998e-1 5.9999999999999998e-1 5.9999999999999998e-1
    5.9999999999999998e-1 5.9999999999999998e-1 5.9999999999999998e-1
    5.9999999999999998e-1 5.9999999999999998e-1 5.9999999999999998e-1
    5.9999999999999998e-1 5.9999999999999998e-1 5.9999999999999998e-1
    5.9999999999999998e-1 5.9999999999999998e-1 5.9999999999999998e-1
    5.9999999999999998e-1 5.9999999999999998e-1 5.9999999999999998e-1
    5.9999999999999998e-1 5.9999999999999998e-1 5.9999999999999998e-1
    5.9999999999999998e-1 5.9999999999999998e-1 5.9999999999999998e-1
    5.9999999999999998e-1 5.9999999999999998e-1 5.9999999999999998e-1
    5.9999999999999998e-1 5.9999999999999998e-1 5.9999999999999998e-1
    5.9999999999999998e-1 5.9999999999999998e-1 5.9999999999999998e-1
    5.9999999999999998e-1 5.9999999999999998e-1 5.9999999999999998e-1
    5.9999999999999998e-1 5.9999999999999998e-1 5.9999999999999998e-1
    5.9999999999999998e-1 5.9999999999999998e-1 5.9999999999999998e-1
    5.9999999999999998e-1 5.9999999999999998e-1 5.9999999999999998e-1
    5.9999999999999998e-1 5.9999999999999998e-1 5.9999999999999998e-1
    5.9999999999999998e-1 5.9999999999999998e-1 5.9999999999999998e-1
    5.9999999999999998e-1 5.9999999999999998e-1 5.9999999999999998e-1
    5.9999999999999998e-1 5.9999999999999998e-1 5.9999999999999998e-1
    5.9999999999999998e-1 5.9999999999999998e-1 5.9999999999999998e-1
    5.9999999999999998e-1 5.9999999999999998e-1 5.9999999999999998e-1
    5.9999999999999998e-1 5.9999999999999998e-1 5.9999999999999998e-1
    5.9999999999999998e-1 5.9999999999999998e-1 5.9999999999999998e-1
    5.9999999999999998e-1 5.9999999999999998e-1 5.9999999999999998e-1
    5.9999999999999998e-1 5.9999999999999998e-1 5.9999999999999998e-1
    5.9999999999999998e-1 5.9999999999999998e-1 5.9999999999999998e-1
    5.9999999999999998e-1 5.9999999999999998e-1 5.9999999999999998e-1
    5.9999999999999998e-1 5.9999999999999998e-1 5.9999999999999998e-1
    5.9999999999999998e-1 5.9999999999999998e-1 5.9999999999999998e-1
    5.9999999999999998e-1 5.9999999999999998e-1 5.9999999999999998e-1
    5.9999999999999998e-1 5.9999999999999998e-1 5.9999999999999998e-1
    5.9999999999999998e-1 5.9999999999999998e-1 5.9999999999999998e-1
    5.9999999999999998e-1 5.9999999999999998e-1 5.9999999999999998e-1
    5.9999999999999998e-1 5.9999999999999998e-1 5.9999999999999998e-1
    5.9999999999999998e-1 5.9999999999999998e-1 5.9999999999999998e-1
    5.9999999999999998e-1 5.9999999999999998e-1 5.9999999999999998e-1
    5.9999999999999998e-1 5.9999999999999998e-1 5.9999999999999998e-1
    5.9999999999999998e-1 5.9999999999999998e-1 5.9999999999999998e-1
    5.9999999999999998e-1 5.9999999999999998e-1 5.9999999999999998e-1
    5.9999999999999998e-1 5.9999999999999998e-1 5.9999999999999998e-1
    5.9999999999999998e-1 5.9999999999999998e-1 5.9999999999999998e-1
    5.9999999999999998e-1 5.9999999999999998e-1 5.9999999999999998e-1
    5.9999999999999998e-1 5.9999999999999998e-1 5.9999999999999998e-1
    5.9999999999999998e-1 5.9999999999999998e-1 5.9999999999999998e-1
    5.9999999999999998e-1 5.9999999999999998e-1 5.9999999999999998e-1
    5.9999999999999998e-1 5.9999999999999998e-1 5.9999999999999998e-1
    5.9999999999999998e-1 5.9999999999999998e-1 5.9999999999999998e-1
    5.9999999999999998e-1 5.9999999999999998e-1 5.9999999999999998e-1
    5.9999999999999998e-1 5.9999999999999998e-1 5.9999999999999998e-1
    5.9999999999999998e-1 5.9999999999999998e-1 5.9999999999999998e-1
    5.9999999999999998e-1 5.9999999999999998e-1 5.9999999999999998e-1
    5.9999999999999998e-1 5.9999999999999998e-1 5.9999999999999998e-1
    5.9999999999999998e-1 5.9999999999999998e-1 5.9999999999999998e-1
    5.9999999999999998e-1 5.9999999999999998e-1 5.9999999999999998e-1
    5.9999999999999998e-1 5.9999999999999998e-1 5.9999999999999998e-1
    5.9999999999999998e-1 5.9999999999999998e-1 5.9999999999999998e-1
    5.9999999999999998e-1 5.9999999999999998e-1 5.9999999999999998e-1
    5.9999999999999998e-1 5.9999999999999998e-1 5.9999999999999998e-1
    5.9999999999999998e-1 5.9999999999999998e-1 5.9999999999999998e-1
    5.9999999999999998e-1 5.9999999999999998e-1 5.9999999999999998e-1
    5.9999999999999998e-1 5.9999999999999998e-1 5.9999999999999998e-1
    5.9999999999999998e-1 5.9999999999999998e-1 5.9999999999999998e-1
    5.9999999999999998e-1 5.9999999999999998e-1 5.9999999999999998e-1
    5.9999999999999998e-1 5.9999999999999998e-1 5.9999999999999998e-1
    5.9999999999999998e-1 5.9999999999999998e-1 5.9999999999999998e-1
    5.9999999999999998e-1 5.9999999999999998e-1 5.9999999999999998e-1
    5.9999999999999998e-1 5.9999999999999998e-1 5.9999999999999998e-1
    5.9999999999999998e-1 5.9999999999999998e-1 5.9999999999999998e-1
    5.9999999999999998e-1 5.9999999999999998e-1 5.9999999999999998e-1
    5.9999999999999998e-1 5.9999999999999998e-1 5.9999999999999998e-1
    5.9999999999999998e-1 5.9999999999999998e-1 5.9999999999999998e-1
    5.9999999999999998e-1 5.9999999999999998e-1 5.9999999999999998e-1
    5.9999999999999998e-1 5.9999999999999998e-1 5.9999999999999998e-1
    5.9999999999999998e-1 5.9999999999999998e-1 5.9999999999999998e-1
    5.9999999999999998e-1 5.9999999999999998e-1 5.9999999999999998e-1
    5.9999999999999998e-1 5.9999999999999998e-1 5.9999999999999998e-1
    5.9999999999999998e-1 5.9999999999999998e-1 5.9999999999999998e-1
    5.9999999999999998e-1 5.9999999999999998e-1 5.9999999999999998e-1
    5.9999999999999998e-1 5.9999999999999998e-1 5.9999999999999998e-1
    5.9999999999999998e-1 5.9999999999999998e-1 5.9999999999999998e-1
    5.9999999999999998e-1 5.9999999999999998e-1 5.9999999999999998e-1
    5.9999999999999998e-1 5.9999999999999998e-1 5.9999999999999998e-1
    5.9999999999999998e-1 5.9999999999999998e-1 5.9999999999999998e-1
    5.9999999999999998e-1 5.9999999999999998e-1 5.9999999999999998e-1
    5.9999999999999998e-1 5.9999999999999998e-1 5.9999999999999998e-1
    5.9999999999999998e-1 5.9999999999999998e-1 5.9999999999999998e-1
    5.9999999999999998e-1 5.9999999999999998e-1 5.9999999999999998e-1
    5.9999999999999998e-1 5.9999999999999998e-1 5.9999999999999998e-1
    5.9999999999999998e-1 5.9999999999999998e-1 5.9999999999999998e-1
    5.9999999999999998e-1 5.9999999999999998e-1 5.9999999999999998e-1
    5.9999999999999998e-1 5.9999999999999998e-1 5.9999999999999998e-1
    5.9999999999999998e-1 5.9999999999999998e-1 5.9999999999999998e-1
    5.9999999999999998e-1 5.9999999999999998e-1 5.9999999999999998e-1
    5.9999999999999998e-1 5.9999999999999998e-1 5.9999999999999998e-1
    5.9999999999999998e-1 5.9999999999999998e-1 5.9999999999999998e-1
    5.9999999999999998e-1 5.9999999999999998e-1 5.9999999999999998e-1
    5.9999999999999998e-1 5.9999999999999998e-1 5.9999999999999998e-1
    5.9999999999999998e-1 5.9999999999999998e-1 5.9999999999999998e-1
    5.9999999999999998e-1 5.9999999999999998e-1 5.9999999999999998e-1
    5.9999999999999998e-1 5.9999999999999998e-1 5.9999999999999998e-1
    5.9999999999999998e-1 5.9999999999999998e-1 5.9999999999999998e-1
    5.9999999999999998e-1 5.9999999999999998e-1 5.9999999999999998e-1
    5.9999999999999998e-1 5.9999999999999998e-1 5.9999999999999998e-1
    5.9999999999999998e-1 5.9999999999999998e-1 5.9999999999999998e-1
    5.9999999999999998e-1 5.9999999999999998e-1 5.9999999999999998e-1
    5.9999999999999998e-1 5.9999999999999998e-1 5.9999999999999998e-1
    5.9999999999999998e-1 5.9999999999999998e-1 5.9999999999999998e-1
    5.9999999999999998e-1 5.9999999999999998e-1 5.9999999999999998e-1
    5.9999999999999998e-1 5.9999999999999998e-1 5.9999999999999998e-1
    5.9999999999999998e-1 5.9999999999999998e-1 5.9999999999999998e-1
    5.9999999999999998e-1 5.9999999999999998e-1 5.9999999999999998e-1
    5.9999999999999998e-1 5.9999999999999998e-1 5.9999999999999998e-1
    5.9999999999999998e-1 5.9999999999999998e-1 5.9999999999999998e-1
    5.9999999999999998e-1 5.9999999999999998e-1 5.9999999999999998e-1
    5.9999999999999998e-1 5.9999999999999998e-1 5.9999999999999998e-1
    5.9999999999999998e-1 5.9999999999999998e-1 5.9999999999999998e-1
    5.9999999999999998e-1 5.9999999999999998e-1 5.9999999999999998e-1
    5.9999999999999998e-1 5.9999999999999998e-1 5.9999999999999998e-1
    5.9999999999999998e-1 5.9999999999999998e-1 5.9999999999999998e-1
    5.9999999999999998e-1 5.9999999999999998e-1 5.9999999999999998e-1
    5.9999999999999998e-1 5.9999999999999998e-1 5.9999999999999998e-1
    5.9999999999999998e-1 5.9999999999999998e-1 5.9999999999999998e-1
    5.9999999999999998e-1 5.9999999999999998e-1 5.9999999999999998e-1
    5.9999999999999998e-1 5.9999999999999998e-1 5.9999999999999998e-1
    5.9999999999999998e-1 5.9999999999999998e-1 5.9999999999999998e-1
    5.9999999999999998e-1 5.9999999999999998e-1 5.9999999999999998e-1
    5.9999999999999998e-1 5.9999999999999998e-1 5.9999999999999998e-1
    5.9999999999999998e-1 5.9999999999999998e-1 5.9999999999999998e-1
    5.9999999999999998e-1 5.9999999999999998e-1 5.9999999999999998e-1
    5.9999999999999998e-1 5.9999999999999998e-1 5.9999999999999998e-1
    5.9999999999999998e-1 5.9999999999999998e-1 5.9999999999999998e-1
    5.9999999999999998e-1 5.9999999999999998e-1 5.9999999999999998e-1
    5.9999999999999998e-1 5.9999999999999998e-1 5.9999999999999998e-1
    5.9999999999999998e-1 5.9999999999999998e-1 5.9999999999999998e-1
    5.9999999999999998e-1 5.9999999999999998e-1 5.9999999999999998e-1
    5.9999999999999998e-1 5.9999999999999998e-1 5.9999999999999998e-1
    5.9999999999999998e-1 5.9999999999999998e-1 5.9999999999999998e-1
    5.9999999999999998e-1 5.9999999999999998e-1 5.9999999999999998e-1
    5.9999999999999998e-1 5.9999999999999998e-1 5.9999999999999998e-1
    5.9999999999999998e-1 5.9999999999999998e-1 5.9999999999999998e-1
    5.9999999999999998e-1 5.9999999999999998e-1 5.9999999999999998e-1
    5.9999999999999998e-1 5.9999999999999998e-1 5.9999999999999998e-1
    5.9999999999999998e-1 5.9999999999999998e-1 5.9999999999999998e-1
    5.9999999999999998e-1 5.9999999999999998e-1 5.9999999999999998e-1
    5.9999999999999998e-1 5.9999999999999998e-1 5.9999999999999998e-1
    5.9999999999999998e-1 5.9999999999999998e-1 5.9999999999999998e-1
    5.9999999999999998e-1 5.9999999999999998e-1 5.9999999999999998e-1
    5.9999999999999998e-1 5.9999999999999998e-1 5.9999999999999998e-1
    5.9999999999999998e-1 5.9999999999999998e-1 5.9999999999999998e-1
    5.9999999999999998e-1 5.9999999999999998e-1 5.9999999999999998e-1
    5.9999999999999998e-1 5.9999999999999998e-1 5.9999999999999998e-1
    5.9999999999999998e-1 5.9999999999999998e-1 5.9999999999999998e-1
    5.9999999999999998e-1 5.9999999999999998e-1 5.9999999999999998e-1
    5.9999999999999998e-1 5.9999999999999998e-1 5.9999999999999998e-1
    5.9999999999999998e-1 5.9999999999999998e-1 5.9999999999999998e-1
    5.9999999999999998e-1 5.9999999999999998e-1 5.9999999999999998e-1
    5.9999999999999998e-1 5.9999999999999998e-1 5.9999999999999998e-1
    5.9999999999999998e-1 5.9999999999999998e-1 5.9999999999999998e-1
    5.9999999999999998e-1 5.9999999999999998e-1 5.9999999999999998e-1
    5.9999999999999998e-1 5.9999999999999998e-1 5.9999999999999998e-1
    5.9999999999999998e-1 5.9999999999999998e-1 5.9999999999999998e-1
    5.9999999999999998e-1 5.9999999999999998e-1 5.9999999999999998e-1
    5.9999999999999998e-1 5.9999999999999998e-1 5.9999999999999998e-1
    5.9999999999999998e-1 5.9999999999999998e-1 5.9999999999999998e-1
    5.9999999999999998e-1 5.9999999999999998e-1 5.9999999999999998e-1
    5.9999999999999998e-1 5.9999999999999998e-1 5.9999999999999998e-1
    5.9999999999999998e-1 5.9999999999999998e-1 5.9999999999999998e-1
    5.9999999999999998e-1 5.9999999999999998e-1 5.9999999999999998e-1
    5.9999999999999998e-1 5.9999999999999998e-1 5.9999999999999998e-1
    5.9999999999999998e-1 5.9999999999999998e-1 5.9999999999999998e-1
    5.9999999999999998e-1 5.9999999999999998e-1 5.9999999999999998e-1
    5.9999999999999998e-1 5.9999999999999998e-1 5.9999999999999998e-1
    5.9999999999999998e-1 5.9999999999999998e-1 5.9999999999999998e-1
    5.9999999999999998e-1 5.9999999999999998e-1 5.9999999999999998e-1
    5.9999999999999998e-1 5.9999999999999998e-1 5.9999999999999998e-1
    5.9999999999999998e-1 5.9999999999999998e-1 5.9999999999999998e-1
    5.9999999999999998e-1 5.9999999999999998e-1 5.9999999999999998e-1
    5.9999999999999998e-1 5.9999999999999998e-1 5.9999999999999998e-1
    5.9999999999999998e-1 5.9999999999999998e-1 5.9999999999999998e-1
    5.9999999999999998e-1 5.9999999999999998e-1 5.9999999999999998e-1
    5.9999999999999998e-1 5.9999999999999998e-1 5.9999999999999998e-1
    5.9999999999999998e-1 5.9999999999999998e-1 5.9999999999999998e-1
    5.9999999999999998e-1 5.9999999999999998e-1 5.9999999999999998e-1
    5.9999999999999998e-1 5.9999999999999998e-1 5.9999999999999998e-1
    5.9999999999999998e-1 5.9999999999999998e-1 5.9999999999999998e-1
    5.9999999999999998e-1 5.9999999999999998e-1 5.9999999999999998e-1
    5.9999999999999998e-1 5.9999999999999998e-1 5.9999999999999998e-1
    5.9999999999999998e-1 5.9999999999999998e-1 5.9999999999999998e-1
    5.9999999999999998e-1 5.9999999999999998e-1 5.9999999999999998e-1
    5.9999999999999998e-1 5.9999999999999998e-1 5.9999999999999998e-1
    5.9999999999999998e-1 5.9999999999999998e-1 5.9999999999999998e-1
    5.9999999999999998e-1 5.9999999999999998e-1 5.9999999999999998e-1
    5.9999999999999998e-1 5.9999999999999998e-1 5.9999999999999998e-1
    5.9999999999999998e-1 5.9999999999999998e-1 5.9999999999999998e-1
    5.9999999999999998e-1 5.9999999999999998e-1 5.9999999999999998e-1
    5.9999999999999998e-1 5.9999999999999998e-1 5.9999999999999998e-1
    5.9999999999999998e-1 5.9999999999999998e-1 5.9999999999999998e-1
    5.9999999999999998e-1 5.9999999999999998e-1 5.9999999999999998e-1
    5.9999999999999998e-1 5.9999999999999998e-1 5.9999999999999998e-1
    5.9999999999999998e-1 5.9999999999999998e-1 5.9999999999999998e-1
    5.9999999999999998e-1 5.9999999999999998e-1 5.9999999999999998e-1
    5.9999999999999998e-1 5.9999999999999998e-1 5.9999999999999998e-1
    5.9999999999999998e-1 5.9999999999999998e-1 5.9999999999999998e-1
    5.9999999999999998e-1 5.9999999999999998e-1 5.9999999999999998e-1
    5.9999999999999998e-1 5.9999999999999998e-1 5.9999999999999998e-1
    5.9999999999999998e-1 5.9999999999999998e-1 5.9999999999999998e-1
    5.9999999999999998e-1 5.9999999999999998e-1 5.9999999999999998e-1
    5.9999999999999998e-1 5.9999999999999998e-1 5.9999999999999998e-1
    5.9999999999999998e-1 5.9999999999999998e-1 5.9999999999999998e-1
    5.9999999999999998e-1 5.9999999999999998e-1 5.9999999999999998e-1
    5.9999999999999998e-1 5.9999999999999998e-1 5.9999999999999998e-1
    5.9999999999999998e-1 5.9999999999999998e-1 5.9999999999999998e-1
    5.9999999999999998e-1 5.9999999999999998e-1 5.9999999999999998e-1
    5.9999999999999998e-1 5.9999999999999998e-1 5.9999999999999998e-1
    5.9999999999999998e-1 5.9999999999999998e-1 5.9999999999999998e-1
    5.9999999999999998e-1 5.9999999999999998e-1 5.9999999999999998e-1
    5.9999999999999998e-1 5.9999999999999998e-1 5.9999999999999998e-1
    5.9999999999999998e-1 5.9999999999999998e-1 5.9999999999999998e-1
    5.9999999999999998e-1 5.9999999999999998e-1 5.9999999999999998e-1
    5.9999999999999998e-1 5.9999999999999998e-1 5.9999999999999998e-1
    5.9999999999999998e-1 5.9999999999999998e-1 5.9999999999999998e-1
    5.9999999999999998e-1 5.9999999999999998e-1 5.9999999999999998e-1
    5.9999999999999998e-1 5.9999999999999998e-1 5.9999999999999998e-1
    5.9999999999999998e-1 5.9999999999999998e-1 5.9999999999999998e-1
    5.9999999999999998e-1 5.9999999999999998e-1 5.9999999999999998e-1
    5.9999999999999998e-1 5.9999999999999998e-1 5.9999999999999998e-1
    5.9999999999999998e-1 5.9999999999999998e-1 5.9999999999999998e-1
    5.9999999999999998e-1 5.9999999999999998e-1 5.9999999999999998e-1
    5.9999999999999998e-1 5.9999999999999998e-1 5.9999999999999998e-1
    5.9999999999999998e-1 5.9999999999999998e-1 5.9999999999999998e-1
    5.9999999999999998e-1 5.9999999999999998e-1 5.9999999999999998e-1
    5.9999999999999998e-1 5.9999999999999998e-1 5.9999999999999998e-1
    5.9999999999999998e-1 5.9999999999999998e-1 5.9999999999999998e-1
    5.9999999999999998e-1 5.9999999999999998e-1 5.9999999999999998e-1
    5.9999999999999998e-1 5.9999999999999998e-1 5.9999999999999998e-1
    5.9999999999999998e-1 5.9999999999999998e-1 5.9999999999999998e-1
    5.9999999999999998e-1 5.9999999999999998e-1 5.9999999999999998e-1
    5.9999999999999998e-1 5.9999999999999998e-1 5.9999999999999998e-1
    5.9999999999999998e-1 5.9999999999999998e-1 5.9999999999999998e-1
    5.9999999999999998e-1 5.9999999999999998e-1 5.9999999999999998e-1
    5.9999999999999998e-1 5.9999999999999998e-1 5.9999999999999998e-1
    5.9999999999999998e-1 5.9999999999999998e-1 5.9999999999999998e-1
    5.9999999999999998e-1 5.9999999999999998e-1 5.9999999999999998e-1
    5.9999999999999998e-1 5.9999999999999998e-1 5.9999999999999998e-1
    5.9999999999999998e-1 5.9999999999999998e-1 5.9999999999999998e-1
    5.9999999999999998e-1 5.9999999999999998e-1 5.9999999999999998e-1
    5.9999999999999998e-1 5.9999999999999998e-1 5.9999999999999998e-1
    5.9999999999999998e-1 5.9999999999999998e-1 5.9999999999999998e-1
    5.9999999999999998e-1 5.9999999999999998e-1 5.9999999999999998e-1
    5.9999999999999998e-1 5.9999999999999998e-1 5.9999999999999998e-1
    5.9999999999999998e-1 5.9999999999999998e-1 5.9999999999999998e-1
    5.9999999999999998e-1 5.9999999999999998e-1 5.9999999999999998e-1
    5.9999999999999998e-1 5.9999999999999998e-1 5.9999999999999998e-1
    5.9999999999999998e-1 5.9999999999999998e-1 5.9999999999999998e-1
    5.9999999999999998e-1 5.9999999999999998e-1 5.9999999999999998e-1
    5.9999999999999998e-1 5.9999999999999998e-1 5.9999999999999998e-1
    5.9999999999999998e-1 5.9999999999999998e-1 5.9999999999999998e-1
    5.9999999999999998e-1 5.9999999999999998e-1 5.9999999999999998e-1
    5.9999999999999998e-1 5.9999999999999998e-1 5.9999999999999998e-1
    5.9999999999999998e-1 5.9999999999999998e-1 5.9999999999999998e-1
    5.9999999999999998e-1 5.9999999999999998e-1 5.9999999999999998e-1
    5.9999999999999998e-1 5.9999999999999998e-1 5.9999999999999998e-1
    5.9999999999999998e-1 5.9999999999999998e-1 5.9999999999999998e-1
    5.9999999999999998e-1 5.9999999999999998e-1 5.9999999999999998e-1
    5.9999999999999998e-1 5.9999999999999998e-1 5.9999999999999998e-1
    5.9999999999999998e-1 5.9999999999999998e-1 5.9999999999999998e-1
    5.9999999999999998e-1 5.9999999999999998e-1 5.9999999999999998e-1
    5.9999999999999998e-1 5.9999999999999998e-1 5.9999999999999998e-1
    5.9999999999999998e-1 5.9999999999999998e-1 5.9999999999999998e-1
    5.9999999999999998e-1 5.9999999999999998e-1 5.9999999999999998e-1
    5.9999999999999998e-1 5.9999999999999998e-1 5.9999999999999998e-1
    5.9999999999999998e-1 5.9999999999999998e-1 5.9999999999999998e-1
    5.9999999999999998e-1 5.9999999999999998e-1 5.9999999999999998e-1
    5.9999999999999998e-1 5.9999999999999998e-1 5.9999999999999998e-1
    5.9999999999999998e-1 5.9999999999999998e-1 5.9999999999999998e-1
    5.9999999999999998e-1 5.9999999999999998e-1 5.9999999999999998e-1
    5.9999999999999998e-1 5.9999999999999998e-1 5.9999999999999998e-1
    5.9999999999999998e-1 5.9999999999999998e-1 5.9999999999999998e-1
    5.9999999999999998e-1 5.9999999999999998e-1 5.9999999999999998e-1
    5.9999999999999998e-1 5.9999999999999998e-1 5.9999999999999998e-1
    5.9999999999999998e-1 5.9999999999999998e-1 5.9999999999999998e-1
    5.9999999999999998e-1 5.9999999999999998e-1 5.9999999999999998e-1
    5.9999999999999998e-1 5.9999999999999998e-1 5.9999999999999998e-1
    5.9999999999999998e-1 5.9999999999999998e-1 5.9999999999999998e-1
    5.9999999999999998e-1 5.9999999999999998e-1 5.9999999999999998e-1
    5.9999999999999998e-1 5.9999999999999998e-1 5.9999999999999998e-1
    5.9999999999999998e-1 5.9999999999999998e-1 5.9999999999999998e-1
    5.9999999999999998e-1 5.9999999999999998e-1 5.9999999999999998e-1
    5.9999999999999998e-1 5.9999999999999998e-1 5.9999999999999998e-1
    5.9999999999999998e-1 5.9999999999999998e-1 5.9999999999999998e-1
    5.9999999999999998e-1 5.9999999999999998e-1 5.9999999999999998e-1
    5.9999999999999998e-1 5.9999999999999998e-1 5.9999999999999998e-1
    5.9999999999999998e-1 5.9999999999999998e-1 5.9999999999999998e-1
    5.9999999999999998e-1 5.9999999999999998e-1 5.9999999999999998e-1
    5.9999999999999998e-1 5.9999999999999998e-1 5.9999999999999998e-1
    5.9999999999999998e-1 5.9999999999999998e-1 5.9999999999999998e-1
    5.9999999999999998e-1 5.9999999999999998e-1 5.9999999999999998e-1
    5.9999999999999998e-1 5.9999999999999998e-1 5.9999999999999998e-1
    5.9999999999999998e-1 5.9999999999999998e-1 5.9999999999999998e-1
    5.9999999999999998e-1 5.9999999999999998e-1 5.9999999999999998e-1
    5.9999999999999998e-1 5.9999999999999998e-1 5.9999999999999998e-1
    5.9999999999999998e-1 5.9999999999999998e-1 5.9999999999999998e-1
    5.9999999999999998e-1 5.9999999999999998e-1 5.9999999999999998e-1
    5.9999999999999998e-1 5.9999999999999998e-1 5.9999999999999998e-1
    5.9999999999999998e-1 5.9999999999999998e-1 5.9999999999999998e-1
    5.9999999999999998e-1 5.9999999999999998e-1 5.9999999999999998e-1
    5.9999999999999998e-1 5.9999999999999998e-1 5.9999999999999998e-1
    5.9999999999999998e-1 5.9999999999999998e-1 5.9999999999999998e-1
    5.9999999999999998e-1 5.9999999999999998e-1 5.9999999999999998e-1
    5.9999999999999998e-1 5.9999999999999998e-1 5.9999999999999998e-1
    5.9999999999999998e-1 5.9999999999999998e-1 5.9999999999999998e-1
    5.9999999999999998e-1 5.9999999999999998e-1 5.9999999999999998e-1
    5.9999999999999998e-1 5.9999999999999998e-1 5.9999999999999998e-1
    5.9999999999999998e-1 5.9999999999999998e-1 5.9999999999999998e-1
    5.9999999999999998e-1 5.9999999999999998e-1 5.9999999999999998e-1
    5.9999999999999998e-1 5.9999999999999998e-1 5.9999999999999998e-1
    5.9999999999999998e-1 5.9999999999999998e-1 5.9999999999999998e-1
    5.9999999999999998e-1 5.9999999999999998e-1 5.9999999999999998e-1
    5.9999999999999998e-1 5.9999999999999998e-1 5.9999999999999998e-1
    5.9999999999999998e-1 5.9999999999999998e-1 5.9999999999999998e-1
    5.9999999999999998e-1 5.9999999999999998e-1 5.9999999999999998e-1
    5.9999999999999998e-1 5.9999999999999998e-1 5.9999999999999998e-1
    5.9999999999999998e-1 5.9999999999999998e-1 5.9999999999999998e-1
    5.9999999999999998e-1 5.9999999999999998e-1 5.9999999999999998e-1
    5.9999999999999998e-1 5.9999999999999998e-1 5.9999999999999998e-1
    5.9999999999999998e-1 5.9999999999999998e-1 5.9999999999999998e-1
    5.9999999999999998e-1 5.9999999999999998e-1 5.9999999999999998e-1
    5.9999999999999998e-1 5.9999999999999998e-1 5.9999999999999998e-1
    5.9999999999999998e-1 5.9999999999999998e-1 5.9999999999999998e-1
    5.9999999999999998e-1 5.9999999999999998e-1 5.9999999999999998e-1
    5.9999999999999998e-1 5.9999999999999998e-1 5.9999999999999998e-1
    5.9999999999999998e-1 5.9999999999999998e-1 5.9999999999999998e-1
    5.9999999999999998e-1 5.9999999999999998e-1 5.9999999999999998e-1
    5.9999999999999998e-1 5.9999999999999998e-1 5.9999999999999998e-1
    5.9999999999999998e-1 5.9999999999999998e-1 5.9999999999999998e-1
    5.9999999999999998e-1 5.9999999999999998e-1 5.9999999999999998e-1
    5.9999999999999998e-1 5.9999999999999998e-1 5.9999999999999998e-1
    5.9999999999999998e-1 5.9999999999999998e-1 5.9999999999999998e-1
    5.9999999999999998e-1 5.9999999999999998e-1 5.9999999999999998e-1
    5.9999999999999998e-1 5.9999999999999998e-1 5.9999999999999998e-1
    5.9999999999999998e-1 5.9999999999999998e-1 5.9999999999999998e-1
    5.9999999999999998e-1 5.9999999999999998e-1 5.9999999999999998e-1
    5.9999999999999998e-1 5.9999999999999998e-1 5.9999999999999998e-1
    5.9999999999999998e-1 5.9999999999999998e-1 5.9999999999999998e-1
    5.9999999999999998e-1 5.9999999999999998e-1 5.9999999999999998e-1
    5.9999999999999998e-1 5.9999999999999998e-1 5.9999999999999998e-1
    5.9999999999999998e-1 5.9999999999999998e-1 5.9999999999999998e-1
    5.9999999999999998e-1 5.9999999999999998e-1 5.9999999999999998e-1
    5.9999999999999998e-1 5.9999999999999998e-1 5.9999999999999998e-1
    5.9999999999999998e-1 5.9999999999999998e-1 5.9999999999999998e-1
    5.9999999999999998e-1 5.9999999999999998e-1 5.9999999999999998e-1
    5.9999999999999998e-1 5.9999999999999998e-1 5.9999999999999998e-1
    5.9999999999999998e-1 5.9999999999999998e-1 5.9999999999999998e-1
    5.9999999999999998e-1 5.9999999999999998e-1 5.9999999999999998e-1
    5.9999999999999998e-1 5.9999999999999998e-1 5.9999999999999998e-1
    5.9999999999999998e-1 5.9999999999999998e-1 5.9999999999999998e-1
    5.9999999999999998e-1 5.9999999999999998e-1 5.9999999999999998e-1
    5.9999999999999998e-1 5.9999999999999998e-1 5.9999999999999998e-1
    5.9999999999999998e-1 5.9999999999999998e-1 5.9999999999999998e-1
    5.9999999999999998e-1 5.9999999999999998e-1 5.9999999999999998e-1
    5.9999999999999998e-1 5.9999999999999998e-1 5.9999999999999998e-1
    5.9999999999999998e-1 5.9999999999999998e-1 5.9999999999999998e-1
    5.9999999999999998e-1 5.9999999999999998e-1 5.9999999999999998e-1
    5.9999999999999998e-1 5.9999999999999998e-1 5.9999999999999998e-1
    5.9999999999999998e-1 5.9999999999999998e-1 5.9999999999999998e-1
    5.9999999999999998e-1 5.9999999999999998e-1 5.9999999999999998e-1
    5.9999999999999998e-1 5.9999999999999998e-1 5.9999999999999998e-1
    5.9999999999999998e-1 5.9999999999999998e-1 5.9999999999999998e-1
    5.9999999999999998e-1 5.9999999999999998e-1 5.9999999999999998e-1
    5.9999999999999998e-1 5.9999999999999998e-1 5.9999999999999998e-1
    5.9999999999999998e-1 5.9999999999999998e-1 5.9999999999999998e-1
    5.9999999999999998e-1 5.9999999999999998e-1 5.9999999999999998e-1
    5.9999999999999998e-1 5.9999999999999998e-1 5.9999999999999998e-1
    5.9999999999999998e-1 5.9999999999999998e-1 5.9999999999999998e-1
    5.9999999999999998e-1 5.9999999999999998e-1 5.9999999999999998e-1
    5.9999999999999998e-1 5.9999999999999998e-1 5.9999999999999998e-1
    5.9999999999999998e-1 5.9999999999999998e-1 5.9999999999999998e-1
    5.9999999999999998e-1 5.9999999999999998e-1 5.9999999999999998e-1
    5.9999999999999998e-1 5.9999999999999998e-1 5.9999999999999998e-1
    5.9999999999999998e-1 5.9999999999999998e-1 5.9999999999999998e-1
    5.9999999999999998e-1 5.9999999999999998e-1 5.9999999999999998e-1
    5.9999999999999998e-1 5.9999999999999998e-1 5.9999999999999998e-1
    5.9999999999999998e-1 5.9999999999999998e-1 5.9999999999999998e-1
    5.9999999999999998e-1 5.9999999999999998e-1 5.9999999999999998e-1
    5.9999999999999998e-1 5.9999999999999998e-1 5.9999999999999998e-1
    5.9999999999999998e-1 5.9999999999999998e-1 5.9999999999999998e-1
    5.9999999999999998e-1 5.9999999999999998e-1 5.9999999999999998e-1
    5.9999999999999998e-1 5.9999999999999998e-1 5.9999999999999998e-1
    5.9999999999999998e-1 5.9999999999999998e-1 5.9999999999999998e-1
    5.9999999999999998e-1 5.9999999999999998e-1 5.9999999999999998e-1
    5.9999999999999998e-1 5.9999999999999998e-1 5.9999999999999998e-1
    5.9999999999999998e-1 5.9999999999999998e-1 5.9999999999999998e-1
    5.9999999999999998e-1 5.9999999999999998e-1 5.9999999999999998e-1
    5.9999999999999998e-1 5.9999999999999998e-1 5.9999999999999998e-1
    5.9999999999999998e-1 5.9999999999999998e-1 5.9999999999999998e-1
    5.9999999999999998e-1 5.9999999999999998e-1 5.9999999999999998e-1
    5.9999999999999998e-1 5.9999999999999998e-1 5.9999999999999998e-1
    5.9999999999999998e-1 5.9999999999999998e-1 5.9999999999999998e-1
    5.9999999999999998e-1 5.9999999999999998e-1 5.9999999999999998e-1
    5.9999999999999998e-1 5.9999999999999998e-1 5.9999999999999998e-1
    5.9999999999999998e-1 5.9999999999999998e-1 5.9999999999999998e-1
    5.9999999999999998e-1 5.9999999999999998e-1 5.9999999999999998e-1
    5.9999999999999998e-1 5.9999999999999998e-1 5.9999999999999998e-1
    5.9999999999999998e-1 5.9999999999999998e-1 5.9999999999999998e-1
    5.9999999999999998e-1 5.9999999999999998e-1 5.9999999999999998e-1
    5.9999999999999998e-1 5.9999999999999998e-1 5.9999999999999998e-1
    5.9999999999999998e-1 5.9999999999999998e-1 5.9999999999999998e-1
    5.9999999999999998e-1 5.9999999999999998e-1 5.9999999999999998e-1
    5.9999999999999998e-1 5.9999999999999998e-1 5.9999999999999998e-1
    5.9999999999999998e-1 5.9999999999999998e-1 5.9999999999999998e-1
    5.9999999999999998e-1 5.9999999999999998e-1 5.9999999999999998e-1
    5.9999999999999998e-1 5.9999999999999998e-1 5.9999999999999998e-1
    5.9999999999999998e-1 5.9999999999999998e-1 5.9999999999999998e-1
    5.9999999999999998e-1 5.9999999999999998e-1 5.9999999999999998e-1
    5.9999999999999998e-1 5.9999999999999998e-1 5.9999999999999998e-1
    5.9999999999999998e-1 5.9999999999999998e-1 5.9999999999999998e-1
    5.9999999999999998e-1 5.9999999999999998e-1 5.9999999999999998e-1
    5.9999999999999998e-1 5.9999999999999998e-1 5.9999999999999998e-1
    5.9999999999999998e-1 5.9999999999999998e-1 5.9999999999999998e-1
    5.9999999999999998e-1 5.9999999999999998e-1 5.9999999999999998e-1
    5.9999999999999998e-1 5.9999999999999998e-1 5.9999999999999998e-1
    5.9999999999999998e-1 5.9999999999999998e-1 5.9999999999999998e-1
    5.9999999999999998e-1 5.9999999999999998e-1 5.9999999999999998e-1
    5.9999999999999998e-1 5.9999999999999998e-1 5.9999999999999998e-1
    5.9999999999999998e-1 5.9999999999999998e-1 5.9999999999999998e-1
    5.9999999999999998e-1 5.9999999999999998e-1 5.9999999999999998e-1
    5.9999999999999998e-1 5.9999999999999998e-1 5.9999999999999998e-1
    5.9999999999999998e-1 5.9999999999999998e-1 5.9999999999999998e-1
    5.9999999999999998e-1 5.9999999999999998e-1 5.9999999999999998e-1
    5.9999999999999998e-1 5.9999999999999998e-1 5.9999999999999998e-1
    5.9999999999999998e-1 5.9999999999999998e-1 5.9999999999999998e-1
    5.9999999999999998e-1 5.9999999999999998e-1 5.9999999999999998e-1
    5.9999999999999998e-1 5.9999999999999998e-1 5.9999999999999998e-1
    5.9999999999999998e-1 5.9999999999999998e-1 5.9999999999999998e-1
    5.9999999999999998e-1 5.9999999999999998e-1 5.9999999999999998e-1
    5.9999999999999998e-1 5.9999999999999998e-1 5.9999999999999998e-1
    5.9999999999999998e-1 5.9999999999999998e-1 5.9999999999999998e-1
    5.9999999999999998e-1 5.9999999999999998e-1 5.9999999999999998e-1
    5.9999999999999998e-1 5.9999999999999998e-1 5.9999999999999998e-1
    5.9999999999999998e-1 5.9999999999999998e-1 5.9999999999999998e-1
    5.9999999999999998e-1 5.9999999999999998e-1 5.9999999999999998e-1
    5.9999999999999998e-1 5.9999999999999998e-1 5.9999999999999998e-1
    5.9999999999999998e-1 5.9999999999999998e-1 5.9999999999999998e-1
    5.9999999999999998e-1 5.9999999999999998e-1 5.9999999999999998e-1
    5.9999999999999998e-1 5.9999999999999998e-1 5.9999999999999998e-1
    5.9999999999999998e-1 5.9999999999999998e-1 5.9999999999999998e-1
    5.9999999999999998e-1 5.9999999999999998e-1 5.9999999999999998e-1
    5.9999999999999998e-1 5.9999999999999998e-1 5.9999999999999998e-1
    5.9999999999999998e-1 5.9999999999999998e-1 5.9999999999999998e-1
    5.9999999999999998e-1 5.9999999999999998e-1 5.9999999999999998e-1
    5.9999999999999998e-1 5.9999999999999998e-1 5.9999999999999998e-1
    5.9999999999999998e-1 5.9999999999999998e-1 5.9999999999999998e-1
    5.9999999999999998e-1 5.9999999999999998e-1 5.9999999999999998e-1
    5.9999999999999998e-1 5.9999999999999998e-1 5.9999999999999998e-1
    5.9999999999999998e-1 5.9999999999999998e-1 5.9999999999999998e-1
    5.9999999999999998e-1 5.9999999999999998e-1 5.9999999999999998e-1
    5.9999999999999998e-1 5.9999999999999998e-1 5.9999999999999998e-1
    5.9999999999999998e-1 5.9999999999999998e-1 5.9999999999999998e-1
    5.9999999999999998e-1 5.9999999999999998e-1 5.9999999999999998e-1
    5.9999999999999998e-1 5.9999999999999998e-1 5.9999999999999998e-1
    5.9999999999999998e-1 5.9999999999999998e-1 5.9999999999999998e-1
    5.9999999999999998e-1 5.9999999999999998e-1 5.9999999999999998e-1
    5.9999999999999998e-1 5.9999999999999998e-1 5.9999999999999998e-1
    5.9999999999999998e-1 5.9999999999999998e-1 5.9999999999999998e-1
    5.9999999999999998e-1 5.9999999999999998e-1 5.9999999999999998e-1
    5.9999999999999998e-1 5.9999999999999998e-1 5.9999999999999998e-1
    5.9999999999999998e-1 5.9999999999999998e-1 5.9999999999999998e-1
    5.9999999999999998e-1 5.9999999999999998e-1 5.9999999999999998e-1
    5.9999999999999998e-1 5.9999999999999998e-1 5.9999999999999998e-1
    5.9999999999999998e-1 5.9999999999999998e-1 5.9999999999999998e-1
    5.9999999999999998e-1 5.9999999999999998e-1 5.9999999999999998e-1
    5.9999999999999998e-1 5.9999999999999998e-1 5.9999999999999998e-1
    5.9999999999999998e-1 5.9999999999999998e-1 5.9999999999999998e-1
    5.9999999999999998e-1 5.9999999999999998e-1 5.9999999999999998e-1
    5.9999999999999998e-1 5.9999999999999998e-1 5.9999999999999998e-1
    5.9999999999999998e-1 5.9999999999999998e-1 5.9999999999999998e-1
    5.9999999999999998e-1 5.9999999999999998e-1 5.9999999999999998e-1
    5.9999999999999998e-1 5.9999999999999998e-1 5.9999999999999998e-1
    5.9999999999999998e-1 5.9999999999999998e-1 5.9999999999999998e-1
    5.9999999999999998e-1 5.9999999999999998e-1 5.9999999999999998e-1
    5.9999999999999998e-1 5.9999999999999998e-1 5.9999999999999998e-1
    5.9999999999999998e-1 5.9999999999999998e-1 5.9999999999999998e-1
    5.9999999999999998e-1 5.9999999999999998e-1 5.9999999999999998e-1
    5.9999999999999998e-1 5.9999999999999998e-1 5.9999999999999998e-1
    5.9999999999999998e-1 5.9999999999999998e-1 5.9999999999999998e-1
    5.9999999999999998e-1 5.9999999999999998e-1 5.9999999999999998e-1
    5.9999999999999998e-1 5.9999999999999998e-1 5.9999999999999998e-1
    5.9999999999999998e-1 5.9999999999999998e-1 5.9999999999999998e-1
    5.9999999999999998e-1 5.9999999999999998e-1 5.9999999999999998e-1
    5.9999999999999998e-1 5.9999999999999998e-1 5.9999999999999998e-1
    5.9999999999999998e-1 5.9999999999999998e-1 5.9999999999999998e-1
    5.9999999999999998e-1 5.9999999999999998e-1 5.9999999999999998e-1
    5.9999999999999998e-1 5.9999999999999998e-1 5.9999999999999998e-1
    5.9999999999999998e-1 5.9999999999999998e-1 5.9999999999999998e-1
    5.9999999999999998e-1 5.9999999999999998e-1 5.9999999999999998e-1
    5.9999999999999998e-1 5.9999999999999998e-1 5.9999999999999998e-1
    5.9999999999999998e-1 5.9999999999999998e-1 5.9999999999999998e-1
    5.9999999999999998e-1 5.9999999999999998e-1 5.9999999999999998e-1
    5.9999999999999998e-1 5.9999999999999998e-1 5.9999999999999998e-1
    5.9999999999999998e-1 5.9999999999999998e-1 5.9999999999999998e-1
    5.9999999999999998e-1 5.9999999999999998e-1 5.9999999999999998e-1
    5.9999999999999998e-1 5.9999999999999998e-1 5.9999999999999998e-1
    5.9999999999999998e-1 5.9999999999999998e-1 5.9999999999999998e-1
    5.9999999999999998e-1 5.9999999999999998e-1 5.9999999999999998e-1
    5.9999999999999998e-1 5.9999999999999998e-1 5.9999999999999998e-1
    5.9999999999999998e-1 5.9999999999999998e-1 5.9999999999999998e-1
    5.9999999999999998e-1 5.9999999999999998e-1 5.9999999999999998e-1
    5.9999999999999998e-1 5.9999999999999998e-1 5.9999999999999998e-1
    5.9999999999999998e-1 5.9999999999999998e-1 5.9999999999999998e-1
    5.9999999999999998e-1 5.9999999999999998e-1 5.9999999999999998e-1
    5.9999999999999998e-1 5.9999999999999998e-1 5.9999999999999998e-1
    5.9999999999999998e-1 5.9999999999999998e-1 5.9999999999999998e-1
    5.9999999999999998e-1 5.9999999999999998e-1 5.9999999999999998e-1
    5.9999999999999998e-1 5.9999999999999998e-1 5.9999999999999998e-1
    5.9999999999999998e-1 5.9999999999999998e-1 5.9999999999999998e-1
    5.9999999999999998e-1 5.9999999999999998e-1 5.9999999999999998e-1
    5.9999999999999998e-1 5.9999999999999998e-1 5.9999999999999998e-1
    5.9999999999999998e-1 5.9999999999999998e-1 5.9999999999999998e-1
    5.9999999999999998e-1 5.9999999999999998e-1 5.9999999999999998e-1
    5.9999999999999998e-1 5.9999999999999998e-1 5.9999999999999998e-1
    5.9999999999999998e-1 5.9999999999999998e-1 5.9999999999999998e-1
    5.9999999999999998e-1 5.9999999999999998e-1 5.9999999999999998e-1
    5.9999999999999998e-1 5.9999999999999998e-1 5.9999999999999998e-1
    5.9999999999999998e-1 5.9999999999999998e-1 5.9999999999999998e-1
    5.9999999999999998e-1 5.9999999999999998e-1 5.9999999999999998e-1
    5.9999999999999998e-1 5.9999999999999998e-1 5.9999999999999998e-1
    5.9999999999999998e-1 5.9999999999999998e-1 5.9999999999999998e-1
    5.9999999999999998e-1 5.9999999999999998e-1 5.9999999999999998e-1
    5.9999999999999998e-1 5.9999999999999998e-1 5.9999999999999998e-1
    5.9999999999999998e-1 5.9999999999999998e-1 5.9999999999999998e-1
    5.9999999999999998e-1 5.9999999999999998e-1 5.9999999999999998e-1
    5.9999999999999998e-1 5.9999999999999998e-1 5.9999999999999998e-1
    5.9999999999999998e-1 5.9999999999999998e-1 5.9999999999999998e-1
    5.9999999999999998e-1 5.9999999999999998e-1 5.9999999999999998e-1
    5.9999999999999998e-1 5.9999999999999998e-1 5.9999999999999998e-1
    5.9999999999999998e-1 5.9999999999999998e-1 5.9999999999999998e-1
    5.9999999999999998e-1 5.9999999999999998e-1 5.9999999999999998e-1
    5.9999999999999998e-1 5.9999999999999998e-1 5.9999999999999998e-1
    5.9999999999999998e-1 5.9999999999999998e-1 5.9999999999999998e-1
    5.9999999999999998e-1 5.9999999999999998e-1 5.9999999999999998e-1
    5.9999999999999998e-1 5.9999999999999998e-1 5.9999999999999998e-1
    5.9999999999999998e-1 5.9999999999999998e-1 5.9999999999999998e-1
    5.9999999999999998e-1 5.9999999999999998e-1 5.9999999999999998e-1
    5.9999999999999998e-1 5.9999999999999998e-1 5.9999999999999998e-1
    5.9999999999999998e-1 5.9999999999999998e-1 5.9999999999999998e-1
    5.9999999999999998e-1 5.9999999999999998e-1 5.9999999999999998e-1
    5.9999999999999998e-1 5.9999999999999998e-1 5.9999999999999998e-1
    5.9999999999999998e-1 5.9999999999999998e-1 5.9999999999999998e-1
    5.9999999999999998e-1 5.9999999999999998e-1 5.9999999999999998e-1
    5.9999999999999998e-1 5.9999999999999998e-1 5.9999999999999998e-1
    5.9999999999999998e-1 5.9999999999999998e-1 5.9999999999999998e-1
    5.9999999999999998e-1 5.9999999999999998e-1 5.9999999999999998e-1
    5.9999999999999998e-1 5.9999999999999998e-1 5.9999999999999998e-1
    5.9999999999999998e-1 5.9999999999999998e-1 5.9999999999999998e-1
    5.9999999999999998e-1 5.9999999999999998e-1 5.9999999999999998e-1
    5.9999999999999998e-1 5.9999999999999998e-1 5.9999999999999998e-1
    5.9999999999999998e-1 5.9999999999999998e-1 5.9999999999999998e-1
    5.9999999999999998e-1 5.9999999999999998e-1 5.9999999999999998e-1
    5.9999999999999998e-1 5.9999999999999998e-1 5.9999999999999998e-1
    5.9999999999999998e-1 5.9999999999999998e-1 5.9999999999999998e-1
    5.9999999999999998e-1 5.9999999999999998e-1 5.9999999999999998e-1
    5.9999999999999998e-1 5.9999999999999998e-1 5.9999999999999998e-1
    5.9999999999999998e-1 5.9999999999999998e-1 5.9999999999999998e-1
    5.9999999999999998e-1 5.9999999999999998e-1 5.9999999999999998e-1
    5.9999999999999998e-1 5.9999999999999998e-1 5.9999999999999998e-1
    5.9999999999999998e-1 5.9999999999999998e-1 5.9999999999999998e-1
    5.9999999999999998e-1 5.9999999999999998e-1 5.9999999999999998e-1
    5.9999999999999998e-1 5.9999999999999998e-1 5.9999999999999998e-1
    5.9999999999999998e-1 5.9999999999999998e-1 5.9999999999999998e-1
    5.9999999999999998e-1 5.9999999999999998e-1 5.9999999999999998e-1
    5.9999999999999998e-1 5.9999999999999998e-1 5.9999999999999998e-1
    5.9999999999999998e-1 5.9999999999999998e-1 5.9999999999999998e-1
    5.9999999999999998e-1 5.9999999999999998e-1 5.9999999999999998e-1
    5.9999999999999998e-1 5.9999999999999998e-1 5.9999999999999998e-1
    5.9999999999999998e-1 5.9999999999999998e-1 5.9999999999999998e-1
    5.9999999999999998e-1 5.9999999999999998e-1 5.9999999999999998e-1
    5.9999999999999998e-1 5.9999999999999998e-1 5.9999999999999998e-1
    5.9999999999999998e-1 5.9999999999999998e-1 5.9999999999999998e-1
    5.9999999999999998e-1 5.9999999999999998e-1 5.9999999999999998e-1
    5.9999999999999998e-1 5.9999999999999998e-1 5.9999999999999998e-1
    5.9999999999999998e-1 5.9999999999999998e-1 5.9999999999999998e-1
    5.9999999999999998e-1 5.9999999999999998e-1 5.9999999999999998e-1
    5.9999999999999998e-1 5.9999999999999998e-1 5.9999999999999998e-1
    5.9999999999999998e-1 5.9999999999999998e-1 5.9999999999999998e-1
    5.9999999999999998e-1 5.9999999999999998e-1 5.9999999999999998e-1
    5.9999999999999998e-1 5.9999999999999998e-1 5.9999999999999998e-1
    5.9999999999999998e-1 5.9999999999999998e-1 5.9999999999999998e-1
    5.9999999999999998e-1 5.9999999999999998e-1 5.9999999999999998e-1
    5.9999999999999998e-1 5.9999999999999998e-1 5.9999999999999998e-1
    5.9999999999999998e-1 5.9999999999999998e-1 5.9999999999999998e-1
    5.9999999999999998e-1 5.9999999999999998e-1 5.9999999999999998e-1
    5.9999999999999998e-1 5.9999999999999998e-1 5.9999999999999998e-1
    5.9999999999999998e-1 5.9999999999999998e-1 5.9999999999999998e-1
    5.9999999999999998e-1 5.9999999999999998e-1 5.9999999999999998e-1
    5.9999999999999998e-1 5.9999999999999998e-1 5.9999999999999998e-1
    5.9999999999999998e-1 5.9999999999999998e-1 5.9999999999999998e-1
    5.9999999999999998e-1 5.9999999999999998e-1 5.9999999999999998e-1
    5.9999999999999998e-1 5.9999999999999998e-1 5.9999999999999998e-1
    5.9999999999999998e-1 5.9999999999999998e-1 5.9999999999999998e-1
    5.9999999999999998e-1 5.9999999999999998e-1 5.9999999999999998e-1
    5.9999999999999998e-1 5.9999999999999998e-1 5.9999999999999998e-1
    5.9999999999999998e-1 5.9999999999999998e-1 5.9999999999999998e-1
    5.9999999999999998e-1 5.9999999999999998e-1 5.9999999999999998e-1
    5.9999999999999998e-1 5.9999999999999998e-1 5.9999999999999998e-1
    5.9999999999999998e-1 5.9999999999999998e-1 5.9999999999999998e-1
    5.9999999999999998e-1 5.9999999999999998e-1 5.9999999999999998e-1
    5.9999999999999998e-1 5.9999999999999998e-1 5.9999999999999998e-1
    5.9999999999999998e-1 5.9999999999999998e-1 5.9999999999999998e-1
    5.9999999999999998e-1 5.9999999999999998e-1 5.9999999999999998e-1
    5.9999999999999998e-1 5.9999999999999998e-1 5.9999999999999998e-1
    5.9999999999999998e-1 5.9999999999999998e-1 5.9999999999999998e-1
    5.9999999999999998e-1 5.9999999999999998e-1 5.9999999999999998e-1
    5.9999999999999998e-1 5.9999999999999998e-1 5.9999999999999998e-1
    5.9999999999999998e-1 5.9999999999999998e-1 5.9999999999999998e-1
    5.9999999999999998e-1 5.9999999999999998e-1 5.9999999999999998e-1
    5.9999999999999998e-1 5.9999999999999998e-1 5.9999999999999998e-1
    5.9999999999999998e-1 5.9999999999999998e-1 5.9999999999999998e-1
    5.9999999999999998e-1 5.9999999999999998e-1 5.9999999999999998e-1
    5.9999999999999998e-1 5.9999999999999998e-1 5.9999999999999998e-1
    5.9999999999999998e-1 5.9999999999999998e-1 5.9999999999999998e-1
    5.9999999999999998e-1 5.9999999999999998e-1 5.9999999999999998e-1
    5.9999999999999998e-1 5.9999999999999998e-1 5.9999999999999998e-1
    5.9999999999999998e-1 5.9999999999999998e-1 5.9999999999999998e-1
    5.9999999999999998e-1 5.9999999999999998e-1 5.9999999999999998e-1
    5.9999999999999998e-1 5.9999999999999998e-1 5.9999999999999998e-1
    5.9999999999999998e-1 5.9999999999999998e-1 5.9999999999999998e-1
    5.9999999999999998e-1 5.9999999999999998e-1 5.9999999999999998e-1
    5.9999999999999998e-1 5.9999999999999998e-1 5.9999999999999998e-1
    5.9999999999999998e-1 5.9999999999999998e-1 5.9999999999999998e-1
    5.9999999999999998e-1 5.9999999999999998e-1 5.9999999999999998e-1
    5.9999999999999998e-1 5.9999999999999998e-1 5.9999999999999998e-1
    5.9999999999999998e-1 5.9999999999999998e-1 5.9999999999999998e-1
    5.9999999999999998e-1 5.9999999999999998e-1 5.9999999999999998e-1
    5.9999999999999998e-1 5.9999999999999998e-1 5.9999999999999998e-1
    5.9999999999999998e-1 5.9999999999999998e-1 5.9999999999999998e-1
    5.9999999999999998e-1 5.9999999999999998e-1 5.9999999999999998e-1
    5.9999999999999998e-1 5.9999999999999998e-1 5.9999999999999998e-1
    5.9999999999999998e-1 5.9999999999999998e-1 5.9999999999999998e-1
    5.9999999999999998e-1 5.9999999999999998e-1 5.9999999999999998e-1
    5.9999999999999998e-1 5.9999999999999998e-1 5.9999999999999998e-1
    5.9999999999999998e-1 5.9999999999999998e-1 5.9999999999999998e-1
    5.9999999999999998e-1 5.9999999999999998e-1 5.9999999999999998e-1
    5.9999999999999998e-1 5.9999999999999998e-1 5.9999999999999998e-1
    5.9999999999999998e-1 5.9999999999999998e-1 5.9999999999999998e-1
    5.9999999999999998e-1 5.9999999999999998e-1 5.9999999999999998e-1
    5.9999999999999998e-1 5.9999999999999998e-1 5.9999999999999998e-1
    5.9999999999999998e-1 5.9999999999999998e-1 5.9999999999999998e-1
    5.9999999999999998e-1 5.9999999999999998e-1 5.9999999999999998e-1
    5.9999999999999998e-1 5.9999999999999998e-1 5.9999999999999998e-1
    5.9999999999999998e-1 5.9999999999999998e-1 5.9999999999999998e-1
    5.9999999999999998e-1 5.9999999999999998e-1 5.9999999999999998e-1
    5.9999999999999998e-1 5.9999999999999998e-1 5.9999999999999998e-1
    5.9999999999999998e-1 5.9999999999999998e-1 5.9999999999999998e-1
    5.9999999999999998e-1 5.9999999999999998e-1 5.9999999999999998e-1
    5.9999999999999998e-1 5.9999999999999998e-1 5.9999999999999998e-1
    5.9999999999999998e-1 5.9999999999999998e-1 5.9999999999999998e-1
    5.9999999999999998e-1 5.9999999999999998e-1 5.9999999999999998e-1
    5.9999999999999998e-1 5.9999999999999998e-1 5.9999999999999998e-1
    5.9999999999999998e-1 5.9999999999999998e-1 5.9999999999999998e-1
    5.9999999999999998e-1 5.9999999999999998e-1 5.9999999999999998e-1
    5.9999999999999998e-1 5.9999999999999998e-1 5.9999999999999998e-1
    5.9999999999999998e-1 5.9999999999999998e-1 5.9999999999999998e-1
    5.9999999999999998e-1 5.9999999999999998e-1 5.9999999999999998e-1
    5.9999999999999998e-1 5.9999999999999998e-1 5.9999999999999998e-1
    5.9999999999999998e-1 5.9999999999999998e-1 5.9999999999999998e-1
    5.9999999999999998e-1 5.9999999999999998e-1 5.9999999999999998e-1
    5.9999999999999998e-1 5.9999999999999998e-1 5.9999999999999998e-1
    5.9999999999999998e-1 5.9999999999999998e-1 5.9999999999999998e-1
    5.9999999999999998e-1 5.9999999999999998e-1 5.9999999999999998e-1
    5.9999999999999998e-1 5.9999999999999998e-1 5.9999999999999998e-1
    5.9999999999999998e-1 5.9999999999999998e-1 5.9999999999999998e-1
    5.9999999999999998e-1 5.9999999999999998e-1 5.9999999999999998e-1
    5.9999999999999998e-1 5.9999999999999998e-1 5.9999999999999998e-1
    5.9999999999999998e-1 5.9999999999999998e-1 5.9999999999999998e-1
    5.9999999999999998e-1 5.9999999999999998e-1 5.9999999999999998e-1
    5.9999999999999998e-1 5.9999999999999998e-1 5.9999999999999998e-1
    5.9999999999999998e-1 5.9999999999999998e-1 5.9999999999999998e-1
    5.9999999999999998e-1 5.9999999999999998e-1 5.9999999999999998e-1
    5.9999999999999998e-1 5.9999999999999998e-1 5.9999999999999998e-1
    5.9999999999999998e-1 5.9999999999999998e-1 5.9999999999999998e-1
    5.9999999999999998e-1 5.9999999999999998e-1 5.9999999999999998e-1
    5.9999999999999998e-1 5.9999999999999998e-1 5.9999999999999998e-1
    5.9999999999999998e-1 5.9999999999999998e-1 5.9999999999999998e-1
    5.9999999999999998e-1 5.9999999999999998e-1 5.9999999999999998e-1
    5.9999999999999998e-1 5.9999999999999998e-1 5.9999999999999998e-1
    5.9999999999999998e-1 5.9999999999999998e-1 5.9999999999999998e-1
    5.9999999999999998e-1 5.9999999999999998e-1 5.9999999999999998e-1
    5.9999999999999998e-1 5.9999999999999998e-1 5.9999999999999998e-1
    5.9999999999999998e-1 5.9999999999999998e-1 5.9999999999999998e-1
    5.9999999999999998e-1 5.9999999999999998e-1 5.9999999999999998e-1
    5.9999999999999998e-1 5.9999999999999998e-1 5.9999999999999998e-1
    5.9999999999999998e-1 5.9999999999999998e-1 5.9999999999999998e-1
    5.9999999999999998e-1 5.9999999999999998e-1 5.9999999999999998e-1
    5.9999999999999998e-1 5.9999999999999998e-1 5.9999999999999998e-1
    5.9999999999999998e-1 5.9999999999999998e-1 5.9999999999999998e-1
    5.9999999999999998e-1 5.9999999999999998e-1 5.9999999999999998e-1
    5.9999999999999998e-1 5.9999999999999998e-1 5.9999999999999998e-1
    5.9999999999999998e-1 5.9999999999999998e-1 5.9999999999999998e-1
    5.9999999999999998e-1 5.9999999999999998e-1 5.9999999999999998e-1
    5.9999999999999998e-1 5.9999999999999998e-1 5.9999999999999998e-1
    5.9999999999999998e-1 5.9999999999999998e-1 5.9999999999999998e-1
    5.9999999999999998e-1 5.9999999999999998e-1 5.9999999999999998e-1
    5.9999999999999998e-1 5.9999999999999998e-1 5.9999999999999998e-1
    5.9999999999999998e-1 5.9999999999999998e-1 5.9999999999999998e-1
    5.9999999999999998e-1 5.9999999999999998e-1 5.9999999999999998e-1
    5.9999999999999998e-1 5.9999999999999998e-1 5.9999999999999998e-1
    5.9999999999999998e-1 5.9999999999999998e-1 5.9999999999999998e-1
    5.9999999999999998e-1 5.9999999999999998e-1 5.9999999999999998e-1
    5.9999999999999998e-1 5.9999999999999998e-1 5.9999999999999998e-1
    5.9999999999999998e-1 5.9999999999999998e-1 5.9999999999999998e-1
    5.9999999999999998e-1 5.9999999999999998e-1 5.9999999999999998e-1
    5.9999999999999998e-1 5.9999999999999998e-1 5.9999999999999998e-1
    5.9999999999999998e-1 5.9999999999999998e-1 5.9999999999999998e-1
    5.9999999999999998e-1 5.9999999999999998e-1 5.9999999999999998e-1
    5.9999999999999998e-1 5.9999999999999998e-1 5.9999999999999998e-1
    5.9999999999999998e-1 5.9999999999999998e-1 5.9999999999999998e-1
    5.9999999999999998e-1 5.9999999999999998e-1 5.9999999999999998e-1
    5.9999999999999998e-1 5.9999999999999998e-1 5.9999999999999998e-1
    5.9999999999999998e-1 5.9999999999999998e-1 5.9999999999999998e-1
    5.9999999999999998e-1 5.9999999999999998e-1 5.9999999999999998e-1
    5.9999999999999998e-1 5.9999999999999998e-1 5.9999999999999998e-1
    5.9999999999999998e-1 5.9999999999999998e-1 5.9999999999999998e-1
    5.9999999999999998e-1 5.9999999999999998e-1 5.9999999999999998e-1
    5.9999999999999998e-1 5.9999999999999998e-1 5.9999999999999998e-1
    5.9999999999999998e-1 5.9999999999999998e-1 5.9999999999999998e-1
    5.9999999999999998e-1 5.9999999999999998e-1 5.9999999999999998e-1
    5.9999999999999998e-1 5.9999999999999998e-1 5.9999999999999998e-1
    5.9999999999999998e-1 5.9999999999999998e-1 5.9999999999999998e-1
    5.9999999999999998e-1 5.9999999999999998e-1 5.9999999999999998e-1
    5.9999999999999998e-1 5.9999999999999998e-1 5.9999999999999998e-1
    5.9999999999999998e-1 5.9999999999999998e-1 5.9999999999999998e-1
    5.9999999999999998e-1 5.9999999999999998e-1 5.9999999999999998e-1
    5.9999999999999998e-1 5.9999999999999998e-1 5.9999999999999998e-1
    5.9999999999999998e-1 5.9999999999999998e-1 5.9999999999999998e-1
    5.9999999999999998e-1 5.9999999999999998e-1 5.9999999999999998e-1
    5.9999999999999998e-1 5.9999999999999998e-1 5.9999999999999998e-1
    5.9999999999999998e-1 5.9999999999999998e-1 5.9999999999999998e-1
    5.9999999999999998e-1 5.9999999999999998e-1 5.9999999999999998e-1
    5.9999999999999998e-1 5.9999999999999998e-1 5.9999999999999998e-1
    5.9999999999999998e-1 5.9999999999999998e-1 5.9999999999999998e-1
    5.9999999999999998e-1 5.9999999999999998e-1 5.9999999999999998e-1
    5.9999999999999998e-1 5.9999999999999998e-1 5.9999999999999998e-1
    5.9999999999999998e-1 5.9999999999999998e-1 5.9999999999999998e-1
    5.9999999999999998e-1 5.9999999999999998e-1 5.9999999999999998e-1
    5.9999999999999998e-1 5.9999999999999998e-1 5.9999999999999998e-1
    5.9999999999999998e-1 5.9999999999999998e-1 5.9999999999999998e-1
    5.9999999999999998e-1 5.9999999999999998e-1 5.9999999999999998e-1
    5.9999999999999998e-1 5.9999999999999998e-1 5.9999999999999998e-1
    5.9999999999999998e-1 5.9999999999999998e-1 5.9999999999999998e-1
    5.9999999999999998e-1 5.9999999999999998e-1 5.9999999999999998e-1
    5.9999999999999998e-1 5.9999999999999998e-1 5.9999999999999998e-1
    5.9999999999999998e-1 5.9999999999999998e-1 5.9999999999999998e-1
    5.9999999999999998e-1 5.9999999999999998e-1 5.9999999999999998e-1
    5.9999999999999998e-1 5.9999999999999998e-1 5.9999999999999998e-1
    5.9999999999999998e-1 5.9999999999999998e-1 5.9999999999999998e-1
    5.9999999999999998e-1 5.9999999999999998e-1 5.9999999999999998e-1
    5.9999999999999998e-1 5.9999999999999998e-1 5.9999999999999998e-1
    5.9999999999999998e-1 5.9999999999999998e-1 5.9999999999999998e-1
    5.9999999999999998e-1 5.9999999999999998e-1 5.9999999999999998e-1
    5.9999999999999998e-1 5.9999999999999998e-1 5.9999999999999998e-1
    5.9999999999999998e-1 5.9999999999999998e-1 5.9999999999999998e-1
    5.9999999999999998e-1 5.9999999999999998e-1 5.9999999999999998e-1
    5.9999999999999998e-1 5.9999999999999998e-1 5.9999999999999998e-1
    5.9999999999999998e-1 5.9999999999999998e-1 5.9999999999999998e-1
    5.9999999999999998e-1 5.9999999999999998e-1 5.9999999999999998e-1
    5.9999999999999998e-1 5.9999999999999998e-1 5.9999999999999998e-1
    5.9999999999999998e-1 5.9999999999999998e-1 5.9999999999999998e-1
    5.9999999999999998e-1 5.9999999999999998e-1 5.9999999999999998e-1
    5.9999999999999998e-1 5.9999999999999998e-1 5.9999999999999998e-1
    5.9999999999999998e-1 5.9999999999999998e-1 5.9999999999999998e-1
    5.9999999999999998e-1 5.9999999999999998e-1 5.9999999999999998e-1
    5.9999999999999998e-1 5.9999999999999998e-1 5.9999999999999998e-1
    5.9999999999999998e-1 5.9999999999999998e-1 5.9999999999999998e-1
    5.9999999999999998e-1 5.9999999999999998e-1 5.9999999999999998e-1
    5.9999999999999998e-1 5.9999999999999998e-1 5.9999999999999998e-1
    5.9999999999999998e-1 5.9999999999999998e-1 5.9999999999999998e-1
    5.9999999999999998e-1 5.9999999999999998e-1 5.9999999999999998e-1
    5.9999999999999998e-1 5.9999999999999998e-1 5.9999999999999998e-1
    5.9999999999999998e-1 5.9999999999999998e-1 5.9999999999999998e-1
    5.9999999999999998e-1 5.9999999999999998e-1 5.9999999999999998e-1
    5.9999999999999998e-1 5.9999999999999998e-1 5.9999999999999998e-1
    5.9999999999999998e-1 5.9999999999999998e-1 5.9999999999999998e-1
    5.9999999999999998e-1 5.9999999999999998e-1 5.9999999999999998e-1
    5.9999999999999998e-1 5.9999999999999998e-1 5.9999999999999998e-1
    5.9999999999999998e-1 5.9999999999999998e-1 5.9999999999999998e-1
    5.9999999999999998e-1 5.9999999999999998e-1 5.9999999999999998e-1
    5.9999999999999998e-1 5.9999999999999998e-1 5.9999999999999998e-1
    5.9999999999999998e-1 5.9999999999999998e-1 5.9999999999999998e-1
    5.9999999999999998e-1 5.9999999999999998e-1 5.9999999999999998e-1
    5.9999999999999998e-1 5.9999999999999998e-1 5.9999999999999998e-1
    5.9999999999999998e-1 5.9999999999999998e-1 5.9999999999999998e-1
    5.9999999999999998e-1 5.9999999999999998e-1 5.9999999999999998e-1
    5.9999999999999998e-1 5.9999999999999998e-1 5.9999999999999998e-1
    5.9999999999999998e-1 5.9999999999999998e-1 5.9999999999999998e-1
    5.9999999999999998e-1 5.9999999999999998e-1 5.9999999999999998e-1
    5.9999999999999998e-1 5.9999999999999998e-1 5.9999999999999998e-1
    5.9999999999999998e-1 5.9999999999999998e-1 5.9999999999999998e-1
    5.9999999999999998e-1 5.9999999999999998e-1 5.9999999999999998e-1
    5.9999999999999998e-1 5.9999999999999998e-1 5.9999999999999998e-1
    5.9999999999999998e-1 5.9999999999999998e-1 5.9999999999999998e-1
    5.9999999999999998e-1 5.9999999999999998e-1 5.9999999999999998e-1
    5.9999999999999998e-1 5.9999999999999998e-1 5.9999999999999998e-1
    5.9999999999999998e-1 5.9999999999999998e-1 5.9999999999999998e-1
    5.9999999999999998e-1 5.9999999999999998e-1 5.9999999999999998e-1
    5.9999999999999998e-1 5.9999999999999998e-1 5.9999999999999998e-1
    5.9999999999999998e-1 5.9999999999999998e-1 5.9999999999999998e-1
    5.9999999999999998e-1 5.9999999999999998e-1 5.9999999999999998e-1
    5.9999999999999998e-1 5.9999999999999998e-1 5.9999999999999998e-1
    5.9999999999999998e-1 5.9999999999999998e-1 5.9999999999999998e-1
    5.9999999999999998e-1 5.9999999999999998e-1 5.9999999999999998e-1
    5.9999999999999998e-1 5.9999999999999998e-1 5.9999999999999998e-1
    5.9999999999999998e-1 5.9999999999999998e-1 5.9999999999999998e-1
    5.9999999999999998e-1 5.9999999999999998e-1 5.9999999999999998e-1
    5.9999999999999998e-1 5.9999999999999998e-1 5.9999999999999998e-1
    5.9999999999999998e-1 5.9999999999999998e-1 5.9999999999999998e-1
    5.9999999999999998e-1 5.9999999999999998e-1 5.9999999999999998e-1
    5.9999999999999998e-1 5.9999999999999998e-1 5.9999999999999998e-1
    5.9999999999999998e-1 5.9999999999999998e-1 5.9999999999999998e-1
    5.9999999999999998e-1 5.9999999999999998e-1 5.9999999999999998e-1
    5.9999999999999998e-1 5.9999999999999998e-1 5.9999999999999998e-1
    5.9999999999999998e-1 5.9999999999999998e-1 5.9999999999999998e-1
    5.9999999999999998e-1 5.9999999999999998e-1 5.9999999999999998e-1
    5.9999999999999998e-1 5.9999999999999998e-1 5.9999999999999998e-1
    5.9999999999999998e-1 5.9999999999999998e-1 5.9999999999999998e-1
    5.9999999999999998e-1 5.9999999999999998e-1 5.9999999999999998e-1
    5.9999999999999998e-1 5.9999999999999998e-1 5.9999999999999998e-1
    5.9999999999999998e-1 5.9999999999999998e-1 5.9999999999999998e-1
    5.9999999999999998e-1 5.9999999999999998e-1 5.9999999999999998e-1
    5.9999999999999998e-1 5.9999999999999998e-1 5.9999999999999998e-1
    5.9999999999999998e-1 5.9999999999999998e-1 5.9999999999999998e-1
    5.9999999999999998e-1 5.9999999999999998e-1 5.9999999999999998e-1
    5.9999999999999998e-1 5.9999999999999998e-1 5.9999999999999998e-1
    5.9999999999999998e-1 5.9999999999999998e-1 5.9999999999999998e-1
    5.9999999999999998e-1 5.9999999999999998e-1 5.9999999999999998e-1
    5.9999999999999998e-1 5.9999999999999998e-1 5.9999999999999998e-1
    5.9999999999999998e-1 5.9999999999999998e-1 5.9999999999999998e-1
    5.9999999999999998e-1 5.9999999999999998e-1 5.9999999999999998e-1
    5.9999999999999998e-1 5.9999999999999998e-1 5.9999999999999998e-1
    5.9999999999999998e-1 5.9999999999999998e-1 5.9999999999999998e-1
    5.9999999999999998e-1 5.9999999999999998e-1 5.9999999999999998e-1
    5.9999999999999998e-1 5.9999999999999998e-1 5.9999999999999998e-1
    5.9999999999999998e-1 5.9999999999999998e-1 5.9999999999999998e-1
    5.9999999999999998e-1 5.9999999999999998e-1 5.9999999999999998e-1
    5.9999999999999998e-1 5.9999999999999998e-1 5.9999999999999998e-1
    5.9999999999999998e-1 5.9999999999999998e-1 5.9999999999999998e-1
    5.9999999999999998e-1 5.9999999999999998e-1 5.9999999999999998e-1
    5.9999999999999998e-1 5.9999999999999998e-1 5.9999999999999998e-1
    5.9999999999999998e-1 5.9999999999999998e-1 5.9999999999999998e-1
    5.9999999999999998e-1 5.9999999999999998e-1 5.9999999999999998e-1
    5.9999999999999998e-1 5.9999999999999998e-1 5.9999999999999998e-1
    5.9999999999999998e-1 5.9999999999999998e-1 5.9999999999999998e-1
    5.9999999999999998e-1 5.9999999999999998e-1 5.9999999999999998e-1
    5.9999999999999998e-1 5.9999999999999998e-1 5.9999999999999998e-1
    5.9999999999999998e-1 5.9999999999999998e-1 5.9999999999999998e-1
    5.9999999999999998e-1 5.9999999999999998e-1 5.9999999999999998e-1
    5.9999999999999998e-1 5.9999999999999998e-1 5.9999999999999998e-1
    5.9999999999999998e-1 5.9999999999999998e-1 5.9999999999999998e-1
    5.9999999999999998e-1 5.9999999999999998e-1 5.9999999999999998e-1
    5.9999999999999998e-1 5.9999999999999998e-1 5.9999999999999998e-1
    5.9999999999999998e-1 5.9999999999999998e-1 5.9999999999999998e-1
    5.9999999999999998e-1 5.9999999999999998e-1 5.9999999999999998e-1
    5.9999999999999998e-1 5.9999999999999998e-1 5.9999999999999998e-1
    5.9999999999999998e-1 5.9999999999999998e-1 5.9999999999999998e-1
    5.9999999999999998e-1 5.9999999999999998e-1 5.9999999999999998e-1
    5.9999999999999998e-1 5.9999999999999998e-1 5.9999999999999998e-1
    5.9999999999999998e-1 5.9999999999999998e-1 5.9999999999999998e-1
    5.9999999999999998e-1 5.9999999999999998e-1 5.9999999999999998e-1
    5.9999999999999998e-1 5.9999999999999998e-1 5.9999999999999998e-1
    5.9999999999999998e-1 5.9999999999999998e-1 5.9999999999999998e-1
    5.9999999999999998e-1 5.9999999999999998e-1 5.9999999999999998e-1
    5.9999999999999998e-1 5.9999999999999998e-1 5.9999999999999998e-1
    5.9999999999999998e-1 5.9999999999999998e-1 5.9999999999999998e-1
    5.9999999999999998e-1 5.9999999999999998e-1 5.9999999999999998e-1
    5.9999999999999998e-1 5.9999999999999998e-1 5.9999999999999998e-1
    5.9999999999999998e-1 5.9999999999999998e-1 5.9999999999999998e-1
    5.9999999999999998e-1 5.9999999999999998e-1 5.9999999999999998e-1
    5.9999999999999998e-1 5.9999999999999998e-1 5.9999999999999998e-1
    5.9999999999999998e-1 5.9999999999999998e-1 5.9999999999999998e-1
    5.9999999999999998e-1 5.9999999999999998e-1 5.9999999999999998e-1
    5.9999999999999998e-1 5.9999999999999998e-1 5.9999999999999998e-1
    5.9999999999999998e-1 5.9999999999999998e-1 5.9999999999999998e-1
    5.9999999999999998e-1 5.9999999999999998e-1 5.9999999999999998e-1
    5.9999999999999998e-1 5.9999999999999998e-1 5.9999999999999998e-1
    5.9999999999999998e-1 5.9999999999999998e-1 5.9999999999999998e-1
    5.9999999999999998e-1 5.9999999999999998e-1 5.9999999999999998e-1
    5.9999999999999998e-1 5.9999999999999998e-1 5.9999999999999998e-1
    5.9999999999999998e-1 5.9999999999999998e-1 5.9999999999999998e-1
    5.9999999999999998e-1 5.9999999999999998e-1 5.9999999999999998e-1
    5.9999999999999998e-1 5.9999999999999998e-1 5.9999999999999998e-1
    5.9999999999999998e-1 5.9999999999999998e-1 5.9999999999999998e-1
    5.9999999999999998e-1 5.9999999999999998e-1 5.9999999999999998e-1
    5.9999999999999998e-1 5.9999999999999998e-1 5.9999999999999998e-1
    5.9999999999999998e-1 5.9999999999999998e-1 5.9999999999999998e-1
    5.9999999999999998e-1 5.9999999999999998e-1 5.9999999999999998e-1
    5.9999999999999998e-1 5.9999999999999998e-1 5.9999999999999998e-1
    5.9999999999999998e-1 5.9999999999999998e-1 5.9999999999999998e-1
    5.9999999999999998e-1 5.9999999999999998e-1 5.9999999999999998e-1
    5.9999999999999998e-1 5.9999999999999998e-1 5.9999999999999998e-1
    5.9999999999999998e-1 5.9999999999999998e-1 5.9999999999999998e-1
    5.9999999999999998e-1 5.9999999999999998e-1 5.9999999999999998e-1
    5.9999999999999998e-1 5.9999999999999998e-1 5.9999999999999998e-1
    5.9999999999999998e-1 5.9999999999999998e-1 5.9999999999999998e-1
    5.9999999999999998e-1 5.9999999999999998e-1 5.9999999999999998e-1
    5.9999999999999998e-1 5.9999999999999998e-1 5.9999999999999998e-1
    5.9999999999999998e-1 5.9999999999999998e-1 5.9999999999999998e-1
    5.9999999999999998e-1 5.9999999999999998e-1 5.9999999999999998e-1
    5.9999999999999998e-1 5.9999999999999998e-1 5.9999999999999998e-1
    5.9999999999999998e-1 5.9999999999999998e-1 5.9999999999999998e-1
    5.9999999999999998e-1 5.9999999999999998e-1 5.9999999999999998e-1
    5.9999999999999998e-1 5.9999999999999998e-1 5.9999999999999998e-1
    5.9999999999999998e-1 5.9999999999999998e-1 5.9999999999999998e-1
    5.9999999999999998e-1 5.9999999999999998e-1 5.9999999999999998e-1
    5.9999999999999998e-1 5.9999999999999998e-1 5.9999999999999998e-1
    5.9999999999999998e-1 5.9999999999999998e-1 5.9999999999999998e-1
    5.9999999999999998e-1 5.9999999999999998e-1 5.9999999999999998e-1
    5.9999999999999998e-1 5.9999999999999998e-1 5.9999999999999998e-1
    5.9999999999999998e-1 5.9999999999999998e-1 5.9999999999999998e-1
    5.9999999999999998e-1 5.9999999999999998e-1 5.9999999999999998e-1
    5.9999999999999998e-1 5.9999999999999998e-1 5.9999999999999998e-1
    5.9999999999999998e-1 5.9999999999999998e-1 5.9999999999999998e-1
    5.9999999999999998e-1 5.9999999999999998e-1 5.9999999999999998e-1
    5.9999999999999998e-1 5.9999999999999998e-1 5.9999999999999998e-1
    5.9999999999999998e-1 5.9999999999999998e-1 5.9999999999999998e-1
    5.9999999999999998e-1 5.9999999999999998e-1 5.9999999999999998e-1
    5.9999999999999998e-1 5.9999999999999998e-1 5.9999999999999998e-1
    5.9999999999999998e-1 5.9999999999999998e-1 5.9999999999999998e-1
    5.9999999999999998e-1 5.9999999999999998e-1 5.9999999999999998e-1
    5.9999999999999998e-1 5.9999999999999998e-1 5.9999999999999998e-1
    5.9999999999999998e-1 5.9999999999999998e-1 5.9999999999999998e-1
    5.9999999999999998e-1 5.9999999999999998e-1 5.9999999999999998e-1
    5.9999999999999998e-1 5.9999999999999998e-1 5.9999999999999998e-1
    5.9999999999999998e-1 5.9999999999999998e-1 5.9999999999999998e-1
    5.9999999999999998e-1 5.9999999999999998e-1 5.9999999999999998e-1
    5.9999999999999998e-1 5.9999999999999998e-1 5.9999999999999998e-1
    5.9999999999999998e-1 5.9999999999999998e-1 5.9999999999999998e-1
    5.9999999999999998e-1 5.9999999999999998e-1 5.9999999999999998e-1
    5.9999999999999998e-1 5.9999999999999998e-1 5.9999999999999998e-1
    5.9999999999999998e-1 5.9999999999999998e-1 5.9999999999999998e-1
    5.9999999999999998e-1 5.9999999999999998e-1 5.9999999999999998e-1
    5.9999999999999998e-1 5.9999999999999998e-1 5.9999999999999998e-1
    5.9999999999999998e-1 5.9999999999999998e-1 5.9999999999999998e-1
    5.9999999999999998e-1 5.9999999999999998e-1 5.9999999999999998e-1
    5.9999999999999998e-1 5.9999999999999998e-1 5.9999999999999998e-1
    5.9999999999999998e-1 5.9999999999999998e-1 5.9999999999999998e-1
    5.9999999999999998e-1 5.9999999999999998e-1 5.9999999999999998e-1
    5.9999999999999998e-1 5.9999999999999998e-1 5.9999999999999998e-1
    5.9999999999999998e-1 5.9999999999999998e-1 5.9999999999999998e-1
    5.9999999999999998e-1 5.9999999999999998e-1 5.9999999999999998e-1
    5.9999999999999998e-1 5.9999999999999998e-1 5.9999999999999998e-1
    5.9999999999999998e-1 5.9999999999999998e-1 5.9999999999999998e-1
    5.9999999999999998e-1 5.9999999999999998e-1 5.9999999999999998e-1
    5.9999999999999998e-1 5.9999999999999998e-1 5.9999999999999998e-1
    5.9999999999999998e-1 5.9999999999999998e-1 5.9999999999999998e-1
    5.9999999999999998e-1 5.9999999999999998e-1 5.9999999999999998e-1
    5.9999999999999998e-1 5.9999999999999998e-1 5.9999999999999998e-1
    5.9999999999999998e-1 5.9999999999999998e-1 5.9999999999999998e-1
    5.9999999999999998e-1 5.9999999999999998e-1 5.9999999999999998e-1
    5.9999999999999998e-1 5.9999999999999998e-1 5.9999999999999998e-1
    5.9999999999999998e-1 5.9999999999999998e-1 5.9999999999999998e-1
    5.9999999999999998e-1 5.9999999999999998e-1 5.9999999999999998e-1
    5.9999999999999998e-1 5.9999999999999998e-1 5.9999999999999998e-1
    5.9999999999999998e-1 5.9999999999999998e-1 5.9999999999999998e-1
    5.9999999999999998e-1 5.9999999999999998e-1 5.9999999999999998e-1
    5.9999999999999998e-1 5.9999999999999998e-1 5.9999999999999998e-1
    5.9999999999999998e-1 5.9999999999999998e-1 5.9999999999999998e-1
    5.9999999999999998e-1 5.9999999999999998e-1 5.9999999999999998e-1
    5.9999999999999998e-1 5.9999999999999998e-1 5.9999999999999998e-1
    5.9999999999999998e-1 5.9999999999999998e-1 5.9999999999999998e-1
    5.9999999999999998e-1 5.9999999999999998e-1 5.9999999999999998e-1
    5.9999999999999998e-1 5.9999999999999998e-1 5.9999999999999998e-1
    5.9999999999999998e-1 5.9999999999999998e-1 5.9999999999999998e-1
    5.9999999999999998e-1 5.9999999999999998e-1 5.9999999999999998e-1
    5.9999999999999998e-1 5.9999999999999998e-1 5.9999999999999998e-1
    5.9999999999999998e-1 5.9999999999999998e-1 5.9999999999999998e-1
    5.9999999999999998e-1 5.9999999999999998e-1 5.9999999999999998e-1
    5.9999999999999998e-1 5.9999999999999998e-1 5.9999999999999998e-1
    5.9999999999999998e-1 5.9999999999999998e-1 5.9999999999999998e-1
    5.9999999999999998e-1 5.9999999999999998e-1 5.9999999999999998e-1
    5.9999999999999998e-1 5.9999999999999998e-1 5.9999999999999998e-1
    5.9999999999999998e-1 5.9999999999999998e-1 5.9999999999999998e-1
    5.9999999999999998e-1 5.9999999999999998e-1 5.9999999999999998e-1
    5.9999999999999998e-1 5.9999999999999998e-1 5.9999999999999998e-1
    5.9999999999999998e-1 5.9999999999999998e-1 5.9999999999999998e-1
    5.9999999999999998e-1 5.9999999999999998e-1 5.9999999999999998e-1
    5.9999999999999998e-1 5.9999999999999998e-1 5.9999999999999998e-1
    5.9999999999999998e-1 5.9999999999999998e-1 5.9999999999999998e-1
    5.9999999999999998e-1 5.9999999999999998e-1 5.9999999999999998e-1
    5.9999999999999998e-1 5.9999999999999998e-1 5.9999999999999998e-1
    5.9999999999999998e-1 5.9999999999999998e-1 5.9999999999999998e-1
    5.9999999999999998e-1 5.9999999999999998e-1 5.9999999999999998e-1
    5.9999999999999998e-1 5.9999999999999998e-1 5.9999999999999998e-1
    5.9999999999999998e-1 5.9999999999999998e-1 5.9999999999999998e-1
    5.9999999999999998e-1 5.9999999999999998e-1 5.9999999999999998e-1
    5.9999999999999998e-1 5.9999999999999998e-1 5.9999999999999998e-1
    5.9999999999999998e-1 5.9999999999999998e-1 5.9999999999999998e-1
    5.9999999999999998e-1 5.9999999999999998e-1 5.9999999999999998e-1
    5.9999999999999998e-1 5.9999999999999998e-1 5.9999999999999998e-1
    5.9999999999999998e-1 5.9999999999999998e-1 5.9999999999999998e-1
    5.9999999999999998e-1 5.9999999999999998e-1 5.9999999999999998e-1
    5.9999999999999998e-1 5.9999999999999998e-1 5.9999999999999998e-1
    5.9999999999999998e-1 5.9999999999999998e-1 5.9999999999999998e-1
    5.9999999999999998e-1 5.9999999999999998e-1 5.9999999999999998e-1
    5.9999999999999998e-1 5.9999999999999998e-1 5.9999999999999998e-1
    5.9999999999999998e-1 5.9999999999999998e-1 5.9999999999999998e-1
    5.9999999999999998e-1 5.9999999999999998e-1 5.9999999999999998e-1
    5.9999999999999998e-1 5.9999999999999998e-1 5.9999999999999998e-1
    5.9999999999999998e-1 5.9999999999999998e-1 5.9999999999999998e-1
    5.9999999999999998e-1 5.9999999999999998e-1 5.9999999999999998e-1
    5.9999999999999998e-1 5.9999999999999998e-1 5.9999999999999998e-1
    5.9999999999999998e-1 5.9999999999999998e-1 5.9999999999999998e-1
    5.9999999999999998e-1 5.9999999999999998e-1 5.9999999999999998e-1
    5.9999999999999998e-1 5.9999999999999998e-1 5.9999999999999998e-1
    5.9999999999999998e-1 5.9999999999999998e-1 5.9999999999999998e-1
    5.9999999999999998e-1 5.9999999999999998e-1 5.9999999999999998e-1
    5.9999999999999998e-1 5.9999999999999998e-1 5.9999999999999998e-1
    5.9999999999999998e-1 5.9999999999999998e-1 5.9999999999999998e-1
    5.9999999999999998e-1 5.9999999999999998e-1 5.9999999999999998e-1
    5.9999999999999998e-1 5.9999999999999998e-1 5.9999999999999998e-1
    5.9999999999999998e-1 5.9999999999999998e-1 5.9999999999999998e-1
    5.9999999999999998e-1 5.9999999999999998e-1 5.9999999999999998e-1
    5.9999999999999998e-1 5.9999999999999998e-1 5.9999999999999998e-1
    5.9999999999999998e-1 5.9999999999999998e-1 5.9999999999999998e-1
    5.9999999999999998e-1 5.9999999999999998e-1 5.9999999999999998e-1
    5.9999999999999998e-1 5.9999999999999998e-1 5.9999999999999998e-1
    5.9999999999999998e-1 5.9999999999999998e-1 5.9999999999999998e-1
    5.9999999999999998e-1 5.9999999999999998e-1 5.9999999999999998e-1
    5.9999999999999998e-1 5.9999999999999998e-1 5.9999999999999998e-1
    5.9999999999999998e-1 5.9999999999999998e-1 5.9999999999999998e-1
    5.9999999999999998e-1 5.9999999999999998e-1 5.9999999999999998e-1
    5.9999999999999998e-1 5.9999999999999998e-1 5.9999999999999998e-1
    5.9999999999999998e-1 5.9999999999999998e-1 5.9999999999999998e-1
    5.9999999999999998e-1 5.9999999999999998e-1 5.9999999999999998e-1
    5.9999999999999998e-1 5.9999999999999998e-1 5.9999999999999998e-1
    5.9999999999999998e-1 5.9999999999999998e-1 5.9999999999999998e-1
    5.9999999999999998e-1 5.9999999999999998e-1 5.9999999999999998e-1
    5.9999999999999998e-1 5.9999999999999998e-1 5.9999999999999998e-1
    5.9999999999999998e-1 5.9999999999999998e-1 5.9999999999999998e-1
    5.9999999999999998e-1 5.9999999999999998e-1 5.9999999999999998e-1
    5.9999999999999998e-1 5.9999999999999998e-1 5.9999999999999998e-1
    5.9999999999999998e-1 5.9999999999999998e-1 5.9999999999999998e-1
    5.9999999999999998e-1 5.9999999999999998e-1 5.9999999999999998e-1
    5.9999999999999998e-1 5.9999999999999998e-1 5.9999999999999998e-1
    5.9999999999999998e-1 5.9999999999999998e-1 5.9999999999999998e-1
    5.9999999999999998e-1 5.9999999999999998e-1 5.9999999999999998e-1
    5.9999999999999998e-1 5.9999999999999998e-1 5.9999999999999998e-1
    5.9999999999999998e-1 5.9999999999999998e-1 5.9999999999999998e-1
    5.9999999999999998e-1 5.9999999999999998e-1 5.9999999999999998e-1
    5.9999999999999998e-1 5.9999999999999998e-1 5.9999999999999998e-1
    5.9999999999999998e-1 5.9999999999999998e-1 5.9999999999999998e-1
    5.9999999999999998e-1 5.9999999999999998e-1 5.9999999999999998e-1
    5.9999999999999998e-1 5.9999999999999998e-1 5.9999999999999998e-1
    5.9999999999999998e-1 5.9999999999999998e-1 5.9999999999999998e-1
    5.9999999999999998e-1 5.9999999999999998e-1 5.9999999999999998e-1
    5.9999999999999998e-1 5.9999999999999998e-1 5.9999999999999998e-1
    5.9999999999999998e-1 5.9999999999999998e-1 5.9999999999999998e-1
    5.9999999999999998e-1 5.9999999999999998e-1 5.9999999999999998e-1
    5.9999999999999998e-1 5.9999999999999998e-1 5.9999999999999998e-1
    5.9999999999999998e-1 5.9999999999999998e-1 5.9999999999999998e-1
    5.9999999999999998e-1 5.9999999999999998e-1 5.9999999999999998e-1
    5.9999999999999998e-1 5.9999999999999998e-1 5.9999999999999998e-1
    5.9999999999999998e-1 5.9999999999999998e-1 5.9999999999999998e-1
    5.9999999999999998e-1 5.9999999999999998e-1 5.9999999999999998e-1
    5.9999999999999998e-1 5.9999999999999998e-1 5.9999999999999998e-1
    5.9999999999999998e-1 5.9999999999999998e-1 5.9999999999999998e-1
    5.9999999999999998e-1 5.9999999999999998e-1 5.9999999999999998e-1
    5.9999999999999998e-1 5.9999999999999998e-1 5.9999999999999998e-1
    5.9999999999999998e-1 5.9999999999999998e-1 5.9999999999999998e-1
    5.9999999999999998e-1 5.9999999999999998e-1 5.9999999999999998e-1
    5.9999999999999998e-1 5.9999999999999998e-1 5.9999999999999998e-1
    5.9999999999999998e-1 5.9999999999999998e-1 5.9999999999999998e-1
    5.9999999999999998e-1 5.9999999999999998e-1 5.9999999999999998e-1
    5.9999999999999998e-1 5.9999999999999998e-1 5.9999999999999998e-1
    5.9999999999999998e-1 5.9999999999999998e-1 5.9999999999999998e-1
    5.9999999999999998e-1 5.9999999999999998e-1 5.9999999999999998e-1
    5.9999999999999998e-1 5.9999999999999998e-1 5.9999999999999998e-1
    5.9999999999999998e-1 5.9999999999999998e-1 5.9999999999999998e-1
    5.9999999999999998e-1 5.9999999999999998e-1 5.9999999999999998e-1
    5.9999999999999998e-1 5.9999999999999998e-1 5.9999999999999998e-1
    5.9999999999999998e-1 5.9999999999999998e-1 5.9999999999999998e-1
    5.9999999999999998e-1 5.9999999999999998e-1 5.9999999999999998e-1
    5.9999999999999998e-1 5.9999999999999998e-1 5.9999999999999998e-1
    5.9999999999999998e-1 5.9999999999999998e-1 5.9999999999999998e-1
    5.9999999999999998e-1 5.9999999999999998e-1 5.9999999999999998e-1
    5.9999999999999998e-1 5.9999999999999998e-1 5.9999999999999998e-1
    5.9999999999999998e-1 5.9999999999999998e-1 5.9999999999999998e-1
    5.9999999999999998e-1 5.9999999999999998e-1 5.9999999999999998e-1
    5.9999999999999998e-1 5.9999999999999998e-1 5.9999999999999998e-1
    5.9999999999999998e-1 5.9999999999999998e-1 5.9999999999999998e-1
    5.9999999999999998e-1 5.9999999999999998e-1 5.9999999999999998e-1
    5.9999999999999998e-1 5.9999999999999998e-1 5.9999999999999998e-1
    5.9999999999999998e-1 5.9999999999999998e-1 5.9999999999999998e-1
    5.9999999999999998e-1 5.9999999999999998e-1 5.9999999999999998e-1
    5.9999999999999998e-1 5.9999999999999998e-1 5.9999999999999998e-1
    5.9999999999999998e-1 5.9999999999999998e-1 5.9999999999999998e-1
    5.9999999999999998e-1 5.9999999999999998e-1 5.9999999999999998e-1
    5.9999999999999998e-1 5.9999999999999998e-1 5.9999999999999998e-1
    5.9999999999999998e-1 5.9999999999999998e-1 5.9999999999999998e-1
    5.9999999999999998e-1 5.9999999999999998e-1 5.9999999999999998e-1
    5.9999999999999998e-1 5.9999999999999998e-1 5.9999999999999998e-1
    5.9999999999999998e-1 5.9999999999999998e-1 5.9999999999999998e-1
    5.9999999999999998e-1 5.9999999999999998e-1 5.9999999999999998e-1
    5.9999999999999998e-1 5.9999999999999998e-1 5.9999999999999998e-1
    5.9999999999999998e-1 5.9999999999999998e-1 5.9999999999999998e-1
    5.9999999999999998e-1 5.9999999999999998e-1 5.9999999999999998e-1
    5.9999999999999998e-1 5.9999999999999998e-1 5.9999999999999998e-1
    5.9999999999999998e-1 5.9999999999999998e-1 5.9999999999999998e-1
    5.9999999999999998e-1 5.9999999999999998e-1 5.9999999999999998e-1
    5.9999999999999998e-1 5.9999999999999998e-1 5.9999999999999998e-1
    5.9999999999999998e-1 5.9999999999999998e-1 5.9999999999999998e-1
    5.9999999999999998e-1 5.9999999999999998e-1 5.9999999999999998e-1
    5.9999999999999998e-1 5.9999999999999998e-1 5.9999999999999998e-1
    5.9999999999999998e-1 5.9999999999999998e-1 5.9999999999999998e-1
    5.9999999999999998e-1 5.9999999999999998e-1 5.9999999999999998e-1
    5.9999999999999998e-1 5.9999999999999998e-1 5.9999999999999998e-1
    5.9999999999999998e-1 5.9999999999999998e-1 5.9999999999999998e-1
    5.9999999999999998e-1 5.9999999999999998e-1 5.9999999999999998e-1
    5.9999999999999998e-1 5.9999999999999998e-1 5.9999999999999998e-1
    5.9999999999999998e-1 5.9999999999999998e-1 5.9999999999999998e-1
    5.9999999999999998e-1 5.9999999999999998e-1 5.9999999999999998e-1
    5.9999999999999998e-1 5.9999999999999998e-1 5.9999999999999998e-1
    5.9999999999999998e-1 5.9999999999999998e-1 5.9999999999999998e-1
    5.9999999999999998e-1 5.9999999999999998e-1 5.9999999999999998e-1
    5.9999999999999998e-1 5.9999999999999998e-1 5.9999999999999998e-1
    5.9999999999999998e-1 5.9999999999999998e-1 5.9999999999999998e-1
    5.9999999999999998e-1 5.9999999999999998e-1 5.9999999999999998e-1
    5.9999999999999998e-1 5.9999999999999998e-1 5.9999999999999998e-1
    5.9999999999999998e-1 5.9999999999999998e-1 5.9999999999999998e-1
    5.9999999999999998e-1 5.9999999999999998e-1 5.9999999999999998e-1
    5.9999999999999998e-1 5.9999999999999998e-1 5.9999999999999998e-1
    5.9999999999999998e-1 5.9999999999999998e-1 5.9999999999999998e-1
    5.9999999999999998e-1 5.9999999999999998e-1 5.9999999999999998e-1
    5.9999999999999998e-1 5.9999999999999998e-1 5.9999999999999998e-1
    5.9999999999999998e-1 5.9999999999999998e-1 5.9999999999999998e-1
    5.9999999999999998e-1 5.9999999999999998e-1 5.9999999999999998e-1
    5.9999999999999998e-1 5.9999999999999998e-1 5.9999999999999998e-1
    5.9999999999999998e-1 5.9999999999999998e-1 5.9999999999999998e-1
    5.9999999999999998e-1 5.9999999999999998e-1 5.9999999999999998e-1
    5.9999999999999998e-1 5.9999999999999998e-1 5.9999999999999998e-1
    5.9999999999999998e-1 5.9999999999999998e-1 5.9999999999999998e-1
    5.9999999999999998e-1 5.9999999999999998e-1 5.9999999999999998e-1
    5.9999999999999998e-1 5.9999999999999998e-1 5.9999999999999998e-1
    5.9999999999999998e-1 5.9999999999999998e-1 5.9999999999999998e-1
    5.9999999999999998e-1 5.9999999999999998e-1 5.9999999999999998e-1
    5.9999999999999998e-1 5.9999999999999998e-1 5.9999999999999998e-1
    5.9999999999999998e-1 5.9999999999999998e-1 5.9999999999999998e-1
    5.9999999999999998e-1 5.9999999999999998e-1 5.9999999999999998e-1
    5.9999999999999998e-1 5.9999999999999998e-1 5.9999999999999998e-1
    5.9999999999999998e-1 5.9999999999999998e-1 5.9999999999999998e-1
    5.9999999999999998e-1 5.9999999999999998e-1 5.9999999999999998e-1
    5.9999999999999998e-1 5.9999999999999998e-1 5.9999999999999998e-1
    5.9999999999999998e-1 5.9999999999999998e-1 5.9999999999999998e-1
    5.9999999999999998e-1 5.9999999999999998e-1 5.9999999999999998e-1
    5.9999999999999998e-1 5.9999999999999998e-1 5.9999999999999998e-1
    5.9999999999999998e-1 5.9999999999999998e-1 5.9999999999999998e-1
    5.9999999999999998e-1 5.9999999999999998e-1 5.9999999999999998e-1
    5.9999999999999998e-1 5.9999999999999998e-1 5.9999999999999998e-1
    5.9999999999999998e-1 5.9999999999999998e-1 5.9999999999999998e-1
    5.9999999999999998e-1 5.9999999999999998e-1 5.9999999999999998e-1
    5.9999999999999998e-1 5.9999999999999998e-1 5.9999999999999998e-1
    5.9999999999999998e-1 5.9999999999999998e-1 5.9999999999999998e-1
    5.9999999999999998e-1 5.9999999999999998e-1 5.9999999999999998e-1
    5.9999999999999998e-1 5.9999999999999998e-1 5.9999999999999998e-1
    5.9999999999999998e-1 5.9999999999999998e-1 5.9999999999999998e-1
    5.9999999999999998e-1 5.9999999999999998e-1 5.9999999999999998e-1
    5.9999999999999998e-1 5.9999999999999998e-1 5.9999999999999998e-1
    5.9999999999999998e-1 5.9999999999999998e-1 5.9999999999999998e-1
    5.9999999999999998e-1 5.9999999999999998e-1 5.9999999999999998e-1
    5.9999999999999998e-1 5.9999999999999998e-1 5.9999999999999998e-1
    5.9999999999999998e-1 5.9999999999999998e-1 5.9999999999999998e-1
    5.9999999999999998e-1 5.9999999999999998e-1 5.9999999999999998e-1
    5.9999999999999998e-1 5.9999999999999998e-1 5.9999999999999998e-1
    5.9999999999999998e-1 5.9999999999999998e-1 5.9999999999999998e-1
    5.9999999999999998e-1 5.9999999999999998e-1 5.9999999999999998e-1
    5.9999999999999998e-1 5.9999999999999998e-1 5.9999999999999998e-1
    5.9999999999999998e-1 5.9999999999999998e-1 5.9999999999999998e-1
    5.9999999999999998e-1 5.9999999999999998e-1 5.9999999999999998e-1
    5.9999999999999998e-1 5.9999999999999998e-1 5.9999999999999998e-1
    5.9999999999999998e-1 5.9999999999999998e-1 5.9999999999999998e-1
    5.9999999999999998e-1 5.9999999999999998e-1 5.9999999999999998e-1
    5.9999999999999998e-1 5.9999999999999998e-1 5.9999999999999998e-1
    5.9999999999999998e-1 5.9999999999999998e-1 5.9999999999999998e-1
    5.9999999999999998e-1 5.9999999999999998e-1 5.9999999999999998e-1
    5.9999999999999998e-1 5.9999999999999998e-1 5.9999999999999998e-1
    5.9999999999999998e-1 5.9999999999999998e-1 5.9999999999999998e-1
    5.9999999999999998e-1 5.9999999999999998e-1 5.9999999999999998e-1
    5.9999999999999998e-1 5.9999999999999998e-1 5.9999999999999998e-1
    5.9999999999999998e-1 5.9999999999999998e-1 5.9999999999999998e-1
    5.9999999999999998e-1 5.9999999999999998e-1 5.9999999999999998e-1
    5.9999999999999998e-1 5.9999999999999998e-1 5.9999999999999998e-1
    5.9999999999999998e-1 5.9999999999999998e-1 5.9999999999999998e-1
    5.9999999999999998e-1 5.9999999999999998e-1 5.9999999999999998e-1
    5.9999999999999998e-1 5.9999999999999998e-1 5.9999999999999998e-1
    5.9999999999999998e-1 5.9999999999999998e-1 5.9999999999999998e-1
    5.9999999999999998e-1 5.9999999999999998e-1 5.9999999999999998e-1
    5.9999999999999998e-1 5.9999999999999998e-1 5.9999999999999998e-1
    5.9999999999999998e-1 5.9999999999999998e-1 5.9999999999999998e-1
    5.9999999999999998e-1 5.9999999999999998e-1 5.9999999999999998e-1
    5.9999999999999998e-1 5.9999999999999998e-1 5.9999999999999998e-1
    5.9999999999999998e-1 5.9999999999999998e-1 5.9999999999999998e-1
    5.9999999999999998e-1 5.9999999999999998e-1 5.9999999999999998e-1
    5.9999999999999998e-1 5.9999999999999998e-1 5.9999999999999998e-1
    5.9999999999999998e-1 5.9999999999999998e-1 5.9999999999999998e-1
    5.9999999999999998e-1 5.9999999999999998e-1 5.9999999999999998e-1
    5.9999999999999998e-1 5.9999999999999998e-1 5.9999999999999998e-1
    5.9999999999999998e-1 5.9999999999999998e-1 5.9999999999999998e-1
    5.9999999999999998e-1 5.9999999999999998e-1 5.9999999999999998e-1
    5.9999999999999998e-1 5.9999999999999998e-1 5.9999999999999998e-1
    5.9999999999999998e-1 5.9999999999999998e-1 5.9999999999999998e-1
    5.9999999999999998e-1 5.9999999999999998e-1 5.9999999999999998e-1
    5.9999999999999998e-1 5.9999999999999998e-1 5.9999999999999998e-1
    5.9999999999999998e-1 5.9999999999999998e-1 5.9999999999999998e-1
    5.9999999999999998e-1 5.9999999999999998e-1 5.9999999999999998e-1
    5.9999999999999998e-1 5.9999999999999998e-1 5.9999999999999998e-1
    5.9999999999999998e-1 5.9999999999999998e-1 5.9999999999999998e-1
    5.9999999999999998e-1 5.9999999999999998e-1 5.9999999999999998e-1
    5.9999999999999998e-1 5.9999999999999998e-1 5.9999999999999998e-1
    5.9999999999999998e-1 5.9999999999999998e-1 5.9999999999999998e-1
    5.9999999999999998e-1 5.9999999999999998e-1 5.9999999999999998e-1
    5.9999999999999998e-1 5.9999999999999998e-1 5.9999999999999998e-1
    5.9999999999999998e-1 5.9999999999999998e-1 5.9999999999999998e-1
    5.9999999999999998e-1 5.9999999999999998e-1 5.9999999999999998e-1
    5.9999999999999998e-1 5.9999999999999998e-1 5.9999999999999998e-1
    5.9999999999999998e-1 5.9999999999999998e-1 5.9999999999999998e-1
    5.9999999999999998e-1 5.9999999999999998e-1 5.9999999999999998e-1
    5.9999999999999998e-1 5.9999999999999998e-1 5.9999999999999998e-1
    5.9999999999999998e-1 5.9999999999999998e-1 5.9999999999999998e-1
    5.9999999999999998e-1 5.9999999999999998e-1 5.9999999999999998e-1
    5.9999999999999998e-1 5.9999999999999998e-1 5.9999999999999998e-1
    5.9999999999999998e-1 5.9999999999999998e-1 5.9999999999999998e-1
    5.9999999999999998e-1 5.9999999999999998e-1 5.9999999999999998e-1
    5.9999999999999998e-1 5.9999999999999998e-1 5.9999999999999998e-1
    5.9999999999999998e-1 5.9999999999999998e-1 5.9999999999999998e-1
    5.9999999999999998e-1 5.9999999999999998e-1 5.9999999999999998e-1
    5.9999999999999998e-1 5.9999999999999998e-1 5.9999999999999998e-1
    5.9999999999999998e-1 5.9999999999999998e-1 5.9999999999999998e-1
    5.9999999999999998e-1 5.9999999999999998e-1 5.9999999999999998e-1
    5.9999999999999998e-1 5.9999999999999998e-1 5.9999999999999998e-1
    5.9999999999999998e-1 5.9999999999999998e-1 5.9999999999999998e-1
    5.9999999999999998e-1 5.9999999999999998e-1 5.9999999999999998e-1
    5.9999999999999998e-1 5.9999999999999998e-1 5.9999999999999998e-1
    5.9999999999999998e-1 5.9999999999999998e-1 5.9999999999999998e-1
    5.9999999999999998e-1 5.9999999999999998e-1 5.9999999999999998e-1
    5.9999999999999998e-1 5.9999999999999998e-1 5.9999999999999998e-1
    5.9999999999999998e-1 5.9999999999999998e-1 5.9999999999999998e-1
    5.9999999999999998e-1 5.9999999999999998e-1 5.9999999999999998e-1
    5.9999999999999998e-1 5.9999999999999998e-1 5.9999999999999998e-1
    5.9999999999999998e-1 5.9999999999999998e-1 5.9999999999999998e-1
    5.9999999999999998e-1 5.9999999999999998e-1 5.9999999999999998e-1
    5.9999999999999998e-1 5.9999999999999998e-1 5.9999999999999998e-1
    5.9999999999999998e-1 5.9999999999999998e-1 5.9999999999999998e-1
    5.9999999999999998e-1 5.9999999999999998e-1 5.9999999999999998e-1
    5.9999999999999998e-1 5.9999999999999998e-1 5.9999999999999998e-1
    5.9999999999999998e-1 5.9999999999999998e-1 5.9999999999999998e-1
    5.9999999999999998e-1 5.9999999999999998e-1 5.9999999999999998e-1
    5.9999999999999998e-1 5.9999999999999998e-1 5.9999999999999998e-1
    5.9999999999999998e-1 5.9999999999999998e-1 5.9999999999999998e-1
    5.9999999999999998e-1 5.9999999999999998e-1 5.9999999999999998e-1
    5.9999999999999998e-1 5.9999999999999998e-1 5.9999999999999998e-1
    5.9999999999999998e-1 5.9999999999999998e-1 5.9999999999999998e-1
    5.9999999999999998e-1 5.9999999999999998e-1 5.9999999999999998e-1
    5.9999999999999998e-1 5.9999999999999998e-1 5.9999999999999998e-1
    5.9999999999999998e-1 5.9999999999999998e-1 5.9999999999999998e-1
    5.9999999999999998e-1 5.9999999999999998e-1 5.9999999999999998e-1
    5.9999999999999998e-1 5.9999999999999998e-1 5.9999999999999998e-1
    5.9999999999999998e-1 5.9999999999999998e-1 5.9999999999999998e-1
    5.9999999999999998e-1 5.9999999999999998e-1 5.9999999999999998e-1
    5.9999999999999998e-1 5.9999999999999998e-1 5.9999999999999998e-1
    5.9999999999999998e-1 5.9999999999999998e-1 5.9999999999999998e-1
    5.9999999999999998e-1 5.9999999999999998e-1 5.9999999999999998e-1
    5.9999999999999998e-1 5.9999999999999998e-1 5.9999999999999998e-1
    5.9999999999999998e-1 5.9999999999999998e-1 5.9999999999999998e-1
    5.9999999999999998e-1 5.9999999999999998e-1 5.9999999999999998e-1
    5.9999999999999998e-1 5.9999999999999998e-1 5.9999999999999998e-1
    5.9999999999999998e-1 5.9999999999999998e-1 5.9999999999999998e-1
    5.9999999999999998e-1 5.9999999999999998e-1 5.9999999999999998e-1
    5.9999999999999998e-1 5.9999999999999998e-1 5.9999999999999998e-1
    5.9999999999999998e-1 5.9999999999999998e-1 5.9999999999999998e-1
    5.9999999999999998e-1 5.9999999999999998e-1 5.9999999999999998e-1
    5.9999999999999998e-1 5.9999999999999998e-1 5.9999999999999998e-1
    5.9999999999999998e-1 5.9999999999999998e-1 5.9999999999999998e-1
    5.9999999999999998e-1 5.9999999999999998e-1 5.9999999999999998e-1
    5.9999999999999998e-1 5.9999999999999998e-1 5.9999999999999998e-1
    5.9999999999999998e-1 5.9999999999999998e-1 5.9999999999999998e-1
    5.9999999999999998e-1 5.9999999999999998e-1 5.9999999999999998e-1
    5.9999999999999998e-1 5.9999999999999998e-1 5.9999999999999998e-1
    5.9999999999999998e-1 5.9999999999999998e-1 5.9999999999999998e-1
    5.9999999999999998e-1 5.9999999999999998e-1 5.9999999999999998e-1
    5.9999999999999998e-1 5.9999999999999998e-1 5.9999999999999998e-1
    5.9999999999999998e-1 5.9999999999999998e-1 5.9999999999999998e-1
    5.9999999999999998e-1 5.9999999999999998e-1 5.9999999999999998e-1
    5.9999999999999998e-1 5.9999999999999998e-1 5.9999999999999998e-1
    5.9999999999999998e-1 5.9999999999999998e-1 5.9999999999999998e-1
    5.9999999999999998e-1 5.9999999999999998e-1 5.9999999999999998e-1
    5.9999999999999998e-1 5.9999999999999998e-1 5.9999999999999998e-1
    5.9999999999999998e-1 5.9999999999999998e-1 5.9999999999999998e-1
    5.9999999999999998e-1 5.9999999999999998e-1 5.9999999999999998e-1
    5.9999999999999998e-1 5.9999999999999998e-1 5.9999999999999998e-1
    5.9999999999999998e-1 5.9999999999999998e-1 5.9999999999999998e-1
    5.9999999999999998e-1 5.9999999999999998e-1 5.9999999999999998e-1
    5.9999999999999998e-1 5.9999999999999998e-1 5.9999999999999998e-1
    5.9999999999999998e-1 5.9999999999999998e-1 5.9999999999999998e-1
    5.9999999999999998e-1 5.9999999999999998e-1 5.9999999999999998e-1
    5.9999999999999998e-1 5.9999999999999998e-1 5.9999999999999998e-1
    5.9999999999999998e-1 5.9999999999999998e-1 5.9999999999999998e-1
    5.9999999999999998e-1 5.9999999999999998e-1 5.9999999999999998e-1
    5.9999999999999998e-1 5.9999999999999998e-1 5.9999999999999998e-1
    5.9999999999999998e-1 5.9999999999999998e-1 5.9999999999999998e-1
    5.9999999999999998e-1 5.9999999999999998e-1 5.9999999999999998e-1
    5.9999999999999998e-1 5.9999999999999998e-1 5.9999999999999998e-1
    5.9999999999999998e-1 5.9999999999999998e-1 5.9999999999999998e-1
    5.9999999999999998e-1 5.9999999999999998e-1 5.9999999999999998e-1
    5.9999999999999998e-1 5.9999999999999998e-1 5.9999999999999998e-1
    5.9999999999999998e-1 5.9999999999999998e-1 5.9999999999999998e-1
    5.9999999999999998e-1 5.9999999999999998e-1 5.9999999999999998e-1
    5.9999999999999998e-1 5.9999999999999998e-1 5.9999999999999998e-1
    5.9999999999999998e-1 5.9999999999999998e-1 5.9999999999999998e-1
    5.9999999999999998e-1 5.9999999999999998e-1 5.9999999999999998e-1
    5.9999999999999998e-1 5.9999999999999998e-1 5.9999999999999998e-1
    5.9999999999999998e-1 5.9999999999999998e-1 5.9999999999999998e-1
    5.9999999999999998e-1 5.9999999999999998e-1 5.9999999999999998e-1
    5.9999999999999998e-1 5.9999999999999998e-1 5.9999999999999998e-1
    5.9999999999999998e-1 5.9999999999999998e-1 5.9999999999999998e-1
    5.9999999999999998e-1 5.9999999999999998e-1 5.9999999999999998e-1
    5.9999999999999998e-1 5.9999999999999998e-1 5.9999999999999998e-1
    5.9999999999999998e-1 5.9999999999999998e-1 5.9999999999999998e-1
    5.9999999999999998e-1 5.9999999999999998e-1 5.9999999999999998e-1
    5.9999999999999998e-1 5.9999999999999998e-1 5.9999999999999998e-1
    5.9999999999999998e-1 5.9999999999999998e-1 5.9999999999999998e-1
    5.9999999999999998e-1 5.9999999999999998e-1 5.9999999999999998e-1
    5.9999999999999998e-1 5.9999999999999998e-1 5.9999999999999998e-1
    5.9999999999999998e-1 5.9999999999999998e-1 5.9999999999999998e-1
    5.9999999999999998e-1 5.9999999999999998e-1 5.9999999999999998e-1
    5.9999999999999998e-1 5.9999999999999998e-1 5.9999999999999998e-1
    5.9999999999999998e-1 5.9999999999999998e-1 5.9999999999999998e-1
    5.9999999999999998e-1 5.9999999999999998e-1 5.9999999999999998e-1
    5.9999999999999998e-1 5.9999999999999998e-1 5.9999999999999998e-1
    5.9999999999999998e-1 5.9999999999999998e-1 5.9999999999999998e-1
    5.9999999999999998e-1 5.9999999999999998e-1 5.9999999999999998e-1
    5.9999999999999998e-1 5.9999999999999998e-1 5.9999999999999998e-1
    5.9999999999999998e-1 5.9999999999999998e-1 5.9999999999999998e-1
    5.9999999999999998e-1 5.9999999999999998e-1 5.9999999999999998e-1
    5.9999999999999998e-1 5.9999999999999998e-1 5.9999999999999998e-1
    5.9999999999999998e-1 5.9999999999999998e-1 5.9999999999999998e-1
    5.9999999999999998e-1 5.9999999999999998e-1 5.9999999999999998e-1
    5.9999999999999998e-1 5.9999999999999998e-1 5.9999999999999998e-1
    5.9999999999999998e-1 5.9999999999999998e-1 5.9999999999999998e-1
    5.9999999999999998e-1 5.9999999999999998e-1 5.9999999999999998e-1
    5.9999999999999998e-1 5.9999999999999998e-1 5.9999999999999998e-1
    5.9999999999999998e-1 5.9999999999999998e-1 5.9999999999999998e-1
    5.9999999999999998e-1 5.9999999999999998e-1 5.9999999999999998e-1
    5.9999999999999998e-1 5.9999999999999998e-1 5.9999999999999998e-1
    5.9999999999999998e-1 5.9999999999999998e-1 5.9999999999999998e-1
    5.9999999999999998e-1 5.9999999999999998e-1 5.9999999999999998e-1
    5.9999999999999998e-1 5.9999999999999998e-1 5.9999999999999998e-1
    5.9999999999999998e-1 5.9999999999999998e-1 5.9999999999999998e-1
    5.9999999999999998e-1 5.9999999999999998e-1 5.9999999999999998e-1
    5.9999999999999998e-1 5.9999999999999998e-1 5.9999999999999998e-1
    5.9999999999999998e-1 5.9999999999999998e-1 5.9999999999999998e-1
    5.9999999999999998e-1 5.9999999999999998e-1 5.9999999999999998e-1
    5.9999999999999998e-1 5.9999999999999998e-1 5.9999999999999998e-1
    5.9999999999999998e-1 5.9999999999999998e-1 5.9999999999999998e-1
    5.9999999999999998e-1 5.9999999999999998e-1 5.9999999999999998e-1
    5.9999999999999998e-1 5.9999999999999998e-1 5.9999999999999998e-1
    5.9999999999999998e-1 5.9999999999999998e-1 5.9999999999999998e-1
    5.9999999999999998e-1 5.9999999999999998e-1 5.9999999999999998e-1
    5.9999999999999998e-1 5.9999999999999998e-1 5.9999999999999998e-1
    5.9999999999999998e-1 5.9999999999999998e-1 5.9999999999999998e-1
    5.9999999999999998e-1 5.9999999999999998e-1 5.9999999999999998e-1
    5.9999999999999998e-1 5.9999999999999998e-1 5.9999999999999998e-1
    5.9999999999999998e-1 5.9999999999999998e-1 6.9999999999999996e-1
    6.9999999999999996e-1 6.9999999999999996e-1 6.9999999999999996e-1
    6.9999999999999996e-1 6.9999999999999996e-1 6.9999999999999996e-1
    6.9999999999999996e-1 6.9999999999999996e-1 6.9999999999999996e-1
    6.9999999999999996e-1 6.9999999999999996e-1 6.9999999999999996e-1
    6.9999999999999996e-1 6.9999999999999996e-1 6.9999999999999996e-1
    6.9999999999999996e-1 6.9999999999999996e-1 6.9999999999999996e-1
    6.9999999999999996e-1 6.9999999999999996e-1 6.9999999999999996e-1
    6.9999999999999996e-1 6.9999999999999996e-1 6.9999999999999996e-1
    6.9999999999999996e-1 6.9999999999999996e-1 6.9999999999999996e-1
    6.9999999999999996e-1 6.9999999999999996e-1 6.9999999999999996e-1
    8.0000000000000004e-1 8.0000000000000004e-1 8.0000000000000004e-1
    8.0000000000000004e-1 8.0000000000000004e-1 8.0000000000000004e-1
    8.0000000000000004e-1 8.0000000000000004e-1 8.0000000000000004e-1
    8.0000000000000004e-1 8.0000000000000004e-1 8.0000000000000004e-1
    8.0000000000000004e-1 8.0000000000000004e-1 8.0000000000000004e-1
    8.0000000000000004e-1 8.0000000000000004e-1 8.0000000000000004e-1
    8.0000000000000004e-1 8.0000000000000004e-1 8.0000000000000004e-1
    8.0000000000000004e-1 8.0000000000000004e-1 8.0000000000000004e-1
    8.0000000000000004e-1 8.0000000000000004e-1 8.0000000000000004e-1
    8.0000000000000004e-1 8.0000000000000004e-1 8.0000000000000004e-1
    8.0000000000000004e-1 8.0000000000000004e-1 8.0000000000000004e-1
    8.0000000000000004e-1 8.0000000000000004e-1 8.0000000000000004e-1
    8.0000000000000004e-1 8.0000000000000004e-1 8.0000000000000004e-1
    8.0000000000000004e-1 8.0000000000000004e-1 8.0000000000000004e-1
    8.0000000000000004e-1 8.0000000000000004e-1 8.0000000000000004e-1
    8.0000000000000004e-1 8.0000000000000004e-1 8.0000000000000004e-1
    8.0000000000000004e-1 8.0000000000000004e-1 8.0000000000000004e-1
    8.0000000000000004e-1 8.0000000000000004e-1 8.0000000000000004e-1
    8.0000000000000004e-1 8.0000000000000004e-1 8.0000000000000004e-1
    8.0000000000000004e-1 8.0000000000000004e-1 8.0000000000000004e-1
    8.0000000000000004e-1 8.0000000000000004e-1 8.0000000000000004e-1
    8.0000000000000004e-1 8.0000000000000004e-1 8.0000000000000004e-1
    8.0000000000000004e-1 8.0000000000000004e-1 8.0000000000000004e-1
    8.0000000000000004e-1 8.0000000000000004e-1 8.0000000000000004e-1
    8.0000000000000004e-1 8.0000000000000004e-1 8.0000000000000004e-1
    8.0000000000000004e-1 8.0000000000000004e-1 8.0000000000000004e-1
    8.0000000000000004e-1 8.0000000000000004e-1 8.0000000000000004e-1
    8.0000000000000004e-1 8.0000000000000004e-1 8.0000000000000004e-1
    8.0000000000000004e-1 8.0000000000000004e-1 8.0000000000000004e-1
    8.0000000000000004e-1 8.0000000000000004e-1 8.0000000000000004e-1
    8.0000000000000004e-1 8.0000000000000004e-1 8.0000000000000004e-1
    8.0000000000000004e-1 8.0000000000000004e-1 8.0000000000000004e-1
    8.0000000000000004e-1 8.0000000000000004e-1 8.0000000000000004e-1
    8.0000000000000004e-1 8.0000000000000004e-1 8.0000000000000004e-1
    8.0000000000000004e-1 8.0000000000000004e-1 8.0000000000000004e-1
    8.0000000000000004e-1 8.0000000000000004e-1 8.0000000000000004e-1
    8.0000000000000004e-1 8.0000000000000004e-1 8.0000000000000004e-1
    8.0000000000000004e-1 8.0000000000000004e-1 8.0000000000000004e-1
    8.0000000000000004e-1 8.0000000000000004e-1 8.0000000000000004e-1
    8.0000000000000004e-1 8.0000000000000004e-1 8.0000000000000004e-1
    8.0000000000000004e-1 8.0000000000000004e-1 8.0000000000000004e-1
    8.0000000000000004e-1 8.0000000000000004e-1 8.0000000000000004e-1
    8.0000000000000004e-1 8.0000000000000004e-1 8.0000000000000004e-1
    8.0000000000000004e-1 8.0000000000000004e-1 8.0000000000000004e-1
    8.0000000000000004e-1 8.0000000000000004e-1 8.0000000000000004e-1
    8.0000000000000004e-1 8.0000000000000004e-1 8.0000000000000004e-1
    8.0000000000000004e-1 8.0000000000000004e-1 8.0000000000000004e-1
    8.0000000000000004e-1 8.0000000000000004e-1 8.0000000000000004e-1
    8.0000000000000004e-1 8.0000000000000004e-1 8.0000000000000004e-1
    8.0000000000000004e-1 8.0000000000000004e-1 8.0000000000000004e-1
    8.0000000000000004e-1 8.0000000000000004e-1 8.0000000000000004e-1
    8.0000000000000004e-1 8.0000000000000004e-1 8.0000000000000004e-1
    8.0000000000000004e-1 8.0000000000000004e-1 8.0000000000000004e-1
    8.0000000000000004e-1 8.0000000000000004e-1 8.0000000000000004e-1
    8.0000000000000004e-1 8.0000000000000004e-1 8.0000000000000004e-1
    8.0000000000000004e-1 8.0000000000000004e-1 8.0000000000000004e-1
    8.0000000000000004e-1 8.0000000000000004e-1 8.0000000000000004e-1
    8.0000000000000004e-1 8.0000000000000004e-1 8.0000000000000004e-1
    8.0000000000000004e-1 8.0000000000000004e-1 8.0000000000000004e-1
    8.0000000000000004e-1 8.0000000000000004e-1 8.0000000000000004e-1
    8.0000000000000004e-1 8.0000000000000004e-1 8.0000000000000004e-1
    8.0000000000000004e-1 8.0000000000000004e-1 8.0000000000000004e-1
    8.0000000000000004e-1 8.0000000000000004e-1 8.0000000000000004e-1
    8.0000000000000004e-1 8.0000000000000004e-1 8.0000000000000004e-1
    8.0000000000000004e-1 8.0000000000000004e-1 8.0000000000000004e-1
    8.0000000000000004e-1 8.0000000000000004e-1 8.0000000000000004e-1
    8.0000000000000004e-1 8.0000000000000004e-1 8.0000000000000004e-1
    8.0000000000000004e-1 8.0000000000000004e-1 8.0000000000000004e-1
    8.0000000000000004e-1 8.0000000000000004e-1 8.0000000000000004e-1
    8.0000000000000004e-1 8.0000000000000004e-1 8.0000000000000004e-1
    8.0000000000000004e-1 8.0000000000000004e-1 8.0000000000000004e-1
    8.0000000000000004e-1 8.0000000000000004e-1 8.0000000000000004e-1
    8.0000000000000004e-1 8.0000000000000004e-1 8.0000000000000004e-1
    8.0000000000000004e-1 8.0000000000000004e-1 8.0000000000000004e-1
    8.0000000000000004e-1 8.0000000000000004e-1 8.0000000000000004e-1
    8.0000000000000004e-1 8.0000000000000004e-1 8.0000000000000004e-1
    8.0000000000000004e-1 8.0000000000000004e-1 8.0000000000000004e-1
    8.0000000000000004e-1 8.0000000000000004e-1 8.0000000000000004e-1
    8.0000000000000004e-1 8.0000000000000004e-1 8.0000000000000004e-1
    8.0000000000000004e-1 8.0000000000000004e-1 8.0000000000000004e-1
    8.0000000000000004e-1 8.0000000000000004e-1 8.0000000000000004e-1
    8.0000000000000004e-1 8.0000000000000004e-1 8.0000000000000004e-1
    8.0000000000000004e-1 8.0000000000000004e-1 8.0000000000000004e-1
    8.0000000000000004e-1 8.0000000000000004e-1 8.0000000000000004e-1
    8.0000000000000004e-1 8.0000000000000004e-1 8.0000000000000004e-1
    8.0000000000000004e-1 8.0000000000000004e-1 8.0000000000000004e-1
    8.0000000000000004e-1 8.0000000000000004e-1 8.0000000000000004e-1
    8.0000000000000004e-1 8.0000000000000004e-1 8.0000000000000004e-1
    8.0000000000000004e-1 8.0000000000000004e-1 8.0000000000000004e-1
    8.0000000000000004e-1 8.0000000000000004e-1 8.0000000000000004e-1
    8.0000000000000004e-1 8.0000000000000004e-1 8.0000000000000004e-1
    8.0000000000000004e-1 8.0000000000000004e-1 8.0000000000000004e-1
    8.0000000000000004e-1 8.0000000000000004e-1 8.0000000000000004e-1
    8.0000000000000004e-1 8.0000000000000004e-1 8.0000000000000004e-1
    8.0000000000000004e-1 8.0000000000000004e-1 8.0000000000000004e-1
    8.0000000000000004e-1 8.0000000000000004e-1 8.0000000000000004e-1
    8.0000000000000004e-1 8.0000000000000004e-1 8.0000000000000004e-1
    8.0000000000000004e-1 8.0000000000000004e-1 8.0000000000000004e-1
    8.0000000000000004e-1 8.0000000000000004e-1 8.0000000000000004e-1
    8.0000000000000004e-1 8.0000000000000004e-1 8.0000000000000004e-1
    8.0000000000000004e-1 8.0000000000000004e-1 8.0000000000000004e-1
    8.0000000000000004e-1 8.0000000000000004e-1 8.0000000000000004e-1
    8.0000000000000004e-1 8.0000000000000004e-1 8.0000000000000004e-1
    8.0000000000000004e-1 9.0000000000000002e-1 9.0000000000000002e-1
    9.0000000000000002e-1 9.0000000000000002e-1 9.0000000000000002e-1
    9.0000000000000002e-1 9.0000000000000002e-1 9.0000000000000002e-1
    9.0000000000000002e-1 9.0000000000000002e-1 9.0000000000000002e-1
    9.0000000000000002e-1 9.0000000000000002e-1 9.0000000000000002e-1
    9.0000000000000002e-1 9.0000000000000002e-1 9.0000000000000002e-1
    9.0000000000000002e-1 9.0000000000000002e-1 9.0000000000000002e-1
    9.0000000000000002e-1 9.0000000000000002e-1 9.0000000000000002e-1
    9.0000000000000002e-1 9.0000000000000002e-1 9.0000000000000002e-1
    9.0000000000000002e-1 9.0000000000000002e-1 9.0000000000000002e-1
    9.0000000000000002e-1 9.0000000000000002e-1 9.0000000000000002e-1
    9.0000000000000002e-1 9.0000000000000002e-1 9.0000000000000002e-1
    9.0000000000000002e-1 9.0000000000000002e-1 9.0000000000000002e-1
    9.0000000000000002e-1 9.0000000000000002e-1 9.0000000000000002e-1
    9.0000000000000002e-1 9.0000000000000002e-1 9.0000000000000002e-1
    9.0000000000000002e-1 9.0000000000000002e-1 9.0000000000000002e-1
    9.0000000000000002e-1 9.0000000000000002e-1 9.0000000000000002e-1
    9.0000000000000002e-1 9.0000000000000002e-1 9.0000000000000002e-1
    9.0000000000000002e-1 9.0000000000000002e-1 9.0000000000000002e-1
    9.0000000000000002e-1 9.0000000000000002e-1 9.0000000000000002e-1
    9.0000000000000002e-1 9.0000000000000002e-1 9.0000000000000002e-1
    9.0000000000000002e-1 9.0000000000000002e-1 9.0000000000000002e-1
    9.0000000000000002e-1 9.0000000000000002e-1 9.0000000000000002e-1
    9.0000000000000002e-1 9.0000000000000002e-1 9.0000000000000002e-1
    9.0000000000000002e-1 9.0000000000000002e-1 9.0000000000000002e-1
    9.0000000000000002e-1 9.0000000000000002e-1 9.0000000000000002e-1
    9.0000000000000002e-1 9.0000000000000002e-1 9.0000000000000002e-1
    9.0000000000000002e-1 9.0000000000000002e-1 9.0000000000000002e-1
    9.0000000000000002e-1 9.0000000000000002e-1 9.0000000000000002e-1
    9.0000000000000002e-1 9.0000000000000002e-1 9.0000000000000002e-1
    9.0000000000000002e-1 9.0000000000000002e-1 9.0000000000000002e-1
    9.0000000000000002e-1 9.0000000000000002e-1 9.0000000000000002e-1
    9.0000000000000002e-1 9.0000000000000002e-1 9.0000000000000002e-1
    9.0000000000000002e-1 9.0000000000000002e-1 9.0000000000000002e-1
    9.0000000000000002e-1 9.0000000000000002e-1 9.0000000000000002e-1
    9.0000000000000002e-1 9.0000000000000002e-1 9.0000000000000002e-1
    9.0000000000000002e-1 9.0000000000000002e-1 9.0000000000000002e-1
    9.0000000000000002e-1 9.0000000000000002e-1 9.0000000000000002e-1
    9.0000000000000002e-1 9.0000000000000002e-1 9.0000000000000002e-1
    9.0000000000000002e-1 9.0000000000000002e-1 9.0000000000000002e-1
    9.0000000000000002e-1 9.0000000000000002e-1 9.0000000000000002e-1
    9.0000000000000002e-1 9.0000000000000002e-1 9.0000000000000002e-1
    9.0000000000000002e-1 9.0000000000000002e-1 9.0000000000000002e-1
    9.0000000000000002e-1 9.0000000000000002e-1 9.0000000000000002e-1
    9.0000000000000002e-1 9.0000000000000002e-1 9.0000000000000002e-1
    9.0000000000000002e-1 9.0000000000000002e-1 9.0000000000000002e-1
    9.0000000000000002e-1 9.0000000000000002e-1 9.0000000000000002e-1
    9.0000000000000002e-1 9.0000000000000002e-1 9.0000000000000002e-1
    9.0000000000000002e-1 9.0000000000000002e-1 9.0000000000000002e-1
    9.0000000000000002e-1 9.0000000000000002e-1 9.0000000000000002e-1
    9.0000000000000002e-1 9.0000000000000002e-1 9.0000000000000002e-1
    9.0000000000000002e-1 9.0000000000000002e-1 9.0000000000000002e-1
    9.0000000000000002e-1 9.0000000000000002e-1 9.0000000000000002e-1
    9.0000000000000002e-1 9.0000000000000002e-1 9.0000000000000002e-1
    9.0000000000000002e-1 9.0000000000000002e-1 9.0000000000000002e-1
    9.0000000000000002e-1 9.0000000000000002e-1 9.0000000000000002e-1
    9.0000000000000002e-1 9.0000000000000002e-1 9.0000000000000002e-1
    9.0000000000000002e-1 9.0000000000000002e-1 9.0000000000000002e-1
    9.0000000000000002e-1 9.0000000000000002e-1 9.0000000000000002e-1
    9.0000000000000002e-1 9.0000000000000002e-1 9.0000000000000002e-1
    9.0000000000000002e-1 9.0000000000000002e-1 9.0000000000000002e-1
    9.0000000000000002e-1 9.0000000000000002e-1 9.0000000000000002e-1
    9.0000000000000002e-1 9.0000000000000002e-1 9.0000000000000002e-1
    9.0000000000000002e-1 9.0000000000000002e-1 9.0000000000000002e-1
    9.0000000000000002e-1 9.0000000000000002e-1 9.0000000000000002e-1
    9.0000000000000002e-1 9.0000000000000002e-1 9.0000000000000002e-1
    9.0000000000000002e-1 9.0000000000000002e-1 9.0000000000000002e-1
    9.0000000000000002e-1 9.0000000000000002e-1 9.0000000000000002e-1
    9.0000000000000002e-1 9.0000000000000002e-1 9.0000000000000002e-1
    9.0000000000000002e-1 9.0000000000000002e-1 9.0000000000000002e-1
    9.0000000000000002e-1 9.0000000000000002e-1 9.0000000000000002e-1
    9.0000000000000002e-1 9.0000000000000002e-1 9.0000000000000002e-1
    9.0000000000000002e-1 9.0000000000000002e-1 9.0000000000000002e-1
    9.0000000000000002e-1 9.0000000000000002e-1 9.0000000000000002e-1
    9.0000000000000002e-1 9.0000000000000002e-1 9.0000000000000002e-1
    9.0000000000000002e-1 9.0000000000000002e-1 9.0000000000000002e-1
    9.0000000000000002e-1 9.0000000000000002e-1 9.0000000000000002e-1
    9.0000000000000002e-1 9.0000000000000002e-1 9.0000000000000002e-1
    9.0000000000000002e-1 9.0000000000000002e-1 9.0000000000000002e-1
    9.0000000000000002e-1 9.0000000000000002e-1 9.0000000000000002e-1
    9.0000000000000002e-1 9.0000000000000002e-1 9.0000000000000002e-1
    9.0000000000000002e-1 9.0000000000000002e-1 9.0000000000000002e-1
    9.0000000000000002e-1 9.0000000000000002e-1 9.0000000000000002e-1
    9.0000000000000002e-1 9.0000000000000002e-1 9.0000000000000002e-1
    9.0000000000000002e-1 9.0000000000000002e-1 9.0000000000000002e-1
    9.0000000000000002e-1 9.0000000000000002e-1 9.0000000000000002e-1
    9.0000000000000002e-1 9.0000000000000002e-1 9.0000000000000002e-1
    9.0000000000000002e-1 9.0000000000000002e-1 9.0000000000000002e-1
    9.0000000000000002e-1 9.0000000000000002e-1 9.0000000000000002e-1
    9.0000000000000002e-1 9.0000000000000002e-1 9.0000000000000002e-1
    9.0000000000000002e-1 9.0000000000000002e-1 9.0000000000000002e-1
    9.0000000000000002e-1 9.0000000000000002e-1 9.0000000000000002e-1
    9.0000000000000002e-1 9.0000000000000002e-1 9.0000000000000002e-1
    9.0000000000000002e-1 9.0000000000000002e-1 9.0000000000000002e-1
    9.0000000000000002e-1 9.0000000000000002e-1 9.0000000000000002e-1
    9.0000000000000002e-1 9.0000000000000002e-1 9.0000000000000002e-1
    9.0000000000000002e-1 9.0000000000000002e-1 9.0000000000000002e-1
    9.0000000000000002e-1 9.0000000000000002e-1 9.0000000000000002e-1
    9.0000000000000002e-1 9.0000000000000002e-1 9.0000000000000002e-1
    9.0000000000000002e-1 9.0000000000000002e-1 9.0000000000000002e-1
    9.0000000000000002e-1 9.0000000000000002e-1 9.0000000000000002e-1
    9.0000000000000002e-1 9.0000000000000002e-1 9.0000000000000002e-1
    9.0000000000000002e-1 9.0000000000000002e-1 9.0000000000000002e-1
    9.0000000000000002e-1 9.0000000000000002e-1 9.0000000000000002e-1
    9.0000000000000002e-1 9.0000000000000002e-1 9.0000000000000002e-1
    9.0000000000000002e-1 9.0000000000000002e-1 9.0000000000000002e-1
    9.0000000000000002e-1 9.0000000000000002e-1 9.0000000000000002e-1
    9.0000000000000002e-1 9.0000000000000002e-1 9.0000000000000002e-1
    9.0000000000000002e-1 9.0000000000000002e-1 9.0000000000000002e-1
    9.0000000000000002e-1 9.0000000000000002e-1 9.0000000000000002e-1
    9.0000000000000002e-1 9.0000000000000002e-1 9.0000000000000002e-1
    9.0000000000000002e-1 9.0000000000000002e-1 9.0000000000000002e-1
    9.0000000000000002e-1 9.0000000000000002e-1 9.0000000000000002e-1
    9.0000000000000002e-1 9.0000000000000002e-1 9.0000000000000002e-1
    9.0000000000000002e-1 9.0000000000000002e-1 9.0000000000000002e-1
    9.0000000000000002e-1 9.0000000000000002e-1 9.0000000000000002e-1
    9.0000000000000002e-1 9.0000000000000002e-1 9.0000000000000002e-1
    9.0000000000000002e-1 9.0000000000000002e-1 9.0000000000000002e-1
    9.0000000000000002e-1 9.0000000000000002e-1 9.0000000000000002e-1
    9.0000000000000002e-1 9.0000000000000002e-1 9.0000000000000002e-1
    9.0000000000000002e-1 9.0000000000000002e-1 9.0000000000000002e-1
    9.0000000000000002e-1 9.0000000000000002e-1 9.0000000000000002e-1
    9.0000000000000002e-1 9.0000000000000002e-1 9.0000000000000002e-1
    9.0000000000000002e-1 9.0000000000000002e-1 9.0000000000000002e-1
    9.0000000000000002e-1 9.0000000000000002e-1 9.0000000000000002e-1
    9.0000000000000002e-1 9.0000000000000002e-1 9.0000000000000002e-1
    9.0000000000000002e-1 9.0000000000000002e-1 9.0000000000000002e-1
    9.0000000000000002e-1 9.0000000000000002e-1 9.0000000000000002e-1
    9.0000000000000002e-1 9.0000000000000002e-1 9.0000000000000002e-1
    9.0000000000000002e-1 9.0000000000000002e-1 9.0000000000000002e-1
    9.0000000000000002e-1 9.0000000000000002e-1 9.0000000000000002e-1
    9.0000000000000002e-1 9.0000000000000002e-1 9.0000000000000002e-1
    9.0000000000000002e-1 9.0000000000000002e-1 9.0000000000000002e-1
    9.0000000000000002e-1 9.0000000000000002e-1 9.0000000000000002e-1
    9.0000000000000002e-1 9.0000000000000002e-1 9.0000000000000002e-1
    9.0000000000000002e-1 9.0000000000000002e-1 9.0000000000000002e-1
    9.0000000000000002e-1 9.0000000000000002e-1 9.0000000000000002e-1
    9.0000000000000002e-1 9.0000000000000002e-1 9.0000000000000002e-1
    9.0000000000000002e-1 9.0000000000000002e-1 9.0000000000000002e-1
    9.0000000000000002e-1 9.0000000000000002e-1 9.0000000000000002e-1
    9.0000000000000002e-1 9.0000000000000002e-1 9.0000000000000002e-1
    9.0000000000000002e-1 9.0000000000000002e-1 9.0000000000000002e-1
    9.0000000000000002e-1 9.0000000000000002e-1 9.0000000000000002e-1
    9.0000000000000002e-1 9.0000000000000002e-1 9.0000000000000002e-1
    9.0000000000000002e-1 9.0000000000000002e-1 9.0000000000000002e-1
    9.0000000000000002e-1 9.0000000000000002e-1 9.0000000000000002e-1
    9.0000000000000002e-1 9.0000000000000002e-1 9.0000000000000002e-1
    9.0000000000000002e-1 9.0000000000000002e-1 9.0000000000000002e-1
    9.0000000000000002e-1 9.0000000000000002e-1 9.0000000000000002e-1
    9.0000000000000002e-1 9.0000000000000002e-1 9.0000000000000002e-1
    9.0000000000000002e-1 9.0000000000000002e-1 9.0000000000000002e-1
    9.0000000000000002e-1 9.0000000000000002e-1 9.0000000000000002e-1 1.0 1.0
    1.0 1.0 1.0 1.0 1.0 1.0 1.0 1.0 1.0 1.0 1.0 1.0 1.0 1.0 1.0 1.0 1.0 1.0 1.0
    1.0 1.0 1.0 1.0 1.0 1.0 1.0 1.0 1.0 1.0 1.0 1.0 1.0 1.0 1.0 1.0 1.0 1.0 1.0
    1.0 1.0 1.0 1.0 1.0 1.0 1.0 1.0 1.0 1.0 1.0 1.0 1.0 1.0 1.0 1.0 1.0 1.0
    1.1000000000000001 1.1000000000000001 1.1000000000000001 1.1000000000000001
    1.1000000000000001 1.1000000000000001 1.1000000000000001 1.1000000000000001
    1.1000000000000001 1.1000000000000001 1.1000000000000001 1.1000000000000001
    1.1000000000000001 1.1000000000000001 1.1000000000000001 1.1000000000000001
    1.1000000000000001 1.1000000000000001 1.1000000000000001 1.1000000000000001
    1.1000000000000001 1.1000000000000001 1.1000000000000001 1.1000000000000001
    1.1000000000000001 1.1000000000000001 1.1000000000000001 1.1000000000000001
    1.1000000000000001 1.1000000000000001 1.1000000000000001 1.1000000000000001
    1.1000000000000001 1.1000000000000001 1.1000000000000001 1.1000000000000001
    1.1000000000000001 1.1000000000000001 1.1000000000000001 1.1000000000000001
    1.1000000000000001 1.1000000000000001 1.1000000000000001 1.1000000000000001
    1.1000000000000001 1.1000000000000001 1.1000000000000001 1.1000000000000001
    1.1000000000000001 1.1000000000000001 1.1000000000000001 1.1000000000000001
    1.1000000000000001 1.1000000000000001 1.1000000000000001 1.1000000000000001
    1.1000000000000001 1.1000000000000001 1.1000000000000001 1.1000000000000001
    1.1000000000000001 1.1000000000000001 1.1000000000000001 1.1000000000000001
    1.1000000000000001 1.1000000000000001 1.1000000000000001 1.1000000000000001
    1.1000000000000001 1.1000000000000001 1.1000000000000001 1.1000000000000001
    1.1000000000000001 1.1000000000000001 1.1000000000000001 1.1000000000000001
    1.1000000000000001 1.1000000000000001 1.1000000000000001 1.1000000000000001
    1.1000000000000001 1.1000000000000001 1.1000000000000001 1.1000000000000001
    1.1000000000000001 1.1000000000000001 1.1000000000000001 1.1000000000000001
    1.1000000000000001 1.1000000000000001 1.1000000000000001 1.1000000000000001
    1.1000000000000001 1.1000000000000001 1.1000000000000001 1.1000000000000001
    1.1000000000000001 1.1000000000000001 1.1000000000000001 1.1000000000000001
    1.1000000000000001 1.1000000000000001 1.1000000000000001 1.1000000000000001
    1.1000000000000001 1.1000000000000001 1.1000000000000001 1.1000000000000001
    1.1000000000000001 1.1000000000000001 1.1000000000000001 1.1000000000000001
    1.1000000000000001 1.1000000000000001 1.1000000000000001 1.1000000000000001
    1.1000000000000001 1.1000000000000001 1.2 1.2 1.2 1.2 1.2 1.2 1.2 1.2 1.2
    1.2 1.2 1.2 1.2 1.2 1.2 1.2 1.2 1.2 1.2 1.2 1.2 1.2 1.2 1.2 1.2 1.2 1.2 1.2
    1.2 1.2 1.2 1.2 1.2 1.2 1.2 1.2 1.2 1.2 1.2 1.2 1.2 1.2 1.2 1.2 1.2 1.2 1.2
    1.2 1.2 1.2 1.2 1.2 1.2 1.2 1.2 1.2 1.2 1.2 1.2 1.2 1.2 1.2 1.2 1.2 1.2 1.2
    1.2 1.2 1.2 1.2 1.2 1.2 1.2 1.2 1.2 1.2 1.2 1.2 1.2 1.2 1.2 1.2 1.2 1.2 1.2
    1.2 1.2 1.2 1.2 1.2 1.2 1.2 1.2 1.2 1.2 1.2 1.2 1.2 1.2 1.2 1.2 1.2 1.2 1.2
    1.2 1.3 1.3 1.3 1.3 1.3 1.3 1.3 1.3 1.3 1.3 1.3 1.3 1.3 1.3 1.3 1.3 1.3 1.3
    1.3 1.3 1.3 1.3 1.3 1.3 1.3 1.3 1.3 1.3 1.3 1.3 1.3 1.3 1.3 1.3 1.3 1.3 1.3
    1.3 1.3 1.3 1.3 1.3 1.3 1.3999999999999999 1.3999999999999999
    1.3999999999999999 1.3999999999999999 1.3999999999999999 1.3999999999999999
    1.3999999999999999 1.3999999999999999 1.3999999999999999 1.3999999999999999
    1.3999999999999999 1.3999999999999999 1.3999999999999999 1.5 1.5 1.5 1.5
    1.5 1.6000000000000001 1.6000000000000001 1.6000000000000001
    1.6000000000000001 1.6000000000000001 1.6000000000000001 1.8999999999999999
    6.2000000000000002 6.2000000000000002 6.2000000000000002 6.2000000000000002
    7.0 7.0 1.2199999999999999e+1 1.3199999999999999e+1 1.3199999999999999e+1
    1.3199999999999999e+1 1.3199999999999999e+1 1.3199999999999999e+1
    1.3199999999999999e+1 1.3199999999999999e+1 1.3199999999999999e+1
    1.3199999999999999e+1 1.3199999999999999e+1 1.3199999999999999e+1
    1.3199999999999999e+1 1.3199999999999999e+1 1.3199999999999999e+1
    1.3199999999999999e+1 1.3199999999999999e+1 1.3199999999999999e+1
    1.3199999999999999e+1 1.3199999999999999e+1 1.3199999999999999e+1
    1.3199999999999999e+1 1.3199999999999999e+1 1.3199999999999999e+1
    1.3199999999999999e+1 1.3199999999999999e+1 1.3199999999999999e+1
    1.3199999999999999e+1 1.3199999999999999e+1 1.3199999999999999e+1
    1.3199999999999999e+1 1.3199999999999999e+1 1.3199999999999999e+1
    1.3199999999999999e+1 1.3199999999999999e+1 1.3199999999999999e+1
    1.3199999999999999e+1 1.3199999999999999e+1 1.3199999999999999e+1
    1.3199999999999999e+1 1.3199999999999999e+1 1.3199999999999999e+1
    1.3199999999999999e+1 1.3199999999999999e+1 1.3199999999999999e+1
    1.3199999999999999e+1 1.3199999999999999e+1 1.3199999999999999e+1
    1.3199999999999999e+1 1.3199999999999999e+1 1.3199999999999999e+1
    1.3199999999999999e+1 1.3199999999999999e+1 1.3199999999999999e+1
    1.3199999999999999e+1 1.3199999999999999e+1 1.3199999999999999e+1
    1.3199999999999999e+1 1.3199999999999999e+1 1.3199999999999999e+1
    1.3199999999999999e+1 1.3199999999999999e+1 1.3199999999999999e+1
    1.3199999999999999e+1 1.3199999999999999e+1 1.3199999999999999e+1
    1.3199999999999999e+1 1.3199999999999999e+1 1.3199999999999999e+1
    1.3199999999999999e+1 1.3199999999999999e+1 1.3199999999999999e+1
    1.3199999999999999e+1 1.3199999999999999e+1 1.3199999999999999e+1
    1.3199999999999999e+1 1.3199999999999999e+1 1.3199999999999999e+1
    1.3199999999999999e+1 1.3199999999999999e+1 1.3199999999999999e+1
    1.3199999999999999e+1 1.3199999999999999e+1 1.3199999999999999e+1
    1.3199999999999999e+1 1.3199999999999999e+1 1.3199999999999999e+1
    1.3199999999999999e+1 1.3199999999999999e+1 1.3199999999999999e+1
    1.3199999999999999e+1 1.3199999999999999e+1 1.3199999999999999e+1
    1.3199999999999999e+1 1.3199999999999999e+1 1.3199999999999999e+1
    1.3199999999999999e+1 1.3199999999999999e+1 1.3199999999999999e+1
    1.3199999999999999e+1 1.3199999999999999e+1 1.3199999999999999e+1
    1.3199999999999999e+1 1.3199999999999999e+1 1.3199999999999999e+1
    1.3199999999999999e+1 1.3199999999999999e+1 1.3199999999999999e+1
    1.3199999999999999e+1 1.3199999999999999e+1 1.3199999999999999e+1
    1.3199999999999999e+1 1.3199999999999999e+1 1.3199999999999999e+1
    1.3199999999999999e+1 1.3199999999999999e+1 1.3199999999999999e+1
    1.3199999999999999e+1 1.3199999999999999e+1 1.3199999999999999e+1
    1.3199999999999999e+1 1.3199999999999999e+1 1.3199999999999999e+1
    1.3199999999999999e+1 1.3199999999999999e+1 1.3199999999999999e+1
    1.3199999999999999e+1 1.3199999999999999e+1 1.3199999999999999e+1
    1.3199999999999999e+1 1.3199999999999999e+1 1.3199999999999999e+1
    1.3199999999999999e+1 1.3199999999999999e+1 1.3199999999999999e+1
    1.3199999999999999e+1 1.3199999999999999e+1 1.3199999999999999e+1
    1.3199999999999999e+1 1.3199999999999999e+1 1.3199999999999999e+1
    1.3199999999999999e+1 1.3199999999999999e+1 1.3199999999999999e+1
    1.3199999999999999e+1 1.3199999999999999e+1 1.3199999999999999e+1
    1.3199999999999999e+1 1.3199999999999999e+1 1.3199999999999999e+1
    1.3199999999999999e+1 1.3199999999999999e+1 1.3199999999999999e+1
    1.3199999999999999e+1 1.3199999999999999e+1 1.3199999999999999e+1
    1.3199999999999999e+1 1.3199999999999999e+1 1.3199999999999999e+1
    1.3199999999999999e+1 1.3199999999999999e+1 1.3199999999999999e+1
    1.3199999999999999e+1 1.3199999999999999e+1 1.3199999999999999e+1
    1.3199999999999999e+1 1.3199999999999999e+1 1.3199999999999999e+1
    1.3199999999999999e+1 1.3199999999999999e+1 1.3199999999999999e+1
    1.3199999999999999e+1 1.3199999999999999e+1 1.3199999999999999e+1
    1.3199999999999999e+1 1.3199999999999999e+1 1.3199999999999999e+1
    1.3199999999999999e+1 1.3199999999999999e+1 1.3199999999999999e+1
    1.3199999999999999e+1 1.3199999999999999e+1 1.3199999999999999e+1
    1.3199999999999999e+1 1.3199999999999999e+1 1.3199999999999999e+1
    1.3199999999999999e+1 1.3199999999999999e+1 1.3199999999999999e+1
    1.3199999999999999e+1 1.3199999999999999e+1 1.3199999999999999e+1
    1.3199999999999999e+1 1.3199999999999999e+1 1.3199999999999999e+1
    1.3199999999999999e+1 1.3199999999999999e+1 1.3199999999999999e+1
    1.3199999999999999e+1 1.3199999999999999e+1 1.3199999999999999e+1
    1.3199999999999999e+1 1.3199999999999999e+1 1.3199999999999999e+1
    1.3199999999999999e+1 1.3199999999999999e+1 1.3199999999999999e+1
    1.3199999999999999e+1 1.3199999999999999e+1 1.3199999999999999e+1
    1.3199999999999999e+1 1.3199999999999999e+1 1.3199999999999999e+1
    1.3199999999999999e+1 1.3199999999999999e+1 1.3199999999999999e+1
    1.3199999999999999e+1 1.3199999999999999e+1 1.3199999999999999e+1
    1.3199999999999999e+1 1.3199999999999999e+1 1.3199999999999999e+1
    1.3199999999999999e+1 1.3199999999999999e+1 1.3199999999999999e+1
    1.3199999999999999e+1 1.3199999999999999e+1 1.3199999999999999e+1
    1.3199999999999999e+1 1.3199999999999999e+1 1.3199999999999999e+1
    1.3199999999999999e+1 1.3199999999999999e+1 1.3199999999999999e+1
    1.3199999999999999e+1 1.3199999999999999e+1 1.3199999999999999e+1
    1.3199999999999999e+1 1.3199999999999999e+1 1.3199999999999999e+1
    1.3199999999999999e+1 1.3199999999999999e+1 1.3199999999999999e+1
    1.3199999999999999e+1 1.3199999999999999e+1 1.3199999999999999e+1
    1.3199999999999999e+1 1.3199999999999999e+1 1.3199999999999999e+1
    1.3199999999999999e+1 1.3199999999999999e+1 1.3199999999999999e+1
    1.3199999999999999e+1 1.3199999999999999e+1 1.3199999999999999e+1
    1.3199999999999999e+1 1.3199999999999999e+1 1.3199999999999999e+1
    1.3199999999999999e+1 1.3199999999999999e+1 1.3199999999999999e+1
    1.3199999999999999e+1 1.3199999999999999e+1 1.3199999999999999e+1
    1.3199999999999999e+1 1.3199999999999999e+1 1.3199999999999999e+1
    1.3199999999999999e+1 1.3199999999999999e+1 1.3199999999999999e+1
    1.3199999999999999e+1 1.3199999999999999e+1 1.3199999999999999e+1
    1.3199999999999999e+1 1.3199999999999999e+1 1.3199999999999999e+1
    1.3199999999999999e+1 1.3199999999999999e+1 1.3199999999999999e+1
    1.3199999999999999e+1 1.3199999999999999e+1 1.3199999999999999e+1
    1.3199999999999999e+1 1.3199999999999999e+1 1.3199999999999999e+1
    1.3199999999999999e+1 1.3199999999999999e+1 1.3199999999999999e+1
    1.3199999999999999e+1 1.3199999999999999e+1 1.3199999999999999e+1
    1.3199999999999999e+1 1.3199999999999999e+1 1.3300000000000001e+1
    1.3300000000000001e+1 1.3300000000000001e+1 1.3300000000000001e+1
    1.3300000000000001e+1 1.3300000000000001e+1 1.3300000000000001e+1
    1.3300000000000001e+1 1.3300000000000001e+1 1.3300000000000001e+1
    1.3300000000000001e+1 1.3300000000000001e+1 1.3300000000000001e+1
    1.3300000000000001e+1 1.3300000000000001e+1 1.3699999999999999e+1
    2.5399999999999999e+1 2.6399999999999999e+1 2.6399999999999999e+1
    2.6399999999999999e+1 2.6399999999999999e+1 2.6399999999999999e+1
    2.6399999999999999e+1 2.6399999999999999e+1 2.6399999999999999e+1
    2.6399999999999999e+1 2.6399999999999999e+1 2.6399999999999999e+1
    2.6399999999999999e+1 2.6399999999999999e+1), winSize: 6.0e+1, binSize:
    1.0e+1, tStart: 0.0, tEnd: 7.211e+3, binStart: 7.211e+3, maxBLsize: 1.0e+4
    >
Bye.
