[31mWarning: [0m"smc_cp3-refactored.maude", line 140 (mod SMC_CP3): multiple distinct parses for statement
eq sumDiff (F F' FL) = (F' - F) + sumDiff (F' FL) .
[31mWarning: [0m"smc_cp3-refactored.maude", line 145 (mod SMC_CP3): multiple distinct parses for statement
eq avgDiff (FL) = if (len (FL) == 1) then 0.0 else sumDiff (FL) / float (len (FL) - 1) fi .
[31mWarning: [0m"smc_cp3-refactored.maude", line 150 (mod SMC_CP3): multiple distinct parses for statement
eq sumSquaredDiff (F FL, F') = (F - F') * (F - F') + sumSquaredDiff (FL, F') .
[31mWarning: [0m"smc_cp3-refactored.maude", line 225 (mod SMC_CP3): multiple distinct parses for statement
eq compLatency (Tsent, Trcvd) = Trcvd - Tsent .
[31mWarning: [0m"smc_cp3-refactored.maude", line 291 (mod SMC_CP3): multiple distinct parses for statement
eq getGoodput (< ADDR : IrcMonitor | msgRcvd: ircMTL, attrs >, Tstart, Tend) = collectGoodput (filterWindow (ircMTL, Tstart, Tend), Tstart, Tend) * 8.0 / (Tend - Tstart) .
[31mWarning: [0m"smc_cp3-refactored.maude", line 381 (mod SMC_CP3): multiple distinct parses for statement
eq normMED (NL, NL') = if max (lenMsgIdList (NL), lenMsgIdList (NL')) == 0 then 1.0 else 1.0 - (float (med (NL, NL')) / float (max (lenMsgIdList (NL), lenMsgIdList (NL')))) fi .
[31mWarning: [0m"smc_cp3-refactored.maude", line 500 (mod SMC_CP3): multiple distinct parses for statement
eq getMTBF (< ADDR : IrcMonitor | msgSent: ircMTL, msgRcvd: ircMTL', attrs >, Tn, Tstart, Tend) = getMTBFAux (filterWindow (ircMTL, Tstart - Tn, Tend + Tn), filterWindow (ircMTL', Tstart - Tn, Tend + Tn), Tn, Tstart, Tend) .
[31mWarning: [0m"smc_cp3-refactored.maude", line 558 (mod SMC_CP3): multiple distinct parses for statement
eq KsDistanceX (F FL, nil, I, J, N, N', D) = max2 (D, abs ((float (I) / float (N)) - 1.0)) .
[31mWarning: [0m"smc_cp3-refactored.maude", line 559 (mod SMC_CP3): multiple distinct parses for statement
eq KsDistanceX (nil, F' FL', I, J, N, N', D) = max2 (D, abs (1.0 - (float (J) / float (N')))) .
[31mWarning: [0m"smc_cp3-refactored.maude", line 561 (mod SMC_CP3): multiple distinct parses for statement
ceq KsDistanceX (F FL, F' FL', I, J, N, N', D) = KsDistanceX (FL1, FL2, I + C1, J + C2, N, N', max2 (D, abs ((float (I + C1) / float (N)) - (float (J + C2) / float (N'))))) if F == F' /\ prefix (C1, FL1) := skipEqPrefix (F, F FL) /\ prefix (C2, FL2) := skipEqPrefix (F', F' FL') .
[31mWarning: [0m"smc_cp3-refactored.maude", line 566 (mod SMC_CP3): multiple distinct parses for statement
ceq KsDistanceX (F FL, F' FL', I, J, N, N', D) = KsDistanceX (FL, F' FL', I + 1, J, N, N', max2 (D, abs ((float (I + 1) / float (N)) - (float (J) / float (N'))))) if F < F' .
[31mWarning: [0m"smc_cp3-refactored.maude", line 569 (mod SMC_CP3): multiple distinct parses for statement
ceq KsDistanceX (F FL, F' FL', I, J, N, N', D) = KsDistanceX (F FL, FL', I, J + 1, N, N', max2 (D, abs ((float (I) / float (N)) - (float (J + 1) / float (N'))))) if F > F' .
[31mWarning: [0m"smc_cp3-refactored.maude", line 579 (mod SMC_CP3): multiple distinct parses for statement
eq KsStatisticZ (FL, FL', K) = KsDistance (FL, FL') - K .
[31mWarning: [0m"smc_cp3-refactored.maude", line 675 (mod SMC_CP3): multiple distinct parses for statement
eq compObsFeatureX (vp, dnsQueryRate, Fid, TOL, Tstart, Tend) = float (countDNSQuery (vp, Fid, TOL, Tstart, Tend)) / (Tend - Tstart) .
[31mWarning: [0m"smc_cp3-refactored.maude", line 689 (mod SMC_CP3): multiple distinct parses for statement
eq compObsFeatureX (vp, tcpUpRate, Fid, TOL, Tstart, Tend) = float (sizeTCPUpload (vp, Fid, TOL, Tstart, Tend)) / (Tend - Tstart) .
[31mWarning: [0m"smc_cp3-refactored.maude", line 691 (mod SMC_CP3): multiple distinct parses for statement
eq compObsFeatureX (vp, tcpDownRate, Fid, TOL, Tstart, Tend) = float (sizeTCPDownload (vp, Fid, TOL, Tstart, Tend)) / (Tend - Tstart) .
[31mWarning: [0m"smc_cp3-refactored.maude", line 699 (mod SMC_CP3): multiple distinct parses for statement
eq compObsFeatureX (vp, tcpOutPktRate, Fid, TOL, Tstart, Tend) = float (countTCPOutPkt (vp, Fid, TOL, Tstart, Tend)) / (Tend - Tstart) .
[31mWarning: [0m"smc_cp3-refactored.maude", line 701 (mod SMC_CP3): multiple distinct parses for statement
eq compObsFeatureX (vp, tcpInPktRate, Fid, TOL, Tstart, Tend) = float (countTCPInPkt (vp, Fid, TOL, Tstart, Tend)) / (Tend - Tstart) .
[31mWarning: [0m"smc_cp3-refactored.maude", line 720 (mod SMC_CP3): multiple distinct parses for statement
eq compObsFeatureX (vp, dnsQueryRate, TOL, Tstart, Tend) = float (countDNSQuery (vp, TOL, Tstart, Tend)) / (Tend - Tstart) .
[31mWarning: [0m"smc_cp3-refactored.maude", line 734 (mod SMC_CP3): multiple distinct parses for statement
eq compObsFeatureX (vp, tcpUpRate, TOL, Tstart, Tend) = float (sizeTCPUpload (vp, TOL, Tstart, Tend)) / (Tend - Tstart) .
[31mWarning: [0m"smc_cp3-refactored.maude", line 736 (mod SMC_CP3): multiple distinct parses for statement
eq compObsFeatureX (vp, tcpDownRate, TOL, Tstart, Tend) = float (sizeTCPDownload (vp, TOL, Tstart, Tend)) / (Tend - Tstart) .
[31mWarning: [0m"smc_cp3-refactored.maude", line 744 (mod SMC_CP3): multiple distinct parses for statement
eq compObsFeatureX (vp, tcpOutPktRate, TOL, Tstart, Tend) = float (countTCPOutPkt (vp, TOL, Tstart, Tend)) / (Tend - Tstart) .
[31mWarning: [0m"smc_cp3-refactored.maude", line 746 (mod SMC_CP3): multiple distinct parses for statement
eq compObsFeatureX (vp, tcpInPktRate, TOL, Tstart, Tend) = float (countTCPInPkt (vp, TOL, Tstart, Tend)) / (Tend - Tstart) .
[31mWarning: [0m"smc_cp3-refactored.maude", line 907 (mod SMC_CP3): multiple distinct parses for statement
ceq expectedKObsFeature (vp, obsF, baselineCDF, binECDFs, T, Tend, winSize, binSize, Ksum, N) = if KD >= 0.0 then expectedKObsFeature (vp, obsF, baselineCDF, binECDFs, T + binSize, Tend, winSize, binSize, Ksum + KD, N + 1) else expectedKObsFeature (vp, obsF, baselineCDF, binECDFs, T + binSize, Tend, winSize, binSize, Ksum, N) fi if (T + winSize) <= (Tend + Tesp) /\ ECDF := sort (getECDFObsFeatureRange (binECDFs, floor (rat (T / binSize)), (floor (rat (T / binSize)) + floor (rat (winSize / binSize))) - 1)) /\ KD := KsDistance (baselineCDF, ECDF) .
[31mWarning: [0m"smc_cp3-refactored.maude", line 1075 (mod SMC_CP3): multiple distinct parses for statement
eq getCUSUMZt (< ADDR : Adversary | gt: (bl (vp, obsF, K, Zt) :; blList), attrs >, vp, obsF, Tstart, Tend, winSize, binSize) = sumRange (Zt, floor (rat (Tstart / binSize)), floor (rat ((Tend - winSize) / binSize))) .
  step=250 n=250 250 250 250 250 250 250 250 250 250 250 250 250 250 250 250 250 250 250 250 250 250 250 250 250 250 250 250 250 250 250 250 250 250 250 250 250 250 250 250 250 250 250 250 250 250 250 250 250 250 250 250 250 250 250 250 250 250 250 250 250 250 250 250 250 250 250 250 250 250 250 250 250 250 250 250 250 250 250 250 250 250 250 250 250 250 250 250 250 250 250 250 250 250 250 250 250 250 250 250 250 250 250 250 250 250 250 250 250 250 250 250 250 250 250 250 250 250 250 250 250 250 250 250 250 250 250 250 250 250 250 250 250 250 250 250 250 250 250 250 250 250 250 250 250 250 250 250 250 250 250 250 250 250 250 250 250 250 250 250 250 250 250 250 250 250 250 250 250 250 250 250 250 250 250 250 250 250 250 250 250 250 250 250 250 250 250 250 250 250 250 250 250 250 250 250 250 250 250 250 250 250 250 250 250 250 250 250 250 250 250 250 250 250 250 250 250 250 250 250 250 250 250 250 250 250 250 250 250 250 250 250 250 250 250 250 250 250 250 250 250 250 250 250 250 250 250 250 250 250 250 250 250 250 250 250 250 250 250 250 250 250 250 250 250 250 250 250 250 250 250 250 250 250 250 250 250 250 250 250 250 250 250 250 250 250 250 250 250 250 250 250 250 250 250 250 250 250 250 250 250 250 250 250 250 250 250 250 250 250 250 250 250 250 250 250 250 250 250 250 250 250 250 250 250 250 250 250 250 250 250 250 250 250 250 250 250 250 250 250 250 250 250 250 250 250 250 250 250 250 250 250 250 250 250 250 250 250 250 250 250 250 250 250 250 250 250 250 250 250 250 250 250 250 250 250 250 250 250 250 250 250 250 250 250 250 250 250 250 250 250 250 250 250 250 250 250 250 250 250 250 250 250 250 250 250 250 250 μ=0.019766300908547748 0.020918898744881318 0.033933911981389 1.4700061005574674 13.47429603212213 327.3351822222222 0.019766300908547748 0.020918898744881318 0.033933911981389 1.4700061005574674 13.47429603212213 327.3351822222222 0.019665319553536106 0.020560020602790458 0.030137465859179386 0.5281118117692895 14.691467175654296 341.074008888889 0.01971569541579129 0.020573846729968863 0.027091047253728448 0.4906510803262704 12.934293824907336 354.8128355555557 0.01961929496257744 0.020532593030808868 0.027338377311955455 0.15288336412478018 15.132754398027155 355.9572622222223 0.01970351992056476 0.020556504746646168 0.025529576429934423 0.1744130940557161 12.277554197211739 385.72376888888874 0.019579349223077542 0.02051907951342355 0.02643244014755183 0.09165096294141042 15.347142254008512 364.58635555555554 0.019683940222321325 0.020497841049573255 0.025362757226810573 0.05189592679051566 11.91353719664004 390.4736355555555 0.01955530403831335 0.020511338925362964 0.026411434793043496 0.0753904718333028 15.448775977193051 370.2800995555555 0.019684235485101453 0.020489931690097364 0.024585463383440583 0.05030094166124945 11.471392735285438 393.05507555555556 0.01954548340633528 0.02050736945663658 0.026221173102300058 0.054487868532629165 15.54872588743411 374.45160296296314 0.019713321714054474 0.02055218654987766 0.024392434302739276 0.04955935883700659 11.579773926779406 395.30911999999995 0.01953514034357056 0.02050242541723125 0.026001457875085492 0.051906601517808924 15.589204049332919 377.9025320634921 0.019691064313086825 0.020482285972502724 0.024112124844192295 0.04713353650727368 11.413227077204755 398.60810666666674 0.019517488661202037 0.02049999858372843 0.02569390494289951 0.0504194164029967 15.612755861849047 380.41017777777785 0.019687220060175606 0.020598505431433295 0.024889441241666647 0.0480814349038119 11.404540077364214 397.9636977777778 0.019508100860588344 0.02049821802751967 0.025573648457981678 0.04954024108963642 15.648847459151085 382.2244029629629 0.019700369348272944 0.020485757458442094 0.024412816466916412 0.04631997664622395 11.58092224581313 396.7382044444446 0.019498136856707673 0.020497959409096836 0.025605221091637802 0.04895288006827098 15.658202203168115 384.5665564444444 0.01969414172416509 0.020506768658618967 0.024886874249183167 0.047128842075744616 11.337625249010914 405.64593777777776 0.01948712034254538 0.02049689153355834 0.025506413470783855 0.048430655073738844 15.675145802031627 386.8369389898988 0.019682036051272007 0.020549316775868645 0.02453571271187684 0.047193634575880425 11.372578693152573 409.5407644444443 0.01948166834384199 0.02049582214087502 0.025354072774003724 0.04835789890728961 15.693154871947904 388.35259555555524 0.019692647113748536 0.02049205754830473 0.02482881750009983 0.04603574831199512 11.31006051842431 405.02481777777774 0.20054055261261466 0.20054055261261466 0.15688410441872172 0.1599581650800184 0.1275840588428221 0.14742510659034763 0.1089085336837208 0.13377645636108584 0.09420479879407208 0.12385387744347406 0.0829320104760261 0.11433045707107285 0.07413235872068154 0.12031381220431704 0.06717254238956961 0.1209598596713738 0.060994120336964046 0.11364392549827639 0.05545742062183895 0.1169673651424208 0.05052738086744273 0.10517881309660496 0.04639542571375641 0.10256917105303935 0.23812308012066746 0.2587015941745657 0.17100710875116346 0.14881928671058076 0.2391330995016649 0.23898471051410664 0.19644912055943747 0.17342579658293625 0.14022117659840955 0.23812308012066746 0.2587015941745657 0.17100710875116346 0.14881928671058076 0.2391330995016649 0.23898471051410664 0.19644912055943747 0.17342579658293625 0.14022117659840955 0.1796388345214303 0.21124325141077596 0.13126612999850185 0.10653669794303351 0.18583351368830606 0.18555877750519484 0.1616245249299749 0.15391560054697165 0.0963396092243058 0.21784361435072574 0.25771581783604786 0.057449267124682846 0.03944865576053918 0.2193210741770609 0.21920948363038587 0.21532196572171966 0.19011830620589554 0.02319530091310826 0.14508572274640316 0.17182976632367755 0.10711749532056945 0.08004636675027574 0.1477044968883004 0.14745932183646104 0.13529224660394318 0.14152478914164512 0.07219632397412296 0.21739050705255447 0.2389918902055776 0.03562414819766416 0.028208767942065387 0.2053284324757714 0.20538461402671843 0.19126808329551465 0.1916742696501841 0.012955246467077953 0.12347867812807241 0.1453390934812304 0.09233694936225814 0.06468385519039441 0.12344227041715737 0.12328270984266482 0.1180762427815784 0.1316622979809444 0.05787470596918685 0.19683014784764213 0.21819094842240905 0.03260240625566836 0.028875199309466255 0.18068947327438786 0.18067335197918657 0.1773526603395292 0.17811237773118224 0.010661542090301247 0.10618291472330439 0.12463652864032135 0.07898357316930421 0.05398605015854329 0.10473733911828575 0.1046358037104172 0.10281222264330897 0.12253888944398239 0.049329867539181144 0.1846094802518726 0.2017485019462431 0.025626891706137904 0.02262790081629217 0.1689478339546551 0.16901135072812704 0.16304365839385854 0.17480186989198734 0.004267409302092654 0.0923882831667676 0.10830319045272327 0.06842556060683502 0.04590944960708271 0.09016580703632338 0.09008441851373726 0.09126184398136494 0.1162605360900572 0.04358900482934354 0.17274815312606503 0.1824120959572764 0.025089344998520103 0.023038961232638523 0.15145817740304138 0.15142078919087 0.15309039101768138 0.16076391777187457 0.008952282941688589 0.08128921367611852 0.0953462611712576 0.061491227150583756 0.039856810679855456 0.07886339572628549 0.07880892826669392 0.08306679681040739 0.10989414103209351 0.03857445397283805 0.1782100090256529 0.19671879557051858 0.028046016069053874 0.022225539051597555 0.1591901498765455 0.15919473690400984 0.1743676943048913 0.15879764359906423 0.006073725437519504 0.07275971916439558 0.08530535687868789 0.055888624804562324 0.03548055312943043 0.07039321114092197 0.07034710579708306 0.07629014011081214 0.1037553605735499 0.03433280990668317 0.18417631592638659 0.19586124982602063 0.02478955110605458 0.01935123239456879 0.16299201834458615 0.1631081815910263 0.16601306680059918 0.16754672296873735 0.0048003980843849235 0.0654812418170598 0.07615282871938253 0.05050022446125162 0.031447801781157754 0.06292519298225101 0.06288097829956751 0.07025688499429296 0.0982933317535879 0.031008598224125265 0.17664200478611772 0.1816032116950716 0.023373469939968115 0.01257082631669631 0.15281329032028806 0.15282383537449196 0.1563337695391545 0.1577310914358795 0.008903830076819785 0.059156755490349516 0.0683692048197871 0.04581176788349602 0.028525613277320932 0.05662437815064396 0.05659369996426289 0.06397395287854689 0.09213439773898521 0.027927015393158096 0.1867315957417722 0.18886227875019646 0.016390916973388188 0.00942048164555092 0.15738305145973863 0.15730192016315125 0.16619124587248982 0.1635080090136123 0.006916786661887825 0.053479037079061154 0.061713657280012435 0.04114284360277364 0.025870861032436722 0.051094995931019946 0.05107187140884144 0.05848719400790076 0.08670808748638045 0.025177879978557853 0.1673798717691748 0.1732996929328184 0.013040323256561664 0.014979107956209577 0.13993364748719167 0.1400522851335979 0.13743551287098324 0.1526848264265228 0.0078040500363844925 0.04868915872193832 0.05626285478005637 0.03756053753580578 0.023556677094629795 0.04649162344986367 0.046474290669753636 0.05388445080003864 0.08172952980168695 0.022909708570034375 0.1635061886978459 0.1657505410890244 0.015068653933550811 0.011906831079681103 0.13711083189071466 0.13732117344169137 0.14520236142863116 0.14105292252796872 0.006203035388246353 3.4713584146456826 3.4713584146456826 3.615667516395909 5.38266680385995 3.67556579266089 14.156448128540024 3.669480294732655 24.73726169774269 3.669767869947237 31.22597314500629 3.7088792618646056 35.93002255937748 3.6926012818669802 37.789690123986965 3.7108249032653475 39.89978445523332 3.7019385537093705 40.507396379675896 3.7172817533674802 47.02621351190233 3.6984150738682096 46.40162620603931 3.695190712314069 46.76243793272489 σ=0.020781513566306416 0.0220816435670657 0.037961779850605455 3.239553898567728 14.565429528818736 350.7583326070539 0.020781513566306416 0.0220816435670657 0.037961779850605455 3.239553898567728 14.565429528818736 350.7583326070539 0.020675054305354032 0.02161552124514339 0.03381990257029082 1.7780165469774647 15.909810379046492 364.0484233197423 0.020728186992659155 0.021649898036341757 0.03075237258273592 1.999638353313257 14.20086088401138 382.4522418346847 0.020626575567584977 0.021586480556034685 0.029760103031677247 0.8413583941192044 16.410578440011907 379.1066450188443 0.02071536163861355 0.021629621517903708 0.028219135726791033 0.968528570513244 13.407074585317927 413.6879009737009 0.02058456688894399 0.021572168346410365 0.028309557386540153 0.43243256967277904 16.635378794153265 387.32960212004065 0.02069487963046872 0.021549993516682395 0.027620063388834815 0.058227119307680646 12.979819474037647 417.20976006385047 0.020559254981401567 0.021563996528291884 0.02826654519820197 0.3025125061968108 16.722324779102507 393.13286303050376 0.02069505498134111 0.021541708990626775 0.026576034207733468 0.055125709055003275 12.379533550254433 421.8534017026581 0.020548897106239892 0.021559810189123053 0.028088620504383228 0.059155896329730846 16.794435025966514 397.22484676488665 0.02072546282663813 0.021627273600128918 0.02638997056160258 0.054499534747405674 12.397202455393826 423.9154771830762 0.020537977567148098 0.021554570669904117 0.027748684262374312 0.05601257253149538 16.827533811109046 400.83906768333884 0.020702091015632532 0.021533532810199874 0.025794828832746756 0.05081392144882304 12.264355045061784 428.4722485968969 0.02051938890299607 0.021552000462624937 0.027325876229939913 0.05427226663133456 16.84706076397322 403.35715724523203 0.0206983339094129 0.021692014901821134 0.02702367652213673 0.05205866529526727 12.236730096619942 426.64705399264665 0.020509488153328034 0.02155012210030365 0.02720733175383144 0.053124125267247954 16.87726191717416 405.0317853134469 0.020712005763381162 0.021537235546862286 0.026110563721707825 0.05026833015486773 12.44769469231904 423.98048893332106 0.020498971612313538 0.02154984763519376 0.02723624791861398 0.05222143275738048 16.884936029527324 407.3251715725411 0.020705427765403565 0.021559417040515092 0.026724870953199576 0.05081279745223978 12.186369991325988 433.0927856168539 0.020487384862008823 0.021548718900888428 0.02714015800380138 0.05150581539932523 16.89722204616671 409.60947896432 0.020692872739529716 0.021622491386025 0.026365449699084206 0.0506720999155748 12.191292048425224 437.6042902395311 0.020481654981815957 0.021547592397403555 0.02699661843914785 0.05141906420392322 16.91213961364231 411.0474886810108 0.020703925996255524 0.021543878503822698 0.02666575815981657 0.04947618321715308 12.113267989433155 434.06778464088546 0.22856911348435882 0.22856911348435882 0.1876248680332533 0.1883250940392009 0.1585517658959269 0.17316991954717936 0.13977934998661837 0.1629688395326129 0.1239865849252697 0.14872456977076104 0.1116954208069001 0.1451745031736485 0.10212236515383842 0.15207199729313903 0.09417457683837481 0.14744786593233364 0.08678166382716762 0.14144475431567016 0.08013567822020236 0.1411502946836017 0.07354237267673658 0.13353648919976543 0.06764829006202365 0.131076062348262 0.2820821087927377 0.3061785721450427 0.2244841180577975 0.19889230009221093 0.27709647527325704 0.2769944845011405 0.2747626195646149 0.2660169319303878 0.1817519332652862 0.2820821087927377 0.3061785721450427 0.2244841180577975 0.19889230009221093 0.27709647527325704 0.2769944845011405 0.2747626195646149 0.2660169319303878 0.1817519332652862 0.22720002089661473 0.275336010495616 0.18042754675400394 0.15496890255756504 0.2288046349314171 0.2285036908553379 0.250715260205754 0.2491262152074083 0.13723489031708178 0.2804380572169459 0.3283546880231745 0.14649229378004358 0.10698596549379055 0.2649120286908545 0.2648232678894328 0.31072296390227844 0.29775825113102483 0.08353839490535998 0.19480643351340537 0.24390532675126197 0.1552151140378201 0.12400555282454799 0.19117696844257479 0.190889892480905 0.22730458219958793 0.23467475010099267 0.10782236665420483 0.2826991116770563 0.30694958016454715 0.11502461017600217 0.0928000645579404 0.2435093745540679 0.24356386442929673 0.2874211159409964 0.2887848149323462 0.06419805316039942 0.17538845301568134 0.21939916941587118 0.138390669593917 0.10630491086590999 0.1669467452485459 0.16675593497544114 0.21022333350534486 0.22140225584686035 0.09009050407242448 0.260141819854683 0.296984432212278 0.10915163349811106 0.09800623432925039 0.2252203736767407 0.22511413406207129 0.2778340190971968 0.28142659463430186 0.058099176765486184 0.15769952850081634 0.19620223108346233 0.12191018390719721 0.09225821836556775 0.1464070431827644 0.14632820014928813 0.19127092445790997 0.20973577556848264 0.08103650368508367 0.2477123494009425 0.27197591354482026 0.09293093152819704 0.0929119161241708 0.2055390757286675 0.20567867196246836 0.25809083270940103 0.27891890551261517 0.032544458589243735 0.14340835672000674 0.17606555835215973 0.10871423395972264 0.08109012808902191 0.12975987564194968 0.12971404339748455 0.1765533755130784 0.20240220545004578 0.07555670786066251 0.23071839768881616 0.2688672270869178 0.09242320066608772 0.08825476008338151 0.19825132555971856 0.19822171490693904 0.263838497474557 0.25233746560910136 0.05353734370325665 0.13106622814148136 0.16040641838795716 0.10047051335116798 0.07269307242169143 0.11684132116046334 0.11685190234629629 0.16671841633072823 0.19471906495325528 0.06884632880055976 0.24514399244093596 0.2804097668889824 0.10422365945681705 0.0888746794074256 0.20875472221269253 0.20873651472461643 0.27845653609449117 0.26855271243289863 0.0412703315344254 0.12068190632849705 0.14795889824048866 0.09466042418249912 0.06743514150470697 0.10700730935755835 0.10702315760846484 0.15873447626427273 0.18589048091531618 0.06215002565506636 0.24414647585196447 0.2675998774113412 0.09260079388288142 0.08556229647599908 0.204530030901601 0.20460240810198793 0.2669398699715706 0.269454856943701 0.037982155394219425 0.11121066462192356 0.13500036544754196 0.08727163157236828 0.05920398823672539 0.09747195171036842 0.09748567474490269 0.15044856466190115 0.17741099294438675 0.057154192096200186 0.24261136228233157 0.2584082120717304 0.09351468286917404 0.06187023103272097 0.19692364911918653 0.19703686014306196 0.25613468171089326 0.2545801492922053 0.0555683056922858 0.10280120550946298 0.1245270511367335 0.08089095395641586 0.0547039793933179 0.08972895122020437 0.08976688243995007 0.13963731620139785 0.16804459349923723 0.05190984814153389 0.23876068916631302 0.26073425835279934 0.07404179654951647 0.04814924172973205 0.195143606467389 0.19512781454240558 0.26021171379235536 0.2617156434264715 0.04142167852462915 0.0946961051424417 0.11442755494323668 0.0710332638796484 0.04989764240526358 0.08225283948574436 0.08229291794578301 0.12957407810674307 0.15981746295338972 0.04767561267288747 0.2310262976738335 0.24702866959575215 0.0638457143440686 0.0706693171691727 0.18694355684963132 0.18708450674602414 0.2334991646272266 0.24805435768923298 0.047151504679804196 0.0873289635053923 0.10582563857164748 0.06499257961615107 0.045802791845314536 0.07574818225246997 0.07578577277723084 0.12094718594482953 0.15089203885962407 0.04432417303263089 0.2199381170710411 0.2404579106476448 0.06828043315173528 0.05982731926956111 0.18004940953384194 0.17984868605446158 0.2449110887004077 0.23379619112253247 0.04496378621489364 3.7531576453293365 3.7531576453293365 3.866121979865649 8.391819875015988 3.9297739101091893 29.16981434643643 3.912501290011319 47.838607728588855 3.904968764147496 68.19334819611974 3.9420368557483885 60.688463443728175 3.9225960040542716 74.5884829042056 3.941807989180506 68.76288015804924 3.9333163603636616 65.56836673435174 3.944484616684118 74.4856595328076 3.9227772597289414 71.75392059626652 3.919254936740545 82.7209198619949 r=0.0025886377815421344 0.002750587758387833 0.004728688180594731 0.40353324556547304 1.8143347000394172 43.69201834506813 0.0025886377815421344 0.002750587758387833 0.004728688180594731 0.40353324556547304 1.8143347000394172 43.69201834506813 0.00257537674238745 0.0026925254883083055 0.004212757520389259 0.22147765103959158 1.9817967595557993 45.347491168508974 0.002581995186292128 0.0026968076143536654 0.003830652338470624 0.24908384917641052 1.7689224077680765 47.6399526766864 0.0025693380151412346 0.0026889080508782095 0.0037070508288332845 0.10480334456320788 2.044174657020708 47.2232102535872 0.0025803976031354356 0.002694281881011895 0.00351510108596099 0.12064422748295463 1.6700448550473788 51.53080533862754 0.002564105227243676 0.002687125258375986 0.0035263644101625447 0.053865724662097596 2.0721767892127474 48.24749837197859 0.002577846273081617 0.002684363062934834 0.0034404779704231224 0.0072530290187623365 1.61682405763586 51.969503774761186 0.0025609522634338863 0.0026861073403567862 0.003521006620632741 0.037682303573870354 2.083007167898827 48.970378368232936 0.002577868115566374 0.0026833311055135746 0.003310429051002101 0.0068667035602952755 1.5420497724484439 52.54793643568388 0.0025596620404241687 0.002685585871325947 0.003498843529228501 0.007368721616524102 2.0919895410485454 49.48009406639333 0.0025816558520534204 0.0026939894139285723 0.00328725213548971 0.006788704502849036 1.5442506898771182 52.804797731179534 0.002558301854056614 0.002684933213502734 0.003456499558633094 0.00697717522035951 2.096112472974063 49.930297502754875 0.002578744555299259 0.0026823126441058312 0.003213118634107678 0.006329608114011712 1.5277026254414692 53.37240945041409 0.002555986367353549 0.0026846130570498342 0.0034038327091465525 0.006760394975252575 2.098544837093323 50.24396194093093 0.0025782765534341215 0.00270205387848511 0.0033661893691321536 0.006484658945076868 1.524261538967111 53.145055090677296 0.0025547530859289557 0.0026843790798827334 0.003389066281827945 0.006617377379150013 2.1023068270933605 50.452561063106536 0.0025799795803870453 0.002682773873457045 0.003252447976501717 0.0062616468352383005 1.5505402275357758 52.81289588401094 0.002553443098794746 0.0026843448912876196 0.0033926682079539975 0.0065049339842691584 2.103262748668265 50.73823545823751 0.0025791601956950986 0.0026855368989863204 0.003328968818154577 0.0063294681039969235 1.5179884602122637 53.94796409722611 0.002551999801630255 0.0026842042911210924 0.0033806988206850955 0.006415793502548296 2.1047931495582626 51.0227789492661 0.002577596285818102 0.0026933937200649214 0.0032841977077672758 0.006311942192902008 1.5186015735415377 54.509937183575275 0.002551286062262637 0.0026840639688354867 0.0033628188939404586 0.006404987387714789 2.106651348127526 51.20190383692038 0.0025789731286490255 0.0026836013497288772 0.0033216054656328513 0.006162973488614227 1.5088825496440863 54.06941431318473 0.028471585622065216 0.028471585622065216 0.023371388258033445 0.02345861152446353 0.01974991331689456 0.021570815568180673 0.017411537677477856 0.020300123659528973 0.015444320603399656 0.018525794048821913 0.013913278520520145 0.01808358196013286 0.012720816120259786 0.01894276451287179 0.011730804249975935 0.018366762138973373 0.010809910116090827 0.017618987849669213 0.009982056582570108 0.01758230864792198 0.009160765112119228 0.016633899164951185 0.008426571960340615 0.01632741745050816 0.03513740238352343 0.03813896505778675 0.027962740418616308 0.02477490972126635 0.034516369692508306 0.0345036652682022 0.03422565424270324 0.03313625248362098 0.02263982937612694 0.03513740238352343 0.03813896505778675 0.027962740418616308 0.02477490972126635 0.034516369692508306 0.0345036652682022 0.03422565424270324 0.03313625248362098 0.02263982937612694 0.0283010453585875 0.034297078367940666 0.02247485790041939 0.019303615920211046 0.02850092322128643 0.02846343628834556 0.03123020818031463 0.031032269666059462 0.017094588461379765 0.03493261200527117 0.04090132070752451 0.018247731820584142 0.013326647815537933 0.03299862082066831 0.03298756438036876 0.03870503471192311 0.037090092412391945 0.010405914110703388 0.02426595600321836 0.03038193257354327 0.019334285117524518 0.015446683329317168 0.023813853687419166 0.02377809422850488 0.02831406997965276 0.029232130881473608 0.01343083366501737 0.035214259007684684 0.03823500524671684 0.014327977159061022 0.011559588885465863 0.030332611006369112 0.030339398507639354 0.03580245286580947 0.035972321278925565 0.007996795102638773 0.021847165966714262 0.027329336594121373 0.017238557469873444 0.013241812621248517 0.020795629292206852 0.020771861115722046 0.02618635365212187 0.027578849951192724 0.011222073977237415 0.03240442238657637 0.036993702085347246 0.013596413056667934 0.01220809255311912 0.028054451693927798 0.028041218014891275 0.03460824143236507 0.03505574862373117 0.007237091926522428 0.019643754835569932 0.024439822758096714 0.01518567485520306 0.011492094113206602 0.0182371126269286 0.018227291587925985 0.023825557266675977 0.02612562126648377 0.010094267410021474 0.03085615225127299 0.033878529743523976 0.011575890257475241 0.011573521614154985 0.02560286166437515 0.025620250392285892 0.032148942303434486 0.03474337971065617 0.0040538825439808005 0.017863582900726222 0.02193150921969722 0.013541928624285823 0.010100947104337498 0.016163467378986534 0.01615775831071984 0.02199227389543701 0.02521211914732373 0.009411679663899254 0.02873931002419686 0.03349129792856407 0.011512645042524099 0.010993405539199285 0.02469506708196474 0.024691378647324187 0.03286489699649613 0.03143227730213909 0.006668849705844068 0.016326192457961654 0.019980937082183958 0.012515054111046267 0.009054972494027745 0.014554274761375396 0.014555592800955782 0.0207671876264256 0.024255072986685333 0.008575804995385464 0.030536226282360933 0.03492908803616348 0.012982562686768248 0.011070625448067252 0.026003416896027115 0.026001148890311822 0.03468578491896949 0.03345212058406291 0.005140816097245 0.015032675135702387 0.018430418596731273 0.011791323556572602 0.00840002122779697 0.013329306502162328 0.01333128063080012 0.019772672533208156 0.02315534528277147 0.007741683685415618 0.030411971178338423 0.03333343121485455 0.011534766843675442 0.010658020294170852 0.02547717055172929 0.025486186177797437 0.033251217751949745 0.03356449571774231 0.004731226248952952 0.013852895133561216 0.016816246102791185 0.010870942678176192 0.007374712158408131 0.012141539933222293 0.012143249335454208 0.018740542522081655 0.022099102538004862 0.00711938043211723 0.030220750602771074 0.032188476488747134 0.011648604921470117 0.007706831222520428 0.024529685798033777 0.024543787866815048 0.031905275432636944 0.03171163595884173 0.006921835366436222 0.012805375494946253 0.015511643479097722 0.010076137088304505 0.006814171037466632 0.011177037345507243 0.011181762226985217 0.01739384531731823 0.020932382154363494 0.006466121618357779 0.029741093628764353 0.0324782191615115 0.009222975571523793 0.005997683753712386 0.02430795576636417 0.024305988653933932 0.03241312868639338 0.03260046485222328 0.005159668551649443 0.01179576813567866 0.014253605303119305 0.008848219357960447 0.006215472320051115 0.010245779608523586 0.010250771959804983 0.01614032361143473 0.019907574173139753 0.005938686411335366 0.028777663416100153 0.03077099005321911 0.0079529062122099 0.008802884536596287 0.023286521106019527 0.02330407845216483 0.029085694724977434 0.03089875432517124 0.0058734011880923745 0.010878084198809004 0.013182112332113378 0.008095764852615412 0.005705399517344422 0.009435530565964165 0.009440213008959161 0.015065719544875001 0.0187957836410551 0.005521216180033628 0.0273964703116918 0.029952507086990206 0.008505314515840585 0.007452357044901017 0.0224277554460387 0.022402752436478848 0.030507214756310616 0.029122693666628847 0.005600889243494329 0.46751001315589075 0.46751001315589075 0.48158135321562434 1.045322416726337 0.4895101208181757 3.6335218441539068 0.48735856641724584 5.958989800597507 0.48642028148533645 8.494466826350067 0.49103764788175286 7.559624994248941 0.48861600890727785 9.29107325593386 0.4910091392438876 8.56541026123235 0.4899513841813423 8.167487457590447 0.4913425518733796 9.278265119357226 0.4886385869204756 8.937987564602738 0.4881998306991126 10.30408578256113
  Query 1 has converged
  Query 2 has converged
  Query 3 has converged
  Query 4 has converged
  Query 7 has converged
  Query 8 has converged
  Query 9 has converged
  Query 10 has converged
  Query 13 has converged
  Query 14 has converged
  Query 15 has converged
  Query 16 has converged
  Query 19 has converged
  Query 20 has converged
  Query 21 has converged
  Query 22 has converged
  Query 25 has converged
  Query 26 has converged
  Query 27 has converged
  Query 28 has converged
  Query 31 has converged
  Query 32 has converged
  Query 33 has converged
  Query 34 has converged
  Query 37 has converged
  Query 38 has converged
  Query 39 has converged
  Query 40 has converged
  Query 43 has converged
  Query 44 has converged
  Query 45 has converged
  Query 46 has converged
  Query 49 has converged
  Query 50 has converged
  Query 51 has converged
  Query 52 has converged
  Query 55 has converged
  Query 56 has converged
  Query 57 has converged
  Query 58 has converged
  Query 61 has converged
  Query 62 has converged
  Query 63 has converged
  Query 64 has converged
  Query 67 has converged
  Query 68 has converged
  Query 69 has converged
  Query 70 has converged
  Query 73 has converged
  Query 74 has converged
  Query 75 has converged
  Query 76 has converged
  Query 79 has converged
  Query 80 has converged
  Query 81 has converged
  Query 82 has converged
  Query 85 has converged
  Query 86 has converged
  Query 87 has converged
  Query 88 has converged
  Query 91 has converged
  Query 92 has converged
  Query 93 has converged
  Query 94 has converged
  Query 97 has converged
  Query 98 has converged
  Query 99 has converged
  Query 100 has converged
  Query 103 has converged
  Query 104 has converged
  Query 105 has converged
  Query 106 has converged
  Query 109 has converged
  Query 110 has converged
  Query 111 has converged
  Query 112 has converged
  Query 115 has converged
  Query 116 has converged
  Query 117 has converged
  Query 118 has converged
  Query 121 has converged
  Query 122 has converged
  Query 123 has converged
  Query 124 has converged
  Query 127 has converged
  Query 128 has converged
  Query 129 has converged
  Query 130 has converged
  Query 133 has converged
  Query 134 has converged
  Query 135 has converged
  Query 136 has converged
  Query 139 has converged
  Query 140 has converged
  Query 141 has converged
  Query 142 has converged
  Query 145 has converged
  Query 146 has converged
  Query 147 has converged
  Query 148 has converged
  Query 149 has converged
  Query 150 has converged
  Query 151 has converged
  Query 152 has converged
  Query 153 has converged
  Query 154 has converged
  Query 155 has converged
  Query 156 has converged
  Query 157 has converged
  Query 158 has converged
  Query 159 has converged
  Query 160 has converged
  Query 161 has converged
  Query 162 has converged
  Query 163 has converged
  Query 164 has converged
  Query 165 has converged
  Query 166 has converged
  Query 167 has converged
  Query 168 has converged
  Query 169 has converged
  Query 170 has converged
  Query 171 has converged
  Query 172 has converged
  Query 173 has converged
  Query 174 has converged
  Query 175 has converged
  Query 176 has converged
  Query 177 has converged
  Query 178 has converged
  Query 179 has converged
  Query 180 has converged
  Query 181 has converged
  Query 182 has converged
  Query 183 has converged
  Query 184 has converged
  Query 185 has converged
  Query 186 has converged
  Query 187 has converged
  Query 188 has converged
  Query 189 has converged
  Query 190 has converged
  Query 191 has converged
  Query 192 has converged
  Query 193 has converged
  Query 194 has converged
  Query 195 has converged
  Query 196 has converged
  Query 197 has converged
  Query 198 has converged
  Query 199 has converged
  Query 200 has converged
  Query 201 has converged
  Query 202 has converged
  Query 203 has converged
  Query 204 has converged
  Query 205 has converged
  Query 206 has converged
  Query 207 has converged
  Query 208 has converged
  Query 209 has converged
  Query 210 has converged
  Query 211 has converged
  Query 212 has converged
  Query 213 has converged
  Query 214 has converged
  Query 215 has converged
  Query 216 has converged
  Query 217 has converged
  Query 218 has converged
  Query 219 has converged
  Query 220 has converged
  Query 221 has converged
  Query 222 has converged
  Query 223 has converged
  Query 224 has converged
  Query 225 has converged
  Query 226 has converged
  Query 227 has converged
  Query 228 has converged
  Query 229 has converged
  Query 230 has converged
  Query 231 has converged
  Query 232 has converged
  Query 233 has converged
  Query 234 has converged
  Query 235 has converged
  Query 236 has converged
  Query 237 has converged
  Query 238 has converged
  Query 239 has converged
  Query 240 has converged
  Query 241 has converged
  Query 242 has converged
  Query 243 has converged
  Query 244 has converged
  Query 245 has converged
  Query 246 has converged
  Query 247 has converged
  Query 248 has converged
  Query 249 has converged
  Query 250 has converged
  Query 251 has converged
  Query 252 has converged
  Query 253 has converged
  Query 254 has converged
  Query 255 has converged
  Query 256 has converged
  Query 257 has converged
  Query 258 has converged
  Query 259 has converged
  Query 260 has converged
  Query 261 has converged
  Query 262 has converged
  Query 263 has converged
  Query 264 has converged
  Query 265 has converged
  Query 266 has converged
  Query 267 has converged
  Query 268 has converged
  Query 269 has converged
  Query 270 has converged
  Query 271 has converged
  Query 272 has converged
  Query 273 has converged
  Query 274 has converged
  Query 275 has converged
  Query 276 has converged
  Query 277 has converged
  Query 278 has converged
  Query 279 has converged
  Query 280 has converged
  Query 281 has converged
  Query 282 has converged
  Query 283 has converged
  Query 284 has converged
  Query 285 has converged
  Query 286 has converged
  Query 287 has converged
  Query 288 has converged
  Query 289 has converged
  Query 290 has converged
  Query 291 has converged
  Query 292 has converged
  Query 293 has converged
  Query 294 has converged
  Query 295 has converged
  Query 296 has converged
  Query 297 has converged
  Query 298 has converged
  Query 299 has converged
  Query 300 has converged
  Query 301 has converged
  Query 302 has converged
  Query 303 has converged
  Query 304 has converged
  Query 305 has converged
  Query 306 has converged
  Query 307 has converged
  Query 308 has converged
  Query 309 has converged
  Query 310 has converged
  Query 311 has converged
  Query 312 has converged
  Query 313 has converged
  Query 314 has converged
  Query 315 has converged
  Query 316 has converged
  Query 317 has converged
  Query 318 has converged
  Query 319 has converged
  Query 320 has converged
  Query 321 has converged
  Query 322 has converged
  Query 323 has converged
  Query 324 has converged
  Query 325 has converged
  Query 326 has converged
  Query 327 has converged
  Query 328 has converged
  Query 329 has converged
  Query 330 has converged
  Query 331 has converged
  Query 332 has converged
  Query 333 has converged
  Query 334 has converged
  Query 335 has converged
  Query 336 has converged
  Query 337 has converged
  Query 338 has converged
  Query 339 has converged
  Query 340 has converged
  Query 341 has converged
  Query 342 has converged
  Query 343 has converged
  Query 344 has converged
  Query 345 has converged
  Query 346 has converged
  Query 347 has converged
  Query 348 has converged
  Query 349 has converged
  Query 350 has converged
  Query 351 has converged
  Query 352 has converged
  Query 353 has converged
  Query 354 has converged
  Query 355 has converged
  Query 356 has converged
  Query 357 has converged
  Query 358 has converged
  Query 359 has converged
  Query 360 has converged
  Query 361 has converged
  Query 362 has converged
  Query 363 has converged
  Query 364 has converged
  Query 365 has converged
  Query 366 has converged
  Query 367 has converged
  Query 368 has converged
  Query 369 has converged
  Query 370 has converged
  Query 371 has converged
  Query 372 has converged
  Query 373 has converged
  Query 374 has converged
  Query 375 has converged
  Query 376 has converged
  Query 377 has converged
  Query 378 has converged
  Query 379 has converged
  Query 380 has converged
  Query 381 has converged
  Query 382 has converged
  Query 383 has converged
  Query 384 has converged
  Query 385 has converged
  Query 386 has converged
  Query 387 has converged
  Query 389 has converged
  Query 391 has converged
  Query 393 has converged
  Query 395 has converged
  Query 397 has converged
  Query 399 has converged
  Query 401 has converged
  Query 403 has converged
  Query 405 has converged
  Query 407 has converged
{"nsims": 250, "queries": [{"mean": 0.019766300908547748, "std": 0.020781513566306416, "radius": 0.0025886377815421344, "file": "/home/dylan-l/maude-hcs/use-cases/challenge-problem-3/cp3_scenarios/scenario1/pwnd_cp3_scenario_1-quatex.maude", "line": 1, "column": 1, "nsims": 250, "discarded": 0}, {"mean": 0.020918898744881318, "std": 0.0220816435670657, "radius": 0.002750587758387833, "file": "/home/dylan-l/maude-hcs/use-cases/challenge-problem-3/cp3_scenarios/scenario1/pwnd_cp3_scenario_1-quatex.maude", "line": 2, "column": 1, "nsims": 250, "discarded": 0}, {"mean": 0.033933911981389, "std": 0.037961779850605455, "radius": 0.004728688180594731, "file": "/home/dylan-l/maude-hcs/use-cases/challenge-problem-3/cp3_scenarios/scenario1/pwnd_cp3_scenario_1-quatex.maude", "line": 3, "column": 1, "nsims": 250, "discarded": 0}, {"mean": 1.4700061005574674, "std": 3.239553898567728, "radius": 0.40353324556547304, "file": "/home/dylan-l/maude-hcs/use-cases/challenge-problem-3/cp3_scenarios/scenario1/pwnd_cp3_scenario_1-quatex.maude", "line": 4, "column": 1, "nsims": 250, "discarded": 0}, {"mean": 13.47429603212213, "std": 14.565429528818736, "radius": 1.8143347000394172, "file": "/home/dylan-l/maude-hcs/use-cases/challenge-problem-3/cp3_scenarios/scenario1/pwnd_cp3_scenario_1-quatex.maude", "line": 5, "column": 1, "nsims": 250, "discarded": 0}, {"mean": 327.3351822222222, "std": 350.7583326070539, "radius": 43.69201834506813, "file": "/home/dylan-l/maude-hcs/use-cases/challenge-problem-3/cp3_scenarios/scenario1/pwnd_cp3_scenario_1-quatex.maude", "line": 6, "column": 1, "nsims": 250, "discarded": 0}, {"mean": 0.019766300908547748, "std": 0.020781513566306416, "radius": 0.0025886377815421344, "file": "/home/dylan-l/maude-hcs/use-cases/challenge-problem-3/cp3_scenarios/scenario1/pwnd_cp3_scenario_1-quatex.maude", "line": 7, "column": 1, "nsims": 250, "discarded": 0}, {"mean": 0.020918898744881318, "std": 0.0220816435670657, "radius": 0.002750587758387833, "file": "/home/dylan-l/maude-hcs/use-cases/challenge-problem-3/cp3_scenarios/scenario1/pwnd_cp3_scenario_1-quatex.maude", "line": 8, "column": 1, "nsims": 250, "discarded": 0}, {"mean": 0.033933911981389, "std": 0.037961779850605455, "radius": 0.004728688180594731, "file": "/home/dylan-l/maude-hcs/use-cases/challenge-problem-3/cp3_scenarios/scenario1/pwnd_cp3_scenario_1-quatex.maude", "line": 9, "column": 1, "nsims": 250, "discarded": 0}, {"mean": 1.4700061005574674, "std": 3.239553898567728, "radius": 0.40353324556547304, "file": "/home/dylan-l/maude-hcs/use-cases/challenge-problem-3/cp3_scenarios/scenario1/pwnd_cp3_scenario_1-quatex.maude", "line": 10, "column": 1, "nsims": 250, "discarded": 0}, {"mean": 13.47429603212213, "std": 14.565429528818736, "radius": 1.8143347000394172, "file": "/home/dylan-l/maude-hcs/use-cases/challenge-problem-3/cp3_scenarios/scenario1/pwnd_cp3_scenario_1-quatex.maude", "line": 11, "column": 1, "nsims": 250, "discarded": 0}, {"mean": 327.3351822222222, "std": 350.7583326070539, "radius": 43.69201834506813, "file": "/home/dylan-l/maude-hcs/use-cases/challenge-problem-3/cp3_scenarios/scenario1/pwnd_cp3_scenario_1-quatex.maude", "line": 12, "column": 1, "nsims": 250, "discarded": 0}, {"mean": 0.019665319553536106, "std": 0.020675054305354032, "radius": 0.00257537674238745, "file": "/home/dylan-l/maude-hcs/use-cases/challenge-problem-3/cp3_scenarios/scenario1/pwnd_cp3_scenario_1-quatex.maude", "line": 13, "column": 1, "nsims": 250, "discarded": 0}, {"mean": 0.020560020602790458, "std": 0.02161552124514339, "radius": 0.0026925254883083055, "file": "/home/dylan-l/maude-hcs/use-cases/challenge-problem-3/cp3_scenarios/scenario1/pwnd_cp3_scenario_1-quatex.maude", "line": 14, "column": 1, "nsims": 250, "discarded": 0}, {"mean": 0.030137465859179386, "std": 0.03381990257029082, "radius": 0.004212757520389259, "file": "/home/dylan-l/maude-hcs/use-cases/challenge-problem-3/cp3_scenarios/scenario1/pwnd_cp3_scenario_1-quatex.maude", "line": 15, "column": 1, "nsims": 250, "discarded": 0}, {"mean": 0.5281118117692895, "std": 1.7780165469774647, "radius": 0.22147765103959158, "file": "/home/dylan-l/maude-hcs/use-cases/challenge-problem-3/cp3_scenarios/scenario1/pwnd_cp3_scenario_1-quatex.maude", "line": 16, "column": 1, "nsims": 250, "discarded": 0}, {"mean": 14.691467175654296, "std": 15.909810379046492, "radius": 1.9817967595557993, "file": "/home/dylan-l/maude-hcs/use-cases/challenge-problem-3/cp3_scenarios/scenario1/pwnd_cp3_scenario_1-quatex.maude", "line": 17, "column": 1, "nsims": 250, "discarded": 0}, {"mean": 341.074008888889, "std": 364.0484233197423, "radius": 45.347491168508974, "file": "/home/dylan-l/maude-hcs/use-cases/challenge-problem-3/cp3_scenarios/scenario1/pwnd_cp3_scenario_1-quatex.maude", "line": 18, "column": 1, "nsims": 250, "discarded": 0}, {"mean": 0.01971569541579129, "std": 0.020728186992659155, "radius": 0.002581995186292128, "file": "/home/dylan-l/maude-hcs/use-cases/challenge-problem-3/cp3_scenarios/scenario1/pwnd_cp3_scenario_1-quatex.maude", "line": 19, "column": 1, "nsims": 250, "discarded": 0}, {"mean": 0.020573846729968863, "std": 0.021649898036341757, "radius": 0.0026968076143536654, "file": "/home/dylan-l/maude-hcs/use-cases/challenge-problem-3/cp3_scenarios/scenario1/pwnd_cp3_scenario_1-quatex.maude", "line": 20, "column": 1, "nsims": 250, "discarded": 0}, {"mean": 0.027091047253728448, "std": 0.03075237258273592, "radius": 0.003830652338470624, "file": "/home/dylan-l/maude-hcs/use-cases/challenge-problem-3/cp3_scenarios/scenario1/pwnd_cp3_scenario_1-quatex.maude", "line": 21, "column": 1, "nsims": 250, "discarded": 0}, {"mean": 0.4906510803262704, "std": 1.999638353313257, "radius": 0.24908384917641052, "file": "/home/dylan-l/maude-hcs/use-cases/challenge-problem-3/cp3_scenarios/scenario1/pwnd_cp3_scenario_1-quatex.maude", "line": 22, "column": 1, "nsims": 250, "discarded": 0}, {"mean": 12.934293824907336, "std": 14.20086088401138, "radius": 1.7689224077680765, "file": "/home/dylan-l/maude-hcs/use-cases/challenge-problem-3/cp3_scenarios/scenario1/pwnd_cp3_scenario_1-quatex.maude", "line": 23, "column": 1, "nsims": 250, "discarded": 0}, {"mean": 354.8128355555557, "std": 382.4522418346847, "radius": 47.6399526766864, "file": "/home/dylan-l/maude-hcs/use-cases/challenge-problem-3/cp3_scenarios/scenario1/pwnd_cp3_scenario_1-quatex.maude", "line": 24, "column": 1, "nsims": 250, "discarded": 0}, {"mean": 0.01961929496257744, "std": 0.020626575567584977, "radius": 0.0025693380151412346, "file": "/home/dylan-l/maude-hcs/use-cases/challenge-problem-3/cp3_scenarios/scenario1/pwnd_cp3_scenario_1-quatex.maude", "line": 25, "column": 1, "nsims": 250, "discarded": 0}, {"mean": 0.020532593030808868, "std": 0.021586480556034685, "radius": 0.0026889080508782095, "file": "/home/dylan-l/maude-hcs/use-cases/challenge-problem-3/cp3_scenarios/scenario1/pwnd_cp3_scenario_1-quatex.maude", "line": 26, "column": 1, "nsims": 250, "discarded": 0}, {"mean": 0.027338377311955455, "std": 0.029760103031677247, "radius": 0.0037070508288332845, "file": "/home/dylan-l/maude-hcs/use-cases/challenge-problem-3/cp3_scenarios/scenario1/pwnd_cp3_scenario_1-quatex.maude", "line": 27, "column": 1, "nsims": 250, "discarded": 0}, {"mean": 0.15288336412478018, "std": 0.8413583941192044, "radius": 0.10480334456320788, "file": "/home/dylan-l/maude-hcs/use-cases/challenge-problem-3/cp3_scenarios/scenario1/pwnd_cp3_scenario_1-quatex.maude", "line": 28, "column": 1, "nsims": 250, "discarded": 0}, {"mean": 15.132754398027155, "std": 16.410578440011907, "radius": 2.044174657020708, "file": "/home/dylan-l/maude-hcs/use-cases/challenge-problem-3/cp3_scenarios/scenario1/pwnd_cp3_scenario_1-quatex.maude", "line": 29, "column": 1, "nsims": 250, "discarded": 0}, {"mean": 355.9572622222223, "std": 379.1066450188443, "radius": 47.2232102535872, "file": "/home/dylan-l/maude-hcs/use-cases/challenge-problem-3/cp3_scenarios/scenario1/pwnd_cp3_scenario_1-quatex.maude", "line": 30, "column": 1, "nsims": 250, "discarded": 0}, {"mean": 0.01970351992056476, "std": 0.02071536163861355, "radius": 0.0025803976031354356, "file": "/home/dylan-l/maude-hcs/use-cases/challenge-problem-3/cp3_scenarios/scenario1/pwnd_cp3_scenario_1-quatex.maude", "line": 31, "column": 1, "nsims": 250, "discarded": 0}, {"mean": 0.020556504746646168, "std": 0.021629621517903708, "radius": 0.002694281881011895, "file": "/home/dylan-l/maude-hcs/use-cases/challenge-problem-3/cp3_scenarios/scenario1/pwnd_cp3_scenario_1-quatex.maude", "line": 32, "column": 1, "nsims": 250, "discarded": 0}, {"mean": 0.025529576429934423, "std": 0.028219135726791033, "radius": 0.00351510108596099, "file": "/home/dylan-l/maude-hcs/use-cases/challenge-problem-3/cp3_scenarios/scenario1/pwnd_cp3_scenario_1-quatex.maude", "line": 33, "column": 1, "nsims": 250, "discarded": 0}, {"mean": 0.1744130940557161, "std": 0.968528570513244, "radius": 0.12064422748295463, "file": "/home/dylan-l/maude-hcs/use-cases/challenge-problem-3/cp3_scenarios/scenario1/pwnd_cp3_scenario_1-quatex.maude", "line": 34, "column": 1, "nsims": 250, "discarded": 0}, {"mean": 12.277554197211739, "std": 13.407074585317927, "radius": 1.6700448550473788, "file": "/home/dylan-l/maude-hcs/use-cases/challenge-problem-3/cp3_scenarios/scenario1/pwnd_cp3_scenario_1-quatex.maude", "line": 35, "column": 1, "nsims": 250, "discarded": 0}, {"mean": 385.72376888888874, "std": 413.6879009737009, "radius": 51.53080533862754, "file": "/home/dylan-l/maude-hcs/use-cases/challenge-problem-3/cp3_scenarios/scenario1/pwnd_cp3_scenario_1-quatex.maude", "line": 36, "column": 1, "nsims": 250, "discarded": 0}, {"mean": 0.019579349223077542, "std": 0.02058456688894399, "radius": 0.002564105227243676, "file": "/home/dylan-l/maude-hcs/use-cases/challenge-problem-3/cp3_scenarios/scenario1/pwnd_cp3_scenario_1-quatex.maude", "line": 37, "column": 1, "nsims": 250, "discarded": 0}, {"mean": 0.02051907951342355, "std": 0.021572168346410365, "radius": 0.002687125258375986, "file": "/home/dylan-l/maude-hcs/use-cases/challenge-problem-3/cp3_scenarios/scenario1/pwnd_cp3_scenario_1-quatex.maude", "line": 38, "column": 1, "nsims": 250, "discarded": 0}, {"mean": 0.02643244014755183, "std": 0.028309557386540153, "radius": 0.0035263644101625447, "file": "/home/dylan-l/maude-hcs/use-cases/challenge-problem-3/cp3_scenarios/scenario1/pwnd_cp3_scenario_1-quatex.maude", "line": 39, "column": 1, "nsims": 250, "discarded": 0}, {"mean": 0.09165096294141042, "std": 0.43243256967277904, "radius": 0.053865724662097596, "file": "/home/dylan-l/maude-hcs/use-cases/challenge-problem-3/cp3_scenarios/scenario1/pwnd_cp3_scenario_1-quatex.maude", "line": 40, "column": 1, "nsims": 250, "discarded": 0}, {"mean": 15.347142254008512, "std": 16.635378794153265, "radius": 2.0721767892127474, "file": "/home/dylan-l/maude-hcs/use-cases/challenge-problem-3/cp3_scenarios/scenario1/pwnd_cp3_scenario_1-quatex.maude", "line": 41, "column": 1, "nsims": 250, "discarded": 0}, {"mean": 364.58635555555554, "std": 387.32960212004065, "radius": 48.24749837197859, "file": "/home/dylan-l/maude-hcs/use-cases/challenge-problem-3/cp3_scenarios/scenario1/pwnd_cp3_scenario_1-quatex.maude", "line": 42, "column": 1, "nsims": 250, "discarded": 0}, {"mean": 0.019683940222321325, "std": 0.02069487963046872, "radius": 0.002577846273081617, "file": "/home/dylan-l/maude-hcs/use-cases/challenge-problem-3/cp3_scenarios/scenario1/pwnd_cp3_scenario_1-quatex.maude", "line": 43, "column": 1, "nsims": 250, "discarded": 0}, {"mean": 0.020497841049573255, "std": 0.021549993516682395, "radius": 0.002684363062934834, "file": "/home/dylan-l/maude-hcs/use-cases/challenge-problem-3/cp3_scenarios/scenario1/pwnd_cp3_scenario_1-quatex.maude", "line": 44, "column": 1, "nsims": 250, "discarded": 0}, {"mean": 0.025362757226810573, "std": 0.027620063388834815, "radius": 0.0034404779704231224, "file": "/home/dylan-l/maude-hcs/use-cases/challenge-problem-3/cp3_scenarios/scenario1/pwnd_cp3_scenario_1-quatex.maude", "line": 45, "column": 1, "nsims": 250, "discarded": 0}, {"mean": 0.05189592679051566, "std": 0.058227119307680646, "radius": 0.0072530290187623365, "file": "/home/dylan-l/maude-hcs/use-cases/challenge-problem-3/cp3_scenarios/scenario1/pwnd_cp3_scenario_1-quatex.maude", "line": 46, "column": 1, "nsims": 250, "discarded": 0}, {"mean": 11.91353719664004, "std": 12.979819474037647, "radius": 1.61682405763586, "file": "/home/dylan-l/maude-hcs/use-cases/challenge-problem-3/cp3_scenarios/scenario1/pwnd_cp3_scenario_1-quatex.maude", "line": 47, "column": 1, "nsims": 250, "discarded": 0}, {"mean": 390.4736355555555, "std": 417.20976006385047, "radius": 51.969503774761186, "file": "/home/dylan-l/maude-hcs/use-cases/challenge-problem-3/cp3_scenarios/scenario1/pwnd_cp3_scenario_1-quatex.maude", "line": 48, "column": 1, "nsims": 250, "discarded": 0}, {"mean": 0.01955530403831335, "std": 0.020559254981401567, "radius": 0.0025609522634338863, "file": "/home/dylan-l/maude-hcs/use-cases/challenge-problem-3/cp3_scenarios/scenario1/pwnd_cp3_scenario_1-quatex.maude", "line": 49, "column": 1, "nsims": 250, "discarded": 0}, {"mean": 0.020511338925362964, "std": 0.021563996528291884, "radius": 0.0026861073403567862, "file": "/home/dylan-l/maude-hcs/use-cases/challenge-problem-3/cp3_scenarios/scenario1/pwnd_cp3_scenario_1-quatex.maude", "line": 50, "column": 1, "nsims": 250, "discarded": 0}, {"mean": 0.026411434793043496, "std": 0.02826654519820197, "radius": 0.003521006620632741, "file": "/home/dylan-l/maude-hcs/use-cases/challenge-problem-3/cp3_scenarios/scenario1/pwnd_cp3_scenario_1-quatex.maude", "line": 51, "column": 1, "nsims": 250, "discarded": 0}, {"mean": 0.0753904718333028, "std": 0.3025125061968108, "radius": 0.037682303573870354, "file": "/home/dylan-l/maude-hcs/use-cases/challenge-problem-3/cp3_scenarios/scenario1/pwnd_cp3_scenario_1-quatex.maude", "line": 52, "column": 1, "nsims": 250, "discarded": 0}, {"mean": 15.448775977193051, "std": 16.722324779102507, "radius": 2.083007167898827, "file": "/home/dylan-l/maude-hcs/use-cases/challenge-problem-3/cp3_scenarios/scenario1/pwnd_cp3_scenario_1-quatex.maude", "line": 53, "column": 1, "nsims": 250, "discarded": 0}, {"mean": 370.2800995555555, "std": 393.13286303050376, "radius": 48.970378368232936, "file": "/home/dylan-l/maude-hcs/use-cases/challenge-problem-3/cp3_scenarios/scenario1/pwnd_cp3_scenario_1-quatex.maude", "line": 54, "column": 1, "nsims": 250, "discarded": 0}, {"mean": 0.019684235485101453, "std": 0.02069505498134111, "radius": 0.002577868115566374, "file": "/home/dylan-l/maude-hcs/use-cases/challenge-problem-3/cp3_scenarios/scenario1/pwnd_cp3_scenario_1-quatex.maude", "line": 55, "column": 1, "nsims": 250, "discarded": 0}, {"mean": 0.020489931690097364, "std": 0.021541708990626775, "radius": 0.0026833311055135746, "file": "/home/dylan-l/maude-hcs/use-cases/challenge-problem-3/cp3_scenarios/scenario1/pwnd_cp3_scenario_1-quatex.maude", "line": 56, "column": 1, "nsims": 250, "discarded": 0}, {"mean": 0.024585463383440583, "std": 0.026576034207733468, "radius": 0.003310429051002101, "file": "/home/dylan-l/maude-hcs/use-cases/challenge-problem-3/cp3_scenarios/scenario1/pwnd_cp3_scenario_1-quatex.maude", "line": 57, "column": 1, "nsims": 250, "discarded": 0}, {"mean": 0.05030094166124945, "std": 0.055125709055003275, "radius": 0.0068667035602952755, "file": "/home/dylan-l/maude-hcs/use-cases/challenge-problem-3/cp3_scenarios/scenario1/pwnd_cp3_scenario_1-quatex.maude", "line": 58, "column": 1, "nsims": 250, "discarded": 0}, {"mean": 11.471392735285438, "std": 12.379533550254433, "radius": 1.5420497724484439, "file": "/home/dylan-l/maude-hcs/use-cases/challenge-problem-3/cp3_scenarios/scenario1/pwnd_cp3_scenario_1-quatex.maude", "line": 59, "column": 1, "nsims": 250, "discarded": 0}, {"mean": 393.05507555555556, "std": 421.8534017026581, "radius": 52.54793643568388, "file": "/home/dylan-l/maude-hcs/use-cases/challenge-problem-3/cp3_scenarios/scenario1/pwnd_cp3_scenario_1-quatex.maude", "line": 60, "column": 1, "nsims": 250, "discarded": 0}, {"mean": 0.01954548340633528, "std": 0.020548897106239892, "radius": 0.0025596620404241687, "file": "/home/dylan-l/maude-hcs/use-cases/challenge-problem-3/cp3_scenarios/scenario1/pwnd_cp3_scenario_1-quatex.maude", "line": 61, "column": 1, "nsims": 250, "discarded": 0}, {"mean": 0.02050736945663658, "std": 0.021559810189123053, "radius": 0.002685585871325947, "file": "/home/dylan-l/maude-hcs/use-cases/challenge-problem-3/cp3_scenarios/scenario1/pwnd_cp3_scenario_1-quatex.maude", "line": 62, "column": 1, "nsims": 250, "discarded": 0}, {"mean": 0.026221173102300058, "std": 0.028088620504383228, "radius": 0.003498843529228501, "file": "/home/dylan-l/maude-hcs/use-cases/challenge-problem-3/cp3_scenarios/scenario1/pwnd_cp3_scenario_1-quatex.maude", "line": 63, "column": 1, "nsims": 250, "discarded": 0}, {"mean": 0.054487868532629165, "std": 0.059155896329730846, "radius": 0.007368721616524102, "file": "/home/dylan-l/maude-hcs/use-cases/challenge-problem-3/cp3_scenarios/scenario1/pwnd_cp3_scenario_1-quatex.maude", "line": 64, "column": 1, "nsims": 250, "discarded": 0}, {"mean": 15.54872588743411, "std": 16.794435025966514, "radius": 2.0919895410485454, "file": "/home/dylan-l/maude-hcs/use-cases/challenge-problem-3/cp3_scenarios/scenario1/pwnd_cp3_scenario_1-quatex.maude", "line": 65, "column": 1, "nsims": 250, "discarded": 0}, {"mean": 374.45160296296314, "std": 397.22484676488665, "radius": 49.48009406639333, "file": "/home/dylan-l/maude-hcs/use-cases/challenge-problem-3/cp3_scenarios/scenario1/pwnd_cp3_scenario_1-quatex.maude", "line": 66, "column": 1, "nsims": 250, "discarded": 0}, {"mean": 0.019713321714054474, "std": 0.02072546282663813, "radius": 0.0025816558520534204, "file": "/home/dylan-l/maude-hcs/use-cases/challenge-problem-3/cp3_scenarios/scenario1/pwnd_cp3_scenario_1-quatex.maude", "line": 67, "column": 1, "nsims": 250, "discarded": 0}, {"mean": 0.02055218654987766, "std": 0.021627273600128918, "radius": 0.0026939894139285723, "file": "/home/dylan-l/maude-hcs/use-cases/challenge-problem-3/cp3_scenarios/scenario1/pwnd_cp3_scenario_1-quatex.maude", "line": 68, "column": 1, "nsims": 250, "discarded": 0}, {"mean": 0.024392434302739276, "std": 0.02638997056160258, "radius": 0.00328725213548971, "file": "/home/dylan-l/maude-hcs/use-cases/challenge-problem-3/cp3_scenarios/scenario1/pwnd_cp3_scenario_1-quatex.maude", "line": 69, "column": 1, "nsims": 250, "discarded": 0}, {"mean": 0.04955935883700659, "std": 0.054499534747405674, "radius": 0.006788704502849036, "file": "/home/dylan-l/maude-hcs/use-cases/challenge-problem-3/cp3_scenarios/scenario1/pwnd_cp3_scenario_1-quatex.maude", "line": 70, "column": 1, "nsims": 250, "discarded": 0}, {"mean": 11.579773926779406, "std": 12.397202455393826, "radius": 1.5442506898771182, "file": "/home/dylan-l/maude-hcs/use-cases/challenge-problem-3/cp3_scenarios/scenario1/pwnd_cp3_scenario_1-quatex.maude", "line": 71, "column": 1, "nsims": 250, "discarded": 0}, {"mean": 395.30911999999995, "std": 423.9154771830762, "radius": 52.804797731179534, "file": "/home/dylan-l/maude-hcs/use-cases/challenge-problem-3/cp3_scenarios/scenario1/pwnd_cp3_scenario_1-quatex.maude", "line": 72, "column": 1, "nsims": 250, "discarded": 0}, {"mean": 0.01953514034357056, "std": 0.020537977567148098, "radius": 0.002558301854056614, "file": "/home/dylan-l/maude-hcs/use-cases/challenge-problem-3/cp3_scenarios/scenario1/pwnd_cp3_scenario_1-quatex.maude", "line": 73, "column": 1, "nsims": 250, "discarded": 0}, {"mean": 0.02050242541723125, "std": 0.021554570669904117, "radius": 0.002684933213502734, "file": "/home/dylan-l/maude-hcs/use-cases/challenge-problem-3/cp3_scenarios/scenario1/pwnd_cp3_scenario_1-quatex.maude", "line": 74, "column": 1, "nsims": 250, "discarded": 0}, {"mean": 0.026001457875085492, "std": 0.027748684262374312, "radius": 0.003456499558633094, "file": "/home/dylan-l/maude-hcs/use-cases/challenge-problem-3/cp3_scenarios/scenario1/pwnd_cp3_scenario_1-quatex.maude", "line": 75, "column": 1, "nsims": 250, "discarded": 0}, {"mean": 0.051906601517808924, "std": 0.05601257253149538, "radius": 0.00697717522035951, "file": "/home/dylan-l/maude-hcs/use-cases/challenge-problem-3/cp3_scenarios/scenario1/pwnd_cp3_scenario_1-quatex.maude", "line": 76, "column": 1, "nsims": 250, "discarded": 0}, {"mean": 15.589204049332919, "std": 16.827533811109046, "radius": 2.096112472974063, "file": "/home/dylan-l/maude-hcs/use-cases/challenge-problem-3/cp3_scenarios/scenario1/pwnd_cp3_scenario_1-quatex.maude", "line": 77, "column": 1, "nsims": 250, "discarded": 0}, {"mean": 377.9025320634921, "std": 400.83906768333884, "radius": 49.930297502754875, "file": "/home/dylan-l/maude-hcs/use-cases/challenge-problem-3/cp3_scenarios/scenario1/pwnd_cp3_scenario_1-quatex.maude", "line": 78, "column": 1, "nsims": 250, "discarded": 0}, {"mean": 0.019691064313086825, "std": 0.020702091015632532, "radius": 0.002578744555299259, "file": "/home/dylan-l/maude-hcs/use-cases/challenge-problem-3/cp3_scenarios/scenario1/pwnd_cp3_scenario_1-quatex.maude", "line": 79, "column": 1, "nsims": 250, "discarded": 0}, {"mean": 0.020482285972502724, "std": 0.021533532810199874, "radius": 0.0026823126441058312, "file": "/home/dylan-l/maude-hcs/use-cases/challenge-problem-3/cp3_scenarios/scenario1/pwnd_cp3_scenario_1-quatex.maude", "line": 80, "column": 1, "nsims": 250, "discarded": 0}, {"mean": 0.024112124844192295, "std": 0.025794828832746756, "radius": 0.003213118634107678, "file": "/home/dylan-l/maude-hcs/use-cases/challenge-problem-3/cp3_scenarios/scenario1/pwnd_cp3_scenario_1-quatex.maude", "line": 81, "column": 1, "nsims": 250, "discarded": 0}, {"mean": 0.04713353650727368, "std": 0.05081392144882304, "radius": 0.006329608114011712, "file": "/home/dylan-l/maude-hcs/use-cases/challenge-problem-3/cp3_scenarios/scenario1/pwnd_cp3_scenario_1-quatex.maude", "line": 82, "column": 1, "nsims": 250, "discarded": 0}, {"mean": 11.413227077204755, "std": 12.264355045061784, "radius": 1.5277026254414692, "file": "/home/dylan-l/maude-hcs/use-cases/challenge-problem-3/cp3_scenarios/scenario1/pwnd_cp3_scenario_1-quatex.maude", "line": 83, "column": 1, "nsims": 250, "discarded": 0}, {"mean": 398.60810666666674, "std": 428.4722485968969, "radius": 53.37240945041409, "file": "/home/dylan-l/maude-hcs/use-cases/challenge-problem-3/cp3_scenarios/scenario1/pwnd_cp3_scenario_1-quatex.maude", "line": 84, "column": 1, "nsims": 250, "discarded": 0}, {"mean": 0.019517488661202037, "std": 0.02051938890299607, "radius": 0.002555986367353549, "file": "/home/dylan-l/maude-hcs/use-cases/challenge-problem-3/cp3_scenarios/scenario1/pwnd_cp3_scenario_1-quatex.maude", "line": 85, "column": 1, "nsims": 250, "discarded": 0}, {"mean": 0.02049999858372843, "std": 0.021552000462624937, "radius": 0.0026846130570498342, "file": "/home/dylan-l/maude-hcs/use-cases/challenge-problem-3/cp3_scenarios/scenario1/pwnd_cp3_scenario_1-quatex.maude", "line": 86, "column": 1, "nsims": 250, "discarded": 0}, {"mean": 0.02569390494289951, "std": 0.027325876229939913, "radius": 0.0034038327091465525, "file": "/home/dylan-l/maude-hcs/use-cases/challenge-problem-3/cp3_scenarios/scenario1/pwnd_cp3_scenario_1-quatex.maude", "line": 87, "column": 1, "nsims": 250, "discarded": 0}, {"mean": 0.0504194164029967, "std": 0.05427226663133456, "radius": 0.006760394975252575, "file": "/home/dylan-l/maude-hcs/use-cases/challenge-problem-3/cp3_scenarios/scenario1/pwnd_cp3_scenario_1-quatex.maude", "line": 88, "column": 1, "nsims": 250, "discarded": 0}, {"mean": 15.612755861849047, "std": 16.84706076397322, "radius": 2.098544837093323, "file": "/home/dylan-l/maude-hcs/use-cases/challenge-problem-3/cp3_scenarios/scenario1/pwnd_cp3_scenario_1-quatex.maude", "line": 89, "column": 1, "nsims": 250, "discarded": 0}, {"mean": 380.41017777777785, "std": 403.35715724523203, "radius": 50.24396194093093, "file": "/home/dylan-l/maude-hcs/use-cases/challenge-problem-3/cp3_scenarios/scenario1/pwnd_cp3_scenario_1-quatex.maude", "line": 90, "column": 1, "nsims": 250, "discarded": 0}, {"mean": 0.019687220060175606, "std": 0.0206983339094129, "radius": 0.0025782765534341215, "file": "/home/dylan-l/maude-hcs/use-cases/challenge-problem-3/cp3_scenarios/scenario1/pwnd_cp3_scenario_1-quatex.maude", "line": 91, "column": 1, "nsims": 250, "discarded": 0}, {"mean": 0.020598505431433295, "std": 0.021692014901821134, "radius": 0.00270205387848511, "file": "/home/dylan-l/maude-hcs/use-cases/challenge-problem-3/cp3_scenarios/scenario1/pwnd_cp3_scenario_1-quatex.maude", "line": 92, "column": 1, "nsims": 250, "discarded": 0}, {"mean": 0.024889441241666647, "std": 0.02702367652213673, "radius": 0.0033661893691321536, "file": "/home/dylan-l/maude-hcs/use-cases/challenge-problem-3/cp3_scenarios/scenario1/pwnd_cp3_scenario_1-quatex.maude", "line": 93, "column": 1, "nsims": 250, "discarded": 0}, {"mean": 0.0480814349038119, "std": 0.05205866529526727, "radius": 0.006484658945076868, "file": "/home/dylan-l/maude-hcs/use-cases/challenge-problem-3/cp3_scenarios/scenario1/pwnd_cp3_scenario_1-quatex.maude", "line": 94, "column": 1, "nsims": 250, "discarded": 0}, {"mean": 11.404540077364214, "std": 12.236730096619942, "radius": 1.524261538967111, "file": "/home/dylan-l/maude-hcs/use-cases/challenge-problem-3/cp3_scenarios/scenario1/pwnd_cp3_scenario_1-quatex.maude", "line": 95, "column": 1, "nsims": 250, "discarded": 0}, {"mean": 397.9636977777778, "std": 426.64705399264665, "radius": 53.145055090677296, "file": "/home/dylan-l/maude-hcs/use-cases/challenge-problem-3/cp3_scenarios/scenario1/pwnd_cp3_scenario_1-quatex.maude", "line": 96, "column": 1, "nsims": 250, "discarded": 0}, {"mean": 0.019508100860588344, "std": 0.020509488153328034, "radius": 0.0025547530859289557, "file": "/home/dylan-l/maude-hcs/use-cases/challenge-problem-3/cp3_scenarios/scenario1/pwnd_cp3_scenario_1-quatex.maude", "line": 97, "column": 1, "nsims": 250, "discarded": 0}, {"mean": 0.02049821802751967, "std": 0.02155012210030365, "radius": 0.0026843790798827334, "file": "/home/dylan-l/maude-hcs/use-cases/challenge-problem-3/cp3_scenarios/scenario1/pwnd_cp3_scenario_1-quatex.maude", "line": 98, "column": 1, "nsims": 250, "discarded": 0}, {"mean": 0.025573648457981678, "std": 0.02720733175383144, "radius": 0.003389066281827945, "file": "/home/dylan-l/maude-hcs/use-cases/challenge-problem-3/cp3_scenarios/scenario1/pwnd_cp3_scenario_1-quatex.maude", "line": 99, "column": 1, "nsims": 250, "discarded": 0}, {"mean": 0.04954024108963642, "std": 0.053124125267247954, "radius": 0.006617377379150013, "file": "/home/dylan-l/maude-hcs/use-cases/challenge-problem-3/cp3_scenarios/scenario1/pwnd_cp3_scenario_1-quatex.maude", "line": 100, "column": 1, "nsims": 250, "discarded": 0}, {"mean": 15.648847459151085, "std": 16.87726191717416, "radius": 2.1023068270933605, "file": "/home/dylan-l/maude-hcs/use-cases/challenge-problem-3/cp3_scenarios/scenario1/pwnd_cp3_scenario_1-quatex.maude", "line": 101, "column": 1, "nsims": 250, "discarded": 0}, {"mean": 382.2244029629629, "std": 405.0317853134469, "radius": 50.452561063106536, "file": "/home/dylan-l/maude-hcs/use-cases/challenge-problem-3/cp3_scenarios/scenario1/pwnd_cp3_scenario_1-quatex.maude", "line": 102, "column": 1, "nsims": 250, "discarded": 0}, {"mean": 0.019700369348272944, "std": 0.020712005763381162, "radius": 0.0025799795803870453, "file": "/home/dylan-l/maude-hcs/use-cases/challenge-problem-3/cp3_scenarios/scenario1/pwnd_cp3_scenario_1-quatex.maude", "line": 103, "column": 1, "nsims": 250, "discarded": 0}, {"mean": 0.020485757458442094, "std": 0.021537235546862286, "radius": 0.002682773873457045, "file": "/home/dylan-l/maude-hcs/use-cases/challenge-problem-3/cp3_scenarios/scenario1/pwnd_cp3_scenario_1-quatex.maude", "line": 104, "column": 1, "nsims": 250, "discarded": 0}, {"mean": 0.024412816466916412, "std": 0.026110563721707825, "radius": 0.003252447976501717, "file": "/home/dylan-l/maude-hcs/use-cases/challenge-problem-3/cp3_scenarios/scenario1/pwnd_cp3_scenario_1-quatex.maude", "line": 105, "column": 1, "nsims": 250, "discarded": 0}, {"mean": 0.04631997664622395, "std": 0.05026833015486773, "radius": 0.0062616468352383005, "file": "/home/dylan-l/maude-hcs/use-cases/challenge-problem-3/cp3_scenarios/scenario1/pwnd_cp3_scenario_1-quatex.maude", "line": 106, "column": 1, "nsims": 250, "discarded": 0}, {"mean": 11.58092224581313, "std": 12.44769469231904, "radius": 1.5505402275357758, "file": "/home/dylan-l/maude-hcs/use-cases/challenge-problem-3/cp3_scenarios/scenario1/pwnd_cp3_scenario_1-quatex.maude", "line": 107, "column": 1, "nsims": 250, "discarded": 0}, {"mean": 396.7382044444446, "std": 423.98048893332106, "radius": 52.81289588401094, "file": "/home/dylan-l/maude-hcs/use-cases/challenge-problem-3/cp3_scenarios/scenario1/pwnd_cp3_scenario_1-quatex.maude", "line": 108, "column": 1, "nsims": 250, "discarded": 0}, {"mean": 0.019498136856707673, "std": 0.020498971612313538, "radius": 0.002553443098794746, "file": "/home/dylan-l/maude-hcs/use-cases/challenge-problem-3/cp3_scenarios/scenario1/pwnd_cp3_scenario_1-quatex.maude", "line": 109, "column": 1, "nsims": 250, "discarded": 0}, {"mean": 0.020497959409096836, "std": 0.02154984763519376, "radius": 0.0026843448912876196, "file": "/home/dylan-l/maude-hcs/use-cases/challenge-problem-3/cp3_scenarios/scenario1/pwnd_cp3_scenario_1-quatex.maude", "line": 110, "column": 1, "nsims": 250, "discarded": 0}, {"mean": 0.025605221091637802, "std": 0.02723624791861398, "radius": 0.0033926682079539975, "file": "/home/dylan-l/maude-hcs/use-cases/challenge-problem-3/cp3_scenarios/scenario1/pwnd_cp3_scenario_1-quatex.maude", "line": 111, "column": 1, "nsims": 250, "discarded": 0}, {"mean": 0.04895288006827098, "std": 0.05222143275738048, "radius": 0.0065049339842691584, "file": "/home/dylan-l/maude-hcs/use-cases/challenge-problem-3/cp3_scenarios/scenario1/pwnd_cp3_scenario_1-quatex.maude", "line": 112, "column": 1, "nsims": 250, "discarded": 0}, {"mean": 15.658202203168115, "std": 16.884936029527324, "radius": 2.103262748668265, "file": "/home/dylan-l/maude-hcs/use-cases/challenge-problem-3/cp3_scenarios/scenario1/pwnd_cp3_scenario_1-quatex.maude", "line": 113, "column": 1, "nsims": 250, "discarded": 0}, {"mean": 384.5665564444444, "std": 407.3251715725411, "radius": 50.73823545823751, "file": "/home/dylan-l/maude-hcs/use-cases/challenge-problem-3/cp3_scenarios/scenario1/pwnd_cp3_scenario_1-quatex.maude", "line": 114, "column": 1, "nsims": 250, "discarded": 0}, {"mean": 0.01969414172416509, "std": 0.020705427765403565, "radius": 0.0025791601956950986, "file": "/home/dylan-l/maude-hcs/use-cases/challenge-problem-3/cp3_scenarios/scenario1/pwnd_cp3_scenario_1-quatex.maude", "line": 115, "column": 1, "nsims": 250, "discarded": 0}, {"mean": 0.020506768658618967, "std": 0.021559417040515092, "radius": 0.0026855368989863204, "file": "/home/dylan-l/maude-hcs/use-cases/challenge-problem-3/cp3_scenarios/scenario1/pwnd_cp3_scenario_1-quatex.maude", "line": 116, "column": 1, "nsims": 250, "discarded": 0}, {"mean": 0.024886874249183167, "std": 0.026724870953199576, "radius": 0.003328968818154577, "file": "/home/dylan-l/maude-hcs/use-cases/challenge-problem-3/cp3_scenarios/scenario1/pwnd_cp3_scenario_1-quatex.maude", "line": 117, "column": 1, "nsims": 250, "discarded": 0}, {"mean": 0.047128842075744616, "std": 0.05081279745223978, "radius": 0.0063294681039969235, "file": "/home/dylan-l/maude-hcs/use-cases/challenge-problem-3/cp3_scenarios/scenario1/pwnd_cp3_scenario_1-quatex.maude", "line": 118, "column": 1, "nsims": 250, "discarded": 0}, {"mean": 11.337625249010914, "std": 12.186369991325988, "radius": 1.5179884602122637, "file": "/home/dylan-l/maude-hcs/use-cases/challenge-problem-3/cp3_scenarios/scenario1/pwnd_cp3_scenario_1-quatex.maude", "line": 119, "column": 1, "nsims": 250, "discarded": 0}, {"mean": 405.64593777777776, "std": 433.0927856168539, "radius": 53.94796409722611, "file": "/home/dylan-l/maude-hcs/use-cases/challenge-problem-3/cp3_scenarios/scenario1/pwnd_cp3_scenario_1-quatex.maude", "line": 120, "column": 1, "nsims": 250, "discarded": 0}, {"mean": 0.01948712034254538, "std": 0.020487384862008823, "radius": 0.002551999801630255, "file": "/home/dylan-l/maude-hcs/use-cases/challenge-problem-3/cp3_scenarios/scenario1/pwnd_cp3_scenario_1-quatex.maude", "line": 121, "column": 1, "nsims": 250, "discarded": 0}, {"mean": 0.02049689153355834, "std": 0.021548718900888428, "radius": 0.0026842042911210924, "file": "/home/dylan-l/maude-hcs/use-cases/challenge-problem-3/cp3_scenarios/scenario1/pwnd_cp3_scenario_1-quatex.maude", "line": 122, "column": 1, "nsims": 250, "discarded": 0}, {"mean": 0.025506413470783855, "std": 0.02714015800380138, "radius": 0.0033806988206850955, "file": "/home/dylan-l/maude-hcs/use-cases/challenge-problem-3/cp3_scenarios/scenario1/pwnd_cp3_scenario_1-quatex.maude", "line": 123, "column": 1, "nsims": 250, "discarded": 0}, {"mean": 0.048430655073738844, "std": 0.05150581539932523, "radius": 0.006415793502548296, "file": "/home/dylan-l/maude-hcs/use-cases/challenge-problem-3/cp3_scenarios/scenario1/pwnd_cp3_scenario_1-quatex.maude", "line": 124, "column": 1, "nsims": 250, "discarded": 0}, {"mean": 15.675145802031627, "std": 16.89722204616671, "radius": 2.1047931495582626, "file": "/home/dylan-l/maude-hcs/use-cases/challenge-problem-3/cp3_scenarios/scenario1/pwnd_cp3_scenario_1-quatex.maude", "line": 125, "column": 1, "nsims": 250, "discarded": 0}, {"mean": 386.8369389898988, "std": 409.60947896432, "radius": 51.0227789492661, "file": "/home/dylan-l/maude-hcs/use-cases/challenge-problem-3/cp3_scenarios/scenario1/pwnd_cp3_scenario_1-quatex.maude", "line": 126, "column": 1, "nsims": 250, "discarded": 0}, {"mean": 0.019682036051272007, "std": 0.020692872739529716, "radius": 0.002577596285818102, "file": "/home/dylan-l/maude-hcs/use-cases/challenge-problem-3/cp3_scenarios/scenario1/pwnd_cp3_scenario_1-quatex.maude", "line": 127, "column": 1, "nsims": 250, "discarded": 0}, {"mean": 0.020549316775868645, "std": 0.021622491386025, "radius": 0.0026933937200649214, "file": "/home/dylan-l/maude-hcs/use-cases/challenge-problem-3/cp3_scenarios/scenario1/pwnd_cp3_scenario_1-quatex.maude", "line": 128, "column": 1, "nsims": 250, "discarded": 0}, {"mean": 0.02453571271187684, "std": 0.026365449699084206, "radius": 0.0032841977077672758, "file": "/home/dylan-l/maude-hcs/use-cases/challenge-problem-3/cp3_scenarios/scenario1/pwnd_cp3_scenario_1-quatex.maude", "line": 129, "column": 1, "nsims": 250, "discarded": 0}, {"mean": 0.047193634575880425, "std": 0.0506720999155748, "radius": 0.006311942192902008, "file": "/home/dylan-l/maude-hcs/use-cases/challenge-problem-3/cp3_scenarios/scenario1/pwnd_cp3_scenario_1-quatex.maude", "line": 130, "column": 1, "nsims": 250, "discarded": 0}, {"mean": 11.372578693152573, "std": 12.191292048425224, "radius": 1.5186015735415377, "file": "/home/dylan-l/maude-hcs/use-cases/challenge-problem-3/cp3_scenarios/scenario1/pwnd_cp3_scenario_1-quatex.maude", "line": 131, "column": 1, "nsims": 250, "discarded": 0}, {"mean": 409.5407644444443, "std": 437.6042902395311, "radius": 54.509937183575275, "file": "/home/dylan-l/maude-hcs/use-cases/challenge-problem-3/cp3_scenarios/scenario1/pwnd_cp3_scenario_1-quatex.maude", "line": 132, "column": 1, "nsims": 250, "discarded": 0}, {"mean": 0.01948166834384199, "std": 0.020481654981815957, "radius": 0.002551286062262637, "file": "/home/dylan-l/maude-hcs/use-cases/challenge-problem-3/cp3_scenarios/scenario1/pwnd_cp3_scenario_1-quatex.maude", "line": 133, "column": 1, "nsims": 250, "discarded": 0}, {"mean": 0.02049582214087502, "std": 0.021547592397403555, "radius": 0.0026840639688354867, "file": "/home/dylan-l/maude-hcs/use-cases/challenge-problem-3/cp3_scenarios/scenario1/pwnd_cp3_scenario_1-quatex.maude", "line": 134, "column": 1, "nsims": 250, "discarded": 0}, {"mean": 0.025354072774003724, "std": 0.02699661843914785, "radius": 0.0033628188939404586, "file": "/home/dylan-l/maude-hcs/use-cases/challenge-problem-3/cp3_scenarios/scenario1/pwnd_cp3_scenario_1-quatex.maude", "line": 135, "column": 1, "nsims": 250, "discarded": 0}, {"mean": 0.04835789890728961, "std": 0.05141906420392322, "radius": 0.006404987387714789, "file": "/home/dylan-l/maude-hcs/use-cases/challenge-problem-3/cp3_scenarios/scenario1/pwnd_cp3_scenario_1-quatex.maude", "line": 136, "column": 1, "nsims": 250, "discarded": 0}, {"mean": 15.693154871947904, "std": 16.91213961364231, "radius": 2.106651348127526, "file": "/home/dylan-l/maude-hcs/use-cases/challenge-problem-3/cp3_scenarios/scenario1/pwnd_cp3_scenario_1-quatex.maude", "line": 137, "column": 1, "nsims": 250, "discarded": 0}, {"mean": 388.35259555555524, "std": 411.0474886810108, "radius": 51.20190383692038, "file": "/home/dylan-l/maude-hcs/use-cases/challenge-problem-3/cp3_scenarios/scenario1/pwnd_cp3_scenario_1-quatex.maude", "line": 138, "column": 1, "nsims": 250, "discarded": 0}, {"mean": 0.019692647113748536, "std": 0.020703925996255524, "radius": 0.0025789731286490255, "file": "/home/dylan-l/maude-hcs/use-cases/challenge-problem-3/cp3_scenarios/scenario1/pwnd_cp3_scenario_1-quatex.maude", "line": 139, "column": 1, "nsims": 250, "discarded": 0}, {"mean": 0.02049205754830473, "std": 0.021543878503822698, "radius": 0.0026836013497288772, "file": "/home/dylan-l/maude-hcs/use-cases/challenge-problem-3/cp3_scenarios/scenario1/pwnd_cp3_scenario_1-quatex.maude", "line": 140, "column": 1, "nsims": 250, "discarded": 0}, {"mean": 0.02482881750009983, "std": 0.02666575815981657, "radius": 0.0033216054656328513, "file": "/home/dylan-l/maude-hcs/use-cases/challenge-problem-3/cp3_scenarios/scenario1/pwnd_cp3_scenario_1-quatex.maude", "line": 141, "column": 1, "nsims": 250, "discarded": 0}, {"mean": 0.04603574831199512, "std": 0.04947618321715308, "radius": 0.006162973488614227, "file": "/home/dylan-l/maude-hcs/use-cases/challenge-problem-3/cp3_scenarios/scenario1/pwnd_cp3_scenario_1-quatex.maude", "line": 142, "column": 1, "nsims": 250, "discarded": 0}, {"mean": 11.31006051842431, "std": 12.113267989433155, "radius": 1.5088825496440863, "file": "/home/dylan-l/maude-hcs/use-cases/challenge-problem-3/cp3_scenarios/scenario1/pwnd_cp3_scenario_1-quatex.maude", "line": 143, "column": 1, "nsims": 250, "discarded": 0}, {"mean": 405.02481777777774, "std": 434.06778464088546, "radius": 54.06941431318473, "file": "/home/dylan-l/maude-hcs/use-cases/challenge-problem-3/cp3_scenarios/scenario1/pwnd_cp3_scenario_1-quatex.maude", "line": 144, "column": 1, "nsims": 250, "discarded": 0}, {"mean": 0.20054055261261466, "std": 0.22856911348435882, "radius": 0.028471585622065216, "file": "/home/dylan-l/maude-hcs/use-cases/challenge-problem-3/cp3_scenarios/scenario1/pwnd_cp3_scenario_1-quatex.maude", "line": 145, "column": 1, "nsims": 250, "discarded": 0}, {"mean": 0.20054055261261466, "std": 0.22856911348435882, "radius": 0.028471585622065216, "file": "/home/dylan-l/maude-hcs/use-cases/challenge-problem-3/cp3_scenarios/scenario1/pwnd_cp3_scenario_1-quatex.maude", "line": 146, "column": 1, "nsims": 250, "discarded": 0}, {"mean": 0.15688410441872172, "std": 0.1876248680332533, "radius": 0.023371388258033445, "file": "/home/dylan-l/maude-hcs/use-cases/challenge-problem-3/cp3_scenarios/scenario1/pwnd_cp3_scenario_1-quatex.maude", "line": 147, "column": 1, "nsims": 250, "discarded": 0}, {"mean": 0.1599581650800184, "std": 0.1883250940392009, "radius": 0.02345861152446353, "file": "/home/dylan-l/maude-hcs/use-cases/challenge-problem-3/cp3_scenarios/scenario1/pwnd_cp3_scenario_1-quatex.maude", "line": 148, "column": 1, "nsims": 250, "discarded": 0}, {"mean": 0.1275840588428221, "std": 0.1585517658959269, "radius": 0.01974991331689456, "file": "/home/dylan-l/maude-hcs/use-cases/challenge-problem-3/cp3_scenarios/scenario1/pwnd_cp3_scenario_1-quatex.maude", "line": 149, "column": 1, "nsims": 250, "discarded": 0}, {"mean": 0.14742510659034763, "std": 0.17316991954717936, "radius": 0.021570815568180673, "file": "/home/dylan-l/maude-hcs/use-cases/challenge-problem-3/cp3_scenarios/scenario1/pwnd_cp3_scenario_1-quatex.maude", "line": 150, "column": 1, "nsims": 250, "discarded": 0}, {"mean": 0.1089085336837208, "std": 0.13977934998661837, "radius": 0.017411537677477856, "file": "/home/dylan-l/maude-hcs/use-cases/challenge-problem-3/cp3_scenarios/scenario1/pwnd_cp3_scenario_1-quatex.maude", "line": 151, "column": 1, "nsims": 250, "discarded": 0}, {"mean": 0.13377645636108584, "std": 0.1629688395326129, "radius": 0.020300123659528973, "file": "/home/dylan-l/maude-hcs/use-cases/challenge-problem-3/cp3_scenarios/scenario1/pwnd_cp3_scenario_1-quatex.maude", "line": 152, "column": 1, "nsims": 250, "discarded": 0}, {"mean": 0.09420479879407208, "std": 0.1239865849252697, "radius": 0.015444320603399656, "file": "/home/dylan-l/maude-hcs/use-cases/challenge-problem-3/cp3_scenarios/scenario1/pwnd_cp3_scenario_1-quatex.maude", "line": 153, "column": 1, "nsims": 250, "discarded": 0}, {"mean": 0.12385387744347406, "std": 0.14872456977076104, "radius": 0.018525794048821913, "file": "/home/dylan-l/maude-hcs/use-cases/challenge-problem-3/cp3_scenarios/scenario1/pwnd_cp3_scenario_1-quatex.maude", "line": 154, "column": 1, "nsims": 250, "discarded": 0}, {"mean": 0.0829320104760261, "std": 0.1116954208069001, "radius": 0.013913278520520145, "file": "/home/dylan-l/maude-hcs/use-cases/challenge-problem-3/cp3_scenarios/scenario1/pwnd_cp3_scenario_1-quatex.maude", "line": 155, "column": 1, "nsims": 250, "discarded": 0}, {"mean": 0.11433045707107285, "std": 0.1451745031736485, "radius": 0.01808358196013286, "file": "/home/dylan-l/maude-hcs/use-cases/challenge-problem-3/cp3_scenarios/scenario1/pwnd_cp3_scenario_1-quatex.maude", "line": 156, "column": 1, "nsims": 250, "discarded": 0}, {"mean": 0.07413235872068154, "std": 0.10212236515383842, "radius": 0.012720816120259786, "file": "/home/dylan-l/maude-hcs/use-cases/challenge-problem-3/cp3_scenarios/scenario1/pwnd_cp3_scenario_1-quatex.maude", "line": 157, "column": 1, "nsims": 250, "discarded": 0}, {"mean": 0.12031381220431704, "std": 0.15207199729313903, "radius": 0.01894276451287179, "file": "/home/dylan-l/maude-hcs/use-cases/challenge-problem-3/cp3_scenarios/scenario1/pwnd_cp3_scenario_1-quatex.maude", "line": 158, "column": 1, "nsims": 250, "discarded": 0}, {"mean": 0.06717254238956961, "std": 0.09417457683837481, "radius": 0.011730804249975935, "file": "/home/dylan-l/maude-hcs/use-cases/challenge-problem-3/cp3_scenarios/scenario1/pwnd_cp3_scenario_1-quatex.maude", "line": 159, "column": 1, "nsims": 250, "discarded": 0}, {"mean": 0.1209598596713738, "std": 0.14744786593233364, "radius": 0.018366762138973373, "file": "/home/dylan-l/maude-hcs/use-cases/challenge-problem-3/cp3_scenarios/scenario1/pwnd_cp3_scenario_1-quatex.maude", "line": 160, "column": 1, "nsims": 250, "discarded": 0}, {"mean": 0.060994120336964046, "std": 0.08678166382716762, "radius": 0.010809910116090827, "file": "/home/dylan-l/maude-hcs/use-cases/challenge-problem-3/cp3_scenarios/scenario1/pwnd_cp3_scenario_1-quatex.maude", "line": 161, "column": 1, "nsims": 250, "discarded": 0}, {"mean": 0.11364392549827639, "std": 0.14144475431567016, "radius": 0.017618987849669213, "file": "/home/dylan-l/maude-hcs/use-cases/challenge-problem-3/cp3_scenarios/scenario1/pwnd_cp3_scenario_1-quatex.maude", "line": 162, "column": 1, "nsims": 250, "discarded": 0}, {"mean": 0.05545742062183895, "std": 0.08013567822020236, "radius": 0.009982056582570108, "file": "/home/dylan-l/maude-hcs/use-cases/challenge-problem-3/cp3_scenarios/scenario1/pwnd_cp3_scenario_1-quatex.maude", "line": 163, "column": 1, "nsims": 250, "discarded": 0}, {"mean": 0.1169673651424208, "std": 0.1411502946836017, "radius": 0.01758230864792198, "file": "/home/dylan-l/maude-hcs/use-cases/challenge-problem-3/cp3_scenarios/scenario1/pwnd_cp3_scenario_1-quatex.maude", "line": 164, "column": 1, "nsims": 250, "discarded": 0}, {"mean": 0.05052738086744273, "std": 0.07354237267673658, "radius": 0.009160765112119228, "file": "/home/dylan-l/maude-hcs/use-cases/challenge-problem-3/cp3_scenarios/scenario1/pwnd_cp3_scenario_1-quatex.maude", "line": 165, "column": 1, "nsims": 250, "discarded": 0}, {"mean": 0.10517881309660496, "std": 0.13353648919976543, "radius": 0.016633899164951185, "file": "/home/dylan-l/maude-hcs/use-cases/challenge-problem-3/cp3_scenarios/scenario1/pwnd_cp3_scenario_1-quatex.maude", "line": 166, "column": 1, "nsims": 250, "discarded": 0}, {"mean": 0.04639542571375641, "std": 0.06764829006202365, "radius": 0.008426571960340615, "file": "/home/dylan-l/maude-hcs/use-cases/challenge-problem-3/cp3_scenarios/scenario1/pwnd_cp3_scenario_1-quatex.maude", "line": 167, "column": 1, "nsims": 250, "discarded": 0}, {"mean": 0.10256917105303935, "std": 0.131076062348262, "radius": 0.01632741745050816, "file": "/home/dylan-l/maude-hcs/use-cases/challenge-problem-3/cp3_scenarios/scenario1/pwnd_cp3_scenario_1-quatex.maude", "line": 168, "column": 1, "nsims": 250, "discarded": 0}, {"mean": 0.23812308012066746, "std": 0.2820821087927377, "radius": 0.03513740238352343, "file": "/home/dylan-l/maude-hcs/use-cases/challenge-problem-3/cp3_scenarios/scenario1/pwnd_cp3_scenario_1-quatex.maude", "line": 169, "column": 1, "nsims": 250, "discarded": 0}, {"mean": 0.2587015941745657, "std": 0.3061785721450427, "radius": 0.03813896505778675, "file": "/home/dylan-l/maude-hcs/use-cases/challenge-problem-3/cp3_scenarios/scenario1/pwnd_cp3_scenario_1-quatex.maude", "line": 170, "column": 1, "nsims": 250, "discarded": 0}, {"mean": 0.17100710875116346, "std": 0.2244841180577975, "radius": 0.027962740418616308, "file": "/home/dylan-l/maude-hcs/use-cases/challenge-problem-3/cp3_scenarios/scenario1/pwnd_cp3_scenario_1-quatex.maude", "line": 171, "column": 1, "nsims": 250, "discarded": 0}, {"mean": 0.14881928671058076, "std": 0.19889230009221093, "radius": 0.02477490972126635, "file": "/home/dylan-l/maude-hcs/use-cases/challenge-problem-3/cp3_scenarios/scenario1/pwnd_cp3_scenario_1-quatex.maude", "line": 172, "column": 1, "nsims": 250, "discarded": 0}, {"mean": 0.2391330995016649, "std": 0.27709647527325704, "radius": 0.034516369692508306, "file": "/home/dylan-l/maude-hcs/use-cases/challenge-problem-3/cp3_scenarios/scenario1/pwnd_cp3_scenario_1-quatex.maude", "line": 173, "column": 1, "nsims": 250, "discarded": 0}, {"mean": 0.23898471051410664, "std": 0.2769944845011405, "radius": 0.0345036652682022, "file": "/home/dylan-l/maude-hcs/use-cases/challenge-problem-3/cp3_scenarios/scenario1/pwnd_cp3_scenario_1-quatex.maude", "line": 174, "column": 1, "nsims": 250, "discarded": 0}, {"mean": 0.19644912055943747, "std": 0.2747626195646149, "radius": 0.03422565424270324, "file": "/home/dylan-l/maude-hcs/use-cases/challenge-problem-3/cp3_scenarios/scenario1/pwnd_cp3_scenario_1-quatex.maude", "line": 175, "column": 1, "nsims": 250, "discarded": 0}, {"mean": 0.17342579658293625, "std": 0.2660169319303878, "radius": 0.03313625248362098, "file": "/home/dylan-l/maude-hcs/use-cases/challenge-problem-3/cp3_scenarios/scenario1/pwnd_cp3_scenario_1-quatex.maude", "line": 176, "column": 1, "nsims": 250, "discarded": 0}, {"mean": 0.14022117659840955, "std": 0.1817519332652862, "radius": 0.02263982937612694, "file": "/home/dylan-l/maude-hcs/use-cases/challenge-problem-3/cp3_scenarios/scenario1/pwnd_cp3_scenario_1-quatex.maude", "line": 177, "column": 1, "nsims": 250, "discarded": 0}, {"mean": 0.23812308012066746, "std": 0.2820821087927377, "radius": 0.03513740238352343, "file": "/home/dylan-l/maude-hcs/use-cases/challenge-problem-3/cp3_scenarios/scenario1/pwnd_cp3_scenario_1-quatex.maude", "line": 178, "column": 1, "nsims": 250, "discarded": 0}, {"mean": 0.2587015941745657, "std": 0.3061785721450427, "radius": 0.03813896505778675, "file": "/home/dylan-l/maude-hcs/use-cases/challenge-problem-3/cp3_scenarios/scenario1/pwnd_cp3_scenario_1-quatex.maude", "line": 179, "column": 1, "nsims": 250, "discarded": 0}, {"mean": 0.17100710875116346, "std": 0.2244841180577975, "radius": 0.027962740418616308, "file": "/home/dylan-l/maude-hcs/use-cases/challenge-problem-3/cp3_scenarios/scenario1/pwnd_cp3_scenario_1-quatex.maude", "line": 180, "column": 1, "nsims": 250, "discarded": 0}, {"mean": 0.14881928671058076, "std": 0.19889230009221093, "radius": 0.02477490972126635, "file": "/home/dylan-l/maude-hcs/use-cases/challenge-problem-3/cp3_scenarios/scenario1/pwnd_cp3_scenario_1-quatex.maude", "line": 181, "column": 1, "nsims": 250, "discarded": 0}, {"mean": 0.2391330995016649, "std": 0.27709647527325704, "radius": 0.034516369692508306, "file": "/home/dylan-l/maude-hcs/use-cases/challenge-problem-3/cp3_scenarios/scenario1/pwnd_cp3_scenario_1-quatex.maude", "line": 182, "column": 1, "nsims": 250, "discarded": 0}, {"mean": 0.23898471051410664, "std": 0.2769944845011405, "radius": 0.0345036652682022, "file": "/home/dylan-l/maude-hcs/use-cases/challenge-problem-3/cp3_scenarios/scenario1/pwnd_cp3_scenario_1-quatex.maude", "line": 183, "column": 1, "nsims": 250, "discarded": 0}, {"mean": 0.19644912055943747, "std": 0.2747626195646149, "radius": 0.03422565424270324, "file": "/home/dylan-l/maude-hcs/use-cases/challenge-problem-3/cp3_scenarios/scenario1/pwnd_cp3_scenario_1-quatex.maude", "line": 184, "column": 1, "nsims": 250, "discarded": 0}, {"mean": 0.17342579658293625, "std": 0.2660169319303878, "radius": 0.03313625248362098, "file": "/home/dylan-l/maude-hcs/use-cases/challenge-problem-3/cp3_scenarios/scenario1/pwnd_cp3_scenario_1-quatex.maude", "line": 185, "column": 1, "nsims": 250, "discarded": 0}, {"mean": 0.14022117659840955, "std": 0.1817519332652862, "radius": 0.02263982937612694, "file": "/home/dylan-l/maude-hcs/use-cases/challenge-problem-3/cp3_scenarios/scenario1/pwnd_cp3_scenario_1-quatex.maude", "line": 186, "column": 1, "nsims": 250, "discarded": 0}, {"mean": 0.1796388345214303, "std": 0.22720002089661473, "radius": 0.0283010453585875, "file": "/home/dylan-l/maude-hcs/use-cases/challenge-problem-3/cp3_scenarios/scenario1/pwnd_cp3_scenario_1-quatex.maude", "line": 187, "column": 1, "nsims": 250, "discarded": 0}, {"mean": 0.21124325141077596, "std": 0.275336010495616, "radius": 0.034297078367940666, "file": "/home/dylan-l/maude-hcs/use-cases/challenge-problem-3/cp3_scenarios/scenario1/pwnd_cp3_scenario_1-quatex.maude", "line": 188, "column": 1, "nsims": 250, "discarded": 0}, {"mean": 0.13126612999850185, "std": 0.18042754675400394, "radius": 0.02247485790041939, "file": "/home/dylan-l/maude-hcs/use-cases/challenge-problem-3/cp3_scenarios/scenario1/pwnd_cp3_scenario_1-quatex.maude", "line": 189, "column": 1, "nsims": 250, "discarded": 0}, {"mean": 0.10653669794303351, "std": 0.15496890255756504, "radius": 0.019303615920211046, "file": "/home/dylan-l/maude-hcs/use-cases/challenge-problem-3/cp3_scenarios/scenario1/pwnd_cp3_scenario_1-quatex.maude", "line": 190, "column": 1, "nsims": 250, "discarded": 0}, {"mean": 0.18583351368830606, "std": 0.2288046349314171, "radius": 0.02850092322128643, "file": "/home/dylan-l/maude-hcs/use-cases/challenge-problem-3/cp3_scenarios/scenario1/pwnd_cp3_scenario_1-quatex.maude", "line": 191, "column": 1, "nsims": 250, "discarded": 0}, {"mean": 0.18555877750519484, "std": 0.2285036908553379, "radius": 0.02846343628834556, "file": "/home/dylan-l/maude-hcs/use-cases/challenge-problem-3/cp3_scenarios/scenario1/pwnd_cp3_scenario_1-quatex.maude", "line": 192, "column": 1, "nsims": 250, "discarded": 0}, {"mean": 0.1616245249299749, "std": 0.250715260205754, "radius": 0.03123020818031463, "file": "/home/dylan-l/maude-hcs/use-cases/challenge-problem-3/cp3_scenarios/scenario1/pwnd_cp3_scenario_1-quatex.maude", "line": 193, "column": 1, "nsims": 250, "discarded": 0}, {"mean": 0.15391560054697165, "std": 0.2491262152074083, "radius": 0.031032269666059462, "file": "/home/dylan-l/maude-hcs/use-cases/challenge-problem-3/cp3_scenarios/scenario1/pwnd_cp3_scenario_1-quatex.maude", "line": 194, "column": 1, "nsims": 250, "discarded": 0}, {"mean": 0.0963396092243058, "std": 0.13723489031708178, "radius": 0.017094588461379765, "file": "/home/dylan-l/maude-hcs/use-cases/challenge-problem-3/cp3_scenarios/scenario1/pwnd_cp3_scenario_1-quatex.maude", "line": 195, "column": 1, "nsims": 250, "discarded": 0}, {"mean": 0.21784361435072574, "std": 0.2804380572169459, "radius": 0.03493261200527117, "file": "/home/dylan-l/maude-hcs/use-cases/challenge-problem-3/cp3_scenarios/scenario1/pwnd_cp3_scenario_1-quatex.maude", "line": 196, "column": 1, "nsims": 250, "discarded": 0}, {"mean": 0.25771581783604786, "std": 0.3283546880231745, "radius": 0.04090132070752451, "file": "/home/dylan-l/maude-hcs/use-cases/challenge-problem-3/cp3_scenarios/scenario1/pwnd_cp3_scenario_1-quatex.maude", "line": 197, "column": 1, "nsims": 250, "discarded": 0}, {"mean": 0.057449267124682846, "std": 0.14649229378004358, "radius": 0.018247731820584142, "file": "/home/dylan-l/maude-hcs/use-cases/challenge-problem-3/cp3_scenarios/scenario1/pwnd_cp3_scenario_1-quatex.maude", "line": 198, "column": 1, "nsims": 250, "discarded": 0}, {"mean": 0.03944865576053918, "std": 0.10698596549379055, "radius": 0.013326647815537933, "file": "/home/dylan-l/maude-hcs/use-cases/challenge-problem-3/cp3_scenarios/scenario1/pwnd_cp3_scenario_1-quatex.maude", "line": 199, "column": 1, "nsims": 250, "discarded": 0}, {"mean": 0.2193210741770609, "std": 0.2649120286908545, "radius": 0.03299862082066831, "file": "/home/dylan-l/maude-hcs/use-cases/challenge-problem-3/cp3_scenarios/scenario1/pwnd_cp3_scenario_1-quatex.maude", "line": 200, "column": 1, "nsims": 250, "discarded": 0}, {"mean": 0.21920948363038587, "std": 0.2648232678894328, "radius": 0.03298756438036876, "file": "/home/dylan-l/maude-hcs/use-cases/challenge-problem-3/cp3_scenarios/scenario1/pwnd_cp3_scenario_1-quatex.maude", "line": 201, "column": 1, "nsims": 250, "discarded": 0}, {"mean": 0.21532196572171966, "std": 0.31072296390227844, "radius": 0.03870503471192311, "file": "/home/dylan-l/maude-hcs/use-cases/challenge-problem-3/cp3_scenarios/scenario1/pwnd_cp3_scenario_1-quatex.maude", "line": 202, "column": 1, "nsims": 250, "discarded": 0}, {"mean": 0.19011830620589554, "std": 0.29775825113102483, "radius": 0.037090092412391945, "file": "/home/dylan-l/maude-hcs/use-cases/challenge-problem-3/cp3_scenarios/scenario1/pwnd_cp3_scenario_1-quatex.maude", "line": 203, "column": 1, "nsims": 250, "discarded": 0}, {"mean": 0.02319530091310826, "std": 0.08353839490535998, "radius": 0.010405914110703388, "file": "/home/dylan-l/maude-hcs/use-cases/challenge-problem-3/cp3_scenarios/scenario1/pwnd_cp3_scenario_1-quatex.maude", "line": 204, "column": 1, "nsims": 250, "discarded": 0}, {"mean": 0.14508572274640316, "std": 0.19480643351340537, "radius": 0.02426595600321836, "file": "/home/dylan-l/maude-hcs/use-cases/challenge-problem-3/cp3_scenarios/scenario1/pwnd_cp3_scenario_1-quatex.maude", "line": 205, "column": 1, "nsims": 250, "discarded": 0}, {"mean": 0.17182976632367755, "std": 0.24390532675126197, "radius": 0.03038193257354327, "file": "/home/dylan-l/maude-hcs/use-cases/challenge-problem-3/cp3_scenarios/scenario1/pwnd_cp3_scenario_1-quatex.maude", "line": 206, "column": 1, "nsims": 250, "discarded": 0}, {"mean": 0.10711749532056945, "std": 0.1552151140378201, "radius": 0.019334285117524518, "file": "/home/dylan-l/maude-hcs/use-cases/challenge-problem-3/cp3_scenarios/scenario1/pwnd_cp3_scenario_1-quatex.maude", "line": 207, "column": 1, "nsims": 250, "discarded": 0}, {"mean": 0.08004636675027574, "std": 0.12400555282454799, "radius": 0.015446683329317168, "file": "/home/dylan-l/maude-hcs/use-cases/challenge-problem-3/cp3_scenarios/scenario1/pwnd_cp3_scenario_1-quatex.maude", "line": 208, "column": 1, "nsims": 250, "discarded": 0}, {"mean": 0.1477044968883004, "std": 0.19117696844257479, "radius": 0.023813853687419166, "file": "/home/dylan-l/maude-hcs/use-cases/challenge-problem-3/cp3_scenarios/scenario1/pwnd_cp3_scenario_1-quatex.maude", "line": 209, "column": 1, "nsims": 250, "discarded": 0}, {"mean": 0.14745932183646104, "std": 0.190889892480905, "radius": 0.02377809422850488, "file": "/home/dylan-l/maude-hcs/use-cases/challenge-problem-3/cp3_scenarios/scenario1/pwnd_cp3_scenario_1-quatex.maude", "line": 210, "column": 1, "nsims": 250, "discarded": 0}, {"mean": 0.13529224660394318, "std": 0.22730458219958793, "radius": 0.02831406997965276, "file": "/home/dylan-l/maude-hcs/use-cases/challenge-problem-3/cp3_scenarios/scenario1/pwnd_cp3_scenario_1-quatex.maude", "line": 211, "column": 1, "nsims": 250, "discarded": 0}, {"mean": 0.14152478914164512, "std": 0.23467475010099267, "radius": 0.029232130881473608, "file": "/home/dylan-l/maude-hcs/use-cases/challenge-problem-3/cp3_scenarios/scenario1/pwnd_cp3_scenario_1-quatex.maude", "line": 212, "column": 1, "nsims": 250, "discarded": 0}, {"mean": 0.07219632397412296, "std": 0.10782236665420483, "radius": 0.01343083366501737, "file": "/home/dylan-l/maude-hcs/use-cases/challenge-problem-3/cp3_scenarios/scenario1/pwnd_cp3_scenario_1-quatex.maude", "line": 213, "column": 1, "nsims": 250, "discarded": 0}, {"mean": 0.21739050705255447, "std": 0.2826991116770563, "radius": 0.035214259007684684, "file": "/home/dylan-l/maude-hcs/use-cases/challenge-problem-3/cp3_scenarios/scenario1/pwnd_cp3_scenario_1-quatex.maude", "line": 214, "column": 1, "nsims": 250, "discarded": 0}, {"mean": 0.2389918902055776, "std": 0.30694958016454715, "radius": 0.03823500524671684, "file": "/home/dylan-l/maude-hcs/use-cases/challenge-problem-3/cp3_scenarios/scenario1/pwnd_cp3_scenario_1-quatex.maude", "line": 215, "column": 1, "nsims": 250, "discarded": 0}, {"mean": 0.03562414819766416, "std": 0.11502461017600217, "radius": 0.014327977159061022, "file": "/home/dylan-l/maude-hcs/use-cases/challenge-problem-3/cp3_scenarios/scenario1/pwnd_cp3_scenario_1-quatex.maude", "line": 216, "column": 1, "nsims": 250, "discarded": 0}, {"mean": 0.028208767942065387, "std": 0.0928000645579404, "radius": 0.011559588885465863, "file": "/home/dylan-l/maude-hcs/use-cases/challenge-problem-3/cp3_scenarios/scenario1/pwnd_cp3_scenario_1-quatex.maude", "line": 217, "column": 1, "nsims": 250, "discarded": 0}, {"mean": 0.2053284324757714, "std": 0.2435093745540679, "radius": 0.030332611006369112, "file": "/home/dylan-l/maude-hcs/use-cases/challenge-problem-3/cp3_scenarios/scenario1/pwnd_cp3_scenario_1-quatex.maude", "line": 218, "column": 1, "nsims": 250, "discarded": 0}, {"mean": 0.20538461402671843, "std": 0.24356386442929673, "radius": 0.030339398507639354, "file": "/home/dylan-l/maude-hcs/use-cases/challenge-problem-3/cp3_scenarios/scenario1/pwnd_cp3_scenario_1-quatex.maude", "line": 219, "column": 1, "nsims": 250, "discarded": 0}, {"mean": 0.19126808329551465, "std": 0.2874211159409964, "radius": 0.03580245286580947, "file": "/home/dylan-l/maude-hcs/use-cases/challenge-problem-3/cp3_scenarios/scenario1/pwnd_cp3_scenario_1-quatex.maude", "line": 220, "column": 1, "nsims": 250, "discarded": 0}, {"mean": 0.1916742696501841, "std": 0.2887848149323462, "radius": 0.035972321278925565, "file": "/home/dylan-l/maude-hcs/use-cases/challenge-problem-3/cp3_scenarios/scenario1/pwnd_cp3_scenario_1-quatex.maude", "line": 221, "column": 1, "nsims": 250, "discarded": 0}, {"mean": 0.012955246467077953, "std": 0.06419805316039942, "radius": 0.007996795102638773, "file": "/home/dylan-l/maude-hcs/use-cases/challenge-problem-3/cp3_scenarios/scenario1/pwnd_cp3_scenario_1-quatex.maude", "line": 222, "column": 1, "nsims": 250, "discarded": 0}, {"mean": 0.12347867812807241, "std": 0.17538845301568134, "radius": 0.021847165966714262, "file": "/home/dylan-l/maude-hcs/use-cases/challenge-problem-3/cp3_scenarios/scenario1/pwnd_cp3_scenario_1-quatex.maude", "line": 223, "column": 1, "nsims": 250, "discarded": 0}, {"mean": 0.1453390934812304, "std": 0.21939916941587118, "radius": 0.027329336594121373, "file": "/home/dylan-l/maude-hcs/use-cases/challenge-problem-3/cp3_scenarios/scenario1/pwnd_cp3_scenario_1-quatex.maude", "line": 224, "column": 1, "nsims": 250, "discarded": 0}, {"mean": 0.09233694936225814, "std": 0.138390669593917, "radius": 0.017238557469873444, "file": "/home/dylan-l/maude-hcs/use-cases/challenge-problem-3/cp3_scenarios/scenario1/pwnd_cp3_scenario_1-quatex.maude", "line": 225, "column": 1, "nsims": 250, "discarded": 0}, {"mean": 0.06468385519039441, "std": 0.10630491086590999, "radius": 0.013241812621248517, "file": "/home/dylan-l/maude-hcs/use-cases/challenge-problem-3/cp3_scenarios/scenario1/pwnd_cp3_scenario_1-quatex.maude", "line": 226, "column": 1, "nsims": 250, "discarded": 0}, {"mean": 0.12344227041715737, "std": 0.1669467452485459, "radius": 0.020795629292206852, "file": "/home/dylan-l/maude-hcs/use-cases/challenge-problem-3/cp3_scenarios/scenario1/pwnd_cp3_scenario_1-quatex.maude", "line": 227, "column": 1, "nsims": 250, "discarded": 0}, {"mean": 0.12328270984266482, "std": 0.16675593497544114, "radius": 0.020771861115722046, "file": "/home/dylan-l/maude-hcs/use-cases/challenge-problem-3/cp3_scenarios/scenario1/pwnd_cp3_scenario_1-quatex.maude", "line": 228, "column": 1, "nsims": 250, "discarded": 0}, {"mean": 0.1180762427815784, "std": 0.21022333350534486, "radius": 0.02618635365212187, "file": "/home/dylan-l/maude-hcs/use-cases/challenge-problem-3/cp3_scenarios/scenario1/pwnd_cp3_scenario_1-quatex.maude", "line": 229, "column": 1, "nsims": 250, "discarded": 0}, {"mean": 0.1316622979809444, "std": 0.22140225584686035, "radius": 0.027578849951192724, "file": "/home/dylan-l/maude-hcs/use-cases/challenge-problem-3/cp3_scenarios/scenario1/pwnd_cp3_scenario_1-quatex.maude", "line": 230, "column": 1, "nsims": 250, "discarded": 0}, {"mean": 0.05787470596918685, "std": 0.09009050407242448, "radius": 0.011222073977237415, "file": "/home/dylan-l/maude-hcs/use-cases/challenge-problem-3/cp3_scenarios/scenario1/pwnd_cp3_scenario_1-quatex.maude", "line": 231, "column": 1, "nsims": 250, "discarded": 0}, {"mean": 0.19683014784764213, "std": 0.260141819854683, "radius": 0.03240442238657637, "file": "/home/dylan-l/maude-hcs/use-cases/challenge-problem-3/cp3_scenarios/scenario1/pwnd_cp3_scenario_1-quatex.maude", "line": 232, "column": 1, "nsims": 250, "discarded": 0}, {"mean": 0.21819094842240905, "std": 0.296984432212278, "radius": 0.036993702085347246, "file": "/home/dylan-l/maude-hcs/use-cases/challenge-problem-3/cp3_scenarios/scenario1/pwnd_cp3_scenario_1-quatex.maude", "line": 233, "column": 1, "nsims": 250, "discarded": 0}, {"mean": 0.03260240625566836, "std": 0.10915163349811106, "radius": 0.013596413056667934, "file": "/home/dylan-l/maude-hcs/use-cases/challenge-problem-3/cp3_scenarios/scenario1/pwnd_cp3_scenario_1-quatex.maude", "line": 234, "column": 1, "nsims": 250, "discarded": 0}, {"mean": 0.028875199309466255, "std": 0.09800623432925039, "radius": 0.01220809255311912, "file": "/home/dylan-l/maude-hcs/use-cases/challenge-problem-3/cp3_scenarios/scenario1/pwnd_cp3_scenario_1-quatex.maude", "line": 235, "column": 1, "nsims": 250, "discarded": 0}, {"mean": 0.18068947327438786, "std": 0.2252203736767407, "radius": 0.028054451693927798, "file": "/home/dylan-l/maude-hcs/use-cases/challenge-problem-3/cp3_scenarios/scenario1/pwnd_cp3_scenario_1-quatex.maude", "line": 236, "column": 1, "nsims": 250, "discarded": 0}, {"mean": 0.18067335197918657, "std": 0.22511413406207129, "radius": 0.028041218014891275, "file": "/home/dylan-l/maude-hcs/use-cases/challenge-problem-3/cp3_scenarios/scenario1/pwnd_cp3_scenario_1-quatex.maude", "line": 237, "column": 1, "nsims": 250, "discarded": 0}, {"mean": 0.1773526603395292, "std": 0.2778340190971968, "radius": 0.03460824143236507, "file": "/home/dylan-l/maude-hcs/use-cases/challenge-problem-3/cp3_scenarios/scenario1/pwnd_cp3_scenario_1-quatex.maude", "line": 238, "column": 1, "nsims": 250, "discarded": 0}, {"mean": 0.17811237773118224, "std": 0.28142659463430186, "radius": 0.03505574862373117, "file": "/home/dylan-l/maude-hcs/use-cases/challenge-problem-3/cp3_scenarios/scenario1/pwnd_cp3_scenario_1-quatex.maude", "line": 239, "column": 1, "nsims": 250, "discarded": 0}, {"mean": 0.010661542090301247, "std": 0.058099176765486184, "radius": 0.007237091926522428, "file": "/home/dylan-l/maude-hcs/use-cases/challenge-problem-3/cp3_scenarios/scenario1/pwnd_cp3_scenario_1-quatex.maude", "line": 240, "column": 1, "nsims": 250, "discarded": 0}, {"mean": 0.10618291472330439, "std": 0.15769952850081634, "radius": 0.019643754835569932, "file": "/home/dylan-l/maude-hcs/use-cases/challenge-problem-3/cp3_scenarios/scenario1/pwnd_cp3_scenario_1-quatex.maude", "line": 241, "column": 1, "nsims": 250, "discarded": 0}, {"mean": 0.12463652864032135, "std": 0.19620223108346233, "radius": 0.024439822758096714, "file": "/home/dylan-l/maude-hcs/use-cases/challenge-problem-3/cp3_scenarios/scenario1/pwnd_cp3_scenario_1-quatex.maude", "line": 242, "column": 1, "nsims": 250, "discarded": 0}, {"mean": 0.07898357316930421, "std": 0.12191018390719721, "radius": 0.01518567485520306, "file": "/home/dylan-l/maude-hcs/use-cases/challenge-problem-3/cp3_scenarios/scenario1/pwnd_cp3_scenario_1-quatex.maude", "line": 243, "column": 1, "nsims": 250, "discarded": 0}, {"mean": 0.05398605015854329, "std": 0.09225821836556775, "radius": 0.011492094113206602, "file": "/home/dylan-l/maude-hcs/use-cases/challenge-problem-3/cp3_scenarios/scenario1/pwnd_cp3_scenario_1-quatex.maude", "line": 244, "column": 1, "nsims": 250, "discarded": 0}, {"mean": 0.10473733911828575, "std": 0.1464070431827644, "radius": 0.0182371126269286, "file": "/home/dylan-l/maude-hcs/use-cases/challenge-problem-3/cp3_scenarios/scenario1/pwnd_cp3_scenario_1-quatex.maude", "line": 245, "column": 1, "nsims": 250, "discarded": 0}, {"mean": 0.1046358037104172, "std": 0.14632820014928813, "radius": 0.018227291587925985, "file": "/home/dylan-l/maude-hcs/use-cases/challenge-problem-3/cp3_scenarios/scenario1/pwnd_cp3_scenario_1-quatex.maude", "line": 246, "column": 1, "nsims": 250, "discarded": 0}, {"mean": 0.10281222264330897, "std": 0.19127092445790997, "radius": 0.023825557266675977, "file": "/home/dylan-l/maude-hcs/use-cases/challenge-problem-3/cp3_scenarios/scenario1/pwnd_cp3_scenario_1-quatex.maude", "line": 247, "column": 1, "nsims": 250, "discarded": 0}, {"mean": 0.12253888944398239, "std": 0.20973577556848264, "radius": 0.02612562126648377, "file": "/home/dylan-l/maude-hcs/use-cases/challenge-problem-3/cp3_scenarios/scenario1/pwnd_cp3_scenario_1-quatex.maude", "line": 248, "column": 1, "nsims": 250, "discarded": 0}, {"mean": 0.049329867539181144, "std": 0.08103650368508367, "radius": 0.010094267410021474, "file": "/home/dylan-l/maude-hcs/use-cases/challenge-problem-3/cp3_scenarios/scenario1/pwnd_cp3_scenario_1-quatex.maude", "line": 249, "column": 1, "nsims": 250, "discarded": 0}, {"mean": 0.1846094802518726, "std": 0.2477123494009425, "radius": 0.03085615225127299, "file": "/home/dylan-l/maude-hcs/use-cases/challenge-problem-3/cp3_scenarios/scenario1/pwnd_cp3_scenario_1-quatex.maude", "line": 250, "column": 1, "nsims": 250, "discarded": 0}, {"mean": 0.2017485019462431, "std": 0.27197591354482026, "radius": 0.033878529743523976, "file": "/home/dylan-l/maude-hcs/use-cases/challenge-problem-3/cp3_scenarios/scenario1/pwnd_cp3_scenario_1-quatex.maude", "line": 251, "column": 1, "nsims": 250, "discarded": 0}, {"mean": 0.025626891706137904, "std": 0.09293093152819704, "radius": 0.011575890257475241, "file": "/home/dylan-l/maude-hcs/use-cases/challenge-problem-3/cp3_scenarios/scenario1/pwnd_cp3_scenario_1-quatex.maude", "line": 252, "column": 1, "nsims": 250, "discarded": 0}, {"mean": 0.02262790081629217, "std": 0.0929119161241708, "radius": 0.011573521614154985, "file": "/home/dylan-l/maude-hcs/use-cases/challenge-problem-3/cp3_scenarios/scenario1/pwnd_cp3_scenario_1-quatex.maude", "line": 253, "column": 1, "nsims": 250, "discarded": 0}, {"mean": 0.1689478339546551, "std": 0.2055390757286675, "radius": 0.02560286166437515, "file": "/home/dylan-l/maude-hcs/use-cases/challenge-problem-3/cp3_scenarios/scenario1/pwnd_cp3_scenario_1-quatex.maude", "line": 254, "column": 1, "nsims": 250, "discarded": 0}, {"mean": 0.16901135072812704, "std": 0.20567867196246836, "radius": 0.025620250392285892, "file": "/home/dylan-l/maude-hcs/use-cases/challenge-problem-3/cp3_scenarios/scenario1/pwnd_cp3_scenario_1-quatex.maude", "line": 255, "column": 1, "nsims": 250, "discarded": 0}, {"mean": 0.16304365839385854, "std": 0.25809083270940103, "radius": 0.032148942303434486, "file": "/home/dylan-l/maude-hcs/use-cases/challenge-problem-3/cp3_scenarios/scenario1/pwnd_cp3_scenario_1-quatex.maude", "line": 256, "column": 1, "nsims": 250, "discarded": 0}, {"mean": 0.17480186989198734, "std": 0.27891890551261517, "radius": 0.03474337971065617, "file": "/home/dylan-l/maude-hcs/use-cases/challenge-problem-3/cp3_scenarios/scenario1/pwnd_cp3_scenario_1-quatex.maude", "line": 257, "column": 1, "nsims": 250, "discarded": 0}, {"mean": 0.004267409302092654, "std": 0.032544458589243735, "radius": 0.0040538825439808005, "file": "/home/dylan-l/maude-hcs/use-cases/challenge-problem-3/cp3_scenarios/scenario1/pwnd_cp3_scenario_1-quatex.maude", "line": 258, "column": 1, "nsims": 250, "discarded": 0}, {"mean": 0.0923882831667676, "std": 0.14340835672000674, "radius": 0.017863582900726222, "file": "/home/dylan-l/maude-hcs/use-cases/challenge-problem-3/cp3_scenarios/scenario1/pwnd_cp3_scenario_1-quatex.maude", "line": 259, "column": 1, "nsims": 250, "discarded": 0}, {"mean": 0.10830319045272327, "std": 0.17606555835215973, "radius": 0.02193150921969722, "file": "/home/dylan-l/maude-hcs/use-cases/challenge-problem-3/cp3_scenarios/scenario1/pwnd_cp3_scenario_1-quatex.maude", "line": 260, "column": 1, "nsims": 250, "discarded": 0}, {"mean": 0.06842556060683502, "std": 0.10871423395972264, "radius": 0.013541928624285823, "file": "/home/dylan-l/maude-hcs/use-cases/challenge-problem-3/cp3_scenarios/scenario1/pwnd_cp3_scenario_1-quatex.maude", "line": 261, "column": 1, "nsims": 250, "discarded": 0}, {"mean": 0.04590944960708271, "std": 0.08109012808902191, "radius": 0.010100947104337498, "file": "/home/dylan-l/maude-hcs/use-cases/challenge-problem-3/cp3_scenarios/scenario1/pwnd_cp3_scenario_1-quatex.maude", "line": 262, "column": 1, "nsims": 250, "discarded": 0}, {"mean": 0.09016580703632338, "std": 0.12975987564194968, "radius": 0.016163467378986534, "file": "/home/dylan-l/maude-hcs/use-cases/challenge-problem-3/cp3_scenarios/scenario1/pwnd_cp3_scenario_1-quatex.maude", "line": 263, "column": 1, "nsims": 250, "discarded": 0}, {"mean": 0.09008441851373726, "std": 0.12971404339748455, "radius": 0.01615775831071984, "file": "/home/dylan-l/maude-hcs/use-cases/challenge-problem-3/cp3_scenarios/scenario1/pwnd_cp3_scenario_1-quatex.maude", "line": 264, "column": 1, "nsims": 250, "discarded": 0}, {"mean": 0.09126184398136494, "std": 0.1765533755130784, "radius": 0.02199227389543701, "file": "/home/dylan-l/maude-hcs/use-cases/challenge-problem-3/cp3_scenarios/scenario1/pwnd_cp3_scenario_1-quatex.maude", "line": 265, "column": 1, "nsims": 250, "discarded": 0}, {"mean": 0.1162605360900572, "std": 0.20240220545004578, "radius": 0.02521211914732373, "file": "/home/dylan-l/maude-hcs/use-cases/challenge-problem-3/cp3_scenarios/scenario1/pwnd_cp3_scenario_1-quatex.maude", "line": 266, "column": 1, "nsims": 250, "discarded": 0}, {"mean": 0.04358900482934354, "std": 0.07555670786066251, "radius": 0.009411679663899254, "file": "/home/dylan-l/maude-hcs/use-cases/challenge-problem-3/cp3_scenarios/scenario1/pwnd_cp3_scenario_1-quatex.maude", "line": 267, "column": 1, "nsims": 250, "discarded": 0}, {"mean": 0.17274815312606503, "std": 0.23071839768881616, "radius": 0.02873931002419686, "file": "/home/dylan-l/maude-hcs/use-cases/challenge-problem-3/cp3_scenarios/scenario1/pwnd_cp3_scenario_1-quatex.maude", "line": 268, "column": 1, "nsims": 250, "discarded": 0}, {"mean": 0.1824120959572764, "std": 0.2688672270869178, "radius": 0.03349129792856407, "file": "/home/dylan-l/maude-hcs/use-cases/challenge-problem-3/cp3_scenarios/scenario1/pwnd_cp3_scenario_1-quatex.maude", "line": 269, "column": 1, "nsims": 250, "discarded": 0}, {"mean": 0.025089344998520103, "std": 0.09242320066608772, "radius": 0.011512645042524099, "file": "/home/dylan-l/maude-hcs/use-cases/challenge-problem-3/cp3_scenarios/scenario1/pwnd_cp3_scenario_1-quatex.maude", "line": 270, "column": 1, "nsims": 250, "discarded": 0}, {"mean": 0.023038961232638523, "std": 0.08825476008338151, "radius": 0.010993405539199285, "file": "/home/dylan-l/maude-hcs/use-cases/challenge-problem-3/cp3_scenarios/scenario1/pwnd_cp3_scenario_1-quatex.maude", "line": 271, "column": 1, "nsims": 250, "discarded": 0}, {"mean": 0.15145817740304138, "std": 0.19825132555971856, "radius": 0.02469506708196474, "file": "/home/dylan-l/maude-hcs/use-cases/challenge-problem-3/cp3_scenarios/scenario1/pwnd_cp3_scenario_1-quatex.maude", "line": 272, "column": 1, "nsims": 250, "discarded": 0}, {"mean": 0.15142078919087, "std": 0.19822171490693904, "radius": 0.024691378647324187, "file": "/home/dylan-l/maude-hcs/use-cases/challenge-problem-3/cp3_scenarios/scenario1/pwnd_cp3_scenario_1-quatex.maude", "line": 273, "column": 1, "nsims": 250, "discarded": 0}, {"mean": 0.15309039101768138, "std": 0.263838497474557, "radius": 0.03286489699649613, "file": "/home/dylan-l/maude-hcs/use-cases/challenge-problem-3/cp3_scenarios/scenario1/pwnd_cp3_scenario_1-quatex.maude", "line": 274, "column": 1, "nsims": 250, "discarded": 0}, {"mean": 0.16076391777187457, "std": 0.25233746560910136, "radius": 0.03143227730213909, "file": "/home/dylan-l/maude-hcs/use-cases/challenge-problem-3/cp3_scenarios/scenario1/pwnd_cp3_scenario_1-quatex.maude", "line": 275, "column": 1, "nsims": 250, "discarded": 0}, {"mean": 0.008952282941688589, "std": 0.05353734370325665, "radius": 0.006668849705844068, "file": "/home/dylan-l/maude-hcs/use-cases/challenge-problem-3/cp3_scenarios/scenario1/pwnd_cp3_scenario_1-quatex.maude", "line": 276, "column": 1, "nsims": 250, "discarded": 0}, {"mean": 0.08128921367611852, "std": 0.13106622814148136, "radius": 0.016326192457961654, "file": "/home/dylan-l/maude-hcs/use-cases/challenge-problem-3/cp3_scenarios/scenario1/pwnd_cp3_scenario_1-quatex.maude", "line": 277, "column": 1, "nsims": 250, "discarded": 0}, {"mean": 0.0953462611712576, "std": 0.16040641838795716, "radius": 0.019980937082183958, "file": "/home/dylan-l/maude-hcs/use-cases/challenge-problem-3/cp3_scenarios/scenario1/pwnd_cp3_scenario_1-quatex.maude", "line": 278, "column": 1, "nsims": 250, "discarded": 0}, {"mean": 0.061491227150583756, "std": 0.10047051335116798, "radius": 0.012515054111046267, "file": "/home/dylan-l/maude-hcs/use-cases/challenge-problem-3/cp3_scenarios/scenario1/pwnd_cp3_scenario_1-quatex.maude", "line": 279, "column": 1, "nsims": 250, "discarded": 0}, {"mean": 0.039856810679855456, "std": 0.07269307242169143, "radius": 0.009054972494027745, "file": "/home/dylan-l/maude-hcs/use-cases/challenge-problem-3/cp3_scenarios/scenario1/pwnd_cp3_scenario_1-quatex.maude", "line": 280, "column": 1, "nsims": 250, "discarded": 0}, {"mean": 0.07886339572628549, "std": 0.11684132116046334, "radius": 0.014554274761375396, "file": "/home/dylan-l/maude-hcs/use-cases/challenge-problem-3/cp3_scenarios/scenario1/pwnd_cp3_scenario_1-quatex.maude", "line": 281, "column": 1, "nsims": 250, "discarded": 0}, {"mean": 0.07880892826669392, "std": 0.11685190234629629, "radius": 0.014555592800955782, "file": "/home/dylan-l/maude-hcs/use-cases/challenge-problem-3/cp3_scenarios/scenario1/pwnd_cp3_scenario_1-quatex.maude", "line": 282, "column": 1, "nsims": 250, "discarded": 0}, {"mean": 0.08306679681040739, "std": 0.16671841633072823, "radius": 0.0207671876264256, "file": "/home/dylan-l/maude-hcs/use-cases/challenge-problem-3/cp3_scenarios/scenario1/pwnd_cp3_scenario_1-quatex.maude", "line": 283, "column": 1, "nsims": 250, "discarded": 0}, {"mean": 0.10989414103209351, "std": 0.19471906495325528, "radius": 0.024255072986685333, "file": "/home/dylan-l/maude-hcs/use-cases/challenge-problem-3/cp3_scenarios/scenario1/pwnd_cp3_scenario_1-quatex.maude", "line": 284, "column": 1, "nsims": 250, "discarded": 0}, {"mean": 0.03857445397283805, "std": 0.06884632880055976, "radius": 0.008575804995385464, "file": "/home/dylan-l/maude-hcs/use-cases/challenge-problem-3/cp3_scenarios/scenario1/pwnd_cp3_scenario_1-quatex.maude", "line": 285, "column": 1, "nsims": 250, "discarded": 0}, {"mean": 0.1782100090256529, "std": 0.24514399244093596, "radius": 0.030536226282360933, "file": "/home/dylan-l/maude-hcs/use-cases/challenge-problem-3/cp3_scenarios/scenario1/pwnd_cp3_scenario_1-quatex.maude", "line": 286, "column": 1, "nsims": 250, "discarded": 0}, {"mean": 0.19671879557051858, "std": 0.2804097668889824, "radius": 0.03492908803616348, "file": "/home/dylan-l/maude-hcs/use-cases/challenge-problem-3/cp3_scenarios/scenario1/pwnd_cp3_scenario_1-quatex.maude", "line": 287, "column": 1, "nsims": 250, "discarded": 0}, {"mean": 0.028046016069053874, "std": 0.10422365945681705, "radius": 0.012982562686768248, "file": "/home/dylan-l/maude-hcs/use-cases/challenge-problem-3/cp3_scenarios/scenario1/pwnd_cp3_scenario_1-quatex.maude", "line": 288, "column": 1, "nsims": 250, "discarded": 0}, {"mean": 0.022225539051597555, "std": 0.0888746794074256, "radius": 0.011070625448067252, "file": "/home/dylan-l/maude-hcs/use-cases/challenge-problem-3/cp3_scenarios/scenario1/pwnd_cp3_scenario_1-quatex.maude", "line": 289, "column": 1, "nsims": 250, "discarded": 0}, {"mean": 0.1591901498765455, "std": 0.20875472221269253, "radius": 0.026003416896027115, "file": "/home/dylan-l/maude-hcs/use-cases/challenge-problem-3/cp3_scenarios/scenario1/pwnd_cp3_scenario_1-quatex.maude", "line": 290, "column": 1, "nsims": 250, "discarded": 0}, {"mean": 0.15919473690400984, "std": 0.20873651472461643, "radius": 0.026001148890311822, "file": "/home/dylan-l/maude-hcs/use-cases/challenge-problem-3/cp3_scenarios/scenario1/pwnd_cp3_scenario_1-quatex.maude", "line": 291, "column": 1, "nsims": 250, "discarded": 0}, {"mean": 0.1743676943048913, "std": 0.27845653609449117, "radius": 0.03468578491896949, "file": "/home/dylan-l/maude-hcs/use-cases/challenge-problem-3/cp3_scenarios/scenario1/pwnd_cp3_scenario_1-quatex.maude", "line": 292, "column": 1, "nsims": 250, "discarded": 0}, {"mean": 0.15879764359906423, "std": 0.26855271243289863, "radius": 0.03345212058406291, "file": "/home/dylan-l/maude-hcs/use-cases/challenge-problem-3/cp3_scenarios/scenario1/pwnd_cp3_scenario_1-quatex.maude", "line": 293, "column": 1, "nsims": 250, "discarded": 0}, {"mean": 0.006073725437519504, "std": 0.0412703315344254, "radius": 0.005140816097245, "file": "/home/dylan-l/maude-hcs/use-cases/challenge-problem-3/cp3_scenarios/scenario1/pwnd_cp3_scenario_1-quatex.maude", "line": 294, "column": 1, "nsims": 250, "discarded": 0}, {"mean": 0.07275971916439558, "std": 0.12068190632849705, "radius": 0.015032675135702387, "file": "/home/dylan-l/maude-hcs/use-cases/challenge-problem-3/cp3_scenarios/scenario1/pwnd_cp3_scenario_1-quatex.maude", "line": 295, "column": 1, "nsims": 250, "discarded": 0}, {"mean": 0.08530535687868789, "std": 0.14795889824048866, "radius": 0.018430418596731273, "file": "/home/dylan-l/maude-hcs/use-cases/challenge-problem-3/cp3_scenarios/scenario1/pwnd_cp3_scenario_1-quatex.maude", "line": 296, "column": 1, "nsims": 250, "discarded": 0}, {"mean": 0.055888624804562324, "std": 0.09466042418249912, "radius": 0.011791323556572602, "file": "/home/dylan-l/maude-hcs/use-cases/challenge-problem-3/cp3_scenarios/scenario1/pwnd_cp3_scenario_1-quatex.maude", "line": 297, "column": 1, "nsims": 250, "discarded": 0}, {"mean": 0.03548055312943043, "std": 0.06743514150470697, "radius": 0.00840002122779697, "file": "/home/dylan-l/maude-hcs/use-cases/challenge-problem-3/cp3_scenarios/scenario1/pwnd_cp3_scenario_1-quatex.maude", "line": 298, "column": 1, "nsims": 250, "discarded": 0}, {"mean": 0.07039321114092197, "std": 0.10700730935755835, "radius": 0.013329306502162328, "file": "/home/dylan-l/maude-hcs/use-cases/challenge-problem-3/cp3_scenarios/scenario1/pwnd_cp3_scenario_1-quatex.maude", "line": 299, "column": 1, "nsims": 250, "discarded": 0}, {"mean": 0.07034710579708306, "std": 0.10702315760846484, "radius": 0.01333128063080012, "file": "/home/dylan-l/maude-hcs/use-cases/challenge-problem-3/cp3_scenarios/scenario1/pwnd_cp3_scenario_1-quatex.maude", "line": 300, "column": 1, "nsims": 250, "discarded": 0}, {"mean": 0.07629014011081214, "std": 0.15873447626427273, "radius": 0.019772672533208156, "file": "/home/dylan-l/maude-hcs/use-cases/challenge-problem-3/cp3_scenarios/scenario1/pwnd_cp3_scenario_1-quatex.maude", "line": 301, "column": 1, "nsims": 250, "discarded": 0}, {"mean": 0.1037553605735499, "std": 0.18589048091531618, "radius": 0.02315534528277147, "file": "/home/dylan-l/maude-hcs/use-cases/challenge-problem-3/cp3_scenarios/scenario1/pwnd_cp3_scenario_1-quatex.maude", "line": 302, "column": 1, "nsims": 250, "discarded": 0}, {"mean": 0.03433280990668317, "std": 0.06215002565506636, "radius": 0.007741683685415618, "file": "/home/dylan-l/maude-hcs/use-cases/challenge-problem-3/cp3_scenarios/scenario1/pwnd_cp3_scenario_1-quatex.maude", "line": 303, "column": 1, "nsims": 250, "discarded": 0}, {"mean": 0.18417631592638659, "std": 0.24414647585196447, "radius": 0.030411971178338423, "file": "/home/dylan-l/maude-hcs/use-cases/challenge-problem-3/cp3_scenarios/scenario1/pwnd_cp3_scenario_1-quatex.maude", "line": 304, "column": 1, "nsims": 250, "discarded": 0}, {"mean": 0.19586124982602063, "std": 0.2675998774113412, "radius": 0.03333343121485455, "file": "/home/dylan-l/maude-hcs/use-cases/challenge-problem-3/cp3_scenarios/scenario1/pwnd_cp3_scenario_1-quatex.maude", "line": 305, "column": 1, "nsims": 250, "discarded": 0}, {"mean": 0.02478955110605458, "std": 0.09260079388288142, "radius": 0.011534766843675442, "file": "/home/dylan-l/maude-hcs/use-cases/challenge-problem-3/cp3_scenarios/scenario1/pwnd_cp3_scenario_1-quatex.maude", "line": 306, "column": 1, "nsims": 250, "discarded": 0}, {"mean": 0.01935123239456879, "std": 0.08556229647599908, "radius": 0.010658020294170852, "file": "/home/dylan-l/maude-hcs/use-cases/challenge-problem-3/cp3_scenarios/scenario1/pwnd_cp3_scenario_1-quatex.maude", "line": 307, "column": 1, "nsims": 250, "discarded": 0}, {"mean": 0.16299201834458615, "std": 0.204530030901601, "radius": 0.02547717055172929, "file": "/home/dylan-l/maude-hcs/use-cases/challenge-problem-3/cp3_scenarios/scenario1/pwnd_cp3_scenario_1-quatex.maude", "line": 308, "column": 1, "nsims": 250, "discarded": 0}, {"mean": 0.1631081815910263, "std": 0.20460240810198793, "radius": 0.025486186177797437, "file": "/home/dylan-l/maude-hcs/use-cases/challenge-problem-3/cp3_scenarios/scenario1/pwnd_cp3_scenario_1-quatex.maude", "line": 309, "column": 1, "nsims": 250, "discarded": 0}, {"mean": 0.16601306680059918, "std": 0.2669398699715706, "radius": 0.033251217751949745, "file": "/home/dylan-l/maude-hcs/use-cases/challenge-problem-3/cp3_scenarios/scenario1/pwnd_cp3_scenario_1-quatex.maude", "line": 310, "column": 1, "nsims": 250, "discarded": 0}, {"mean": 0.16754672296873735, "std": 0.269454856943701, "radius": 0.03356449571774231, "file": "/home/dylan-l/maude-hcs/use-cases/challenge-problem-3/cp3_scenarios/scenario1/pwnd_cp3_scenario_1-quatex.maude", "line": 311, "column": 1, "nsims": 250, "discarded": 0}, {"mean": 0.0048003980843849235, "std": 0.037982155394219425, "radius": 0.004731226248952952, "file": "/home/dylan-l/maude-hcs/use-cases/challenge-problem-3/cp3_scenarios/scenario1/pwnd_cp3_scenario_1-quatex.maude", "line": 312, "column": 1, "nsims": 250, "discarded": 0}, {"mean": 0.0654812418170598, "std": 0.11121066462192356, "radius": 0.013852895133561216, "file": "/home/dylan-l/maude-hcs/use-cases/challenge-problem-3/cp3_scenarios/scenario1/pwnd_cp3_scenario_1-quatex.maude", "line": 313, "column": 1, "nsims": 250, "discarded": 0}, {"mean": 0.07615282871938253, "std": 0.13500036544754196, "radius": 0.016816246102791185, "file": "/home/dylan-l/maude-hcs/use-cases/challenge-problem-3/cp3_scenarios/scenario1/pwnd_cp3_scenario_1-quatex.maude", "line": 314, "column": 1, "nsims": 250, "discarded": 0}, {"mean": 0.05050022446125162, "std": 0.08727163157236828, "radius": 0.010870942678176192, "file": "/home/dylan-l/maude-hcs/use-cases/challenge-problem-3/cp3_scenarios/scenario1/pwnd_cp3_scenario_1-quatex.maude", "line": 315, "column": 1, "nsims": 250, "discarded": 0}, {"mean": 0.031447801781157754, "std": 0.05920398823672539, "radius": 0.007374712158408131, "file": "/home/dylan-l/maude-hcs/use-cases/challenge-problem-3/cp3_scenarios/scenario1/pwnd_cp3_scenario_1-quatex.maude", "line": 316, "column": 1, "nsims": 250, "discarded": 0}, {"mean": 0.06292519298225101, "std": 0.09747195171036842, "radius": 0.012141539933222293, "file": "/home/dylan-l/maude-hcs/use-cases/challenge-problem-3/cp3_scenarios/scenario1/pwnd_cp3_scenario_1-quatex.maude", "line": 317, "column": 1, "nsims": 250, "discarded": 0}, {"mean": 0.06288097829956751, "std": 0.09748567474490269, "radius": 0.012143249335454208, "file": "/home/dylan-l/maude-hcs/use-cases/challenge-problem-3/cp3_scenarios/scenario1/pwnd_cp3_scenario_1-quatex.maude", "line": 318, "column": 1, "nsims": 250, "discarded": 0}, {"mean": 0.07025688499429296, "std": 0.15044856466190115, "radius": 0.018740542522081655, "file": "/home/dylan-l/maude-hcs/use-cases/challenge-problem-3/cp3_scenarios/scenario1/pwnd_cp3_scenario_1-quatex.maude", "line": 319, "column": 1, "nsims": 250, "discarded": 0}, {"mean": 0.0982933317535879, "std": 0.17741099294438675, "radius": 0.022099102538004862, "file": "/home/dylan-l/maude-hcs/use-cases/challenge-problem-3/cp3_scenarios/scenario1/pwnd_cp3_scenario_1-quatex.maude", "line": 320, "column": 1, "nsims": 250, "discarded": 0}, {"mean": 0.031008598224125265, "std": 0.057154192096200186, "radius": 0.00711938043211723, "file": "/home/dylan-l/maude-hcs/use-cases/challenge-problem-3/cp3_scenarios/scenario1/pwnd_cp3_scenario_1-quatex.maude", "line": 321, "column": 1, "nsims": 250, "discarded": 0}, {"mean": 0.17664200478611772, "std": 0.24261136228233157, "radius": 0.030220750602771074, "file": "/home/dylan-l/maude-hcs/use-cases/challenge-problem-3/cp3_scenarios/scenario1/pwnd_cp3_scenario_1-quatex.maude", "line": 322, "column": 1, "nsims": 250, "discarded": 0}, {"mean": 0.1816032116950716, "std": 0.2584082120717304, "radius": 0.032188476488747134, "file": "/home/dylan-l/maude-hcs/use-cases/challenge-problem-3/cp3_scenarios/scenario1/pwnd_cp3_scenario_1-quatex.maude", "line": 323, "column": 1, "nsims": 250, "discarded": 0}, {"mean": 0.023373469939968115, "std": 0.09351468286917404, "radius": 0.011648604921470117, "file": "/home/dylan-l/maude-hcs/use-cases/challenge-problem-3/cp3_scenarios/scenario1/pwnd_cp3_scenario_1-quatex.maude", "line": 324, "column": 1, "nsims": 250, "discarded": 0}, {"mean": 0.01257082631669631, "std": 0.06187023103272097, "radius": 0.007706831222520428, "file": "/home/dylan-l/maude-hcs/use-cases/challenge-problem-3/cp3_scenarios/scenario1/pwnd_cp3_scenario_1-quatex.maude", "line": 325, "column": 1, "nsims": 250, "discarded": 0}, {"mean": 0.15281329032028806, "std": 0.19692364911918653, "radius": 0.024529685798033777, "file": "/home/dylan-l/maude-hcs/use-cases/challenge-problem-3/cp3_scenarios/scenario1/pwnd_cp3_scenario_1-quatex.maude", "line": 326, "column": 1, "nsims": 250, "discarded": 0}, {"mean": 0.15282383537449196, "std": 0.19703686014306196, "radius": 0.024543787866815048, "file": "/home/dylan-l/maude-hcs/use-cases/challenge-problem-3/cp3_scenarios/scenario1/pwnd_cp3_scenario_1-quatex.maude", "line": 327, "column": 1, "nsims": 250, "discarded": 0}, {"mean": 0.1563337695391545, "std": 0.25613468171089326, "radius": 0.031905275432636944, "file": "/home/dylan-l/maude-hcs/use-cases/challenge-problem-3/cp3_scenarios/scenario1/pwnd_cp3_scenario_1-quatex.maude", "line": 328, "column": 1, "nsims": 250, "discarded": 0}, {"mean": 0.1577310914358795, "std": 0.2545801492922053, "radius": 0.03171163595884173, "file": "/home/dylan-l/maude-hcs/use-cases/challenge-problem-3/cp3_scenarios/scenario1/pwnd_cp3_scenario_1-quatex.maude", "line": 329, "column": 1, "nsims": 250, "discarded": 0}, {"mean": 0.008903830076819785, "std": 0.0555683056922858, "radius": 0.006921835366436222, "file": "/home/dylan-l/maude-hcs/use-cases/challenge-problem-3/cp3_scenarios/scenario1/pwnd_cp3_scenario_1-quatex.maude", "line": 330, "column": 1, "nsims": 250, "discarded": 0}, {"mean": 0.059156755490349516, "std": 0.10280120550946298, "radius": 0.012805375494946253, "file": "/home/dylan-l/maude-hcs/use-cases/challenge-problem-3/cp3_scenarios/scenario1/pwnd_cp3_scenario_1-quatex.maude", "line": 331, "column": 1, "nsims": 250, "discarded": 0}, {"mean": 0.0683692048197871, "std": 0.1245270511367335, "radius": 0.015511643479097722, "file": "/home/dylan-l/maude-hcs/use-cases/challenge-problem-3/cp3_scenarios/scenario1/pwnd_cp3_scenario_1-quatex.maude", "line": 332, "column": 1, "nsims": 250, "discarded": 0}, {"mean": 0.04581176788349602, "std": 0.08089095395641586, "radius": 0.010076137088304505, "file": "/home/dylan-l/maude-hcs/use-cases/challenge-problem-3/cp3_scenarios/scenario1/pwnd_cp3_scenario_1-quatex.maude", "line": 333, "column": 1, "nsims": 250, "discarded": 0}, {"mean": 0.028525613277320932, "std": 0.0547039793933179, "radius": 0.006814171037466632, "file": "/home/dylan-l/maude-hcs/use-cases/challenge-problem-3/cp3_scenarios/scenario1/pwnd_cp3_scenario_1-quatex.maude", "line": 334, "column": 1, "nsims": 250, "discarded": 0}, {"mean": 0.05662437815064396, "std": 0.08972895122020437, "radius": 0.011177037345507243, "file": "/home/dylan-l/maude-hcs/use-cases/challenge-problem-3/cp3_scenarios/scenario1/pwnd_cp3_scenario_1-quatex.maude", "line": 335, "column": 1, "nsims": 250, "discarded": 0}, {"mean": 0.05659369996426289, "std": 0.08976688243995007, "radius": 0.011181762226985217, "file": "/home/dylan-l/maude-hcs/use-cases/challenge-problem-3/cp3_scenarios/scenario1/pwnd_cp3_scenario_1-quatex.maude", "line": 336, "column": 1, "nsims": 250, "discarded": 0}, {"mean": 0.06397395287854689, "std": 0.13963731620139785, "radius": 0.01739384531731823, "file": "/home/dylan-l/maude-hcs/use-cases/challenge-problem-3/cp3_scenarios/scenario1/pwnd_cp3_scenario_1-quatex.maude", "line": 337, "column": 1, "nsims": 250, "discarded": 0}, {"mean": 0.09213439773898521, "std": 0.16804459349923723, "radius": 0.020932382154363494, "file": "/home/dylan-l/maude-hcs/use-cases/challenge-problem-3/cp3_scenarios/scenario1/pwnd_cp3_scenario_1-quatex.maude", "line": 338, "column": 1, "nsims": 250, "discarded": 0}, {"mean": 0.027927015393158096, "std": 0.05190984814153389, "radius": 0.006466121618357779, "file": "/home/dylan-l/maude-hcs/use-cases/challenge-problem-3/cp3_scenarios/scenario1/pwnd_cp3_scenario_1-quatex.maude", "line": 339, "column": 1, "nsims": 250, "discarded": 0}, {"mean": 0.1867315957417722, "std": 0.23876068916631302, "radius": 0.029741093628764353, "file": "/home/dylan-l/maude-hcs/use-cases/challenge-problem-3/cp3_scenarios/scenario1/pwnd_cp3_scenario_1-quatex.maude", "line": 340, "column": 1, "nsims": 250, "discarded": 0}, {"mean": 0.18886227875019646, "std": 0.26073425835279934, "radius": 0.0324782191615115, "file": "/home/dylan-l/maude-hcs/use-cases/challenge-problem-3/cp3_scenarios/scenario1/pwnd_cp3_scenario_1-quatex.maude", "line": 341, "column": 1, "nsims": 250, "discarded": 0}, {"mean": 0.016390916973388188, "std": 0.07404179654951647, "radius": 0.009222975571523793, "file": "/home/dylan-l/maude-hcs/use-cases/challenge-problem-3/cp3_scenarios/scenario1/pwnd_cp3_scenario_1-quatex.maude", "line": 342, "column": 1, "nsims": 250, "discarded": 0}, {"mean": 0.00942048164555092, "std": 0.04814924172973205, "radius": 0.005997683753712386, "file": "/home/dylan-l/maude-hcs/use-cases/challenge-problem-3/cp3_scenarios/scenario1/pwnd_cp3_scenario_1-quatex.maude", "line": 343, "column": 1, "nsims": 250, "discarded": 0}, {"mean": 0.15738305145973863, "std": 0.195143606467389, "radius": 0.02430795576636417, "file": "/home/dylan-l/maude-hcs/use-cases/challenge-problem-3/cp3_scenarios/scenario1/pwnd_cp3_scenario_1-quatex.maude", "line": 344, "column": 1, "nsims": 250, "discarded": 0}, {"mean": 0.15730192016315125, "std": 0.19512781454240558, "radius": 0.024305988653933932, "file": "/home/dylan-l/maude-hcs/use-cases/challenge-problem-3/cp3_scenarios/scenario1/pwnd_cp3_scenario_1-quatex.maude", "line": 345, "column": 1, "nsims": 250, "discarded": 0}, {"mean": 0.16619124587248982, "std": 0.26021171379235536, "radius": 0.03241312868639338, "file": "/home/dylan-l/maude-hcs/use-cases/challenge-problem-3/cp3_scenarios/scenario1/pwnd_cp3_scenario_1-quatex.maude", "line": 346, "column": 1, "nsims": 250, "discarded": 0}, {"mean": 0.1635080090136123, "std": 0.2617156434264715, "radius": 0.03260046485222328, "file": "/home/dylan-l/maude-hcs/use-cases/challenge-problem-3/cp3_scenarios/scenario1/pwnd_cp3_scenario_1-quatex.maude", "line": 347, "column": 1, "nsims": 250, "discarded": 0}, {"mean": 0.006916786661887825, "std": 0.04142167852462915, "radius": 0.005159668551649443, "file": "/home/dylan-l/maude-hcs/use-cases/challenge-problem-3/cp3_scenarios/scenario1/pwnd_cp3_scenario_1-quatex.maude", "line": 348, "column": 1, "nsims": 250, "discarded": 0}, {"mean": 0.053479037079061154, "std": 0.0946961051424417, "radius": 0.01179576813567866, "file": "/home/dylan-l/maude-hcs/use-cases/challenge-problem-3/cp3_scenarios/scenario1/pwnd_cp3_scenario_1-quatex.maude", "line": 349, "column": 1, "nsims": 250, "discarded": 0}, {"mean": 0.061713657280012435, "std": 0.11442755494323668, "radius": 0.014253605303119305, "file": "/home/dylan-l/maude-hcs/use-cases/challenge-problem-3/cp3_scenarios/scenario1/pwnd_cp3_scenario_1-quatex.maude", "line": 350, "column": 1, "nsims": 250, "discarded": 0}, {"mean": 0.04114284360277364, "std": 0.0710332638796484, "radius": 0.008848219357960447, "file": "/home/dylan-l/maude-hcs/use-cases/challenge-problem-3/cp3_scenarios/scenario1/pwnd_cp3_scenario_1-quatex.maude", "line": 351, "column": 1, "nsims": 250, "discarded": 0}, {"mean": 0.025870861032436722, "std": 0.04989764240526358, "radius": 0.006215472320051115, "file": "/home/dylan-l/maude-hcs/use-cases/challenge-problem-3/cp3_scenarios/scenario1/pwnd_cp3_scenario_1-quatex.maude", "line": 352, "column": 1, "nsims": 250, "discarded": 0}, {"mean": 0.051094995931019946, "std": 0.08225283948574436, "radius": 0.010245779608523586, "file": "/home/dylan-l/maude-hcs/use-cases/challenge-problem-3/cp3_scenarios/scenario1/pwnd_cp3_scenario_1-quatex.maude", "line": 353, "column": 1, "nsims": 250, "discarded": 0}, {"mean": 0.05107187140884144, "std": 0.08229291794578301, "radius": 0.010250771959804983, "file": "/home/dylan-l/maude-hcs/use-cases/challenge-problem-3/cp3_scenarios/scenario1/pwnd_cp3_scenario_1-quatex.maude", "line": 354, "column": 1, "nsims": 250, "discarded": 0}, {"mean": 0.05848719400790076, "std": 0.12957407810674307, "radius": 0.01614032361143473, "file": "/home/dylan-l/maude-hcs/use-cases/challenge-problem-3/cp3_scenarios/scenario1/pwnd_cp3_scenario_1-quatex.maude", "line": 355, "column": 1, "nsims": 250, "discarded": 0}, {"mean": 0.08670808748638045, "std": 0.15981746295338972, "radius": 0.019907574173139753, "file": "/home/dylan-l/maude-hcs/use-cases/challenge-problem-3/cp3_scenarios/scenario1/pwnd_cp3_scenario_1-quatex.maude", "line": 356, "column": 1, "nsims": 250, "discarded": 0}, {"mean": 0.025177879978557853, "std": 0.04767561267288747, "radius": 0.005938686411335366, "file": "/home/dylan-l/maude-hcs/use-cases/challenge-problem-3/cp3_scenarios/scenario1/pwnd_cp3_scenario_1-quatex.maude", "line": 357, "column": 1, "nsims": 250, "discarded": 0}, {"mean": 0.1673798717691748, "std": 0.2310262976738335, "radius": 0.028777663416100153, "file": "/home/dylan-l/maude-hcs/use-cases/challenge-problem-3/cp3_scenarios/scenario1/pwnd_cp3_scenario_1-quatex.maude", "line": 358, "column": 1, "nsims": 250, "discarded": 0}, {"mean": 0.1732996929328184, "std": 0.24702866959575215, "radius": 0.03077099005321911, "file": "/home/dylan-l/maude-hcs/use-cases/challenge-problem-3/cp3_scenarios/scenario1/pwnd_cp3_scenario_1-quatex.maude", "line": 359, "column": 1, "nsims": 250, "discarded": 0}, {"mean": 0.013040323256561664, "std": 0.0638457143440686, "radius": 0.0079529062122099, "file": "/home/dylan-l/maude-hcs/use-cases/challenge-problem-3/cp3_scenarios/scenario1/pwnd_cp3_scenario_1-quatex.maude", "line": 360, "column": 1, "nsims": 250, "discarded": 0}, {"mean": 0.014979107956209577, "std": 0.0706693171691727, "radius": 0.008802884536596287, "file": "/home/dylan-l/maude-hcs/use-cases/challenge-problem-3/cp3_scenarios/scenario1/pwnd_cp3_scenario_1-quatex.maude", "line": 361, "column": 1, "nsims": 250, "discarded": 0}, {"mean": 0.13993364748719167, "std": 0.18694355684963132, "radius": 0.023286521106019527, "file": "/home/dylan-l/maude-hcs/use-cases/challenge-problem-3/cp3_scenarios/scenario1/pwnd_cp3_scenario_1-quatex.maude", "line": 362, "column": 1, "nsims": 250, "discarded": 0}, {"mean": 0.1400522851335979, "std": 0.18708450674602414, "radius": 0.02330407845216483, "file": "/home/dylan-l/maude-hcs/use-cases/challenge-problem-3/cp3_scenarios/scenario1/pwnd_cp3_scenario_1-quatex.maude", "line": 363, "column": 1, "nsims": 250, "discarded": 0}, {"mean": 0.13743551287098324, "std": 0.2334991646272266, "radius": 0.029085694724977434, "file": "/home/dylan-l/maude-hcs/use-cases/challenge-problem-3/cp3_scenarios/scenario1/pwnd_cp3_scenario_1-quatex.maude", "line": 364, "column": 1, "nsims": 250, "discarded": 0}, {"mean": 0.1526848264265228, "std": 0.24805435768923298, "radius": 0.03089875432517124, "file": "/home/dylan-l/maude-hcs/use-cases/challenge-problem-3/cp3_scenarios/scenario1/pwnd_cp3_scenario_1-quatex.maude", "line": 365, "column": 1, "nsims": 250, "discarded": 0}, {"mean": 0.0078040500363844925, "std": 0.047151504679804196, "radius": 0.0058734011880923745, "file": "/home/dylan-l/maude-hcs/use-cases/challenge-problem-3/cp3_scenarios/scenario1/pwnd_cp3_scenario_1-quatex.maude", "line": 366, "column": 1, "nsims": 250, "discarded": 0}, {"mean": 0.04868915872193832, "std": 0.0873289635053923, "radius": 0.010878084198809004, "file": "/home/dylan-l/maude-hcs/use-cases/challenge-problem-3/cp3_scenarios/scenario1/pwnd_cp3_scenario_1-quatex.maude", "line": 367, "column": 1, "nsims": 250, "discarded": 0}, {"mean": 0.05626285478005637, "std": 0.10582563857164748, "radius": 0.013182112332113378, "file": "/home/dylan-l/maude-hcs/use-cases/challenge-problem-3/cp3_scenarios/scenario1/pwnd_cp3_scenario_1-quatex.maude", "line": 368, "column": 1, "nsims": 250, "discarded": 0}, {"mean": 0.03756053753580578, "std": 0.06499257961615107, "radius": 0.008095764852615412, "file": "/home/dylan-l/maude-hcs/use-cases/challenge-problem-3/cp3_scenarios/scenario1/pwnd_cp3_scenario_1-quatex.maude", "line": 369, "column": 1, "nsims": 250, "discarded": 0}, {"mean": 0.023556677094629795, "std": 0.045802791845314536, "radius": 0.005705399517344422, "file": "/home/dylan-l/maude-hcs/use-cases/challenge-problem-3/cp3_scenarios/scenario1/pwnd_cp3_scenario_1-quatex.maude", "line": 370, "column": 1, "nsims": 250, "discarded": 0}, {"mean": 0.04649162344986367, "std": 0.07574818225246997, "radius": 0.009435530565964165, "file": "/home/dylan-l/maude-hcs/use-cases/challenge-problem-3/cp3_scenarios/scenario1/pwnd_cp3_scenario_1-quatex.maude", "line": 371, "column": 1, "nsims": 250, "discarded": 0}, {"mean": 0.046474290669753636, "std": 0.07578577277723084, "radius": 0.009440213008959161, "file": "/home/dylan-l/maude-hcs/use-cases/challenge-problem-3/cp3_scenarios/scenario1/pwnd_cp3_scenario_1-quatex.maude", "line": 372, "column": 1, "nsims": 250, "discarded": 0}, {"mean": 0.05388445080003864, "std": 0.12094718594482953, "radius": 0.015065719544875001, "file": "/home/dylan-l/maude-hcs/use-cases/challenge-problem-3/cp3_scenarios/scenario1/pwnd_cp3_scenario_1-quatex.maude", "line": 373, "column": 1, "nsims": 250, "discarded": 0}, {"mean": 0.08172952980168695, "std": 0.15089203885962407, "radius": 0.0187957836410551, "file": "/home/dylan-l/maude-hcs/use-cases/challenge-problem-3/cp3_scenarios/scenario1/pwnd_cp3_scenario_1-quatex.maude", "line": 374, "column": 1, "nsims": 250, "discarded": 0}, {"mean": 0.022909708570034375, "std": 0.04432417303263089, "radius": 0.005521216180033628, "file": "/home/dylan-l/maude-hcs/use-cases/challenge-problem-3/cp3_scenarios/scenario1/pwnd_cp3_scenario_1-quatex.maude", "line": 375, "column": 1, "nsims": 250, "discarded": 0}, {"mean": 0.1635061886978459, "std": 0.2199381170710411, "radius": 0.0273964703116918, "file": "/home/dylan-l/maude-hcs/use-cases/challenge-problem-3/cp3_scenarios/scenario1/pwnd_cp3_scenario_1-quatex.maude", "line": 376, "column": 1, "nsims": 250, "discarded": 0}, {"mean": 0.1657505410890244, "std": 0.2404579106476448, "radius": 0.029952507086990206, "file": "/home/dylan-l/maude-hcs/use-cases/challenge-problem-3/cp3_scenarios/scenario1/pwnd_cp3_scenario_1-quatex.maude", "line": 377, "column": 1, "nsims": 250, "discarded": 0}, {"mean": 0.015068653933550811, "std": 0.06828043315173528, "radius": 0.008505314515840585, "file": "/home/dylan-l/maude-hcs/use-cases/challenge-problem-3/cp3_scenarios/scenario1/pwnd_cp3_scenario_1-quatex.maude", "line": 378, "column": 1, "nsims": 250, "discarded": 0}, {"mean": 0.011906831079681103, "std": 0.05982731926956111, "radius": 0.007452357044901017, "file": "/home/dylan-l/maude-hcs/use-cases/challenge-problem-3/cp3_scenarios/scenario1/pwnd_cp3_scenario_1-quatex.maude", "line": 379, "column": 1, "nsims": 250, "discarded": 0}, {"mean": 0.13711083189071466, "std": 0.18004940953384194, "radius": 0.0224277554460387, "file": "/home/dylan-l/maude-hcs/use-cases/challenge-problem-3/cp3_scenarios/scenario1/pwnd_cp3_scenario_1-quatex.maude", "line": 380, "column": 1, "nsims": 250, "discarded": 0}, {"mean": 0.13732117344169137, "std": 0.17984868605446158, "radius": 0.022402752436478848, "file": "/home/dylan-l/maude-hcs/use-cases/challenge-problem-3/cp3_scenarios/scenario1/pwnd_cp3_scenario_1-quatex.maude", "line": 381, "column": 1, "nsims": 250, "discarded": 0}, {"mean": 0.14520236142863116, "std": 0.2449110887004077, "radius": 0.030507214756310616, "file": "/home/dylan-l/maude-hcs/use-cases/challenge-problem-3/cp3_scenarios/scenario1/pwnd_cp3_scenario_1-quatex.maude", "line": 382, "column": 1, "nsims": 250, "discarded": 0}, {"mean": 0.14105292252796872, "std": 0.23379619112253247, "radius": 0.029122693666628847, "file": "/home/dylan-l/maude-hcs/use-cases/challenge-problem-3/cp3_scenarios/scenario1/pwnd_cp3_scenario_1-quatex.maude", "line": 383, "column": 1, "nsims": 250, "discarded": 0}, {"mean": 0.006203035388246353, "std": 0.04496378621489364, "radius": 0.005600889243494329, "file": "/home/dylan-l/maude-hcs/use-cases/challenge-problem-3/cp3_scenarios/scenario1/pwnd_cp3_scenario_1-quatex.maude", "line": 384, "column": 1, "nsims": 250, "discarded": 0}, {"mean": 3.4713584146456826, "std": 3.7531576453293365, "radius": 0.46751001315589075, "file": "/home/dylan-l/maude-hcs/use-cases/challenge-problem-3/cp3_scenarios/scenario1/pwnd_cp3_scenario_1-quatex.maude", "line": 385, "column": 1, "nsims": 250, "discarded": 0}, {"mean": 3.4713584146456826, "std": 3.7531576453293365, "radius": 0.46751001315589075, "file": "/home/dylan-l/maude-hcs/use-cases/challenge-problem-3/cp3_scenarios/scenario1/pwnd_cp3_scenario_1-quatex.maude", "line": 386, "column": 1, "nsims": 250, "discarded": 0}, {"mean": 3.615667516395909, "std": 3.866121979865649, "radius": 0.48158135321562434, "file": "/home/dylan-l/maude-hcs/use-cases/challenge-problem-3/cp3_scenarios/scenario1/pwnd_cp3_scenario_1-quatex.maude", "line": 387, "column": 1, "nsims": 250, "discarded": 0}, {"mean": 5.38266680385995, "std": 8.391819875015988, "radius": 1.045322416726337, "file": "/home/dylan-l/maude-hcs/use-cases/challenge-problem-3/cp3_scenarios/scenario1/pwnd_cp3_scenario_1-quatex.maude", "line": 388, "column": 1, "nsims": 250, "discarded": 0}, {"mean": 3.67556579266089, "std": 3.9297739101091893, "radius": 0.4895101208181757, "file": "/home/dylan-l/maude-hcs/use-cases/challenge-problem-3/cp3_scenarios/scenario1/pwnd_cp3_scenario_1-quatex.maude", "line": 389, "column": 1, "nsims": 250, "discarded": 0}, {"mean": 14.156448128540024, "std": 29.16981434643643, "radius": 3.6335218441539068, "file": "/home/dylan-l/maude-hcs/use-cases/challenge-problem-3/cp3_scenarios/scenario1/pwnd_cp3_scenario_1-quatex.maude", "line": 390, "column": 1, "nsims": 250, "discarded": 0}, {"mean": 3.669480294732655, "std": 3.912501290011319, "radius": 0.48735856641724584, "file": "/home/dylan-l/maude-hcs/use-cases/challenge-problem-3/cp3_scenarios/scenario1/pwnd_cp3_scenario_1-quatex.maude", "line": 391, "column": 1, "nsims": 250, "discarded": 0}, {"mean": 24.73726169774269, "std": 47.838607728588855, "radius": 5.958989800597507, "file": "/home/dylan-l/maude-hcs/use-cases/challenge-problem-3/cp3_scenarios/scenario1/pwnd_cp3_scenario_1-quatex.maude", "line": 392, "column": 1, "nsims": 250, "discarded": 0}, {"mean": 3.669767869947237, "std": 3.904968764147496, "radius": 0.48642028148533645, "file": "/home/dylan-l/maude-hcs/use-cases/challenge-problem-3/cp3_scenarios/scenario1/pwnd_cp3_scenario_1-quatex.maude", "line": 393, "column": 1, "nsims": 250, "discarded": 0}, {"mean": 31.22597314500629, "std": 68.19334819611974, "radius": 8.494466826350067, "file": "/home/dylan-l/maude-hcs/use-cases/challenge-problem-3/cp3_scenarios/scenario1/pwnd_cp3_scenario_1-quatex.maude", "line": 394, "column": 1, "nsims": 250, "discarded": 0}, {"mean": 3.7088792618646056, "std": 3.9420368557483885, "radius": 0.49103764788175286, "file": "/home/dylan-l/maude-hcs/use-cases/challenge-problem-3/cp3_scenarios/scenario1/pwnd_cp3_scenario_1-quatex.maude", "line": 395, "column": 1, "nsims": 250, "discarded": 0}, {"mean": 35.93002255937748, "std": 60.688463443728175, "radius": 7.559624994248941, "file": "/home/dylan-l/maude-hcs/use-cases/challenge-problem-3/cp3_scenarios/scenario1/pwnd_cp3_scenario_1-quatex.maude", "line": 396, "column": 1, "nsims": 250, "discarded": 0}, {"mean": 3.6926012818669802, "std": 3.9225960040542716, "radius": 0.48861600890727785, "file": "/home/dylan-l/maude-hcs/use-cases/challenge-problem-3/cp3_scenarios/scenario1/pwnd_cp3_scenario_1-quatex.maude", "line": 397, "column": 1, "nsims": 250, "discarded": 0}, {"mean": 37.789690123986965, "std": 74.5884829042056, "radius": 9.29107325593386, "file": "/home/dylan-l/maude-hcs/use-cases/challenge-problem-3/cp3_scenarios/scenario1/pwnd_cp3_scenario_1-quatex.maude", "line": 398, "column": 1, "nsims": 250, "discarded": 0}, {"mean": 3.7108249032653475, "std": 3.941807989180506, "radius": 0.4910091392438876, "file": "/home/dylan-l/maude-hcs/use-cases/challenge-problem-3/cp3_scenarios/scenario1/pwnd_cp3_scenario_1-quatex.maude", "line": 399, "column": 1, "nsims": 250, "discarded": 0}, {"mean": 39.89978445523332, "std": 68.76288015804924, "radius": 8.56541026123235, "file": "/home/dylan-l/maude-hcs/use-cases/challenge-problem-3/cp3_scenarios/scenario1/pwnd_cp3_scenario_1-quatex.maude", "line": 400, "column": 1, "nsims": 250, "discarded": 0}, {"mean": 3.7019385537093705, "std": 3.9333163603636616, "radius": 0.4899513841813423, "file": "/home/dylan-l/maude-hcs/use-cases/challenge-problem-3/cp3_scenarios/scenario1/pwnd_cp3_scenario_1-quatex.maude", "line": 401, "column": 1, "nsims": 250, "discarded": 0}, {"mean": 40.507396379675896, "std": 65.56836673435174, "radius": 8.167487457590447, "file": "/home/dylan-l/maude-hcs/use-cases/challenge-problem-3/cp3_scenarios/scenario1/pwnd_cp3_scenario_1-quatex.maude", "line": 402, "column": 1, "nsims": 250, "discarded": 0}, {"mean": 3.7172817533674802, "std": 3.944484616684118, "radius": 0.4913425518733796, "file": "/home/dylan-l/maude-hcs/use-cases/challenge-problem-3/cp3_scenarios/scenario1/pwnd_cp3_scenario_1-quatex.maude", "line": 403, "column": 1, "nsims": 250, "discarded": 0}, {"mean": 47.02621351190233, "std": 74.4856595328076, "radius": 9.278265119357226, "file": "/home/dylan-l/maude-hcs/use-cases/challenge-problem-3/cp3_scenarios/scenario1/pwnd_cp3_scenario_1-quatex.maude", "line": 404, "column": 1, "nsims": 250, "discarded": 0}, {"mean": 3.6984150738682096, "std": 3.9227772597289414, "radius": 0.4886385869204756, "file": "/home/dylan-l/maude-hcs/use-cases/challenge-problem-3/cp3_scenarios/scenario1/pwnd_cp3_scenario_1-quatex.maude", "line": 405, "column": 1, "nsims": 250, "discarded": 0}, {"mean": 46.40162620603931, "std": 71.75392059626652, "radius": 8.937987564602738, "file": "/home/dylan-l/maude-hcs/use-cases/challenge-problem-3/cp3_scenarios/scenario1/pwnd_cp3_scenario_1-quatex.maude", "line": 406, "column": 1, "nsims": 250, "discarded": 0}, {"mean": 3.695190712314069, "std": 3.919254936740545, "radius": 0.4881998306991126, "file": "/home/dylan-l/maude-hcs/use-cases/challenge-problem-3/cp3_scenarios/scenario1/pwnd_cp3_scenario_1-quatex.maude", "line": 407, "column": 1, "nsims": 250, "discarded": 0}, {"mean": 46.76243793272489, "std": 82.7209198619949, "radius": 10.30408578256113, "file": "/home/dylan-l/maude-hcs/use-cases/challenge-problem-3/cp3_scenarios/scenario1/pwnd_cp3_scenario_1-quatex.maude", "line": 408, "column": 1, "nsims": 250, "discarded": 0}]}
